date,open,high,low,close,volume
2010-03-30,2.22,2.27,2.22,2.22,783200
2010-03-31,2.25,2.25,2.1,2.22,967000
2010-04-01,2.25,2.5,2.25,2.45,3302800
2010-04-05,2.51,2.67,2.5,2.52,2309000
2010-04-06,2.58,2.6,2.54,2.55,661000
2010-04-07,2.6,2.6,2.52,2.53,1639300
2010-04-08,2.53,2.53,2.28,2.42,1694300
2010-04-09,2.45,2.53,2.4,2.45,1420600
2010-04-12,2.43,2.49,2.43,2.48,898300
2010-04-13,2.5,2.5,2.43,2.44,299300
2010-04-14,2.44,2.45,2.35,2.39,432600
2010-04-15,2.35,2.41,2.2,2.38,795400
2010-04-16,2.42,2.56,2.34,2.5,2469800
2010-04-19,2.44,2.5,2.36,2.5,963200
2010-04-20,2.46,2.51,2.46,2.5,726200
2010-04-21,2.5,2.56,2.4,2.4,1050300
2010-04-22,2.38,2.45,2.37,2.44,736400
2010-04-23,2.45,2.5,2.45,2.5,504800
2010-04-26,2.5,2.5,2.42,2.44,578200
2010-04-27,2.46,2.46,2.39,2.44,774100
2010-04-28,2.42,2.43,2.35,2.35,347400
2010-04-29,2.34,2.35,2.25,2.25,1156100
2010-04-30,2.25,2.31,2.22,2.23,743000
2010-05-03,2.21,2.28,2.21,2.25,621700
2010-05-04,2.24,2.24,2.09,2.17,1030500
2010-05-05,2.13,2.23,2.11,2.2,339300
2010-05-06,2.21,2.21,1.75,2.04,1079000
2010-05-07,2.06,2.11,1.95,1.95,1080800
2010-05-10,2.17,2.17,2.1,2.16,1011600
2010-05-11,2.18,2.2,2.12,2.14,383900
2010-05-12,2.16,2.19,2.14,2.14,270800
2010-05-13,2.24,2.24,2.1,2.16,1206900
2010-05-14,2.16,2.16,2.06,2.09,785700
2010-05-17,2.08,2.13,1.9,1.98,664600
2010-05-18,1.98,2.07,1.82,1.92,440600
2010-05-19,1.93,1.93,1.72,1.72,2610500
2010-05-20,1.6,1.67,1.4,1.56,2818200
2010-05-21,1.5,1.76,1.46,1.7,1536900
2010-05-25,1.69,1.76,1.6,1.75,1165800
2010-05-26,1.89,1.9,1.8,1.88,1782600
2010-05-27,1.9,1.97,1.84,1.85,933200
2010-05-28,1.9,1.93,1.77,1.77,484600
2010-05-31,1.82,1.88,1.77,1.82,270500
2010-06-01,1.82,1.85,1.79,1.79,534500
2010-06-02,1.77,1.81,1.71,1.81,583200
2010-06-03,1.81,1.9,1.8,1.81,751100
2010-06-04,1.8,1.83,1.75,1.76,379100
2010-06-07,1.8,1.8,1.74,1.75,118900
2010-06-08,1.78,1.78,1.63,1.73,554900
2010-06-09,1.75,1.83,1.7,1.83,1226900
2010-06-10,1.84,1.9,1.81,1.88,234800
2010-06-11,1.85,1.89,1.84,1.88,73400
2010-06-14,1.85,1.96,1.85,1.93,208600
2010-06-15,1.93,1.99,1.92,1.95,258600
2010-06-16,1.91,1.99,1.91,1.91,79500
2010-06-17,1.97,1.98,1.9,1.91,70500
2010-06-18,1.91,1.92,1.87,1.92,152600
2010-06-21,1.95,1.95,1.78,1.83,1862500
2010-06-22,1.89,1.89,1.78,1.79,259200
2010-06-23,1.78,1.78,1.74,1.75,2657600
2010-06-24,1.77,1.77,1.75,1.76,196200
2010-06-25,1.79,1.79,1.75,1.77,91200
2010-06-28,1.77,1.77,1.75,1.76,139700
2010-06-29,1.75,1.75,1.64,1.65,506900
2010-06-30,1.71,1.74,1.68,1.69,607000
2010-07-02,1.69,1.69,1.64,1.64,57200
2010-07-05,1.67,1.67,1.6,1.6,103200
2010-07-06,1.65,1.72,1.62,1.66,261400
2010-07-07,1.73,1.91,1.69,1.89,1998100
2010-07-08,1.95,1.98,1.83,1.85,1929400
2010-07-09,1.85,1.86,1.83,1.85,516300
2010-07-12,1.9,1.9,1.87,1.9,290000
2010-07-13,1.94,1.94,1.88,1.93,486600
2010-07-15,1.93,1.93,1.9,1.9,111100
2010-07-19,1.91,1.92,1.9,1.91,171400
2010-07-20,1.95,2.23,1.94,2.15,2394500
2010-07-21,2.29,2.43,2.24,2.32,5027400
2010-07-22,2.45,2.46,2.39,2.41,2105000
2010-07-23,2.43,2.45,2.4,2.45,1263700
2010-07-26,2.46,2.5,2.44,2.45,1357400
2010-07-27,2.47,2.47,2.28,2.34,2370800
2010-07-28,2.38,2.38,2.3,2.34,809900
2010-07-29,2.33,2.39,2.31,2.31,750300
2010-07-30,2.31,2.32,2.17,2.19,722300
2010-08-03,2.35,2.35,2.2,2.21,491200
2010-08-04,2.2,2.3,2.17,2.3,1141600
2010-08-05,2.15,2.29,2.15,2.2,847100
2010-08-06,2.18,2.26,2.18,2.24,1008600
2010-08-09,2.27,2.34,2.27,2.32,454300
2010-08-10,2.29,2.31,2.24,2.25,421300
2010-08-11,2.27,2.27,2.15,2.2,500300
2010-08-12,2.15,2.23,2.15,2.21,1612100
2010-08-13,2.21,2.22,2.18,2.2,362900
2010-08-16,2.2,2.22,2.18,2.21,181300
2010-08-17,2.22,2.27,2.2,2.26,795700
2010-08-18,2.26,2.27,2.23,2.25,176700
2010-08-19,2.23,2.25,2.18,2.23,819000
2010-08-20,2.2,2.22,2.19,2.2,154400
2010-08-23,2.24,2.24,2.16,2.19,1245900
2010-08-24,2.2,2.2,2.15,2.17,3089700
2010-08-25,2.13,2.17,2.13,2.17,419000
2010-08-26,2.24,2.26,2.2,2.24,2357000
2010-08-27,2.25,2.33,2.23,2.28,1106000
2010-08-30,2.28,2.33,2.28,2.31,814400
2010-08-31,2.29,2.31,2.26,2.26,532400
2010-09-01,2.33,2.33,2.29,2.29,1094100
2010-09-02,2.3,2.31,2.29,2.31,353800
2010-09-03,2.29,2.32,2.29,2.32,463800
2010-09-07,2.31,2.38,2.31,2.37,575500
2010-09-08,2.39,2.42,2.36,2.42,774900
2010-09-09,2.42,2.58,2.42,2.5,2707100
2010-09-10,2.55,2.55,2.47,2.47,697200
2010-09-13,2.5,2.53,2.49,2.51,3717800
2010-09-14,2.49,2.54,2.49,2.5,524100
2010-09-15,2.52,2.52,2.49,2.5,283000
2010-09-16,2.52,2.52,2.5,2.51,1141800
2010-09-17,2.53,2.57,2.51,2.57,684700
2010-09-20,2.55,2.79,2.55,2.73,2909700
2010-09-21,2.79,2.79,2.68,2.75,1662800
2010-09-22,2.75,2.86,2.71,2.84,1737900
2010-09-23,2.82,2.85,2.78,2.81,5760600
2010-09-24,2.8,2.85,2.8,2.85,439500
2010-09-27,2.86,2.99,2.85,2.93,1249500
2010-09-28,2.95,3.05,2.89,2.91,1976700
2010-09-29,2.96,2.98,2.91,2.94,641800
2010-09-30,2.95,2.96,2.72,2.88,2236100
2010-10-01,2.9,2.91,2.82,2.85,562600
2010-10-04,2.83,2.85,2.76,2.8,730700
2010-10-05,2.8,2.9,2.8,2.87,2101700
2010-10-06,2.94,3.25,2.93,3.11,5629100
2010-10-07,3.15,3.15,3.03,3.08,2251300
2010-10-08,3.07,3.2,3.03,3.19,2807300
2010-10-12,3.21,3.34,3.21,3.33,1582000
2010-10-13,3.37,3.49,3.35,3.42,2810800
2010-10-14,3.42,3.47,3.33,3.33,1421800
2010-10-15,3.4,3.4,3.27,3.34,1397700
2010-10-18,3.4,3.44,3.33,3.42,850300
2010-10-19,3.41,3.45,3.33,3.39,1139800
2010-10-20,3.45,3.48,3.41,3.45,1196000
2010-10-21,3.44,3.68,3.43,3.67,3897900
2010-10-22,3.75,3.77,3.67,3.77,3648000
2010-10-25,3.82,3.85,3.71,3.72,2292000
2010-10-26,3.79,3.79,3.66,3.71,644400
2010-10-27,3.64,3.7,3.57,3.67,1150700
2010-10-28,3.73,3.75,3.68,3.71,4049400
2010-10-29,3.74,3.77,3.68,3.77,3687400
2010-11-01,3.83,3.83,3.76,3.78,2849500
2010-11-02,3.83,3.84,3.77,3.8,2067000
2010-11-03,3.83,3.89,3.77,3.84,3055400
2010-11-04,4.06,4.09,3.84,3.88,7542500
2010-11-05,3.93,3.93,3.67,3.79,2568700
2010-11-08,3.8,3.82,3.64,3.67,4336200
2010-11-09,3.65,3.65,3.35,3.43,3629400
2010-11-10,3.39,3.6,3.39,3.56,1745200
2010-11-11,3.59,3.59,3.38,3.44,1404300
2010-11-12,3.4,3.43,3.31,3.39,805000
2010-11-15,3.47,3.56,3.4,3.5,707000
2010-11-16,3.52,3.52,3.32,3.37,1346000
2010-11-17,3.4,3.5,3.39,3.4,901000
2010-11-18,3.5,3.55,3.47,3.53,3012700
2010-11-19,3.53,3.65,3.49,3.65,926000
2010-11-22,3.7,3.72,3.62,3.65,2156800
2010-11-23,3.65,3.68,3.61,3.67,1675400
2010-11-24,3.7,3.74,3.66,3.67,1106800
2010-11-25,3.71,3.74,3.68,3.71,382800
2010-11-26,3.7,3.73,3.69,3.72,602200
2010-11-29,3.75,3.75,3.59,3.74,1226900
2010-11-30,3.7,3.76,3.68,3.74,3287500
2010-12-01,3.75,3.77,3.7,3.77,2094100
2010-12-02,3.75,3.89,3.75,3.83,2752800
2010-12-03,3.75,3.88,3.71,3.8,5310800
2010-12-06,3.89,3.9,3.79,3.87,4062100
2010-12-07,3.92,3.93,3.82,3.86,3058700
2010-12-08,3.85,3.88,3.77,3.83,1085400
2010-12-09,3.88,3.88,3.77,3.82,3625100
2010-12-10,3.81,3.85,3.77,3.82,1416700
2010-12-13,3.85,3.86,3.61,3.76,2231000
2010-12-14,3.75,3.75,3.68,3.69,1606400
2010-12-15,3.69,3.72,3.64,3.67,1866900
2010-12-16,3.65,3.74,3.65,3.7,4785100
2010-12-17,3.71,3.71,3.49,3.51,11269600
2010-12-20,3.5,3.55,3.5,3.51,909400
2010-12-21,3.54,3.64,3.51,3.61,1140500
2010-12-22,3.61,3.66,3.6,3.63,612800
2010-12-23,3.6,3.62,3.58,3.58,757300
2010-12-24,3.59,3.59,3.5,3.54,342300
2010-12-29,3.59,3.59,3.39,3.46,1882600
2010-12-30,3.44,3.48,3.43,3.43,318200
2010-12-31,3.45,3.47,3.42,3.45,518600
2011-01-04,3.5,3.51,3.41,3.44,1303500
2011-01-05,3.42,3.51,3.4,3.48,1887200
2011-01-06,3.48,3.59,3.48,3.54,14971900
2011-01-07,3.55,3.66,3.55,3.63,2430000
2011-01-10,3.63,3.65,3.51,3.6,2032700
2011-01-11,3.61,3.72,3.59,3.7,3610800
2011-01-12,3.72,3.72,3.51,3.53,2825900
2011-01-13,3.52,3.55,3.39,3.43,3480400
2011-01-14,3.4,3.4,3.35,3.39,2140800
2011-01-17,3.36,3.41,3.35,3.38,747200
2011-01-18,3.41,3.46,3.26,3.26,8763000
2011-01-19,3.22,3.25,3.09,3.13,10230100
2011-01-20,3.1,3.1,2.98,3.08,3880200
2011-01-21,3.08,3.11,2.98,3.01,3805000
2011-01-24,3.04,3.09,3.03,3.08,1816900
2011-01-25,3.1,3.1,3.06,3.07,2518300
2011-01-26,3.13,3.18,3.1,3.16,5200900
2011-01-27,3.2,3.31,3.18,3.3,6276200
2011-01-28,3.3,3.34,3.18,3.21,1707600
2011-01-31,3.18,3.22,3.16,3.18,870100
2011-02-01,3.21,3.28,3.06,3.1,3175100
2011-02-02,3.1,3.12,3.02,3.07,1348100
2011-02-03,3.07,3.23,3.07,3.18,2455400
2011-02-04,3.19,3.25,3.16,3.24,982500
2011-02-07,3.28,3.31,3.21,3.26,2177200
2011-02-08,3.31,3.33,3.24,3.28,1884300
2011-02-09,3.37,3.5,3.35,3.42,5440200
2011-02-10,3.48,3.48,3.31,3.39,2489200
2011-02-11,3.43,3.45,3.35,3.45,2425400
2011-02-14,3.5,3.5,3.39,3.39,1422200
2011-02-15,3.39,3.4,3.25,3.27,1772800
2011-02-16,3.22,3.3,3.22,3.26,3811800
2011-02-17,3.23,3.31,3.21,3.27,2806200
2011-02-18,3.35,3.37,3.26,3.27,2139700
2011-02-22,3.24,3.24,3.04,3.04,4098100
2011-02-23,3.06,3.1,2.88,2.92,3359000
2011-02-24,2.89,2.93,2.76,2.86,3475700
2011-02-25,2.88,2.88,2.73,2.77,26059500
2011-02-28,2.8,2.88,2.79,2.84,1298800
2011-03-01,2.89,2.89,2.79,2.85,3573500
2011-03-02,2.83,2.9,2.82,2.84,1092200
2011-03-03,2.84,2.89,2.83,2.86,1614400
2011-03-04,2.88,2.88,2.79,2.83,1252700
2011-03-07,2.83,2.83,2.59,2.65,3032500
2011-03-08,2.65,2.7,2.61,2.62,3751500
2011-03-09,2.61,2.73,2.61,2.69,941900
2011-03-10,2.69,2.73,2.6,2.71,3117200
2011-03-11,2.67,2.83,2.67,2.8,873600
2011-03-14,2.78,2.78,2.7,2.78,393000
2011-03-15,2.75,2.76,2.66,2.76,2388800
2011-03-16,2.75,2.77,2.7,2.72,983300
2011-03-17,2.75,2.75,2.58,2.6,3611200
2011-03-18,2.7,2.71,2.65,2.71,1917300
2011-03-21,2.75,2.77,2.7,2.7,1569500
2011-03-22,2.7,2.74,2.66,2.67,416400
2011-03-23,2.66,2.69,2.59,2.59,812300
2011-03-24,2.62,2.62,2.47,2.49,1637700
2011-03-25,2.5,2.53,2.48,2.48,4064900
2011-03-28,2.5,2.53,2.48,2.5,1077200
2011-03-29,2.53,2.53,2.45,2.45,1064200
2011-03-30,2.45,2.45,2.39,2.43,2244200
2011-03-31,2.43,2.46,2.42,2.45,661000
2011-04-01,2.47,2.5,2.43,2.44,1542200
2011-04-04,2.44,2.47,2.38,2.41,1509000
2011-04-05,2.4,2.41,2.29,2.31,1667800
2011-04-06,2.33,2.33,2.29,2.3,1252500
2011-04-07,2.28,2.3,2.2,2.28,2138100
2011-04-08,2.28,2.29,2.17,2.2,3364900
2011-04-11,2.18,2.32,2.18,2.28,1969500
2011-04-12,2.31,2.37,2.26,2.32,4111600
2011-04-13,2.39,2.45,2.37,2.44,949600
2011-04-14,2.47,2.49,2.38,2.41,1230100
2011-04-15,2.41,2.44,2.33,2.34,963100
2011-04-18,2.32,2.41,2.31,2.4,468400
2011-04-19,2.41,2.47,2.38,2.45,1436500
2011-04-20,2.47,2.47,2.41,2.45,1786600
2011-04-21,2.45,2.46,2.42,2.44,748700
2011-04-25,2.44,2.44,2.4,2.4,270400
2011-04-26,2.39,2.43,2.37,2.38,216000
2011-04-27,2.4,2.4,2.36,2.36,206000
2011-04-28,2.36,2.39,2.31,2.33,416000
2011-04-29,2.31,2.37,2.3,2.3,235000
2011-05-02,2.34,2.34,2.28,2.29,195100
2011-05-03,2.3,2.32,2.23,2.25,579700
2011-05-04,2.26,2.27,2.18,2.26,1381300
2011-05-05,2.29,2.4,2.2,2.35,2254800
2011-05-06,2.38,2.47,2.37,2.4,2120300
2011-05-09,2.42,2.42,2.3,2.37,2349300
2011-05-10,2.38,2.44,2.33,2.43,2400000
2011-05-11,2.43,2.45,2.37,2.38,1453300
2011-05-12,2.37,2.39,2.35,2.38,914000
2011-05-13,2.37,2.39,2.36,2.38,976000
2011-05-16,2.38,2.42,2.31,2.4,2000000
2011-05-17,2.41,2.45,2.36,2.43,2183300
2011-05-18,2.45,2.45,2.39,2.39,1669400
2011-05-19,2.42,2.42,2.34,2.34,1062500
2011-05-20,2.34,2.4,2.33,2.4,1486500
2011-05-24,2.38,2.4,2.29,2.32,1500000
2011-05-25,2.32,2.34,2.27,2.29,492600
2011-05-26,2.3,2.32,2.25,2.26,931900
2011-05-27,2.28,2.3,2.26,2.27,744000
2011-05-30,2.29,2.3,2.28,2.28,349000
2011-05-31,2.29,2.29,2.24,2.26,805600
2011-06-01,2.28,2.28,2.13,2.15,857900
2011-06-02,2.17,2.19,2.13,2.13,802900
2011-06-03,2.13,2.17,2.11,2.15,818000
2011-06-06,2.16,2.17,2.05,2.1,1001200
2011-06-07,2.08,2.09,2.02,2.02,1000000
2011-06-08,2.02,2.02,1.97,1.99,1710000
2011-06-09,2,2.01,1.99,2,1196900
2011-06-10,1.99,2.01,1.93,1.94,998800
2011-06-13,1.94,1.94,1.78,1.79,2873100
2011-06-14,1.77,1.91,1.74,1.89,4164900
2011-06-15,1.91,2.04,1.91,2.01,2722900
2011-06-16,2.03,2.19,1.96,2.17,4047300
2011-06-17,2.24,2.29,2.22,2.23,3071900
2011-06-20,2.26,2.26,2.1,2.12,970300
2011-06-21,2.14,2.18,2.08,2.12,383800
2011-06-22,2.13,2.18,2.1,2.18,245400
2011-06-23,2.18,2.28,2.15,2.27,976100
2011-06-24,2.29,2.3,2.21,2.29,609400
2011-06-27,2.3,2.32,2.21,2.31,567500
2011-06-28,2.33,2.33,2.24,2.26,831100
2011-06-29,2.28,2.31,2.25,2.28,442000
2011-06-30,2.27,2.32,2.27,2.31,608000
2011-07-04,2.33,2.38,2.3,2.38,456800
2011-07-05,2.38,2.38,2.31,2.35,631000
2011-07-06,2.37,2.37,2.32,2.36,437400
2011-07-07,2.38,2.38,2.33,2.37,238600
2011-07-08,2.38,2.38,2.33,2.35,210400
2011-07-11,2.31,2.37,2.29,2.34,884800
2011-07-12,2.31,2.33,2.3,2.31,144900
2011-07-13,2.3,2.35,2.3,2.35,286600
2011-07-14,2.35,2.35,2.31,2.34,224400
2011-07-15,2.35,2.38,2.35,2.37,545600
2011-07-18,2.38,2.43,2.34,2.35,896200
2011-07-19,2.34,2.35,2.33,2.34,121100
2011-07-20,2.33,2.4,2.33,2.39,276100
2011-07-21,2.4,2.4,2.32,2.32,643400
2011-07-22,2.34,2.34,2.27,2.32,259400
2011-07-25,2.29,2.32,2.23,2.24,252400
2011-07-26,2.26,2.26,2.15,2.19,451400
2011-07-27,2.18,2.2,2.15,2.15,828500
2011-07-28,2.14,2.18,2.14,2.14,692700
2011-07-29,2.13,2.14,2.11,2.13,287300
2011-08-02,2.16,2.28,2.06,2.07,822400
2011-08-03,2.08,2.17,2.06,2.11,358200
2011-08-04,2.15,2.16,2,2.01,750400
2011-08-05,1.98,2.1,1.9,2,930500
2011-08-08,1.86,2,1.82,1.91,2771800
2011-08-09,1.95,1.97,1.83,1.91,1578700
2011-08-10,1.94,1.94,1.8,1.82,891500
2011-08-11,1.83,1.87,1.83,1.86,2759400
2011-08-12,1.92,1.92,1.85,1.9,304400
2011-08-15,1.94,1.98,1.93,1.97,313100
2011-08-16,1.99,2,1.93,1.94,571900
2011-08-17,1.96,1.96,1.92,1.93,160700
2011-08-18,1.9,1.94,1.84,1.85,418100
2011-08-19,1.79,1.86,1.78,1.8,986600
2011-08-22,1.84,1.85,1.68,1.69,2097400
2011-08-23,1.73,1.73,1.7,1.71,979600
2011-08-24,1.71,1.73,1.67,1.69,987300
2011-08-25,1.7,1.78,1.68,1.68,452400
2011-08-26,1.68,1.71,1.64,1.7,454300
2011-08-29,1.71,1.72,1.68,1.7,215600
2011-08-30,1.69,1.71,1.64,1.65,934300
2011-08-31,1.66,1.73,1.65,1.72,865100
2011-09-01,1.73,1.73,1.66,1.67,942100
2011-09-02,1.66,1.67,1.63,1.65,304000
2011-09-06,1.62,1.65,1.61,1.64,204300
2011-09-07,1.64,1.66,1.61,1.66,885300
2011-09-08,1.67,1.71,1.65,1.7,279600
2011-09-09,1.68,1.7,1.63,1.66,508900
2011-09-12,1.65,1.69,1.62,1.65,1183300
2011-09-13,1.65,1.66,1.6,1.6,816100
2011-09-14,1.6,1.62,1.56,1.57,940500
2011-09-15,1.58,1.63,1.56,1.57,626800
2011-09-16,1.56,1.63,1.56,1.62,2461300
2011-09-19,1.63,1.64,1.57,1.59,1323100
2011-09-20,1.59,1.74,1.58,1.7,972400
2011-09-21,1.74,1.76,1.52,1.53,1473500
2011-09-22,1.5,1.57,1.44,1.46,1561800
2011-09-23,1.45,1.45,1.35,1.38,2040500
2011-09-26,1.41,1.41,1.26,1.31,2287100
2011-09-27,1.35,1.41,1.35,1.41,1231700
2011-09-28,1.42,1.43,1.32,1.32,1012700
2011-09-29,1.35,1.43,1.33,1.37,544300
2011-09-30,1.37,1.49,1.35,1.48,587000
2011-10-03,1.45,1.47,1.3,1.32,383900
2011-10-04,1.31,1.31,1.18,1.24,3100000
2011-10-05,1.26,1.33,1.25,1.33,820000
2011-10-06,1.35,1.42,1.33,1.41,1200000
2011-10-07,1.43,1.43,1.35,1.41,1600000
2011-10-11,1.39,1.39,1.31,1.38,386000
2011-10-12,1.39,1.42,1.38,1.39,324000
2011-10-13,1.39,1.39,1.33,1.37,418000
2011-10-14,1.38,1.39,1.33,1.34,864000
2011-10-17,1.35,1.36,1.33,1.35,315000
2011-10-18,1.37,1.42,1.3,1.39,604200
2011-10-19,1.41,1.43,1.37,1.4,416000
2011-10-20,1.4,1.41,1.36,1.37,298300
2011-10-21,1.4,1.4,1.35,1.37,324800
2011-10-24,1.39,1.39,1.32,1.34,997700
2011-10-25,1.36,1.36,1.33,1.34,192000
2011-10-26,1.36,1.39,1.32,1.32,815000
2011-10-27,1.36,1.39,1.34,1.37,983800
2011-10-28,1.39,1.42,1.37,1.39,1286600
2011-10-31,1.39,1.44,1.39,1.44,1022100
2011-11-01,1.4,1.42,1.36,1.36,791700
2011-11-02,1.38,1.39,1.35,1.37,1172900
2011-11-03,1.37,1.4,1.37,1.4,232500
2011-11-04,1.38,1.41,1.35,1.36,437500
2011-11-07,1.38,1.39,1.37,1.38,330500
2011-11-08,1.39,1.39,1.35,1.36,725300
2011-11-09,1.35,1.35,1.31,1.33,270800
2011-11-10,1.35,1.35,1.31,1.33,176200
2011-11-11,1.33,1.34,1.31,1.33,188000
2011-11-14,1.34,1.37,1.3,1.37,284000
2011-11-15,1.36,1.36,1.3,1.31,1091800
2011-11-16,1.31,1.33,1.24,1.26,1100000
2011-11-17,1.25,1.26,1.22,1.23,212300
2011-11-18,1.26,1.26,1.21,1.21,311000
2011-11-21,1.2,1.2,1.11,1.18,1845100
2011-11-22,1.17,1.18,1.12,1.16,569900
2011-11-23,1.16,1.16,1.08,1.09,396900
2011-11-24,1.1,1.1,1.08,1.08,163200
2011-11-25,1.08,1.1,1.07,1.07,229100
2011-11-28,1.06,1.1,1.01,1.03,1049200
2011-11-29,1.04,1.04,1,1.04,561900
2011-11-30,1.08,1.11,1.04,1.07,799700
2011-12-01,1.07,1.07,1.04,1.07,148300
2011-12-02,1.08,1.1,1.07,1.1,374300
2011-12-05,1.16,1.16,1.07,1.08,756700
2011-12-06,1.05,1.08,1.03,1.04,1034600
2011-12-07,1.03,1.12,0.99,1.06,3029100
2011-12-08,1.06,1.06,1.02,1.04,497600
2011-12-09,1.04,1.11,1.04,1.08,573300
2011-12-12,1.07,1.11,1.06,1.11,435000
2011-12-13,1.11,1.11,1.06,1.08,702000
2011-12-14,1.05,1.05,1.03,1.05,616100
2011-12-15,1.03,1.06,1.02,1.04,385000
2011-12-16,1.04,1.09,1,1.01,10622000
2011-12-19,1.03,1.07,1,1,678300
2011-12-20,1.01,1.05,0.96,0.98,1279400
2011-12-21,0.99,1.02,0.99,1,524900
2011-12-22,1,1.02,0.99,1,385000
2011-12-23,0.99,1.03,0.99,1.02,353100
2011-12-28,1.03,1.03,0.99,1,179100
2011-12-29,0.98,1.03,0.98,1,227600
2011-12-30,1.01,1.02,0.98,0.99,935800
2012-01-03,1.02,1.03,1.01,1.02,242600
2012-01-04,1.03,1.04,1.03,1.03,242100
2012-01-05,1.05,1.08,1.04,1.07,332500
2012-01-06,1.08,1.09,1.06,1.08,2301900
2012-01-09,1.09,1.12,1.08,1.11,1003800
2012-01-10,1.13,1.14,1.09,1.12,891400
2012-01-11,1.12,1.12,1.08,1.1,241000
2012-01-12,1.08,1.1,1.07,1.08,217400
2012-01-13,1.08,1.08,1.04,1.06,231900
2012-01-16,1.06,1.06,1.04,1.04,144400
2012-01-17,1.05,1.05,1.01,1.02,217300
2012-01-18,1.02,1.02,1,1.02,340800
2012-01-19,1.02,1.02,0.97,0.99,1259500
2012-01-20,1,1,0.97,0.97,795700
2012-01-23,0.98,0.98,0.97,0.98,359900
2012-01-24,0.98,0.98,0.95,0.96,484000
2012-01-25,0.97,0.98,0.95,0.98,557900
2012-01-26,1,1.07,0.98,1.04,6194100
2012-01-27,1.05,1.06,1.04,1.06,671600
2012-01-30,1.06,1.07,1.04,1.07,261800
2012-01-31,1.07,1.08,1.06,1.07,449500
2012-02-01,1.09,1.16,1.08,1.16,1242600
2012-02-02,1.16,1.28,1.15,1.27,2350500
2012-02-03,1.32,1.36,1.31,1.36,2099200
2012-02-06,1.4,1.43,1.39,1.41,701600
2012-02-07,1.43,1.43,1.33,1.34,880200
2012-02-08,1.34,1.34,1.27,1.31,703700
2012-02-09,1.17,1.25,1.15,1.15,6494500
2012-02-10,1.1,1.1,1.03,1.09,4161300
2012-02-13,1.09,1.09,1.02,1.04,1252100
2012-02-14,1.06,1.06,1.03,1.04,2637400
2012-02-15,1.03,1.06,1.02,1.03,4925300
2012-02-16,1.04,1.04,1.01,1.02,912000
2012-02-17,1.04,1.05,1.02,1.03,807500
2012-02-21,1.04,1.06,1.02,1.02,660700
2012-02-22,1.03,1.04,1.02,1.02,866100
2012-02-23,1.02,1.04,0.99,1,2063600
2012-02-24,1.02,1.02,0.99,1.01,608900
2012-02-27,1.01,1.01,1,1.01,116000
2012-02-28,1.02,1.02,0.99,1,305800
2012-02-29,1,1,0.96,0.98,724000
2012-03-01,0.99,0.99,0.96,0.96,1007000
2012-03-02,0.97,0.97,0.93,0.94,1287500
2012-03-05,0.94,0.97,0.93,0.97,900500
2012-03-06,0.97,0.97,0.95,0.97,469800
2012-03-07,0.96,0.96,0.93,0.93,497800
2012-03-08,0.95,0.95,0.93,0.94,451600
2012-03-09,0.96,0.97,0.92,0.95,1696100
2012-03-12,0.98,0.98,0.92,0.92,532500
2012-03-13,0.94,0.94,0.93,0.93,240800
2012-03-14,0.94,0.95,0.92,0.93,561100
2012-03-15,0.93,0.93,0.9,0.92,983900
2012-03-16,0.92,0.95,0.9,0.92,448500
2012-03-19,0.91,0.92,0.9,0.91,196800
2012-03-20,0.91,0.92,0.88,0.88,996900
2012-03-21,0.9,0.91,0.84,0.85,1688500
2012-03-22,0.87,0.87,0.78,0.82,1094000
2012-03-23,0.8,0.84,0.78,0.82,1737800
2012-03-26,0.83,0.9,0.83,0.9,663500
2012-03-27,0.94,0.97,0.93,0.95,2700000
2012-03-28,0.98,1,0.97,0.98,1310000
2012-03-29,1,1,0.98,1,948400
2012-03-30,1,1.01,0.91,0.94,571100
2012-04-02,0.95,0.97,0.93,0.93,127500
2012-04-03,0.93,0.95,0.83,0.91,970700
2012-04-04,0.89,0.9,0.86,0.9,426100
2012-04-05,0.9,0.91,0.85,0.86,677000
2012-04-09,0.86,0.94,0.85,0.87,1000000
2012-04-10,0.88,0.9,0.88,0.9,144500
2012-04-11,0.88,0.89,0.87,0.87,138300
2012-04-12,0.86,0.87,0.85,0.86,87400
2012-04-13,0.85,0.89,0.85,0.86,214600
2012-04-16,0.87,0.89,0.86,0.86,153000
2012-04-17,0.86,0.87,0.84,0.85,278700
2012-04-18,0.84,0.88,0.82,0.82,823300
2012-04-19,0.83,0.86,0.83,0.84,575600
2012-04-20,0.85,0.87,0.84,0.85,509800
2012-04-23,0.86,0.86,0.84,0.84,69700
2012-04-24,0.84,0.85,0.83,0.83,157200
2012-04-25,0.84,0.84,0.82,0.84,242200
2012-04-26,0.83,0.83,0.82,0.83,77500
2012-04-27,0.88,0.96,0.87,0.96,2015900
2012-04-30,1,1,0.97,1,600000
2012-05-01,1,1,0.97,0.98,232700
2012-05-02,0.98,0.99,0.95,0.96,124800
2012-05-03,0.96,0.96,0.9,0.92,216000
2012-05-04,0.92,0.98,0.92,0.96,824100
2012-05-07,0.96,0.96,0.94,0.94,904500
2012-05-08,0.96,0.96,0.9,0.9,212800
2012-05-09,0.9,0.91,0.89,0.9,134000
2012-05-10,0.93,0.93,0.9,0.9,381000
2012-05-11,0.91,0.92,0.9,0.9,248800
2012-05-14,0.91,0.91,0.86,0.86,259000
2012-05-15,0.89,0.89,0.85,0.86,214300
2012-05-16,0.86,0.87,0.85,0.87,91000
2012-05-17,0.88,0.88,0.84,0.85,315700
2012-05-18,0.83,0.85,0.83,0.84,145000
2012-05-22,0.84,0.87,0.84,0.85,405000
2012-05-23,0.86,0.86,0.84,0.84,163100
2012-05-24,0.88,0.88,0.87,0.87,288300
2012-05-25,0.88,0.88,0.85,0.87,121600
2012-05-28,0.88,0.89,0.86,0.87,89100
2012-05-29,0.88,0.88,0.86,0.86,119800
2012-05-30,0.86,0.89,0.86,0.87,1883700
2012-05-31,0.88,0.91,0.88,0.91,1038100
2012-06-01,0.9,0.9,0.88,0.88,277200
2012-06-04,0.88,0.89,0.86,0.87,144300
2012-06-05,0.88,0.9,0.87,0.9,510700
2012-06-06,0.9,0.91,0.89,0.91,695300
2012-06-07,0.92,0.94,0.9,0.93,339700
2012-06-08,0.93,0.97,0.93,0.95,530800
2012-06-11,0.94,0.98,0.93,0.98,350100
2012-06-12,0.98,0.99,0.97,0.98,149600
2012-06-13,0.99,1,0.99,0.99,551400
2012-06-14,1,1,0.97,0.99,430700
2012-06-15,0.99,0.99,0.97,0.99,216900
2012-06-18,0.99,1.06,0.99,1.01,1006400
2012-06-19,1.04,1.04,1,1,573800
2012-06-20,1.01,1.01,0.99,1,373700
2012-06-21,1.01,1.01,0.96,1,212600
2012-06-22,1,1,0.98,1,97800
2012-06-25,0.98,0.99,0.97,0.98,334200
2012-06-26,0.97,1.01,0.97,1.01,842900
2012-06-27,1,1.01,0.99,0.99,186900
2012-06-28,0.99,0.99,0.98,0.98,20000
2012-06-29,1,1.02,0.98,0.98,605600
2012-07-03,1,1,0.99,1,147600
2012-07-04,1,1.01,0.98,1.01,191400
2012-07-05,1,1,0.99,0.99,70900
2012-07-06,1,1.03,0.99,1.01,976600
2012-07-09,1.01,1.04,1,1.03,437400
2012-07-10,1.04,1.04,1,1,287600
2012-07-11,1,1.02,1,1.01,121600
2012-07-12,1.01,1.01,1,1.01,122400
2012-07-13,1.01,1.01,0.99,1.01,515500
2012-07-16,1.02,1.03,0.99,1,476800
2012-07-17,1.02,1.02,0.96,0.98,444200
2012-07-18,0.99,0.99,0.98,0.98,80300
2012-07-19,1,1,0.99,1,425200
2012-07-20,1.01,1.03,1.01,1.03,387900
2012-07-23,1.04,1.04,1.03,1.03,144900
2012-07-24,1.03,1.04,1.02,1.04,213100
2012-07-25,1.05,1.08,1.04,1.07,677600
2012-07-26,1.09,1.09,1.01,1.07,559800
2012-07-27,1.07,1.09,1.07,1.09,200000
2012-07-30,1.09,1.1,1.08,1.08,360600
2012-07-31,1.15,1.21,1.12,1.14,1886300
2012-08-01,1.17,1.2,1.14,1.17,980400
2012-08-02,1.17,1.18,1.15,1.15,411100
2012-08-03,1.18,1.18,1.15,1.16,105000
2012-08-07,1.18,1.18,1.15,1.15,173400
2012-08-08,1.12,1.12,1.04,1.06,713500
2012-08-09,1.02,1.08,1.02,1.06,751500
2012-08-10,1.05,1.06,1.05,1.05,214500
2012-08-13,1.04,1.06,1.04,1.06,167500
2012-08-14,1.08,1.1,1.07,1.09,393000
2012-08-15,1.09,1.09,1.07,1.07,315000
2012-08-16,1.06,1.08,1.06,1.06,247100
2012-08-17,1.06,1.08,1.06,1.07,341200
2012-08-20,1.07,1.07,1.05,1.07,154900
2012-08-21,1.06,1.08,1.06,1.08,15400
2012-08-22,1.06,1.07,1.06,1.06,695000
2012-08-23,1.06,1.07,1.05,1.06,35000
2012-08-24,1.06,1.07,1.06,1.07,49700
2012-08-27,1.06,1.06,1.04,1.04,94300
2012-08-28,1.04,1.06,1.04,1.05,132000
2012-08-29,1.03,1.05,1.03,1.04,150300
2012-08-30,1.04,1.07,1.04,1.07,172800
2012-08-31,1.06,1.08,1.06,1.08,278900
2012-09-04,1.06,1.07,1.06,1.07,122100
2012-09-05,1.06,1.07,1.05,1.07,104500
2012-09-06,1.07,1.1,1.06,1.06,1229000
2012-09-07,1.07,1.09,1.07,1.07,1381800
2012-09-10,1.07,1.09,1.07,1.07,333800
2012-09-11,1.07,1.14,1.07,1.13,1982100
2012-09-12,1.12,1.15,1.12,1.12,794500
2012-09-13,1.12,1.17,1.12,1.17,1889400
2012-09-14,1.18,1.2,1.15,1.17,1281900
2012-09-17,1.18,1.18,1.14,1.15,521900
2012-09-18,1.15,1.21,1.15,1.16,1015800
2012-09-19,1.16,1.26,1.16,1.23,3212900
2012-09-20,1.24,1.24,1.2,1.23,396300
2012-09-21,1.25,1.32,1.25,1.28,2524600
2012-09-24,1.27,1.31,1.27,1.28,1139500
2012-09-25,1.34,1.34,1.26,1.26,605600
2012-09-26,1.26,1.26,1.23,1.24,249300
2012-09-27,1.24,1.29,1.24,1.27,718300
2012-09-28,1.28,1.28,1.26,1.27,1182900
2012-10-01,1.27,1.31,1.27,1.31,356500
2012-10-02,1.33,1.35,1.31,1.35,1080800
2012-10-03,1.35,1.46,1.35,1.42,3248200
2012-10-04,1.46,1.47,1.42,1.45,3118300
2012-10-05,1.47,1.47,1.39,1.4,1211800
2012-10-09,1.39,1.4,1.34,1.35,783800
2012-10-10,1.36,1.43,1.34,1.4,4457800
2012-10-11,1.44,1.53,1.4,1.47,12750800
2012-10-12,1.49,1.52,1.41,1.41,1009500
2012-10-15,1.48,1.48,1.42,1.46,2124300
2012-10-16,1.47,1.52,1.47,1.51,2797600
2012-10-17,1.52,1.53,1.49,1.52,1694400
2012-10-18,1.55,1.62,1.49,1.62,4321800
2012-10-19,1.65,1.79,1.62,1.79,2768300
2012-10-22,1.84,1.96,1.84,1.91,5781300
2012-10-23,1.89,1.89,1.79,1.88,3076700
2012-10-24,1.9,1.92,1.87,1.88,1100000
2012-10-25,1.91,1.91,1.76,1.81,2172900
2012-10-26,1.78,1.84,1.78,1.78,1718300
2012-10-29,1.72,1.74,1.64,1.68,1048100
2012-10-30,1.65,1.81,1.63,1.8,1152000
2012-10-31,1.81,1.84,1.75,1.77,973900
2012-11-01,1.8,1.8,1.73,1.79,541500
2012-11-02,1.8,1.8,1.76,1.76,903500
2012-11-05,1.76,1.8,1.76,1.8,332100
2012-11-06,1.82,1.91,1.82,1.91,1703700
2012-11-07,1.91,1.91,1.85,1.89,1164900
2012-11-08,1.94,2.01,1.89,1.91,4149500
2012-11-09,1.93,1.95,1.89,1.95,972000
2012-11-12,1.92,1.95,1.91,1.91,286000
2012-11-13,1.89,1.92,1.75,1.82,2108100
2012-11-14,1.84,1.88,1.82,1.85,4619000
2012-11-15,1.83,1.85,1.76,1.81,1094300
2012-11-16,1.78,1.81,1.75,1.8,847000
2012-11-19,1.83,1.85,1.82,1.84,654200
2012-11-20,1.84,1.9,1.83,1.9,1373800
2012-11-21,1.89,1.9,1.86,1.87,1277500
2012-11-22,1.85,1.88,1.83,1.84,193100
2012-11-23,1.85,1.85,1.82,1.84,624600
2012-11-26,1.81,1.81,1.78,1.8,517600
2012-11-27,1.81,1.83,1.79,1.79,386200
2012-11-28,1.78,1.81,1.77,1.77,487600
2012-11-29,1.78,1.82,1.78,1.8,281200
2012-11-30,1.79,1.82,1.78,1.81,322000
2012-12-03,1.8,1.81,1.78,1.78,553600
2012-12-04,1.83,1.84,1.79,1.8,606300
2012-12-05,1.81,1.81,1.78,1.78,2047600
2012-12-06,1.8,1.82,1.79,1.79,586200
2012-12-07,1.81,1.81,1.77,1.77,780100
2012-12-10,1.76,1.78,1.68,1.69,499400
2012-12-11,1.69,1.69,1.59,1.62,773600
2012-12-12,1.62,1.67,1.6,1.65,952100
2012-12-13,1.63,1.73,1.63,1.7,519900
2012-12-14,1.73,1.79,1.68,1.75,688800
2012-12-17,1.75,1.78,1.7,1.7,1114500
2012-12-18,1.72,1.84,1.71,1.83,2103000
2012-12-19,1.85,1.87,1.74,1.78,1208800
2012-12-20,1.76,1.8,1.72,1.8,422400
2012-12-21,1.76,1.79,1.76,1.77,308600
2012-12-24,1.78,1.78,1.76,1.77,120100
2012-12-27,1.75,1.78,1.75,1.76,195900
2012-12-28,1.75,1.78,1.74,1.76,215800
2012-12-31,1.76,1.76,1.73,1.75,177700
2013-01-02,1.78,1.78,1.75,1.78,779000
2013-01-03,1.78,1.78,1.77,1.78,145700
2013-01-04,1.78,1.78,1.77,1.77,89000
2013-01-07,1.8,1.89,1.8,1.86,1169600
2013-01-08,1.88,1.99,1.88,1.99,2820400
2013-01-09,1.99,2.14,1.99,2.14,3690400
2013-01-10,2.15,2.18,2.11,2.12,1744900
2013-01-11,2.11,2.13,2.09,2.09,1890400
2013-01-14,2.09,2.15,2.09,2.15,759500
2013-01-15,2.15,2.3,2.14,2.3,3723700
2013-01-16,2.3,2.32,2.23,2.29,2843600
2013-01-17,2.31,2.36,2.3,2.36,1522700
2013-01-18,2.39,2.41,2.33,2.4,1847900
2013-01-21,2.44,2.47,2.42,2.44,2283200
2013-01-22,2.47,2.47,2.4,2.4,3615500
2013-01-23,2.4,2.4,2.33,2.33,1723200
2013-01-24,2.24,2.35,2.06,2.25,2578400
2013-01-25,2.25,2.44,2.22,2.44,896500
2013-01-28,2.47,2.5,2.45,2.5,820600
2013-01-29,2.49,2.51,2.38,2.44,1899600
2013-01-30,2.43,2.44,2.38,2.39,775200
2013-01-31,2.37,2.45,2.35,2.44,608600
2013-02-01,2.47,2.51,2.45,2.48,1408000
2013-02-04,2.48,2.48,2.42,2.43,471600
2013-02-05,2.47,2.47,2.42,2.45,767300
2013-02-06,2.46,2.48,2.43,2.45,1067100
2013-02-07,2.48,2.5,2.35,2.44,2989200
2013-02-08,2.44,2.44,2.3,2.35,2179700
2013-02-11,2.35,2.35,2.22,2.27,589000
2013-02-12,2.26,2.34,2.26,2.34,503500
2013-02-13,2.34,2.35,2.3,2.35,362500
2013-02-14,2.33,2.33,2.25,2.31,1577700
2013-02-15,2.31,2.41,2.28,2.4,1685700
2013-02-19,2.39,2.47,2.38,2.45,1099200
2013-02-20,2.44,2.48,2.42,2.43,539700
2013-02-21,2.41,2.43,2.31,2.32,1080200
2013-02-22,2.33,2.36,2.27,2.34,803500
2013-02-25,2.33,2.39,2.31,2.37,1100200
2013-02-26,2.38,2.39,2.36,2.36,687200
2013-02-27,2.36,2.43,2.36,2.43,1159500
2013-02-28,2.43,2.44,2.4,2.41,396100
2013-03-01,2.4,2.44,2.4,2.43,479800
2013-03-04,2.42,2.46,2.42,2.45,447200
2013-03-05,2.45,2.59,2.45,2.59,2536900
2013-03-06,2.57,2.65,2.56,2.64,1466400
2013-03-07,2.65,2.73,2.62,2.65,1464300
2013-03-08,2.7,2.72,2.65,2.67,385500
2013-03-11,2.66,2.66,2.58,2.63,440000
2013-03-12,2.59,2.64,2.56,2.57,419500
2013-03-13,2.73,2.76,2.62,2.65,1706900
2013-03-14,2.67,2.7,2.58,2.69,1001400
2013-03-15,2.73,2.75,2.66,2.75,801600
2013-03-18,2.71,2.73,2.69,2.72,426500
2013-03-19,2.73,2.82,2.73,2.82,892900
2013-03-20,2.82,2.9,2.8,2.9,3000900
2013-03-21,2.9,2.91,2.88,2.89,295400
2013-03-22,2.94,2.94,2.89,2.93,392700
2013-03-25,2.95,2.98,2.94,2.98,607400
2013-03-26,3,3.13,3,3.13,1738700
2013-03-27,3.12,3.12,3.05,3.07,3033200
2013-03-28,3.08,3.08,2.98,3.03,1912300
2013-04-01,3,3.19,3,3.16,1944700
2013-04-02,3.22,3.4,3.2,3.3,2963000
2013-04-03,3.34,3.36,3.15,3.27,2213400
2013-04-04,3.2,3.33,3.18,3.26,4687300
2013-04-05,3.12,3.17,3.01,3.13,1868200
2013-04-08,3.13,3.22,3.08,3.18,925200
2013-04-09,3.21,3.26,3.18,3.22,1141100
2013-04-10,3.24,3.25,3.18,3.18,1533500
2013-04-11,3.17,3.27,3.17,3.25,2529100
2013-04-12,3.25,3.28,3.24,3.25,1403100
2013-04-15,3.29,3.29,3.15,3.19,1182300
2013-04-16,3.23,3.28,3.2,3.26,2089500
2013-04-17,3.25,3.25,3.11,3.12,1575200
2013-04-18,3.08,3.1,2.83,3.01,2484500
2013-04-19,2.99,3.04,2.96,3,829400
2013-04-22,2.78,2.85,2.46,2.62,5528900
2013-04-23,2.55,2.89,2.54,2.89,4441000
2013-04-24,2.91,3.03,2.88,2.94,4697600
2013-04-25,2.96,2.98,2.86,2.9,731400
2013-04-26,2.89,2.92,2.85,2.9,327300
2013-04-29,2.92,2.92,2.87,2.9,701000
2013-04-30,2.9,3,2.85,3,1922400
2013-05-01,2.99,3,2.87,2.89,907900
2013-05-02,2.91,2.92,2.86,2.88,699600
2013-05-03,2.78,2.78,2.67,2.7,4633100
2013-05-06,2.7,2.71,2.5,2.51,2053900
2013-05-07,2.4,2.46,2.21,2.32,9315200
2013-05-08,2.25,2.43,2.25,2.36,1891000
2013-05-09,2.35,2.36,2.23,2.25,1420700
2013-05-10,2.25,2.3,2.01,2.17,4555700
2013-05-13,2.16,2.16,1.96,2,4378500
2013-05-14,1.97,2.26,1.96,2.22,3376200
2013-05-15,2.23,2.32,2.12,2.16,4675700
2013-05-16,2.18,2.25,2.1,2.18,1954700
2013-05-17,2.19,2.24,2.17,2.21,1814700
2013-05-21,2.2,2.22,2.1,2.11,3838600
2013-05-22,2.13,2.15,2.06,2.07,1508600
2013-05-23,2.05,2.06,2,2.05,886800
2013-05-24,2.03,2.06,2.03,2.06,302200
2013-05-27,2.07,2.09,2.06,2.08,357100
2013-05-28,2.1,2.12,2.02,2.02,851400
2013-05-29,2.03,2.04,1.99,2.02,910800
2013-05-30,2.03,2.05,2.01,2.03,1147800
2013-05-31,2.03,2.05,2.02,2.05,1784700
2013-06-03,2,2.06,2,2.02,719300
2013-06-04,2.01,2.07,2,2.06,3500000
2013-06-05,2.06,2.26,2.04,2.23,8300100
2013-06-06,2.23,2.33,2.21,2.26,2238700
2013-06-07,2.35,2.37,2.2,2.27,4194800
2013-06-10,2.32,2.38,2.24,2.28,1212900
2013-06-11,2.31,2.36,2.22,2.35,11950300
2013-06-12,2.4,2.45,2.39,2.41,4340700
2013-06-13,2.4,2.48,2.36,2.44,766700
2013-06-14,2.45,2.5,2.45,2.48,819600
2013-06-17,2.5,2.58,2.46,2.57,4908200
2013-06-18,2.6,2.68,2.59,2.62,2676300
2013-06-19,2.65,2.66,2.58,2.61,1263800
2013-06-20,2.52,2.56,2.43,2.44,1125600
2013-06-21,2.44,2.54,2.3,2.43,1083800
2013-06-24,2.35,2.4,2.3,2.37,494200
2013-06-25,2.43,2.59,2.41,2.56,2056000
2013-06-26,2.62,2.65,2.48,2.53,774800
2013-06-27,2.49,2.55,2.43,2.45,1980300
2013-06-28,2.47,2.47,2.36,2.41,1650600
2013-07-02,2.41,2.46,2.38,2.4,1898600
2013-07-03,2.39,2.46,2.36,2.44,1134700
2013-07-04,2.45,2.47,2.43,2.45,127300
2013-07-05,2.46,2.47,2.4,2.44,712300
2013-07-08,2.44,2.45,2.38,2.39,1254100
2013-07-09,2.41,2.41,2.38,2.39,1436400
2013-07-10,2.43,2.43,2.35,2.38,1405900
2013-07-11,2.37,2.41,2.24,2.28,2367500
2013-07-12,2.31,2.36,2.25,2.36,754800
2013-07-15,2.36,2.36,2.32,2.34,344600
2013-07-16,2.34,2.35,2.26,2.3,1088300
2013-07-17,2.29,2.31,2.26,2.27,793400
2013-07-18,2.27,2.28,2.26,2.28,1088100
2013-07-19,2.3,2.3,2.22,2.25,1199400
2013-07-22,2.25,2.25,2.15,2.17,1240300
2013-07-23,2.17,2.18,2.09,2.15,1559000
2013-07-24,2.16,2.23,2.12,2.21,1555400
2013-07-25,2.23,2.25,2.17,2.18,959600
2013-07-26,2.17,2.26,2.17,2.22,455000
2013-07-29,2.24,2.24,2.2,2.2,229400
2013-07-30,2.19,2.19,2.07,2.08,1951700
2013-07-31,2.07,2.19,2.07,2.18,1800800
2013-08-01,2.22,2.26,2.19,2.23,1603100
2013-08-02,2.23,2.25,2.15,2.18,478700
2013-08-06,2.15,2.2,2.12,2.12,684900
2013-08-07,2.4,2.72,2.4,2.65,10409700
2013-08-08,2.76,2.96,2.76,2.9,4728800
2013-08-09,2.9,2.92,2.79,2.82,1927300
2013-08-12,2.8,2.85,2.8,2.84,1003500
2013-08-13,2.84,2.84,2.77,2.78,1050600
2013-08-14,2.75,2.76,2.67,2.72,966200
2013-08-15,2.65,2.75,2.64,2.68,966300
2013-08-16,2.71,2.8,2.69,2.8,667900
2013-08-19,2.82,2.86,2.74,2.76,982900
2013-08-20,2.76,2.79,2.72,2.75,799400
2013-08-21,2.74,2.8,2.71,2.72,652800
2013-08-22,2.73,2.78,2.73,2.75,480900
2013-08-23,2.78,2.81,2.75,2.78,672200
2013-08-26,2.77,2.83,2.77,2.79,743000
2013-08-27,2.78,2.78,2.66,2.67,1764600
2013-08-28,2.67,2.69,2.64,2.66,799700
2013-08-29,2.65,2.8,2.65,2.8,1128300
2013-08-30,2.79,2.83,2.75,2.81,1077100
2013-09-03,2.81,2.83,2.76,2.82,1398600
2013-09-04,2.82,2.96,2.81,2.9,2567900
2013-09-05,2.91,2.97,2.91,2.94,2715300
2013-09-06,3,3.07,2.98,3.03,2413000
2013-09-09,3.04,3.12,3.04,3.11,1401500
2013-09-10,3.14,3.3,3.14,3.28,2849700
2013-09-11,3.3,3.39,3.08,3.17,3599300
2013-09-12,3.15,3.33,3.14,3.25,2030000
2013-09-13,3.26,3.4,3.23,3.28,4001600
2013-09-16,3.34,3.49,3.31,3.43,4723700
2013-09-17,3.48,3.51,3.4,3.43,2621700
2013-09-18,3.41,3.44,3.2,3.28,2923900
2013-09-19,3.29,3.34,3.24,3.28,1362200
2013-09-20,3.3,3.34,3.19,3.3,17574800
2013-09-23,3.3,3.38,3.24,3.33,2899100
2013-09-24,3.35,3.54,3.29,3.52,4320100
2013-09-25,3.57,3.7,3.52,3.7,4982800
2013-09-26,3.7,3.72,3.55,3.7,2063200
2013-09-27,3.7,3.7,3.56,3.62,3014300
2013-09-30,3.56,3.64,3.53,3.53,1779200
2013-10-01,3.51,3.75,3.45,3.75,4892800
2013-10-02,3.77,4.01,3.76,3.9,8594800
2013-10-03,3.99,3.99,3.85,3.97,3589800
2013-10-04,4.28,4.51,4.27,4.49,10333100
2013-10-07,4.5,4.75,4.44,4.66,6535500
2013-10-08,4.75,4.75,4.6,4.6,2994700
2013-10-09,4.58,4.72,4.52,4.69,1544300
2013-10-10,4.74,4.94,4.71,4.89,3916400
2013-10-11,4.95,4.98,4.9,4.96,2844300
2013-10-15,5,5.07,4.74,4.79,3100000
2013-10-16,4.73,5.01,4.67,4.99,2975200
2013-10-17,5.05,5.09,4.94,4.96,1863400
2013-10-18,5.01,5.22,4.94,5.19,3875300
2013-10-21,5.29,5.43,5.26,5.3,3804000
2013-10-22,5.31,5.39,5.26,5.33,2618000
2013-10-23,5.34,5.35,5.26,5.26,1204900
2013-10-24,5.25,5.32,5.22,5.29,1327400
2013-10-25,5.31,5.36,5.3,5.33,1568700
2013-10-28,5.35,5.38,5.32,5.33,1519400
2013-10-29,5.35,5.52,5.34,5.5,3527200
2013-10-30,5.54,5.8,5.54,5.72,5396700
2013-10-31,5.72,5.75,5.58,5.73,2708900
2013-11-01,5.77,5.9,5.75,5.88,3230700
2013-11-04,5.93,5.97,5.82,5.91,3322800
2013-11-05,5.94,5.98,5.7,5.83,2247000
2013-11-06,5.4,5.85,5.13,5.42,9813100
2013-11-07,5.45,5.68,5.37,5.59,4274500
2013-11-08,6.18,6.19,5.88,5.99,6734100
2013-11-11,6.07,6.61,6.01,6.6,5510100
2013-11-12,6.71,6.97,6.56,6.9,8872300
2013-11-13,6.8,7,6.67,6.96,5702300
2013-11-14,7,7.07,6.85,6.9,4323600
2013-11-15,6.81,6.89,6.72,6.81,2750600
2013-11-18,6.74,6.74,6.35,6.55,5637100
2013-11-19,6.45,6.79,6.41,6.56,3152900
2013-11-20,6.6,6.72,6.56,6.68,2116000
2013-11-21,6.75,6.98,6.7,6.98,3227500
2013-11-22,6.99,7.05,6.81,6.85,2248500
2013-11-25,6.86,6.93,6.79,6.89,2001400
2013-11-26,6.87,6.9,6.77,6.87,1414000
2013-11-27,6.8,7.05,6.8,7,2913200
2013-11-28,7.02,7.16,6.96,7.15,1496700
2013-11-29,7.24,7.59,7.18,7.56,3522000
2013-12-02,7.69,7.94,7.62,7.87,5120700
2013-12-03,7.77,7.84,7.6,7.73,3224100
2013-12-04,7.86,8,7.75,8,4185600
2013-12-05,7.95,7.95,7.76,7.78,2608800
2013-12-06,7.88,7.93,7.82,7.93,1289300
2013-12-09,7.78,7.81,7.62,7.71,2994000
2013-12-10,7.69,7.71,7.33,7.62,4460400
2013-12-11,7.6,7.79,7.47,7.68,3365700
2013-12-12,7.67,7.69,7.55,7.6,2412600
2013-12-13,7.6,7.62,7.45,7.5,3154300
2013-12-16,7.48,7.75,7.48,7.67,2071700
2013-12-17,7.61,7.64,7.53,7.59,1424300
2013-12-18,7.57,7.63,7.57,7.57,972800
2013-12-19,7.46,7.58,7.19,7.43,3095800
2013-12-20,7.28,7.59,7.26,7.59,2103500
2013-12-23,7.55,7.6,7.4,7.42,968400
2013-12-24,7.41,7.49,7.4,7.41,295200
2013-12-27,7.51,7.58,7.45,7.49,654800
2013-12-30,7.5,7.57,7.46,7.47,540600
2013-12-31,7.52,7.52,7.4,7.41,628600
2014-01-02,7.31,7.4,7.2,7.26,1183100
2014-01-03,7.24,7.52,7.2,7.5,1533500
2014-01-06,7.5,7.68,7.38,7.39,1118900
2014-01-07,7.39,7.56,7.32,7.36,1985500
2014-01-08,7.41,7.47,7.32,7.32,1712900
2014-01-09,7.3,7.97,7.25,7.95,8071900
2014-01-10,7.92,8.37,7.92,8.36,5710600
2014-01-13,8.5,8.94,8.5,8.8,5404400
2014-01-14,8.9,8.91,8.65,8.77,2325600
2014-01-15,8.81,8.98,8.67,8.98,2531100
2014-01-16,9.13,9.44,8.91,8.94,7968800
2014-01-17,8.91,9.12,8.65,9.07,3644300
2014-01-20,9.16,9.3,8.93,9.01,1556500
2014-01-21,9.1,9.14,8.77,8.95,3438700
2014-01-22,9.18,9.68,9.1,9.67,8306000
2014-01-23,9.71,9.9,9.42,9.54,4908800
2014-01-24,9.43,9.45,8.96,9.23,3572500
2014-01-27,9.1,9.24,8.33,8.7,5384700
2014-01-28,8.4,8.4,7.44,7.63,12384500
2014-01-29,7.27,7.48,6.73,7.17,11553200
2014-01-30,7.3,7.75,7.22,7.63,5608900
2014-01-31,7.45,7.85,7.28,7.81,4308400
2014-02-03,7.88,8.28,7.5,7.68,4807000
2014-02-04,7.68,7.85,7.47,7.56,2618100
2014-02-05,7.54,7.55,7.33,7.49,2169400
2014-02-06,7.74,7.84,7.64,7.77,2072100
2014-02-07,8.05,8.05,7.62,7.78,2500900
2014-02-10,7.75,7.8,7.64,7.77,818400
2014-02-11,7.86,8.09,7.79,7.82,3211700
2014-02-12,6.5,7.1,6.13,6.22,13661700
2014-02-13,6.25,6.35,5.9,5.94,7433500
2014-02-14,5.84,5.93,5.51,5.74,8229800
2014-02-18,5.75,5.75,5.56,5.6,2970600
2014-02-19,5.6,5.96,5.56,5.86,4761100
2014-02-20,5.96,6.12,5.88,5.97,4187400
2014-02-21,6.02,6.07,5.97,5.99,1879500
2014-02-24,6.05,6.08,5.97,6,1695700
2014-02-25,5.97,5.99,5.87,5.94,1093500
2014-02-26,5.91,6.08,5.85,6.04,1456100
2014-02-27,6.05,6.07,6,6.02,922700
2014-02-28,5.98,6.03,5.93,5.98,1569200
2014-03-03,5.76,5.91,5.71,5.81,2010800
2014-03-04,5.8,6,5.79,5.91,2281900
2014-03-05,5.95,6.05,5.88,6,1986200
2014-03-06,6.06,6.49,6.05,6.48,4196800
2014-03-07,6.72,6.73,6.38,6.39,3413800
2014-03-10,6.39,6.66,6.38,6.45,2303900
2014-03-11,6.55,6.55,6.05,6.05,2853300
2014-03-12,6.06,6.2,5.9,6.1,1494000
2014-03-13,5.96,6.03,5.75,5.75,3770400
2014-03-14,5.63,5.73,5.53,5.57,2623400
2014-03-17,5.6,5.74,5.57,5.64,2537700
2014-03-18,5.64,5.95,5.63,5.94,6316900
2014-03-19,6.09,6.17,5.97,6,3067900
2014-03-20,5.91,5.96,5.77,5.8,1769500
2014-03-21,5.78,5.9,5.7,5.7,1788100
2014-03-24,5.76,5.82,5.56,5.7,1218000
2014-03-25,5.77,5.8,5.61,5.62,1151200
2014-03-26,5.61,5.67,5.37,5.53,2066800
2014-03-27,5.48,5.48,5.22,5.35,3554800
2014-03-28,5.25,5.34,5.14,5.16,2590100
2014-03-31,5.25,5.56,5.25,5.53,3647800
2014-04-01,5.65,5.83,5.65,5.79,2612300
2014-04-02,5.85,5.98,5.8,5.9,2506500
2014-04-03,5.93,5.97,5.73,5.76,2291700
2014-04-04,6.75,7.35,6.75,7.3,15022600
2014-04-07,7.2,7.35,7.05,7.13,5944000
2014-04-08,7.15,7.63,7.14,7.59,5327300
2014-04-09,7.75,7.75,7.46,7.47,3723000
2014-04-10,7.44,7.57,7.29,7.3,2874700
2014-04-11,7.24,7.29,7.08,7.15,2108300
2014-04-14,7.32,7.45,7.31,7.39,2504800
2014-04-15,7.4,7.54,7.11,7.27,2640600
2014-04-16,7.46,7.49,7.34,7.4,2107500
2014-04-17,7.42,7.44,7.3,7.3,1057500
2014-04-21,7.21,7.5,7.2,7.43,1458200
2014-04-22,7.43,7.47,7.37,7.39,1475600
2014-04-23,7.45,7.83,7.45,7.7,2668600
2014-04-24,7.81,7.81,7.54,7.6,1501800
2014-04-25,7.53,7.58,7.38,7.56,1215100
2014-04-28,7.5,7.57,7.31,7.4,1405700
2014-04-29,7.39,7.77,7.38,7.76,1917600
2014-04-30,7.61,7.94,7.54,7.58,2330900
2014-05-01,7.6,7.78,7.58,7.74,805300
2014-05-02,7.73,7.89,7.73,7.85,1241800
2014-05-05,7.79,7.83,7.7,7.82,994600
2014-05-06,8,8.34,7.97,8.29,3314500
2014-05-07,8.31,8.31,8.11,8.25,1509600
2014-05-08,8.2,8.47,8.15,8.36,2258700
2014-05-09,8.3,8.35,8.05,8.1,1907700
2014-05-12,8,8.19,7.97,7.97,1876700
2014-05-13,7.95,8.3,7.83,8.28,2005400
2014-05-14,8.24,8.35,8.16,8.22,1241100
2014-05-15,8,8.33,7.73,7.91,6781500
2014-05-16,8.01,8.22,8.01,8.07,1922700
2014-05-20,8.15,8.3,8.05,8.1,1551600
2014-05-21,8.18,8.25,7.89,7.89,2102100
2014-05-22,8,8.19,7.98,8.15,1326300
2014-05-23,8.11,8.38,8.11,8.3,2278900
2014-05-26,8.36,8.43,8.35,8.37,672700
2014-05-27,8.43,8.49,8.38,8.45,1477800
2014-05-28,8.49,8.87,8.49,8.8,2685500
2014-05-29,8.94,9.13,8.81,9.09,2981000
2014-05-30,9.02,9.05,8.69,8.85,1945100
2014-06-02,8.92,9.05,8.82,9.05,1363800
2014-06-03,9.05,9.18,8.99,9.18,1488300
2014-06-04,9.24,9.54,9.2,9.51,3176100
2014-06-05,9.9,9.98,9.73,9.93,4374200
2014-06-06,10.15,10.58,10.12,10.47,4940300
2014-06-09,10.8,10.9,10.04,10.08,6304400
2014-06-10,10,10.6,10,10.58,2529500
2014-06-11,10.32,10.44,10.06,10.31,2802700
2014-06-12,10.1,10.15,9.3,9.32,6393000
2014-06-13,9.31,9.74,8.88,9.66,4115200
2014-06-16,9.6,9.93,9.52,9.72,1974900
2014-06-17,9.61,9.78,9.57,9.69,1628700
2014-06-18,9.73,9.73,9.41,9.5,1499500
2014-06-19,9.44,9.67,9.44,9.49,1681500
2014-06-20,9.47,9.56,9.38,9.43,2614400
2014-06-23,9.32,9.33,8.76,8.77,7166500
2014-06-24,8.87,9.23,8.84,8.99,3058000
2014-06-25,9,9.2,8.99,9.11,1564000
2014-06-26,9.1,9.41,9.07,9.4,1528900
2014-06-27,9.46,9.57,9.31,9.5,1102200
2014-06-30,9.47,9.69,9.47,9.53,1230600
2014-07-02,9.68,9.75,9.56,9.65,1850500
2014-07-03,9.7,9.83,9.5,9.83,1436200
2014-07-04,9.87,10.05,9.85,10.05,1067400
2014-07-07,10.24,10.34,9.64,9.85,2864500
2014-07-08,9.65,9.67,9.2,9.55,2818800
2014-07-09,9.7,9.84,9.6,9.72,1688000
2014-07-10,9.5,9.77,9.4,9.62,2217300
2014-07-11,9.71,9.84,9.57,9.67,1020000
2014-07-14,9.72,9.84,9.52,9.55,970900
2014-07-15,9.63,9.73,9.53,9.55,785200
2014-07-16,9.6,9.67,9.35,9.45,1023000
2014-07-17,9.33,9.48,9.2,9.27,1505300
2014-07-18,9.29,9.73,9.27,9.7,2121000
2014-07-21,9.7,9.74,9.56,9.71,1139200
2014-07-22,9.77,9.78,9.68,9.73,996200
2014-07-23,9.73,9.86,9.6,9.79,2011400
2014-07-24,9.85,10.04,9.61,9.67,2254900
2014-07-25,9.69,9.84,9.53,9.64,1621300
2014-07-28,9.57,9.71,9.48,9.58,1208100
2014-07-29,9.86,9.93,9.73,9.79,3291900
2014-07-30,9.88,9.89,9.71,9.77,1251500
2014-07-31,9.73,9.76,9.49,9.61,2125900
2014-08-01,9.48,9.57,9.29,9.3,3471700
2014-08-05,9.3,9.3,9.21,9.28,2131100
2014-08-06,9.25,9.42,9.04,9.26,2100300
2014-08-07,9.29,9.29,8.45,8.5,5256500
2014-08-08,8.58,8.79,8.42,8.67,2249900
2014-08-11,8.72,8.88,8.51,8.52,1593000
2014-08-12,8.56,8.62,8.45,8.5,1206100
2014-08-13,8.5,8.56,8.24,8.25,1961200
2014-08-14,8.27,8.3,7.9,8.17,3143900
2014-08-15,8.02,8.17,7.95,8.01,1795300
2014-08-18,8.1,8.5,8.08,8.48,1983400
2014-08-19,8.55,8.63,8.33,8.57,2418900
2014-08-20,8.65,8.85,8.55,8.85,2164400
2014-08-21,8.9,8.97,8.76,8.77,1238200
2014-08-22,8.71,8.97,8.61,8.93,1034500
2014-08-25,9.02,9.15,8.93,8.95,1386000
2014-08-26,8.92,8.93,8.57,8.69,1810100
2014-08-27,8.67,8.73,8.55,8.64,1189300
2014-08-28,8.55,8.75,8.55,8.71,767100
2014-08-29,8.77,8.81,8.46,8.49,2281900
2014-09-02,8.42,8.84,8.39,8.79,1818800
2014-09-03,8.75,8.81,8.64,8.69,913400
2014-09-04,8.74,8.97,8.73,8.83,3390300
2014-09-05,8.99,9.17,8.95,9.02,2368000
2014-09-08,8.98,9.13,8.84,8.96,1055500
2014-09-09,8.91,9,8.72,8.82,1140600
2014-09-10,8.78,8.82,8.47,8.74,1476000
2014-09-11,8.69,8.87,8.69,8.72,983200
2014-09-12,8.74,8.76,8.39,8.48,1981900
2014-09-15,8.71,9.12,8.71,9.05,5551200
2014-09-16,9,9.04,8.89,8.96,1148000
2014-09-17,8.94,8.94,8.6,8.62,2504600
2014-09-18,9,9.08,8.7,9.01,3068200
2014-09-19,9.04,9.1,8.75,8.85,1878000
2014-09-22,8.93,8.95,8.64,8.67,1778000
2014-09-23,8.61,8.8,8.61,8.68,1086200
2014-09-24,8.68,8.75,8.51,8.66,866100
2014-09-25,8.64,8.64,8.42,8.5,1680400
2014-09-26,8.48,8.55,8.39,8.46,972900
2014-09-29,8.4,8.5,8.23,8.38,904600
2014-09-30,8.35,8.56,8.31,8.55,1852300
2014-10-01,8.35,8.43,8.11,8.16,2753600
2014-10-02,8.03,8.16,7.55,7.79,3156500
2014-10-03,7.85,8.2,7.85,7.87,1909800
2014-10-06,8.31,8.33,8.01,8.18,2056100
2014-10-07,8.14,8.19,7.77,7.82,1296400
2014-10-08,7.8,7.86,7.69,7.76,1815700
2014-10-09,7.76,7.8,7.49,7.6,1864300
2014-10-10,7.5,7.68,7.1,7.22,2760400
2014-10-14,6.92,7.08,6.52,6.91,3834900
2014-10-15,6.7,6.98,6.57,6.76,3182400
2014-10-16,6.6,7.34,6.6,7.05,2971100
2014-10-17,7.35,7.4,7.17,7.26,2083600
2014-10-20,7.4,7.7,7.3,7.67,1890700
2014-10-21,7.8,8.21,7.76,8.18,2270900
2014-10-22,8.22,8.22,7.93,7.97,1852100
2014-10-23,8.1,8.43,8.02,8.27,4071200
2014-10-24,8.23,8.59,8.2,8.59,2641700
2014-10-27,8.58,8.69,8.43,8.68,2250800
2014-10-28,8.72,8.74,8.61,8.69,1176900
2014-10-29,8.68,8.95,8.62,8.95,3421400
2014-10-30,8.9,9.35,8.88,9.16,2397700
2014-10-31,9.41,9.6,9.3,9.3,2318400
2014-11-03,9.22,9.6,9.21,9.48,826700
2014-11-04,9.44,9.61,9.01,9.03,2820100
2014-11-05,9.26,9.35,8.87,8.9,2873400
2014-11-06,9.4,9.52,9.15,9.38,3898600
2014-11-07,9.49,9.49,9.05,9.08,2097100
2014-11-10,9.15,9.21,8.87,8.99,2021300
2014-11-11,9.05,9.33,9,9.26,1613300
2014-11-12,9.26,9.3,9.13,9.16,1019900
2014-11-13,9.18,9.51,9.18,9.43,2160800
2014-11-14,9.42,9.73,9.42,9.61,2279400
2014-11-17,9.61,9.79,9.55,9.63,1257700
2014-11-18,9.64,9.88,9.46,9.87,2308700
2014-11-19,9.86,10.2,9.76,10.14,2904500
2014-11-20,9.96,10.27,9.95,10.17,2206300
2014-11-21,10.3,10.39,10.02,10.13,1771000
2014-11-24,10.18,10.18,9.93,9.96,1608100
2014-11-25,9.94,10.26,9.94,10.26,1633400
2014-11-26,10.15,10.34,10.07,10.22,1284100
2014-11-27,10.28,11.37,10.28,11.16,4377400
2014-11-28,11.2,11.34,10.9,11.18,2847000
2014-12-01,11.4,11.64,11.15,11.42,4241000
2014-12-02,11.55,11.82,11.43,11.51,2734700
2014-12-03,11.58,11.67,11.4,11.5,1832100
2014-12-04,11.6,12.15,11.6,12.07,4344000
2014-12-05,12.29,12.67,11.86,12,5593000
2014-12-08,12.1,12.2,11.08,11.66,3471000
2014-12-09,11.4,11.4,10.84,11.09,3892100
2014-12-10,11.2,11.65,11.12,11.25,2363700
2014-12-11,11.55,11.75,11.39,11.72,2542600
2014-12-12,11.85,12.18,11.16,11.33,3252100
2014-12-15,11.47,11.47,10.73,11.32,2335200
2014-12-16,11.17,11.39,10.9,10.9,3770300
2014-12-17,11.08,11.1,10.52,10.85,3771100
2014-12-18,11,11.17,10.54,11.06,3657900
2014-12-19,11.07,11.22,10.8,11.22,2997700
2014-12-22,11.02,11.45,11.02,11.26,1126700
2014-12-23,11.31,11.36,11.12,11.2,614200
2014-12-24,11.25,11.44,11.11,11.4,591600
2014-12-29,11.39,11.55,11.25,11.55,1044300
2014-12-30,11.53,11.95,11.53,11.77,1496800
2014-12-31,11.85,11.99,11.82,11.87,968900
2015-01-02,11.93,12.08,11.61,11.83,1343400
2015-01-05,11.87,12.15,11.83,12.1,2843500
2015-01-06,12.1,12.13,11.5,11.75,2121800
2015-01-07,11.9,12.05,11.64,11.75,1818000
2015-01-08,11.89,12.25,11.8,12.19,2223400
2015-01-09,12.23,12.49,12.19,12.31,2790900
2015-01-12,12.39,12.5,11.99,12.45,2173400
2015-01-13,12.5,12.75,12.1,12.3,2208000
2015-01-14,12,12.13,11.84,11.95,1932400
2015-01-15,11.98,12.05,11.61,11.85,2486800
2015-01-16,11.85,11.99,11.73,11.91,958200
2015-01-19,12,12.24,11.88,12.21,900600
2015-01-20,12.33,12.53,12.24,12.38,1620000
2015-01-21,12.38,12.52,11.77,11.77,3692300
2015-01-22,11.85,12.08,11.67,11.94,2839100
2015-01-23,12,12.28,11.91,12.04,2580400
2015-01-26,12.05,12.23,12,12.03,1101300
2015-01-27,11.9,12.02,11.83,11.98,1526900
2015-01-28,11.98,12.13,11.72,11.73,1249600
2015-01-29,11.69,12.1,11.4,12.09,3187900
2015-01-30,12.07,12.1,11.75,11.75,2176500
2015-02-02,12.07,12.07,11.73,11.96,2541800
2015-02-03,12,12.01,11.72,11.82,1683500
2015-02-04,11.86,12.6,11.85,12.4,3074900
2015-02-05,12.6,13.17,12.52,13.12,3858900
2015-02-06,13.13,13.13,12.77,12.92,2223500
2015-02-09,13.13,13.14,12.65,12.82,2089200
2015-02-10,12.94,13.35,12.74,13.25,3062000
2015-02-11,11.68,12.35,11.68,11.96,7216400
2015-02-12,12.25,12.53,12.1,12.38,3056000
2015-02-13,12.53,12.87,12.45,12.71,2205400
2015-02-17,12.75,12.78,12.58,12.58,1625900
2015-02-18,12.79,12.8,12.56,12.61,1845400
2015-02-19,12.61,12.7,12.55,12.6,1328600
2015-02-20,12.63,12.63,12.31,12.54,970200
2015-02-23,12.55,12.65,12.52,12.6,878200
2015-02-24,12.62,12.78,12.62,12.7,1456400
2015-02-25,12.65,12.7,12.55,12.57,1336100
2015-02-26,12.6,12.67,12.46,12.51,908800
2015-02-27,12.43,12.49,12.12,12.34,1377900
2015-03-02,12.11,12.32,12.11,12.28,630400
2015-03-03,12.24,12.43,11.94,12.42,1341600
2015-03-04,12.4,12.44,12.21,12.38,531000
2015-03-05,12.54,12.62,12.34,12.43,940100
2015-03-06,12.31,12.36,12,12.29,895200
2015-03-09,12.29,12.32,12.06,12.31,1022100
2015-03-10,12.09,12.29,12.08,12.22,755700
2015-03-11,12.2,12.52,12.2,12.41,1290900
2015-03-12,12.44,12.54,12.36,12.39,481800
2015-03-13,12.43,12.43,12.03,12.21,878200
2015-03-16,12.22,12.44,12.2,12.4,2755200
2015-03-17,12.35,12.54,12.34,12.5,977400
2015-03-18,12.5,12.55,12.3,12.51,1258600
2015-03-19,12.53,12.61,12.43,12.57,789300
2015-03-20,12.64,12.64,12.42,12.46,1205300
2015-03-23,12.49,12.51,12.39,12.45,429700
2015-03-24,12.44,12.62,12.33,12.62,1249000
2015-03-25,12.63,12.97,12.62,12.8,2053500
2015-03-26,12.65,12.7,12.43,12.47,1278500
2015-03-27,12.47,12.8,12.38,12.72,1079500
2015-03-30,12.5,12.85,12.5,12.63,849100
2015-03-31,12.57,12.65,12.34,12.39,1120500
2015-04-01,12.32,12.4,11.78,11.93,2926500
2015-04-02,11.87,12.17,11.87,12.07,973900
2015-04-06,12.05,12.05,11.82,11.88,1640200
2015-04-07,12.2,12.4,11.85,12,2169200
2015-04-08,12,12.4,12,12.38,1815700
2015-04-09,12.4,12.57,12.3,12.32,1371900
2015-04-10,12.32,12.39,12.3,12.32,661900
2015-04-13,12.3,12.58,12.29,12.47,1340800
2015-04-14,12.49,12.49,12.29,12.37,1111800
2015-04-15,12.36,12.38,11.95,12.09,2387300
2015-04-16,12.05,12.19,12.01,12.15,1523800
2015-04-17,12.16,12.16,11.9,11.99,2663500
2015-04-20,12,12.19,11.97,12.17,926800
2015-04-21,12.2,12.2,12.05,12.08,958100
2015-04-22,12.1,12.17,11.97,12.02,316500
2015-04-23,11.93,12.12,11.9,12.03,756900
2015-04-24,12.09,12.17,12.07,12.12,949500
2015-04-27,12.13,12.15,12.01,12.03,580500
2015-04-28,12.02,12.1,11.84,12.02,733300
2015-04-29,12,12.01,11.71,11.81,1601700
2015-04-30,11.8,11.81,11.47,11.52,2345400
2015-05-01,11.6,11.89,11.6,11.82,745100
2015-05-04,11.81,11.87,11.54,11.6,887000
2015-05-05,11.67,11.82,11.07,11.16,3954700
2015-05-06,11.31,11.31,11,11.19,1439300
2015-05-07,11.23,11.54,11.2,11.43,1242700
2015-05-08,11.55,11.66,11.39,11.45,507300
2015-05-11,11.59,11.74,11.57,11.72,1258100
2015-05-12,12.53,12.75,12.05,12.16,4197500
2015-05-13,12.26,12.72,12.21,12.64,3456500
2015-05-14,12.66,12.88,12.39,12.54,2195900
2015-05-15,12.44,12.8,12.44,12.67,1854800
2015-05-19,12.79,12.95,12.76,12.89,1956000
2015-05-20,12.87,12.94,12.36,12.42,3269400
2015-05-21,12.35,12.7,12.27,12.64,1574300
2015-05-22,12.7,12.75,12.51,12.58,528000
2015-05-25,12.5,12.65,12.5,12.62,243400
2015-05-26,12.6,12.64,12.42,12.58,912000
2015-05-27,12.79,13.6,12.78,13.59,5004800
2015-05-28,13.59,13.89,13.35,13.6,2861100
2015-05-29,13.41,13.89,13.41,13.76,1291800
2015-06-01,13.96,14.25,13.83,14.19,2297300
2015-06-02,14.6,15.09,14.3,14.38,4944900
2015-06-03,14.44,14.7,14.35,14.5,2453500
2015-06-04,14.51,14.59,14.25,14.27,1411500
2015-06-05,14.28,14.45,14.12,14.21,1006300
2015-06-08,14.25,14.35,13.95,14.06,1219600
2015-06-09,13.95,13.99,13.64,13.93,1674000
2015-06-10,13.95,14.2,13.8,13.91,1114600
2015-06-11,14,14.09,13.81,13.81,615500
2015-06-12,13.78,13.91,13.65,13.83,811100
2015-06-15,13.85,13.9,13.65,13.68,1084200
2015-06-16,13.7,13.95,13.68,13.95,841000
2015-06-17,13.98,13.99,13.7,13.79,1005200
2015-06-18,13.81,13.85,13.64,13.74,454500
2015-06-19,13.71,13.75,13.27,13.28,2099400
2015-06-22,13.62,13.9,13.54,13.83,928200
2015-06-23,13.86,14.17,13.76,14.11,1787400
2015-06-24,14.12,14.29,14.08,14.16,1060600
2015-06-25,14.21,14.36,13.8,13.9,919400
2015-06-26,14.05,14.05,13.73,13.79,627400
2015-06-29,13.49,13.68,13.38,13.46,973500
2015-06-30,13.63,13.63,13.15,13.21,1449400
2015-07-02,13.6,13.6,13.07,13.5,960800
2015-07-03,13.5,13.58,13.4,13.44,190300
2015-07-06,13.21,13.54,13.15,13.34,739500
2015-07-07,13.42,13.51,12.93,13.16,1058300
2015-07-08,13.02,13.14,12.78,12.85,1616200
2015-07-09,13,13.14,12.95,13.08,951900
2015-07-10,13.23,13.36,13.13,13.13,815500
2015-07-13,13.5,13.54,13.2,13.28,1110200
2015-07-14,13.28,13.39,13.18,13.35,979300
2015-07-15,13.33,13.45,13.12,13.25,1072200
2015-07-16,13.3,13.32,12.92,13,1053900
2015-07-17,12.9,12.9,12.31,12.56,1737200
2015-07-20,12.45,12.65,12.16,12.18,1290800
2015-07-21,12,12.6,11.99,12.31,1153300
2015-07-22,12.24,12.35,11.98,12.01,972200
2015-07-23,12.02,12.41,12.01,12.11,1166800
2015-07-24,12.19,12.25,11.89,11.96,764000
2015-07-27,11.76,11.96,11.69,11.82,785400
2015-07-28,11.85,11.97,11.16,11.52,2307900
2015-07-29,11.64,12.13,11.48,11.92,1259300
2015-07-30,12,12.07,11.86,11.99,612700
2015-07-31,12.05,12.07,11.6,11.77,1065000
2015-08-04,11.94,12.34,11.9,11.97,1491100
2015-08-05,12,12.01,11.73,11.73,1017100
2015-08-06,12.05,12.32,11.96,12.26,2648000
2015-08-07,12.32,12.32,12.08,12.19,1222100
2015-08-10,12.29,12.91,12.27,12.9,2318100
2015-08-11,12.9,13.25,12.69,12.9,2112200
2015-08-12,12.6,12.61,11.84,12.08,3411100
2015-08-13,12.08,12.28,11.91,12,1453600
2015-08-14,11.97,11.97,11.55,11.69,1551300
2015-08-17,11.7,12.27,11.55,12.17,1569400
2015-08-18,12.16,12.36,12.06,12.08,859000
2015-08-19,12.11,12.11,11.7,11.8,1164400
2015-08-20,11.67,11.85,11.56,11.67,804800
2015-08-21,11.51,11.53,11.02,11.13,1396600
2015-08-24,9.75,11.1,9.5,10.88,2045200
2015-08-25,11.16,11.33,10.99,11.01,1173500
2015-08-26,11.25,11.25,10.67,11.02,959400
2015-08-27,11.17,11.56,11.07,11.44,1674900
2015-08-28,11.46,11.47,11.12,11.21,800000
2015-08-31,11.11,11.45,11.1,11.23,750600
2015-09-01,11.05,11.05,10.58,10.8,1748100
2015-09-02,10.92,11,10.67,11,1100400
2015-09-03,11.1,11.1,10.85,10.95,1180200
2015-09-04,10.92,11.5,10.88,11.42,1590100
2015-09-08,11.49,11.71,11.42,11.49,1423900
2015-09-09,11.62,11.88,11.59,11.7,1831900
2015-09-10,11.76,11.98,11.73,11.93,758500
2015-09-11,11.9,12.04,11.81,11.9,1458800
2015-09-14,11.88,12.14,11.78,11.78,1192900
2015-09-15,11.86,11.95,11.75,11.76,1856300
2015-09-16,11.82,12.18,11.82,11.93,3493400
2015-09-17,11.97,12.35,11.91,12.28,1907000
2015-09-18,12.19,12.3,12.06,12.08,962100
2015-09-21,12.19,12.39,12.1,12.26,871400
2015-09-22,12.12,12.16,11.97,11.98,1025500
2015-09-23,12.04,12.06,11.78,12.04,644000
2015-09-24,11.92,11.92,11.44,11.61,937600
2015-09-25,11.73,11.85,11.56,11.66,753100
2015-09-28,11.57,11.57,10.9,10.99,1099400
2015-09-29,10.99,11.11,10.65,10.69,1864100
2015-09-30,10.85,10.95,10.5,10.73,1223200
2015-10-01,10.69,10.84,10.63,10.68,1158800
2015-10-02,10.55,10.89,10.39,10.79,1411000
2015-10-05,10.91,11.09,10.9,10.95,1383700
2015-10-06,11,11.3,10.89,11.09,1693400
2015-10-07,11.14,11.23,10.91,10.98,1621400
2015-10-08,10.95,11.13,10.95,11.06,843500
2015-10-09,11.09,11.29,11,11.24,1469300
2015-10-13,11.36,11.4,11.19,11.22,1165200
2015-10-14,11.24,11.43,10.95,10.95,1419800
2015-10-15,10.96,11.09,10.88,10.93,868300
2015-10-16,10.9,10.96,10.8,10.84,904000
2015-10-19,10.78,10.81,10.62,10.67,1231100
2015-10-20,10.7,11.13,10.7,11.12,1295100
2015-10-21,11.11,11.11,11.11,11.11,0
2015-10-22,11.17,11.35,11.03,11.33,1089200
2015-10-23,11.49,11.7,11.1,11.15,2218600
2015-10-26,11.15,11.25,10.91,11.13,1089200
2015-10-27,11.15,11.17,10.65,10.69,1553800
2015-10-28,10.75,10.84,10.55,10.75,1368800
2015-10-29,10.71,10.82,10.57,10.79,602300
2015-10-30,10.82,10.88,10.7,10.76,654000
2015-11-02,10.78,11.04,10.63,10.69,2019800
2015-11-03,10.8,10.92,10.65,10.68,1556500
2015-11-04,10.83,10.88,10.56,10.86,1983400
2015-11-05,11.48,11.78,11.22,11.57,5602800
2015-11-06,11.7,12.18,11.7,12.09,3781500
2015-11-09,12.21,12.29,11.71,11.91,1521200
2015-11-10,11.91,12.02,11.72,11.93,1569500
2015-11-11,11.83,11.99,11.64,11.74,1499400
2015-11-12,11.5,11.69,11.28,11.43,1349000
2015-11-13,11.39,11.62,11.24,11.47,868600
2015-11-16,11.05,11.34,11.02,11.31,1292400
2015-11-17,11.32,11.38,11.12,11.2,915600
2015-11-18,11.11,11.2,11.03,11.08,924000
2015-11-19,11.14,11.22,11.12,11.17,907200
2015-11-20,11.16,11.21,11,11.12,1112600
2015-11-23,11.17,11.17,10.83,10.9,1234700
2015-11-24,10.77,10.82,10.42,10.45,1594700
2015-11-25,10.53,10.72,10.46,10.49,1258500
2015-11-26,10.5,10.58,10.47,10.5,316000
2015-11-27,10.48,10.5,10.39,10.5,761200
2015-11-30,10.55,10.59,10.2,10.43,2128900
2015-12-01,10.43,10.43,10.11,10.21,1531400
2015-12-02,10.26,10.45,10.12,10.33,1189300
2015-12-03,10.32,10.33,10.02,10.2,2065600
2015-12-04,10.31,10.63,10.23,10.32,2786300
2015-12-07,10.47,10.67,10.4,10.59,1420800
2015-12-08,10.58,10.65,10.4,10.53,2832300
2015-12-09,10.52,10.85,10.52,10.64,1753100
2015-12-10,10.68,10.95,10.63,10.93,1452200
2015-12-11,10.89,10.89,10.5,10.52,1417100
2015-12-14,10.59,10.67,10.2,10.3,1144700
2015-12-15,10.35,10.47,10.3,10.36,1379700
2015-12-16,10.37,10.56,10.31,10.45,1347500
2015-12-17,10.41,10.62,10.32,10.35,1122700
2015-12-18,10.28,10.3,9.82,10.09,2144300
2015-12-21,10.1,10.5,10.09,10.41,1414400
2015-12-22,10.41,10.47,10.1,10.16,1119100
2015-12-23,10.2,10.27,10.15,10.23,590000
2015-12-24,10.17,10.34,10.17,10.27,312400
2015-12-29,10.2,10.27,10.14,10.19,448200
2015-12-30,10.17,10.27,10.07,10.22,468500
2015-12-31,10.2,10.22,10.11,10.21,440700
2016-01-04,10.1,10.1,9.8,9.95,1623400
2016-01-05,10.02,10.05,9.9,9.96,744400
2016-01-06,9.87,9.99,9.69,9.7,1217800
2016-01-07,9.45,9.45,9.03,9.24,4036000
2016-01-08,9.42,9.45,9.15,9.25,1018400
2016-01-11,9.3,9.35,9.05,9.18,1797500
2016-01-12,9.24,9.32,8.73,9.03,2373700
2016-01-13,9.03,9.14,8.86,8.92,2372700
2016-01-14,8.53,8.59,8,8.16,5573300
2016-01-15,7.76,8.05,7.69,7.79,3166000
2016-01-18,7.57,7.75,7.31,7.35,2107200
2016-01-19,7.52,7.73,7.25,7.3,2807200
2016-01-20,7.02,7.75,6.99,7.66,3411300
2016-01-21,7.67,7.94,7.53,7.72,2583500
2016-01-22,8.05,8.11,7.84,7.91,2250400
2016-01-25,8.1,8.1,7.53,7.56,885100
2016-01-26,7.51,7.95,7.46,7.77,1233400
2016-01-27,7.84,8,7.7,7.82,1445700
2016-01-28,7.93,8,7.7,7.74,2301400
2016-01-29,7.72,7.9,7.56,7.85,1540800
2016-02-01,7.7,7.7,7.52,7.6,1563300
2016-02-02,7.4,7.4,7.05,7.1,1770200
2016-02-03,7.19,7.26,6.81,7.08,2353100
2016-02-04,7.11,7.7,7.02,7.67,2161200
2016-02-05,7.75,7.88,7.57,7.71,1418600
2016-02-08,7.6,7.6,7.22,7.44,1791100
2016-02-09,7.3,7.45,7.15,7.33,1648200
2016-02-10,7.33,7.55,7.31,7.44,1339800
2016-02-11,7.23,7.35,7.13,7.33,1361400
2016-02-12,7.4,7.57,7.32,7.5,1013700
2016-02-16,7.65,8.44,7.65,8.41,3407300
2016-02-17,7.95,7.95,7.3,7.39,5209600
2016-02-18,7.56,7.56,7.01,7.07,4460800
2016-02-19,7.56,7.56,7,7.19,2754800
2016-02-22,7.42,7.42,7.24,7.25,2276400
2016-02-23,7.42,7.42,7.14,7.23,1949100
2016-02-24,7.2,7.22,7.06,7.15,3812900
2016-02-25,7.16,7.29,7.08,7.26,2082800
2016-02-26,7.33,7.38,7.25,7.29,3244200
2016-02-29,7.32,7.32,7.17,7.22,4487100
2016-03-01,7.3,7.3,7.18,7.25,5431900
2016-03-02,7.25,7.71,7.19,7.63,7698700
2016-03-03,7.68,8.11,7.68,8.04,7256100
2016-03-04,8.16,8.45,8.03,8.31,2575100
2016-03-07,8.38,8.77,8.35,8.65,2717300
2016-03-08,8.68,8.7,8,8.04,4402200
2016-03-09,8.18,8.37,8.1,8.27,2616700
2016-03-10,8.31,8.35,7.88,8.26,2051000
2016-03-11,8.39,8.47,8.27,8.38,1796500
2016-03-14,8.31,8.55,8.3,8.49,1070500
2016-03-15,8.45,8.61,8.3,8.55,1495400
2016-03-16,8.51,8.63,8.48,8.56,1072900
2016-03-17,8.66,9.09,8.56,9.04,1719900
2016-03-18,9.07,9.39,8.91,9.04,2390100
2016-03-21,9.08,9.22,9.07,9.16,1313900
2016-03-22,8.95,9.07,8.82,8.95,1496000
2016-03-23,8.95,9.02,8.66,8.67,1148300
2016-03-24,8.53,8.73,8.43,8.54,1088500
2016-03-28,8.58,8.72,8.53,8.57,813200
2016-03-29,8.57,8.82,8.5,8.79,2146000
2016-03-30,8.94,8.96,8.82,8.85,997800
2016-03-31,8.83,8.98,8.81,8.96,2317700
2016-04-01,8.87,8.93,8.72,8.85,1483500
2016-04-04,8.85,8.87,8.41,8.47,1229200
2016-04-05,8.39,8.45,8.16,8.22,1294500
2016-04-06,8.26,8.32,8.06,8.26,1934900
2016-04-07,8.18,8.2,8.05,8.13,1071100
2016-04-08,8.31,8.35,8.15,8.33,1168200
2016-04-11,8.39,8.39,8.18,8.24,835800
2016-04-12,8.27,8.27,8.08,8.14,940000
2016-04-13,8.17,8.39,8.16,8.35,1895700
2016-04-14,8.38,8.69,8.3,8.62,1440900
2016-04-15,8.6,8.77,8.5,8.66,875300
2016-04-18,8.53,8.9,8.53,8.82,936900
2016-04-19,8.91,8.92,8.68,8.78,1496800
2016-04-20,8.82,8.94,8.77,8.88,1383700
2016-04-21,8.87,8.87,8.53,8.59,1637400
2016-04-22,8.59,8.62,8.34,8.4,1123400
2016-04-25,8.42,8.46,8.26,8.32,632000
2016-04-26,8.36,8.47,8.28,8.39,1109100
2016-04-27,8.44,8.44,8.3,8.37,1153600
2016-04-28,8.35,8.42,8.27,8.28,951300
2016-04-29,9.4,9.75,9.06,9.33,6877000
2016-05-02,9.45,9.89,9.43,9.75,3275200
2016-05-03,9.8,9.8,9.2,9.6,2759600
2016-05-04,9.5,9.84,9.5,9.6,2310900
2016-05-05,9.66,9.68,9.38,9.52,1486500
2016-05-06,9.47,9.83,9.47,9.71,1625500
2016-05-09,9.71,9.75,9.4,9.57,1449600
2016-05-10,9.67,9.73,9.52,9.56,1627900
2016-05-11,9.6,9.79,9.56,9.68,1407600
2016-05-12,9.78,9.78,9.36,9.38,1644100
2016-05-13,9.39,9.52,9.33,9.39,1237200
2016-05-16,9.45,9.62,9.42,9.48,1191000
2016-05-17,9.61,9.61,9.43,9.43,1156900
2016-05-18,9.38,9.58,9.32,9.32,1381100
2016-05-19,9.3,9.42,9.2,9.33,1132200
2016-05-20,9.38,9.59,9.38,9.5,1208500
2016-05-24,9.55,9.59,9.47,9.58,961100
2016-05-25,9.59,9.68,9.56,9.65,863900
2016-05-26,9.7,9.78,9.6,9.7,1098000
2016-05-27,9.66,9.74,9.6,9.71,721200
2016-05-30,9.72,9.84,9.68,9.79,379300
2016-05-31,9.77,9.8,9.63,9.63,1151800
2016-06-01,9.6,9.71,9.51,9.68,1031900
2016-06-02,9.63,9.75,9.61,9.73,809800
2016-06-03,9.73,9.73,9.52,9.61,1154200
2016-06-06,9.63,9.84,9.63,9.81,1260600
2016-06-07,9.84,10.3,9.75,10.27,1788200
2016-06-08,10.33,10.49,10.06,10.1,1443600
2016-06-09,10.18,10.26,10.07,10.17,1050900
2016-06-10,10.16,10.16,9.81,9.84,1258800
2016-06-13,9.75,9.88,9.63,9.67,1423000
2016-06-14,9.65,9.75,9.18,9.36,2177500
2016-06-15,9.33,9.77,9.33,9.54,1516500
2016-06-16,9.44,9.51,9.15,9.15,1370000
2016-06-17,9.21,9.44,9.2,9.24,1637300
2016-06-20,9.43,9.56,9.36,9.44,1120000
2016-06-21,9.5,9.6,9.41,9.46,902000
2016-06-22,9.48,9.61,9.42,9.45,838200
2016-06-23,9.5,9.55,9.31,9.41,849600
2016-06-24,8.9,9.23,8.9,8.99,1796100
2016-06-27,8.95,8.98,8.17,8.3,2969700
2016-06-28,8.61,8.62,8.4,8.42,1889800
2016-06-29,8.54,8.76,8.51,8.74,1607800
2016-06-30,8.68,8.91,8.65,8.89,1207900
2016-07-04,9.08,9.08,8.95,9.07,579400
2016-07-05,9.01,9.02,8.76,8.84,828100
2016-07-06,8.79,8.79,8.56,8.66,1004900
2016-07-07,8.71,8.8,8.61,8.65,705500
2016-07-08,8.75,8.96,8.71,8.9,1020400
2016-07-11,8.99,9.19,8.99,9.13,921400
2016-07-12,9.19,9.48,9.16,9.47,1384000
2016-07-13,9.49,9.56,9.32,9.52,1333800
2016-07-14,9.59,9.7,9.54,9.61,945000
2016-07-15,9.57,9.58,9.45,9.48,968700
2016-07-18,9.5,9.64,9.47,9.6,732500
2016-07-19,9.59,9.63,9.47,9.53,764800
2016-07-20,9.54,9.56,9.38,9.4,1291200
2016-07-21,9.37,9.41,9.08,9.39,1351400
2016-07-22,9.38,9.58,9.38,9.51,738300
2016-07-25,9.54,9.57,9.42,9.45,545600
2016-07-26,9.4,9.46,9.31,9.42,766200
2016-07-27,9.45,9.55,9.26,9.27,799300
2016-07-28,9.29,9.45,9.21,9.44,845500
2016-07-29,9.64,9.69,8.74,8.99,3496000
2016-08-02,8.85,8.99,8.75,8.84,1440700
2016-08-03,8.85,8.93,8.66,8.84,1161200
2016-08-04,8.85,8.93,8.76,8.87,729600
2016-08-05,8.88,9.1,8.82,9.06,1339000
2016-08-08,9.14,9.21,8.97,9.04,864500
2016-08-09,9.08,9.14,9.03,9.07,775200
2016-08-10,9.06,9.14,9.04,9.1,701700
2016-08-11,9.15,9.15,8.94,9.09,1869000
2016-08-12,9.1,9.13,8.94,8.96,913700
2016-08-15,9.02,9.04,8.97,9.01,732900
2016-08-16,8.98,9.06,8.93,8.94,962700
2016-08-17,8.95,9.02,8.84,8.99,579200
2016-08-18,9.01,9.02,8.91,8.94,457300
2016-08-19,8.95,9.06,8.89,9.01,733200
2016-08-22,9.01,9.03,8.93,9.01,855300
2016-08-23,9.03,9.08,8.96,8.98,721700
2016-08-24,8.97,9.01,8.92,8.95,714300
2016-08-25,8.92,8.94,8.86,8.88,519300
2016-08-26,8.89,8.98,8.86,8.9,340800
2016-08-29,8.89,8.92,8.82,8.83,610100
2016-08-30,8.83,8.99,8.83,8.93,561400
2016-08-31,8.91,9,8.88,8.96,918100
2016-09-01,8.95,8.99,8.84,8.93,772600
2016-09-02,8.91,9.11,8.91,9.11,1252800
2016-09-06,9.1,9.23,9.03,9.16,1349700
2016-09-07,9.2,9.57,9.2,9.49,2500700
2016-09-08,9.53,9.55,9.11,9.2,2373300
2016-09-09,9.15,9.2,8.97,9.07,1560400
2016-09-12,8.99,9.08,8.94,9.05,821400
2016-09-13,9,9.05,8.92,8.97,631600
2016-09-14,8.95,9.11,8.94,9.07,1418700
2016-09-15,9.09,9.25,9.08,9.2,790700
2016-09-16,9.23,9.27,9.13,9.23,830700
2016-09-19,9.3,9.46,9.18,9.41,1485900
2016-09-20,9.43,9.52,9.41,9.48,1206900
2016-09-21,9.46,9.48,9.28,9.41,942200
2016-09-22,9.49,9.82,9.49,9.82,2917700
2016-09-23,9.8,9.8,9.58,9.65,1283500
2016-09-26,9.65,9.76,9.34,9.35,2463700
2016-09-27,9.4,9.81,9.4,9.81,2988300
2016-09-28,9.81,10.13,9.81,10.02,2474200
2016-09-29,10.02,10.25,10.02,10.16,2058200
2016-09-30,10.15,10.65,10.13,10.6,2622000
2016-10-03,10.65,11.28,10.65,11.28,4498100
2016-10-04,11.38,11.77,11.1,11.32,2765800
2016-10-05,11.39,11.93,11.31,11.88,2583400
2016-10-06,12.18,12.59,12.1,12.53,4804900
2016-10-07,12.64,12.7,12.15,12.31,2280300
2016-10-11,12.26,12.49,12.23,12.39,1488800
2016-10-12,12.38,12.65,12.29,12.51,1934400
2016-10-13,12.49,12.7,12.36,12.61,1511400
2016-10-14,12.74,13.08,12.71,12.99,2365800
2016-10-17,13.08,13.14,12.95,12.99,1623500
2016-10-18,13.09,13.15,13.01,13.05,1383900
2016-10-19,13.08,13.14,12.76,12.8,2360000
2016-10-20,12.75,12.95,12.67,12.9,1460600
2016-10-21,12.84,13.04,12.71,12.97,1462000
2016-10-24,12.99,13.06,12.92,13.01,647800
2016-10-25,13.04,13.1,12.78,12.86,1668300
2016-10-26,12.75,12.75,12.51,12.7,1608000
2016-10-27,12.66,12.79,12.45,12.47,1226600
2016-10-28,12.47,12.76,12.46,12.7,1255300
2016-10-31,12.7,12.73,12.47,12.65,891700
2016-11-01,12.73,12.87,12.56,12.67,1105600
2016-11-02,12.6,12.65,12.12,12.19,1903700
2016-11-03,12.18,12.18,11.61,11.8,2341300
2016-11-04,11.71,12.07,11.6,11.94,1463000
2016-11-07,12.75,12.93,12.39,12.83,3218400
2016-11-08,12.92,13.03,12.73,12.8,2210700
2016-11-09,12.47,12.98,12.47,12.88,1884800
2016-11-10,12.93,13.08,12.91,13,2279600
2016-11-11,12.81,13.11,12.8,12.94,1266700
2016-11-14,12.95,13.04,12.62,12.66,1436100
2016-11-15,12.88,13.28,12.81,13.26,3453800
2016-11-16,13.3,13.3,13.08,13.18,1003200
2016-11-17,13.13,13.75,12.9,13.74,1990600
2016-11-18,13.76,14.05,13.63,14,2541200
2016-11-21,14,14,13.76,13.85,1330500
2016-11-22,13.89,14.41,13.87,14.27,1930500
2016-11-23,14.3,14.44,14.22,14.28,1058900
2016-11-24,14.21,14.29,14.17,14.19,430000
2016-11-25,14.25,14.33,14.19,14.19,587700
2016-11-28,14.13,14.2,13.95,14.01,1108300
2016-11-29,14,14.06,13.68,13.86,1296300
2016-11-30,13.8,13.96,13.41,13.5,1659800
2016-12-01,13.61,14.28,13.61,13.99,2123200
2016-12-02,13.95,14.24,13.9,14.01,714000
2016-12-05,14.15,14.35,14.08,14.22,715600
2016-12-06,14.22,14.27,14.09,14.2,671400
2016-12-07,14.24,14.27,14.15,14.27,733700
2016-12-08,14.3,14.85,14.3,14.72,1508700
2016-12-09,14.78,14.78,14.47,14.75,818300
2016-12-12,14.68,14.74,14.31,14.5,878500
2016-12-13,14.45,14.61,14.32,14.35,831000
2016-12-14,14.35,14.44,13.92,13.93,1074300
2016-12-15,13.99,14.49,13.99,14.27,1860700
2016-12-16,14.24,14.44,14.02,14.22,1658500
2016-12-19,14.22,14.37,14.01,14.08,716300
2016-12-20,14.16,14.28,14,14.21,602600
2016-12-21,14.21,14.38,14.21,14.22,410800
2016-12-22,14.13,14.22,14.01,14.11,1072900
2016-12-23,14.06,14.11,13.92,13.97,630300
2016-12-28,13.95,14.1,13.95,13.99,514300
2016-12-29,13.98,13.98,13.65,13.74,888100
2016-12-30,13.75,13.81,13.62,13.67,657800
2017-01-03,13.74,13.94,13.69,13.83,637800
2017-01-04,13.65,13.84,13.63,13.72,1328000
2017-01-05,13.72,13.81,13.7,13.74,726200
2017-01-06,13.8,13.8,13.56,13.56,1190600
2017-01-09,13.74,13.74,13.45,13.5,617000
2017-01-10,13.47,13.7,13.46,13.59,789600
2017-01-11,13.67,14.24,13.65,14.23,1562700
2017-01-12,14.23,14.23,13.88,14,837400
2017-01-13,14,14.05,13.79,13.83,966500
2017-01-16,13.79,13.92,13.63,13.81,659400
2017-01-17,13.74,13.91,13.55,13.56,1072600
2017-01-18,13.59,13.7,13.37,13.52,1611500
2017-01-19,13.45,13.74,13.45,13.64,829900
2017-01-20,13.62,13.84,13.56,13.57,1240600
2017-01-23,13.67,13.67,13.44,13.5,1061900
2017-01-24,13.5,13.89,13.49,13.72,1037400
2017-01-25,13.87,14.06,13.76,13.95,1062100
2017-01-26,13.98,14.11,13.8,13.96,1644900
2017-01-27,13.97,14.01,13.78,13.82,571600
2017-01-30,13.77,13.77,13.4,13.53,852200
2017-01-31,13.52,13.54,13.26,13.37,1584600
2017-02-01,13.49,13.6,13.36,13.52,904300
2017-02-02,13.41,13.69,13.41,13.57,803900
2017-02-03,13.63,13.72,13.58,13.65,901100
2017-02-06,13.61,13.69,13.48,13.5,792700
2017-02-07,13.52,13.59,13.29,13.38,1466900
2017-02-08,13.38,13.38,13.13,13.31,657100
2017-02-09,13.34,13.51,13.31,13.43,754200
2017-02-10,13.49,13.63,13.42,13.59,503000
2017-02-13,13.61,14.03,13.61,13.95,1046000
2017-02-14,14,14,13.87,13.99,677800
2017-02-15,14,14.3,13.97,14.23,1613900
2017-02-16,14.35,14.43,14.24,14.4,1214800
2017-02-17,13.95,13.95,13.15,13.18,5309000
2017-02-21,13.07,13.51,13.06,13.43,2599800
2017-02-22,13.55,13.82,13.39,13.67,2483800
2017-02-23,13.65,14,13.59,13.64,2032400
2017-02-24,13.67,13.71,13.28,13.36,1399800
2017-02-27,13.4,13.48,13.1,13.47,1623600
2017-02-28,13.36,13.48,13.3,13.38,1073100
2017-03-01,13.58,14.06,13.46,13.96,1914300
2017-03-02,14,14,13.42,13.47,1222700
2017-03-03,13.5,13.76,13.5,13.71,980500
2017-03-06,13.61,13.75,13.38,13.41,1219900
2017-03-07,13.41,13.53,13.15,13.16,1161600
2017-03-08,13.22,13.23,13.04,13.1,993000
2017-03-09,13.08,13.28,13.02,13.21,1180000
2017-03-10,13.3,13.43,13.2,13.32,805300
2017-03-13,13.28,13.39,13.21,13.33,870200
2017-03-14,13.28,13.44,13.19,13.19,1236600
2017-03-15,13.19,13.4,13.19,13.36,915900
2017-03-16,13.35,13.78,13.35,13.72,1211400
2017-03-17,13.78,13.8,13.53,13.53,2773300
2017-03-20,13.58,13.71,13.39,13.48,674400
2017-03-21,13.51,13.55,13.01,13.03,1392000
2017-03-22,12.91,13,12.72,12.82,1874100
2017-03-23,12.89,13.27,12.82,13.21,1136500
2017-03-24,13.24,13.44,13.23,13.25,905500
2017-03-27,13.01,13.59,12.94,13.54,1197300
2017-03-28,13.58,13.86,13.57,13.82,1117600
2017-03-29,13.84,13.84,13.6,13.74,741100
2017-03-30,13.72,14,13.72,13.83,613200
2017-03-31,13.8,14.01,13.62,13.8,1422900
2017-04-03,13.8,13.9,13.52,13.63,814200
2017-04-04,13.62,13.66,13.34,13.38,1063900
2017-04-05,13.35,13.48,13.24,13.25,841100
2017-04-06,13.25,13.29,13.15,13.2,1271600
2017-04-07,13.15,13.33,13.1,13.21,907700
2017-04-10,13.16,13.38,13.15,13.24,703100
2017-04-11,13.18,13.33,13.1,13.24,895500
2017-04-12,13.17,13.38,13.09,13.09,884900
2017-04-13,13.1,13.27,13.08,13.13,398600
2017-04-17,13.15,13.34,13.15,13.31,741900
2017-04-18,13.25,13.37,13.18,13.35,559800
2017-04-19,13.34,13.39,13.15,13.18,447000
2017-04-20,13.24,13.3,13.1,13.17,1046200
2017-04-21,13.11,13.2,13,13.03,785200
2017-04-24,13.1,13.38,13.1,13.28,1213200
2017-04-25,13.32,13.6,13.28,13.49,1759900
2017-04-26,13.42,13.52,13.34,13.35,575300
2017-04-27,13.35,13.36,13.01,13.01,854500
2017-04-28,13.05,13.11,12.97,12.99,785400
2017-05-01,13,13.04,12.8,12.9,1076500
2017-05-02,12.89,12.91,12.7,12.75,1186900
2017-05-03,12.83,12.83,12.56,12.6,869400
2017-05-04,12.5,12.87,12.49,12.79,912900
2017-05-05,13.07,14.04,13.07,13.94,5046200
2017-05-08,13.9,14.1,13.73,14.09,2612400
2017-05-09,14.13,14.69,14.13,14.56,3740700
2017-05-10,14.51,15.12,14.5,14.89,1863900
2017-05-11,15.75,16.55,15.71,16.46,5288400
2017-05-12,16.31,16.39,15.84,16.14,1294900
2017-05-15,16,16.35,16,16.15,1132200
2017-05-16,16.26,17.04,16.21,16.95,4386000
2017-05-17,16.69,16.7,16.01,16.05,2506900
2017-05-18,15.79,16.67,15.63,16.48,1712900
2017-05-19,16.51,16.95,16.51,16.93,1784600
2017-05-23,16.99,17.15,16.83,16.93,1054200
2017-05-24,17,17.45,17,17.35,1274800
2017-05-25,17.48,17.7,17.26,17.36,2498100
2017-05-26,17.35,17.7,17.26,17.66,1122500
2017-05-29,17.56,18.06,17.53,17.95,1130500
2017-05-30,17.95,18.05,17.7,17.9,947700
2017-05-31,17.91,17.93,17.72,17.8,887200
2017-06-01,17.7,18.1,17.56,17.77,1870000
2017-06-02,17.77,17.89,17.66,17.89,637500
2017-06-05,17.76,17.85,17.65,17.77,361000
2017-06-06,17.62,17.7,17.22,17.59,1069000
2017-06-07,17.5,18.04,17.5,17.77,1019800
2017-06-08,17.75,18.04,17.71,17.97,850300
2017-06-09,17.85,18.1,17.71,17.89,983000
2017-06-12,17.77,17.92,17.39,17.53,740900
2017-06-13,17.59,17.63,17.37,17.48,545000
2017-06-14,17.56,17.56,17.02,17.07,689600
2017-06-15,17.01,17.14,16.68,17.11,1005900
2017-06-16,17.16,17.19,16.8,17.19,1166000
2017-06-19,17.1,17.5,17.08,17.26,696600
2017-06-20,17.29,17.32,17.06,17.24,481600
2017-06-21,17.27,17.35,17.08,17.11,572300
2017-06-22,17.1,17.68,17.1,17.35,4188200
2017-06-23,17.43,17.48,17.16,17.16,1077700
2017-06-26,17.11,17.48,17.02,17.12,1363700
2017-06-27,17.14,17.17,16.96,17,678400
2017-06-28,16.95,17.32,16.95,17.3,858800
2017-06-29,17.3,17.39,17.15,17.34,594200
2017-06-30,17.32,17.47,17.2,17.38,347000
2017-07-04,17.36,17.45,17.23,17.32,119300
2017-07-05,17.32,17.46,17.2,17.34,423000
2017-07-06,18.04,19.36,18.03,19.2,3498300
2017-07-07,19.2,19.82,18.9,19.75,2177200
2017-07-10,19.8,20.39,19.8,20.37,1753600
2017-07-11,20.45,20.93,20.41,20.76,1640700
2017-07-12,20.8,20.9,20.33,20.8,1511500
2017-07-13,20.73,20.87,20.45,20.84,877000
2017-07-14,20.68,20.9,20.58,20.61,608600
2017-07-17,20.46,20.5,19.99,20.08,1185900
2017-07-18,20.05,20.28,20,20.2,658000
2017-07-19,20.22,20.3,19.87,19.91,909800
2017-07-20,19.95,20.06,19.79,19.88,631100
2017-07-21,19.76,19.86,19.04,19.06,1202000
2017-07-24,19.01,19.46,18.99,19.02,689800
2017-07-25,19.06,19.36,19.06,19.28,633400
2017-07-26,19.34,19.38,18.93,18.97,774700
2017-07-27,19.05,19.19,18.64,18.8,1334200
2017-07-28,18.71,19.12,18.64,19.04,756400
2017-07-31,19.19,19.97,19.19,19.83,1407400
2017-08-01,22,22.25,21.05,21.74,4715900
2017-08-02,22.13,22.25,20.62,20.88,4947500
2017-08-03,20.8,21.75,20.8,21.5,3281800
2017-08-04,21.62,21.83,21.49,21.67,1064300
2017-08-08,21.66,22.15,21.63,21.93,1850900
2017-08-09,21.86,22.16,21.8,22.14,1415800
2017-08-10,22.05,22.23,21.73,21.78,1723600
2017-08-11,21.5,22.14,21.5,22.11,1013800
2017-08-14,22.14,23.09,22.1,22.91,1888400
2017-08-15,23.02,23.12,22.69,22.89,1288600
2017-08-16,22.97,23.01,22.73,22.76,2855000
2017-08-17,22.67,23.02,22.5,22.67,2435000
2017-08-18,22.49,22.53,22.12,22.45,1119900
2017-08-21,22.49,22.94,22.49,22.88,1367500
2017-08-22,22.94,23.11,22.79,23.04,1363300
2017-08-23,23.04,23.95,22.98,23.92,2110800
2017-08-24,23.9,23.99,22.97,23.25,2278700
2017-08-25,23.37,23.6,23.15,23.29,1108200
2017-08-28,23.33,23.38,22.86,23.01,895000
2017-08-29,22.8,23.47,22.74,23.17,1301700
2017-08-30,23.22,23.49,23.18,23.29,1183300
2017-08-31,23.21,23.61,23.18,23.34,1393500
2017-09-01,23.24,23.3,22.96,23.24,850100
2017-09-05,23.19,23.19,22.08,22.65,1364400
2017-09-06,22.73,22.89,22.2,22.33,1509100
2017-09-07,22.3,22.84,22.3,22.77,1253400
2017-09-08,22.69,22.88,22.02,22.08,1336700
2017-09-11,22.07,22.54,21.8,22.46,1577900
2017-09-12,22.64,23.62,22.6,23.54,1703300
2017-09-13,23.5,23.98,23.11,23.59,1416400
2017-09-14,23.5,23.89,23.27,23.81,1635700
2017-09-15,23.8,24.97,23.58,24.29,2556400
2017-09-18,24.15,24.27,23.52,23.65,2384400
2017-09-19,24,24.27,23.08,23.33,2381100
2017-09-20,24,25.92,24,25.84,4327700
2017-09-21,26.1,26.48,25.36,26.4,3399100
2017-09-22,26.28,27.68,26.16,27.51,3819800
2017-09-25,27.4,27.5,25.47,25.5,4153300
2017-09-26,25.64,25.79,25.17,25.54,1811000
2017-09-27,25.51,26.62,25.46,26.48,2434600
2017-09-28,26.36,26.82,26.13,26.61,1227200
2017-09-29,26.56,26.84,26.19,26.24,1322100
2017-10-02,26.23,26.74,25.98,26.38,1030500
2017-10-03,26.49,26.84,26.42,26.46,1867700
2017-10-04,26.5,26.52,26,26.05,1359700
2017-10-05,26.1,26.94,26.08,26.73,1809900
2017-10-06,26.72,26.92,26.45,26.69,873500
2017-10-10,26.74,27.66,26.73,27.23,1791100
2017-10-11,27.38,28.05,27.38,27.92,1645700
2017-10-12,28.1,28.7,27.73,27.76,1480500
2017-10-13,28.15,28.15,26.8,27.7,1691000
2017-10-16,27.75,27.75,27.28,27.44,745900
2017-10-17,27.1,27.48,26.86,27.07,1067400
2017-10-18,27.17,27.27,26.51,26.55,879500
2017-10-19,26.43,27.21,25.89,26.72,1680300
2017-10-20,26.8,26.84,26.2,26.2,1647300
2017-10-23,26.44,26.67,26.16,26.34,1363300
2017-10-24,26.72,26.93,26.15,26.34,2073100
2017-10-25,26.75,26.8,25.15,26,2856500
2017-10-26,25.93,27.25,25.51,27.2,2738900
2017-10-27,27.14,27.14,26.12,26.28,1985200
2017-10-30,26.2,26.28,25.37,25.46,2098200
2017-10-31,25.4,25.98,25.36,25.56,1427100
2017-11-01,25.82,25.87,23.53,24.1,4340500
2017-11-02,24.03,24.83,24.03,24.41,2560300
2017-11-03,24.5,25.08,24.46,24.89,1327900
2017-11-06,25.01,25.02,23.69,24,2198000
2017-11-07,24.05,24.29,23.49,24.09,1953300
2017-11-08,24.12,24.12,23.55,23.85,2491200
2017-11-09,23.89,23.89,23.32,23.42,1594300
2017-11-10,23.4,23.4,22.32,22.77,2997000
2017-11-13,22.66,22.72,21.76,22.54,3837600
2017-11-14,22.6,23.24,22.45,23.02,2593200
2017-11-15,23.04,23.83,22.63,23.54,2439000
2017-11-16,23.63,24.05,23.53,24.04,2058700
2017-11-17,24,24.54,23.8,24.45,1835400
2017-11-20,24.54,25.29,24.13,24.98,1675000
2017-11-21,25.04,25.75,24.92,25.04,1743900
2017-11-22,25.09,25.24,24.97,25.05,1042100
2017-11-23,25.07,25.18,24.73,24.93,584800
2017-11-24,24.78,24.79,24.45,24.57,720200
2017-11-27,24.5,24.85,24.4,24.49,815500
2017-11-28,24.47,24.6,23.77,24.16,1184400
2017-11-29,24.13,24.17,23.57,23.82,1647700
2017-11-30,23.86,24.77,23.75,24.59,2593400
2017-12-01,24.62,24.85,23.8,24.39,2279200
2017-12-04,24.6,25.07,24.47,24.9,1315700
2017-12-05,24.94,25,24.37,24.45,1262000
2017-12-06,24.45,24.75,24.13,24.67,1000600
2017-12-07,24.69,25.07,24.4,24.57,931500
2017-12-08,24.72,25.8,24.69,25.6,2006500
2017-12-11,25.64,25.64,25.2,25.32,1154800
2017-12-12,25.38,25.96,25.28,25.38,1575900
2017-12-13,25.4,25.91,25.22,25.34,1454700
2017-12-14,25.35,25.42,24.87,25.12,1469300
2017-12-15,25.13,25.72,25.13,25.39,1804600
2017-12-18,25.6,25.88,25.55,25.65,1041300
2017-12-19,25.72,26,25.53,25.64,2479400
2017-12-20,25.81,25.82,25.4,25.45,904400
2017-12-21,25.46,25.84,25.2,25.36,1066700
2017-12-22,25.43,25.62,25.25,25.56,853200
2017-12-27,25.53,25.74,25.45,25.73,609400
2017-12-28,25.68,25.94,25.57,25.91,778200
2017-12-29,25.85,25.95,25.69,25.88,628500
2018-01-02,25.9,26.21,25.8,26.19,977800
2018-01-03,26.24,26.24,25.17,25.37,2146200
2018-01-04,25.25,25.36,24.98,24.99,1049600
2018-01-05,25.08,25.09,24.52,24.68,1059400
2018-01-08,24.73,24.73,23.7,23.88,1265600
2018-01-09,23.78,23.85,22.84,23.14,2022100
2018-01-10,23.04,24.16,23.04,23.4,1702500
2018-01-11,23.75,23.91,23.47,23.79,1289400
2018-01-12,23.95,24.51,23.95,24.49,1666200
2018-01-15,24.98,24.98,23.71,23.91,843600
2018-01-16,24.18,24.18,23.01,23.07,1098300
2018-01-17,23.22,23.29,22.58,22.91,1283700
2018-01-18,22.95,23.19,22.84,22.96,1978200
2018-01-19,23.03,23.03,22.87,22.93,606300
2018-01-22,22.93,23.45,22.92,23.44,1824300
2018-01-23,23.4,23.47,23.11,23.16,1013100
2018-01-24,23.05,23.19,22.57,22.8,1697300
2018-01-25,22.75,23.28,22.53,23.02,988600
2018-01-26,23.04,23.08,22.52,23.06,1351800
2018-01-29,23.01,23.48,22.86,23.38,988300
2018-01-30,23.26,24.1,22.82,23.91,1791200
2018-01-31,24.03,24.34,23.63,23.91,1706100
2018-02-01,23.73,23.96,23.51,23.85,930800
2018-02-02,23.72,23.99,23.42,23.7,1435700
2018-02-05,23.17,23.73,23.01,23.15,811500
2018-02-06,22.67,23.69,22.05,23.36,1373800
2018-02-07,23.38,24.33,23.02,23.94,1448600
2018-02-08,23.95,24.6,23.44,23.54,1790100
2018-02-09,23.61,23.76,22.41,22.59,1699400
2018-02-12,22.75,23.4,22.54,22.93,1041400
2018-02-13,22.94,23.15,22.69,22.72,931100
2018-02-14,22.59,23.31,22.42,23.25,1374600
2018-02-15,23.5,24.5,23.5,24.33,1584900
2018-02-16,25.04,25.34,24.6,24.64,2783500
2018-02-20,24.71,25.68,24.71,25.39,2262300
2018-02-21,25.49,26.37,25.49,26.25,2046400
2018-02-22,26.25,26.74,25.84,25.99,1307700
2018-02-23,25.97,26.2,25.82,25.99,703900
2018-02-26,26.06,27.23,26.06,26.97,1827300
2018-02-27,27.2,27.48,26.87,27.17,1774000
2018-02-28,27.2,27.44,26.93,27.06,1772600
2018-03-01,26.96,27.83,26.87,27.3,1515100
2018-03-02,27.01,27.17,26.68,26.89,894700
2018-03-05,26.93,27.13,26.45,27.05,771800
2018-03-06,27.01,27.16,26.78,26.81,745400
2018-03-07,26.73,27.04,26.66,26.75,956800
2018-03-08,26.51,27.15,26.43,27.03,972500
2018-03-09,27.05,27.38,26.88,27.16,996800
2018-03-12,27.05,27.33,26.94,27.32,614900
2018-03-13,27.48,27.93,27.33,27.58,1475300
2018-03-14,27.67,28.18,27.64,28.03,1863900
2018-03-15,28.07,28.46,27.82,28.11,893700
2018-03-16,28.2,28.39,27.96,28.01,1057700
2018-03-19,27.98,28.06,27.36,27.79,913300
2018-03-20,27.88,29.11,27.88,29,1839100
2018-03-21,28.9,28.9,28.41,28.58,1546000
2018-03-22,28.35,28.4,27.15,27.17,1526300
2018-03-23,27.19,27.47,26.82,26.86,762400
2018-03-26,27.49,27.49,26.43,26.68,1144900
2018-03-27,26.74,26.95,26.13,26.28,1159200
2018-03-28,26.28,26.35,25.8,25.93,962500
2018-03-29,25.91,27.15,25.9,26.77,1403400
2018-04-02,26.81,26.81,25.93,26.31,725700
2018-04-03,26.38,26.75,26.23,26.28,662700
2018-04-04,25.9,26.5,25.29,26.35,711200
2018-04-05,26.5,26.56,25.79,25.88,1155700
2018-04-06,25.76,26.24,25.64,25.81,685500
2018-04-09,25.92,26.1,25.41,25.41,618500
2018-04-10,25.66,26.31,25.02,25.36,1131400
2018-04-11,25.27,25.72,24.92,25,1184700
2018-04-12,25.07,25.54,24.94,24.96,704600
2018-04-13,25.04,25.12,24.6,24.75,811900
2018-04-16,24.74,25.29,24.72,25.19,1151600
2018-04-17,25.27,25.95,25.23,25.82,864200
2018-04-18,25.61,26.72,25.47,26.24,1652800
2018-04-19,26.24,26.35,25.64,25.71,1094200
2018-04-20,25.72,25.87,25.28,25.82,963800
2018-04-23,25.75,26.09,25.67,25.72,695700
2018-04-24,25.76,26.16,25.42,25.6,667400
2018-04-25,25.56,25.59,25,25.11,630000
2018-04-26,25,25.17,24.75,24.76,1311500
2018-04-27,24.75,25.02,24.75,25.01,585400
2018-04-30,25.75,26.1,25.24,25.24,2179600
2018-05-01,25.48,25.56,25.01,25.09,838900
2018-05-02,25.01,25.19,24.5,24.81,867000
2018-05-03,24.8,24.83,24.13,24.15,1169400
2018-05-04,24.12,24.19,23.82,24.05,1132000
2018-05-07,24.13,24.29,23.9,23.96,996100
2018-05-08,23.78,23.85,23.24,23.71,1973200
2018-05-09,23.72,23.75,23.1,23.1,992200
2018-05-10,23.01,23.1,22.55,22.89,1417700
2018-05-11,22.86,23.99,22.86,23.76,1768100
2018-05-14,24,24.03,23.56,23.61,1741700
2018-05-15,23.64,24.75,23.64,24.65,1523800
2018-05-16,24.76,25.27,24.56,24.69,977700
2018-05-17,24.8,24.86,24.55,24.59,851400
2018-05-18,24.59,24.72,24.27,24.32,530800
2018-05-22,24.2,24.34,23.91,23.97,994100
2018-05-23,23.91,24.13,23.69,23.81,617600
2018-05-24,23.82,24.22,23.73,24.22,707900
2018-05-25,24.25,24.92,24.22,24.47,990400
2018-05-28,24.55,24.87,24.55,24.72,360700
2018-05-29,24.46,24.55,23.47,23.9,1378200
2018-05-30,23.96,23.99,23.44,23.54,1240900
2018-05-31,23.24,23.68,22.91,22.97,1386300
2018-06-01,23.05,23.29,22.56,22.88,1226000
2018-06-04,22.78,23.71,22.78,23.71,932900
2018-06-05,23.7,23.81,23.3,23.5,842400
2018-06-06,23.6,23.98,23.49,23.68,949800
2018-06-07,23.73,23.81,23.11,23.18,788100
2018-06-08,23.18,23.41,23.09,23.19,704900
2018-06-11,23.24,23.52,23.03,23.14,968700
2018-06-12,23.11,23.52,23.06,23.43,996000
2018-06-13,23.45,23.58,23.22,23.28,510400
2018-06-14,23.29,23.54,23.06,23.18,929500
2018-06-15,23.16,23.29,22.84,23.19,1503900
2018-06-18,23.06,23.21,22.85,23.01,773100
2018-06-19,23.1,23.22,22.57,23.14,1073400
2018-06-20,23.14,23.64,22.94,23.52,1170400
2018-06-21,23.58,23.71,23.34,23.48,728800
2018-06-22,23.4,23.54,23,23.3,881600
2018-06-25,23.19,23.19,22.21,22.48,1782300
2018-06-26,22.52,22.52,21.63,22.05,1710300
2018-06-27,22.11,22.11,21.11,21.18,1834700
2018-06-28,21,21.12,20.33,20.79,1873800
2018-06-29,21.04,21.33,20.92,21.25,1381400
2018-07-03,21.2,21.54,21.07,21.32,863800
2018-07-04,21.32,21.38,21.09,21.25,194000
2018-07-05,21.29,21.32,20.92,21,871700
2018-07-06,20.92,20.96,20.7,20.92,634000
2018-07-09,20.91,21.87,20.78,21.72,1565200
2018-07-10,21.7,21.77,21,21.13,1228900
2018-07-11,21.05,21.06,20.63,20.73,1243500
2018-07-12,20.9,21.34,20.77,20.91,1107500
2018-07-13,20.94,21.13,20.74,20.84,830400
2018-07-16,20.85,21.04,20.65,20.73,691900
2018-07-17,20.69,21.63,20.66,21.46,1454100
2018-07-18,21.8,22.64,21.69,22.34,1817600
2018-07-19,22.34,22.4,21.79,22.18,1290800
2018-07-20,22.11,22.31,21.83,21.93,962400
2018-07-23,21.81,22.24,21.79,22.04,859900
2018-07-24,22.07,22.5,22.02,22.09,893600
2018-07-25,22.01,22.51,21.9,22.4,1114200
2018-07-26,22.41,23.61,22.41,23.48,1909600
2018-07-27,23.31,24.2,22.1,23.41,2460300
2018-07-30,23.58,24.3,23.58,24.3,1728300
2018-07-31,24.33,24.36,23.45,23.53,2051200
2018-08-01,23.57,23.79,23.12,23.41,804600
2018-08-02,23.25,23.7,23.14,23.27,813600
2018-08-03,23.23,23.84,23.23,23.73,826500
2018-08-07,23.73,24.33,23.51,23.78,1318600
2018-08-08,23.7,24.65,23.69,24.63,1349600
2018-08-09,24.6,24.7,23.83,23.91,1124100
2018-08-10,23.82,24.14,23.35,23.49,730400
2018-08-13,23.43,23.84,23.2,23.51,789400
2018-08-14,23.49,23.69,23.25,23.5,633900
2018-08-15,23.38,23.56,23.25,23.4,918400
2018-08-16,23.37,24.01,23.37,23.87,1157200
2018-08-17,23.8,24.03,23.58,24.01,813200
2018-08-20,24,24.85,24,24.72,1897400
2018-08-21,25,26.81,25,26.78,3358300
2018-08-22,26.51,26.78,26.15,26.52,1295800
2018-08-23,26.5,27.33,26.5,26.77,1837400
2018-08-24,26.8,27,26.48,26.82,719900
2018-08-27,26.8,27.15,26.68,26.81,719700
2018-08-28,26.77,27.13,26.63,27.1,771000
2018-08-29,27,27.21,26.93,27.04,824300
2018-08-30,26.94,27.11,26.82,26.89,644100
2018-08-31,26.82,27.06,26.54,26.82,594400
2018-09-04,26.81,26.94,26.12,26.54,956300
2018-09-05,26.4,26.69,25.98,26.58,1152200
2018-09-06,26.59,27.1,26.41,26.76,940500
2018-09-07,26.73,27.02,26.64,26.83,657800
2018-09-10,26.81,26.99,26.67,26.83,745500
2018-09-11,26.7,27.35,26.61,27.33,742600
2018-09-12,27.31,27.71,27.01,27.18,1495100
2018-09-13,27.2,27.55,26.71,26.77,692800
2018-09-14,26.75,27.48,26.66,27.4,886200
2018-09-17,27.32,27.53,26.89,27.13,1186200
2018-09-18,27.16,27.44,26.84,27.37,887200
2018-09-19,27.39,27.58,26.98,27.37,1411900
2018-09-20,27.39,27.66,27.28,27.66,697600
2018-09-21,27.64,28.44,27.57,28.33,3149300
2018-09-24,28.33,28.36,27.67,28.18,1674400
2018-09-25,28.14,28.35,27.17,27.49,1367000
2018-09-26,27.54,27.98,27.1,27.73,1198200
2018-09-27,27.65,28.03,27.36,27.53,779000
2018-09-28,27.5,27.79,27.35,27.6,968000
2018-10-01,28,28.22,26.13,26.21,2283600
2018-10-02,26.16,26.75,25.12,25.96,1930700
2018-10-03,25.93,26.16,25.43,25.58,871200
2018-10-04,25.52,25.62,24.74,25.21,1255200
2018-10-05,25.18,25.88,24.93,25.41,843500
2018-10-09,25.28,25.28,24.54,24.76,873300
2018-10-10,24.76,24.78,23.76,24.13,3182100
2018-10-11,23.75,24.61,23.13,24.13,4038600
2018-10-12,24.5,24.55,24.11,24.31,1923600
2018-10-15,24.26,24.76,24.25,24.51,1509200
2018-10-16,24.65,25.55,24.23,25.49,1647600
2018-10-17,25.65,26.04,25.15,25.65,1604500
2018-10-18,25.53,25.72,24.23,24.41,1713100
2018-10-19,24.44,24.7,23.98,24.19,1408100
2018-10-22,24.23,24.41,23.79,24.17,1145300
2018-10-23,23.79,24.83,23.13,24.62,1817600
2018-10-24,24.21,24.61,22.57,22.66,2140000
2018-10-25,22.86,24.15,22.81,23.84,2026100
2018-10-26,23.49,24.22,23.37,24.14,1188100
2018-10-29,24.34,24.7,23.52,23.85,1339000
2018-10-30,23.59,23.76,23,23.41,1143300
2018-10-31,23.7,25.27,23.7,24.98,2537900
2018-11-01,25.18,25.98,25.08,25.97,1482500
2018-11-02,26,26.75,25.82,26.49,1387200
2018-11-05,26.29,26.83,26.26,26.67,1009500
2018-11-06,26.61,26.64,26.3,26.34,755200
2018-11-07,26.54,27.05,26.39,26.98,1311300
2018-11-08,26.99,27.19,26.43,26.6,1014900
2018-11-09,26.48,26.94,26.24,26.51,1218500
2018-11-12,26.43,26.86,26.21,26.7,1089200
2018-11-13,26.71,27.66,26.71,26.99,1235300
2018-11-14,26.8,27,25.84,26.63,2311900
2018-11-15,26.45,26.45,25.44,25.95,1500700
2018-11-16,25.88,25.94,25.28,25.51,1263400
2018-11-19,25.39,25.57,24.92,25.07,964900
2018-11-20,24.79,25.07,24.18,24.75,757600
2018-11-21,25,26.04,24.7,25.36,1842200
2018-11-22,25.37,25.44,25.23,25.28,145800
2018-11-23,25.3,26.28,25.26,26.17,748600
2018-11-26,26.2,27.76,26.09,27.41,1992500
2018-11-27,27.35,28.14,27.35,27.6,1480800
2018-11-28,28,28.34,27.67,28.24,1590500
2018-11-29,28.14,28.7,28,28.65,1055800
2018-11-30,28.65,29.39,28.64,29,1417900
2018-12-03,29,29.35,28.75,28.91,1118400
2018-12-04,28.54,28.54,27.42,27.68,1895100
2018-12-05,27.79,28.18,27.71,28.04,346500
2018-12-06,27.8,27.83,27.09,27.8,1484200
2018-12-07,27.75,27.9,26.53,26.77,1172300
2018-12-10,26.29,26.96,25.96,26.83,1530000
2018-12-11,27.13,27.3,26.5,26.7,878400
2018-12-12,26.98,27.2,26.25,26.26,1288300
2018-12-13,26.42,26.82,25.17,25.51,1470400
2018-12-14,25.13,25.98,25.13,25.43,907800
2018-12-17,25.42,25.66,25.06,25.28,969000
2018-12-18,25.46,26.14,25.19,26.07,1589800
2018-12-19,26.2,27.01,25.94,26.05,1126100
2018-12-20,26,26.36,25.64,25.69,2363200
2018-12-21,25.73,25.8,24.34,24.5,2263200
2018-12-24,24.4,24.4,23.5,23.9,1037700
2018-12-27,24.26,25.3,24.22,25.12,1291000
2018-12-28,25.6,25.6,24.96,25.33,701700
2018-12-31,25.47,26.07,25.47,25.96,658100
2019-01-02,25.49,26.32,25.21,25.83,772500
2019-01-03,25.86,25.86,24.75,25.11,1039700
2019-01-04,25.33,26.77,25.28,26.69,1023900
2019-01-07,26.63,26.84,26.31,26.72,1153500
2019-01-08,26.78,27.01,26.1,26.66,973800
2019-01-09,26.65,27,26.36,26.77,805400
2019-01-10,26.51,26.73,25.75,26.54,1422900
2019-01-11,27,27.56,26.8,27.22,1737100
2019-01-14,27.13,28.04,27,27.53,1081100
2019-01-15,27.6,28.02,27.46,27.57,1128000
2019-01-16,27.64,28.14,27.64,28.04,1618500
2019-01-17,27.84,28.6,27.69,28.34,1131700
2019-01-18,28.4,28.51,27.89,28.28,1209000
2019-01-21,28.15,28.53,28.11,28.46,319200
2019-01-22,28.27,28.43,27.73,27.98,847600
2019-01-23,27.93,28.38,27.79,27.98,957400
2019-01-24,28.04,28.78,28,28.44,816400
2019-01-25,28.6,28.66,28.4,28.54,813500
2019-01-28,28.42,29.03,28.35,28.61,1096300
2019-01-29,28.66,29.09,28.66,28.93,1033800
2019-01-30,29.1,29.51,28.91,29.24,818300
2019-01-31,29.3,29.83,29.25,29.67,731600
2019-02-01,29.79,30.48,29.75,30.22,1724600
2019-02-04,30.3,30.57,30.22,30.28,1094200
2019-02-05,30.38,31.28,30.18,31.21,1373900
2019-02-06,31.28,31.62,30.62,31.32,1646000
2019-02-07,31.15,31.2,30.46,31.18,1279900
2019-02-08,31.05,31.5,30.9,31.36,1013500
2019-02-11,31.5,31.86,31.23,31.68,1265400
2019-02-12,31.7,32.12,31.67,31.69,1771000
2019-02-13,31.8,31.81,31.08,31.64,1117300
2019-02-14,31.73,32.02,31.23,31.98,1235200
2019-02-15,30.61,33.58,30.6,33.15,3147700
2019-02-19,33.38,33.92,32.99,33.02,1217600
2019-02-20,32.8,33.25,32.33,32.89,1170100
2019-02-21,32.75,33.46,32.63,33.3,945700
2019-02-22,33.34,33.92,32.92,33.14,934200
2019-02-25,33.15,33.53,33.02,33.4,803700
2019-02-26,33.39,34.12,33.02,33.92,1266600
2019-02-27,33.99,34.65,33.87,34.27,2069800
2019-02-28,35,35.5,32.88,33.11,3089900
2019-03-01,33.6,34.13,33.35,34,1754900
2019-03-04,34.1,34.35,33.31,33.6,1383000
2019-03-05,33.53,33.54,32.77,33.02,1405000
2019-03-06,32.94,33.42,32.47,32.78,1502700
2019-03-07,32.56,33.03,32.1,33,1241900
2019-03-08,32.59,33.37,32.4,33.16,984600
2019-03-11,32.6,33.4,32.58,33.36,745300
2019-03-12,33.35,33.43,31.92,32.04,1503200
2019-03-13,32,32.69,31.35,32.01,2470100
2019-03-14,31.9,32.18,31.65,31.89,795200
2019-03-15,31.33,32.34,30.96,31.66,3048100
2019-03-18,31.25,31.68,31.05,31.42,1146200
2019-03-19,31.6,32.01,31.39,31.75,965500
2019-03-20,31.65,31.73,31.39,31.44,853600
2019-03-21,31.4,31.71,31.38,31.46,644500
2019-03-22,31.38,31.78,30.86,31.61,1579800
2019-03-25,31.47,31.61,30.88,30.96,988500
2019-03-26,31.11,32.05,30.95,31.92,1248100
2019-03-27,31.96,32.45,31.79,32.2,1175700
2019-03-28,32.32,32.67,32.08,32.13,913000
2019-03-29,32.34,32.49,32.1,32.21,910400
2019-04-01,32.44,33.74,32.36,33.56,1023200
2019-04-02,33.72,33.75,32.84,33.58,915500
2019-04-03,33.58,34.11,33.47,33.49,646400
2019-04-04,33.4,33.6,32.75,33.03,951800
2019-04-05,33.15,33.48,32.85,32.98,793400
2019-04-08,32.8,32.92,32.2,32.88,920800
2019-04-09,32.71,33.01,32.23,32.32,830900
2019-04-10,32.33,32.63,32.05,32.37,998000
2019-04-11,32.44,32.92,32.35,32.79,1250100
2019-04-12,32.94,32.94,32.35,32.53,924100
2019-04-15,32.46,32.47,31.67,31.95,1202400
2019-04-16,31.92,32.04,31.49,31.66,1094000
2019-04-17,31.79,32.26,31.78,32.24,615300
2019-04-18,32.19,32.68,32,32.59,522700
2019-04-22,32.57,32.58,31.99,32.14,525300
2019-04-23,32.11,32.15,31.5,31.57,1074600
2019-04-24,31.55,31.73,31.35,31.45,918600
2019-04-25,31.49,32.24,31.29,32.06,836900
2019-04-26,32.04,32.33,31.67,31.82,667800
2019-04-29,31.76,32.06,31.43,31.95,672000
2019-04-30,31.94,32.34,31.89,32.16,664000
2019-05-01,32.14,33.23,32.14,32.87,1608300
2019-05-02,33.02,33.14,32.2,32.57,878200
2019-05-03,32.64,33.75,32.44,33.62,916800
2019-05-06,34.28,35.47,34.17,35.28,2379100
2019-05-07,35.18,36.23,35.16,35.5,2293100
2019-05-08,35.5,36.71,35.36,36.3,2154200
2019-05-09,36.28,36.36,35.41,35.87,1212900
2019-05-10,35.82,36.31,35.42,36.21,1271700
2019-05-13,37.16,38.74,37.13,38.21,3315600
2019-05-14,38.25,39.09,37.74,38.8,1967900
2019-05-15,38.77,39.16,38.55,38.88,1486800
2019-05-16,39.64,40.8,39.19,40.4,2883900
2019-05-17,40.37,41.04,40.05,40.86,2124800
2019-05-21,40.86,41.4,40.59,40.78,1088200
2019-05-22,40.66,40.9,39.71,39.72,1184500
2019-05-23,39.56,39.94,38.77,39.49,1206300
2019-05-24,39.61,40.7,39.44,40.43,1095200
2019-05-27,40.38,41.33,40.01,41.22,469300
2019-05-28,41.1,41.47,40.51,40.72,693500
2019-05-29,40.75,41.1,40.48,40.51,1008000
2019-05-30,40.51,41.21,40.26,40.35,764100
2019-05-31,40.15,40.31,39.52,39.9,892700
2019-06-03,39.81,39.81,38.99,39.16,1454500
2019-06-04,39.08,40.21,39.01,39.41,1184500
2019-06-05,39.89,39.89,39.2,39.34,608900
2019-06-06,39.36,39.62,38.71,39.03,714100
2019-06-07,38.91,39.3,38.59,39.08,893100
2019-06-10,39.14,39.53,38.58,38.62,606700
2019-06-11,38.68,40.14,38.51,39.97,1095200
2019-06-12,40.05,40.06,39.55,39.8,730100
2019-06-13,39.76,40.28,39.65,39.88,560800
2019-06-14,39.91,40.02,39.53,39.99,478200
2019-06-17,39.95,40.07,39.37,39.54,666900
2019-06-18,39.58,39.95,39.25,39.54,485300
2019-06-19,39.63,40.79,39.38,40.73,809100
2019-06-20,40.73,40.89,39.35,39.46,917700
2019-06-21,39.36,40.13,39.14,40,800000
2019-06-24,39.96,40.87,39.62,40.17,572200
2019-06-25,40.16,40.16,39.44,39.5,744000
2019-06-26,39.52,39.81,39.2,39.36,752000
2019-06-27,39.86,41.44,39.75,40.6,1263500
2019-06-28,40.53,40.58,39.6,39.69,841100
2019-07-02,39.77,40.82,39.45,40.6,983700
2019-07-03,40.6,41.07,40.18,41.06,766600
2019-07-04,41.06,42,40.95,41.89,499600
2019-07-05,41.76,42.49,41.46,41.73,673900
2019-07-08,41.65,41.89,41.34,41.49,485200
2019-07-09,41.47,41.68,40.65,40.76,754600
2019-07-10,40.75,42.32,40.75,41.76,1026600
2019-07-11,41.76,42.69,41.76,41.88,1143400
2019-07-12,41.98,42.72,41.94,42.51,1022200
2019-07-15,42.52,43.4,42.3,42.87,1137900
2019-07-16,43.4,43.68,42.93,43.35,1201600
2019-07-17,43.31,43.7,42.6,43.45,1548300
2019-07-18,43.52,45.5,43.46,44.32,1416200
2019-07-19,44.44,45.01,44.17,44.21,1193500
2019-07-22,44.08,44.36,43.56,44.1,733600
2019-07-23,44.22,44.31,43.77,44.22,829700
2019-07-24,44.24,44.6,44.08,44.5,829600
2019-07-25,44.53,44.7,43.96,44.07,726800
2019-07-26,44.21,45.75,44.21,45.55,1177700
2019-07-29,45.93,46.71,44.74,45.09,1590600
2019-07-30,46.13,47.43,44.32,46.69,2513900
2019-07-31,47.1,47.24,44.84,45.41,2444200
2019-08-01,45.26,45.28,44.31,44.98,2019600
2019-08-02,44.43,44.87,43.55,44.41,1247600
2019-08-06,43.19,44.33,42.89,44.16,1504400
2019-08-07,43.43,43.59,42.71,43.31,1489300
2019-08-08,43.63,44.81,43.63,44.47,1791300
2019-08-09,44.29,45.06,43.96,44.5,570700
2019-08-12,44.01,44.67,43.31,43.76,1232800
2019-08-13,43.79,44.03,43.4,43.5,1166600
2019-08-14,43.2,43.3,41.92,42.32,1317600
2019-08-15,42.31,43.17,41.78,41.86,982700
2019-08-16,41.79,43.9,41.77,43.58,1252900
2019-08-19,43.93,44.68,43.51,43.67,957900
2019-08-20,43.38,43.9,42.98,43.21,795300
2019-08-21,43.32,44.92,43.32,44.21,938400
2019-08-22,44.29,44.35,43.29,43.9,816400
2019-08-23,43.39,43.76,42.91,43.1,1355200
2019-08-26,43.42,43.55,42.39,42.45,1375200
2019-08-27,42.76,43.25,42.46,42.71,9401600
2019-08-28,42.66,43.28,42.53,42.69,1062400
2019-08-29,42.91,43.95,42.81,43.55,2207400
2019-08-30,43.71,45.22,43.71,44.75,1378200
2019-09-03,44.21,44.92,43.5,43.62,1495100
2019-09-04,44.01,44.4,43.32,43.57,945000
2019-09-05,43.97,44.88,43.49,44.09,1123600
2019-09-06,44.03,44.86,43.82,44.56,844500
2019-09-09,44.45,44.45,43.88,44,1469300
2019-09-10,44,44.04,41.9,42.38,1786700
2019-09-11,42.49,42.76,42.3,42.7,1544800
2019-09-12,42.83,43.55,42.57,42.91,1272600
2019-09-13,43.06,43.33,42.93,43.13,1068100
2019-09-16,42.28,42.5,41.4,41.81,1645800
2019-09-17,41.65,44.37,41.65,44.01,1990100
2019-09-18,44.45,44.45,42.85,43.4,1092300
2019-09-19,43.45,43.74,42.89,43.03,955500
2019-09-20,42.99,43.38,42.24,42.75,1558700
2019-09-23,42.66,43.33,42.45,43.04,601400
2019-09-24,43.08,44.39,42.6,43,989600
2019-09-25,42.98,43.64,42.9,43.13,758300
2019-09-26,43.14,43.47,42.8,43.14,857700
2019-09-27,43.25,44.2,42.63,42.95,1103500
2019-09-30,42.95,43.45,42.88,43.21,1106500
2019-10-01,43.45,44.13,42.3,43.12,1401900
2019-10-02,42.78,43.2,41.8,42.54,1690800
2019-10-03,42.25,43.12,42,43.1,1001400
2019-10-04,43.27,43.49,42.8,43.27,606600
2019-10-07,43.12,43.45,42.86,43.24,592100
2019-10-08,43.08,43.45,42.54,42.88,779200
2019-10-09,43.15,44.03,42.95,43.66,891800
2019-10-10,43.63,44.83,43.25,44.81,957900
2019-10-11,45,46.36,44.85,45.55,1065500
2019-10-15,45.5,45.91,45,45.63,1052400
2019-10-16,45.68,46.12,45.16,45.38,1008700
2019-10-17,45.58,45.83,45.29,45.54,1034000
2019-10-18,45.56,45.97,45.18,45.26,1218800
2019-10-21,45.55,46.99,45.29,46.23,1132600
2019-10-22,46.5,46.99,45.21,45.43,1057600
2019-10-23,45.27,46.03,45.06,45.73,877500
2019-10-24,46.01,46.53,45.78,46.01,719100
2019-10-25,46.02,46.28,45.71,45.99,580500
2019-10-28,45.96,46.62,45.72,45.72,1010400
2019-10-29,45.38,48.09,44.85,47.42,2423600
2019-10-30,47.55,47.99,46.37,46.56,1395500
2019-10-31,46.5,46.91,46,46.9,1542700
2019-11-01,47,47.53,46.81,46.99,791100
2019-11-04,47.15,47.46,46.77,47.28,721300
2019-11-05,47.26,47.3,46.64,47.06,1391000
2019-11-06,47.32,48.67,47.15,48.6,1545500
2019-11-07,49.75,49.75,47.2,47.33,1421900
2019-11-08,47.4,48.77,47.27,48.63,1074400
2019-11-11,48.26,48.48,47.31,48.13,1013400
2019-11-12,48.15,49.11,48.11,48.56,1089700
2019-11-13,48.6,49.26,48.24,48.87,695100
2019-11-14,48.88,49.72,48.63,49.3,962600
2019-11-15,49.34,49.83,48.86,49.36,757300
2019-11-18,49.29,49.72,48.95,49.56,986100
2019-11-19,49.63,50.12,49.3,49.88,1059300
2019-11-20,49.7,50.12,49.36,49.75,781500
2019-11-21,49.74,50.04,49.44,49.45,697600
2019-11-22,49.46,49.68,48.96,49.17,591500
2019-11-25,49.18,49.9,49.11,49.85,586000
2019-11-26,49.89,50.6,49.6,50.54,1659800
2019-11-27,50.5,51.07,50.2,50.2,861200
2019-11-28,50.24,50.81,50.05,50.64,344900
2019-11-29,50.78,50.83,49.87,50.05,568100
2019-12-02,50.01,50.21,49.14,49.47,967900
2019-12-03,49.15,49.72,48.47,49.37,1463700
2019-12-04,49.5,49.88,49.11,49.2,942400
2019-12-05,49.2,49.54,48.81,49.19,495900
2019-12-06,49.34,49.83,48.85,49.03,797500
2019-12-09,48.97,49.1,48.45,48.87,751600
2019-12-10,48.79,49,48.42,48.56,774300
2019-12-11,48.57,49.87,48.28,49.39,866500
2019-12-12,49.37,49.47,48.65,48.8,1038800
2019-12-13,48.82,49.8,48.65,49.5,817500
2019-12-16,49.58,50.06,49.23,49.88,846500
2019-12-17,49.81,50.61,49.49,50.33,966600
2019-12-18,50.24,50.83,49.92,50.01,830800
2019-12-19,49.95,49.95,49.04,49.35,992000
2019-12-20,49.36,49.88,49.19,49.7,874700
2019-12-23,50,50.04,49.57,49.69,461900
2019-12-24,49.9,49.96,49.49,49.6,272700
2019-12-27,49.84,49.96,49.47,49.68,512000
2019-12-30,49.59,49.9,48.36,48.85,683300
2019-12-31,48.83,48.92,48.32,48.51,425200
2020-01-02,48.72,50.07,48.57,50,657500
2020-01-03,48.98,48.99,46.85,48.31,1967400
2020-01-06,47.61,47.82,47.11,47.3,1134900
2020-01-07,47.3,48.27,47.2,48.24,863700
2020-01-08,47.75,49.28,47.75,49.04,1193100
2020-01-09,49.12,50.39,49.07,49.6,1388000
2020-01-10,49.59,51.02,49.2,50.9,1443000
2020-01-13,50.85,52.18,50.47,52.09,1388000
2020-01-14,52.03,52.71,51.49,52.01,1352900
2020-01-15,51.93,52.46,51.34,51.54,1108500
2020-01-16,51.7,52.22,51.56,51.79,930700
2020-01-17,50.48,51.52,50.16,51.08,1767400
2020-01-20,50.82,51.41,50.66,51.15,310700
2020-01-21,50.5,50.61,47.68,48.84,3095100
2020-01-22,49.3,49.68,48.64,48.68,1282200
2020-01-23,48.46,49,47.01,48.42,2002000
2020-01-24,48.45,48.58,45.77,47.18,2416400
2020-01-27,43.41,45.53,43.4,44.74,2709200
2020-01-28,45.12,45.77,44.69,45.1,2257300
2020-01-29,45.28,45.96,44.71,45.6,1916400
2020-01-30,45.1,45.2,44.18,44.93,1586100
2020-01-31,44.63,45.14,44.16,44.33,1529100
2020-02-03,44.37,45.18,44.12,44.78,1499600
2020-02-04,45.59,47.25,45.52,46.51,1812500
2020-02-05,47.25,48.06,46.4,46.7,1971000
2020-02-06,47,47.13,46.33,46.35,1373700
2020-02-07,46.25,46.25,45.04,45.46,1316300
2020-02-10,45.24,45.47,44.73,45.08,1787000
2020-02-11,45.33,47.2,45.33,46.58,1547500
2020-02-12,46.7,47.29,46.2,47.07,1302600
2020-02-13,46.76,47.59,46.76,47.05,1117200
2020-02-14,47,47.01,46.13,46.22,1210500
2020-02-18,44.42,45.75,43.1,45,3609400
2020-02-19,45.3,45.68,44.73,45.31,1609000
2020-02-20,45.06,45.6,44.35,44.45,1729700
2020-02-21,44.2,44.24,41.86,42.18,3264800
2020-02-24,38.42,40.38,37.89,40.07,3153200
2020-02-25,40.25,40.29,37.22,37.39,3094500
2020-02-26,36.88,37.5,34.83,34.92,4192300
2020-02-27,32,37,31.67,35.45,3674600
2020-02-28,33.26,34.59,33.01,34.25,4015300
2020-03-02,34.4,34.96,33.4,34.57,2830300
2020-03-03,35.7,36.65,34.74,34.94,4155000
2020-03-04,35.66,36.22,34.08,35.07,3817800
2020-03-05,33.92,34.04,31.91,32.16,4867000
2020-03-06,30.98,34.5,30.53,33.16,4782500
2020-03-09,29.5,31.31,28.01,30.31,3631800
2020-03-10,31,31.64,30.45,31.22,3935200
2020-03-11,30.4,30.4,27.24,27.4,6420000
2020-03-12,23.25,25.86,21,24.9,5820300
2020-03-13,25.82,27.3,23.35,25.37,5504700
2020-03-16,22.84,22.84,15.65,18.23,8202100
2020-03-17,19,19.1,15.51,16.09,5450700
2020-03-18,15,15.18,9.26,12.9,14794500
2020-03-19,13.7,14.36,10.84,12.15,8224000
2020-03-20,15.85,15.85,12.22,12.41,8817800
2020-03-23,13.06,13.74,12.21,12.7,6087700
2020-03-24,15.12,15.5,14.06,15.11,7667100
2020-03-25,17.35,19.48,15.31,17.51,13034500
2020-03-26,18.21,19.26,17.08,17.91,10192600
2020-03-27,17.4,17.57,15.5,16.75,7648400
2020-03-30,16.01,16.95,15.3,16.08,5420600
2020-03-31,16.27,16.72,15.5,15.75,5622600
2020-04-01,15.3,15.55,14.28,14.46,6336500
2020-04-02,14.51,15.17,14.04,14.72,4566400
2020-04-03,14.94,15.04,13.53,14.55,6858100
2020-04-06,15.24,15.49,14.86,15.16,5717300
2020-04-07,16.69,17.5,16,16.57,9164600
2020-04-08,17.25,18.94,16.85,18.74,9022700
2020-04-09,20,22,19.46,20.08,9861500
2020-04-13,20.5,20.72,18.79,19.31,6151800
2020-04-14,19.99,20.5,19.28,19.43,5812600
2020-04-15,19,19.24,18.3,18.66,4679900
2020-04-16,18.79,18.86,17.03,17.1,7832100
2020-04-17,18,18.42,17.54,18.15,7055000
2020-04-20,17.7,19.2,17.12,18.12,7190300
2020-04-21,17.5,18.5,17.38,17.75,3720100
2020-04-22,18.26,18.35,17.67,17.96,2929900
2020-04-23,18,18.4,17.69,18.19,3334200
2020-04-24,18.25,18.65,17.9,18.24,3935300
2020-04-27,18.5,19.2,18.27,18.8,4357100
2020-04-28,19.25,21.1,19.11,20.6,7469400
2020-04-29,21.63,22.78,21.33,21.65,8025400
2020-04-30,21.54,21.55,19.83,20.24,6947900
2020-05-01,19.5,19.56,18.76,19.3,6436400
2020-05-04,17.17,18.5,16.8,17.63,9564600
2020-05-05,18.51,18.51,17,17.01,8098600
2020-05-06,17.01,17.39,16.36,16.68,4954900
2020-05-07,16.81,17.28,16.48,16.53,4998600
2020-05-08,16.76,17.05,16.6,17.05,4128300
2020-05-11,16.86,16.89,16.13,16.3,4256000
2020-05-12,16.37,16.44,15.29,15.32,7357300
2020-05-13,15.15,15.17,13.94,14.1,7663300
2020-05-14,13.58,15.38,12.8,15.22,9154500
2020-05-15,15.08,15.13,14.35,14.62,5179300
2020-05-19,16,16.86,15.46,16.73,8682400
2020-05-20,17.14,17.5,16.9,17.01,5323400
2020-05-21,16.81,17.37,16.27,16.98,3678000
2020-05-22,16.95,16.97,16.3,16.71,3572400
2020-05-25,17,17.2,16.66,16.76,2423400
2020-05-26,17.19,18.24,17.16,17.67,7372000
2020-05-27,17.75,17.78,15.93,16.44,17432000
2020-05-28,16.7,16.77,15.95,16,11509400
2020-05-29,15.88,15.99,15.54,15.9,7199400
2020-06-01,15.99,16.57,15.61,16.41,6368000
2020-06-02,16.7,16.9,16.52,16.69,6789800
2020-06-03,17.03,18.5,16.88,18.37,12157400
2020-06-04,19.07,19.92,18.57,19.42,15276700
2020-06-05,21.94,22.5,19.95,20.29,19742500
2020-06-08,21.9,23.55,21.05,23.39,16674700
2020-06-09,22.25,22.28,20.56,21.01,14740700
2020-06-10,20.5,20.68,19.01,19.51,12646200
2020-06-11,17.5,18.83,17.05,17.85,12470900
2020-06-12,19.35,19.64,18.16,19.4,14378900
2020-06-15,18.39,19.28,18.1,18.54,10437500
2020-06-16,19.79,19.88,18.95,19.23,9399600
2020-06-17,19,19.18,18.64,18.75,5020400
2020-06-18,18.5,19.19,18.34,18.81,4773200
2020-06-19,19.15,19.15,18.14,18.4,5516500
2020-06-22,18.14,18.67,17.78,18.54,3811800
2020-06-23,18.7,18.87,17.95,18,6302400
2020-06-24,17.77,17.8,17.05,17.19,5681800
2020-06-25,16.97,17.66,16.75,17.1,5068300
2020-06-26,17.08,17.18,16.55,16.7,4187400
2020-06-29,16.84,17.69,16.38,17.48,5084400
2020-06-30,17.38,17.46,16.75,16.95,5011500
2020-07-02,17.26,17.4,17.07,17.13,4269600
2020-07-03,17.15,17.31,17.02,17.21,1139000
2020-07-06,17.4,17.54,16.8,16.92,3888300
2020-07-07,16.71,16.73,16.11,16.21,5308200
2020-07-08,16.09,16.58,15.92,16.57,4509900
2020-07-09,16.52,16.86,15.9,16.2,4656600
2020-07-10,16.11,16.64,16.01,16.17,4056600
2020-07-13,16.31,16.78,15.95,16.36,4404400
2020-07-14,16.16,16.28,15.96,15.99,4062000
2020-07-15,16.43,18.45,16.37,18.2,11781500
2020-07-16,17.56,17.73,17.05,17.48,6912900
2020-07-17,17.61,17.7,16.9,16.93,3903000
2020-07-20,17,17.18,16.58,16.98,2928600
2020-07-21,17.14,17.28,16.95,16.97,3099200
2020-07-22,16.93,17.19,16.83,16.84,2693600
2020-07-23,16.84,17.08,16.52,16.82,3170200
2020-07-24,16.7,16.72,16.33,16.47,2672800
2020-07-27,16.44,16.47,16.15,16.33,1903600
2020-07-28,16.18,16.98,16.16,16.73,3790000
2020-07-29,16.75,16.87,16.3,16.36,2467800
2020-07-30,16.17,16.24,16,16.09,3516800
2020-07-31,16,16.05,15.02,15.11,7404500
2020-08-04,15.44,15.76,15.03,15.12,5616600
2020-08-05,15.37,15.84,15.02,15.72,4774700
2020-08-06,15.83,16.09,15.51,15.95,4358300
2020-08-07,15.91,15.95,15.58,15.73,2837500
2020-08-10,15.9,16.64,15.76,16.23,6269700
2020-08-11,16.87,17,16.5,16.69,6187400
2020-08-12,16.9,16.99,16.42,16.95,4690600
2020-08-13,16.82,17.49,16.75,17.08,4961800
2020-08-14,16.95,17.11,16.68,16.85,2996900
2020-08-17,16.92,16.93,16.11,16.18,4120400
2020-08-18,16.21,16.35,15.79,15.87,3298800
2020-08-19,15.87,16.62,15.86,16.39,4428700
2020-08-20,16.1,16.34,15.95,16.18,2372600
2020-08-21,16.1,16.38,15.9,15.99,2594800
2020-08-24,16.2,17,16.15,16.97,7138500
2020-08-25,17.1,17.33,16.47,16.68,4660700
2020-08-26,16.69,16.76,16.36,16.5,3812700
2020-08-27,16.78,17.3,16.71,17.19,9343100
2020-08-28,17.3,17.99,17.3,17.99,8387500
2020-08-31,17.98,18.2,17.5,17.6,6091800
2020-09-01,17.44,17.83,17.1,17.6,4924000
2020-09-02,17.65,18.12,17.44,18.1,4126400
2020-09-03,18.18,18.97,17.9,17.95,8886500
2020-09-04,18.3,18.9,18.16,18.63,7682500
2020-09-08,18.32,18.65,17.86,18.21,5469300
2020-09-09,18.3,18.55,17.59,17.82,4558700
2020-09-10,17.99,18.43,17.78,17.81,4522500
2020-09-11,17.96,18.08,17.55,17.75,3646000
2020-09-14,17.99,18.36,17.86,18.07,3636700
2020-09-15,18.13,18.33,17.93,17.94,2558700
2020-09-16,18.05,19.48,18.05,18.97,7965100
2020-09-17,18.56,19.22,18.53,19.05,4332800
2020-09-18,18.88,19,17.88,17.98,6442700
2020-09-21,17.41,17.45,16.38,16.51,6301900
2020-09-22,16.67,16.95,16.26,16.5,3793300
2020-09-23,16.63,16.88,16,16.01,4436400
2020-09-24,15.95,16.12,15.32,16.04,4652700
2020-09-25,16.09,16.12,15.59,15.8,3728500
2020-09-28,16.16,16.16,15.82,15.87,3448800
2020-09-29,15.83,15.9,15.21,15.28,4469900
2020-09-30,15.35,16.16,15.33,15.69,4868800
2020-10-01,15.56,15.98,15.32,15.95,4081900
2020-10-02,15.5,15.77,15.47,15.64,3524400
2020-10-05,15.78,15.82,15.32,15.5,2596000
2020-10-06,15.72,15.88,15.52,15.52,5038100
2020-10-07,15.76,16.28,15.67,16.1,4465900
2020-10-08,16.32,16.82,16.06,16.76,4087900
2020-10-09,16.8,16.8,16.06,16.09,4314600
2020-10-13,16.3,16.33,15.58,15.78,3361200
2020-10-14,15.83,16.16,15.73,15.76,2691900
2020-10-15,15.59,15.6,15.21,15.52,3627600
2020-10-16,15.6,15.7,15.41,15.52,2239900
2020-10-19,15.6,16.21,15.38,15.61,4163900
2020-10-20,15.75,16.04,15.65,15.91,3090800
2020-10-21,15.87,15.89,15.47,15.67,3351500
2020-10-22,15.74,16.81,15.73,16.77,7777800
2020-10-23,16.89,17.31,16.61,16.99,6042900
2020-10-26,16.7,16.7,15.74,15.96,5621200
2020-10-27,15.89,16.18,15.58,15.6,3470700
2020-10-28,15.4,15.45,14.94,15.01,5922100
2020-10-29,15,15.21,14.72,15.08,3191500
2020-10-30,14.99,15.08,14.5,14.73,4300600
2020-11-02,14.86,15,14.48,14.98,3264100
2020-11-03,15.25,15.34,14.89,15,2799800
2020-11-04,15.02,15.3,14.66,15.22,2714100
2020-11-05,15.31,16.45,15.3,16.36,5641300
2020-11-06,16.2,16.38,15.78,15.82,3174800
2020-11-09,19.44,20.41,18,20.35,27158400
2020-11-10,19.59,20.5,18.87,20.12,9867000
2020-11-11,19.98,20.38,19.11,19.22,6208800
2020-11-12,18.9,19.13,18.49,18.57,5061100
2020-11-13,18.57,19.49,18.57,19.41,4379600
2020-11-16,20.88,20.93,19.8,20.28,8266600
2020-11-17,19.94,20.96,19.87,20.77,6818100
2020-11-18,21.1,21.82,21.01,21.6,8365400
2020-11-19,21.67,22,21.1,21.68,6455200
2020-11-20,21.7,21.97,20.95,21.01,5459500
2020-11-23,21.29,21.79,21.02,21.69,6276400
2020-11-24,22.34,24,22.3,23.57,11894300
2020-11-25,23.5,24,22.6,23.73,7167200
2020-11-26,23.71,23.99,23.51,23.82,2225500
2020-11-27,23.91,25.95,23.8,24.86,9619600
2020-11-30,25.5,25.6,23.95,24.7,8967900
2020-12-01,25.06,25.32,24.72,25.11,6342100
2020-12-02,25.17,26.06,24.99,25.89,7100800
2020-12-03,26.5,27.5,26.23,27.25,9729500
2020-12-04,27.95,28.24,27.47,27.5,8084600
2020-12-07,27.7,27.79,26.73,27.04,6447500
2020-12-08,26.9,27.74,26.74,27.34,6016900
2020-12-09,27.55,27.64,25.76,26.19,9939900
2020-12-10,25.7,26.68,25.19,26.43,5751600
2020-12-11,26.23,26.47,25.47,26.16,5966500
2020-12-14,26.61,27.03,26.05,26.1,5155800
2020-12-15,26.13,26.56,25.4,26.34,4768900
2020-12-16,25.15,25.23,23.65,23.69,15563700
2020-12-17,23.8,24.09,23.4,23.64,6167500
2020-12-18,23.66,23.66,23,23.06,6140900
2020-12-21,21.25,22.86,21.03,22.5,9757600
2020-12-22,22.49,22.68,21.57,22.07,5285400
2020-12-23,22.16,23.5,22.15,23.1,5604600
2020-12-24,23.35,23.38,22.61,22.87,2024700
2020-12-29,23.35,23.48,22.9,22.98,4195300
2020-12-30,23.14,23.98,23.02,23.17,5757800
2020-12-31,23.18,23.28,22.63,22.77,3409800
2021-01-04,22.95,23.12,21.73,22.11,4241000
2021-01-05,21.78,23.29,21.75,23.01,4751900
2021-01-06,23.11,23.47,22.53,22.72,4546800
2021-01-07,22.95,23.42,22.84,23.2,4570000
2021-01-08,23.29,23.48,22.67,22.84,3400600
2021-01-11,22.5,22.78,22.39,22.39,3104400
2021-01-12,22.51,23.24,22.26,23.13,3645400
2021-01-13,23.09,23.19,22.64,22.99,3290000
2021-01-14,23,24.35,23,23.89,6969600
2021-01-15,23.65,23.75,22.85,22.92,5914300
2021-01-18,23.04,23.33,22.96,22.97,1748300
2021-01-19,23.2,23.4,22.95,23.05,3582100
2021-01-20,23.2,23.55,22.88,22.89,3488000
2021-01-21,22.89,22.96,21.81,22.03,6739500
2021-01-22,21.78,22.15,21.67,22.09,2561800
2021-01-25,21.96,21.96,20.72,20.86,6522600
2021-01-26,20.91,21.34,20.33,20.4,4306100
2021-01-27,20,20.3,19.87,19.94,5763500
2021-01-28,20.51,21.39,20.25,21.03,5604400
2021-01-29,21.03,21.07,19.37,20.02,8899800
2021-02-01,19.97,20.63,19.73,20.42,4107000
2021-02-02,20.8,21.54,20.52,21.27,4992200
2021-02-03,21.43,21.86,21.1,21.81,3271600
2021-02-04,22.02,22.24,21.69,21.78,3274300
2021-02-05,22.03,22.09,21.67,21.87,2354800
2021-02-08,22.1,22.1,21.45,21.65,3911200
2021-02-09,21.61,21.63,21.2,21.5,3247400
2021-02-10,21.3,21.4,21,21.08,3490800
2021-02-11,21.14,21.33,20.81,21.2,3466400
2021-02-12,21.6,22.45,21.38,22.33,6869000
2021-02-16,23,23.55,22.48,23.42,7055200
2021-02-17,23.54,24.05,23.1,23.56,5378900
2021-02-18,23.41,23.44,22.71,23.29,3198700
2021-02-19,23.43,24.29,23.2,24.02,3810100
2021-02-22,24.14,25.58,23.88,25.07,6798200
2021-02-23,25.07,25.25,23.98,25.2,4793900
2021-02-24,25.5,26.49,25.25,26.34,7225800
2021-02-25,26.5,26.51,24.93,25.11,5754500
2021-02-26,25.11,25.69,24.2,25.1,4249200
2021-03-01,25.91,26.52,25.72,26.3,5673900
2021-03-02,26.35,26.69,26.12,26.4,3916400
2021-03-03,26.78,27.51,26.62,27.29,6182400
2021-03-04,27.43,27.67,25.8,26.82,7150400
2021-03-05,27.26,27.42,25.41,26.9,7520800
2021-03-08,27.07,27.99,26.48,27.92,7211300
2021-03-09,28.05,28.23,27.43,27.56,4397500
2021-03-10,27.75,28.71,27.42,28.69,6395500
2021-03-11,29.02,30.07,28.7,29.67,9928100
2021-03-12,29.29,29.88,28.96,29.72,5266100
2021-03-15,30,31,29.7,29.8,8130000
2021-03-16,29.9,29.9,28.56,28.79,4748000
2021-03-17,28.65,29.11,28.11,28.57,3265300
2021-03-18,28.5,28.94,27.58,27.61,3279200
2021-03-19,27.5,27.97,26.61,27.68,4707900
2021-03-22,27.61,27.62,26.69,26.72,3471600
2021-03-23,26.5,26.53,25.6,25.79,4175500
2021-03-24,26.2,27.32,26.17,26.45,4213700
2021-03-25,26.28,26.96,25.74,26.74,2923100
2021-03-26,27.05,27.06,26.18,26.53,3389300
2021-03-29,26.5,26.59,25.88,26.17,2721500
2021-03-30,26.14,27.03,26.14,26.68,3097900
2021-03-31,26.62,26.72,26.02,26.15,3161100
2021-04-01,26.3,26.58,25.97,26.45,3428100
2021-04-05,26.47,27.48,26.25,27.1,3410200
2021-04-06,27.2,27.89,27.18,27.74,2675200
2021-04-07,27.85,28.49,27.3,27.65,3609000
2021-04-08,27.54,27.65,26.42,26.98,3732900
2021-04-09,26.83,27.28,26.75,26.84,2463900
2021-04-12,26.65,27.35,26.46,27,3723800
2021-04-13,28.4,28.4,25.2,26.88,10261700
2021-04-14,27.09,27.3,26.16,26.21,4955000
2021-04-15,26.3,26.42,25.25,25.43,5522600
2021-04-16,25.36,25.58,24.65,24.86,6008100
2021-04-19,24.65,25.15,24.15,24.15,4027300
2021-04-20,24,24.07,22.91,23.26,6313500
2021-04-21,23.18,23.85,22.7,23.64,3685400
2021-04-22,23.76,24.85,23.65,24.69,4601400
2021-04-23,24.77,25.19,24.6,25.07,2922300
2021-04-26,25.32,25.88,25.19,25.76,2969200
2021-04-27,25.87,25.87,25.43,25.74,2501400
2021-04-28,25.68,25.72,25.08,25.22,2997000
2021-04-29,25.47,25.58,24.81,24.83,2597800
2021-04-30,24.76,25.16,24.55,24.77,2850500
2021-05-03,25,25.68,25,25.5,3000500
2021-05-04,25.4,25.44,24.63,24.95,3400800
2021-05-05,25,25.16,24.25,24.35,3207400
2021-05-06,24.28,24.42,23.87,24.16,4376400
2021-05-07,24.16,24.96,23.8,24.92,3069000
2021-05-10,25.33,25.44,24.77,25,3080200
2021-05-11,24.5,25.02,24.4,24.91,3188600
2021-05-12,24.86,25.09,24.35,24.35,2591000
2021-05-13,24.55,25.19,24.34,24.43,3493100
2021-05-14,24.78,26.14,24.46,25.8,5567900
2021-05-17,25.45,25.8,25.12,25.53,3581800
2021-05-18,25.72,26.31,25.43,25.86,3291800
2021-05-19,25.5,26.02,25.21,25.95,2789800
2021-05-20,26.01,26.42,25.66,25.8,2919200
2021-05-21,25.96,26.1,25.51,25.64,2153100
2021-05-25,25.95,26.69,25.9,25.92,4256300
2021-05-26,26.13,26.94,26.07,26.85,4183700
2021-05-27,27.1,27.81,27.01,27.54,5497400
2021-05-28,27.86,27.86,26.91,27.18,3556100
2021-05-31,27.47,27.47,27.18,27.36,1312300
2021-06-01,27.57,27.76,27.16,27.21,4476000
2021-06-02,27.26,27.37,26.82,27.08,3175600
2021-06-03,27,27,26.46,26.94,3194400
2021-06-04,27.01,27.13,26.66,27,1953300
2021-06-07,27.28,27.5,26.95,26.95,3422200
2021-06-08,27.3,28.83,27.13,28.65,7930700
2021-06-09,29,29.17,28.52,28.73,4241900
2021-06-10,28.8,28.88,28.2,28.41,3020000
2021-06-11,28.56,29.16,28.44,28.55,5884100
2021-06-14,28.7,28.76,28.1,28.34,3515800
2021-06-15,28.37,28.61,28.13,28.25,2768100
2021-06-16,28.24,28.32,27.66,28.1,2449100
2021-06-17,28.08,28.39,27.8,28.05,2135400
2021-06-18,27.82,27.87,27.51,27.76,2698200
2021-06-21,27.94,27.99,27.22,27.4,2377300
2021-06-22,27.41,27.53,27.12,27.3,1839900
2021-06-23,27.33,27.51,26.77,26.77,3173700
2021-06-24,26.85,27.07,26.32,26.38,2677600
2021-06-25,26.38,26.46,25.9,25.91,3567600
2021-06-28,26,26,25.11,25.36,3374800
2021-06-29,25.44,25.92,25.24,25.75,2984400
2021-06-30,25.83,25.83,25.37,25.5,2460100
2021-07-02,25.75,25.9,25.2,25.89,2536900
2021-07-05,26,26.98,26,26.95,2155700
2021-07-06,27.15,27.41,26.31,26.51,3112700
2021-07-07,26.4,26.73,25.52,25.57,2726800
2021-07-08,25.08,25.92,24.8,25.67,3022100
2021-07-09,25.94,26.08,25.66,25.75,1948000
2021-07-12,25.6,25.94,25.37,25.54,2049100
2021-07-13,25.5,25.54,25.02,25.08,2478600
2021-07-14,25.08,25.58,24.93,25.2,2403300
2021-07-15,25.05,25.24,24.82,24.98,1974000
2021-07-16,25.1,25.28,24.19,24.25,2879000
2021-07-19,23.75,23.8,23.02,23.44,4027600
2021-07-20,23.67,25.43,23.29,24.96,4271800
2021-07-21,25.28,25.74,24.91,25.74,3287800
2021-07-22,25.49,25.55,24.82,25.06,2438200
2021-07-23,25.25,25.39,24.51,25.11,2923700
2021-07-26,25.11,25.65,24.91,25.5,2469400
2021-07-27,25.29,25.5,24.75,25.18,1966800
2021-07-28,25.22,25.53,24.97,24.99,1974600
2021-07-29,25.25,25.63,25.16,25.25,2632000
2021-07-30,25.09,25.38,24.83,24.98,1998200
2021-08-03,24.96,25,24.14,24.32,2893500
2021-08-04,24.11,24.32,23.93,24.08,2218600
2021-08-05,24.13,25.07,24.09,24.86,3307800
2021-08-06,24.83,25.07,24.73,25.05,1701400
2021-08-09,24.9,24.94,24.41,24.88,1733100
2021-08-10,25,25.35,24.91,25.34,1899200
2021-08-11,25.25,25.45,25.02,25.16,1690400
2021-08-12,25.1,25.18,24.45,24.63,2159200
2021-08-13,24.57,24.64,24.11,24.13,1686000
2021-08-16,24.1,24.3,23.76,24.23,1661600
2021-08-17,24,24.02,23.35,23.79,3370700
2021-08-18,23.83,24.32,23.57,23.88,2783800
2021-08-19,23.69,23.69,23.25,23.6,2001000
2021-08-20,23.5,23.87,23.5,23.75,1982400
2021-08-23,23.98,24.88,23.94,24.63,3040200
2021-08-24,24.84,25.3,24.79,25.01,3193000
2021-08-25,25,25.28,24.62,24.81,1955300
2021-08-26,24.67,25.05,24.57,24.76,1149900
2021-08-27,24.78,25.22,24.78,25.03,1883400
2021-08-30,25.03,25.12,24.4,24.42,1732500
2021-08-31,24.43,24.89,24.36,24.51,3005900
2021-09-01,24.64,24.65,24.24,24.27,1457000
2021-09-02,24.4,24.5,24.06,24.11,2048400
2021-09-03,24.02,24.14,23.81,24.02,1682900
2021-09-07,24.03,24.66,24.03,24.13,2322600
2021-09-08,24.18,24.32,23.47,23.49,2854100
2021-09-09,23.51,24.18,23.46,24.06,3165700
2021-09-10,24.15,24.33,23.54,23.57,3194500
2021-09-13,23.69,23.73,23.1,23.25,3794000
2021-09-14,23.29,23.3,22.85,22.87,2849300
2021-09-15,22.85,22.85,22.3,22.47,4099800
2021-09-16,22.52,23.29,22.42,23.1,2717300
2021-09-17,23.19,23.23,22.62,23.02,2558600
2021-09-20,22.52,22.95,22.38,22.8,2543400
2021-09-21,22.99,23.17,22.61,22.68,1999100
2021-09-22,22.79,23.18,22.74,23.06,2149200
2021-09-23,23.21,23.49,23.13,23.49,2248500
2021-09-24,23.38,23.67,23.29,23.54,2523900
2021-09-27,23.7,24.75,23.68,24.36,4191100
2021-09-28,24.27,24.3,23.38,23.74,3327400
2021-09-29,23.9,23.9,23.43,23.74,1851200
2021-09-30,23.73,23.83,23.12,23.13,2967600
2021-10-01,23.45,24.76,23.42,24.64,6255400
2021-10-04,24.61,24.85,23.92,24.16,2850500
2021-10-05,23.97,24.1,23.65,23.78,3273000
2021-10-06,23.4,23.55,23.04,23.22,3081700
2021-10-07,23.4,23.65,23.07,23.09,2438500
2021-10-08,23.1,23.2,22.78,23.09,2077600
2021-10-12,23.08,23.47,22.9,23.43,2023100
2021-10-13,23.48,23.51,23.01,23.05,2720900
2021-10-14,23.24,23.29,22.89,22.94,2904800
2021-10-15,23.15,23.45,23.05,23.07,2632400
2021-10-18,23.09,23.49,23.06,23.25,2385300
2021-10-19,23.28,23.32,23.07,23.15,2164700
2021-10-20,23.13,23.29,22.92,22.97,2782500
2021-10-21,23,23.24,23,23.15,2242400
2021-10-22,23.06,23.11,22.81,22.91,3128800
2021-10-25,22.92,23.14,22.92,23.06,1822300
2021-10-26,23.16,23.32,22.86,22.93,2393800
2021-10-27,22.93,22.97,22.38,22.38,2827600
2021-10-28,22.42,22.45,22.09,22.26,2299900
2021-10-29,22.28,22.28,22.03,22.19,1659500
2021-11-01,22.37,23.13,22.28,23.01,3207000
2021-11-02,23.74,24.2,23.56,24.02,6847400
2021-11-03,24.05,24.98,23.82,24.95,5165000
2021-11-04,25,25.32,24.46,24.8,3790700
2021-11-05,25.39,26.47,25.38,26.34,8433300
2021-11-08,26.5,26.8,26.13,26.19,4106700
2021-11-09,26.09,26.47,25.64,26.41,3394500
2021-11-10,26.22,26.56,25.76,25.86,2478200
2021-11-11,25.82,26.2,25.74,25.82,1627900
2021-11-12,25.82,25.9,25.24,25.25,1837900
2021-11-15,25.36,25.57,25.15,25.21,1603500
2021-11-16,25.18,25.28,24.52,24.54,2283200
2021-11-17,24.41,24.65,24.21,24.45,1674300
2021-11-18,24.5,24.55,23.94,24.14,1947200
2021-11-19,23.85,24.13,23.51,23.55,2533700
2021-11-22,23.82,23.82,23.16,23.21,2750800
2021-11-23,23.35,23.4,22.91,23.11,2415200
2021-11-24,23,23.33,22.74,23.24,1924100
2021-11-25,23.3,23.51,23.26,23.32,740300
2021-11-26,22.08,22.1,20.86,21.24,9231500
2021-11-29,21.77,21.77,21.26,21.3,5238900
2021-11-30,21.01,21.02,20.52,20.8,4698100
2021-12-01,21.37,21.4,20.04,20.14,5380700
2021-12-02,20.19,21.04,20,21.04,3776600
2021-12-03,21.36,21.37,20.26,20.83,3931500
2021-12-06,21.03,21.95,20.81,21.52,4283700
2021-12-07,22.04,22.34,21.59,21.73,2843900
2021-12-08,21.92,22.49,21.72,22.18,2969000
2021-12-09,22.12,22.25,21.78,22,1761800
2021-12-10,22.05,22.22,21.76,21.92,1770100
2021-12-13,21.8,21.8,21.07,21.21,2165600
2021-12-14,20.93,21.42,20.86,20.94,2052300
2021-12-15,20.7,20.87,20.11,20.69,3619700
2021-12-16,20.64,20.78,20,20.03,3230000
2021-12-17,20.16,20.43,19.5,20.12,4260200
2021-12-20,19.47,20.14,19.31,19.89,3196700
2021-12-21,20.13,21.2,20.08,21.08,3945000
2021-12-22,21.1,21.74,20.89,21.49,3024100
2021-12-23,21.66,22.12,21.34,21.37,3821500
2021-12-24,21.3,21.6,21.3,21.45,644400
2021-12-29,21.45,21.55,21.09,21.34,2589600
2021-12-30,21.32,21.62,21.29,21.32,1243900
2021-12-31,21.35,21.49,21.09,21.13,1467100
2022-01-04,22,22.19,21.62,22.17,3123000
2022-01-05,22.16,22.57,21.78,21.84,2973500
2022-01-06,21.99,22.22,21.59,22.18,1956300
2022-01-07,22.2,23.08,22.1,23.05,3391400
2022-01-10,22.9,22.91,22.26,22.48,2125100
2022-01-11,22.32,22.93,22.23,22.92,1885700
2022-01-12,22.88,23.25,22.66,22.74,1683700
2022-01-13,22.96,23.47,22.79,23.04,3496200
2022-01-14,23,23.03,22.71,22.85,2152000
2022-01-17,22.93,23.18,22.91,23.18,956600
2022-01-18,22.87,23.32,22.77,22.98,2240600
2022-01-19,23.08,23.09,22.37,22.37,1949100
2022-01-20,22.45,22.87,22.39,22.56,1835200
2022-01-21,22.4,22.55,22.02,22.13,2265500
2022-01-24,21.6,21.8,20.54,21.79,3679400
2022-01-25,21.4,22.02,21.24,21.87,1843600
2022-01-26,22.28,22.72,21.79,22.05,2247600
2022-01-27,22.31,22.59,21.92,22.09,1972900
2022-01-28,22.1,22.14,21.54,22.01,1845200
2022-01-31,22.02,22.92,21.72,22.86,2955500
2022-02-01,22.99,23.74,22.95,23.67,3760200
2022-02-02,23.8,23.8,23.03,23.42,2388200
2022-02-03,23.2,23.51,23,23.06,1519700
2022-02-04,23.12,23.37,23,23.33,1439200
2022-02-07,23.5,23.75,23.4,23.68,1923800
2022-02-08,23.73,24.9,23.7,24.82,4281500
2022-02-09,25,25.19,24.66,24.93,2902300
2022-02-10,24.73,25.51,24.59,25.29,4069300
2022-02-11,25.19,25.78,24.35,24.5,4738700
2022-02-14,24.49,25.08,24.19,24.24,3576200
2022-02-15,24.85,25.57,24.56,25.47,5661100
2022-02-16,25.47,25.78,24.92,25.11,3621600
2022-02-17,24.75,25.07,24.51,24.63,2642700
2022-02-18,25.4,25.69,24.98,25.4,6284900
2022-02-22,25,25.64,24.98,25.45,5039300
2022-02-23,25.63,25.98,24.71,24.91,5230200
2022-02-24,23.23,24.47,23.05,24.41,6109600
2022-02-25,24.59,25.07,24.46,24.67,3722400
2022-02-28,24.25,24.32,23.85,23.95,4708500
2022-03-01,23.68,23.89,22.79,22.87,5324000
2022-03-02,23.2,23.95,23.15,23.82,3268100
2022-03-03,24,24.24,23,23.04,3042000
2022-03-04,22.8,22.81,21.8,21.9,5550700
2022-03-07,21.54,21.6,19.51,19.59,10102600
2022-03-08,19.83,20.83,19.4,19.98,8141300
2022-03-09,20.97,21.26,20.66,20.97,4714900
2022-03-10,20.58,21.19,20.35,20.8,2283200
2022-03-11,21.21,21.27,20.38,20.49,3824400
2022-03-14,20.59,20.89,20.18,20.45,2511000
2022-03-15,20.9,21.31,20.76,21.2,3733700
2022-03-16,21.55,22.78,21.35,22.68,6830300
2022-03-17,22.42,23.21,22.05,23.15,4154300
2022-03-18,22.9,23.99,22.82,23.84,5161000
2022-03-21,23.6,23.88,23.31,23.54,3452800
2022-03-22,23.6,24.41,23.6,24.36,4292300
2022-03-23,24.29,24.42,23.65,23.75,3077200
2022-03-24,23.8,23.92,23.36,23.54,2657700
2022-03-25,23.65,23.85,23.32,23.8,3030800
2022-03-28,23.97,24.07,23.69,23.85,2342700
2022-03-29,24.3,24.78,24.29,24.72,4924700
2022-03-30,24.5,24.9,24.3,24.33,2937900
2022-03-31,24.34,24.62,24.15,24.25,2441400
2022-04-01,24.4,24.6,24.06,24.36,2297700
2022-04-04,24.12,24.29,23.8,23.84,3383100
2022-04-05,23.76,23.86,23.25,23.5,3093600
2022-04-06,23.1,23.13,22.56,22.97,3327900
2022-04-07,22.65,22.65,22.1,22.28,3541900
2022-04-08,22.24,22.44,21.9,21.94,2648600
2022-04-11,21.62,22.64,21.45,22.26,2335800
2022-04-12,22.37,22.53,22.08,22.22,1868200
2022-04-13,22.64,23.57,22.62,23.5,3846200
2022-04-14,23.5,23.94,23.29,23.42,2253200
2022-04-18,23.26,23.38,23.06,23.12,1347300
2022-04-19,23.38,23.99,23.29,23.94,2985200
2022-04-20,24.02,24.4,23.72,24,2593200
2022-04-21,24.65,25,24.43,24.66,5094000
2022-04-22,24.67,24.85,24.11,24.15,3691400
2022-04-25,24,24.44,23.68,24.22,4138600
2022-04-26,24.25,24.26,22.36,22.46,7166700
2022-04-27,22.5,23.09,22.48,22.81,3723800
2022-04-28,23.09,23.3,22.61,23.01,2513100
2022-04-29,22.71,23.04,22.5,22.5,2915000
2022-05-02,22.5,22.5,21.82,22.09,3264400
2022-05-03,22.27,23.06,22.26,22.9,3340400
2022-05-04,22.9,23.12,22.4,22.99,3404600
2022-05-05,22.69,22.83,21.88,22,3694000
2022-05-06,21.9,22.12,21.32,21.89,2250000
2022-05-09,21.45,21.64,20.6,20.63,3645500
2022-05-10,21.14,21.34,20.58,21.24,3454600
2022-05-11,21.2,21.74,20.91,21.03,3004100
2022-05-12,20.81,20.86,19.96,20.02,4353900
2022-05-13,20.5,21.1,20.42,20.58,4158400
2022-05-16,20.77,21.01,20.51,20.64,2441800
2022-05-17,21.18,21.65,21.02,21.64,3326300
2022-05-18,21.33,21.69,21.01,21.04,1987800
2022-05-19,20.9,21.28,20.75,20.99,1903400
2022-05-20,21.23,21.42,20.43,20.8,2754200
2022-05-24,20.91,20.94,20.02,20.44,2948500
2022-05-25,20.43,21.05,20.33,21.02,2547700
2022-05-26,21.19,21.95,21.14,21.83,3468800
2022-05-27,21.97,22.4,21.83,22.25,2434600
2022-05-30,22.47,22.76,22.45,22.59,1379300
2022-05-31,22.24,22.54,21.92,22.19,3431000
2022-06-01,22.5,22.57,21.31,21.38,3278000
2022-06-02,21.32,21.92,21.24,21.77,1960800
2022-06-03,21.49,21.56,21.14,21.29,2314700
2022-06-06,21.53,21.57,21.17,21.31,2178600
2022-06-07,21.18,21.81,21.01,21.76,2280900
2022-06-08,21.46,21.78,21.16,21.27,2102300
2022-06-09,21.1,21.13,20.72,20.78,2869100
2022-06-10,20.5,20.79,20.23,20.25,3702300
2022-06-13,20.02,20.09,18.65,18.91,5681600
2022-06-14,19.08,19.18,17.75,17.97,6290000
2022-06-15,18.26,18.49,17.85,17.9,4608200
2022-06-16,17.4,17.4,16.45,16.5,5031100
2022-06-17,16.55,17.48,16.53,17.27,3909300
2022-06-20,17.4,18.18,17.35,17.83,1960000
2022-06-21,18.22,18.23,17.38,17.44,2928100
2022-06-22,17,17.69,16.85,17.59,2159800
2022-06-23,17.69,17.9,16.72,16.85,2742100
2022-06-24,16.95,17.49,16.82,17.42,3522000
2022-06-27,17.57,17.69,17.11,17.3,1578000
2022-06-28,17.54,18.46,17.22,17.47,3520400
2022-06-29,17.41,17.45,16.97,17.07,2699200
2022-06-30,16.5,16.53,15.58,16.04,6474100
2022-07-04,16.1,16.35,16.03,16.23,1629200
2022-07-05,16,16.44,15.57,16.39,3568600
2022-07-06,16.14,16.6,15.86,16.47,2582600
2022-07-07,16.62,17.03,16.46,16.66,2720000
2022-07-08,16.67,17.04,16.45,16.81,1995700
2022-07-11,16.65,16.65,15.86,15.95,3849700
2022-07-12,16.17,17.02,16,16.76,4011200
2022-07-13,16.25,16.63,15.95,16.47,2390500
2022-07-14,16.09,16.56,16.08,16.49,1858500
2022-07-15,16.81,17.08,16.75,16.85,1883400
2022-07-18,17.18,17.43,16.85,16.95,1931200
2022-07-19,17.24,17.73,17.06,17.68,3308900
2022-07-20,17.5,18,17.39,17.67,2781200
2022-07-21,17.4,17.42,16.87,17,3059000
2022-07-22,17.1,17.27,16.76,16.91,2223300
2022-07-25,16.95,17.01,16.65,16.96,1425000
2022-07-26,16.78,16.94,16.5,16.64,1367800
2022-07-27,16.87,17.04,16.62,17,1800800
2022-07-28,16.86,17.07,16.56,16.95,1950200
2022-07-29,16.97,17.44,16.79,17.39,3826400
2022-08-02,17.14,17.65,16.97,17.53,2553800
2022-08-03,17.85,18.25,17.8,17.91,2487800
2022-08-04,18.02,18.22,17.87,18.19,2553400
2022-08-05,18.04,18.28,17.93,18.06,2496500
2022-08-08,18.18,18.62,18.18,18.42,2758800
2022-08-09,18.4,18.4,17.86,18.02,1551100
2022-08-10,18.29,18.72,18.26,18.61,3317200
2022-08-11,18.94,19.08,18.68,18.7,3065300
2022-08-12,18.82,18.92,18.73,18.88,1624500
2022-08-15,18.75,19.48,18.64,19.39,2669100
2022-08-16,19.41,19.8,19.13,19.72,2923900
2022-08-17,19.51,19.78,19.21,19.35,2591600
2022-08-18,19.35,19.53,19.03,19.29,1650200
2022-08-19,18.93,19.11,18.42,18.45,2657100
2022-08-22,18.01,18.12,17.44,17.56,3203900
2022-08-23,17.58,17.99,17.56,17.91,1476900
2022-08-24,17.95,18.28,17.91,18.18,1507900
2022-08-25,18.29,18.79,18.28,18.72,1644000
2022-08-26,18.85,19.05,18.11,18.21,1823400
2022-08-29,17.95,18.26,17.8,18.01,1228800
2022-08-30,18.13,18.42,17.84,18.09,1466500
2022-08-31,18.11,18.25,17.68,17.69,1961800
2022-09-01,17.35,17.65,17.09,17.6,2405200
2022-09-02,18,18,17.54,17.61,1181900
2022-09-06,17.79,17.92,17.27,17.29,1371900
2022-09-07,17.25,18.23,17.15,18.14,2748700
2022-09-08,17.9,18.07,17.71,18.05,1542100
2022-09-09,18.47,18.86,18.34,18.81,3324500
2022-09-12,18.95,19.28,18.73,18.9,2541100
2022-09-13,18.4,18.82,18.31,18.47,2638900
2022-09-14,18.39,18.76,18.28,18.72,2362400
2022-09-15,18.8,19.43,18.69,19.11,4287100
2022-09-16,18.86,18.93,18.3,18.39,3368000
2022-09-19,18.2,19.39,18.11,19.13,4056900
2022-09-20,19.07,19.26,18.71,19.14,2322000
2022-09-21,19.2,19.3,18.62,18.75,3050100
2022-09-22,18.88,18.89,17.95,18.09,3468300
2022-09-23,17.78,17.87,17.39,17.49,3537100
2022-09-26,17.5,18.24,17.46,17.93,2572900
2022-09-27,18.31,18.36,17.63,17.69,2748200
2022-09-28,17.52,18.05,17.41,17.96,1573000
2022-09-29,17.74,17.82,16.45,16.75,4596000
2022-09-30,16.7,16.9,16.51,16.6,2655800
2022-10-03,16.72,17.05,16.38,16.84,2182100
2022-10-04,17.23,18.07,17.2,17.98,3707000
2022-10-05,17.62,17.86,17.35,17.84,2019000
2022-10-06,17.71,18.14,17.63,17.95,1713800
2022-10-07,17.61,17.72,17.17,17.44,1963400
2022-10-11,17.42,17.57,16.7,16.86,2425600
2022-10-12,16.91,17.17,16.67,17.12,1876200
2022-10-13,16.61,17.64,16.48,17.31,3266500
2022-10-14,17.55,17.68,17.17,17.39,1573800
2022-10-17,17.75,18.03,17.72,17.93,2144000
2022-10-18,18.24,18.37,18.05,18.22,2403300
2022-10-19,18.34,18.63,18.02,18.05,2631300
2022-10-20,17.99,18.51,17.97,18.25,1715200
2022-10-21,18.05,18.53,18.01,18.49,2001900
2022-10-24,18.64,18.8,18.49,18.76,1942200
2022-10-25,18.59,18.92,18.59,18.74,1443600
2022-10-26,18.7,19.2,18.65,18.96,2123000
2022-10-27,19.2,19.55,18.88,19.29,3757400
2022-10-28,19.55,20.28,19.43,19.91,4738600
2022-10-31,19.9,20.15,19.41,19.61,2325300
2022-11-01,19.9,20.31,19.8,20.15,2499100
2022-11-02,20,20.03,18.91,18.98,3581700
2022-11-03,18.75,18.87,18.39,18.56,2719400
2022-11-04,18.95,19.24,18.72,18.77,2518100
2022-11-07,18.98,18.99,18.48,18.6,1641000
2022-11-08,18.64,18.67,18.11,18.4,2032200
2022-11-09,18.31,18.34,17.95,18.23,1777400
2022-11-10,18.75,18.97,18.06,18.12,4421100
2022-11-11,18.28,18.67,18.22,18.5,3895800
2022-11-14,18.49,19.19,18.45,18.91,3046200
2022-11-15,19.27,19.35,18.63,18.82,2611600
2022-11-16,18.57,19.02,18.53,18.7,2029300
2022-11-17,18.51,18.73,18.36,18.71,2717200
2022-11-18,18.96,19.1,18.46,18.61,2371900
2022-11-21,18.59,18.8,18.47,18.7,1892800
2022-11-22,18.71,18.75,18.47,18.6,1491500
2022-11-23,18.65,18.97,18.53,18.93,1904500
2022-11-24,19,19.1,18.93,19.02,633400
2022-11-25,19.06,19.28,18.95,19.06,1245400
2022-11-28,18.98,19.32,18.71,18.74,2546400
2022-11-29,18.67,19.07,18.63,18.92,1403000
2022-11-30,18.99,19.32,18.76,19.29,2859500
2022-12-01,19.34,19.36,19.03,19.1,1716800
2022-12-02,18.9,19.17,18.81,19.06,1578100
2022-12-05,19.02,19.41,18.97,19.27,2761300
2022-12-06,19.3,19.63,19.25,19.46,1883100
2022-12-07,19.36,19.45,18.73,18.8,2804900
2022-12-08,18.9,19.09,18.77,18.89,1494800
2022-12-09,18.85,19,18.63,18.9,1866300
2022-12-12,18.82,19.54,18.71,19.49,2978700
2022-12-13,19.8,19.92,18.86,18.97,3262200
2022-12-14,19.2,19.63,19.07,19.23,2430900
2022-12-15,19.03,19.14,18.76,18.99,2241500
2022-12-16,18.9,19.09,18.86,18.95,1793300
2022-12-19,18.93,19.03,18.7,18.85,1922200
2022-12-20,18.73,19.59,18.73,19.42,3705300
2022-12-21,19.5,19.83,19.5,19.58,2446800
2022-12-22,19.44,19.57,19.07,19.27,1805900
2022-12-23,19.32,19.32,19.01,19.17,1225400
2022-12-28,18.99,19.17,18.59,18.61,2855000
2022-12-29,18.72,19.61,18.72,19.49,2918100
2022-12-30,19.3,19.72,19.26,19.39,1628900
2023-01-03,19.68,19.73,18.96,19.12,2162700
2023-01-04,19.27,19.78,19.19,19.76,3283800
2023-01-05,19.66,20.24,19.62,20.12,3185100
2023-01-06,20.2,20.23,19.85,20.2,2448100
2023-01-09,20.27,20.74,20.22,20.5,2067500
2023-01-10,20.45,20.81,20.36,20.79,1661800
2023-01-11,20.81,21.33,20.8,21.3,2717400
2023-01-12,21.5,22.02,21.45,21.91,3994700
2023-01-13,21.5,21.93,21.34,21.84,2196700
2023-01-16,21.85,22.25,21.85,21.93,1302900
2023-01-17,21.94,22.12,21.68,22.04,2011600
2023-01-18,22.25,22.51,21.55,21.6,3170700
2023-01-19,21.37,21.76,21.34,21.56,1386300
2023-01-20,21.56,21.83,21.51,21.79,1385000
2023-01-23,21.88,22.1,21.7,22.05,1612600
2023-01-24,21.99,22.34,21.97,22.19,1628400
2023-01-25,22.09,22.46,22.09,22.42,1750200
2023-01-26,22.5,22.7,22.33,22.56,2564400
2023-01-27,22.55,23,22.5,22.79,2607900
2023-01-30,22.6,22.72,22.22,22.36,3012300
2023-01-31,22.36,22.61,22.35,22.58,1455400
2023-02-01,22.55,22.73,22.35,22.66,1925800
2023-02-02,22.85,23.1,22.76,23.01,3174600
2023-02-03,22.81,23,22.74,22.95,1850200
2023-02-06,22.8,23.06,22.77,23.05,1229800
2023-02-07,23.1,23.14,22.78,23,1922200
2023-02-08,22.92,23,22.61,22.68,1602200
2023-02-09,22.86,22.9,22.36,22.61,1264700
2023-02-10,22.34,22.39,21.88,22.12,1860100
2023-02-13,22.14,22.55,21.92,22.49,1959400
2023-02-14,22.49,22.75,22.35,22.72,1310200
2023-02-15,22.62,22.93,22.6,22.85,1759500
2023-02-16,22.72,23.54,22.54,23.15,5881600
2023-02-17,22.5,22.5,20.25,21.2,9829500
2023-02-21,21.2,21.24,20.1,20.32,4108100
2023-02-22,20.28,20.51,19.88,20.23,2169800
2023-02-23,20.14,20.31,19.71,20.02,2212000
2023-02-24,19.75,19.97,19.54,19.82,1615000
2023-02-27,19.96,20.3,19.87,20,1565800
2023-02-28,20.03,20.14,19.81,20.12,2378100
2023-03-01,20.17,20.39,19.93,20.04,1876100
2023-03-02,19.93,20.1,19.86,20.04,1306900
2023-03-03,20.2,20.53,20.2,20.25,1621300
2023-03-06,20.32,20.57,20.28,20.29,1588300
2023-03-07,20.35,20.57,20.28,20.53,2221600
2023-03-08,20.58,20.69,20.34,20.52,1934600
2023-03-09,20.52,20.68,20.03,20.07,2463400
2023-03-10,20,20.01,19.54,19.82,4635700
2023-03-13,19.5,19.52,19.13,19.14,2633700
2023-03-14,19.38,19.5,18.85,19.09,3556200
2023-03-15,18.62,18.72,18.11,18.17,3704800
2023-03-16,18.1,18.63,17.88,18.61,3299800
2023-03-17,18.5,18.52,17.98,18.11,2391400
2023-03-20,18.16,18.28,17.9,18.14,2193400
2023-03-21,18.39,18.85,18.38,18.74,1844400
2023-03-22,18.73,18.76,18.31,18.31,1954500
2023-03-23,18.37,18.65,18.11,18.27,1406900
2023-03-24,18.01,18.21,17.63,18.14,2914700
2023-03-27,18.27,18.52,18.17,18.4,1414700
2023-03-28,18.32,18.46,18.18,18.31,1443300
2023-03-29,18.5,18.56,18.25,18.52,1484000
2023-03-30,18.7,18.82,18.57,18.77,2321000
2023-03-31,18.9,19.17,18.85,19.15,2621600
2023-04-03,19,19.05,18.69,18.88,1505300
2023-04-04,18.95,19.07,18.65,18.74,1412100
2023-04-05,18.65,18.73,18.35,18.46,1670200
2023-04-06,18.47,18.62,18.25,18.58,1315000
2023-04-10,18.54,18.98,18.53,18.84,1112000
2023-04-11,19,19.27,18.93,19.21,1730700
2023-04-12,19.23,19.45,18.61,18.83,2932600
2023-04-13,18.99,19.1,18.78,18.84,2040600
2023-04-14,18.76,18.94,18.65,18.72,2188300
2023-04-17,18.84,18.99,18.65,18.96,2005400
2023-04-18,19.02,19.27,18.97,19.2,1778500
2023-04-19,19.1,19.72,19.05,19.64,2528500
2023-04-20,19.5,19.65,19.12,19.22,1901000
2023-04-21,19.25,19.29,18.9,18.93,2111800
2023-04-24,18.92,19.14,18.85,18.87,1692700
2023-04-25,18.8,18.85,18.46,18.47,1574500
2023-04-26,18.52,18.77,18.44,18.44,1701900
2023-04-27,18.65,18.7,18.37,18.69,1696700
2023-04-28,18.66,19.07,18.65,18.96,2569800
2023-05-01,18.91,19.4,18.9,19.19,2066900
2023-05-02,19.17,19.32,18.76,18.85,1836600
2023-05-03,18.76,19,18.61,18.79,1480200
2023-05-04,18.7,18.79,18.25,18.34,2319400
2023-05-05,19.38,20.88,19.37,20.46,10264600
2023-05-08,20.51,21.23,20.51,20.93,4130000
2023-05-09,20.8,21.34,20.68,21.12,2734000
2023-05-10,21.35,21.52,20.83,20.99,3012200
2023-05-11,21.03,21.17,20.94,21.01,2119500
2023-05-12,21.7,22,20.88,21.12,5290800
2023-05-15,21.05,21.22,20.96,21.14,2038100
2023-05-16,21,21.62,20.82,21.6,4224100
2023-05-17,21.76,22.95,21.75,22.32,6605700
2023-05-18,22.5,22.5,21.95,22.23,4340200
2023-05-19,22.14,22.27,21.66,21.81,2466300
2023-05-23,21.64,22.11,21.31,21.46,2672800
2023-05-24,21.11,21.46,21.11,21.34,1557200
2023-05-25,21.28,21.83,21.28,21.73,1679400
2023-05-26,21.72,22.04,21.72,21.75,1003200
2023-05-29,21.82,21.98,21.77,21.87,481100
2023-05-30,22.06,22.12,21.7,21.83,1742300
2023-05-31,21.8,21.89,21.19,21.43,2524700
2023-06-01,21.45,21.74,21.22,21.71,1634800
2023-06-02,21.83,22.1,21.63,21.72,3010400
2023-06-05,21.66,22.03,21.61,21.88,1566800
2023-06-06,21.84,22.22,21.77,22.12,3305700
2023-06-07,22.18,22.42,21.96,22.14,2729900
2023-06-08,22.09,22.53,22.06,22.32,2490200
2023-06-09,22.38,22.63,22.33,22.37,3876500
2023-06-12,22.49,22.78,22.48,22.74,2404500
2023-06-13,22.85,23.34,22.85,23.24,3653200
2023-06-14,23.28,23.55,23.28,23.54,2891600
2023-06-15,23.44,23.75,23.11,23.67,2035500
2023-06-16,23.7,23.77,23.4,23.4,2250600
2023-06-19,23.21,23.42,23.13,23.27,585800
2023-06-20,23.21,23.62,23.15,23.59,1504000
2023-06-21,23.49,23.71,23.4,23.58,1344500
2023-06-22,23.49,23.5,22.93,23.17,1536600
2023-06-23,22.85,23.07,22.72,22.88,1348600
2023-06-26,22.65,23,22.61,22.86,1237800
2023-06-27,22.98,23.8,22.91,23.76,3273100
2023-06-28,23.88,24.7,23.87,24.68,4429100
2023-06-29,24.68,24.88,24.48,24.86,2501300
2023-06-30,24.9,25,24.77,24.99,1982100
2023-07-04,24.91,25,24.72,24.96,896000
2023-07-05,24.75,24.95,24.7,24.89,1385500
2023-07-06,24.67,24.81,24.35,24.7,2599800
2023-07-07,24.68,24.93,24.68,24.81,1984800
2023-07-10,24.8,24.96,24.67,24.89,1274700
2023-07-11,24.9,24.94,24.61,24.9,1541700
2023-07-12,24.94,24.96,24.64,24.83,3071400
2023-07-13,24.97,25.25,24.96,25.12,3538300
2023-07-14,25.15,25.2,24.58,24.75,3353200
2023-07-17,24.75,25.27,24.67,25.18,2644400
2023-07-18,25.22,25.53,25.19,25.5,2998600
2023-07-19,25.6,25.8,25.54,25.79,2111100
2023-07-20,25.7,26.04,25.39,25.44,3000600
2023-07-21,25.59,25.91,25.31,25.78,1645700
2023-07-24,25.8,25.85,25.51,25.58,1946200
2023-07-25,25.5,25.6,24.48,24.52,4002900
2023-07-26,24.52,24.94,24.32,24.56,1814700
2023-07-27,24.66,24.76,23.84,23.95,2495500
2023-07-28,24.01,24.42,24.01,24.41,1315400
2023-07-31,24.41,24.6,24.27,24.3,1211800
2023-08-01,24.15,24.25,23.62,23.89,1693300
2023-08-02,23.55,23.76,23.36,23.67,1629200
2023-08-03,23.5,23.69,22.9,23.05,2050100
2023-08-04,23.22,23.22,22.89,22.93,1079200
2023-08-08,22.76,23.11,22.53,23.06,4216900
2023-08-09,23.21,23.25,22.54,22.69,1843200
2023-08-10,22.75,22.95,22.39,22.86,3014600
2023-08-11,23.53,23.83,22.62,23.6,4785500
2023-08-14,23.78,23.81,23.27,23.57,2989400
2023-08-15,23.46,23.53,23.2,23.25,2055800
2023-08-16,23.27,23.49,22.97,23.11,1547500
2023-08-17,23.16,23.17,22.89,22.9,1094500
2023-08-18,22.6,22.94,22.6,22.69,1154800
2023-08-21,22.51,22.71,22.3,22.59,1279100
2023-08-22,22.66,22.79,22.45,22.66,965700
2023-08-23,22.6,22.83,22.48,22.65,1123300
2023-08-24,22.55,22.74,22.35,22.35,939200
2023-08-25,22.47,22.61,22.15,22.32,1102400
2023-08-28,22.48,22.65,22.32,22.51,924800
2023-08-29,22.55,22.93,22.46,22.86,1050600
2023-08-30,22.85,23.21,22.83,22.85,991500
2023-08-31,22.9,22.99,22.68,22.82,1119600
2023-09-01,22.92,23.05,22.73,22.77,1076700
2023-09-05,22.6,22.7,22.3,22.57,1130700
2023-09-06,22.4,22.53,21.88,21.91,2486000
2023-09-07,21.83,21.92,21.2,21.28,2565500
2023-09-08,21.28,21.5,21.13,21.3,1504100
2023-09-11,21.28,21.51,21.18,21.2,1422800
2023-09-12,21.22,21.42,21.14,21.24,1362400
2023-09-13,20.82,20.97,20.6,20.64,2914700
2023-09-14,20.75,20.96,20.29,20.41,3170400
2023-09-15,20.41,20.6,20.21,20.33,2224700
2023-09-18,20.22,20.44,19.93,20.23,1660100
2023-09-19,20.35,20.4,19.91,19.95,1992100
2023-09-20,20.09,20.24,19.56,19.64,2893600
2023-09-21,19.54,19.6,19.06,19.18,2905700
2023-09-22,19.21,19.35,19.02,19.12,1788300
2023-09-25,19.01,19.05,18.8,18.91,1837800
2023-09-26,18.81,18.99,18.76,18.85,1254100
2023-09-27,18.97,19.01,18.72,18.88,1257600
2023-09-28,18.91,19.57,18.91,19.42,2264500
2023-09-29,19.6,19.67,19.26,19.38,1577000
2023-10-02,19.31,19.51,19.02,19.22,1626500
2023-10-03,19.11,19.28,18.76,18.83,1730100
2023-10-04,18.96,19.15,18.88,19.02,1407500
2023-10-05,19.06,19.25,18.75,18.92,1873100
2023-10-06,18.77,19.12,18.69,18.93,1504000
2023-10-10,18.78,19,18.74,18.84,2067300
2023-10-11,18.95,19.04,18.73,18.78,1642800
2023-10-12,18.88,18.88,18.19,18.36,2036200
2023-10-13,18.25,18.3,17.7,17.76,2994000
2023-10-16,17.9,18.04,17.57,18.04,1780400
2023-10-17,17.9,18.04,17.67,17.75,2215400
2023-10-18,17.65,17.65,17,17.13,3278900
2023-10-19,17.14,17.52,17,17.08,3042100
2023-10-20,17,17.09,16.77,16.78,2279400
2023-10-23,16.5,16.71,16.28,16.59,2161700
2023-10-24,16.71,16.86,16.5,16.55,2161500
2023-10-25,16.5,16.55,16.04,16.18,2231500
2023-10-26,16.31,16.66,16.26,16.47,2484900
2023-10-27,16.55,16.85,16.43,16.72,2634700
2023-10-30,17.5,17.58,16.26,16.5,5148100
2023-10-31,16.53,16.98,16.48,16.73,2655300
2023-11-01,16.73,16.82,16.47,16.61,2069900
2023-11-02,16.85,17.23,16.67,17.16,2475100
2023-11-03,17.35,18.1,17.31,18.05,3556600
2023-11-06,18.14,18.34,17.86,17.97,2769200
2023-11-07,17.88,18.35,17.87,18.03,2591100
2023-11-08,18.12,18.64,18.12,18.4,2048300
2023-11-09,18.5,18.56,18.03,18.1,1868100
2023-11-10,18.09,18.19,17.89,18.11,1233900
2023-11-13,17.95,18.1,17.85,17.95,1271900
2023-11-14,18.15,18.43,18.04,18.2,2555300
2023-11-15,18.39,18.45,18.16,18.2,2345500
2023-11-16,18.09,18.29,17.87,17.9,2025900
2023-11-17,17.95,18.11,17.86,17.89,1523300
2023-11-20,17.89,18.18,17.83,18.12,1696700
2023-11-21,18,18.15,17.9,17.96,1262700
2023-11-22,18.05,18.23,17.72,17.76,2410000
2023-11-23,17.81,17.92,17.75,17.78,664800
2023-11-24,17.75,17.93,17.73,17.91,793500
2023-11-27,17.82,18.1,17.47,17.6,2053300
2023-11-28,17.48,17.62,17.28,17.41,1571000
2023-11-29,17.67,17.76,17.42,17.45,1982700
2023-11-30,17.53,17.68,17.32,17.63,2414400
2023-12-01,17.6,17.81,17.51,17.74,2577800
2023-12-04,17.76,17.99,17.62,17.69,2891100
2023-12-05,17.68,17.81,17.51,17.53,2908700
2023-12-06,17.69,18.39,17.69,18.27,4241600
2023-12-07,18.38,18.95,18.35,18.9,3172800
2023-12-08,18.88,18.99,18.45,18.49,2844600
2023-12-11,18.52,18.56,17.88,17.96,3398400
2023-12-12,18,18.18,17.77,17.8,2339700
2023-12-13,17.74,18.3,17.46,18.24,3049800
2023-12-14,18.41,18.72,18.37,18.59,2191800
2023-12-15,18.67,18.68,18.17,18.18,2636900
2023-12-18,18.17,18.22,17.92,18.14,1978200
2023-12-19,18.28,18.66,18.24,18.66,1946800
2023-12-20,18.59,18.79,18.22,18.28,1696500
2023-12-21,18.69,18.89,18.51,18.59,2290200
2023-12-22,18.51,18.78,18.51,18.73,1168800
2023-12-27,18.67,18.8,18.49,18.71,1460000
2023-12-28,18.66,18.83,18.61,18.83,1128200
2023-12-29,18.72,18.83,18.59,18.69,1302100
2024-01-02,18.5,18.74,18.42,18.48,1600500
2024-01-03,18.28,18.28,17.72,17.77,3532200
2024-01-04,17.84,18.24,17.83,18.12,2309300
2024-01-05,18,18.48,17.99,18.44,2032400
2024-01-08,18.4,19.25,18.4,19.07,2905000
2024-01-09,19.07,19.39,18.95,19.3,2208100
2024-01-10,19.3,19.8,19.3,19.62,2355100
2024-01-11,19.65,19.68,19.16,19.43,1906500
2024-01-12,19.15,19.25,18.42,18.57,3679100
2024-01-15,18.6,18.77,18.57,18.68,822500
2024-01-16,18.5,18.67,18.22,18.45,2048300
2024-01-17,18.27,18.56,18.26,18.38,1332200
2024-01-18,18.47,18.68,18.3,18.34,1833800
2024-01-19,18.34,18.34,18.01,18.16,2343200
2024-01-22,18.28,18.49,18.02,18.06,2126200
2024-01-23,18.35,18.45,18.12,18.19,2485900
2024-01-24,18.34,18.41,18.18,18.38,1497600
2024-01-25,18.52,18.94,18.51,18.83,3022500
2024-01-26,18.85,18.92,18.71,18.92,1456200
2024-01-29,18.93,18.99,18.68,18.71,1135500
2024-01-30,18.6,18.61,18.33,18.43,1491000
2024-01-31,18.35,18.45,18.22,18.22,2075000
2024-02-01,18.37,18.45,18.08,18.25,1550900
2024-02-02,18.27,18.4,18.16,18.38,1181100
2024-02-05,18.18,18.26,18.05,18.08,2456600
2024-02-06,18.05,18.65,18.05,18.61,2053400
2024-02-07,18.62,18.73,18.53,18.65,1225200
2024-02-08,18.58,18.6,18.13,18.22,2228800
2024-02-09,18.25,18.3,18.11,18.21,1084300
2024-02-12,18.2,18.52,18.2,18.34,1781200
2024-02-13,18.12,18.41,18.05,18.39,2169200
2024-02-14,18.43,18.99,18.41,18.98,2165900
2024-02-15,19,19.38,18.98,19.26,2384100
2024-02-16,18.63,18.63,17.81,18,9255200
2024-02-20,18,18.18,17.88,17.89,3393300
2024-02-21,17.8,18.09,17.61,18.08,2259300
2024-02-22,18.18,18.26,18.01,18.02,1925600
2024-02-23,18,18.27,17.93,18.17,2061000
2024-02-26,18.2,18.48,18.16,18.46,2309800
2024-02-27,18.47,18.8,18.43,18.52,2023500
2024-02-28,18.4,18.4,18.18,18.18,2046700
2024-02-29,18.25,18.37,18.11,18.12,2727100
2024-03-01,18.1,18.18,18.04,18.12,2001000
2024-03-04,18.12,18.25,18.04,18.06,1844400
2024-03-05,18.05,18.13,17.92,17.98,1716200
2024-03-06,18.08,18.18,17.98,18.06,1578700
2024-03-07,18.06,18.15,17.91,17.93,1521200
2024-03-08,17.96,18.06,17.63,17.69,3076200
2024-03-11,17.6,17.79,17.37,17.7,2194300
2024-03-12,17.65,17.94,17.47,17.85,2394600
2024-03-13,17.85,18.48,17.84,18.39,5775000
2024-03-14,18.41,18.48,18.02,18.07,2265600
2024-03-15,18.08,18.3,18.07,18.27,2060200
2024-03-18,18.27,18.39,18.21,18.35,1471400
2024-03-19,18.29,18.58,18.2,18.37,2378500
2024-03-20,18.3,18.74,18.28,18.68,2906100
2024-03-21,18.74,18.94,18.64,18.93,2376600
2024-03-22,18.95,19.07,18.73,18.83,1545300
2024-03-25,18.71,18.99,18.71,18.95,1319400
2024-03-26,18.95,19.66,18.95,19.47,3879700
2024-03-27,19.52,19.74,19.38,19.64,1696400
2024-03-28,19.56,19.78,19.46,19.61,2076500
2024-04-01,19.6,20.18,19.57,20.12,2767500
2024-04-02,19.95,19.95,19.47,19.68,2555800
2024-04-03,19.67,20.06,19.61,19.72,1821800
2024-04-04,19.86,20.14,19.74,19.76,2492000
2024-04-05,19.72,19.95,19.63,19.7,1407000
2024-04-08,19.7,19.87,19.53,19.58,1305300
2024-04-09,19.54,19.75,19.48,19.69,956500
2024-04-10,19.6,19.89,19.32,19.39,2067900
2024-04-11,19.39,19.43,18.73,19.04,3034700
2024-04-12,18.85,18.92,18.42,18.47,2256300
2024-04-15,18.56,18.78,18.35,18.42,1477700
2024-04-16,18.35,18.44,18.16,18.38,3155900
2024-04-17,18.6,19.39,18.55,19.31,3260400
2024-04-18,19.39,19.87,19.39,19.58,2907400
2024-04-19,19.42,19.85,19.33,19.58,1967500
2024-04-22,19.62,19.93,19.62,19.9,2810800
2024-04-23,19.82,20.25,19.71,20,3456900
2024-04-24,20.01,20.14,19.9,19.93,1540000
2024-04-25,19.69,20,19.43,19.98,1445400
2024-04-26,20.05,20.2,19.94,20.02,1211800
2024-04-29,20,20.15,19.84,20.1,1401900
2024-04-30,20.08,20.43,20.07,20.32,3203400
2024-05-01,20.24,20.47,20.15,20.46,2100200
2024-05-02,19.25,19.42,18.38,18.75,10441000
2024-05-03,18.75,18.9,18.46,18.76,3521100
2024-05-06,18.8,18.97,18.67,18.83,2725200
2024-05-07,18.8,18.8,18.5,18.53,3400700
2024-05-08,18.5,18.52,18.35,18.48,2034600
2024-05-09,18.47,18.73,18.47,18.64,1445900
2024-05-10,18.71,18.83,18.61,18.8,1438900
2024-05-13,18.87,19.08,18.8,19.06,2878000
2024-05-14,19.02,19.19,18.93,19.02,1445000
2024-05-15,19.01,19.13,18.78,18.81,1654500
2024-05-16,18.8,18.84,18.65,18.67,1902800
2024-05-17,18.68,18.83,18.68,18.75,1238500
2024-05-21,18.61,18.66,18.46,18.48,2266900
2024-05-22,18.41,18.61,18.4,18.52,1763300
2024-05-23,18.56,18.74,18.3,18.41,2531700
2024-05-24,18.4,18.54,18.34,18.4,1596000
2024-05-27,18.36,18.51,18.34,18.41,580500
2024-05-28,18.32,18.4,18.13,18.14,1903800
2024-05-29,18,18.02,17.58,17.61,3439600
2024-05-30,17.61,17.95,17.61,17.91,1704300
2024-05-31,17.92,18.23,17.92,18.2,2226900
2024-06-03,18.18,18.27,18.05,18.23,1293700
2024-06-04,18.2,18.39,18.2,18.36,1254800
2024-06-05,18.42,18.48,18.15,18.33,1687400
2024-06-06,18.2,18.34,17.98,18.02,1799500
2024-06-07,17.95,18.03,17.73,17.79,1824900
2024-06-10,17.75,17.8,17.56,17.6,2005400
2024-06-11,17.59,17.61,17.38,17.45,1647700
2024-06-12,17.56,17.75,17.56,17.67,1265400
2024-06-13,17.61,17.64,17.2,17.2,1685600
2024-06-14,17.05,17.18,16.97,17.16,2149800
2024-06-17,17.08,17.31,16.97,17.22,1017000
2024-06-18,17.16,17.22,17.01,17.08,847000
2024-06-19,17.08,17.23,17.07,17.23,383100
2024-06-20,17.21,17.21,16.96,16.97,1731800
2024-06-21,16.99,17.01,16.88,16.93,1564500
2024-06-24,16.97,17.1,16.91,17.01,1147600
2024-06-25,16.97,17,16.65,16.65,2075700
2024-06-26,16.64,17.56,16.62,17.54,3623300
2024-06-27,17.5,17.9,17.37,17.89,1791000
2024-06-28,17.94,18.02,17.74,17.9,1746900
2024-07-02,17.77,18.07,17.77,17.94,2029600
2024-07-03,17.91,17.98,17.75,17.8,1040800
2024-07-04,17.65,17.71,17.48,17.57,981700
2024-07-05,17.52,17.62,17.36,17.36,1846600
2024-07-08,17.37,17.5,17.31,17.41,1196400
2024-07-09,17.49,17.51,17.14,17.15,1808600
2024-07-10,17.21,17.43,17.18,17.32,1416000
2024-07-11,17.19,17.39,17.01,17.16,1957700
2024-07-12,17.15,17.38,17.14,17.35,1713400
2024-07-15,17.35,17.49,17.26,17.27,1108500
2024-07-16,17.3,17.78,17.28,17.7,1832300
2024-07-17,17.52,17.55,17.29,17.34,1869800
2024-07-18,17.25,17.28,16.78,16.94,4632800
2024-07-19,16.94,17.09,16.83,17.07,1393800
2024-07-22,16.65,16.68,16.07,16.65,5596700
2024-07-23,16.59,16.73,16.4,16.43,2692600
2024-07-24,16.32,16.4,15.97,16.03,4125100
2024-07-25,16,16.28,15.93,16.15,3099400
2024-07-26,16.32,16.34,16.09,16.16,2516800
2024-07-29,16.22,16.23,16.02,16.14,1615200
2024-07-30,16.15,16.26,15.98,16,2507900
2024-07-31,16.03,16.04,15.77,15.91,4333600
2024-08-01,15.95,15.96,15.45,15.46,3835300
2024-08-02,15.3,15.3,14.78,14.9,3584500
2024-08-06,14.63,15.19,14.47,15.14,3055900
2024-08-07,15.38,15.38,14.75,14.93,2607700
2024-08-08,15.03,15.36,14.93,15.34,3018600
2024-08-09,15.49,15.82,15.43,15.62,1633800
2024-08-12,15.6,15.61,15.01,15.03,2276500
2024-08-13,15.13,15.41,15.12,15.33,2008100
2024-08-14,15.3,15.4,15.13,15.35,1455800
2024-08-15,15.45,15.75,15.45,15.63,1750000
2024-08-16,15.56,15.67,15.53,15.54,869800
2024-08-19,15.59,15.74,15.48,15.71,1194000
2024-08-20,15.74,15.74,15.38,15.49,1555700
2024-08-21,15.47,15.66,15.46,15.57,1125900
2024-08-22,15.59,15.6,15.3,15.3,1524500
2024-08-23,15.28,15.74,15.22,15.61,1765600
2024-08-26,15.6,15.8,15.58,15.69,942900
2024-08-27,15.7,15.92,15.69,15.81,1205700
2024-08-28,15.8,15.84,15.49,15.49,2663900
2024-08-29,15.57,15.58,15.31,15.33,2043300
2024-08-30,15.33,15.49,15.26,15.44,1663200
2024-09-03,15.29,15.36,15.2,15.21,1201100
2024-09-04,15.19,15.42,15.1,15.36,1534100
2024-09-05,15.44,15.66,15.39,15.47,1611600
2024-09-06,15.43,15.56,15.12,15.25,1543700
2024-09-09,15.1,15.22,14.86,15.07,1943100
2024-09-10,15.07,15.13,14.89,15.13,1134900
2024-09-11,15.07,15.41,15.02,15.41,1463300
2024-09-12,15.48,15.79,15.46,15.7,2370900
2024-09-13,15.68,15.97,15.66,15.85,2607300
2024-09-16,16.5,17.08,16.33,16.4,3350100
2024-09-17,16.46,16.75,16.33,16.49,1935600
2024-09-18,16.49,16.57,16.35,16.44,1129800
2024-09-19,16.57,16.65,16.31,16.33,1729600
2024-09-20,16.45,16.45,15.81,15.95,9809100
2024-09-23,15.9,16.03,15.81,15.96,1215500
2024-09-24,16.04,16.5,16,16.45,2085200
2024-09-25,16.39,16.42,16.1,16.12,1305400
2024-09-26,16.39,16.75,16.32,16.67,3163900
2024-09-27,16.74,16.82,16.42,16.52,1497800
2024-09-30,16.4,16.51,16.26,16.39,1307700
2024-10-01,16.35,16.36,15.98,16.13,2159200
2024-10-02,16.01,16.45,15.99,16.31,1497000
2024-10-03,16.31,16.31,16,16.26,2834900
2024-10-04,16.4,16.6,16.33,16.42,2051900
2024-10-07,16.41,16.46,16.13,16.22,1442700
2024-10-08,16.22,16.56,16.21,16.41,2536700
2024-10-09,16.4,16.65,16.39,16.65,1900000
2024-10-10,16.5,17.52,16.5,17.39,5587700
2024-10-11,17.36,17.42,17.14,17.15,2299500
2024-10-15,17.22,17.46,17.15,17.23,2060100
2024-10-16,17.22,18.03,17.22,17.98,5607200
2024-10-17,18,18.27,17.94,18.19,3954100
2024-10-18,18.22,18.5,18.18,18.28,2613600
2024-10-21,18.17,18.41,18.16,18.31,1908400
2024-10-22,18.3,19.22,18.3,19.15,5199200
2024-10-23,19.06,19.44,18.93,19.16,4872000
2024-10-24,19.14,19.33,18.56,18.78,2651600
2024-10-25,18.93,19.11,18.78,18.92,1830200
2024-10-28,19.12,19.28,19.05,19.25,2543200
2024-10-29,19.1,19.2,18.88,19.16,2118100
2024-10-30,19.01,19.47,19.01,19.18,2638500
2024-10-31,19.15,19.19,18.62,18.87,2691600
2024-11-01,19.81,21.61,19.81,21.51,17130600
2024-11-04,21.5,21.97,21.43,21.74,6198600
2024-11-05,21.76,22.25,21.67,22.18,4748100
2024-11-06,22.5,23.21,22.24,23.16,5795600
2024-11-07,23.28,23.7,23.14,23.14,4977800
2024-11-08,23,23.1,22.06,22.54,4491100
2024-11-11,22.55,23.32,22.41,23.13,3150000
2024-11-12,23,23.49,22.98,23.4,2914100
2024-11-13,23.32,24.21,23.32,24.19,4789000
2024-11-14,24.19,24.99,24.19,24.57,4435500
2024-11-15,24.55,24.81,24.11,24.5,3154600
2024-11-18,24.49,24.98,23.85,23.97,6578000
2024-11-19,23.5,23.91,23.28,23.4,3815700
2024-11-20,23.29,23.36,22.77,23.21,4406000
2024-11-21,23.18,24.12,23.18,23.96,4208200
2024-11-22,23.92,24.42,23.8,24.2,2701200
2024-11-25,24.21,24.99,24.2,24.69,6913300
2024-11-26,24.99,25,24.61,24.68,2398600
2024-11-27,24.6,24.8,24.45,24.63,1875500
2024-11-28,24.58,24.94,24.55,24.82,1038100
2024-11-29,24.78,24.97,24.72,24.96,1652200
2024-12-02,24.93,25.19,24.62,24.64,5153700
2024-12-03,24.71,25.06,24.65,24.9,3893300
2024-12-04,24.94,25.2,24.94,25.2,3211200
2024-12-05,25.35,26.14,25.3,25.66,6379700
2024-12-06,25.63,26.03,25.63,25.91,3723200
2024-12-09,25.85,26,25.45,25.54,2916600
2024-12-10,25.6,26.18,25.36,25.45,4911200
2024-12-11,25.5,25.63,24.98,25.05,3247900
2024-12-12,25,25.57,24.97,25.28,4615800
2024-12-13,25.31,25.59,24.41,25.04,4228500
2024-12-16,24.96,25.36,24.88,24.92,3327300
2024-12-17,24.36,24.47,22.47,22.59,8389000
2024-12-18,22.6,23.22,21.4,21.58,5884300
2024-12-19,21.72,22.06,21.44,21.72,5077700
2024-12-20,21.41,22.13,21.21,21.96,6308900
2024-12-23,21.9,22.24,21.82,22.06,2801400
2024-12-24,22.03,22.44,21.85,22.24,1479500
2024-12-27,22.15,22.8,22.15,22.43,2011700
2024-12-30,22.19,22.38,21.93,22.25,1913100
2024-12-31,22.31,22.49,22.2,22.26,1710400
2025-01-02,22.45,22.45,22.1,22.34,2071300
2025-01-03,22.25,22.48,22.02,22.33,3839900
2025-01-06,22.35,22.85,22.28,22.3,2479800
2025-01-07,22.28,22.41,21.86,22.06,2353000
2025-01-08,21.81,21.93,21.6,21.73,2226600
2025-01-09,21.58,22.1,21.58,22.01,1339700
2025-01-10,22.31,22.31,21.39,21.91,3502200
2025-01-13,21.59,21.85,21.15,21.24,3416500
2025-01-14,21.43,21.69,21.19,21.25,2341500
2025-01-15,21.49,21.66,20.6,20.62,3627000
2025-01-16,20.5,20.51,19.86,20.41,3577300
2025-01-17,20.53,20.58,20.18,20.45,2286100
2025-01-20,20.75,20.83,20.46,20.63,1098500
2025-01-21,20.51,20.69,20.21,20.39,2438200
2025-01-22,20.45,20.51,19.84,20.1,2598500
2025-01-23,20.05,20.29,19.89,20.08,3202800
2025-01-24,20,20.15,19.87,19.91,2594300
2025-01-27,19.72,20.3,19.53,20.17,2664600
2025-01-28,20.1,20.17,19.52,19.75,2877100
2025-01-29,19.75,19.92,19.66,19.82,2349800
2025-01-30,19.94,20.25,19.93,19.97,2375900
2025-01-31,19.91,20.07,19.55,19.61,2736100
2025-02-03,18.43,19.28,17.74,18.19,6630700
2025-02-04,18.4,18.96,18.4,18.65,3446600
2025-02-05,18.67,18.68,18.07,18.2,4259900
2025-02-06,18.2,18.43,18.12,18.15,2814800
2025-02-07,18.15,18.2,18.01,18.12,3400500
2025-02-10,18.24,18.24,17.73,17.74,4577000
2025-02-11,17.76,18.27,17.56,18.04,3874300
2025-02-12,17.99,18.39,17.86,18.17,3748500
2025-02-13,18.3,18.54,18.02,18.22,3749100
2025-02-14,19,19.42,17.51,17.75,7159000
2025-02-18,17.69,17.69,16.87,17.48,5205800
2025-02-19,17.4,17.52,17.27,17.45,2523700
2025-02-20,17.31,17.43,17.19,17.22,2777500
2025-02-21,17.25,17.28,16.76,16.84,4275800
2025-02-24,16.83,17.31,16.77,17.04,2684400
2025-02-25,16.88,17.22,16.67,17.19,3048700
2025-02-26,17.35,17.6,17.05,17.35,2435000
2025-02-27,17.29,17.3,16.77,16.77,2853000
2025-02-28,16.75,16.99,16.66,16.75,2831500
2025-03-03,16.59,16.66,16,16.1,3860600
2025-03-04,15.75,16.38,15.58,16.07,5520100
2025-03-05,16.12,16.74,16.08,16.67,4114300
2025-03-06,16.4,16.52,15.79,16.07,5380100
2025-03-07,16.06,16.45,16.01,16.36,4893500
2025-03-10,16.05,16.09,15.67,15.77,4560600
2025-03-11,15.7,15.78,15.27,15.52,5081700
2025-03-12,15.6,15.84,15.38,15.44,3157100
2025-03-13,15.43,15.51,15.07,15.19,3220300
2025-03-14,15.2,15.36,15.13,15.35,4441600
2025-03-17,15.32,15.52,15.17,15.49,2490200
2025-03-18,15.5,15.51,15.29,15.37,1614200
2025-03-19,15.37,15.46,15.19,15.22,3246600
2025-03-20,15.13,15.34,15.06,15.2,2732900
2025-03-21,15.14,15.3,15.04,15.23,4121500
2025-03-24,15.45,15.56,15.25,15.35,2777200
2025-03-25,15.43,15.43,15.19,15.23,1874600
2025-03-26,15.27,15.27,15.07,15.12,2038100
2025-03-27,15.02,15.07,14.51,14.59,5590000
2025-03-28,14.59,14.6,14.12,14.13,5111900
2025-03-31,14,14.45,13.7,14.17,3622200
2025-04-01,13.91,14.42,13.62,14.38,4246600
2025-04-02,14.2,14.6,14.15,14.34,2748400
2025-04-03,14,14.43,13.87,13.99,4403700
2025-04-04,13.74,13.89,13.11,13.55,4969800
2025-04-07,13.08,13.73,12.98,13.01,5349500
2025-04-08,13.3,13.66,12.69,12.83,4525300
2025-04-09,12.76,14.44,12.76,14.14,7362900
2025-04-10,14.1,14.17,13.06,13.22,4346800
2025-04-11,13.19,13.69,13.01,13.68,3065700
2025-04-14,14,14.17,13.71,14.05,3826000
2025-04-15,14.07,14.18,13.82,13.97,2772400
2025-04-16,13.88,14.26,13.82,14.02,3211300
2025-04-17,14.1,14.1,13.9,13.97,3080300
2025-04-21,13.9,13.91,13.65,13.87,1507300
2025-04-22,13.96,14.09,13.84,13.97,2106300
2025-04-23,14.27,14.39,14.01,14.1,2996400
2025-04-24,13.98,14.49,13.96,14.34,3197800
2025-04-25,14.28,14.31,13.99,14.07,2174700
2025-04-28,14,14.15,13.86,14.01,2243200
2025-04-29,13.96,14.12,13.87,14.05,1556200
2025-04-30,13.93,14,13.73,13.97,1793800
2025-05-01,13.95,14.21,13.93,14.11,2213800
2025-05-02,14.25,14.75,14.25,14.69,3689200
2025-05-05,14.75,15.13,14.55,15,3758200
2025-05-06,14.99,15.08,14.78,14.79,2665400
2025-05-07,14.99,15.15,14.91,14.98,3480400
2025-05-08,15.1,15.52,15.09,15.3,4280300
2025-05-09,16.01,17.58,16.01,17.54,12178300
2025-05-12,18.11,18.74,18.08,18.37,7362700
2025-05-13,18.56,19.13,18.4,18.99,4925100
2025-05-14,19.1,19.54,18.54,18.62,4974600
2025-05-15,18.57,19.06,18.5,18.8,3648800
2025-05-16,18.86,18.92,18.59,18.73,2494700
2025-05-20,18.69,18.88,18.58,18.79,2242700
2025-05-21,18.69,18.9,18.36,18.36,3266400
2025-05-22,18.25,18.85,18.23,18.62,2677300
2025-05-23,18.46,18.84,18.42,18.74,2837800
2025-05-26,18.84,18.94,18.77,18.79,846300
2025-05-27,18.9,19.4,18.84,19.35,3923000
2025-05-28,19.3,19.56,19.3,19.36,2892400
2025-05-29,19.5,19.61,19.4,19.57,2305200
2025-05-30,19.4,19.56,19.11,19.2,12555500
2025-06-02,19.18,19.2,18.75,18.89,3138900
2025-06-03,18.8,19.08,18.67,18.86,3155800
2025-06-04,18.9,19,18.7,18.76,2022200
2025-06-05,18.76,18.81,18.52,18.54,2274700
2025-06-06,18.65,18.66,18.38,18.53,2219900
2025-06-09,18.6,18.68,18.49,18.62,1885900
2025-06-10,18.69,19.18,18.68,19.15,2752000
2025-06-11,19.18,19.22,18.8,18.83,1949700
2025-06-12,18.68,18.95,18.6,18.77,2086400
2025-06-13,18.43,18.66,18.36,18.53,4860100
2025-06-16,18.52,18.91,18.52,18.9,3366400
2025-06-17,18.77,18.85,18.58,18.64,4319100
2025-06-18,18.58,18.96,18.58,18.69,4347500
2025-06-19,18.65,18.73,18.58,18.7,1089000
2025-06-20,18.8,18.8,18.21,18.22,4040600
2025-06-23,18.22,19.14,18.02,19.14,5953000
2025-06-24,19.32,19.74,19.32,19.74,3215400
2025-06-25,19.74,20.13,19.73,19.81,3648400
2025-06-26,19.87,20.5,19.81,20.49,3810200
2025-06-27,20.5,20.54,20.03,20.32,4024900
2025-06-30,20.33,21.24,20.29,21.07,5029900
2025-07-02,21.01,21.4,20.91,21.4,2820800
2025-07-03,21.49,22.34,21.41,21.92,3553300
2025-07-04,21.84,21.88,21.64,21.75,1049800
2025-07-07,21.71,22.18,21.71,22.03,2713800
2025-07-08,22.19,22.67,22.16,22.39,3528400
2025-07-09,22.45,22.5,21.97,22.45,2570600
2025-07-10,22.75,23.72,22.73,23.29,5223500
2025-07-11,23,23.2,22.65,22.73,2569300
2025-07-14,22.54,22.72,22.2,22.35,1863200
2025-07-15,22.38,22.59,22.07,22.12,1892400
2025-07-16,22.25,22.32,21.56,21.62,3922200
2025-07-17,21.59,21.85,21.36,21.51,3287000
2025-07-18,21.51,21.52,20.59,20.99,5051000
2025-07-21,21.09,21.55,21.09,21.41,2033500
2025-07-22,21.53,21.74,21.4,21.58,2539800
2025-07-23,21.58,22.24,21.58,22.18,2464500
2025-07-24,22,22.2,21.71,21.87,2787700
2025-07-25,21.89,22.02,21.71,21.98,1495300
2025-07-28,22,22.18,21.84,22.04,2053200
2025-07-29,19.81,20.52,18.75,19.34,12216400
2025-07-30,19.56,19.93,19.35,19.67,4712100
2025-07-31,19.71,19.71,19.25,19.3,3171300
2025-08-01,19,19.32,18.72,19.06,3044200
2025-08-05,19.28,19.28,18.71,18.89,4171200
2025-08-06,18.88,18.88,18.55,18.67,3315900
2025-08-07,18.66,19.08,18.63,19.04,2343500
2025-08-08,19.05,19.36,19.05,19.32,2071400
2025-08-11,19.25,19.38,19.11,19.18,1380800
2025-08-12,19.22,19.71,19.22,19.54,2644400
2025-08-13,18.91,19.67,18.9,19.66,2646500
2025-08-14,19.46,19.79,19.43,19.66,2375800
2025-08-15,19.6,20.14,19.6,19.77,2745100
2025-08-18,19.03,19.66,18.92,19.18,4357000
2025-08-19,20.1,20.1,18.96,19.4,5787800
2025-08-20,19.4,19.41,18.68,19.11,4241300
2025-08-21,19.19,19.46,19.1,19.35,2428800
2025-08-22,19.35,19.82,19.3,19.81,4711000
2025-08-25,19.68,19.75,19.4,19.67,1612800
2025-08-26,19.67,19.85,19.53,19.68,2510200
2025-08-27,19.63,19.68,19.45,19.61,1858900
2025-08-28,19.58,19.68,19.38,19.47,1289300
2025-08-29,19.4,19.52,19.31,19.5,1150100
2025-09-02,19.24,19.29,18.91,19.07,2117100
2025-09-03,19.07,19.31,19.06,19.24,1419400
2025-09-04,19.24,19.3,18.98,19.08,2383900
2025-09-05,19.13,19.29,19.09,19.23,2474700
2025-09-08,19.11,19.18,18.9,19.13,2527000
2025-09-09,19.04,19.17,18.92,18.97,2200500
2025-09-10,18.92,19.14,18.76,18.9,2823100
2025-09-11,18.99,19.01,18.68,18.75,2954100
2025-09-12,18.72,18.76,18.58,18.75,2591900
2025-09-15,18.7,19.06,18.48,18.98,3253300
2025-09-16,18.98,19,18.86,18.9,1338100
2025-09-17,18.94,19.01,18.71,18.79,1985400
2025-09-18,18.86,18.94,18.81,18.85,1274300
2025-09-19,18.93,18.93,18.68,18.91,3378900
2025-09-22,18.86,19.09,18.78,19.05,2050600
2025-09-23,19.1,19.33,18.33,18.55,5027300
2025-09-24,18.57,18.61,18.34,18.38,2671300
2025-09-25,18.15,18.15,17.71,17.98,3773700
2025-09-26,18,18.02,17.54,17.78,3871600
2025-09-29,17.87,18,17.79,17.9,2589000
2025-09-30,17.92,17.96,17.48,17.56,3141300
2025-10-01,17.5,17.79,17.43,17.71,1709800
2025-10-02,17.84,18.03,17.75,18.02,1675000
2025-10-03,18,18.36,17.99,18.34,1962600
2025-10-06,18.39,18.39,18.09,18.33,2124900
2025-10-07,18.29,18.44,18.1,18.12,1995800
2025-10-08,18.13,18.93,18.1,18.46,3766500
2025-10-09,18.69,18.83,18.26,18.26,1984000
2025-10-10,18.26,18.48,17.99,18.06,2829800
2025-10-14,18,18.44,17.8,18.33,2299000
2025-10-15,18.38,18.41,18.13,18.3,1888600
2025-10-16,18.29,18.3,17.89,17.98,2368300
2025-10-17,17.88,18.09,17.78,17.88,1688900
2025-10-20,17.97,18.13,17.9,18.04,2098100
2025-10-21,18,18.14,17.94,18.06,2043700
2025-10-22,18,18.38,18,18.37,3569900
2025-10-23,18.38,18.51,18.22,18.34,2519000
2025-10-24,18.35,18.57,18.22,18.42,2224100
2025-10-27,18.5,18.64,18.23,18.53,2657900
2025-10-28,18.43,18.55,18.09,18.12,2054100
2025-10-29,18.1,18.23,17.97,18.12,1598700
2025-10-30,18.1,18.37,18.06,18.24,1958300
2025-10-31,18.3,18.49,18.2,18.44,2780700
2025-11-03,18.41,19.08,18.41,18.85,3780200
2025-11-04,18.64,18.82,18.37,18.76,3667400
2025-11-05,18.1,18.91,18.06,18.75,5247500
2025-11-06,18.71,18.78,18.14,18.15,3163300
2025-11-07,18.15,18.68,18.07,18.62,3806300
2025-11-10,18.71,18.88,18.49,18.5,1786300
2025-11-11,18.5,18.5,18.3,18.34,1501200
2025-11-12,18.44,19.05,18.38,19.03,3487400
2025-11-13,19,19.2,18.77,18.94,2015900
2025-11-14,18.75,18.81,18.57,18.64,1541000
2025-11-17,18.54,18.57,17.82,17.89,3333000
2025-11-18,17.84,17.93,17.61,17.84,1881700
2025-11-19,17.9,18.04,17.72,17.9,1909400
2025-11-20,18.05,18.4,17.93,17.96,2460500
2025-11-21,18.06,18.28,17.97,18.24,1764200
2025-11-24,18.3,18.55,18.26,18.45,2322100
2025-11-25,18.52,18.92,18.45,18.84,3692000
2025-11-26,18.9,19.31,18.85,19.07,2941000
2025-11-27,19,19.08,18.97,19.06,576000
2025-11-28,19,19.1,18.94,19.02,1069300
2025-12-01,18.88,19.25,18.76,19.09,2050700
2025-12-02,19.13,19.46,18.97,19.34,2642200
2025-12-03,19.3,19.61,19.26,19.37,1927600
2025-12-04,19.43,19.54,18.95,19,1928700
2025-12-05,18.99,19.07,18.63,18.88,2141500
2025-12-08,18.92,18.98,18.5,18.55,1938400
2025-12-09,18.47,18.83,18.45,18.72,1614700
2025-12-10,18.65,18.8,18.18,18.25,3035000
2025-12-11,18.22,18.48,18.19,18.22,1485500
2025-12-12,18.26,18.59,18.2,18.45,2131300
2025-12-15,18.5,18.63,18.35,18.49,1197900
2025-12-16,18.54,18.67,18.27,18.58,2136800
2025-12-17,18.6,18.89,18.55,18.63,2018200
2025-12-18,18.75,19.33,18.64,19.26,4573400
2025-12-19,19.27,19.56,19.21,19.48,3967700
2025-12-22,19.45,19.96,19.44,19.85,2721300
2025-12-23,19.82,20.07,19.37,19.53,2157400
2025-12-24,19.46,19.65,19.46,19.49,428700
2025-12-29,19.27,19.54,19.27,19.44,1306600
2025-12-30,19.39,19.4,19.18,19.19,1342600
2025-12-31,19.2,19.53,19.19,19.29,1034400
2026-01-02,19.35,19.85,19.35,19.77,1649100
2026-01-05,19.65,20.07,19.65,19.96,2364900
2026-01-06,19.99,20.11,19.84,20.02,2025500
2026-01-07,20.01,20.13,19.46,19.62,2215300
2026-01-08,19.52,19.85,19.52,19.68,1547900
2026-01-09,19.76,19.87,19.2,19.45,3455100
2026-01-12,19.36,19.51,19.01,19.42,2909000
2026-01-13,19.3,19.44,19.11,19.25,3027300
2026-01-14,19.22,19.51,19.22,19.48,2284900
2026-01-15,19.56,19.88,19.56,19.78,2348000
2026-01-16,19.78,19.85,19.51,19.59,1665200
2026-01-19,19.39,19.65,19.38,19.64,878000
2026-01-20,19.45,19.48,18.73,18.75,3568500
2026-01-21,18.95,19.5,18.94,19.46,3242800
2026-01-22,19.59,19.81,19.45,19.47,1862900
2026-01-23,19.37,19.46,19.25,19.36,1290300
2026-01-26,19.3,19.37,19.1,19.23,2194000
2026-01-27,19.34,19.36,19.14,19.17,1846700
2026-01-28,19.18,19.28,19.08,19.12,1221600
2026-01-29,19.1,19.23,18.83,18.87,2098000
2026-01-30,18.78,18.99,18.72,18.85,1628500
2026-02-02,18.78,19.6,18.78,19.58,3222100
2026-02-03,19.62,20.7,19.58,20.67,6418500
2026-02-04,20.68,21.17,20.62,21.05,4020400
2026-02-05,20.9,21.09,20.7,20.83,2955300
2026-02-06,20.9,21.35,20.83,21.16,2392700
2026-02-09,21.21,21.39,20.08,20.21,2982300
2026-02-10,20.11,20.44,19.95,20.16,1569900
2026-02-11,20.17,20.3,19.32,19.53,2685400
2026-02-12,19.62,19.89,19.28,19.52,2807000
2026-02-13,20.4,21.23,19.84,20.25,6205200
2026-02-17,19.91,20.65,19.9,20.53,2510500
2026-02-18,20.37,21.24,20.37,21.23,3822800
2026-02-19,21.16,21.38,20.61,20.99,3664200
2026-02-20,20.9,21.13,20.76,21.03,2230200
2026-02-23,20.85,20.94,20.31,20.4,2790500
2026-02-24,20.28,20.59,20.11,20.2,2640700
2026-02-25,20.33,20.88,20.33,20.87,2390900
2026-02-26,20.93,21.68,20.87,21.32,3450900
2026-02-27,21.1,21.23,20.54,20.63,3417100
2026-03-02,19.9,19.93,19.24,19.25,6256600
2026-03-03,18.8,19.25,18.41,19.08,4585300
2026-03-04,19.19,19.28,18.9,18.9,2269200
2026-03-05,18.64,18.95,18.35,18.39,3818600
2026-03-06,18.1,18.1,17.53,17.67,4911000
2026-03-09,17.13,17.8,16.81,17.78,4871800
2026-03-10,17.67,17.73,17.2,17.46,3978800
2026-03-11,17.42,17.69,17.3,17.61,2374000
2026-03-12,17.36,17.53,17.05,17.09,4368300
2026-03-13,17.1,17.1,16.51,16.56,5877600
2026-03-16,16.65,17.08,16.45,17,2810100
2026-03-17,17.25,17.92,17.23,17.7,3417400
2026-03-18,17.58,17.87,17.51,17.58,2141700
2026-03-19,17.35,17.57,17.14,17.48,2645300
2026-03-20,17.45,17.66,17.09,17.34,6684000
2026-03-23,17.71,18.1,17.59,17.88,3100900
2026-03-24,17.7,18.24,17.66,18.05,2548700
2026-03-25,18.32,18.6,18.24,18.58,2641700
2026-03-26,18.36,18.66,18.25,18.3,2617600
2026-03-27,18.15,18.29,17.8,17.91,2480800
2026-03-30,17.87,17.96,17.34,17.51,2502900
2026-03-31,17.7,18.19,17.58,18.12,2480200
2026-04-01,18.27,18.95,18.27,18.83,3789900
2026-04-02,18.21,18.35,17.83,17.86,4575500
2026-04-06,17.8,18.36,17.8,18.2,2786700
2026-04-07,18.02,18.17,17.81,17.96,2873000
2026-04-08,19,19.48,18.43,18.53,6260900
2026-04-09,18.38,18.96,18.27,18.71,3676200
2026-04-10,18.85,18.94,18.68,18.76,1660400
2026-04-13,18.34,18.85,18.34,18.83,2209600
2026-04-14,19,19.53,18.93,19.31,4281100
2026-04-15,19.35,19.61,19.16,19.39,2985700
2026-04-16,19.49,19.58,18.65,18.68,3514100
2026-04-17,19.35,19.55,18.93,18.96,5573600
2026-04-20,18.84,19.06,18.7,18.91,2112400
2026-04-21,18.91,19.06,18.65,18.82,2013000
2026-04-22,18.91,18.97,18.1,18.29,3644500
2026-04-23,18.2,18.52,18.12,18.26,2500600
2026-04-24,18.3,18.58,18.3,18.55,2726100
2026-04-27,18.55,18.76,18.45,18.52,1812600
2026-04-28,18.47,18.48,18.04,18.04,3291500
2026-04-29,18,18.25,17.83,18.01,2662400
2026-04-30,18.11,18.67,18.04,18.65,3748100
2026-05-01,18.4,18.8,18.1,18.26,5475900
2026-05-04,18.33,18.57,18.07,18.3,3341000
2026-05-05,18.44,18.87,18.38,18.8,2949900
2026-05-06,19.2,19.58,19.07,19.56,5441900
2026-05-07,19.6,20.05,19.6,19.86,4211000
2026-05-08,19.88,20.1,19.78,20.02,2865400
2026-05-11,19.87,19.95,19.13,19.26,2547500
2026-05-12,19.14,19.35,18.96,19.12,2146800
2026-05-13,19.11,19.21,19.01,19.1,1244000
2026-05-14,19.24,19.3,18.97,19.03,1944500
2026-05-15,18.71,19.44,18.67,19.18,2293500
2026-05-19,19.15,19.15,18.76,18.78,2112300
2026-05-20,18.94,19.88,18.91,19.67,3794300
2026-05-21,19.52,20.4,19.42,20.31,4271700
2026-05-22,20.35,20.62,20.12,20.3,2377700
2026-05-25,20.68,20.98,20.62,20.89,1918900
2026-05-26,20.69,21.53,20.68,21.26,4589900
2026-05-27,21.43,21.98,21.42,21.97,3950300
2026-05-28,21.69,21.92,21.37,21.76,2549200
2026-05-29,21.8,22.2,21.79,22.07,3869900
2026-06-01,21.81,21.96,21.53,21.95,2016500
2026-06-02,21.89,22.09,21.76,21.79,1990800
2026-06-03,21.57,21.76,21.33,21.4,1708500
2026-06-04,21.7,21.96,21.07,21.33,2127400
2026-06-05,21.2,21.58,21.13,21.41,1633600
2026-06-08,21.39,21.6,21.11,21.27,1436600
2026-06-09,21.48,21.69,20.77,21.36,2141300
2026-06-10,21.12,21.29,20.62,20.71,1916800
2026-06-11,20.72,21.03,20.59,20.99,1951600
2026-06-12,21.18,21.62,20.97,21.5,2374800
2026-06-15,22.15,22.35,21.82,22.2,3468500
2026-06-16,22.22,22.95,22.22,22.94,5373500
2026-06-17,22.94,23.38,22.9,23.13,4710100
2026-06-18,23.37,24.21,23.32,24.2,6105900
2026-06-19,24,24.25,23.47,23.55,8253000
2026-06-22,23.62,24.25,23.62,23.95,2645200
2026-06-23,23.79,24.35,23.77,24.2,2179400
2026-06-24,24.23,24.84,24.18,24.51,3009000
2026-06-25,24.61,24.95,24.35,24.51,2169500
2026-06-26,24.51,24.8,24.47,24.67,1743600
2026-06-29,24.62,24.83,24.17,24.49,1717000
2026-06-30,24.49,24.74,24.25,24.74,1691800
2026-07-02,24.81,24.95,24.4,24.56,1692000
2026-07-03,24.56,24.71,24.4,24.61,519200
2026-07-06,24.49,25.2,24.49,25.2,3708800
2026-07-07,25.23,25.5,25,25.37,2406800
2026-07-08,24.95,25.09,24.13,24.84,3209400
2026-07-09,24.83,25.25,24.82,24.82,2083800
2026-07-10,24.88,25.15,24.34,24.45,2845700
2026-07-13,24.35,24.42,23.41,23.68,2856200
2026-07-14,23.68,23.79,22.84,22.87,2231800
2026-07-15,22.86,23.37,22.76,23.05,1360700
2026-07-16,22.88,23.36,22.88,23.24,1333700
2026-07-17,23.03,23.1,22.58,22.58,1422600
2026-07-20,22.57,22.95,22.35,22.81,2020500
2026-07-21,22.84,23.06,22.65,22.73,1211000
2026-07-22,22.59,22.97,22.18,22.68,1422200
2026-07-23,22.25,22.89,22.05,22.65,1674500
2026-07-24,22.78,23.43,22.6,23.27,1958200
2026-07-27,23.85,24.42,23.84,24.25,2299500
2026-07-28,24.38,25.8,24.3,25.76,4682300
2026-07-29,25.21,25.65,24.96,25.37,2593000
2026-07-30,25.58,26.39,25.53,26.24,3601100
2026-07-31,26.25,26.26,25.23,25.37,1680700
2026-08-04,26.25,26.77,26.25,26.53,2743800
2026-08-05,26.65,26.67,26.35,26.58,2475500
2026-08-06,26.51,26.53,26.13,26.39,1734100
2026-08-07,26.45,26.65,26.22,26.58,1929400
2026-08-10,26.35,26.5,25.2,25.75,3258800
2026-08-11,26.25,27.3,26.24,27.27,4682900
2026-08-12,28.24,31.45,28.24,30.61,9519200
2026-08-13,30.6,31,29.92,30.41,3706000
2026-08-14,30.41,31.3,29.31,29.64,2816800
2026-08-17,29.49,30.32,28.87,29.95,2162600
2026-08-18,29.91,30.5,29.34,29.9,2137600
2026-08-19,30,30.19,29.19,29.19,1979900
2026-08-20,28.91,29.2,28.69,28.81,1702000
2026-08-21,28.89,29.21,28.65,28.76,1359100
2026-08-24,28.81,29.07,28.51,29,1554200
2026-08-25,29.4,29.57,28.64,28.68,1508900
2026-08-26,28.77,29.2,27.73,27.75,3124500
2026-08-27,27.74,28.18,27.45,28.05,1432900
2026-08-28,28.07,28.18,27.64,27.64,1391500
2026-08-31,27.33,27.53,26.96,27.29,3030200
2026-09-01,27,28.85,27,28.06,4552600
2026-09-02,28.2,28.45,27.43,28.05,2586400
2026-09-03,28.05,29.1,27.8,28.73,2996400
2026-09-04,28.77,29.01,28.47,28.72,1243300
2026-09-08,28.51,29.09,28.23,28.62,1381100
2026-09-09,28.42,28.44,28.01,28.13,3153700
2026-09-10,27.82,28.19,27.82,27.94,2344800
2026-09-11,28.11,28.11,27.44,27.53,2208000
2026-09-14,27.34,28.22,27.34,27.58,2550500
2026-09-15,27.55,27.98,27.08,27.42,2227200
2026-09-16,27.65,28.01,27.51,27.62,2198700
2026-09-17,27.97,28.25,27.78,27.84,1453900
2026-09-18,27.82,28.52,27.82,28.26,5494300
2026-09-21,28.6,28.85,28.05,28.13,2508700
2026-09-22,28.53,28.91,28,28.17,3491600
2026-09-23,28.08,28.21,27.6,27.62,3468100
2026-09-24,27.62,29,27.36,28.96,2555300
2026-09-25,28.79,28.81,26.03,27.34,4810200
2026-09-28,27.15,27.15,25.99,26.15,2353900
2026-09-29,26.51,27.02,26.23,26.89,3494900
2026-09-30,26.94,27.53,26.7,27,1990100
2026-10-01,26.9,27,25.82,26.29,3443300
2026-10-02,26.52,26.6,25.02,25.35,4637500
2026-10-05,25.51,25.98,25.37,25.91,2563700
2026-10-06,25.91,26.49,25.63,25.78,3791600
2026-10-07,25.55,25.69,24.97,25,2774000
2026-10-08,24.71,25,24.01,24.05,3004800
2026-10-09,23.77,23.77,22.75,22.76,4558600
