date,open,high,low,close,volume
2004-01-01,112.605,112.605,112.605,112.605,0
2004-01-02,112.605,115.487,112.193,114.664,92297
2004-01-05,114.869,116.928,113.017,115.281,110543
2004-01-06,115.281,116.311,113.428,114.252,126004
2004-01-07,111.782,114.252,111.782,114.046,155897
2004-01-08,111.987,115.281,111.987,113.223,169832
2004-01-09,110.958,113.223,110.958,111.164,209768
2004-01-12,107.253,111.37,107.253,108.282,179211
2004-01-13,107.87,108.488,107.047,107.87,119578
2004-01-14,107.93,108.344,105.656,105.656,124345
2004-01-15,105.656,109.998,104.829,108.964,281238
2004-01-16,110.618,111.238,108.55,110.618,110305
2004-01-19,109.998,110.411,108.344,109.378,131517
2004-01-20,109.584,114.133,108.55,113.72,252176
2004-01-21,113.72,115.58,112.065,115.58,425191
2004-01-22,115.787,124.058,115.787,120.129,716701
2004-01-23,118.062,121.783,118.062,118.889,196322
2004-01-26,116.407,119.095,116.407,117.648,145346
2004-01-27,118.682,120.956,117.855,120.336,155456
2004-01-28,120.956,121.577,115.374,115.374,160538
2004-01-29,114.34,118.682,114.34,115.58,110962
2004-01-30,114.753,123.851,114.753,123.851,420567
2004-02-02,119.922,125.505,119.922,124.885,443666
2004-02-03,125.092,134.396,124.058,134.189,1021785
2004-02-04,129.847,134.189,129.847,130.467,440121
2004-02-05,130.261,138.324,129.434,137.291,323896
2004-02-06,137.291,140.599,135.223,137.911,435462
2004-02-09,137.084,141.839,137.084,141.012,257597
2004-02-10,141.633,147.422,141.012,142.666,781197
2004-02-11,136.67,144.114,136.67,140.599,767393
2004-02-12,132.328,139.358,132.328,136.877,554454
2004-02-13,131.294,135.43,131.294,134.603,306025
2004-02-16,134.396,138.738,133.362,138.531,158474
2004-02-17,139.151,144.32,138.738,142.873,437903
2004-02-18,136.67,145.768,136.67,137.497,288191
2004-02-19,138.945,141.633,138.118,139.151,191716
2004-02-20,140.392,142.46,138.738,141.633,141423
2004-02-23,137.497,142.253,137.497,137.704,150491
2004-02-24,136.67,137.497,134.396,135.223,172550
2004-02-25,135.636,138.531,135.223,135.43,117368
2004-02-26,136.257,138.118,134.396,134.396,108086
2004-02-27,139.151,139.151,134.189,134.189,177472
2004-03-01,138.531,140.392,136.877,140.392,282027
2004-03-02,136.877,141.012,136.877,137.497,103141
2004-03-03,140.599,141.839,138.531,141.633,176721
2004-03-04,142.046,144.941,141.633,141.633,227714
2004-03-05,140.805,144.734,139.151,144.734,152266
2004-03-08,140.805,144.32,140.805,141.012,254146
2004-03-09,136.67,143.493,136.67,137.084,176780
2004-03-10,132.328,136.877,132.328,132.949,240920
2004-03-11,126.539,134.396,126.539,133.155,221381
2004-03-12,132.742,134.189,131.294,134.189,135518
2004-03-15,128.193,132.328,128.193,131.915,155450
2004-03-16,132.742,140.392,132.535,140.392,465079
2004-03-17,129.847,141.839,129.847,133.155,652796
2004-03-18,118.268,127.159,118.268,123.644,837855
2004-03-19,119.922,122.197,119.302,120.543,597647
2004-03-22,118.889,123.024,118.889,123.024,269407
2004-03-23,124.058,128.193,124.058,126.952,240422
2004-03-24,127.573,127.779,123.644,123.644,160683
2004-03-25,120.336,126.125,120.336,121.783,322617
2004-03-26,117.234,120.543,117.234,117.855,363838
2004-03-29,118.889,122.817,118.268,121.99,173991
2004-03-30,121.577,121.783,119.922,120.956,95304
2004-03-31,122.197,124.058,121.37,121.37,268345
2004-04-01,124.058,125.919,123.024,125.919,155307
2004-04-02,127.779,128.813,125.505,127.366,115487
2004-04-05,128.193,130.674,127.573,130.261,154014
2004-04-06,129.64,131.294,128.813,130.674,158336
2004-04-07,130.261,131.294,128.193,129.64,341464
2004-04-08,130.261,131.915,128.606,129.64,158968
2004-04-09,129.64,129.64,129.64,129.64,0
2004-04-12,128.193,131.915,128.193,131.501,79992
2004-04-13,131.501,133.569,130.674,132.121,266064
2004-04-14,130.261,131.915,129.64,130.261,273111
2004-04-15,129.02,131.501,128.813,131.294,295032
2004-04-16,131.708,135.016,131.708,133.569,353723
2004-04-19,132.948,134.189,132.328,133.569,132458
2004-04-20,132.742,134.809,132.742,134.809,182115
2004-04-21,133.569,135.223,133.362,134.603,403272
2004-04-22,134.809,136.877,134.809,136.257,132136
2004-04-23,135.843,137.497,133.776,135.43,137454
2004-04-26,134.396,136.05,132.949,133.362,204648
2004-04-27,133.362,134.809,132.742,133.362,130964
2004-04-28,131.501,132.328,123.024,123.024,322359
2004-04-29,127.573,128.813,125.298,125.298,150975
2004-04-30,123.024,127.573,123.024,124.885,169349
2004-05-03,128.193,128.193,123.437,123.437,199096
2004-05-04,123.851,129.02,123.851,126.746,152396
2004-05-05,115.167,127.573,115.167,115.787,331206
2004-05-06,110.618,116.821,110.618,114.547,649165
2004-05-07,114.547,119.302,112.686,115.994,224377
2004-05-10,114.753,115.374,112.686,114.34,203919
2004-05-11,115.994,119.095,115.787,118.062,262302
2004-05-12,118.537,121.651,116.669,120.82,249234
2004-05-13,120.613,123.727,120.613,121.443,205756
2004-05-14,119.575,122.481,119.367,119.783,116873
2004-05-17,117.291,120.405,117.291,118.745,162133
2004-05-18,119.367,121.028,117.291,118.122,153606
2004-05-19,119.367,122.274,118.537,119.575,101880
2004-05-20,115.215,121.858,115.215,116.046,102172
2004-05-21,113.762,116.669,113.762,115.838,101363
2004-05-24,115.838,115.838,115.838,115.838,0
2004-05-25,115.423,116.253,114.385,115.423,177792
2004-05-26,115.423,121.236,115.215,119.783,229437
2004-05-27,101.929,107.95,101.929,103.59,1299123
2004-05-28,93.0027,102.967,93.0027,94.8711,930839
2004-05-31,95.4939,99.2306,94.8711,97.3622,151217
2004-06-01,91.9648,96.3243,91.9648,96.1167,620335
2004-06-02,90.9268,94.6635,90.9268,92.7951,406965
2004-06-03,93.2103,99.023,92.7951,97.985,561924
2004-06-04,97.985,99.4382,94.4559,94.4559,639122
2004-06-07,88.8508,94.4559,88.8508,89.0584,720285
2004-06-08,83.2458,88.6432,83.2458,83.8685,1140306
2004-06-09,82.2078,86.9825,82.2078,85.9445,696076
2004-06-10,85.3217,88.8508,85.3217,85.7369,396298
2004-06-11,86.9825,87.3976,85.9445,86.5673,86059
2004-06-14,83.8685,87.1901,83.8685,84.4913,109143
2004-06-15,84.6989,86.3597,83.4533,85.5293,227354
2004-06-16,84.2837,86.7749,84.2837,86.7749,301385
2004-06-17,87.1901,87.8128,85.7369,86.5673,403220
2004-06-18,86.7749,87.3976,85.1141,85.1141,914087
2004-06-21,84.0761,86.1521,84.0761,84.9065,131070
2004-06-22,84.6989,86.1521,84.4913,84.6989,150932
2004-06-23,84.0761,86.7749,84.0761,84.2837,352286
2004-06-24,77.8483,84.9065,77.8483,78.2635,632114
2004-06-25,79.3014,83.0381,79.0938,82.623,317375
2004-06-28,80.9622,84.9065,80.9622,82.4154,229917
2004-06-29,82.2078,84.6989,82.2078,84.6989,135466
2004-06-30,85.5293,85.5293,83.4534,83.4534,361802
2004-07-01,83.4534,83.4534,83.4534,83.4534,0
2004-07-02,82.4154,84.0761,82.4154,83.0382,200351
2004-07-05,81.1698,83.0381,81.1698,81.3774,52077
2004-07-06,78.471,81.1698,78.471,80.1318,353082
2004-07-07,78.0559,81.3774,78.0559,80.9622,222722
2004-07-08,80.9622,81.585,79.9242,81.3774,154671
2004-07-09,79.3014,82.0001,79.3014,80.547,89488
2004-07-12,80.9622,81.7926,79.509,81.1698,145163
2004-07-13,81.585,83.0382,81.585,83.0382,149025
2004-07-14,79.7581,83.5163,79.7581,79.9669,392083
2004-07-15,80.1756,80.3844,77.8789,77.8789,273867
2004-07-16,79.758,80.3844,76.2086,76.2086,368331
2004-07-19,77.8789,79.3405,76.6262,78.2965,216603
2004-07-20,78.2965,79.3405,77.0438,77.8789,320999
2004-07-21,71.1976,78.2965,71.1976,73.0768,691339
2004-07-22,70.1537,74.9559,70.1537,72.868,634398
2004-07-23,73.7031,74.9559,72.868,73.0768,168112
2004-07-26,71.824,74.7471,71.824,73.0768,197543
2004-07-27,68.6921,73.0767,68.6921,69.3185,358340
2004-07-28,69.9449,71.1976,69.3185,71.1976,411610
2004-07-29,69.3185,73.4943,69.3185,70.1537,261016
2004-07-30,70.9888,71.824,69.7361,69.7361,115964
2004-08-02,69.7361,69.7361,69.7361,69.7361,0
2004-08-03,69.1097,70.9889,69.1097,69.9449,235329
2004-08-04,69.9449,70.1537,66.813,66.813,323272
2004-08-05,65.3515,68.4834,65.3515,65.9779,941717
2004-08-06,61.3845,65.5603,61.3845,62.6372,584088
2004-08-09,64.5163,64.7251,63.2636,64.7251,226666
2004-08-10,62.4284,64.7251,62.4284,62.846,1207831
2004-08-11,62.846,65.1427,62.846,64.0987,737625
2004-08-12,61.1757,64.5163,61.1757,62.4284,290445
2004-08-13,60.5493,63.0548,60.5493,61.802,164015
2004-08-16,58.879,62.0108,58.879,59.5054,235956
2004-08-17,55.1208,61.3845,55.1208,56.1647,535515
2004-08-18,53.2416,56.3735,53.2416,54.4944,695739
2004-08-19,54.7032,58.879,54.2856,57.2087,579186
2004-08-20,58.0438,61.5932,57.6262,60.1317,429098
2004-08-23,61.3845,62.4284,60.5493,60.9669,341502
2004-08-24,61.5933,64.7251,61.3845,64.7251,524135
2004-08-25,59.9229,69.3185,59.9229,61.1757,1018797
2004-08-26,54.7032,60.5493,54.7032,56.3735,980899
2004-08-27,56.7911,59.2965,55.9559,56.7911,335644
2004-08-30,56.9999,62.4284,56.9999,62.4284,338287
2004-08-31,59.7141,63.89,59.7141,63.2636,360924
2004-09-01,60.9669,63.2636,60.9669,61.1757,239870
2004-09-02,60.1317,62.2196,60.1317,61.1757,126587
2004-09-03,60.7581,63.0548,60.3405,62.6372,149778
2004-09-06,62.6372,62.6372,62.6372,62.6372,0
2004-09-07,63.0548,64.7251,63.0548,63.4724,208239
2004-09-08,62.846,63.0548,61.8021,62.6372,295344
2004-09-09,60.1317,62.0108,60.1317,60.5493,173429
2004-09-10,58.4614,60.5493,58.4614,59.5054,196302
2004-09-13,56.9999,62.2196,56.9999,62.2196,371609
2004-09-14,60.7581,61.5933,59.7141,60.5493,287378
2004-09-15,58.879,60.7581,58.879,59.2966,152415
2004-09-16,55.7471,59.9229,55.7471,55.9559,277465
2004-09-17,55.3295,59.2966,55.3295,58.4614,413148
2004-09-20,55.7471,58.879,55.7471,57.4174,154145
2004-09-21,56.9999,58.6702,56.9999,58.0438,128959
2004-09-22,56.5823,58.2526,56.5823,57.2087,297648
2004-09-23,57.4174,57.835,57.2087,57.6262,354341
2004-09-24,57.6262,58.879,57.2087,58.6702,166720
2004-09-27,60.5493,61.5933,59.7141,60.3405,299700
2004-09-28,58.4614,61.1757,58.4614,60.5493,259023
2004-09-29,60.7581,64.0987,59.9229,63.8899,361837
2004-09-30,60.5493,66.6042,60.5493,60.7581,510009
2004-10-01,61.5933,64.9339,61.1757,64.3075,274815
2004-10-04,62.4284,65.3515,62.4284,63.8899,258622
2004-10-05,63.6812,64.3076,62.2196,62.2196,304382
2004-10-06,62.6372,64.0988,62.0109,62.2196,321498
2004-10-07,57.835,60.7581,57.835,58.2526,444947
2004-10-08,53.868,56.9999,53.868,55.1207,495592
2004-10-11,55.1207,55.1207,55.1207,55.1207,0
2004-10-12,56.3735,57.4174,56.1647,56.3735,452168
2004-10-13,57.9086,60.2249,57.2769,59.1721,558045
2004-10-14,57.9086,61.4884,57.9086,58.3298,317485
2004-10-15,58.7509,60.8567,57.9086,60.8567,187550
2004-10-18,58.1192,61.699,58.1192,58.3298,219647
2004-10-19,56.4346,59.5932,56.4346,56.6451,200670
2004-10-20,56.8557,59.5932,56.4346,59.5932,183879
2004-10-21,56.6451,59.8038,56.6451,57.2769,191482
2004-10-22,56.224,57.9086,56.224,56.4346,185839
2004-10-25,56.6451,57.2769,56.0134,56.8557,195586
2004-10-26,55.5922,57.2769,55.5922,55.8028,226134
2004-10-27,56.4346,56.8557,55.3817,55.3817,195720
2004-10-28,54.9605,57.2769,54.9605,55.3817,359592
2004-10-29,57.4874,58.9615,56.8557,58.9615,349129
2004-11-01,59.1721,60.0144,58.1192,59.3826,102088
2004-11-02,57.698,60.0144,57.698,58.9615,119842
2004-11-03,56.6451,58.5403,56.6451,57.0663,190950
2004-11-04,57.9086,58.5403,57.698,57.9086,197365
2004-11-05,58.3297,58.5403,57.4874,57.9086,234078
2004-11-08,57.9086,57.9086,56.4346,56.4346,129112
2004-11-09,56.4346,56.8557,56.0134,56.8557,192072
2004-11-10,56.8557,58.5403,56.0134,57.2769,155231
2004-11-11,57.9086,57.9086,54.9605,54.9605,104724
2004-11-12,52.6442,55.5923,52.6442,53.2759,378699
2004-11-15,51.1701,54.9605,51.1701,53.2759,419668
2004-11-16,51.8019,55.1711,51.8019,53.9076,172172
2004-11-17,53.6971,55.1711,52.8548,54.75,150351
2004-11-18,54.7499,57.2769,53.6971,57.2769,130057
2004-11-19,55.5922,57.4874,55.5922,56.8557,132589
2004-11-22,52.4336,54.7499,52.4336,52.6442,231106
2004-11-23,53.2759,54.3288,52.4336,53.0653,179477
2004-11-24,51.1701,53.2759,51.1701,51.3807,382859
2004-11-25,52.0124,52.223,51.1701,51.8019,76065
2004-11-26,51.5913,52.6442,51.3807,52.6442,127805
2004-11-29,49.9067,52.4336,49.9067,50.5384,281093
2004-11-30,47.8009,50.5384,47.8009,48.4326,400904
2004-12-01,49.4855,57.9086,48.8538,56.0134,1793664
2004-12-02,56.224,58.9615,55.1711,58.5403,795882
2004-12-03,57.0663,60.4355,57.0663,60.4355,465817
2004-12-06,58.1192,60.8567,58.1192,58.3298,471644
2004-12-07,55.3817,58.5403,55.3817,57.9086,461964
2004-12-08,55.3817,58.3298,55.3817,56.224,309981
2004-12-09,53.6971,56.8557,53.6971,54.5394,327186
2004-12-10,54.5394,55.1711,53.6971,53.6971,162740
2004-12-13,39.3778,47.3798,39.3778,44.4317,3618952
2004-12-14,46.3269,48.8538,46.3269,46.748,2171336
2004-12-15,46.9586,49.275,46.9586,47.1692,922491
2004-12-16,45.274,47.3798,45.274,45.4846,409624
2004-12-17,42.5365,45.4846,42.5365,45.274,809182
2004-12-20,45.0634,47.3798,44.2211,46.748,227478
2004-12-21,45.0634,48.2221,45.0634,46.3269,747654
2004-12-22,44.6423,47.1692,44.6423,46.3269,364444
2004-12-23,46.3269,46.748,45.4846,45.4846,217672
2004-12-24,45.6952,46.5375,45.6952,46.5375,67230
2004-12-27,46.5375,46.5375,46.5375,46.5375,0
2004-12-28,46.5375,46.5375,46.5375,46.5375,0
2004-12-29,46.3269,48.6432,46.3269,48.0115,251417
2004-12-30,47.3798,48.4326,47.3798,48.2221,127772
2004-12-31,48.2221,50.3278,47.8009,50.1173,117115
2005-01-04,50.1173,50.1173,47.1692,47.1692,417173
2005-01-05,47.3798,49.4855,47.1692,49.2749,151991
2005-01-06,47.8009,49.9067,47.8009,49.0644,252313
2005-01-07,46.3269,49.0644,46.3269,46.5375,350820
2005-01-10,47.1692,47.3798,46.3269,46.5375,276572
2005-01-11,46.748,47.8009,46.1163,46.9586,219898
2005-01-12,46.8075,48.5096,46.8075,48.2969,141092
2005-01-13,45.9565,47.8714,45.9565,46.5948,283176
2005-01-14,47.0203,48.9352,46.8075,48.0841,165670
2005-01-17,49.5734,50.2117,48.7224,49.5734,148846
2005-01-18,48.2969,50.6373,48.2969,49.3607,203146
2005-01-19,48.7224,49.999,48.7224,48.9352,122391
2005-01-20,47.4458,49.999,47.4458,49.3607,216462
2005-01-21,48.9352,49.1479,47.4458,47.4458,130558
2005-01-24,47.6586,47.8714,47.0203,47.2331,126279
2005-01-25,47.6586,48.0841,47.0203,47.4458,252434
2005-01-26,47.6586,51.0628,47.6586,50.4245,377049
2005-01-27,50.4245,52.5521,49.5734,52.1266,303349
2005-01-28,52.7649,53.6159,51.9138,53.1904,354949
2005-01-31,55.1052,55.9563,54.2542,55.7435,264077
2005-02-01,54.6797,57.0201,54.6797,56.1691,344721
2005-02-02,56.1691,57.0201,55.1053,56.8074,279710
2005-02-03,54.6797,56.3818,54.6797,55.7435,149492
2005-02-04,52.5521,55.1053,52.5521,53.6159,218601
2005-02-07,52.9776,54.2542,52.9776,53.1904,123304
2005-02-08,52.7649,54.0414,52.7649,53.6159,213083
2005-02-09,53.6159,59.786,53.6159,58.0839,374166
2005-02-10,56.3818,59.3605,56.3818,57.2329,298478
2005-02-11,55.9563,57.2329,55.318,55.5308,120164
2005-02-14,56.1691,58.0839,55.318,57.6584,210344
2005-02-15,59.3605,59.3605,56.5946,56.5946,226086
2005-02-16,56.8073,57.8712,56.3818,56.5946,113110
2005-02-17,57.0201,58.0839,56.8073,57.4456,222209
2005-02-18,57.2329,58.0839,56.5946,57.2329,71046
2005-02-21,57.4456,57.4456,56.3818,57.0201,32225
2005-02-22,57.0201,57.2329,54.8925,54.8925,146526
2005-02-23,55.318,57.4456,55.1053,57.2329,84590
2005-02-24,55.7435,57.2329,55.7435,56.3818,155967
2005-02-25,56.5946,56.8073,55.9563,56.3818,126774
2005-02-28,55.5308,57.0201,55.5308,56.3818,158506
2005-03-01,56.1691,57.8712,56.1691,57.4456,119289
2005-03-02,57.2329,59.1477,57.0201,58.5094,406664
2005-03-03,59.5732,63.8285,59.5732,62.1264,504095
2005-03-04,61.7009,63.8285,61.7009,63.4029,213546
2005-03-07,61.4881,65.9561,61.4881,62.1264,327363
2005-03-08,60.8498,62.7647,60.8498,61.4881,106884
2005-03-09,58.2967,60.8498,58.2967,59.1477,382065
2005-03-10,57.4456,59.5732,57.4456,57.6584,315137
2005-03-11,58.2967,58.9349,57.0201,57.0201,220577
2005-03-14,57.0201,58.935,57.0201,58.5094,117276
2005-03-15,59.5732,60.8498,58.935,59.9988,226809
2005-03-16,57.6584,61.2753,57.6584,59.5732,172962
2005-03-17,58.7222,59.5732,57.2329,57.2329,218679
2005-03-18,55.9563,57.4456,55.9563,57.2329,443427
2005-03-21,57.4456,59.9988,56.3818,58.7222,106190
2005-03-22,58.5094,59.786,57.6584,58.935,95970
2005-03-23,57.8711,58.9349,55.7435,55.7435,160155
2005-03-24,57.2329,57.8712,56.3818,57.6584,154366
2005-03-28,57.4456,57.8712,56.8073,57.6584,102405
2005-03-29,55.7435,58.0839,55.7435,56.5946,396194
2005-03-30,57.2329,60.6371,57.0201,60.2115,304317
2005-03-31,56.3818,62.1264,56.3818,57.4456,426449
2005-04-01,50.4245,58.5094,50.4245,55.1052,762883
2005-04-04,54.6797,57.6584,54.4669,57.0201,775334
2005-04-05,57.4456,57.6584,55.318,55.318,163432
2005-04-06,55.318,56.8073,54.8925,56.1691,463766
2005-04-07,57.8711,57.8711,55.318,55.318,1569070
2005-04-08,54.2542,55.9563,54.2542,54.6797,309459
2005-04-11,54.2542,55.318,52.3393,52.3393,262462
2005-04-12,51.0628,54.0414,51.0628,52.7649,321637
2005-04-13,53.1904,54.0414,52.3394,52.5521,155564
2005-04-14,52.7649,53.1904,50.6373,50.6373,132145
2005-04-15,48.5096,51.9138,48.5096,48.9352,172581
2005-04-18,51.0628,52.7649,50.2117,52.3393,167152
2005-04-19,51.2755,53.1904,51.2755,52.3393,591059
2005-04-20,51.9138,53.1904,51.9138,52.9776,226673
2005-04-21,50.2117,53.1904,50.2117,51.0628,297867
2005-04-22,51.0628,52.3394,50.2117,51.2755,67934
2005-04-25,50.85,52.3393,50.4245,52.1266,142039
2005-04-26,52.1266,54.0414,51.4883,53.4032,318563
2005-04-27,53.4032,53.6159,52.7649,53.1904,143593
2005-04-28,51.4883,53.4031,51.4883,52.9776,106125
2005-04-29,52.9776,55.318,52.9776,55.1052,145423
2005-05-02,55.1052,55.7435,54.467,55.7435,158889
2005-05-03,55.318,57.0201,54.8925,56.1691,1054189
2005-05-04,54.0414,56.169,54.0414,54.8925,78644
2005-05-05,54.8925,54.8925,52.5521,52.5521,165736
2005-05-06,53.6159,54.2542,52.9776,53.1904,185338
2005-05-09,52.5521,55.318,52.5521,55.1052,144245
2005-05-10,55.1052,56.3818,54.2542,56.3818,591900
2005-05-11,55.9563,56.1691,53.1904,53.1904,367353
2005-05-12,54.2542,56.3818,53.6159,54.6797,130032
2005-05-13,54.0414,57.4456,54.0414,54.6797,106431
2005-05-16,55.5308,57.0201,54.6797,56.3818,104321
2005-05-17,53.8287,56.3818,53.8287,54.0414,103999
2005-05-18,51.7011,54.6797,51.7011,53.6159,201263
2005-05-19,52.1266,54.467,52.1266,53.4032,62197
2005-05-20,52.1266,53.6159,52.1266,52.5521,47293
2005-05-24,51.9138,53.6159,51.9138,52.5521,104446
2005-05-25,52.1266,53.6159,52.1266,52.3393,104569
2005-05-26,52.1266,52.5521,51.2755,51.9138,69852
2005-05-27,51.7011,53.4032,51.7011,52.5521,56023
2005-05-30,52.7649,53.6159,52.5521,53.6159,38633
2005-05-31,52.5521,53.6159,51.2755,51.2755,133174
2005-06-01,53.1904,53.6159,52.5521,53.6159,196333
2005-06-02,53.6159,54.0414,52.7649,53.6159,98479
2005-06-03,53.8287,54.0414,53.1904,53.4032,48246
2005-06-06,52.9776,54.467,52.9776,53.4032,101645
2005-06-07,52.3393,54.0414,52.3393,52.9776,82174
2005-06-08,52.9776,54.8925,52.5521,53.8287,84601
2005-06-09,52.3393,54.2542,52.3393,53.1904,124540
2005-06-10,53.1904,53.4032,52.5521,53.1904,61927
2005-06-13,53.8287,55.5308,52.9776,55.5308,125299
2005-06-14,55.318,58.0839,54.6797,56.8074,374468
2005-06-15,57.4456,58.5094,56.3818,58.5094,287513
2005-06-16,56.3818,58.5094,56.3818,57.0201,81140
2005-06-17,56.3818,58.5094,56.3818,58.5094,284362
2005-06-20,57.8711,58.2967,57.0201,57.0201,55505
2005-06-21,56.1691,57.8712,55.9563,57.2329,86673
2005-06-22,56.3818,58.0839,56.3818,57.8711,49646
2005-06-23,55.5308,57.8712,55.5308,56.5946,82849
2005-06-24,56.3818,57.8712,55.5308,57.4456,83686
2005-06-27,56.169,58.0839,56.169,57.0201,129365
2005-06-28,56.3818,58.0839,56.3818,57.2329,54751
2005-06-29,57.8711,58.0839,56.8073,57.8711,51820
2005-06-30,55.318,57.4456,55.318,55.5308,121947
2005-07-04,54.467,57.2329,54.467,54.8925,74443
2005-07-05,55.1053,57.0201,54.467,56.8074,110515
2005-07-06,57.4456,58.5094,57.0201,58.5094,174771
2005-07-07,58.5094,59.5732,57.4456,59.5732,198405
2005-07-08,59.5732,61.2753,58.935,60.637,164123
2005-07-11,59.5732,62.9774,59.5732,59.9988,246504
2005-07-12,58.935,60.8498,58.935,59.1477,176861
2005-07-13,59.9988,61.2753,59.1477,60.8498,104630
2005-07-14,59.5732,61.2753,59.5732,60.4243,100370
2005-07-15,61.4881,65.3178,60.8498,64.4668,515843
2005-07-18,64.4667,69.1475,64.254,68.5092,1203257
2005-07-19,69.3603,72.1262,69.1475,71.9134,1005349
2005-07-20,68.2965,71.4879,68.2965,69.573,415272
2005-07-21,69.7858,70.2113,69.1475,69.9986,769492
2005-07-22,69.1475,71.0624,69.1475,70.2113,295088
2005-07-25,69.1475,70.6368,69.1475,70.2113,182353
2005-07-26,69.573,70.2113,69.3603,69.7858,98002
2005-07-27,66.5944,69.573,66.5944,68.2965,273512
2005-07-28,67.6582,69.573,67.0199,69.573,187394
2005-07-29,69.573,70.2113,68.2965,69.3603,167579
2005-08-02,68.0837,70.2113,67.8709,68.0837,225979
2005-08-03,67.6582,68.9347,67.0199,68.9347,134109
2005-08-04,68.0837,69.7858,67.6582,69.1475,197246
2005-08-05,69.1475,69.9985,67.8709,68.9347,122672
2005-08-08,68.2965,69.573,67.6582,69.573,77545
2005-08-09,68.5092,69.1475,67.6582,68.0837,155306
2005-08-10,67.871,69.1475,67.871,67.871,178552
2005-08-11,68.0837,71.4879,67.2327,70.8496,915568
2005-08-12,70.8496,74.8921,70.8496,73.19,545122
2005-08-15,70.8496,73.19,70.8496,71.2751,155503
2005-08-16,69.3603,72.1262,69.3603,69.7858,193828
2005-08-17,69.3603,70.8496,69.3603,70.8496,153005
2005-08-18,71.0624,71.7007,70.2113,71.2751,116136
2005-08-19,71.4879,73.8283,71.2751,73.19,251225
2005-08-22,74.041,76.3814,73.6155,75.9559,281969
2005-08-23,74.2538,77.8707,74.2538,76.5942,368914
2005-08-24,69.3603,73.4027,69.3603,70.2113,708258
2005-08-25,63.8285,69.1475,63.8285,65.105,629057
2005-08-26,64.4668,67.0199,63.6157,65.105,310428
2005-08-29,64.8923,67.0199,64.6795,66.5944,103814
2005-08-30,65.5306,68.0837,65.5306,65.9561,139820
2005-08-31,65.9561,67.4454,65.105,67.0199,126460
2005-09-01,65.5306,67.871,65.5306,66.8071,141297
2005-09-02,63.8285,67.0199,63.8285,65.7433,220104
2005-09-06,64.0412,65.9561,63.8285,64.8923,146232
2005-09-07,64.4668,67.0199,63.6157,66.5944,199271
2005-09-08,66.5944,67.2327,65.9561,66.3816,183782
2005-09-09,64.8923,67.0199,64.8923,65.7433,89920
2005-09-12,65.105,66.3816,64.8923,65.7433,95376
2005-09-13,63.8285,66.5944,63.8285,64.4668,200228
2005-09-14,63.6157,65.105,62.9774,65.105,172177
2005-09-15,65.105,67.4454,64.254,67.4454,599293
2005-09-16,68.0837,69.9986,67.6582,69.1475,577966
2005-09-19,67.2327,69.573,67.2327,68.0837,171679
2005-09-20,64.254,68.9348,64.254,64.6795,204263
2005-09-21,64.8923,67.0199,64.8923,66.5944,117576
2005-09-22,63.6157,66.3816,63.6157,63.8285,128647
2005-09-23,63.8285,67.6582,63.8285,67.0199,273412
2005-09-26,64.8923,66.5943,64.8923,65.3178,156044
2005-09-27,66.8071,66.8071,65.105,65.105,241549
2005-09-28,62.5519,65.5306,62.5519,62.7647,653805
2005-09-29,60.6371,62.7647,60.6371,61.2753,409956
2005-09-30,61.2753,61.9136,60.8498,61.0626,233746
2005-10-03,60.6371,62.7647,60.6371,60.8498,286898
2005-10-04,60.637,61.7009,59.9988,60.637,201772
2005-10-05,55.7435,62.3391,55.7435,57.4456,476291
2005-10-06,58.0839,58.5094,57.8712,58.5094,229348
2005-10-07,56.3818,58.5094,56.3818,57.2329,173905
2005-10-11,55.318,58.5094,55.318,55.5308,176899
2005-10-12,56.1691,56.5946,54.6797,54.6797,123931
2005-10-13,55.318,57.8712,55.1053,57.4456,198521
2005-10-14,57.6584,58.5094,56.8073,57.6584,85585
2005-10-17,55.1052,57.8711,55.1052,57.0201,192190
2005-10-18,55.318,57.4456,55.318,55.9563,175422
2005-10-19,53.1904,57.0201,53.1904,53.4032,182615
2005-10-20,54.467,57.2329,54.467,55.5308,174162
2005-10-21,54.467,56.5946,54.2542,56.3818,92034
2005-10-24,54.467,56.5946,54.467,54.8925,159955
2005-10-25,54.8925,55.9563,54.2542,54.8925,183930
2005-10-26,54.2542,57.0201,53.8287,55.1052,96974
2005-10-27,55.1052,56.3818,54.6797,56.3818,84259
2005-10-28,51.9138,55.318,51.9138,53.1904,483745
2005-10-31,53.1904,54.2542,52.7649,52.9776,106815
2005-11-01,53.1904,55.318,53.1904,53.8287,89286
2005-11-02,54.467,55.7435,53.4031,55.7435,94105
2005-11-03,54.0414,55.5308,54.0414,54.6797,74825
2005-11-04,52.5521,54.8925,52.5521,54.8925,135054
2005-11-07,53.4032,55.1052,53.4032,53.8287,117231
2005-11-08,51.4883,53.8287,51.4883,52.3393,186612
2005-11-09,49.999,52.5521,49.999,50.85,197654
2005-11-10,49.7862,52.1266,49.7862,51.9138,173488
2005-11-11,51.0628,52.9776,51.0628,52.9776,124097
2005-11-14,51.2755,54.0414,51.2755,51.4883,99065
2005-11-15,51.7011,51.9138,50.85,50.85,108932
2005-11-16,51.0628,51.2755,50.2117,50.85,127293
2005-11-17,50.85,54.2542,50.6372,54.2542,127322
2005-11-18,52.7649,54.6797,52.7649,53.6159,212801
2005-11-21,53.8287,57.4456,53.6159,57.4456,178918
2005-11-22,56.5946,58.5094,55.9563,58.2967,360594
2005-11-23,58.5094,59.3605,57.4456,58.935,146588
2005-11-24,57.0201,58.935,57.0201,57.2329,218756
2005-11-25,58.5094,58.5094,55.318,55.318,101947
2005-11-28,55.9563,57.4456,55.1052,55.7435,130969
2005-11-29,55.318,56.3818,54.2542,54.8925,179608
2005-11-30,49.7862,53.4032,49.7862,51.2755,600122
2005-12-01,51.9138,52.9776,51.2755,52.1266,335907
2005-12-02,50.85,52.9776,50.85,51.4883,212134
2005-12-05,49.999,51.4883,49.999,50.4245,138851
2005-12-06,50.2117,51.0628,49.7862,51.0628,276762
2005-12-07,50.2117,51.9138,50.2117,51.4883,256822
2005-12-08,51.9138,53.8287,51.7011,52.9776,211965
2005-12-09,53.4032,54.6797,52.9776,53.4032,100110
2005-12-12,53.4032,54.2542,52.9776,53.8287,150273
2005-12-13,53.4032,56.3818,53.4032,56.3818,231773
2005-12-14,56.3818,56.3818,55.318,55.5308,167765
2005-12-15,55.318,60.2115,55.1053,57.6584,624227
2005-12-16,58.5094,62.1264,57.6584,61.7009,453623
2005-12-19,58.2967,62.9774,58.2967,59.3605,389597
2005-12-20,57.0201,58.7222,57.0201,57.8711,131833
2005-12-21,57.8711,60.4243,57.6584,60.4243,414384
2005-12-22,58.5094,61.0626,58.5094,61.0626,139950
2005-12-23,60.4243,61.2753,57.0201,57.0201,214958
2005-12-28,58.5094,58.935,57.4456,58.0839,74707
2005-12-29,58.0839,58.7222,57.0201,58.7222,50806
2005-12-30,58.2967,58.9349,57.4456,58.7222,127446
2006-01-03,58.935,60.4243,58.2967,59.3605,56742
2006-01-04,58.935,61.0626,58.935,60.637,131011
2006-01-05,60.8498,62.9774,60.4243,62.9774,175076
2006-01-06,62.9774,65.9561,62.1264,65.9561,295810
2006-01-09,66.3816,66.5944,62.5519,62.5519,250692
2006-01-10,62.5519,65.9561,62.3391,65.105,281746
2006-01-11,65.3178,65.7433,64.254,65.105,187886
2006-01-12,62.9774,64.8923,62.9774,64.254,162411
2006-01-13,61.4881,63.1902,61.0626,61.4881,296985
2006-01-16,60.8498,62.5519,60.637,62.3391,84219
2006-01-17,60.8498,63.1902,60.637,61.9136,228359
2006-01-18,59.5732,62.3391,59.5732,62.3391,214290
2006-01-19,60.4243,62.9774,60.4243,62.7647,92118
2006-01-20,61.2753,63.4029,61.2753,62.9774,120348
2006-01-23,61.7009,63.6157,61.7009,63.6157,110894
2006-01-24,61.9136,64.6795,61.7009,64.254,260305
2006-01-25,63.1902,64.8923,63.1902,63.4029,90308
2006-01-26,63.1902,64.254,62.9774,63.6157,108268
2006-01-27,64.254,65.3178,63.8284,65.3178,132808
2006-01-30,63.4029,64.4668,62.9774,63.4029,86494
2006-01-31,60.8498,64.4668,60.8498,63.4029,341935
2006-02-01,62.5519,63.8285,61.9136,62.9774,622859
2006-02-02,61.7008,64.0412,61.7008,64.0412,298731
2006-02-03,63.403,64.8923,63.1902,64.6795,220030
2006-02-06,63.403,64.0412,62.3391,62.7647,131228
2006-02-07,62.3391,63.1902,61.2753,61.2753,176363
2006-02-08,61.2753,61.9136,60.2115,60.2115,211317
2006-02-09,61.0626,63.4029,60.637,62.5519,211638
2006-02-10,61.7008,63.1902,61.7008,61.9136,100903
2006-02-13,60.8498,62.9774,60.2115,62.9774,108049
2006-02-14,63.1902,63.6157,62.7647,63.1902,99298
2006-02-15,62.7647,63.1902,62.1264,62.3391,219814
2006-02-16,61.9136,63.6157,61.7009,63.6157,90380
2006-02-17,62.3391,63.8285,62.3391,62.5519,67286
2006-02-20,61.9136,62.7647,61.4881,61.7009,65208
2006-02-21,61.7009,63.1902,61.4881,63.1902,98858
2006-02-22,62.1264,63.4029,61.7009,63.4029,148655
2006-02-23,62.5519,62.9774,61.7008,61.9136,83958
2006-02-24,61.9136,63.1902,61.9136,62.7647,116689
2006-02-27,62.7647,63.1902,62.1264,62.7647,109620
2006-02-28,61.0626,62.7647,61.0626,62.1264,144866
2006-03-01,61.7009,62.3391,60.8498,61.0626,71919
2006-03-02,60.637,61.7009,59.786,60.4243,130373
2006-03-03,59.786,60.2115,59.1477,59.9988,137389
2006-03-06,58.935,60.637,58.935,59.9988,118895
2006-03-07,59.3605,60.637,59.3605,59.5732,108512
2006-03-08,59.5732,60.2115,59.1477,59.5732,87761
2006-03-09,59.5732,59.9988,59.1477,59.3605,68955
2006-03-10,59.5733,61.4881,59.3605,60.2115,124209
2006-03-13,59.1477,60.6371,58.935,60.2115,70585
2006-03-14,59.5732,60.637,59.5732,60.637,140509
2006-03-15,61.0626,61.2753,60.4243,60.8498,108124
2006-03-16,60.6371,61.4881,59.786,60.8498,125690
2006-03-17,61.2753,62.1264,60.6371,61.7009,234862
2006-03-20,61.7009,61.9136,61.2753,61.2753,93072
2006-03-21,60.4243,61.7009,60.4243,60.8498,272027
2006-03-22,60.6371,61.2753,60.4243,61.2753,99300
2006-03-23,59.5732,61.4881,59.5732,59.9988,130716
2006-03-24,59.5732,60.2115,58.7222,59.3605,151871
2006-03-27,58.2967,59.9988,58.2967,59.3605,180290
2006-03-28,58.5094,59.1477,57.0201,57.0201,164389
2006-03-29,61.2753,69.1475,61.0626,68.5092,1351494
2006-03-30,70.2113,73.8283,69.7858,73.19,1130360
2006-03-31,71.9134,74.041,70.6368,72.3389,602732
2006-04-03,71.9134,77.8707,71.7007,76.1686,573849
2006-04-04,73.19,76.1687,73.19,74.4666,750705
2006-04-05,72.7645,74.6793,72.7645,74.4666,193366
2006-04-06,75.3176,81.4877,74.8921,80.4239,611939
2006-04-07,76.3814,80.8494,76.3814,78.0835,524556
2006-04-10,77.658,78.7218,77.2324,78.0835,184612
2006-04-11,76.1686,78.9345,76.1686,77.0197,186245
2006-04-12,75.9559,77.0197,74.6793,75.1048,180280
2006-04-13,75.5304,77.0197,74.8921,77.0197,230807
2006-04-17,76.5942,81.9132,76.1686,81.9132,309450
2006-04-18,81.0622,84.4664,81.0622,83.4025,413227
2006-04-19,82.977,85.5301,82.977,83.1898,262088
2006-04-20,83.4026,84.6791,82.977,83.6153,241528
2006-04-21,84.4664,84.8919,83.6153,84.8919,613043
2006-04-24,84.8919,85.9557,84.0408,85.5302,185759
2006-04-25,85.9557,86.594,84.6791,86.1684,224216
2006-04-26,85.3174,87.0195,85.3174,87.0195,200336
2006-04-27,86.8067,91.2747,86.1684,89.3598,1213176
2006-04-28,88.9344,91.913,88.9344,91.4875,222013
2006-05-01,78.0835,91.7002,78.0835,87.2322,417126
2006-05-02,83.6153,88.296,83.6153,87.6578,245498
2006-05-03,85.5302,87.8705,84.2536,86.3812,142414
2006-05-04,84.8919,86.8067,84.2536,84.8919,232507
2006-05-05,84.0408,84.4664,82.977,82.977,541700
2006-05-08,82.977,86.1684,82.977,85.5302,205274
2006-05-09,83.4025,85.9557,83.4025,84.2536,108120
2006-05-10,84.8919,86.3812,84.4663,85.7429,254304
2006-05-11,82.977,86.8067,82.977,83.6153,320416
2006-05-12,77.8707,84.0408,77.8707,79.9983,217873
2006-05-15,77.8707,83.1898,77.8707,81.4877,176748
2006-05-16,79.1473,82.3387,79.1473,79.9983,135387
2006-05-17,77.8707,80.2111,77.8707,78.9345,130995
2006-05-18,78.7218,81.7004,78.7218,80.4239,184390
2006-05-19,77.4452,80.2111,77.4452,77.6579,103461
2006-05-23,77.0197,79.9983,76.5942,79.9983,150388
2006-05-24,78.0835,83.6153,77.8707,81.4877,180957
2006-05-25,82.3387,83.4025,81.9132,83.4025,100014
2006-05-26,83.1898,84.4663,82.977,84.4663,85845
2006-05-29,84.6791,84.6791,83.1898,84.4663,43722
2006-05-30,71.0624,77.658,71.0624,71.4879,564642
2006-05-31,64.0412,71.4879,64.0412,67.0199,602413
2006-06-01,68.0837,69.7858,67.2326,68.722,215636
2006-06-02,69.1475,70.2113,67.8709,68.5092,213247
2006-06-05,68.5092,69.7858,67.8709,68.0837,98308
2006-06-06,68.5092,69.3603,67.8709,68.0837,78965
2006-06-07,69.5731,69.5731,68.5092,69.1475,111151
2006-06-08,69.1475,69.5731,64.8923,69.1475,188739
2006-06-09,68.0837,69.1475,67.0199,67.4454,108328
2006-06-12,67.0199,67.4454,64.4668,67.0199,202314
2006-06-13,64.254,65.7433,62.9774,64.254,222562
2006-06-14,63.8285,64.8923,61.7009,62.3391,203046
2006-06-15,62.5519,68.2965,61.9136,66.1688,238876
2006-06-16,66.1688,67.4454,65.105,65.9561,358318
2006-06-19,65.105,67.8709,65.105,67.0199,76396
2006-06-20,67.0199,67.4454,64.254,64.254,136131
2006-06-21,64.254,65.5306,63.8285,64.254,120867
2006-06-22,64.0412,64.6795,61.9136,61.9136,157779
2006-06-23,62.3391,64.6795,62.3391,64.0412,119808
2006-06-26,63.8285,71.7007,63.8285,67.6582,303797
2006-06-27,67.4454,68.722,66.1689,66.8071,170470
2006-06-28,67.0199,68.0837,65.5306,65.9561,93039
2006-06-29,66.1689,66.5944,65.105,65.7433,161914
2006-06-30,65.9561,67.0199,65.105,66.1688,109375
2006-07-04,67.0199,67.8709,67.0199,67.2327,118345
2006-07-05,67.4454,68.722,67.0199,68.0837,100109
2006-07-06,68.0837,68.5092,66.5944,67.6582,127684
2006-07-07,67.6582,69.1475,67.6582,68.5092,205706
2006-07-10,68.2965,68.9348,67.871,67.871,175645
2006-07-11,68.0837,68.9347,67.8709,68.2965,101967
2006-07-12,68.0837,68.2965,67.8709,68.0837,115272
2006-07-13,67.6582,69.1475,67.4454,67.6582,218079
2006-07-14,67.4454,68.2965,66.3816,67.4454,144907
2006-07-17,66.3816,67.6582,65.5306,65.7433,110629
2006-07-18,65.5306,65.9561,63.8285,64.6795,139145
2006-07-19,64.4668,67.0199,64.4668,66.3816,69417
2006-07-20,66.1689,67.4455,65.9561,66.3816,97194
2006-07-21,67.0199,67.8709,66.5944,67.0199,69611
2006-07-24,66.8071,67.4454,65.3178,67.2327,91195
2006-07-25,67.6582,68.722,67.2327,67.871,79867
2006-07-26,68.0837,68.0837,66.8071,68.0837,71463
2006-07-27,65.9561,68.2965,65.9561,66.3816,86298
2006-07-28,66.3816,67.4454,64.8923,64.8923,77276
2006-07-31,65.3178,65.3178,63.8285,63.8285,236554
2006-08-01,63.8285,66.3816,63.4029,65.9561,155629
2006-08-02,65.5306,66.3816,64.8923,66.1688,127634
2006-08-03,66.1688,67.4454,65.9561,66.5944,147835
2006-08-04,67.0199,67.8709,66.8071,67.6582,68814
2006-08-08,67.6582,68.722,67.4454,68.2965,138360
2006-08-09,67.8709,68.722,67.2327,67.4454,128092
2006-08-10,67.2327,67.6582,65.5306,67.0199,177244
2006-08-11,67.0199,68.0837,66.3816,67.6582,109594
2006-08-14,68.0837,68.722,67.8709,68.0837,83354
2006-08-15,69.1475,71.7006,68.2965,70.4241,167896
2006-08-16,71.4879,77.8707,70.8496,77.4452,209726
2006-08-17,76.5942,76.5942,70.8496,72.7645,178024
2006-08-18,72.7645,73.19,69.7858,71.9134,211147
2006-08-21,70.8496,72.5517,70.6369,71.7007,114821
2006-08-22,71.4879,72.5517,70.4241,71.0624,86164
2006-08-23,71.0624,72.1262,70.6368,71.4879,171330
2006-08-24,71.7007,72.1262,70.4241,70.6369,141091
2006-08-25,71.2751,73.6155,69.9986,71.2751,217203
2006-08-28,70.4241,72.9772,70.4241,72.3389,103674
2006-08-29,72.1262,73.6155,68.2965,68.5092,397321
2006-08-30,69.7858,71.9134,69.7858,70.8496,194250
2006-08-31,72.3389,72.9772,71.0624,71.4879,142215
2006-09-01,71.0624,73.4027,70.8496,72.9772,98425
2006-09-05,71.7007,75.9559,71.7007,72.7645,95405
2006-09-06,71.7007,72.5517,70.6369,70.6369,113544
2006-09-07,69.9985,70.4241,68.0837,68.9347,146893
2006-09-08,68.722,69.7858,68.0837,68.9347,65707
2006-09-11,67.8709,69.573,67.8709,68.722,108494
2006-09-12,68.5092,71.2751,68.5092,71.2751,129227
2006-09-13,70.6368,71.0624,68.9348,69.3603,92649
2006-09-14,69.3603,71.0624,69.1475,70.8496,102437
2006-09-15,71.0624,74.2538,70.8496,74.2538,455958
2006-09-18,72.9772,78.2963,72.9772,76.5942,313008
2006-09-19,75.3176,75.9559,73.6155,73.8283,676784
2006-09-20,73.4028,73.8283,71.9134,72.7645,199838
2006-09-21,72.7645,74.041,71.7007,72.3389,294855
2006-09-22,71.9134,72.7645,70.8496,71.0624,99025
2006-09-25,70.4241,71.0624,69.3603,70.4241,328304
2006-09-26,70.2113,71.7006,69.573,70.4241,139026
2006-09-27,70.2113,72.3389,70.2113,71.7007,85897
2006-09-28,73.4028,75.7431,72.9772,75.1048,268950
2006-09-29,75.1048,76.8069,73.8283,74.2538,249097
2006-10-02,74.4665,77.658,74.041,77.2324,193007
2006-10-03,77.2325,77.8707,75.3176,76.5942,265314
2006-10-04,76.5942,77.658,75.7431,76.3814,146697
2006-10-05,77.2324,83.4025,76.5941,82.3387,497472
2006-10-06,82.5515,82.5515,77.2325,78.509,411173
2006-10-10,78.7218,82.126,78.0835,79.9983,246467
2006-10-11,79.9984,81.2749,78.2963,79.3601,183265
2006-10-12,79.5728,81.4877,78.509,81.0622,188105
2006-10-13,80.6366,82.977,80.4239,81.7004,242775
2006-10-16,81.0622,81.2749,78.7218,80.4239,218023
2006-10-17,79.9984,81.7005,78.9346,79.7856,186388
2006-10-18,79.9983,80.2111,78.509,79.5728,281507
2006-10-19,78.9345,81.0622,78.7218,80.6366,642315
2006-10-20,81.2749,82.3387,79.9983,82.126,121422
2006-10-23,81.0621,81.9132,80.8494,81.9132,164851
2006-10-24,81.9132,88.0833,81.4877,87.6578,516208
2006-10-25,87.2323,87.2323,81.7005,83.6153,361625
2006-10-26,83.1898,84.4664,81.9132,83.6153,165340
2006-10-27,83.6153,84.0408,80.4239,80.6366,104836
2006-10-30,79.7856,80.2111,78.9346,79.3601,169027
2006-10-31,78.9345,83.828,78.7218,82.3387,394959
2006-11-01,81.4877,83.6153,81.2749,82.977,111319
2006-11-02,82.7642,84.2536,82.5515,83.8281,116584
2006-11-03,82.977,84.0408,82.126,82.126,90515
2006-11-06,82.126,84.2536,82.126,83.6153,185963
2006-11-07,84.4663,86.3812,84.0408,85.9557,171953
2006-11-08,84.8919,87.445,84.8919,86.594,170190
2006-11-09,86.594,87.8705,86.1684,86.1684,171042
2006-11-10,85.5302,87.6578,85.5302,87.2322,130019
2006-11-13,88.5088,88.9343,87.6578,88.0833,80208
2006-11-14,88.296,89.1471,87.2322,87.6578,187093
2006-11-15,88.296,88.296,83.1898,84.6791,334865
2006-11-16,83.6153,84.8919,83.6153,84.4663,137320
2006-11-17,84.8919,85.1046,80.6366,80.8494,385237
2006-11-20,80.4239,80.8494,78.7218,79.9983,292061
2006-11-21,79.7856,81.9132,79.1473,81.7004,73424
2006-11-22,81.2749,82.126,79.5728,79.5728,214526
2006-11-23,80.2111,81.0622,79.9983,81.0622,87777
2006-11-24,80.6366,81.2749,80.2111,80.4239,115033
2006-11-27,80.6366,82.126,80.4239,81.9132,292362
2006-11-28,81.9132,81.9132,80.4239,80.8494,209707
2006-11-29,82.977,85.5301,82.7642,84.2536,550571
2006-11-30,84.8919,84.8919,80.8494,80.8494,201367
2006-12-01,81.7004,82.5515,79.9983,81.7004,223037
2006-12-04,80.8494,82.126,78.9345,82.126,182590
2006-12-05,81.2749,82.5515,80.8494,81.4877,81088
2006-12-06,81.9132,83.4026,81.4877,82.977,247028
2006-12-07,83.1898,84.2536,81.9132,81.9132,252892
2006-12-08,81.9132,82.5515,81.2749,81.9132,212909
2006-12-11,82.977,83.1898,81.7004,82.3387,203305
2006-12-12,81.9132,83.1898,80.6366,82.7643,209149
2006-12-13,82.977,82.977,81.7004,82.126,111089
2006-12-14,81.7004,82.3387,79.9984,80.8494,163385
2006-12-15,81.2749,81.2749,78.7218,78.7218,303829
2006-12-18,78.7218,79.5728,78.0835,79.1473,253161
2006-12-19,78.9345,79.7856,78.7218,78.7218,92460
2006-12-20,78.7218,79.5728,78.0835,79.1473,105154
2006-12-21,79.1473,81.2749,78.0835,80.8494,196132
2006-12-22,79.7856,81.9132,79.7856,81.7004,120496
2006-12-27,82.1259,82.977,81.9132,82.3387,149599
2006-12-28,82.5515,84.2536,82.5515,84.0408,162277
2006-12-29,84.0408,84.4663,83.8281,84.0408,91279
2007-01-02,84.0408,84.4663,82.977,83.1898,138848
2007-01-03,83.1898,85.3174,82.977,84.6791,226040
2007-01-04,84.4663,89.3599,84.4663,88.5088,389809
2007-01-05,88.2961,88.9343,85.7429,86.3812,222384
2007-01-08,87.0195,87.0195,86.1684,86.1684,196921
2007-01-09,86.5939,88.0833,86.5939,87.6578,145930
2007-01-10,87.2322,88.0833,86.3812,86.594,237629
2007-01-11,87.0195,87.445,86.3812,86.594,133054
2007-01-12,86.8067,87.6578,86.594,87.0195,297053
2007-01-15,87.2322,88.0833,87.0195,87.445,39939
2007-01-16,87.445,88.5088,87.0195,87.8705,170532
2007-01-17,88.0833,88.296,87.445,87.6578,173707
2007-01-18,87.445,87.8705,85.3174,85.7429,165805
2007-01-19,85.1046,87.0195,85.1046,86.3812,98344
2007-01-22,87.2322,87.445,84.6791,84.6791,160182
2007-01-23,84.6791,86.1684,84.6791,85.5302,105596
2007-01-24,85.5302,86.594,85.1046,85.7429,195101
2007-01-25,86.1684,86.594,85.5301,86.1684,184182
2007-01-26,85.9557,89.1471,85.9557,88.0833,255107
2007-01-29,89.1471,90.8492,88.2961,90.8492,286699
2007-01-30,91.4875,98.2958,91.2747,96.381,676993
2007-01-31,95.3172,95.3172,91.913,94.6789,456440
2007-02-01,93.6151,96.381,93.1896,96.1682,362063
2007-02-02,97.4448,101.913,97.2321,101.062,525755
2007-02-05,101.062,101.7,99.1469,100.636,173825
2007-02-06,99.7852,99.9979,95.7427,97.0193,233869
2007-02-07,94.0406,96.5937,93.1896,94.6789,252779
2007-02-08,94.6789,96.381,93.6151,95.5299,255319
2007-02-09,95.9555,97.4448,95.1044,95.3172,233073
2007-02-12,95.7427,95.9555,94.6789,94.8917,165105
2007-02-13,95.1044,95.7427,94.8917,95.5299,201008
2007-02-14,95.7427,96.8065,95.5299,96.381,150005
2007-02-15,96.5937,99.9979,96.381,99.5724,277575
2007-02-16,100.211,101.062,95.9555,96.5938,187435
2007-02-19,99.3596,102.551,98.2958,101.913,264981
2007-02-20,102.977,102.977,99.5724,99.7852,226185
2007-02-21,101.275,103.402,100.849,102.551,235460
2007-02-22,103.189,103.615,101.275,101.487,153030
2007-02-23,103.615,103.615,100.211,102.977,342413
2007-02-26,103.615,103.615,100.211,100.211,342457
2007-02-27,98.9341,99.5724,94.8917,95.7427,243681
2007-02-28,95.3172,97.8703,94.0406,97.0193,202854
2007-03-01,97.8703,98.0831,95.1044,95.1044,195440
2007-03-02,94.4661,97.0193,94.2534,95.3172,170180
2007-03-05,93.6151,95.1044,92.764,95.1044,180085
2007-03-06,95.1044,96.5938,94.6789,95.9555,183631
2007-03-07,96.381,96.5937,94.6789,95.1044,178040
2007-03-08,96.1682,96.1682,94.2534,94.6789,146683
2007-03-09,94.0406,98.2958,93.8278,97.6576,167282
2007-03-12,97.4448,99.9979,96.5937,99.9979,306399
2007-03-13,98.9341,98.9341,94.6789,95.1044,238435
2007-03-14,93.8279,97.232,93.4023,97.0193,207768
2007-03-15,97.232,98.5086,95.7427,97.0193,176775
2007-03-16,97.0193,98.7214,95.1044,95.5299,264141
2007-03-19,95.7427,98.9341,95.7427,98.5086,253045
2007-03-20,97.8703,98.2958,96.8065,97.6576,126545
2007-03-21,97.232,98.7214,95.9555,98.5086,190875
2007-03-22,98.7214,99.3597,97.6576,98.5086,151255
2007-03-23,98.2959,100.636,98.0831,99.1469,123378
2007-03-26,99.3597,99.7852,97.0193,97.4448,285878
2007-03-27,97.0193,98.9341,96.381,98.0831,256158
2007-03-28,99.9979,101.913,98.7214,98.9341,863411
2007-03-29,99.9979,100.636,98.7214,98.9341,117751
2007-03-30,99.5724,99.5724,97.6576,99.1469,103072
2007-04-02,99.5724,99.9979,98.7214,99.3596,191730
2007-04-03,99.7852,99.7852,98.2959,99.1469,171968
2007-04-04,99.998,100.423,99.5724,99.7852,254953
2007-04-05,99.5724,99.9979,98.7214,98.7214,252894
2007-04-09,99.1469,99.7852,98.7214,99.1469,126489
2007-04-10,99.5724,99.9979,97.6576,97.8703,156935
2007-04-11,97.8703,97.8703,95.7427,96.381,163511
2007-04-12,96.381,98.9341,94.6789,98.5086,173470
2007-04-13,98.9341,99.1469,97.6576,97.8703,80094
2007-04-16,99.1469,99.1469,95.7427,96.1682,229861
2007-04-17,96.1682,97.232,95.1044,96.8065,206597
2007-04-18,95.9555,98.0831,95.5299,95.9555,222067
2007-04-19,94.8917,96.5938,94.6789,95.9555,203921
2007-04-20,96.5937,99.1469,95.7427,98.0831,182246
2007-04-23,98.0831,98.7214,97.232,97.232,105712
2007-04-24,97.232,97.6576,96.1682,96.5938,143227
2007-04-25,96.381,97.8703,96.1682,97.8703,141662
2007-04-26,97.232,99.9979,97.0193,98.9341,293710
2007-04-27,98.5086,99.998,97.8703,99.7852,144850
2007-04-30,99.1469,99.7852,97.232,97.232,216312
2007-05-01,97.8703,99.5724,97.8703,98.9341,561699
2007-05-02,98.9341,104.679,98.5086,101.913,1028515
2007-05-03,102.126,103.615,102.126,103.189,299738
2007-05-04,103.615,104.679,102.977,104.04,371478
2007-05-07,104.253,104.466,102.126,102.126,116113
2007-05-08,103.189,103.402,102.126,102.551,212969
2007-05-09,103.189,103.828,101.7,101.913,236786
2007-05-10,102.764,102.977,100.636,101.487,163542
2007-05-11,100.423,102.126,100.423,102.126,142766
2007-05-14,102.338,103.189,101.913,102.126,197030
2007-05-15,101.7,103.402,101.487,102.126,136423
2007-05-16,102.338,103.402,101.913,102.977,147134
2007-05-17,102.977,103.615,101.913,103.615,150126
2007-05-18,103.828,103.828,102.338,102.764,110844
2007-05-22,102.977,103.402,99.5724,101.487,184140
2007-05-23,101.7,102.338,99.5724,99.5724,215215
2007-05-24,99.7852,100.423,98.7214,99.7852,275493
2007-05-25,100.211,101.487,99.5724,100.849,272860
2007-05-28,100.849,102.126,100.211,101.7,124311
2007-05-29,109.572,120.21,109.572,114.04,1758457
2007-05-30,114.891,117.87,113.189,116.593,927673
2007-05-31,116.593,117.657,113.189,113.189,1190108
2007-06-01,113.189,118.934,113.189,117.87,421670
2007-06-04,117.87,128.721,117.019,128.721,956904
2007-06-05,127.444,130.636,124.891,129.146,524178
2007-06-06,127.657,130.848,125.529,127.231,579813
2007-06-07,126.593,126.593,122.338,124.891,451789
2007-06-08,122.976,130.423,122.976,130.21,318543
2007-06-11,130.636,137.657,130.423,135.316,397338
2007-06-12,134.465,134.891,131.274,131.274,266486
2007-06-13,131.487,134.465,131.061,132.125,232748
2007-06-14,132.55,139.359,132.125,138.295,431042
2007-06-15,138.508,142.125,132.976,135.529,664460
2007-06-18,137.444,140.423,137.231,138.933,375770
2007-06-19,139.359,145.103,138.933,144.678,561856
2007-06-20,147.869,148.295,139.146,140.423,474372
2007-06-21,140.423,140.848,136.806,137.657,344490
2007-06-22,137.231,137.231,134.465,135.955,296502
2007-06-25,134.465,135.316,132.976,132.976,411273
2007-06-26,132.763,136.167,132.338,132.976,482982
2007-06-27,132.338,135.104,132.125,134.465,420041
2007-06-28,135.316,136.167,131.699,132.763,296324
2007-06-29,133.402,136.167,132.338,136.167,338332
2007-07-03,138.295,138.295,133.614,134.04,303702
2007-07-04,135.104,136.167,133.189,133.827,198570
2007-07-05,135.955,138.295,134.678,137.231,306393
2007-07-06,137.231,139.359,137.231,137.657,391701
2007-07-09,138.082,141.061,137.657,139.572,395950
2007-07-10,139.146,140.21,137.869,138.933,202259
2007-07-11,138.295,139.359,138.082,138.721,395393
2007-07-12,139.359,141.274,138.721,140.423,496189
2007-07-13,140.423,142.338,139.997,141.274,208022
2007-07-16,141.274,143.401,138.721,142.976,295751
2007-07-17,141.486,144.891,140.848,144.678,359925
2007-07-18,144.465,145.954,142.125,144.252,287357
2007-07-19,145.529,145.742,144.252,144.678,280702
2007-07-20,144.678,145.316,142.763,142.976,161427
2007-07-23,142.337,142.976,140.848,141.699,128753
2007-07-24,140.848,141.912,138.721,138.721,221875
2007-07-25,138.295,141.274,138.295,141.274,234603
2007-07-26,139.997,140.635,132.125,134.678,320827
2007-07-27,131.699,136.167,131.274,132.55,168019
2007-07-30,131.912,135.955,131.912,135.955,214679
2007-07-31,137.231,139.784,134.891,137.231,253841
2007-08-01,135.104,135.529,129.572,131.699,232714
2007-08-02,135.316,135.955,132.763,134.891,280344
2007-08-03,134.04,134.678,126.806,127.444,260601
2007-08-07,125.742,128.082,125.742,127.87,197439
2007-08-08,128.508,130.423,127.657,128.721,240061
2007-08-09,127.657,127.657,118.083,122.125,592065
2007-08-10,118.083,126.38,111.7,123.402,680812
2007-08-13,122.976,126.593,121.487,122.763,416040
2007-08-14,124.465,125.104,112.764,116.593,341345
2007-08-15,114.04,117.87,112.338,112.338,423226
2007-08-16,108.508,114.04,107.232,112.551,446743
2007-08-17,115.53,118.934,113.189,114.466,499335
2007-08-20,117.019,119.785,114.678,115.317,172427
2007-08-21,117.019,117.87,114.04,115.104,149236
2007-08-22,117.019,124.253,116.806,122.125,277815
2007-08-23,125.529,126.806,120.849,121.061,267371
2007-08-24,122.338,128.295,120.21,127.657,342189
2007-08-27,127.657,128.934,124.891,127.444,358643
2007-08-28,126.168,126.593,121.487,121.912,304933
2007-08-29,125.742,132.125,124.466,131.699,399533
2007-08-30,130.423,131.487,127.87,128.295,262162
2007-08-31,130.636,131.912,129.359,131.912,132859
2007-09-04,130.848,138.295,130.636,138.082,281434
2007-09-05,135.955,137.231,135.104,136.38,165380
2007-09-06,135.955,136.167,132.338,133.402,184852
2007-09-07,131.061,131.699,127.87,130.423,226853
2007-09-10,130.636,134.465,130.423,133.189,266912
2007-09-11,134.465,136.593,133.827,136.167,192557
2007-09-12,129.359,133.614,129.359,133.189,365065
2007-09-13,132.976,135.529,132.338,135.104,188438
2007-09-14,134.04,134.465,132.125,133.189,131868
2007-09-17,131.912,132.976,130.636,132.338,116418
2007-09-18,131.912,132.55,129.359,131.487,259866
2007-09-19,131.061,132.338,128.295,128.721,213066
2007-09-20,128.508,128.721,121.487,122.125,331913
2007-09-21,123.402,126.593,121.7,123.402,587596
2007-09-24,124.678,125.529,124.04,125.317,289472
2007-09-25,124.04,125.529,123.402,124.466,286347
2007-09-26,126.593,127.657,125.104,127.019,313939
2007-09-27,127.231,128.721,126.38,126.593,318028
2007-09-28,125.742,126.806,125.104,125.742,306629
2007-10-01,126.168,129.785,125.529,128.721,233370
2007-10-02,129.785,131.699,128.295,131.487,415849
2007-10-03,130.21,130.848,127.657,127.657,159370
2007-10-04,128.295,129.359,128.295,129.146,118581
2007-10-05,130.21,130.423,125.529,125.955,262699
2007-10-09,127.444,128.083,125.742,127.019,214346
2007-10-10,127.019,128.295,126.168,127.444,182635
2007-10-11,127.657,127.87,124.891,125.529,223856
2007-10-12,126.168,126.38,122.763,123.827,189854
2007-10-15,125.104,125.529,122.976,123.614,452366
2007-10-16,124.253,125.529,123.402,124.466,132622
2007-10-17,124.465,124.891,121.061,124.891,169232
2007-10-18,124.466,125.529,121.487,121.7,166528
2007-10-19,120.636,121.061,116.381,117.444,194502
2007-10-22,115.742,118.934,115.104,118.721,190891
2007-10-23,119.359,119.572,115.53,115.742,211164
2007-10-24,115.317,117.232,111.7,117.019,425512
2007-10-25,118.083,118.721,116.381,116.593,178189
2007-10-26,117.232,118.508,117.019,117.657,277781
2007-10-29,107.657,114.679,107.445,113.615,627369
2007-10-30,111.487,113.189,109.572,112.125,228166
2007-10-31,114.466,119.998,113.615,119.146,460617
2007-11-01,119.146,120.423,117.657,118.934,264667
2007-11-02,118.508,118.934,116.168,116.593,203166
2007-11-05,114.891,115.742,113.189,115.317,170682
2007-11-06,115.53,117.019,114.04,115.104,151115
2007-11-07,113.402,114.678,108.934,109.998,211491
2007-11-08,110.423,111.913,108.508,111.7,249823
2007-11-09,109.785,110.21,108.296,108.934,215939
2007-11-12,108.508,110.636,108.083,108.508,131945
2007-11-13,110.21,114.678,109.359,114.04,240275
2007-11-14,115.104,117.657,115.104,117.444,454674
2007-11-15,117.444,117.444,111.7,112.125,251010
2007-11-16,111.7,117.444,111.062,116.593,290113
2007-11-19,115.742,115.742,113.615,114.04,155110
2007-11-20,111.487,115.317,111.487,113.827,138060
2007-11-21,113.827,114.04,112.338,113.402,130884
2007-11-22,112.125,114.891,112.125,114.678,82675
2007-11-23,114.04,116.381,114.04,114.04,119113
2007-11-26,113.615,114.253,112.338,112.764,86449
2007-11-27,112.764,117.232,112.338,116.593,215552
2007-11-28,121.274,128.082,120.423,122.551,847989
2007-11-29,123.402,124.891,120.21,124.466,491798
2007-11-30,126.806,128.721,125.955,128.721,335204
2007-12-03,128.721,129.785,124.253,124.466,329462
2007-12-04,127.231,128.082,124.253,126.168,421187
2007-12-05,127.657,135.104,127.657,133.614,695491
2007-12-06,133.402,133.827,130.848,131.487,282457
2007-12-07,131.912,132.338,129.146,130.21,193056
2007-12-10,130.848,131.061,126.593,126.806,227938
2007-12-11,126.806,131.061,126.168,128.721,321498
2007-12-12,131.274,133.402,127.444,129.146,234925
2007-12-13,128.721,128.934,126.593,128.295,253145
2007-12-14,127.87,128.082,125.529,125.529,136504
2007-12-17,123.614,126.38,119.785,121.274,289850
2007-12-18,122.763,125.955,122.125,124.678,229977
2007-12-19,124.466,128.295,124.04,125.742,151014
2007-12-20,126.38,128.721,125.955,127.231,141863
2007-12-21,125.742,129.997,125.529,128.082,386936
2007-12-24,128.083,129.359,127.87,128.721,48502
2007-12-27,127.657,129.146,126.593,126.593,202492
2007-12-28,127.231,128.508,127.231,128.508,126358
2007-12-31,128.295,128.508,126.806,126.806,46565
2008-01-02,127.657,127.87,125.529,125.529,88538
2008-01-03,125.529,125.529,123.827,124.253,143365
2008-01-04,124.253,125.742,123.827,124.466,166438
2008-01-07,124.466,126.38,120.423,121.7,179494
2008-01-08,122.125,122.976,120.636,122.976,219281
2008-01-09,122.551,124.891,121.274,121.912,236718
2008-01-10,121.061,123.189,118.083,121.7,209220
2008-01-11,120.849,121.912,116.168,117.657,245680
2008-01-14,117.657,118.721,115.317,116.381,190380
2008-01-15,114.891,115.955,109.998,112.338,283454
2008-01-16,108.934,112.338,108.508,111.062,297300
2008-01-17,112.125,112.338,100.849,102.977,449893
2008-01-18,103.828,107.019,97.0193,100.211,470474
2008-01-21,87.445,93.1896,86.3812,90.4237,548796
2008-01-22,87.6578,99.9979,87.6578,98.2958,680264
2008-01-23,96.8065,102.126,93.1896,102.126,373675
2008-01-24,104.679,107.232,103.189,104.679,494093
2008-01-25,106.381,106.594,98.2959,100.211,234658
2008-01-28,100.211,102.551,97.232,100.849,192705
2008-01-29,101.487,106.168,101.275,106.168,216793
2008-01-30,106.381,107.232,103.189,103.828,309259
2008-01-31,103.189,105.53,101.7,105.317,310341
2008-02-01,105.743,107.019,102.551,103.828,607369
2008-02-04,104.891,104.891,99.7852,100.211,325957
2008-02-05,100.211,101.7,98.7214,100.636,304477
2008-02-06,102.551,105.53,101.487,105.53,302990
2008-02-07,104.253,105.743,103.402,105.53,332645
2008-02-08,105.104,109.785,105.104,109.785,306257
2008-02-11,109.998,109.998,106.594,107.445,335005
2008-02-12,108.296,111.274,107.657,110.636,400894
2008-02-13,112.338,121.487,112.338,118.934,623039
2008-02-14,118.721,118.934,114.466,114.466,210704
2008-02-15,113.827,117.657,113.402,117.657,210887
2008-02-19,119.146,124.678,118.295,124.04,492749
2008-02-20,121.912,122.338,119.998,120.636,446849
2008-02-21,121.7,122.338,120.21,121.7,228978
2008-02-22,123.614,123.827,119.572,119.572,457773
2008-02-25,118.721,122.551,118.721,122.125,215794
2008-02-26,121.912,122.125,118.508,119.572,180075
2008-02-27,118.508,123.614,118.508,123.189,297380
2008-02-28,122.338,123.614,121.487,123.614,163882
2008-02-29,122.338,123.189,118.721,119.785,158867
2008-03-03,118.083,118.934,115.955,117.019,182748
2008-03-04,116.806,119.359,113.402,116.593,182104
2008-03-05,117.444,118.295,114.04,116.593,218386
2008-03-06,116.593,116.593,111.7,113.615,165797
2008-03-07,111.913,113.402,109.998,112.764,220143
2008-03-10,114.891,115.53,110.211,112.338,162615
2008-03-11,113.827,116.381,111.913,114.891,300567
2008-03-12,114.891,116.593,113.615,114.466,215021
2008-03-13,112.976,118.934,112.338,118.295,401683
2008-03-14,118.721,119.146,112.976,113.402,763711
2008-03-17,109.572,112.551,108.721,110.21,415651
2008-03-18,111.7,117.87,110.849,117.87,201046
2008-03-19,116.806,117.232,112.764,113.827,170335
2008-03-20,114.04,114.466,110.849,113.189,362083
2008-03-24,113.189,119.146,112.338,118.721,298190
2008-03-25,117.657,121.274,117.019,118.083,302261
2008-03-26,118.721,118.721,116.168,118.083,304748
2008-03-27,118.083,119.997,116.593,118.934,178787
2008-03-28,118.083,119.785,115.317,115.317,144419
2008-03-31,115.955,117.232,113.615,116.381,327275
2008-04-01,117.87,119.785,114.891,119.785,237830
2008-04-02,119.785,120.849,118.721,119.146,283163
2008-04-03,124.466,129.359,124.253,126.593,1075943
2008-04-04,128.721,131.061,127.87,129.572,1016997
2008-04-07,131.912,137.657,130.636,136.167,909327
2008-04-08,133.614,138.933,133.614,136.806,1047676
2008-04-09,137.231,140.21,133.189,133.827,632401
2008-04-10,133.827,141.486,133.189,140.635,627294
2008-04-11,137.231,138.082,132.976,134.253,393758
2008-04-14,134.04,137.444,133.189,135.316,455124
2008-04-15,135.316,137.657,135.104,137.657,322073
2008-04-16,137.444,139.784,137.018,138.508,252384
2008-04-17,137.87,143.614,137.87,142.763,437077
2008-04-18,144.252,146.38,139.997,141.486,215219
2008-04-21,140.423,144.465,139.997,142.337,162909
2008-04-22,141.912,143.401,137.444,139.997,331882
2008-04-23,138.721,139.784,137.018,138.721,318514
2008-04-24,137.87,139.146,136.593,138.508,201790
2008-04-25,137.657,139.572,136.806,139.359,320676
2008-04-28,138.295,140.635,138.295,139.572,291435
2008-04-29,139.359,139.997,136.593,137.231,329929
2008-04-30,137.231,142.125,137.231,140.423,568872
2008-05-01,140.21,141.699,138.508,139.784,269203
2008-05-02,140.423,142.125,140.21,142.125,443508
2008-05-05,141.274,141.912,138.933,140.21,341737
2008-05-06,139.359,140.848,136.38,137.444,293340
2008-05-07,137.869,139.784,137.657,138.933,256112
2008-05-08,138.933,140.423,138.721,139.997,381648
2008-05-09,139.784,141.061,137.231,138.933,338934
2008-05-12,139.572,140.21,137.018,138.721,236489
2008-05-13,137.657,138.508,135.742,137.657,204249
2008-05-14,137.444,143.189,137.444,141.912,1086291
2008-05-15,141.699,152.763,140.635,152.337,875128
2008-05-16,152.976,162.124,152.125,160.848,915875
2008-05-20,156.805,163.826,156.38,163.188,535723
2008-05-21,161.699,162.975,156.805,157.444,790109
2008-05-22,157.018,159.146,156.592,157.869,554286
2008-05-23,157.444,160.422,157.444,158.507,287993
2008-05-26,158.295,158.507,156.805,157.444,105759
2008-05-27,157.018,158.295,155.103,157.231,300153
2008-05-28,157.444,167.869,157.444,162.337,1103839
2008-05-29,160.848,165.741,160.209,164.89,340920
2008-05-30,165.954,168.933,164.252,168.082,431570
2008-06-02,170.422,177.656,170.422,174.464,948378
2008-06-03,174.465,175.528,169.358,173.613,522728
2008-06-04,179.145,189.783,178.294,189.358,1268117
2008-06-05,190.847,190.847,184.251,188.081,742685
2008-06-06,186.166,188.932,185.315,185.528,403696
2008-06-09,184.039,184.252,172.975,173.826,946686
2008-06-10,169.996,171.486,167.231,168.294,839693
2008-06-11,167.869,170.848,164.89,167.869,852834
2008-06-12,167.869,170.635,167.443,167.869,612603
2008-06-13,168.72,168.933,165.529,165.741,448742
2008-06-16,165.316,168.933,164.677,166.38,401883
2008-06-17,167.443,168.082,165.316,167.656,693429
2008-06-18,165.954,166.38,159.997,162.975,783780
2008-06-19,161.486,163.826,157.656,158.933,478269
2008-06-20,162.763,164.89,157.656,157.656,805604
2008-06-23,158.507,168.933,158.507,165.954,454916
2008-06-24,163.826,163.826,154.465,155.103,652249
2008-06-25,155.316,160.635,152.337,160.422,1175048
2008-06-26,158.507,158.507,150.422,154.252,547213
2008-06-27,151.273,156.805,150.422,154.039,732997
2008-06-30,153.827,158.082,152.125,157.656,549133
2008-07-02,158.295,159.358,150.422,153.401,377085
2008-07-03,153.401,154.89,148.082,152.55,448717
2008-07-04,152.337,152.337,148.508,149.997,416592
2008-07-07,151.273,153.614,143.614,147.869,500363
2008-07-08,150.422,155.954,147.018,155.954,627482
2008-07-09,159.358,165.741,158.72,159.571,791211
2008-07-10,160.635,162.124,155.954,157.018,402863
2008-07-11,155.529,155.529,148.933,151.273,666648
2008-07-14,161.699,162.337,153.614,153.614,1429492
2008-07-15,152.125,152.55,146.805,147.657,1092883
2008-07-16,147.345,148.839,140.511,147.345,455183
2008-07-17,149.48,151.402,147.985,150.975,311042
2008-07-18,153.751,154.605,150.548,152.683,284842
2008-07-21,153.751,153.751,145.85,147.985,248292
2008-07-22,147.345,150.334,143.074,150.334,269133
2008-07-23,151.615,153.537,148.839,152.683,287774
2008-07-24,153.324,153.324,145.636,146.277,188791
2008-07-25,148.839,148.839,144.782,146.277,203471
2008-07-28,147.131,147.345,143.928,144.569,110117
2008-07-29,143.074,146.063,143.074,144.569,221002
2008-07-30,146.063,155.459,146.063,153.751,479292
2008-07-31,153.751,156.954,150.761,156.74,303442
2008-08-01,156.954,156.954,150.121,150.975,224463
2008-08-05,151.402,157.381,151.188,156.954,340245
2008-08-06,157.168,158.662,153.537,157.808,266129
2008-08-07,156.1,160.798,155.459,159.089,275805
2008-08-08,159.089,170.834,157.808,166.99,398701
2008-08-11,166.99,170.407,165.496,167.418,299070
2008-08-12,166.35,167.631,159.944,161.438,297921
2008-08-13,160.157,166.35,158.876,165.496,246332
2008-08-14,164.428,166.991,162.293,165.709,202513
2008-08-15,163.36,164.428,159.089,161.652,158760
2008-08-18,162.079,164.214,158.449,159.303,126084
2008-08-19,156.1,157.808,153.537,154.178,234206
2008-08-20,154.605,161.011,153.964,160.371,205518
2008-08-21,159.089,162.933,157.381,160.584,221281
2008-08-22,161.225,164.428,161.011,163.36,128986
2008-08-25,161.865,162.506,156.313,157.168,167960
2008-08-26,158.022,160.584,155.673,160.371,185603
2008-08-27,159.517,162.933,158.022,162.72,246291
2008-08-28,163.147,170.194,162.933,170.194,330673
2008-08-29,170.194,176.173,170.194,176.173,526609
2008-09-02,176.173,177.668,171.688,171.688,454448
2008-09-03,172.329,180.657,171.688,179.376,545914
2008-09-04,181.511,181.511,163.147,166.777,714438
2008-09-05,166.563,166.563,152.683,160.157,764418
2008-09-08,165.709,166.136,159.089,159.303,320658
2008-09-09,159.516,163.36,153.11,154.819,265289
2008-09-10,157.168,158.876,152.256,158.022,300381
2008-09-11,154.392,159.73,152.683,159.303,209368
2008-09-12,158.449,161.652,156.74,157.595,229155
2008-09-15,152.683,154.819,149.693,149.693,258030
2008-09-16,147.345,148.412,139.657,147.985,496096
2008-09-17,147.772,147.985,128.339,136.027,646221
2008-09-18,135.6,144.996,128.553,130.261,745941
2008-09-19,138.803,144.568,132.61,141.365,883171
2008-09-22,140.084,146.277,137.095,137.735,351974
2008-09-23,135.6,142.006,133.678,136.454,495472
2008-09-24,137.095,137.308,128.553,129.834,374883
2008-09-25,132.397,134.959,129.193,129.621,477458
2008-09-26,127.699,127.699,116.594,122.147,579354
2008-09-29,117.449,120.438,106.131,109.334,467019
2008-09-30,115.74,123.428,114.245,123.428,561608
2008-10-01,121.719,122.147,113.391,115.74,483937
2008-10-02,117.449,117.449,106.558,106.558,503130
2008-10-03,108.907,116.167,107.839,111.042,791716
2008-10-06,105.704,107.199,87.7661,107.199,847329
2008-10-07,106.985,113.818,94.1724,97.162,688830
2008-10-08,84.3494,101.433,84.3494,98.4433,976293
2008-10-09,102.287,104.636,84.3494,88.8338,745592
2008-10-10,80.0786,83.2817,67.6931,74.74,925433
2008-10-14,106.771,107.626,85.4171,89.2609,1147387
2008-10-15,86.154,96.4667,84.2204,91.3104,567194
2008-10-16,94.5331,94.9628,87.0134,89.8064,476892
2008-10-17,89.1619,97.9706,87.4431,93.6737,487107
2008-10-20,96.4667,102.053,93.0291,101.408,670752
2008-10-21,100.549,105.275,96.6816,97.7558,448897
2008-10-22,93.6737,96.2519,90.0213,90.8807,500130
2008-10-23,92.1698,97.7558,89.3767,93.4588,575076
2008-10-24,85.9392,98.6152,84.8649,98.6152,377211
2008-10-27,94.1034,95.1776,88.0876,88.0876,286478
2008-10-28,92.8143,95.1776,88.3025,95.1776,561535
2008-10-29,96.4667,96.6816,92.5994,94.3182,542342
2008-10-30,96.4667,102.697,95.8222,101.623,600287
2008-10-31,101.623,105.49,99.9043,99.9043,452854
2008-11-03,102.268,107.209,101.838,106.779,328400
2008-11-04,110.432,117.737,108.713,111.721,536139
2008-11-05,111.721,111.721,101.408,102.697,428379
2008-11-06,102.697,103.342,97.1113,99.9043,491752
2008-11-07,102.912,105.92,99.9043,100.979,280074
2008-11-10,105.275,106.565,100.119,101.193,305532
2008-11-11,100.979,101.408,97.541,99.0449,255089
2008-11-12,97.9706,100.549,96.2519,97.7558,358310
2008-11-13,99.4746,105.061,93.6737,105.061,415948
2008-11-14,103.127,103.127,96.8964,97.7558,549301
2008-11-17,97.7558,97.9707,90.2361,92.8143,679239
2008-11-18,91.9549,93.0291,86.7986,88.3025,653708
2008-11-19,87.0134,87.4431,81.6422,84.8649,657930
2008-11-20,81.8571,82.7164,75.1968,76.271,697514
2008-11-21,85.5095,88.3025,77.7749,88.3025,448346
2008-11-24,85.9392,87.2283,82.0719,87.2283,421975
2008-11-25,87.2282,94.3182,83.7907,86.154,363940
2008-11-26,84.0055,90.6658,82.7164,87.8728,238295
2008-11-27,88.0877,90.0213,86.154,88.5173,101743
2008-11-28,88.0876,93.4588,87.6579,93.244,246245
2008-12-01,91.3104,93.0291,81.4274,87.6579,531557
2008-12-02,88.5174,90.0213,79.7086,81.2125,404204
2008-12-03,80.568,85.9392,80.3531,83.5758,302766
2008-12-04,86.7986,89.8064,82.9313,84.2204,485084
2008-12-05,84.8649,86.7986,82.9313,85.5095,322561
2008-12-08,89.5916,92.1698,87.8728,90.2361,243542
2008-12-09,90.2361,91.9549,88.3025,89.1619,238257
2008-12-10,89.8064,90.451,88.7322,90.451,249365
2008-12-11,89.1619,90.0213,85.9392,87.6579,238430
2008-12-12,85.5095,90.8807,82.5016,90.2361,310969
2008-12-15,90.2361,90.451,85.9392,87.4431,276584
2008-12-16,87.0134,93.244,87.0134,93.244,362052
2008-12-17,92.1698,92.1698,91.0955,92.1698,6283
2008-12-18,92.3846,92.3846,88.3025,90.2361,361345
2008-12-19,90.2361,91.3104,86.7986,88.947,433272
2008-12-22,90.451,91.0955,85.9392,88.3025,189312
2008-12-23,89.8064,90.6658,87.2283,87.8728,135544
2008-12-24,88.0876,88.3025,86.7986,87.2283,48712
2008-12-29,90.2361,90.8807,88.3025,90.451,176523
2008-12-30,91.3104,96.2519,90.0213,95.8222,246214
2008-12-31,95.8221,96.037,92.1697,95.6073,184048
2009-01-02,95.3925,103.342,93.8885,101.408,210271
2009-01-05,103.127,106.35,98.83,103.557,338686
2009-01-06,105.705,108.928,101.193,102.268,373408
2009-01-07,100.549,102.482,99.0449,101.408,277869
2009-01-08,101.838,106.35,99.0449,105.275,403848
2009-01-09,105.705,106.35,100.549,101.408,424217
2009-01-12,101.408,102.053,95.8222,95.8222,328756
2009-01-13,96.2519,104.631,95.1776,103.986,491250
2009-01-14,101.943,101.943,97.1914,97.1914,548652
2009-01-15,98.4873,105.183,97.8394,102.591,464526
2009-01-16,104.751,105.183,100.647,102.159,224111
2009-01-19,103.455,106.695,101.511,106.695,170579
2009-01-20,105.831,105.831,96.5435,96.5435,403919
2009-01-21,98.4873,101.295,96.5435,100.431,285414
2009-01-22,97.8394,100.431,94.3837,99.3512,357766
2009-01-23,96.9754,100.215,95.0316,97.1914,330893
2009-01-26,97.8394,101.079,97.4074,97.8394,205537
2009-01-27,98.9193,102.159,98.9193,100.215,275806
2009-01-28,101.511,103.239,99.9992,102.159,240143
2009-01-29,100.863,101.079,87.0403,87.4723,654858
2009-01-30,88.9842,90.28,81.2088,82.0728,710521
2009-02-02,80.9929,82.7207,71.7057,74.7294,777868
2009-02-03,75.8093,76.6732,69.7618,74.9454,828682
2009-02-04,76.8892,84.4486,75.5933,80.3449,817051
2009-02-05,80.9929,80.9929,74.5134,76.6732,716046
2009-02-06,76.6732,78.833,74.7294,74.9454,451257
2009-02-09,74.9454,78.6171,72.5696,78.6171,290509
2009-02-10,78.833,79.697,75.8093,77.5372,420262
2009-02-11,77.5371,79.697,73.6495,73.6495,340337
2009-02-12,73.8655,76.4573,72.7856,76.2413,170356
2009-02-13,73.8655,74.5134,69.9778,71.0577,473002
2009-02-17,70.1938,71.2737,68.466,69.7618,498921
2009-02-18,69.1139,70.1938,60.4747,60.9066,889032
2009-02-19,60.4747,67.1701,60.4747,65.6582,582024
2009-02-20,64.7943,65.6582,60.2587,60.4747,536260
2009-02-23,60.9066,62.8504,55.9391,56.803,628275
2009-02-24,57.4509,63.2824,56.587,62.8505,994490
2009-02-25,63.7144,64.3623,59.6108,61.9865,691268
2009-02-26,62.2025,65.6582,61.3386,62.8505,674048
2009-02-27,62.4185,65.0103,60.4747,63.9304,426675
2009-03-02,61.5546,61.5546,53.7793,55.0751,598582
2009-03-03,56.587,59.3948,54.2112,58.9628,603752
2009-03-04,61.3386,61.3386,57.235,57.8829,579865
2009-03-05,56.803,57.8829,51.6194,52.6993,546996
2009-03-06,52.6993,53.7793,49.2437,52.6993,517367
2009-03-09,52.2674,52.9153,47.9478,50.5395,490269
2009-03-10,52.4834,59.1788,51.4035,55.9391,943033
2009-03-11,64.5783,64.5783,58.5308,58.5308,859177
2009-03-12,60.2587,61.7706,58.9628,60.2587,404232
2009-03-13,61.3386,63.0664,59.6107,60.0427,369721
2009-03-16,62.6345,64.1463,61.9865,63.4984,528176
2009-03-17,64.1463,64.1463,61.3386,63.0664,254840
2009-03-18,62.8505,65.4422,60.4747,64.7943,436316
2009-03-19,65.2263,66.9541,62.8505,62.8505,349070
2009-03-20,63.0664,64.1463,59.3948,60.4747,504419
2009-03-23,63.2824,66.5221,61.7705,64.7943,347504
2009-03-24,63.7144,65.2262,62.8505,65.2262,304447
2009-03-25,64.7943,65.8742,61.5546,61.5546,538324
2009-03-26,62.4185,64.1463,61.7706,64.1463,474948
2009-03-27,63.9304,65.2262,62.8505,64.7943,276461
2009-03-30,64.7943,66.5221,62.6345,63.9304,507700
2009-03-31,65.2262,65.8742,63.2824,63.4984,460198
2009-04-01,62.8505,65.6582,62.6345,65.6582,324326
2009-04-02,69.3299,74.2974,68.8979,72.3536,1015970
2009-04-03,72.5696,72.5696,68.8979,71.7057,396939
2009-04-06,71.4897,76.0253,71.0577,74.7294,525194
2009-04-07,73.6495,74.2974,72.1376,73.6495,409325
2009-04-08,72.5696,73.6495,72.3536,73.4335,193170
2009-04-09,75.8093,79.481,75.5933,78.1851,600652
2009-04-13,77.7532,80.5609,76.6733,79.265,199626
2009-04-14,79.265,80.5609,77.1052,77.9691,320422
2009-04-15,77.4254,78.2954,75.468,75.6855,268166
2009-04-16,76.7729,78.0779,76.1205,77.4254,243059
2009-04-17,78.9478,80.0352,77.8604,79.1653,151814
2009-04-20,77.8604,78.0779,75.6855,76.7729,174484
2009-04-21,75.6855,76.338,73.9456,75.468,163364
2009-04-22,75.903,76.9904,75.033,75.6855,172093
2009-04-23,75.903,76.338,74.8156,75.6855,104736
2009-04-24,76.1205,79.3828,75.903,79.1653,346729
2009-04-27,78.2953,80.6877,76.338,77.8604,453993
2009-04-28,77.2079,77.6429,75.033,76.1205,453073
2009-04-29,77.4254,79.3828,76.1205,76.5555,302517
2009-04-30,79.1653,83.0801,78.7303,82.2101,977440
2009-05-01,81.3402,83.2976,80.4702,81.5577,265688
2009-05-04,82.6451,85.6899,81.5577,85.0375,552990
2009-05-05,85.0375,90.2572,84.6025,89.8222,485265
2009-05-06,89.6047,93.0845,89.3872,89.8222,357942
2009-05-07,96.7818,96.7818,87.4298,87.8648,475286
2009-05-08,89.6047,91.3446,88.7347,90.4746,351237
2009-05-11,89.3872,90.0397,86.3424,86.5599,243475
2009-05-12,86.3424,88.0823,84.6025,85.4724,247508
2009-05-13,84.277,85.5904,79.899,79.899,292885
2009-05-14,80.3368,86.6849,76.8344,84.277,563442
2009-05-15,84.277,86.6849,82.5258,82.5258,190584
2009-05-19,85.3715,87.3417,83.8392,86.0282,284856
2009-05-20,86.4661,87.7795,84.7149,85.3716,230053
2009-05-21,83.8392,84.277,80.3368,82.7447,279411
2009-05-22,82.7447,84.277,81.2124,83.4014,156135
2009-05-25,82.3069,83.1825,82.088,82.3069,64041
2009-05-26,82.088,83.1825,81.6502,82.5258,258085
2009-05-27,82.3069,82.7447,79.6801,79.6801,209983
2009-05-28,80.9935,81.6502,79.4612,80.5557,349455
2009-05-29,81.6502,82.5258,80.1179,80.1179,171477
2009-06-01,81.4313,87.3417,81.4313,86.4661,418371
2009-06-02,87.1228,87.3417,83.1825,84.7148,308329
2009-06-03,79.6801,80.5557,76.1777,77.4911,1363275
2009-06-04,77.9289,78.8045,74.8643,76.6155,646409
2009-06-05,77.0533,77.9289,74.4265,74.6454,597638
2009-06-08,73.7698,73.9887,69.1728,72.0186,799060
2009-06-09,72.2375,73.5509,71.5808,73.5509,345638
2009-06-10,75.3021,75.3021,70.4862,71.3618,385533
2009-06-11,72.2375,75.521,71.3618,75.0832,623704
2009-06-12,73.9887,74.8643,72.6753,73.1131,418667
2009-06-15,75.521,76.1777,73.1131,74.8643,322787
2009-06-16,76.3966,76.6155,72.4564,72.4564,393909
2009-06-17,72.8942,75.0832,70.924,74.4265,316952
2009-06-18,74.8643,75.0832,73.3319,73.7697,282356
2009-06-19,75.0832,75.3021,72.8942,73.332,429225
2009-06-22,73.1131,73.1131,71.1429,72.6753,224116
2009-06-23,72.6753,73.7698,71.1429,71.1429,228848
2009-06-24,71.7996,73.9887,71.1429,73.9887,227153
2009-06-25,74.6454,74.6454,72.0186,72.8942,227779
2009-06-26,72.8942,74.4265,72.4564,74.4265,128695
2009-06-29,74.8643,76.3966,73.9887,76.3966,216346
2009-06-30,76.3966,76.3966,74.6454,75.521,180784
2009-07-02,75.3021,75.3021,73.1131,73.332,217288
2009-07-03,73.7698,74.2076,73.332,73.9887,30881
2009-07-06,73.332,75.3021,71.7997,75.3021,170016
2009-07-07,74.2076,75.0832,73.1131,73.1131,192248
2009-07-08,72.4564,73.9887,71.5808,72.2375,290784
2009-07-09,72.2375,75.521,72.2375,75.521,282395
2009-07-10,74.8643,76.6155,73.9887,76.3966,165201
2009-07-13,76.6155,81.6502,76.6155,81.6502,315546
2009-07-14,81.8691,82.088,79.4612,81.2124,244526
2009-07-15,81.772,82.4333,79.5679,79.5679,141748
2009-07-16,79.1271,82.6537,78.4659,81.7721,211122
2009-07-17,82.2129,82.2129,78.9067,80.4496,171333
2009-07-20,80.8904,81.7721,79.1271,79.1271,118168
2009-07-21,80.0088,81.1108,79.1271,80.0088,164337
2009-07-22,80.0088,80.67,79.3475,79.7884,110469
2009-07-23,79.3475,80.0088,78.9067,80.0088,324002
2009-07-24,80.0088,80.67,79.568,80.2292,126512
2009-07-27,80.4496,80.8904,77.3638,77.8047,160155
2009-07-28,76.7026,77.8047,76.4822,77.1434,277452
2009-07-29,77.3639,78.4659,76.0414,77.5843,205234
2009-07-30,78.0251,80.0088,77.1434,79.7884,240645
2009-07-31,78.9067,84.1966,78.6863,84.1966,405810
2009-08-04,84.8578,85.9599,84.417,85.9599,318167
2009-08-05,85.9598,93.013,85.9598,93.013,746020
2009-08-06,93.013,95.6579,87.7231,91.4701,490290
2009-08-07,91.6905,93.2334,90.1476,92.5721,223938
2009-08-10,91.9109,96.0987,91.4701,95.4375,253445
2009-08-11,93.6742,94.7762,87.7231,89.4864,321993
2009-08-12,87.7231,91.4701,86.8415,88.1639,171628
2009-08-13,90.368,96.9803,89.7068,95.4375,584190
2009-08-14,95.8783,95.8783,93.6742,94.7763,185816
2009-08-17,92.5721,93.2334,89.266,89.7068,217286
2009-08-18,90.368,91.9109,89.7068,91.4701,216630
2009-08-19,89.4864,91.9109,89.266,91.2497,208904
2009-08-20,90.8089,90.8089,86.4007,87.7231,553173
2009-08-21,87.5027,87.9435,85.9598,86.4007,325725
2009-08-24,86.8415,88.3844,86.8415,88.1639,258126
2009-08-25,88.3844,91.2497,88.1639,90.8089,351724
2009-08-26,91.6905,91.6905,88.1639,88.8252,260906
2009-08-27,88.6048,89.0456,87.0619,88.8252,218532
2009-08-28,88.6048,89.4864,87.7231,89.4864,104675
2009-08-31,88.8252,89.0456,86.1803,88.1639,167384
2009-09-01,87.0619,87.5027,83.3149,84.417,326617
2009-09-02,87.0619,92.5721,87.0619,90.368,834426
2009-09-03,91.4701,98.0824,91.0293,95.8783,779151
2009-09-04,95.2171,99.1844,95.2171,98.5232,401585
2009-09-08,99.1845,106.458,98.964,102.27,569093
2009-09-09,102.711,106.899,101.389,104.695,423130
2009-09-10,103.152,108.442,103.152,108.221,416780
2009-09-11,108.662,109.323,102.931,105.136,412664
2009-09-14,103.813,110.205,103.813,109.103,415979
2009-09-15,109.103,111.087,107.56,108.001,482789
2009-09-16,109.985,109.985,105.576,106.458,513992
2009-09-17,105.797,106.899,104.033,105.576,440992
2009-09-18,105.797,105.797,102.711,102.711,248261
2009-09-21,101.609,103.813,100.507,102.931,260824
2009-09-22,102.711,104.033,101.168,101.168,196125
2009-09-23,101.609,102.491,101.168,101.389,104982
2009-09-24,102.27,102.27,98.964,101.389,268883
2009-09-25,101.389,103.152,100.727,100.727,152810
2009-09-28,102.711,110.205,102.711,107.119,408758
2009-09-29,108.001,109.544,107.119,108.662,246928
2009-09-30,109.764,111.307,108.001,109.544,344500
2009-10-01,109.323,109.323,105.797,107.56,257383
2009-10-02,105.136,106.678,104.474,104.915,234132
2009-10-05,105.797,107.119,104.474,105.576,117004
2009-10-06,107.119,109.323,106.017,107.34,146583
2009-10-07,107.78,107.78,105.576,106.899,99040
2009-10-08,107.56,112.409,106.899,112.409,668309
2009-10-09,111.307,117.919,110.205,112.629,668438
2009-10-13,112.85,114.613,108.882,108.882,311090
2009-10-14,111.66,111.882,109.223,109.888,451437
2009-10-15,109.223,110.774,109.002,109.888,138245
2009-10-16,109.002,111.439,109.002,111.439,189265
2009-10-19,111.882,112.547,110.331,110.774,162542
2009-10-20,110.553,110.774,106.565,106.786,215943
2009-10-21,106.786,107.451,105.236,105.457,147082
2009-10-22,105.679,105.679,103.685,104.128,174518
2009-10-23,104.349,104.349,102.799,103.906,152143
2009-10-26,103.242,104.349,101.912,101.912,186283
2009-10-27,101.912,101.912,98.8107,99.0322,282884
2009-10-28,97.7029,98.5891,92.1642,93.0504,363830
2009-10-29,95.2659,98.8107,95.2659,97.2598,213501
2009-10-30,98.146,99.2538,95.709,97.2598,238975
2009-11-02,96.8167,97.4814,95.2659,96.3736,125512
2009-11-03,96.3736,102.134,95.709,101.469,355754
2009-11-04,102.134,102.355,99.2538,99.9184,274138
2009-11-05,99.6969,101.691,99.6969,101.691,84714
2009-11-06,100.14,102.355,99.6968,102.134,166081
2009-11-09,103.242,104.792,100.361,100.361,136543
2009-11-10,99.9184,101.691,98.8107,101.691,131114
2009-11-11,101.912,103.906,101.248,101.691,80221
2009-11-12,99.9184,101.469,99.6969,100.583,77260
2009-11-13,101.248,103.906,100.805,103.242,128404
2009-11-16,103.906,104.571,101.912,104.128,154219
2009-11-17,103.463,105.014,103.242,104.128,132791
2009-11-18,104.128,111.217,102.355,110.331,389313
2009-11-19,110.996,112.768,106.786,109.445,350960
2009-11-20,108.559,108.559,105.457,106.565,185297
2009-11-23,107.451,110.11,107.23,109.888,151065
2009-11-24,109.002,109.002,106.122,106.122,120794
2009-11-25,106.343,107.894,105.457,105.9,121250
2009-11-26,104.792,104.792,101.469,101.912,74025
2009-11-27,99.6968,102.355,99.2537,102.134,125858
2009-11-30,101.912,103.02,99.2538,99.2538,148414
2009-12-01,100.14,102.355,100.14,101.912,141324
2009-12-02,101.691,103.906,101.469,103.906,138163
2009-12-03,103.242,105.679,101.026,101.026,169644
2009-12-04,102.577,103.02,100.362,100.805,99800
2009-12-07,100.805,105.9,100.805,104.792,134377
2009-12-08,103.463,103.685,101.469,101.912,109798
2009-12-09,101.691,102.134,99.9184,99.9184,72293
2009-12-10,99.9184,101.912,99.6969,101.469,132567
2009-12-11,101.469,103.242,100.805,102.799,127152
2009-12-14,102.799,103.685,101.912,102.799,144711
2009-12-15,102.799,105.236,102.134,104.792,201536
2009-12-16,105.014,106.343,104.571,105.679,88754
2009-12-17,105.457,105.9,103.906,104.128,135630
2009-12-18,104.349,105.9,104.349,105.457,218888
2009-12-21,105.236,108.116,105.236,105.679,97829
2009-12-22,105.679,106.343,104.792,105.9,111874
2009-12-23,105.679,107.673,105.236,105.457,131911
2009-12-24,105.236,107.008,105.236,107.008,30553
2009-12-29,105.679,107.008,105.679,106.565,69824
2009-12-30,106.565,107.23,105.457,106.343,75405
2009-12-31,106.565,107.23,105.679,106.343,51365
2010-01-04,107.008,107.894,106.122,107.894,137556
2010-01-05,107.894,108.116,106.565,107.451,170690
2010-01-06,108.116,111.439,107.894,110.553,221474
2010-01-07,111.439,115.205,111.217,111.882,424607
2010-01-08,112.547,116.313,112.325,114.762,194852
2010-01-11,115.87,119.415,114.984,116.091,245137
2010-01-12,114.762,118.75,114.762,118.307,201805
2010-01-13,118.872,125.105,118.872,123.77,288571
2010-01-14,124.66,125.55,118.427,121.321,387117
2010-01-15,120.43,125.105,119.763,123.992,268543
2010-01-18,123.547,124.215,122.434,122.656,53706
2010-01-19,122.434,124.215,120.876,123.102,439726
2010-01-20,123.102,123.324,118.427,118.872,276159
2010-01-21,118.872,119.54,114.42,115.31,312916
2010-01-22,113.53,115.088,111.304,111.749,170979
2010-01-25,112.194,117.091,111.971,116.423,226731
2010-01-26,115.978,119.317,114.643,116.646,301259
2010-01-27,116.869,117.982,112.194,112.862,230785
2010-01-28,113.975,116.201,111.971,114.42,427919
2010-01-29,114.865,115.756,111.971,112.194,287752
2010-02-01,112.862,115.533,112.417,115.088,217405
2010-02-02,115.756,122.434,115.088,122.211,323721
2010-02-03,121.543,125.55,119.985,121.989,380181
2010-02-04,120.876,121.098,117.091,117.759,261636
2010-02-05,116.201,122.656,115.533,121.321,373177
2010-02-08,120.653,121.989,117.537,118.872,264467
2010-02-09,120.208,121.321,118.427,119.54,153691
2010-02-10,119.54,121.766,118.872,120.653,139176
2010-02-11,120.653,124.437,119.985,124.215,196730
2010-02-12,122.434,123.102,119.763,120.876,170579
2010-02-16,120.876,121.321,119.985,121.098,75582
2010-02-17,120.876,121.989,119.985,120.653,108386
2010-02-18,120.43,122.879,120.43,121.321,97156
2010-02-19,120.876,121.766,120.653,121.098,111177
2010-02-22,121.321,122.434,119.985,120.43,65419
2010-02-23,119.763,120.208,117.982,118.872,146051
2010-02-24,119.54,122.211,119.317,121.989,175293
2010-02-25,125.105,133.787,125.105,130.67,748891
2010-02-26,130.448,130.893,126.441,126.663,247713
2010-03-01,126.886,131.116,126.886,130.448,189411
2010-03-02,131.116,131.783,130.448,131.561,100050
2010-03-03,131.783,134.009,131.338,133.342,141407
2010-03-04,134.677,134.9,132.229,134.455,266522
2010-03-05,134.9,138.016,134.9,137.349,209933
2010-03-08,138.016,138.907,135.122,135.568,104362
2010-03-09,133.787,133.787,128.889,130.67,352009
2010-03-10,130.002,132.229,130.002,131.561,136292
2010-03-11,130.448,132.006,130.448,130.893,81085
2010-03-12,131.116,131.561,130.002,131.561,118053
2010-03-15,131.783,132.229,130.225,131.116,72475
2010-03-16,131.561,131.561,129.557,129.78,71803
2010-03-17,129.78,130.893,129.78,130.893,73681
2010-03-18,130.893,131.338,128.667,128.667,105688
2010-03-19,130.002,131.116,129.112,130.67,242446
2010-03-22,130.67,130.67,129.557,129.78,72864
2010-03-23,130.448,131.116,129.78,130.67,77340
2010-03-24,130.003,130.893,128.222,128.889,150937
2010-03-25,129.112,135.122,129.112,132.674,615835
2010-03-26,133.564,134.009,129.78,130.893,212131
2010-03-29,131.561,133.787,131.116,133.564,146909
2010-03-30,134.677,136.236,132.674,136.013,127681
2010-03-31,135.122,138.684,134.455,138.684,216553
2010-04-01,134.677,135.345,126.663,127.109,595813
2010-04-05,127.109,127.554,121.766,124.437,308297
2010-04-06,122.434,125.996,119.763,125.328,655717
2010-04-07,123.992,125.105,122.434,123.324,471815
2010-04-08,123.324,124.66,121.321,122.211,274192
2010-04-09,121.766,122.656,121.321,121.766,127733
2010-04-12,122.211,122.879,121.766,122.434,84717
2010-04-13,122.434,122.434,119.985,120.208,186725
2010-04-14,121.098,121.543,119.317,119.985,235384
2010-04-15,120.43,121.321,119.317,120.876,536024
2010-04-16,121.321,121.321,116.869,118.427,335290
2010-04-19,117.537,118.427,116.201,117.537,134950
2010-04-20,117.982,122.879,117.982,122.879,360649
2010-04-21,122.434,123.102,119.317,120.876,295880
2010-04-22,119.317,119.985,117.314,118.65,355337
2010-04-23,118.65,118.65,117.091,117.091,252406
2010-04-26,117.759,118.427,116.423,117.537,437004
2010-04-27,116.869,117.537,113.084,113.975,304857
2010-04-28,114.643,116.869,113.084,115.31,245079
2010-04-29,115.756,122.211,115.533,121.766,294007
2010-04-30,122.434,122.879,117.314,117.982,181010
2010-05-03,119.763,119.763,117.314,117.759,104607
2010-05-04,117.759,117.759,114.42,115.756,192781
2010-05-05,113.752,115.088,112.639,112.862,233702
2010-05-06,112.417,114.197,107.074,110.636,379350
2010-05-07,110.636,113.752,107.964,112.194,252932
2010-05-10,115.31,117.091,115.088,116.869,127288
2010-05-11,115.756,117.759,114.42,116.869,156382
2010-05-12,118.779,121.91,117.66,121.239,413728
2010-05-13,121.91,123.029,121.239,123.029,147647
2010-05-14,121.91,122.358,117.884,120.568,194272
2010-05-17,120.121,120.568,114.529,116.542,140325
2010-05-18,117.213,119.226,113.41,113.858,270849
2010-05-19,113.41,114.976,111.397,111.621,265595
2010-05-20,109.608,110.279,107.371,108.936,348109
2010-05-21,107.818,113.634,107.371,112.516,326986
2010-05-25,108.042,111.621,106.476,110.726,280576
2010-05-26,112.292,113.634,106.923,107.371,282415
2010-05-27,109.16,112.739,108.936,111.173,405585
2010-05-28,111.397,111.621,108.042,109.384,292907
2010-05-31,110.502,110.726,108.042,108.489,69681
2010-06-01,108.713,108.713,102.897,103.121,473663
2010-06-02,106.923,108.936,105.805,108.042,493548
2010-06-03,108.713,109.608,106.7,109.384,452057
2010-06-04,107.818,107.818,105.134,106.252,275972
2010-06-07,106.7,106.923,98.8705,99.9889,260776
2010-06-08,101.107,101.778,97.5283,100.66,264117
2010-06-09,102.002,103.344,100.213,100.436,181132
2010-06-10,102.002,103.792,101.107,102.45,132251
2010-06-11,101.778,104.015,100.884,103.344,148763
2010-06-14,105.134,107.371,103.344,104.239,231960
2010-06-15,105.581,108.489,104.91,108.042,154358
2010-06-16,108.936,110.502,108.936,110.502,131210
2010-06-17,110.726,113.41,110.055,113.41,389516
2010-06-18,112.963,114.081,111.173,113.41,589673
2010-06-21,114.305,115.2,114.081,115.2,191243
2010-06-22,115.2,115.423,111.621,113.41,396312
2010-06-23,113.41,114.752,111.621,114.305,212444
2010-06-24,112.963,113.41,111.621,112.516,127393
2010-06-25,112.292,114.752,111.844,113.41,112480
2010-06-28,113.41,114.529,112.068,112.292,53646
2010-06-29,110.279,111.173,105.357,106.7,246405
2010-06-30,106.252,111.397,105.805,108.265,208048
2010-07-02,108.713,112.963,108.489,111.621,212915
2010-07-05,111.844,111.844,109.384,110.055,57429
2010-07-06,111.621,113.634,110.726,111.173,166418
2010-07-07,111.844,112.515,109.608,111.844,124742
2010-07-08,111.844,112.068,108.936,109.831,156191
2010-07-09,109.16,109.608,107.147,108.265,163908
2010-07-12,108.265,108.489,106.476,106.923,216187
2010-07-13,107.594,108.936,106.7,107.594,310785
2010-07-14,107.716,107.716,105.692,105.692,135831
2010-07-15,106.816,107.266,105.467,106.816,176475
2010-07-16,107.266,107.266,105.692,106.591,147370
2010-07-19,107.041,107.491,96.9215,99.62,657247
2010-07-20,99.62,105.242,98.2708,104.567,530884
2010-07-21,106.366,108.165,103.668,107.491,326680
2010-07-22,108.165,109.964,107.041,109.065,164968
2010-07-23,109.065,111.314,109.065,110.414,193139
2010-07-26,109.739,112.213,109.065,111.988,144015
2010-07-27,112.438,113.113,108.615,108.615,151620
2010-07-28,108.84,108.84,106.141,106.816,127439
2010-07-29,107.041,107.94,104.792,106.816,187826
2010-07-30,106.366,106.366,104.342,104.792,111838
2010-08-03,105.692,106.591,102.543,102.768,402602
2010-08-04,103.218,104.118,102.768,104.118,120729
2010-08-05,104.342,108.165,103.443,107.94,160624
2010-08-06,106.591,109.739,105.467,109.065,163890
2010-08-09,108.84,109.739,108.165,109.065,395760
2010-08-10,107.94,109.515,107.266,108.165,88683
2010-08-11,107.041,107.041,104.792,104.792,124995
2010-08-12,102.993,106.591,101.869,106.591,274817
2010-08-13,106.591,106.816,103.443,103.893,112108
2010-08-16,102.993,103.218,102.094,102.319,48613
2010-08-17,102.768,105.467,102.319,104.567,115902
2010-08-18,104.567,105.242,103.218,104.567,45105
2010-08-19,104.118,104.342,102.768,103.443,62411
2010-08-20,102.768,103.443,102.094,102.543,49120
2010-08-23,102.543,102.993,99.62,100.295,121704
2010-08-24,99.62,100.52,96.9215,97.3713,164146
2010-08-25,96.9215,99.3951,95.5723,99.3951,111077
2010-08-26,100.295,101.869,99.3951,101.194,109251
2010-08-27,101.869,103.218,100.07,102.319,98298
2010-08-30,101.644,102.993,101.194,101.644,50042
2010-08-31,101.644,102.094,98.4956,99.8449,156199
2010-09-01,99.8449,104.792,99.8449,103.443,265552
2010-09-02,104.118,106.816,102.993,106.816,216839
2010-09-03,107.266,109.515,107.266,107.716,298796
2010-09-07,107.716,107.716,104.792,105.917,87102
2010-09-08,105.467,110.639,105.467,109.29,207029
2010-09-09,110.639,114.012,110.414,113.337,331813
2010-09-10,112.438,117.16,111.538,114.912,457633
2010-09-13,115.586,116.711,111.538,113.113,189782
2010-09-14,113.113,114.012,110.414,110.864,124173
2010-09-15,110.864,111.314,109.29,109.739,111674
2010-09-16,109.065,110.639,108.84,109.739,64506
2010-09-17,110.639,112.213,108.39,109.739,417791
2010-09-20,108.84,111.988,108.165,111.089,166233
2010-09-21,111.763,111.763,109.29,109.29,136870
2010-09-22,110.189,111.763,109.739,111.089,126229
2010-09-23,109.739,110.639,109.065,109.29,70608
2010-09-24,110.414,111.538,109.515,110.189,171687
2010-09-27,110.189,110.639,108.84,109.29,119085
2010-09-28,109.29,109.739,107.491,109.065,158576
2010-09-29,109.065,111.538,108.84,111.314,151649
2010-09-30,112.438,113.562,109.964,113.562,390872
2010-10-01,113.562,114.237,111.988,112.438,190633
2010-10-04,112.438,112.888,111.988,112.888,110485
2010-10-05,113.562,116.935,113.562,116.261,204357
2010-10-06,116.935,117.385,115.136,116.486,144605
2010-10-07,116.935,118.959,116.486,118.51,348620
2010-10-08,119.184,119.859,116.711,116.935,164041
2010-10-12,117.61,117.61,115.811,116.486,135943
2010-10-13,117.511,117.737,115.252,115.252,102482
2010-10-14,115.252,116.156,114.574,115.252,168206
2010-10-15,115.252,115.93,113.896,114.122,54225
2010-10-18,114.8,115.704,113.67,114.348,103254
2010-10-19,113.218,114.348,112.766,112.992,157663
2010-10-20,113.444,115.252,113.218,114.574,131992
2010-10-21,115.026,119.545,115.026,115.704,626348
2010-10-22,116.834,117.286,114.8,115.704,167583
2010-10-25,116.382,117.511,115.478,116.608,182795
2010-10-26,115.704,115.93,114.574,115.252,125049
2010-10-27,114.574,115.026,112.088,112.766,252893
2010-10-28,113.218,114.348,112.314,112.766,274025
2010-10-29,113.67,114.8,112.992,114.8,183985
2010-11-01,115.478,115.704,113.444,113.896,86618
2010-11-02,114.8,115.026,113.444,114.348,119204
2010-11-03,114.8,114.8,113.444,113.67,107962
2010-11-04,114.8,115.026,113.218,114.122,313401
2010-11-05,114.122,116.382,113.67,115.93,331634
2010-11-08,115.93,116.382,114.8,115.93,162208
2010-11-09,116.382,116.382,110.958,111.862,587516
2010-11-10,112.314,113.444,111.862,112.54,173426
2010-11-11,112.088,112.314,110.28,111.184,122893
2010-11-12,110.732,110.958,108.698,109.602,164566
2010-11-15,110.28,113.444,110.28,112.766,313491
2010-11-16,112.54,112.54,109.828,110.732,170104
2010-11-17,110.054,111.862,109.828,111.862,159272
2010-11-18,112.54,113.896,111.862,112.314,247545
2010-11-19,112.314,112.54,110.732,110.958,176403
2010-11-22,110.958,111.184,110.054,110.28,128817
2010-11-23,109.828,110.054,108.246,108.246,262503
2010-11-24,109.15,110.054,108.924,110.054,221399
2010-11-25,109.602,110.054,108.924,109.376,21495
2010-11-26,108.472,109.376,108.246,108.246,117547
2010-11-29,108.246,108.472,106.438,106.438,160890
2010-11-30,106.212,107.342,105.76,106.212,404404
2010-12-01,107.342,108.698,106.212,107.794,232958
2010-12-02,106.212,107.568,102.597,106.212,851978
2010-12-03,106.212,106.664,102.597,103.5,425502
2010-12-06,103.952,104.404,102.823,104.178,223996
2010-12-07,105.082,105.082,103.5,104.178,317513
2010-12-08,104.178,105.082,103.5,104.404,414111
2010-12-09,105.082,105.308,102.597,103.5,465504
2010-12-10,103.952,105.082,103.5,104.63,180158
2010-12-13,104.856,105.308,104.178,104.856,170447
2010-12-14,105.082,105.76,103.726,105.082,449113
2010-12-15,105.082,108.472,104.404,108.472,395644
2010-12-16,107.342,108.246,106.212,107.116,331610
2010-12-17,106.664,108.924,105.986,108.02,322283
2010-12-20,107.794,108.472,107.116,107.116,114311
2010-12-21,107.568,109.376,107.568,108.924,82766
2010-12-22,108.924,109.376,108.246,109.15,96796
2010-12-23,108.924,109.602,108.246,108.924,69821
2010-12-24,108.246,108.924,108.246,108.698,13887
2010-12-29,109.15,111.184,108.472,111.184,134087
2010-12-30,111.41,112.54,111.184,112.54,108091
2010-12-31,112.088,113.444,112.088,113.218,91691
2011-01-04,114.122,115.478,113.896,114.122,205624
2011-01-05,113.218,115.93,113.218,115.478,266657
2011-01-06,115.704,122.257,115.704,122.257,594855
2011-01-07,122.031,122.257,118.415,118.867,367128
2011-01-10,117.737,118.415,115.704,118.415,239078
2011-01-11,118.867,122.483,118.641,122.483,251924
2011-01-12,123.741,124.422,122.151,122.378,255858
2011-01-13,122.378,125.784,122.378,124.876,299404
2011-01-14,124.422,128.055,123.287,127.373,318523
2011-01-17,126.011,129.417,126.011,128.736,73444
2011-01-18,128.963,131.46,127.601,128.509,431053
2011-01-19,126.238,131.46,126.238,131.006,382457
2011-01-20,130.325,136.001,130.325,132.823,748617
2011-01-21,132.823,134.412,128.509,129.417,536194
2011-01-24,128.736,131.46,127.601,131.006,153167
2011-01-25,130.552,133.958,130.552,133.277,417138
2011-01-26,134.185,136.682,131.46,131.46,623980
2011-01-27,131.914,132.823,129.417,130.552,331031
2011-01-28,131.46,132.596,129.871,130.325,298798
2011-01-31,129.417,131.914,129.19,129.417,255165
2011-02-01,129.871,134.866,128.282,134.185,306766
2011-02-02,133.731,136.228,132.369,135.774,302768
2011-02-03,135.547,145.991,135.32,144.629,712398
2011-02-04,141.223,142.813,138.953,141.223,185876
2011-02-07,140.769,143.948,139.634,141.45,171179
2011-02-08,140.542,144.175,139.407,142.359,203325
2011-02-09,141.677,142.813,138.726,141.904,209176
2011-02-10,139.407,141.905,138.953,140.315,117947
2011-02-11,139.18,140.542,139.18,139.18,117711
2011-02-14,138.953,139.634,137.364,138.499,145163
2011-02-15,138.045,139.407,137.591,139.18,141795
2011-02-16,138.272,143.04,138.272,142.586,211742
2011-02-17,142.359,147.581,142.132,147.581,324559
2011-02-18,147.581,153.257,147.581,149.17,220016
2011-02-22,145.537,150.759,140.769,141.904,395969
2011-02-23,140.769,143.04,137.818,138.272,199374
2011-02-24,137.364,140.542,136.228,138.499,334649
2011-02-25,139.861,140.315,138.499,139.407,240873
2011-02-28,139.861,143.494,139.634,141.904,128062
2011-03-01,141.905,142.813,138.499,139.407,164647
2011-03-02,149.17,152.576,148.489,149.851,771029
2011-03-03,151.668,153.03,148.262,151.213,556068
2011-03-04,150.759,150.986,146.218,146.9,131223
2011-03-07,146.218,147.127,140.088,142.359,267350
2011-03-08,143.948,144.629,141.223,141.45,153732
2011-03-09,142.132,142.359,139.634,140.769,145493
2011-03-10,139.861,142.586,138.045,141.223,160157
2011-03-11,140.088,140.088,136.909,138.499,388258
2011-03-14,136.228,140.542,135.547,139.18,130016
2011-03-15,132.823,138.726,130.552,136.228,257797
2011-03-16,136.455,138.045,134.185,136.682,103479
2011-03-17,138.499,143.494,136.909,142.586,217843
2011-03-18,143.494,145.31,143.04,145.31,314847
2011-03-21,146.673,147.354,144.629,145.991,101132
2011-03-22,146.445,146.445,145.083,145.537,40578
2011-03-23,145.083,146.218,143.494,145.537,62852
2011-03-24,145.537,149.397,145.537,148.262,192011
2011-03-25,148.716,148.943,145.764,145.764,104559
2011-03-28,143.721,145.764,143.494,143.721,136172
2011-03-29,143.04,143.721,141.45,142.132,188055
2011-03-30,143.04,145.083,142.586,143.04,246102
2011-03-31,153.257,165.517,153.257,161.885,2249759
2011-04-01,160.068,164.382,159.614,161.431,552854
2011-04-04,161.431,162.112,160.522,162.112,126140
2011-04-05,162.112,162.112,160.068,160.976,199164
2011-04-06,161.204,164.382,160.976,161.885,263194
2011-04-07,160.295,162.566,159.16,159.614,224804
2011-04-08,160.068,162.339,159.387,160.068,153544
2011-04-11,159.387,160.068,157.344,157.344,130339
2011-04-12,155.754,156.663,153.711,153.711,170685
2011-04-13,155.3,158.252,154.846,156.436,134092
2011-04-14,155.073,156.663,154.846,156.436,146250
2011-04-15,156.436,158.706,155.754,157.344,136878
2011-04-18,155.981,156.208,152.349,154.392,174745
2011-04-19,153.711,154.392,152.122,152.349,77915
2011-04-20,154.392,155.073,151.895,152.803,167759
2011-04-21,153.257,155.073,153.257,154.392,183452
2011-04-25,154.846,158.479,153.938,158.025,172033
2011-04-26,158.252,162.112,156.89,160.295,284801
2011-04-27,160.976,161.431,158.252,160.749,394817
2011-04-28,161.885,162.112,160.295,161.204,66637
2011-04-29,160.522,161.431,159.16,160.068,139549
2011-05-02,160.976,161.658,159.614,160.068,108977
2011-05-03,160.068,160.295,148.716,154.392,781358
2011-05-04,154.846,155.3,152.576,152.576,386357
2011-05-05,152.122,156.89,151.441,155.3,224261
2011-05-06,155.754,156.663,149.397,151.44,463283
2011-05-09,152.349,157.571,151.441,156.89,182969
2011-05-10,157.571,159.614,155.073,155.527,109804
2011-05-11,154.967,155.65,152.232,152.46,243939
2011-05-12,152.688,156.562,152.232,156.562,128059
2011-05-13,157.018,157.018,155.65,156.106,69358
2011-05-16,154.967,155.65,153.371,153.827,166136
2011-05-17,154.055,156.106,152.915,154.283,93096
2011-05-18,154.739,156.334,153.599,153.827,118135
2011-05-19,153.827,154.739,152.004,152.688,154478
2011-05-20,152.688,154.511,152.46,152.916,138253
2011-05-24,152.915,152.915,147.674,149.269,286591
2011-05-25,149.041,152.916,148.358,151.092,160466
2011-05-26,151.548,152.004,147.902,149.953,127446
2011-05-27,150.864,152.232,149.497,152.232,145717
2011-05-30,152.004,152.46,149.953,150.637,35667
2011-05-31,151.32,153.827,149.725,153.827,166300
2011-06-01,161.12,165.222,158.385,158.385,1065709
2011-06-02,159.524,160.892,157.018,157.929,313843
2011-06-03,155.65,158.157,154.283,158.157,201871
2011-06-06,158.385,159.524,154.283,154.283,156826
2011-06-07,156.106,159.524,155.194,158.385,166734
2011-06-08,157.245,159.524,156.334,157.018,196666
2011-06-09,157.473,160.892,156.334,160.892,243029
2011-06-10,158.841,160.436,155.422,156.334,202664
2011-06-13,156.79,157.701,149.497,150.409,255493
2011-06-14,152.232,158.385,151.548,157.473,392077
2011-06-15,155.194,157.473,152.688,156.79,305057
2011-06-16,156.79,157.245,154.967,156.79,212788
2011-06-17,157.245,159.98,157.018,159.069,487776
2011-06-20,160.664,162.259,157.473,157.701,501095
2011-06-21,162.259,163.171,159.296,160.208,380819
2011-06-22,160.208,160.208,152.232,152.46,601543
2011-06-23,152.46,152.46,147.218,149.269,320065
2011-06-24,150.864,151.548,147.674,149.725,183831
2011-06-27,149.269,152.916,148.358,150.637,167286
2011-06-28,151.776,157.701,151.776,156.79,198906
2011-06-29,156.106,157.245,154.283,155.65,344788
2011-06-30,156.106,158.385,155.194,158.385,129043
2011-07-04,158.841,159.069,156.79,157.473,29931
2011-07-05,154.967,157.929,154.967,154.967,117233
2011-07-06,154.055,155.422,153.371,153.599,153239
2011-07-07,155.422,155.65,152.232,152.916,190434
2011-07-08,152.688,154.283,151.776,154.055,73739
2011-07-11,152.232,154.283,148.813,149.269,119480
2011-07-12,148.13,149.269,146.99,147.674,205957
2011-07-13,147.797,151.458,147.797,149.628,213291
2011-07-14,149.628,151,147.797,147.797,203651
2011-07-15,148.484,148.484,143.908,145.967,199596
2011-07-18,144.823,145.052,139.332,140.934,229875
2011-07-19,141.391,147.34,141.391,147.34,169541
2011-07-20,146.425,147.568,143.222,145.967,271746
2011-07-21,146.425,146.882,141.62,142.078,165157
2011-07-22,141.849,141.849,137.731,140.018,292764
2011-07-25,137.044,137.273,132.011,135.9,871820
2011-07-26,137.273,139.103,135.214,135.9,526806
2011-07-27,136.815,137.044,131.553,131.553,269033
2011-07-28,130.409,133.841,128.579,129.494,215415
2011-07-29,128.579,132.697,126.749,132.24,238008
2011-08-02,132.24,133.612,124.461,126.749,383129
2011-08-03,125.376,128.122,121.258,128.122,523286
2011-08-04,125.147,126.52,123.775,124.461,336736
2011-08-05,124.461,125.834,117.826,119.199,494966
2011-08-08,110.276,120.8,110.047,112.106,689269
2011-08-09,113.479,119.199,112.335,119.199,603080
2011-08-10,119.199,119.199,114.165,114.852,276718
2011-08-11,115.538,121.715,114.852,121.258,296262
2011-08-12,124.461,124.69,118.055,118.97,218867
2011-08-15,121.029,121.944,118.741,119.885,118314
2011-08-16,118.512,118.741,114.852,115.767,221910
2011-08-17,117.597,118.741,114.623,116.682,314511
2011-08-18,114.394,114.394,109.818,111.649,270014
2011-08-19,108.674,112.793,106.615,107.302,286244
2011-08-22,110.962,110.962,106.844,107.531,182304
2011-08-23,108.217,111.878,106.387,111.42,160239
2011-08-24,111.878,113.021,110.276,112.335,88889
2011-08-25,112.335,114.852,110.505,112.793,189527
2011-08-26,111.649,113.021,109.59,110.047,179143
2011-08-29,112.564,113.479,109.818,112.793,115707
2011-08-30,113.25,119.199,112.106,117.14,206370
2011-08-31,121.029,121.029,107.759,109.132,845843
2011-09-01,109.132,109.132,103.87,104.328,649143
2011-09-02,102.955,103.412,99.9805,102.497,201498
2011-09-06,101.811,102.268,95.176,101.811,466040
2011-09-07,102.268,110.734,102.268,108.446,544237
2011-09-08,106.844,109.818,106.615,107.531,202467
2011-09-09,106.387,106.615,99.7517,100.438,606009
2011-09-12,97.4638,98.1502,94.7184,96.7775,502958
2011-09-13,97.2351,99.2942,96.5487,97.4639,250204
2011-09-14,97.0063,98.1502,91.7442,96.0911,505751
2011-09-15,98.379,102.726,97.4639,99.523,290206
2011-09-16,100.438,101.811,96.7775,98.1502,419951
2011-09-19,97.2351,97.4638,93.8032,97.0063,153918
2011-09-20,97.2351,97.6927,95.6336,96.3199,152029
2011-09-21,96.3199,96.5487,91.0578,91.0578,454507
2011-09-22,87.1684,91.9729,85.5669,91.2866,490911
2011-09-23,91.2866,92.8881,88.7699,92.2017,248326
2011-09-26,92.4305,92.8881,89.2275,92.2017,190906
2011-09-27,94.9472,96.7775,94.4896,94.7184,328446
2011-09-28,95.176,95.176,87.3972,88.5411,263206
2011-09-29,90.3714,90.829,84.4229,86.2532,229557
2011-09-30,85.7956,85.7956,83.0502,83.9653,286311
2011-10-03,82.3638,85.1093,80.9911,84.1941,201031
2011-10-04,82.3638,83.0502,78.2456,82.8214,279438
2011-10-05,83.7366,89.6851,83.0502,87.8548,338665
2011-10-06,88.9987,92.6593,88.9987,91.5154,590792
2011-10-07,92.8881,93.3457,89.685,90.6002,305347
2011-10-11,93.3457,93.8032,91.7442,92.2017,335213
2011-10-12,93.7073,93.7073,91.6351,92.3258,468021
2011-10-13,91.6351,92.5561,88.8723,92.5561,416886
2011-10-14,93.7073,94.398,92.7863,93.2468,369825
2011-10-17,93.0166,93.7073,91.1747,92.0956,235348
2011-10-18,91.8653,91.8653,90.4839,91.4049,321426
2011-10-19,90.9444,91.1747,89.3327,89.3327,203326
2011-10-20,89.563,92.3258,89.1025,91.6351,393967
2011-10-21,92.7863,93.477,91.8654,91.8654,286975
2011-10-24,93.2468,94.1678,92.5561,93.477,239789
2011-10-25,93.2468,94.8585,92.0956,92.0956,230358
2011-10-26,93.2468,95.3189,92.5561,93.477,287050
2011-10-27,96.9306,97.6213,93.9375,93.9375,491019
2011-10-28,94.1678,101.996,94.1678,101.535,502872
2011-10-31,101.305,101.305,94.1677,94.8585,470093
2011-11-01,92.0956,96.4702,90.9444,95.5492,318309
2011-11-02,96.9306,97.8516,93.7073,93.9375,387426
2011-11-03,95.0887,96.4701,93.0166,96.4701,228543
2011-11-04,96.0096,96.2399,93.477,95.0887,144589
2011-11-07,95.5492,97.8516,95.0887,97.8516,190880
2011-11-08,98.3121,101.075,98.3121,99.233,215128
2011-11-09,97.3911,97.6213,95.5492,96.4701,320424
2011-11-10,96.9306,97.6213,94.8585,96.4701,162384
2011-11-11,96.7004,98.312,96.4701,97.6213,81030
2011-11-14,98.7725,101.305,98.0818,100.845,293499
2011-11-15,99.9237,101.075,98.5423,99.233,255445
2011-11-16,99.233,101.075,97.8516,97.8516,173789
2011-11-17,98.312,98.7725,95.3189,96.2399,154438
2011-11-18,95.5492,96.4701,93.7073,94.6282,202898
2011-11-21,92.7863,93.2468,90.2537,91.6351,148704
2011-11-22,90.9444,91.1746,87.2606,90.4839,265383
2011-11-23,89.3327,89.3327,86.8001,87.0303,167524
2011-11-24,86.8001,88.4118,86.8001,87.0303,43314
2011-11-25,87.2606,88.1815,85.1884,86.8001,93410
2011-11-28,88.8723,90.0235,86.5699,87.7211,471991
2011-11-29,88.1815,89.7932,84.728,84.9582,312273
2011-11-30,86.3396,87.0303,84.4977,87.0303,292671
2011-12-01,89.563,93.2468,86.5699,91.6351,328389
2011-12-02,94.1678,96.4701,93.0166,93.2468,626511
2011-12-05,94.8585,95.3189,90.0234,91.1746,351489
2011-12-06,92.0956,92.7863,87.0303,87.0303,474445
2011-12-07,87.7211,87.7211,84.2675,85.8792,476946
2011-12-08,85.8791,86.1094,82.6558,82.6558,229271
2011-12-09,84.0372,86.1094,83.3465,84.4977,238661
2011-12-12,84.0372,84.0372,82.4256,83.5768,148699
2011-12-13,83.807,85.6489,81.7348,82.4256,322169
2011-12-14,82.6558,82.6558,80.3534,80.5836,278648
2011-12-15,81.2744,81.2744,75.9789,80.3534,501933
2011-12-16,81.2744,84.4977,81.0441,81.7349,466074
2011-12-19,82.4255,82.886,79.6627,81.2744,170842
2011-12-20,82.886,86.3396,82.886,83.807,324727
2011-12-21,83.807,84.0372,81.7348,84.0372,208422
2011-12-22,84.4977,85.6489,83.3465,85.6489,136117
2011-12-23,86.5699,90.9444,86.5699,88.8723,231491
2011-12-28,90.0234,90.7142,87.9513,89.7932,174624
2011-12-29,90.4839,91.6351,88.642,91.1746,124378
2011-12-30,91.1746,93.477,90.9444,93.477,98968
2012-01-03,94.8585,96.0097,94.398,96.0097,153160
2012-01-04,95.5492,96.7004,93.7073,96.4701,157613
2012-01-05,95.3189,96.4701,93.9375,95.7794,203685
2012-01-06,95.5492,97.1608,94.1677,95.7794,332920
2012-01-09,96.2399,96.7004,94.8585,94.8585,106147
2012-01-10,95.7794,96.0097,94.8585,95.7794,150886
2012-01-11,95.6726,97.9892,95.6726,97.9892,235651
2012-01-12,98.6841,105.865,98.4525,104.244,585013
2012-01-13,102.854,105.17,99.6107,102.159,663010
2012-01-16,101.232,101.927,99.8424,101.001,99874
2012-01-17,102.159,103.086,98.9158,99.3791,132430
2012-01-18,99.3791,104.244,99.1474,104.244,242380
2012-01-19,104.244,106.097,103.086,104.244,531167
2012-01-20,105.865,105.865,101.927,104.012,233188
2012-01-23,104.707,108.414,103.086,107.487,391361
2012-01-24,106.329,110.962,106.097,110.498,433146
2012-01-25,110.035,113.047,108.414,111.425,313633
2012-01-26,112.815,113.047,106.56,107.024,335025
2012-01-27,106.792,107.487,103.317,103.78,354543
2012-01-30,102.391,104.012,101.696,104.012,239182
2012-01-31,106.329,108.182,105.634,107.487,293343
2012-02-01,109.34,110.73,108.877,109.34,279088
2012-02-02,110.035,111.888,107.024,109.34,268255
2012-02-03,110.035,110.962,109.34,109.803,254928
2012-02-06,109.803,110.035,107.719,107.95,114503
2012-02-07,108.182,112.352,107.024,110.035,354508
2012-02-08,110.73,111.888,109.34,111.657,205621
2012-02-09,112.12,112.352,109.803,110.962,150488
2012-02-10,109.34,113.047,109.109,110.962,397800
2012-02-13,111.888,113.047,111.657,112.352,203693
2012-02-14,113.047,113.047,107.95,109.109,321769
2012-02-15,110.035,110.267,107.024,107.719,280405
2012-02-16,107.487,107.487,104.939,105.17,480253
2012-02-17,106.329,106.792,105.634,106.097,216794
2012-02-21,107.255,108.877,106.097,108.182,175817
2012-02-22,108.877,109.572,107.95,109.572,379497
2012-02-23,108.877,113.047,108.877,112.815,327773
2012-02-24,113.047,114.205,110.962,111.425,313835
2012-02-27,110.498,112.583,110.035,111.888,163384
2012-02-28,111.888,112.583,110.498,111.888,444446
2012-02-29,112.815,112.815,110.035,110.035,277741
2012-03-01,108.414,108.414,98.2208,99.6107,1059576
2012-03-02,98.4525,100.537,96.3676,100.537,380533
2012-03-05,99.3791,99.8424,96.5993,97.9892,284815
2012-03-06,96.136,96.136,92.8928,93.8194,463604
2012-03-07,95.441,95.9043,92.8928,94.5144,319630
2012-03-08,95.6726,96.3676,94.0511,95.2093,175302
2012-03-09,95.6726,96.5992,94.746,95.6726,164460
2012-03-12,96.136,96.3676,94.2827,94.5144,259288
2012-03-13,94.5144,94.9777,92.1979,93.5878,876454
2012-03-14,94.1797,94.4128,90.916,91.1491,191449
2012-03-15,91.1491,93.2472,89.9835,93.0141,470681
2012-03-16,93.7134,97.4433,93.7134,94.4128,718888
2012-03-19,95.1122,96.5109,94.6459,94.6459,111189
2012-03-20,94.4128,94.4128,93.0141,94.4128,395968
2012-03-21,95.1121,98.6089,94.879,97.4433,358669
2012-03-22,96.744,98.3758,96.5109,96.9771,171792
2012-03-23,97.6764,100.241,97.4433,99.0751,193651
2012-03-26,99.7745,101.406,99.3083,101.173,241465
2012-03-27,102.106,102.106,97.2102,98.6089,181847
2012-03-28,99.0751,99.3083,96.0446,97.4433,252382
2012-03-29,96.5109,97.6764,95.3453,97.2102,188588
2012-03-30,97.9096,98.3758,96.0446,96.5108,203430
2012-04-02,96.2777,98.1427,96.2777,97.6764,123812
2012-04-03,98.3758,98.3758,96.9771,97.6764,97398
2012-04-04,96.744,96.9771,93.9466,93.9466,262123
2012-04-05,94.1797,95.5784,93.7134,94.1797,109380
2012-04-09,93.9466,94.6459,93.2472,93.9466,93568
2012-04-10,93.4803,94.4128,91.8485,92.0816,214531
2012-04-11,92.781,93.4803,91.6154,91.6154,197520
2012-04-12,91.8485,93.9466,91.3823,93.9466,376161
2012-04-13,93.4803,94.4128,92.0816,93.7134,220976
2012-04-16,93.9466,94.4128,92.5478,93.0141,168274
2012-04-17,93.7134,96.744,93.4803,96.0446,279076
2012-04-18,96.2777,96.2777,94.4128,95.5784,92898
2012-04-19,95.1121,96.2777,95.1121,96.2777,96547
2012-04-20,96.744,96.744,95.8115,96.0446,76549
2012-04-23,94.4128,94.879,93.2472,94.4128,117416
2012-04-24,94.879,95.3453,93.4803,93.9466,141380
2012-04-25,94.6459,94.879,93.7134,94.1797,105075
2012-04-26,94.4128,97.2102,93.9466,96.744,210734
2012-04-27,96.744,96.9771,95.1121,95.1121,104491
2012-04-30,94.879,97.4433,94.4128,97.4433,377044
2012-05-01,98.6089,100.474,97.6765,97.9096,431234
2012-05-02,97.9096,98.1427,96.744,96.744,95731
2012-05-03,96.744,96.9771,95.1121,95.1121,100038
2012-05-04,94.6459,94.879,93.2472,93.7134,251176
2012-05-07,93.2472,93.9466,92.0816,93.4803,286111
2012-05-08,92.781,93.2472,89.9835,90.916,231176
2012-05-09,90.6829,90.6829,86.0205,86.0205,516896
2012-05-10,83.6894,93.0141,82.2907,92.3147,1161691
2012-05-11,91.1491,94.4128,87.4192,88.5848,523452
2012-05-14,89.0511,89.0511,86.4868,88.5848,297627
2012-05-15,89.2842,91.6154,87.6524,89.7504,225083
2012-05-16,89.9835,91.3822,87.1861,87.6524,158917
2012-05-17,88.3517,89.2842,86.7199,87.6524,195311
2012-05-18,88.3517,88.818,84.855,86.4868,164767
2012-05-22,88.1186,88.1186,86.4868,87.4193,122278
2012-05-23,86.2537,90.4498,86.0205,89.5173,163679
2012-05-24,89.9836,90.6829,87.1861,87.1861,205042
2012-05-25,87.4192,89.0511,86.4868,88.5848,152905
2012-05-28,88.5849,90.2167,88.5849,89.7504,96455
2012-05-29,89.9836,92.5479,89.2842,92.0816,198402
2012-05-30,90.916,92.0816,89.9835,89.9835,123567
2012-05-31,90.6829,90.916,88.1186,88.1186,300722
2012-06-01,88.1186,89.0511,85.3212,85.5543,235008
2012-06-04,85.0881,87.6524,83.9225,85.7874,316074
2012-06-05,86.7199,87.8855,86.0206,87.1861,307631
2012-06-06,88.3517,89.5173,87.6524,88.3517,240383
2012-06-07,89.7504,89.9835,88.5848,88.5848,165500
2012-06-08,88.5849,88.818,87.1861,87.1861,97830
2012-06-11,87.8855,88.3517,84.855,85.0881,221691
2012-06-12,93.2472,93.7134,88.5848,90.2167,847963
2012-06-13,90.3432,91.9858,89.8738,91.0471,197193
2012-06-14,91.0471,91.2818,88.7006,89.4045,205138
2012-06-15,89.6392,92.6897,89.4045,91.7511,585905
2012-06-18,92.2204,95.0363,91.7511,95.0363,497563
2012-06-19,95.0363,95.9749,93.863,95.0363,277297
2012-06-20,95.271,95.271,92.2204,94.567,249690
2012-06-21,94.567,94.567,89.4045,90.1085,211867
2012-06-22,90.3432,91.0471,89.8738,90.5778,78002
2012-06-25,90.8125,91.0471,89.1699,89.4045,90068
2012-06-26,90.5778,90.5778,88.7006,89.8738,447879
2012-06-27,90.1085,94.0977,89.6392,93.6284,510402
2012-06-28,92.4551,93.6284,91.5164,93.3937,143955
2012-06-29,95.0363,95.5056,93.863,94.3323,187730
2012-07-03,95.5056,97.8522,95.271,95.7403,309735
2012-07-04,96.2096,97.6175,95.5056,96.6789,53864
2012-07-05,97.1482,99.7295,97.1482,98.5562,190935
2012-07-06,98.0869,98.3215,93.6284,94.8017,605633
2012-07-09,96.9136,97.1482,94.3323,94.567,142013
2012-07-10,95.9749,96.4443,94.3323,94.8017,126779
2012-07-11,95.271,95.271,91.7511,94.0977,274440
2012-07-12,93.3937,93.3937,90.5778,90.5778,279664
2012-07-13,91.0471,92.9244,90.5778,91.7511,213401
2012-07-16,91.7511,91.9858,90.8125,91.2818,234066
2012-07-17,91.7511,92.6897,90.8125,92.2204,109198
2012-07-18,91.9858,92.6897,90.3432,90.5778,120003
2012-07-19,91.0471,91.5164,90.5778,91.5164,211962
2012-07-20,91.5164,91.5164,90.5778,91.2818,53212
2012-07-23,90.3432,90.5778,89.1699,89.8738,490258
2012-07-24,89.8738,90.1085,88.9352,89.1699,37660
2012-07-25,89.1699,89.4045,86.5886,87.058,134928
2012-07-26,87.7619,87.9966,85.1807,85.65,161678
2012-07-27,85.8847,87.058,84.7114,84.946,585431
2012-07-30,85.4154,85.4154,84.4767,84.7114,423776
2012-07-31,84.7114,85.1807,84.4767,84.7114,95014
2012-08-01,85.8847,86.1193,84.4767,84.4767,146577
2012-08-02,84.7114,84.7114,82.1301,82.1301,171358
2012-08-03,83.3034,84.7114,82.8341,84.2421,91997
2012-08-07,86.1193,87.7619,85.4153,87.5273,153807
2012-08-08,86.8233,89.8738,86.354,88.2312,195308
2012-08-09,87.9966,87.9966,84.7114,86.1193,268926
2012-08-10,86.1193,86.354,84.0074,84.2421,339925
2012-08-13,84.4767,84.7114,83.5381,84.2421,97432
2012-08-14,84.4767,85.1807,84.2421,84.946,90868
2012-08-15,84.946,85.8847,84.946,85.1807,55785
2012-08-16,85.65,86.1193,85.1807,85.1807,81555
2012-08-17,84.946,85.65,84.946,85.65,17955
2012-08-20,85.8847,86.1193,84.7114,85.4154,39702
2012-08-21,85.8847,85.8847,85.1807,85.1807,37600
2012-08-22,85.1807,85.4154,84.4767,84.7114,50128
2012-08-23,84.4767,84.7114,83.7728,84.0074,77861
2012-08-24,83.5381,84.2421,82.8341,82.8341,78479
2012-08-27,82.8341,83.5381,82.3648,83.0688,94951
2012-08-28,82.5995,84.2421,82.5995,82.5995,61661
2012-08-29,83.3034,83.5381,82.5995,82.5995,105179
2012-08-30,82.8341,83.0688,82.3648,82.5995,51532
2012-08-31,82.8341,83.0688,82.1301,82.1301,75858
2012-09-04,82.5995,82.5995,80.4875,80.4875,111917
2012-09-05,80.9568,80.9568,79.0796,79.3142,313437
2012-09-06,79.7836,82.3648,79.7836,82.3648,230939
2012-09-07,82.8341,84.2421,82.5995,84.0074,166323
2012-09-10,83.7728,83.7728,81.6608,83.0688,112885
2012-09-11,82.8341,84.4767,82.8341,83.7728,194464
2012-09-12,85.0818,87.6816,84.8455,87.4452,164503
2012-09-13,86.9725,89.8086,86.7362,89.8086,204870
2012-09-14,90.5176,90.9903,88.8633,89.5723,268995
2012-09-17,88.6269,88.8633,87.2089,88.3906,163142
2012-09-18,88.3906,88.6269,86.9725,86.9725,86484
2012-09-19,87.4452,87.4452,84.8455,86.0272,218433
2012-09-20,86.0272,87.4452,85.5545,86.9725,116299
2012-09-21,86.9725,89.3359,86.9725,87.6816,421418
2012-09-24,87.4452,88.8633,86.9725,87.6816,79514
2012-09-25,87.6816,88.3906,86.0272,86.0272,158274
2012-09-26,85.5545,86.2635,84.3728,86.0272,180134
2012-09-27,86.4999,88.3906,86.2635,87.9179,117926
2012-09-28,87.2089,87.6816,86.0272,87.2089,129924
2012-10-01,87.6816,89.8086,87.6816,88.6269,155582
2012-10-02,89.3359,89.8086,88.6269,89.0996,106829
2012-10-03,89.3359,89.5723,88.8633,89.5723,52173
2012-10-04,89.5723,90.0449,88.8633,90.0449,79836
2012-10-05,90.0449,90.5176,89.5723,90.5176,94656
2012-10-09,89.3359,89.5723,87.9179,87.9179,77518
2012-10-10,87.6816,88.1542,86.7362,86.7362,73253
2012-10-11,87.9179,87.9179,86.9725,86.9725,151788
2012-10-12,86.9725,87.4452,86.7362,87.2089,382916
2012-10-15,87.4452,87.6816,86.7362,87.2089,93497
2012-10-16,87.6816,88.8633,87.2089,88.1542,112095
2012-10-17,88.1542,89.5723,87.9179,89.5723,223111
2012-10-18,89.5723,90.0449,88.3906,89.8086,161801
2012-10-19,89.8086,89.8086,88.6269,88.8633,128426
2012-10-22,88.8633,89.3359,88.3906,88.8633,43313
2012-10-23,87.9179,88.1542,86.7362,88.1542,130021
2012-10-24,88.1542,88.8633,87.9179,87.9179,115304
2012-10-25,88.8633,89.0996,87.6816,88.1542,115861
2012-10-26,87.4452,88.8633,87.4452,88.1542,139457
2012-10-29,87.9179,88.6269,87.9179,88.3906,165621
2012-10-30,88.6269,89.8086,88.6269,89.3359,335565
2012-10-31,89.3359,90.754,89.3359,89.8086,149327
2012-11-01,89.0996,89.8086,88.1542,88.8633,227275
2012-11-02,88.3906,88.6269,86.2635,86.9725,222646
2012-11-05,86.7362,86.7362,83.4275,83.6638,486619
2012-11-06,85.0818,85.7909,84.3728,85.3182,189047
2012-11-07,82.9548,83.1911,80.8277,81.5368,561564
2012-11-08,82.0094,82.0094,79.4097,79.6461,403924
2012-11-09,79.6461,81.0641,79.1734,81.0641,289169
2012-11-12,81.0641,81.5368,79.1734,79.6461,158002
2012-11-13,79.4097,79.6461,77.9917,77.9917,208917
2012-11-14,78.228,78.4644,75.1556,75.392,460705
2012-11-15,74.683,74.9193,70.1925,70.6652,1744269
2012-11-16,70.6652,73.7376,70.6652,73.7376,551293
2012-11-19,75.6283,75.8646,73.7376,73.9739,277266
2012-11-20,74.2103,74.2103,72.0832,72.7922,203353
2012-11-21,72.5559,72.5559,71.8469,71.8469,116780
2012-11-22,71.6105,72.5559,71.6105,72.5559,153064
2012-11-23,72.5559,73.2649,72.3196,72.7922,140462
2012-11-26,73.0286,73.7376,72.5559,73.7376,131577
2012-11-27,79.4097,80.8277,78.228,79.6461,417373
2012-11-28,80.3551,80.3551,78.4644,79.4097,120199
2012-11-29,79.646,80.5914,79.1734,80.3551,136510
2012-11-30,80.3551,82.9548,80.3551,82.9548,222867
2012-12-03,83.6638,84.6092,79.4097,80.1187,444887
2012-12-04,79.4097,79.8824,78.4644,78.7007,132663
2012-12-05,78.4644,78.7007,76.3373,77.519,232989
2012-12-06,80.5914,80.8278,78.7007,78.7007,273084
2012-12-07,79.4097,79.646,78.228,78.937,282185
2012-12-10,79.4097,80.0006,78.7007,79.4097,151276
2012-12-11,79.1734,81.7731,78.7007,80.8277,257045
2012-12-12,81.4323,82.6229,80.2418,80.718,190566
2012-12-13,80.0037,81.6704,80.0037,80.9561,296196
2012-12-14,81.4323,81.9085,80.718,81.9085,312856
2012-12-17,82.1466,83.5753,81.4323,82.861,219989
2012-12-18,83.3372,84.5277,82.1466,84.5277,153362
2012-12-19,85.242,86.1945,83.3372,85.0039,331379
2012-12-20,85.7182,87.8612,85.4801,87.6231,253744
2012-12-21,87.8612,89.0517,87.1469,88.5755,322279
2012-12-24,88.0993,89.766,87.6231,89.2898,121546
2012-12-27,89.5279,91.4328,88.8136,89.5279,185863
2012-12-28,89.5279,89.5279,88.3374,88.8136,48829
2012-12-31,88.0993,90.4804,88.0993,89.5279,125445
2013-01-02,90.7185,92.1471,90.7185,91.6709,306944
2013-01-03,92.1471,92.8614,90.9566,91.4328,302315
2013-01-04,91.1947,92.3852,91.1947,92.1471,181630
2013-01-07,92.1471,92.8614,90.7185,92.6233,528453
2013-01-08,92.3852,93.0995,91.4328,91.909,170847
2013-01-09,92.6233,94.0519,92.1471,92.8614,403395
2013-01-10,93.5757,95.7187,92.6233,95.0044,641966
2013-01-11,95.2425,96.1949,94.5282,95.0044,376166
2013-01-14,95.4806,98.3379,95.0044,97.6236,399428
2013-01-15,97.3854,97.6235,95.7187,95.7187,490414
2013-01-16,95.0044,96.433,94.5282,96.1949,294682
2013-01-17,96.1949,98.3379,95.4806,97.1473,236290
2013-01-18,97.6235,98.8141,97.1473,98.0997,232329
2013-01-21,98.8141,100.005,98.8141,100.005,89429
2013-01-22,99.5284,100.005,99.1712,99.2903,93172
2013-01-23,99.0522,99.7665,98.3379,98.3379,218393
2013-01-24,98.0998,98.3379,96.1949,97.3854,259694
2013-01-25,96.9092,97.3854,95.0044,95.0044,302665
2013-01-28,95.2425,97.6235,94.5282,97.1473,401323
2013-01-29,97.1473,97.3854,95.9568,96.9092,420180
2013-01-30,97.1473,97.1473,95.0044,95.4806,198969
2013-01-31,95.4806,95.4806,93.0995,93.0995,164240
2013-02-01,93.8138,95.7187,93.8138,95.0044,142785
2013-02-04,95.0044,95.2425,93.3376,94.0519,149422
2013-02-05,94.7663,96.6711,94.7663,96.433,163941
2013-02-06,96.1949,97.6235,95.9568,97.1473,142409
2013-02-07,97.1473,98.576,96.6711,98.3379,195810
2013-02-08,97.8616,98.8141,97.1473,97.3854,172378
2013-02-11,97.3854,98.3379,96.433,97.3854,171272
2013-02-12,97.3854,98.3379,97.1473,97.3854,118219
2013-02-13,97.1473,98.0998,96.9092,96.9092,129411
2013-02-14,96.9092,96.9092,96.1949,96.1949,109586
2013-02-15,95.9568,97.6235,95.7187,96.9092,231164
2013-02-19,97.6235,98.3379,97.3854,97.8616,121724
2013-02-20,97.6235,102.148,97.6235,101.909,565829
2013-02-21,95.4806,95.9568,90.7185,92.6233,1545941
2013-02-22,93.0995,96.1949,93.0995,96.1949,297144
2013-02-25,96.433,96.6711,94.7663,94.7663,183116
2013-02-26,95.2425,95.4806,94.2901,95.4806,218618
2013-02-27,94.2901,97.8616,94.2901,97.8616,281141
2013-02-28,97.3854,98.8141,97.3854,98.8141,161966
2013-03-01,98.3379,98.576,97.1473,97.8616,248208
2013-03-04,97.3854,97.8617,96.1949,96.6711,119142
2013-03-05,97.3854,97.3854,94.5282,94.7663,376578
2013-03-06,95.2425,96.6711,93.8138,96.6711,591641
2013-03-07,97.1473,97.3854,95.4806,95.9568,224463
2013-03-08,97.1473,99.0522,96.6711,98.8141,756422
2013-03-11,98.0998,98.576,97.3854,97.6236,99970
2013-03-12,97.3854,100.005,96.9092,99.5284,225888
2013-03-13,99.8971,102.532,99.8971,101.574,278329
2013-03-14,102.293,104.209,101.095,103.011,313445
2013-03-15,103.011,103.73,101.814,102.532,235180
2013-03-18,100.616,101.574,99.8971,100.137,225965
2013-03-19,99.8971,101.574,99.8971,100.376,275056
2013-03-20,100.137,102.293,100.137,101.814,187944
2013-03-21,100.855,101.574,100.137,100.137,156607
2013-03-22,100.855,101.095,97.2619,97.2619,263927
2013-03-25,98.2202,98.2202,93.1894,94.6267,619869
2013-03-26,95.3454,95.585,93.1894,94.8663,206474
2013-03-27,94.6267,97.0224,94.1476,97.0224,259600
2013-03-28,96.5432,96.7828,95.8246,96.5432,110487
2013-04-01,96.5432,97.0223,95.1059,95.585,138340
2013-04-02,96.3037,96.3037,95.1059,95.1059,190548
2013-04-03,95.585,95.585,93.6685,94.3872,137295
2013-04-04,94.6267,94.8663,93.6685,94.1476,230675
2013-04-05,93.4289,94.3872,92.4707,94.1476,153213
2013-04-08,94.6267,96.3037,94.6267,95.8245,111138
2013-04-09,96.7828,98.2202,95.8246,97.741,236043
2013-04-10,98.2202,99.1784,97.741,97.9806,230595
2013-04-11,97.741,98.1004,95.8246,96.5432,218728
2013-04-12,96.5432,96.5432,94.8663,96.3037,159509
2013-04-15,95.8245,96.0641,93.6685,93.6685,155190
2013-04-16,94.1476,95.1059,94.1476,94.6267,81980
2013-04-17,94.1476,94.507,91.0333,92.9498,235168
2013-04-18,93.9081,94.3872,92.7102,93.6685,86300
2013-04-19,93.4289,93.9081,92.5905,93.1894,86369
2013-04-22,93.6685,93.9081,91.752,92.7103,104083
2013-04-23,93.1894,93.6685,92.5905,93.1894,63425
2013-04-24,93.6685,94.6267,93.4289,93.908,103370
2013-04-25,94.1476,95.3454,93.908,94.8663,132766
2013-04-26,95.3454,95.3454,93.6685,94.3872,65362
2013-04-29,94.6267,95.585,94.1476,95.3454,61607
2013-04-30,95.1059,95.8245,94.1476,95.8245,228850
2013-05-01,95.3454,95.8245,94.8663,95.8245,157729
2013-05-02,96.0641,97.5015,96.0641,96.7828,261327
2013-05-03,96.5432,97.9806,96.5432,97.741,128387
2013-05-06,98.4597,100.616,98.4597,100.376,350091
2013-05-07,100.137,102.053,99.6575,101.814,712541
2013-05-08,101.095,102.532,100.855,101.334,420334
2013-05-09,102.532,108.881,102.532,107.084,1030525
2013-05-10,107.084,113.792,106.844,112.833,560507
2013-05-13,112.115,114.989,110.198,110.917,569071
2013-05-14,111.396,112.115,108.521,109,508066
2013-05-15,107.803,110.198,107.803,109,151567
2013-05-16,108.282,111.636,107.563,111.636,384190
2013-05-17,111.875,113.552,111.636,112.354,172911
2013-05-21,111.875,113.792,108.761,109.24,250932
2013-05-22,109.24,111.156,109.24,110.677,117089
2013-05-23,108.761,111.875,108.042,111.636,129816
2013-05-24,111.396,111.875,110.198,111.636,112230
2013-05-27,110.917,111.636,110.677,110.917,49863
2013-05-28,112.115,113.792,111.875,113.552,257708
2013-05-29,112.833,116.427,112.594,116.187,317243
2013-05-30,116.187,116.906,114.271,114.51,152266
2013-05-31,114.271,114.271,112.115,112.594,182813
2013-06-03,113.313,115.229,112.833,113.792,167687
2013-06-04,113.792,116.906,113.792,116.906,222434
2013-06-05,117.625,119.781,115.708,116.427,711827
2013-06-06,117.864,118.583,116.906,117.864,247228
2013-06-07,117.864,118.104,117.146,117.864,151643
2013-06-10,118.343,118.583,114.271,114.75,197258
2013-06-11,114.271,115.469,112.594,114.271,275407
2013-06-12,114.641,115.364,111.51,112.474,241113
2013-06-13,113.437,115.123,112.474,115.123,349535
2013-06-14,115.605,115.605,112.233,112.715,412383
2013-06-17,113.437,114.401,112.474,113.196,341878
2013-06-18,114.401,114.641,109.102,109.825,754285
2013-06-19,110.065,113.919,109.825,111.51,364204
2013-06-20,110.547,110.788,108.62,109.102,246595
2013-06-21,109.102,110.908,106.453,106.453,553756
2013-06-24,105.73,107.898,105.008,107.416,257316
2013-06-25,107.898,112.474,107.657,112.474,282424
2013-06-26,111.029,111.029,107.416,110.065,341819
2013-06-27,110.306,113.196,110.306,112.233,123180
2013-06-28,112.474,114.16,111.51,112.715,153337
2013-07-02,113.919,114.16,111.751,113.196,118562
2013-07-03,111.992,113.919,111.751,113.196,127072
2013-07-04,113.437,113.798,113.196,113.678,32964
2013-07-05,113.196,113.437,111.992,111.992,66525
2013-07-08,112.715,114.16,111.992,114.16,283362
2013-07-09,114.16,116.327,113.678,116.327,250352
2013-07-10,116.087,116.327,114.641,116.327,79558
2013-07-11,116.568,118.736,116.087,118.254,168161
2013-07-12,118.495,119.94,117.291,118.254,153460
2013-07-15,118.495,119.94,118.254,119.458,115653
2013-07-16,119.458,119.458,116.809,118.254,165215
2013-07-17,118.495,119.94,118.013,119.94,168665
2013-07-18,119.94,122.108,119.699,121.385,207727
2013-07-19,121.385,122.83,120.422,120.422,145038
2013-07-22,120.903,122.83,120.422,122.108,78663
2013-07-23,121.626,122.83,120.903,122.108,261975
2013-07-24,121.626,121.867,118.495,120.663,462123
2013-07-25,120.181,122.108,117.05,117.532,473082
2013-07-26,116.327,118.254,115.123,118.013,265719
2013-07-29,117.772,122.83,117.772,121.867,292216
2013-07-30,122.108,124.757,121.867,123.553,227786
2013-07-31,123.553,124.516,119.217,119.458,491426
2013-08-01,121.626,122.348,118.013,119.217,267701
2013-08-02,118.736,119.217,116.809,117.532,242208
2013-08-06,117.772,118.013,116.327,118.013,262550
2013-08-07,118.013,118.013,115.605,115.605,597949
2013-08-08,116.809,118.977,114.882,118.736,204351
2013-08-09,118.736,118.736,116.087,116.568,130514
2013-08-12,116.327,118.495,115.605,117.532,137903
2013-08-13,117.05,118.013,116.809,117.05,122834
2013-08-14,116.809,117.532,116.087,116.327,111373
2013-08-15,115.605,116.568,115.364,116.087,72779
2013-08-16,116.087,117.772,115.846,117.291,116189
2013-08-19,116.568,116.809,115.123,115.364,89719
2013-08-20,114.401,114.641,112.474,112.956,145492
2013-08-21,113.196,114.401,109.584,110.065,297748
2013-08-22,110.306,113.437,109.825,113.196,141357
2013-08-23,113.196,113.678,112.474,113.437,44503
2013-08-26,113.919,114.641,111.51,112.233,131599
2013-08-27,111.27,111.27,109.584,110.065,100362
2013-08-28,111.029,113.437,110.306,112.956,147057
2013-08-29,112.474,114.401,112.233,113.919,159652
2013-08-30,114.16,116.809,113.919,115.364,184753
2013-09-03,116.327,117.05,113.678,114.401,201893
2013-09-04,114.641,114.641,112.715,113.678,78611
2013-09-05,114.16,119.94,114.16,119.94,486558
2013-09-06,119.94,120.181,118.254,118.977,265299
2013-09-09,119.94,121.144,118.977,120.663,209396
2013-09-10,121.626,121.626,119.699,119.94,118361
2013-09-11,120.313,122.733,120.07,122.491,157298
2013-09-12,122.491,122.733,120.313,120.313,117166
2013-09-13,120.797,121.523,120.555,120.797,101249
2013-09-16,122.975,123.702,118.618,120.07,478669
2013-09-17,120.797,121.039,119.102,120.07,204038
2013-09-18,119.828,119.828,115.713,116.197,276634
2013-09-19,116.681,117.166,115.229,116.197,135510
2013-09-20,117.892,119.102,115.229,115.471,377465
2013-09-23,115.471,118.134,115.229,116.439,383861
2013-09-24,116.923,118.618,116.681,117.892,204263
2013-09-25,118.376,118.618,116.197,116.439,144866
2013-09-26,116.681,117.408,115.713,116.923,122278
2013-09-27,116.681,118.255,116.681,117.65,88343
2013-09-30,116.681,117.408,115.955,115.955,110868
2013-10-01,115.955,116.923,115.713,116.923,124829
2013-10-02,115.955,116.439,115.713,115.713,135178
2013-10-03,116.439,116.439,114.261,114.745,100091
2013-10-04,114.503,115.471,114.503,114.987,52956
2013-10-07,114.019,115.592,113.534,114.503,102053
2013-10-08,114.745,116.197,114.503,115.713,150867
2013-10-09,115.471,117.892,115.471,117.408,226928
2013-10-10,118.134,119.828,117.892,119.102,206167
2013-10-11,119.586,121.039,119.344,120.313,174312
2013-10-15,120.07,121.039,119.828,119.828,120475
2013-10-16,120.071,121.523,119.586,120.555,180049
2013-10-17,120.555,120.918,120.07,120.797,84080
2013-10-18,121.523,124.912,121.281,122.975,459805
2013-10-21,124.186,129.512,123.46,128.301,620597
2013-10-22,129.996,131.448,128.301,129.027,251912
2013-10-23,129.027,130.238,127.091,128.785,131125
2013-10-24,129.269,130.48,129.027,129.512,86908
2013-10-25,129.754,130.238,129.269,129.996,128545
2013-10-28,129.754,129.996,127.091,127.333,266167
2013-10-29,126.607,129.027,126.607,128.785,201495
2013-10-30,128.785,129.754,127.091,127.817,143920
2013-10-31,119.828,120.797,114.261,114.745,1101490
2013-11-01,114.987,115.713,109.903,110.872,730258
2013-11-04,111.356,111.84,109.419,109.903,273937
2013-11-05,110.145,110.387,107.725,109.661,379586
2013-11-06,110.872,113.292,110.145,112.808,228037
2013-11-07,114.745,114.987,111.356,111.84,214276
2013-11-08,111.84,113.776,111.84,113.292,106679
2013-11-11,113.776,113.776,112.082,112.082,71050
2013-11-12,112.324,112.324,108.935,109.419,261368
2013-11-13,108.935,111.84,108.451,110.629,268129
2013-11-14,111.114,111.114,109.419,109.903,196721
2013-11-15,109.661,112.566,108.935,112.324,221306
2013-11-18,113.776,114.745,112.566,112.566,187901
2013-11-19,113.05,114.987,112.566,113.292,195085
2013-11-20,113.534,114.503,111.84,112.808,128764
2013-11-21,113.05,114.261,112.808,113.292,192547
2013-11-22,113.292,115.471,113.292,114.261,187996
2013-11-25,115.229,115.35,113.292,113.776,157569
2013-11-26,113.534,114.745,113.292,114.745,145686
2013-11-27,114.503,116.197,114.019,114.987,157196
2013-11-28,115.471,116.197,115.229,115.955,60644
2013-11-29,115.713,116.681,115.471,115.713,109282
2013-12-02,115.713,116.197,113.534,115.955,269688
2013-12-03,115.229,115.713,112.566,112.566,172332
2013-12-04,112.324,113.292,111.598,112.082,179835
2013-12-05,112.082,112.808,111.356,111.356,138918
2013-12-06,113.05,114.745,112.566,113.534,171962
2013-12-09,113.776,114.745,112.566,112.808,126745
2013-12-10,112.324,113.05,110.629,112.082,202059
2013-12-11,112.934,113.177,109.526,109.526,157445
2013-12-12,109.526,110.5,105.145,109.04,603945
2013-12-13,108.796,110.5,108.309,109.283,133251
2013-12-16,109.283,111.96,109.283,111.717,134993
2013-12-17,111.473,111.717,110.013,110.257,115890
2013-12-18,109.77,111.717,109.77,111.473,115274
2013-12-19,110.987,112.934,110.987,112.69,117527
2013-12-20,110.987,113.177,110.987,112.447,257357
2013-12-23,112.69,113.177,111.23,111.717,61262
2013-12-24,111.717,112.69,111.23,112.447,39044
2013-12-27,112.934,114.394,112.447,114.394,106910
2013-12-30,114.394,114.881,112.934,112.934,80657
2013-12-31,113.664,114.151,111.23,112.204,118237
2014-01-02,113.421,113.907,111.96,112.934,102638
2014-01-03,112.447,113.177,111.96,112.69,54353
2014-01-06,112.934,112.934,111.23,111.717,91251
2014-01-07,111.96,112.204,111.23,111.23,129687
2014-01-08,110.987,111.23,109.77,109.77,134621
2014-01-09,109.526,109.77,106.849,106.849,347251
2014-01-10,106.849,110.256,106.606,109.77,288020
2014-01-13,108.796,110.5,108.553,109.283,198186
2014-01-14,109.283,110.743,107.823,108.066,198303
2014-01-15,108.066,110.743,108.066,110.013,172422
2014-01-16,107.336,108.309,100.521,101.494,1427375
2014-01-17,101.008,103.563,97.6001,100.034,965232
2014-01-20,101.008,101.251,99.3039,100.034,541710
2014-01-21,99.7906,100.277,96.1398,96.1398,772554
2014-01-22,94.6794,96.1398,92.7323,95.1662,815737
2014-01-23,94.436,95.8964,94.1926,95.4096,245678
2014-01-24,95.4096,95.8964,93.2191,93.9492,195632
2014-01-27,94.436,94.9228,93.7059,94.9228,170802
2014-01-28,95.8964,98.5737,95.1662,97.6001,633861
2014-01-29,98.0869,98.3303,96.3832,96.3832,248642
2014-01-30,97.6001,98.0869,96.6266,97.8435,125860
2014-01-31,97.1133,97.8435,96.1398,97.8435,328786
2014-02-03,97.3567,97.6001,96.1398,96.3832,157800
2014-02-04,96.3832,98.5737,96.1398,98.5737,213565
2014-02-05,98.8171,100.764,98.5737,100.521,205968
2014-02-06,101.251,102.955,101.008,102.225,348781
2014-02-07,103.198,103.198,101.251,101.738,118035
2014-02-10,102.225,102.225,100.764,101.981,121342
2014-02-11,102.225,102.955,101.008,101.008,267686
2014-02-12,101.008,101.008,97.8435,98.3303,324423
2014-02-13,90.5418,90.5418,83.7268,89.5682,1970155
2014-02-14,90.5418,90.7852,87.6211,87.6211,542719
2014-02-18,88.5946,88.838,85.4305,85.6739,299994
2014-02-19,86.4041,87.3777,85.4305,86.4041,347544
2014-02-20,87.1343,87.1343,85.9173,86.4041,210323
2014-02-21,86.8909,86.8909,85.1871,85.4305,241829
2014-02-24,85.9173,88.3512,85.4305,86.8909,241910
2014-02-25,87.6211,88.3512,86.6475,87.1343,203845
2014-02-26,88.1078,88.3512,86.8909,86.8909,186058
2014-02-27,87.1343,87.8645,86.8909,87.1343,197087
2014-02-28,87.6211,88.1078,87.3777,87.8645,177726
2014-03-03,87.3777,88.1078,87.1343,87.1343,105118
2014-03-04,87.8644,87.8644,86.4041,86.8909,183314
2014-03-05,87.3777,87.3777,86.4041,86.4041,162368
2014-03-06,87.3777,87.6211,86.1607,87.3777,218993
2014-03-07,87.6211,87.8645,87.1343,87.6211,259626
2014-03-10,88.3512,92.2455,87.6211,91.7587,353835
2014-03-11,92.4889,93.4625,90.055,90.055,232321
2014-03-12,90.9223,92.6378,89.6969,92.6378,178394
2014-03-13,94.5984,96.0689,93.128,94.8435,405281
2014-03-14,95.5787,96.3139,93.6181,96.0689,221991
2014-03-17,98.0294,101.338,97.5393,100.725,419573
2014-03-18,101.46,102.441,100.725,102.441,273306
2014-03-19,102.686,102.686,99.745,100.235,252039
2014-03-20,99.99,102.196,99.745,101.706,229693
2014-03-21,102.931,103.421,102.441,102.441,524828
2014-03-24,101.951,102.686,100.235,101.951,186301
2014-03-25,101.706,102.196,98.5196,101.215,188990
2014-03-26,101.215,101.215,99.0097,99.0097,273731
2014-03-27,98.7647,100.97,98.7647,99.99,145265
2014-03-28,100.235,100.97,99.4999,99.4999,164495
2014-03-31,99.0097,100.97,98.7647,100.725,224493
2014-04-01,101.215,104.156,101.215,104.156,189688
2014-04-02,103.911,105.382,102.931,104.892,158098
2014-04-03,104.156,104.892,101.706,101.951,192461
2014-04-04,101.706,102.686,100.235,101.706,204338
2014-04-07,100.97,101.706,100.725,100.97,110631
2014-04-08,100.725,101.951,100.235,100.725,132087
2014-04-09,100.48,100.725,99.2548,99.2548,203398
2014-04-10,100.48,100.48,97.2942,98.0294,155507
2014-04-11,98.0294,99.0097,97.7844,98.0294,94283
2014-04-14,98.2745,101.215,98.2745,100.97,258458
2014-04-15,100.48,101.46,99.745,100.48,407462
2014-04-16,100.235,101.46,99.4999,99.745,293990
2014-04-17,100.48,100.725,98.2745,98.2745,657763
2014-04-21,98.5196,99.0097,98.0294,98.2745,394438
2014-04-22,98.5196,99.745,98.2745,98.7647,321719
2014-04-23,99.0097,99.4999,98.2745,98.2745,571706
2014-04-24,99.0097,99.4999,98.3971,98.7647,570693
2014-04-25,98.7647,100.725,98.7647,100.235,235551
2014-04-28,100.48,101.706,100.235,101.215,162846
2014-04-29,101.215,103.911,101.215,102.441,299789
2014-04-30,103.176,108.568,102.931,108.077,476555
2014-05-01,102.441,103.176,99.2548,101.706,945484
2014-05-02,101.46,102.441,100.97,102.196,502124
2014-05-05,100.48,101.215,99.745,100.48,409108
2014-05-06,100.725,100.97,99.99,100.725,233553
2014-05-07,100.48,102.686,100.48,102.441,217296
2014-05-08,101.951,102.441,100.725,100.725,101494
2014-05-09,100.48,101.215,100.48,100.97,135393
2014-05-12,100.725,101.951,100.725,101.706,111375
2014-05-13,101.46,102.318,100.97,101.951,132258
2014-05-14,102.196,103.421,101.706,102.931,124866
2014-05-15,100.48,100.97,94.1083,95.5787,1705610
2014-05-16,96.559,96.8041,95.0886,95.5787,272814
2014-05-20,96.3139,97.2942,95.0886,96.0689,156601
2014-05-21,96.8041,97.2942,89.942,95.0886,708674
2014-05-22,94.5984,94.5984,92.1477,93.8632,138860
2014-05-23,93.128,93.373,91.1674,91.9026,527053
2014-05-26,92.1477,93.128,91.9026,91.9026,68774
2014-05-27,92.1477,93.373,91.9026,92.8829,129976
2014-05-28,92.8829,93.373,92.3927,92.8829,101840
2014-05-29,93.373,93.373,92.1477,92.6378,147603
2014-05-30,92.1477,93.128,86.7561,90.4322,1022552
2014-06-02,89.4519,91.1674,88.4716,89.2068,558768
2014-06-03,89.4519,92.3928,89.2068,90.9223,143982
2014-06-04,90.9223,91.1674,89.6969,90.6772,106651
2014-06-05,91.1674,91.6575,89.942,91.4125,186627
2014-06-06,91.1674,94.1083,90.9223,93.6181,193242
2014-06-09,94.3533,94.5984,92.6378,92.8829,136719
2014-06-10,92.8829,94.5984,92.5153,94.3533,150971
2014-06-11,93.9929,95.2264,93.0061,94.4863,226230
2014-06-12,94.733,95.2264,93.7462,94.4863,95070
2014-06-13,94.733,97.9401,94.2396,96.9533,212202
2014-06-16,96.9533,97.9401,96.2132,96.2132,126097
2014-06-17,96.2132,96.2132,94.9797,94.9797,93473
2014-06-18,94.4863,95.2264,93.7462,94.4863,156544
2014-06-19,93.9929,94.9797,93.9929,94.2396,137154
2014-06-20,95.7198,95.9665,94.733,94.733,333272
2014-06-23,95.4731,95.4731,94.733,94.9797,80147
2014-06-24,94.9797,95.4731,93.7462,93.7462,151269
2014-06-25,93.2528,94.733,93.0061,93.9929,190942
2014-06-26,93.9929,94.2396,93.0061,93.4995,70988
2014-06-27,93.0061,93.4995,92.5127,92.7594,98452
2014-06-30,93.0061,93.2528,92.5127,93.0061,108117
2014-07-02,93.7462,94.2396,92.7594,93.7462,122291
2014-07-03,94.2396,95.7198,93.9929,94.2396,200680
2014-07-04,94.4863,95.4731,94.4863,94.9797,51320
2014-07-07,95.4731,95.4731,94.2396,94.9797,93523
2014-07-08,94.4863,94.9797,93.7462,93.9929,128071
2014-07-09,94.4863,94.4863,92.5127,93.0061,197345
2014-07-10,92.7594,93.9929,92.5127,92.7594,145523
2014-07-11,93.7462,93.7462,92.7594,93.0061,95842
2014-07-14,95.2264,95.9665,93.7462,94.4863,232798
2014-07-15,94.4863,95.2264,92.5127,93.4995,196755
2014-07-16,93.7462,94.2396,92.5127,92.5127,134029
2014-07-17,93.2528,93.2528,91.2792,91.7726,118634
2014-07-18,91.2792,93.7462,90.7858,93.2528,297246
2014-07-21,93.2528,93.7462,92.0193,93.2528,158763
2014-07-22,93.7462,93.7462,92.0193,92.7594,229090
2014-07-23,92.5127,93.0061,92.0193,92.266,94424
2014-07-24,92.266,93.0061,90.0457,91.2792,406825
2014-07-25,90.7858,91.2792,90.0457,90.0457,139093
2014-07-28,90.0457,90.5391,89.0589,89.0589,190371
2014-07-29,89.3056,90.0457,88.5655,88.8122,144715
2014-07-30,89.0589,90.5391,88.3188,90.5391,219804
2014-07-31,90.5391,92.7594,88.1955,92.0193,526521
2014-08-01,93.0061,94.1163,92.7594,93.7462,216062
2014-08-05,93.2528,93.7462,92.266,92.266,175058
2014-08-06,92.266,93.2528,92.0193,93.0061,80375
2014-08-07,93.0061,94.2396,92.5127,93.4995,145818
2014-08-08,93.0061,94.733,93.0061,94.2396,102776
2014-08-11,94.2396,95.7198,94.2396,94.733,141632
2014-08-12,94.4863,95.2264,94.4863,94.9797,104464
2014-08-13,95.2264,95.4731,94.2396,94.733,139527
2014-08-14,94.9797,95.4731,94.733,94.9797,50490
2014-08-15,94.9797,95.2264,93.9929,94.2396,244437
2014-08-18,94.2396,94.733,93.4995,93.9929,62825
2014-08-19,93.9929,94.4863,93.9929,93.9929,47771
2014-08-20,94.4863,94.4863,93.4995,93.4995,65015
2014-08-21,93.4995,94.4863,93.4995,93.9929,64849
2014-08-22,93.9929,94.2396,93.7462,93.9929,23431
2014-08-25,93.9929,94.4863,93.8696,93.9929,98177
2014-08-26,94.2396,94.4863,93.7462,93.9929,55674
2014-08-27,93.7462,93.9929,92.7594,92.7594,93833
2014-08-28,93.0061,93.4995,92.5127,93.2528,44401
2014-08-29,93.4995,93.7462,90.2924,90.2924,387514
2014-09-02,90.0457,90.5391,88.8122,90.0457,325108
2014-09-03,89.3056,91.0325,89.3056,89.799,91556
2014-09-04,89.0589,91.2792,89.0589,90.0457,107245
2014-09-05,90.5391,92.0193,89.5523,89.5523,257573
2014-09-08,90.2924,91.0325,90.0457,90.0457,78319
2014-09-09,90.5391,90.5391,89.5523,90.0457,130629
2014-09-10,90.6765,91.4218,90.6765,91.1734,88494
2014-09-11,91.4218,91.9186,90.6765,91.6702,83308
2014-09-12,91.9186,92.4155,91.4218,91.9186,72804
2014-09-15,91.6702,91.9186,91.4218,91.6702,60340
2014-09-16,90.9249,91.7944,90.9249,91.1734,68071
2014-09-17,90.9249,91.6702,89.6828,91.4218,168421
2014-09-18,91.9186,91.9186,89.4344,89.6828,193779
2014-09-19,89.4344,89.6828,86.9501,87.1985,450182
2014-09-22,87.4469,88.1922,86.2048,86.2048,138346
2014-09-23,86.2048,87.1985,84.9626,86.4532,114481
2014-09-24,87.4469,89.1859,86.4532,88.6891,155202
2014-09-25,88.4406,89.1859,86.9501,86.9501,118290
2014-09-26,89.1859,91.6702,88.6891,90.1796,485661
2014-09-29,91.1734,93.6576,90.4281,92.9124,339160
2014-09-30,93.4092,94.4029,92.9124,93.6576,328023
2014-10-01,93.1608,93.6576,91.9186,91.9186,112527
2014-10-02,91.4218,92.9124,90.6765,92.4155,122467
2014-10-03,92.4155,92.6639,91.1734,91.1734,169475
2014-10-06,90.9249,91.4218,89.1859,89.1859,150874
2014-10-07,88.9375,91.6702,88.9375,89.4344,237424
2014-10-08,89.6828,90.6765,87.1985,89.4344,253808
2014-10-09,89.4344,89.9312,87.9438,88.4406,121307
2014-10-10,87.6954,88.6891,86.9501,87.4469,132319
2014-10-14,86.9501,90.8007,85.9564,89.4344,385904
2014-10-15,88.9375,90.1796,85.7079,87.1985,277752
2014-10-16,85.7079,88.9375,84.7142,87.9438,231305
2014-10-17,86.9501,89.4344,86.4532,88.9375,196649
2014-10-20,88.4406,90.6765,88.4406,90.4281,139591
2014-10-21,90.4281,91.9186,89.6828,89.6828,154913
2014-10-22,89.9312,91.1734,88.4406,90.1796,178888
2014-10-23,90.6765,94.1545,90.4281,93.9061,304607
2014-10-24,93.1608,95.6451,92.9124,95.1482,329034
2014-10-27,95.1482,98.1294,94.4029,96.6388,290439
2014-10-28,96.3904,97.8809,96.3904,96.8872,211547
2014-10-29,96.6388,97.8809,96.1419,96.1419,243563
2014-10-30,96.1419,97.3841,93.1608,94.6514,328119
2014-10-31,95.1482,95.3967,92.1671,92.1671,415911
2014-11-03,92.9124,94.1545,92.4155,93.6576,185959
2014-11-04,93.6576,95.1482,93.1608,93.1608,129886
2014-11-05,93.4092,95.1482,92.9124,94.4029,193377
2014-11-06,94.6514,95.8935,94.4029,94.8998,150367
2014-11-07,95.6451,97.3841,94.8998,97.1357,178356
2014-11-10,97.3841,101.483,97.1357,100.117,403704
2014-11-11,100.117,100.365,98.8747,100.117,159183
2014-11-12,99.3715,101.607,99.1231,101.111,234727
2014-11-13,101.359,102.104,99.7442,100.614,232731
2014-11-14,100.862,101.607,100.614,100.862,91302
2014-11-17,100.614,101.856,100.117,101.359,116612
2014-11-18,101.359,101.856,101.111,101.856,159290
2014-11-19,101.607,104.092,101.607,103.843,297015
2014-11-20,103.843,106.824,103.595,106.576,544832
2014-11-21,106.328,106.824,104.589,106.328,223764
2014-11-24,105.582,107.818,105.334,105.831,239406
2014-11-25,105.831,109.309,105.582,109.309,299444
2014-11-26,108.812,109.309,108.067,108.812,121931
2014-11-27,108.563,109.309,108.067,108.067,91408
2014-11-28,108.067,109.806,108.067,108.315,240824
2014-12-01,108.563,110.054,108.563,109.06,321966
2014-12-02,109.06,109.557,106.824,107.818,182820
2014-12-03,107.321,109.06,107.321,108.067,282167
2014-12-04,108.067,108.812,102.601,102.85,347686
2014-12-05,102.104,105.582,101.856,104.34,170702
2014-12-08,103.098,104.34,100.862,101.607,124628
2014-12-09,100.117,101.607,99.3715,100.365,182237
2014-12-10,100.25,101,98,99,248406
2014-12-11,98.25,103.25,98,101.5,220819
2014-12-12,100.5,102.25,99.5,101,141950
2014-12-15,101,101.25,98.75,99.25,127007
2014-12-16,99,100.25,97.25,97.5,199851
2014-12-17,97.75,101,96.5,100.25,157575
2014-12-18,101.25,102,99.75,100.5,174456
2014-12-19,101.75,101.75,99,99.25,481153
2014-12-22,99,100,97.75,97.75,107789
2014-12-23,99,100,98,99,114145
2014-12-24,98.75,100.25,98.75,99.5,33521
2014-12-29,100,101.75,99.5,101,76800
2014-12-30,101.25,103,101,102,169302
2014-12-31,102.75,104.25,102.5,103.75,120749
2015-01-02,104,105.5,103.75,105,133138
2015-01-05,104,106,102.75,102.75,175788
2015-01-06,103.25,105.5,101,101.5,266774
2015-01-07,102.25,103.5,99.25,99.75,226057
2015-01-08,100.5,104.25,99.5,103.25,704802
2015-01-09,102.5,103.125,96.75,98,616472
2015-01-12,99,99,96.5,98.25,252734
2015-01-13,98.5,101.5,98.5,101,232384
2015-01-14,100,104.25,99,103.5,363825
2015-01-15,85,87.5,74.75,76.75,2597430
2015-01-16,77.5,78.25,67.5,72.25,1622432
2015-01-19,73.75,73.75,66,67.75,696943
2015-01-20,68,70.25,63.25,70,1076784
2015-01-21,71.5,73.75,65.25,66,934472
2015-01-22,68.25,70.75,66.75,69.25,475262
2015-01-23,71.25,72.5,70,70,368321
2015-01-26,71.25,71.5,69.5,70.25,181867
2015-01-27,70.25,70.5,69,69.75,198616
2015-01-28,70.25,72,69.5,71.75,253880
2015-01-29,72,73.5,71.75,73.25,211772
2015-01-30,73.75,74.25,72.25,72.5,226043
2015-02-02,73.75,75.25,73.25,73.5,343272
2015-02-03,74.75,76,73.75,74.75,401286
2015-02-04,75,75.5,73.25,73.5,368240
2015-02-05,73.5,74.5,72.75,73.5,399446
2015-02-06,74,74.75,73,73.25,194068
2015-02-09,73.5,73.75,71.25,71.25,339319
2015-02-10,72.25,73.5,71.75,72.5,159573
2015-02-11,72.5,76.25,72.25,76,464716
2015-02-12,66.75,69.75,62.5,67.25,1634143
2015-02-13,68,68.5,64,64.5,594212
2015-02-17,64.25,64.5,61.75,63.25,526865
2015-02-18,64.25,65.5,63,63,357265
2015-02-19,63.75,63.75,61,61.25,325271
2015-02-20,57.5,63.75,57.5,60,1471099
2015-02-23,60.5,60.5,57.5,58.75,597442
2015-02-24,59.5,63,59,62.5,676535
2015-02-25,65,66.25,63.5,65,601058
2015-02-26,66,66,64.25,65.25,356432
2015-02-27,64.75,65,62.5,65,973348
2015-03-02,65.5,66,60.5,60.75,535214
2015-03-03,62.25,62.5,59.5,60.25,466672
2015-03-04,60.5,60.75,56.5,57.5,951439
2015-03-05,58.5,60.25,57.5,58.75,476306
2015-03-06,59.5,60.5,57,58.25,465732
2015-03-09,59.25,60.25,57.75,59.75,313401
2015-03-10,59,59.5,58,58.5,130775
2015-03-11,59.25,63.5,57.5,62.25,439748
2015-03-12,62.5,63,60,61.25,186382
2015-03-13,61.25,62.75,58.75,62.25,397800
2015-03-16,62,63,60.75,62.25,185608
2015-03-17,63.75,65,62,62,293323
2015-03-18,62.5,63,61.25,61.25,139715
2015-03-19,62.25,63.25,61.5,62.75,282925
2015-03-20,62.5,63,62.25,63,400173
2015-03-23,62.75,62.75,62,62.5,143732
2015-03-24,62.25,62.5,61.25,62,116979
2015-03-25,63.25,65.75,62.5,63.5,934379
2015-03-26,64.25,64.25,62.75,62.75,230584
2015-03-27,63.25,63.5,61.75,62.5,170523
2015-03-30,62.25,62.5,60,60,191081
2015-03-31,60.75,62.5,60,62.5,300553
2015-04-01,62.5,63.25,61.75,62.5,104708
2015-04-02,62.5,63.25,62.25,63,115513
2015-04-06,63,64.5,62.75,64,154545
2015-04-07,64.25,66.25,64,66.25,1835550
2015-04-08,66.25,67,64.75,65,212760
2015-04-09,63.75,65.5,63.25,65,622766
2015-04-10,67.5,69.75,66,66,658213
2015-04-13,67,67,64.75,65,176346
2015-04-14,65.5,65.75,64.5,65,252457
2015-04-15,64.5,67.5,64.5,67,452359
2015-04-16,67.75,69.75,67.25,67.75,609416
2015-04-17,67.5,67.75,66,66.75,117470
2015-04-20,67.5,67.5,66,66.5,88539
2015-04-21,66.5,66.75,65.75,66.5,89162
2015-04-22,66.25,66.5,63,63.5,403979
2015-04-23,63.5,65,62.75,64.25,132001
2015-04-24,65,65,63.25,63.5,88835
2015-04-27,64.5,64.5,60,60.5,478302
2015-04-28,61.25,61.75,60.25,60.5,241637
2015-04-29,61.25,62.25,61,61.75,167139
2015-04-30,62.25,62.25,60.25,61,298643
2015-05-01,61,61.25,60.5,60.75,88504
2015-05-04,61.5,61.5,60.25,60.25,114828
2015-05-05,61,61,60.25,60.25,92538
2015-05-06,60.75,60.75,59.25,59.5,191721
2015-05-07,61.25,63.75,60.5,63.5,578836
2015-05-08,64.25,65.75,63.5,65.75,301103
2015-05-11,65.75,66.25,64.75,65,213614
2015-05-12,64.25,65.5,64,64,127769
2015-05-13,64.25,64.25,63,63.75,199742
2015-05-14,62.5,67,62.25,67,321342
2015-05-15,66.5,67.5,66.25,67,173306
2015-05-19,66.75,66.75,64.25,65.5,148174
2015-05-20,65.75,65.75,64,64.25,213545
2015-05-21,63.75,64,63.25,63.5,261773
2015-05-22,63.25,63.5,60.75,61.75,270822
2015-05-25,62.25,62.5,61.75,62,52128
2015-05-26,62,62.25,61,61.5,147531
2015-05-27,61.75,63,61.75,63,129882
2015-05-28,63,64.25,62.5,64,185948
2015-05-29,64.25,65,63.5,64.5,1340936
2015-06-01,64.25,64.75,63,64.25,180358
2015-06-02,64.5,65.25,64,65,125239
2015-06-03,65.5,65.5,64.625,65,135611
2015-06-04,65,65.375,62.75,63,353079
2015-06-05,63.75,64.25,63,63.25,215649
2015-06-08,63.25,63.75,62.5,62.75,100431
2015-06-09,63.75,63.75,62,62.5,167811
2015-06-10,63,63.25,62.25,63.25,195466
2015-06-11,63.5,64,63.5,63.75,302338
2015-06-12,64,64.25,62.875,63.5,96194
2015-06-15,65,65.625,64.25,65.5,343608
2015-06-16,65.75,65.75,61,61.25,235941
2015-06-17,62,62.5,60,60,251123
2015-06-18,61.25,62.625,61,61.75,209694
2015-06-19,60.25,62.25,60.25,61,683702
2015-06-22,60.5,62.75,60.5,62.5,129080
2015-06-23,61.75,62.25,61.5,61.75,70362
2015-06-24,61.5,62.5,61,61.5,77274
2015-06-25,61.25,62.125,61,61.75,94149
2015-06-26,61.5,61.625,60.25,60.25,158126
2015-06-29,60.25,60.75,56.375,58.75,464465
2015-06-30,59.25,59.625,56,56.25,329295
2015-07-02,57,58.25,56.75,57.5,408700
2015-07-03,57.75,58.75,57.5,57.5,120721
2015-07-06,57,58,56.75,56.75,176837
2015-07-07,57.5,57.5,56,57,80525
2015-07-08,57.5,57.75,54.25,54.5,166171
2015-07-09,55.75,56,50,50,475721
2015-07-10,50.25,50.5,46,49.5,585845
2015-07-13,50,50.5,49.25,50.25,388170
2015-07-14,50.75,51.875,49,49.5,171965
2015-07-15,50,50.25,47.5,47.5,178923
2015-07-16,48.25,49.25,46.5,49.25,314959
2015-07-17,49,49.25,47,47.75,209582
2015-07-20,47.5,48.25,46.75,47,182086
2015-07-21,47.25,47.5,44,44.75,251845
2015-07-22,44,44.25,36.75,42.25,1408003
2015-07-23,43,43.75,41.75,43,393715
2015-07-24,43.25,45,43.125,44.5,280617
2015-07-27,44.5,44.75,41.75,44.5,515447
2015-07-28,44.5,46.25,44.25,45.5,357936
2015-07-29,46.25,48.75,45.75,48.75,284579
2015-07-30,46.25,46.25,41,44,969195
2015-07-31,44.25,44.25,39,40.75,654307
2015-08-04,41.5,41.75,38.75,41.25,399329
2015-08-05,41,41,39.25,39.75,203213
2015-08-06,39.75,39.75,37.5,38.5,439146
2015-08-07,38.5,39.5,37.875,38,157982
2015-08-10,38.25,40.5,38.25,39.25,220037
2015-08-11,39.5,39.5,37.5,37.75,263087
2015-08-12,38.25,38.25,37,37.5,165565
2015-08-13,37.5,38.75,35.25,36.5,375524
2015-08-14,36.75,37,32.75,33.75,500935
2015-08-17,33.75,34.25,32,32.75,305142
2015-08-18,32.75,33.25,29.75,30.25,540613
2015-08-19,30.25,30.5,28.75,29.75,692221
2015-08-20,30,32.75,29.5,31.75,1218341
2015-08-21,33,34.25,32.25,32.25,525296
2015-08-24,31,31.375,25.75,27.75,1074142
2015-08-25,30.5,30.5,27.25,28.75,472068
2015-08-26,29.75,30,28.75,29.25,256810
2015-08-27,30,32,29.5,30,314951
2015-08-28,30.25,31.5,30.25,31.25,246473
2015-08-31,32.25,32.25,31,32.25,582329
2015-09-01,31.25,31.5,29,29.25,275175
2015-09-02,30,30.25,28.5,29,286081
2015-09-03,29.25,30.25,28.75,30,150068
2015-09-04,29.75,30.25,29.375,29.5,120771
2015-09-08,30.5,30.75,29.25,29.75,170723
2015-09-09,30.5,39.25,30.25,36.5,1379009
2015-09-10,37.5,47,36.5,47,1475350
2015-09-11,48.75,50,43.5,46.5,1192314
2015-09-14,45.5,45.5,39.25,41.5,693372
2015-09-15,40.25,43.625,40.25,41.75,310633
2015-09-16,42.75,43.25,42,42.75,192548
2015-09-17,43.5,45,42.5,44.25,270250
2015-09-18,43.75,44.75,43.25,43.5,767795
2015-09-21,43.5,44.5,43,44,205174
2015-09-22,43.5,44,43,43.5,164866
2015-09-23,43.75,43.75,39.25,39.75,329165
2015-09-24,38.75,38.75,34.75,36.5,510541
2015-09-25,37.5,40.75,37.5,39.75,592558
2015-09-28,40,40.25,38.5,39.5,225359
2015-09-29,39.5,42.5,38.75,42.25,250183
2015-09-30,43.5,44.75,41,41.75,519842
2015-10-01,42.75,42.75,38,38,577627
2015-10-02,39,40.25,38.25,38.75,177119
2015-10-05,40,40.5,38.5,38.5,317781
2015-10-06,39,45.5,38.75,44.25,530521
2015-10-07,39,39.5,37,38.5,1363568
2015-10-08,37.75,39,37.75,39,204125
2015-10-09,39.5,42,39,41.25,262945
2015-10-13,42.25,43.5,41.75,42.5,271150
2015-10-14,43.25,44.5,42.5,42.5,231816
2015-10-15,43,43.25,41.75,42,217950
2015-10-16,41.25,42,39.5,40.25,417664
2015-10-19,40.75,40.75,38.5,39.25,235165
2015-10-20,39,40.5,38.75,39.5,146405
2015-10-21,40.25,40.5,39.25,39.5,80677
2015-10-22,40,40,39,39,103362
2015-10-23,39,39.5,38,38,144411
2015-10-26,38.25,38.5,36.25,36.5,292975
2015-10-27,36.25,37.125,35.25,36.25,257699
2015-10-28,37.75,42,36.25,40.25,747267
2015-10-29,41.75,41.75,32.75,33.25,1526329
2015-10-30,34,35.5,33,35.5,580335
2015-11-02,35.5,36.5,34.25,34.5,328189
2015-11-03,34.5,35.5,34,34.5,144848
2015-11-04,35.25,37,34.75,36.75,346233
2015-11-05,36.5,38.5,36.25,38.25,239642
2015-11-06,38.25,39.5,37,38,364480
2015-11-09,38.5,38.75,36.125,37.5,274352
2015-11-10,36.75,37,35.5,36.25,215610
2015-11-11,35.75,36.5,34.25,35,275530
2015-11-12,35,35.5,33.75,34.5,250140
2015-11-13,34,34.75,32,32,333644
2015-11-16,31.75,32,30,31.5,459650
2015-11-17,31.25,31.5,29.5,31,391716
2015-11-18,31.75,32.625,31,32,197901
2015-11-19,35.5,36.5,30,32,1108735
2015-11-20,32,32.75,30.5,31.5,521790
2015-11-23,31.25,31.75,30.5,31,246550
2015-11-24,31,31,29.25,29.5,336065
2015-11-25,29,34,28,33,827998
2015-11-26,33.5,34.75,31.75,33.25,296337
2015-11-27,33.5,33.75,32,32.25,232190
2015-11-30,32.5,32.75,31.25,32.5,311504
2015-12-01,32,32.25,31.25,31.25,218179
2015-12-02,32,32,30.5,30.5,208526
2015-12-03,31,31,30,30.5,226970
2015-12-04,30.75,30.75,30,30.75,217585
2015-12-07,30.25,30.25,29.5,29.5,211873
2015-12-08,29.5,29.75,28.5,28.75,200156
2015-12-09,28.75,29.25,27.5,28,216039
2015-12-10,28.25,30.25,28,30,330276
2015-12-11,29.75,30,29.25,29.75,124605
2015-12-14,30,30.5,28.75,28.75,226359
2015-12-15,29,30,29,29.5,124097
2015-12-16,29.75,30,29.25,29.75,152625
2015-12-17,29.75,30.25,29.25,29.25,187723
2015-12-18,31.5,34.75,31.25,34,1237825
2015-12-21,35,35.75,34,34.75,320557
2015-12-22,34.75,34.75,34,34,107296
2015-12-23,34,34.25,32.75,33,166403
2015-12-24,33.25,33.25,32.5,32.75,54489
2015-12-29,32.75,33.25,31.5,33.25,152277
2015-12-30,33,33.25,32.25,32.5,93370
2015-12-31,32.75,33.5,32,33.5,150759
2016-01-04,33,34,32.25,33.5,156408
2016-01-05,33.75,34,32.625,32.75,125769
2016-01-06,32.5,32.75,31.5,32.25,212024
2016-01-07,31.75,33,30.25,32.5,364600
2016-01-08,32.5,32.75,31.25,31.5,143873
2016-01-11,31.25,31.5,30.25,30.75,159393
2016-01-12,31,31.75,30.25,30.5,145960
2016-01-13,30.5,30.5,28.75,29.25,330691
2016-01-14,29,29.5,27.75,29,182384
2016-01-15,28,28.5,27.25,28.25,197581
2016-01-18,27.75,29.25,27.5,29.25,95508
2016-01-19,29.5,32,28.75,29.5,450427
2016-01-20,29.75,30.75,28.75,30,225386
2016-01-21,29.5,29.75,27.25,27.25,669059
2016-01-22,28.25,28.5,26.5,27.25,354198
2016-01-25,27.75,27.75,25,25.5,417835
2016-01-26,25.75,26.5,25,25.25,310902
2016-01-27,25.5,25.75,24.5,24.75,509311
2016-01-28,24.25,24.5,21.75,22.25,1077882
2016-01-29,23,24.5,22,24.5,560606
2016-02-01,24.5,24.75,23,24,376038
2016-02-02,23.5,23.75,22.25,22.75,389173
2016-02-03,22.75,22.75,22.125,22.25,264234
2016-02-04,22,22.5,21.5,21.75,503067
2016-02-05,21.5,21.75,20,20,578439
2016-02-08,20.25,20.5,18,19.25,511664
2016-02-09,19.25,20,18.25,20,376134
2016-02-10,20.5,21.25,19.25,19.5,336600
2016-02-11,19.5,20.5,19.25,19.5,274956
2016-02-12,20.5,21,20,20.25,283372
2016-02-16,21.75,22.5,21.25,22.5,397032
2016-02-17,27.5,29.25,25.75,27.25,1122766
2016-02-18,28.5,29.25,27,28,799939
2016-02-19,28.25,28.875,28,28.5,351545
2016-02-22,30,31.25,29.75,31,514981
2016-02-23,31.25,33.25,31.25,32.5,897046
2016-02-24,32.25,32.5,28,29.5,687264
2016-02-25,28.75,29.5,27,27,570461
2016-02-26,25,26.75,23.25,26.5,575310
2016-02-29,26,27.75,26,26.5,410466
2016-03-01,26.5,27.375,26.5,26.75,181752
2016-03-02,27,28,26.75,27.75,177417
2016-03-03,28.5,31,28.5,30.5,464079
2016-03-04,32,32.5,31.5,31.75,343920
2016-03-07,31.75,32,31,31.5,367364
2016-03-08,31,31.25,27.5,28.25,376786
2016-03-09,29,29.5,28.25,28.75,256596
2016-03-10,29.5,29.5,28.75,28.75,151407
2016-03-11,29.25,29.25,28.75,29,74914
2016-03-14,29,29.5,28.75,29,144087
2016-03-15,29,29,28.25,28.5,181738
2016-03-16,28.25,29.25,28.25,28.75,107577
2016-03-17,29.25,31,29,31,443235
2016-03-18,31.25,32.5,31,32.25,1332146
2016-03-21,33,34.5,32.75,34.25,603965
2016-03-22,35,35.75,34.5,34.75,330697
2016-03-23,32.5,33.75,31.75,33,534454
2016-03-24,32.5,33.25,31.75,33.25,219650
2016-03-28,33.75,34,32.75,33.5,175048
2016-03-29,33.5,33.5,32.75,32.75,121795
2016-03-30,33,33.5,32.75,33,140454
2016-03-31,32.75,33.5,32.5,33,213318
2016-04-01,33.75,35,33.25,34.5,538688
2016-04-04,35,35.25,30.25,32,401316
2016-04-05,32.25,32.5,31.25,31.75,281428
2016-04-06,32.25,33,31.25,32,333616
2016-04-07,32.25,32.25,31.5,32,140907
2016-04-08,32,32.25,31.25,32,191312
2016-04-11,32,32,31.5,31.75,71724
2016-04-12,33,33.75,32.5,33.75,257905
2016-04-13,34.25,35.75,34,35.75,360973
2016-04-14,36.25,39.25,35.5,38.25,961178
2016-04-15,44,44.75,40.125,40.5,1364709
2016-04-18,41.25,41.5,39.25,39.25,494554
2016-04-19,39.5,41.25,39.25,41.25,300031
2016-04-20,42,43.75,41.5,43.5,436537
2016-04-21,42.75,43.25,41.5,43,362474
2016-04-22,42.25,43,42,42.75,155428
2016-04-25,43.5,45.25,43,45,359753
2016-04-26,47.5,49.75,46.75,49.75,768247
2016-04-27,52.5,53.5,44.5,50.25,1849969
2016-04-28,57,57,49.75,51,1969130
2016-04-29,51,51.25,43.75,47.25,1296943
2016-05-02,46.75,48.75,44.75,48.5,517136
2016-05-03,48.75,49.75,48,49.25,314879
2016-05-04,49,50.25,48.75,50,342520
2016-05-05,50.75,51,50,50.25,196508
2016-05-06,50.5,51,50,50.25,297220
2016-05-09,50.5,50.5,48.75,49.75,271767
2016-05-10,49.25,50.75,49.25,50.75,273292
2016-05-11,50.5,51.25,50.25,50.75,187737
2016-05-12,50.75,51,50.25,50.75,133345
2016-05-13,50.75,51.125,47.5,49.25,729315
2016-05-16,48.75,49.25,48.25,49,182238
2016-05-17,48.25,49.25,47.75,49,240221
2016-05-18,48.5,49.75,48.5,49.75,178704
2016-05-19,49.25,50,49.25,50,172107
2016-05-20,50,50.25,49.5,50.25,119937
2016-05-24,50,51,49,50.5,339309
2016-05-25,50.25,50.375,49.25,50,266797
2016-05-26,49.5,50.5,49.5,50,161244
2016-05-27,49.75,50.25,49.5,50,146330
2016-05-30,49.75,50.5,49.75,49.75,144836
2016-05-31,49.75,50,49.25,49.25,494099
2016-06-01,48.75,50.25,48,50,345418
2016-06-02,50,50,49.5,49.75,74499
2016-06-03,49.75,50,49.25,50,156875
2016-06-06,49.75,50,49.5,50,113742
2016-06-07,50,50.25,49.625,50,249120
2016-06-08,50,50,49.5,50,101381
2016-06-09,49.5,50,49.5,50,115527
2016-06-10,49.75,50,49.5,49.5,92432
2016-06-13,49.5,49.5,49.25,49.5,84427
2016-06-14,49.25,49.5,47.75,49,208019
2016-06-15,48.75,48.75,48.25,48.5,99903
2016-06-16,48,48.5,47.5,48.5,123634
2016-06-17,48.25,49.5,48.25,49,502440
2016-06-20,49.5,49.75,49,49.75,100270
2016-06-21,49.75,49.75,49.25,49.25,92059
2016-06-22,49,49.5,48.75,48.75,87099
2016-06-23,49.5,49.75,49,49.5,137338
2016-06-24,47.5,49,47.25,48.75,256536
2016-06-27,48,48.5,42.25,45.25,507198
2016-06-28,47,48.25,46.5,47.5,291298
2016-06-29,48.25,48.75,47.5,48.75,150392
2016-06-30,48.75,49.5,48.5,48.5,269043
2016-07-04,49,49.25,48.75,48.75,49735
2016-07-05,48.5,48.75,48.25,48.5,78699
2016-07-06,48.5,48.625,47.75,48.5,99600
2016-07-07,48.5,49.75,48.25,49.5,224842
2016-07-08,49.25,50,49.25,49.75,156187
2016-07-11,50,52.5,50,52.25,496256
2016-07-12,53,54,53,54,302601
2016-07-13,54.75,54.75,51.25,52,431397
2016-07-14,51.75,52.25,51.25,51.75,115469
2016-07-15,52,52.5,51.5,51.75,146960
2016-07-18,51.75,51.75,51.25,51.5,70941
2016-07-19,51.25,51.5,50,50,192823
2016-07-20,50,50,49,49.75,157963
2016-07-21,50,50.5,49.5,49.75,122070
2016-07-22,49.75,50.25,49.5,49.5,97582
2016-07-25,49.75,50.25,49.5,49.5,75820
2016-07-26,49.5,49.75,49.25,49.5,82133
2016-07-27,49.5,49.75,49.25,49.75,87312
2016-07-28,49.75,49.75,49.25,49.75,108434
2016-07-29,49.25,49.5,49,49,163375
2016-08-02,49,49.5,48,48.75,178730
2016-08-03,48.75,49.5,48.5,49.5,119958
2016-08-04,49,49.75,48.75,49.75,193108
2016-08-05,48.25,49.5,47.75,49.5,279083
2016-08-08,49.75,50,49.25,49.5,121915
2016-08-09,49.25,49.5,49,49,88782
2016-08-10,49.25,49.75,49.25,49.5,84721
2016-08-11,49.5,49.75,49.25,49.25,116748
2016-08-12,49.25,49.5,49,49.25,146533
2016-08-15,49.25,49.5,49,49,62436
2016-08-16,49,49.25,49,49,66552
2016-08-17,49,49.5,49,49.5,85724
2016-08-18,49.25,49.5,49.25,49.5,28461
2016-08-19,49.25,49.5,49,49,65843
2016-08-22,49,51.5,49,49.75,355270
2016-08-23,49.75,51,49.75,50,193593
2016-08-24,50.75,51,50.25,50.75,75506
2016-08-25,50.75,51.5,50.5,51.25,148035
2016-08-26,51.25,51.5,50.5,51.25,97954
2016-08-29,51.25,52,51,51.75,149123
2016-08-30,52,52.25,51.5,52.25,85057
2016-08-31,52.5,53.75,52.25,53.75,344709
2016-09-01,53.75,53.875,52.75,53.25,159524
2016-09-02,52.75,53.5,52.75,53,150645
2016-09-06,51.5,51.75,50,50.75,346318
2016-09-07,50.5,51,50.25,50.25,88657
2016-09-08,50.25,50.75,50.25,50.5,167762
2016-09-09,50.25,50.5,49.25,50.25,252283
2016-09-12,49.5,49.75,49.25,49.25,111509
2016-09-13,49.25,49.5,46.75,47.25,293222
2016-09-14,47.5,48.5,47,47.25,96873
2016-09-15,47.75,48.125,46.5,47.25,111250
2016-09-16,47.25,47.25,45.75,46,425169
2016-09-19,45.5,45.75,43.25,43.75,302547
2016-09-20,43.5,43.5,40.25,41.5,640784
2016-09-21,39.5,43,39.25,41.25,476300
2016-09-22,41.75,42,40.5,40.75,205951
2016-09-23,40.75,40.75,39.5,40,292110
2016-09-26,39,40.625,39,39.5,265683
2016-09-27,39.5,40.5,39.25,39.75,145729
2016-09-28,40,41,39.75,40.5,207717
2016-09-29,41.5,42.75,40.75,42,267931
2016-09-30,43.25,45.25,42.75,45,489895
2016-10-03,46.25,46.25,43,44.25,340734
2016-10-04,44.75,44.75,43.25,43.75,139821
2016-10-05,43.5,43.75,43,43.25,103491
2016-10-06,42.75,44.5,42.75,44,191261
2016-10-07,44,44,43.25,43.5,72198
2016-10-11,44,44,42.5,43.25,145814
2016-10-12,43.5,44.25,43,44.25,89585
2016-10-13,44,44.5,43.25,43.75,97725
2016-10-14,44,44.5,43.75,44,78576
2016-10-17,43.75,43.875,43.25,43.5,46134
2016-10-18,43.75,44.5,43.5,44.25,92939
2016-10-19,44.5,45.25,44.25,44.5,160829
2016-10-20,44.5,45.25,44.25,44.5,110788
2016-10-21,43.75,44.75,43.5,44,129528
2016-10-24,44.75,46,44.5,44.75,167311
2016-10-25,44.75,45.25,44.5,45,104198
2016-10-26,45.25,46.25,45,46.25,177801
2016-10-27,46.25,47.5,46,47,223523
2016-10-28,47,47.5,46.25,46.5,106384
2016-10-31,46.5,46.75,44.5,44.5,232384
2016-11-01,45.5,46.25,45,46,93807
2016-11-02,46,46.75,45.25,45.25,163573
2016-11-03,45.75,47.25,45.5,45.5,83559
2016-11-04,45,45.5,44.5,44.5,132086
2016-11-07,44.5,45.5,44.25,44.75,58369
2016-11-08,44.5,45.25,44.25,44.5,81380
2016-11-09,43,45,43,44.75,123006
2016-11-10,46,49,46,49,531467
2016-11-11,48.25,50.75,48.25,50.75,416880
2016-11-14,50,51.25,49.25,50.25,303162
2016-11-15,50,50.375,49.25,50,144754
2016-11-16,50,50.25,47.5,47.75,217814
2016-11-17,48,49.25,47.5,49,151870
2016-11-18,49,49.25,48,48.5,54558
2016-11-21,48.25,48.5,46.5,46.75,234816
2016-11-22,47,47.75,47,47.75,89573
2016-11-23,47.5,47.75,47.25,47.5,50581
2016-11-24,47.5,48.5,47.25,48,52962
2016-11-25,48.5,48.5,47.5,47.75,84717
2016-11-28,48,48.25,47.5,48.25,88374
2016-11-29,48.25,48.5,47.5,47.5,99604
2016-11-30,47.25,48,47,47,201147
2016-12-01,47.5,47.5,45.75,45.75,222367
2016-12-02,46.25,47.25,46.25,46.75,84540
2016-12-05,46.75,47.5,46.75,46.75,74372
2016-12-06,47,47.25,46.5,47.25,74750
2016-12-07,47.25,47.5,47,47.5,71160
2016-12-08,47.5,48,47.25,48,84323
2016-12-09,47.75,48.5,47.25,47.5,101146
2016-12-12,47.25,48.25,47.25,48,188890
2016-12-13,48.25,48.75,48,48.5,113215
2016-12-14,48.5,48.5,47.5,47.75,138059
2016-12-15,49.25,50.25,48.5,48.75,721846
2016-12-16,49.5,52,49.25,51.25,1334848
2016-12-19,52.5,55,51.75,54.75,525770
2016-12-20,54.5,54.75,51.25,51.25,366232
2016-12-21,51.5,53,51.5,52,186716
2016-12-22,52,53.75,51.75,53.75,291788
2016-12-23,53.75,54.25,52.5,52.75,175519
2016-12-28,53,54,52.75,53.5,179792
2016-12-29,54.25,54.5,53.75,54.25,152942
2016-12-30,54.5,54.5,54,54,105054
2017-01-03,54.75,57,54.5,57,497210
2017-01-04,57.25,60.25,57.25,60.25,517780
2017-01-05,60.75,62.25,57.75,58.5,595838
2017-01-06,57.75,58.75,56.5,57.5,258544
2017-01-09,57.75,59.5,57,59.25,228460
2017-01-10,59.5,63,59.5,61.75,560268
2017-01-11,63.25,64.75,62.5,64.75,652777
2017-01-12,64.5,64.5,62.75,64,357649
2017-01-13,64.25,65,64,64.75,210828
2017-01-16,64.5,65.5,64.5,65.5,135355
2017-01-17,66,69,65.5,68.75,486507
2017-01-18,68.75,68.75,64.75,66.25,579790
2017-01-19,65.25,67.5,65.25,67,170346
2017-01-20,67,67.75,64.75,65.25,343073
2017-01-23,65.25,65.5,61.75,62.5,458523
2017-01-24,63.25,64.75,63.25,64.5,227983
2017-01-25,64.5,65.5,63.75,65,191992
2017-01-26,65.25,65.5,64,64.25,131762
2017-01-27,63.5,64.25,63.25,63.5,111715
2017-01-30,63.25,63.25,60.75,62.25,233501
2017-01-31,61.5,62.25,61,62.25,189502
2017-02-01,62.5,64.5,62.5,64.25,151775
2017-02-02,64.25,65.25,63.75,64.25,162990
2017-02-03,64,65,63.75,64.75,196002
2017-02-06,64,64.5,63.875,64.5,71160
2017-02-07,64.25,65.25,63.5,63.75,195153
2017-02-08,66,67,64.25,65,301074
2017-02-09,65,65.5,63.75,63.75,191713
2017-02-10,64,64.5,63.75,64.25,68313
2017-02-13,64.25,64.75,64,64.5,81550
2017-02-14,64.5,64.5,62.25,62.5,296459
2017-02-15,62.75,64.75,62.5,64.5,253949
2017-02-16,62.5,63.75,61.25,62.5,559392
2017-02-17,62,64.5,62,63.25,278136
2017-02-21,63.5,64,63,64,141731
2017-02-22,63.5,64,63.125,63.25,111091
2017-02-23,63,63.75,62.75,63,170736
2017-02-24,62.5,63,58.5,60,384545
2017-02-27,59.25,60,58,59,401808
2017-02-28,58.75,59,57.5,57.5,262954
2017-03-01,57.25,60.25,57.25,60,211865
2017-03-02,60,61.25,59.75,60.25,155362
2017-03-03,60.25,60.5,58.5,60.5,261911
2017-03-06,59.25,59.5,57.5,58.25,198422
2017-03-07,58.75,58.75,55.25,55.75,268525
2017-03-08,54.25,55.25,52,52.5,816113
2017-03-09,50.75,52.5,50.75,52.5,911687
2017-03-10,52.75,53.5,51.25,51.5,262610
2017-03-13,51.25,52.5,50.5,51,235740
2017-03-14,51,51.5,49.75,50,401427
2017-03-15,50,52,50,51.75,192601
2017-03-16,53,53.75,52.5,52.75,249499
2017-03-17,53.5,53.75,52.25,52.75,604284
2017-03-20,53,53.25,51.5,51.75,124513
2017-03-21,52,52.5,50.25,50.25,154283
2017-03-22,50.25,50.75,50,50.5,225725
2017-03-23,51,51.25,50.25,50.25,84951
2017-03-24,50.75,51,50.25,50.5,95281
2017-03-27,50.5,52.25,50.25,52.25,115124
2017-03-28,52.25,53.25,51.75,52,125575
2017-03-29,52.5,53.25,52,53,80932
2017-03-30,52.5,53,52,52.25,82844
2017-03-31,51.75,52.25,51,51,186002
2017-04-03,50.5,51.75,50.5,51.5,166454
2017-04-04,51.5,52,51.25,51.5,114586
2017-04-05,51.75,52,50.5,50.5,187575
2017-04-06,51.25,51.25,50.25,50.5,135539
2017-04-07,51.75,53.25,51.25,53,288961
2017-04-10,53.25,56,53,55.5,285947
2017-04-11,57.25,59.5,56.75,59.25,444233
2017-04-12,61,61,55.25,55.5,384854
2017-04-13,56,57,55.75,56.75,121626
2017-04-17,57.5,58.75,57,58.25,194429
2017-04-18,58,58.75,57,58.75,189761
2017-04-19,58.25,58.5,57,57,145235
2017-04-20,56.75,57.25,56.25,56.75,105918
2017-04-21,56.75,57,55.5,56,113228
2017-04-24,56.25,56.75,56,56,103575
2017-04-25,56.5,57.5,56.25,56.5,123429
2017-04-26,56.5,57.5,56.5,56.5,110221
2017-04-27,57,57,55,55,174134
2017-04-28,53.5,54,52,52.75,265738
2017-05-01,52.5,52.75,50.5,51,252829
2017-05-02,51.75,54,51.25,53.5,278735
2017-05-03,54,54.75,51.75,52.75,238470
2017-05-04,52.75,53,51,51.25,234291
2017-05-05,51.75,52.5,51.5,52,119437
2017-05-08,51.75,52.5,51.5,52,173540
2017-05-09,52.5,52.75,51.125,51.25,162833
2017-05-10,51.5,52,51,51.25,261780
2017-05-11,53,56.25,53,55.25,567137
2017-05-12,55,55.75,53,53,285452
2017-05-15,53.75,54.5,53,53.5,107863
2017-05-16,53.75,54,52.5,52.5,142549
2017-05-17,52.5,52.75,51.25,51.75,200718
2017-05-18,51.5,52,50.75,51.5,283438
2017-05-19,52,52.75,51.75,52.75,192921
2017-05-23,52.75,53,52,52.25,119367
2017-05-24,52,54.25,51.75,54,178028
2017-05-25,53.5,55,52.75,54.5,188194
2017-05-26,54.25,56.75,54,56.25,295344
2017-05-29,57.75,58.75,57,58.25,268599
2017-05-30,58.25,62,58.25,61,370474
2017-05-31,61.25,61.5,59,61,527191
2017-06-01,60.75,62.25,60.5,61.75,352026
2017-06-02,61.75,65.5,61.75,64,697532
2017-06-05,64,64.5,63,63.25,255516
2017-06-06,63,64.75,63,63.75,256726
2017-06-07,63.75,64.25,63.25,63.25,222050
2017-06-08,63,64,63,63.75,149880
2017-06-09,63,63.75,56.75,59.25,823672
2017-06-12,58.75,61.5,58,61,311312
2017-06-13,61,63.25,60.25,62,259920
2017-06-14,61.75,62,60.5,60.5,265300
2017-06-15,59.75,61.25,59.75,60.75,214650
2017-06-16,60.25,62.5,59.75,61.75,600449
2017-06-19,63,64.75,62.25,64.75,430178
2017-06-20,66.25,66.75,64.75,65.25,366859
2017-06-21,64.5,64.5,61.5,62,395608
2017-06-22,62,62.75,59.75,59.75,402066
2017-06-23,61.5,62.5,60,61.75,244676
2017-06-26,61,62.25,59.75,61,250221
2017-06-27,60.75,61,60,60.25,95901
2017-06-28,60.75,61.75,60.25,61.25,136494
2017-06-29,61.25,61.375,60.25,60.5,99440
2017-06-30,60.25,60.5,58.75,59,236063
2017-07-04,59,60,59,60,61669
2017-07-05,59.5,60,59,59.25,88288
2017-07-06,58.75,59,57.5,58,203064
2017-07-07,58.25,58.25,56.5,58.25,240988
2017-07-10,57.75,60,57.5,59.25,142051
2017-07-11,59,59.25,58.25,59.25,86305
2017-07-12,59.5,60,58.25,58.5,114789
2017-07-13,58.5,58.75,57.75,58.75,87740
2017-07-14,59.25,59.5,58.75,59.25,67516
2017-07-17,59,59.5,58.75,59,72781
2017-07-18,58.75,59.25,58.5,59,89927
2017-07-19,58.5,59,58.5,59,59492
2017-07-20,58.5,60,58.5,59.75,110210
2017-07-21,60.25,60.5,58.75,58.75,256330
2017-07-24,59,59.5,58.75,59.5,79352
2017-07-25,59.5,60.25,59.25,60,194021
2017-07-26,60.25,60.5,59.625,60,101461
2017-07-27,60.5,60.75,59.75,60.25,192901
2017-07-28,62.75,64.25,62.5,63,621743
2017-07-31,63.75,64,62.5,62.75,140518
2017-08-01,62.5,63.75,61.25,63.25,213173
2017-08-02,63.5,66.75,63.25,66.75,372215
2017-08-03,66,66.25,64.25,64.25,273770
2017-08-04,64.25,65.5,64,65,194422
2017-08-08,65,65.75,64.25,65.5,134580
2017-08-09,65,65.375,64.75,65,94021
2017-08-10,64.5,64.75,64,64.25,100293
2017-08-11,63.75,64.25,63.25,64,80838
2017-08-14,64.25,66.25,64,65.75,206021
2017-08-15,65.25,66.5,65.25,66.25,202448
2017-08-16,66.25,66.75,65.5,65.5,121742
2017-08-17,65.5,66,65.25,65.75,85094
2017-08-18,65.25,66.5,64.25,66.5,244058
2017-08-21,65.75,66.5,65.5,65.75,74271
2017-08-22,65.75,65.75,65,65,64643
2017-08-23,64.75,65.5,64.75,65,74336
2017-08-24,64.75,65,64.5,64.5,69821
2017-08-25,64.5,65,63.5,63.75,156945
2017-08-28,62,63.5,61.5,63.25,121040
2017-08-29,62,63,61.5,61.5,181613
2017-08-30,60,61.5,59.75,61,175301
2017-08-31,61,63,61,62.5,151175
2017-09-01,63,63,61.75,61.75,57302
2017-09-05,60.75,61.25,59,59.25,208483
2017-09-06,59.25,61.625,59,60.75,162000
2017-09-07,60.25,60.75,60,60,50743
2017-09-08,60.25,60.5,59.25,59.5,59487
2017-09-11,59.75,60.25,59.25,60.25,84486
2017-09-12,60.25,61.25,60,60.5,168909
2017-09-13,60.75,61,59.875,60,128863
2017-09-14,59.75,61,59.75,60.5,121953
2017-09-15,60.5,61.25,59.5,59.5,914729
2017-09-18,59.75,60.5,59.75,60,97818
2017-09-19,60,60.375,59.5,60,78108
2017-09-20,59.5,60.25,59.25,59.75,118906
2017-09-21,59.75,60,58.25,59.25,559116
2017-09-22,58.25,58.75,55.25,55.75,385489
2017-09-25,54.5,55.25,51,53.5,578983
2017-09-26,52,60.75,51.5,56.75,830505
2017-09-27,49,53.75,49,52.5,989504
2017-09-28,52.5,56.75,52.25,55.25,425623
2017-09-29,56.75,57.25,56,56.5,305180
2017-10-02,56,56.25,54,54.5,181467
2017-10-03,54,55.25,53.75,54.75,162982
2017-10-04,54.25,55.5,54,55.5,133892
2017-10-05,55,55.5,54.75,54.75,108575
2017-10-06,54.5,55.25,54.25,55.25,134623
2017-10-10,55,56.25,54.75,56.25,164090
2017-10-11,56.25,58.75,56.25,58.75,281439
2017-10-12,59.25,59.25,57.25,58,223789
2017-10-13,57.75,58.75,57.5,58.25,87046
2017-10-16,58.75,59.5,58.25,59,213010
2017-10-17,70.75,74.25,67,68.25,2371785
2017-10-18,68.5,69.25,65,68,966086
2017-10-19,67.5,69.5,66.25,69.5,360557
2017-10-20,69.5,71.25,69.25,71,353493
2017-10-23,70.5,71.25,70.25,70.75,213802
2017-10-24,71.25,73.5,70.5,72,455186
2017-10-25,71.75,72,68.25,68.5,440902
2017-10-26,67.5,70.75,67.25,69.75,177901
2017-10-27,69.75,70.5,69.5,69.5,202837
2017-10-30,69.25,70,69,69,146748
2017-10-31,69.25,69.75,68,68.25,153249
2017-11-01,68,69.75,68,69.5,259624
2017-11-02,71.25,74.25,71,73.75,877953
2017-11-03,73.75,78.5,73.625,78.25,701879
2017-11-06,77.75,81,74.5,78,553847
2017-11-07,78.25,79.25,77,77.5,328654
2017-11-08,77.5,77.75,75.25,76,229995
2017-11-09,75.75,76.75,75.5,75.75,121050
2017-11-10,75.75,77.5,75.5,77,144660
2017-11-13,76.75,77.25,75.75,76.5,174406
2017-11-14,78,78.5,77.75,77.75,203581
2017-11-15,78,78,76.5,76.75,137993
2017-11-16,76.75,77.75,76.75,77,95816
2017-11-17,77,77.5,76.875,77.5,74721
2017-11-20,77.5,77.5,76.75,76.75,104317
2017-11-21,77.5,78.75,77.25,77.25,215069
2017-11-22,77.75,77.75,76.75,77,148521
2017-11-23,76.75,77.25,76.75,77,40693
2017-11-24,77.25,77.5,76.75,77.25,67303
2017-11-27,76.75,77,76,76.75,142821
2017-11-28,76.25,77.25,75.75,76.25,191266
2017-11-29,76,76.5,73.75,73.75,145723
2017-11-30,73.5,76,73,75,335717
2017-12-01,74.75,77.25,74.5,77.25,181900
2017-12-04,76.75,78.75,76.5,78.5,268336
2017-12-05,78.75,79.75,78,79.25,271749
2017-12-06,78.75,80.5,78,79.25,282390
2017-12-07,79.25,80.25,78,79.25,152523
2017-12-08,78.5,80,78.5,79.75,163779
2017-12-11,79.25,80,79,79.25,93188
2017-12-12,80,80.5,78.75,78.75,300494
2017-12-13,79.25,79.5,77.25,78.25,215145
2017-12-14,77.5,78.5,75.25,76.75,359423
2017-12-15,76.75,78.25,76.25,76.75,579607
2017-12-18,77.25,78.75,77.25,77.5,203189
2017-12-19,78.25,78.5,76.5,76.5,632869
2017-12-20,76.5,77,74.75,75.5,227642
2017-12-21,75,77.25,74.5,76.75,381917
2017-12-22,75.75,76.5,75.25,75.5,145398
2017-12-27,75.5,76.5,75.5,75.75,61286
2017-12-28,75.5,76,75,75.25,189549
2017-12-29,75.75,76.5,75.5,75.75,137278
2018-01-02,75.5,76,73.75,74,193123
2018-01-03,73.25,74,72.75,72.75,176208
2018-01-04,72.5,73,70,72.25,327517
2018-01-05,72,72.25,70.5,70.75,161100
2018-01-08,72,72.25,71.25,71.25,139298
2018-01-09,71.25,73.75,70.25,73.75,333560
2018-01-10,73.75,75.5,73,74.25,364250
2018-01-11,73.75,75.25,72.75,75,298460
2018-01-12,74.25,77,74.25,76.5,424818
2018-01-15,76.5,76.75,75.75,76.25,152221
2018-01-16,75.75,76.75,75.75,76.5,268335
2018-01-17,76.5,77.25,76,77,353072
2018-01-18,76.25,78.75,76.25,78.5,397355
2018-01-19,77.75,78.5,77.75,78.25,265914
2018-01-22,77.5,79.75,77.5,78.75,542069
2018-01-23,78.5,80,78.25,78.75,419083
2018-01-24,78.75,79.25,78.25,78.5,224037
2018-01-25,78.25,78.5,76.25,76.75,270115
2018-01-26,75.5,93.75,74.25,88.5,1361275
2018-01-29,89.5,93,88.25,90,769841
2018-01-30,88.5,89.5,85.5,86,387238
2018-01-31,86.5,87,84,87,278252
2018-02-01,86.25,86.75,84.625,85,352464
2018-02-02,84.25,84.75,82.125,82.75,178181
2018-02-05,79.5,82.25,79,79.5,316076
2018-02-06,77.5,79.75,76.25,79.5,365467
2018-02-07,79.75,84,78.5,81.75,351800
2018-02-08,82.25,82.75,79.5,80,304003
2018-02-09,79.5,79.75,77.5,78.25,289985
2018-02-12,78.5,80.5,77.75,80.5,249485
2018-02-13,79.75,80.75,78.75,79.75,182605
2018-02-14,79.75,83.75,79,82.25,300551
2018-02-15,88.75,92.25,88.75,91.5,942567
2018-02-16,91.25,93.75,90,93.25,680375
2018-02-20,92,98,92,98,651671
2018-02-21,97.25,100.25,96,96.25,643091
2018-02-22,96.25,99,95.75,98,373751
2018-02-23,97.75,99.5,96.75,99.5,225970
2018-02-26,99.75,102.5,99.625,101.75,352579
2018-02-27,101.75,103.5,101,102.25,284054
2018-02-28,102.75,104,101.5,101.5,405572
2018-03-01,101,103.25,98.75,99.5,402359
2018-03-02,98.25,100,93.25,99,396630
2018-03-05,99.5,102,98.75,100,271049
2018-03-06,93.5,94.75,90.25,94.25,1225096
2018-03-07,93.5,94.5,92,92,364173
2018-03-08,92.75,94,92.25,93.5,185963
2018-03-09,94,94.5,93.5,93.75,183322
2018-03-12,93.75,94,92.5,92.75,209869
2018-03-13,93,94.5,92,93.75,318939
2018-03-14,93.75,94.5,92.5,93.25,251715
2018-03-15,93,93.75,92.75,93,126527
2018-03-16,93,94.75,92.5,93.75,701924
2018-03-19,93.75,95.5,93.5,94.25,323010
2018-03-20,94.25,94.5,92.5,93.25,268492
2018-03-21,93.25,94,92.875,94,437093
2018-03-22,93.5,94.5,92.5,94.5,599499
2018-03-23,94.25,94.75,93.75,94.25,206241
2018-03-26,94.5,94.75,93.25,94.75,152746
2018-03-27,94.5,96.5,94,94.75,273065
2018-03-28,95,95.75,92.25,93.5,375507
2018-03-29,94.25,94.5,93,93.75,683313
2018-04-02,93.75,93.75,90.25,91.5,227336
2018-04-03,91.5,93,91,92,141664
2018-04-04,91.25,91.25,88.625,91,301148
2018-04-05,91,93.5,91,93,223773
2018-04-06,93.5,94,91.125,91.25,182971
2018-04-09,92.25,92.25,89.25,89.25,128660
2018-04-10,90.5,92,89.75,91.25,222238
2018-04-11,90.75,92.25,90.375,92,202738
2018-04-12,91.5,92.5,91.25,91.25,81291
2018-04-13,92,92,90.5,91,116764
2018-04-16,91,93.25,90.75,92.5,152044
2018-04-17,92.5,94.75,92.25,94.25,154027
2018-04-18,94.5,100,94.25,98,485876
2018-04-19,98,99.25,96.375,98.5,158477
2018-04-20,98.5,100.75,98.25,100,218574
2018-04-23,99.75,101.5,99.25,100.25,346036
2018-04-24,100,101.25,99.5,100.25,173466
2018-04-25,100.75,101,98.25,99.75,290614
2018-04-26,99.75,100.75,99.5,100.5,174390
2018-04-27,100.25,100.625,99,99.75,192113
2018-04-30,99.5,100.75,99.25,99.25,315949
2018-05-01,99.5,100,96.25,96.5,229517
2018-05-02,97,99,96.5,98.25,517229
2018-05-03,100.25,101.25,97.5,100,648208
2018-05-04,100.5,103.75,100.25,103,472107
2018-05-07,103.25,108.5,103,106.5,557926
2018-05-08,106.5,107,104.25,105,253782
2018-05-09,105,105.75,104.25,105.25,169006
2018-05-10,104.75,106,104.25,104.25,173963
2018-05-11,104.5,105.125,103.25,103.5,183176
2018-05-14,103.25,104.75,102.5,104.75,166122
2018-05-15,104.25,106.75,104.125,106.5,257698
2018-05-16,106.25,107,106,107,157400
2018-05-17,107,108,105.5,106.25,222763
2018-05-18,106.25,106.75,105.25,106.5,126478
2018-05-22,106.5,107.75,106,106.25,217768
2018-05-23,106,106.75,105,106.75,173117
2018-05-24,106,107.75,105.75,107.25,226300
2018-05-25,107.5,109.25,107.25,109.25,189171
2018-05-28,112.5,114.5,111.5,114,264506
2018-05-29,113.5,116.25,111,116.25,370689
2018-05-30,116.75,122.25,116.5,121.75,681203
2018-05-31,122.5,124.25,117.5,122,769780
2018-06-01,122,123.5,120,120.75,284662
2018-06-04,120,121.75,118.5,118.5,166256
2018-06-05,118.25,120.75,117,118,260874
2018-06-06,118.25,121.25,117.875,121,172073
2018-06-07,121.5,123.5,121.25,123,268081
2018-06-08,123.5,123.75,120.5,122,211343
2018-06-11,123.75,124.25,122,123,299562
2018-06-12,123.75,123.75,122.5,122.75,162060
2018-06-13,122.75,123.25,121.5,122.75,177720
2018-06-14,122.75,123.5,121.5,122.25,140948
2018-06-15,122.25,123,121.5,121.5,511045
2018-06-18,121.25,131,121.25,129.25,665791
2018-06-19,128.75,129.25,125.75,126.25,389291
2018-06-20,128.25,134,127.5,133.25,391047
2018-06-21,133.75,133.75,130.25,132.5,306096
2018-06-22,132,133,130.25,131.25,185176
2018-06-25,130.5,131.25,126,127.5,262839
2018-06-26,127.25,128.5,125.25,125.25,208944
2018-06-27,126,128.5,126,126.5,145741
2018-06-28,126.5,128.5,124.5,127.25,354375
2018-06-29,128.25,130.5,127,130,293776
2018-07-03,130.5,130.75,125.5,126.75,345176
2018-07-04,126.5,127,123,125.25,190265
2018-07-05,125,130.75,124.5,129.5,452506
2018-07-06,128.75,130.25,126.625,128,318451
2018-07-09,128,132,127.5,131.5,246000
2018-07-10,132,136.5,130.5,135,465345
2018-07-11,137.5,139.5,135.125,135.75,570689
2018-07-12,137.25,137.25,133.75,135,316895
2018-07-13,135.5,136,134,135.25,188181
2018-07-16,135.25,135.75,129.5,130.25,272704
2018-07-17,130.5,131.25,127.5,130.5,256084
2018-07-18,130,130.5,122.75,123,626057
2018-07-19,121,126.75,118.5,125.25,379236
2018-07-20,125,125.25,119.5,121.25,418759
2018-07-23,120.5,121,117.5,119.5,364537
2018-07-24,119,122.75,118.75,120,245520
2018-07-25,120,120.5,118,119,135582
2018-07-26,119,122,119,121,154240
2018-07-27,121,121.25,118.5,120.5,245056
2018-07-30,121.25,121.25,118.75,118.75,128992
2018-07-31,118.5,122.5,118.25,122.5,259344
2018-08-01,121.75,123.25,116.75,118.75,317351
2018-08-02,122.5,125.75,121.75,122.75,469118
2018-08-03,123.75,128.75,122.75,127.75,354322
2018-08-07,127.25,129.5,123.5,124,1228616
2018-08-08,123.25,124,118.75,119,322364
2018-08-09,118.75,120.75,115.5,118.25,322093
2018-08-10,117.75,119.125,115.75,117.5,719705
2018-08-13,116.75,117.5,113,113.25,327098
2018-08-14,112.25,117.5,110.5,117,376005
2018-08-15,115,119.5,115,116,310290
2018-08-16,115.75,118.25,114,114.5,240827
2018-08-17,114,116.25,113.75,116,163258
2018-08-20,116,117.5,113.75,114.75,278980
2018-08-21,114.75,116.25,114.25,115.75,151253
2018-08-22,116,116.75,115.25,115.25,154066
2018-08-23,115.25,116.5,115,115.25,103006
2018-08-24,116.25,116.5,115,116,80223
2018-08-27,115,115.5,112.25,112.5,187408
2018-08-28,111.75,113,109.375,110.25,239429
2018-08-29,109.75,112.5,109.25,111.25,245840
2018-08-30,110.5,113.5,110.25,111.25,158439
2018-08-31,110.75,111.25,107.75,107.75,206617
2018-09-04,105.5,108.25,102.5,105,584938
2018-09-05,104,105.75,103.375,104.75,257283
2018-09-06,103,109,103,107.25,265465
2018-09-07,108.75,113.75,107.75,113.75,340112
2018-09-10,114.25,117.75,113.75,117.25,305133
2018-09-11,116.25,117.75,115,116.25,197516
2018-09-12,115.5,116.5,115,115.25,139714
2018-09-13,115.75,116,113,115,228884
2018-09-14,114.5,116.75,112.5,116,210296
2018-09-17,113.5,116.25,113.5,114.25,251711
2018-09-18,113.5,114.5,112.75,113,199233
2018-09-19,113,115.25,112.5,115,342906
2018-09-20,115,118.5,115,118,185349
2018-09-21,118.25,119.625,114.5,115.5,287944
2018-09-24,116.5,116.75,113.25,113.25,100113
2018-09-25,113.25,114.75,110,111,196345
2018-09-26,110.25,112.75,110,110.75,124716
2018-09-27,111.25,115.5,111,113.75,206002
2018-09-28,115,115.5,112,115,184460
2018-10-01,115,117.75,114.25,116.75,184788
2018-10-02,116,117.5,114,114.5,182799
2018-10-03,114.25,117,113.25,113.75,134082
2018-10-04,113.5,113.5,106.25,107,356546
2018-10-05,107.25,109,104.5,106.75,193549
2018-10-09,106.25,106.5,104,105.25,279517
2018-10-10,104,105.5,95.75,98.75,784110
2018-10-11,94,99.5,92.5,95.5,680035
2018-10-12,96.5,101,96.25,100.25,381107
2018-10-15,101.25,101.25,97.5,99.75,342722
2018-10-16,100,100.5,97.75,100.5,248246
2018-10-17,100,100,96.75,98.25,217324
2018-10-18,97.5,97.75,91.5,92.75,519058
2018-10-19,94,96,90.75,91,291397
2018-10-22,91.25,94,88.25,93.25,497886
2018-10-23,88,90.75,86,87.5,360966
2018-10-24,86.25,88.5,78,80,878733
2018-10-25,80.75,83.5,80.25,82.75,343624
2018-10-26,82,83,76.75,77.25,482559
2018-10-29,77.75,81.25,76.5,78,394525
2018-10-30,78.25,80,76.75,79.25,248015
2018-10-31,81.25,83.25,79,79.75,357764
2018-11-01,80,83,77.75,82.75,321076
2018-11-02,83.25,84.5,80.25,82,319912
2018-11-05,82.75,83,80.75,81.5,532649
2018-11-06,82.5,83,77,77.75,404930
2018-11-07,79.25,80.25,76.25,79.75,447116
2018-11-08,78,78.5,58.5,60.25,2145935
2018-11-09,62.5,68.5,62,66.25,752798
2018-11-12,68.75,69.25,61.5,62.5,903160
2018-11-13,63,64.25,56,56.25,1389574
2018-11-14,56.75,58.25,50.5,55,850185
2018-11-15,55,55.25,49.25,52.25,1169737
2018-11-16,50.25,51.25,39.625,41.75,2915700
2018-11-19,48.5,53.75,45.5,51.75,1780027
2018-11-20,53.25,54.5,49.125,53.25,1196041
2018-11-21,56.25,58.25,54.875,56.5,1120114
2018-11-22,56.25,62.75,55.75,62.5,638982
2018-11-23,64.25,64.25,56.5,60,760133
2018-11-26,61.5,61.5,55,56,1084167
2018-11-27,53.75,57,53.75,56.25,398387
2018-11-28,56.5,56.75,52.5,53.25,437612
2018-11-29,52.75,55.5,50.75,54.25,525165
2018-11-30,54.75,57.5,54.5,55.5,513811
2018-12-03,56.5,59,56.25,56.5,485510
2018-12-04,56.75,57,52,53,370427
2018-12-05,53,55.25,52.25,55,261555
2018-12-06,55.5,56.25,50.25,54.5,576784
2018-12-07,55,59.25,54.75,56.25,483577
2018-12-10,55.5,55.75,51.25,52.5,850185
2018-12-11,53.75,56,53.5,54.5,390756
2018-12-12,56.75,59.25,55.75,56.25,390344
2018-12-13,57,57.5,52.5,52.75,970353
2018-12-14,52.5,53.5,50.5,50.5,290311
2018-12-17,50,51.75,47.5,50.5,475274
2018-12-18,50.75,51.75,48.25,48.25,694561
2018-12-19,48.75,51.25,46.75,46.75,898505
2018-12-20,47.25,50,47,49,416618
2018-12-21,50,52,47.75,47.75,797881
2018-12-24,48,48.25,45,46.5,202125
2018-12-27,48,49,46,47.25,250694
2018-12-28,48,51,47,50.25,343451
2018-12-31,51.25,52,49.5,50.75,200710
2019-01-02,50.75,54.5,50,53.25,355080
2019-01-03,53.25,54.875,51.875,53.75,242014
2019-01-04,55,57,54.25,55.5,433199
2019-01-07,56.25,56.75,54.75,55.25,276340
2019-01-08,55.25,55.75,53.25,53.5,229822
2019-01-09,54.5,57.25,53.75,57,465499
2019-01-10,57.25,58,55.5,55.75,384150
2019-01-11,55.75,56.25,54,54.25,312777
2019-01-14,54.25,55.25,52.75,53,238432
2019-01-15,53.5,54.25,52.75,52.75,181971
2019-01-16,53,53.5,49.75,50.5,667373
2019-01-17,50.5,52.875,49.75,52.25,444703
2019-01-18,53.25,53.75,52,52.5,457458
2019-01-21,53,53,51.5,52.25,62928
2019-01-22,52.25,52.5,50.5,51.5,212444
2019-01-23,51.5,52.25,50.5,50.5,185180
2019-01-24,50.75,51.25,48,48.25,442072
2019-01-25,48.75,50.5,46.25,50,504511
2019-01-28,50,50.25,48,48.75,345444
2019-01-29,48.75,49,47.5,47.5,275202
2019-01-30,48.25,48.75,47.75,48.5,212616
2019-01-31,48.75,50.25,47.75,49.75,461044
2019-02-01,49.75,49.75,48.75,49.25,172917
2019-02-04,48.75,49,47.5,47.75,240406
2019-02-05,47.5,48.5,46.5,48.25,247788
2019-02-06,48.75,52,48,51.25,656531
2019-02-07,52.5,54.5,51.75,53.75,409736
2019-02-08,53.75,54.25,51.25,51.5,185468
2019-02-11,52,52.25,49.75,50,335567
2019-02-12,50.5,51,48.75,50.5,351643
2019-02-13,50.5,51,49.75,51,190799
2019-02-14,54.5,63.25,54.25,62.75,1743795
2019-02-15,62.25,69.25,62,62.5,1139303
2019-02-19,63.25,69,61.875,69,836666
2019-02-20,70,73,68.25,71,922983
2019-02-21,72,73.5,67,69.5,755889
2019-02-22,70,71,68.625,69.75,342122
2019-02-25,70.75,71.5,69.25,69.75,418500
2019-02-26,69.25,70.25,66.5,67,526658
2019-02-27,66.5,67.25,64,65.75,466928
2019-02-28,66.25,70.5,64.75,70,633601
2019-03-01,71.5,73.5,70.5,72.5,687979
2019-03-04,73.25,75.75,71.375,73,838198
2019-03-05,72.5,74.25,72.25,73.75,449826
2019-03-06,73.25,73.75,70,70.75,537952
2019-03-07,70.25,72.25,68,72,475386
2019-03-08,69.75,71.5,69.5,71,329348
2019-03-11,71,73,70.5,71.25,260852
2019-03-12,71.75,72.75,70.25,70.5,281689
2019-03-13,70,72.5,69.75,72.25,309169
2019-03-14,73,73,70.5,71.25,335446
2019-03-15,71.25,71.75,70.5,71.5,670768
2019-03-18,71.25,72,70.25,71,224179
2019-03-19,71.25,71.75,71,71.75,203873
2019-03-20,71.25,71.75,70,70,233495
2019-03-21,70.25,71,70,70.5,184812
2019-03-22,70.25,70.25,66.75,68,2010168
2019-03-25,67.25,68.25,65.5,68,280253
2019-03-26,68.75,69.5,67.25,67.5,192388
2019-03-27,67.25,67.75,66.25,67.25,181553
2019-03-28,66.5,67.5,66,67.25,196083
2019-03-29,66.5,67,63.25,64.25,846222
2019-04-01,65.5,67.5,64.25,67,468895
2019-04-02,67.25,68,65.75,67.5,233279
2019-04-03,67.5,70.25,67.25,69.25,468766
2019-04-04,69,69.25,67.75,67.75,161338
2019-04-05,68.25,70.25,67.875,69.75,215369
2019-04-08,69.25,70,68.25,68.75,208950
2019-04-09,68.25,69,67,68.75,193735
2019-04-10,68.75,69.75,67.5,68,201295
2019-04-11,67.75,68.75,67.5,68.25,133854
2019-04-12,68,68.75,67.5,67.75,130282
2019-04-15,67.75,68.25,65.75,65.75,559358
2019-04-16,66,68,66,67.5,235403
2019-04-17,67.75,68,66,66.25,163285
2019-04-18,66.5,68.5,66,68.5,222456
2019-04-22,68,68.5,67.75,68.25,49094
2019-04-23,68.25,71.25,68,71,359098
2019-04-24,71.25,73,71,73,242432
2019-04-25,60,64.25,54.5,62,3033880
2019-04-26,61,61,57.75,58.5,3087421
2019-04-29,58.75,61,58.5,59,372308
2019-04-30,59.75,60,57.25,57.25,343929
2019-05-01,56.75,58.75,56.5,58.5,390552
2019-05-02,56.25,58.25,52.25,55.5,892194
2019-05-03,56.25,58,54.5,57.25,386805
2019-05-06,56.5,56.75,55,55.25,197636
2019-05-07,55.25,55.5,53,54.5,491219
2019-05-08,54.75,55.75,54.25,54.25,190358
2019-05-09,54.25,55.25,53.5,53.75,192402
2019-05-10,53.5,54,52.25,53.25,319363
2019-05-13,52.25,52.75,51.5,52.25,230547
2019-05-14,52.5,52.5,51.25,51.25,198740
2019-05-15,51,51.5,50,50,438375
2019-05-16,50,53.75,50,53.75,515192
2019-05-17,54,54.25,52.75,52.75,272233
2019-05-21,52.75,55.25,52.5,54.75,275337
2019-05-22,55.75,55.75,52.25,52.5,286157
2019-05-23,52,52.25,50.625,52,232987
2019-05-24,52.25,53,51.25,51.75,138763
2019-05-27,51.75,52.5,51.75,51.75,53811
2019-05-28,53.25,54.5,51.75,51.75,710508
2019-05-29,51.75,52.125,50.5,51.25,157866
2019-05-30,51.25,52,50.5,50.5,246494
2019-05-31,50.5,50.75,49.625,50.75,295087
2019-06-03,50.75,50.75,49.25,50,435882
2019-06-04,50,50.25,49,49,194270
2019-06-05,50,56.5,50,53.75,716278
2019-06-06,54.25,54.75,51.5,51.5,271709
2019-06-07,51.75,52.5,51.25,51.75,219570
2019-06-10,52.25,55,52,53.5,237386
2019-06-11,54.25,54.75,53,54.75,185336
2019-06-12,54.5,54.75,53.25,54.5,219451
2019-06-13,54.75,54.75,53.75,54.5,166826
2019-06-14,54.5,54.75,53.75,54.5,161875
2019-06-17,55.5,60.5,55.25,60,488876
2019-06-18,60.5,61.5,56.25,56.5,428745
2019-06-19,56.75,57,54.5,54.75,248776
2019-06-20,55.5,56.75,55,56.25,225618
2019-06-21,56.25,57.5,55.5,56.25,631906
2019-06-24,56,56,54.75,54.75,162238
2019-06-25,57.25,57.5,56,56.25,279866
2019-06-26,56.25,56.5,53.5,56.25,326532
2019-06-27,56,56,55,55.25,190537
2019-06-28,55,55.25,54,55,386382
2019-07-02,55.25,55.25,53.5,53.75,182819
2019-07-03,54,55.25,53.75,55.25,123010
2019-07-04,55.25,55.5,54.5,55.5,57732
2019-07-05,55,57,55,57,147284
2019-07-08,56.25,56.75,55.25,55.25,184736
2019-07-09,55,55.75,54.5,55.5,82419
2019-07-10,54.75,55.5,54.75,55.5,95322
2019-07-11,54.75,55.75,54.5,55,126916
2019-07-12,54.75,55.5,54.75,55,118338
2019-07-15,55,55.25,54.5,55.25,127155
2019-07-16,54.75,57.25,54.75,56,220772
2019-07-17,55.5,56,55,55,149661
2019-07-18,55.25,55.25,51.25,53,385669
2019-07-19,53.25,53.25,52,52,74860
2019-07-22,52,53.25,51.5,52.75,106579
2019-07-23,52.5,53.75,52.5,53.25,69685
2019-07-24,53,54.75,53,54.25,104009
2019-07-25,54.5,55.25,53.625,54.75,209391
2019-07-26,55,55.25,54.5,55.25,85699
2019-07-29,55.75,57.5,55.5,57.25,408288
2019-07-30,57,57.25,55.625,57.25,177473
2019-07-31,57.25,58.5,56,56.75,334186
2019-08-01,50,50.5,44.5,47.75,1511023
2019-08-02,47.5,48.25,46.25,46.25,442613
2019-08-06,47.5,48.5,45.25,47,479699
2019-08-07,46.5,47,45.25,46,276863
2019-08-08,46,46.75,46,46.5,147337
2019-08-09,46.75,46.75,45,45.25,290950
2019-08-12,45,45,42.75,43.25,345482
2019-08-13,43,44.5,43,43.75,213032
2019-08-14,43.75,43.75,42.5,42.75,254017
2019-08-15,42.5,42.75,39,39.75,337917
2019-08-16,39,42,38.25,41.5,370744
2019-08-19,42,43,40.75,42.5,311847
2019-08-20,42.25,43.25,42,42,201506
2019-08-21,42.5,43,41.75,42.75,111271
2019-08-22,42.75,43.5,42.5,43,151942
2019-08-23,43,43,39.5,39.5,514137
2019-08-26,40,42.5,40,41.75,249714
2019-08-27,42.25,42.75,41.75,42.5,274911
2019-08-28,42.75,42.75,41.25,41.75,117538
2019-08-29,42,43,42,42.25,219698
2019-08-30,42.5,43.5,42.25,43,213492
2019-09-03,42.75,45,42.75,45,197255
2019-09-04,45.25,46.25,44.5,44.5,186808
2019-09-05,45.25,46.75,44.75,45,297464
2019-09-06,45.5,45.75,44.25,44.5,129833
2019-09-09,44.25,45.75,44,45.5,216917
2019-09-10,45.5,47.25,45,47,374963
2019-09-11,47.25,48,46.5,47.75,294982
2019-09-12,47.75,48.375,47,48,228880
2019-09-13,48,48.25,46.75,47,218764
2019-09-16,47,47.5,46,46.5,181495
2019-09-17,46.25,46.75,45.875,46.5,121892
2019-09-18,46.25,47.75,46.25,47.75,232878
2019-09-19,47.5,48.25,47,48,248569
2019-09-20,47.75,48,46.5,47,379418
2019-09-23,47.25,47.75,46.75,47.75,101625
2019-09-24,47.75,47.75,44.5,44.75,287437
2019-09-25,44.75,45.5,44.5,45,96050
2019-09-26,45.25,45.5,42.5,43.5,177804
2019-09-27,43.5,43.5,42.75,43.5,116695
2019-09-30,43.25,45.5,43.25,44.75,189795
2019-10-01,44.75,45.5,39.75,40,453227
2019-10-02,41,41.25,38.75,39,282727
2019-10-03,39.5,41.25,38.25,39.25,307205
2019-10-04,40,41.5,39.5,41,227897
2019-10-07,40.5,41.5,40,40,118583
2019-10-08,39.75,40.5,38.5,39,207422
2019-10-09,39.75,40.5,39.25,39.5,202991
2019-10-10,39.5,41,39.25,40.5,130876
2019-10-11,41.25,41.25,39.25,39.25,195061
2019-10-15,40,40.75,39.25,40.75,268981
2019-10-16,40,41,39.75,40.75,145456
2019-10-17,41,41.125,40.25,40.25,125121
2019-10-18,40.75,40.75,40.25,40.25,61522
2019-10-21,40.5,41,39.75,41,171115
2019-10-22,41,41,40.5,40.5,278269
2019-10-23,40.5,41,40.5,41,81355
2019-10-24,41,41,39.75,39.75,138324
2019-10-25,40.25,40.75,39.75,40.25,93045
2019-10-28,40.75,41,39.75,39.75,102403
2019-10-29,39.5,40,39,39.25,160039
2019-10-30,39.75,39.75,39,39.75,129959
2019-10-31,39.75,44.5,39.25,41.5,589349
2019-11-01,41.5,45.5,41.5,45.25,469070
2019-11-04,45.75,49,45.5,48.75,526126
2019-11-05,49,49.5,46.5,48,275978
2019-11-06,47.75,48.25,47,48.25,158114
2019-11-07,48.5,50,48.25,49.75,296036
2019-11-08,49.75,50.5,49,50.5,230667
2019-11-11,50,51.75,49.75,51.75,134378
2019-11-12,51.75,52.5,48.375,48.5,277670
2019-11-13,48.25,50.5,48,49.75,190583
2019-11-14,50,50.875,49.75,50.75,118068
2019-11-15,50.75,51.5,50.5,51.5,98864
2019-11-18,51,51.75,50.5,51.75,115195
2019-11-19,51.5,52,50.25,51.75,155864
2019-11-20,51.25,53,51.25,52.75,242000
2019-11-21,52.5,53.75,52.5,53.75,162342
2019-11-22,53.25,53.5,49.75,50.75,345710
2019-11-25,51.25,51.5,50.375,51,282179
2019-11-26,50.5,51.5,50.5,50.75,143428
2019-11-27,50.75,51.5,50.25,50.75,135544
2019-11-28,50.5,50.75,50.25,50.25,25605
2019-11-29,50,50.125,49.25,49.25,132832
2019-12-02,49.25,50.5,49.25,50.25,102979
2019-12-03,50,50,48.625,48.75,391456
2019-12-04,49,49.75,48.75,48.75,115551
2019-12-05,49.25,49.5,47.75,48.25,175759
2019-12-06,48.75,49.75,48.375,49.5,206822
2019-12-09,48.75,49.75,48,48.5,174191
2019-12-10,48.5,49.5,47.75,48,233057
2019-12-11,48,48.375,47,47,383441
2019-12-12,47.25,48.25,47,48,143531
2019-12-13,48.5,48.5,47.5,48,291340
2019-12-16,47.75,48.5,47.75,48,159410
2019-12-17,47.5,48,47.5,47.5,95038
2019-12-18,47.5,47.5,46.5,47.25,165448
2019-12-19,47.25,49.25,46.75,48.75,264625
2019-12-20,47.75,48.75,46.5,46.75,495582
2019-12-23,47,47.5,46.875,47,181272
2019-12-24,47.25,48,47,48,76287
2019-12-27,47,48.25,47,47.75,152728
2019-12-30,47.75,48.75,47.75,48.25,139516
2019-12-31,48.25,49,48,48.25,85837
2020-01-02,49,49.25,48.5,49,120299
2020-01-03,48.75,49,48.25,48.5,112060
2020-01-06,48.25,48.5,47.5,47.75,178174
2020-01-07,47.5,48.25,47.5,48.25,136159
2020-01-08,48,48.25,46,46.75,328193
2020-01-09,46,46.75,45.75,46.75,149771
2020-01-10,46.75,46.75,45.25,45.25,152543
2020-01-13,45.25,45.5,44.25,44.5,181762
2020-01-14,44.5,45.25,44,45,124171
2020-01-15,45.25,45.5,44.75,44.75,81322
2020-01-16,31.25,31.75,27.5,30.5,2415872
2020-01-17,31.5,31.5,27.75,28,1360034
2020-01-20,28,30.75,28,30.5,696714
2020-01-21,30.5,32.5,29.5,32.25,1007127
2020-01-22,33.75,36,31.5,32,796177
2020-01-23,32.25,33,30.25,30.75,443040
2020-01-24,31,31.5,30,30.5,287178
2020-01-27,30.75,31.25,29,30,456995
2020-01-28,30,32.5,30,32.5,388603
2020-01-29,32.75,33.25,31.25,31.75,302293
2020-01-30,31.75,32.5,31,31,183927
2020-01-31,31.5,31.75,30.5,30.75,276919
2020-02-03,31.25,32.75,31,32.5,367460
2020-02-04,33.25,38.5,32.75,38.25,1408919
2020-02-05,36.25,38.5,35.5,36.75,948991
2020-02-06,36.25,38,35.75,35.75,611298
2020-02-07,35.5,37.625,34.5,36.75,612825
2020-02-10,37.5,38,36.625,37.5,539931
2020-02-11,37.25,37.5,35,35.5,456162
2020-02-12,36,39.25,35,39.25,1192210
2020-02-13,39.5,43,35.75,41.75,1291234
2020-02-14,41,43.5,39.25,41.25,706793
2020-02-18,45.25,45.5,35.5,37.25,1613716
2020-02-19,37.25,39,35.75,36.5,436946
2020-02-20,36.25,37,35,35,396970
2020-02-21,34.75,34.75,31,31.25,905598
2020-02-24,28.75,31.125,28.75,30.25,441002
2020-02-25,30.25,32.75,29.5,30,482685
2020-02-26,30.25,30.625,29.25,29.5,895147
2020-02-27,29.5,30,26.75,28,354407
2020-02-28,26.75,27.25,23.75,24,1523381
2020-03-02,25.5,27.25,24.5,26.5,1133135
2020-03-03,27.5,27.75,25,25.75,472631
2020-03-04,26.25,26.25,25,25.25,315394
2020-03-05,25,25.5,23.25,24,527161
2020-03-06,23.25,23.5,22,23,611100
2020-03-09,20.5,22.25,20,22.25,701340
2020-03-10,22.5,23.75,20.75,21.25,529340
2020-03-11,21.75,21.75,20,20.75,323712
2020-03-12,20,20.75,15.75,16,1193216
2020-03-13,16.5,19.75,16.5,19.5,1020304
2020-03-16,18,18.5,14.75,15.25,903491
2020-03-17,16,16.75,13.75,15,922974
2020-03-18,14.25,14.25,9.5,11.25,1762851
2020-03-19,11,12.5,10.125,12,906632
2020-03-20,12.75,13,11.5,12.25,1261452
2020-03-23,11.75,12,10.25,10.75,525589
2020-03-24,11.75,12.25,10.75,11,617444
2020-03-25,11.375,13.75,11.125,12.5,1147730
2020-03-26,13,14.5,12.5,12.75,904285
2020-03-27,12.75,13,11,11.375,930715
2020-03-30,11.625,11.75,10.25,10.625,698291
2020-03-31,10.875,11.5,10.5,11.375,967275
2020-04-01,10.75,11.125,10.5,10.75,482804
2020-04-02,10.75,11,10.5,10.625,442497
2020-04-03,10.5,10.625,9.625,10.125,797305
2020-04-06,10.375,11,10.125,10.5,794965
2020-04-07,11,12.25,10.625,11.125,759771
2020-04-08,11.375,12.25,11.25,11.875,689549
2020-04-09,12.25,13.25,11.875,11.875,989098
2020-04-13,12.375,12.375,11.375,11.5,287256
2020-04-14,11.875,12.25,11.625,11.75,432431
2020-04-15,11.75,11.875,11.125,11.375,398166
2020-04-16,11.25,11.375,10.5,10.625,420371
2020-04-17,11.75,11.75,10.75,10.75,608032
2020-04-20,10.75,11,10.5,10.5,344105
2020-04-21,10.5,10.625,10,10.25,490202
2020-04-22,10.375,10.5,10,10.5,376257
2020-04-23,10.375,10.875,10.375,10.625,387345
2020-04-24,10.75,10.75,10.375,10.5,163043
2020-04-27,10.5,10.75,10.375,10.625,245089
2020-04-28,10.625,10.75,10.375,10.75,313475
2020-04-29,10.875,12.25,10.875,12,978131
2020-04-30,12.5,12.75,11.625,12.25,790891
2020-05-01,12.125,12.125,11.125,12.125,1075976
2020-05-04,11.5,12.375,11.5,12.375,521677
2020-05-05,12.5,13.5,12.375,13.25,701919
2020-05-06,13.75,14.25,13.25,13.25,539416
2020-05-07,14.25,14.25,11.25,11.25,1399670
2020-05-08,11.25,11.375,10.625,11,755620
2020-05-11,11,11.125,10.625,10.75,515136
2020-05-12,10.875,11,10.625,10.875,231681
2020-05-13,10.875,10.875,10.5,10.625,458885
2020-05-14,10.5,11,10.1875,10.75,366572
2020-05-15,10.625,10.75,10.25,10.25,412961
2020-05-19,10.75,11.75,10.625,11.5,743124
2020-05-20,11.625,12.75,11.5,12.5,654594
2020-05-21,12.5,13,12,12.125,467009
2020-05-22,12.375,12.5,12,12.375,437519
2020-05-25,12.25,12.75,12.125,12.375,271524
2020-05-26,12.75,13.25,12.375,12.75,465631
2020-05-27,13.25,13.25,12.25,13,415018
2020-05-28,12.75,12.75,12,12,447738
2020-05-29,12,12.125,11,11.125,4892816
2020-06-01,11.5,11.625,11,11.25,273892
2020-06-02,11.5,11.5,11.125,11.125,276793
2020-06-03,11.375,12,11.25,11.875,390970
2020-06-04,11.875,12.5,11.75,12.125,518107
2020-06-05,12,12.375,11.75,11.75,706061
2020-06-08,12.5,14.5,12.5,14.5,1402286
2020-06-09,14.5,17.25,14.375,15.75,1613327
2020-06-10,16,16.75,13.75,14.5,813391
2020-06-11,12.75,13.5,11.75,12,867749
2020-06-12,13,13.25,12.5,13,409538
2020-06-15,12,12.125,11.5,11.5,805292
2020-06-16,12.125,13,11.75,12.375,863964
2020-06-17,12.5,13.25,12.375,12.75,733195
2020-06-18,13,13,12,12.25,591103
2020-06-19,12.25,12.3125,11.5,11.625,5822398
2020-06-22,11.5,11.75,11.375,11.75,426149
2020-06-23,11.875,12,11.5,11.5,257199
2020-06-24,11.625,11.625,11,11.125,376289
2020-06-25,11.25,11.5625,10.625,11,482645
2020-06-26,11.25,11.375,10.75,10.75,181647
2020-06-29,10.875,11,10.625,11,201640
2020-06-30,11.375,11.375,10.5,10.5,521148
2020-07-02,10.875,11.125,10.75,10.875,315233
2020-07-03,11.125,11.125,10.75,10.75,74065
2020-07-06,11,11.125,10.75,11,199114
2020-07-07,11,11,10.75,10.875,95777
2020-07-08,10.875,11,10.625,10.875,178947
2020-07-09,10.875,10.875,10.5,10.625,249197
2020-07-10,10.75,10.875,10.625,10.875,110062
2020-07-13,10.875,11,10.625,10.625,196405
2020-07-14,10.625,10.75,10.5,10.5,100720
2020-07-15,10.75,11,10.75,11,199282
2020-07-16,10.75,11,10.75,10.75,128647
2020-07-17,10.875,11.25,10.75,11,222199
2020-07-20,11.125,11.25,11,11.125,69128
2020-07-21,11.125,11.5,11.125,11.375,151681
2020-07-22,11.75,12.75,11.625,12.125,694206
2020-07-23,12.375,12.375,11.375,11.375,423235
2020-07-24,11.375,11.375,10.625,10.75,452474
2020-07-27,10.75,10.875,10.625,10.75,403593
2020-07-28,10.875,11.25,10.75,10.875,196486
2020-07-29,11,11.125,10.875,11,280080
2020-07-30,11,11.25,11,11.25,134734
2020-07-31,11.25,11.875,11.25,11.625,342170
2020-08-04,11.75,11.75,10.875,11,401409
2020-08-05,11,11.125,10.75,10.75,199251
2020-08-06,10.75,10.875,10.375,10.75,429388
2020-08-07,10.625,11,10.5,10.625,136029
2020-08-10,10.75,10.75,10.25,10.375,581045
2020-08-11,10.5,10.5,10.25,10.375,277701
2020-08-12,10.5,10.625,10.375,10.5,85149
2020-08-13,10.5,10.5,10.25,10.5,184866
2020-08-14,10.375,10.5,10.375,10.375,81350
2020-08-17,10.5,10.5,10.25,10.25,53757
2020-08-18,10.375,10.375,10.125,10.125,173537
2020-08-19,10.125,10.125,10,10.125,96468
2020-08-20,10.25,10.25,10,10,65866
2020-08-21,10,10.125,9.75,10,156883
2020-08-24,9.875,10,9.75,10,83866
2020-08-25,10,10.5,10,10.375,121497
2020-08-26,10.5,10.5,10,10.125,141653
2020-08-27,10.125,10.375,10,10.125,111118
2020-08-28,10.125,10.375,10,10.25,93263
2020-08-31,10.125,10.375,10.125,10.25,197060
2020-09-01,10.125,10.25,10,10.125,71451
2020-09-02,10.125,10.25,10,10.125,65938
2020-09-03,10.125,10.125,10,10,79694
2020-09-04,9.875,10,9.75,9.75,132664
2020-09-08,9.75,10.125,9.75,9.75,98887
2020-09-09,9.75,10.25,9.75,10.125,93149
2020-09-10,10.25,10.375,10.125,10.375,143950
2020-09-11,10.25,10.375,10.125,10.125,80790
2020-09-14,10.125,10.375,10.125,10.25,105850
2020-09-15,10.125,10.375,10.125,10.25,67886
2020-09-16,10.375,11.125,10.375,10.875,580524
2020-09-17,10.875,10.875,10.25,10.5,175793
2020-09-18,10.375,10.5,9.875,10.375,366244
2020-09-21,10.125,10.125,9.625,9.875,296577
2020-09-22,9.625,9.75,9.375,9.375,296274
2020-09-23,9.25,9.375,8.875,9,326464
2020-09-24,9,9,8.25,8.5,292084
2020-09-25,8.625,8.75,8.4375,8.75,227696
2020-09-28,8.875,9,8.625,8.875,199336
2020-09-29,8.625,8.75,8.5,8.625,103836
2020-09-30,8.625,8.6875,8.25,8.25,344839
2020-10-01,8.25,8.625,8.25,8.5,215144
2020-10-02,8.375,8.625,8.375,8.5,253601
2020-10-05,8.5,8.625,8.375,8.625,135689
2020-10-06,8.625,8.875,8.625,8.625,280278
2020-10-07,8.625,8.75,8.625,8.625,100161
2020-10-08,8.625,8.75,8.5,8.625,164746
2020-10-09,8.75,8.75,8.5,8.5,120490
2020-10-13,8.625,8.875,8.5,8.625,156288
2020-10-14,8.75,8.75,8.375,8.375,165789
2020-10-15,8.5,8.5,8.125,8.25,148845
2020-10-16,8.25,8.375,8,8.125,169863
2020-10-19,8.25,8.375,8,8.25,177378
2020-10-20,8.125,8.375,8.125,8.25,116787
2020-10-21,8.25,8.25,8.125,8.125,109763
2020-10-22,8,8.25,8,8.125,47078
2020-10-23,8.25,8.25,8,8,123496
2020-10-26,8.125,8.375,8,8.25,188599
2020-10-27,8.25,8.25,8,8.125,93992
2020-10-28,8.125,8.125,7.75,7.875,174741
2020-10-29,7.75,7.875,7.5,7.625,161603
2020-10-30,7.625,7.625,6.5,7,367348
2020-11-02,7,7.375,6.75,7.375,156986
2020-11-03,7.5,7.875,7.25,7.5,222851
2020-11-04,7.625,7.625,7.125,7.375,190598
2020-11-05,7.625,7.75,7,7.5,348225
2020-11-06,7.25,7.5,7.25,7.375,136912
2020-11-09,7.75,8.125,7.625,7.625,488929
2020-11-10,7.75,7.875,7.625,7.75,203909
2020-11-11,7.5,7.625,7.375,7.375,153774
2020-11-12,7.5,7.625,7.25,7.25,169897
2020-11-13,7.375,7.375,6.875,7,279917
2020-11-16,7.25,7.5,7.125,7.5,277450
2020-11-17,7.5,7.5625,7.25,7.5,182443
2020-11-18,7.5,7.875,7.375,7.75,468051
2020-11-19,7.875,8.5,7.625,8.5,335732
2020-11-20,8.75,10.375,8.5,9.625,1176755
2020-11-23,10,10.625,9.75,10.25,567805
2020-11-24,10.5,10.5,10,10,343834
2020-11-25,10.25,10.25,10,10.25,164705
2020-11-26,10.25,10.75,10,10.75,303288
2020-11-27,10.875,12.5,10.875,12.375,879388
2020-11-30,13,14.5,12.75,13.25,978009
2020-12-01,13.5,14,11,12.375,833625
2020-12-02,12.25,13,11.75,12.75,252054
2020-12-03,12.75,12.75,12.25,12.5,234655
2020-12-04,12.5,12.75,12.375,12.5,218420
2020-12-07,12.75,12.75,12,12.5,335425
2020-12-08,12.375,12.75,12.25,12.5,128421
2020-12-09,12.75,12.75,12.25,12.375,163781
2020-12-10,12.25,12.3125,12,12,199961
2020-12-11,12,12,11.375,11.5,234249
2020-12-14,11.375,11.625,11.375,11.375,155877
2020-12-15,11.25,11.5,10.75,11.5,293013
2020-12-16,11.5,11.875,11.25,11.75,162994
2020-12-17,11.75,12.25,11.5,12.125,176553
2020-12-18,12.25,12.75,12,12,360758
2020-12-21,11.625,11.75,11.125,11.75,235029
2020-12-22,12,12.25,11.5,11.75,160224
2020-12-23,11.75,11.875,11.5625,11.75,149919
2020-12-24,12,12.5,11.875,12.375,237828
2020-12-29,12.125,12.25,11.875,12,262506
2020-12-30,12,12.25,11.875,12.125,74498
2020-12-31,12.125,12.3125,12,12,130685
2021-01-04,12.125,12.125,11.625,11.75,172532
2021-01-05,11.75,11.875,11.5625,11.75,136606
2021-01-06,11.75,12.5,11.75,12.125,257327
2021-01-07,12.375,12.75,12.125,12.5,336569
2021-01-08,12.5,12.75,12.25,12.75,169681
2021-01-11,12.5,13,12.375,12.75,258794
2021-01-12,13,13.25,12.75,13.25,208963
2021-01-13,13,14.25,13,14,327504
2021-01-14,14.25,15.25,14.125,14.75,345880
2021-01-15,15,15,14.25,15,275429
2021-01-18,14.75,15,14.75,15,79029
2021-01-19,15,15,14.75,14.75,116189
2021-01-20,14.75,17,14.75,16.75,492171
2021-01-21,17.5,19.75,17.5,19.5,1059399
2021-01-22,19.5,19.75,18,19,543849
2021-01-25,18.75,19.25,17.25,18,516271
2021-01-26,17.75,18.75,17.125,17.25,391759
2021-01-27,16.25,17.5,15.25,17.25,410842
2021-01-28,16.5,18,16.5,17.5,215777
2021-01-29,17.75,17.75,15.25,15.25,582039
2021-02-01,15.25,16,15.25,16,241052
2021-02-02,16.25,17,16.25,16.25,206643
2021-02-03,16.25,16.5,15.5,16,219247
2021-02-04,16,16.25,15.75,16,98591
2021-02-05,15.75,16,15.5,16,171363
2021-02-08,15.75,16,15.5,16,209534
2021-02-09,15.75,16,15.75,16,113563
2021-02-10,15.75,18.75,15.75,18.25,653370
2021-02-11,16.5,17.75,15.25,15.25,991698
2021-02-12,16,16.25,15.5,15.5,361737
2021-02-16,16,16.875,15.75,16,444113
2021-02-17,16,16.25,15.25,15.25,420021
2021-02-18,15.25,15.5,13.75,14.25,525278
2021-02-19,14.5,14.75,14,14.5,212184
2021-02-22,14.75,14.75,14,14.25,162206
2021-02-23,14.25,14.5,13.25,14,301138
2021-02-24,14,15,14,14.75,242978
2021-02-25,15,15,14,14.5,204404
2021-02-26,14.5,14.5,13.75,14,204258
2021-03-01,14.5,14.75,14,14.75,154611
2021-03-02,14.75,15,14.25,14.75,317670
2021-03-03,14.75,15.25,14.5,15,227565
2021-03-04,15.5,16.25,14.5,16.25,828355
2021-03-05,16.5,17.5,15.75,17.5,1108937
2021-03-08,18,18.25,17.5,17.75,444853
2021-03-09,17.75,18,17.375,17.75,179901
2021-03-10,17.5,17.75,16.875,17.25,170554
2021-03-11,17.25,17.5,16.75,17.25,193391
2021-03-12,17,17.75,16.75,17.75,355075
2021-03-15,17.75,18.25,17.5,17.75,311942
2021-03-16,18,18.5,17.75,18.25,464586
2021-03-17,18,18.75,18,18.5,209644
2021-03-18,18.5,19,18.25,18.75,577826
2021-03-19,18.5,19.25,18.25,18.75,401347
2021-03-22,18.75,21,18.75,20.75,660338
2021-03-23,20.75,22.75,19.25,19.5,938924
2021-03-24,20.25,21,19.5,19.5,297425
2021-03-25,19.5,20.75,19,20.25,230988
2021-03-26,20.5,21.25,20.25,21.25,345150
2021-03-29,20.5,22,20.5,21.5,336760
2021-03-30,21.5,22.5,21.5,22.5,330260
2021-03-31,22.75,24.5,22.75,24.25,819880
2021-04-01,24.5,25.75,23.5,24.25,874831
2021-04-05,25,25.25,24,24.25,289861
2021-04-06,25,25.25,24.25,25.25,340251
2021-04-07,25.25,26.25,24.5,25,520162
2021-04-08,25,25,23.75,24.5,345949
2021-04-09,24.25,24.5,23.75,24,138168
2021-04-12,23.75,24,22.5,23.25,293978
2021-04-13,23.5,23.5,22.25,22.5,280160
2021-04-14,22.5,23.25,22,23.25,219036
2021-04-15,23.25,23.25,22.5,23,117615
2021-04-16,22.75,22.75,22,22.25,221966
2021-04-19,21.75,24,21.25,23.5,370358
2021-04-20,23.5,23.5,22.25,22.75,178995
2021-04-21,22.5,23.5,22.25,23.25,173826
2021-04-22,23,23.25,22.5,22.5,109353
2021-04-23,22.75,23.5,22.5,23,141059
2021-04-26,23,23.5,23,23.5,76585
2021-04-27,23.75,23.75,23.25,23.5,175910
2021-04-28,23.25,23.5,22.75,23,187573
2021-04-29,23.25,23.5,22.75,23,76382
2021-04-30,22.75,23.25,22.5,23,116912
2021-05-03,23.25,24.25,23,23.75,306202
2021-05-04,23.75,23.75,23,23.25,137739
2021-05-05,23.5,23.5,22.25,22.25,294298
2021-05-06,23,23.25,21.5,22.5,239335
2021-05-07,22.5,23.5,22.125,23.5,383879
2021-05-10,23,23.25,22,22.25,309374
2021-05-11,22,22.25,21.75,21.75,157030
2021-05-12,21.75,22.25,21.5,21.5,119109
2021-05-13,21.75,22.125,21.5,21.5,102283
2021-05-14,21.75,22.5,21.5,21.75,109717
2021-05-17,22,22.5,21.75,22.25,126826
2021-05-18,22.5,23,22.5,23,198631
2021-05-19,22.75,23,22,23,122032
2021-05-20,22.75,23,22.5,23,100562
2021-05-21,22.75,23,22.5,23,72967
2021-05-25,23,23.25,22.5,22.5,213454
2021-05-26,22.75,23.25,22.75,23.25,106961
2021-05-27,23.25,24,23.25,23.5,513742
2021-05-28,23.75,24.25,23.75,24.25,120218
2021-05-31,24.25,25,24.25,24.5,218751
2021-06-01,24.5,24.75,24.25,24.75,79569
2021-06-02,24.5,25,24.25,24.25,191615
2021-06-03,24.75,26.5,24.75,26,634632
2021-06-04,26.25,26.75,26,26.5,236908
2021-06-07,26.5,26.75,26,26.25,82857
2021-06-08,26.25,27,25.75,27,240318
2021-06-09,27.25,27.5,26.75,26.75,176284
2021-06-10,26.75,27.25,26.5,26.75,227416
2021-06-11,27,27,26.75,26.75,54567
2021-06-14,27.25,27.5,26.75,27,199667
2021-06-15,27.25,27.5,26.75,27,97246
2021-06-16,26.75,27.25,26.75,26.75,57769
2021-06-17,26.75,27.25,26.75,27,83365
2021-06-18,27,27.25,26.75,27,154069
2021-06-21,27,28.25,27,28.25,284166
2021-06-22,28.25,28.25,27.75,28,163054
2021-06-23,28,29,27.75,29,212123
2021-06-24,29,30.75,29,30.5,344675
2021-06-25,30.5,32,30.5,31.75,421626
2021-06-28,32.25,33,31,32,412480
2021-06-29,31.75,32,29.25,30,406522
2021-06-30,30,30,28.75,29.25,237948
2021-07-02,33,34.25,31.5,33.25,747384
2021-07-05,33,36.25,33,35.75,549590
2021-07-06,36,37,32.75,33,669314
2021-07-07,33.75,35.5,33.5,34.5,773392
2021-07-08,34,34.25,32,34,390128
2021-07-09,34.25,35,34.25,34.25,184759
2021-07-12,34.75,36.75,34.5,36,488415
2021-07-13,36.25,37.75,35.75,36.75,515999
2021-07-14,37.25,38,36.25,36.25,344194
2021-07-15,36.25,36.75,35.25,36.25,207864
2021-07-16,36.25,36.5,35.25,36,154728
2021-07-19,35,35,32,34.25,455051
2021-07-20,34.5,36.75,34.5,36.75,319947
2021-07-21,37,37.75,37,37,219169
2021-07-22,37.5,37.5,35.25,36.25,254327
2021-07-23,36.25,37,36,37,82765
2021-07-26,36.25,37,35.75,36,155865
2021-07-27,36,36.25,35,35.75,165583
2021-07-28,35.5,37,35.25,36.75,150071
2021-07-29,36.75,37,36.25,37,63324
2021-07-30,36.75,37.25,36.5,37.25,126438
2021-08-03,37.25,37.25,36.25,36.75,140500
2021-08-04,37,37.5,36.5,37.5,218004
2021-08-05,38.25,40.5,38.25,40,789387
2021-08-06,40.5,43.75,40.5,43,577137
2021-08-09,43.5,43.75,42.5,43.25,211976
2021-08-10,43.25,43.375,42.5,43,196710
2021-08-11,42.5,42.5,41.5,42,178887
2021-08-12,41.5,41.75,40.5,41.5,192115
2021-08-13,41.25,41.75,40.75,41.25,98069
2021-08-16,41,41.25,40.25,40.5,99322
2021-08-17,40.25,40.25,38,38.25,178285
2021-08-18,37.75,41.75,37.75,40.5,255491
2021-08-19,40,40,38.75,38.75,175047
2021-08-20,39,40,38.75,39.5,101671
2021-08-23,40,41.75,40,41.25,187174
2021-08-24,41.5,42.75,41.375,42.75,239969
2021-08-25,43,43.25,42,42.5,295864
2021-08-26,42.25,42.5,41.25,42,147059
2021-08-27,41.75,42.5,41.75,42,59310
2021-08-30,42.25,43.5,41.75,43.25,261134
2021-08-31,43.5,46,43,46,462719
2021-09-01,46,48.75,46,48.75,514068
2021-09-02,48.5,48.75,47,47.75,373247
2021-09-03,47.5,48.5,47,48.25,257396
2021-09-07,49.5,49.5,47.75,48.5,398371
2021-09-08,48.5,49,46.75,47.5,419445
2021-09-09,47.75,48,47,47.5,157628
2021-09-10,47.5,48.5,47.25,47.5,185276
2021-09-13,48,48.75,47.5,48.75,259843
2021-09-14,49,49.5,47.5,47.5,293155
2021-09-15,48,48.5,47.25,47.75,216966
2021-09-16,47.75,48.25,47,47.25,267710
2021-09-17,47.5,48.5,47,47.5,3381980
2021-09-20,46.75,47.25,45,45.25,335324
2021-09-21,46,46.5,45.25,45.75,155198
2021-09-22,46.25,48,46,47.5,249431
2021-09-23,48.25,52.25,48.25,51,908559
2021-09-24,50,51.5,49.5,50.5,263363
2021-09-27,51,53,51,51.75,384368
2021-09-28,51.75,51.75,49.75,51.25,351025
2021-09-29,51.5,53.25,50.75,52.25,336814
2021-09-30,53.75,55.75,53.5,54,519503
2021-10-01,55,55.25,53.75,55.25,476975
2021-10-04,56.25,56.875,52.75,54.5,503901
2021-10-05,54.5,54.75,52.375,52.5,351148
2021-10-06,50,51.625,48.375,50.5,632290
2021-10-07,51.5,53.25,51.25,52,254207
2021-10-08,52.25,52.5,50.5,50.75,208925
2021-10-12,50.5,51.25,48.25,51,386246
2021-10-13,51,52,49.625,51.5,264488
2021-10-14,51.75,52,50.75,51.25,161149
2021-10-15,51.5,51.75,50.5,51.25,188199
2021-10-18,50.25,51.625,50.25,51,160630
2021-10-19,50.75,51,49.5,50.75,225353
2021-10-20,50,51.5,49.75,51.25,186956
2021-10-21,51,52,50.75,51.75,232684
2021-10-22,51.75,54.25,51,54,369212
2021-10-25,54,54.75,53,54.25,314735
2021-10-26,54.75,54.75,53.5,54.25,182364
2021-10-27,54.25,54.5,52.5,52.75,260351
2021-10-28,53.25,54,50,50.5,425306
2021-10-29,50.75,52.125,49.75,49.75,354747
2021-11-01,50.25,51,49.5,51,270284
2021-11-02,50.5,51.75,50.5,50.75,183911
2021-11-03,50.75,51.75,50.25,51.75,198531
2021-11-04,52,52.5,51,51,200995
2021-11-05,51.25,51.75,51,51.25,197645
2021-11-08,51.25,52,50.75,51.25,212279
2021-11-09,50.75,51.25,49.625,51.25,257172
2021-11-10,50.5,50.75,49.25,50,342421
2021-11-11,50,50.25,48.25,48.25,238795
2021-11-12,47.75,48.75,47,48,228063
2021-11-15,47.5,47.625,45.25,47.5,371515
2021-11-16,46.75,48,45.75,46,212232
2021-11-17,44.5,45.5,41.25,44.5,948070
2021-11-18,43.25,46.25,43,45.75,310362
2021-11-19,45.75,46.75,44.75,45.5,177205
2021-11-22,45.75,46.25,44,44,180815
2021-11-23,43.75,45.25,43.75,44.5,95242
2021-11-24,44.25,46.75,43.75,46,225150
2021-11-25,46.25,46.5,45.25,45.5,98646
2021-11-26,43.25,44.25,41.5,43,324530
2021-11-29,43,44.75,43,44.25,291107
2021-11-30,43.5,44.75,41.75,43.25,395689
2021-12-01,43.25,43.75,38.75,38.75,537879
2021-12-02,37.5,42.125,36.75,42,406977
2021-12-03,42.25,43.5,40.625,41,343740
2021-12-06,41.5,43,40,42.5,182402
2021-12-07,43,45.75,43,45,264698
2021-12-08,46,46,44.25,44.25,180231
2021-12-09,44.25,44.25,42.75,43.25,93647
2021-12-10,43.25,43.5,42.25,42.75,110796
2021-12-13,42.5,42.75,41.25,42.5,155874
2021-12-14,41.5,42.25,40.5,40.75,136713
2021-12-15,40.75,40.75,38.25,40.5,290442
2021-12-16,40.25,40.75,38,38.25,217541
2021-12-17,37.5,41.25,36.25,40.5,535031
2021-12-20,37.5,39.25,37,38,266782
2021-12-21,38,40,38,40,226106
2021-12-22,39.75,42.5,39.5,42,214242
2021-12-23,42.5,44,42.5,43.25,316521
2021-12-24,43.5,43.5,42.75,43.5,60699
2021-12-29,42.5,42.75,41.25,41.75,200704
2021-12-30,41.25,42.25,41,41,126157
2021-12-31,41,42.25,40.75,42,98103
2022-01-04,42.5,43.75,42.5,43.75,201491
2022-01-05,43.75,44.25,41.75,42.25,273461
2022-01-06,42.25,42.5,40.75,41.5,195821
2022-01-07,41.25,43.5,40.5,43.25,208749
2022-01-10,42.25,43,41.25,43,197578
2022-01-11,43,43.75,42.75,43.25,164546
2022-01-12,43.75,44.75,43.5,43.75,244013
2022-01-13,44,44,43,43.5,205168
2022-01-14,43,44.5,43,44.5,155893
2022-01-17,44.5,46,44.5,45.5,173769
2022-01-18,45.25,45.5,44,45,285697
2022-01-19,45,45,41.75,42,400912
2022-01-20,42.5,43.75,42,42.25,166343
2022-01-21,41.5,41.75,38.5,38.75,557398
2022-01-24,37.75,40.75,36.25,40.5,588216
2022-01-25,39.75,43.5,39.5,42.5,451104
2022-01-26,43,43.75,41.25,42,254019
2022-01-27,42.5,43.25,40.25,40.75,233099
2022-01-28,41,42.25,40.25,42.25,161089
2022-01-31,41.75,43,41.5,42.25,129610
2022-02-01,42.75,44,42.25,44,284479
2022-02-02,43.75,43.875,42,42.5,232355
2022-02-03,41.75,42.375,41,41.25,220866
2022-02-04,41.5,43,41.5,42.75,251866
2022-02-07,42.75,43.25,41.75,42.5,141007
2022-02-08,42.5,43,42,42.25,230057
2022-02-09,42.5,45.25,42.5,45,548360
2022-02-10,45.25,46,43.5,44,494016
2022-02-11,44.25,45.25,42.5,42.75,463791
2022-02-14,42.5,43.75,42,42.5,270756
2022-02-15,43.25,44.5,43.25,44.25,269918
2022-02-16,44,44.25,43.25,43.5,131527
2022-02-17,43.25,43.625,42,42.25,243158
2022-02-18,42.25,42.25,40.5,40.5,306788
2022-02-22,40,41.25,39.5,40.25,250226
2022-02-23,40.5,40.75,38.25,38.75,322633
2022-02-24,33.75,38.5,32.5,38,814434
2022-02-25,38.75,39.75,37.75,39.75,268690
2022-02-28,39.25,40,38.25,39.5,256771
2022-03-01,39,39.25,37,37,355615
2022-03-02,37.5,38,36.625,37.25,214450
2022-03-03,37.5,37.625,36,36.5,238078
2022-03-04,35.75,36.25,33.75,34.5,416822
2022-03-07,33.5,33.5,29,29,978812
2022-03-08,29.25,33.75,29,33.25,724461
2022-03-09,35.25,35.25,32.25,32.75,434679
2022-03-10,32.75,32.75,31.5,32.5,195347
2022-03-11,32.75,34.25,32.375,33.5,227873
2022-03-14,34.5,34.75,32.75,33.25,281924
2022-03-15,33.25,34,32.5,33.75,144770
2022-03-16,34.25,36.75,34,36.25,400289
2022-03-17,36.5,36.75,35.625,36.5,177515
2022-03-18,36.25,37.25,36,37,259021
2022-03-21,37.5,38.5,37.25,38.25,175277
2022-03-22,38.25,38.5,38,38,179759
2022-03-23,38.25,38.25,36.75,37,235051
2022-03-24,36.75,37.5,36,37.5,143459
2022-03-25,37.5,37.5,36.75,37.5,81637
2022-03-28,37,37,35.5,36,170608
2022-03-29,36.25,37.875,36.125,37.5,168643
2022-03-30,37.5,37.5,36.5,36.5,123060
2022-03-31,37,37,35.5,36,204178
2022-04-01,36,36.375,35,35.75,163838
2022-04-04,35.75,36.75,35.5,36.75,150283
2022-04-05,36.25,36.75,35,35.5,148372
2022-04-06,35.5,35.5,34,34.75,157870
2022-04-07,35,35.25,33.75,34.5,111948
2022-04-08,34.5,35,34,34.75,93383
2022-04-11,34.5,35,33.75,34.75,85631
2022-04-12,34.75,35.75,34.5,35,98379
2022-04-13,35.25,36.125,35,35.5,120589
2022-04-14,36,36.25,35.5,35.75,81918
2022-04-18,35.75,36,34.75,35.75,108916
2022-04-19,35.5,37,35.25,36.75,163172
2022-04-20,37,37.25,36,36,115196
2022-04-21,36.5,36.625,35,35.25,132804
2022-04-22,34.75,35.125,33.75,34.25,159779
2022-04-25,33.75,34.25,32.25,34,174387
2022-04-26,33.75,33.75,31,31.25,286021
2022-04-27,31.5,32.5,30.875,31,169745
2022-04-28,31.75,32.5,31,32.5,165089
2022-04-29,31.75,32.75,31.25,31.5,92226
2022-05-02,31.5,32,30.5,31.25,98020
2022-05-03,31,31.25,30.5,31,161704
2022-05-04,31.25,33.25,30.75,33,355694
2022-05-05,33,33,30.25,30.25,330482
2022-05-06,31,31.75,30,31.75,324280
2022-05-09,31.25,31.25,28.25,28.75,337486
2022-05-10,29.25,30,27.5,28,216128
2022-05-11,27.75,29.125,27.25,27.5,201957
2022-05-12,26.25,28.375,26.25,27.25,250379
2022-05-13,28,28.75,27.5,28.5,179542
2022-05-16,28.25,29.75,28.25,29,226632
2022-05-17,29.75,31.25,29,31.25,218419
2022-05-18,31.75,31.75,29.25,29.75,180299
2022-05-19,29,30.5,29,30.25,171338
2022-05-20,30.5,30.75,28,28.5,192585
2022-05-24,28.75,29.25,28.25,28.25,162944
2022-05-25,29,29.5,28.5,29.25,127111
2022-05-26,29.25,30.25,29.25,30.25,178519
2022-05-27,30.75,30.75,30,30.5,83149
2022-05-30,31,31.5,30.75,31.25,100750
2022-05-31,31.25,31.25,29.5,29.75,219600
2022-06-01,30.25,31,29.75,30.5,155042
2022-06-02,30.25,31.25,30.25,31,110927
2022-06-03,30.75,31,30.25,30.75,81431
2022-06-06,31,31,30.25,30.5,106022
2022-06-07,30.25,30.375,29.75,30.25,83831
2022-06-08,30,30,29.25,29.75,125448
2022-06-09,29.25,29.25,27.75,27.75,181808
2022-06-10,27.75,28.25,26.25,28.25,264145
2022-06-13,24.76,26.86,23.33,26.86,411184
2022-06-14,26.43,26.45,21.56,21.97,992424
2022-06-15,22.11,26.36,22.11,26,1033419
2022-06-16,24.2,26.65,24.11,26.14,766946
2022-06-17,26.55,27.78,25.03,26.97,1978170
2022-06-20,26.4,27.13,25.18,25.37,231935
2022-06-21,25.45,25.45,23.47,24.01,393588
2022-06-22,23.48,24.12,23.005,23.16,507406
2022-06-23,23.5,24.4,22.5,22.62,550947
2022-06-24,22.64,23.49,22.45,23.11,240218
2022-06-27,23.32,23.32,18.9,19.12,1846051
2022-06-28,19.75,20.4,18.9,19.41,956866
2022-06-29,19.28,20.1,18.67,19.67,405640
2022-06-30,19.06,19.68,18.74,19.32,394551
2022-07-04,19.51,19.82,18.6,19.65,226179
2022-07-05,19.42,19.7,18.62,19.64,288802
2022-07-06,19.21,19.61,18.43,18.64,327036
2022-07-07,18.76,20.16,18.64,19.52,561268
2022-07-08,19.46,20.57,19.42,19.6,342793
2022-07-11,19.35,19.36,18.36,18.43,376294
2022-07-12,18.3,20.21,18.3,19.75,491781
2022-07-13,19.71,20.25,19.13,19.93,412650
2022-07-14,19.55,19.71,19.12,19.65,298668
2022-07-15,19.76,19.85,19.09,19.29,315225
2022-07-18,19.77,21.5,19.55,20.45,534289
2022-07-19,20.57,22.45,20.49,22.27,486954
2022-07-20,22.09,22.83,22.06,22.64,366783
2022-07-21,22.55,22.68,22.07,22.29,193525
2022-07-22,22.49,22.49,21.2,21.34,263687
2022-07-25,21.46,21.5,20.85,21.17,178333
2022-07-26,21.1,21.22,20.27,20.5,236296
2022-07-27,20.66,21.2,20.31,20.87,169730
2022-07-28,20.82,21.55,20.32,21.47,239479
2022-07-29,21.36,21.46,20.935,21.41,207199
2022-08-02,21.15,22.28,21.15,21.59,223919
2022-08-03,21.99,23.6,21.97,23.43,469154
2022-08-04,23.94,26.58,23.94,25.87,917232
2022-08-05,25.5,28.5,25.5,28.27,597303
2022-08-08,29.49,30.75,29.28,30.06,675129
2022-08-09,30.07,30.29,28.99,29.48,347612
2022-08-10,30.17,33.68,30.03,33.46,654178
2022-08-11,33.8,34.41,32.12,32.65,615021
2022-08-12,32.8,33.38,32.15,32.67,452561
2022-08-15,32.59,34.44,32.46,33.9,546543
2022-08-16,33.75,34.55,33.45,34.14,356065
2022-08-17,34.08,34.08,32.68,32.9,492926
2022-08-18,32.78,33.18,32.23,32.68,245364
2022-08-19,32.09,32.38,31.53,31.92,248689
2022-08-22,30.99,31.53,30.6,31.38,228122
2022-08-23,31.12,31.86,31,31.5,320120
2022-08-24,31.41,32.52,31.35,32.03,273813
2022-08-25,32.38,33.45,32.25,32.5,322708
2022-08-26,32.36,32.72,31.08,31.39,304894
2022-08-29,30.63,31.95,30.6,31.69,235973
2022-08-30,31.8,32.62,31.53,32.05,352273
2022-08-31,32.24,33.1,32.04,32.68,360214
2022-09-01,32.16,32.63,31.15,31.76,301870
2022-09-02,32.41,32.41,30.72,30.85,321722
2022-09-06,30.78,31.37,30.11,30.8,338047
2022-09-07,30.61,32.29,30.61,32.17,303829
2022-09-08,31.43,33.1,31.31,32.81,403136
2022-09-09,32.98,34.39,32.97,34.18,475431
2022-09-12,34.19,34.95,33.74,34.07,463000
2022-09-13,33.44,34.08,32.66,33.14,346583
2022-09-14,33.24,34.23,32.65,34.15,407866
2022-09-15,33.93,35.09,33.38,33.65,431206
2022-09-16,32.99,33.24,32.09,32.16,655681
2022-09-19,32,32.62,31.71,32.33,278401
2022-09-20,31.97,32.17,31.4,31.63,282290
2022-09-21,31.79,32.4,31.21,31.67,334873
2022-09-22,31.95,31.95,29.97,30.66,351511
2022-09-23,29.71,29.9,26.2,26.37,669864
2022-09-26,25.93,27.64,25.45,27.3,466186
2022-09-27,27.75,28.29,26.19,26.49,346227
2022-09-28,26.44,27.3,25.77,26.86,428506
2022-09-29,26.65,26.75,25.38,25.62,368208
2022-09-30,25,26.05,24.45,24.73,385569
2022-10-03,24.91,26.57,24.39,25.97,425122
2022-10-04,27,28.75,26.87,28.66,437278
2022-10-05,27.96,28.45,27.6,28.31,262795
2022-10-06,28.21,29.27,27.98,28.23,276741
2022-10-07,27.76,28.36,27.63,27.95,200957
2022-10-11,27.5,28.81,27.46,28.23,319830
2022-10-12,28.2,28.58,27.02,28.35,337948
2022-10-13,27.4,29.18,27.33,28.88,352257
2022-10-14,29.26,29.48,28.04,28.2,215144
2022-10-17,28.49,30.2,28.49,30.1,392945
2022-10-18,30.65,32.26,30.65,31.97,609866
2022-10-19,31.97,32.3,31.04,31.84,276657
2022-10-20,31.62,33.7,31.62,33.11,513231
2022-10-21,32.81,34.91,32.71,34.8,573884
2022-10-24,34.8,35.88,34.33,35.5,678135
2022-10-25,35.04,37.62,35.04,37.25,615972
2022-10-26,37,38.93,37,37.4,565868
2022-10-27,37.69,38.8,37.5,37.7,383091
2022-10-28,37.68,39.39,37.18,39.05,458673
2022-10-31,39.23,40.35,39.05,40.01,486212
2022-11-01,40.5,41.57,40.46,41.29,475378
2022-11-02,41.61,41.61,38.82,39.17,585073
2022-11-03,37.5,42,37.05,41.75,993779
2022-11-04,42,42.54,39.58,40.6,664292
2022-11-07,41.05,42.24,39.27,42.05,708032
2022-11-08,42.05,42.74,40.98,42.24,500140
2022-11-09,41.95,43.38,41.34,41.65,567848
2022-11-10,42.8,43.4,41.51,41.64,413539
2022-11-11,42.2,43.65,41.73,42.92,813371
2022-11-14,43.2,43.35,40.58,41.14,634037
2022-11-15,41.21,43.35,41.21,42.02,548830
2022-11-16,42.02,43.46,41.94,42.46,557033
2022-11-17,42.26,42.89,41.86,42.81,351988
2022-11-18,43,43.45,42.56,42.74,408868
2022-11-21,42.35,43.51,42.1,43.17,544947
2022-11-22,43.25,43.72,42.64,43.31,402237
2022-11-23,43.29,44.29,43.02,44.07,476018
2022-11-24,44.1,44.49,43.79,43.97,145546
2022-11-25,43.8,44.17,43.35,43.97,179792
2022-11-28,44.27,47.46,43.96,47.04,1124668
2022-11-29,47.14,47.87,46.52,46.9,603469
2022-11-30,46.96,47.5,46.3,47.39,492666
2022-12-01,47.57,51.88,47.39,51.28,1182653
2022-12-02,50.5,53.02,50.5,51.87,725366
2022-12-05,51.99,52.38,50.67,51.77,498998
2022-12-06,51.92,52.32,50.34,50.84,614923
2022-12-07,50.27,51.83,48.43,51.28,698069
2022-12-08,51.75,52.78,50.4,51.28,537200
2022-12-09,51.25,52.95,50.62,52.74,1899528
2022-12-12,52.4,54.93,52.34,54.76,935754
2022-12-13,55.21,55.5,53.03,54.49,695428
2022-12-14,54.75,54.85,54.08,54.58,492457
2022-12-15,54.08,54.58,53.22,53.77,481671
2022-12-16,53.67,55.07,53.27,54.55,962677
2022-12-19,54.33,54.5,53.33,53.42,333982
2022-12-20,53.2,53.81,52.02,53.38,464725
2022-12-21,53.79,54.47,53.26,54.15,260257
2022-12-22,53.54,54,52.15,53.2,323607
2022-12-23,53.2,53.2,51.93,52.1,256647
2022-12-28,50.98,51.8,50.06,50.75,405186
2022-12-29,50.38,53.2,50.38,52.44,413638
2022-12-30,52,52.9,51.82,52.27,257108
2023-01-03,52.18,53.3,51.4,52.84,381556
2023-01-04,53.3,54.82,52.95,54.71,598157
2023-01-05,54.5,56.405,54.1,56.24,612864
2023-01-06,56.12,56.31,54.63,54.99,422741
2023-01-09,55.12,56.66,54.73,55.91,537436
2023-01-10,55.68,56.25,54.43,56.23,430645
2023-01-11,56.25,56.4,54.26,55.13,432767
2023-01-12,55.37,56.88,55.25,56.55,548057
2023-01-13,55.85,58.27,55.85,57.88,630576
2023-01-16,57.51,58.5,56.91,56.91,259395
2023-01-17,58,62.5,57.99,62.29,1152438
2023-01-18,63.3,64.9,63.3,63.59,728969
2023-01-19,63.3,63.96,61.84,61.86,366547
2023-01-20,62.08,62.83,61.1,62.27,302889
2023-01-23,61,61.96,60.07,61.95,374113
2023-01-24,61.1,62.76,60.61,62.2,308602
2023-01-25,61.26,63.85,60.81,63.5,354176
2023-01-26,63.95,64.74,62.92,63.59,352918
2023-01-27,63.3,64.2,62.64,63.22,257637
2023-01-30,62.4,63.66,62.29,62.74,386134
2023-01-31,62.33,64.83,62.33,64.27,560359
2023-02-01,64.34,65.48,63.57,65.24,395796
2023-02-02,65.5,66.98,65.21,65.58,515162
2023-02-03,65.46,66.66,64.6,65,426384
2023-02-06,64.71,66,64.36,65.89,232987
2023-02-07,65.83,66.82,65.5,66.51,350787
2023-02-08,66.25,68.15,66.25,68.08,553439
2023-02-09,69,69.1,59.54,60.07,1266931
2023-02-10,62,62,55.11,59.8,1037378
2023-02-13,59.54,60.8,57.59,59.38,685869
2023-02-14,58.94,59.94,57.4,58.41,442587
2023-02-15,58.37,60.64,57.81,60.09,566675
2023-02-16,60,63.34,60,62.04,806574
2023-02-17,61.69,64.67,61.59,64.17,718819
2023-02-21,63.15,64.38,61.99,63.62,619353
2023-02-22,63.52,67.11,63.48,65.2,939100
2023-02-23,66.36,68.4,64.25,65.7,604916
2023-02-24,64.5,66.18,63.3,66.09,469486
2023-02-27,66,67.25,65.5,65.87,438450
2023-02-28,65.78,68.25,65.75,68.09,569842
2023-03-01,68,68.16,66.71,67.76,515301
2023-03-02,67.35,69.35,66.85,69.06,574319
2023-03-03,69,70.29,68.96,69.06,715467
2023-03-06,69.29,69.43,67.6,68.28,380943
2023-03-07,68.26,70.37,67.92,69.5,496599
2023-03-08,69.49,70.99,68.9,69.57,566945
2023-03-09,69.75,70.05,68.15,68.2,347564
2023-03-10,67.84,67.99,65.49,66.08,753728
2023-03-13,64.5,64.5,60.01,60.17,1166276
2023-03-14,60.27,64.2,60.27,63.02,581405
2023-03-15,62.45,62.5,57.02,59.21,776037
2023-03-16,58.61,62.87,58.32,61.96,612047
2023-03-17,62,62.54,58.5,59.87,923796
2023-03-20,59.72,59.87,55.14,57.37,675081
2023-03-21,58.38,60.13,58.38,59.5,489831
2023-03-22,59.51,62.37,59.17,61.82,706109
2023-03-23,64.82,67.5,62.51,63.56,1268755
2023-03-24,62.75,65.59,62.5,64.81,615532
2023-03-27,66.63,67.29,64.9,66.22,520414
2023-03-28,66.21,68.2,66.03,68.05,668829
2023-03-29,68.3,70.3,68.3,69.7,647994
2023-03-30,70.1,71.25,68.85,71.25,641313
2023-03-31,71,73.87,71,73.78,826054
2023-04-03,73.19,74.43,71.4,71.59,503733
2023-04-04,71.14,72.5,69.3,69.98,506654
2023-04-05,70.22,70.93,66.66,67.29,576996
2023-04-06,67.58,69.09,66.4,68.59,380599
2023-04-10,68.29,70.1,68.16,69.53,222153
2023-04-11,69.99,71.71,69.52,70.68,248380
2023-04-12,70.02,70.69,66.12,66.57,777004
2023-04-13,66.61,70.98,66.61,70.59,647895
2023-04-14,70,72.29,67.56,68.3,640132
2023-04-17,68.4,69.76,67.85,68.78,596975
2023-04-18,69.06,70.35,68.43,69.88,389128
2023-04-19,69.88,71.11,69.43,69.72,317201
2023-04-20,69.73,69.79,68.15,68.37,318151
2023-04-21,68.45,69.6,67.81,69.31,400528
2023-04-24,69.16,70.17,67.64,67.83,348482
2023-04-25,67.64,67.65,66.36,67.41,307556
2023-04-26,68,68,64.09,64.54,677687
2023-04-27,66,66.085,58.58,61.38,1563924
2023-04-28,61.38,61.76,58.32,58.52,957228
2023-05-01,59.05,62,59.05,60.04,873197
2023-05-02,60,60.46,58.08,58.22,592388
2023-05-03,58.9,61.1,58.45,60.08,583710
2023-05-04,59.57,60.19,56.35,56.45,738368
2023-05-05,57.15,58.47,56.85,57.78,894551
2023-05-08,57.95,59.24,56.1,57.06,522931
2023-05-09,56.68,57.45,56.21,56.26,361638
2023-05-10,56.61,56.93,54.7,55.16,521772
2023-05-11,55,55.9,54.73,55.29,331659
2023-05-12,55.66,56.44,54.81,55.01,535196
2023-05-15,55.06,56.75,54.86,56.05,459389
2023-05-16,55.61,57.19,55,56.51,376651
2023-05-17,56.64,58.65,56.26,57.91,458718
2023-05-18,58.48,60.56,58.48,60.06,459898
2023-05-19,60.03,60.95,59.3,60.15,372486
2023-05-23,59.58,60.04,57.49,57.92,510528
2023-05-24,57.67,57.67,55.715,56.24,381651
2023-05-25,55.66,57.08,55.21,56.23,285353
2023-05-26,56.25,57.31,56.05,56.08,323000
2023-05-29,56.03,56.62,55.63,56.46,204021
2023-05-30,55.71,56.23,54.74,54.82,323677
2023-05-31,54.65,54.73,52.6,53.82,491848
2023-06-01,53.82,55.45,53.09,55.31,381559
2023-06-02,55.9,57.22,54.97,56.49,457854
2023-06-05,56.35,57.6,55.61,56.19,336863
2023-06-06,56.18,60.26,56.16,59.32,802458
2023-06-07,59.21,60,58.33,58.91,406541
2023-06-08,58.5,59.88,58.02,58.94,268931
2023-06-09,59.01,61.1,59.01,59.41,407663
2023-06-12,59.79,62.59,59.75,62.04,563063
2023-06-13,62.35,64.58,62.31,64.2,457338
2023-06-14,64.26,66.765,64.21,66.21,628978
2023-06-15,66.5,67.18,65.68,67,394711
2023-06-16,66.71,67.58,65.11,65.47,537772
2023-06-19,64.77,65.85,64.51,65.55,101287
2023-06-20,65.3,65.71,63.12,64.86,304438
2023-06-21,64.75,65.38,63.37,64.76,299462
2023-06-22,64.33,65.8,63.4,64.75,341195
2023-06-23,63.95,63.97,60.37,60.41,705898
2023-06-26,59.67,61.6,59.21,61.11,443137
2023-06-27,61.11,64.05,60.93,64.03,450735
2023-06-28,63.89,65.59,63.22,65.09,341110
2023-06-29,64.99,65.55,63.87,64.32,223995
2023-06-30,64.97,65.67,64.34,65.31,313841
2023-07-04,64.91,64.91,63.32,63.8,210438
2023-07-05,63,63.56,62.53,63.05,195339
2023-07-06,62.55,63.27,61.37,62.98,400583
2023-07-07,62.16,63.65,61.16,61.43,335161
2023-07-10,61.44,61.68,60.09,60.22,391585
2023-07-11,60.44,61.29,60.3,60.74,321030
2023-07-12,61.28,61.31,60.12,60.87,243449
2023-07-13,61.1,61.16,60.14,60.82,251600
2023-07-14,60.71,61,57.35,57.82,638939
2023-07-17,57.45,59.78,57.44,58.15,386277
2023-07-18,58.15,59,58.03,58.47,304845
2023-07-19,58.55,60.15,58.55,59.78,355816
2023-07-20,60,60.5,57.25,57.72,374207
2023-07-21,58.54,59.6,58.06,58.52,215377
2023-07-24,58.5,59,57.7,57.99,319336
2023-07-25,58.03,61.61,57.96,60.9,490931
2023-07-26,60.55,62.82,58.59,62.66,836959
2023-07-27,62.93,64.64,61.85,62.5,693455
2023-07-28,62.52,64.43,61.55,64.15,475254
2023-07-31,64,66.08,63.76,66,485239
2023-08-01,65.51,67.4,65.49,67.02,575757
2023-08-02,66.39,67.67,65.4,67.52,539403
2023-08-03,68.79,68.79,59.175,61.79,1848411
2023-08-04,61.32,62.64,56.56,57.28,1395218
2023-08-08,57.32,59.13,54.7,55.38,1364307
2023-08-09,55.39,55.92,54.08,54.58,405130
2023-08-10,54.58,55.64,54.44,55.46,395612
2023-08-11,55.34,56.44,55.01,55.25,299093
2023-08-14,55.03,56.94,54.95,56.7,326064
2023-08-15,56.43,57.14,54.23,54.62,516376
2023-08-16,54.77,55.45,54.61,55.43,186542
2023-08-17,55.53,55.62,51.72,51.74,638453
2023-08-18,50.95,52.9,50.37,52.21,592227
2023-08-21,52.12,53.76,51.93,52.14,233637
2023-08-22,52.08,52.57,51.315,52.32,218661
2023-08-23,52.29,55.12,52.27,53.62,339979
2023-08-24,53.45,54.29,52.4,52.46,208248
2023-08-25,52.61,54.02,52.55,52.84,358312
2023-08-28,53.96,55.02,53.51,54.36,333594
2023-08-29,54.2,56.15,54.2,55.96,462487
2023-08-30,55.68,57.37,55.68,55.87,353070
2023-08-31,55.86,56.17,54.3,55.12,245878
2023-09-01,55.42,55.6,53.45,54.41,441520
2023-09-05,53.67,54.82,53.28,54.66,278222
2023-09-06,54.56,55.31,52.57,53.23,515142
2023-09-07,53.11,53.12,50.89,50.96,506107
2023-09-08,50.51,51.51,50.1,51.34,363538
2023-09-11,52,52.56,50.62,51.16,279985
2023-09-12,50.81,51.77,49.08,49.54,404922
2023-09-13,49.1,50.65,48.1,49.88,392019
2023-09-14,50.07,50.85,49.24,50.64,510641
2023-09-15,50.64,50.695,48.935,49.02,654066
2023-09-18,48.8,49.69,48.24,49.24,455557
2023-09-19,49.36,50.2,48.94,49.12,259172
2023-09-20,49.9,50.48,49.62,50,417422
2023-09-21,49.5,49.515,46.15,46.75,633644
2023-09-22,46.77,48.22,46.76,47.92,295268
2023-09-25,47.62,47.69,45.8,46.16,681153
2023-09-26,45,46.24,44.44,44.56,769569
2023-09-27,44.62,47.27,44.62,46.68,704808
2023-09-28,46.85,48.12,46.66,47.55,275603
2023-09-29,48.32,48.47,46.89,47.36,394881
2023-10-02,47.26,47.95,45.36,45.62,333601
2023-10-03,44.96,46.44,44.81,45,441416
2023-10-04,44.75,46.29,44.6,45.97,356111
2023-10-05,46.09,46.12,44.51,45.32,465817
2023-10-06,44.65,46.6,44.16,46.26,446746
2023-10-10,46.3,49.25,46.23,49.11,641579
2023-10-11,49.36,50.36,48.37,50.28,853199
2023-10-12,50.44,50.44,46.92,48.71,766757
2023-10-13,48.94,49.48,46.37,46.4,436234
2023-10-16,46.99,48.17,46.5,47.02,363386
2023-10-17,46.52,47.31,44.38,44.67,535435
2023-10-18,44.2,44.95,42.85,44.57,933218
2023-10-19,44.36,44.49,42.75,43.4,496761
2023-10-20,43,43,39.87,40.82,1004767
2023-10-23,40.49,42.4,40.05,41.42,415038
2023-10-24,41.53,42.83,41.11,41.28,280467
2023-10-25,40.83,42.1,40.64,40.88,476662
2023-10-26,40.15,41.9,40.15,41.2,341979
2023-10-27,41.8,42.79,41.4,42.73,477616
2023-10-30,43.66,44.28,42.38,44.02,546504
2023-10-31,43.83,44.85,43.3,44.49,461385
2023-11-01,44.6,45.78,43.57,45.11,585268
2023-11-02,48.2,50.33,48,50.2,1080631
2023-11-03,50.8,51.29,48.57,50.77,695442
2023-11-06,51.51,52.87,51.29,51.51,403848
2023-11-07,51.28,52.35,51,51.69,223320
2023-11-08,51.95,52.89,51.3,51.9,237032
2023-11-09,51.83,52,48.82,49.12,537151
2023-11-10,49.59,51.44,49.02,51.34,479677
2023-11-13,51.29,51.29,48.56,48.61,508133
2023-11-14,49.38,51.22,49.06,49.58,668797
2023-11-15,49.99,51.65,49.61,51.54,711951
2023-11-16,51.54,52.11,51.06,51.67,346428
2023-11-17,51.46,52.68,51.46,52.38,300365
2023-11-20,52.98,53.95,52.29,53.71,391316
2023-11-21,53.69,53.69,51.5,52.08,367021
2023-11-22,52.01,52.54,51.13,51.19,220053
2023-11-23,51,51.55,50.65,50.9,97806
2023-11-24,50.6,51.21,50.31,50.82,117973
2023-11-27,50.2,50.65,49.6,49.91,519592
2023-11-28,49.4,50.31,49.07,49.13,506127
2023-11-29,49.41,49.53,46.16,46.84,784980
2023-11-30,46.86,47.75,46.415,46.86,337017
2023-12-01,46.31,49.25,46.18,48.86,352955
2023-12-04,48.01,49.76,47.82,48.4,322560
2023-12-05,47.8,48.5,47.62,47.63,195355
2023-12-06,47.81,49.89,47.2,47.32,545618
2023-12-07,47.02,50.96,47.02,50.18,729056
2023-12-08,50.2,50.75,48.6,49.62,417440
2023-12-11,48.81,50.04,48.6,49.88,455092
2023-12-12,50,51.05,49.68,50.09,401216
2023-12-13,49.99,51,48.31,50.94,570514
2023-12-14,51.59,53.79,51.37,53.03,675178
2023-12-15,53.35,53.75,51.73,51.98,396012
2023-12-18,51.53,51.77,49.64,50.41,524122
2023-12-19,50.52,52.49,50.45,52.21,309762
2023-12-20,51.71,52.61,50.64,50.86,312767
2023-12-21,51.49,52.08,50.74,52.07,298769
2023-12-22,52.4,53.25,51.89,52.23,282458
2023-12-27,52.23,53.7,52.23,52.57,357450
2023-12-28,52.42,52.98,51.52,52.81,268023
2023-12-29,52.92,53.7,52.82,53.21,235388
2024-01-02,52.99,53.62,52.18,52.47,263696
2024-01-03,52,52.13,49.835,49.99,404836
2024-01-04,50.22,51.79,49.84,51.48,514726
2024-01-05,50.96,52.02,50.95,51.97,410097
2024-01-08,51.95,55.57,51.35,55.56,682840
2024-01-09,55.41,56.58,54,55.9,431709
2024-01-10,55.99,56,54.3,55.03,343185
2024-01-11,55,55.41,53.62,54.77,236092
2024-01-12,54.89,55.05,52.03,52.6,419221
2024-01-15,52.99,53.73,52.5,53.49,102296
2024-01-16,52.76,52.93,51.5,52.18,188009
2024-01-17,51.36,51.75,50.77,51.63,227414
2024-01-18,52,52.5,51.3,52.11,148801
2024-01-19,52.05,52.4,50.81,51.96,238841
2024-01-22,51.9,52.085,48.51,48.52,612987
2024-01-23,48.5,49.38,46.77,49,492306
2024-01-24,49.73,50.35,48.18,48.55,364306
2024-01-25,49.04,50.85,49.04,50.37,544087
2024-01-26,50.11,51.03,49.55,49.97,198634
2024-01-29,50,50.93,49.41,50.63,258468
2024-01-30,50.22,50.53,49.52,50.28,259136
2024-01-31,50.19,50.83,49.4,49.69,302293
2024-02-01,49.8,50.85,49.15,50.38,333153
2024-02-02,50.25,51.13,48.7,51.02,400553
2024-02-05,50.2,51.75,50.2,51.21,520454
2024-02-06,51.19,52.96,51,52.89,392131
2024-02-07,52.75,52.79,50.55,52.11,571213
2024-02-08,50.08,51,44.29,44.45,2137401
2024-02-09,45.11,48.63,44.55,48.22,913392
2024-02-12,48.22,49.55,47.33,49.2,609723
2024-02-13,48,49.8,47,47.14,534732
2024-02-14,47.34,50.29,47.21,50.05,576799
2024-02-15,50.06,53.1,49.3,52.83,545746
2024-02-16,53,53.65,52.18,52.35,349724
2024-02-20,52.05,53.31,51.74,52.19,237923
2024-02-21,52.04,52.13,50.55,50.86,258247
2024-02-22,51.25,51.64,50.24,50.34,221739
2024-02-23,50.3,50.43,49,49.26,321021
2024-02-26,49,49.44,48,48,471259
2024-02-27,48.1,48.64,47.505,47.71,431318
2024-02-28,47.7,48.04,46.75,47.35,461574
2024-02-29,47.75,49.22,47.33,49.16,459642
2024-03-01,49.76,50.31,48.93,49.74,456435
2024-03-04,49.25,50.3,49.25,49.91,437444
2024-03-05,50.1,51.09,49.63,50.55,476199
2024-03-06,50.98,53.17,50.89,53.05,872704
2024-03-07,53.2,53.67,52.24,52.44,384355
2024-03-08,52.28,52.85,51.96,52.44,349114
2024-03-11,52.1,53.14,52.04,52.45,334466
2024-03-12,52.71,53.41,52.21,52.72,363586
2024-03-13,52.67,53.98,52.29,53.64,583037
2024-03-14,53.53,54.51,53.18,54.49,402442
2024-03-15,54.23,55.63,54.23,54.99,470835
2024-03-18,55,56.86,54.65,56.65,430055
2024-03-19,56.65,58.35,56.57,58.24,517355
2024-03-20,58.39,60,58.03,59.58,497114
2024-03-21,58.82,60.49,58.58,58.95,360623
2024-03-22,59,59.78,58.5,59.65,197365
2024-03-25,59.25,59.6,58.36,58.87,290183
2024-03-26,58.82,59.17,56.38,58.28,447034
2024-03-27,58.71,58.82,57.72,58.53,213291
2024-03-28,58.15,58.62,57.93,58.15,247546
2024-04-01,57.95,59.18,57.02,57.48,223194
2024-04-02,56.82,56.89,55.16,55.63,419692
2024-04-03,55.2,56.47,54.82,55.9,370448
2024-04-04,56.55,59.52,56.55,57.73,918270
2024-04-05,57.81,60.22,57.35,59.39,527673
2024-04-08,59.77,59.87,58.92,59.6,280283
2024-04-09,59.42,61.55,59.4,61.44,508758
2024-04-10,60.5,61.18,59.15,59.58,464555
2024-04-11,59.45,60.42,58.45,59.86,261970
2024-04-12,59.5,59.99,57.98,58.6,320672
2024-04-15,59.42,59.58,56.5,56.95,346621
2024-04-16,56.29,57.88,56.24,57.56,229019
2024-04-17,58.02,58.89,57.05,57.35,293816
2024-04-18,57.1,57.75,56.05,56.68,313881
2024-04-19,56.64,57.31,56.38,57.07,212018
2024-04-22,56.91,57.96,56.72,57.22,243170
2024-04-23,57.04,59.4,57.01,58.76,437156
2024-04-24,58.91,60.2,56.02,57,711516
2024-04-25,54.39,62.35,54.04,61.74,1521926
2024-04-26,61.82,64.38,61.69,63.79,594778
2024-04-29,63.45,64.77,62.5,63.1,458411
2024-04-30,62.93,63.36,62.72,62.72,261190
2024-05-01,62.72,69.25,62.71,67.35,1083562
2024-05-02,69,70,68.4,69.8,941892
2024-05-03,69.93,71.49,69.9,71.21,552382
2024-05-06,71.48,74.38,71.35,73.56,893308
2024-05-07,73.71,74.42,73.03,73.56,445482
2024-05-08,72.53,73.33,71.15,72.18,575588
2024-05-09,72.23,72.98,71.21,71.38,313291
2024-05-10,71.5,72.23,71,71.56,366439
2024-05-13,71.57,73.9,71.47,71.94,422541
2024-05-14,72.15,72.79,71.21,72.46,199601
2024-05-15,72.69,76.59,72.46,76.28,1003768
2024-05-16,75.98,78.5,75.76,78.24,851910
2024-05-17,78,79.5,78,79.09,593461
2024-05-21,79.47,79.99,78.51,78.8,427207
2024-05-22,79.47,91.36,79.14,91.16,2206327
2024-05-23,90.3,90.92,83.65,84.27,1103153
2024-05-24,84.71,89.32,84.38,88.98,564349
2024-05-27,88.25,91.25,88.25,90.98,312764
2024-05-28,90,92.03,89.26,90.75,486290
2024-05-29,90.5,90.75,87.5,88.12,368767
2024-05-30,88.31,90.45,88.31,90.29,393670
2024-05-31,91,92.74,90.6,91.75,645807
2024-06-03,91.76,94.24,90.88,91.92,556661
2024-06-04,91,92.1,88.41,89.97,457060
2024-06-05,90.63,91.69,89.57,90.6,290094
2024-06-06,90.7,91.87,88.19,89.28,318747
2024-06-07,89.01,89.56,88.37,89.07,309263
2024-06-10,88.91,89.76,88.6,89.02,283197
2024-06-11,88.5,89.46,86.94,87.88,349451
2024-06-12,89.2,91.58,87.11,88.92,552116
2024-06-13,89,89.47,86.14,86.54,332855
2024-06-14,85.97,86.44,83.25,84.25,847241
2024-06-17,84.25,86.66,83.52,86.17,602384
2024-06-18,86.21,88.1,85.83,87.34,299647
2024-06-19,87.31,88,86.4,86.84,133240
2024-06-20,86.76,87.74,85.96,86.07,305625
2024-06-21,85.68,89.75,85.68,89.56,3353508
2024-06-24,87.51,88.75,85.9,87.56,449165
2024-06-25,88.3,88.3,86,87.69,223153
2024-06-26,87.34,87.78,86.2,87.27,211941
2024-06-27,87.38,88.61,86.25,87.05,395169
2024-06-28,87.5,89.02,87.19,87.73,417451
2024-07-02,87.68,88.48,87,88.22,269841
2024-07-03,88.93,88.93,87.08,87.27,137602
2024-07-04,87.11,87.42,86.8,86.99,44447
2024-07-05,87.13,87.48,84.55,84.67,394460
2024-07-08,85.01,87.1,85,86.76,198028
2024-07-09,86.7,87.39,85.2,86.41,262390
2024-07-10,86.64,93.06,86.42,92.89,709227
2024-07-11,92.8,94.96,91.51,94.88,509668
2024-07-12,94.99,96.64,93.78,96.6,484244
2024-07-15,94.36,97.4,94.36,95.28,433128
2024-07-16,95.82,97.855,95.12,97.71,307632
2024-07-17,96.84,97.86,95.72,96.17,237569
2024-07-18,95.89,96.72,94.64,95.08,359161
2024-07-19,94.54,96.395,94.01,95.82,179572
2024-07-22,96.2,98.85,96.05,98.2,348447
2024-07-23,98.2,100,98.2,98.96,338717
2024-07-24,98,98.91,94.84,94.89,341827
2024-07-25,97,97.49,89.15,90.22,787764
2024-07-26,91.37,92.87,87.52,92.36,531807
2024-07-29,92.68,93.79,90.48,91.53,210312
2024-07-30,91.05,93.89,91.01,92.6,475163
2024-07-31,92.73,94.56,92.6,93.18,362996
2024-08-01,93.05,93.26,88.33,88.8,816056
2024-08-02,88.02,88.3,81,82.38,748760
2024-08-06,77.9,85.26,77.5,84.03,696240
2024-08-07,86,86,80.5,81.71,459670
2024-08-08,82.6,83.96,81.03,82.58,258514
2024-08-09,82.13,85.68,82.05,85.41,278274
2024-08-12,85.42,86.5,83.91,84.82,480955
2024-08-13,85.13,86.25,84.66,85.29,192744
2024-08-14,85.72,86.09,84.2,85.09,242717
2024-08-15,86.4,89.72,85.61,88.94,316920
2024-08-16,89,90.22,88.75,89.43,236763
2024-08-19,89.75,89.84,88.21,89.78,199144
2024-08-20,89.78,90,87.38,88.39,260647
2024-08-21,88.59,89.25,87.93,88.8,192365
2024-08-22,88.35,89.75,88.35,88.98,151399
2024-08-23,89.45,92.21,89.45,90.9,314176
2024-08-26,90.85,91.49,89.75,90.44,144438
2024-08-27,89.9,92.61,89.66,91.94,208460
2024-08-28,91.85,93.28,90.99,92.76,200518
2024-08-29,92.99,94.91,92.51,93.23,218374
2024-08-30,93.68,93.76,91.23,92.56,136800
2024-09-03,91.41,91.5,85.74,86.2,376990
2024-09-04,85.43,88.9,85.22,88.01,237258
2024-09-05,87.93,89.98,87.69,88.05,265027
2024-09-06,88.03,88.28,83.5,83.68,439698
2024-09-09,84.53,85.7,83.15,83.89,255937
2024-09-10,84.11,84.6,82.01,84.24,200673
2024-09-11,83.9,86.18,82.74,85.9,240593
2024-09-12,85.9,89.18,85.6,88.88,267187
2024-09-13,89,91.59,88.67,89.57,360802
2024-09-16,89.57,91.93,89.01,91.09,294213
2024-09-17,91.41,95.6,91.22,95.54,601601
2024-09-18,95.27,98.43,95.27,96.6,569902
2024-09-19,98.3,99.88,97.26,98.25,771040
2024-09-20,97.49,98.04,95.72,96.98,646771
2024-09-23,96.93,97.75,96.31,97.75,242770
2024-09-24,97.96,98.5,96.04,97.31,272933
2024-09-25,97.03,98.11,96.65,97.34,164602
2024-09-26,98.55,101.34,98.3,100,714232
2024-09-27,100.3,100.97,99.68,100.39,313699
2024-09-30,99.69,103,98.34,102.91,385265
2024-10-01,102.54,103.71,100.91,102.3,418213
2024-10-02,101.61,102.49,100.62,101.72,231489
2024-10-03,101.5,102.2,100.28,101.01,219429
2024-10-04,102.25,104.5,101.64,104.37,539231
2024-10-07,103.94,105.55,103.94,105.55,281683
2024-10-08,106,108.82,105.9,107.86,672310
2024-10-09,107.31,108.99,107,108.36,291191
2024-10-10,107.89,110.695,107.89,110.46,533636
2024-10-11,110.46,111.86,109.31,110.1,308167
2024-10-15,112,113.6,110.92,111.36,804783
2024-10-16,111.34,112.6,109.54,110.06,315919
2024-10-17,109.94,111.04,108.82,110.25,263948
2024-10-18,110.6,110.6,105.99,105.99,410460
2024-10-21,104.98,108.8,104.36,108.62,314434
2024-10-22,108.28,108.33,106.61,107,236055
2024-10-23,106,108.82,106,107.11,213741
2024-10-24,107.39,108.24,105.34,106.49,222984
2024-10-25,106,106.96,104.03,105.39,179211
2024-10-28,105.37,106.25,103.2,103.69,259066
2024-10-29,103,104.41,102.28,104.22,224114
2024-10-30,103.94,105.77,103.675,104.64,196665
2024-10-31,105.25,105.25,102.11,102.42,241680
2024-11-01,102.98,103.94,101.55,103.67,281749
2024-11-04,102.38,103.38,100.79,101.31,217012
2024-11-05,101.78,102.48,100.38,101.8,179562
2024-11-06,107.3,107.3,101.36,106.14,479260
2024-11-07,105.52,105.52,98.68,98.97,840260
2024-11-08,99.44,100.86,97.77,97.95,341603
2024-11-11,97.95,99.99,97.5,99.34,251720
2024-11-12,99.69,100.27,96.59,97.63,268570
2024-11-13,97.96,98.52,93.69,93.86,498826
2024-11-14,92,93.8,90.35,90.47,512540
2024-11-15,89,91.48,88.9,90.74,460324
2024-11-18,90.76,93.6,90.73,92.43,418108
2024-11-19,92.39,94.65,91.65,94.18,372207
2024-11-20,94.78,95.94,93.01,95.9,393686
2024-11-21,96.25,101.345,95.885,100.81,469727
2024-11-22,100.14,103.74,99.8,103.65,396770
2024-11-25,104,107.04,101.3,106.41,569813
2024-11-26,100,100.48,92.31,96.49,1985372
2024-11-27,96,96.73,90.59,93.02,881506
2024-11-28,92.89,95.21,92.89,94.6,244034
2024-11-29,95.66,97.21,94.89,96.77,385850
2024-12-02,97,98.6,96.61,97.26,340122
2024-12-03,97.83,102.99,97.6,100.87,518999
2024-12-04,100.92,101.8,98.33,100.54,364348
2024-12-05,99.56,104.76,99.5,104.09,549641
2024-12-06,104.2,108.55,104.2,107.04,493349
2024-12-09,107.71,108.66,104.29,105.11,358758
2024-12-10,104.13,105.94,103.26,104.5,395209
2024-12-11,105.47,106.5,101.22,101.41,494134
2024-12-12,100.99,105.09,100.8,104.7,414061
2024-12-13,104.49,105.79,102.66,103.18,483495
2024-12-16,102.72,104.48,101.44,103.36,495361
2024-12-17,102.96,103.79,97.2,98.15,616993
2024-12-18,97.96,98.24,93.19,94.17,561925
2024-12-19,95.15,95.98,93.22,94.17,208054
2024-12-20,93.95,97.09,93.25,96.63,355215
2024-12-23,96.78,97.84,95.5,96.17,438872
2024-12-24,95.63,96.9,95.63,96.52,76918
2024-12-27,95.79,98.45,95.76,98.1,218421
2024-12-30,97.05,97.62,94.335,96.68,333856
2024-12-31,96.68,98.5,96.04,97.75,215037
2025-01-02,98.98,98.98,95.81,96.71,286727
2025-01-03,96.67,100.18,96.52,100.1,371593
2025-01-06,102.45,103.41,99.74,99.74,282801
2025-01-07,100.45,101.58,99.925,100.58,246799
2025-01-08,100.12,100.19,94.08,95.48,609007
2025-01-09,95.31,95.44,92.53,93.03,268438
2025-01-10,92.27,94.73,88.37,94.26,741361
2025-01-13,92.5,92.81,89.51,89.6,540062
2025-01-14,89.93,92.2,89.61,91.26,408054
2025-01-15,92.66,95.28,91.83,93.04,331192
2025-01-16,92.5,93.44,90.01,90.44,500427
2025-01-17,91.1,92.05,87.85,88.24,637547
2025-01-20,90,97.47,90,94.57,668936
2025-01-21,92.4,92.45,87.04,89.53,673940
2025-01-22,89.08,91,88.17,90.58,418458
2025-01-23,90.66,92.35,90.66,91.72,370244
2025-01-24,91.51,92.18,90.63,90.78,201504
2025-01-27,89.05,90.09,87.86,90.02,490585
2025-01-28,89.19,89.61,86.01,86.35,527125
2025-01-29,86.49,88.3,83.8,87.58,538974
2025-01-30,87.87,91.58,86.65,87.21,646327
2025-01-31,86.03,89.65,84.05,85.05,992836
2025-02-03,75,83.8,73.7,82.76,1689065
2025-02-04,85,86.81,84.46,85.61,799952
2025-02-05,86.69,87.75,84.53,84.71,981283
2025-02-06,78,85.5,76.11,79.86,1553401
2025-02-07,80.5,84.57,80.445,83.15,887640
2025-02-10,82.45,83.29,79.51,80.09,741499
2025-02-11,78.39,81,77.99,80.51,440192
2025-02-12,79.33,82.65,79.33,82.36,672469
2025-02-13,82.94,83.01,81.25,81.95,320581
2025-02-14,82.19,85.3,82.19,85.25,643959
2025-02-18,85,88.71,84.6,88,706428
2025-02-19,88.89,90.95,88.09,90,633001
2025-02-20,89.8,90.05,88.83,89.99,531005
2025-02-21,90.04,90.99,87.51,88.58,813869
2025-02-24,89.9,93.88,89.01,90.84,950534
2025-02-25,90,90.34,83.35,85.93,1164500
2025-02-26,86.47,88.24,84.6,86.67,950013
2025-02-27,87.23,88.79,82.68,82.79,772300
2025-02-28,81.83,83.75,80.1,83.65,593490
2025-03-03,84.01,84.635,76.93,78,836995
2025-03-04,76,80.94,75.52,79.03,1040241
2025-03-05,79.62,88.18,79.62,86.89,953044
2025-03-06,85.9,89.735,84.63,87.4,942542
2025-03-07,87.56,89.47,83.89,85.99,635113
2025-03-10,84.01,85.54,79.91,81.11,586624
2025-03-11,79.52,81.63,76.5,78.44,1049242
2025-03-12,79.5,84,79.5,82.52,523804
2025-03-13,82.45,82.51,79.05,79.71,443393
2025-03-14,80.66,82.34,80.59,81.03,398778
2025-03-17,81.03,84.78,81.03,83.41,324966
2025-03-18,83.27,84.01,82.18,82.72,249384
2025-03-19,83.05,86.24,82.92,85.6,400528
2025-03-20,85,87.28,84.38,85.84,278659
2025-03-21,85.12,87.64,83.99,84.18,441545
2025-03-24,85.38,87.3,85.38,86.44,338287
2025-03-25,86.6,87.49,84.65,85.53,272119
2025-03-26,85.89,87.02,84.94,86.09,334948
2025-03-27,85.41,85.845,80.89,81.01,458963
2025-03-28,80,82.23,79.35,80.36,420335
2025-03-31,79,81.6,79,80.98,396221
2025-04-01,80.98,82.03,79.34,81.26,396941
2025-04-02,80.88,87.41,80.88,86.92,641694
2025-04-03,85.4,91,84.11,84.37,1271067
2025-04-04,83,83.54,74.26,76.1,1218787
2025-04-07,73,78.55,71.79,76.17,1064612
2025-04-08,79.86,79.95,74.3,75.28,797698
2025-04-09,74.6,88,74.6,85.51,978515
2025-04-10,84,84,77.58,78.93,599327
2025-04-11,78.44,82.09,77.08,81.12,463361
2025-04-14,82.76,84.55,82.32,84.35,378448
2025-04-15,84.51,86.71,84.02,85.3,367817
2025-04-16,83.93,85.68,83.1,84.64,232830
2025-04-17,85,85.18,83.34,83.67,318851
2025-04-21,83.1,83.93,82.3,83.02,199934
2025-04-22,83.25,84.55,82.18,84.02,350620
2025-04-23,86.68,89.46,86.68,87.52,587487
2025-04-24,87.76,91.18,87.4,89.68,370507
2025-04-25,89.93,91.72,89.93,91.21,310392
2025-04-28,91.73,93.19,90.9,92.37,275125
2025-04-29,92.36,93.1,90.9,92.95,332549
2025-04-30,91.65,91.79,89.41,91.12,406273
2025-05-01,93.16,93.16,82.5,82.54,1470415
2025-05-02,84.89,87.16,83.51,85.76,705666
2025-05-05,85.02,85.5,82.1,82.22,432373
2025-05-06,81.95,82.93,81.02,81.46,284206
2025-05-07,82.26,84.83,82,84.5,313496
2025-05-08,86,88.53,84.65,87.81,453283
2025-05-09,88.17,88.5,85.8,86.49,220382
2025-05-12,88.98,90.22,88.15,89.96,349404
2025-05-13,91,92.5,89.82,90.65,435244
2025-05-14,90.46,90.88,89.02,90.52,313092
2025-05-15,90.34,90.72,88.45,90.03,281302
2025-05-16,90.68,92.5,89.5,91.66,348612
2025-05-20,92.13,92.6,89.5,92,286840
2025-05-21,91.54,92.15,90.03,90.39,255367
2025-05-22,90.06,90.97,89.55,90.19,152211
2025-05-23,89.01,90.39,88.59,89.66,174998
2025-05-26,90.87,90.87,89.66,90.32,71509
2025-05-27,90.49,92.2,89.99,91.65,299653
2025-05-28,91.98,92.79,91.02,91.8,303132
2025-05-29,93,95.92,92.3,95.15,653141
2025-05-30,94.03,96.17,94.03,96.04,437240
2025-06-02,95.85,96.145,92.75,93.77,379683
2025-06-03,95.27,96.2,94.48,95.93,380939
2025-06-04,95.9,98.53,95.9,97.35,358279
2025-06-05,97.99,100.8,97.3,99.53,559646
2025-06-06,100,101.2,98.42,100.64,365970
2025-06-09,101.48,106.85,101.14,106.02,750255
2025-06-10,106.47,106.495,102.09,104.11,578827
2025-06-11,104.11,104.46,102.53,103.32,238314
2025-06-12,102.72,104.7,102.71,103.52,325051
2025-06-13,102.25,103.94,101.25,102.97,286627
2025-06-16,104,106.1,103.58,106,458714
2025-06-17,106,106.54,104.95,106.46,270713
2025-06-18,106.41,108.89,105.69,106.75,368789
2025-06-19,105.51,106.99,105.51,106.6,74910
2025-06-20,108,111.15,107,110.81,590114
2025-06-23,109.35,111.9,109.35,111.8,326402
2025-06-24,112.91,115.57,112.44,114.3,469472
2025-06-25,114,115.3,112.6,114.92,311585
2025-06-26,115.45,118.77,114.92,118.25,497235
2025-06-27,119,120.87,113.75,115.67,1078078
2025-06-30,117.87,121.5,116.45,118.64,639594
2025-07-02,125.25,145.56,125.25,143.99,2868834
2025-07-03,144,149.84,139,148.02,990418
2025-07-04,147,149.79,145.13,149.75,233520
2025-07-07,149.7,156.5,149.7,153.1,1565019
2025-07-08,154.78,156.67,152.06,155.57,972425
2025-07-09,156.75,159.49,155.24,156.2,860525
2025-07-10,157,161.78,154.95,160.95,710527
2025-07-11,157.6,161.81,155.75,159.01,777597
2025-07-14,158.79,162.69,158.79,161.96,646016
2025-07-15,163.24,163.89,160.745,163.12,489485
2025-07-16,163.52,165.47,159.08,163.6,680032
2025-07-17,163.81,165.12,162.69,163.21,445017
2025-07-18,164.43,165.72,161.53,165.55,325237
2025-07-21,165.55,169.68,165.16,165.7,540066
2025-07-22,163.25,164.93,159.01,159.64,672133
2025-07-23,161.19,163.68,160,161.72,340690
2025-07-24,161.45,162.93,160.09,160.48,341364
2025-07-25,160.7,162.1,158.73,161.81,369396
2025-07-28,162,162.58,160.45,161.78,187777
2025-07-29,161.77,163.1,157.25,159.41,662035
2025-07-30,159.92,164.92,159.31,162.64,480368
2025-07-31,158,164.39,147.61,161.57,1035965
2025-08-01,159.41,164.64,158.07,163.87,487996
2025-08-05,163.94,166.56,161.25,165.1,570194
2025-08-06,166.01,166.49,162.27,164.49,273116
2025-08-07,164.91,168.15,163.5,167.9,448902
2025-08-08,168.8,168.8,164.02,164.41,451744
2025-08-11,163.5,166.32,163.5,166.01,234595
2025-08-12,166.02,171.93,165.95,169.58,498401
2025-08-13,172.67,172.67,168.34,169.8,456894
2025-08-14,169.02,169.79,164.69,165.45,586139
2025-08-15,166,167.89,165.45,166.44,239830
2025-08-18,166,166.4,163.5,164.31,438895
2025-08-19,163.92,165.5,162.615,163.62,329538
2025-08-20,162,164.59,160.91,162.94,260088
2025-08-21,163.01,165.48,162.78,164.69,353596
2025-08-22,164.49,166.89,164.26,164.48,262117
2025-08-25,164,165.35,163.01,164.43,290946
2025-08-26,164.69,168,164.69,166.33,5681247
2025-08-27,166.69,167.99,162.23,162.8,534736
2025-08-28,162.57,163.99,157.95,160.31,446822
2025-08-29,159.22,161.45,158.45,160.56,334325
2025-09-02,158.38,158.53,152.94,156.88,450015
2025-09-03,157.67,159.25,155.99,156.9,341894
2025-09-04,156.32,158,155.13,155.38,229910
2025-09-05,156.15,157.4,153.54,155.01,269355
2025-09-08,155,155.7,153.17,154.17,219338
2025-09-09,154.28,154.72,150.81,153.76,362604
2025-09-10,154.69,159.68,154.69,158.23,395617
2025-09-11,160.13,160.69,158.3,159.22,383652
2025-09-12,160.2,160.27,159.185,159.47,270967
2025-09-15,160.23,171.81,159.01,170.28,1043967
2025-09-16,171,172.67,168.25,170.71,416302
2025-09-17,169.97,176.41,169.9,176.2,570890
2025-09-18,177.36,181.6,175.83,176.85,633378
2025-09-19,177.89,181.59,176.29,181.4,1613389
2025-09-22,181.95,196.5,181.7,195.55,653322
2025-09-23,195.5,197.5,186.67,189.12,597273
2025-09-24,189.71,191.725,186.17,190.7,403952
2025-09-25,190.48,196.21,188.59,195.12,515840
2025-09-26,195.2,195.96,189.06,191.42,305885
2025-09-29,192.52,195.78,191,194.71,289538
2025-09-30,195.02,195.89,189.89,195.03,451541
2025-10-01,193.8,197.275,192.61,196.9,393943
2025-10-02,198.9,203.48,198.25,200.92,402011
2025-10-03,200.92,202.5,198.96,201.35,235216
2025-10-06,202.63,204.5,199.26,200.14,231600
2025-10-07,197.38,199.98,188.1,189.97,626861
2025-10-08,190.48,192.99,188.3,191.3,451676
2025-10-09,192.87,195.93,191.05,193.35,379066
2025-10-10,194.77,194.93,189.88,190.22,315639
2025-10-14,191,195.24,189.76,194.11,300629
2025-10-15,196.58,200.68,191.31,194.46,393044
2025-10-16,194.76,195.65,189.12,190.17,269105
2025-10-17,189,191.22,186.99,189.55,207625
2025-10-20,190.5,194.2,190.46,193.87,257513
2025-10-21,194.4,195.37,191.35,194.7,214650
2025-10-22,194.06,195.99,190.21,191.96,242251
2025-10-23,192.45,195.4,190.9,193.8,240067
2025-10-24,194.76,197.15,194.06,194.67,185832
2025-10-27,196.89,199.39,193.43,198.47,301566
2025-10-28,198.47,198.6,194.11,195.89,185438
2025-10-29,195.88,201.08,195.56,198.76,179334
2025-10-30,196.9,199.59,192,192.76,255133
2025-10-31,195.52,197.59,194.2,195.97,269520
2025-11-03,196.55,202.81,193.46,199.7,491511
2025-11-04,197.5,198.63,193.58,194.8,341656
2025-11-05,193.27,198.43,193.27,198.09,404513
2025-11-06,195,200.09,186.72,197.42,627106
2025-11-07,197.13,197.6,190.51,196.44,482375
2025-11-10,198,204.5,196.98,199.99,404117
2025-11-11,201,203.79,200.5,203.78,223450
2025-11-12,204.32,219.98,204.17,216.99,523688
2025-11-13,216.8,217.5,203.13,205,343184
2025-11-14,201.99,217.47,201.99,216.79,352608
2025-11-17,213.87,218,208.66,209.1,484714
2025-11-18,208.17,216.47,206.55,213.45,308691
2025-11-19,214.02,218,212.52,212.8,221926
2025-11-20,216.9,220.18,213.18,216,583899
2025-11-21,216.5,221,212.25,220.8,473249
2025-11-24,221.5,224.93,215.4,224.12,698443
2025-11-25,224.1,228.6,222.43,228,371240
2025-11-26,228.26,229.74,221.97,228.5,481839
2025-11-27,228.68,233.89,227.8,233,126310
2025-11-28,234.86,234.99,229.46,232.09,247167
2025-12-01,229.05,230,218.11,221.99,672388
2025-12-02,222.79,231.99,222.23,231.78,368333
2025-12-03,230.14,233.54,228,230.28,366989
2025-12-04,232.14,236.23,228.39,233.52,380650
2025-12-05,234.96,234.99,224.41,228,553108
2025-12-08,228,234.35,225.14,231.92,478389
2025-12-09,230.12,233.64,222.07,222.25,540522
2025-12-10,221.8,222.54,208.66,209.07,536713
2025-12-11,209.08,219.5,206.44,217.83,441099
2025-12-12,217,227.63,217,224.73,531483
2025-12-15,225,227.4,221.08,226.04,241138
2025-12-16,226,227.97,221.21,221.84,296328
2025-12-17,221.88,224.5,216.63,220.09,320073
2025-12-18,221.1,225.28,216.61,224.53,306444
2025-12-19,224.74,232.49,223.82,229.64,809833
2025-12-22,232.35,237.09,231.18,237.09,274780
2025-12-23,236.39,245.61,235.63,240.14,259982
2025-12-24,240.15,241.05,238.41,239.14,68430
2025-12-29,238.38,239.6,235.75,235.9,108948
2025-12-30,235.3,235.535,230.66,230.9,195770
2025-12-31,231.3,234.09,231.05,233.5,157197
2026-01-02,234.34,243.11,234.2,240.69,363741
2026-01-05,240.83,249.49,238.81,248.97,334557
2026-01-06,248.38,248.38,237.02,238.31,569833
2026-01-07,239.13,240.41,234,236.75,415721
2026-01-08,238.28,241.24,234.5,236.49,251173
2026-01-09,237.39,246.97,235,246.75,319265
2026-01-12,244.99,250.81,243.01,249.78,252855
2026-01-13,250.25,253.5,246.58,247.36,383462
2026-01-14,247,250.66,245,248.38,246004
2026-01-15,250.14,266.25,249.91,266.2,520005
2026-01-16,267.01,276.18,265.69,275.37,406409
2026-01-19,271,275.91,270.64,272.48,170280
2026-01-20,268.66,269,262.01,266.72,378327
2026-01-21,264.5,270.7,262.32,267.91,411295
2026-01-22,270,272.65,264.74,266.73,233703
2026-01-23,267.76,273.99,265.42,265.69,323328
2026-01-26,262,262,236.53,240.88,816970
2026-01-27,243.11,251.48,240.72,249.65,463034
2026-01-28,251,251,246.5,248.71,346876
2026-01-29,248.84,251.92,243.74,247.53,355996
2026-01-30,222.56,238.21,220,232.61,1031012
2026-02-02,234.5,239.99,232.69,236.72,409759
2026-02-03,239.9,244.38,237.69,241.77,263318
2026-02-04,241.97,247,239.24,243.87,410203
2026-02-05,241.1,242.46,232.44,236,306552
2026-02-06,239.7,248.49,238.25,247.26,322582
2026-02-09,247.95,252.25,245.82,252.13,243831
2026-02-10,253,254.79,249,250.53,198557
2026-02-11,258,263.72,248,249.73,417232
2026-02-12,257.5,258.01,240.12,243.71,493229
2026-02-13,246.51,247.73,234.08,242.54,384648
2026-02-17,242.5,259.46,242.45,254.01,716537
2026-02-18,255.79,270.88,255.79,268.98,329635
2026-02-19,270,276.58,269.78,275.84,346331
2026-02-20,274.76,282,274.76,276.88,391992
2026-02-23,274.68,278.48,262,263.66,305722
2026-02-24,264.82,272.88,262.16,272.64,242956
2026-02-25,272.45,274.72,268.35,272.79,164891
2026-02-26,271.74,278.21,271.74,277.23,245195
2026-02-27,274.65,281.9,274,281.89,469678
2026-03-02,277,283.99,271.47,276.67,357273
2026-03-03,270,273.21,262.83,269.81,301003
2026-03-04,272.36,279.88,268.24,277.08,353677
2026-03-05,274.57,277.55,259.68,260.18,490362
2026-03-06,255.81,256.01,245.53,245.84,497258
2026-03-09,236.3,241.04,225.32,239.55,541307
2026-03-10,243.64,251.4,243.64,246.28,370823
2026-03-11,246.5,253.49,246.28,252.98,375743
2026-03-12,250,255,242.49,242.52,405079
2026-03-13,245.05,248.44,241.89,243.2,189829
2026-03-16,246.39,251.645,243.26,247.44,236035
2026-03-17,249.88,255,248,253.8,213152
2026-03-18,251.7,254.08,243,244.34,256099
2026-03-19,243,243.35,234.11,240.37,389230
2026-03-20,238.25,240.92,228.66,232.55,763479
2026-03-23,237.55,244.95,236.03,239.74,421075
2026-03-24,236.5,239.08,230.4,235.98,315122
2026-03-25,239.49,247.9,238.58,246.47,401791
2026-03-26,242,248,239,239.31,192753
2026-03-27,235.8,240.44,234,237.37,207832
2026-03-30,239.36,240.09,230.13,232.07,237597
2026-03-31,235.82,246.86,234.18,246.02,565416
2026-04-01,252,261.51,248,259.15,380009
2026-04-02,250,251.48,241,246.55,345987
2026-04-06,246.55,253.77,245.94,252.16,182886
2026-04-07,249.02,249.4,242.7,244.99,325397
2026-04-08,262.14,262.25,256.8,259.39,414781
2026-04-09,257.21,263.43,257.21,260.54,307204
2026-04-10,261.25,263.5,254.5,258.02,238889
2026-04-13,255.7,259.92,251.18,257.17,236829
2026-04-14,259,278.25,258.99,278.01,542345
2026-04-15,274.95,280.84,266.83,269,352815
2026-04-16,270.34,272,254.36,260.33,423058
2026-04-17,264.23,271.655,264.13,267,370447
2026-04-20,264.99,270.16,260.14,262.84,182227
2026-04-21,262.8,264.8,255.11,256.9,269579
2026-04-22,261.71,261.93,248.54,250.59,242054
2026-04-23,248.15,261.5,245.08,245.72,349338
2026-04-24,246.34,250.99,240.12,242.46,195166
2026-04-27,242.61,245.99,236.655,239.64,272632
2026-04-28,238.5,242.61,235.41,235.8,282287
2026-04-29,235.86,239.85,233,239.31,261919
2026-04-30,255.98,288.9,251.01,288.64,1104609
2026-05-01,290,297.42,283.97,285.83,462588
2026-05-04,282.1,293.48,278.09,279.39,414615
2026-05-05,281.41,285.52,279.06,283.9,363778
2026-05-06,286.86,297.04,286.1,296.66,513869
2026-05-07,297.87,299,291.48,292.76,349350
2026-05-08,292.31,294.86,288,288.98,287611
2026-05-11,288.6,289.06,273.77,273.99,417240
2026-05-12,274,276.55,263.81,270.87,289307
2026-05-13,270.62,270.77,265.5,267,236016
2026-05-14,268.58,273.6,266.05,268.17,233111
2026-05-15,264.15,264.79,260.11,261.75,348428
2026-05-19,260,270.88,256.78,266.77,417178
2026-05-20,270.22,283.99,268.6,283.07,435129
2026-05-21,280.32,293.6,278,289.73,349261
2026-05-22,293.08,296.67,288.38,296.54,368927
2026-05-25,296.67,298.76,294.87,295.92,117487
2026-05-26,296,303.25,292.49,293.56,405596
2026-05-27,296.63,300.95,289.92,291.04,380645
2026-05-28,293.43,299.95,291.78,298.25,458966
2026-05-29,299.8,311.44,293.92,310.99,899501
2026-06-01,306.75,326.22,306.6,326,449434
2026-06-02,324.29,329.16,320.3,325,587165
2026-06-03,320,324.34,316.62,322.06,464203
2026-06-04,320,327.5,318,320.69,447103
2026-06-05,317.77,318.58,302.26,305.04,266467
2026-06-08,310,311,299.625,302.5,222106
2026-06-09,305.22,311.2,292.2,305.83,316931
2026-06-10,300.61,308.46,298.02,301.93,357062
2026-06-11,304.55,316.83,300.33,312.99,304055
2026-06-12,316.07,316.49,303.39,310.49,310327
2026-06-15,317,317.48,308.17,309.52,216484
2026-06-16,309.36,310.1,299.51,309.57,316311
2026-06-17,309,314.9,302.53,303.18,321449
2026-06-18,308.49,309.98,299.49,301.57,316928
2026-06-19,301.41,315.11,301,314.87,372601
2026-06-22,312.81,316,307.39,315.05,209008
2026-06-23,307.4,319.395,307,318.64,326281
2026-06-24,317.92,319.38,311.83,316.18,271577
2026-06-25,318,325.2,314,317.79,253665
2026-06-26,315.69,325.51,315.69,325.42,358155
2026-06-29,326.84,341,324.66,330,500527
2026-06-30,331.36,331.36,322.52,326.54,265146
2026-07-02,329,331,319.22,324.99,335900
2026-07-03,325.74,329.66,323.55,324.99,136425
2026-07-06,321,344.94,321,344.72,391528
2026-07-07,344.08,347.82,332.95,346.72,443723
2026-07-08,343,347.99,338.01,338.6,262164
2026-07-09,339.46,345,338.6,339.48,219825
2026-07-10,339.15,339.15,329.74,335.71,202951
2026-07-13,333.01,336.62,323.62,324.32,253429
2026-07-14,327.89,331,318.01,320.85,195247
2026-07-15,321.92,324.5,318.16,321.41,189745
2026-07-16,321.16,333.84,319.46,333.31,364673
2026-07-17,328.49,341.94,323.51,339.33,391982
2026-07-20,340.46,342.98,334.99,341.5,217512
2026-07-21,341.6,354.57,339.965,353.78,314651
2026-07-22,350,354.25,343.38,352.73,346362
2026-07-23,349,364.375,348.71,362.02,334906
2026-07-24,363,371.49,357.65,366.24,230464
2026-07-27,367.68,377.77,364.86,373.41,297034
2026-07-28,371.64,371.65,359.58,369.46,476342
2026-07-29,364.28,372.1,353.52,358.31,447674
2026-07-30,368,368,324.25,330.01,504244
2026-07-31,333.8,346.155,324.74,337.74,415283
2026-08-04,350.25,363.66,340,363.5,462380
2026-08-05,363.5,367.18,356.75,359.81,281901
2026-08-06,355.35,359.61,348.2,348.71,283539
2026-08-07,349.8,349.8,337.08,341.25,233693
2026-08-10,342.9,355.88,338.52,343.42,181473
2026-08-11,343.09,345.96,337.93,342.63,247373
2026-08-12,344.6,348.24,340.6,343.97,196381
2026-08-13,345.98,347.98,340,342.62,209281
2026-08-14,342,358.49,342,354.52,227078
2026-08-17,354.5,362.2,347.71,356.38,228727
2026-08-18,353,353.01,342.32,348.54,156519
2026-08-19,349.81,350,333.05,339.5,402024
2026-08-20,334.8,338.15,333,336.92,146338
2026-08-21,337.78,342.79,329.63,341.71,350958
2026-08-24,332.14,334.97,315.5,321.7,433234
2026-08-25,325,328.02,314.81,315.65,488334
2026-08-26,314.65,326.5,313.24,320.25,358196
2026-08-27,320.41,328,319.96,325.39,300853
2026-08-28,325.31,326.68,317.61,318.87,194043
2026-08-31,316.53,319.86,296.47,299.84,590501
2026-09-01,299.53,303.35,287.44,301.8,373795
2026-09-02,301.26,301.26,293.74,298.8,203509
2026-09-03,301.46,306.7,292.99,304.3,225801
2026-09-04,303.21,318.98,300.67,315.12,271254
2026-09-08,295.98,309.3,290,307.13,659773
2026-09-09,305,307.99,298,302.88,302211
2026-09-10,300.15,311.1,299.02,305.72,282787
2026-09-11,305.72,305.77,300.39,300.82,187383
2026-09-14,301.01,313,301,309.02,196302
2026-09-15,309.69,313.05,296.6,300.11,210749
2026-09-16,302.24,309.17,300.36,301.48,150592
2026-09-17,305.44,306.99,299.68,304.98,225149
2026-09-18,304.23,306.41,302.8,304.55,583841
2026-09-21,307.62,311.78,304.58,310.79,126946
2026-09-22,313.24,314.84,308,312.45,113911
2026-09-23,310.94,316.46,309.03,311.91,147497
2026-09-24,310.2,316.59,306.51,314.88,139946
2026-09-25,316.51,323.21,314.72,322.28,149995
2026-09-28,321.8,324.05,318.8,320.57,205274
2026-09-29,318.66,322.23,317.03,320.37,202025
2026-09-30,322.74,324.05,310,314.75,386815
2026-10-01,315.52,316.775,310.44,312.55,194655
2026-10-02,313.06,315.2,303.27,308.96,205307
2026-10-05,308.91,310.42,304,305.33,151614
2026-10-06,303,307.5,300.06,304.27,196935
2026-10-07,301.01,302.66,295.53,299.6,136748
2026-10-08,296,299.7,292.91,294.23,197640
2026-10-09,294,298.74,292.64,297.59,134767
