date,open,high,low,close,volume
2004-01-02,2.13302,2.13302,2.13302,2.13302,0
2004-01-05,2.02637,2.02637,1.91972,1.91972,900
2004-01-06,1.91972,1.91972,1.91972,1.91972,0
2004-01-07,1.91972,1.91972,1.91972,1.91972,1500
2004-01-08,1.91972,1.91972,1.91972,1.91972,0
2004-01-09,1.91972,1.91972,1.91972,1.91972,0
2004-01-12,2.13302,2.13409,2.13302,2.13409,1500
2004-01-13,2.13409,2.13409,2.13409,2.13409,0
2004-01-14,2.13409,2.13409,2.13409,2.13409,0
2004-01-15,2.13409,2.13409,2.13409,2.13409,0
2004-01-16,2.13409,2.13409,2.13409,2.13409,0
2004-01-19,2.13409,2.13409,2.13409,2.13409,0
2004-01-20,2.13409,2.13409,2.13409,2.13409,0
2004-01-21,2.13409,2.13409,2.13409,2.13409,0
2004-01-22,2.13409,2.13409,2.13409,2.13409,0
2004-01-23,1.86639,1.86639,1.86639,1.86639,600
2004-01-26,1.86639,1.86639,1.86639,1.86639,0
2004-01-27,1.86639,1.86639,1.86639,1.86639,0
2004-01-28,1.86639,1.86639,1.86639,1.86639,0
2004-01-29,1.86639,1.86639,1.86639,1.86639,0
2004-01-30,1.86639,1.86639,1.86639,1.86639,0
2004-02-02,1.86639,1.86639,1.86639,1.86639,300
2004-02-03,1.86639,1.86639,1.86639,1.86639,0
2004-02-04,1.86639,1.86639,1.86639,1.86639,0
2004-02-05,1.86639,1.86639,1.86639,1.86639,0
2004-02-06,1.86639,1.86639,1.86639,1.86639,0
2004-02-09,1.86639,1.86639,1.86639,1.86639,0
2004-02-10,1.86639,1.86639,1.86639,1.86639,0
2004-02-11,1.86639,1.86639,1.86639,1.86639,0
2004-02-12,1.86639,1.86639,1.86639,1.86639,0
2004-02-13,1.86639,1.86639,1.86639,1.86639,0
2004-02-16,1.86639,1.86639,1.86639,1.86639,0
2004-02-17,1.86639,1.86639,1.86639,1.86639,0
2004-02-18,1.91972,1.91972,1.91972,1.91972,2100
2004-02-19,1.91972,1.91972,1.91972,1.91972,0
2004-02-20,2.02637,2.05303,2.02637,2.05303,2400
2004-02-23,2.05303,2.05303,2.05303,2.05303,0
2004-02-24,2.05303,2.05303,2.05303,2.05303,0
2004-02-25,2.05303,2.05303,2.05303,2.05303,0
2004-02-26,2.05303,2.05303,2.05303,2.05303,0
2004-02-27,2.05303,2.05303,2.05303,2.05303,0
2004-03-01,1.94638,1.94638,1.94638,1.94638,3000
2004-03-02,1.94638,1.94638,1.83973,1.83973,1200
2004-03-03,1.83973,1.83973,1.83973,1.83973,0
2004-03-04,1.83973,1.83973,1.83973,1.83973,0
2004-03-05,1.83973,1.83973,1.83973,1.83973,0
2004-03-08,1.97304,1.97304,1.97304,1.97304,2100
2004-03-09,1.97304,1.97304,1.97304,1.97304,0
2004-03-10,2.02637,2.02637,2.02637,2.02637,2100
2004-03-11,2.02637,2.02637,2.02637,2.02637,600
2004-03-12,2.02637,2.02637,2.02637,2.02637,1200
2004-03-15,2.02637,2.02637,2.02637,2.02637,0
2004-03-16,2.02637,2.02637,2.02637,2.02637,0
2004-03-17,2.02637,2.02637,2.02637,2.02637,0
2004-03-18,2.02637,2.02637,2.02637,2.02637,300
2004-03-19,2.02637,2.02637,2.02637,2.02637,900
2004-03-22,2.02637,2.02637,2.02637,2.02637,0
2004-03-23,2.02637,2.02637,2.02637,2.02637,1800
2004-03-24,1.97411,1.97411,1.97304,1.97304,4500
2004-03-25,1.97304,1.97304,1.97304,1.97304,2100
2004-03-26,1.97304,1.97304,1.97304,1.97304,0
2004-03-29,1.97304,1.97304,1.97304,1.97304,0
2004-03-30,1.97304,1.97304,1.97304,1.97304,0
2004-03-31,1.97304,1.97304,1.97304,1.97304,0
2004-04-01,2.02637,2.02637,2.02637,2.02637,600
2004-04-02,1.97304,1.97304,1.97304,1.97304,600
2004-04-05,1.97304,1.97304,1.97304,1.97304,1800
2004-04-06,1.97304,1.97304,1.95705,1.95705,6600
2004-04-07,1.91972,2.02637,1.91972,2.02637,3300
2004-04-08,2.02637,2.02637,2.02637,2.02637,0
2004-04-12,2.02637,2.02637,2.02637,2.02637,0
2004-04-13,2.02637,2.02637,2.02637,2.02637,0
2004-04-14,1.97304,1.97304,1.97304,1.97304,900
2004-04-15,2.02637,2.02637,2.02637,2.02637,300
2004-04-16,2.02637,2.02637,2.02637,2.02637,0
2004-04-19,2.02637,2.02637,2.02637,2.02637,5400
2004-04-20,2.02637,2.02637,2.02637,2.02637,0
2004-04-21,2.02637,2.02637,2.02637,2.02637,0
2004-04-22,2.02637,2.02637,2.02637,2.02637,0
2004-04-23,2.02637,2.02637,2.02637,2.02637,0
2004-04-26,2.02637,2.02637,2.02637,2.02637,0
2004-04-27,2.13302,2.13302,2.03703,2.03703,3300
2004-04-28,2.02637,2.02637,2.02637,2.02637,3000
2004-04-29,2.02637,2.02637,2.02637,2.02637,3000
2004-04-30,2.02637,2.02637,2.02637,2.02637,0
2004-05-03,2.02637,2.02637,2.02637,2.02637,0
2004-05-04,2.02637,2.02637,2.02637,2.02637,0
2004-05-05,2.02637,2.02637,2.02637,2.02637,0
2004-05-06,2.02637,2.02637,2.02637,2.02637,0
2004-05-07,2.02637,2.02637,2.02637,2.02637,0
2004-05-10,2.02637,2.02637,2.02637,2.02637,0
2004-05-11,2.02637,2.02637,2.02637,2.02637,0
2004-05-12,2.06903,2.06903,2.06903,2.06903,600
2004-05-13,2.12769,2.12769,2.12769,2.12769,300
2004-05-14,2.12769,2.12769,2.12769,2.12769,0
2004-05-17,2.06903,2.06903,2.06903,2.06903,3000
2004-05-18,2.06903,2.06903,2.06903,2.06903,0
2004-05-19,2.06903,2.06903,2.06903,2.06903,0
2004-05-20,2.06903,2.06903,2.06903,2.06903,1200
2004-05-21,2.06903,2.06903,2.06903,2.06903,0
2004-05-25,2.06903,2.06903,2.06903,2.06903,0
2004-05-26,2.05303,2.05303,2.05303,2.05303,600
2004-05-27,2.05303,2.05303,2.05303,2.05303,0
2004-05-28,2.05303,2.05303,2.05303,2.05303,0
2004-05-31,2.05303,2.05303,2.05303,2.05303,0
2004-06-01,2.05303,2.05303,2.05303,2.05303,0
2004-06-02,2.05303,2.05303,2.05303,2.05303,0
2004-06-03,2.05303,2.05303,2.05303,2.05303,0
2004-06-04,2.05303,2.05303,2.05303,2.05303,0
2004-06-07,2.05303,2.05303,2.05303,2.05303,0
2004-06-08,2.05303,2.05303,2.05303,2.05303,0
2004-06-09,1.83973,2.02637,1.83973,2.02637,1500
2004-06-10,2.02637,2.02637,2.02637,2.02637,4500
2004-06-11,2.02637,2.02637,2.02637,2.02637,0
2004-06-14,2.02637,2.02637,2.02637,2.02637,0
2004-06-15,2.02637,2.02637,2.02637,2.02637,0
2004-06-16,2.02637,2.02637,2.02637,2.02637,0
2004-06-17,1.86746,1.86746,1.81307,1.81307,122100
2004-06-18,1.81307,1.81307,1.81307,1.81307,0
2004-06-21,1.81307,1.81307,1.81307,1.81307,0
2004-06-22,1.81307,1.81307,1.81307,1.81307,0
2004-06-23,1.81307,1.81307,1.81307,1.81307,0
2004-06-24,1.81307,1.81307,1.81307,1.81307,0
2004-06-25,1.81307,1.81307,1.81307,1.81307,0
2004-06-28,1.81307,1.81307,1.81307,1.81307,0
2004-06-29,1.81307,1.81307,1.81307,1.81307,0
2004-06-30,1.81307,1.81307,1.81307,1.81307,0
2004-07-02,1.81307,1.81307,1.81307,1.81307,0
2004-07-05,1.81307,1.81307,1.81307,1.81307,0
2004-07-06,2.02637,2.02637,2.02637,2.02637,1500
2004-07-07,2.02637,2.02637,2.02637,2.02637,0
2004-07-08,2.02637,2.02637,2.02637,2.02637,0
2004-07-09,2.02637,2.02637,2.02637,2.02637,0
2004-07-12,2.02637,2.02637,2.02637,2.02637,0
2004-07-13,2.02637,2.02637,2.02637,2.02637,0
2004-07-14,2.02637,2.02637,2.02637,2.02637,0
2004-07-15,2.02637,2.02637,2.02637,2.02637,0
2004-07-16,2.02637,2.02637,2.02637,2.02637,0
2004-07-19,2.02637,2.02637,2.02637,2.02637,0
2004-07-20,1.94638,1.94638,1.94638,1.94638,1500
2004-07-21,1.94638,1.94638,1.94638,1.94638,0
2004-07-22,1.94638,1.94638,1.94638,1.94638,0
2004-07-23,2.02637,2.02637,2.02637,2.02637,900
2004-07-26,2.02637,2.02637,2.02637,2.02637,0
2004-07-27,2.02637,2.02637,2.02637,2.02637,0
2004-07-28,2.02637,2.02637,2.02637,2.02637,0
2004-07-29,2.02637,2.02637,2.02637,2.02637,0
2004-07-30,2.02637,2.02637,2.02637,2.02637,0
2004-08-03,2.02637,2.02637,2.02637,2.02637,0
2004-08-04,2.02637,2.02637,2.02637,2.02637,0
2004-08-05,1.91972,1.91972,1.81307,1.81307,3000
2004-08-06,1.81307,1.81307,1.81307,1.81307,0
2004-08-09,1.81307,1.81307,1.81307,1.81307,0
2004-08-10,1.81307,1.81307,1.81307,1.81307,0
2004-08-11,1.92505,2.07969,1.91972,2.07969,16500
2004-08-12,2.59695,2.59695,2.13302,2.293,11100
2004-08-13,2.42631,2.42631,2.42631,2.42631,3000
2004-08-16,2.47964,2.47964,2.45297,2.45297,3000
2004-08-17,2.53296,2.66627,2.53296,2.66627,9900
2004-08-18,2.45297,2.5063,2.45297,2.5063,35100
2004-08-19,2.5063,2.5063,2.5063,2.5063,0
2004-08-20,2.54694,2.54694,2.54694,2.54694,0
2004-08-23,2.54694,2.54694,2.54694,2.54694,0
2004-08-24,2.54694,2.54694,2.54694,2.54694,0
2004-08-25,2.54694,2.54694,2.54694,2.54694,0
2004-08-26,2.54694,2.54694,2.54694,2.54694,0
2004-08-27,2.54694,2.54694,2.54694,2.54694,0
2004-08-30,2.54694,2.54694,2.54694,2.54694,0
2004-08-31,2.54694,2.54694,2.54694,2.54694,0
2004-09-01,2.54694,2.54694,2.54694,2.54694,0
2004-09-02,2.25431,2.25431,2.25431,2.25431,300
2004-09-03,2.25431,2.25431,1.84247,1.84247,90000
2004-09-07,1.84247,1.84247,1.84247,1.84247,0
2004-09-08,1.84247,1.84247,1.84247,1.84247,0
2004-09-09,2.16761,2.33018,2.16761,2.33018,5100
2004-09-10,2.33018,2.33018,2.33018,2.33018,0
2004-09-13,2.16761,2.16761,2.16761,2.16761,5100
2004-09-14,2.16761,2.16761,2.16761,2.16761,4500
2004-09-15,2.16761,2.38437,2.16761,2.38437,3600
2004-09-16,2.43856,2.43856,2.08633,2.08633,600
2004-09-17,2.08633,2.08633,2.08633,2.08633,0
2004-09-20,2.16761,2.16761,2.16761,2.16761,3000
2004-09-21,2.16761,2.16761,2.16761,2.16761,3000
2004-09-22,2.16761,2.38437,2.16761,2.31934,4800
2004-09-23,2.16761,2.16761,2.16761,2.16761,3000
2004-09-24,2.16761,2.16761,2.16761,2.16761,0
2004-09-27,2.17845,2.17845,2.16761,2.16761,3000
2004-09-28,2.16761,2.16761,2.16761,2.16761,3000
2004-09-29,2.16761,2.16761,2.16761,2.16761,3000
2004-09-30,2.16761,2.33018,2.16761,2.33018,6300
2004-10-01,2.33018,2.33018,2.33018,2.33018,0
2004-10-04,2.33018,2.33018,2.33018,2.33018,0
2004-10-05,2.33018,2.33018,2.33018,2.33018,0
2004-10-06,2.33018,2.33018,2.33018,2.33018,0
2004-10-07,2.16761,2.16761,2.16761,2.16761,3000
2004-10-08,2.16761,2.33018,2.16761,2.33018,3300
2004-10-12,2.16761,2.16761,2.16761,2.16761,3000
2004-10-13,2.21096,2.21096,2.18928,2.18928,3600
2004-10-14,2.18928,2.18928,2.18928,2.18928,0
2004-10-15,2.2218,2.2218,2.2218,2.2218,9300
2004-10-18,2.2218,2.2218,2.16761,2.16761,4500
2004-10-19,2.16761,2.16761,2.16761,2.16761,3900
2004-10-20,2.16761,2.16761,2.16761,2.16761,0
2004-10-21,2.16761,2.16761,2.16761,2.16761,0
2004-10-22,2.2218,2.2218,2.2218,2.2218,300
2004-10-25,2.2489,2.2489,2.2489,2.2489,600
2004-10-26,2.30308,2.30308,2.20121,2.20121,1800
2004-10-27,2.20012,2.20012,2.18928,2.18928,3000
2004-10-28,2.18928,2.18928,2.18928,2.18928,0
2004-10-29,2.18928,2.18928,2.18928,2.18928,0
2004-11-01,2.2218,2.2218,2.2218,2.2218,3600
2004-11-02,2.2218,2.2218,2.2218,2.2218,0
2004-11-03,2.2218,2.2218,2.2218,2.2218,0
2004-11-04,2.2218,2.2218,2.2218,2.2218,0
2004-11-05,2.2218,2.2218,2.2218,2.2218,0
2004-11-08,2.27599,2.27599,2.16761,2.16761,4200
2004-11-09,2.16869,2.27707,2.16869,2.27707,3300
2004-11-10,2.16761,2.16761,2.16761,2.16761,3000
2004-11-11,2.37895,2.37895,2.37895,2.37895,600
2004-11-12,2.16761,2.16761,2.16761,2.16761,3000
2004-11-15,2.16761,2.16761,2.16761,2.16761,0
2004-11-16,2.17303,2.17303,2.16761,2.16761,2700
2004-11-17,2.16761,2.16761,2.16761,2.16761,0
2004-11-18,2.16761,2.16761,2.16761,2.16761,0
2004-11-19,2.16761,2.16761,2.16761,2.16761,0
2004-11-22,2.16761,2.16761,2.16761,2.16761,0
2004-11-23,2.16761,2.16761,2.16761,2.16761,0
2004-11-24,2.16761,2.16761,2.16761,2.16761,0
2004-11-25,2.57404,2.57404,2.57404,2.57404,300
2004-11-26,2.57404,2.57404,2.57404,2.57404,0
2004-11-29,2.46566,2.46566,2.38437,2.38437,6600
2004-11-30,2.41147,2.49275,2.16869,2.33018,194700
2004-12-01,2.33018,2.33018,2.33018,2.33018,12000
2004-12-02,2.33018,2.33018,2.33018,2.33018,0
2004-12-03,2.43856,2.43856,2.43856,2.43856,15000
2004-12-06,2.43856,2.43856,2.43856,2.43856,0
2004-12-07,2.43856,2.43856,2.43856,2.43856,0
2004-12-08,2.43856,2.43856,2.43856,2.43856,0
2004-12-09,2.41147,2.41147,2.38437,2.38437,20100
2004-12-10,2.43856,2.43856,2.38437,2.38437,6300
2004-12-13,2.38437,2.38437,2.38437,2.38437,0
2004-12-14,2.38437,2.38437,2.38437,2.38437,0
2004-12-15,2.46566,2.46566,2.38437,2.38437,5100
2004-12-16,2.38545,2.38545,2.38437,2.38437,9900
2004-12-17,2.46566,2.46566,2.43856,2.43856,8700
2004-12-20,2.46566,2.46566,2.46566,2.46566,300
2004-12-21,2.35836,2.35836,2.35728,2.35728,11400
2004-12-22,2.33018,2.33018,2.05923,2.2218,36000
2004-12-23,2.16761,2.2218,2.16761,2.2218,3300
2004-12-24,2.2218,2.2218,2.2218,2.2218,8700
2004-12-29,2.27599,2.27599,2.16761,2.21096,6900
2004-12-30,2.16761,2.16761,2.16761,2.16761,4500
2004-12-31,2.16761,2.27599,2.16761,2.27599,14400
2005-01-04,2.27599,2.27599,2.27599,2.27599,3300
2005-01-05,2.27599,2.27599,2.27599,2.27599,5400
2005-01-06,2.27599,2.27599,2.27599,2.27599,0
2005-01-07,2.27599,2.27599,2.27599,2.27599,0
2005-01-10,2.27599,2.27599,2.27599,2.27599,0
2005-01-11,2.27599,2.27599,2.27599,2.27599,0
2005-01-12,2.40605,2.40605,2.40605,2.40605,1200
2005-01-13,2.40605,2.40605,2.40605,2.40605,0
2005-01-14,2.40605,2.40605,2.40605,2.40605,0
2005-01-17,2.40605,2.40605,2.40605,2.40605,0
2005-01-18,2.40605,2.40605,2.40605,2.40605,0
2005-01-19,2.40605,2.40605,2.40605,2.40605,0
2005-01-20,2.40605,2.40605,2.40605,2.40605,0
2005-01-21,2.40605,2.40605,2.40605,2.40605,0
2005-01-24,2.49275,2.49275,2.49275,2.49275,1200
2005-01-25,2.43856,2.46566,2.43856,2.43856,2700
2005-01-26,2.51443,2.51443,2.51443,2.51443,300
2005-01-27,2.51443,2.51443,2.51443,2.51443,0
2005-01-28,2.51443,2.51443,2.51443,2.51443,0
2005-01-31,2.50359,2.50359,2.50359,2.50359,1500
2005-02-01,2.50359,2.50359,2.50359,2.50359,0
2005-02-02,2.50359,2.50359,2.50359,2.50359,0
2005-02-03,2.4765,2.4765,2.47108,2.47108,7200
2005-02-04,2.47108,2.47108,2.47108,2.47108,0
2005-02-07,2.4494,2.4494,2.4494,2.4494,600
2005-02-08,2.4494,2.4494,2.4494,2.4494,0
2005-02-09,2.50359,2.50359,2.47108,2.47108,600
2005-02-10,2.47108,2.47108,2.47108,2.47108,0
2005-02-11,2.47108,2.47108,2.47108,2.47108,0
2005-02-14,2.47108,2.47108,2.47108,2.47108,0
2005-02-15,2.47108,2.47108,2.47108,2.47108,0
2005-02-16,2.55778,2.55778,2.55778,2.55778,300
2005-02-17,2.55236,2.55236,2.43856,2.43856,1200
2005-02-18,2.43856,2.43856,2.43856,2.43856,0
2005-02-21,2.43856,2.43856,2.43856,2.43856,300
2005-02-22,2.43856,2.43856,2.43856,2.43856,0
2005-02-23,2.55778,2.55778,2.55778,2.55778,300
2005-02-24,2.57404,2.57404,2.57404,2.57404,6000
2005-02-25,2.57404,2.57404,2.57404,2.57404,0
2005-02-28,2.62823,2.62823,2.62823,2.62823,1500
2005-03-01,2.62823,2.62823,2.62823,2.62823,2700
2005-03-02,2.65532,2.70951,2.65532,2.65532,9300
2005-03-03,2.70951,2.70951,2.70951,2.70951,600
2005-03-04,2.70951,2.70951,2.70951,2.70951,0
2005-03-07,2.87208,2.92627,2.87208,2.92627,8700
2005-03-08,2.87208,2.89918,2.87208,2.89918,7200
2005-03-09,2.97708,2.97708,2.97708,2.97708,0
2005-03-10,2.97708,2.97708,2.97708,2.97708,0
2005-03-11,2.97708,2.97708,2.97708,2.97708,0
2005-03-14,2.97708,2.97708,2.97708,2.97708,0
2005-03-15,2.97708,2.97708,2.97708,2.97708,0
2005-03-16,2.97708,2.97708,2.97708,2.97708,0
2005-03-17,2.97708,2.97708,2.97708,2.97708,0
2005-03-18,2.78232,2.83797,2.78232,2.83797,9000
2005-03-21,2.8324,2.8324,2.8324,2.8324,3900
2005-03-22,2.78232,2.78232,2.72667,2.72667,12600
2005-03-23,2.69885,2.69885,2.67103,2.67103,5700
2005-03-24,2.67103,2.67103,2.6432,2.6432,5100
2005-03-28,2.55974,2.55974,2.55974,2.55974,6000
2005-03-29,2.55974,2.55974,2.55974,2.55974,1500
2005-03-30,2.44844,2.61538,2.44844,2.61538,3900
2005-03-31,2.58756,2.61538,2.58756,2.58756,10200
2005-04-01,2.58756,2.58756,2.58756,2.58756,300
2005-04-04,2.44844,2.44844,2.44844,2.44844,300
2005-04-05,2.50409,2.50409,2.39836,2.39836,16500
2005-04-06,2.44733,2.44733,2.44733,2.44733,1500
2005-04-07,2.44733,2.44733,2.44733,2.44733,0
2005-04-08,2.50409,2.50409,2.50409,2.50409,1500
2005-04-11,2.50409,2.50409,2.50409,2.50409,9000
2005-04-12,2.50409,2.50409,2.22586,2.22586,167400
2005-04-13,2.3928,2.42062,2.23699,2.42062,22200
2005-04-14,2.42062,2.42062,2.42062,2.42062,0
2005-04-15,2.50409,2.50409,2.43175,2.43175,1200
2005-04-18,2.42062,2.42062,2.42062,2.42062,600
2005-04-19,2.44844,2.44844,2.42062,2.42062,4800
2005-04-20,2.44288,2.44288,2.44288,2.44288,5700
2005-04-21,2.44288,2.44288,2.44288,2.44288,0
2005-04-22,2.44288,2.44288,2.44288,2.44288,0
2005-04-25,2.49296,2.49296,2.42062,2.42062,3300
2005-04-26,2.50409,2.50409,2.50409,2.50409,3000
2005-04-27,2.67103,2.67103,2.67103,2.67103,300
2005-04-28,2.67103,2.67103,2.67103,2.67103,0
2005-04-29,2.67103,2.67103,2.67103,2.67103,0
2005-05-02,2.67103,2.67103,2.67103,2.67103,0
2005-05-03,2.67103,2.67103,2.67103,2.67103,0
2005-05-04,2.50965,2.50965,2.50409,2.50409,6000
2005-05-05,2.61538,2.62651,2.61538,2.62651,3900
2005-05-06,2.62651,2.62651,2.62651,2.62651,0
2005-05-09,2.52635,2.52635,2.52635,2.52635,1500
2005-05-10,2.52635,2.52635,2.52635,2.52635,0
2005-05-11,2.52635,2.52635,2.52635,2.52635,0
2005-05-12,2.62651,2.62651,2.62651,2.62651,300
2005-05-13,2.62651,2.62651,2.62651,2.62651,0
2005-05-16,2.62651,2.62651,2.62651,2.62651,0
2005-05-17,2.62651,2.62651,2.62651,2.62651,0
2005-05-18,2.62651,2.62651,2.62651,2.62651,0
2005-05-19,2.62651,2.62651,2.61538,2.61538,3600
2005-05-20,2.62095,2.62095,2.62095,2.62095,3000
2005-05-24,2.6432,2.6432,2.61538,2.61538,6000
2005-05-25,2.61538,2.61538,2.61538,2.61538,0
2005-05-26,2.61538,2.61538,2.61538,2.61538,0
2005-05-27,2.6432,2.67103,2.6432,2.67103,12000
2005-05-30,2.67103,2.67103,2.67103,2.67103,300
2005-05-31,2.67103,2.67103,2.67103,2.67103,5700
2005-06-01,2.67103,2.67103,2.67103,2.67103,0
2005-06-02,2.61538,2.67103,2.61538,2.67103,12000
2005-06-03,2.67103,2.67103,2.67103,2.67103,0
2005-06-06,2.67103,2.67103,2.67103,2.67103,0
2005-06-07,2.78232,2.78232,2.78232,2.78232,300
2005-06-08,2.78232,2.80681,2.78232,2.80681,15300
2005-06-09,2.80681,2.80681,2.80681,2.80681,0
2005-06-10,2.80681,2.80681,2.80681,2.80681,0
2005-06-13,2.80681,2.80681,2.80681,2.80681,0
2005-06-14,2.89361,2.89361,2.89361,2.89361,3300
2005-06-15,2.89361,2.94926,2.89361,2.94926,17700
2005-06-16,2.94926,2.94926,2.94926,2.94926,0
2005-06-17,3.00491,3.00491,2.94926,3.00491,1800
2005-06-20,3.00491,3.00491,3.00491,3.00491,0
2005-06-21,2.97708,2.97708,2.97708,2.97708,2700
2005-06-22,2.97708,2.97708,2.97708,2.97708,0
2005-06-23,2.97708,2.97708,2.97708,2.97708,0
2005-06-24,3.00491,3.00491,3.00491,3.00491,3600
2005-06-27,3.00491,3.00491,3.00491,3.00491,2100
2005-06-28,3.00491,3.00491,3.00491,3.00491,7200
2005-06-29,3.00491,3.00491,3.00491,3.00491,0
2005-06-30,3.06055,3.06055,3.00491,3.00491,6000
2005-07-04,3.00491,3.00491,3.00491,3.00491,300
2005-07-05,3.00491,3.00491,3.00491,3.00491,0
2005-07-06,3.06055,3.06055,3.06055,3.06055,1200
2005-07-07,3.06055,3.06055,3.06055,3.06055,0
2005-07-08,2.98265,2.98265,2.98265,2.98265,900
2005-07-11,2.98265,2.98265,2.98265,2.98265,300
2005-07-12,2.98265,2.98265,2.98265,2.98265,0
2005-07-13,3.00491,3.00491,2.9871,2.9871,7200
2005-07-14,2.9871,2.9871,2.9871,2.9871,0
2005-07-15,2.9871,2.9871,2.9871,2.9871,0
2005-07-18,3.0049,3.0049,2.99378,2.99378,10200
2005-07-19,3.00379,3.00379,3.00379,3.00379,1200
2005-07-20,3.00379,3.00379,3.00379,3.00379,0
2005-07-21,3.00379,3.00379,3.00379,3.00379,0
2005-07-22,3.00379,3.00379,3.00379,3.00379,0
2005-07-25,3.1162,3.1162,3.1162,3.1162,900
2005-07-26,3.1162,3.1162,3.1162,3.1162,600
2005-07-27,3.1162,3.1162,3.1162,3.1162,1500
2005-07-28,3.1162,3.1162,3.1162,3.1162,600
2005-07-29,3.1162,3.1162,3.1162,3.1162,0
2005-08-02,3.33878,3.33878,3.33878,3.33878,300
2005-08-03,3.22749,3.22749,3.22749,3.22749,300
2005-08-04,3.22749,3.22749,3.22749,3.22749,0
2005-08-05,3.22749,3.22749,3.22749,3.22749,300
2005-08-08,3.22749,3.22749,3.22749,3.22749,0
2005-08-09,3.22749,3.22749,3.22749,3.22749,1800
2005-08-10,3.22749,3.22749,3.22749,3.22749,0
2005-08-11,3.22749,3.22749,3.22749,3.22749,0
2005-08-12,3.22749,3.22749,3.22749,3.22749,0
2005-08-15,3.33878,3.33878,3.33878,3.33878,900
2005-08-16,3.33878,3.33878,3.33878,3.33878,0
2005-08-17,3.3905,3.50544,3.3905,3.50544,5100
2005-08-18,3.50544,3.50544,3.50544,3.50544,0
2005-08-19,3.50544,3.50544,3.50544,3.50544,0
2005-08-22,3.33304,3.33304,3.33304,3.33304,600
2005-08-23,3.33304,3.33304,3.33304,3.33304,0
2005-08-24,3.33304,3.33304,3.33304,3.33304,0
2005-08-25,3.44797,3.44797,3.44797,3.44797,1800
2005-08-26,3.44797,3.44797,3.44797,3.44797,600
2005-08-29,3.44797,3.44797,3.44797,3.44797,0
2005-08-30,3.33304,3.33304,3.33304,3.33304,1500
2005-08-31,3.33304,3.33304,3.33304,3.33304,0
2005-09-01,3.33304,3.33304,3.33304,3.33304,0
2005-09-02,3.44797,3.44797,3.33878,3.33878,600
2005-09-06,3.45946,3.45946,3.45946,3.45946,600
2005-09-07,3.50544,3.50544,3.3905,3.3905,3300
2005-09-08,3.3905,3.45946,3.3905,3.45946,600
2005-09-09,3.44797,3.44797,3.44797,3.44797,3600
2005-09-12,3.43648,3.5629,3.43648,3.50544,14100
2005-09-13,3.50544,3.50544,3.50544,3.50544,0
2005-09-14,3.6491,3.6491,3.50544,3.50544,600
2005-09-15,3.67784,3.67784,3.50544,3.50544,1800
2005-09-16,3.50544,3.50544,3.50544,3.50544,0
2005-09-19,5.17196,5.28689,4.36743,4.56856,14400
2005-09-20,4.36743,4.36743,4.02263,4.2525,7800
2005-09-21,4.2525,4.5973,4.2525,4.4249,5100
2005-09-22,4.28123,4.28123,4.17779,4.19503,6600
2005-09-23,4.13756,4.19503,4.13756,4.19503,2400
2005-09-26,4.19503,4.19503,4.19503,4.19503,900
2005-09-27,4.19503,4.19503,4.19503,4.19503,0
2005-09-28,4.19503,4.19503,4.19503,4.19503,0
2005-09-29,4.19503,4.19503,4.19503,4.19503,0
2005-09-30,4.2525,4.36743,4.2525,4.36743,6600
2005-10-03,4.2525,4.2525,4.19503,4.19503,3000
2005-10-04,4.19503,4.19503,4.19503,4.19503,0
2005-10-05,4.2525,4.30996,4.2525,4.30996,1500
2005-10-06,4.13756,4.13756,4.13641,4.13641,2100
2005-10-07,4.13641,4.13641,4.13641,4.13641,0
2005-10-11,4.13641,4.13641,4.13641,4.13641,0
2005-10-12,4.13641,4.13641,4.13641,4.13641,0
2005-10-13,4.19503,4.19503,4.13756,4.19503,13200
2005-10-14,4.19503,4.19503,4.19503,4.19503,0
2005-10-17,4.14906,4.14906,4.14906,4.14906,600
2005-10-18,4.14906,4.14906,4.14906,4.14906,0
2005-10-19,4.13756,4.13756,4.0801,4.10883,13800
2005-10-20,4.02263,4.02263,4.02263,4.02263,600
2005-10-21,4.02263,4.02263,4.02263,4.02263,0
2005-10-24,4.12032,4.12032,4.12032,4.12032,2400
2005-10-25,4.12032,4.12032,4.12032,4.12032,0
2005-10-26,4.12607,4.12607,4.11457,4.11457,8400
2005-10-27,4.13756,4.13756,4.13756,4.13756,17100
2005-10-28,4.13756,4.13756,4.13756,4.13756,0
2005-10-31,4.13756,4.25249,4.13756,4.13756,4500
2005-11-01,4.13756,4.13756,4.13756,4.13756,1200
2005-11-02,4.13756,4.13756,4.13756,4.13756,0
2005-11-03,4.13756,4.13756,4.13756,4.13756,0
2005-11-04,4.13756,4.13756,4.13756,4.13756,0
2005-11-07,4.13756,4.13756,4.13756,4.13756,0
2005-11-08,4.13756,4.13756,4.13756,4.13756,0
2005-11-09,4.13756,4.13756,4.13756,4.13756,0
2005-11-10,4.13756,4.13756,4.13756,4.13756,0
2005-11-11,4.13756,4.13756,4.13756,4.13756,0
2005-11-14,3.9077,3.9077,3.9077,3.9077,900
2005-11-15,3.79277,3.9077,3.79277,3.9077,1500
2005-11-16,3.9077,3.9077,3.9077,3.9077,3000
2005-11-17,3.9077,3.9077,3.9077,3.9077,0
2005-11-18,4.02263,4.02263,4.02263,4.02263,3000
2005-11-21,4.02263,4.02263,4.02263,4.02263,900
2005-11-22,4.02263,4.02263,4.02263,4.02263,0
2005-11-23,4.0801,4.0801,4.0801,4.0801,1500
2005-11-24,4.19618,4.48236,4.1686,4.2525,11100
2005-11-25,4.41915,4.48236,4.41915,4.48236,300
2005-11-28,4.48236,4.48236,4.48236,4.48236,0
2005-11-29,3.9077,3.9077,3.79277,3.79277,6600
2005-11-30,4.13756,4.13756,4.13756,4.13756,300
2005-12-01,4.13757,4.30996,4.13757,4.30996,6600
2005-12-02,4.30996,4.30996,4.30996,4.30996,600
2005-12-05,4.30996,4.30996,4.30996,4.30996,900
2005-12-06,4.62028,4.71223,4.5111,4.5973,30600
2005-12-07,4.5973,4.6835,4.5973,4.5973,8700
2005-12-08,4.53983,4.53983,4.51109,4.51109,5400
2005-12-09,4.52833,4.52833,4.52833,4.52833,1500
2005-12-12,4.52833,4.52833,4.52833,4.52833,0
2005-12-13,4.48236,4.48236,4.48236,4.48236,900
2005-12-14,4.48236,4.53983,4.48236,4.53983,3900
2005-12-15,4.53983,4.53983,4.53983,4.53983,5100
2005-12-16,4.53983,4.53983,4.53983,4.53983,900
2005-12-19,4.59729,4.59729,4.55132,4.55132,6900
2005-12-20,4.53983,4.53983,4.30996,4.30996,4500
2005-12-21,4.30996,4.30996,4.30996,4.30996,0
2005-12-22,4.48236,4.48236,4.48236,4.48236,3000
2005-12-23,4.48236,4.48236,4.48236,4.48236,0
2005-12-28,4.48236,4.48236,4.36743,4.36743,7500
2005-12-29,4.36743,4.36743,4.36743,4.36743,0
2005-12-30,4.48236,4.48236,4.48236,4.48236,1500
2006-01-03,4.65476,4.65476,4.53983,4.53983,600
2006-01-04,4.48236,4.5973,4.48236,4.5973,7800
2006-01-05,4.52833,4.52833,4.52833,4.52833,300
2006-01-06,4.50535,4.50535,4.2525,4.2525,76800
2006-01-09,4.2525,4.2525,4.2525,4.2525,0
2006-01-10,4.2525,4.2525,4.2525,4.2525,600
2006-01-11,4.2525,4.2525,4.2525,4.2525,0
2006-01-12,4.19503,4.19503,4.19503,4.19503,3300
2006-01-13,4.39616,4.45363,4.30996,4.30996,10500
2006-01-16,4.36743,4.36743,4.36743,4.36743,1200
2006-01-17,4.4249,4.4249,4.4249,4.4249,600
2006-01-18,4.39616,4.39616,4.39616,4.39616,5400
2006-01-19,4.39041,4.39041,4.35019,4.36743,5700
2006-01-20,4.36743,4.36743,4.36743,4.36743,0
2006-01-23,4.3387,4.3387,4.30996,4.3387,18300
2006-01-24,4.36743,4.45363,4.36743,4.36743,27300
2006-01-25,4.45363,4.45363,4.45363,4.45363,5700
2006-01-26,4.48236,4.53983,4.42489,4.53983,9600
2006-01-27,4.53983,4.53983,4.48236,4.48236,3300
2006-01-30,4.53983,4.53983,4.53983,4.53983,300
2006-01-31,4.5111,4.5973,4.5111,4.5973,3300
2006-02-01,4.60304,4.94209,4.59729,4.94209,34800
2006-02-02,4.94209,4.94209,4.71223,4.72947,6600
2006-02-03,4.80992,4.88462,4.80992,4.88462,21000
2006-02-06,4.88462,4.88462,4.82716,4.88462,16500
2006-02-07,4.88462,4.94209,4.82716,4.94209,13800
2006-02-08,4.88463,4.97083,4.88463,4.97083,15300
2006-02-09,4.94209,4.97082,4.94209,4.94209,13500
2006-02-10,4.99956,4.99956,4.98806,4.99956,18600
2006-02-13,4.99956,5.11449,4.97082,5.05702,44700
2006-02-14,5.05702,5.20069,5.05702,5.20069,19200
2006-02-15,5.17196,5.17196,5.11449,5.11449,3900
2006-02-16,5.17196,5.17196,5.17196,5.17196,9000
2006-02-17,5.22942,5.63169,5.22942,5.45929,29700
2006-02-20,5.66042,5.66042,5.45928,5.66042,10800
2006-02-21,5.57422,5.57422,5.51101,5.51101,21000
2006-02-22,5.51101,5.51101,5.34436,5.39033,33300
2006-02-23,5.66042,5.66042,5.51675,5.51675,42900
2006-02-24,5.40182,5.63168,5.40182,5.51675,28800
2006-02-27,1.52285,1.62055,1.49987,1.56883,3920400
2006-02-28,1.56308,1.58032,1.54009,1.57457,503400
2006-03-01,1.58032,1.62629,1.55159,1.6079,317400
2006-03-02,1.60905,1.62514,1.58032,1.62055,286800
2006-03-03,1.6102,1.63664,1.59181,1.60905,111000
2006-03-06,1.62055,1.63089,1.60905,1.60905,437400
2006-03-07,1.6148,1.62055,1.60905,1.62055,105600
2006-03-08,1.62055,1.62055,1.60905,1.6148,161400
2006-03-09,1.62055,1.62055,1.60905,1.60905,94200
2006-03-10,1.60905,1.62055,1.60905,1.60905,78000
2006-03-13,1.60905,1.62629,1.60905,1.6148,42600
2006-03-14,1.6148,1.63204,1.6148,1.62629,84600
2006-03-15,1.63089,1.65503,1.62055,1.63779,211800
2006-03-16,1.64928,1.65962,1.64928,1.65043,33000
2006-03-17,1.65962,1.69525,1.65273,1.66652,64200
2006-03-20,1.68261,1.74122,1.68261,1.74122,48000
2006-03-21,1.75732,1.76996,1.75272,1.76996,78600
2006-03-22,1.76996,1.7803,1.71824,1.76421,309600
2006-03-23,1.74123,1.75847,1.73548,1.75272,35400
2006-03-24,1.74122,1.76996,1.74122,1.76996,84600
2006-03-27,1.76996,1.76996,1.74697,1.75846,76200
2006-03-28,1.76421,1.79294,1.75846,1.79294,69000
2006-03-29,1.7872,1.7872,1.75846,1.75846,7200
2006-03-30,1.79295,1.89638,1.79295,1.83892,251400
2006-03-31,1.8619,1.8734,1.83892,1.86765,133800
2006-04-03,1.89753,1.98718,1.86765,1.90788,150600
2006-04-04,1.92167,1.92167,1.87914,1.88489,59400
2006-04-05,1.89523,1.89523,1.86765,1.87914,172800
2006-04-06,1.86305,1.89294,1.85616,1.88489,390000
2006-04-07,1.89638,1.90788,1.89638,1.90788,46800
2006-04-10,1.9481,1.9481,1.90788,1.91937,108000
2006-04-11,1.92512,1.92512,1.91132,1.91362,52200
2006-04-12,1.91362,1.91362,1.89638,1.89638,184200
2006-04-13,1.89638,1.89638,1.85616,1.85731,26400
2006-04-17,1.85156,1.8619,1.79984,1.82742,55200
2006-04-18,1.81019,1.82628,1.80444,1.82628,178200
2006-04-19,1.82627,1.8734,1.81593,1.85616,81600
2006-04-20,1.85041,1.85616,1.83317,1.83317,20400
2006-04-21,1.83892,1.83892,1.81593,1.82168,28800
2006-04-24,1.82168,1.82168,1.7872,1.7872,43200
2006-04-25,1.7872,1.80444,1.7872,1.79869,68400
2006-04-26,1.80444,1.80444,1.7872,1.7872,12000
2006-04-27,1.7872,1.79294,1.7872,1.7872,33600
2006-04-28,1.79065,1.82053,1.79065,1.81938,42000
2006-05-01,1.81019,1.81133,1.81019,1.81133,6000
2006-05-02,1.83317,1.84466,1.82168,1.84466,58200
2006-05-03,1.82168,1.83892,1.82168,1.83892,7200
2006-05-04,1.87799,1.87799,1.83892,1.8619,70200
2006-05-05,1.85041,1.88489,1.85041,1.8619,39000
2006-05-08,1.8734,1.88489,1.8619,1.87914,39000
2006-05-09,1.87914,1.88489,1.87914,1.88374,24600
2006-05-10,1.8619,1.88489,1.8619,1.88489,155400
2006-05-11,1.86765,1.88489,1.86765,1.88489,842400
2006-05-12,1.89638,1.89638,1.89064,1.89638,322800
2006-05-15,1.88489,1.89638,1.88489,1.88489,121200
2006-05-16,1.8734,1.87914,1.8619,1.8619,21000
2006-05-17,1.85616,1.85616,1.79409,1.79409,13200
2006-05-18,1.86765,1.86765,1.78145,1.81019,19200
2006-05-19,1.81018,1.81018,1.64353,1.69525,73200
2006-05-23,1.68376,1.69525,1.60905,1.66652,29400
2006-05-24,1.66652,1.72284,1.66652,1.71824,85200
2006-05-25,1.70674,1.73778,1.70674,1.70674,12000
2006-05-26,1.70675,1.71709,1.67801,1.71709,24600
2006-05-29,1.72399,1.72399,1.72399,1.72399,9000
2006-05-30,1.72398,1.75157,1.71479,1.73893,24000
2006-05-31,1.72399,1.74697,1.72399,1.74697,22800
2006-06-01,1.75387,1.77456,1.75272,1.76421,23400
2006-06-02,1.78145,1.78145,1.74122,1.74122,27000
2006-06-05,1.75732,1.75846,1.70674,1.70674,21600
2006-06-06,1.69525,1.69755,1.66767,1.69755,12600
2006-06-07,1.70674,1.70674,1.67801,1.68951,22200
2006-06-08,1.66652,1.68376,1.62629,1.63204,54000
2006-06-09,1.6102,1.6102,1.60331,1.60331,7200
2006-06-12,1.60331,1.6102,1.60331,1.60905,10800
2006-06-13,1.60905,1.60905,1.52285,1.54009,97800
2006-06-14,1.52515,1.54009,1.52285,1.52285,20400
2006-06-15,1.49757,1.55159,1.49757,1.55159,22800
2006-06-16,1.55159,1.55159,1.53779,1.53894,37200
2006-06-19,1.5355,1.56308,1.5355,1.56308,18600
2006-06-20,1.57457,1.57457,1.5286,1.5286,7800
2006-06-21,1.54009,1.54009,1.54009,1.54009,3900
2006-06-22,1.56078,1.57687,1.55733,1.57687,63000
2006-06-23,1.57802,1.65388,1.57687,1.65388,105900
2006-06-26,1.68951,1.71709,1.68951,1.68951,27600
2006-06-27,1.71249,1.74467,1.71249,1.73548,18300
2006-06-28,1.7467,1.7467,1.67729,1.67729,13200
2006-06-29,1.68308,1.73513,1.64953,1.69118,160800
2006-06-30,1.68886,1.70621,1.68192,1.68423,61500
2006-07-04,1.72241,1.72356,1.69002,1.70043,21600
2006-07-05,1.71084,1.71199,1.71084,1.71199,7200
2006-07-06,1.70621,1.73513,1.70621,1.73513,21600
2006-07-07,1.70737,1.72241,1.70621,1.70621,22800
2006-07-10,1.72703,1.73513,1.72703,1.73513,6600
2006-07-11,1.73513,1.73513,1.72588,1.72935,6300
2006-07-12,1.72935,1.75248,1.72935,1.73513,48300
2006-07-13,1.72935,1.72935,1.68886,1.70506,37500
2006-07-14,1.72356,1.73166,1.72356,1.73166,4500
2006-07-17,1.74554,1.74554,1.72819,1.72819,2700
2006-07-18,1.72819,1.72819,1.70158,1.70158,1200
2006-07-19,1.70043,1.71199,1.70043,1.71199,7200
2006-07-20,1.72703,1.72819,1.71199,1.71199,8100
2006-07-21,1.71778,1.71778,1.71199,1.71199,5100
2006-07-24,1.712,1.72935,1.712,1.72472,15000
2006-07-25,1.71778,1.72935,1.71778,1.72935,6600
2006-07-26,1.712,1.72935,1.70737,1.70737,21600
2006-07-27,1.72914,1.73497,1.7175,1.73497,6000
2006-07-28,1.73496,1.73496,1.71168,1.72332,8700
2006-07-31,1.7338,1.73497,1.72332,1.73497,31800
2006-08-01,1.73496,1.73496,1.72332,1.72332,20400
2006-08-02,1.72332,1.72332,1.7175,1.72332,17700
2006-08-03,1.72332,1.74079,1.71168,1.71168,17400
2006-08-04,1.73496,1.74661,1.71168,1.71284,47100
2006-08-08,1.74079,1.74545,1.72332,1.73497,12600
2006-08-09,1.73497,1.76408,1.73497,1.76408,18300
2006-08-10,1.78038,1.78038,1.73613,1.74661,393300
2006-08-11,1.74661,1.77456,1.74661,1.76408,25500
2006-08-14,1.7699,1.7699,1.68839,1.7175,8400
2006-08-15,1.76641,1.76641,1.72565,1.72565,4500
2006-08-16,1.72332,1.72332,1.72332,1.72332,124200
2006-08-17,1.7338,1.7338,1.7338,1.7338,900
2006-08-18,1.72332,1.72914,1.7175,1.72332,17100
2006-08-21,1.73497,1.73497,1.72332,1.73497,7200
2006-08-22,1.71284,1.71284,1.71284,1.71284,3300
2006-08-23,1.72332,1.75243,1.72332,1.73264,11400
2006-08-24,1.72914,1.72914,1.72332,1.72914,27300
2006-08-25,1.72332,1.73031,1.72332,1.72914,17100
2006-08-28,1.72914,1.72914,1.72332,1.72332,9000
2006-08-29,1.72297,1.74055,1.72297,1.74055,33600
2006-08-30,1.72297,1.72297,1.71711,1.71711,15300
2006-08-31,1.72297,1.72297,1.68781,1.70539,37500
2006-09-01,1.7007,1.7007,1.69953,1.7007,6600
2006-09-05,1.69953,1.70422,1.69953,1.70422,5700
2006-09-06,1.69718,1.7007,1.66554,1.67609,15000
2006-09-07,1.67609,1.67609,1.66437,1.66437,36300
2006-09-08,1.67491,1.70539,1.64092,1.65264,502200
2006-09-11,1.65264,1.67023,1.65264,1.66437,16200
2006-09-12,1.69835,1.69835,1.64209,1.65264,14400
2006-09-13,1.66671,1.66671,1.66671,1.66671,9000
2006-09-14,1.6796,1.6796,1.65264,1.65264,739800
2006-09-15,1.6796,1.6796,1.67491,1.67491,14400
2006-09-18,1.6796,1.75227,1.65851,1.74641,28800
2006-09-19,1.72883,1.72883,1.72883,1.72883,2700
2006-09-20,1.69836,1.7511,1.67726,1.67726,9900
2006-09-21,1.66671,1.68195,1.66671,1.67023,34800
2006-09-22,1.67023,1.68195,1.67023,1.67023,23700
2006-09-25,1.67609,1.67609,1.64092,1.64092,56700
2006-09-26,1.67023,1.67023,1.64092,1.64092,12600
2006-09-27,1.63467,1.63467,1.62877,1.62877,3900
2006-09-28,1.62286,1.62877,1.62286,1.62877,9900
2006-09-29,1.62877,1.62877,1.62405,1.62405,4800
2006-10-02,1.61106,1.64057,1.61106,1.62759,15000
2006-10-03,1.63939,1.64647,1.63939,1.64057,17400
2006-10-04,1.61106,1.63467,1.60516,1.60516,8700
2006-10-05,1.60516,1.60516,1.60516,1.60516,0
2006-10-06,1.63939,1.63939,1.63939,1.63939,900
2006-10-10,1.61696,1.63939,1.61578,1.61696,12300
2006-10-11,1.61106,1.62287,1.61106,1.62287,17100
2006-10-12,1.62287,1.62287,1.62287,1.62287,0
2006-10-13,1.6146,1.6146,1.60044,1.60516,8100
2006-10-16,1.60516,1.61578,1.60516,1.60516,92700
2006-10-17,1.62287,1.62759,1.60516,1.60516,20100
2006-10-18,1.61106,1.62287,1.6028,1.62287,22800
2006-10-19,1.60516,1.62286,1.59336,1.61696,174300
2006-10-20,1.62286,1.62286,1.61696,1.61696,8400
2006-10-23,1.62287,1.62287,1.61578,1.61578,59100
2006-10-24,1.62287,1.62287,1.61696,1.62287,6900
2006-10-25,1.61696,1.62287,1.61696,1.62287,43500
2006-10-26,1.63467,1.63467,1.62051,1.62287,31500
2006-10-27,1.62251,1.6344,1.58328,1.6344,20700
2006-10-30,1.6344,1.6344,1.62251,1.6344,25500
2006-10-31,1.65223,1.66411,1.65223,1.66411,10500
2006-11-01,1.18984,1.48581,1.06979,1.42638,125100
2006-11-02,1.42638,1.42638,1.36695,1.39667,161400
2006-11-03,1.41331,1.42638,1.39072,1.42282,170400
2006-11-06,1.3931,1.46442,1.3931,1.42876,16500
2006-11-07,1.43232,1.45015,1.42044,1.42044,47100
2006-11-08,1.42638,1.44778,1.42044,1.44064,91500
2006-11-09,1.44302,1.45729,1.42757,1.45729,3900
2006-11-10,1.4561,1.45729,1.42638,1.44421,36900
2006-11-13,1.44421,1.44421,1.42638,1.44421,17100
2006-11-14,1.4561,1.47393,1.4561,1.45729,91800
2006-11-15,1.45729,1.51791,1.45729,1.51791,45000
2006-11-16,1.52147,1.54525,1.52147,1.54525,13500
2006-11-17,1.54525,1.57377,1.54525,1.57377,14100
2006-11-20,1.59279,1.6344,1.59279,1.6344,201000
2006-11-21,1.66411,1.68789,1.66411,1.68789,33900
2006-11-22,1.66411,1.68194,1.66411,1.67005,739800
2006-11-23,1.67838,1.67838,1.6344,1.66411,761400
2006-11-24,1.65341,1.66411,1.65223,1.66411,38100
2006-11-27,1.64391,1.65579,1.6344,1.65223,49500
2006-11-28,1.68299,1.68299,1.63391,1.65905,21300
2006-11-29,1.64588,1.6758,1.64468,1.64468,59400
2006-11-30,1.66862,1.66862,1.56927,1.61596,12000
2006-12-01,1.64588,1.64588,1.62912,1.64588,275100
2006-12-04,1.62912,1.62912,1.62194,1.62793,6900
2006-12-05,1.62792,1.63989,1.62792,1.63989,21600
2006-12-06,1.63391,1.64588,1.63391,1.64588,3600
2006-12-07,1.63391,1.63391,1.62793,1.62912,14100
2006-12-08,1.64588,1.65187,1.62673,1.65187,219000
2006-12-11,1.64588,1.64588,1.64588,1.64588,86400
2006-12-12,1.65067,1.65187,1.64588,1.64588,9000
2006-12-13,1.64588,1.64588,1.64588,1.64588,0
2006-12-14,1.66384,1.66384,1.64588,1.65785,11400
2006-12-15,1.65186,1.69376,1.65186,1.69376,51300
2006-12-18,1.71171,1.71171,1.68179,1.69376,55200
2006-12-19,1.69975,1.69975,1.68538,1.69975,15000
2006-12-20,1.69975,1.71172,1.69376,1.71172,24300
2006-12-21,1.72967,1.75361,1.72967,1.72967,29100
2006-12-22,1.77516,1.78952,1.75361,1.75481,32700
2006-12-27,1.71709,1.7665,1.71709,1.74722,11400
2006-12-28,1.72914,1.75926,1.72914,1.75926,88500
2006-12-29,1.75926,1.75926,1.75926,1.75926,18000
2007-01-02,1.75927,1.80506,1.75927,1.80506,2100
2007-01-03,1.77734,1.78939,1.77734,1.78939,183300
2007-01-04,1.77855,1.78337,1.77734,1.78337,19200
2007-01-05,1.79542,1.79542,1.77734,1.79542,187500
2007-01-08,1.78457,1.83157,1.78457,1.83157,51900
2007-01-09,1.80747,1.83639,1.80747,1.83398,32100
2007-01-10,1.8147,1.83639,1.80988,1.80988,32400
2007-01-11,1.82433,1.84361,1.81831,1.84361,9900
2007-01-12,1.82072,1.84361,1.82072,1.84361,9000
2007-01-15,1.81831,1.83759,1.79542,1.79542,12300
2007-01-16,1.80747,1.82554,1.80747,1.82554,219900
2007-01-17,1.82554,1.90989,1.82554,1.86772,29100
2007-01-18,1.86169,1.90868,1.86169,1.87976,24600
2007-01-19,1.88097,1.89181,1.87976,1.89181,21000
2007-01-22,1.89181,1.89181,1.89181,1.89181,0
2007-01-23,1.87012,1.87856,1.84361,1.84361,13500
2007-01-24,1.80746,1.82915,1.80746,1.82915,14700
2007-01-25,1.83157,1.83157,1.83157,1.83157,2700
2007-01-26,1.82554,1.83157,1.78096,1.78096,178500
2007-01-29,1.81819,1.81819,1.80121,1.80242,7200
2007-01-30,1.80121,1.81941,1.80121,1.80728,25800
2007-01-31,1.80121,1.81941,1.79879,1.79879,153000
2007-02-01,1.81941,1.81941,1.80121,1.80121,92100
2007-02-02,1.78908,1.80121,1.75876,1.80121,600300
2007-02-05,1.75876,1.81941,1.75876,1.81941,1800
2007-02-06,1.81941,1.81941,1.77817,1.80121,16200
2007-02-07,1.80121,1.80121,1.77695,1.77695,154800
2007-02-08,1.78302,1.81819,1.73935,1.73935,31200
2007-02-09,1.75997,1.75997,1.71995,1.7248,13800
2007-02-12,1.72237,1.73571,1.72237,1.72237,17100
2007-02-13,1.72237,1.72358,1.71509,1.71631,23700
2007-02-14,1.71631,1.71873,1.69811,1.71873,16800
2007-02-15,1.71995,1.75755,1.71267,1.71509,463500
2007-02-16,1.71388,1.72844,1.71388,1.71509,64800
2007-02-19,1.75755,1.75876,1.70903,1.75876,97800
2007-02-20,1.72965,1.8,1.72965,1.79029,7800
2007-02-21,1.78302,1.78302,1.74906,1.75876,11400
2007-02-22,1.75755,1.80121,1.75755,1.80121,21600
2007-02-23,1.8,1.85579,1.8,1.85579,62700
2007-02-26,1.91646,1.91646,1.85543,1.85543,19200
2007-02-27,1.89449,1.89449,1.83712,1.83712,22800
2007-02-28,1.83223,1.86031,1.83101,1.86031,11700
2007-03-01,1.83101,1.88472,1.83101,1.88472,18000
2007-03-02,1.83223,1.83223,1.83101,1.83101,900
2007-03-05,1.81881,1.83101,1.81881,1.83101,546600
2007-03-06,1.83101,1.85543,1.83101,1.83101,417600
2007-03-07,1.84322,1.84932,1.84322,1.84932,48600
2007-03-08,1.84932,1.84932,1.83101,1.83101,7500
2007-03-09,1.83223,1.83223,1.8127,1.83101,21900
2007-03-12,1.82491,1.83712,1.82491,1.83712,4200
2007-03-13,1.83101,1.8481,1.83101,1.8481,7500
2007-03-14,1.89205,1.90426,1.89083,1.89083,35100
2007-03-15,1.91524,1.91646,1.91524,1.91646,3600
2007-03-16,1.92134,1.92134,1.91646,1.91646,22800
2007-03-19,1.91036,1.92867,1.91036,1.92257,18000
2007-03-20,1.91036,1.95308,1.91036,1.92379,40500
2007-03-21,1.92257,1.92257,1.92257,1.92257,12900
2007-03-22,1.92256,1.95308,1.92256,1.95064,38100
2007-03-23,1.95308,1.97383,1.94088,1.96163,50400
2007-03-26,1.95308,1.96407,1.95186,1.96407,8700
2007-03-27,1.95919,1.95919,1.93599,1.93599,13500
2007-03-28,1.97878,1.98744,1.96147,1.97013,12900
2007-03-29,1.99362,1.99362,1.96147,1.97878,2400
2007-03-30,1.99362,1.99362,1.96023,1.98991,24900
2007-04-02,1.99362,1.99362,1.98497,1.98497,4800
2007-04-03,1.96765,1.9862,1.96765,1.97878,10800
2007-04-04,1.98126,1.98126,1.9726,1.98126,34800
2007-04-05,1.97878,1.98497,1.97878,1.98497,9000
2007-04-09,2.00228,2.00228,1.9726,1.9726,7200
2007-04-10,1.97878,1.99362,1.97878,1.97878,23100
2007-04-11,1.9961,2.02207,1.9961,2.02207,76200
2007-04-12,2.02207,2.02207,1.99115,1.99115,71700
2007-04-13,1.9862,2.02083,1.9862,2.01589,27900
2007-04-16,1.99857,2.02207,1.99857,2.02207,72900
2007-04-17,2.03938,2.09009,2.03938,2.08885,58800
2007-04-18,2.09257,2.15193,2.07772,2.10246,63300
2007-04-19,2.1037,2.13338,2.1037,2.11235,342000
2007-04-20,2.13338,2.14203,2.12719,2.14203,36000
2007-04-23,2.14574,2.14574,2.12719,2.13956,16800
2007-04-24,2.13956,2.14574,2.12843,2.13956,87300
2007-04-25,2.14574,2.15193,2.12719,2.13956,96000
2007-04-26,2.1454,2.15038,2.13918,2.13918,8400
2007-04-27,2.14167,2.15162,2.14167,2.14541,29700
2007-04-30,2.14541,2.14541,2.14541,2.14541,0
2007-05-01,2.1454,2.16406,2.14167,2.14665,21600
2007-05-02,2.17525,2.33818,2.17525,2.25983,126000
2007-05-03,2.31953,2.3245,2.26356,2.26356,30900
2007-05-04,2.30584,2.32077,2.2648,2.31953,94200
2007-05-07,2.33818,2.45758,2.33818,2.36306,201900
2007-05-08,2.36305,2.36305,2.33942,2.35062,257400
2007-05-09,2.34813,2.36305,2.3444,2.34564,13200
2007-05-10,2.36305,2.36305,2.32077,2.33818,36300
2007-05-11,2.33818,2.36927,2.33818,2.3643,30300
2007-05-14,2.36305,2.36305,2.35684,2.35684,30900
2007-05-15,2.33196,2.36057,2.31952,2.34564,37200
2007-05-16,2.35062,2.36305,2.35062,2.3531,4500
2007-05-17,2.3929,2.39415,2.36057,2.36306,115200
2007-05-18,2.35311,2.39415,2.35311,2.39415,36000
2007-05-22,2.37549,2.39415,2.30211,2.30335,13800
2007-05-23,2.30336,2.36306,2.30336,2.32574,11400
2007-05-24,2.32823,2.36181,2.32574,2.32699,6000
2007-05-25,2.34937,2.36306,2.34937,2.36306,5400
2007-05-28,2.33445,2.36181,2.32574,2.36181,17100
2007-05-29,2.37394,2.40519,2.34393,2.40519,1665000
2007-05-30,2.37519,2.37519,2.33768,2.34393,441900
2007-05-31,2.32518,2.36268,2.30018,2.36268,22500
2007-06-01,2.36268,2.36268,2.30143,2.31143,4500
2007-06-04,2.36018,2.36018,2.30143,2.35018,9000
2007-06-05,2.35768,2.35893,2.31268,2.31268,10800
2007-06-06,2.28143,2.31393,2.28143,2.31268,17100
2007-06-07,2.32518,2.35018,2.31268,2.31268,42900
2007-06-08,2.31768,2.32518,2.25143,2.30518,18600
2007-06-11,2.35394,2.35519,2.31518,2.31518,193800
2007-06-12,2.33768,2.34393,2.33768,2.34393,179400
2007-06-13,2.34393,2.34393,2.34393,2.34393,5100
2007-06-14,2.35894,2.36269,2.33644,2.35894,8100
2007-06-15,2.36769,2.36894,2.33893,2.36268,13200
2007-06-18,2.34518,2.38769,2.34518,2.38769,16500
2007-06-19,2.43769,2.5627,2.40769,2.5252,69900
2007-06-20,2.5627,2.68771,2.5627,2.68771,46800
2007-06-21,2.63146,2.66271,2.61271,2.64271,32700
2007-06-22,2.62521,2.66271,2.62521,2.63896,50100
2007-06-25,2.60021,2.62521,2.5627,2.58145,30000
2007-06-26,2.62396,2.62521,2.5502,2.6002,62400
2007-06-27,2.56466,2.63625,2.56341,2.61992,21600
2007-06-28,2.63499,2.63499,2.57471,2.60611,158400
2007-06-29,2.59731,2.63751,2.59731,2.63751,2700
2007-07-03,2.60234,2.68649,2.60234,2.64755,18300
2007-07-04,2.63625,2.72542,2.63625,2.71286,33000
2007-07-05,2.76185,2.78822,2.7003,2.75431,114600
2007-07-06,2.6777,2.88116,2.6777,2.8372,147900
2007-07-09,2.99169,3.01555,2.8259,2.84976,44400
2007-07-10,2.8573,2.90251,2.8573,2.88242,21900
2007-07-11,2.90251,2.95024,2.85102,2.86358,48300
2007-07-12,2.91005,2.9201,2.89749,2.90126,7800
2007-07-13,2.88367,2.90377,2.87237,2.88744,19800
2007-07-16,2.90126,2.90126,2.80204,2.84474,7800
2007-07-17,2.78194,2.82213,2.77315,2.77692,33000
2007-07-18,2.80204,2.81836,2.79576,2.80078,9900
2007-07-19,2.81334,2.83846,2.79952,2.8259,24600
2007-07-20,2.78194,2.8058,2.7631,2.77064,33000
2007-07-23,2.83092,2.83092,2.77943,2.77943,10500
2007-07-24,2.78948,2.81836,2.72291,2.73798,165300
2007-07-25,2.73673,2.73673,2.65886,2.69402,20700
2007-07-26,2.66891,2.66891,2.48428,2.53703,28200
2007-07-27,2.51141,2.70071,2.51141,2.69945,37800
2007-07-30,2.64013,2.66411,2.64013,2.66285,7500
2007-07-31,2.66411,2.69945,2.66411,2.69945,7500
2007-08-01,2.67673,2.77517,2.65276,2.77517,19800
2007-08-02,2.77517,2.83827,2.77517,2.83827,52200
2007-08-03,2.83827,2.83827,2.70071,2.77643,21000
2007-08-07,2.88118,2.88118,2.68809,2.68809,25800
2007-08-08,2.71207,2.71207,2.63509,2.63887,23700
2007-08-09,2.70576,2.71081,2.67421,2.6944,14700
2007-08-10,2.71333,2.7146,2.62752,2.63761,8700
2007-08-13,2.64392,2.71207,2.64392,2.71207,12000
2007-08-14,2.68683,2.68935,2.66285,2.66285,6000
2007-08-15,2.65654,2.66916,2.60606,2.60606,44700
2007-08-16,2.64897,2.64897,2.34861,2.51141,48000
2007-08-17,2.52403,2.65023,2.52403,2.59344,12600
2007-08-20,2.69945,2.69945,2.60101,2.61995,136800
2007-08-21,2.61868,2.6679,2.60606,2.65023,29100
2007-08-22,2.65023,2.67295,2.62625,2.67295,16200
2007-08-23,2.68809,2.74488,2.68809,2.73857,31500
2007-08-24,2.71333,2.73857,2.71333,2.73857,6900
2007-08-27,2.73857,2.73857,2.72595,2.73857,125400
2007-08-28,2.73857,2.7575,2.73857,2.7575,19200
2007-08-29,2.7698,2.80149,2.7698,2.80149,13500
2007-08-30,2.80149,2.82684,2.80149,2.82684,28800
2007-08-31,2.8522,2.8522,2.83952,2.83952,23400
2007-09-04,2.86487,3.00939,2.86487,2.95614,32700
2007-09-05,3.00685,3.04361,2.96629,3.02713,32100
2007-09-06,2.96121,2.99164,2.91051,2.92192,27900
2007-09-07,2.93206,2.97643,2.85473,2.97643,36900
2007-09-10,2.90671,2.91431,2.8598,2.90797,18000
2007-09-11,2.90671,2.90671,2.87248,2.87248,9000
2007-09-12,2.85346,2.91558,2.85346,2.90417,60900
2007-09-13,2.96502,2.96628,2.90924,2.92952,13200
2007-09-14,2.92699,2.96375,2.91685,2.96375,13800
2007-09-17,2.96375,2.97896,2.80276,2.97262,24000
2007-09-18,2.97896,2.97896,2.91558,2.92826,14400
2007-09-19,2.97136,2.97136,2.92826,2.92826,13200
2007-09-20,2.95234,2.97262,2.95234,2.95234,18300
2007-09-21,2.97262,2.97896,2.93713,2.95614,30600
2007-09-24,2.97896,3.04108,2.97896,3.00558,27000
2007-09-25,3.00938,3.04108,3.00938,3.04108,7200
2007-09-26,3.05088,3.12343,3.02669,3.12215,47400
2007-09-27,3.11833,3.11833,3.05597,3.0687,12300
2007-09-28,3.0687,3.08015,3.06742,3.06742,15600
2007-10-01,3.1107,3.1107,3.06742,3.09542,53700
2007-10-02,3.09797,3.11833,3.09797,3.10051,12600
2007-10-03,3.15015,3.15015,3.1056,3.13742,20100
2007-10-04,3.16925,3.22525,3.13488,3.22525,89100
2007-10-05,3.2138,3.29398,3.2138,3.29398,9600
2007-10-09,3.42126,3.42253,3.36653,3.39198,38700
2007-10-10,3.43526,3.54726,3.38053,3.48108,312300
2007-10-11,3.48744,3.48744,3.43653,3.4378,74100
2007-10-12,3.4378,3.46835,3.43653,3.46835,36600
2007-10-15,3.46708,3.50017,3.45562,3.48108,39600
2007-10-16,3.54217,3.54217,3.48744,3.48744,33900
2007-10-17,3.50017,3.51926,3.4849,3.4849,43500
2007-10-18,3.50017,3.50017,3.47344,3.47472,33000
2007-10-19,3.48744,3.51163,3.46962,3.51163,18000
2007-10-22,3.48744,3.53708,3.48744,3.53708,130200
2007-10-23,3.53835,3.54472,3.5129,3.54472,14400
2007-10-24,3.54472,3.54854,3.51926,3.54854,73800
2007-10-25,3.54853,3.56253,3.50017,3.50653,17400
2007-10-26,3.44926,3.48108,3.43653,3.47472,10200
2007-10-29,3.5101,3.51137,3.44879,3.51137,30900
2007-10-30,3.49988,3.55608,3.46156,3.55608,33900
2007-10-31,3.51393,3.57652,3.51265,3.54458,21300
2007-11-01,3.54458,3.54458,3.48711,3.51265,12600
2007-11-02,3.57013,3.57013,3.4871,3.4871,6900
2007-11-05,3.54714,3.54714,3.48072,3.51137,36300
2007-11-06,3.45262,3.57524,3.45262,3.57524,29100
2007-11-07,3.57524,3.5944,3.55097,3.5944,38700
2007-11-08,3.5944,3.65188,3.5778,3.5778,180300
2007-11-09,3.57652,3.68509,3.57652,3.68509,36000
2007-11-12,3.49604,3.97249,3.48455,3.89457,184200
2007-11-13,4.01975,4.14493,3.89712,4.02358,21900
2007-11-14,4.07723,4.13854,4.03891,4.11938,45000
2007-11-15,4.27777,4.27777,4.02358,4.08617,18900
2007-11-16,4.08617,4.34291,4.08362,4.11299,376800
2007-11-19,4.18069,4.18325,4.08745,4.18325,264900
2007-11-20,4.18325,4.18325,4.05551,4.15131,45600
2007-11-21,4.18197,4.18197,4.05552,4.07595,16200
2007-11-22,4.00698,4.13727,3.99931,4.02486,5700
2007-11-23,3.96483,4.10406,3.95972,4.07468,14400
2007-11-26,4.08617,4.10022,4.07468,4.07468,30900
2007-11-27,4.10022,4.11938,4.02486,4.11938,20100
2007-11-28,4.09978,4.09978,4.0101,4.01651,25500
2007-11-29,4.03572,4.03572,3.70261,3.9076,191700
2007-11-30,3.97166,3.97166,3.9076,3.92041,4200
2007-12-03,4.01907,4.04469,3.99985,4.04469,14100
2007-12-04,4.0985,4.13181,4.04854,4.13181,138300
2007-12-05,4.119,4.21508,4.08697,4.21508,75600
2007-12-06,4.2279,4.2279,4.16384,4.21508,24000
2007-12-07,4.21509,4.2279,4.21509,4.2279,82200
2007-12-10,4.2279,4.2279,4.1395,4.21765,29700
2007-12-11,4.2279,4.35473,4.21637,4.35473,150300
2007-12-12,4.35473,4.42007,4.3432,4.42007,20400
2007-12-13,4.42008,4.46492,4.38805,4.46492,29100
2007-12-14,4.4867,4.74037,4.4867,4.74037,89100
2007-12-17,4.89924,4.89924,4.63147,4.67631,57000
2007-12-18,4.71731,4.72756,4.56485,4.62763,63300
2007-12-19,4.74037,4.74037,4.61225,4.62506,138900
2007-12-20,4.73653,4.74037,4.63788,4.63788,108900
2007-12-21,4.63788,4.74421,4.63788,4.69425,30900
2007-12-24,4.7993,4.93127,4.7993,4.86849,24900
2007-12-27,4.92371,4.92371,4.89153,4.89153,26400
2007-12-28,4.87093,4.87093,4.83103,4.85806,24000
2007-12-31,4.88767,4.89153,4.87866,4.89153,37500
2008-01-02,4.94045,4.95589,4.89153,4.95589,86100
2008-01-03,4.94946,4.95332,4.89153,4.91728,44400
2008-01-04,4.92371,4.94302,4.91728,4.93015,31200
2008-01-07,4.88252,4.93015,4.7834,4.84648,180000
2008-01-08,4.77439,4.85806,4.75894,4.82073,55800
2008-01-09,4.80142,4.80786,4.18355,4.37406,262500
2008-01-10,4.26336,4.28653,4.20157,4.2788,275700
2008-01-11,4.19771,4.26078,3.86174,3.9261,120300
2008-01-14,3.86174,4.33673,3.86174,4.32514,174000
2008-01-15,4.2492,4.35218,4.11918,4.26078,291000
2008-01-16,4.12691,4.2183,4.05482,4.1578,84300
2008-01-17,4.08829,4.11403,3.89392,3.96085,298200
2008-01-18,3.92738,3.96085,3.65449,3.73301,240600
2008-01-21,3.2194,3.54636,3.06493,3.28376,140700
2008-01-22,3.25029,3.44338,3.2194,3.2799,191700
2008-01-23,3.21811,3.23614,2.89888,3.05721,499500
2008-01-24,3.13315,3.39704,3.11899,3.28505,78900
2008-01-25,3.37902,3.57211,3.36872,3.56696,178500
2008-01-28,3.73173,3.95828,3.62231,3.72658,117600
2008-01-29,3.75385,3.78099,3.63492,3.73187,52200
2008-01-30,3.76677,3.93611,3.74868,3.86501,57300
2008-01-31,3.89475,4.07184,3.86502,3.94257,41700
2008-02-01,4.02918,4.08347,3.85338,4.00204,40200
2008-02-04,4.07055,4.07055,3.78875,3.82494,154200
2008-02-05,3.82494,3.82494,3.65302,3.7086,87000
2008-02-06,3.64397,3.83657,3.64397,3.7616,67500
2008-02-07,3.74868,3.87019,3.74868,3.87019,50400
2008-02-08,3.84562,3.84562,3.74997,3.8146,108000
2008-02-11,3.86501,3.89992,3.86501,3.88957,90000
2008-02-12,3.87794,3.8857,3.81977,3.83399,23100
2008-02-13,3.85338,3.9206,3.82494,3.87277,16500
2008-02-14,3.88311,3.91414,3.85209,3.88441,63300
2008-02-15,3.86502,3.87019,3.781,3.87019,72000
2008-02-19,3.87148,3.87148,3.7629,3.77453,153600
2008-02-20,3.76807,3.77065,3.65819,3.68405,57300
2008-02-21,3.71636,3.71636,3.64527,3.67629,326100
2008-02-22,3.56512,3.6388,3.56254,3.60778,66600
2008-02-25,3.56383,3.68275,3.55478,3.65173,564000
2008-02-26,3.57676,3.66983,3.57676,3.61942,72000
2008-02-27,3.69874,3.69874,3.58839,3.65979,125400
2008-02-28,3.6546,3.69354,3.64161,3.67017,18300
2008-02-29,3.65849,3.67796,3.63512,3.63642,48900
2008-03-03,3.68056,3.76495,3.67667,3.76495,19800
2008-03-04,3.75196,3.84674,3.75196,3.79091,65100
2008-03-05,3.82467,4.08951,3.82467,4.04537,48300
2008-03-06,4.05576,4.05706,3.83116,3.9467,48900
2008-03-07,3.96877,4.02719,3.89477,3.92333,56700
2008-03-10,3.89477,4.022,3.80649,3.85972,37200
2008-03-11,3.98825,3.98825,3.84674,3.93762,8700
2008-03-12,3.92723,4.01162,3.89218,4.01162,11700
2008-03-13,3.8766,4.0246,3.8766,4.01811,24300
2008-03-14,4.07004,4.21804,4.04148,4.14014,48600
2008-03-17,4.21674,4.21674,4.04537,4.08951,25200
2008-03-18,4.04797,4.04797,3.94151,3.95969,35400
2008-03-19,3.95968,4.08821,3.95968,4.03758,13500
2008-03-20,4.00383,4.00383,3.89477,3.98565,19800
2008-03-24,4.08821,4.09341,4.0246,4.0246,116100
2008-03-25,4.0246,4.21414,3.99084,4.21414,63600
2008-03-26,4.21674,4.54131,4.21674,4.42317,105300
2008-03-27,4.55749,4.55749,4.30082,4.43372,393900
2008-03-28,4.50798,4.70342,4.50798,4.6526,105300
2008-03-31,4.79983,4.91448,4.62524,4.62655,76200
2008-04-01,4.75293,4.81546,4.71254,4.71905,43500
2008-04-02,4.7881,4.82067,4.6969,4.71644,78000
2008-04-03,4.69039,4.82068,4.69039,4.75553,102900
2008-04-04,4.81677,4.88582,4.79462,4.84673,154800
2008-04-07,4.91709,4.98353,4.87279,4.9692,139500
2008-04-08,5.01611,5.21024,5.01611,5.15943,631200
2008-04-09,5.17897,5.17897,5.08125,5.16464,232500
2008-04-10,5.0591,5.16464,4.95878,5.08907,262500
2008-04-11,5.09949,5.09949,5.07474,5.07474,10800
2008-04-14,5.08125,5.08125,4.95096,5.00178,235800
2008-04-15,5.00177,5.07343,5.00177,5.03565,278700
2008-04-16,5.09819,5.09819,5.02262,5.08125,35400
2008-04-17,5.09428,5.09428,4.98353,4.98353,11700
2008-04-18,4.97311,4.97311,4.85585,4.91839,66900
2008-04-21,4.88582,4.95096,4.86237,4.93663,18600
2008-04-22,4.91318,4.92361,4.64348,4.72296,102600
2008-04-23,4.65911,4.70993,4.52883,4.65651,64200
2008-04-24,4.72556,4.72556,4.5601,4.68908,16800
2008-04-25,4.69039,4.89233,4.69039,4.89233,20700
2008-04-28,4.84018,5.02317,4.83756,4.90815,24600
2008-04-29,5.03102,5.03102,4.90161,4.96697,31200
2008-04-30,4.96697,4.96697,4.93429,4.96043,50700
2008-05-01,4.93429,5.03886,4.93429,4.99965,47400
2008-05-02,4.99965,5.04932,4.96697,5.04932,29700
2008-05-05,5.04932,5.35125,5.0467,5.25322,99000
2008-05-06,5.25322,5.44406,5.248,5.32642,190500
2008-05-07,5.3591,5.62052,5.35648,5.58,211500
2008-05-08,5.61921,5.81658,5.50026,5.54862,175800
2008-05-09,5.50941,5.56562,5.38263,5.48981,150300
2008-05-12,5.5617,5.58522,5.45451,5.54209,74700
2008-05-13,5.57477,5.63359,5.4506,5.50288,51000
2008-05-14,5.55516,5.55516,5.44406,5.48981,87300
2008-05-15,5.53555,5.55516,5.49634,5.55516,25500
2008-05-16,5.58784,5.59045,5.52902,5.55516,14100
2008-05-20,5.55516,5.55516,5.4898,5.51595,62400
2008-05-21,5.47935,5.52249,5.4702,5.47674,51900
2008-05-22,5.42968,5.55385,5.36563,5.42314,80100
2008-05-23,5.35256,5.35779,5.19571,5.26107,220800
2008-05-26,5.29374,5.29374,5.22708,5.24799,108600
2008-05-27,5.16434,5.25845,5.16434,5.25845,143100
2008-05-28,5.21139,5.57717,5.21139,5.50637,71700
2008-05-29,5.31889,5.53521,5.31889,5.50637,43500
2008-05-30,5.50637,5.83282,5.42639,5.81446,114900
2008-06-02,5.81446,5.81446,5.73842,5.76726,73500
2008-06-03,5.82889,5.88395,5.75022,5.7594,40800
2008-06-04,5.70303,5.82495,5.70303,5.75678,27600
2008-06-05,5.8197,5.8433,5.79479,5.83413,95400
2008-06-06,5.83282,5.83282,5.78955,5.81184,17100
2008-06-09,5.81184,5.89837,5.81184,5.86035,25800
2008-06-10,5.86822,5.95999,5.84855,5.8669,61500
2008-06-11,5.86691,5.86691,5.64534,5.69647,104700
2008-06-12,5.76858,5.76858,5.38837,5.61125,136500
2008-06-13,5.61125,5.74891,5.60994,5.74891,52800
2008-06-16,5.80004,5.83544,5.75022,5.81315,262200
2008-06-17,5.89968,5.89968,5.83282,5.83413,18300
2008-06-18,5.83413,5.83413,5.57061,5.59027,71100
2008-06-19,5.59027,5.73449,5.59027,5.69516,44100
2008-06-20,5.72662,5.74498,5.57192,5.57192,51900
2008-06-23,5.57323,5.60732,5.38706,5.40935,179700
2008-06-24,5.41197,5.53521,5.40804,5.48014,125400
2008-06-25,5.50637,5.61256,5.4867,5.59552,32100
2008-06-26,5.56278,5.56278,5.39317,5.44182,299700
2008-06-27,5.44182,5.48916,5.40501,5.44445,63000
2008-06-30,5.33007,5.45629,5.32876,5.45629,37500
2008-07-02,5.47469,5.47469,5.30772,5.30772,38400
2008-07-03,5.33138,5.33138,4.86464,5.12496,184800
2008-07-04,5.06317,5.12628,4.96325,5.06186,38700
2008-07-07,5.06185,5.06317,4.94878,4.96325,204600
2008-07-08,4.83177,4.85149,4.69372,4.77129,248700
2008-07-09,4.98297,5.06975,4.84229,4.95799,82200
2008-07-10,4.93038,5.0566,4.93038,5.04213,202200
2008-07-11,5.12496,5.12496,4.94353,4.99612,58200
2008-07-14,5.03425,5.03425,4.87122,4.94485,35700
2008-07-15,4.89751,5.07369,4.89751,5.03819,48900
2008-07-16,5.02636,5.14074,4.98166,5.14074,40500
2008-07-17,5.32349,5.43262,5.23277,5.37082,29400
2008-07-18,5.44182,5.44314,5.28537,5.31824,45000
2008-07-21,5.28931,5.32481,5.25907,5.25907,14700
2008-07-22,5.14074,5.21305,5.02899,5.04345,141300
2008-07-23,5.06186,5.1723,5.03819,5.12759,300900
2008-07-24,5.217,5.35768,5.18018,5.22489,133800
2008-07-25,5.27617,5.52203,5.25907,5.35111,31800
2008-07-28,5.47601,5.47601,5.27353,5.34848,22200
2008-07-29,5.36443,5.36443,5.29718,5.32751,7200
2008-07-30,5.34069,5.34069,5.25761,5.28794,223200
2008-07-31,5.27476,5.37762,5.27476,5.37762,16500
2008-08-01,5.40531,5.40663,5.29981,5.34069,28200
2008-08-05,5.27476,5.27476,5.25498,5.27476,34500
2008-08-06,5.27476,5.27476,5.2352,5.26816,319800
2008-08-07,5.27476,5.29982,5.26289,5.27344,137700
2008-08-08,5.24179,5.28794,5.2286,5.27476,92100
2008-08-11,5.41322,5.41322,5.30245,5.34069,41100
2008-08-12,5.34069,5.34069,5.16003,5.17322,69600
2008-08-13,5.27476,5.27476,5.14289,5.20223,35400
2008-08-14,5.24179,5.24179,5.06245,5.15739,39300
2008-08-15,5.23783,5.24047,5.16135,5.21146,14400
2008-08-18,5.13234,5.13234,4.93981,5.07564,10800
2008-08-19,4.82245,4.953,4.81586,4.91608,64200
2008-08-20,4.87915,4.93981,4.86201,4.92399,14700
2008-08-21,4.89365,4.92662,4.8686,4.92662,16800
2008-08-22,4.88311,4.93717,4.87915,4.93058,8700
2008-08-25,4.8475,4.87915,4.74728,4.76838,93000
2008-08-26,4.85805,4.85805,4.71432,4.7552,207600
2008-08-27,4.67065,4.76327,4.67065,4.73548,50100
2008-08-28,4.78708,4.89029,4.75268,4.89029,16500
2008-08-29,4.87705,5.05435,4.87573,5.02789,43500
2008-09-02,5.10992,5.34809,5.07817,5.11389,44100
2008-09-03,5.09405,5.09405,4.90087,5.01466,103800
2008-09-04,5.01466,5.01466,4.82942,4.82942,19200
2008-09-05,4.82016,4.82016,4.65609,4.72622,26700
2008-09-08,4.7368,4.86779,4.7368,4.80561,646200
2008-09-09,4.7368,4.7368,4.36897,4.5648,670500
2008-09-10,4.55818,4.83471,4.55818,4.83471,23100
2008-09-11,4.82942,4.82942,4.69711,4.69711,19800
2008-09-12,4.69843,4.75533,4.63757,4.63757,22500
2008-09-15,4.63095,4.63095,4.16786,4.63095,98100
2008-09-16,4.23666,4.49732,4.21549,4.48673,32700
2008-09-17,4.36765,4.57803,4.365,4.36633,306300
2008-09-18,4.30679,4.33325,3.96807,4.05539,671700
2008-09-19,4.07656,4.39676,4.06862,4.11493,105900
2008-09-22,3.96939,4.07788,3.87677,3.90323,338100
2008-09-23,3.90323,3.96939,3.85031,3.96807,24000
2008-09-24,3.98394,3.98527,3.78415,3.83708,30900
2008-09-25,3.70608,3.91646,3.70608,3.90058,360300
2008-09-26,3.91666,3.94456,3.87282,3.94456,212400
2008-09-29,3.85422,3.85555,3.55263,3.64696,180300
2008-09-30,3.64696,3.64696,3.52739,3.62836,187500
2008-10-01,3.64032,3.64032,3.5606,3.63368,83700
2008-10-02,3.63367,3.63367,3.356,3.38789,203700
2008-10-03,3.356,3.45299,3.34803,3.34803,201900
2008-10-06,3.1886,3.1886,2.69171,2.84981,267000
2008-10-07,2.85645,2.98001,2.85645,2.92288,181800
2008-10-08,2.88967,2.88967,2.77807,2.79002,197100
2008-10-09,2.84715,2.85645,2.77806,2.77806,105600
2008-10-10,2.72359,2.72359,2.39278,2.52431,73200
2008-10-14,2.79002,2.93484,2.79002,2.82988,180300
2008-10-15,2.79002,2.84981,2.62395,2.81394,93300
2008-10-16,2.79002,2.79002,2.69835,2.77674,47100
2008-10-17,2.77541,2.97337,2.7701,2.95743,126600
2008-10-20,2.97337,3.28824,2.95211,3.08895,48000
2008-10-21,3.05042,3.07965,2.99595,3.06238,66000
2008-10-22,3.06238,3.06238,2.98267,3.01588,32400
2008-10-23,3.02917,3.0305,2.94148,2.98931,119100
2008-10-24,2.85645,2.87638,2.80331,2.87638,15300
2008-10-27,2.88967,2.88967,2.60137,2.7515,51900
2008-10-28,2.7515,2.7515,2.6213,2.65717,56100
2008-10-29,2.73884,2.73884,2.69606,2.70007,36600
2008-10-30,2.74017,2.74017,2.6065,2.63591,128400
2008-10-31,2.63591,2.66131,2.57042,2.57042,152700
2008-11-03,2.60651,2.62121,2.57443,2.60517,76500
2008-11-04,2.6172,2.70675,2.6172,2.65195,106500
2008-11-05,2.70542,3.10642,2.68804,2.98746,81600
2008-11-06,2.84042,3.01285,2.83508,2.95003,72000
2008-11-07,2.71344,2.94736,2.71344,2.92597,84300
2008-11-10,2.94869,2.98077,2.93265,2.94067,114300
2008-11-11,2.92731,2.94067,2.82037,2.9126,63600
2008-11-12,2.93265,2.96072,2.91394,2.938,106500
2008-11-13,2.938,2.938,2.77894,2.85914,33900
2008-11-14,2.89656,2.89656,2.78829,2.84042,39300
2008-11-17,2.87518,2.87518,2.78696,2.78696,10500
2008-11-18,2.78562,2.78562,2.53967,2.64527,39000
2008-11-19,2.54101,2.61185,2.28971,2.36189,86400
2008-11-20,2.12798,2.19615,1.96624,1.97827,253200
2008-11-21,2.01971,2.06248,1.82455,1.93416,222000
2008-11-24,1.93149,1.9903,1.92347,1.95154,111600
2008-11-25,2.00367,2.03441,1.93282,1.93683,297000
2008-11-26,1.95449,1.95449,1.92349,1.93832,95400
2008-11-27,2.01245,2.01245,1.93562,1.96123,312000
2008-11-28,1.97202,1.97336,1.92079,1.94101,200700
2008-12-01,1.94101,1.94101,1.84127,1.85205,74400
2008-12-02,1.86822,1.86957,1.75769,1.84531,118200
2008-12-03,1.78465,1.8197,1.76713,1.77926,386100
2008-12-04,1.80622,1.83048,1.77387,1.786,141600
2008-12-05,1.786,1.80757,1.75904,1.79274,406500
2008-12-08,1.92079,1.98819,1.8534,1.91405,285300
2008-12-09,2.0111,2.05154,1.9464,1.9828,142800
2008-12-10,2.11489,2.15533,2.02324,2.08794,97800
2008-12-11,2.20655,2.27934,2.06906,2.2079,770400
2008-12-12,2.11894,2.11894,2.00976,2.08255,190500
2008-12-15,2.0758,2.08928,2.00841,2.06233,97200
2008-12-16,2.06232,2.11759,2.00976,2.08794,393900
2008-12-17,2.08794,2.08794,2.08794,2.08794,0
2008-12-18,2.15533,2.55836,2.12298,2.55836,206700
2008-12-19,2.48962,2.48962,2.30765,2.43975,162600
2008-12-22,2.45996,2.58802,2.41279,2.45592,96900
2008-12-23,2.41548,2.49366,2.41548,2.48692,102300
2008-12-24,2.48692,2.49366,2.4694,2.49366,57600
2008-12-29,2.563,2.61184,2.51008,2.56978,81000
2008-12-30,2.6037,2.69867,2.56571,2.69867,47700
2008-12-31,2.66611,2.7136,2.66475,2.7136,66000
2009-01-02,2.73395,3.11657,2.73395,3.0121,46200
2009-01-05,3.11928,3.11928,3.01481,3.05144,139200
2009-01-06,3.01888,3.09893,2.80043,2.90626,99000
2009-01-07,2.84928,2.85064,2.7136,2.76651,97200
2009-01-08,2.71495,2.73531,2.6037,2.70681,114900
2009-01-09,2.7136,2.94833,2.70003,2.85742,37500
2009-01-12,2.97818,2.97818,2.71496,2.74888,78000
2009-01-13,2.75295,2.75295,2.61591,2.6444,119100
2009-01-14,2.6444,2.6444,2.3839,2.525,44400
2009-01-15,2.47073,2.61048,2.47073,2.55621,289200
2009-01-16,2.58606,2.64576,2.57928,2.64576,48000
2009-01-19,2.64576,2.64576,2.57792,2.63626,99900
2009-01-20,2.63219,2.64576,2.57792,2.58742,99900
2009-01-21,2.60234,2.71224,2.57792,2.62541,32100
2009-01-22,2.60505,2.64576,2.57927,2.63219,73800
2009-01-23,2.67968,2.68646,2.57792,2.58063,73500
2009-01-26,2.59284,2.61184,2.56707,2.60506,46800
2009-01-27,2.60506,2.60506,2.55078,2.55214,169500
2009-01-28,2.6069,2.60826,2.5673,2.59461,87300
2009-01-29,2.59461,2.59461,2.50721,2.55364,129600
2009-01-30,2.58095,2.58095,2.55364,2.5673,36000
2009-02-02,2.55364,2.60827,2.55364,2.60553,26400
2009-02-03,2.59597,2.73117,2.59461,2.65333,313200
2009-02-04,2.71615,2.7735,2.6861,2.73117,407700
2009-02-05,2.73117,2.73117,2.66972,2.70659,30000
2009-02-06,2.72297,2.79945,2.71478,2.79262,33300
2009-02-09,2.73253,2.86636,2.73253,2.85134,106500
2009-02-10,2.85407,2.86226,2.77896,2.80764,103200
2009-02-11,2.8527,2.8527,2.74482,2.84997,51900
2009-02-12,2.84588,2.86773,2.73253,2.74209,30600
2009-02-13,2.73253,2.76531,2.69703,2.738,41100
2009-02-17,2.70385,2.78442,2.6861,2.72161,17400
2009-02-18,2.66425,2.69976,2.54818,2.58368,38100
2009-02-19,2.58505,2.61236,2.53316,2.54681,24600
2009-02-20,2.52633,2.56047,2.39114,2.41162,63000
2009-02-23,2.32832,2.38704,2.15079,2.15079,70500
2009-02-24,2.17401,2.34061,2.12348,2.34061,104400
2009-02-25,2.20047,2.33662,2.20047,2.29811,24000
2009-02-26,2.33662,2.49341,2.33112,2.40814,61500
2009-02-27,2.2376,2.40401,2.13858,2.13858,164400
2009-03-02,2.26648,2.26648,2.03268,2.06294,63000
2009-03-03,2.15233,2.2211,2.06981,2.06981,37800
2009-03-04,2.06982,2.19359,2.06982,2.19359,22800
2009-03-05,2.21835,2.2486,2.07669,2.2486,14400
2009-03-06,2.338,2.338,2.20184,2.23485,15000
2009-03-09,2.22797,2.26923,2.2266,2.23485,64200
2009-03-10,2.20047,2.33525,2.20047,2.33525,30000
2009-03-11,2.32425,2.338,2.29399,2.338,41700
2009-03-12,2.2431,2.39301,2.2431,2.37513,24000
2009-03-13,2.39301,2.4659,2.338,2.41914,100200
2009-03-16,2.43427,2.43427,2.37238,2.37238,132300
2009-03-17,2.37238,2.44115,2.37238,2.43427,12300
2009-03-18,2.44115,2.51404,2.43977,2.4549,12000
2009-03-19,2.52916,2.68045,2.4769,2.48653,9000
2009-03-20,2.61306,2.67769,2.53054,2.61993,12300
2009-03-23,2.54429,2.75058,2.46177,2.74921,64200
2009-03-24,2.64744,2.85098,2.64744,2.81935,75900
2009-03-25,2.88261,3.23194,2.87161,3.09303,138600
2009-03-26,3.06003,3.14942,3.03665,3.11366,172800
2009-03-27,3.1456,3.18017,3.11103,3.13039,52500
2009-03-30,3.12624,3.12624,2.93129,2.97277,114000
2009-03-31,2.96032,3.09859,2.96032,3.09444,65400
2009-04-01,3.06264,3.10412,2.98659,3.02254,87000
2009-04-02,3.02392,3.09306,3.02392,3.06264,30300
2009-04-03,3.04328,3.04743,2.97277,3.04743,30600
2009-04-06,3.06264,3.16634,2.97277,3.1456,111300
2009-04-07,3.11103,3.26175,3.08615,3.22441,101400
2009-04-08,3.22165,3.35854,3.22165,3.29078,51000
2009-04-09,3.37928,3.42905,3.31706,3.39172,77700
2009-04-13,3.44288,3.63784,3.42214,3.52584,82800
2009-04-14,3.52584,3.53967,3.45671,3.51201,208200
2009-04-15,3.51201,3.51201,3.44979,3.45671,79500
2009-04-16,3.52307,3.52307,3.31982,3.41522,38400
2009-04-17,3.48851,3.48851,3.19676,3.28802,33900
2009-04-20,3.18017,3.18017,2.97277,2.97277,81600
2009-04-21,2.97277,3.06402,2.97277,3.03775,52800
2009-04-22,3.0419,3.0419,2.9299,2.96724,245400
2009-04-23,2.97277,3.11242,2.94373,3.06956,236700
2009-04-24,3.13869,3.15252,3.0419,3.09583,63000
2009-04-27,3.09444,3.11103,3.0419,3.07785,13800
2009-04-28,3.08633,3.12804,3.05157,3.12804,25500
2009-04-29,3.18365,3.18365,3.08355,3.10301,32400
2009-04-30,3.1044,3.14194,2.98901,3.09328,79500
2009-05-01,3.07382,3.14611,3.07243,3.12943,134400
2009-05-04,3.10858,3.19755,3.10858,3.19755,48000
2009-05-05,3.19755,3.4756,3.19755,3.4756,42300
2009-05-06,3.46865,3.46865,3.33657,3.36438,31200
2009-05-07,3.33935,3.44918,3.31572,3.42555,67500
2009-05-08,3.44084,3.45474,3.37133,3.45474,24900
2009-05-11,3.41999,3.4325,3.37967,3.39914,24000
2009-05-12,3.40609,3.40609,3.37272,3.40192,24600
2009-05-13,3.40887,3.44084,3.37133,3.42277,77100
2009-05-14,3.43111,3.43111,3.33796,3.40748,35700
2009-05-15,3.41999,3.41999,3.35743,3.40609,35400
2009-05-19,3.4756,3.4756,3.40609,3.4756,54900
2009-05-20,3.41721,3.54511,3.41721,3.54511,155100
2009-05-21,3.60211,3.61323,3.51036,3.61323,76200
2009-05-22,3.59794,3.62297,3.5465,3.57987,47400
2009-05-25,3.5465,3.57987,3.5465,3.57987,37200
2009-05-26,3.57987,3.89962,3.57848,3.86487,123000
2009-05-27,3.78681,3.90969,3.78681,3.87478,68400
2009-05-28,3.91248,3.91248,3.78681,3.88176,153000
2009-05-29,3.83987,3.87478,3.78402,3.83289,27900
2009-06-01,3.78541,3.83289,3.78541,3.81194,18000
2009-06-02,3.78402,3.78402,3.63182,3.77005,29100
2009-06-03,3.81334,3.81334,3.717,3.73515,50100
2009-06-04,3.73375,3.74213,3.70722,3.74213,56400
2009-06-05,3.77005,3.77005,3.64857,3.65416,18600
2009-06-08,3.69884,3.69884,3.6374,3.66533,16800
2009-06-09,3.68488,3.68488,3.5271,3.54804,920400
2009-06-10,3.61646,3.67929,3.56061,3.56061,47100
2009-06-11,3.57457,3.65695,3.55782,3.62763,92700
2009-06-12,3.62484,3.62623,3.55362,3.60529,18600
2009-06-15,3.59551,3.59551,3.47543,3.50475,48900
2009-06-16,3.54664,3.54664,3.35535,3.44332,137400
2009-06-17,3.45588,3.45588,3.35256,3.42097,61200
2009-06-18,3.42098,3.42098,3.35116,3.38747,105900
2009-06-19,3.40701,3.41958,3.36512,3.41958,93600
2009-06-22,3.40701,3.40701,3.28134,3.33021,211500
2009-06-23,3.3372,3.42098,3.3372,3.35814,61800
2009-06-24,3.37909,3.41818,3.35116,3.35814,297300
2009-06-25,3.38607,3.42098,3.36512,3.3749,36000
2009-06-26,3.41424,3.43531,3.39457,3.42126,150000
2009-06-29,3.41283,3.44234,3.35242,3.44234,138600
2009-06-30,3.44234,3.51119,3.44234,3.50557,138000
2009-07-02,3.51259,3.58285,3.49292,3.52524,97500
2009-07-03,3.54069,3.54069,3.51259,3.52664,43200
2009-07-06,3.54772,3.54772,3.49152,3.53226,89400
2009-07-07,3.51399,3.53086,3.46341,3.48449,62400
2009-07-08,3.46763,3.47746,3.34399,3.39176,261300
2009-07-09,3.41143,3.4606,3.40721,3.4311,210900
2009-07-10,3.44234,3.44234,3.39176,3.42126,123300
2009-07-13,3.39738,3.47746,3.35242,3.39176,69300
2009-07-14,3.35804,3.44234,3.35804,3.44093,105000
2009-07-15,3.43531,3.44936,3.4311,3.43953,110400
2009-07-16,3.44234,3.44515,3.38754,3.42407,41700
2009-07-17,3.45639,3.45639,3.42829,3.44093,30900
2009-07-20,3.44234,3.44234,3.39176,3.41845,69900
2009-07-21,3.41424,3.4325,3.41424,3.41986,36900
2009-07-22,3.41845,3.41986,3.40159,3.41986,17700
2009-07-23,3.41986,3.45499,3.41424,3.44093,79800
2009-07-24,3.49011,3.52945,3.46763,3.52102,81900
2009-07-27,3.46482,3.49292,3.46482,3.48449,30600
2009-07-28,3.50837,3.50837,3.44234,3.44234,44100
2009-07-29,3.48758,3.48758,3.46354,3.47627,16800
2009-07-30,3.60492,3.60492,3.52009,3.5413,98100
2009-07-31,3.53564,3.72366,3.53423,3.64026,231300
2009-08-04,3.71094,3.71094,3.6445,3.68267,81900
2009-08-05,3.67418,3.80283,3.67418,3.78163,90300
2009-08-06,3.78163,3.80283,3.73356,3.8,53700
2009-08-07,3.80283,3.95127,3.80283,3.92158,42300
2009-08-10,3.92299,4.02902,3.92299,4.02902,66900
2009-08-11,4.07143,4.07991,4.05729,4.0686,87000
2009-08-12,4.0884,4.16332,4.03043,4.03185,42300
2009-08-13,4.04316,4.04316,3.95975,4.01489,44700
2009-08-14,3.99368,4.12657,3.99368,4.07143,83400
2009-08-17,4.06719,4.07002,3.85514,3.93148,243000
2009-08-18,3.89048,3.99933,3.89048,3.95127,315900
2009-08-19,3.91593,3.95834,3.90886,3.91875,65100
2009-08-20,3.9852,4.13505,3.98378,4.12091,175500
2009-08-21,4.13363,4.13505,4.11384,4.13363,77400
2009-08-24,4.13505,4.14918,4.11526,4.13505,70500
2009-08-25,4.11384,4.15625,4.09122,4.11526,90900
2009-08-26,4.06578,4.11809,4.02902,4.09971,52500
2009-08-27,4.1466,4.15655,4.05423,4.12812,104400
2009-08-28,4.15228,4.15228,4.1196,4.13239,16800
2009-08-31,4.12813,4.12813,4.09971,4.09971,177600
2009-09-01,4.05139,4.12102,3.92918,3.97892,51900
2009-09-02,3.9505,3.9576,3.87376,3.92066,24300
2009-09-03,4.04855,4.04855,3.95192,3.96471,31500
2009-09-04,3.96471,4.01728,3.96186,4.01302,37200
2009-09-08,4.04997,4.10113,4.04286,4.09971,146100
2009-09-09,4.10681,4.12102,4.10539,4.12102,148200
2009-09-10,4.09971,4.13381,4.09402,4.13381,60300
2009-09-11,4.14234,4.14944,4.0585,4.06418,33600
2009-09-14,4.06418,4.07555,3.99313,4.02723,57300
2009-09-15,4.02723,4.09544,3.98034,4.04002,291000
2009-09-16,4.06134,4.13523,4.05139,4.10255,106200
2009-09-17,4.0656,4.24892,4.0656,4.15797,81900
2009-09-18,4.16365,4.21907,4.16365,4.18639,233700
2009-09-21,4.22049,4.2347,4.17786,4.19918,75300
2009-09-22,4.26312,4.34838,4.26312,4.30717,74100
2009-09-23,4.3697,4.40381,4.33702,4.3626,86700
2009-09-24,4.40381,4.47486,4.36544,4.41944,115500
2009-09-25,4.41944,4.53313,4.39529,4.46065,49500
2009-09-28,4.47636,4.49635,4.42781,4.49635,365400
2009-09-29,4.49635,4.49778,4.47065,4.49778,45300
2009-09-30,4.54347,4.69054,4.54347,4.69054,268500
2009-10-01,4.67912,4.7191,4.61914,4.65484,108600
2009-10-02,4.60486,4.63342,4.51491,4.61629,75000
2009-10-05,4.63913,4.85331,4.63913,4.8476,138600
2009-10-06,4.87616,4.88901,4.74765,4.85331,152700
2009-10-07,4.85188,4.85474,4.74337,4.78335,81300
2009-10-08,4.80476,4.899,4.80476,4.8833,121500
2009-10-09,4.89758,4.99753,4.88187,4.95184,72600
2009-10-13,4.95611,5.10461,4.95611,5.08319,109800
2009-10-14,5.14031,5.15459,5.10033,5.12603,110400
2009-10-15,5.09034,5.09034,4.99039,5.03323,231000
2009-10-16,5.02751,5.03322,4.92613,5.01895,48000
2009-10-19,5.01895,5.01895,4.8576,4.96183,54300
2009-10-20,4.96183,4.99753,4.90615,4.94042,60300
2009-10-21,4.97611,4.97611,4.78478,4.80762,80700
2009-10-22,4.80762,4.80762,4.66198,4.78335,44100
2009-10-23,4.7448,4.78335,4.67769,4.73909,35700
2009-10-26,4.71481,4.71481,4.48064,4.5606,95400
2009-10-27,4.51919,4.54775,4.38497,4.52633,75300
2009-10-28,4.60811,4.72718,4.48903,4.67123,79500
2009-10-29,4.76879,4.80609,4.69132,4.77453,45300
2009-10-30,4.80609,4.80609,4.61959,4.67123,27300
2009-11-02,4.73292,4.73435,4.5708,4.60524,40500
2009-11-03,4.56363,4.69132,4.5622,4.66406,33900
2009-11-04,4.66406,4.73436,4.59089,4.73436,86400
2009-11-05,4.80466,4.91369,4.77022,4.91369,30300
2009-11-06,4.91368,4.91799,4.84339,4.90651,47100
2009-11-09,4.82761,4.92086,4.82761,4.92086,83700
2009-11-10,4.87782,4.91225,4.84913,4.91225,41100
2009-11-11,4.88643,4.92086,4.86061,4.87782,70500
2009-11-12,4.87782,4.87782,4.82474,4.84196,31500
2009-11-13,4.8563,4.8563,4.73292,4.73866,110100
2009-11-16,4.72718,4.72718,4.61958,4.69705,105600
2009-11-17,4.7028,4.7028,4.50482,4.56364,144600
2009-11-18,4.55503,4.55503,4.50768,4.51916,118800
2009-11-19,4.51916,4.52059,4.30396,4.40869,461700
2009-11-20,4.40439,4.4546,4.33983,4.44312,101400
2009-11-23,4.50912,4.50912,4.41443,4.41443,131700
2009-11-24,4.413,4.44312,4.34844,4.3757,99900
2009-11-25,4.4173,4.44169,4.37569,4.38287,88800
2009-11-26,4.41026,4.46216,4.3252,4.34394,65400
2009-11-27,4.33817,4.42612,4.31222,4.37998,176100
2009-11-30,4.39873,4.54002,4.39728,4.52704,92400
2009-12-01,4.5256,4.72168,4.51263,4.68563,104100
2009-12-02,4.74041,4.74041,4.65679,4.67842,13200
2009-12-03,4.70293,4.79376,4.70149,4.75772,57900
2009-12-04,4.78943,4.84422,4.70149,4.80818,96300
2009-12-07,4.87594,4.87594,4.79376,4.83557,42900
2009-12-08,4.8226,4.84422,4.6294,4.81395,74700
2009-12-09,4.82981,4.87306,4.71447,4.71447,85200
2009-12-10,4.71446,4.8572,4.71446,4.8572,46200
2009-12-11,4.86585,4.86585,4.80962,4.82836,25800
2009-12-14,4.81395,4.88027,4.69717,4.87882,103200
2009-12-15,4.77358,4.90189,4.77358,4.90189,59700
2009-12-16,4.90189,4.93793,4.88315,4.92207,23700
2009-12-17,4.93793,4.95668,4.92352,4.93793,30300
2009-12-18,4.96965,4.97398,4.92496,4.92496,58800
2009-12-21,4.93793,5.02443,4.93072,5.02443,68400
2009-12-22,5.01146,5.07634,4.99704,5.0749,72000
2009-12-23,5.0749,5.11671,5.03886,5.10374,18000
2009-12-24,5.11671,5.11671,4.87306,4.95956,119700
2009-12-29,4.95956,4.95956,4.82055,4.95522,24900
2009-12-30,4.95522,5.04644,4.84661,4.94218,21900
2009-12-31,4.95811,5.01748,4.95811,4.98128,10200
2010-01-04,4.97259,4.97259,4.89585,4.9668,39300
2010-01-05,4.92336,4.95377,4.92336,4.95232,14400
2010-01-06,4.93205,4.95232,4.92336,4.92336,27000
2010-01-07,4.92336,4.95087,4.92336,4.92336,28200
2010-01-08,4.92336,4.93639,4.90164,4.93639,37500
2010-01-11,4.91612,4.94073,4.91033,4.94073,104400
2010-01-12,4.95232,4.95232,4.88861,4.91612,18000
2010-01-13,4.91612,4.91612,4.8162,4.82923,39000
2010-01-14,4.84951,4.86543,4.8162,4.83647,51900
2010-01-15,4.8582,4.8582,4.80028,4.82779,69300
2010-01-18,4.82634,4.92336,4.80027,4.90888,92700
2010-01-19,4.95087,4.95232,4.92336,4.95232,9600
2010-01-20,4.92336,4.92336,4.88716,4.89005,14100
2010-01-21,4.92336,4.92336,4.8582,4.87992,18300
2010-01-22,4.92336,4.92336,4.82345,4.84951,39300
2010-01-25,4.78145,4.82634,4.7076,4.7496,107700
2010-01-26,4.71194,4.71194,4.48894,4.63375,94500
2010-01-27,4.67012,4.67012,4.62066,4.63375,23700
2010-01-28,4.64102,4.65557,4.5901,4.5901,34800
2010-01-29,4.56828,4.58283,4.53627,4.54791,33900
2010-02-01,4.52027,4.58283,4.52027,4.56828,37200
2010-02-02,4.5741,4.71377,4.53336,4.70067,288000
2010-02-03,4.6774,4.69776,4.6192,4.6192,41700
2010-02-04,4.65412,4.65412,4.54355,4.56101,39000
2010-02-05,4.58283,4.65557,4.51736,4.65557,51900
2010-02-08,4.7996,4.7996,4.55082,4.57555,146400
2010-02-09,4.61047,4.62647,4.58283,4.60611,9000
2010-02-10,4.60465,4.65557,4.58283,4.65557,40200
2010-02-11,4.64248,4.68467,4.6192,4.65557,48300
2010-02-12,4.62648,4.72832,4.62648,4.72832,19200
2010-02-16,4.73413,4.85052,4.70067,4.85052,28200
2010-02-17,4.82724,4.8738,4.77923,4.8738,14400
2010-02-18,4.87234,4.8738,4.78796,4.85052,16200
2010-02-19,4.83743,4.84471,4.74287,4.77633,24900
2010-02-22,4.79961,4.79961,4.67012,4.76469,22800
2010-02-23,4.72686,4.75741,4.68467,4.69194,26700
2010-02-24,4.71387,4.80157,4.71387,4.75041,15000
2010-02-25,4.75625,4.76502,4.69194,4.69194,21600
2010-02-26,4.69487,4.81472,4.67733,4.75918,200700
2010-03-01,4.72118,4.86734,4.72118,4.82349,54600
2010-03-02,4.8425,4.86735,4.8235,4.86588,207900
2010-03-03,4.86588,4.88927,4.80157,4.86588,24900
2010-03-04,4.84103,4.91119,4.84103,4.8995,143700
2010-03-05,4.89658,4.9682,4.89658,4.96527,80700
2010-03-08,4.93166,4.9682,4.90389,4.92581,21600
2010-03-09,4.90973,4.9682,4.90973,4.90973,40500
2010-03-10,4.95504,4.9682,4.93312,4.95943,123900
2010-03-11,4.91412,4.95504,4.91412,4.92873,21600
2010-03-12,5.03543,5.06467,4.93312,5.03543,91800
2010-03-15,5.07051,5.07051,4.93312,4.95504,179100
2010-03-16,4.91558,4.94773,4.82495,4.87757,126900
2010-03-17,4.89658,4.89658,4.73579,4.81618,151800
2010-03-18,4.82349,4.86735,4.76503,4.78695,95700
2010-03-19,4.85565,4.85565,4.74749,4.75772,79800
2010-03-22,4.75187,4.7928,4.60424,4.76064,213600
2010-03-23,4.77233,4.77233,4.69779,4.7431,357600
2010-03-24,4.71387,4.7358,4.68464,4.71387,219600
2010-03-25,4.71387,4.71387,4.58963,4.58963,284400
2010-03-26,4.59839,4.61886,4.59839,4.60863,123300
2010-03-29,4.63947,4.64828,4.58366,4.61157,64800
2010-03-30,4.59394,4.67031,4.59394,4.64388,68100
2010-03-31,4.67765,4.69528,4.64094,4.67912,144600
2010-04-01,4.7364,4.78781,4.638,4.78046,49200
2010-04-05,4.80836,5.01544,4.80836,4.99341,129300
2010-04-06,5.00516,5.00516,4.87152,4.88473,31200
2010-04-07,4.9097,4.92439,4.8583,4.8583,77400
2010-04-08,4.8583,4.89795,4.78781,4.89061,45900
2010-04-09,4.88914,4.91264,4.84802,4.91264,52200
2010-04-12,4.91998,5.00076,4.91704,5.00076,98700
2010-04-13,5.00076,5.00076,4.94935,4.98607,92400
2010-04-14,4.9567,4.99342,4.86124,4.91852,47400
2010-04-15,4.91998,4.99195,4.85389,4.99195,69600
2010-04-16,4.99195,4.99342,4.87886,4.9097,51300
2010-04-19,4.84802,4.94348,4.84802,4.91117,26700
2010-04-20,4.87886,4.97873,4.87886,4.97873,24600
2010-04-21,4.94054,4.98167,4.93467,4.98167,8100
2010-04-22,4.9846,4.98607,4.91998,4.93467,197400
2010-04-23,4.94495,4.98607,4.93467,4.97873,13800
2010-04-26,4.94348,5.00076,4.94348,4.99341,49200
2010-04-27,5.0081,5.02279,4.95229,4.97139,78000
2010-04-28,4.99056,5.04515,4.99056,5.03777,21900
2010-04-29,5.04072,5.11153,5.03777,5.07465,73200
2010-04-30,5.10415,5.10415,4.97729,5.03777,38700
2010-05-03,5.05252,5.06285,4.94336,4.95663,44400
2010-05-04,5.00384,5.01564,4.95221,4.99204,101700
2010-05-05,5.00384,5.05252,4.94188,5.03924,111900
2010-05-06,5.02302,5.05105,4.79436,4.96401,117900
2010-05-07,4.82977,4.84157,4.79436,4.81649,47100
2010-05-10,4.80911,5.04514,4.80911,4.95663,200700
2010-05-11,5.00531,5.00531,4.85337,4.89025,85200
2010-05-12,4.905,5.00384,4.77224,4.87255,60000
2010-05-13,4.94188,4.94188,4.78846,4.85632,96000
2010-05-14,4.73978,4.84157,4.66602,4.73388,71400
2010-05-17,4.81206,4.81206,4.66749,4.73535,31500
2010-05-18,4.74863,4.75011,4.44179,4.68372,263700
2010-05-19,4.63062,4.6734,4.47277,4.53473,144000
2010-05-20,4.4831,4.57309,4.28542,4.31493,228900
2010-05-21,4.27805,4.48457,4.20429,4.48457,94500
2010-05-25,4.31493,4.63652,4.31493,4.50375,56700
2010-05-26,4.57013,4.66897,4.46245,4.46245,79200
2010-05-27,4.58698,4.63294,4.57808,4.62404,149400
2010-05-28,4.61811,4.61811,4.56622,4.59587,39300
2010-05-31,4.59587,4.59587,4.58846,4.59587,18600
2010-06-01,4.57364,4.59588,4.52472,4.5514,192300
2010-06-02,4.57512,4.59587,4.48468,4.5173,114000
2010-06-03,4.4921,4.6107,4.4921,4.6018,131100
2010-06-04,4.58698,4.59587,4.56622,4.57364,72000
2010-06-07,4.54843,4.5766,4.52175,4.53657,89100
2010-06-08,4.52471,4.58105,4.52471,4.5262,81900
2010-06-09,4.50099,4.52916,4.49358,4.52471,95400
2010-06-10,4.52471,4.63442,4.52471,4.59587,672900
2010-06-11,4.63294,4.63442,4.58994,4.61811,51600
2010-06-14,4.62404,4.63887,4.58105,4.58846,89100
2010-06-15,4.61811,4.64776,4.57215,4.6448,96900
2010-06-16,4.64776,4.70558,4.64776,4.70113,126900
2010-06-17,4.70707,4.78712,4.70707,4.75747,112800
2010-06-18,4.7723,4.85532,4.7723,4.84791,47700
2010-06-21,4.84791,4.90869,4.81826,4.81826,45300
2010-06-22,4.81974,4.8568,4.78119,4.80343,103500
2010-06-23,4.92796,4.92796,4.77971,4.87607,43500
2010-06-24,4.85384,4.86273,4.82567,4.82567,17700
2010-06-25,4.85532,4.85532,4.6789,4.71448,27900
2010-06-28,4.8396,4.8396,4.65341,4.68469,52200
2010-06-29,4.61766,4.64745,4.57297,4.63106,75900
2010-06-30,4.61915,4.63106,4.56552,4.60127,37500
2010-07-02,4.56403,4.63106,4.47764,4.48359,23400
2010-07-05,4.48508,4.48955,4.36443,4.4538,63900
2010-07-06,4.41061,4.50594,4.41061,4.49849,86700
2010-07-07,4.49104,4.6251,4.43891,4.57446,15300
2010-07-08,4.6549,4.74427,4.59531,4.74427,40800
2010-07-09,4.69958,4.74278,4.69511,4.74278,8700
2010-07-12,4.76512,4.89323,4.76214,4.8828,117600
2010-07-13,4.88578,4.8977,4.85599,4.8679,56700
2010-07-14,4.89174,4.89174,4.8113,4.84109,63000
2010-07-15,4.84109,4.85599,4.74427,4.84109,28200
2010-07-16,4.84109,4.91408,4.8262,4.85152,96600
2010-07-19,4.84109,4.84109,4.75023,4.8262,48600
2010-07-20,4.77555,4.8247,4.77555,4.8247,55200
2010-07-21,4.82172,4.8396,4.8113,4.81875,24300
2010-07-22,4.8396,4.88876,4.80385,4.87088,94500
2010-07-23,4.88429,4.88429,4.81428,4.81428,5400
2010-07-26,4.78746,4.88875,4.78746,4.86343,24000
2010-07-27,4.88578,4.91408,4.88578,4.9111,104100
2010-07-28,4.96048,5.04428,4.96048,5.02632,79500
2010-07-29,5.05774,5.07271,5.02183,5.04278,93000
2010-07-30,5.01285,5.04278,5.01285,5.04278,100200
2010-08-03,4.9919,5.04278,4.9919,5.04278,43800
2010-08-04,5.04278,5.06523,5.01286,5.06523,74100
2010-08-05,5.0353,5.06223,5.01285,5.0353,17400
2010-08-06,4.99939,5.04278,4.99939,5.02782,13500
2010-08-09,5.05774,5.155,5.05774,5.12957,146700
2010-08-10,5.1595,5.1999,5.12807,5.1999,72900
2010-08-11,5.18493,5.1999,5.17895,5.19242,36000
2010-08-12,5.17745,5.17745,5.08767,5.09216,66000
2010-08-13,5.09216,5.21486,5.09216,5.21336,69300
2010-08-16,5.18943,5.23731,5.18943,5.21935,45000
2010-08-17,5.1999,5.28819,5.1999,5.2418,96300
2010-08-18,5.30315,5.31213,5.24479,5.31213,94500
2010-08-19,5.27472,5.30315,5.27472,5.30315,74100
2010-08-20,5.27472,5.33308,5.27472,5.33308,77700
2010-08-23,5.34056,5.40939,5.33906,5.38694,26100
2010-08-24,5.30016,5.33906,5.29717,5.31213,54900
2010-08-25,5.26724,5.34206,5.23731,5.34206,49200
2010-08-26,5.3241,5.38695,5.24479,5.30913,21600
2010-08-27,5.39329,5.39329,5.31966,5.33017,30000
2010-08-30,5.39479,5.39479,5.27908,5.33468,26400
2010-08-31,5.33468,5.40832,5.26556,5.32717,30300
2010-09-01,5.2881,5.33468,5.27006,5.31965,223500
2010-09-02,5.34971,5.34971,5.25954,5.25954,46200
2010-09-03,5.33468,5.36624,5.26706,5.33468,31200
2010-09-07,5.29712,5.37225,5.29712,5.3437,16500
2010-09-08,5.34219,5.40982,5.34219,5.35722,23700
2010-09-09,5.35121,5.40982,5.33468,5.39479,124800
2010-09-10,5.34971,5.43236,5.33619,5.43236,30600
2010-09-13,5.43236,5.43236,5.41132,5.41583,74100
2010-09-14,5.41734,5.52102,5.41734,5.52102,123600
2010-09-15,5.49998,5.66077,5.46241,5.6217,99600
2010-09-16,5.57812,5.85913,5.57812,5.64875,77400
2010-09-17,5.60518,5.6713,5.53004,5.6187,39600
2010-09-20,5.6202,5.65777,5.57512,5.65777,77100
2010-09-21,5.64124,5.70886,5.58263,5.64124,48900
2010-09-22,5.66979,5.67129,5.62771,5.67129,75900
2010-09-23,5.61269,5.71036,5.60668,5.71036,73200
2010-09-24,5.71036,5.75545,5.71036,5.75545,27000
2010-09-27,5.784,5.81555,5.76596,5.7855,75900
2010-09-28,5.80813,5.80964,5.69649,5.7327,30300
2010-09-29,5.68744,5.74024,5.67688,5.74024,41700
2010-09-30,5.7327,5.79305,5.65878,5.65878,330600
2010-10-01,5.66029,5.73119,5.66029,5.66029,9000
2010-10-04,5.66179,5.68895,5.63766,5.6799,14700
2010-10-05,5.67236,5.7855,5.67236,5.7855,38100
2010-10-06,5.77193,5.77494,5.7493,5.77042,44100
2010-10-07,5.7508,5.76438,5.70253,5.7327,51900
2010-10-08,5.7327,5.74779,5.66481,5.72365,14700
2010-10-12,5.70554,5.70554,5.51999,5.58184,52500
2010-10-13,5.58033,5.69951,5.56675,5.69951,91500
2010-10-14,5.73119,5.77041,5.69046,5.75533,418500
2010-10-15,5.73421,5.75533,5.71459,5.7327,12300
2010-10-18,5.71761,5.74326,5.71761,5.74175,20400
2010-10-19,5.74024,5.74024,5.66481,5.66934,33600
2010-10-20,5.69498,5.69498,5.65123,5.65123,9000
2010-10-21,5.64218,5.64218,5.52149,5.52904,34200
2010-10-22,5.53206,5.63012,5.5215,5.63012,57600
2010-10-25,5.64218,5.67236,5.6271,5.65727,16200
2010-10-26,5.65878,5.70102,5.64671,5.67386,41100
2010-10-27,5.71476,5.71779,5.68749,5.69052,47400
2010-10-28,5.68901,5.69658,5.60722,5.60873,55800
2010-10-29,5.60722,5.71021,5.5436,5.71021,30900
2010-11-01,5.66478,5.75566,5.66478,5.75566,170700
2010-11-02,5.70568,5.74506,5.60874,5.74051,18600
2010-11-03,5.74051,5.75565,5.72536,5.74808,60900
2010-11-04,5.75566,5.75566,5.61328,5.67992,156900
2010-11-05,5.67992,5.74808,5.67992,5.74656,19200
2010-11-08,5.74656,5.74656,5.69507,5.74656,103500
2010-11-09,5.26491,5.26491,4.38793,5.06497,1626300
2010-11-10,5.06649,5.06649,4.97562,4.97562,205500
2010-11-11,4.98319,4.98319,4.90745,4.90745,280200
2010-11-12,4.92108,4.92108,4.81657,4.83929,194100
2010-11-15,4.84687,4.88473,4.83172,4.84687,313800
2010-11-16,4.88776,4.88776,4.83172,4.83929,143400
2010-11-17,4.83929,4.94532,4.83475,4.8711,90900
2010-11-18,4.9226,5.0877,4.9226,4.99833,107400
2010-11-19,4.99984,5.08163,4.96652,5.08012,247800
2010-11-22,5.09527,5.19978,5.07406,5.08921,233400
2010-11-23,5.08316,5.13162,4.99833,5.02257,120900
2010-11-24,4.99833,5.10436,4.99833,5.0362,242400
2010-11-25,5.03014,5.09678,5.03014,5.07709,41400
2010-11-26,5.12426,5.15012,5.07101,5.09687,25200
2010-11-29,5.07709,5.08926,5.02232,5.03753,41400
2010-11-30,5.03754,5.06492,4.98276,5.01776,39000
2010-12-01,5.00711,5.10448,5.00559,5.10448,69300
2010-12-02,5.09687,5.18208,5.09687,5.18208,198000
2010-12-03,5.12578,5.21859,5.12578,5.17294,287400
2010-12-06,5.15165,5.23989,5.15165,5.18816,46800
2010-12-07,5.20033,5.22771,5.17294,5.17294,36600
2010-12-08,5.17294,5.20642,5.17294,5.18512,33000
2010-12-09,5.17294,5.20337,5.14251,5.17294,63600
2010-12-10,5.17294,5.2338,5.14403,5.17294,75000
2010-12-13,5.21859,5.70545,5.21554,5.5031,233400
2010-12-14,5.47876,5.6233,5.40117,5.55331,841500
2010-12-15,5.52288,5.65829,5.52288,5.65829,530400
2010-12-16,5.64764,5.73588,5.58526,5.6446,1478700
2010-12-17,5.64155,5.72828,5.48332,5.52288,1155900
2010-12-20,5.50006,5.62938,5.44376,5.62938,727500
2010-12-21,5.62938,5.62938,5.57004,5.62634,21900
2010-12-22,5.59895,5.61264,5.58069,5.59895,100800
2010-12-23,5.55331,5.61417,5.53657,5.58526,35100
2010-12-24,5.55331,5.62177,5.55331,5.59895,2700
2010-12-29,5.64631,5.72728,5.60659,5.68756,37800
2010-12-30,5.67534,5.70436,5.65242,5.66159,34800
2010-12-31,5.69061,5.69061,5.59131,5.66006,16200
2011-01-04,5.68297,5.69061,5.4691,5.49965,20700
2011-01-05,5.53632,5.59131,5.46146,5.54396,201300
2011-01-06,5.54396,5.5684,5.54396,5.56076,48900
2011-01-07,5.62034,5.65242,5.59131,5.62492,63600
2011-01-10,5.58979,5.65242,5.58979,5.64478,264000
2011-01-11,5.65242,5.65242,5.5684,5.62798,130800
2011-01-12,5.64326,5.64326,5.60201,5.60659,73200
2011-01-13,5.62187,5.65242,5.6127,5.62951,59100
2011-01-14,5.63409,5.65242,5.57757,5.63715,97500
2011-01-17,5.63714,5.66006,5.57604,5.65242,78000
2011-01-18,5.65242,5.65242,5.51493,5.57604,25200
2011-01-19,5.57604,5.6127,5.55771,5.60659,29400
2011-01-20,5.60659,5.6127,5.56076,5.59895,28500
2011-01-21,5.57604,5.6127,5.57604,5.59131,55800
2011-01-24,5.60965,5.61423,5.56382,5.61423,47100
2011-01-25,5.61423,5.63715,5.59895,5.63715,93000
2011-01-26,5.63714,5.657,5.56992,5.657,262800
2011-01-27,5.657,5.69978,5.61423,5.65242,116400
2011-01-28,5.68297,5.68297,5.63714,5.65242,157800
2011-01-31,5.65089,5.65242,5.54548,5.60812,56100
2011-02-01,5.59284,5.63715,5.57757,5.61881,64200
2011-02-02,5.62187,5.63715,5.5684,5.63562,114600
2011-02-03,5.6295,5.67228,5.60811,5.62492,126900
2011-02-04,5.60659,5.66006,5.59131,5.62187,37200
2011-02-07,5.60659,5.63715,5.57757,5.62034,29400
2011-02-08,5.60965,5.6784,5.60965,5.67687,61200
2011-02-09,5.67533,5.80519,5.67533,5.75936,123300
2011-02-10,5.74255,5.7731,5.68297,5.7731,18300
2011-02-11,5.78991,5.80366,5.69825,5.78227,86100
2011-02-14,5.80366,5.80519,5.78991,5.80519,43200
2011-02-15,5.80366,5.87241,5.79755,5.85255,218400
2011-02-16,5.82199,5.8663,5.7838,5.8663,115800
2011-02-17,5.77769,5.91213,5.77769,5.91213,310500
2011-02-18,5.91213,5.9274,5.85255,5.89685,48600
2011-02-22,5.90602,5.91213,5.84338,5.85255,42300
2011-02-23,5.85255,5.85255,5.76852,5.80519,76800
2011-02-24,5.81741,5.81741,5.66006,5.66006,32700
2011-02-25,5.65547,5.67381,5.64936,5.66006,101100
2011-02-28,5.62951,5.75172,5.62951,5.65853,42600
2011-03-01,5.65242,5.74408,5.63409,5.66617,18300
2011-03-02,5.69825,5.69825,5.56076,5.56382,396300
2011-03-03,5.60659,5.6234,5.56076,5.57604,29700
2011-03-04,5.71353,5.88157,5.69825,5.83574,220500
2011-03-07,5.90144,5.90144,5.78992,5.78992,48300
2011-03-08,5.80824,5.87394,5.76089,5.8663,232200
2011-03-09,5.86629,5.93046,5.85254,5.93046,42000
2011-03-10,5.90143,5.90143,5.72881,5.79297,33900
2011-03-11,5.73033,5.767,5.57604,5.63715,108300
2011-03-14,5.65242,5.80519,5.65242,5.80519,64800
2011-03-15,5.80519,5.80519,5.62034,5.66617,62700
2011-03-16,5.68756,5.68756,5.49965,5.53021,112200
2011-03-17,5.53021,5.60812,5.50118,5.59131,41100
2011-03-18,5.59132,5.69062,5.54396,5.67992,175200
2011-03-21,5.60353,5.7288,5.60353,5.7288,78600
2011-03-22,5.70895,5.72575,5.67534,5.70436,276900
2011-03-23,5.65395,5.70895,5.65395,5.70589,24000
2011-03-24,5.70436,5.70589,5.6845,5.69825,63600
2011-03-25,5.68298,5.70589,5.61423,5.69062,151800
2011-03-28,5.69825,5.77463,5.69825,5.72575,207600
2011-03-29,5.81941,5.83334,5.77451,5.79,10800
2011-03-30,5.80548,5.80548,5.72807,5.77452,27900
2011-03-31,5.77452,5.77452,5.71569,5.72653,24900
2011-04-01,5.71724,5.75129,5.69711,5.72033,12900
2011-04-04,5.74975,5.7513,5.69711,5.72653,16500
2011-04-05,5.73581,5.73581,5.68937,5.71878,60600
2011-04-06,5.72652,5.72652,5.67389,5.71259,20100
2011-04-07,5.71259,5.71259,5.67389,5.69711,24300
2011-04-08,5.69711,5.69711,5.66615,5.68937,41100
2011-04-11,5.71259,5.71259,5.57326,5.59184,45600
2011-04-12,5.77761,5.77761,5.55468,5.59648,106200
2011-04-13,5.6615,5.6615,5.55932,5.59648,87300
2011-04-14,5.58719,5.59648,5.52681,5.57326,657300
2011-04-15,5.65221,5.68472,5.61506,5.64292,31900
2011-04-18,5.64292,5.66615,5.58255,5.66615,26400
2011-04-19,5.66615,5.80548,5.64757,5.74975,20500
2011-04-20,5.88908,6.00983,5.87515,5.94017,49700
2011-04-21,5.94016,5.94481,5.86121,5.87514,30800
2011-04-25,5.93552,5.93552,5.68937,5.80548,40400
2011-04-26,5.80548,5.85192,5.73581,5.7869,87500
2011-04-27,5.79062,5.86969,5.77202,5.79062,25600
2011-04-28,5.77202,5.86039,5.74876,5.83713,57000
2011-04-29,5.81388,5.85109,5.73481,5.73481,19000
2011-05-02,5.77202,5.80458,5.679,5.78597,65900
2011-05-03,5.73016,5.83713,5.72551,5.83713,27200
2011-05-04,5.79527,5.83248,5.74411,5.74411,7200
2011-05-05,5.75807,5.76272,5.62784,5.62784,90800
2011-05-06,5.66504,5.78132,5.63248,5.78132,13500
2011-05-09,5.78132,5.78132,5.67899,5.78132,44600
2011-05-10,5.78132,5.78132,5.65574,5.74876,34000
2011-05-11,5.71155,5.73946,5.65109,5.72551,19700
2011-05-12,5.6976,5.77202,5.6976,5.75806,68000
2011-05-13,5.75806,5.76737,5.63248,5.63714,43000
2011-05-16,5.65574,5.77667,5.65109,5.679,32000
2011-05-17,5.7069,5.78132,5.67434,5.73946,57100
2011-05-18,5.73946,5.77202,5.679,5.72551,16500
2011-05-19,5.74411,5.78132,5.67434,5.78132,339200
2011-05-20,5.78132,5.78132,5.74411,5.78132,23100
2011-05-24,5.7255,5.78132,5.6976,5.78132,80000
2011-05-25,5.77202,5.78132,5.66504,5.66504,14100
2011-05-26,5.6883,5.71155,5.66039,5.71155,25100
2011-05-27,5.68118,5.72323,5.65782,5.66249,25000
2011-05-30,5.68118,5.70454,5.68118,5.6952,9900
2011-05-31,5.68586,5.69987,5.63913,5.65315,99500
2011-06-01,5.65782,5.72323,5.60176,5.61578,44600
2011-06-02,5.64848,5.64848,5.5784,5.58307,13900
2011-06-03,5.51299,5.60643,5.21865,5.25136,76000
2011-06-06,5.228,5.25136,5.09251,5.09718,75900
2011-06-07,5.06915,5.18595,5.03645,5.04579,106000
2011-06-08,5.1112,5.13456,4.90563,4.90563,47000
2011-06-09,4.90563,4.97104,4.78883,4.95235,110600
2011-06-10,4.97571,4.97571,4.83088,4.83555,21600
2011-06-13,5.03645,5.04579,4.81219,5.04112,218500
2011-06-14,4.92899,5.12521,4.90563,5.07382,55100
2011-06-15,4.96169,5.26537,4.96169,5.25136,150000
2011-06-16,5.20464,5.33545,5.18595,5.33545,63900
2011-06-17,5.2934,5.44758,5.27472,5.44758,286100
2011-06-20,5.45225,5.52233,5.33078,5.41021,173200
2011-06-21,5.45225,5.52233,5.39152,5.45692,119200
2011-06-22,5.41955,5.51767,5.41955,5.48963,37600
2011-06-23,5.44759,5.47562,5.36816,5.47562,94900
2011-06-24,5.48963,5.48963,5.40087,5.44291,26600
2011-06-27,5.41955,5.47094,5.27472,5.27472,14200
2011-06-28,5.30054,5.39913,5.19256,5.32401,90200
2011-06-29,5.29115,5.48364,5.27706,5.39913,21000
2011-06-30,5.44608,5.50712,5.44139,5.48364,23600
2011-07-04,5.48833,5.49303,5.46955,5.49303,49300
2011-07-05,5.48833,5.49303,5.35688,5.49303,104100
2011-07-06,5.4273,5.49303,5.28176,5.46955,16000
2011-07-07,5.50242,5.54937,5.42261,5.5212,13600
2011-07-08,5.49303,5.49303,5.45547,5.49303,5200
2011-07-11,5.44608,5.46017,5.32871,5.40383,75900
2011-07-12,5.39913,5.46955,5.39913,5.44608,22800
2011-07-13,5.49303,5.5259,5.45078,5.5259,11400
2011-07-14,5.52589,5.53998,5.46955,5.49303,9700
2011-07-15,5.51651,5.6151,5.48364,5.6151,39200
2011-07-18,5.58693,5.6104,5.48364,5.55876,35100
2011-07-19,5.49303,5.51181,5.44608,5.45547,58900
2011-07-20,5.43669,5.46016,5.34279,5.34279,98000
2011-07-21,5.42731,5.73247,5.42731,5.72778,515400
2011-07-22,5.78881,5.7935,5.64327,5.68083,27400
2011-07-25,5.68083,5.69022,5.55407,5.60102,96200
2011-07-26,5.61979,5.75125,5.58693,5.65735,26300
2011-07-27,5.73517,5.73517,5.61255,5.64556,7200
2011-07-28,5.61254,5.72574,5.61254,5.71159,19400
2011-07-29,5.71159,5.71159,5.61254,5.61254,9700
2011-08-02,5.65971,5.65971,5.61254,5.63613,18300
2011-08-03,5.59368,5.66442,5.5701,5.57953,53000
2011-08-04,5.52293,5.60783,5.38616,5.44747,99000
2011-08-05,5.35314,5.37673,4.95225,5.2824,101300
2011-08-08,5.1409,5.1409,4.95224,5.03714,111000
2011-08-09,4.96168,5.15505,4.95225,5.02771,423600
2011-08-10,5.056,5.26824,4.95224,5.09845,73200
2011-08-11,5.07016,5.23052,5.01356,5.1692,47000
2011-08-12,5.23524,5.24938,5.14091,5.1975,29600
2011-08-15,5.27297,5.27297,5.16449,5.1975,31900
2011-08-16,5.22108,5.23523,5.09374,5.12204,40200
2011-08-17,5.20693,5.20693,5.10789,5.15505,258500
2011-08-18,5.15505,5.20693,5.02299,5.13619,18900
2011-08-19,5.03243,5.20222,5.02299,5.02299,11400
2011-08-22,4.98526,5.17863,4.84377,5.07487,24800
2011-08-23,5.07016,5.15034,4.9664,5.03243,29300
2011-08-24,5.06073,5.07488,4.95696,5.03243,48200
2011-08-25,5.05129,5.05129,4.97111,4.97583,19800
2011-08-26,4.98526,5.07959,4.95696,5.03243,29300
2011-08-29,5.06798,5.06798,4.99687,5.02531,18600
2011-08-30,5.02531,5.04428,4.99687,5.03954,45600
2011-08-31,5.00635,5.10591,4.9779,5.02057,72400
2011-09-01,5.14384,5.14384,5.03954,5.03954,16800
2011-09-02,5.02531,5.10591,4.98739,5.0822,9600
2011-09-06,5.04902,5.04902,4.89257,5.00161,64200
2011-09-07,4.99213,5.00161,4.90679,4.90679,257500
2011-09-08,4.90679,4.92575,4.85938,4.88309,163500
2011-09-09,4.88309,4.88783,4.75034,4.80249,36900
2011-09-12,4.84042,4.89731,4.54175,4.89731,153200
2011-09-13,4.89731,4.9542,4.76457,4.84042,96300
2011-09-14,4.85938,4.98739,4.82146,4.82146,40800
2011-09-15,4.82146,5.06798,4.82146,4.9779,116100
2011-09-16,5.03005,5.10117,4.7456,4.7456,160200
2011-09-19,4.80249,4.85938,4.76931,4.81672,65500
2011-09-20,4.86412,4.96368,4.84516,4.89257,8000
2011-09-21,4.88309,4.9305,4.80249,4.88309,26100
2011-09-22,4.83094,4.88309,4.74086,4.82146,107700
2011-09-23,4.7456,4.76457,4.66027,4.69345,48800
2011-09-26,4.74086,4.78827,4.71716,4.78827,50200
2011-09-27,4.83568,4.86412,4.74086,4.77879,29500
2011-09-28,4.79547,4.81931,4.77164,4.79547,37400
2011-09-29,4.72874,4.80977,4.6191,4.62387,75900
2011-09-30,4.62387,4.74304,4.62387,4.7192,74000
2011-10-03,4.7192,4.7192,4.5762,4.5762,49100
2011-10-04,4.38552,4.44749,4.13765,4.22345,180000
2011-10-05,4.27112,4.42366,4.22345,4.38552,300000
2011-10-06,4.43796,4.71444,4.40936,4.5762,30000
2011-10-07,4.6477,4.67154,4.55236,4.55713,17000
2011-10-11,4.62387,4.6763,4.58096,4.6763,85000
2011-10-12,4.71444,4.88128,4.6477,4.74781,17000
2011-10-13,4.6906,4.76687,4.662,4.72397,19000
2011-10-14,4.73827,4.97185,4.73827,4.93371,11000
2011-10-17,5.03858,5.04812,4.78117,4.84791,108000
2011-10-18,4.78594,4.90988,4.7049,4.90034,19800
2011-10-19,4.88128,4.95278,4.83838,4.89081,10000
2011-10-20,4.88604,4.90988,4.7621,4.78117,21100
2011-10-21,4.81454,4.82884,4.79547,4.81454,23700
2011-10-24,4.81454,4.86221,4.78117,4.86221,105800
2011-10-25,4.84314,4.93371,4.80978,4.84314,49100
2011-10-26,4.90034,4.97661,4.90034,4.95278,16700
2011-10-27,5.03185,5.43919,5.03185,5.27146,165200
2011-10-28,5.22833,5.27146,5.07498,5.1229,70300
2011-10-31,5.11811,5.19958,5.07977,5.09894,32200
2011-11-01,5.07977,5.09415,4.86412,4.98393,30800
2011-11-02,5.03185,5.1229,4.99831,5.05102,17900
2011-11-03,5.03185,5.0654,4.95997,5.05582,26900
2011-11-04,5.01268,5.14207,5.00789,5.1229,65500
2011-11-07,5.1277,5.14687,5.03185,5.14687,119700
2011-11-08,5.14686,5.20916,5.12769,5.15166,91000
2011-11-09,5.09415,5.15166,5.03185,5.03664,14300
2011-11-10,5.03665,5.10374,4.99352,5.05582,42200
2011-11-11,5.04623,5.23792,5.04623,5.23792,249800
2011-11-14,5.27147,5.48712,5.27147,5.48233,56000
2011-11-15,5.51107,5.70276,5.48232,5.66442,45200
2011-11-16,5.6788,5.6788,5.58775,5.64526,19000
2011-11-17,5.62129,5.63088,5.52545,5.6165,14500
2011-11-18,5.6165,5.69318,5.6165,5.67401,149000
2011-11-21,5.6788,5.72193,5.57817,5.65005,337700
2011-11-22,5.64046,5.70276,5.60692,5.6788,17800
2011-11-23,5.67402,5.67402,5.51108,5.51108,49900
2011-11-24,5.51108,5.64526,5.51108,5.54462,14200
2011-11-25,5.51108,5.559,5.51108,5.51587,22600
2011-11-28,5.54235,5.70607,5.54235,5.65792,65900
2011-11-29,5.67718,5.72052,5.63866,5.66273,28500
2011-11-30,5.72533,5.80238,5.63866,5.80238,74500
2011-12-01,5.67718,5.8746,5.67236,5.75904,216400
2011-12-02,5.78311,5.84571,5.67718,5.73015,117400
2011-12-05,5.77348,5.77348,5.68199,5.70607,95700
2011-12-06,5.67718,5.73015,5.63384,5.66273,114800
2011-12-07,5.73978,5.74459,5.53272,5.58569,100000
2011-12-08,5.57606,5.74941,5.57606,5.67718,170100
2011-12-09,5.6531,5.6531,5.51346,5.54717,151400
2011-12-12,5.54235,5.54235,5.34493,5.40752,269000
2011-12-13,5.41716,5.53754,5.39308,5.45568,123000
2011-12-14,5.44605,5.45568,5.32567,5.35937,166600
2011-12-15,5.42197,5.47975,5.34493,5.46531,337000
2011-12-16,5.46049,5.74459,5.42197,5.5905,1161300
2011-12-19,5.62421,5.62421,5.44123,5.44605,91800
2011-12-20,5.45568,5.5905,5.43642,5.48938,124100
2011-12-21,5.52791,5.58569,5.49901,5.57124,36000
2011-12-22,5.53754,5.65792,5.51346,5.60495,72300
2011-12-23,5.60976,5.62903,5.56643,5.5905,40000
2011-12-28,5.61712,5.66066,5.53487,5.60744,102000
2011-12-29,5.59292,5.59292,5.53003,5.53003,8600
2011-12-30,5.57357,5.60744,5.52519,5.57841,12100
2012-01-03,5.58809,5.77677,5.55906,5.77677,43900
2012-01-04,5.75742,5.81064,5.73807,5.78161,34400
2012-01-05,5.8058,5.89773,5.76226,5.86386,92200
2012-01-06,5.86386,5.90257,5.81064,5.90257,79600
2012-01-09,5.90256,6.19286,5.89289,6.1735,121800
2012-01-10,6.22189,6.42509,6.1977,6.32349,204600
2012-01-11,6.43476,6.43476,6.29446,6.338,39000
2012-01-12,6.36703,6.47831,6.35736,6.40574,30900
2012-01-13,6.35252,6.41058,6.32349,6.32349,52200
2012-01-16,6.338,6.338,6.23156,6.24608,44000
2012-01-17,6.24608,6.35736,6.24608,6.35252,100600
2012-01-18,6.34768,6.35252,6.2364,6.28962,117300
2012-01-19,6.27027,6.33316,6.27027,6.32832,27300
2012-01-20,6.35736,6.35736,6.28478,6.2993,70800
2012-01-23,6.35736,6.3622,6.27511,6.29446,50300
2012-01-24,6.26543,6.31381,6.26543,6.29446,28000
2012-01-25,6.28478,6.28962,6.16867,6.25092,36600
2012-01-26,6.24124,6.26059,6.19286,6.23156,26200
2012-01-27,6.25829,6.25829,6.16111,6.19998,24700
2012-01-30,6.12224,6.23885,6.12224,6.19026,20800
2012-01-31,6.2923,6.2923,6.17082,6.268,73900
2012-02-01,6.28258,6.28744,6.20969,6.24371,77700
2012-02-02,6.22427,6.25342,6.08336,6.11252,74600
2012-02-03,6.09794,6.2097,6.09794,6.19026,157400
2012-02-06,6.22428,6.28258,6.21942,6.27772,58200
2012-02-07,6.1854,6.26315,6.1854,6.22913,36500
2012-02-08,6.22428,6.36033,6.22428,6.34575,131900
2012-02-09,6.32146,6.37976,6.29716,6.34089,97100
2012-02-10,6.34575,6.38462,6.31659,6.35546,73400
2012-02-13,6.37004,6.38948,6.29716,6.29716,27300
2012-02-14,6.2923,6.36518,6.24371,6.25343,14600
2012-02-15,6.29716,6.31659,6.23399,6.25343,112200
2012-02-16,6.24856,6.25342,6.21455,6.21941,20200
2012-02-17,6.27772,6.27772,6.19512,6.19512,36200
2012-02-21,6.43321,6.48666,6.26801,6.28744,172300
2012-02-22,6.34089,6.37005,6.22428,6.32146,44300
2012-02-23,6.36518,6.37004,6.27287,6.2923,76100
2012-02-24,6.33117,6.37004,6.268,6.31173,60100
2012-02-27,6.43616,6.43616,6.30442,6.30442,35600
2012-02-28,6.3337,6.35321,6.30442,6.33857,69100
2012-02-29,6.36785,6.46544,6.34345,6.402,221100
2012-03-01,6.39713,6.43128,6.39225,6.39225,25200
2012-03-02,6.4264,6.44592,6.39225,6.4264,104200
2012-03-05,6.41665,6.44105,6.36785,6.41665,63800
2012-03-06,6.39713,6.39713,6.28002,6.34345,138000
2012-03-07,6.38737,6.39225,6.33857,6.36785,46300
2012-03-08,6.51911,6.78749,6.48496,6.72894,99000
2012-03-09,6.78261,7.04123,6.73382,6.93388,103300
2012-03-12,6.88996,6.93876,6.82653,6.929,91700
2012-03-13,6.78749,6.93388,6.78749,6.83629,70300
2012-03-14,6.83141,6.93876,6.83141,6.929,24900
2012-03-15,6.93388,7.01683,6.90948,6.96804,39200
2012-03-16,7.00219,7.09978,6.99731,7.00707,311100
2012-03-19,7.07051,7.14858,7.04123,7.13882,42000
2012-03-20,7.13882,7.17298,7.08027,7.13882,60900
2012-03-21,7.18274,7.40232,7.14858,7.30473,71300
2012-03-22,7.27057,7.29985,7.14858,7.14858,28700
2012-03-23,7.17298,7.17298,7.07538,7.10466,15400
2012-03-26,7.10466,7.19249,7.07539,7.14858,91900
2012-03-27,7.14858,7.28521,7.14858,7.27057,41000
2012-03-28,7.30976,7.31466,7.22648,7.28527,29800
2012-03-29,7.29997,7.34406,7.25098,7.34406,62700
2012-03-30,7.35386,7.39795,7.25097,7.34896,39100
2012-04-02,7.34896,7.34896,7.25097,7.25587,96100
2012-04-03,7.25098,7.34896,7.25098,7.29507,33100
2012-04-04,7.25098,7.29997,7.25098,7.29997,45900
2012-04-05,7.25097,7.32936,7.25097,7.26077,48000
2012-04-09,7.26077,7.29997,7.23138,7.23138,67000
2012-04-10,7.25097,7.25097,7.10889,7.16769,56000
2012-04-11,7.14319,7.27057,7.14319,7.19708,86100
2012-04-12,7.16279,7.22648,6.98151,7.0599,41200
2012-04-13,7.0844,7.21668,7.0697,7.14809,50300
2012-04-16,7.18728,7.18728,7.11379,7.14809,9100
2012-04-17,7.12849,7.12849,7.0795,7.0893,41900
2012-04-18,7.11869,7.22648,7.0501,7.22648,36200
2012-04-19,7.20688,7.22648,7.17748,7.19708,59100
2012-04-20,7.19218,7.22647,7.10399,7.22158,38600
2012-04-23,7.14319,7.16278,7.07949,7.11869,66900
2012-04-24,7.14809,7.15299,7.055,7.1089,65100
2012-04-25,7.15299,7.15299,7.10399,7.15299,41000
2012-04-26,7.1825,7.30549,7.17758,7.30057,30400
2012-04-27,7.28581,7.31041,7.2563,7.31041,47000
2012-04-30,7.26122,7.32025,7.1825,7.21694,38000
2012-05-01,7.21694,7.30549,7.15298,7.25629,71600
2012-05-02,7.28089,7.28089,7.20218,7.28089,29000
2012-05-03,7.28581,7.30057,7.25138,7.28581,43000
2012-05-04,7.28581,7.28581,7.19234,7.28089,16000
2012-05-07,7.20218,7.33009,7.15791,7.31041,31600
2012-05-08,7.31533,7.34977,7.1825,7.25629,189100
2012-05-09,7.24646,7.25629,7.14806,7.1825,22000
2012-05-10,7.2317,7.2809,7.19234,7.27598,21000
2012-05-11,7.30057,7.45308,7.29565,7.45308,100400
2012-05-14,7.47768,7.64494,7.42848,7.61542,136000
2012-05-15,7.57115,7.57607,7.27106,7.27598,89700
2012-05-16,7.2809,7.2809,6.86274,6.91193,113000
2012-05-17,6.91193,7.06444,6.89717,7.02016,36800
2012-05-18,7.0546,7.10379,6.97588,6.98572,72000
2012-05-22,7.07428,7.13331,7.03,7.10871,53000
2012-05-23,7.10379,7.25629,7.05951,7.25629,86200
2012-05-24,7.27597,7.37928,7.2317,7.37928,53600
2012-05-25,7.33009,7.37929,7.31533,7.33009,202700
2012-05-28,7.37928,7.37928,7.21202,7.24154,29200
2012-05-29,7.26624,7.29094,7.13287,7.27612,36000
2012-05-30,7.27611,7.28599,7.2119,7.26129,31900
2012-05-31,7.2613,7.2613,7.01926,7.01926,43800
2012-06-01,7.01926,7.10817,6.87601,7.10817,93400
2012-06-04,7.15262,7.15262,6.92046,6.9501,62400
2012-06-05,6.9501,6.9501,6.74264,6.78709,91800
2012-06-06,6.76733,6.9254,6.76733,6.91552,112500
2012-06-07,6.91552,6.91552,6.82167,6.82661,80400
2012-06-08,6.84142,6.91552,6.74757,6.76239,41200
2012-06-11,6.83649,6.83649,6.44626,6.44626,70000
2012-06-12,6.34746,6.64384,6.34746,6.58456,102600
2012-06-13,6.62408,6.76733,6.62408,6.69818,44100
2012-06-14,6.73275,6.74757,6.49565,6.57962,68600
2012-06-15,6.53023,6.70312,6.36228,6.42156,421000
2012-06-18,6.44626,6.52035,6.44626,6.50553,106400
2012-06-19,6.51047,6.74758,6.51047,6.74264,47200
2012-06-20,6.72781,6.76733,6.62408,6.6636,28600
2012-06-21,6.69324,6.69324,6.46601,6.55987,61700
2012-06-22,6.68336,6.69323,6.52529,6.52529,22600
2012-06-25,6.51541,6.59444,6.48577,6.53023,23400
2012-06-26,6.53023,6.55987,6.49071,6.50553,22000
2012-06-27,6.56508,6.59485,6.56012,6.57997,4300
2012-06-28,6.60974,6.89259,6.60974,6.81815,26800
2012-06-29,6.89259,7.101,6.89259,7.06627,41100
2012-07-03,7.16551,7.16551,7.09108,7.14566,122000
2012-07-04,7.09604,7.15062,7.09604,7.14566,76800
2012-07-05,7.09604,7.14566,6.99679,7.04641,54800
2012-07-06,7.00176,7.02657,6.94717,6.99183,28000
2012-07-09,6.94717,7.0216,6.87274,6.88266,40900
2012-07-10,6.87274,6.97198,6.87274,6.93724,12300
2012-07-11,6.92732,7.09108,6.92732,7.09108,26900
2012-07-12,7.09108,7.12085,7.01664,7.07619,25100
2012-07-13,7.09604,7.09604,7.04642,7.06627,6400
2012-07-16,7.0613,7.0613,6.94717,7.01664,12700
2012-07-17,7.0216,7.14566,7.0216,7.13574,11700
2012-07-18,7.12581,7.33919,7.12581,7.24491,30400
2012-07-19,7.2449,7.41362,7.2449,7.41362,50700
2012-07-20,7.4037,7.41858,7.34415,7.364,6400
2012-07-23,7.30446,7.35408,7.2598,7.30942,82800
2012-07-24,7.28957,7.28957,6.94717,6.97198,43700
2012-07-25,6.98687,7.01664,6.89755,6.92732,24700
2012-07-26,6.94717,6.94717,6.87274,6.91244,22200
2012-07-27,6.92738,7.00214,6.88751,6.95729,110400
2012-07-30,6.93237,7.03703,6.92739,6.98221,20000
2012-07-31,6.98719,7.00214,6.72804,6.84266,47100
2012-08-01,6.8626,6.92739,6.84765,6.85263,47500
2012-08-02,6.84765,6.86758,6.77289,6.81774,35800
2012-08-03,6.84765,7.05198,6.84765,7.02706,41800
2012-08-07,7.08188,7.09185,7.02706,7.05696,24100
2012-08-08,7.06693,7.10182,7.03703,7.05198,36100
2012-08-09,7.06194,7.06194,6.89748,6.97722,178000
2012-08-10,6.97722,7.05198,6.90247,7.047,58500
2012-08-13,7.04201,7.06195,6.90745,6.95231,116700
2012-08-14,6.93237,6.93237,6.8626,6.88752,49400
2012-08-15,6.93237,6.93237,6.8626,6.87257,14300
2012-08-16,6.8626,6.96227,6.8626,6.96227,8500
2012-08-17,6.93237,7.05198,6.92739,7.047,7900
2012-08-20,7.04699,7.15165,7.04201,7.07689,129300
2012-08-21,7.05696,7.07689,7.02207,7.07689,12700
2012-08-22,7.07192,7.08687,6.97723,7.06195,27500
2012-08-23,7.01211,7.02706,6.92738,6.92738,91600
2012-08-24,6.96725,7.01709,6.88253,6.91243,14500
2012-08-27,6.91742,6.9523,6.88752,6.94732,23500
2012-08-28,6.90745,6.94234,6.80279,6.80279,23800
2012-08-29,6.82782,6.82782,6.6376,6.68266,34700
2012-08-30,6.64762,6.7227,6.55752,6.55752,29400
2012-08-31,6.50746,6.50746,5.85671,6.39232,144700
2012-09-04,6.18208,6.31724,6.03191,6.30222,68100
2012-09-05,6.23214,6.45739,6.21211,6.41234,48900
2012-09-06,6.45239,6.68266,6.45239,6.57253,61200
2012-09-07,6.55751,6.65763,6.55751,6.65763,71600
2012-09-10,6.65262,6.65262,6.50745,6.61257,27200
2012-09-11,6.58254,6.73271,6.50745,6.69266,10900
2012-09-12,6.69267,6.76775,6.66263,6.70768,18900
2012-09-13,6.70768,6.70768,6.5475,6.60757,13800
2012-09-14,6.62759,6.76775,6.5525,6.67765,112400
2012-09-17,6.67265,6.67765,6.60757,6.65763,52700
2012-09-18,6.65262,6.75774,6.6326,6.6376,91600
2012-09-19,6.63761,6.79278,6.63761,6.79278,18000
2012-09-20,6.8128,6.95296,6.67765,6.93794,72700
2012-09-21,6.96798,7.30336,6.92793,7.25831,370400
2012-09-24,7.18824,7.20826,6.93294,7.18323,127000
2012-09-25,7.15821,7.23329,7.12817,7.14819,23200
2012-09-26,7.1683,7.1683,6.97225,7.0577,21900
2012-09-27,7.04262,7.08284,7.01246,7.06273,26500
2012-09-28,7.04263,7.26381,6.98733,7.23868,41400
2012-10-01,7.2437,7.28894,7.10295,7.16327,50200
2012-10-02,7.14316,7.30905,7.13813,7.26883,11100
2012-10-03,7.26381,7.26381,7.21354,7.2437,6800
2012-10-04,7.25878,7.2638,7.16829,7.16829,19200
2012-10-05,7.16327,7.22862,7.16327,7.17332,34500
2012-10-09,7.21856,7.21856,7.06273,7.06273,12800
2012-10-10,7.06274,7.19846,7.02252,7.10295,44900
2012-10-11,7.11803,7.11803,6.99235,7.04262,48400
2012-10-12,7.07279,7.0929,6.99236,7.0376,8800
2012-10-15,7.06273,7.08787,7.02252,7.05268,18300
2012-10-16,7.02755,7.08284,6.99236,7.0376,11700
2012-10-17,7.0376,7.12305,7.01749,7.12305,11200
2012-10-18,7.15825,7.25878,7.12306,7.23868,32900
2012-10-19,7.23868,7.31408,7.22359,7.23868,22000
2012-10-22,7.19343,7.41461,7.19343,7.41461,40200
2012-10-23,7.36937,7.36937,7.2437,7.36434,16000
2012-10-24,7.36435,7.36937,7.28894,7.36937,19000
2012-10-25,7.39451,7.39451,7.28392,7.30402,21200
2012-10-26,7.29397,7.34926,7.28894,7.34926,10100
2012-10-29,7.27355,7.43507,7.27355,7.41488,6300
2012-10-30,7.34422,7.36946,7.34422,7.34422,30200
2012-10-31,7.34422,7.45022,7.31898,7.35936,81800
2012-11-01,7.38459,7.44517,7.31898,7.39974,11700
2012-11-02,7.32403,7.41993,7.32403,7.35936,18800
2012-11-05,7.33412,7.41993,7.33412,7.41993,14000
2012-11-06,7.40479,7.41993,7.37955,7.41993,13200
2012-11-07,7.36946,7.45526,7.36946,7.44517,30700
2012-11-08,7.41488,7.44012,7.39469,7.39469,14900
2012-11-09,7.35431,7.39469,7.26346,7.34422,21400
2012-11-12,7.29374,7.33917,7.10698,7.14231,33500
2012-11-13,7.1625,7.16755,6.83441,6.9606,142100
2012-11-14,6.90003,6.90003,6.48108,6.58708,105900
2012-11-15,6.59717,6.78898,6.59717,6.78393,83700
2012-11-16,6.76374,6.8546,6.72336,6.83946,50600
2012-11-19,6.86975,7.01108,6.86975,6.9606,53100
2012-11-20,6.95555,6.96565,6.88994,6.90508,20800
2012-11-21,6.93536,6.93536,6.87479,6.88994,17700
2012-11-22,6.91517,6.94041,6.89498,6.92527,11600
2012-11-23,6.92527,7.05146,6.92527,7.02622,13100
2012-11-26,6.96565,7.0666,6.94041,6.98584,29200
2012-11-27,6.99593,7.01613,6.96565,6.97574,9900
2012-11-28,6.95039,6.9656,6.89463,6.92504,20900
2012-11-29,6.97067,7.09741,6.97067,7.02137,12100
2012-11-30,7.067,7.09741,7.00616,7.01123,11200
2012-12-03,7.00109,7.00616,6.91997,6.97067,36900
2012-12-04,6.99602,7.00109,6.94025,6.94025,26100
2012-12-05,6.9504,6.99602,6.89463,6.99095,25000
2012-12-06,6.99602,7.12276,6.97067,7.09741,48000
2012-12-07,7.09741,7.11262,6.99602,7.03151,89700
2012-12-10,7.06193,7.06193,6.91998,7.00109,43800
2012-12-11,7.03151,7.03151,6.97575,6.99602,23200
2012-12-12,7.02644,7.05179,6.87942,6.9656,29700
2012-12-13,6.90984,6.97068,6.89463,6.95547,24000
2012-12-14,6.94532,6.9656,6.89463,6.89463,28300
2012-12-17,6.8997,6.8997,6.76789,6.84393,75700
2012-12-18,6.84394,6.9504,6.8338,6.91998,81100
2012-12-19,6.94026,7.05686,6.89463,7.00109,39700
2012-12-20,7.04672,7.04672,6.85407,6.96054,143800
2012-12-21,6.96561,6.97067,6.65129,6.70199,1042300
2012-12-24,6.76789,6.78817,6.68171,6.72226,24500
2012-12-27,6.74263,6.74773,6.60513,6.60513,29800
2012-12-28,6.60513,6.71208,6.59495,6.62041,20800
2012-12-31,6.68661,6.74773,6.63569,6.73245,16200
2013-01-02,6.75791,6.94125,6.75791,6.94125,48500
2013-01-03,6.93107,6.94125,6.85468,6.87505,42700
2013-01-04,6.88523,6.92597,6.81394,6.87505,72000
2013-01-07,6.87505,6.89542,6.85468,6.87505,89100
2013-01-08,6.87504,6.94634,6.86995,6.91069,85300
2013-01-09,6.88013,7.00236,6.88013,6.99726,14600
2013-01-10,6.9718,7.05329,6.9718,7.04819,32600
2013-01-11,7.05328,7.12458,7.03291,7.12458,35200
2013-01-14,7.16532,7.27226,7.11949,7.25699,63900
2013-01-15,7.22134,7.30792,7.20607,7.27227,44300
2013-01-16,7.28755,7.39449,7.28755,7.36394,48700
2013-01-17,7.32319,7.55745,7.32319,7.51671,46800
2013-01-18,7.55746,7.61348,7.53709,7.58801,28300
2013-01-21,7.54218,7.67968,7.54218,7.67968,43400
2013-01-22,7.6644,7.67459,7.5931,7.67459,55200
2013-01-23,7.59311,7.63385,7.48616,7.48616,146400
2013-01-24,7.47598,7.61348,7.47598,7.60839,47600
2013-01-25,7.46069,7.46069,6.91069,7.00236,220300
2013-01-28,7.05328,7.25699,7.00745,7.09403,102600
2013-01-29,7.1554,7.17586,7.10937,7.17586,26000
2013-01-30,7.16051,7.16051,7.10937,7.1196,56700
2013-01-31,7.10937,7.1554,7.06845,7.14006,197700
2013-02-01,7.0838,7.15029,6.99685,7.02753,47800
2013-02-04,7.00708,7.15029,7.00708,7.08891,31300
2013-02-05,7.10937,7.18609,7.10937,7.16052,72200
2013-02-06,7.16052,7.28327,7.06846,7.0838,38000
2013-02-07,7.09914,7.09914,7.00708,7.03265,48500
2013-02-08,7.05311,7.05822,6.99685,7.05311,70000
2013-02-11,7.03265,7.16563,6.99685,7.00708,18800
2013-02-12,7.00197,7.0122,6.98151,6.99685,19700
2013-02-13,7.01731,7.02242,6.95593,6.97639,12400
2013-02-14,7.01219,7.01219,6.96616,7.00196,18800
2013-02-15,7.05311,7.05311,6.95593,6.95593,59300
2013-02-19,6.97639,7.01731,6.96616,7.00708,40300
2013-02-20,7.00708,7.00708,6.98151,7.00708,24700
2013-02-21,6.97639,7.048,6.95593,6.96616,18300
2013-02-22,6.99173,7.00707,6.9815,7.00196,15000
2013-02-25,7.00196,7.00708,6.92524,6.92524,39700
2013-02-26,6.9612,6.98689,6.90983,6.93552,27200
2013-02-27,6.97148,6.98689,6.88414,6.96634,25200
2013-02-28,7.00231,7.03827,6.93552,6.97148,64900
2013-03-01,6.99717,7.14102,6.99717,7.03827,66800
2013-03-04,7.03826,7.10505,7.01257,7.05367,34600
2013-03-05,7.12047,7.15129,7.09992,7.13588,27400
2013-03-06,7.15129,7.31569,7.11533,7.2489,165000
2013-03-07,7.25918,7.34137,7.24376,7.32082,38700
2013-03-08,7.32082,7.42357,7.26945,7.32082,48700
2013-03-11,7.2489,7.28486,7.15129,7.1667,122700
2013-03-12,7.1256,7.1667,6.79167,6.86873,108100
2013-03-13,7.08964,7.1256,6.80708,6.85845,407500
2013-03-14,6.91497,6.91497,6.80708,6.83277,88700
2013-03-15,6.81222,6.93551,6.7557,6.85845,668800
2013-03-18,6.83277,6.93552,6.83277,6.83791,52700
2013-03-19,6.87387,6.93552,6.84818,6.90983,45200
2013-03-20,6.92011,7.06909,6.92011,6.98689,61300
2013-03-21,7.02286,7.03827,6.9869,6.99203,35000
2013-03-22,7.01258,7.06396,7.01258,7.01258,47000
2013-03-25,7.01772,7.03827,6.85846,6.87901,44700
2013-03-26,6.91152,6.92701,6.85474,6.85474,100200
2013-03-27,6.83926,6.83926,6.82377,6.83926,25100
2013-03-28,6.82894,6.84442,6.81345,6.83926,37600
2013-04-01,6.8599,6.8599,6.80829,6.83409,15200
2013-04-02,6.85474,6.85474,6.77216,6.77216,43400
2013-04-03,6.81345,6.82894,6.74119,6.74119,75800
2013-04-04,6.74119,6.78248,6.63796,6.71022,43800
2013-04-05,6.7257,6.77216,6.63279,6.77216,32900
2013-04-08,6.77216,6.77732,6.67409,6.68957,35600
2013-04-09,6.71022,6.78764,6.71022,6.77216,71900
2013-04-10,6.77732,6.8341,6.76184,6.81345,26500
2013-04-11,6.84959,6.84959,6.76184,6.81345,29900
2013-04-12,6.81345,6.81345,6.73086,6.7928,75000
2013-04-15,6.73603,6.75667,6.5915,6.64311,62300
2013-04-16,6.73603,6.73603,6.65344,6.71022,53100
2013-04-17,6.77216,6.77216,6.45213,6.49859,55300
2013-04-18,6.57601,6.58117,6.50891,6.55537,56700
2013-04-19,6.57602,6.57602,6.35406,6.37471,51000
2013-04-22,6.47794,6.47794,6.36954,6.44181,36200
2013-04-23,6.46246,6.50375,6.35406,6.45213,22400
2013-04-24,6.44181,6.53988,6.44181,6.47278,295700
2013-04-25,6.55021,6.73603,6.47794,6.73603,102800
2013-04-26,6.76183,6.76183,6.57601,6.61214,24200
2013-04-29,6.64828,6.74635,6.64828,6.7257,49400
2013-04-30,6.73603,6.76183,6.66892,6.74635,22800
2013-05-01,6.73603,6.73603,6.58634,6.65344,18300
2013-05-02,6.66376,6.66376,6.60182,6.65344,23000
2013-05-03,6.65344,6.71022,6.62247,6.69473,30800
2013-05-06,6.73087,6.73087,6.58118,6.58118,24900
2013-05-07,6.60699,6.71022,6.60182,6.71022,26000
2013-05-08,6.71022,6.86507,6.69474,6.86507,79900
2013-05-09,6.84443,6.91669,6.82378,6.86507,23300
2013-05-10,6.77216,6.82894,6.7257,6.7257,15000
2013-05-13,6.71538,6.73086,6.63279,6.63795,55900
2013-05-14,6.58634,6.5915,6.42633,6.50375,107600
2013-05-15,6.45729,6.61215,6.45213,6.46762,31900
2013-05-16,6.46246,6.46762,6.35922,6.36438,63400
2013-05-17,6.46761,6.46761,6.07016,6.14243,141200
2013-05-21,6.1063,6.27147,6.1063,6.19921,140800
2013-05-22,6.15275,6.28179,6.15275,6.20437,83900
2013-05-23,6.19405,6.21986,6.13211,6.1734,67100
2013-05-24,6.14759,6.18889,6.065,6.065,46300
2013-05-27,6.05468,6.05468,5.95661,5.97726,68700
2013-05-28,5.95145,6.00823,5.78111,5.94112,412100
2013-05-29,6.02572,6.34751,6.00496,6.23333,346800
2013-05-30,6.32675,6.43575,6.30599,6.37865,75500
2013-05-31,6.38384,6.47726,6.34751,6.3527,84100
2013-06-03,6.44093,6.47207,6.36308,6.38384,96000
2013-06-04,6.36827,6.36827,6.23852,6.2489,54500
2013-06-05,6.24371,6.2489,6.15548,6.18143,36400
2013-06-06,6.12434,6.2489,6.11915,6.2489,81500
2013-06-07,6.2489,6.35789,6.20738,6.32675,93700
2013-06-10,6.34232,6.34232,6.22814,6.27485,28800
2013-06-11,6.26447,6.44612,6.19181,6.42017,60600
2013-06-12,6.33194,6.37346,6.28523,6.35789,65000
2013-06-13,6.24371,6.40979,6.24371,6.38903,61900
2013-06-14,6.39422,6.40979,6.26966,6.26966,28400
2013-06-17,6.28004,6.4098,6.28004,6.37865,53400
2013-06-18,6.40979,6.49283,6.32156,6.36827,71200
2013-06-19,6.37346,6.44612,6.31118,6.32675,72000
2013-06-20,6.29042,6.53954,6.23852,6.44612,89900
2013-06-21,6.51878,6.70562,6.34751,6.64853,390400
2013-06-24,6.58626,6.59664,6.46688,6.57588,56000
2013-06-25,6.53435,6.67968,6.51359,6.67968,67600
2013-06-26,6.71254,6.74904,6.67081,6.7021,63100
2013-06-27,6.72818,6.78556,6.70732,6.78034,20700
2013-06-28,6.7334,6.79077,6.72819,6.78556,42300
2013-07-02,6.78556,6.80642,6.71775,6.74383,15300
2013-07-03,6.69689,6.7334,6.56128,6.63951,71600
2013-07-04,6.64995,6.68124,6.63952,6.67602,40100
2013-07-05,6.65516,6.67602,6.55606,6.67602,26300
2013-07-08,6.67603,6.67603,6.52477,6.57171,95900
2013-07-09,6.57171,6.58736,6.51956,6.54564,20600
2013-07-10,6.54042,6.54563,6.46218,6.50391,22100
2013-07-11,6.51955,6.51955,6.38395,6.46218,141400
2013-07-12,6.43089,6.5665,6.41524,6.50913,166900
2013-07-15,6.50913,6.54042,6.45697,6.50913,103100
2013-07-16,6.48305,6.60301,6.48305,6.55085,51200
2013-07-17,6.55607,6.59779,6.51956,6.54042,27800
2013-07-18,6.5665,6.6343,6.54563,6.59779,141600
2013-07-19,6.60822,6.64473,6.57171,6.59779,101000
2013-07-22,6.60301,6.62387,6.57171,6.58736,21500
2013-07-23,6.61344,6.68124,6.61344,6.67602,48100
2013-07-24,6.67081,6.77512,6.61344,6.69689,69800
2013-07-25,6.69689,6.7334,6.63951,6.69167,18700
2013-07-26,6.7021,6.7334,6.62908,6.64995,30900
2013-07-29,6.65676,6.67249,6.5729,6.57814,20400
2013-07-30,6.60435,6.60435,6.52048,6.53621,15100
2013-07-31,6.54669,6.58862,6.52572,6.54669,31900
2013-08-01,6.59386,6.70918,6.55717,6.6987,25900
2013-08-02,6.71966,6.76159,6.68297,6.68297,27300
2013-08-06,6.71966,6.71966,6.57814,6.62531,21500
2013-08-07,6.65676,6.65676,6.60434,6.64627,44200
2013-08-08,6.65152,6.70918,6.60435,6.70918,8900
2013-08-09,6.70918,6.7878,6.70918,6.7878,18400
2013-08-12,6.76159,6.7878,6.73014,6.77207,11200
2013-08-13,6.66201,6.67249,6.13261,6.23744,416400
2013-08-14,6.30034,6.37372,6.26365,6.2951,195500
2013-08-15,6.31607,6.31607,6.18503,6.22696,62400
2013-08-16,6.25317,6.25841,6.18503,6.22696,18700
2013-08-19,6.24792,6.26365,6.15357,6.20599,47100
2013-08-20,6.17978,6.1955,6.09067,6.13785,140300
2013-08-21,6.10116,6.14833,6.02777,6.1064,86500
2013-08-22,6.07495,6.13785,6.03302,6.0802,167600
2013-08-23,6.08544,6.14309,6.0802,6.0802,17700
2013-08-26,6.09067,6.15357,6.0435,6.0435,124200
2013-08-27,6.02778,6.05398,5.95439,5.95439,39900
2013-08-28,5.96125,5.99287,5.898,5.95598,43900
2013-08-29,5.95598,6.00341,5.88746,5.90327,64400
2013-08-30,5.91908,6.05085,5.898,5.94016,117700
2013-09-03,5.97706,6.21951,5.97706,6.14572,147300
2013-09-04,6.11937,6.23533,6.11937,6.21952,92500
2013-09-05,6.27222,6.27222,6.2037,6.20898,38200
2013-09-06,6.31439,6.40927,6.2406,6.3302,137100
2013-09-09,6.38291,6.50941,6.37237,6.39345,87600
2013-09-10,6.40926,6.43034,6.3671,6.38291,65100
2013-09-11,6.4198,6.43034,6.37237,6.38818,127600
2013-09-12,6.39345,6.41453,6.27222,6.30385,48300
2013-09-13,6.30385,6.34074,6.27749,6.27749,31500
2013-09-16,6.33547,6.50941,6.33547,6.4567,435500
2013-09-17,6.41453,6.49886,6.38818,6.40399,105100
2013-09-18,6.42507,6.48832,6.40399,6.4567,46200
2013-09-19,6.4567,6.56212,6.40399,6.5463,213500
2013-09-20,6.57265,6.72024,6.4567,6.51995,491700
2013-09-23,6.57792,6.6728,6.51995,6.62009,53400
2013-09-24,6.62009,6.72024,6.61482,6.72024,123200
2013-09-25,6.74659,6.74659,6.65699,6.73078,41800
2013-09-26,6.72178,6.72178,6.64232,6.70589,19700
2013-09-27,6.70588,6.76945,6.6794,6.72177,35900
2013-09-30,6.70059,6.70059,6.55228,6.6794,31200
2013-10-01,6.62643,6.70059,6.62114,6.63173,13300
2013-10-02,6.64762,6.79593,6.64232,6.76944,49800
2013-10-03,6.71118,6.75356,6.56817,6.6741,90200
2013-10-04,6.66351,6.72707,6.62113,6.6847,25800
2013-10-07,6.66351,6.6847,6.62113,6.6741,32300
2013-10-08,6.63173,6.70059,6.58406,6.62114,22800
2013-10-09,6.62113,6.78004,6.62113,6.76415,41700
2013-10-10,6.80653,6.80653,6.67411,6.70589,22000
2013-10-11,6.73237,6.73767,6.66351,6.71118,32100
2013-10-15,6.71118,6.79064,6.65821,6.6794,77300
2013-10-16,6.71648,6.76945,6.65292,6.74297,37800
2013-10-17,6.71648,6.81712,6.70058,6.81182,38600
2013-10-18,6.76945,6.84361,6.76945,6.84361,71200
2013-10-21,6.83301,6.83301,6.72707,6.78534,23800
2013-10-22,6.8595,6.96014,6.8542,6.91247,133400
2013-10-23,6.94424,6.98132,6.86479,6.92835,43600
2013-10-24,6.93895,6.93895,6.76945,6.77474,30700
2013-10-25,6.78004,6.78004,6.61054,6.72707,57800
2013-10-28,6.70059,6.74296,6.6741,6.72707,73100
2013-10-29,6.7606,6.85642,6.73399,6.77657,47100
2013-10-30,6.78723,6.84578,6.73399,6.80852,23900
2013-10-31,6.85643,6.97354,6.81384,6.96822,82200
2013-11-01,6.96822,6.97354,6.76061,6.91499,44000
2013-11-04,6.91498,6.97354,6.89369,6.97354,56400
2013-11-05,6.94692,7.00016,6.92031,6.96822,33500
2013-11-06,6.9416,6.96822,6.87772,6.93628,36700
2013-11-07,6.93628,7.0108,6.93628,6.96822,57300
2013-11-08,6.98419,7.00016,6.93096,6.9629,56900
2013-11-11,6.51574,6.61688,6.31878,6.553,293100
2013-11-12,6.54235,6.59559,6.49444,6.53703,218000
2013-11-13,6.54767,6.60091,6.54767,6.54767,57000
2013-11-14,6.54768,6.59559,6.52106,6.53703,21100
2013-11-15,6.53703,6.60091,6.52106,6.56364,31000
2013-11-18,6.52638,6.65414,6.52638,6.56364,60300
2013-11-19,6.59558,6.62752,6.54767,6.54767,94500
2013-11-20,6.56897,6.63285,6.553,6.56897,314400
2013-11-21,6.60623,6.65414,6.57961,6.59026,29700
2013-11-22,6.59026,6.70205,6.59026,6.68076,18800
2013-11-25,6.72335,6.74464,6.6435,6.6435,29600
2013-11-26,6.59026,6.60623,6.55832,6.57429,37200
2013-11-27,6.62406,6.62406,6.57055,6.5866,30300
2013-11-28,6.608,6.608,6.52775,6.52775,39500
2013-11-29,6.52774,6.59195,6.52774,6.5652,12100
2013-12-02,6.61336,6.69897,6.60266,6.66686,28800
2013-12-03,6.66151,6.67756,6.53844,6.58125,28500
2013-12-04,6.55985,6.74177,6.54915,6.68826,34800
2013-12-05,6.69896,6.72572,6.67756,6.69896,67000
2013-12-06,6.66151,6.68826,6.49029,6.61335,110200
2013-12-09,6.61335,6.87553,6.61335,6.65081,94100
2013-12-10,6.69896,6.74177,6.5438,6.5759,32800
2013-12-11,6.64546,6.64546,6.55985,6.55985,21400
2013-12-12,6.54379,6.5759,6.50099,6.55985,42500
2013-12-13,6.59195,6.59195,6.53309,6.57055,35900
2013-12-16,6.6187,6.6187,6.40468,6.51169,190600
2013-12-17,6.50099,6.5759,6.50099,6.52775,70000
2013-12-18,6.52239,6.57055,6.52239,6.5545,24000
2013-12-19,6.57055,6.5866,6.51169,6.52775,28100
2013-12-20,6.5973,6.84878,6.58125,6.80062,283400
2013-12-23,6.82203,6.82203,6.67756,6.80062,22200
2013-12-24,6.80598,6.90229,6.80063,6.89159,20600
2013-12-27,6.9631,6.98998,6.90933,6.98461,28700
2013-12-30,6.95234,6.98461,6.92546,6.98461,14200
2013-12-31,6.93083,7.02762,6.93083,6.98998,21100
2014-01-02,6.97923,7.00074,6.94697,6.98461,54300
2014-01-03,6.98461,7.00074,6.93621,6.97385,48800
2014-01-06,6.94159,6.98998,6.93084,6.95234,113600
2014-01-07,6.95234,6.9631,6.88244,6.88782,36300
2014-01-08,6.88244,6.95772,6.79104,6.93084,28800
2014-01-09,6.9846,7.14591,6.95234,7.12978,52300
2014-01-10,7.11365,7.17279,7.02762,7.16742,190600
2014-01-13,7.15129,7.25882,7.09752,7.16742,82800
2014-01-14,7.17817,7.25883,7.1244,7.21581,31500
2014-01-15,7.16204,7.33948,7.08677,7.15667,71600
2014-01-16,7.19968,7.2427,7.09752,7.19968,26700
2014-01-17,7.16204,7.25883,7.16204,7.22657,18200
2014-01-20,7.23732,7.25882,7.17279,7.25882,16500
2014-01-21,7.23732,7.35023,7.23732,7.26958,24500
2014-01-22,7.28571,7.37174,7.2642,7.2642,17400
2014-01-23,7.3126,7.38787,7.29109,7.35023,31800
2014-01-24,7.37712,7.37712,7.16204,7.25882,32200
2014-01-27,7.15666,7.17817,7.01686,7.03299,36500
2014-01-28,7.01687,7.22657,6.98998,7.15667,66700
2014-01-29,7.15829,7.15829,6.85575,6.99621,39800
2014-01-30,6.94759,7.1907,6.94759,7.16369,23900
2014-01-31,7.10426,7.13127,7.04484,7.08806,19700
2014-02-03,7.09886,7.16909,7.04484,7.12587,35600
2014-02-04,7.12587,7.12587,7.02323,7.05024,15300
2014-02-05,7.10966,7.10966,7.02322,7.02322,24700
2014-02-06,7.09346,7.1853,7.06104,7.1853,41600
2014-02-07,7.1853,7.1853,7.10426,7.16909,22000
2014-02-10,7.18529,7.32036,7.16368,7.17989,128400
2014-02-11,7.23933,7.29335,7.22852,7.22852,36500
2014-02-12,7.25553,7.27714,7.08265,7.13127,22700
2014-02-13,7.17449,7.23392,7.12047,7.20151,18100
2014-02-14,7.22852,7.29335,7.21771,7.27714,23800
2014-02-18,7.24473,7.29335,7.23932,7.27714,13600
2014-02-19,7.29335,7.29335,7.25013,7.27174,8800
2014-02-20,7.29875,7.37439,7.26093,7.33657,95900
2014-02-21,7.29335,7.34737,7.1853,7.29335,41300
2014-02-24,7.21231,7.35818,7.1907,7.23932,34900
2014-02-25,7.29335,7.34737,7.23932,7.29335,34300
2014-02-26,7.27327,7.32754,7.23527,7.27327,100600
2014-02-27,7.26241,7.3004,7.22441,7.27869,170700
2014-02-28,7.3004,7.31669,7.23527,7.31669,17100
2014-03-03,7.21899,7.3004,7.19185,7.25698,37300
2014-03-04,7.26784,7.34383,7.24613,7.3004,30800
2014-03-05,7.28412,7.3004,7.24613,7.28955,75200
2014-03-06,7.27869,7.32754,7.25698,7.32211,23200
2014-03-07,7.22984,7.30583,7.12671,7.3004,32400
2014-03-10,7.3004,7.64236,7.3004,7.62064,213600
2014-03-11,7.62064,7.76719,7.59893,7.59893,61200
2014-03-12,7.59893,7.59893,7.42524,7.49038,31700
2014-03-13,7.5338,7.59351,7.39268,7.44153,49500
2014-03-14,7.44153,7.44153,7.31126,7.3384,56300
2014-03-17,7.34925,7.53922,7.34925,7.45238,50200
2014-03-18,7.51751,7.58265,7.43609,7.4958,72500
2014-03-19,7.56636,7.58807,7.42524,7.42524,48700
2014-03-20,7.42524,7.45238,7.32754,7.32754,62200
2014-03-21,7.38182,7.3981,7.14842,7.2027,424500
2014-03-24,7.2027,7.25155,7.18642,7.19727,61100
2014-03-25,7.36554,7.68578,7.23527,7.60979,185100
2014-03-26,7.59893,7.85404,7.57179,7.76177,167700
2014-03-27,7.76341,7.76341,7.65437,7.71434,114300
2014-03-28,7.69253,7.70888,7.65437,7.68708,47100
2014-03-31,7.67617,7.69798,7.65982,7.69798,175700
2014-04-01,7.67618,7.76886,7.66527,7.7307,218900
2014-04-02,7.80157,7.83974,7.72525,7.80702,81900
2014-04-03,7.76885,7.83973,7.7416,7.81247,36000
2014-04-04,7.81247,7.85064,7.80157,7.80157,31700
2014-04-07,7.71434,7.81793,7.71434,7.7525,52800
2014-04-08,7.71433,7.73069,7.65436,7.67617,43800
2014-04-09,7.65982,7.65982,7.62711,7.63801,43100
2014-04-10,7.63256,7.64892,7.5944,7.64892,65600
2014-04-11,7.59985,7.62711,7.50717,7.53443,63000
2014-04-14,7.52897,7.63256,7.50717,7.52352,43400
2014-04-15,7.51262,7.55623,7.51262,7.52352,57800
2014-04-16,7.52898,7.55079,7.47991,7.49082,50200
2014-04-17,7.49081,7.54533,7.4363,7.4363,73700
2014-04-21,7.469,7.68708,7.41448,7.59985,60700
2014-04-22,7.63801,7.65436,7.55078,7.55078,23500
2014-04-23,7.58894,7.63256,7.54533,7.56714,49200
2014-04-24,7.63801,7.71434,7.62166,7.69253,116300
2014-04-25,7.65982,7.70343,7.6162,7.67617,15600
2014-04-28,7.71067,7.73258,7.66686,7.72163,40000
2014-04-29,7.69972,7.78734,7.67782,7.72163,35900
2014-04-30,7.72163,7.74901,7.67782,7.72163,55000
2014-05-01,7.72163,7.7271,7.62853,7.65591,39000
2014-05-02,7.61758,7.76544,7.61758,7.74901,39500
2014-05-05,7.69425,7.76544,7.65591,7.73258,19700
2014-05-06,7.72163,7.75448,7.67782,7.72163,27500
2014-05-07,7.72163,7.77639,7.64496,7.67234,151800
2014-05-08,7.66687,7.75449,7.56282,7.6121,65200
2014-05-09,7.60663,7.60663,7.47519,7.4971,33200
2014-05-12,7.20685,7.28352,7.0809,7.25066,204500
2014-05-13,7.24519,7.68877,7.21781,7.6121,120700
2014-05-14,7.73806,7.74901,7.58472,7.7052,70800
2014-05-15,7.69425,7.73258,7.63949,7.65044,49000
2014-05-16,7.67782,7.67782,7.55734,7.56829,35500
2014-05-20,7.60663,7.60663,7.45329,7.46972,30900
2014-05-21,7.51353,7.55734,7.45329,7.519,31600
2014-05-22,7.48067,7.54638,7.47519,7.50257,52400
2014-05-23,7.52996,7.71615,7.52996,7.67782,49700
2014-05-26,7.72163,7.73258,7.62306,7.66139,78200
2014-05-27,7.65044,7.66687,7.59567,7.62853,56400
2014-05-28,7.69619,7.78421,7.56417,7.64118,91400
2014-05-29,7.60817,7.69069,7.59717,7.65218,14300
2014-05-30,7.6852,7.75672,7.65219,7.6907,51600
2014-06-02,7.7017,7.75671,7.63568,7.7347,42400
2014-06-03,7.66869,7.74571,7.66869,7.7017,28400
2014-06-04,7.7292,7.7292,7.60818,7.67969,15500
2014-06-05,7.67969,7.69069,7.58067,7.63568,23500
2014-06-06,7.64118,7.69069,7.56966,7.59167,66300
2014-06-09,7.58067,7.62468,7.50366,7.62468,60400
2014-06-10,7.59167,7.74021,7.59167,7.7182,24800
2014-06-11,7.69619,7.7237,7.64118,7.67419,22800
2014-06-12,7.65219,7.67969,7.63568,7.67969,29400
2014-06-13,7.6907,7.6907,7.48165,7.48165,36900
2014-06-16,7.49815,7.63018,7.43764,7.52565,178000
2014-06-17,7.48715,7.56967,7.48715,7.54217,15200
2014-06-18,7.54216,7.54216,7.48165,7.52016,18800
2014-06-19,7.53666,7.53666,7.49265,7.50915,16400
2014-06-20,7.48165,7.53666,7.43214,7.45415,46700
2014-06-23,7.43214,7.46514,7.39913,7.43764,24900
2014-06-24,7.43764,7.49815,7.39913,7.41563,28100
2014-06-25,7.38813,7.43764,7.36062,7.38813,11900
2014-06-26,7.45611,7.45611,7.34004,7.36215,14700
2014-06-27,7.34557,7.41742,7.33452,7.37321,19000
2014-06-30,7.40637,7.41189,7.36768,7.41189,30200
2014-07-02,7.37873,7.434,7.35662,7.42847,31400
2014-07-03,7.40084,7.68825,7.40084,7.64956,70700
2014-07-04,7.64957,7.67721,7.60535,7.67721,11900
2014-07-07,7.6772,7.70483,7.56113,7.59981,60700
2014-07-08,7.63851,7.63851,7.59982,7.62745,57000
2014-07-09,7.6772,7.68825,7.59982,7.66062,35800
2014-07-10,7.58323,7.65509,7.57771,7.59981,13700
2014-07-11,7.59982,7.63851,7.53349,7.63851,11400
2014-07-14,7.6385,7.6385,7.58323,7.59981,19300
2014-07-15,7.57218,7.61087,7.51691,7.53902,23300
2014-07-16,7.52797,7.57219,7.51691,7.57219,19700
2014-07-17,7.52243,7.53902,7.46164,7.51691,19200
2014-07-18,7.54454,7.54454,7.47822,7.48927,19500
2014-07-21,7.48928,7.53902,7.47822,7.51139,48200
2014-07-22,7.53349,7.58876,7.47822,7.58876,85200
2014-07-23,7.58876,7.64956,7.58876,7.60534,19200
2014-07-24,7.56113,7.62745,7.5556,7.62745,25300
2014-07-25,7.63851,7.63851,7.56666,7.57219,8200
2014-07-28,7.55008,7.62746,7.52244,7.52244,25600
2014-07-29,7.55187,7.59074,7.5241,7.54632,11200
2014-07-30,7.55186,7.7129,7.47968,7.60184,32300
2014-07-31,7.61295,7.6185,7.38528,7.40194,147300
2014-08-01,7.4186,7.55187,7.4186,7.43526,12400
2014-08-05,7.51855,7.60185,7.49634,7.59074,22400
2014-08-06,7.6296,7.6296,7.49634,7.55742,26200
2014-08-07,7.67403,7.80174,7.66848,7.79619,626300
2014-08-08,7.80175,8.21821,7.80175,8.05162,351800
2014-08-11,8.05162,8.19044,8.05162,8.18489,203500
2014-08-12,8.16268,8.27374,8.11271,8.17379,74900
2014-08-13,8.22931,8.41255,8.21821,8.35703,232100
2014-08-14,8.38479,8.44032,8.30705,8.41811,225000
2014-08-15,8.42921,8.42921,8.32926,8.41256,222900
2014-08-18,8.41256,8.46809,8.40701,8.44032,86900
2014-08-19,8.45143,8.52361,8.43477,8.51806,151800
2014-08-20,8.46253,8.4903,8.21821,8.28484,155000
2014-08-21,8.25153,8.3848,8.13492,8.36814,137400
2014-08-22,8.36814,8.41811,8.28484,8.35148,48100
2014-08-25,8.32927,8.40145,8.32927,8.37369,44800
2014-08-26,8.32927,8.40145,8.31816,8.39035,66600
2014-08-27,8.37529,8.41433,8.32511,8.37529,52900
2014-08-28,8.36414,8.43105,8.35856,8.39202,69200
2014-08-29,8.38645,8.40875,8.31953,8.3976,45400
2014-09-02,8.37529,8.41432,8.35299,8.40875,95700
2014-09-03,8.39202,8.39202,8.31395,8.34183,44800
2014-09-04,8.33068,8.33626,8.06861,8.08533,153300
2014-09-05,8.08534,8.24147,7.97939,8.18571,69400
2014-09-08,8.23032,8.26935,8.06304,8.16898,51600
2014-09-09,8.20243,8.20243,8.11321,8.19128,50700
2014-09-10,8.16898,8.29165,8.16898,8.25262,48600
2014-09-11,8.23589,8.35299,8.12437,8.35299,54900
2014-09-12,8.35857,8.36414,8.28608,8.29723,29800
2014-09-15,8.26377,8.26377,8.01285,8.05745,72000
2014-09-16,8.02957,8.03515,7.96266,7.97939,82600
2014-09-17,7.95151,7.97939,7.94593,7.95151,99900
2014-09-18,7.95151,8.09091,7.95151,8.06303,51500
2014-09-19,8.10764,8.11321,7.96266,8.11321,389100
2014-09-22,8.05745,8.11879,7.94593,7.95151,87900
2014-09-23,7.97381,7.99054,7.91805,7.94593,55000
2014-09-24,7.97381,8.00169,7.86229,8.00169,197000
2014-09-25,7.95709,7.95709,7.79538,7.85672,21900
2014-09-26,7.83599,7.8864,7.79678,7.83039,16000
2014-09-29,7.82479,7.8976,7.77998,7.8752,28900
2014-09-30,7.8752,7.93681,7.85839,7.92561,55100
2014-10-01,7.8976,7.92001,7.8808,7.92001,57700
2014-10-02,7.8976,7.99282,7.8976,7.99282,103100
2014-10-03,7.99282,8.02643,7.99282,7.99282,34700
2014-10-06,8.03203,8.05444,7.95362,7.98162,39700
2014-10-07,7.98162,8.02083,7.82479,7.82479,58600
2014-10-08,7.75197,7.81359,7.70156,7.73517,22500
2014-10-09,7.70156,7.72956,7.56153,7.57273,54300
2014-10-10,7.56154,7.58954,7.29828,7.48312,56800
2014-10-14,7.45511,7.45511,7.14145,7.3823,94000
2014-10-15,7.28148,7.4047,7.22547,7.34309,103600
2014-10-16,7.25907,7.46071,7.24227,7.4215,26300
2014-10-17,7.43271,7.63435,7.43271,7.61195,29200
2014-10-20,7.68476,7.71277,7.59514,7.68476,26400
2014-10-21,7.67916,7.8864,7.67356,7.71836,75700
2014-10-22,7.72957,7.72957,7.53913,7.53913,44300
2014-10-23,7.56153,7.65675,7.52232,7.54473,45100
2014-10-24,7.54473,7.61194,7.42711,7.53353,40800
2014-10-27,7.48872,7.55033,7.47752,7.49992,42600
2014-10-28,7.59514,7.67356,7.42711,7.44951,44600
2014-10-29,7.43995,7.61441,7.43995,7.5525,29900
2014-10-30,7.59752,7.61441,7.4118,7.58064,38300
2014-10-31,7.63692,7.69882,7.52436,7.58064,25900
2014-11-03,7.54124,7.62003,7.45683,7.49059,26500
2014-11-04,7.47371,7.54125,7.37241,7.47371,42700
2014-11-05,7.42869,7.48497,7.42869,7.48497,31300
2014-11-06,7.49622,7.49622,7.42869,7.46246,15900
2014-11-07,7.46246,7.51873,7.41181,7.43995,49700
2014-11-10,7.31614,7.40055,7.1473,7.16419,224900
2014-11-11,7.13605,7.13605,6.81526,6.84903,391600
2014-11-12,6.82652,6.82652,6.68582,6.77024,460800
2014-11-13,6.76461,6.78149,6.69707,6.69707,212600
2014-11-14,6.69708,6.78712,6.69708,6.73647,202500
2014-11-17,6.73647,6.90531,6.73084,6.89405,238700
2014-11-18,6.96721,6.98409,6.84903,6.91656,119300
2014-11-19,6.96721,6.96721,6.87154,6.87717,73700
2014-11-20,6.88842,6.92782,6.8434,6.91656,43200
2014-11-21,6.97847,6.98972,6.82089,6.87717,69000
2014-11-24,6.84903,6.93908,6.80964,6.84903,59600
2014-11-25,6.84903,6.89405,6.80963,6.83214,111600
2014-11-26,6.89607,6.89607,6.77727,6.78858,96200
2014-11-27,6.78293,6.81121,6.73767,6.78858,79100
2014-11-28,6.76596,6.79424,6.66413,6.73201,55700
2014-12-01,6.67544,6.68676,6.57361,6.59624,89100
2014-12-02,6.6415,6.65847,6.55099,6.6019,123000
2014-12-03,6.57927,6.67544,6.5623,6.65847,65000
2014-12-04,6.66412,6.66412,6.52835,6.56795,109900
2014-12-05,6.56229,6.60189,6.53401,6.56229,42400
2014-12-08,6.52835,6.59058,6.3643,6.44915,128900
2014-12-09,6.38127,6.66413,6.22287,6.66413,126300
2014-12-10,6.60755,6.60755,6.43784,6.46047,45600
2014-12-11,6.46047,6.80556,6.4435,6.75464,142100
2014-12-12,6.69241,6.69241,6.57927,6.66413,78400
2014-12-15,6.66412,6.66412,6.38692,6.42652,115000
2014-12-16,6.39824,6.66413,6.39824,6.66413,342100
2014-12-17,6.73767,6.77161,6.65281,6.75464,85300
2014-12-18,6.7603,6.82253,6.55098,6.61321,106700
2014-12-19,6.59624,6.69242,6.59059,6.62453,117600
2014-12-22,6.61321,6.65281,6.57927,6.63584,55100
2014-12-23,6.64716,6.65281,6.59624,6.63584,44100
2014-12-24,6.61887,6.76595,6.61887,6.76595,85700
2014-12-29,6.76766,6.92121,6.76766,6.90415,23700
2014-12-30,6.92122,6.92122,6.8416,6.87003,17400
2014-12-31,6.84728,6.84728,6.76766,6.78472,42200
2015-01-02,6.77904,6.80178,6.7506,6.7506,24700
2015-01-05,6.73922,6.74491,6.68235,6.71079,73000
2015-01-06,6.69942,6.70511,6.44919,6.52312,142200
2015-01-07,6.51174,6.54018,6.45487,6.45487,20500
2015-01-08,6.46624,6.48331,6.3525,6.39231,52300
2015-01-09,6.39231,6.42644,6.16483,6.23876,231500
2015-01-12,6.19895,6.19895,5.74967,5.90891,108600
2015-01-13,5.88616,6.02834,5.7781,5.85772,40700
2015-01-14,5.77242,5.78379,5.57337,5.78379,127500
2015-01-15,5.75536,5.84066,5.71555,5.80085,87900
2015-01-16,5.80085,6.09658,5.78948,6.03971,197300
2015-01-19,6.18189,6.19326,5.81791,6.02834,78200
2015-01-20,5.94303,6.01128,5.88616,5.90322,477000
2015-01-21,5.88616,6.19327,5.85204,6.1762,148800
2015-01-22,6.25014,6.42644,6.18189,6.37525,109000
2015-01-23,6.398,6.67666,6.34113,6.59705,118500
2015-01-26,6.61411,6.85297,6.51174,6.83591,113300
2015-01-27,6.82453,6.90415,6.71079,6.81316,89800
2015-01-28,6.78629,6.83774,6.44326,6.58047,145100
2015-01-29,6.56904,6.56904,6.38037,6.41467,96100
2015-01-30,6.37465,6.50615,6.28889,6.35178,634300
2015-02-02,6.37465,6.54045,6.33463,6.47756,68700
2015-02-03,6.48899,6.79772,6.48899,6.76913,380800
2015-02-04,6.71768,6.73484,6.56904,6.59191,83100
2015-02-05,6.5919,6.70625,6.5919,6.68338,37200
2015-02-06,6.67766,6.83203,6.67766,6.80916,56400
2015-02-09,6.67766,7.06642,6.67766,6.76913,119500
2015-02-10,6.78628,6.88919,6.77485,6.82059,43300
2015-02-11,6.83202,6.87776,6.74055,6.83774,48900
2015-02-12,6.86061,6.8892,6.78629,6.78629,32400
2015-02-13,6.88348,7.00354,6.79772,6.98639,50600
2015-02-17,6.94065,7.02641,6.88348,6.95208,191400
2015-02-18,6.9235,7.13503,6.9235,6.9921,198800
2015-02-19,6.96924,7.01497,6.90063,6.96352,77400
2015-02-20,6.96924,6.96924,6.90635,6.94637,124900
2015-02-23,6.8892,6.94637,6.82059,6.88348,109000
2015-02-24,6.88919,7.03212,6.88919,7.03212,150700
2015-02-25,7.02236,7.07982,7.01086,7.06833,49500
2015-02-26,7.15453,7.15453,7.09706,7.10281,27300
2015-02-27,7.17177,7.17177,6.98788,7.04534,37100
2015-03-02,7.0281,7.07982,6.91317,6.98213,57400
2015-03-03,7.00512,7.05109,6.9534,6.96489,128700
2015-03-04,6.9534,7.01086,6.9534,7.00512,36100
2015-03-05,6.97064,6.98213,6.90743,6.92467,31800
2015-03-06,6.89593,6.9534,6.67756,6.72353,70400
2015-03-09,6.68906,6.85571,6.48792,6.51666,150000
2015-03-10,6.4362,6.5339,6.14887,6.26955,66200
2015-03-11,6.24656,6.37299,6.24656,6.32127,83600
2015-03-12,6.32127,6.43046,6.31552,6.40747,110000
2015-03-13,6.40747,6.40747,5.80407,5.90751,181800
2015-03-16,5.98797,5.98797,5.41331,5.5972,373900
2015-03-17,5.55697,5.81557,5.55697,5.74086,199000
2015-03-18,5.76385,5.90177,5.70064,5.80408,319100
2015-03-19,5.82132,5.82132,5.61444,5.64892,61600
2015-03-20,5.70638,5.75235,5.60294,5.74661,48100
2015-03-23,5.72937,5.74661,5.66041,5.6834,30200
2015-03-24,5.73511,5.73511,5.62018,5.70063,583000
2015-03-25,5.74086,5.74661,5.63168,5.72362,64200
2015-03-26,5.74661,5.74661,5.64317,5.68914,134100
2015-03-27,5.71979,5.71979,5.63883,5.67353,152100
2015-03-30,5.66774,5.68509,5.46532,5.47689,75700
2015-03-31,5.47689,5.50581,5.43063,5.45376,73300
2015-04-01,5.40749,5.45376,5.36701,5.44798,56300
2015-04-02,5.48846,5.48846,5.41906,5.42484,42300
2015-04-06,5.41327,5.44219,5.39592,5.39592,83000
2015-04-07,5.37279,5.53473,5.37279,5.48846,751200
2015-04-08,5.49424,5.80076,5.49424,5.75449,145300
2015-04-09,5.7545,5.88173,5.7545,5.79498,86900
2015-04-10,5.8239,5.98583,5.80076,5.96848,99700
2015-04-13,6.03788,6.03788,5.95691,5.99161,113200
2015-04-14,6.00319,6.14199,5.96849,6.13042,78200
2015-04-15,6.15933,6.2056,6.04945,6.11885,71200
2015-04-16,6.13042,6.24608,6.04945,6.24608,53900
2015-04-17,6.28079,6.33284,6.04945,6.04945,130800
2015-04-20,6.05523,6.10728,6.05523,6.0668,80700
2015-04-21,6.08415,6.08993,6.04945,6.07258,60400
2015-04-22,6.07258,6.07258,5.90486,5.93378,87400
2015-04-23,5.89908,6.17091,5.89908,6.1362,161600
2015-04-24,6.18825,6.52369,6.18825,6.38489,227100
2015-04-27,6.3444,6.43694,6.19403,6.29235,157600
2015-04-28,6.28828,6.34063,6.20102,6.32318,46500
2015-04-29,6.31737,6.3988,6.2941,6.329,53300
2015-04-30,6.31737,6.75365,6.2941,6.66057,1290000
2015-05-01,6.66058,6.75947,6.49188,6.72457,136200
2015-05-04,6.6373,6.74783,6.47443,6.49188,52900
2015-05-05,6.49769,6.55587,6.35227,6.41044,36000
2015-05-06,6.39299,6.39299,6.17776,6.19521,95300
2015-05-07,6.23593,6.39881,6.10795,6.39881,53500
2015-05-08,6.39881,6.63149,6.37554,6.42207,81900
2015-05-11,6.42207,6.42207,6.28828,6.35808,29600
2015-05-12,6.31737,6.34645,6.23593,6.31155,43200
2015-05-13,6.39299,6.7362,6.39299,6.63731,114400
2015-05-14,6.72457,6.7362,6.52678,6.64313,129300
2015-05-15,6.66058,6.7362,6.61404,6.68966,47900
2015-05-19,6.68966,6.73038,6.59659,6.63731,67700
2015-05-20,6.60822,6.68966,6.58495,6.64894,117500
2015-05-21,6.63149,6.76528,6.63149,6.76528,158700
2015-05-22,6.7013,6.75365,6.68966,6.73038,34300
2015-05-25,6.74783,6.77691,6.62567,6.65476,25600
2015-05-26,6.63731,6.68384,6.55587,6.57332,78300
2015-05-27,6.58677,6.69207,6.58092,6.67452,126800
2015-05-28,6.65112,6.67452,6.56337,6.67452,21500
2015-05-29,6.61602,6.66867,6.61017,6.65697,51400
2015-06-01,6.63942,6.67452,6.58093,6.65697,94400
2015-06-02,6.62772,6.75641,6.62772,6.72717,102100
2015-06-03,6.69207,6.76812,6.68622,6.76227,38000
2015-06-04,6.76227,6.76227,6.66282,6.72132,68700
2015-06-05,6.66867,6.76226,6.63357,6.63942,18200
2015-06-08,6.69207,6.71547,6.52243,6.65112,41000
2015-06-09,6.70961,6.81491,6.63357,6.64527,82800
2015-06-10,6.70962,6.70962,6.60432,6.61017,33800
2015-06-11,6.65112,6.65112,6.38203,6.39958,63800
2015-06-12,6.41128,6.41128,6.27089,6.35279,88900
2015-06-15,6.40543,6.42298,6.28843,6.41128,76300
2015-06-16,6.41128,6.41128,6.32939,6.34694,77600
2015-06-17,6.38203,6.38203,6.30013,6.31768,82800
2015-06-18,6.32353,6.33523,6.22994,6.25919,96000
2015-06-19,6.25918,6.31183,6.21239,6.28258,53900
2015-06-22,6.30599,6.30599,6.19484,6.27089,78300
2015-06-23,6.29428,6.33523,6.27088,6.31768,218700
2015-06-24,6.36448,6.55752,6.33523,6.39373,133200
2015-06-25,6.35863,6.38203,6.25918,6.28258,179600
2015-06-26,6.26082,6.53738,6.25493,6.47265,53400
2015-06-29,6.39027,6.46088,6.30201,6.44323,60900
2015-06-30,6.46676,6.56091,6.37262,6.55503,64700
2015-07-02,6.53737,6.55503,6.45499,6.50795,31400
2015-07-03,6.58444,6.64917,6.47264,6.58444,27800
2015-07-06,6.42557,6.4903,6.36084,6.40792,69600
2015-07-07,6.36085,6.40792,6.32554,6.35496,46000
2015-07-08,6.35496,6.36673,6.21374,6.25493,66300
2015-07-09,6.27258,6.27258,6.17844,6.17844,74700
2015-07-10,6.24316,6.26081,6.17844,6.20197,25800
2015-07-13,6.22551,6.29612,6.20786,6.29024,61400
2015-07-14,6.33143,6.51972,6.23728,6.51384,52700
2015-07-15,6.59033,6.66094,6.51384,6.59033,143600
2015-07-16,6.64918,6.6786,6.57268,6.61976,400100
2015-07-17,6.65506,6.68448,6.59622,6.60799,309700
2015-07-20,6.59622,6.59622,6.41381,6.47853,47300
2015-07-21,6.47265,6.62564,6.43146,6.4903,78500
2015-07-22,6.41969,6.53149,6.39615,6.41969,32300
2015-07-23,6.41381,6.50795,6.17844,6.17844,75300
2015-07-24,6.24905,6.24905,5.96661,6.03722,61400
2015-07-27,5.98426,6.00191,5.81362,5.93718,42700
2015-07-28,5.91365,6.27258,5.89599,6.2314,82100
2015-07-29,6.08518,6.5173,6.08518,6.49954,63300
2015-07-30,6.31012,6.49955,6.31012,6.46403,54800
2015-07-31,6.48179,6.51138,6.34564,6.48771,133500
2015-08-04,6.61201,6.61201,6.28644,6.36931,36800
2015-08-05,6.43443,6.44627,6.15622,6.3338,59300
2015-08-06,6.3338,6.41667,6.21541,6.24501,98000
2015-08-07,6.41075,6.41075,6.05559,6.0911,66100
2015-08-10,6.01415,6.35748,6.00823,6.3338,61000
2015-08-11,6.26869,6.34564,6.13846,6.29236,76300
2015-08-12,6.27461,6.27461,6.09111,6.2095,24800
2015-08-13,6.44035,6.5469,6.37524,6.48771,128300
2015-08-14,6.56466,6.9435,6.4877,6.87839,179200
2015-08-17,6.86655,6.93167,6.77184,6.89615,94100
2015-08-18,6.85471,6.92575,6.80144,6.85471,85600
2015-08-19,6.80736,6.88431,6.65345,6.77184,97100
2015-08-20,6.80144,6.93167,6.63569,6.72449,124500
2015-08-21,6.74224,6.83696,6.50547,6.53506,120100
2015-08-24,6.22725,6.57058,6.21541,6.48771,165800
2015-08-25,6.65937,6.76,6.61201,6.68897,171400
2015-08-26,6.74816,6.77184,6.59426,6.76592,95700
2015-08-27,6.81532,7.04151,6.81532,6.96413,206300
2015-08-28,6.9046,7.07127,6.8927,6.95817,147300
2015-08-31,6.95818,7.24984,6.95818,7.17246,172800
2015-09-01,7.02366,7.18437,7.01175,7.1427,65700
2015-09-02,7.1427,7.16056,7.06532,7.10699,36400
2015-09-03,7.13675,7.18436,7.04151,7.11889,44400
2015-09-04,7.06531,7.31531,7.0296,7.20817,163200
2015-09-08,7.30936,7.45817,7.30936,7.38674,131700
2015-09-09,7.44031,7.58316,7.36293,7.52959,117000
2015-09-10,7.52364,7.60102,7.41055,7.47602,59100
2015-09-11,7.52364,7.52364,7.32126,7.38078,82100
2015-09-14,7.35698,7.47603,7.18437,7.24984,104700
2015-09-15,7.24389,7.39864,7.23793,7.35698,89500
2015-09-16,7.2915,7.44031,7.2796,7.32722,62900
2015-09-17,7.32126,7.38079,7.30936,7.31531,42800
2015-09-18,7.23198,7.32722,7.23198,7.30936,106400
2015-09-21,7.32126,7.32126,7.25579,7.27365,52100
2015-09-22,7.23793,7.36888,7.23793,7.33317,47800
2015-09-23,7.33317,7.39269,7.24984,7.30341,22700
2015-09-24,7.2677,7.27365,7.04151,7.11294,73500
2015-09-25,7.19627,7.29746,7.13079,7.23198,85900
2015-09-28,7.26369,7.26369,7.12608,7.13206,28500
2015-09-29,7.13206,7.17993,7.10813,7.12608,113200
2015-09-30,7.20984,7.22181,7.13206,7.17993,84200
2015-10-01,7.17993,7.22779,7.15599,7.19189,63000
2015-10-02,7.16198,7.23977,7.16198,7.19788,42100
2015-10-05,7.16198,7.40131,7.16198,7.35942,217100
2015-10-06,7.34148,7.41926,7.28164,7.31156,53700
2015-10-07,7.40131,7.47909,7.36541,7.37737,65600
2015-10-08,7.38336,7.41926,7.34746,7.38934,58000
2015-10-09,7.38934,7.43721,7.37139,7.37737,87000
2015-10-13,7.38934,7.38934,7.28164,7.35344,50500
2015-10-14,7.40131,7.40131,7.26968,7.29361,104100
2015-10-15,7.34148,7.47909,7.27566,7.37139,157600
2015-10-16,7.42524,7.42524,7.35344,7.37737,135500
2015-10-19,7.37737,7.39532,7.23976,7.24574,105400
2015-10-20,7.29959,7.868,7.29959,7.74235,228200
2015-10-21,7.71244,7.9398,7.63465,7.64064,84500
2015-10-22,7.66457,7.868,7.66457,7.84407,80300
2015-10-23,7.85005,7.89193,7.51499,7.5449,179100
2015-10-26,7.61671,7.61671,7.25771,7.32951,96400
2015-10-27,7.28763,7.45516,7.26968,7.44918,149700
2015-10-28,7.51713,7.68551,7.40888,7.62537,91000
2015-10-29,7.6374,7.71558,7.55321,7.69152,149600
2015-10-30,7.69754,7.90201,7.64943,7.88396,189300
2015-11-02,7.75768,7.85991,7.66146,7.80579,117600
2015-11-03,7.60733,7.87193,7.51712,7.81781,164500
2015-11-04,7.80578,7.87795,7.78173,7.87795,93800
2015-11-05,7.86593,7.93208,7.78775,7.8539,105600
2015-11-06,7.8118,7.95613,7.8118,7.86593,98300
2015-11-09,7.82984,7.82984,7.70957,7.7216,95900
2015-11-10,7.72159,7.78774,7.56524,7.69152,76200
2015-11-11,7.40888,7.72761,7.40888,7.68551,162800
2015-11-12,7.70957,8.22073,7.69754,8.19668,393700
2015-11-13,8.03431,8.31695,8.03431,8.27486,329200
2015-11-16,8.24479,8.62967,8.24479,8.60561,276800
2015-11-17,8.62365,8.84616,8.62365,8.72589,229200
2015-11-18,8.69581,8.75595,7.91403,8.01025,362100
2015-11-19,7.90201,8.43723,7.90201,8.41919,191600
2015-11-20,8.40114,8.49135,8.33499,8.41317,176600
2015-11-23,8.41918,8.4252,8.27485,8.34101,96800
2015-11-24,8.341,8.41918,8.29289,8.3831,162500
2015-11-25,8.37709,8.61162,8.32898,8.56351,196000
2015-11-26,8.60761,8.61969,8.47472,8.517,50500
2015-11-27,8.49888,8.51096,8.41432,8.46868,47700
2015-11-30,8.517,8.60157,8.40827,8.60157,175000
2015-12-01,8.62573,8.73446,8.56533,8.68009,124800
2015-12-02,8.63178,8.75258,8.60761,8.61969,129500
2015-12-03,8.66801,8.75258,8.61969,8.69822,120800
2015-12-04,8.66801,8.75862,8.60761,8.63177,119000
2015-12-07,8.57741,8.57741,8.37807,8.4566,92200
2015-12-08,8.37807,8.48076,8.34183,8.41432,123200
2015-12-09,8.40223,8.52304,8.34787,8.40223,88200
2015-12-10,8.36599,8.36599,8.14854,8.16062,91400
2015-12-11,8.10022,8.14854,7.99149,8.12438,86500
2015-12-14,8.08209,8.11229,7.87067,7.92504,115400
2015-12-15,7.93108,8.05189,7.93108,7.97941,120900
2015-12-16,7.96732,8.1727,7.96732,8.11833,100000
2015-12-17,8.15458,8.22102,7.94316,8.00961,108300
2015-12-18,8.00961,8.09417,7.97337,8.01565,98700
2015-12-21,8.01565,8.18478,7.96129,7.99753,147000
2015-12-22,8.02773,8.16062,7.97337,8.12438,67200
2015-12-23,8.15458,8.20894,7.93108,8.03981,111500
2015-12-24,8.03981,8.05189,7.96129,8.01565,18300
2015-12-29,8.0114,8.04174,7.81111,8.00533,108600
2015-12-30,7.96891,8.10244,7.83539,7.91429,107800
2015-12-31,7.90822,7.96891,7.79897,7.89001,82900
2016-01-04,7.82326,7.83539,7.43482,7.46517,182800
2016-01-05,7.48337,7.48337,7.28309,7.3013,244600
2016-01-06,7.27095,7.51979,7.24667,7.38627,289000
2016-01-07,7.36806,7.41054,7.2224,7.25881,188900
2016-01-08,7.28916,7.45909,7.28916,7.41661,341100
2016-01-11,7.38626,7.48337,6.79755,6.81575,347300
2016-01-12,6.87645,7.08887,6.82789,6.95535,263800
2016-01-13,6.99783,7.2406,6.91893,6.97356,288600
2016-01-14,7.19205,7.21633,6.84611,7.11922,244400
2016-01-15,7.04032,7.04032,6.91894,6.96142,118100
2016-01-18,6.91894,7.11315,6.5123,6.58513,145900
2016-01-19,6.59727,6.84004,6.57906,6.74293,160300
2016-01-20,6.68223,6.80969,6.41519,6.78541,222100
2016-01-21,6.79755,7.0828,6.67616,6.9068,182900
2016-01-22,6.98569,7.0828,6.85824,6.925,143200
2016-01-25,6.89466,6.97356,6.63369,6.63369,174000
2016-01-26,6.67616,7.04032,6.63368,7.01604,296600
2016-01-27,7.03618,7.09111,6.87752,6.91413,189100
2016-01-28,6.99347,7.30469,6.98736,7.28028,241600
2016-01-29,7.3352,7.39623,6.93244,7.05449,4965400
2016-02-01,7.04838,7.3291,6.98736,7.0911,146900
2016-02-02,7.01177,7.06059,6.91413,6.96905,134800
2016-02-03,7.01787,7.085,6.85311,7.03618,96200
2016-02-04,7.04228,7.34741,7.03618,7.34741,91300
2016-02-05,7.34741,7.46946,7.21926,7.29249,158000
2016-02-08,7.23146,7.24367,7.0789,7.14603,40000
2016-02-09,7.085,7.15213,7.01787,7.0911,57400
2016-02-10,7.12772,7.323,7.10941,7.19484,147600
2016-02-11,7.12162,7.17654,6.98736,7.085,143900
2016-02-12,7.13992,7.27418,7.13992,7.17654,91500
2016-02-16,7.31079,7.31689,7.12772,7.18874,116500
2016-02-17,7.3108,7.37792,7.20095,7.35351,62600
2016-02-18,7.35351,7.5915,7.29858,7.51217,137200
2016-02-19,7.43285,7.43285,7.26808,7.323,73000
2016-02-22,7.37181,7.53048,7.32299,7.49997,62800
2016-02-23,7.49997,7.57931,7.40844,7.43895,78300
2016-02-24,7.33521,7.46336,7.323,7.43895,60000
2016-02-25,7.46532,7.496,7.30584,7.39785,72400
2016-02-26,7.41625,7.5696,7.41011,7.49599,38400
2016-02-29,7.52053,7.66162,7.25676,7.26903,73900
2016-03-01,7.33651,7.52053,7.33651,7.50827,71400
2016-03-02,7.45919,7.5696,7.42852,7.48372,44800
2016-03-03,7.55734,7.55734,7.37331,7.40398,102000
2016-03-04,7.47759,7.57574,7.42238,7.49599,92900
2016-03-07,7.5328,7.68615,7.5328,7.61868,42800
2016-03-08,7.58187,7.59414,7.44079,7.47146,35100
2016-03-09,7.50213,7.57574,7.41625,7.52053,53100
2016-03-10,7.5144,7.54507,7.37331,7.41625,38600
2016-03-11,7.41625,7.5144,7.18928,7.20769,80800
2016-03-14,7.17702,7.31811,7.17702,7.25676,50900
2016-03-15,7.3181,7.3181,6.58813,6.79056,213600
2016-03-16,6.87031,6.99299,6.80283,6.80897,155300
2016-03-17,6.88258,7.10341,6.8335,7.06047,107900
2016-03-18,7.05433,7.15861,6.86417,6.90098,89600
2016-03-21,6.90098,7.02366,6.89484,6.98072,82000
2016-03-22,7.05433,7.14634,6.96232,7.13408,135700
2016-03-23,7.18315,7.18315,6.88257,6.91938,174600
2016-03-24,6.90098,6.94392,6.88257,6.92551,74300
2016-03-28,7.02366,7.05433,6.98072,7.02366,47700
2016-03-29,7.00701,7.03168,6.93916,6.98234,45500
2016-03-30,7.03168,7.16121,7.03168,7.07486,51800
2016-03-31,7.03785,7.03785,6.79729,6.8343,159800
2016-04-01,6.8158,7.01934,6.8158,6.9515,81900
2016-04-04,6.96383,7.01317,6.81579,6.87131,92300
2016-04-05,6.87748,6.91449,6.64309,6.78496,180300
2016-04-06,6.80346,6.84047,6.74178,6.78496,335600
2016-04-07,6.72944,6.79112,6.63075,6.77879,86700
2016-04-08,6.84664,6.87748,6.76645,6.82813,69600
2016-04-11,6.79729,7.00084,6.75411,6.9885,214900
2016-04-12,6.98233,7.06252,6.96383,7.00084,133300
2016-04-13,7.00084,7.24757,6.95766,7.23523,94200
2016-04-14,7.25373,7.34009,7.09336,7.24757,100000
2016-04-15,7.21672,7.34625,7.21672,7.26607,60700
2016-04-18,7.24756,7.31541,7.19822,7.22906,50400
2016-04-19,7.24757,7.48812,7.24757,7.37093,91800
2016-04-20,7.38943,7.5313,7.34626,7.43878,110700
2016-04-21,7.43878,7.44494,7.30308,7.34625,105100
2016-04-22,7.32775,7.50045,7.32775,7.43261,94100
2016-04-25,7.40177,7.49429,7.2599,7.33392,119000
2016-04-26,7.29691,7.54363,7.29074,7.50045,108200
2016-04-27,7.47131,7.56432,7.34111,7.44651,71500
2016-04-28,7.40932,7.42792,7.27911,7.34111,84500
2016-04-29,7.32251,7.32871,7.2047,7.2109,44000
2016-05-02,7.24191,7.40311,7.1985,7.32871,130700
2016-05-03,7.27911,7.27911,7.1179,7.22951,74100
2016-05-04,7.1985,7.28531,7.1613,7.2543,79000
2016-05-05,7.31631,7.48992,7.31631,7.48372,62600
2016-05-06,7.44032,7.55812,7.42172,7.54572,106600
2016-05-09,7.52092,7.55812,7.47132,7.51472,72100
2016-05-10,7.57052,7.66972,7.50852,7.65112,114700
2016-05-11,7.65732,7.75032,7.57672,7.75032,70100
2016-05-12,8.06034,8.52536,7.94874,8.38276,415500
2016-05-13,8.24015,8.41996,8.06034,8.20295,200000
2016-05-16,8.24635,8.58737,8.22775,8.56257,171900
2016-05-17,8.54396,8.54396,8.40135,8.45716,59000
2016-05-18,8.53776,8.66177,8.41375,8.51296,113400
2016-05-19,8.48816,8.58117,8.42616,8.45096,42000
2016-05-20,8.49436,8.55636,8.41995,8.44475,49600
2016-05-24,8.46336,8.59976,8.46336,8.46956,34600
2016-05-25,8.42616,8.71757,8.42616,8.59357,114700
2016-05-26,8.59357,8.73617,8.59357,8.67417,70900
2016-05-27,8.62621,8.66358,8.54524,8.57016,36100
2016-05-30,8.4705,8.4705,8.28988,8.37085,90300
2016-05-31,8.33348,8.42067,8.19022,8.30856,148100
2016-06-01,8.28365,8.46427,8.26497,8.38953,82500
2016-06-02,8.38954,8.48919,8.36462,8.43314,30400
2016-06-03,8.43936,8.5577,8.40199,8.42691,43900
2016-06-06,8.45182,8.54525,8.45182,8.54525,39700
2016-06-07,8.50165,8.73209,8.50165,8.66981,58000
2016-06-08,8.7134,8.83797,8.68849,8.757,163700
2016-06-09,8.72586,8.80683,8.65735,8.757,30800
2016-06-10,8.70095,8.77569,8.53279,8.57016,76100
2016-06-13,8.52656,8.68849,8.49542,8.5141,32400
2016-06-14,8.52033,8.52033,8.19022,8.35216,85100
2016-06-15,8.35217,8.56393,8.26497,8.32725,103800
2016-06-16,8.30857,8.35839,8.19023,8.25251,71500
2016-06-17,8.28365,8.41445,8.26497,8.39576,61400
2016-06-20,8.38331,8.49542,8.22137,8.23383,36000
2016-06-21,8.21514,8.47673,8.21514,8.40199,46000
2016-06-22,8.38953,8.58884,8.38953,8.49542,41300
2016-06-23,8.52655,8.57015,8.40822,8.40822,21000
2016-06-24,8.24629,8.38954,8.19023,8.20269,26700
2016-06-27,8.19023,8.25251,8.15909,8.19023,62500
2016-06-28,8.27347,8.28598,8.2234,8.25469,34000
2016-06-29,8.3736,8.3736,8.20462,8.30476,45900
2016-06-30,8.28598,8.44244,8.28598,8.36734,38800
2016-07-04,8.23591,8.33604,8.23591,8.31727,44300
2016-07-05,8.32979,8.3736,8.15456,8.33605,65700
2016-07-06,8.2985,8.32979,8.16708,8.23592,58300
2016-07-07,8.26095,8.31728,8.21714,8.25469,63000
2016-07-08,8.31727,8.49876,8.31727,8.39863,63800
2016-07-11,8.40489,8.49876,8.26095,8.36734,29400
2016-07-12,8.41114,8.46747,8.22965,8.31101,58000
2016-07-13,8.27347,8.37986,8.24217,8.27972,36800
2016-07-14,8.29224,8.31101,8.2234,8.27972,65000
2016-07-15,8.29224,8.30476,8.19837,8.25469,74200
2016-07-18,8.20462,8.35482,8.20462,8.33605,43000
2016-07-19,8.27972,8.39237,8.27972,8.36108,90500
2016-07-20,8.36108,8.57386,8.36108,8.46122,39700
2016-07-21,8.47998,8.51753,8.36734,8.43618,115100
2016-07-22,8.44869,8.51753,8.41114,8.44869,16500
2016-07-25,8.48625,8.51128,8.30476,8.48625,32600
2016-07-26,8.4487,8.46121,8.22966,8.27347,32200
2016-07-27,8.31936,8.39482,8.23762,8.35081,33200
2016-07-28,8.31936,8.35709,8.26906,8.29421,27700
2016-07-29,8.26906,8.48915,8.26906,8.47029,75300
2016-08-02,8.57089,8.57089,8.04268,8.09927,95400
2016-08-03,8.0867,8.14959,7.96094,7.9798,61600
2016-08-04,8.01124,8.21876,7.92321,8.11814,65200
2016-08-05,8.01753,8.01753,7.23779,7.26294,337700
2016-08-08,7.38242,7.38242,7.07429,7.14975,191000
2016-08-09,7.14346,7.21892,7.01141,7.068,201600
2016-08-10,7.068,7.1246,7.03656,7.07429,160400
2016-08-11,7.09315,7.13717,7.05543,7.13088,112300
2016-08-12,7.14975,7.15604,7.01141,7.05543,201500
2016-08-15,7.07429,7.10573,7.01141,7.03027,130100
2016-08-16,7.03028,7.03656,6.89822,6.92338,212000
2016-08-17,6.92337,6.99254,6.76617,6.93595,258100
2016-08-18,6.94853,6.96111,6.87307,6.95482,133500
2016-08-19,6.94853,6.96739,6.87307,6.92966,150500
2016-08-22,6.91709,6.94853,6.86049,6.92338,102400
2016-08-23,6.94224,7.05543,6.91709,7.05543,116900
2016-08-24,7.08058,7.10574,6.93595,6.95482,145200
2016-08-25,6.97997,7.02399,6.95482,7.0177,126300
2016-08-26,7.03028,7.09945,7.00512,7.06172,137200
2016-08-29,7.09523,7.15847,7.07626,7.10788,99900
2016-08-30,7.13317,7.20906,7.06361,7.06361,128100
2016-08-31,7.06361,7.23435,7.06361,7.21538,134700
2016-09-01,7.22171,7.23435,7.05729,7.06361,124300
2016-09-02,7.1142,7.23435,7.08258,7.1142,98000
2016-09-06,7.12685,7.32921,7.12685,7.32921,99800
2016-09-07,7.34186,7.34186,7.24068,7.24068,90900
2016-09-08,7.24068,7.30391,7.24068,7.24068,119600
2016-09-09,7.25965,7.25965,7.02567,7.04464,60700
2016-09-12,7.01935,7.03199,6.94979,6.94979,121000
2016-09-13,6.90552,6.91184,6.70948,6.74743,116400
2016-09-14,6.72213,6.82963,6.70316,6.77272,103500
2016-09-15,6.79169,6.8739,6.72213,6.73477,115500
2016-09-16,6.72846,6.79802,6.71581,6.7917,115000
2016-09-19,6.83596,6.96876,6.7664,6.96244,115000
2016-09-20,6.98772,7.08258,6.96243,7.0067,55300
2016-09-21,7.03199,7.17111,7.01302,7.15214,106800
2016-09-22,7.16479,7.22171,7.1142,7.13317,73000
2016-09-23,7.08258,7.1395,7.05729,7.1395,52300
2016-09-26,7.10155,7.12685,7.05729,7.1142,74100
2016-09-27,7.08891,7.12685,7.04464,7.10788,97100
2016-09-28,7.09707,7.16702,6.96988,7.12886,473100
2016-09-29,7.1225,7.22425,7.09071,7.19246,132400
2016-09-30,7.19246,7.32601,7.19246,7.2179,83200
2016-10-03,7.23062,7.24334,7.03984,7.07799,67900
2016-10-04,7.07799,7.19246,7.00804,7.03348,102100
2016-10-05,7.07799,7.23697,7.06527,7.23697,117400
2016-10-06,7.23697,7.23697,6.9826,7.00804,146700
2016-10-07,7.03347,7.1861,6.99532,7.11615,96900
2016-10-11,7.1861,7.1861,6.98896,7.00168,101300
2016-10-12,7.0144,7.09071,6.96352,7.02712,169900
2016-10-13,7.00804,7.07799,6.9826,7.02075,243800
2016-10-14,7.02712,7.08435,6.91265,7.00804,128100
2016-10-17,6.99532,7.04619,6.95716,7.03348,91300
2016-10-18,7.07163,7.09707,7.00168,7.06527,89500
2016-10-19,7.05891,7.13522,7.04619,7.07163,29000
2016-10-20,7.09071,7.1861,7.02076,7.14159,139900
2016-10-21,7.1543,7.21154,7.11615,7.14159,77200
2016-10-24,7.14159,7.2179,7.12251,7.1861,114400
2016-10-25,7.1861,7.19882,7.03984,7.09071,212600
2016-10-26,7.07799,7.14158,7.05891,7.06527,61200
2016-10-27,7.09917,7.16952,7.07359,7.13754,50200
2016-10-28,7.13754,7.16952,7.02242,7.06719,62500
2016-10-31,7.048,7.11836,7.03521,7.03521,41400
2016-11-01,7.04161,7.048,6.87532,6.9009,82700
2016-11-02,6.87532,6.91369,6.58112,6.73462,186300
2016-11-03,6.74101,6.74741,6.64508,6.66426,68000
2016-11-04,6.65787,6.68345,6.51716,6.55554,101600
2016-11-07,6.6067,6.65787,6.52995,6.58752,89900
2016-11-08,6.61949,6.61949,6.43402,6.4596,54500
2016-11-09,6.39564,6.61949,6.38925,6.61949,120000
2016-11-10,4.89267,5.92237,4.64324,5.76248,642800
2016-11-11,5.75608,5.884,5.66654,5.85202,371600
2016-11-14,5.84562,5.88399,5.62816,5.64735,225200
2016-11-15,5.65375,5.83923,5.62817,5.76888,81200
2016-11-16,5.84562,5.84562,5.72411,5.77527,342200
2016-11-17,5.76248,5.94156,5.7305,5.75609,147400
2016-11-18,5.76887,5.76887,5.59619,5.62817,138100
2016-11-21,5.64736,5.74329,5.577,5.66654,365600
2016-11-22,5.66015,5.97993,5.64736,5.94795,110000
2016-11-23,5.8712,5.94795,5.84562,5.91597,68700
2016-11-24,5.90318,6.08866,5.85202,6.08866,74400
2016-11-25,6.05028,6.09505,5.96074,6.06947,65800
2016-11-28,6.05208,6.09715,5.95551,6.00058,132000
2016-11-29,5.99414,5.99414,5.86537,5.92975,79400
2016-11-30,5.96195,6.05209,5.9362,5.9877,90300
2016-12-01,5.92975,6.00701,5.87825,5.89112,90800
2016-12-02,5.85893,5.904,5.80743,5.87825,169100
2016-12-05,5.85894,5.9362,5.82674,5.8525,111800
2016-12-06,5.87825,5.87825,5.79455,5.85894,81900
2016-12-07,5.83962,5.94907,5.81387,5.85894,166600
2016-12-08,5.89756,5.92976,5.80099,5.82674,104200
2016-12-09,5.87825,5.93619,5.80099,5.92975,125000
2016-12-12,5.95551,6.03277,5.84606,5.87181,104400
2016-12-13,5.84606,5.96195,5.8203,5.904,126400
2016-12-14,5.92332,5.98126,5.91044,5.91688,365800
2016-12-15,5.92975,5.93619,5.83318,5.904,145400
2016-12-16,5.89756,6.00058,5.88469,5.91688,242900
2016-12-19,5.92332,5.92332,5.80743,5.88469,121100
2016-12-20,5.89113,5.91044,5.80743,5.87825,110400
2016-12-21,5.85893,5.89756,5.83962,5.89112,59000
2016-12-22,5.86537,5.89113,5.80099,5.8203,88700
2016-12-23,5.80743,5.94264,5.80099,5.8525,71300
2016-12-28,5.89982,5.92576,5.84147,5.87389,81400
2016-12-29,5.91279,5.97114,5.85444,5.89983,57600
2016-12-30,5.89982,5.97762,5.84796,5.87389,43800
2017-01-03,5.88038,5.95169,5.69236,5.75071,255600
2017-01-04,5.74422,5.88686,5.73126,5.85444,111200
2017-01-05,5.85444,5.88686,5.69236,5.71829,104400
2017-01-06,5.74422,5.74422,5.58862,5.62752,133200
2017-01-09,5.64697,5.65346,5.51082,5.52379,148300
2017-01-10,5.54972,5.58214,5.51082,5.54972,148400
2017-01-11,5.56269,5.69236,5.53676,5.67939,172800
2017-01-12,5.67291,5.67291,5.57566,5.60159,109300
2017-01-13,5.60807,5.69236,5.59511,5.64697,115800
2017-01-16,5.67291,5.67291,5.58862,5.63401,104000
2017-01-17,5.65346,5.65346,5.60159,5.61455,120900
2017-01-18,5.62752,5.62752,5.57566,5.58214,140900
2017-01-19,5.58214,5.59511,5.51082,5.54324,242500
2017-01-20,5.55621,5.67291,5.54324,5.65994,121100
2017-01-23,5.64049,5.67291,5.54324,5.59511,228500
2017-01-24,5.58214,5.73126,5.57566,5.70532,179500
2017-01-25,5.72477,5.87389,5.67939,5.81554,413400
2017-01-26,5.83499,5.83499,5.69884,5.81554,172100
2017-01-27,5.79147,5.95415,5.76544,5.92161,261400
2017-01-30,5.92161,5.92161,5.68735,5.78496,137200
2017-01-31,5.76543,5.86304,5.65481,5.76543,1798900
2017-02-01,5.85654,6.08429,5.81099,6.02573,361500
2017-02-02,6.05826,6.13635,6.04525,6.07127,159000
2017-02-03,6.0908,6.0973,5.9997,6.05175,134300
2017-02-06,6.05826,6.10381,5.99319,6.0062,110400
2017-02-07,6.01271,6.06477,5.92811,5.95414,141600
2017-02-08,5.94113,5.95415,5.86304,5.92812,257600
2017-02-09,5.94113,5.98668,5.89558,5.90859,147100
2017-02-10,5.95414,6.21443,5.95414,6.1819,257000
2017-02-13,6.20793,6.29253,6.1819,6.22095,75100
2017-02-14,6.21444,6.21444,6.07128,6.12333,57700
2017-02-15,6.14286,6.20142,6.09731,6.17539,80600
2017-02-16,6.1819,6.20142,6.05826,6.1819,62600
2017-02-17,6.15587,6.1754,6.0908,6.15587,71200
2017-02-21,6.14286,6.16888,6.0908,6.14936,65400
2017-02-22,6.14936,6.15587,5.96065,5.98017,94600
2017-02-23,6.01271,6.03223,5.9151,5.93462,57300
2017-02-24,5.94311,5.96271,5.84515,5.84515,115500
2017-02-27,5.87127,5.93658,5.84515,5.84515,106100
2017-02-28,5.84515,5.86474,5.77331,5.7929,84400
2017-03-01,5.79943,5.86474,5.76678,5.83209,86300
2017-03-02,5.81902,5.90392,5.81249,5.87127,38700
2017-03-03,5.84515,5.87781,5.80597,5.84515,56900
2017-03-06,5.81902,5.81902,5.74718,5.75372,37300
2017-03-07,5.74719,5.77331,5.72759,5.76025,38700
2017-03-08,5.74719,5.81249,5.68841,5.68841,105400
2017-03-09,5.70147,5.708,5.64922,5.66881,57400
2017-03-10,5.67535,5.78637,5.67535,5.76025,74300
2017-03-13,5.76025,5.87127,5.75372,5.81903,41100
2017-03-14,5.83862,5.83862,5.74066,5.74066,86100
2017-03-15,5.87781,5.94311,5.81903,5.90393,923200
2017-03-16,5.96271,6.26966,5.92352,6.24354,272300
2017-03-17,6.19782,6.5113,6.19782,6.47212,246700
2017-03-20,6.51783,6.56355,6.4264,6.47865,135600
2017-03-21,6.48518,6.50477,6.28272,6.28272,102100
2017-03-22,6.237,6.53089,6.1521,6.4264,119000
2017-03-23,6.45905,6.60926,6.39374,6.57661,102200
2017-03-24,6.59621,6.72029,6.57008,6.63539,69500
2017-03-27,6.53743,6.62233,6.46559,6.5309,54200
2017-03-28,6.53089,6.76601,6.46558,6.62233,69400
2017-03-29,6.55877,6.64395,6.53256,6.55877,57500
2017-03-30,6.53911,6.62429,6.47359,6.58498,47200
2017-03-31,6.54566,6.61119,6.5129,6.55877,56100
2017-04-03,6.54566,6.56532,6.45393,6.46704,25000
2017-04-04,6.45394,6.75534,6.39497,6.65706,95500
2017-04-05,6.70947,6.85362,6.57187,6.71602,137100
2017-04-06,6.69637,6.83396,6.69637,6.80775,53300
2017-04-07,6.8012,6.95845,6.72913,6.95845,133200
2017-04-10,6.97156,6.99777,6.79465,6.82741,71200
2017-04-11,6.79465,6.84051,6.73568,6.76844,36000
2017-04-12,6.77499,6.85362,6.69637,6.70292,35000
2017-04-13,6.70292,6.73568,6.62429,6.6505,33300
2017-04-17,6.61774,6.72257,6.61774,6.64395,21000
2017-04-18,6.63085,6.68327,6.50636,6.65706,57700
2017-04-19,6.65706,6.70292,6.53256,6.53911,34500
2017-04-20,6.55877,6.64395,6.55222,6.55877,50000
2017-04-21,6.55222,6.55877,6.38841,6.42772,87600
2017-04-24,6.48014,6.54567,6.3622,6.40152,103600
2017-04-25,6.40807,6.44738,6.32289,6.3622,98600
2017-04-26,6.4102,6.46937,6.3313,6.4365,42300
2017-04-27,6.42335,6.4365,6.32473,6.3576,30400
2017-04-28,6.3576,6.3576,6.17351,6.26556,76500
2017-05-01,6.29843,6.34445,6.25899,6.31158,24100
2017-05-02,6.31158,6.31158,6.24583,6.24583,21300
2017-05-03,6.23926,6.35103,6.19324,6.21954,26500
2017-05-04,6.21296,6.25241,6.11434,6.13406,71300
2017-05-05,6.08147,6.17351,6.05517,6.14721,54900
2017-05-08,6.17352,6.19981,6.0486,6.05517,44000
2017-05-09,6.11435,6.24584,6.05517,6.21954,69800
2017-05-10,6.21296,6.37075,6.21296,6.27213,80600
2017-05-11,6.23268,6.2787,6.11434,6.11434,32000
2017-05-12,6.12091,6.17351,6.06832,6.07489,39800
2017-05-15,5.76589,5.996,5.76589,5.96313,170000
2017-05-16,5.95655,5.95655,5.87108,5.91053,132700
2017-05-17,5.86451,5.89738,5.82506,5.87766,133600
2017-05-18,5.83821,5.98285,5.79219,5.90396,163000
2017-05-19,5.90396,6.00915,5.87108,5.996,90100
2017-05-23,6.01573,6.01573,5.85136,5.91711,138700
2017-05-24,5.93026,5.95655,5.68042,5.73302,150900
2017-05-25,5.75274,5.87108,5.71987,5.73302,248700
2017-05-26,5.76589,5.76589,5.56865,5.60153,288800
2017-05-29,5.64311,5.93351,5.64311,5.71571,111000
2017-05-30,5.79491,5.79491,5.6101,5.67611,1668500
2017-05-31,5.64971,5.67611,5.51111,5.53091,281800
2017-06-01,5.54411,5.64311,5.51771,5.53751,78900
2017-06-02,5.58371,5.58371,5.2405,5.3989,436700
2017-06-05,5.3593,5.45831,5.3263,5.3527,124900
2017-06-06,5.3659,5.4121,5.2801,5.2999,120100
2017-06-07,5.2801,5.3659,5.2603,5.2933,249200
2017-06-08,5.2933,5.3263,5.1085,5.1283,167300
2017-06-09,5.1481,5.3395,5.1481,5.3131,151200
2017-06-12,5.3197,5.5177,5.3197,5.4715,349300
2017-06-13,5.4913,5.67611,5.4781,5.61671,495000
2017-06-14,5.59031,5.62991,5.5441,5.62991,193900
2017-06-15,5.62331,5.62331,5.47811,5.55731,225800
2017-06-16,5.54411,5.60351,5.52431,5.57711,133800
2017-06-19,5.59031,5.62331,5.51111,5.51771,119100
2017-06-20,5.5111,5.5111,5.3857,5.4121,90800
2017-06-21,5.4121,5.4847,5.3989,5.4451,92500
2017-06-22,5.4121,5.4979,5.3857,5.4781,103800
2017-06-23,5.4781,5.55731,5.4715,5.55071,145200
2017-06-26,5.55731,5.55731,5.3593,5.3857,79100
2017-06-27,5.44511,5.55731,5.44511,5.55731,137700
2017-06-28,5.56592,5.62555,5.55267,5.56592,70000
2017-06-29,5.55267,5.63218,5.53941,5.57917,48600
2017-06-30,5.59905,5.64543,5.5858,5.64543,49300
2017-07-04,5.60568,5.65869,5.56592,5.57255,51600
2017-07-05,5.56592,5.62556,5.52616,5.57255,91000
2017-07-06,5.55267,5.5858,5.42014,5.44002,76200
2017-07-07,5.4334,5.59905,5.40027,5.57917,92400
2017-07-10,5.56592,5.68519,5.51954,5.53279,69000
2017-07-11,5.57255,5.57255,5.38702,5.47315,89600
2017-07-12,5.47978,5.66531,5.47978,5.6123,67200
2017-07-13,5.61893,5.66531,5.51291,5.59905,71000
2017-07-14,5.59905,5.68519,5.59905,5.63218,60300
2017-07-17,5.63218,5.64543,5.55929,5.62555,60200
2017-07-18,5.62555,5.65206,5.56592,5.56592,28800
2017-07-19,5.55929,5.67194,5.55929,5.66531,45900
2017-07-20,5.59905,5.79783,5.59905,5.70507,96600
2017-07-21,5.67856,5.71169,5.63881,5.67194,106900
2017-07-24,5.70507,5.7382,5.6123,5.71832,59300
2017-07-25,5.75807,5.79783,5.7382,5.75807,34300
2017-07-26,5.78458,5.85084,5.75807,5.75807,39800
2017-07-27,5.78003,5.78668,5.6603,5.66695,62500
2017-07-28,5.6603,5.69356,5.55388,5.57384,79700
2017-07-31,5.56053,5.63369,5.54058,5.63369,76700
2017-08-01,5.56718,5.60044,5.54723,5.58714,26800
2017-08-02,5.59379,5.59379,5.54058,5.55388,27200
2017-08-03,5.55388,5.56718,5.32773,5.44081,135600
2017-08-04,5.46741,5.51397,5.42085,5.46076,43500
2017-08-08,5.48072,5.48737,5.3876,5.4142,81200
2017-08-09,5.43415,5.46076,5.32108,5.35434,81700
2017-08-10,5.31443,5.61374,5.31443,5.54723,274800
2017-08-11,5.58048,6.20571,5.57383,6.17245,171600
2017-08-14,6.17245,6.29883,6.01282,6.07933,135800
2017-08-15,6.07268,6.28553,6.03943,6.22566,131600
2017-08-16,6.22567,6.27888,6.05273,6.09929,93800
2017-08-17,6.09264,6.1791,6.05938,6.13255,33300
2017-08-18,6.13255,6.14585,6.05938,6.13255,33700
2017-08-21,6.19241,6.19241,6.07933,6.13255,25800
2017-08-22,6.05273,6.08599,5.8931,5.98622,55000
2017-08-23,5.85984,5.99287,5.85319,5.89975,30100
2017-08-24,5.88645,5.9197,5.83989,5.87314,22100
2017-08-25,5.85984,6.11924,5.78002,6.11924,74500
2017-08-28,6.11924,6.11924,5.98622,6.05273,26800
2017-08-29,6.03471,6.06808,5.86782,6.02803,46300
2017-08-30,5.91455,6.01468,5.91455,5.97463,31400
2017-08-31,5.93458,6.01468,5.90787,5.9279,41900
2017-09-01,5.91455,6.06809,5.8745,6.04138,44600
2017-09-05,5.99465,6.06808,5.89452,5.99465,55700
2017-09-06,5.98798,6.10146,5.98798,6.05473,38500
2017-09-07,6.008,6.15487,5.9279,6.02803,65800
2017-09-08,6.00133,6.06141,5.98798,5.99465,25000
2017-09-11,6.01468,6.06809,5.98798,6.04806,70000
2017-09-12,6.06141,6.14151,6.03471,6.10146,22100
2017-09-13,6.12149,6.38184,6.09479,6.36849,136700
2017-09-14,6.30841,6.38184,6.30173,6.34846,42000
2017-09-15,6.34178,6.44192,6.29505,6.40854,63300
2017-09-18,6.34846,6.50867,6.34846,6.48197,61700
2017-09-19,6.48865,6.502,6.37516,6.47529,33300
2017-09-20,6.48197,6.50867,6.44859,6.50867,38800
2017-09-21,6.40854,6.60881,6.40854,6.49532,113600
2017-09-22,6.4753,6.54873,6.44192,6.51535,47300
2017-09-25,6.48865,6.56208,6.48865,6.54205,39800
2017-09-26,6.50867,6.74899,6.50867,6.6088,185200
2017-09-27,6.5821,6.77569,6.5821,6.71561,121600
2017-09-28,6.65064,6.71092,6.52339,6.67743,35600
2017-09-29,6.62386,6.69753,6.62386,6.66404,76400
2017-10-02,6.69083,6.71762,6.64395,6.71762,61500
2017-10-03,6.69753,6.72432,6.59707,6.61716,85600
2017-10-04,6.59707,6.59707,6.43633,6.47651,32100
2017-10-05,6.4966,6.55688,6.38944,6.46981,32200
2017-10-06,6.43633,6.5234,6.43633,6.49661,27600
2017-10-10,6.51,6.63726,6.49661,6.59707,44900
2017-10-11,6.57028,6.57028,6.46982,6.53679,20600
2017-10-12,6.47651,6.55688,6.44972,6.5167,23800
2017-10-13,6.46981,6.51,6.42963,6.48321,47100
2017-10-16,6.47651,6.47651,6.33586,6.39614,72900
2017-10-17,6.40284,6.40954,6.36265,6.39614,20300
2017-10-18,6.40954,6.46981,6.38944,6.46981,26900
2017-10-19,6.44972,6.52339,6.42293,6.5033,16500
2017-10-20,6.53009,6.56358,6.51,6.55019,24600
2017-10-23,6.48321,6.55688,6.46981,6.5234,34100
2017-10-24,6.53009,6.53009,6.42293,6.46981,19300
2017-10-25,6.46312,6.46312,6.34926,6.38275,51000
2017-10-26,6.42963,6.65735,6.42963,6.55019,60100
2017-10-27,6.55018,6.55018,6.40284,6.48321,41900
2017-10-30,6.45163,6.55243,6.45163,6.53899,20400
2017-10-31,6.50539,6.58603,6.48523,6.57259,43000
2017-11-01,6.56587,6.66668,6.49195,6.57931,159800
2017-11-02,6.57931,6.57931,6.48523,6.53227,18300
2017-11-03,6.51883,6.54571,6.40458,6.51883,52500
2017-11-06,6.54571,6.54571,6.47178,6.51883,88400
2017-11-07,6.47851,6.50539,6.43818,6.46507,9600
2017-11-08,6.42474,6.49195,6.33065,6.45162,44600
2017-11-09,6.48523,6.58603,6.48523,6.54571,46300
2017-11-10,6.52555,6.65996,6.51883,6.61292,55900
2017-11-13,6.59275,6.6734,6.54571,6.57259,25200
2017-11-14,6.49867,6.61291,6.49867,6.59275,22100
2017-11-15,6.49867,6.62636,6.48523,6.54571,20800
2017-11-16,6.58603,6.67339,6.49194,6.62635,26900
2017-11-17,6.6734,6.72045,6.51883,6.6398,30800
2017-11-20,6.58603,6.707,6.57931,6.65324,37600
2017-11-21,6.68012,6.68012,6.55243,6.60619,61700
2017-11-22,6.58603,6.64652,6.53899,6.57259,25500
2017-11-23,6.55915,6.60619,6.55915,6.59947,9300
2017-11-24,6.59276,6.63308,6.55243,6.56587,29200
2017-11-27,6.41802,6.59275,6.41802,6.49195,17000
2017-11-28,6.47178,6.56587,6.47178,6.53227,73400
2017-11-29,6.5815,6.5815,6.51406,6.51406,12800
2017-11-30,6.51406,6.69614,6.51406,6.69614,67700
2017-12-01,6.68265,6.73659,6.60173,6.70288,34100
2017-12-04,6.60173,6.68265,6.57475,6.60847,22600
2017-12-05,6.62196,6.65567,6.56801,6.65567,42100
2017-12-06,6.56127,6.70962,6.56127,6.68939,70300
2017-12-07,6.61521,6.93889,6.61521,6.93215,183600
2017-12-08,6.9254,7.01307,6.87146,6.97935,61000
2017-12-11,6.97935,6.99284,6.80402,6.84448,79800
2017-12-12,6.83774,6.86472,6.65567,6.72311,83400
2017-12-13,6.70288,6.831,6.64219,6.66242,77000
2017-12-14,6.66242,6.76357,6.61521,6.6287,27800
2017-12-15,6.65567,6.70288,6.60847,6.60847,48300
2017-12-18,6.65567,6.68264,6.40617,6.57475,291900
2017-12-19,6.50058,6.77031,6.50058,6.76357,45500
2017-12-20,6.75008,6.7838,6.64893,6.75008,56600
2017-12-21,6.74334,6.76357,6.68939,6.71637,71200
2017-12-22,6.66241,6.74333,6.66241,6.73659,23900
2017-12-27,6.66242,6.75682,6.66242,6.72311,16500
2017-12-28,6.7319,6.79956,6.7319,6.77926,27900
2017-12-29,6.76573,6.86721,6.74543,6.86045,48700
2018-01-02,6.7116,6.86722,6.70484,6.7319,29000
2018-01-03,6.67777,6.73867,6.64395,6.69131,39800
2018-01-04,6.63718,6.76573,6.63718,6.71837,46800
2018-01-05,6.65071,6.69807,6.62365,6.63718,70600
2018-01-08,6.57629,6.66425,6.57629,6.61012,239500
2018-01-09,6.50186,6.79955,6.50186,6.74543,64100
2018-01-10,6.74543,6.85368,6.69131,6.69131,175900
2018-01-11,6.60335,6.69131,6.58305,6.61688,43500
2018-01-12,6.62365,6.69131,6.61012,6.61012,22300
2018-01-15,6.63041,6.66424,6.59659,6.63041,67300
2018-01-16,6.69131,6.69131,6.60335,6.63041,44300
2018-01-17,6.61012,6.74544,6.61012,6.71837,32000
2018-01-18,6.69131,6.75897,6.66425,6.68454,19000
2018-01-19,6.66424,6.7319,6.58982,6.7319,38200
2018-01-22,6.67777,6.74543,6.67101,6.7319,27900
2018-01-23,6.66425,6.7319,6.64395,6.68454,19100
2018-01-24,6.67778,6.69131,6.63718,6.67101,24300
2018-01-25,6.66424,6.67101,6.57629,6.57629,61400
2018-01-26,6.57629,6.63041,6.56952,6.58982,32300
2018-01-29,6.61012,6.61012,6.44774,6.46804,53500
2018-01-30,6.46328,6.46328,6.28677,6.31392,34800
2018-01-31,6.3343,6.3954,6.32072,6.34108,18900
2018-02-01,6.36824,6.36824,6.18493,6.23924,41400
2018-02-02,6.18493,6.18493,6.08309,6.11025,28900
2018-02-05,5.98125,6.08988,5.97447,6.03557,55900
2018-02-06,5.94052,6.06951,5.94052,6.06951,23100
2018-02-07,6.18493,6.58549,6.14419,6.27998,84200
2018-02-08,6.27998,6.3886,6.11025,6.12383,36900
2018-02-09,6.15777,6.15777,5.94052,5.99483,46900
2018-02-12,5.99483,6.08988,5.96767,6.04236,28900
2018-02-13,6.02199,6.29355,5.98804,6.21208,76300
2018-02-14,6.28677,6.42934,5.97447,6.40218,73300
2018-02-15,6.40218,6.46329,6.30714,6.39539,22000
2018-02-16,6.31392,6.40218,6.25282,6.30713,16400
2018-02-20,6.1442,6.27319,6.1442,6.22567,28000
2018-02-21,6.22567,6.30035,6.15777,6.17814,14900
2018-02-22,6.19172,6.21209,6.11025,6.11704,16400
2018-02-23,6.15777,6.17135,6.08988,6.11704,188900
2018-02-26,6.06951,6.25961,6.06951,6.14419,23800
2018-02-27,6.15987,6.20757,6.10536,6.13943,493900
2018-02-28,6.13261,6.34384,6.04403,6.05084,25400
2018-03-01,6.09173,6.09173,5.91456,5.99633,31900
2018-03-02,5.94863,6.05084,5.91456,5.9827,39100
2018-03-05,5.94863,6.04403,5.91456,5.95545,11200
2018-03-06,5.87368,5.96908,5.81235,5.83961,36500
2018-03-07,5.83961,5.96908,5.76466,5.95545,115900
2018-03-08,5.95545,6.19394,5.92138,6.01677,42200
2018-03-09,5.95544,6.00314,5.79191,5.98951,247600
2018-03-12,5.80554,6.00996,5.80554,5.91456,44600
2018-03-13,5.91456,6.11217,5.86005,6.07128,64500
2018-03-14,6.09173,6.21438,5.97589,5.9827,73100
2018-03-15,5.98952,6.00314,5.84642,5.89412,31300
2018-03-16,5.86005,5.99633,5.79191,5.79191,91700
2018-03-19,5.80554,5.99633,5.80554,5.90775,40900
2018-03-20,5.96226,6.06447,5.86005,5.88731,24500
2018-03-21,5.85324,6.00314,5.85324,5.91456,29900
2018-03-22,5.87368,5.94863,5.81235,5.83279,27300
2018-03-23,5.86005,5.88731,5.86005,5.86686,39900
2018-03-26,5.86005,5.87368,5.64881,5.67607,146300
2018-03-27,5.68289,5.72377,5.58749,5.59431,130000
2018-03-28,5.58951,5.64425,5.48689,5.53478,61500
2018-03-29,5.49373,5.84949,5.49373,5.84949,368500
2018-04-02,5.82213,6.06842,5.82213,5.92475,132400
2018-04-03,5.92475,5.92475,5.81528,5.82212,30800
2018-04-04,5.81529,5.85634,5.64425,5.82897,24200
2018-04-05,5.83581,5.92475,5.78108,5.85634,13000
2018-04-06,5.83581,5.99316,5.83581,5.99316,44400
2018-04-09,6.00685,6.04105,5.76055,5.80844,28700
2018-04-10,5.82897,5.82897,5.73319,5.78792,17900
2018-04-11,5.77424,5.91107,5.73319,5.8837,64900
2018-04-12,5.84949,6.00685,5.84949,5.95212,22900
2018-04-13,5.97948,6,5.91106,5.93159,21400
2018-04-16,5.89738,5.93159,5.78108,5.78108,21700
2018-04-17,5.8016,5.87686,5.78792,5.81528,19000
2018-04-18,5.84949,5.97948,5.78792,5.91791,95800
2018-04-19,5.92475,6,5.89738,5.91106,19000
2018-04-20,5.91107,5.91791,5.84949,5.91791,14400
2018-04-23,5.92475,5.93159,5.83581,5.84949,25400
2018-04-24,5.84949,5.89738,5.76055,5.80844,16000
2018-04-25,5.8016,5.82897,5.74687,5.76055,14200
2018-04-26,5.75371,5.78792,5.62372,5.69898,33300
2018-04-27,5.73538,5.77659,5.67356,5.76973,39700
2018-04-30,5.77659,5.96892,5.74912,5.96205,33200
2018-05-01,5.86589,5.94144,5.85215,5.86589,12700
2018-05-02,5.85902,5.9071,5.80407,5.80407,11500
2018-05-03,5.72165,5.80407,5.71478,5.78347,27700
2018-05-04,5.79033,5.96205,5.76972,5.94144,32800
2018-05-07,5.94145,6.04448,5.91397,6.02387,79200
2018-05-08,6.03761,6.07195,5.85215,5.87276,19600
2018-05-09,5.66669,5.67356,5.56366,5.61174,145300
2018-05-10,5.59801,5.64609,5.48124,5.59801,344900
2018-05-11,5.5774,5.5774,5.49498,5.50871,24700
2018-05-14,5.50871,5.50871,5.33013,5.33013,63200
2018-05-15,5.31639,5.31639,5.02791,5.15154,912400
2018-05-16,5.16528,5.26144,5.14467,5.23396,752500
2018-05-17,5.20649,5.20649,5.15154,5.16528,205600
2018-05-18,5.2477,5.2477,5.14467,5.17215,56500
2018-05-22,5.15841,5.19962,5.04164,5.05538,85900
2018-05-23,5.04164,5.16528,5.04164,5.14467,63700
2018-05-24,5.17215,5.17215,4.91114,4.94548,302000
2018-05-25,4.93861,5.11033,4.93174,5.00043,278900
2018-05-28,5.00043,5.06225,4.95235,5.0073,59200
2018-05-29,5.04164,5.04164,4.97295,5.0073,77500
2018-05-30,5.03697,5.24397,5.03007,5.14737,194400
2018-05-31,5.25087,5.25087,4.96797,5.02317,923600
2018-06-01,5.03007,5.21637,5.03007,5.18187,103400
2018-06-04,5.20947,5.20947,5.09217,5.16807,85100
2018-06-05,5.10597,5.22327,5.10597,5.19567,105600
2018-06-06,5.17497,5.31297,5.17497,5.30607,73500
2018-06-07,5.25777,5.45787,5.25777,5.30607,60400
2018-06-08,5.30607,5.51307,5.27847,5.49237,176700
2018-06-11,5.51307,5.51307,5.23017,5.28537,79800
2018-06-12,5.22327,5.50617,5.22327,5.49237,187000
2018-06-13,5.47857,5.58207,5.38887,5.41647,79900
2018-06-14,5.45787,5.57516,5.42337,5.45097,61700
2018-06-15,5.45096,5.45096,5.27157,5.29227,52700
2018-06-18,5.29917,5.44406,5.22327,5.27847,41100
2018-06-19,5.23707,5.44407,5.20947,5.40267,92300
2018-06-20,5.43027,5.46477,5.38197,5.43027,142900
2018-06-21,5.43027,5.43027,5.20257,5.22327,147800
2018-06-22,5.23707,5.23707,5.06457,5.07147,205200
2018-06-25,5.16117,5.16117,5.02317,5.10597,474700
2018-06-26,5.09907,5.11977,5.03697,5.06457,36700
2018-06-27,5.06457,5.07837,4.95417,5.03007,399700
2018-06-28,5.01828,5.05987,4.92125,4.96283,54300
2018-06-29,5.01828,5.08067,4.94897,5.03215,62000
2018-07-03,5.02522,5.1985,5.01135,5.13612,88900
2018-07-04,5.13612,5.13612,5.03215,5.05987,27900
2018-07-05,5.02522,5.14305,5.02522,5.03908,55600
2018-07-06,5.03215,5.08067,5.00442,5.05294,88900
2018-07-09,5.08067,5.12225,4.9767,4.98363,37500
2018-07-10,5.00442,5.03908,4.96284,5.00442,59700
2018-07-11,4.98363,5.02522,4.9767,5.01829,65300
2018-07-12,5.03908,5.04601,4.98363,5.01829,27000
2018-07-13,5.00442,5.16384,4.96283,5.12919,82100
2018-07-16,5.16384,5.16384,5.08067,5.12919,82000
2018-07-17,5.11532,5.17077,5.11532,5.16384,36500
2018-07-18,5.15691,5.25395,5.14998,5.21929,44600
2018-07-19,5.21929,5.25395,5.19157,5.22622,32100
2018-07-20,5.23316,5.28168,5.21929,5.26088,37200
2018-07-23,5.24009,5.29554,5.23316,5.28861,28300
2018-07-24,5.28861,5.33019,5.26781,5.30247,40300
2018-07-25,5.28861,5.33019,5.27474,5.30247,46900
2018-07-26,5.26781,5.42723,5.26781,5.37871,41500
2018-07-27,5.38565,5.46189,5.37178,5.46189,28400
2018-07-30,5.46398,5.49182,5.32477,5.35261,41600
2018-07-31,5.37349,5.4431,5.37349,5.40829,36100
2018-08-01,5.40829,5.53358,5.40829,5.48486,43800
2018-08-02,5.46398,5.49878,5.38045,5.49878,22700
2018-08-03,5.49878,5.5127,5.4779,5.50574,23900
2018-08-07,5.46398,5.58927,5.46398,5.56839,103200
2018-08-08,5.56838,5.66583,5.56142,5.57534,40300
2018-08-09,5.08811,5.42918,5.08811,5.33173,257200
2018-08-10,5.35261,5.42221,5.31781,5.32477,81000
2018-08-13,5.32477,5.49878,5.32477,5.42918,75000
2018-08-14,5.4431,5.51966,5.40134,5.51966,91800
2018-08-15,5.41526,5.5475,5.41526,5.53358,119900
2018-08-16,5.53359,5.56839,5.38741,5.45006,44000
2018-08-17,5.42918,5.46398,5.40829,5.42918,40900
2018-08-20,5.46398,5.58231,5.45006,5.58231,68800
2018-08-21,5.58927,5.63103,5.50574,5.58927,30300
2018-08-22,5.58927,5.61711,5.54751,5.61711,19400
2018-08-23,5.59623,5.7424,5.56838,5.67975,40800
2018-08-24,5.74936,5.74936,5.56142,5.57534,25600
2018-08-27,5.57535,5.67975,5.56838,5.62407,33600
2018-08-28,5.64495,5.66583,5.4779,5.58927,128600
2018-08-29,5.58231,5.61711,5.54054,5.58231,114000
2018-08-30,5.5844,5.5844,5.31881,5.38871,53700
2018-08-31,5.36774,5.44462,5.29086,5.38871,45300
2018-09-04,5.38172,5.38172,5.15806,5.2,32400
2018-09-05,5.21397,5.21397,5.0672,5.15107,53800
2018-09-06,5.11612,5.28386,5.11612,5.20698,29200
2018-09-07,5.17204,5.2629,5.12311,5.22096,42300
2018-09-10,5.20698,5.25591,5.14408,5.20698,32600
2018-09-11,5.17204,5.37473,5.17204,5.35376,39000
2018-09-12,5.33978,5.43064,5.31182,5.38871,38500
2018-09-13,5.3887,5.5215,5.3887,5.4586,60200
2018-09-14,5.40268,5.46559,5.31881,5.31881,48800
2018-09-17,5.30484,5.41666,5.24193,5.30484,46600
2018-09-18,5.2629,5.31182,5.15806,5.21397,58200
2018-09-19,5.19301,5.22795,5.13709,5.2,23000
2018-09-20,5.21397,5.28387,5.15107,5.23494,42800
2018-09-21,5.18602,5.29086,5.15806,5.15806,78500
2018-09-24,5.15107,5.28387,5.15107,5.24193,33400
2018-09-25,5.24193,5.33279,5.18602,5.31182,19400
2018-09-26,5.31881,5.5215,5.29785,5.47957,107200
2018-09-27,5.59397,5.65012,5.48167,5.48167,132900
2018-09-28,5.48869,5.67118,5.48869,5.53782,50400
2018-10-01,5.69224,5.83963,5.68522,5.72031,65900
2018-10-02,5.76944,5.8677,5.72733,5.74137,91300
2018-10-03,5.70627,5.8677,5.65714,5.83963,79900
2018-10-04,5.85367,5.85367,5.70627,5.72733,34400
2018-10-05,5.71329,5.72733,5.50273,5.69223,76600
2018-10-09,5.72733,5.7554,5.55186,5.65012,61300
2018-10-10,5.63608,5.63608,5.29918,5.33428,115600
2018-10-11,5.13775,5.4185,5.13775,5.25005,132100
2018-10-12,5.27111,5.39745,5.26409,5.39043,31300
2018-10-15,5.35533,5.42552,5.23601,5.26409,34500
2018-10-16,5.26409,5.26409,5.12371,5.17284,57700
2018-10-17,5.37639,5.37639,5.13073,5.22198,31100
2018-10-18,5.22899,5.23601,5.10265,5.12371,61400
2018-10-19,5.13073,5.14477,5.05353,5.09564,33100
2018-10-22,5.10265,5.10265,4.87103,4.98333,83700
2018-10-23,4.92017,4.94122,4.84296,4.89911,58200
2018-10-24,4.95526,4.95526,4.64643,4.64643,39300
2018-10-25,4.70258,4.70258,4.5201,4.55519,61500
2018-10-26,4.43587,4.7447,4.43587,4.72364,228300
2018-10-29,4.66047,4.82892,4.66047,4.75172,139800
2018-10-30,4.76794,4.85963,4.65509,4.75383,74300
2018-10-31,4.74678,4.86668,4.65509,4.80321,169400
2018-11-01,4.81026,4.85258,4.70446,4.82436,46500
2018-11-02,4.88079,4.88079,4.5775,4.60572,86400
2018-11-05,4.61982,4.61982,4.44349,4.50697,53700
2018-11-06,4.52813,4.54929,4.49287,4.52813,147900
2018-11-07,4.49286,4.54929,4.47876,4.50697,75500
2018-11-08,4.60572,5.09944,4.60572,4.96543,265400
2018-11-09,4.95132,4.95838,4.76089,4.7891,62500
2018-11-12,4.76089,4.909,4.76089,4.81731,58300
2018-11-13,4.7891,4.84552,4.74678,4.74678,34800
2018-11-14,4.7891,4.85963,4.71151,4.79615,85900
2018-11-15,4.78205,4.90195,4.65509,4.84552,53700
2018-11-16,4.90195,5.09239,4.85963,4.96543,83900
2018-11-19,4.96543,5.04301,4.87374,4.97953,46200
2018-11-20,5.06417,5.06417,4.83142,4.85963,51300
2018-11-21,4.8949,5.0148,4.85258,4.87374,48800
2018-11-22,4.8949,4.92311,4.81026,4.83142,12900
2018-11-23,4.85258,4.85258,4.72562,4.78204,42500
2018-11-26,4.81731,4.85963,4.74678,4.81026,23000
2018-11-27,4.79615,4.79615,4.57045,4.63393,72700
2018-11-28,4.71151,4.909,4.57045,4.70446,106000
2018-11-29,4.52938,4.72785,4.52938,4.60026,75200
2018-11-30,4.55773,4.77747,4.55773,4.74912,38100
2018-12-03,4.79873,4.84835,4.68532,4.72785,64400
2018-12-04,4.72076,4.77038,4.50103,4.50812,138700
2018-12-05,4.46559,4.61444,4.42306,4.5152,96300
2018-12-06,4.53647,4.55774,4.42306,4.55065,109700
2018-12-07,4.56482,4.60026,4.43015,4.45141,24600
2018-12-10,4.51521,4.52229,4.40179,4.40179,117500
2018-12-11,4.44432,4.47268,4.28838,4.33091,45800
2018-12-12,4.38762,4.40888,4.26712,4.28129,45400
2018-12-13,4.30256,4.38762,4.17497,4.22459,69300
2018-12-14,4.22459,4.23876,3.96232,4.05447,111300
2018-12-17,4.14662,4.16788,3.89144,3.94815,136700
2018-12-18,3.99068,4.23876,3.99068,4.08282,115400
2018-12-19,4.07573,4.25294,3.9765,4.05447,89900
2018-12-20,3.91979,3.96941,3.82765,3.86309,89800
2018-12-21,3.94815,3.94815,3.63626,3.72132,124800
2018-12-24,3.77094,3.80638,3.62209,3.72841,79000
2018-12-27,3.66462,3.88435,3.65044,3.7922,65300
2018-12-28,3.90133,4.17235,3.84427,4.12956,67800
2018-12-31,4.00118,4.36492,4.00118,4.35779,62600
2019-01-02,4.315,4.38632,4.18662,4.25794,57700
2019-01-03,4.20088,4.20801,4.05824,4.07963,33600
2019-01-04,4.12243,4.12243,4.0511,4.05824,32300
2019-01-07,4.08677,4.13669,4.00118,4.08677,161800
2019-01-08,4.26507,4.26507,4.08676,4.20801,43700
2019-01-09,4.22941,4.40771,4.18662,4.40058,46700
2019-01-10,4.30073,4.77859,4.30073,4.72867,122900
2019-01-11,4.55749,4.89984,4.55749,4.78572,112600
2019-01-14,4.67874,4.85705,4.67874,4.70014,34200
2019-01-15,4.7144,4.75006,4.62168,4.69301,21100
2019-01-16,4.70014,4.77859,4.65735,4.74293,15200
2019-01-17,4.72867,4.78572,4.59315,4.60742,29200
2019-01-18,4.62881,4.62881,4.45764,4.55749,73900
2019-01-21,4.72867,4.72867,4.52183,4.60742,51600
2019-01-22,4.55036,4.67161,4.55036,4.58602,27200
2019-01-23,4.55036,4.68587,4.50043,4.5147,85600
2019-01-24,4.55036,4.59315,4.34353,4.4933,112300
2019-01-25,4.50757,4.66448,4.47191,4.60742,27300
2019-01-28,4.54323,4.62881,4.5147,4.5147,42800
2019-01-29,4.50757,4.57889,4.48617,4.54323,23500
2019-01-30,4.52387,4.57406,4.52387,4.54538,17600
2019-01-31,4.56689,4.61707,4.52387,4.56689,11100
2019-02-01,4.5884,4.66009,4.57406,4.59556,14500
2019-02-04,4.66726,4.68877,4.5167,4.64575,53900
2019-02-05,4.65292,4.73895,4.61707,4.72461,35400
2019-02-06,4.71028,4.73896,4.62424,4.71028,18200
2019-02-07,4.64575,4.6816,4.54538,4.59556,31900
2019-02-08,4.56689,4.59557,4.5167,4.53104,18200
2019-02-11,4.53104,4.73895,4.53104,4.71745,83100
2019-02-12,4.73178,4.86083,4.71744,4.79631,53200
2019-02-13,4.80348,4.83933,4.66009,4.71028,43900
2019-02-14,4.72461,4.81064,4.58839,4.61707,34800
2019-02-15,4.63141,4.69594,4.60273,4.61707,29300
2019-02-19,4.66726,4.76763,4.66726,4.73895,42400
2019-02-20,4.71744,4.84649,4.71744,4.83932,38500
2019-02-21,4.7748,4.83932,4.69594,4.73178,43500
2019-02-22,4.74612,4.80347,4.74612,4.79631,26000
2019-02-25,4.83215,4.83932,4.7748,4.79631,29100
2019-02-26,4.83932,4.868,4.81065,4.84649,57100
2019-02-27,4.84865,4.89188,4.83424,4.83424,32300
2019-02-28,4.87747,4.87747,4.83424,4.84145,28800
2019-03-01,4.83424,4.89188,4.82704,4.89188,36100
2019-03-04,4.89188,5.12243,4.87747,5.00716,58800
2019-03-05,5.02156,5.06479,4.97113,5.00716,64200
2019-03-06,4.99995,5.10802,4.89188,4.89909,29800
2019-03-07,4.9207,4.97833,4.89188,4.89909,16100
2019-03-08,4.89909,4.89909,4.7694,4.7694,45000
2019-03-11,4.7694,4.99995,4.7694,4.97834,47900
2019-03-12,4.90629,4.96393,4.89909,4.94231,21900
2019-03-13,5.19447,5.32415,5.09361,5.10081,169800
2019-03-14,5.11522,5.41781,5.11522,5.3962,92600
2019-03-15,5.37458,5.49706,5.36738,5.41061,130500
2019-03-18,5.43943,5.46104,5.37459,5.42502,79400
2019-03-19,5.43943,5.49706,5.43943,5.46825,80700
2019-03-20,5.4034,5.46824,5.33136,5.37459,40600
2019-03-21,5.37458,5.62674,5.35297,5.57631,108000
2019-03-22,5.61233,5.62674,5.4034,5.41061,102000
2019-03-25,5.41061,5.51147,5.36738,5.41781,93800
2019-03-26,5.44663,5.54029,5.41781,5.47545,21400
2019-03-27,5.47545,5.74922,5.47545,5.62674,136800
2019-03-28,5.67233,5.78809,5.65786,5.66509,45200
2019-03-29,5.7085,5.72297,5.63615,5.70127,41700
2019-04-01,5.51315,5.67956,5.44804,5.62892,55400
2019-04-02,5.62892,5.67956,5.61445,5.62168,38400
2019-04-03,5.66509,5.67956,5.61444,5.65785,31100
2019-04-04,5.59274,5.67956,5.59274,5.67956,71200
2019-04-05,5.62168,5.67956,5.62168,5.67956,46400
2019-04-08,5.64339,5.78809,5.64339,5.78085,29200
2019-04-09,5.76638,5.91109,5.76638,5.88214,103600
2019-04-10,5.93279,5.93279,5.83873,5.86044,27100
2019-04-11,5.78809,5.79532,5.69403,5.70127,31800
2019-04-12,5.67956,5.71574,5.67233,5.67233,27000
2019-04-15,5.7085,5.75191,5.6868,5.6868,20100
2019-04-16,5.69403,5.74468,5.69403,5.71574,11200
2019-04-17,5.71574,5.75191,5.7085,5.73021,16300
2019-04-18,5.70127,5.75191,5.67956,5.75191,49400
2019-04-22,5.67233,5.74468,5.65785,5.67233,12300
2019-04-23,5.61444,5.71574,5.61444,5.65785,52000
2019-04-24,5.62168,5.76638,5.62168,5.73021,18500
2019-04-25,5.62168,5.7085,5.62168,5.70127,13400
2019-04-26,5.71574,5.80256,5.63615,5.80256,144000
2019-04-29,5.812,5.84106,5.73935,5.78294,59100
2019-04-30,5.67397,5.79021,5.67397,5.75388,20200
2019-05-01,5.75388,5.75388,5.60858,5.63038,27200
2019-05-02,5.60132,5.64491,5.55773,5.61585,33400
2019-05-03,5.5432,5.61585,5.47781,5.55773,31800
2019-05-06,5.44875,5.57226,5.44875,5.48508,29500
2019-05-07,5.44875,5.44875,5.20174,5.22354,59000
2019-05-08,4.97653,4.97653,4.30088,4.38806,444900
2019-05-09,4.359,4.54063,4.2137,4.48977,282300
2019-05-10,4.58422,4.58422,4.30815,4.31541,236900
2019-05-13,4.28635,4.34447,4.14832,4.20644,117700
2019-05-14,4.359,4.359,4.06114,4.06114,87900
2019-05-15,4.09746,4.09746,3.95216,4.00302,101200
2019-05-16,4.00302,4.11926,4.00302,4.06114,105200
2019-05-17,4.11926,4.22823,4.11199,4.20644,75900
2019-05-21,4.20644,4.2355,4.15558,4.22097,63400
2019-05-22,4.26456,4.26456,4.14105,4.15558,58400
2019-05-23,4.14832,4.14832,4.04661,4.06114,133600
2019-05-24,4.03208,4.03208,3.93037,3.96669,96700
2019-05-27,4.00302,4.10473,3.9231,4.10473,58500
2019-05-28,4.12652,4.12652,4.05387,4.0684,31900
2019-05-29,4.01028,4.08293,4.01028,4.06114,41100
2019-05-30,4.14372,4.18757,4.07795,4.14372,80600
2019-05-31,4.15103,4.18757,4.08525,4.11449,40500
2019-06-03,4.16564,4.16564,3.99756,4.0341,78700
2019-06-04,4.09256,4.09256,3.96101,4.00486,50300
2019-06-05,4.04871,4.10718,4.02679,4.08525,70900
2019-06-06,4.09987,4.20218,4.09987,4.18026,50100
2019-06-07,4.18757,4.23142,4.18026,4.19488,31400
2019-06-10,4.19488,4.22411,4.07064,4.13641,99000
2019-06-11,4.26796,4.34104,4.18757,4.23142,241000
2019-06-12,4.23142,4.24603,4.14372,4.19488,72700
2019-06-13,4.22411,4.35566,4.18026,4.18026,51100
2019-06-14,4.20949,4.20949,4.09256,4.15103,39900
2019-06-17,4.17295,4.20949,4.15834,4.19488,50500
2019-06-18,4.23872,4.26065,4.20949,4.22411,56800
2019-06-19,4.3045,4.3045,4.18757,4.20219,41700
2019-06-20,4.20218,4.26065,4.18026,4.2168,55100
2019-06-21,4.2168,4.2168,4.10718,4.16564,197300
2019-06-24,4.10718,4.19488,4.09987,4.18757,84500
2019-06-25,4.22411,4.23872,4.15833,4.16564,52500
2019-06-26,4.15103,4.18757,4.07795,4.12179,51900
2019-06-27,4.07989,4.16811,4.07989,4.1534,20400
2019-06-28,4.10195,4.19016,4.10195,4.1534,17000
2019-07-02,4.1534,4.20486,4.1534,4.18281,17600
2019-07-03,4.18281,4.22692,4.18281,4.21221,41500
2019-07-04,4.24897,4.25632,4.17546,4.19016,11300
2019-07-05,4.20486,4.21956,4.17546,4.17546,17400
2019-07-08,4.1534,4.19751,4.124,4.16075,24400
2019-07-09,4.1534,4.16811,4.09459,4.10195,15200
2019-07-10,4.1093,4.1093,4.05784,4.07989,35800
2019-07-11,4.16811,4.16811,3.99903,4.04314,36000
2019-07-12,4.05049,4.08724,3.99168,4.03579,139300
2019-07-15,4.02108,4.02108,3.97698,3.99903,18100
2019-07-16,3.99168,4.07254,3.97698,3.99168,36300
2019-07-17,4.08724,4.08724,3.96228,3.99168,34400
2019-07-18,4.1093,4.1093,3.92552,4.03579,34400
2019-07-19,3.96227,4.0946,3.96227,4.04314,56100
2019-07-22,4.04314,4.06519,3.99903,4.04314,63900
2019-07-23,4.01373,4.05784,4.00638,4.01373,47800
2019-07-24,3.99168,4.04314,3.96228,3.99168,78800
2019-07-25,4.04314,4.04314,3.97698,3.99903,17500
2019-07-26,4.02108,4.03579,3.98433,4.03579,10000
2019-07-29,4.04314,4.05784,4.02843,4.03579,15100
2019-07-30,4.0454,4.06759,4.01582,4.06019,14000
2019-07-31,4.06759,4.06759,4.00842,4.01582,10800
2019-08-01,4.03061,4.03061,3.90489,3.91968,44300
2019-08-02,3.95665,3.95665,3.84572,3.86791,27200
2019-08-06,3.93447,3.96405,3.75697,3.85311,54800
2019-08-07,4.03061,4.03061,3.77916,3.79395,39100
2019-08-08,3.80134,3.85311,3.73478,3.84572,23100
2019-08-09,3.86791,4.01582,3.80135,3.98624,23200
2019-08-12,4.03061,4.03061,3.79395,3.81614,30400
2019-08-13,3.80874,3.84572,3.78655,3.80135,30000
2019-08-14,3.78655,3.86051,3.69041,3.76437,234300
2019-08-15,3.72739,3.84572,3.60906,3.82353,122700
2019-08-16,3.86051,3.91967,3.73478,3.73478,73200
2019-08-19,3.78655,3.83832,3.75697,3.78655,34100
2019-08-20,3.78655,3.8827,3.77176,3.8753,26300
2019-08-21,3.92707,4.10457,3.92707,4.03061,47100
2019-08-22,3.99363,4.0454,3.96405,3.99363,19000
2019-08-23,3.97144,4.01582,3.94926,3.97144,34100
2019-08-26,3.93446,3.94186,3.82353,3.89009,47100
2019-08-27,3.81614,3.93447,3.81614,3.84572,110700
2019-08-28,3.8679,3.8827,3.80874,3.8827,18600
2019-08-29,3.82539,4.04866,3.82539,4.01145,29800
2019-08-30,3.98912,4.08587,3.98912,4.01889,89400
2019-09-03,4.1082,4.1082,3.92958,4.01889,81000
2019-09-04,4.0561,4.13053,3.94447,3.99657,20000
2019-09-05,3.98912,4.19751,3.98912,4.17518,77500
2019-09-06,4.11564,4.24961,4.11564,4.20495,49500
2019-09-09,4.16774,4.24961,4.16774,4.23472,48000
2019-09-10,4.23472,4.42822,4.20495,4.32403,89100
2019-09-11,4.26449,4.41334,4.26449,4.33892,54500
2019-09-12,4.3538,4.3538,4.22728,4.24217,30500
2019-09-13,4.25705,4.39101,4.24216,4.36124,47800
2019-09-16,4.42822,4.46544,4.27193,4.43567,57600
2019-09-17,4.46543,4.50265,4.39101,4.42822,49800
2019-09-18,4.48032,4.4952,4.39845,4.42822,102500
2019-09-19,4.39101,4.42823,4.39101,4.41334,52300
2019-09-20,4.36868,4.4059,4.31659,4.36868,42300
2019-09-23,4.31659,4.41334,4.27938,4.33147,66600
2019-09-24,4.34636,4.43567,4.27938,4.27938,102900
2019-09-25,4.28682,4.39101,4.28682,4.32403,20000
2019-09-26,4.36124,4.36124,4.26449,4.27938,27800
2019-09-27,4.25917,4.26665,4.18431,4.22174,19700
2019-09-30,4.26665,4.30408,4.20677,4.25168,40900
2019-10-01,4.27414,4.30408,4.22923,4.22923,138100
2019-10-02,4.22174,4.28162,4.1918,4.22923,77000
2019-10-03,4.22923,4.26665,4.22923,4.22923,23600
2019-10-04,4.22923,4.31156,4.22923,4.27414,55200
2019-10-07,4.35648,4.37893,4.31156,4.3415,108900
2019-10-08,4.3415,4.37145,4.33402,4.3415,17200
2019-10-09,4.37893,4.48373,4.37145,4.3939,117700
2019-10-10,4.38642,4.48373,4.37145,4.43882,16100
2019-10-11,4.4463,4.49121,4.43882,4.45379,35500
2019-10-15,4.4463,4.64092,4.4463,4.60349,86800
2019-10-16,4.64092,4.71577,4.48372,4.49121,90400
2019-10-17,4.50618,4.57355,4.4463,4.52864,23800
2019-10-18,4.58852,4.58852,4.49121,4.52864,29200
2019-10-21,4.52864,4.63343,4.52115,4.61098,22500
2019-10-22,4.61846,4.7532,4.60349,4.70829,82100
2019-10-23,4.71577,4.71577,4.67835,4.7008,86000
2019-10-24,4.66338,4.76068,4.66338,4.72326,64500
2019-10-25,4.71577,4.82057,4.7008,4.71577,32200
2019-10-28,4.71577,4.71577,4.60349,4.61098,28600
2019-10-29,4.59601,4.62595,4.56607,4.62595,12100
2019-10-30,4.58305,4.59058,4.51532,4.57553,43900
2019-10-31,4.55295,4.63573,4.51532,4.62821,27500
2019-11-01,4.68841,4.71851,4.60563,4.68841,38900
2019-11-04,4.65831,4.74862,4.65831,4.71851,12000
2019-11-05,4.70346,4.71851,4.59058,4.60563,24900
2019-11-06,4.80129,4.88407,4.73356,4.80129,52800
2019-11-07,4.82387,5.15499,4.82387,5.14747,173200
2019-11-08,5.10231,5.12489,5.01953,5.11736,62100
2019-11-11,5.04964,5.13242,5.04964,5.10984,54300
2019-11-12,5.06468,5.09479,4.82387,4.83139,45900
2019-11-13,4.8314,5.04964,4.77872,5.01954,27700
2019-11-14,5.04211,5.10984,4.97438,5.03458,52700
2019-11-15,4.98191,5.08727,4.98191,5.01954,17100
2019-11-18,4.98943,5.07974,4.87655,4.90665,35700
2019-11-19,4.95933,5.01201,4.84645,4.95933,31500
2019-11-20,4.94428,5.01953,4.86902,4.94428,33600
2019-11-21,4.9518,5.04211,4.93675,4.98191,37400
2019-11-22,4.97438,4.98191,4.90665,4.97438,29700
2019-11-25,5.04963,5.04963,4.92923,4.92923,46500
2019-11-26,4.91418,5.02706,4.8916,5.01954,16200
2019-11-27,4.95933,5.07974,4.95933,5.03458,28800
2019-11-28,4.96879,5.09736,4.96879,5.03685,17100
2019-11-29,5.03685,5.09736,5.03685,5.04442,31400
2019-12-02,4.96879,5.04442,4.96879,5.03685,5000
2019-12-03,5.02929,5.02929,4.95366,4.99904,21500
2019-12-04,4.99904,5.02173,4.91585,4.93854,36700
2019-12-05,4.93097,4.98391,4.91585,4.93097,38500
2019-12-06,4.92341,5.0066,4.91585,4.98391,22000
2019-12-09,4.96123,5.02173,4.96123,4.98391,19600
2019-12-10,4.96123,5.05954,4.96123,4.98391,23500
2019-12-11,5.0066,5.05954,4.96879,5.01416,31200
2019-12-12,4.99904,5.03686,4.97635,5.02929,12100
2019-12-13,5.02929,5.03685,4.98391,4.99904,17700
2019-12-16,4.99148,5.05198,4.99148,5.03685,25800
2019-12-17,5.02929,5.10492,4.99904,5.05954,16600
2019-12-18,5.02929,5.05198,4.99904,5.02173,48700
2019-12-19,5.02929,5.06711,4.95367,5.02929,30200
2019-12-20,4.99148,5.11248,4.99148,5.10492,28500
2019-12-23,5.06711,5.15786,5.06711,5.15786,60200
2019-12-24,5.19567,5.46037,5.14273,5.43012,64000
2019-12-27,5.43012,5.4755,5.20323,5.26374,86300
2019-12-30,5.31921,5.43319,5.28122,5.38,28700
2019-12-31,5.30401,5.43319,5.30401,5.43319,18500
2020-01-02,5.33441,5.4104,5.33441,5.34961,24100
2020-01-03,5.32681,5.3876,5.29641,5.31921,44400
2020-01-06,5.29641,5.3876,5.26602,5.30401,42100
2020-01-07,5.38,5.45599,5.31161,5.41799,44800
2020-01-08,5.43319,5.46359,5.34201,5.34961,18400
2020-01-09,5.3876,5.4104,5.34201,5.3876,25800
2020-01-10,5.35721,5.44079,5.35721,5.3876,14500
2020-01-13,5.3876,5.54718,5.35721,5.50918,61900
2020-01-14,5.54718,5.54718,5.22803,5.29642,58400
2020-01-15,5.3952,5.3952,5.28122,5.31161,12700
2020-01-16,5.3724,5.38,5.13684,5.34201,65200
2020-01-17,5.34961,5.47879,5.34961,5.3952,44500
2020-01-20,5.3648,5.42559,5.3648,5.41799,23400
2020-01-21,5.38,5.418,5.32681,5.3876,27300
2020-01-22,5.35721,5.43319,5.34961,5.38,19100
2020-01-23,5.34961,5.3876,5.32681,5.34201,14900
2020-01-24,5.31921,5.32681,5.25842,5.27362,19900
2020-01-27,4.99246,5.25082,4.93927,5.10644,89500
2020-01-28,5.03045,5.19003,5.03045,5.16723,26100
2020-01-29,5.16723,5.16723,5.10644,5.13684,20700
2020-01-30,5.11622,5.11622,5.00168,5.03986,27900
2020-01-31,4.99404,5.05513,4.97877,4.97877,20300
2020-02-03,5.19258,5.19258,4.94823,4.97877,24200
2020-02-04,5.00931,5.11622,4.97113,5.11622,26700
2020-02-05,5.16967,5.21549,4.99404,5.02459,41700
2020-02-06,4.97113,5.04749,4.91004,4.91004,54500
2020-02-07,4.91004,4.98641,4.88714,4.93295,23400
2020-02-10,4.95586,4.99404,4.94059,4.9635,11300
2020-02-11,4.94059,5.01695,4.94059,4.95586,20500
2020-02-12,4.94822,5.04749,4.94059,5.03986,46500
2020-02-13,4.97877,5.06276,4.95586,5.00931,13800
2020-02-14,5.01695,5.20785,5.01695,5.20022,24500
2020-02-18,5.11622,5.23076,5.06277,5.09331,41400
2020-02-19,5.05513,5.1544,5.03986,5.13913,26000
2020-02-20,5.08568,5.23076,5.08568,5.16204,24900
2020-02-21,5.16204,5.16204,5.00168,5.10095,21100
2020-02-24,5.03986,5.03986,4.91768,5.00168,29800
2020-02-25,5.01695,5.01695,4.7726,4.78787,72500
2020-02-26,4.97113,5.14677,4.77259,4.80314,69500
2020-02-27,4.73635,4.73635,4.37556,4.62121,52800
2020-02-28,4.57515,4.57515,4.25274,4.49838,35700
2020-03-02,4.56747,4.56747,4.4293,4.52909,29400
2020-03-03,4.70565,4.70565,4.37556,4.39859,93000
2020-03-04,4.43697,4.44465,4.34486,4.36789,32600
2020-03-05,4.45233,4.45233,4.28344,4.2988,25100
2020-03-06,4.25274,4.27577,4.13759,4.18365,56300
2020-03-09,3.53883,4.02245,3.31621,3.80751,61200
2020-03-10,4.28344,4.28344,3.6463,3.91498,57500
2020-03-11,3.84589,4.03012,3.7461,3.96104,159800
2020-03-12,3.89962,3.95336,3.60792,3.84589,129800
2020-03-13,3.89195,4.83615,3.89195,4.18365,116700
2020-03-16,3.6156,3.95336,3.56954,3.7461,100300
2020-03-17,3.74609,3.87659,3.63095,3.78448,67200
2020-03-18,3.83821,3.83821,3.45439,3.71539,79900
2020-03-19,3.6463,3.83821,3.56954,3.78448,52200
2020-03-20,3.89195,4.01477,3.62327,3.76145,122800
2020-03-23,3.69236,3.69236,3.33924,3.43136,123900
2020-03-24,3.63095,3.76912,3.40833,3.60792,31500
2020-03-25,3.60792,3.76145,3.45439,3.56954,114100
2020-03-26,3.6463,3.74609,3.53115,3.61559,38100
2020-03-27,3.60024,3.60024,3.40833,3.44672,55400
2020-03-30,3.47997,3.4877,3.41037,3.43357,26200
2020-03-31,3.50317,3.65783,3.40264,3.52637,77700
2020-04-01,3.43357,3.44903,3.15517,3.2093,90200
2020-04-02,3.24797,3.31757,3.0933,3.2557,99700
2020-04-03,3.2325,3.27117,3.06237,3.1397,65900
2020-04-06,3.24024,3.3253,3.13197,3.30984,40200
2020-04-07,3.41037,3.63463,3.41037,3.4413,38300
2020-04-08,3.57277,3.6269,3.3485,3.5805,24900
2020-04-09,3.58823,3.78156,3.50317,3.78156,99400
2020-04-13,3.80476,4.01356,3.68103,3.9285,73500
2020-04-14,3.93623,4.33836,3.93623,4.08316,68300
2020-04-15,3.96716,3.98263,3.84343,3.84343,171400
2020-04-16,4.02903,4.10636,3.7893,3.9981,37400
2020-04-17,4.02129,4.02129,3.85116,3.90529,67700
2020-04-20,3.77383,3.98263,3.72743,3.93623,19200
2020-04-21,3.89756,3.9053,3.75063,3.7661,49700
2020-04-22,3.85116,3.8821,3.61143,3.6501,58100
2020-04-23,3.72743,3.75836,3.54957,3.59597,70100
2020-04-24,3.6733,3.6733,3.5573,3.63463,41700
2020-04-27,3.68103,3.85116,3.64236,3.82023,35300
2020-04-28,3.9285,3.9285,3.80477,3.88983,20000
2020-04-29,3.97001,4.12569,3.96222,4.11013,88900
2020-04-30,4.1724,4.1724,3.9233,4.03228,34300
2020-05-01,4.0245,4.0245,3.75205,3.86103,40900
2020-05-04,3.79097,3.91552,3.79097,3.86103,16900
2020-05-05,3.91552,4.00893,3.89995,3.89995,18800
2020-05-06,3.89995,3.96223,3.82211,3.96223,6500
2020-05-07,4.00893,4.04785,3.96223,3.97001,33700
2020-05-08,3.94666,4.00893,3.93109,3.96223,23400
2020-05-11,3.97779,4.05564,3.95444,4.05564,17000
2020-05-12,4.08677,4.14905,4.04007,4.07121,12300
2020-05-13,4.08677,4.12569,3.94665,4.00893,73000
2020-05-14,4.00114,4.13348,3.95444,4.13348,72800
2020-05-15,4.31252,4.31252,4.07899,4.09456,48400
2020-05-19,4.20354,4.23468,4.1257,4.21911,41800
2020-05-20,4.28138,4.38258,4.25803,4.3203,67300
2020-05-21,4.35923,4.5227,4.34366,4.46821,98300
2020-05-22,4.39815,4.59276,4.28138,4.57719,70200
2020-05-25,4.59276,4.69395,4.53048,4.54605,17000
2020-05-26,4.62389,4.62389,4.54605,4.60832,37100
2020-05-27,4.63168,4.63168,4.46042,4.57719,8500
2020-05-28,4.57954,4.64999,4.46994,4.51691,29600
2020-05-29,4.53256,4.53256,4.36817,4.45428,21100
2020-06-01,4.46211,4.58736,4.46211,4.50125,36700
2020-06-02,4.69696,4.97095,4.69696,4.89267,134000
2020-06-03,4.89267,5.26842,4.89267,5.08837,148700
2020-06-04,5.0414,5.13534,4.9866,5.03357,36300
2020-06-05,5.11186,5.11186,4.95529,4.99443,56100
2020-06-08,4.97878,5.08055,4.83787,4.98661,41600
2020-06-09,4.97095,4.99443,4.88484,4.95529,26500
2020-06-10,4.97095,4.97095,4.80655,4.95529,45100
2020-06-11,4.78307,4.89266,4.59519,4.67347,68900
2020-06-12,4.92398,4.92398,4.65782,4.81438,26200
2020-06-15,4.66565,4.85352,4.66565,4.85352,20000
2020-06-16,4.93181,4.97095,4.75176,4.77524,56200
2020-06-17,4.77524,4.90049,4.77524,4.7909,28400
2020-06-18,4.87701,4.89267,4.79873,4.89267,19300
2020-06-19,4.89267,5.08837,4.89267,5.08837,90600
2020-06-22,4.9866,5.08054,4.90049,4.99443,40500
2020-06-23,5.07271,5.12751,4.94746,4.95529,30300
2020-06-24,4.82221,4.85352,4.69696,4.8457,48700
2020-06-25,4.76741,4.83004,4.75176,4.77524,35900
2020-06-26,4.74393,4.77524,4.65782,4.72044,21000
2020-06-29,4.84875,4.84875,4.63622,4.65983,22100
2020-06-30,4.70706,4.71494,4.65984,4.68345,11200
2020-07-02,4.69132,4.79365,4.65983,4.74642,30900
2020-07-03,4.80152,4.9432,4.73068,4.79365,34100
2020-07-06,5.06127,5.06127,4.7779,4.84088,33500
2020-07-07,4.80152,4.88023,4.78578,4.84088,20100
2020-07-08,4.87236,4.91172,4.80152,4.84088,15100
2020-07-09,4.85662,4.85662,4.71493,4.7228,20500
2020-07-10,4.73068,4.78577,4.68345,4.73068,28000
2020-07-13,4.69919,4.82513,4.67558,4.77003,12800
2020-07-14,4.79365,4.833,4.7779,4.82513,20600
2020-07-15,4.86449,4.9432,4.86449,4.93533,26000
2020-07-16,4.92746,5.02979,4.90385,5.02192,40000
2020-07-17,5.02192,5.26593,5.02192,5.18721,45800
2020-07-20,5.13999,5.31316,5.13999,5.30528,79300
2020-07-21,5.30528,5.36038,5.2738,5.3289,30800
2020-07-22,5.2738,5.36825,5.17934,5.17934,35500
2020-07-23,5.17934,5.2738,5.0534,5.1085,20700
2020-07-24,5.17934,5.17934,5.03766,5.06127,18800
2020-07-27,5.08489,5.18722,5.03766,5.06915,31700
2020-07-28,5.07702,5.15573,5.07702,5.14786,16000
2020-07-29,5.20296,5.31315,5.17934,5.25806,82300
2020-07-30,5.29207,5.35535,5.18133,5.28416,79400
2020-07-31,5.29998,5.49774,5.29998,5.42655,74300
2020-08-04,5.50565,5.57685,5.45028,5.49774,57600
2020-08-05,5.43446,5.57685,5.43446,5.52147,49200
2020-08-06,5.48983,5.49774,5.37909,5.42655,36500
2020-08-07,5.40282,5.41864,5.34744,5.35535,72200
2020-08-10,5.36326,5.49774,5.27625,5.29207,43900
2020-08-11,5.27625,5.32371,5.18924,5.21297,62300
2020-08-12,5.6164,5.63222,5.26043,5.41864,156700
2020-08-13,5.48983,5.48983,5.37117,5.37909,65100
2020-08-14,5.33953,5.41864,5.27625,5.27625,56400
2020-08-17,5.29207,5.44237,5.28416,5.29998,35200
2020-08-18,5.27625,5.34744,5.27625,5.29998,37000
2020-08-19,5.2367,5.32371,5.2367,5.26043,31100
2020-08-20,5.27625,5.3158,5.24461,5.29998,32300
2020-08-21,5.30789,5.45819,5.27625,5.387,143400
2020-08-24,5.41073,5.47401,5.32371,5.39491,94900
2020-08-25,5.37117,5.40282,5.26043,5.29207,30900
2020-08-26,5.32371,5.33953,5.24461,5.3158,47700
2020-08-27,5.32371,5.53729,5.32371,5.45819,78600
2020-08-28,5.50031,5.50031,5.39699,5.47647,49900
2020-08-31,5.45263,5.48442,5.34135,5.42878,39100
2020-09-01,5.42878,5.48442,5.36519,5.38904,39900
2020-09-02,5.41288,5.44468,5.37314,5.40493,23700
2020-09-03,5.39699,5.42878,5.24597,5.30955,44700
2020-09-04,5.30955,5.30955,5.14264,5.15853,55400
2020-09-08,5.11879,5.16648,5.09495,5.15059,32600
2020-09-09,5.19033,5.29366,5.17443,5.28571,45000
2020-09-10,5.23007,5.3493,5.23007,5.32545,34400
2020-09-11,5.32545,5.42083,5.27776,5.3175,90300
2020-09-14,5.38109,5.38109,5.24597,5.28571,69600
2020-09-15,5.28571,5.39699,5.24597,5.3493,124500
2020-09-16,5.3493,5.3652,5.26187,5.26981,32700
2020-09-17,5.27776,5.30161,5.20622,5.22212,41300
2020-09-18,5.22212,5.24597,5.12674,5.22212,56300
2020-09-21,5.18238,5.22212,4.93598,4.95982,78800
2020-09-22,4.96777,4.96777,4.89624,4.92008,17400
2020-09-23,4.92803,4.92803,4.75316,4.75316,30200
2020-09-24,4.73727,4.83265,4.70547,4.81675,20700
2020-09-25,4.85649,4.88034,4.81675,4.86444,51200
2020-09-28,4.84854,5.09495,4.84854,4.98367,73600
2020-09-29,5.08195,5.12191,4.97009,5.08994,58100
2020-09-30,5.12989,5.14588,5.09793,5.13789,27900
2020-10-01,5.16186,5.23377,5.08994,5.13789,88400
2020-10-02,5.11391,5.2098,5.05798,5.17784,69200
2020-10-05,5.19382,5.19382,5.13789,5.14588,36800
2020-10-06,5.2098,5.21779,5.11391,5.14588,26600
2020-10-07,5.19382,5.19382,5.05798,5.1299,40700
2020-10-08,5.17784,5.28971,5.1299,5.2098,219400
2020-10-09,5.19382,5.2897,5.17784,5.26573,197400
2020-10-13,5.30568,5.51344,5.27372,5.39358,105700
2020-10-14,5.38559,5.4655,5.34564,5.38559,65000
2020-10-15,5.28171,5.41755,5.28171,5.38559,27700
2020-10-16,5.41755,5.58535,5.35363,5.3776,121100
2020-10-19,5.39358,5.48946,5.35363,5.39358,36100
2020-10-20,5.36162,5.47348,5.35363,5.46549,33600
2020-10-21,5.48147,5.48946,5.34563,5.36162,45600
2020-10-22,5.33765,5.41755,5.27372,5.2977,48000
2020-10-23,5.25774,5.33765,5.22578,5.27372,32700
2020-10-26,5.32167,5.32167,5.1219,5.1219,36700
2020-10-27,5.13789,5.19382,5.1299,5.1299,32300
2020-10-28,5.11391,5.13789,4.93013,5.00205,68800
2020-10-29,5.03659,5.14101,4.94019,5.09282,64000
2020-10-30,5.08478,5.24544,5.02855,5.12495,64100
2020-11-02,5.17315,5.18118,5.02855,5.07675,36400
2020-11-03,5.13298,5.19724,5.11692,5.13298,26800
2020-11-04,5.14905,5.18118,5.07675,5.09282,30000
2020-11-05,5.17315,5.18118,5.14101,5.16511,32900
2020-11-06,5.16511,5.26151,5.07675,5.09282,43000
2020-11-09,5.15708,5.28561,5.11692,5.16511,38700
2020-11-10,5.22134,5.2856,5.16511,5.20528,101000
2020-11-11,5.3097,5.55872,5.3097,5.43823,181600
2020-11-12,5.44626,5.44626,5.26151,5.29364,119700
2020-11-13,5.41413,5.43823,5.382,5.4061,79200
2020-11-16,5.42216,5.55872,5.34987,5.51052,144200
2020-11-17,5.55872,5.55872,5.36593,5.4302,106400
2020-11-18,5.42216,5.43823,5.34183,5.43823,77700
2020-11-19,5.47036,5.57479,5.34184,5.55069,216500
2020-11-20,5.55872,5.55872,5.42216,5.51856,114300
2020-11-23,5.51052,5.83987,5.51052,5.83184,282400
2020-11-24,5.90413,5.9202,5.79167,5.872,121700
2020-11-25,5.88003,5.91217,5.8238,5.88807,109100
2020-11-26,5.85594,5.9202,5.8238,5.9202,75300
2020-11-27,5.96297,6.03559,5.84193,5.97104,109600
2020-11-30,5.87421,5.93069,5.80965,5.83386,90700
2020-12-01,5.87421,5.93069,5.79352,5.83386,120100
2020-12-02,5.83386,5.85,5.78545,5.78545,107300
2020-12-03,5.85,5.90648,5.80159,5.80159,86000
2020-12-04,5.89841,5.91455,5.84193,5.90648,114300
2020-12-07,5.90648,5.93069,5.80965,5.89034,70700
2020-12-08,5.90648,5.97104,5.84193,5.92262,108600
2020-12-09,5.97103,6.17276,5.9549,6.14048,153200
2020-12-10,6.16469,6.36641,6.15662,6.35834,103900
2020-12-11,6.35028,6.53586,6.33414,6.51166,142100
2020-12-14,6.5762,6.60041,6.318,6.35834,125700
2020-12-15,6.35835,6.52779,6.35835,6.50359,69900
2020-12-16,6.47938,6.57621,6.4229,6.49552,105700
2020-12-17,6.51165,6.51972,6.38255,6.41483,68100
2020-12-18,6.4229,6.54393,6.41483,6.54393,86100
2020-12-21,6.45517,6.45517,6.2131,6.28572,131200
2020-12-22,6.29379,6.43097,6.22117,6.30186,47000
2020-12-23,6.33414,6.41483,6.29379,6.34221,37200
2020-12-24,6.35835,6.43097,6.25345,6.26152,53400
2020-12-29,6.30993,6.47131,6.27765,6.47131,150700
2020-12-30,6.49805,6.49805,6.336,6.40082,94700
2020-12-31,6.39272,6.53856,6.39272,6.48184,151600
2021-01-04,6.44133,6.48184,6.31169,6.35221,135700
2021-01-05,6.3522,6.44133,6.3198,6.40082,110800
2021-01-06,6.44133,6.60338,6.40082,6.49805,76100
2021-01-07,6.49805,6.63579,6.49805,6.55476,84000
2021-01-08,6.56287,6.63579,6.50615,6.59528,110700
2021-01-11,6.59527,7.0328,6.59527,6.99229,228600
2021-01-12,7.00849,7.24346,7.00849,7.18674,187200
2021-01-13,7.19485,7.19485,7.00849,7.049,102400
2021-01-14,7.13003,7.13003,7.0409,7.08951,101500
2021-01-15,7.08951,7.08951,6.91937,7.00039,79000
2021-01-18,7.00849,7.10572,6.92747,7.08951,57200
2021-01-19,7.08951,7.08951,7.00849,7.08951,77300
2021-01-20,7.08952,7.25156,7.0247,7.18674,224300
2021-01-21,7.15434,7.18674,7.0166,7.0409,69500
2021-01-22,7.08141,7.08141,6.95988,7.00039,52400
2021-01-25,7.01659,7.17054,6.96798,6.98419,63500
2021-01-26,7.0328,7.05711,6.96798,6.98419,61400
2021-01-27,6.92747,7.00849,6.6844,6.88696,184200
2021-01-28,6.9626,6.9626,6.79992,6.79992,41600
2021-01-29,6.76739,6.79179,6.62911,6.66978,104800
2021-02-01,6.66978,6.79992,6.66165,6.74299,53400
2021-02-02,6.75926,6.87313,6.70232,6.84059,68900
2021-02-03,6.89753,6.9138,6.84873,6.90566,36800
2021-02-04,6.9138,6.9382,6.75112,6.75926,38400
2021-02-05,6.80806,6.81619,6.66978,6.78366,54600
2021-02-08,6.90566,7.06021,6.87313,6.95447,75900
2021-02-09,7.06021,7.06021,6.79992,6.987,57000
2021-02-10,6.97887,7.09275,6.97887,7.09275,55800
2021-02-11,7.09275,7.16595,7.03581,7.10088,52600
2021-02-12,7.12528,7.12528,6.99514,7.06835,34200
2021-02-16,7.13341,7.14968,6.83246,6.99514,105700
2021-02-17,6.99514,6.99514,6.87313,6.90566,67000
2021-02-18,6.9382,7.11715,6.8894,7.11715,78000
2021-02-19,7.15781,7.28796,7.11715,7.27169,147700
2021-02-22,7.23915,7.27169,7.02767,7.06021,79800
2021-02-23,7.04394,7.15782,6.87313,7.01141,105500
2021-02-24,6.97074,7.15782,6.95447,7.07648,121000
2021-02-25,7.10342,7.10342,6.88297,6.94012,122200
2021-02-26,6.91563,7.20957,6.89114,7.01361,222000
2021-03-01,7.08709,7.33204,7.08709,7.28305,164500
2021-03-02,7.30754,7.71578,7.26672,7.65047,433300
2021-03-03,7.72395,7.74844,7.41368,7.49533,311900
2021-03-04,7.3402,7.55249,7.20956,7.38919,340900
2021-03-05,7.42185,7.6423,7.32387,7.58515,148000
2021-03-08,7.65047,7.8056,7.58515,7.77294,142100
2021-03-09,7.8301,7.96073,7.75661,7.91174,230700
2021-03-10,8.12403,8.12403,7.27488,7.47084,471900
2021-03-11,7.47084,7.52799,7.02177,7.0381,377000
2021-03-12,7.11158,7.25039,6.94829,7.13608,369000
2021-03-15,7.23406,7.26672,7.11159,7.22589,260700
2021-03-16,7.18507,7.32387,7.10342,7.25039,166300
2021-03-17,7.27488,7.29121,7.11158,7.23406,142900
2021-03-18,7.22589,7.37286,7.16058,7.28305,127900
2021-03-19,7.29938,7.38919,7.2014,7.34837,186200
2021-03-22,7.31571,7.49534,7.30754,7.40552,239900
2021-03-23,7.38103,7.5035,7.23406,7.24222,150600
2021-03-24,7.25039,7.29121,7.16058,7.24222,127700
2021-03-25,7.26672,7.27488,7.02994,7.2014,96000
2021-03-26,7.2014,7.20956,7.11975,7.19324,60000
2021-03-29,7.21773,7.21773,7.00544,7.10342,140600
2021-03-30,7.13047,7.21243,7.04851,7.14686,61600
2021-03-31,7.21243,7.36815,7.13047,7.33537,89600
2021-04-01,7.35996,7.38454,7.34356,7.35996,110900
2021-04-05,7.41733,7.42552,7.38454,7.40093,108300
2021-04-06,7.41733,7.41733,7.30258,7.40093,121600
2021-04-07,7.40093,7.40093,7.19604,7.30258,146200
2021-04-08,7.30258,7.41732,7.22062,7.37634,191500
2021-04-09,7.37635,7.44192,7.33537,7.33537,123000
2021-04-12,7.40093,7.49928,7.34356,7.43372,117800
2021-04-13,7.45831,7.48289,7.35995,7.43372,113900
2021-04-14,7.45011,7.54026,7.42552,7.43372,128700
2021-04-15,7.43372,7.45011,7.36815,7.37634,171100
2021-04-16,7.37634,7.4583,7.35995,7.37634,77000
2021-04-19,7.38454,7.43372,7.278,7.31898,116100
2021-04-20,7.31078,7.31078,7.14686,7.18784,144700
2021-04-21,7.17145,7.23702,7.13047,7.20423,132600
2021-04-22,7.28619,7.29439,7.17964,7.23701,53000
2021-04-23,7.21243,7.2616,7.18784,7.21243,38800
2021-04-26,7.35995,7.50748,7.21243,7.4665,93300
2021-04-27,7.49928,7.71238,7.39274,7.63042,252400
2021-04-28,7.69599,7.69599,7.48289,7.58944,132000
2021-04-29,7.55901,7.59191,7.46853,7.55901,66300
2021-04-30,7.50966,7.55078,7.40273,7.45208,98300
2021-05-03,7.49321,7.81399,7.49321,7.69061,241200
2021-05-04,7.67416,7.67416,7.46853,7.60836,188500
2021-05-05,7.63304,7.64126,7.53433,7.56723,118000
2021-05-06,7.62481,7.62481,7.46853,7.55078,123700
2021-05-07,7.49321,7.62481,7.49321,7.55901,119000
2021-05-10,7.53433,7.64948,7.53433,7.57546,140400
2021-05-11,7.55078,7.73174,7.46853,7.64949,288400
2021-05-12,7.55078,8.11832,7.55078,8.10187,443900
2021-05-13,8.00317,8.1759,7.89624,7.92091,265500
2021-05-14,7.98672,8.19235,7.98672,8.15122,266500
2021-05-17,8.19235,8.20058,8.06075,8.1759,147200
2021-05-18,8.18413,8.19235,8.01962,8.03607,147600
2021-05-19,7.83867,8.0443,7.81399,8.0443,103700
2021-05-20,7.98672,8.06075,7.87979,7.96205,117400
2021-05-21,7.9785,8.10187,7.89624,8.0443,93800
2021-05-25,8.1101,8.1101,7.90447,7.95382,129000
2021-05-26,7.98672,7.98672,7.92092,7.9456,83300
2021-05-27,7.92914,8.05252,7.90447,8.0443,127200
2021-05-28,8.03027,8.06328,7.96424,7.9725,92000
2021-05-31,7.99726,8.00551,7.88171,7.88171,53700
2021-06-01,7.85695,7.93123,7.79092,7.8652,122400
2021-06-02,7.88996,7.93948,7.83219,7.8652,124100
2021-06-03,7.86521,7.93123,7.83219,7.91473,41800
2021-06-04,7.91473,8.00551,7.87346,7.9725,82200
2021-06-07,7.98075,8.07153,7.88171,8.00551,109700
2021-06-08,7.94773,8.05502,7.84044,7.95599,297000
2021-06-09,7.96424,7.989,7.89822,7.91473,42200
2021-06-10,7.93123,7.93948,7.84044,7.8487,100300
2021-06-11,7.8652,8.21183,7.8652,8.15406,240400
2021-06-14,8.15406,8.18708,8.01376,8.07153,119800
2021-06-15,7.93123,7.96424,7.46906,7.56809,618400
2021-06-16,7.51032,7.56809,7.1802,7.37002,514200
2021-06-17,7.35351,7.37827,7.24622,7.25447,227500
2021-06-18,7.29574,7.29574,7.10592,7.21321,337700
2021-06-21,7.1802,7.26273,7.09767,7.17195,247600
2021-06-22,7.17194,7.38652,7.03164,7.36177,233200
2021-06-23,7.31225,7.41954,7.22146,7.31225,92600
2021-06-24,7.37827,7.4608,7.27923,7.37002,124200
2021-06-25,7.38652,7.38652,7.24622,7.25447,77200
2021-06-28,7.24622,7.27098,7.08941,7.09767,201800
2021-06-29,7.0753,7.3487,7.0753,7.33213,287800
2021-06-30,7.34041,7.34041,7.19129,7.31556,114000
2021-07-02,7.33213,7.36527,7.23271,7.25757,65700
2021-07-05,7.28242,7.36527,7.19957,7.29899,60200
2021-07-06,7.36527,7.36527,7.17472,7.20786,215200
2021-07-07,7.16643,7.24099,7.09187,7.10844,115200
2021-07-08,7.09187,7.09187,6.94274,6.9676,180900
2021-07-09,7.02559,7.12501,7.0173,7.06701,84100
2021-07-12,7.05044,7.17472,7.00073,7.11672,198800
2021-07-13,7.13329,7.15815,7.00902,7.02559,160200
2021-07-14,7.02559,7.02559,6.94274,6.94274,188400
2021-07-15,6.92617,7.10015,6.92617,6.97588,62000
2021-07-16,6.95931,6.97588,6.91789,6.94274,89800
2021-07-19,6.91789,6.92617,6.71076,6.83504,221200
2021-07-20,6.85989,7.03387,6.79361,6.99245,126800
2021-07-21,6.98416,7.09187,6.95102,6.95102,115300
2021-07-22,7.0173,7.10015,6.95931,6.98416,96900
2021-07-23,6.9593,7.08358,6.94274,7.05872,198100
2021-07-26,7.05044,7.19957,7.05044,7.15815,194300
2021-07-27,7.19129,7.22443,7.0753,7.16643,106700
2021-07-28,7.183,7.183,7.05872,7.05872,93100
2021-07-29,7.16103,7.1943,7.07786,7.18598,133200
2021-07-30,7.16103,7.16103,7.06122,7.10281,86600
2021-08-03,7.0529,7.12776,7.02795,7.07786,108600
2021-08-04,7.02795,7.16935,6.93647,7.003,214600
2021-08-05,6.94478,7.11944,6.89488,7.08617,125200
2021-08-06,7.01964,7.25252,7.01964,7.22756,196200
2021-08-09,7.23588,7.25252,7.18598,7.22756,73600
2021-08-10,7.2941,7.36895,7.22756,7.36064,139600
2021-08-11,7.50203,7.8763,7.50203,7.72659,562900
2021-08-12,7.69332,7.8763,7.59352,7.83471,231500
2021-08-13,7.80976,7.81808,7.62678,7.66837,136900
2021-08-16,7.65174,7.69332,7.50203,7.61015,164400
2021-08-17,7.61015,7.61015,7.46045,7.49371,112100
2021-08-18,7.45213,7.5852,7.44381,7.50203,95500
2021-08-19,7.40222,7.43549,7.30242,7.31074,81500
2021-08-20,7.25252,7.56857,7.25252,7.52698,107600
2021-08-23,7.66005,7.71827,7.52698,7.69332,151500
2021-08-24,7.65174,7.78481,7.65174,7.70996,76500
2021-08-25,7.73491,7.81808,7.6351,7.76817,126100
2021-08-26,7.73491,7.90125,7.73491,7.75154,154500
2021-08-27,7.90125,8.18403,7.78481,8.03433,366800
2021-08-30,8.17036,8.30389,8.05352,8.2872,381200
2021-08-31,8.32892,8.4708,8.22043,8.24547,392800
2021-09-01,8.2872,8.50418,8.2872,8.31223,283100
2021-09-02,8.37065,8.49584,8.27885,8.46245,218700
2021-09-03,8.46245,8.50418,8.39569,8.4708,139800
2021-09-07,8.48749,8.66275,8.48749,8.57095,135000
2021-09-08,8.57095,8.61268,8.41238,8.5626,179700
2021-09-09,8.57095,8.57929,8.45411,8.4708,80100
2021-09-10,8.52922,8.63771,8.4708,8.55426,162500
2021-09-13,8.55426,8.59598,8.48749,8.51253,101400
2021-09-14,8.57095,8.62102,8.48749,8.52922,160400
2021-09-15,8.55426,8.63771,8.45411,8.48749,159000
2021-09-16,8.48749,8.48749,8.37065,8.45411,98300
2021-09-17,8.41238,8.59598,8.2872,8.59598,435200
2021-09-20,8.16201,8.28719,8.03682,8.25381,246100
2021-09-21,8.379,8.379,8.13698,8.31223,129800
2021-09-22,8.34561,8.4708,8.32058,8.40403,119000
2021-09-23,8.43742,8.47915,8.34562,8.34562,60500
2021-09-24,8.33727,8.33727,8.25381,8.26216,92200
2021-09-27,8.35396,8.38735,8.25382,8.34562,89300
2021-09-28,8.33138,8.40674,8.21416,8.28114,117900
2021-09-29,8.28114,8.33976,8.23928,8.29789,70700
2021-09-30,8.33138,8.33976,8.23928,8.23928,84700
2021-10-01,8.22253,8.33138,8.17229,8.28951,123100
2021-10-04,8.26439,8.28951,8.08018,8.11368,146300
2021-10-05,8.13042,8.18904,8.02157,8.17229,123100
2021-10-06,8.08018,8.17229,7.93784,8.17229,136100
2021-10-07,8.22253,8.37325,8.20578,8.34813,124100
2021-10-08,8.37324,8.4486,8.25602,8.28951,96600
2021-10-12,8.28951,8.33138,8.22253,8.30626,136400
2021-10-13,8.32301,8.38162,8.28114,8.32301,71900
2021-10-14,8.3565,8.41512,8.32301,8.39837,63000
2021-10-15,8.49885,8.55746,8.43186,8.49047,122400
2021-10-18,8.46535,8.58258,8.44861,8.52397,110300
2021-10-19,8.55746,8.70818,8.45698,8.70818,169000
2021-10-20,8.70817,8.80028,8.63282,8.72492,115100
2021-10-21,8.79191,8.79191,8.65794,8.70818,133100
2021-10-22,8.69143,8.70818,8.61607,8.64119,99000
2021-10-25,8.67468,8.68305,8.59095,8.68305,91000
2021-10-26,8.68306,8.79191,8.64956,8.71655,88500
2021-10-27,8.72492,8.72492,8.37325,8.41511,142800
2021-10-28,8.42603,8.51844,8.30002,8.51844,146900
2021-10-29,8.50164,8.51845,8.36723,8.46804,83100
2021-11-01,8.51845,8.52685,8.39243,8.46804,81700
2021-11-02,8.43443,8.44283,8.36723,8.41763,112900
2021-11-03,8.44284,8.51844,8.40083,8.40923,92500
2021-11-04,8.45964,8.58565,8.35883,8.54365,131200
2021-11-05,8.56045,8.61925,8.39243,8.41763,185400
2021-11-08,8.41763,8.64445,8.41763,8.59405,155400
2021-11-09,8.56885,8.64445,8.45124,8.53524,85400
2021-11-10,8.53525,9.0561,8.53525,8.86288,387000
2021-11-11,8.94689,8.97209,8.74527,8.88808,111300
2021-11-12,8.88808,8.97209,8.84607,8.87968,69000
2021-11-15,8.92169,8.93849,8.70326,8.82088,89000
2021-11-16,8.79567,8.82927,8.75367,8.79567,45400
2021-11-17,8.82088,8.93009,8.82088,8.82088,76400
2021-11-18,8.82928,8.86288,8.78727,8.82928,58800
2021-11-19,8.75366,8.82087,8.63605,8.66126,105000
2021-11-22,8.68646,8.87128,8.62765,8.64445,87500
2021-11-23,8.66966,8.66966,8.45124,8.55205,150900
2021-11-24,8.40083,8.54365,8.40083,8.50164,104900
2021-11-25,8.51004,8.56885,8.43444,8.47644,30100
2021-11-26,8.40084,8.40084,8.24962,8.29163,157200
2021-11-29,8.41216,8.41216,8.12557,8.22672,151900
2021-11-30,8.17614,8.17614,7.6704,7.98228,229700
2021-12-01,8.08342,8.15086,7.97385,7.99913,167000
2021-12-02,7.99913,8.31101,7.99913,8.18457,115200
2021-12-03,8.26043,8.26043,7.98228,8.04128,113900
2021-12-06,8.10028,8.21829,7.98227,8.10871,77400
2021-12-07,8.15928,8.29415,8.15928,8.20143,79600
2021-12-08,8.23515,8.24358,8.14243,8.15086,44300
2021-12-09,8.134,8.23515,8.134,8.15929,58200
2021-12-10,8.134,8.20986,8.134,8.18457,71300
2021-12-13,8.36158,8.36158,8.09185,8.20986,130600
2021-12-14,8.134,8.15085,7.94013,8.00756,77000
2021-12-15,7.95699,8.0497,7.84741,8.03285,84600
2021-12-16,8.07499,8.10871,7.94856,7.94856,69600
2021-12-17,7.90642,7.99913,7.84741,7.98228,120200
2021-12-20,7.86427,7.9317,7.72098,7.9317,138900
2021-12-21,8.00756,8.11714,8.00756,8.04971,82600
2021-12-22,8.03285,8.05814,7.99913,8.00756,37700
2021-12-23,8.09185,8.24358,8.075,8.22672,78300
2021-12-24,8.26043,8.26043,8.15085,8.24357,26200
2021-12-29,8.23515,8.34473,8.21829,8.28573,67400
2021-12-30,8.33055,8.36438,8.2798,8.2798,49600
2021-12-31,8.36437,8.36437,8.22905,8.30517,29400
2022-01-04,8.37283,8.37283,8.27135,8.31363,81200
2022-01-05,8.31363,8.34746,8.09374,8.18677,84600
2022-01-06,8.20369,8.20369,8.03454,8.11065,180700
2022-01-07,8.19522,8.20368,8.05991,8.20368,59400
2022-01-10,8.20368,8.20368,7.97533,8.12757,108000
2022-01-11,8.08528,8.25443,8.08528,8.20368,73500
2022-01-12,8.2798,8.30517,8.09374,8.1614,110200
2022-01-13,8.19522,8.20368,8.09374,8.17831,64700
2022-01-14,8.15294,8.16985,8.06836,8.1614,58300
2022-01-17,8.20368,8.2798,8.16985,8.23751,57800
2022-01-18,8.2798,8.2798,8.12757,8.24597,89100
2022-01-19,8.28826,8.31363,8.1614,8.1614,66300
2022-01-20,8.12757,8.19523,8.09374,8.1614,102600
2022-01-21,8.0599,8.08528,7.84847,7.86538,171200
2022-01-24,7.78927,7.8823,7.52709,7.8823,237100
2022-01-25,7.95842,7.96688,7.67087,7.94996,102900
2022-01-26,8.04299,8.04299,7.84002,7.93305,62700
2022-01-27,7.93304,8.03453,7.84847,7.86538,116900
2022-01-28,7.88491,8.03768,7.83398,8.02071,72800
2022-01-31,8.0292,8.165,8.02071,8.165,124500
2022-02-01,8.20744,8.30929,8.13954,8.30929,89200
2022-02-02,8.28382,8.30928,8.15651,8.15651,72300
2022-02-03,8.15651,8.17348,8.08861,8.15651,52500
2022-02-04,8.19046,8.19046,8.0971,8.18197,61500
2022-02-07,8.24138,8.24138,8.13953,8.17348,50400
2022-02-08,8.19046,8.30928,8.14802,8.24138,81900
2022-02-09,8.30929,8.37719,8.29231,8.32626,76700
2022-02-10,8.40265,8.40265,8.20743,8.23289,131100
2022-02-11,8.24987,8.27534,8.14802,8.22441,101200
2022-02-14,8.22441,8.27534,8.12256,8.14803,98900
2022-02-15,8.26685,8.26685,8.10559,8.13954,111200
2022-02-16,8.0971,8.17348,8.08861,8.10558,68700
2022-02-17,8.13953,8.13953,7.98676,8.02071,141300
2022-02-18,8.0292,8.0292,7.85096,8.02071,137400
2022-02-22,8.02071,8.06315,7.78306,7.92735,151500
2022-02-23,7.94432,7.97827,7.77457,7.79154,66100
2022-02-24,7.77457,7.86793,7.57087,7.86793,177500
2022-02-25,7.89604,7.9727,7.76828,7.91308,49600
2022-02-28,7.90456,8.10047,7.84493,8.09195,67700
2022-03-01,8.18565,8.20269,8.04085,8.17713,67800
2022-03-02,8.16009,8.29638,8.16009,8.23675,151500
2022-03-03,8.2112,8.22824,8.09195,8.10899,54800
2022-03-04,8.00678,8.08344,7.9216,7.9727,64500
2022-03-07,7.9727,7.99826,7.76828,7.79383,87800
2022-03-08,7.75124,7.81938,7.66606,7.66606,181300
2022-03-09,7.65754,7.77679,7.43608,7.67458,467900
2022-03-10,7.6831,8.01529,7.57237,7.9727,181400
2022-03-11,8.05788,8.07492,7.65754,7.69161,160500
2022-03-14,7.70013,7.70865,7.54681,7.58088,130000
2022-03-15,7.51274,7.58088,7.50422,7.53829,92000
2022-03-16,7.56385,7.87049,7.53829,7.81938,121200
2022-03-17,7.83642,7.86197,7.7342,7.77679,82800
2022-03-18,7.79383,7.98122,7.79383,7.90456,150200
2022-03-21,7.91308,8.04084,7.87049,7.87901,100400
2022-03-22,7.90456,8.02381,7.89604,7.96418,183500
2022-03-23,7.98122,8.07492,7.88753,7.91308,422900
2022-03-24,7.9727,7.9727,7.85345,7.88753,61700
2022-03-25,7.89604,7.93863,7.80235,7.84494,120200
2022-03-28,7.83642,7.87049,7.76827,7.76827,56500
2022-03-29,7.8279,7.9727,7.80235,7.96418,134600
2022-03-30,8.01804,8.01804,7.82144,7.82998,126400
2022-03-31,7.80434,7.84708,7.77869,7.80434,95600
2022-04-01,7.82998,7.82998,7.65902,7.70176,174000
2022-04-04,7.72741,7.77015,7.65902,7.77015,51300
2022-04-05,7.75305,7.75305,7.63338,7.66757,131800
2022-04-06,7.66757,7.71031,7.5479,7.60773,109100
2022-04-07,7.62483,7.71886,7.57354,7.67612,96000
2022-04-08,7.68467,7.7445,7.65902,7.72741,202600
2022-04-11,7.71031,7.73595,7.69321,7.70176,76600
2022-04-12,7.75305,7.75305,7.61628,7.65047,134300
2022-04-13,7.65902,7.68466,7.55644,7.67612,67600
2022-04-14,7.66757,7.71031,7.65047,7.65902,65700
2022-04-18,7.66757,7.68467,7.59919,7.60773,82800
2022-04-19,7.68466,7.80434,7.65902,7.77869,112400
2022-04-20,7.81288,7.84708,7.7274,7.84708,102300
2022-04-21,7.85563,7.88127,7.66757,7.71886,59000
2022-04-22,7.71886,7.71886,7.5137,7.58209,100300
2022-04-25,7.55645,7.55645,7.37694,7.51371,104700
2022-04-26,7.47096,7.49661,7.28291,7.29146,63400
2022-04-27,7.30855,7.37694,7.29146,7.35129,60900
2022-04-28,7.42251,7.52549,7.35387,7.49116,62100
2022-04-29,7.56839,7.56839,7.36245,7.37961,49300
2022-05-02,7.4311,7.4311,7.13934,7.23374,132900
2022-05-03,7.19941,7.36245,7.19941,7.2938,54700
2022-05-04,7.36245,7.40535,7.22515,7.37961,41200
2022-05-05,7.40535,7.41393,7.19941,7.24231,72800
2022-05-06,7.2509,7.3367,7.16509,7.25948,46900
2022-05-09,7.21657,7.21657,6.90766,6.99347,148300
2022-05-10,6.95914,7.1136,6.92482,6.92482,126500
2022-05-11,6.86475,6.97631,6.5301,6.53868,216600
2022-05-12,6.5301,6.82185,6.5301,6.7103,151900
2022-05-13,6.74462,6.95056,6.7103,6.77894,201600
2022-05-16,6.82185,6.9334,6.73604,6.8905,124900
2022-05-17,7.01063,7.17367,6.98489,7.13076,70400
2022-05-18,7.17367,7.17367,6.86475,6.90766,54200
2022-05-19,6.94198,7.02779,6.8905,6.95056,51200
2022-05-20,7.00205,7.01063,6.79611,7.01063,89300
2022-05-24,7.05353,7.05353,6.9334,6.97631,62300
2022-05-25,7.01063,7.06212,6.92482,6.98489,29600
2022-05-26,7.10502,7.22515,7.07928,7.14793,60500
2022-05-27,7.19083,7.25948,7.17367,7.18225,54400
2022-05-30,7.23652,7.33129,7.23652,7.33129,28800
2022-05-31,7.3399,7.34852,7.19345,7.21929,47900
2022-06-01,7.29683,7.37436,7.24514,7.36575,55500
2022-06-02,7.37436,7.52943,7.34851,7.47774,48200
2022-06-03,7.48636,7.48636,7.36575,7.42605,45000
2022-06-06,7.44328,7.53804,7.39159,7.39159,82400
2022-06-07,7.35713,7.45189,7.33128,7.4002,97200
2022-06-08,7.40021,7.4519,7.34852,7.37436,41700
2022-06-09,7.37436,7.44328,7.30544,7.33129,45500
2022-06-10,7.30544,7.37436,7.11591,7.20206,64000
2022-06-13,7.06422,7.11591,6.98669,7.01254,52700
2022-06-14,7.11591,7.11591,6.91777,7.00392,47400
2022-06-15,7.02976,7.1073,6.935,7.03838,68400
2022-06-16,6.90916,6.935,6.7627,6.79716,95300
2022-06-17,6.85747,6.90916,6.74547,6.85747,135100
2022-06-20,6.78855,7.21068,6.78855,7.21068,46800
2022-06-21,7.28821,7.28821,7.02115,7.08146,41900
2022-06-22,6.9953,7.15899,6.935,7.09007,76700
2022-06-23,7.14176,7.18483,6.86608,6.90054,51400
2022-06-24,6.935,6.935,6.74547,6.74547,97400
2022-06-27,6.81439,6.82301,6.66794,6.71963,121400
2022-06-28,6.73686,6.82301,6.5904,6.64209,98700
2022-06-29,6.61873,6.63604,6.53221,6.57547,50900
2022-06-30,6.4976,6.50626,6.39378,6.463,30700
2022-07-04,6.54086,6.57547,6.41108,6.55817,15500
2022-07-05,6.4457,6.463,6.09962,6.20344,77200
2022-07-06,6.29861,6.40243,6.18614,6.34187,51000
2022-07-07,6.32457,6.47165,6.31592,6.44569,87000
2022-07-08,6.38513,6.51491,6.38513,6.51491,29200
2022-07-11,6.52356,6.55817,6.28996,6.42839,186600
2022-07-12,6.4803,6.54087,6.36783,6.44569,156100
2022-07-13,6.35052,6.39378,6.06501,6.09097,85900
2022-07-14,6.05636,6.15153,5.92658,5.95253,161600
2022-07-15,6.10827,6.10827,5.96984,6.0131,81000
2022-07-18,6.09096,6.10827,5.96984,6.0131,147400
2022-07-19,6.09962,6.28996,6.02175,6.26401,202500
2022-07-20,6.25535,6.27266,6.09962,6.14288,154200
2022-07-21,6.21209,6.35918,6.05636,6.30727,144400
2022-07-22,6.31592,6.38513,6.2294,6.2467,45900
2022-07-25,6.31592,6.31592,6.14288,6.18614,60300
2022-07-26,6.19479,6.19479,6.06501,6.08231,76400
2022-07-27,6.09962,6.18614,6.09962,6.16018,45300
2022-07-28,6.20625,6.27579,6.07587,6.24971,89900
2022-07-29,6.2671,6.44094,6.16279,6.32794,100500
2022-08-02,6.2671,6.2671,6.03241,6.16279,135200
2022-08-03,6.18017,6.19756,6.07587,6.07587,122200
2022-08-04,6.07587,6.13671,6.07587,6.10194,75400
2022-08-05,6.16279,6.16279,6.09325,6.11063,44700
2022-08-08,6.08456,6.12802,6.0411,6.12802,113300
2022-08-09,6.14541,6.14541,6.01502,6.01502,80200
2022-08-10,6.11063,6.23233,6.05848,6.17148,165100
2022-08-11,6.12802,6.20625,6.08456,6.12802,51600
2022-08-12,6.13671,6.16279,6.08456,6.11933,74900
2022-08-15,6.08456,6.23233,6.08456,6.19756,81700
2022-08-16,6.24102,6.2584,6.17148,6.17148,40500
2022-08-17,6.18017,6.18017,6.08456,6.10194,78600
2022-08-18,6.1454,6.18017,6.08456,6.17148,51400
2022-08-19,6.11063,6.13671,6.08456,6.11933,79300
2022-08-22,6.10194,6.10194,5.96287,6.01502,93800
2022-08-23,6.02371,6.08456,6.00633,6.06717,34600
2022-08-24,6.06717,6.1541,6.05848,6.08456,30600
2022-08-25,6.08456,6.17148,6.06717,6.17148,55400
2022-08-26,6.1541,6.1541,5.95417,5.96287,90200
2022-08-29,5.93679,5.97156,5.84987,5.93679,79800
2022-08-30,5.887,5.91321,5.79093,5.81713,71800
2022-08-31,5.76472,5.85207,5.74725,5.79093,78300
2022-09-01,5.76472,5.76472,5.48522,5.5551,162000
2022-09-02,5.59003,5.65991,5.5551,5.59877,70500
2022-09-06,5.67738,5.67738,5.52016,5.5551,59000
2022-09-07,5.54636,5.59003,5.50269,5.59003,104600
2022-09-08,5.56383,5.66864,5.50269,5.57256,168100
2022-09-09,5.61624,5.81713,5.57256,5.80839,83800
2022-09-12,5.90447,5.90447,5.78219,5.8608,65700
2022-09-13,5.89574,5.89574,5.80839,5.82586,63300
2022-09-14,5.85207,5.85207,5.5813,5.64244,96700
2022-09-15,5.59003,5.66864,5.52889,5.54636,57900
2022-09-16,5.5813,5.59877,5.49396,5.50269,181300
2022-09-19,5.47649,5.66865,5.47649,5.65118,86200
2022-09-20,5.59003,5.59877,5.51142,5.59877,60900
2022-09-21,5.61624,5.61624,5.50269,5.53763,67000
2022-09-22,5.57256,5.57256,5.42408,5.45028,64500
2022-09-23,5.44155,5.44155,5.25813,5.33674,122400
2022-09-26,5.37167,5.38914,5.24066,5.25813,80300
2022-09-27,5.3018,5.33674,5.17078,5.22319,74700
2022-09-28,5.45418,5.47175,5.18191,5.46296,64500
2022-09-29,5.33122,5.40148,5.2346,5.26974,63400
2022-09-30,5.26974,5.33122,5.23461,5.23461,41200
2022-10-03,5.20826,5.41905,5.20826,5.38392,57500
2022-10-04,5.43661,5.56835,5.43661,5.52444,34400
2022-10-05,5.51566,5.51566,5.26095,5.40148,46000
2022-10-06,5.36635,5.40148,5.30487,5.33122,44100
2022-10-07,5.34,5.34,5.20826,5.24339,55500
2022-10-11,5.33122,5.40148,5.13799,5.13799,56300
2022-10-12,5.12921,5.17312,5.10286,5.15556,37300
2022-10-13,5.14678,5.25217,5.04138,5.17313,84600
2022-10-14,5.12921,5.30487,5.05016,5.0853,50000
2022-10-17,5.10286,5.22582,5.10286,5.12043,52200
2022-10-18,5.22582,5.34,5.22582,5.26974,59300
2022-10-19,5.2346,5.26974,5.19069,5.19947,17300
2022-10-20,5.26095,5.26974,5.11165,5.23461,75300
2022-10-21,5.24339,5.31365,5.10286,5.30487,52600
2022-10-24,5.30487,5.48931,5.2873,5.32243,74000
2022-10-25,5.34878,5.36635,5.25217,5.35757,39300
2022-10-26,5.35757,5.52444,5.31365,5.46296,48400
2022-10-27,5.45418,5.50688,5.41905,5.46296,46600
2022-10-28,5.4921,5.51859,5.41263,5.44795,44600
2022-10-31,5.50093,5.50093,5.35082,5.42146,24600
2022-11-01,5.48327,5.48327,5.30668,5.34199,27000
2022-11-02,5.35965,5.43912,5.35082,5.36848,79800
2022-11-03,5.34199,5.42146,5.33316,5.4038,79500
2022-11-04,5.53625,5.53625,5.3155,5.37731,59200
2022-11-07,5.35965,5.43029,5.35965,5.39497,73600
2022-11-08,5.42146,5.4921,5.33316,5.47444,160400
2022-11-09,5.73933,6.12784,5.73933,5.9071,314100
2022-11-10,6.07486,6.18082,6.03071,6.13667,168900
2022-11-11,6.22497,6.40156,6.1455,6.33975,151000
2022-11-14,6.37507,6.44571,6.12784,6.12784,117200
2022-11-15,6.18082,6.21614,5.93359,6.00422,148300
2022-11-16,6.00422,6.21614,5.98656,6.18965,86800
2022-11-17,6.12784,6.18082,6.08369,6.15433,28300
2022-11-18,6.18965,6.22497,6.11018,6.19848,51000
2022-11-21,6.18965,6.35741,6.13667,6.31327,88200
2022-11-22,6.34858,6.3839,6.28678,6.35741,33600
2022-11-23,6.31326,6.48103,6.26911,6.48103,44600
2022-11-24,6.48103,6.49869,6.3839,6.49869,42500
2022-11-25,6.48103,6.55167,6.4722,6.51635,30600
2022-11-28,6.50752,6.50752,6.2338,6.33975,81700
2022-11-29,6.3779,6.41338,6.24484,6.39564,58400
2022-11-30,6.41338,6.59079,6.35129,6.58192,67400
2022-12-01,6.59079,6.60853,6.47547,6.50208,91300
2022-12-02,6.49322,6.57305,6.42225,6.53757,21500
2022-12-05,6.57305,6.59966,6.40451,6.42225,78600
2022-12-06,6.3158,6.38677,6.29806,6.36903,47700
2022-12-07,6.39564,6.51096,6.30693,6.40451,67000
2022-12-08,6.41338,6.45773,6.33354,6.33354,52500
2022-12-09,6.3158,6.35129,6.25371,6.28919,15900
2022-12-12,6.29806,6.36903,6.21823,6.33354,45200
2022-12-13,6.39564,6.4666,6.29806,6.3779,28100
2022-12-14,6.35129,6.39564,6.32467,6.32467,75300
2022-12-15,6.32468,6.42225,6.27145,6.38677,108300
2022-12-16,6.42225,6.50208,6.29806,6.45773,94800
2022-12-19,6.45773,6.55531,6.45773,6.49321,110400
2022-12-20,6.60853,7.26495,6.5287,7.0077,316900
2022-12-21,7.05206,7.13189,6.98109,7.13189,131300
2022-12-22,7.08754,7.13189,7.0077,7.0077,149000
2022-12-23,7.04319,7.07867,7.0077,7.0077,47600
2022-12-28,7.04319,7.07867,7.0077,7.02544,86100
2022-12-29,6.99249,7.16173,6.99249,7.15282,40100
2022-12-30,7.13501,7.25971,7.09938,7.23299,71000
2023-01-03,7.25972,7.25972,7.20627,7.21518,86500
2023-01-04,7.25972,7.39333,7.25972,7.31316,63800
2023-01-05,7.23299,7.37551,7.23299,7.33098,68000
2023-01-06,7.43787,7.48241,7.36661,7.41114,55900
2023-01-09,7.46459,7.54476,7.39333,7.40224,58000
2023-01-10,7.36661,7.57148,7.36661,7.56257,50900
2023-01-11,7.53585,7.61602,7.50022,7.52694,43100
2023-01-12,7.5982,7.69619,7.57148,7.64274,60900
2023-01-13,7.65165,7.87434,7.65165,7.80308,163600
2023-01-16,7.83871,7.86543,7.74963,7.76745,92100
2023-01-17,7.75854,7.90106,7.74963,7.87434,86800
2023-01-18,7.89215,7.92778,7.65165,7.65165,62400
2023-01-19,7.65165,7.65165,7.4735,7.52694,53100
2023-01-20,7.52694,7.77635,7.42896,7.77635,90400
2023-01-23,7.75854,7.75854,7.62493,7.64274,119600
2023-01-24,7.60711,7.65165,7.55366,7.62493,35200
2023-01-25,7.5893,7.67838,7.54476,7.60711,25900
2023-01-26,7.65165,7.75854,7.64274,7.714,90600
2023-01-27,7.66946,7.76745,7.62493,7.70509,64300
2023-01-30,7.65413,7.6899,7.58259,7.64519,94300
2023-01-31,7.60048,7.68095,7.49318,7.60048,55300
2023-02-01,7.51106,7.75249,7.51106,7.75249,52600
2023-02-02,7.6899,7.93132,7.6899,7.93132,87500
2023-02-03,7.87767,7.94027,7.82402,7.91344,111800
2023-02-06,7.89556,8.00286,7.86873,7.98497,79700
2023-02-07,8.02968,8.16381,7.97603,8.11016,202600
2023-02-08,8.13698,8.13698,7.94026,8.03862,68500
2023-02-09,8.10122,8.12805,8.00286,8.12805,57800
2023-02-10,8.1191,8.1191,8.02074,8.02074,58600
2023-02-13,7.95815,8.12804,7.95815,8.10121,48300
2023-02-14,8.04756,8.11016,8.02968,8.03862,15700
2023-02-15,8.0118,8.0744,8.0118,8.04757,36200
2023-02-16,8.04757,8.14593,7.94921,8.04757,66700
2023-02-17,8.03862,8.15487,8.03862,8.13698,65500
2023-02-21,8.03862,8.11016,8.03862,8.10121,64300
2023-02-22,8.09228,8.1191,8.04757,8.04757,28500
2023-02-23,8.04757,8.10122,8.04757,8.05651,31000
2023-02-24,8.0744,8.10122,8.0118,8.04757,39800
2023-02-27,8.09513,8.13103,8.05923,8.1041,40600
2023-02-28,8.04128,8.13103,8.04128,8.13103,94600
2023-03-01,8.12205,8.22077,8.06821,8.06821,29700
2023-03-02,8.06821,8.11308,8.02333,8.1041,18500
2023-03-03,8.1041,8.22975,8.09513,8.16693,72000
2023-03-06,8.08615,8.16693,8.04128,8.16693,54800
2023-03-07,8.11308,8.22975,8.03231,8.22975,56000
2023-03-08,8.30155,8.49001,8.30155,8.43616,189100
2023-03-09,8.43617,8.57079,8.34642,8.37334,144900
2023-03-10,8.3195,8.46309,8.2836,8.34642,82200
2023-03-13,8.36437,8.36437,8.19385,8.2477,87800
2023-03-14,8.25667,8.41822,8.25667,8.29257,62100
2023-03-15,8.16693,8.22975,7.96949,8.14,101700
2023-03-16,8.13103,8.3195,8.07718,8.3195,134100
2023-03-17,8.27462,8.30154,8.16693,8.16693,79200
2023-03-20,8.16693,8.2836,8.16693,8.27463,49000
2023-03-21,8.25668,8.36437,8.14898,8.19386,64400
2023-03-22,8.16693,8.16693,8.05923,8.05923,48600
2023-03-23,8.11308,8.20283,8.04128,8.12206,68800
2023-03-24,8.05026,8.14001,8.01436,8.11308,39300
2023-03-27,8.12206,8.14898,8.05923,8.07718,50100
2023-03-28,8.07718,8.16693,8.07718,8.12206,29600
2023-03-29,8.14,8.22975,8.14,8.22975,16100
2023-03-30,8.28021,8.28021,8.1811,8.24417,28400
2023-03-31,8.25318,8.29823,8.19011,8.19011,23300
2023-04-03,8.28921,8.28921,8.17208,8.2802,30800
2023-04-04,8.2712,8.2712,8.06397,8.13605,107700
2023-04-05,8.10902,8.10902,7.90179,7.97387,52000
2023-04-06,7.92882,7.92882,7.83872,7.85674,42500
2023-04-10,7.82971,7.95585,7.80268,7.93783,65700
2023-04-11,7.94683,8.02792,7.94683,7.98287,58200
2023-04-12,8.01892,8.05496,7.89278,7.95585,31000
2023-04-13,7.93782,8.02792,7.9198,8.00089,16000
2023-04-14,7.96485,7.96485,7.87475,7.89277,35600
2023-04-17,7.9198,7.9198,7.76663,7.89277,54100
2023-04-18,7.89277,8.05495,7.89277,8.03693,45400
2023-04-19,7.98287,8.07297,7.98287,8.03693,18800
2023-04-20,8.00991,8.06397,7.93783,8.02793,35000
2023-04-21,8.06397,8.07298,7.94684,7.94684,16800
2023-04-24,7.94684,8.07298,7.94684,8.07298,19000
2023-04-25,7.98288,7.98288,7.81169,7.82971,47700
2023-04-26,7.82971,7.9108,7.78466,7.81169,18300
2023-04-27,7.84426,7.88045,7.84426,7.86235,13600
2023-04-28,7.93473,7.93473,7.75378,7.75378,27100
2023-05-01,7.81712,7.85331,7.76283,7.78093,45100
2023-05-02,7.74473,7.89854,7.73569,7.80807,74800
2023-05-03,7.88045,7.89854,7.81711,7.84426,19100
2023-05-04,7.80807,7.82616,7.69045,7.6995,28200
2023-05-05,7.78093,7.81712,7.69045,7.6995,48900
2023-05-08,7.6995,7.82616,7.69045,7.74473,34400
2023-05-09,7.72664,7.82616,7.6814,7.82616,55800
2023-05-10,7.91664,8.12473,7.78092,7.8714,66600
2023-05-11,7.8714,7.8895,7.67236,7.67236,62800
2023-05-12,7.78092,7.80807,7.65426,7.72664,41600
2023-05-15,7.6995,7.82616,7.59092,7.81711,52200
2023-05-16,7.74473,7.82616,7.73569,7.74473,51100
2023-05-17,7.82616,7.91664,7.74474,7.86235,47400
2023-05-18,7.82616,7.8714,7.78092,7.79902,27600
2023-05-19,7.8714,8.04331,7.79902,8.04331,76800
2023-05-23,8.01616,8.01616,7.8533,7.96187,23000
2023-05-24,7.88949,7.88949,7.74473,7.74473,30900
2023-05-25,7.76283,7.76283,7.64521,7.6633,30200
2023-05-26,7.64521,7.78092,7.59997,7.71759,26600
2023-05-29,7.72664,7.85331,7.69045,7.85331,9400
2023-05-30,7.65888,7.84967,7.65888,7.82241,31800
2023-05-31,7.71339,7.71339,7.56803,7.59528,31600
2023-06-01,7.64071,7.64071,7.51352,7.57711,27800
2023-06-02,7.63162,7.7679,7.63162,7.68614,13500
2023-06-05,7.67705,7.74973,7.67705,7.72248,12700
2023-06-06,7.64979,7.74973,7.64979,7.72248,10400
2023-06-07,7.75882,7.80424,7.72247,7.78607,29700
2023-06-08,7.72248,7.81333,7.72248,7.75882,9500
2023-06-09,7.74065,7.78607,7.66796,7.68614,15800
2023-06-12,7.65888,7.65888,7.56803,7.59528,15900
2023-06-13,7.61345,7.64071,7.57711,7.59528,8600
2023-06-14,7.57711,7.7043,7.57711,7.65888,10300
2023-06-15,7.66796,7.66796,7.57711,7.5862,5200
2023-06-16,7.63162,7.74065,7.55894,7.55894,28500
2023-06-19,7.55894,7.70431,7.55894,7.68614,14600
2023-06-20,7.64979,7.7679,7.57711,7.75882,60700
2023-06-21,7.68614,7.73156,7.54077,7.54077,15900
2023-06-22,7.50443,7.51352,7.36815,7.459,28000
2023-06-23,7.36815,7.38632,7.29547,7.37724,26600
2023-06-26,7.36815,7.43175,7.2773,7.2773,28300
2023-06-27,7.3409,7.54986,7.30455,7.53169,23900
2023-06-28,7.44083,7.66797,7.44083,7.64071,34900
2023-06-29,7.54582,7.70093,7.54582,7.60969,18200
2023-06-30,7.60056,7.73743,7.60056,7.70093,13800
2023-07-04,7.74655,7.81955,7.62794,7.7648,14000
2023-07-05,7.71918,7.74655,7.65531,7.71006,14600
2023-07-06,7.63706,7.66443,7.57319,7.57319,22100
2023-07-07,7.45457,7.59144,7.45457,7.49107,12500
2023-07-10,7.48195,7.50019,7.41808,7.44545,21100
2023-07-11,7.50019,7.60056,7.4272,7.60056,19100
2023-07-12,7.54581,7.7648,7.54581,7.73742,25900
2023-07-13,7.73742,7.81042,7.7283,7.75567,26200
2023-07-14,7.74655,8.00203,7.73743,7.92904,55700
2023-07-17,7.92903,8.12065,7.86516,7.91079,85100
2023-07-18,8.07503,8.07503,7.91079,7.92904,12900
2023-07-19,7.95641,8.11153,7.95641,8.07503,24000
2023-07-20,8.07503,8.19365,8.04766,8.1754,41400
2023-07-21,8.16627,8.17539,8.1389,8.1389,136600
2023-07-24,8.11152,8.19364,8.11152,8.14802,6500
2023-07-25,8.03853,8.28489,8.03853,8.21189,57900
2023-07-26,8.02941,8.25751,8.02941,8.22102,13400
2023-07-27,8.23926,8.49475,8.23926,8.35788,121700
2023-07-28,8.41834,8.59239,8.35422,8.4275,34000
2023-07-31,8.4275,8.46414,8.0794,8.12521,45100
2023-08-01,8.10689,8.23513,8.03361,8.19849,35700
2023-08-02,8.22597,8.23513,8.13437,8.18017,29300
2023-08-03,8.20765,8.22597,8.12521,8.16185,18900
2023-08-04,8.23513,8.23513,8.15269,8.18933,19700
2023-08-08,8.17101,8.18017,8.07941,8.11605,22500
2023-08-09,8.10689,8.23514,8.07941,8.20766,25500
2023-08-10,8.41834,8.64735,8.3817,8.63819,147400
2023-08-11,8.60154,8.82139,8.60154,8.77559,203400
2023-08-14,8.79391,9.03208,8.76643,9.03208,269200
2023-08-15,9.05956,9.38934,9.04124,9.13285,253600
2023-08-16,9.16949,9.49926,9.16949,9.38933,185300
2023-08-17,9.40766,9.46262,9.18781,9.38933,124200
2023-08-18,9.30689,9.49926,9.29773,9.48094,179900
2023-08-21,9.51758,9.60918,9.43513,9.52674,139100
2023-08-22,9.60918,9.69163,9.48094,9.49926,176200
2023-08-23,9.5359,9.66414,9.47178,9.65498,59500
2023-08-24,9.68246,9.74659,9.59086,9.70995,74300
2023-08-25,9.71911,9.95727,9.71911,9.94811,139200
2023-08-28,9.92979,10.0397,9.87483,9.92979,77400
2023-08-29,9.91147,10.0031,9.90231,9.96643,84800
2023-08-30,10.0271,10.0639,9.95357,10.0179,89500
2023-08-31,10.0179,10.1833,10.0179,10.0455,119000
2023-09-01,10.1098,10.1098,9.92599,10.0547,40800
2023-09-05,9.86166,10.1098,9.86166,10.0271,52700
2023-09-06,10.0639,10.0639,9.81571,9.81571,40900
2023-09-07,9.81571,10.0087,9.71461,9.92599,72500
2023-09-08,9.95357,10.0087,9.88004,9.88004,38500
2023-09-11,9.9168,9.99033,9.86166,9.92599,68200
2023-09-12,9.926,9.97195,9.87085,9.90761,64100
2023-09-13,9.926,9.97195,9.77895,9.84328,45000
2023-09-14,9.8249,9.95357,9.78813,9.93519,41500
2023-09-15,9.88004,10.0363,9.87085,9.98114,198600
2023-09-18,10.0179,10.1098,9.96276,10.1006,96600
2023-09-19,10.1006,10.2017,9.86166,9.87085,76700
2023-09-20,9.83409,9.99033,9.78813,9.9168,59700
2023-09-21,9.79732,9.84328,9.56756,9.60432,34600
2023-09-22,9.70542,9.70542,9.55837,9.66866,62100
2023-09-25,9.69622,9.75137,9.55836,9.55836,39000
2023-09-26,9.44808,9.49403,9.38374,9.38374,67300
2023-09-27,9.42051,9.50322,9.40212,9.42051,29700
2023-09-28,9.36147,9.57361,9.34303,9.52749,37200
2023-09-29,9.43526,9.57361,9.43526,9.4906,35600
2023-10-02,9.43526,9.44448,9.30614,9.37992,48400
2023-10-03,9.27847,9.36148,9.17701,9.35225,64800
2023-10-04,9.27847,9.46293,9.27847,9.46293,48200
2023-10-05,9.27847,9.4906,9.27847,9.41682,19600
2023-10-06,9.24158,9.59205,9.24158,9.54594,29800
2023-10-10,9.31536,9.87797,9.31536,9.86875,96700
2023-10-11,9.86875,10.0901,9.86875,9.94253,52400
2023-10-12,10.0717,10.0717,9.72118,9.7304,27800
2023-10-13,9.65662,10.0255,9.49983,9.67507,55500
2023-10-16,9.45371,9.75807,9.40759,9.65662,85800
2023-10-17,9.59206,9.7304,9.4906,9.65662,36100
2023-10-18,9.70273,9.71195,9.62895,9.68429,35800
2023-10-19,9.55516,9.68429,9.55516,9.55516,33400
2023-10-20,9.48138,9.6474,9.43526,9.43526,34500
2023-10-23,9.40759,9.62895,9.27847,9.54594,57400
2023-10-24,9.41681,9.79496,9.41681,9.6105,161400
2023-10-25,9.50905,9.77652,9.41682,9.48138,36400
2023-10-26,9.42604,9.64739,9.42604,9.58283,31700
2023-10-27,9.55516,9.56438,9.37992,9.40759,13800
2023-10-30,9.64454,9.82966,9.52422,9.76487,84300
2023-10-31,9.85742,9.88519,9.60752,9.86668,35700
2023-11-01,9.85743,10.0333,9.84817,10.0148,86900
2023-11-02,10.0148,10.3572,9.92222,10.3387,115200
2023-11-03,10.3665,10.4776,10.3295,10.3758,113700
2023-11-06,10.4683,10.5516,10.3202,10.385,73600
2023-11-07,10.3295,10.3943,10.1814,10.311,38200
2023-11-08,10.8385,11.0144,10.6627,11.0144,311100
2023-11-09,10.9774,11.1625,10.5609,10.5979,130000
2023-11-10,10.6442,10.9959,10.5794,10.8756,159400
2023-11-13,10.8663,10.8663,10.6904,10.7367,71800
2023-11-14,10.7923,11.107,10.783,11.107,159500
2023-11-15,11.0884,11.3384,11.0884,11.3384,188800
2023-11-16,11.3013,11.3384,11.0977,11.1717,122900
2023-11-17,11.181,11.1995,11.0977,11.1347,45000
2023-11-20,11.1995,11.2921,11.0977,11.2921,83000
2023-11-21,11.2088,11.255,11.107,11.1255,66800
2023-11-22,11.255,11.255,10.9126,10.9126,77900
2023-11-23,11.0329,11.1255,10.9959,11.0237,18100
2023-11-24,11.0051,11.0051,10.8756,10.9681,40000
2023-11-27,10.9496,11.0422,10.8848,10.9681,29200
2023-11-28,10.9496,10.9959,10.7738,10.8571,56100
2023-11-29,10.8998,11.0297,10.8533,10.9555,46600
2023-11-30,11.0854,11.0854,10.9276,11.0483,39700
2023-12-01,11.0483,11.3083,11.0483,11.3083,99200
2023-12-04,11.1504,11.3083,11.0112,11.299,84600
2023-12-05,11.2618,11.3268,11.104,11.1411,62200
2023-12-06,11.1597,11.429,11.1597,11.2711,58100
2023-12-07,11.3176,11.4475,11.234,11.429,197700
2023-12-08,11.3733,11.7446,11.3733,11.6889,161500
2023-12-11,11.7075,11.7261,11.4754,11.7075,76100
2023-12-12,11.7446,11.8375,11.6425,11.7539,38800
2023-12-13,12.0696,13.0351,11.9767,12.998,474800
2023-12-14,13.0909,13.3694,13.0166,13.2487,236000
2023-12-15,13.128,13.2394,12.998,13.0909,202600
2023-12-18,13.1837,13.3044,12.9609,13.2858,118400
2023-12-19,13.3044,13.6479,13.3044,13.4994,134800
2023-12-20,13.5736,13.6758,13.4251,13.5643,208200
2023-12-21,13.6665,13.7779,13.5551,13.6201,71200
2023-12-22,13.6108,13.6479,13.2951,13.3787,74900
2023-12-27,13.3137,13.4994,13.258,13.4344,52200
2023-12-28,13.4493,13.6261,13.4027,13.4027,51300
2023-12-29,13.4493,13.4865,13.319,13.4027,45500
2024-01-02,13.44,13.4865,13.1421,13.198,73500
2024-01-03,13.1421,13.1421,12.9094,13.0397,135600
2024-01-04,12.7047,12.7512,12.3324,12.6023,179200
2024-01-05,12.5464,13.17,12.5464,13.1514,185900
2024-01-08,13.1793,13.2631,13.0211,13.1328,137800
2024-01-09,13.1142,13.2817,12.9839,13.17,93900
2024-01-10,13.1049,13.4027,13.1049,13.3283,90600
2024-01-11,13.2631,13.3283,12.9746,13.1887,101700
2024-01-12,13.2073,13.3096,12.9932,13.1328,85400
2024-01-15,13.1328,13.1887,12.9839,13.1887,42000
2024-01-16,13.1887,13.3469,13.1235,13.3376,103000
2024-01-17,13.1793,13.3934,13.1235,13.3283,52200
2024-01-18,13.3562,13.44,13.2259,13.44,72100
2024-01-19,13.4027,13.6354,13.2445,13.6354,79900
2024-01-22,13.7192,13.7657,13.5889,13.6726,67200
2024-01-23,13.7471,13.9798,13.7192,13.9239,105800
2024-01-24,13.9612,14.1846,13.9146,13.9612,124200
2024-01-25,13.9426,14.1473,13.8681,14.1008,52700
2024-01-26,14.1939,14.4731,14.1101,14.4172,161400
2024-01-29,14.3055,14.6406,14.2776,14.4079,105300
2024-01-30,14.3669,14.6281,14.3109,14.5348,89500
2024-01-31,14.4882,14.6468,14.2176,14.2829,77500
2024-02-01,14.3016,14.6934,14.3016,14.6934,84700
2024-02-02,14.6747,14.7307,14.5535,14.6561,68900
2024-02-05,14.6654,14.6654,14.4415,14.4415,58800
2024-02-06,14.4135,14.4135,14.0683,14.0963,76700
2024-02-07,14.0963,14.2829,14.0963,14.2176,167100
2024-02-08,14.2269,14.6841,14.2269,14.5535,119500
2024-02-09,14.6188,14.6188,14.2269,14.3296,32000
2024-02-12,14.199,14.4042,14.1803,14.3389,66900
2024-02-13,14.4508,14.8707,14.3296,14.7027,229700
2024-02-14,14.824,15.0759,14.7307,15.0759,193200
2024-02-15,15.0852,15.5237,14.936,15.4677,229900
2024-02-16,15.4677,15.7662,15.4677,15.7476,183500
2024-02-20,15.7476,15.8316,15.4584,15.7756,183300
2024-02-21,15.7009,15.8875,15.2811,15.4491,130100
2024-02-22,15.561,15.7849,15.4024,15.5797,95600
2024-02-23,15.6356,15.6636,15.3371,15.5517,138200
2024-02-26,15.4584,15.8222,15.4584,15.7849,134400
2024-02-27,15.8969,16.0181,15.617,16.0181,181200
2024-02-28,15.9209,16.0144,15.7526,15.9303,120700
2024-02-29,15.9303,16.351,15.9303,15.9303,1213800
2024-03-01,16.1172,16.4538,16.1172,16.3603,245200
2024-03-04,16.3603,16.4164,16.0705,16.1172,142200
2024-03-05,16.2107,16.6408,16.2107,16.3697,255000
2024-03-06,17.4541,18.1366,17.183,17.6598,449500
2024-03-07,16.9586,17.6972,16.9399,17.1362,321800
2024-03-08,17.1643,17.6411,17.1362,17.2858,164800
2024-03-11,17.2952,17.3793,17.0989,17.3326,116900
2024-03-12,17.2578,17.6504,17.2578,17.4915,161300
2024-03-13,17.6317,17.9122,17.4354,17.7439,138100
2024-03-14,17.7813,17.9122,17.5663,17.8842,143500
2024-03-15,17.8561,17.9963,17.3326,17.4915,274100
2024-03-18,17.613,17.8,17.398,17.4261,111300
2024-03-19,17.3606,17.4541,17.1549,17.2952,106100
2024-03-20,17.2858,17.4541,17.1736,17.2204,78900
2024-03-21,17.2391,17.6972,17.2391,17.6878,140900
2024-03-22,17.7439,17.7439,17.2671,17.2858,56300
2024-03-25,17.2671,17.4635,17.0334,17.2858,78700
2024-03-26,17.4354,17.8187,17.2204,17.3419,133100
2024-03-27,17.4984,17.7421,17.3391,17.7421,92200
2024-03-28,17.5828,17.6671,17.4328,17.4703,59900
2024-04-01,17.5453,17.5641,17.1704,17.3204,85700
2024-04-02,17.1517,17.6109,17.1517,17.5359,118800
2024-04-03,17.5359,17.6297,17.1798,17.2735,86000
2024-04-04,17.2922,17.5266,17.2266,17.2641,108800
2024-04-05,17.3204,17.9483,17.3016,17.8358,119600
2024-04-08,17.7702,18.1545,17.7234,18.0514,101300
2024-04-09,18.1639,18.1826,17.7515,17.7984,56700
2024-04-10,17.6765,17.8733,17.5266,17.7234,65000
2024-04-11,17.6015,18.042,17.6015,17.9296,86900
2024-04-12,17.9858,17.9858,17.2173,17.386,100500
2024-04-15,17.3766,17.8358,17.3766,17.4516,77500
2024-04-16,17.3391,17.4703,17.0111,17.2079,91400
2024-04-17,17.236,17.4703,17.0579,17.1142,61200
2024-04-18,17.1142,17.2454,16.7674,17.0486,79800
2024-04-19,17.1235,17.5172,17.1048,17.5172,110000
2024-04-22,17.5172,17.7984,17.3297,17.7421,102700
2024-04-23,17.6484,17.9858,17.6015,17.789,77600
2024-04-24,17.9296,18.2482,17.8359,18.2389,219300
2024-04-25,18.042,18.0889,17.7328,17.7421,131400
2024-04-26,17.8452,18.0608,17.8171,17.939,44600
2024-04-29,18.0959,18.2838,18.0771,18.2462,135900
2024-04-30,18.2274,18.2744,17.7858,17.7858,103800
2024-05-01,17.7294,17.9925,17.5415,17.9079,69500
2024-05-02,18.0207,18.1146,17.8234,17.9831,51100
2024-05-03,18.1053,18.2932,18.0113,18.1334,57700
2024-05-06,18.312,19.0542,18.2838,18.9978,131600
2024-05-07,19.0072,19.0072,18.6502,18.716,53500
2024-05-08,18.4435,18.979,18.3495,18.8851,83600
2024-05-09,19.0542,19.3079,18.9227,19.1576,79300
2024-05-10,19.1763,19.3643,19.0354,19.3079,72600
2024-05-13,19.3361,19.6367,19.1294,19.2421,101100
2024-05-14,19.3079,19.3079,19.0354,19.1388,68000
2024-05-15,19.8434,21.3655,19.8434,21.1494,222000
2024-05-16,21.14,21.14,19.3643,20.238,197300
2024-05-17,20.0689,20.4542,19.8059,19.834,123600
2024-05-21,19.7307,19.9656,19.026,19.9656,171600
2024-05-22,19.8246,20.0219,19.3455,19.5052,141000
2024-05-23,19.7307,19.7307,19.12,19.2797,139200
2024-05-24,19.4582,20.2474,19.4582,20.0971,124200
2024-05-27,19.9656,20.5011,19.9656,20.0689,71400
2024-05-28,20.332,20.5575,20.1065,20.238,85200
2024-05-29,20.2756,20.3226,19.975,20.0501,83300
2024-05-30,20.0971,20.3696,19.9656,20.2944,123500
2024-05-31,20.2257,20.4328,19.8114,20.3952,296400
2024-06-03,20.3481,20.4517,20.1786,20.3669,99100
2024-06-04,20.1974,20.9695,20.1504,20.9319,87800
2024-06-05,21.1202,21.9959,21.0825,21.9771,158600
2024-06-06,21.8735,23.2011,21.8735,22.8904,397300
2024-06-07,23.0599,23.0599,21.3744,21.6569,313600
2024-06-10,21.6569,22.3255,21.6569,22.1654,108100
2024-06-11,22.5985,23.8414,22.5985,23.6531,299600
2024-06-12,23.5966,24.6041,23.5966,24.2652,286500
2024-06-13,24.2369,24.783,24.0768,24.6889,151900
2024-06-14,24.623,24.7454,24.058,24.397,134900
2024-06-17,24.2463,24.51,22.8998,23.8791,209500
2024-06-18,24.1898,24.9996,23.7849,24.8772,281600
2024-06-19,24.7925,24.7925,24.397,24.5853,82500
2024-06-20,24.5382,25.009,24.1051,24.4629,209700
2024-06-21,24.4911,24.4911,23.493,23.5119,242700
2024-06-24,23.5025,23.7944,22.9375,23.7285,234100
2024-06-25,23.9733,24.5477,23.7567,24.3593,137000
2024-06-26,24.3122,24.5759,24.0674,24.2275,99600
2024-06-27,24.2934,25.4139,24.2746,25.0467,180600
2024-06-28,25.3457,25.7513,25.1854,25.2985,176500
2024-07-02,25.2985,25.2985,24.5156,24.9401,178200
2024-07-03,24.9401,25.1476,24.8646,25.0439,81100
2024-07-04,24.9967,25.4495,24.9967,25.3457,44600
2024-07-05,25.2514,25.2514,24.6383,24.8458,86800
2024-07-08,24.9495,25.2703,24.7703,25.2608,152800
2024-07-09,25.2042,25.3269,24.8081,24.9307,155000
2024-07-10,25.0816,25.1759,24.8364,25.0627,66000
2024-07-11,25.0816,25.3363,24.9873,25.2137,121100
2024-07-12,25.3929,25.4212,24.8458,24.8646,68700
2024-07-15,24.8269,25.0156,24.327,24.393,92700
2024-07-16,24.459,24.9495,23.9968,24.7798,141300
2024-07-17,24.5439,24.5534,23.4686,23.7988,158700
2024-07-18,23.9497,24.1949,23.3837,23.5346,94700
2024-07-19,23.3365,23.9025,23.0441,23.761,85900
2024-07-22,23.761,24.3175,23.7516,24.1478,74700
2024-07-23,24.1478,24.7137,24.1478,24.4685,46900
2024-07-24,24.4685,24.5722,23.7139,23.8176,57500
2024-07-25,23.9685,24.2704,23.3743,24.0063,86300
2024-07-26,24.0157,24.7137,24.0157,24.4307,64300
2024-07-29,24.4307,24.7137,24.0346,24.1478,70900
2024-07-30,24.1478,24.6383,24.1383,24.4024,78900
2024-07-31,24.2484,24.6831,24.2484,24.4658,103300
2024-08-01,24.5603,24.5792,23.7759,24.1728,81900
2024-08-02,23.3696,23.6531,22.3017,22.5663,135500
2024-08-06,20.7897,21.9048,19.3534,21.2811,304200
2024-08-07,21.2717,22.056,20.9599,21.215,174500
2024-08-08,22.1033,22.9632,20.8464,22.2923,392700
2024-08-09,22.3112,23.1144,21.8009,23.1144,186400
2024-08-12,23.2562,23.3885,21.4607,21.6119,148500
2024-08-13,21.4512,21.593,20.5157,21.0827,179600
2024-08-14,21.0354,22.2639,21.026,22.2639,219400
2024-08-15,21.9993,24.4563,21.9993,23.8137,235700
2024-08-16,23.9271,23.946,23.3129,23.3507,120500
2024-08-19,23.3601,23.4074,22.8971,23.105,129300
2024-08-20,22.7931,23.0955,22.3773,22.7648,82000
2024-08-21,22.727,23.0577,22.4057,22.9254,92400
2024-08-22,22.916,23.5113,22.2167,22.2356,89200
2024-08-23,22.4151,22.7553,22.4151,22.6419,73300
2024-08-26,22.6797,22.8498,22.1789,22.4246,61700
2024-08-27,21.971,22.2261,21.8481,21.9804,107100
2024-08-28,22.1789,22.2639,21.6024,21.6497,95900
2024-08-29,21.6024,21.9426,21.6024,21.7536,84300
2024-08-30,22.0159,22.0159,21.3247,21.7129,105200
2024-09-03,21.5898,21.5898,20.7565,21.0785,117800
2024-09-04,20.9648,21.1164,20.7186,20.7565,56200
2024-09-05,20.7471,21.1732,20.5671,20.6334,60700
2024-09-06,20.8228,20.8418,19.8285,20.0463,164500
2024-09-09,20.141,20.9743,20.141,20.8039,173200
2024-09-10,20.8986,20.8986,20.3209,20.7092,138200
2024-09-11,20.7092,21.2679,20.5861,21.1448,127400
2024-09-12,21.2016,21.3341,20.6808,21.0217,149500
2024-09-13,21.2205,21.3057,20.8323,20.8323,95700
2024-09-16,20.927,21.3531,20.5482,21.2773,180300
2024-09-17,21.23,21.5804,21.1069,21.4383,119200
2024-09-18,21.6182,21.7887,21.3152,21.3815,131400
2024-09-19,21.8171,21.8171,21.4573,21.5425,202100
2024-09-20,21.6277,21.675,21.1069,21.3057,1573900
2024-09-23,21.5614,21.836,21.4478,21.6845,101100
2024-09-24,21.7035,21.7508,21.0217,21.5141,132200
2024-09-25,21.4288,21.7224,21.3247,21.6561,68000
2024-09-26,21.6845,22.6693,21.6845,22.1485,229100
2024-09-27,22.1267,22.6485,22.1267,22.5347,108300
2024-09-30,22.6201,22.9996,22.3734,22.9142,124200
2024-10-01,22.9142,22.9142,22.2595,22.6011,142600
2024-10-02,22.639,23.2178,22.4872,23.123,95500
2024-10-03,23.1799,23.7112,23.1609,23.6922,109000
2024-10-04,23.7017,24.5462,23.6638,24.5272,122100
2024-10-07,24.4418,24.9257,24.4323,24.8593,98700
2024-10-08,24.7739,25.4381,24.6221,25.3242,107100
2024-10-09,25.8081,28.8254,25.8081,28.332,321200
2024-10-10,28.4649,30.9982,28.389,30.8844,383200
2024-10-11,30.6472,30.8274,29.7458,30.2676,235900
2024-10-15,30.4005,30.4005,28.9772,29.4516,252600
2024-10-16,29.2808,30.3056,29.2808,29.6129,134700
2024-10-17,29.7173,29.8976,28.8634,28.8634,95700
2024-10-18,28.5502,29.2334,28.4079,28.5692,138800
2024-10-21,28.4933,28.74,27.7248,28.4364,201000
2024-10-22,28.0094,28.4459,27.9904,28.1992,191000
2024-10-23,28.1517,28.3984,27.3927,27.7248,83900
2024-10-24,28.0189,28.5787,27.924,28.2466,139400
2024-10-25,28.4649,29.7742,28.2561,29.1955,119000
2024-10-28,29.7647,29.7647,28.759,28.9203,130100
2024-10-29,28.8159,29.1575,28.5597,29.0626,70100
2024-10-30,28.8444,29.3473,28.6546,29.167,83300
2024-10-31,29.0311,29.4017,28.4989,28.803,104400
2024-11-01,29.0216,29.4587,28.841,29.4017,80000
2024-11-04,29.4967,29.9339,29.2782,29.5252,118300
2024-11-05,29.5062,29.5443,28.7745,29.5443,112000
2024-11-06,29.2687,29.2687,25.2205,26.95,684500
2024-11-07,26.9785,28.3089,26.1517,28.0808,354500
2024-11-08,28.2709,28.2709,27.3206,27.6342,160300
2024-11-11,27.7767,28.4989,27.5962,28.0333,217000
2024-11-12,28.0238,28.1758,27.083,27.121,199200
2024-11-13,27.3111,27.8147,26.5224,26.6079,219500
2024-11-14,26.7789,27.7767,26.7789,27.4061,239200
2024-11-15,27.083,27.4631,26.9405,27.2731,78300
2024-11-18,27.5106,28.0048,27.4346,27.8813,102800
2024-11-19,27.3206,27.9858,27.3206,27.9288,82700
2024-11-20,27.9763,27.9763,27.3396,27.8528,89500
2024-11-21,28.1188,28.8506,28.1188,28.4989,121700
2024-11-22,28.3944,28.6035,28.0903,28.4324,65800
2024-11-25,28.4514,29.1926,28.2519,29.1166,747200
2024-11-26,28.6035,28.9551,28.0428,28.8696,168500
2024-11-27,28.8696,29.3637,28.841,29.0121,93400
2024-11-28,29.1641,29.3637,28.9836,29.1356,34400
2024-11-29,29.3928,29.6404,29.2785,29.3833,94900
2024-12-02,29.3928,29.3928,29.069,29.1833,112300
2024-12-03,29.2214,29.3737,29.0404,29.3356,89400
2024-12-04,29.4499,29.5261,28.507,28.6213,121200
2024-12-05,28.6404,28.8023,27.9832,28.5832,133400
2024-12-06,28.7642,29.069,28.2498,28.4975,172600
2024-12-09,28.4213,28.4213,26.4402,26.4688,324200
2024-12-10,26.2878,26.8783,25.6306,26.1544,166900
2024-12-11,26.4592,26.6688,26.2021,26.2402,78800
2024-12-12,26.2116,26.2116,25.5544,25.8306,118200
2024-12-13,25.8401,26.6402,25.8401,26.2402,125600
2024-12-16,26.2592,26.545,25.964,26.183,77000
2024-12-17,25.8497,26.2211,25.3353,25.6973,149800
2024-12-18,25.7068,25.7068,24.6877,24.9544,193800
2024-12-19,25.1639,25.2401,24.2495,24.6972,171500
2024-12-20,24.6496,25.0686,24.3638,24.7829,187200
2024-12-23,24.7639,25.0496,24.44,24.9258,172400
2024-12-24,25.0305,25.221,24.7924,25.0305,35100
2024-12-27,24.9067,25.2306,24.6686,24.9353,61300
2024-12-30,24.7543,24.7543,24.2591,24.4686,103900
2024-12-31,24.4017,24.9079,24.3444,24.8888,83300
2025-01-02,25.0894,25.3377,24.6978,25.0416,85800
2025-01-03,25.1562,26.0349,25.1371,25.9203,600200
2025-01-06,26.3883,26.5793,24.6214,24.6978,201100
2025-01-07,24.6883,24.9843,22.7972,22.8641,483800
2025-01-08,22.7304,23.4562,22.0714,23.4085,289200
2025-01-09,23.4085,23.695,22.9023,23.2843,114500
2025-01-10,23.036,23.1411,22.5012,22.7781,119900
2025-01-13,22.5489,22.6444,22.2051,22.272,190000
2025-01-14,22.2147,22.5776,21.6798,21.8995,244800
2025-01-15,22.3484,22.3484,21.7562,21.8899,159600
2025-01-16,21.9377,22.1669,21.6321,21.6703,247900
2025-01-17,21.9281,21.9281,21.0113,21.5175,315800
2025-01-20,21.5652,21.718,21.3169,21.6703,112800
2025-01-21,21.8517,22.1669,21.5652,22.1669,227400
2025-01-22,22.2051,23.3894,22.2051,23.3225,313300
2025-01-23,23.3034,23.695,23.1124,23.695,405100
2025-01-24,23.8001,25.2422,23.8001,24.9557,348100
2025-01-27,24.354,24.4495,23.1029,23.2652,386200
2025-01-28,23.5326,23.8001,23.2079,23.6186,228400
2025-01-29,23.6377,24.3158,23.036,23.418,175900
2025-01-30,23.7905,23.8765,23.3703,23.4944,88200
2025-01-31,23.5327,23.5327,22.6324,22.6612,215300
2025-02-03,20.2188,22.393,20.2188,22.2685,213900
2025-02-04,22.6516,22.9581,22.3642,22.5175,113500
2025-02-05,22.4983,23.3795,22.4792,23.1305,133500
2025-02-06,22.9102,23.9159,22.9102,23.6189,192500
2025-02-07,23.6189,24.2415,23.4849,23.6094,334600
2025-02-10,23.6285,24.4522,23.6285,23.9063,238400
2025-02-11,23.8871,24.0883,23.4753,23.4753,89600
2025-02-12,23.5711,23.7051,22.8623,22.9485,109900
2025-02-13,22.9868,23.1592,22.4026,22.7953,128600
2025-02-14,23.006,23.006,22.3068,22.3259,103300
2025-02-18,22.5462,22.5558,21.9141,21.9237,153700
2025-02-19,21.9428,21.9907,21.5789,21.7034,179300
2025-02-20,21.7417,21.7417,20.9659,21.0138,241000
2025-02-21,21.1479,21.1479,20.3625,20.6211,175600
2025-02-24,20.6307,21.0138,20.0464,20.6498,176300
2025-02-25,20.7935,21.0617,20.3721,20.9563,158200
2025-02-26,21.2341,21.3777,20.851,21.1,116400
2025-02-27,21.0042,21.2532,20.7169,20.918,172600
2025-02-28,20.7931,21.2063,20.6105,21.2063,174700
2025-03-03,21.3312,21.5906,20.745,20.8988,173200
2025-03-04,20.4087,20.8892,19.102,19.8707,306100
2025-03-05,19.8995,20.6393,19.8899,20.3703,151300
2025-03-06,20.0724,20.5625,19.371,19.7938,213000
2025-03-07,19.8322,20.2262,19.3134,19.9667,254200
2025-03-10,20.034,20.1397,19.1116,19.9379,491500
2025-03-11,19.9764,20.8123,19.7073,20.3991,163600
2025-03-12,20.5529,20.7835,20.2646,20.2934,147300
2025-03-13,20.1685,20.8988,19.3806,19.6304,535600
2025-03-14,20.1877,21.2735,20.1877,20.6682,376300
2025-03-17,20.7643,21.0141,20.5913,20.7835,275200
2025-03-18,20.7835,21.1582,20.5625,21.1582,211800
2025-03-19,21.1294,21.6194,20.7835,21.3792,162000
2025-03-20,21.2447,21.3792,20.8988,21.0429,105600
2025-03-21,20.918,21.0045,20.5529,20.8892,250400
2025-03-24,21.0045,21.5426,21.0045,21.3792,82400
2025-03-25,21.3696,21.4849,21.1582,21.4561,99400
2025-03-26,21.4849,21.9557,21.2159,21.3984,139300
2025-03-27,21.2447,21.408,20.7547,21.2351,94000
2025-03-28,21.2063,21.2735,20.4183,20.4856,321800
2025-03-31,20.3024,21.0158,20.0422,20.9869,349600
2025-04-01,20.8809,21.305,20.582,21.1701,144800
2025-04-02,20.9676,21.3436,20.9676,21.0833,114400
2025-04-03,20.3217,20.7748,19.9072,19.9458,189100
2025-04-04,19.3866,20.4856,18.1237,18.2973,358100
2025-04-07,17.5935,19.1167,16.8898,18.4804,243400
2025-04-08,19.5891,19.7722,17.5453,17.7188,141300
2025-04-09,17.526,19.9554,17.3429,19.7337,176800
2025-04-10,19.4348,19.4348,18.1623,18.5672,128000
2025-04-11,18.3937,18.9817,18.2683,18.8468,100500
2025-04-14,19.2709,19.4637,18.6154,19.3673,137800
2025-04-15,19.3384,19.7722,19.0396,19.7529,207100
2025-04-16,19.5891,20.1482,19.5119,19.7144,94300
2025-04-17,19.9265,20.3024,19.8108,20.1482,154800
2025-04-21,19.9554,20.1771,19.5891,19.8493,93200
2025-04-22,20.6206,20.8423,20.1289,20.1771,245900
2025-04-23,20.2446,21.2858,19.8686,19.8976,208800
2025-04-24,19.9265,20.6495,19.9265,20.235,193100
2025-04-25,20.2542,20.2639,19.724,19.9361,123100
2025-04-28,20.0614,20.4953,19.859,20.235,265400
2025-04-29,20.3988,20.7363,20.1193,20.6013,116800
2025-04-30,20.4369,20.5819,20.0306,20.4175,142300
2025-05-01,20.6206,21.5491,20.5626,21.4524,217900
2025-05-02,21.7329,22.41,21.7039,22.3519,194100
2025-05-05,22.1585,23.5706,22.0037,23.4545,255900
2025-05-06,23.5222,23.9478,22.7775,22.8258,169200
2025-05-07,23.0193,23.4352,22.7775,23.1063,135700
2025-05-08,23.7834,24.3443,23.2127,23.8801,155100
2025-05-09,24.0639,24.0639,23.3771,23.677,206300
2025-05-12,24.4411,24.6538,23.7544,24.3443,259000
2025-05-13,24.6248,25.3792,24.3734,25.1471,313400
2025-05-14,25.1858,25.4856,25.0311,25.1278,200700
2025-05-15,25.4856,26.1627,23.3094,24.1993,452900
2025-05-16,24.0058,24.6442,23.8704,24.4798,354800
2025-05-20,24.5088,25.4469,24.4507,25.0117,341900
2025-05-21,25.0601,25.7371,24.9343,25.2922,355700
2025-05-22,25.0697,25.8435,25.0697,25.6887,165600
2025-05-23,25.6597,26.0176,25.0601,25.1761,178100
2025-05-26,25.2438,25.6307,25.1278,25.4373,78600
2025-05-27,25.4856,25.9692,25.3502,25.8919,320500
2025-05-28,25.7371,26.2497,25.621,26.2497,252000
2025-05-29,26.2594,26.4335,26.0176,26.2884,217300
2025-05-30,26.3272,26.589,26.1236,26.2205,405600
2025-06-02,26.1817,26.4242,25.7454,25.8424,129700
2025-06-03,26.0072,26.6666,25.8617,26.4436,139600
2025-06-04,26.4339,26.812,25.9102,26.0945,134300
2025-06-05,26.1623,26.4436,25.9781,26.4145,82800
2025-06-06,26.7442,26.8411,26.3757,26.6375,96200
2025-06-09,26.6375,26.9672,26.5211,26.909,171300
2025-06-10,26.9478,27.0351,26.463,26.7345,159600
2025-06-11,26.8314,27.1999,26.5696,26.6763,93300
2025-06-12,26.7345,27.4133,26.6181,27.0836,122600
2025-06-13,27.0351,27.3745,26.6569,27.0933,174400
2025-06-16,27.4908,27.4908,27.0739,27.3648,93500
2025-06-17,27.4423,27.5878,26.5599,26.6375,129700
2025-06-18,26.812,27.0157,26.686,26.7733,64600
2025-06-19,26.9963,27.1805,26.6666,26.686,60300
2025-06-20,27.006,27.006,26.2884,26.4727,222200
2025-06-23,26.269,26.9672,26.2205,26.6957,94800
2025-06-24,26.9963,27.2581,26.6957,27.1708,84700
2025-06-25,27.2096,27.4423,26.9575,27.1708,111900
2025-06-26,27.3842,27.5393,27.0351,27.4423,155200
2025-06-27,27.5878,27.6169,27.103,27.4036,209100
2025-06-30,27.2772,28.084,27.2189,27.9868,102300
2025-07-02,27.7535,28.1035,27.6271,27.9674,109400
2025-07-03,28.0354,28.3368,27.8604,28.2201,66400
2025-07-04,27.909,28.6381,27.909,28.5215,47700
2025-07-07,28.5215,28.8325,28.1326,28.1618,90100
2025-07-08,28.3951,28.5992,28.1812,28.5215,59400
2025-07-09,28.6576,28.92,28.4437,28.8423,87600
2025-07-10,28.9589,29.3283,28.852,28.8714,150800
2025-07-11,28.8714,29.0367,28.6673,28.8228,79300
2025-07-14,28.6867,29.1436,28.6867,29.0367,109700
2025-07-15,29.1436,29.1436,28.8325,28.9686,51300
2025-07-16,28.9881,29.4936,28.8131,29.4547,68000
2025-07-17,29.3089,29.5325,29.0367,29.1242,82000
2025-07-18,29.4061,29.4061,28.6284,28.6965,137100
2025-07-21,28.9686,29.2894,28.6673,28.8714,157800
2025-07-22,28.6867,28.9492,27.5299,28.3951,195100
2025-07-23,28.3465,28.7645,28.0451,28.0938,131700
2025-07-24,28.1812,28.2104,27.6271,27.9188,179300
2025-07-25,27.9965,28.1229,27.666,27.9479,103200
2025-07-28,28.3076,28.3076,27.7146,27.8507,133500
2025-07-29,27.773,27.8896,27.3452,27.8021,167800
2025-07-30,27.8216,28.3659,27.6466,28.0743,167200
2025-07-31,28.1425,28.3569,28.0061,28.1133,89200
2025-08-01,27.9184,28.2692,27.324,27.3922,126300
2025-08-05,27.7917,27.9281,27.2363,27.8989,102700
2025-08-06,27.7722,28.3277,27.7722,28.2497,106500
2025-08-07,28.4446,28.4446,27.7917,27.9964,92700
2025-08-08,28.2887,28.7175,28.123,28.2984,92900
2025-08-11,28.2302,29.2242,28.2302,29.0488,98600
2025-08-12,29.0585,29.7699,29.039,29.5457,126100
2025-08-13,29.6919,29.6919,28.8149,29.3119,181500
2025-08-14,27.2363,27.2363,24.6539,24.7904,1220700
2025-08-15,25.3361,25.3361,23.241,23.8841,949600
2025-08-18,23.8841,23.9913,22.9973,23.241,538200
2025-08-19,23.2799,23.6697,22.5101,22.7148,694300
2025-08-20,22.7537,23.1922,22.2275,22.8512,380800
2025-08-21,22.8902,22.9681,22.4711,22.9291,437800
2025-08-22,23.0753,23.7379,23.0168,23.1533,246300
2025-08-25,23.1533,23.1533,22.4614,22.5101,291200
2025-08-26,22.4614,22.5101,21.9449,22.208,551400
2025-08-27,22.2665,22.5783,22.0521,22.3055,290100
2025-08-28,22.4029,22.6465,22.1983,22.4127,272100
2025-08-29,22.3443,22.3931,22.0412,22.0999,323000
2025-09-02,22.0901,22.745,21.8946,22.657,329100
2025-09-03,22.9112,22.96,22.2367,22.4615,447000
2025-09-04,23.6149,25.5405,23.6051,25.4232,1367200
2025-09-05,25.5405,25.8728,25.0322,25.648,388000
2025-09-08,25.6871,25.7946,25.1788,25.5991,305300
2025-09-09,25.4036,25.5991,25.1006,25.2668,222600
2025-09-10,25.4134,25.951,25.3059,25.8728,205500
2025-09-11,25.6675,27.6908,25.6675,27.6517,453200
2025-09-12,27.6517,27.6517,26.9871,27.2803,225700
2025-09-15,27.7788,28.1893,27.3096,28.1111,285100
2025-09-16,28.1014,28.2284,27.4172,27.5149,159700
2025-09-17,27.5247,27.8472,27.2217,27.2901,116800
2025-09-18,27.4074,27.8668,27.4074,27.5833,167900
2025-09-19,27.6029,27.9059,27.4172,27.7984,356900
2025-09-22,27.7006,28.1111,27.6615,28.0818,165500
2025-09-23,28.0134,28.5412,27.7202,28.0036,357900
2025-09-24,28.0623,28.3164,27.6126,28.1991,212500
2025-09-25,27.9548,28.6781,27.9548,28.6096,229400
2025-09-26,28.7172,28.7367,28.248,28.5999,254200
2025-09-29,28.6586,29.0016,28.6586,28.9232,175900
2025-09-30,29.0996,29.5894,28.8938,29.5698,181600
2025-10-01,29.2661,29.8442,29.2661,29.5306,277000
2025-10-02,29.4131,29.7462,29.2955,29.6384,179400
2025-10-03,29.5796,29.7756,29.2857,29.6874,174300
2025-10-06,29.805,30.7162,29.7462,30.5888,304600
2025-10-07,30.7652,31.1179,29.7364,30.0499,210800
2025-10-08,30.0695,30.1871,29.9618,30.1185,136400
2025-10-09,30.1577,30.2753,29.6188,29.8736,210800
2025-10-10,30.0793,30.0793,29.2073,29.6678,234200
2025-10-14,29.2955,29.8148,29.2955,29.5894,174700
2025-10-15,30.0303,30.0303,28.9918,29.3935,166900
2025-10-16,29.5111,29.5111,28.9722,29.1485,114900
2025-10-17,28.9232,28.9526,28.3647,28.6586,164000
2025-10-20,28.8448,29.0996,28.7468,28.982,75700
2025-10-21,29.0114,29.1877,28.737,29.0212,80300
2025-10-22,29.031,29.3935,28.5019,29.3151,111200
2025-10-23,29.3935,29.7364,29.3543,29.4425,96000
2025-10-24,29.7168,30.3733,29.609,29.9422,164400
2025-10-27,30.1675,30.9513,29.952,30.5692,374400
2025-10-28,30.5692,30.5692,29.8148,29.952,169400
2025-10-29,29.8148,30.2851,29.805,30.1773,140500
2025-10-30,30.1577,30.481,29.3935,29.5992,146100
2025-10-31,29.7564,29.7564,29.0886,29.5796,161900
2025-11-03,29.7073,29.7171,28.902,29.3537,124700
2025-11-04,29.2064,29.2064,28.4993,28.6859,228900
2025-11-05,28.5779,30.326,28.5779,29.7367,213100
2025-11-06,29.5109,29.5796,27.8217,27.8414,233700
2025-11-07,27.8414,28.9118,27.0852,28.3422,339800
2025-11-10,28.9707,28.9707,26.9379,26.9575,301200
2025-11-11,27.2521,27.3405,26.7414,26.9182,118300
2025-11-12,26.9673,27.3503,26.9084,27.2325,86400
2025-11-13,25.1014,25.8772,23.1373,25.0719,890500
2025-11-14,24.8363,25.5335,24.8363,25.1309,243400
2025-11-17,25.1702,25.1898,24.3158,24.4827,250600
2025-11-18,24.3649,24.7381,23.9524,24.63,493600
2025-11-19,24.8559,25.5532,24.6693,25.5139,181800
2025-11-20,25.7201,26.1228,24.7184,24.8166,229300
2025-11-21,25.013,25.013,24.4729,24.5907,142600
2025-11-24,24.6693,25.0916,24.3943,24.8166,454000
2025-11-25,25.2684,25.6317,24.9541,25.5826,232300
2025-11-26,25.7299,26.1817,25.5826,26.054,153000
2025-11-27,26.0933,26.1915,25.8871,25.9656,67300
2025-11-28,26.1429,26.1429,25.8179,26.0739,101300
2025-12-01,25.7785,26.5663,25.5225,26.0936,164400
2025-12-02,26.1429,26.2709,25.8376,25.9952,80000
2025-12-03,26.2512,26.3103,25.9065,26.0936,99100
2025-12-04,26.0936,26.9995,26.0936,26.9109,166200
2025-12-05,26.9306,27.1965,26.5958,26.7829,84400
2025-12-08,26.8321,27.2063,26.6647,27.1866,107000
2025-12-09,27.1177,28.063,27.1177,27.7873,126900
2025-12-10,27.6002,28.3781,27.6002,28.1417,153700
2025-12-11,28.122,28.6538,27.994,28.2697,193900
2025-12-12,28.319,28.6045,27.6002,27.6888,114700
2025-12-15,27.7183,27.8562,27.1472,27.6494,137500
2025-12-16,27.7085,27.9251,27.5312,27.7577,279200
2025-12-17,27.9743,29.9338,27.9743,28.9295,617400
2025-12-18,28.9984,29.2446,27.9842,28.3091,132300
2025-12-19,28.5061,28.6833,28.2993,28.6833,108300
2025-12-22,28.7325,29.4415,28.447,28.5947,98100
2025-12-23,28.5553,28.7522,28.3879,28.6931,72400
2025-12-24,28.8507,28.8605,28.4568,28.8015,27400
2025-12-29,28.5553,28.8704,28.5061,28.6636,51400
2025-12-30,28.447,28.7916,28.1122,28.1319,87200
2025-12-31,28.1911,28.5168,28.0332,28.1516,53600
2026-01-02,28.3885,28.9117,28.3194,28.8623,101300
2026-01-05,28.9709,29.3559,28.734,28.8821,123900
2026-01-06,28.8821,29.5138,28.4083,29.3559,156200
2026-01-07,29.3065,29.6125,29.0005,29.2374,138600
2026-01-08,29.4546,29.5039,28.5761,29.3065,118700
2026-01-09,28.9413,29.6421,28.9413,29.6323,171000
2026-01-12,29.4842,30.0073,29.4842,29.9481,176500
2026-01-13,29.9679,30.0764,29.6816,30.0468,160400
2026-01-14,30.0764,30.1357,28.813,28.9216,324400
2026-01-15,28.9907,29.4348,28.8327,29.1091,368400
2026-01-16,29.3065,29.5434,28.3589,29.5138,519600
2026-01-19,29.3361,29.8001,29.1782,29.5138,134500
2026-01-20,29.5928,29.652,29.1486,29.5533,129000
2026-01-21,29.5632,29.7112,28.7735,29.2078,141100
2026-01-22,29.2769,29.958,29.1782,29.8494,256500
2026-01-23,29.8395,30.2048,29.1091,29.2572,201900
2026-01-26,29.267,29.8988,29.0992,29.8593,205200
2026-01-27,29.8889,30.5009,29.7408,30.0567,203900
2026-01-28,30.1949,30.2837,29.3756,30.0863,177300
2026-01-29,30.1061,30.797,29.6323,30.264,341500
2026-01-30,29.9672,30.1552,29.2549,29.8386,158500
2026-02-02,29.7001,30.541,29.6803,30.3431,187300
2026-02-03,30.3431,31.1643,30.2442,31.0456,255200
2026-02-04,31.1148,31.2632,30.076,30.5509,177600
2026-02-05,30.4915,30.4915,29.5121,29.7396,148800
2026-02-06,29.9771,31.0851,29.888,31.0851,240500
2026-02-09,31.0851,31.6095,30.6399,31.4512,260500
2026-02-10,31.5402,31.6194,30.9763,31.1643,208200
2026-02-11,31.1643,31.4908,30.6696,30.8477,132700
2026-02-12,31.1247,31.1841,29.1856,29.522,247800
2026-02-13,29.5418,30.1057,29.0372,29.9969,192700
2026-02-17,29.8781,30.5806,29.7891,30.4025,147500
2026-02-18,30.4816,30.9961,30.4717,30.9367,166400
2026-02-19,30.8081,31.1445,30.729,30.9862,195700
2026-02-20,30.917,32.2427,30.9071,31.9063,425100
2026-02-23,32.1338,32.1536,30.8675,31.0159,467600
2026-02-24,31.1346,31.2632,30.9071,31.1544,184700
2026-02-25,31.2434,31.9063,30.9763,31.748,181100
2026-02-26,31.7381,31.9261,31.2731,31.7777,212900
2026-02-27,31.619,31.7281,31.3315,31.5496,247700
2026-03-02,31.4108,32.8882,31.2026,32.7989,283400
2026-03-03,32.095,32.3032,31.4307,32.1644,193200
2026-03-04,32.1644,32.3329,31.8967,31.9562,149200
2026-03-05,31.7975,31.9165,31.2224,31.5199,145600
2026-03-06,31.2621,31.6488,30.6573,31.391,159400
2026-03-09,30.7763,31.2324,29.9831,31.2125,176400
2026-03-10,31.1332,32.095,31.0142,31.6587,255500
2026-03-11,31.5496,32.0553,31.3018,31.8669,150000
2026-03-12,30.102,33.8598,29.8046,32.561,1012500
2026-03-13,33.0567,34.4547,32.8882,33.7904,466900
2026-03-16,34.7026,35.4264,34.5043,35.2579,261000
2026-03-17,35.4661,36.3287,35.1984,35.9222,338700
2026-03-18,35.8726,35.942,34.8018,35.3967,196500
2026-03-19,34.8811,35.595,34.2069,34.5142,232700
2026-03-20,34.4944,35.0199,34.2069,34.8414,242000
2026-03-23,35.0496,35.9023,34.8613,35.3173,235400
2026-03-24,35.0893,36.0015,34.9307,35.7635,166300
2026-03-25,35.942,37.7168,35.9321,37.6176,345900
2026-03-26,37.7366,39.5213,37.6771,38.6389,451100
2026-03-27,38.4208,39.2338,38.163,39.1049,437500
2026-03-30,39.2834,39.6601,38.163,38.8174,457100
2026-03-31,39.0855,39.6716,38.718,39.5723,216100
2026-04-01,39.7014,41.0125,39.7014,40.5755,242900
2026-04-02,39.9894,41.4992,39.9298,40.943,280300
2026-04-06,40.8436,41.8965,40.8436,41.3701,147500
2026-04-07,41.6979,41.9065,40.7046,41.2708,573300
2026-04-08,42.115,43.4758,42.115,43.3666,440400
2026-04-09,43.3566,45.7405,43.3566,45.4525,415900
2026-04-10,45.5717,47.0814,44.8366,46.9622,346700
2026-04-13,46.704,47.4589,46.0484,47.2404,366500
2026-04-14,47.439,48.1939,47.1808,47.7966,358200
2026-04-15,47.6774,47.737,44.638,44.787,456800
2026-04-16,44.6976,45.1942,44.0321,44.1711,183600
2026-04-17,44.2307,44.9558,42.9395,43.7043,596100
2026-04-20,43.6149,45.0552,43.456,44.9956,188400
2026-04-21,44.936,46.118,44.936,45.4425,227100
2026-04-22,46.2073,46.7834,45.5418,45.7405,169800
2026-04-23,46.2868,47.3993,45.6909,46.2868,286300
2026-04-24,46.2967,47.1013,46.0782,46.9026,121300
2026-04-27,47.449,49.3759,46.9324,47.8363,266600
2026-04-28,48.3131,48.8991,47.7271,48.7204,223900
2026-04-29,48.4025,50.0116,48.2932,48.9687,277000
2026-04-30,48.9886,50.0927,47.9441,49.8241,303200
2026-05-01,49.8539,51.4654,49.6252,51.3559,361300
2026-05-04,51.3161,54.2803,51.2067,54.2405,319100
2026-05-05,54.5588,55.9812,53.8725,54.8075,333500
2026-05-06,54.9866,55.8221,54.708,55.6033,220100
2026-05-07,55.9315,55.9514,53.037,53.1464,336400
2026-05-08,53.5641,54.2107,52.4203,53.216,300900
2026-05-11,53.226,53.226,51.3261,52.1915,214300
2026-05-12,51.9527,52.0721,50.2817,50.3811,256600
2026-05-13,51.157,51.2067,47.8845,49.5854,450200
2026-05-14,46.0741,53.8626,45.537,50.8188,718400
2026-05-15,51.724,58.0502,51.4753,58.0403,621900
2026-05-19,57.4733,60.7757,56.9958,58.3685,643200
2026-05-20,59.6815,59.7014,56.4885,57.2942,405000
2026-05-21,56.8765,58.0701,55.1557,57.4932,296600
2026-05-22,57.3838,58.9852,57.1649,58.3088,189000
2026-05-25,58.5575,59.6815,58.3884,58.4879,134700
2026-05-26,59.0349,59.9103,58.4282,59.8705,275100
2026-05-27,60.1987,60.5966,57.533,57.7419,174900
2026-05-28,57.6225,58.1895,56.2995,58.0403,158700
2026-05-29,58.11,59.5042,56.2277,57.5523,455400
2026-06-01,57.5523,57.861,55.7497,56.9747,191200
2026-06-02,56.2676,61.745,55.9489,61.2968,453300
2026-06-03,60.8885,62.4321,59.7532,62.4321,254300
2026-06-04,62.4321,64.7426,62.1632,63.8961,391400
2026-06-05,61.5856,63.7168,59.3449,60.1515,301600
2026-06-08,60.1515,60.6794,59.1557,59.7333,251900
2026-06-09,59.7333,60.4403,57.4129,59.0063,244300
2026-06-10,58.7573,60.271,58.0104,58.2793,216200
2026-06-11,58.349,59.6337,58.11,59.3349,145200
2026-06-12,59.5142,59.6536,57.4129,57.8411,172000
2026-06-15,58.3191,60.7391,57.9805,60.6993,231300
2026-06-16,60.6794,61.5159,59.9524,60.7789,128900
2026-06-17,61.247,61.6454,58.8071,59.6237,163100
2026-06-18,59.7532,61.4263,59.7532,60.9283,202200
2026-06-19,61.0678,62.6911,60.5101,62.1831,500300
2026-06-22,61.8445,62.9799,61.3167,62.1134,191400
2026-06-23,61.5059,61.6553,60.1715,60.6594,247700
2026-06-24,61.5358,62.7209,60.1515,61.5259,225000
2026-06-25,61.745,63.3284,61.6055,61.6055,211500
2026-06-26,61.3466,62.4022,59.9524,62.213,201000
2026-06-29,62.1333,63.8264,61.1673,63.1093,211000
2026-06-30,62.9797,64.7045,62.8202,64.535,167800
2026-07-02,64.4652,64.7743,60.6268,62.3616,296100
2026-07-03,62.541,64.4553,61.7933,64.3157,114600
2026-07-06,64.0465,65.6616,63.877,64.6547,207100
2026-07-07,64.6148,66.8979,63.0495,66.5489,501200
2026-07-08,65.7414,67.2767,64.7444,66.9178,173200
2026-07-09,67.2568,68.5329,66.7982,67.187,256100
2026-07-10,66.9477,67.8849,65.8112,67.4362,91700
2026-07-13,67.2269,69.0713,66.7483,68.0843,214900
2026-07-14,68.1441,70.2677,67.3964,67.8749,270500
2026-07-15,69.161,77.6155,69.161,76.9475,679200
2026-07-16,76.7681,78.4031,75.2427,75.9505,329700
2026-07-17,75.2726,77.2765,74.3454,76.3194,274800
2026-07-20,76.788,76.8977,74.3952,74.8638,175300
2026-07-21,75.6614,77.7052,74.9336,76.8478,259100
2026-07-22,76.3094,76.6783,70.3973,71.6934,621200
2026-07-23,71.3444,72.5408,70.5967,70.5967,372800
2026-07-24,70.5867,72.1022,69.7891,70.5568,210900
2026-07-27,70.9656,71.7532,67.6556,70.6067,314700
2026-07-28,69.7792,69.839,65.9408,67.2269,367700
2026-07-29,66.9278,67.6057,62.8102,63.6676,407700
2026-07-30,64.3556,65.8909,63.8072,64.9637,205500
2026-07-31,65.9119,67.3291,65.4528,66.7403,214100
2026-08-04,66.9,70.8124,66.4608,70.0838,306800
2026-08-05,69.7245,71.3114,68.8961,69.944,206200
2026-08-06,69.3352,70.0838,67.5687,68.1376,255700
2026-08-07,68.1775,68.8063,66.4009,67.3092,206900
2026-08-10,67.2493,67.2493,63.9856,64.2451,466300
2026-08-11,64.3749,66.0716,64.3749,65.5326,246600
2026-08-12,66.2313,66.5107,63.8359,64.3749,367400
2026-08-13,69.1955,73.4872,66.88,71.7405,622100
2026-08-14,71.9601,76.7608,71.7306,72.9981,596500
2026-08-17,73.6468,75.094,72.6388,74.3155,679800
2026-08-18,73.3075,73.6169,70.2235,71.2715,264700
2026-08-19,71.4012,71.8503,67.1994,69.9341,345400
2026-08-20,70.992,70.992,68.7763,69.6945,431700
2026-08-21,70.3333,71.2615,67.7283,68.8661,358900
2026-08-24,67.898,68.6166,66.3311,68.437,339600
2026-08-25,68.8661,69.1057,64.8839,65.7422,349800
2026-08-26,65.7522,67.9978,65.7522,67.2193,213100
2026-08-27,67.8281,70.7525,66.9798,70.2734,251100
2026-08-28,70.3632,70.4131,66.1913,66.6105,252400
2026-08-31,66.8003,67.7995,66.1809,67.6396,245800
2026-09-01,67.0801,67.2899,64.1927,64.6323,291900
2026-09-02,64.8521,66.6605,64.1927,66.4207,370000
2026-09-03,65.9711,68.0992,64.942,67.9793,312700
2026-09-04,67.9793,70.7768,67.9293,70.1773,232500
2026-09-08,70.0774,73.6642,69.2082,73.2146,312800
2026-09-09,72.1556,73.0048,69.6378,69.8376,202500
2026-09-10,69.458,73.6243,69.458,72.5053,321400
2026-09-11,72.3254,73.6243,71.2164,71.8958,247000
2026-09-14,71.9158,73.6243,69.9375,72.5452,268600
2026-09-15,72.9449,73.7142,72.5053,73.2746,266900
2026-09-16,73.7042,76.5616,73.7042,75.4326,400500
2026-09-17,76.3218,78.1302,75.9522,77.8505,375200
2026-09-18,78.1502,79.9486,76.9413,77.8005,2860600
2026-09-21,78.0803,81.5971,78.0803,81.3873,356800
2026-09-22,81.737,83.4954,81.707,83.0758,367300
2026-09-23,82.926,84.7843,81.6471,81.707,270200
2026-09-24,81.6471,81.6471,78.6198,79.7388,320000
2026-09-25,79.3192,80.2983,77.1012,79.1293,294800
2026-09-28,79.1693,79.8687,77.6607,78.39,304500
2026-09-29,79.62,81.71,78.51,80.5,299600
2026-09-30,80.04,82.04,79.49,82.03,423000
2026-10-01,81.96,84.09,81.69,83.89,549600
2026-10-02,85,86.5,83.86,85.41,425400
2026-10-05,84.68,85.57,82.9,83.46,261900
2026-10-06,83.97,85.26,83.065,83.21,223076
