date,open,high,low,close,volume
2004-01-02,9.59401,9.59401,9.47945,9.51382,1300
2004-01-05,9.594,9.98349,9.594,9.90903,132900
2004-01-06,9.90903,10.1954,9.90903,10.1095,237600
2004-01-07,10.0809,10.2813,10.0809,10.1668,137200
2004-01-08,10.1668,10.3959,10.1668,10.3787,10200
2004-01-09,10.3272,10.5677,10.31,10.4188,188700
2004-01-12,10.5964,10.877,10.5964,10.6021,51000
2004-01-13,10.6307,11.2207,10.6307,10.8828,277000
2004-01-14,10.8828,10.9687,10.7453,10.8598,28900
2004-01-15,10.94,10.9973,10.8541,10.8541,37200
2004-01-16,10.94,10.9973,10.8541,10.9973,95200
2004-01-19,10.9916,10.9916,10.8885,10.9687,13000
2004-01-20,10.9687,10.9973,10.8827,10.94,13100
2004-01-21,11.0259,11.1061,10.9687,11.0832,36900
2004-01-22,11.1119,11.4555,11.1119,11.3066,48700
2004-01-23,11.3066,11.4555,11.1978,11.3181,121400
2004-01-26,11.3181,11.4555,11.3181,11.3181,72100
2004-01-27,11.2264,11.5414,11.2264,11.3983,10500
2004-01-28,11.3467,11.4555,11.2837,11.2837,27200
2004-01-29,11.3696,11.3696,11.2264,11.2837,123600
2004-01-30,11.1691,11.3696,11.0546,11.2264,28600
2004-02-02,11.278,11.4097,11.2264,11.4097,18500
2004-02-03,11.4498,12.0283,11.4498,11.8049,60900
2004-02-04,12.0283,12.0283,11.7419,11.9424,476000
2004-02-05,11.9137,12.3147,11.9137,12.2059,106100
2004-02-06,12.3147,12.5896,12.2288,12.3147,74400
2004-02-09,12.3204,12.3204,12.0569,12.3147,30700
2004-02-10,12.5094,12.5438,12.0569,12.4006,40900
2004-02-11,12.4636,12.5438,12.1715,12.3147,51600
2004-02-12,12.2288,12.3433,12.1429,12.1429,94200
2004-02-13,12.1429,12.223,11.971,11.971,291500
2004-02-16,11.9997,11.9997,11.7419,11.8851,52900
2004-02-17,11.9137,12.3147,11.8851,11.9424,137000
2004-02-18,11.9023,11.9023,11.7935,11.8278,47800
2004-02-19,11.7992,11.8278,11.6102,11.6102,11400
2004-02-20,11.5758,11.7075,11.5701,11.6044,15800
2004-02-23,11.7419,11.7419,11.3696,11.3696,15900
2004-02-24,11.3983,11.7419,11.3123,11.7419,51700
2004-02-25,11.7419,11.7419,11.6044,11.6846,15300
2004-02-26,11.6846,11.6846,11.4613,11.6274,5100
2004-02-27,11.6846,11.7419,11.6846,11.6846,10200
2004-03-01,11.7419,11.7419,11.4842,11.656,14100
2004-03-02,11.6846,11.7419,11.4613,11.5701,9000
2004-03-03,11.5128,11.6274,11.5128,11.5987,5000
2004-03-04,11.5987,12.0283,11.5987,11.8851,45600
2004-03-05,11.8851,11.8851,11.7992,11.8221,52900
2004-03-08,11.7419,11.8565,11.7419,11.7992,3500
2004-03-09,11.8565,11.9367,11.8507,11.8507,39800
2004-03-10,11.8565,11.9309,11.3982,11.5701,10200
2004-03-11,11.4498,11.4555,11.0832,11.2264,31700
2004-03-12,11.0546,11.4498,11.0546,11.1749,12200
2004-03-15,11.1749,11.1749,11.0259,11.0259,4300
2004-03-16,10.8885,11.0546,10.3673,10.8828,47600
2004-03-17,10.8828,10.9687,10.751,10.9687,54200
2004-03-18,10.8828,10.8828,10.7166,10.7682,15800
2004-03-19,10.6536,10.8828,10.2241,10.8828,55500
2004-03-22,10.877,11.2551,10.7396,10.8828,7900
2004-03-23,10.9629,10.9629,10.7396,10.7396,5800
2004-03-24,10.7396,11.1405,10.7396,11.1405,27600
2004-03-25,11.1405,11.3983,11.1405,11.3983,7800
2004-03-26,11.3123,11.4498,11.3123,11.4498,1000
2004-03-29,11.4555,11.4555,11.0259,11.4498,457700
2004-03-30,11.0832,11.3925,11.0546,11.3925,3300
2004-03-31,11.1978,11.2264,11.1119,11.152,7600
2004-04-01,11.2551,11.2551,11.1691,11.1978,1600
2004-04-02,11.2837,11.5128,11.2837,11.3983,20500
2004-04-05,11.5987,11.8565,11.4555,11.7992,83800
2004-04-06,11.7992,12.3147,11.7992,12.2288,422800
2004-04-07,12.2574,12.3147,12.0283,12.0398,30300
2004-04-08,11.9481,12.2288,11.9481,12.0913,212800
2004-04-12,11.9424,12.1715,11.9424,12.0283,21700
2004-04-13,12.0569,12.0856,11.7419,11.7419,14700
2004-04-14,12.0283,12.0283,11.7992,11.8278,58300
2004-04-15,12.0283,12.0283,11.8393,11.8851,2400
2004-04-16,12.0283,12.5896,11.9424,12.3147,260400
2004-04-19,12.1715,12.1715,11.9424,11.9997,7300
2004-04-20,12.0283,12.6011,12.0283,12.5381,236800
2004-04-21,12.372,12.6011,12.1772,12.6011,12600
2004-04-22,12.6011,12.6011,12.2288,12.372,3900
2004-04-23,12.5724,12.5724,12.2001,12.2001,65900
2004-04-26,12.2001,12.3491,12.1715,12.1715,14000
2004-04-27,12.1772,12.2574,12.1715,12.1715,36300
2004-04-28,12.1142,12.1142,11.9252,11.9252,47600
2004-04-29,11.8851,12.1429,11.8851,12.034,2900
2004-04-30,12.0283,12.034,11.8278,11.8278,13900
2004-05-03,11.8164,12.0226,11.8164,11.9137,1500
2004-05-04,11.9137,11.9195,11.8966,11.9137,109500
2004-05-05,11.8565,12.0226,11.7476,12.0226,13900
2004-05-06,11.9137,12.4636,11.9137,12.1715,110800
2004-05-07,12.0283,12.0283,11.9481,11.9481,1900
2004-05-10,11.9138,11.9138,11.7419,11.7419,11600
2004-05-11,11.7419,11.7992,11.5987,11.6846,214000
2004-05-12,11.5128,11.5128,11.2321,11.2837,7300
2004-05-13,11.4555,11.7133,11.4555,11.5987,7500
2004-05-14,11.4269,11.4555,11.341,11.341,2100
2004-05-17,11.3753,11.3811,11.1691,11.341,12600
2004-05-18,11.4555,11.4613,11.4498,11.4613,88200
2004-05-19,11.5987,11.8278,11.5987,11.7419,61000
2004-05-20,11.5414,12.0226,11.5414,11.8507,23800
2004-05-21,11.7419,11.8851,11.7419,11.8851,4800
2004-05-25,11.7419,11.7476,11.7419,11.7476,900
2004-05-26,11.7534,12.309,11.7419,11.8851,8300
2004-05-27,11.7419,11.8851,11.7419,11.7706,7300
2004-05-28,11.7419,12.3147,11.7419,12.0283,13700
2004-05-31,11.971,12.4293,11.971,12.4293,59000
2004-06-01,12.2288,12.2288,11.8565,11.9424,12200
2004-06-02,11.8278,12.2517,11.8278,12.2517,59000
2004-06-03,12.0569,12.223,12.0569,12.223,10700
2004-06-04,11.9997,12.1715,11.9997,12.1371,2300
2004-06-07,12.1371,12.2574,12.1371,12.2574,11500
2004-06-08,12.2574,12.687,12.2574,12.6755,89500
2004-06-09,12.7156,12.7844,12.687,12.7385,199700
2004-06-10,12.7729,12.8588,12.7156,12.8015,123700
2004-06-11,12.8588,12.8817,12.7443,12.75,22200
2004-06-14,12.8588,12.8588,12.7786,12.8015,42000
2004-06-15,12.7729,12.9276,12.7729,12.8875,186200
2004-06-16,12.8875,13.0307,12.8817,12.9447,109100
2004-06-17,12.8875,13.1452,12.8875,13.1166,19100
2004-06-18,13.1166,13.1166,12.7443,12.7443,11200
2004-06-21,12.9161,13.0307,12.8875,13.0135,62900
2004-06-22,13.0135,13.0135,12.7729,12.8875,140900
2004-06-23,12.876,12.876,12.7156,12.7214,22900
2004-06-24,12.6011,12.8016,12.5954,12.7729,40400
2004-06-25,12.7729,12.8016,12.372,12.4293,28100
2004-06-28,12.3147,12.5209,11.9195,11.9195,10700
2004-06-29,11.8851,12.3433,11.8851,12.0283,109800
2004-06-30,12.2001,12.6011,12.2001,12.6011,6100
2004-07-02,12.5954,12.5954,12.2001,12.3433,16900
2004-07-05,12.2574,12.4579,12.2574,12.4579,23000
2004-07-06,12.3777,12.6011,12.2574,12.2574,20800
2004-07-07,12.2574,12.372,12.1429,12.1429,8700
2004-07-08,12.0283,12.3147,12.0283,12.1715,36000
2004-07-09,12.2574,12.3147,12.0283,12.3147,156600
2004-07-12,12.1715,12.3147,12.1429,12.309,10000
2004-07-13,12.1715,12.2574,12.0283,12.2517,5200
2004-07-14,12.2288,12.2288,12.0283,12.0283,163200
2004-07-15,12.2001,12.3433,11.8278,11.9997,104100
2004-07-16,11.9137,12.034,11.7763,11.9137,7400
2004-07-19,11.9137,11.9195,11.9137,11.9137,9900
2004-07-20,11.9137,12.0283,11.8565,11.8565,20400
2004-07-21,11.8565,12.0856,11.7992,11.9481,37000
2004-07-22,11.8565,11.9023,11.7992,11.7992,16400
2004-07-23,11.8851,11.8851,11.7992,11.8278,13700
2004-07-26,11.7992,11.7992,11.6846,11.7706,33400
2004-07-27,11.6274,11.7706,11.4784,11.6961,19800
2004-07-28,11.5128,11.5701,11.4784,11.5701,4000
2004-07-29,11.5128,11.8565,11.4269,11.4269,155300
2004-07-30,11.4269,11.4555,11.2837,11.4269,50500
2004-08-03,11.5128,12.0169,11.5128,11.7419,9100
2004-08-04,11.7763,11.8278,11.7706,11.7706,2600
2004-08-05,12.5724,12.5724,11.7419,11.7419,4600
2004-08-06,11.7419,11.7476,11.7419,11.7476,400
2004-08-09,11.1978,11.8565,11.1978,11.8565,6300
2004-08-10,11.7419,11.9424,11.7419,11.7992,33100
2004-08-11,11.7992,11.8851,11.7133,11.7419,9800
2004-08-12,11.656,11.656,11.4555,11.4555,48700
2004-08-13,11.3123,11.4555,11.3123,11.4269,2800
2004-08-16,11.3982,11.4269,11.3467,11.4269,1900
2004-08-17,11.4555,11.7133,11.4555,11.7133,62000
2004-08-18,11.5414,11.5987,11.4555,11.5987,10500
2004-08-19,11.4555,11.9997,11.4555,11.8737,6900
2004-08-20,11.6846,11.7419,11.4842,11.5701,6500
2004-08-23,11.4613,11.7476,11.4613,11.6274,13900
2004-08-24,11.7419,11.782,11.4555,11.7076,5700
2004-08-25,11.6846,11.6904,11.4899,11.6044,18100
2004-08-26,11.4555,11.5185,11.3352,11.5128,8100
2004-08-27,11.5701,11.5758,11.4555,11.4555,9900
2004-08-30,11.4555,11.7476,11.4555,11.6846,4800
2004-08-31,11.6274,11.6789,11.4555,11.6789,14900
2004-09-01,11.7419,11.7419,11.5701,11.5758,800
2004-09-02,11.4555,11.4956,11.4555,11.4899,3500
2004-09-03,11.5701,11.5701,11.4899,11.4899,700
2004-09-07,11.4842,11.6216,11.4842,11.5987,22900
2004-09-08,11.7419,11.7706,11.7419,11.7534,454800
2004-09-09,11.8565,11.8565,11.8336,11.8336,6200
2004-09-10,11.7419,11.8851,11.7419,11.8278,5100
2004-09-13,11.7763,12.0283,11.7763,11.8737,18400
2004-09-14,11.8851,11.9137,11.719,11.8278,19400
2004-09-15,11.8737,11.8737,11.7419,11.7419,3000
2004-09-16,11.7419,11.7992,11.5987,11.7419,8500
2004-09-17,11.7419,11.782,11.5987,11.5987,7700
2004-09-20,11.6846,11.7419,11.6445,11.6445,1600
2004-09-21,11.7133,12.1142,11.6274,12.1142,22500
2004-09-22,11.8851,11.8851,11.7305,11.7419,28100
2004-09-23,11.7992,11.8851,11.7419,11.7419,6300
2004-09-24,11.7419,12.2402,11.7419,12.1715,105100
2004-09-27,12.1142,12.1715,12.034,12.034,44600
2004-09-28,12.0283,12.2288,11.8851,12.1715,118700
2004-09-29,12.286,12.5953,12.286,12.372,140500
2004-09-30,12.3147,12.5953,12.3147,12.4579,17400
2004-10-01,12.3147,12.4579,12.3147,12.4579,6200
2004-10-04,12.3147,12.4292,12.1944,12.2288,58900
2004-10-05,12.2001,12.3662,12.2001,12.2345,11000
2004-10-06,12.2574,12.372,12.2574,12.372,8400
2004-10-07,12.2288,12.8875,12.2288,12.7443,38300
2004-10-08,12.4865,12.6011,12.4579,12.6011,4500
2004-10-12,12.4006,12.6011,12.4006,12.5438,2900
2004-10-13,12.6011,12.7443,12.4006,12.4006,16600
2004-10-14,12.4292,12.6011,12.3147,12.3147,7300
2004-10-15,12.3147,12.4579,12.3147,12.4579,42600
2004-10-18,12.4579,12.6584,12.4579,12.6584,151800
2004-10-19,12.6584,12.8875,12.6011,12.7443,161300
2004-10-20,12.6297,12.7156,12.5438,12.6011,9100
2004-10-21,12.6011,12.8875,12.6011,12.8875,217300
2004-10-22,12.8932,12.8932,12.7729,12.8875,10500
2004-10-25,12.687,12.7615,12.687,12.7615,2300
2004-10-26,12.6297,12.8875,12.5152,12.8875,26800
2004-10-27,12.7757,12.8903,12.7471,12.7586,21600
2004-10-28,12.7471,12.7987,12.7184,12.7471,3000
2004-10-29,12.8731,12.8731,12.7528,12.7758,7400
2004-11-01,12.8903,12.8903,12.8273,12.8903,38200
2004-11-02,12.8903,12.9534,12.8502,12.9534,108700
2004-11-03,13.0622,13.0622,12.8903,13.0336,10700
2004-11-04,12.8903,13.0336,12.7757,12.9476,15000
2004-11-05,12.9476,12.9476,12.8903,12.8903,20900
2004-11-08,12.9763,13.0336,11.4695,12.1742,68700
2004-11-09,12.7471,13.0049,12.7471,12.919,11800
2004-11-10,12.9476,13.0049,12.8903,12.8961,5000
2004-11-11,12.919,13.0565,12.919,13.0336,18200
2004-11-12,13.0049,13.0908,13.0049,13.0049,86300
2004-11-15,13.0737,13.32,13.0336,13.3028,21500
2004-11-16,13.3028,13.4346,13.2914,13.4059,6900
2004-11-17,13.4059,13.7497,13.4059,13.5205,14600
2004-11-18,13.5263,13.8986,13.5263,13.7497,119200
2004-11-19,13.6637,13.8929,13.6637,13.8929,14100
2004-11-22,14.0304,14.0304,13.7497,13.7497,3100
2004-11-23,13.7497,13.7554,13.7497,13.7497,74300
2004-11-24,13.6924,13.6981,13.6695,13.6695,11800
2004-11-25,13.6065,13.6122,13.5721,13.5721,13300
2004-11-26,13.469,13.4919,13.4632,13.4632,8300
2004-11-29,13.5205,13.5205,13.4632,13.4632,22200
2004-11-30,13.4632,13.5778,13.4632,13.5205,8200
2004-12-01,13.5205,13.7497,13.3773,13.6007,27800
2004-12-02,13.4632,13.6065,13.4632,13.4632,9400
2004-12-03,13.6065,13.6867,13.6065,13.6065,2800
2004-12-06,13.5205,13.6065,13.4632,13.6065,14400
2004-12-07,13.6065,13.6065,13.469,13.5778,31400
2004-12-08,13.5778,13.6065,13.5205,13.5205,32800
2004-12-09,13.4632,13.8929,13.4632,13.7497,41700
2004-12-10,13.6924,13.7783,13.6924,13.7783,800
2004-12-13,13.7497,13.7783,13.744,13.7554,5900
2004-12-14,13.7497,13.8643,13.7497,13.8643,21600
2004-12-15,13.8643,14.0075,13.8643,13.8643,11100
2004-12-16,13.9216,14.1794,13.9216,14.1794,307400
2004-12-17,14.0361,14.0934,13.9617,13.9731,7100
2004-12-20,14.0934,14.0934,13.9789,13.9789,10300
2004-12-21,14.0075,14.2367,14.0075,14.1335,6200
2004-12-22,14.1221,14.1335,14.1221,14.1278,1000
2004-12-23,14.1221,14.2939,14.1221,14.2939,4100
2004-12-24,14.3226,14.4658,14.3226,14.4658,3600
2004-12-29,14.4945,14.4945,14.4945,14.4945,2800
2004-12-30,14.5517,14.609,14.5231,14.609,4200
2004-12-31,14.7523,14.7523,14.695,14.695,3100
2005-01-04,14.6835,14.7465,14.609,14.609,20400
2005-01-05,14.609,14.7465,14.609,14.609,13100
2005-01-06,14.609,14.609,14.1794,14.5231,58400
2005-01-07,14.4945,14.4945,14.3226,14.4372,53500
2005-01-10,14.4658,14.4658,14.0361,14.0361,15600
2005-01-11,14.0361,14.0705,13.9789,14.0361,73200
2005-01-12,13.9502,14.2137,13.8929,14.1507,14900
2005-01-13,14.1507,14.3169,14.1507,14.3169,268200
2005-01-14,14.3226,14.3226,14.208,14.208,5100
2005-01-17,14.3226,14.609,14.3226,14.4658,22400
2005-01-18,14.4658,14.4658,14.3226,14.3226,52700
2005-01-19,14.4658,14.4716,14.3226,14.4716,27900
2005-01-20,14.3226,14.4715,14.3226,14.4658,40300
2005-01-21,14.4658,14.609,14.4658,14.5575,216500
2005-01-24,14.609,14.7523,14.609,14.7179,10700
2005-01-25,14.609,14.7523,14.609,14.7465,177800
2005-01-26,14.758,14.758,14.6147,14.6147,14300
2005-01-27,14.758,14.758,14.6147,14.6147,19400
2005-01-28,14.7293,14.758,14.6147,14.758,4700
2005-01-31,14.758,14.758,14.6434,14.6434,7200
2005-02-01,14.6434,14.758,14.6147,14.6434,6000
2005-02-02,14.6434,14.6491,14.6147,14.6205,54700
2005-02-03,14.6205,14.7867,14.6205,14.7293,25200
2005-02-04,14.9013,14.9013,14.6434,14.844,12200
2005-02-07,14.844,14.844,14.7293,14.844,49500
2005-02-08,14.7007,14.844,14.7007,14.844,5200
2005-02-09,14.7007,14.844,14.672,14.844,7300
2005-02-10,14.7007,14.7867,14.672,14.672,65000
2005-02-11,14.8153,14.844,14.8153,14.844,37500
2005-02-14,14.7007,14.844,14.7007,14.7351,17700
2005-02-15,14.844,14.9013,14.7064,14.8382,40500
2005-02-16,14.7293,14.9013,14.7293,14.7866,45000
2005-02-17,14.7867,14.7867,14.672,14.7752,43600
2005-02-18,14.695,14.7867,14.0416,14.672,44000
2005-02-21,14.672,14.8038,14.672,14.672,1900
2005-02-22,14.844,14.844,14.5001,14.6434,52600
2005-02-23,14.5001,14.609,14.4714,14.5001,18800
2005-02-24,14.4714,14.9013,14.4714,14.7637,8700
2005-02-25,14.672,14.7809,14.6147,14.672,334100
2005-02-28,14.6434,14.7752,14.6147,14.6663,11500
2005-03-01,14.6147,15.0159,14.6147,15.0159,7800
2005-03-02,14.8153,15.079,14.8153,15.0732,54100
2005-03-03,14.9013,15.0159,14.7866,14.7866,8300
2005-03-04,14.6147,14.7867,14.6147,14.758,8200
2005-03-07,14.6147,14.9013,14.6147,14.9013,67600
2005-03-08,14.8898,14.8898,14.6434,14.7866,68000
2005-03-09,14.6147,14.8898,14.6147,14.758,2500
2005-03-10,14.758,14.7867,14.6205,14.6205,4500
2005-03-11,14.6434,14.8669,14.6434,14.8669,4600
2005-03-14,14.758,14.7809,14.6147,14.6434,21600
2005-03-15,14.7867,14.7867,14.6147,14.7293,7400
2005-03-16,14.6147,14.758,14.6147,14.7523,5100
2005-03-17,14.7523,14.9872,14.7523,14.758,6700
2005-03-18,14.6434,15.1878,14.6147,15.1878,12700
2005-03-21,14.9586,15.0847,14.9586,14.9586,4800
2005-03-22,14.9586,14.9873,14.8726,14.8956,19400
2005-03-23,15.0159,15.0159,14.6147,14.8153,8600
2005-03-24,14.672,14.6778,14.2135,14.3855,27500
2005-03-28,14.3339,14.3855,14.3282,14.3453,12900
2005-03-29,14.3625,14.5001,14.3339,14.3625,13100
2005-03-30,14.3568,14.5001,14.3568,14.5001,2800
2005-03-31,14.4714,14.4714,14.3282,14.3282,7600
2005-04-01,14.3855,14.4313,14.3282,14.3282,7700
2005-04-04,14.4714,14.6147,14.4542,14.6147,29300
2005-04-05,14.6147,14.7866,14.6147,14.7866,22100
2005-04-06,14.8153,15.0675,14.8153,14.9299,5700
2005-04-07,14.9299,14.9643,14.9299,14.9643,1800
2005-04-08,15.0675,15.4744,15.0446,15.4687,26700
2005-04-11,15.4629,15.4629,14.9299,14.9987,16600
2005-04-12,14.6147,15.0159,14.6147,14.844,16500
2005-04-13,14.6147,15.1878,14.6147,14.844,360900
2005-04-14,14.844,14.9013,14.7867,14.9013,4900
2005-04-15,14.8153,14.8153,14.6205,14.6205,7200
2005-04-18,14.6205,14.8726,14.6147,14.6434,14300
2005-04-19,14.758,14.8096,14.6147,14.8096,30200
2005-04-20,14.626,14.6834,14.3278,14.3278,5400
2005-04-21,14.4826,14.7694,14.4826,14.626,9600
2005-04-22,14.7694,14.7694,14.626,14.626,34900
2005-04-25,14.626,14.7694,14.626,14.626,2700
2005-04-26,14.626,14.7408,14.626,14.7408,5400
2005-04-27,14.626,14.7637,14.626,14.6777,5200
2005-04-28,14.626,14.758,14.626,14.626,8200
2005-04-29,14.6318,14.6318,14.626,14.626,8000
2005-05-02,14.626,14.7924,14.626,14.6605,3200
2005-05-03,14.6547,14.6547,14.626,14.649,5100
2005-05-04,14.6432,14.8555,14.6432,14.6662,4000
2005-05-05,14.6605,14.6605,14.6605,14.6605,2500
2005-05-06,15.1939,15.1939,15.0792,15.0964,2700
2005-05-09,14.9128,14.9128,14.9128,14.9128,200
2005-05-10,14.9989,14.9989,14.626,14.8497,34100
2005-05-11,14.7121,14.8268,14.6834,14.8268,2200
2005-05-12,14.7981,14.7981,14.6834,14.6834,1700
2005-05-13,14.7924,14.7924,14.6604,14.7121,2800
2005-05-16,14.6547,14.7408,14.6547,14.6605,2400
2005-05-17,14.626,14.6318,14.626,14.626,5400
2005-05-18,14.626,14.8497,14.626,14.8497,4400
2005-05-19,14.8555,14.9186,14.7694,14.9128,4900
2005-05-20,14.7694,15.1709,14.6547,14.9702,4000
2005-05-24,14.9128,14.9702,14.7809,14.9128,18000
2005-05-25,14.9128,15.039,14.8669,15.039,3400
2005-05-26,14.9472,15.343,14.9472,15.343,34400
2005-05-27,15.1996,15.1996,14.9128,14.9128,80000
2005-05-30,14.9014,15.0562,14.9014,14.9014,5800
2005-05-31,14.7121,14.9128,14.6547,14.8268,17500
2005-06-01,14.9128,14.9128,14.7006,14.9128,10900
2005-06-02,14.7694,14.9128,14.7694,14.7694,5400
2005-06-03,14.7694,14.7752,14.7694,14.7752,1100
2005-06-06,14.626,14.9415,14.626,14.8038,11100
2005-06-07,14.8039,14.9415,14.8039,14.8555,4400
2005-06-08,14.8268,14.9128,14.8038,14.9128,47600
2005-06-09,15.1136,15.9108,15.1136,15.7674,133300
2005-06-10,15.6011,15.7445,15.5438,15.5438,3200
2005-06-13,15.8019,15.9166,15.6585,15.7732,6300
2005-06-14,16.0313,16.2034,15.8305,16.2034,22600
2005-06-15,16.2034,16.2034,16.0657,16.2034,19300
2005-06-16,16.5762,16.5762,16.2435,16.2435,107700
2005-06-17,16.2665,16.6278,16.2034,16.232,39700
2005-06-20,16.06,16.06,15.4864,15.6871,19400
2005-06-21,15.4004,15.9108,15.4004,15.9108,10600
2005-06-22,15.9108,15.9166,15.8248,15.8305,163900
2005-06-23,15.4864,15.8592,15.4864,15.7158,16200
2005-06-24,15.7158,15.7158,15.7158,15.7158,600
2005-06-27,15.7158,15.7158,15.4864,15.4864,13800
2005-06-28,15.4864,15.7043,15.4864,15.6298,20900
2005-06-29,15.4864,15.6355,15.4864,15.5495,6200
2005-06-30,15.5438,15.6011,15.1996,15.5438,11400
2005-07-04,15.6011,15.6011,15.5724,15.5724,3300
2005-07-05,15.5724,15.6871,15.257,15.4864,144700
2005-07-06,15.343,15.8477,15.343,15.8477,66600
2005-07-07,15.8305,15.9453,15.7732,15.9166,232200
2005-07-08,16.06,16.0829,15.8879,16.0829,4200
2005-07-11,16.0829,16.3467,16.06,16.0714,209000
2005-07-12,16.0657,16.9203,16.0657,16.8802,33300
2005-07-13,16.6622,17.2071,16.6622,17.1727,72300
2005-07-14,17.2128,17.3218,17.1497,17.2071,51600
2005-07-15,17.1497,17.1555,16.9318,17.0064,128100
2005-07-18,16.949,16.949,16.6335,16.8916,29200
2005-07-19,16.8056,16.9203,16.8056,16.9203,53000
2005-07-20,17.0007,17.0007,16.8284,16.9433,96100
2005-07-21,16.9433,16.9433,16.8859,16.9433,18100
2005-07-22,16.9433,17.2362,16.9433,17.2247,13600
2005-07-25,17.0869,17.2075,16.949,17.0869,135000
2005-07-26,17.0869,17.0869,16.7997,16.9433,33100
2005-07-27,17.0582,17.2247,16.9433,17.1386,47800
2005-07-28,17.2247,17.5751,16.949,17.4832,19400
2005-07-29,17.3741,18.2069,17.3741,18.2069,16900
2005-08-02,18.1494,18.5228,17.5866,18.2011,21300
2005-08-03,18.2758,18.6606,18.092,18.4021,48800
2005-08-04,18.5228,18.8674,18.5228,18.7467,35600
2005-08-05,18.8099,18.8674,18.4653,18.7238,193800
2005-08-08,18.5802,18.7238,18.092,18.092,47900
2005-08-09,18.2069,18.6663,18.2069,18.3505,69700
2005-08-10,18.2356,18.3505,17.8623,17.891,50800
2005-08-11,17.891,18.1666,17.891,18.0116,11200
2005-08-12,18.1494,18.2356,18.0173,18.1494,14900
2005-08-15,18.2356,18.2356,17.8623,18.2356,7600
2005-08-16,18.1494,18.3792,18.092,18.3792,8600
2005-08-17,18.3792,18.9535,18.3792,18.9535,54800
2005-08-18,18.6721,19.0626,18.494,18.6663,24800
2005-08-19,18.6663,18.7238,18.3792,18.7238,9500
2005-08-22,18.7238,18.7238,18.5515,18.5802,46500
2005-08-23,18.5515,18.7238,18.5515,18.7238,24400
2005-08-24,18.6089,18.6089,18.2413,18.494,9200
2005-08-25,18.494,18.7238,18.339,18.4653,12700
2005-08-26,18.4653,18.6089,18.1494,18.6089,9500
2005-08-29,18.6089,18.7238,18.494,18.494,10100
2005-08-30,18.3792,18.3792,17.9254,18.0173,15900
2005-08-31,18.1494,18.6951,18.1494,18.6376,13100
2005-09-01,18.6089,18.718,18.4079,18.718,12000
2005-09-02,18.7238,18.7238,18.4079,18.6663,13700
2005-09-06,18.6663,18.6893,18.2069,18.5228,36400
2005-09-07,18.5228,18.5515,17.9484,18.2356,112400
2005-09-08,18.2356,18.6663,18.0346,18.54,35300
2005-09-09,18.4366,18.6606,18.2356,18.6606,3500
2005-09-12,18.5228,18.7238,18.5228,18.6663,7000
2005-09-13,18.7238,18.7295,18.7065,18.7238,58800
2005-09-14,18.7238,18.7238,18.5572,18.718,19400
2005-09-15,18.7238,18.7238,18.5802,18.7238,73400
2005-09-16,18.5228,18.7238,18.4366,18.4711,170500
2005-09-19,18.5744,18.6147,18.092,18.1207,19400
2005-09-20,18.1207,18.3792,17.9484,18.0231,13000
2005-09-21,17.8335,18.1322,17.8335,18.0058,31600
2005-09-22,18.0288,18.1609,17.3855,17.7129,58600
2005-09-23,17.5464,17.6612,17.3855,17.4085,12000
2005-09-26,17.4315,17.8623,17.4315,17.7474,12300
2005-09-27,17.6612,17.8622,17.4085,17.5176,12700
2005-09-28,17.5176,17.667,17.4315,17.466,59300
2005-09-29,17.4889,17.6555,17.466,17.466,100700
2005-09-30,17.4889,17.6325,17.466,17.5866,47600
2005-10-03,17.5464,17.8623,17.5464,17.7474,22600
2005-10-04,17.8278,17.8565,17.4028,17.4028,8900
2005-10-05,17.4028,17.6612,17.3741,17.5578,22100
2005-10-06,17.5176,17.5176,17.2305,17.2305,30500
2005-10-07,17.2305,17.2305,16.9433,17.2305,20600
2005-10-11,17.2305,17.2305,16.8859,17.2305,31500
2005-10-12,17.2305,17.2305,16.9433,17.0926,7700
2005-10-13,17.0926,17.0926,16.4264,16.6561,25400
2005-10-14,16.4838,16.5987,16.4838,16.5413,20200
2005-10-17,16.4838,16.5987,16.2368,16.5987,37300
2005-10-18,16.6561,16.7136,16.5987,16.7136,82400
2005-10-19,16.6561,16.794,16.6561,16.6619,9900
2005-10-20,16.7136,16.7136,16.6561,16.6848,20300
2005-10-21,16.6561,16.6906,16.6561,16.6619,76900
2005-10-24,17.5119,17.5119,16.6561,16.794,287700
2005-10-25,16.7136,16.7882,15.5419,15.651,107500
2005-10-26,15.5074,15.5074,14.9331,14.9388,146700
2005-10-27,14.7033,15.0767,14.5655,14.7033,22100
2005-10-28,14.7895,14.7895,14.5023,14.6459,137900
2005-10-31,14.6459,14.6459,14.3932,14.4736,34500
2005-11-01,14.3874,14.4564,14.1003,14.2151,91800
2005-11-02,14.3762,14.3762,14.1519,14.2957,56700
2005-11-03,14.1231,14.5258,14.1231,14.3762,27700
2005-11-04,14.5258,14.5258,14.2381,14.3762,84400
2005-11-07,14.2669,14.7847,14.2381,14.6121,13000
2005-11-08,14.6696,14.6696,14.4395,14.474,27400
2005-11-09,14.5833,14.6063,14.4395,14.4452,27100
2005-11-10,14.4452,14.4452,14.382,14.3877,7500
2005-11-11,14.3877,14.8134,14.2381,14.8134,117400
2005-11-14,14.9572,14.9572,14.6984,14.8825,3400
2005-11-15,14.6696,14.6696,14.1519,14.1806,10900
2005-11-16,14.1806,14.382,14.1404,14.382,80700
2005-11-17,14.2381,14.6638,14.2381,14.6581,12800
2005-11-18,14.5315,14.9572,14.5258,14.9572,7600
2005-11-21,14.6696,14.7559,14.5258,14.6408,47800
2005-11-22,14.6696,14.6696,14.5258,14.6121,68300
2005-11-23,14.4107,14.5258,13.8412,14.2036,20000
2005-11-24,14.1519,14.2036,13.8067,14.008,14900
2005-11-25,14.1173,14.1173,13.7549,13.8067,31800
2005-11-28,14.0656,14.0656,13.6629,13.7837,265500
2005-11-29,13.6341,13.7779,13.3752,13.7779,448200
2005-11-30,13.7779,13.7779,13.2602,13.4845,75100
2005-12-01,13.4615,13.7204,13.4615,13.5248,894000
2005-12-02,13.5593,13.6341,13.3752,13.519,40800
2005-12-05,13.7952,13.7952,13.6053,13.7261,19400
2005-12-06,13.5766,13.6629,13.4903,13.519,143200
2005-12-07,13.6571,13.6571,13.2314,13.519,54100
2005-12-08,13.2372,13.6053,13.2372,13.6053,183800
2005-12-09,14.0943,14.0943,13.7492,13.8067,25700
2005-12-12,13.8067,14.2382,13.7779,14.0943,60200
2005-12-13,14.0943,14.0943,13.6111,13.7492,255300
2005-12-14,13.8009,14.0943,13.7779,14.0541,76900
2005-12-15,14.1806,14.1806,13.8757,14.008,89600
2005-12-16,14.0656,14.0943,13.962,14.0943,42500
2005-12-19,14.0943,14.0943,13.985,13.985,17300
2005-12-20,14.0138,14.0656,13.9678,14.0483,10600
2005-12-21,14.008,14.0483,13.9505,13.9505,4600
2005-12-22,13.9505,14.0943,13.9333,14.008,14200
2005-12-23,14.0771,14.0771,13.9275,14.0368,11400
2005-12-28,14.0368,14.0483,14.0253,14.0253,2900
2005-12-29,14.0886,14.0943,14.0311,14.0943,4200
2005-12-30,14.0943,14.0943,14.0713,14.0943,700
2006-01-03,14.0943,14.0943,13.6916,13.893,5400
2006-01-04,13.7549,13.8067,13.6053,13.7837,16700
2006-01-05,13.7492,13.8642,13.6916,13.8642,233600
2006-01-06,13.9217,14.0828,13.9217,14.0828,49600
2006-01-09,14.0943,14.1231,13.8412,14.0598,22700
2006-01-10,14.0598,14.6696,14.0368,14.451,50300
2006-01-11,14.4395,15.0033,14.4395,14.9572,25700
2006-01-12,15.2391,15.4462,15.1011,15.1874,93500
2006-01-13,15.3312,15.3772,15.1874,15.3024,36900
2006-01-16,15.383,15.4462,15.1298,15.1816,37300
2006-01-17,15.1874,15.1874,15.0378,15.1126,27900
2006-01-18,14.986,14.9975,14.5258,14.94,16300
2006-01-19,14.7904,15.0148,14.6121,14.9457,130000
2006-01-20,15.2621,15.2621,14.8479,14.8825,30700
2006-01-23,14.9055,15.1245,14.9055,15.0956,34600
2006-01-24,14.9804,15.1533,14.8652,14.9286,24600
2006-01-25,14.894,15.7064,14.8133,15.5566,51700
2006-01-26,15.7006,15.7006,15.2685,15.5278,56300
2006-01-27,15.4125,15.5566,15.4125,15.5566,19600
2006-01-30,15.643,15.9887,15.5566,15.9541,25000
2006-01-31,15.9484,15.9541,15.6142,15.6142,22700
2006-02-01,15.7294,16.006,15.6142,15.8159,87000
2006-02-02,15.8159,15.8159,15.5105,15.5566,27800
2006-02-03,15.5566,15.5969,15.3837,15.5969,6700
2006-02-06,15.5566,15.8447,15.5566,15.8447,42000
2006-02-07,15.8331,16.6801,15.8331,16.1443,107200
2006-02-08,16.5591,17.0028,16.0694,16.997,199200
2006-02-09,17.1353,17.1353,16.4208,16.5649,18300
2006-02-10,16.5361,16.7032,16.4669,16.6513,154900
2006-02-13,16.7896,16.7896,16.5649,16.7089,27700
2006-02-14,16.4496,16.4496,16.1443,16.1443,142800
2006-02-15,15.9887,16.3344,15.8562,16.2192,17900
2006-02-16,16.1327,16.3056,15.7121,16.271,20000
2006-02-17,16.2422,16.4554,15.9369,15.9657,14100
2006-02-20,15.8504,16.3056,15.6142,15.6142,6800
2006-02-21,15.6257,16.1327,15.6257,16.0463,3600
2006-02-22,16.1327,16.1327,15.8792,16.127,5800
2006-02-23,15.9887,16.1328,15.8447,15.908,23600
2006-02-24,16.1327,16.1327,15.8447,15.8447,3700
2006-02-27,15.8447,16.1327,15.8159,15.8447,2800
2006-02-28,15.6142,15.9829,15.6142,15.8735,4200
2006-03-01,15.9887,16.1327,15.9023,15.9599,10400
2006-03-02,16.1328,16.5534,16.0636,16.1328,38400
2006-03-03,16.1328,16.1328,15.8447,16.0175,2800
2006-03-06,16.1328,16.1385,15.6718,15.862,76300
2006-03-07,16.0175,16.0175,15.4125,15.5566,8900
2006-03-08,15.5566,15.6257,15.5566,15.5623,3500
2006-03-09,15.7294,15.8389,15.6142,15.643,18900
2006-03-10,15.7006,15.8447,15.643,15.7294,21400
2006-03-13,15.8447,16.0751,15.7064,15.8159,140100
2006-03-14,15.8447,16.0694,15.6142,15.9829,8700
2006-03-15,16.0175,16.2768,15.9887,16.127,15800
2006-03-16,16.1327,16.4208,15.8447,16.1731,161200
2006-03-17,16.3863,16.7089,15.6027,15.6027,18000
2006-03-20,15.8447,16.0175,15.6776,15.7006,17500
2006-03-21,16.1155,16.1155,15.9311,15.9599,5100
2006-03-22,15.8447,16.127,15.8447,15.9657,4100
2006-03-23,15.9887,16.4208,15.9887,16.3286,46000
2006-03-24,16.3632,16.4208,16.3402,16.3402,12200
2006-03-27,16.3632,16.5649,16.3402,16.4208,3100
2006-03-28,16.5649,16.5937,16.2192,16.2192,11500
2006-03-29,16.2768,16.2768,16.0982,16.0982,31500
2006-03-30,16.1039,16.4208,16.0175,16.1904,34400
2006-03-31,16.2768,16.7723,16.1328,16.2192,77400
2006-04-03,16.3056,16.3056,15.9887,16.0463,144700
2006-04-04,16.0463,16.1616,16.0463,16.0809,28100
2006-04-05,16.0002,16.8472,16.0002,16.5937,36200
2006-04-06,16.5937,16.7896,16.2307,16.2307,36600
2006-04-07,16.2307,16.4554,16.0867,16.2019,24200
2006-04-10,16.6974,16.7032,16.0118,16.2941,19200
2006-04-11,16.5649,16.5649,16.1328,16.3056,24600
2006-04-12,16.5361,16.9336,16.3632,16.7953,33600
2006-04-13,16.4727,17.1122,16.4496,16.6283,10800
2006-04-17,16.853,17.0777,16.6571,17.0258,8300
2006-04-18,16.8818,17.0258,16.8645,16.997,8000
2006-04-19,17.0201,17.0201,16.8758,16.9278,65900
2006-04-20,16.8758,17.0201,16.4547,16.4547,8700
2006-04-21,16.4431,17.0893,16.2989,17.0201,33000
2006-04-24,17.0201,17.0201,16.7662,16.9855,7500
2006-04-25,16.7316,16.847,16.7028,16.7028,139700
2006-04-26,16.9335,17.0201,16.8758,17.0201,8400
2006-04-27,16.8816,17.0201,16.8816,17.0201,14700
2006-04-28,16.9508,17.0201,16.7316,16.9624,42700
2006-05-01,17.0143,17.0201,16.7316,16.7316,49600
2006-05-02,16.7605,16.8297,16.7316,16.7316,34800
2006-05-03,16.7316,16.7316,16.7316,16.7316,0
2006-05-04,16.7316,16.7316,16.7316,16.7316,0
2006-05-05,17.0489,17.0489,16.7547,16.7547,6200
2006-05-08,16.9912,16.9912,16.847,16.8758,2800
2006-05-09,16.9624,16.9624,16.7316,16.7316,23800
2006-05-10,16.7374,16.8297,16.7316,16.7316,10900
2006-05-11,16.7316,16.7893,16.7316,16.7316,1800
2006-05-12,16.7374,16.8758,16.7316,16.7316,38300
2006-05-15,16.7316,16.847,16.7316,16.7316,17100
2006-05-16,16.7374,16.8412,16.7316,16.7316,14500
2006-05-17,16.7316,16.7893,16.7316,16.7316,18300
2006-05-18,16.7316,16.8643,16.7316,16.8643,73700
2006-05-19,16.7316,16.8124,16.7316,16.7316,9600
2006-05-23,16.7316,16.7893,16.6681,16.6739,59000
2006-05-24,16.7316,16.7316,16.6739,16.6739,200800
2006-05-25,16.7316,16.7893,16.7316,16.772,8300
2006-05-26,16.7893,16.8758,16.7605,16.8701,25400
2006-05-29,16.7605,16.772,16.7605,16.772,400
2006-05-30,16.847,16.9624,16.847,16.847,5800
2006-05-31,16.8181,16.9047,16.7605,16.847,15800
2006-06-01,16.8124,16.9162,16.7374,16.9162,10700
2006-06-02,16.0104,16.0104,13.9911,14.0545,242000
2006-06-05,13.9045,14.193,13.2699,13.3334,1915800
2006-06-06,13.3564,13.4891,13.068,13.1487,83000
2006-06-07,13.1834,13.4141,13.0853,13.241,141600
2006-06-08,13.2641,13.2641,12.9064,13.0795,41700
2006-06-09,13.1026,13.241,12.9237,13.1141,188000
2006-06-12,13.1834,13.2353,12.8545,12.866,34500
2006-06-13,12.7276,12.7276,12.4045,12.4045,17900
2006-06-14,12.2602,12.6929,12.2602,12.4679,45600
2006-06-15,12.4622,12.4622,12.1737,12.2314,60400
2006-06-16,12.1737,12.3929,12.1737,12.2198,29000
2006-06-19,12.3641,12.3641,11.8852,11.8852,29200
2006-06-20,11.8852,12.0814,11.7237,11.9891,42900
2006-06-21,11.9891,12.1737,11.7871,12.1102,54800
2006-06-22,11.9429,11.9429,11.7121,11.741,18300
2006-06-23,11.7121,12.1045,11.6602,12.1045,19100
2006-06-26,11.8852,11.9718,11.7698,11.8333,18000
2006-06-27,11.8852,11.9718,11.6833,11.8564,48600
2006-06-28,11.8275,11.9718,11.8275,11.966,42800
2006-06-29,11.8564,11.9429,11.8275,11.9429,58700
2006-06-30,12.0814,12.2545,11.9198,12.0468,156000
2006-07-04,12.0294,12.0294,11.8564,12.0006,18000
2006-07-05,11.9891,12.2256,11.7987,12.1045,71000
2006-07-06,11.9487,12.6872,11.9429,12.6237,94200
2006-07-07,12.6814,12.8372,12.3179,12.3525,71400
2006-07-10,12.8949,13.0333,12.7045,12.8256,40100
2006-07-11,12.9814,13.1257,12.7218,12.9814,114300
2006-07-12,12.9814,13.2699,12.866,13.1545,144500
2006-07-13,13.1257,13.2699,12.9814,12.9814,50600
2006-07-14,13.1545,13.1545,12.9814,12.9814,38000
2006-07-17,12.993,13.1199,12.843,13.0103,14600
2006-07-18,13.0391,13.1199,12.5199,12.866,45000
2006-07-19,12.8891,13.2591,12.7793,13.2475,38100
2006-07-20,13.1203,13.2764,13.1203,13.1492,41900
2006-07-21,13.1203,13.4903,13.1203,13.3515,57700
2006-07-24,13.3804,13.7099,13.3573,13.6868,111800
2006-07-25,13.7157,14.0971,13.6405,13.8255,21300
2006-07-26,13.9295,14.1607,13.733,14.0047,35500
2006-07-27,14.1318,14.2185,13.9584,13.9584,15200
2006-07-28,14.0394,14.0451,13.9584,13.9584,17000
2006-07-31,14.0162,14.0162,13.6983,13.6983,24800
2006-08-01,13.8486,14.1607,13.5943,14.126,19100
2006-08-02,14.1607,14.2648,13.9006,14.0451,15400
2006-08-03,14.0451,14.3919,13.97,13.97,32100
2006-08-04,14.074,14.4439,14.0682,14.3688,10500
2006-08-08,14.3341,14.5595,14.2705,14.3919,29500
2006-08-09,14.4786,14.4786,14.2185,14.415,35300
2006-08-10,14.4497,14.4497,14.1607,14.1607,35000
2006-08-11,14.3457,14.5364,14.3457,14.4555,39800
2006-08-14,14.4613,14.6405,14.4613,14.4613,18700
2006-08-15,14.4555,14.4786,14.4497,14.4555,24500
2006-08-16,14.6405,14.6405,14.4555,14.4671,22200
2006-08-17,14.5075,14.5653,14.4497,14.4728,9500
2006-08-18,14.4497,14.5595,14.4439,14.4671,10500
2006-08-21,14.4786,14.6173,14.4497,14.4786,6700
2006-08-22,14.4555,14.5942,14.4497,14.4497,18000
2006-08-23,14.4497,14.5249,14.4497,14.5075,11100
2006-08-24,14.5075,14.5942,14.4497,14.548,25300
2006-08-25,14.4555,14.5595,14.4555,14.4613,1000
2006-08-28,14.1607,14.5653,14.1607,14.5075,25700
2006-08-29,14.5364,14.5653,14.5191,14.5653,9700
2006-08-30,14.5653,14.6231,14.4613,14.5942,9400
2006-08-31,14.5942,14.5942,14.4671,14.5884,21600
2006-09-01,14.6751,14.6751,14.5249,14.6231,24000
2006-09-05,14.5942,14.5942,14.4728,14.5769,32800
2006-09-06,14.4786,14.5595,14.3804,14.4208,25200
2006-09-07,14.4844,14.4844,14.1781,14.3052,7400
2006-09-08,14.3052,14.3861,14.2705,14.3804,31400
2006-09-11,14.3052,14.3919,14.1781,14.3052,41200
2006-09-12,14.363,14.363,13.8313,14.2185,14300
2006-09-13,14.2763,14.3919,14.2532,14.3919,30900
2006-09-14,14.3226,14.4035,14.3052,14.4035,4600
2006-09-15,14.3399,14.5653,14.3341,14.5653,17600
2006-09-18,14.5075,14.5075,14.3572,14.5075,5200
2006-09-19,14.5306,14.5827,14.3746,14.5075,11200
2006-09-20,14.4497,14.5653,14.3919,14.4497,6600
2006-09-21,14.3919,14.6694,14.3919,14.5942,16000
2006-09-22,14.4844,14.5653,14.4497,14.5653,31400
2006-09-25,14.652,14.8254,14.652,14.7849,37200
2006-09-26,14.7561,14.837,14.652,14.7387,52400
2006-09-27,14.8428,14.941,14.8428,14.8832,36100
2006-09-28,14.9699,15.1433,14.8948,15.1144,45100
2006-09-29,15.1722,15.23,14.9583,14.9583,67600
2006-10-02,15.0277,15.3109,15.0277,15.282,3900
2006-10-03,15.282,15.282,14.8601,15.0508,6900
2006-10-04,14.941,15.1375,14.9006,15.1375,16200
2006-10-05,15.4323,15.4323,14.9294,15.2878,11200
2006-10-06,15.1433,15.2878,15.1433,15.2011,5100
2006-10-10,15.1375,15.5017,15.1144,15.4323,27300
2006-10-11,15.4323,15.6057,15.3225,15.3225,52300
2006-10-12,15.3745,15.4843,15.3745,15.3918,9800
2006-10-13,15.4034,15.7502,15.4034,15.6693,58700
2006-10-16,16.3571,16.3571,15.8658,15.8658,41600
2006-10-17,16.4091,16.4091,16.1259,16.1548,199300
2006-10-18,16.3571,16.3571,16.1606,16.1952,60000
2006-10-19,16.2704,16.2704,16.1895,16.2704,42900
2006-10-20,16.2415,16.2704,16.2184,16.2473,71800
2006-10-23,16.2704,16.2704,15.4381,15.7791,43000
2006-10-24,15.7791,16.2184,15.7791,16.1259,28900
2006-10-25,16.0622,16.2937,16.0333,16.2359,56700
2006-10-26,16.2937,16.5774,16.1548,16.5658,78400
2006-10-27,16.4963,16.6121,16.4384,16.5253,24000
2006-10-30,16.4963,16.751,16.4674,16.751,56500
2006-10-31,16.7857,16.971,16.67,16.8726,169500
2006-11-01,16.6931,16.6989,16.4963,16.5658,9100
2006-11-02,16.7163,16.7279,16.3574,16.7279,40300
2006-11-03,16.641,16.7857,16.4442,16.6989,15400
2006-11-06,16.6873,16.7742,16.3516,16.4847,46600
2006-11-07,16.641,17.3588,16.641,17.0173,64900
2006-11-08,17.2141,17.2198,17.0809,17.133,17600
2006-11-09,17.2777,17.3646,17.1272,17.2719,277500
2006-11-10,17.3414,17.3819,17.1967,17.2199,15800
2006-11-13,17.0751,17.4224,17.0751,17.3356,14000
2006-11-14,17.3356,17.3356,17.0983,17.0983,998100
2006-11-15,16.7915,17.2199,16.7915,17.2199,13600
2006-11-16,17.2199,17.3646,17.0751,17.2199,40600
2006-11-17,17.2141,17.2199,17.0809,17.162,9200
2006-11-20,17.2141,17.2141,17.023,17.0578,9800
2006-11-21,17.0173,17.1909,17.0173,17.1909,30900
2006-11-22,17.3067,17.3646,17.1446,17.3588,22100
2006-11-23,17.2199,17.2777,17.1735,17.1909,31800
2006-11-24,17.3067,17.3646,17.0751,17.2141,10300
2006-11-27,17.3067,17.4224,17.0751,17.2141,179600
2006-11-28,17.1041,17.133,17.0462,17.0751,44700
2006-11-29,17.0751,17.654,17.0751,17.654,52000
2006-11-30,17.654,17.654,17.0925,17.4224,80100
2006-12-01,17.3646,17.3703,17.0751,17.0751,260800
2006-12-04,17.0346,17.7003,17.0346,17.5035,132300
2006-12-05,17.654,18.0881,17.654,18.0302,246500
2006-12-06,18.0244,18.0765,17.8276,17.9723,132200
2006-12-07,18.0881,18.6669,18.0881,18.3949,163600
2006-12-08,18.4933,18.4933,18.0186,18.0649,48800
2006-12-11,18.117,18.227,18.036,18.0418,40200
2006-12-12,18.1228,18.4759,18.0186,18.2444,175500
2006-12-13,18.2328,18.8116,18.2328,18.6437,77900
2006-12-14,18.8116,19.2457,18.5453,19.2457,78900
2006-12-15,18.9621,19.101,18.5511,18.5511,72300
2006-12-18,18.6669,18.8695,18.5801,18.5917,40000
2006-12-19,18.5801,18.7132,18.2617,18.5801,62100
2006-12-20,18.609,18.7306,18.4354,18.69,9200
2006-12-21,18.5511,18.8,18.5511,18.6785,20800
2006-12-22,18.609,18.9042,18.609,18.7711,47000
2006-12-27,18.6437,18.7248,18.638,18.7248,3000
2006-12-28,18.7827,18.7827,18.3543,18.5917,4600
2006-12-29,18.609,18.8637,18.6032,18.8058,9700
2007-01-02,18.6669,18.8058,18.638,18.7537,18000
2007-01-03,18.7248,18.7827,18.5338,18.638,47000
2007-01-04,18.6669,18.8,18.638,18.7479,121800
2007-01-05,18.7537,18.8058,18.609,18.7248,13400
2007-01-08,18.5569,19.3673,18.5569,19.101,38800
2007-01-09,19.3325,19.3325,19.1705,19.1705,18600
2007-01-10,19.1357,19.6798,19.1357,19.6798,50900
2007-01-11,20.0271,21.7925,20.0271,21.7925,332100
2007-01-12,22.2845,22.7186,22.1398,22.5739,272100
2007-01-15,22.6029,23.1643,22.6029,22.8923,88800
2007-01-16,23.118,23.5,22.9791,23.2106,312700
2007-01-17,23.2106,23.4537,22.4292,22.9502,1634800
2007-01-18,22.6087,23.1527,22.6087,23.037,220500
2007-01-19,23.037,23.1527,22.9675,23.0891,335700
2007-01-22,23.1238,23.1876,23.1238,23.1238,445600
2007-01-23,23.1876,23.1876,23.0543,23.1355,63800
2007-01-24,23.1297,23.4659,22.9152,23.234,188500
2007-01-25,23.2746,23.6224,22.9905,23.321,463600
2007-01-26,23.4775,23.4775,23.1876,23.3905,292600
2007-01-29,23.3905,23.3905,23.176,23.3789,184000
2007-01-30,23.1992,23.3615,23.0601,23.2514,446100
2007-01-31,23.176,23.4195,23.0195,23.4079,193100
2007-02-01,23.3093,23.4775,23.1992,23.292,85900
2007-02-02,23.1876,23.4195,23.1876,23.2456,179000
2007-02-05,23.1992,23.4369,23.1934,23.3847,229800
2007-02-06,23.3905,23.5006,23.2746,23.3267,146300
2007-02-07,23.3731,23.7673,23.2224,23.7673,270000
2007-02-08,23.7673,23.9064,23.6282,23.7673,286500
2007-02-09,23.6514,23.9006,23.5007,23.6862,83200
2007-02-12,23.7615,23.7615,23.4775,23.5818,55600
2007-02-13,23.4775,23.9064,23.4775,23.8543,65300
2007-02-14,23.8833,23.9122,23.7093,23.7673,41900
2007-02-15,23.6224,23.9122,23.5412,23.6919,316500
2007-02-16,23.7093,24.0514,23.605,23.7673,179900
2007-02-19,23.7673,23.8543,23.634,23.8427,56600
2007-02-20,23.8427,24.318,23.6224,24.0571,233400
2007-02-21,24.0572,25.3325,24.0108,25.2455,449900
2007-02-22,25.2455,25.4716,24.7818,24.9441,385300
2007-02-23,25.0426,25.3035,24.9267,25.2861,116600
2007-02-26,25.3615,25.6513,25.3093,25.6397,172800
2007-02-27,25.6397,25.6397,24.347,24.4745,473700
2007-02-28,24.4977,24.9267,24.3644,24.5209,447600
2007-03-01,24.347,24.6948,24.347,24.3702,174700
2007-03-02,24.347,24.347,24.0571,24.0571,71800
2007-03-05,23.4775,24.0572,23.2514,23.547,101200
2007-03-06,23.4775,23.7673,23.4079,23.6804,111300
2007-03-07,23.5412,23.8659,23.4949,23.7673,292500
2007-03-08,24.2948,24.6774,23.9992,24.0688,127200
2007-03-09,24.5789,24.5789,23.8137,23.8137,77000
2007-03-12,23.8137,24.1267,23.7963,23.9876,44100
2007-03-13,23.8427,24.0166,23.1876,23.1876,76300
2007-03-14,22.8978,23.7557,22.8978,23.4543,78200
2007-03-15,23.263,23.7673,23.263,23.5586,23100
2007-03-16,23.4891,23.9412,23.3036,23.9412,158400
2007-03-19,23.9412,24.4861,23.9412,24.2948,24900
2007-03-20,24.5093,24.5093,23.3557,24.1383,50000
2007-03-21,24.26,24.347,24.2079,24.3354,14500
2007-03-22,24.347,24.5209,24.2021,24.5209,89400
2007-03-23,24.6658,25.5701,24.5151,25.4484,79700
2007-03-26,25.7672,25.7672,24.4224,24.8455,42600
2007-03-27,24.3586,24.5963,24.1673,24.376,61300
2007-03-28,24.2021,24.2658,23.4775,23.9122,118600
2007-03-29,23.9122,24.2774,23.6514,23.6919,93000
2007-03-30,23.7731,24.1093,23.6804,23.9702,74900
2007-04-02,24.0803,24.1731,23.8427,23.9702,68400
2007-04-03,24.3412,25.1875,24.2021,25.1122,82900
2007-04-04,25.2513,25.2513,24.6368,24.9557,39800
2007-04-05,24.8397,25.1644,24.8397,25.1586,58300
2007-04-09,25.3615,25.5006,25.2165,25.3904,39500
2007-04-10,25.5064,25.9064,25.2571,25.8194,119900
2007-04-11,25.7962,26.0687,24.9267,25.918,98900
2007-04-12,26.2832,26.4281,25.9875,26.144,298000
2007-04-13,26.4745,26.4745,25.8136,25.8832,89200
2007-04-16,26.0107,26.0571,25.8368,25.8542,113300
2007-04-17,25.8542,25.8542,25.5354,25.7209,83200
2007-04-18,25.3672,25.6745,25.1006,25.4136,54900
2007-04-19,25.431,25.5991,25.0426,25.5064,62700
2007-04-20,25.7325,25.7325,24.9093,25.3035,59800
2007-04-23,24.9668,25.5415,24.932,25.5415,117500
2007-04-24,25.4892,25.5241,25.3151,25.4544,67900
2007-04-25,25.6286,26.093,25.5473,25.9711,61600
2007-04-26,25.9769,26.0349,25.7098,25.7098,28800
2007-04-27,25.7098,26.0001,25.5705,25.5705,26000
2007-04-30,25.971,25.971,25.2512,25.2687,64700
2007-05-01,25.2512,25.6286,25.2512,25.6111,63700
2007-05-02,25.6518,25.7969,25.2687,25.5357,37000
2007-05-03,25.5357,25.6866,25.3673,25.6286,26400
2007-05-04,25.6866,25.9478,25.5415,25.7389,42200
2007-05-07,25.5995,25.942,25.4254,25.8317,105200
2007-05-08,25.8317,25.8898,25.6344,25.8317,61200
2007-05-09,25.6866,25.6866,25.4776,25.5009,44300
2007-05-10,25.5125,25.5125,25.1584,25.4834,41700
2007-05-11,25.6053,25.8317,25.4892,25.7098,89200
2007-05-14,25.8317,25.8317,25.2106,25.2512,67400
2007-05-15,25.5125,25.5125,25.0307,25.3325,85500
2007-05-16,25.1061,25.3093,24.9146,24.99,19500
2007-05-17,25.0306,25.5415,25.0306,25.3441,51900
2007-05-18,25.3964,25.3964,25.019,25.1642,23800
2007-05-22,25.141,25.437,25.141,25.3093,48200
2007-05-23,25.2512,25.8317,25.2222,25.5241,94300
2007-05-24,25.5415,25.5415,25.0713,25.1061,55200
2007-05-25,24.961,25.1351,23.7652,24.6707,40700
2007-05-28,24.4153,24.6708,24.3573,24.5547,24900
2007-05-29,24.6243,24.6243,23.8349,23.8929,65300
2007-05-30,23.8233,24.0671,23.2195,23.9974,179900
2007-05-31,23.9742,24.961,23.9451,24.8159,52400
2007-06-01,25.1351,25.5415,24.961,25.4138,52700
2007-06-04,25.2803,25.5415,25.0771,25.3499,42700
2007-06-05,25.3441,25.4718,25.0539,25.1061,23900
2007-06-06,25.1061,25.2512,24.99,25.2512,71300
2007-06-07,25.1932,25.2512,25.019,25.2222,88100
2007-06-08,25.0249,25.2512,25.0249,25.2106,35400
2007-06-11,25.2106,25.7969,25.1293,25.7331,48200
2007-06-12,25.7621,25.8317,25.4834,25.5415,84000
2007-06-13,25.5415,25.5415,24.961,25.1235,59600
2007-06-14,25.1235,25.6866,25.1235,25.2745,47100
2007-06-15,25.5705,25.5705,25.1932,25.228,72900
2007-06-18,25.5473,25.6866,25.3964,25.5473,118500
2007-06-19,25.6866,25.8317,25.6692,25.8317,36700
2007-06-20,26.0349,26.0349,25.6866,25.7795,70200
2007-06-21,25.913,26.1104,25.7447,25.7911,99300
2007-06-22,25.8491,26.093,25.7098,25.7737,52900
2007-06-25,25.971,26.1626,25.6866,25.8782,93100
2007-06-26,25.9188,26.0988,25.6982,25.7156,25900
2007-06-27,25.8608,26.151,25.8317,25.9943,52600
2007-06-28,26.1394,26.4064,25.9885,26.4064,28800
2007-06-29,26.418,27.0333,26.4122,26.7025,113100
2007-07-03,27.132,27.5093,26.9114,27.2829,74800
2007-07-04,27.4281,27.6893,27.283,27.5151,36100
2007-07-05,27.5732,27.5964,27.283,27.4861,110500
2007-07-06,27.4861,28.4846,27.4397,28.3569,111800
2007-07-09,28.9664,30.0403,28.7632,29.1057,194700
2007-07-10,29.8836,29.8836,29.2044,29.2566,111000
2007-07-11,29.4017,29.4017,28.9025,29.0244,114200
2007-07-12,29.0244,29.7674,28.8213,29.75,119600
2007-07-13,29.8661,29.8661,29.3031,29.5411,29000
2007-07-16,29.8835,29.8951,29.4133,29.4308,81600
2007-07-17,29.5643,29.7152,29.0883,29.0883,62500
2007-07-18,29.1406,30.222,29.1348,30.222,92300
2007-07-19,30.5709,30.5709,29.3615,29.7511,60700
2007-07-20,29.6522,29.6522,28.8383,28.8848,163600
2007-07-23,28.8964,29.129,28.5766,29.0941,237200
2007-07-24,29.1232,29.1232,28.1987,28.1987,84200
2007-07-25,28.1987,28.4836,27.4661,27.9196,72800
2007-07-26,27.8499,27.908,26.501,27.1231,113100
2007-07-27,26.8847,27.7336,26.8847,27.1231,81500
2007-07-30,27.4719,27.4719,27.0359,27.094,72700
2007-07-31,27.501,28.1231,27.0359,27.0359,92900
2007-08-01,26.8091,26.9021,26.28,26.5998,165000
2007-08-02,26.2568,27.0649,26.2568,26.8382,63200
2007-08-03,26.9835,26.9835,26.2568,26.6289,49100
2007-08-07,26.7452,26.8789,26.3149,26.8149,52200
2007-08-08,26.8266,27.7684,26.8266,27.3266,100200
2007-08-09,27.3266,27.6173,26.5998,27.3382,149500
2007-08-10,26.7452,27.1638,25.6114,26.0068,217100
2007-08-13,26.1696,27.0359,26.1696,26.9603,80600
2007-08-14,26.7452,27.094,26.3847,26.4603,50900
2007-08-15,25.9021,26.6812,25.4079,25.4079,100900
2007-08-16,25.4079,25.5765,24.0009,25.5765,91300
2007-08-17,25.6289,26.1638,24.4311,25.53,67700
2007-08-20,25.3847,25.7742,25.1463,25.7742,130800
2007-08-21,25.7742,25.8672,25.1753,25.5881,72900
2007-08-22,25.6637,26.8905,25.6637,26.7742,191000
2007-08-23,26.9196,27.2975,26.6114,26.908,435100
2007-08-24,26.908,26.908,26.6289,26.6289,195500
2007-08-27,26.658,26.8324,26.3498,26.6289,156100
2007-08-28,26.5417,26.7045,25.6114,25.6114,106400
2007-08-29,25.8149,26.5998,25.8149,26.5417,111400
2007-08-30,26.1637,26.5242,26.0823,26.1056,207400
2007-08-31,26.4545,26.7335,26.2219,26.687,216400
2007-09-04,26.7393,26.7975,26.3149,26.7452,42900
2007-09-05,26.7626,27.2219,26.7568,26.8905,50600
2007-09-06,27.0359,27.4719,26.8905,27.3266,76700
2007-09-07,27.3266,27.4429,26.2393,26.7452,58600
2007-09-10,26.6114,26.8033,26.2568,26.373,29000
2007-09-11,26.4545,27.0068,26.4545,26.7742,17200
2007-09-12,26.5707,26.8905,26.2684,26.53,29100
2007-09-13,26.53,27.1056,26.53,27.0184,53100
2007-09-14,26.7452,27.0882,26.5068,26.6231,49600
2007-09-17,26.6231,26.6347,26.1289,26.4196,39700
2007-09-18,26.3498,26.7161,26.0591,26.7045,73700
2007-09-19,26.6986,27.0068,26.4661,26.4661,78600
2007-09-20,26.8033,26.8033,26.3091,26.4254,44800
2007-09-21,26.5417,26.5417,25.9602,26.1289,88200
2007-09-24,26.1056,26.28,26.0649,26.1637,51000
2007-09-25,26.1637,26.1637,25.4719,25.844,172700
2007-09-26,25.7975,25.9079,25.4835,25.5009,105700
2007-09-27,25.5823,25.6928,25.4195,25.6405,155800
2007-09-28,25.6986,25.937,25.4428,25.5823,115500
2007-10-01,25.5881,26.1521,25.5881,26.0184,97500
2007-10-02,25.8788,26.1637,25.8672,26.0184,117500
2007-10-03,26.0184,26.1463,25.53,25.9312,175800
2007-10-04,26.0765,26.4545,25.9312,26.251,273500
2007-10-05,26.6173,26.7394,26.2626,26.5126,48800
2007-10-09,26.5126,26.7452,26.3905,26.7452,116000
2007-10-10,26.7452,27.3498,26.6521,27.094,116600
2007-10-11,27.3266,27.8673,27.3266,27.5475,304700
2007-10-12,27.6231,27.9022,27.5301,27.5533,68600
2007-10-15,27.5533,27.5533,27.1812,27.3847,92900
2007-10-16,27.3266,27.7278,27.3266,27.5126,72800
2007-10-17,27.6231,28.1871,27.6231,28.1115,90100
2007-10-18,28.1987,28.6231,28.1522,28.6115,175600
2007-10-19,28.5999,28.6987,27.4836,28.0941,209100
2007-10-22,27.9487,29.1697,27.5591,29.1697,88200
2007-10-23,29.0708,29.0708,28.4313,28.722,87100
2007-10-24,28.8964,28.8964,28.315,28.3731,52200
2007-10-25,28.2045,29.0592,28.2045,28.9662,73800
2007-10-26,28.9255,29.2162,28.658,28.6697,74700
2007-10-29,28.7859,29.065,28.2685,28.3092,44700
2007-10-30,28.4313,28.8208,28.2278,28.6231,131500
2007-10-31,28.6929,28.9255,28.2917,28.6347,136600
2007-11-01,28.4836,28.7394,28.3673,28.4313,102700
2007-11-02,28.3499,28.4545,28.0301,28.0301,106500
2007-11-05,27.908,28.3383,27.6173,28.1115,53200
2007-11-06,28.1115,28.2859,27.8441,27.9661,97400
2007-11-07,27.908,28.0243,27.658,27.908,154000
2007-11-08,27.908,27.908,27.3266,27.4603,131300
2007-11-09,27.3149,27.3847,26.5533,27.3673,75700
2007-11-12,27.3266,27.5301,26.1347,26.3556,40700
2007-11-13,26.3672,26.8324,26.3672,26.501,33000
2007-11-14,26.5998,26.9545,26.5998,26.751,38200
2007-11-15,26.8266,27.0359,26.6347,26.8266,81900
2007-11-16,26.8266,26.8266,26.4545,26.4545,28300
2007-11-19,26.4079,26.4079,26.0882,26.2277,36200
2007-11-20,26.3033,26.7393,26.0765,26.28,87100
2007-11-21,26.0184,26.6173,25.7161,25.9021,99400
2007-11-22,25.9021,26.1637,25.7568,26.1637,15200
2007-11-23,26.094,26.6289,25.9195,25.9195,25900
2007-11-26,26.0184,26.4661,25.2974,25.5242,43800
2007-11-27,25.3033,25.7102,25.3033,25.6579,55200
2007-11-28,25.9602,26.1463,25.6986,26.0184,124000
2007-11-29,26.0184,26.0475,25.4777,25.9312,64200
2007-11-30,25.9196,25.9428,25.3788,25.53,63100
2007-12-03,25.5009,26.1056,25.3847,25.9021,55300
2007-12-04,25.9021,25.9254,25.2916,25.3963,42400
2007-12-05,25.4835,25.9196,25.4835,25.8149,83900
2007-12-06,25.7916,26.4952,25.6695,26.4952,46100
2007-12-07,26.501,27.315,26.501,26.6114,91500
2007-12-10,26.6114,26.7161,26.3905,26.3963,92000
2007-12-11,26.3963,26.5998,26.3963,26.5591,42500
2007-12-12,26.5242,26.7277,26.1637,26.5068,180300
2007-12-13,26.3265,26.7277,26.2451,26.28,32200
2007-12-14,26.28,26.6114,25.9428,26.1463,23500
2007-12-17,25.9021,25.9544,25.4486,25.7858,58400
2007-12-18,25.7393,26.7277,25.7277,25.9893,93300
2007-12-19,26.0242,26.7277,26.0242,26.6056,53800
2007-12-20,26.3614,26.7045,26.2277,26.4138,64700
2007-12-21,26.5649,26.8033,26.1986,26.687,165200
2007-12-24,26.7859,26.908,26.4893,26.687,8100
2007-12-27,26.4544,26.9138,26.2393,26.8731,25800
2007-12-28,26.9312,27.0301,26.7742,26.9719,9500
2007-12-31,27.0242,28.3848,26.9603,27.7975,54000
2008-01-02,27.6231,27.6522,26.751,27.2626,60500
2008-01-03,27.4429,27.6464,26.03,26.9196,40200
2008-01-04,26.8033,27.6987,26.6928,27.1812,82600
2008-01-07,27.2452,27.6057,26.8905,27.0359,60100
2008-01-08,27.1812,27.1812,26.8847,26.8963,45500
2008-01-09,27.315,27.3266,26.1347,26.1347,58300
2008-01-10,26.1696,26.7452,24.1288,25.0067,290500
2008-01-11,25.2858,25.2858,24.4079,24.4486,586200
2008-01-14,24.4195,24.5881,23.9718,24.2393,112600
2008-01-15,23.9834,24.2741,23.8381,23.9544,57600
2008-01-16,23.6927,23.9834,22.966,22.966,285700
2008-01-17,23.1171,24.1172,23.0241,23.245,151400
2008-01-18,23.2567,23.8323,23.1985,23.2276,194800
2008-01-21,22.7321,22.8779,22.1493,22.464,48100
2008-01-22,21.8637,23.1693,21.8637,22.907,114600
2008-01-23,22.1668,23.0352,21.7879,23.0352,79000
2008-01-24,23.2218,23.315,23.0294,23.0294,77600
2008-01-25,23.315,23.8979,23.2509,23.7172,108800
2008-01-28,23.7522,23.7522,22.6797,22.8837,49000
2008-01-29,22.9245,23.111,22.7321,22.7321,33300
2008-01-30,22.6447,22.907,22.3591,22.4465,67600
2008-01-31,22.4349,22.8254,22.1551,22.6972,139100
2008-02-01,22.5689,23.5482,22.4116,23.5015,124400
2008-02-04,23.4549,23.7172,23.0994,23.2393,78300
2008-02-05,22.7321,23.1635,22.4116,22.4524,128300
2008-02-06,22.8546,22.8546,22.33,22.4465,106500
2008-02-07,22.3008,22.5398,21.9511,22.0852,110800
2008-02-08,21.9744,22.6564,21.9744,22.3824,60500
2008-02-11,22.2425,22.4815,22.1493,22.2892,67200
2008-02-12,22.1784,22.4407,22.1784,22.2658,102400
2008-02-13,22.3591,22.872,22.295,22.7904,593000
2008-02-14,22.7671,22.7671,22.4116,22.5048,43800
2008-02-15,22.5631,22.7963,22.4057,22.7904,33900
2008-02-19,22.872,22.872,22.3941,22.5165,83900
2008-02-20,22.295,22.5398,22.295,22.3183,60200
2008-02-21,22.295,22.6505,22.1143,22.5515,127000
2008-02-22,22.4699,22.499,22.2134,22.3824,45500
2008-02-25,22.4932,22.4932,21.9628,22.1493,42400
2008-02-26,21.8811,22.1434,21.8811,21.9744,28800
2008-02-27,21.9744,22.0618,21.1934,21.2458,77400
2008-02-28,21.0301,21.3274,20.7387,20.8378,72700
2008-02-29,20.9311,21.6247,20.8378,21.1584,303200
2008-03-03,21.1292,21.479,20.6921,20.7504,116100
2008-03-04,20.6979,21.0418,20.6804,20.7445,87000
2008-03-05,20.7212,20.8436,20.6338,20.7445,125700
2008-03-06,20.4939,20.6921,20.2199,20.6921,50100
2008-03-07,20.7037,20.7504,20.4123,20.5639,99400
2008-03-10,20.4706,21.275,19.8586,20.1267,114100
2008-03-11,19.8586,20.4006,19.8178,19.8527,63000
2008-03-12,20.1034,20.1092,19.4272,19.8178,64700
2008-03-13,19.8761,19.8761,19.5263,19.7245,109400
2008-03-14,19.5613,19.8178,19.4331,19.6429,193500
2008-03-17,19.1883,19.3165,18.8094,19.1125,80500
2008-03-18,19.1125,19.6254,19.1125,19.538,92500
2008-03-19,19.538,20.0159,19.538,19.7537,152400
2008-03-20,19.6429,19.8586,18.8852,19.8178,73800
2008-03-24,19.9693,21.1234,19.8586,20.8611,131900
2008-03-25,21.2225,21.2225,20.628,20.8728,63800
2008-03-26,20.8087,21.5547,20.8087,21.4731,53100
2008-03-27,21.5664,21.5664,21.1875,21.1875,49700
2008-03-28,21.3682,21.4032,20.8378,21.071,47300
2008-03-31,21.0593,21.3216,20.8436,20.9777,43000
2008-04-01,20.8728,22.1434,20.8028,21.7121,150300
2008-04-02,21.7121,22.5573,21.479,22.0502,96200
2008-04-03,21.7762,22.0036,21.2167,21.2866,74100
2008-04-04,21.4148,21.683,21.2633,21.5606,51400
2008-04-07,21.7937,21.7937,21.4149,21.5198,38300
2008-04-08,21.6538,22.464,21.6189,21.9278,38200
2008-04-09,21.6363,21.9628,21.6363,21.8578,56900
2008-04-10,21.8578,21.9511,21.6363,21.9511,24500
2008-04-11,22.3708,23.4374,22.3708,22.7613,190400
2008-04-14,23.0236,23.589,22.907,23.4258,323300
2008-04-15,23.5482,23.6997,23.3092,23.5482,27500
2008-04-16,23.5365,23.6065,23.4258,23.5365,84300
2008-04-17,23.315,23.5249,23.111,23.111,19800
2008-04-18,23.2276,24.0436,23.1227,23.8979,235300
2008-04-21,24.0436,24.0436,23.6006,23.927,30700
2008-04-22,24.1023,24.1023,23.5064,23.5414,30000
2008-04-23,23.4596,23.4596,23.2551,23.372,23400
2008-04-24,23.3719,23.3719,23.109,23.3427,18400
2008-04-25,23.1499,23.3661,23.1499,23.2551,19200
2008-04-28,23.2551,23.3603,22.9279,22.9279,43100
2008-04-29,23.1967,23.372,22.9279,23.185,170200
2008-04-30,23.3135,23.5706,22.998,23.0331,116000
2008-05-01,23.074,23.372,22.8052,23.1908,44200
2008-05-02,23.4947,23.4947,23.2434,23.4362,47700
2008-05-05,23.6349,23.8102,23.3135,23.4888,134100
2008-05-06,23.4596,23.6641,23.2376,23.372,45100
2008-05-07,23.3719,23.5063,23.2259,23.2259,213700
2008-05-08,23.372,23.372,23.109,23.109,37600
2008-05-09,23.0857,23.3369,23.0857,23.1908,51300
2008-05-12,23.0915,23.4012,23.0915,23.3544,157800
2008-05-13,23.6641,24.1374,23.4187,23.9154,27900
2008-05-14,24.1724,24.5406,23.7284,23.8102,116900
2008-05-15,24.2192,24.2484,23.8102,24.2484,25500
2008-05-16,24.4471,24.4646,24.1199,24.2192,82400
2008-05-20,24.2192,24.5347,23.2551,23.4771,91900
2008-05-21,23.5706,23.5706,23.2551,23.2551,54800
2008-05-22,23.3077,23.6291,23.2609,23.6232,70300
2008-05-23,23.6291,23.7401,23.2376,23.5648,51900
2008-05-26,23.4654,23.9563,23.3194,23.9563,5000
2008-05-27,23.6466,23.7109,23.0915,23.372,42500
2008-05-28,23.3778,23.8219,23.372,23.4304,36400
2008-05-29,23.22,23.5648,23.109,23.4888,32300
2008-05-30,23.6057,23.9563,23.3135,23.6699,26900
2008-06-02,23.9796,23.9796,23.372,23.518,44300
2008-06-03,23.372,23.7985,23.372,23.7225,50800
2008-06-04,23.5239,23.9387,23.4596,23.9329,40400
2008-06-05,23.9329,23.9329,23.4713,23.781,42800
2008-06-06,23.8569,23.8569,23.2259,23.3836,97900
2008-06-09,23.4713,23.7401,23.0856,23.185,33600
2008-06-10,23.0857,23.6232,22.9746,23.22,25200
2008-06-11,23.1967,23.3661,22.4955,22.7993,112400
2008-06-12,22.7877,23.0681,22.6766,22.6766,29100
2008-06-13,22.6533,23.5122,22.589,23.3077,47100
2008-06-16,23.372,23.372,22.6416,22.6416,43600
2008-06-17,22.6591,23.2493,22.5014,22.7292,39400
2008-06-18,22.8402,22.887,22.2676,22.3261,55800
2008-06-19,22.2326,22.5773,22.1683,22.3144,79000
2008-06-20,22.2151,22.2151,21.1224,21.1224,43900
2008-06-23,21.2685,21.508,20.69,20.7835,82700
2008-06-24,20.9471,21.4671,20.655,21.1166,75600
2008-06-25,21.0348,21.508,21.0348,21.4146,86300
2008-06-26,21.0406,21.2977,20.6082,20.8829,40400
2008-06-27,20.7894,21.4788,20.7894,21.0815,30800
2008-06-30,21.2042,21.8528,21.1283,21.6191,24300
2008-07-02,21.5314,21.8469,20.468,20.9763,83600
2008-07-03,20.8536,21.3211,20.6667,20.7485,24000
2008-07-04,21.3269,21.7067,20.9588,21.5606,12900
2008-07-07,22.1274,22.1274,21.4613,21.5606,67600
2008-07-08,22.1625,22.1625,21.6249,21.8528,29400
2008-07-09,21.9112,22.2618,21.0406,21.2626,25900
2008-07-10,21.5665,21.9463,21.4905,21.7885,79500
2008-07-11,21.7885,21.7885,21.4262,21.6015,12700
2008-07-14,21.6775,21.7768,20.579,20.8069,43200
2008-07-15,20.8887,21.549,20.5381,21.3737,52100
2008-07-16,21.4379,22.2034,21.0348,21.8645,97600
2008-07-17,21.8645,22.2034,21.7885,22.1216,45600
2008-07-18,22.2326,22.6299,22.0573,22.0924,34400
2008-07-21,22.5552,22.5552,22.1685,22.2329,13000
2008-07-22,22.2622,22.4028,21.3776,21.8229,53100
2008-07-23,21.6764,22.0631,21.5475,21.9693,30000
2008-07-24,22.1451,22.5493,21.8287,22.315,49800
2008-07-25,22.5493,22.5493,22.0455,22.1158,59700
2008-07-28,22.5493,22.5493,22.1041,22.4321,115800
2008-07-29,22.2623,23.3402,22.2623,23.0883,74600
2008-07-30,23.4339,23.4339,22.977,23.0531,70200
2008-07-31,23.0473,23.885,22.8774,23.7854,136300
2008-08-01,23.8382,23.885,23.3929,23.598,68100
2008-08-05,23.5921,24.4475,23.4339,24.0842,71600
2008-08-06,24.0842,24.4533,23.9905,24.1663,35000
2008-08-07,24.383,24.6056,24.1955,24.3127,84200
2008-08-08,24.4592,24.7345,24.3772,24.6291,54300
2008-08-11,24.6291,25.42,24.5881,25.2208,69700
2008-08-12,24.9044,25.3204,24.5939,24.8107,59600
2008-08-13,24.8341,25.0099,24.8341,24.8868,30400
2008-08-14,24.8165,25.7129,24.6701,25.3204,80000
2008-08-15,25.3204,25.8359,25.1329,25.8359,70100
2008-08-18,25.9824,26.123,25.4493,25.7129,118900
2008-08-19,25.6602,25.8828,25.3087,25.4024,25600
2008-08-20,25.6016,25.6016,24.963,25.2149,21000
2008-08-21,25.3087,25.7305,24.9923,25.6719,32000
2008-08-22,25.3731,25.7773,25.3731,25.7598,37000
2008-08-25,24.7931,25.7773,24.7931,25.4141,37300
2008-08-26,25.4141,25.7715,25.4141,25.7129,58000
2008-08-27,25.7773,25.7773,25.5664,25.7656,38600
2008-08-28,25.7773,25.9531,25.6016,25.8359,56400
2008-08-29,25.2501,25.7773,25.2501,25.7773,21500
2008-09-02,26.0644,26.0703,25.4844,25.625,59100
2008-09-03,25.4844,25.7597,25.4844,25.7187,15800
2008-09-04,25.6777,25.6777,24.8986,25.0685,18600
2008-09-05,25.0743,25.0743,24.1838,24.758,35200
2008-09-08,24.8048,25.0802,24.6056,24.8283,27300
2008-09-09,24.8751,25.2208,24.8458,25.127,37700
2008-09-10,25.127,25.1856,24.7755,25.045,102600
2008-09-11,25.1563,25.1563,24.8986,25.1329,20300
2008-09-12,25.127,25.42,24.9103,25.42,120800
2008-09-15,25.2032,25.4083,24.9923,25.3087,54900
2008-09-16,25.1036,25.4024,24.9806,25.168,63600
2008-09-17,25.0392,25.2384,23.9612,23.9612,44600
2008-09-18,23.9671,24.4592,23.9026,24.1663,75000
2008-09-19,24.4592,25.2149,24.4533,25.0392,47100
2008-09-22,24.5236,24.7931,23.141,23.3461,67000
2008-09-23,23.6624,24.137,23.1527,23.6741,50200
2008-09-24,23.5804,23.7737,23.4105,23.5511,44900
2008-09-25,23.4339,24.1135,23.4105,23.8499,87500
2008-09-26,23.3226,24.0198,23.3226,23.6683,19800
2008-09-29,23.6624,23.8557,21.8873,23.4574,61900
2008-09-30,23.4691,24.465,23.3285,23.3461,99800
2008-10-01,22.8657,23.4339,21.694,23.2348,134700
2008-10-02,23.4222,23.4398,23.141,23.2582,134400
2008-10-03,22.8481,23.2582,21.9224,22.2681,87300
2008-10-06,21.5299,21.6178,19.333,20.8269,121800
2008-10-07,20.2469,20.6687,19.9188,20.2469,130800
2008-10-08,19.4795,20.5281,19.4795,20.1356,192800
2008-10-09,20.1356,20.411,19.9188,20.0946,108600
2008-10-10,17.7219,19.292,17.7219,18.8643,159600
2008-10-14,20.5106,21.817,19.0108,19.9481,89700
2008-10-15,19.9481,20.5926,19.4385,19.7782,77400
2008-10-16,19.9306,20.2118,19.3389,20.2118,104300
2008-10-17,19.9188,21.0847,19.9188,20.6805,38600
2008-10-20,21.3718,21.9693,20.6804,21.0964,60500
2008-10-21,20.5106,21.6471,20.5106,21.0905,61400
2008-10-22,20.7976,22.4966,20.7976,21.4069,113000
2008-10-23,21.817,21.817,20.5047,21.032,52800
2008-10-24,19.9247,20.5809,19.9013,20.0653,37400
2008-10-27,19.7782,20.3231,19.6259,19.7724,40000
2008-10-28,20.0712,20.2586,19.6259,20.1883,48400
2008-10-29,20.4402,20.4402,19.5146,20.0009,100000
2008-10-30,19.7197,20.036,18.2316,18.6007,144700
2008-10-31,18.7472,18.7472,17.8332,18.3136,102500
2008-11-03,18.4249,19.0401,18.3781,18.7354,63900
2008-11-04,19.4443,19.5849,18.8116,19.0694,201800
2008-11-05,19.4677,19.4677,18.4601,18.5714,42100
2008-11-06,18.3195,18.5714,17.9328,18.1144,62900
2008-11-07,18.5261,18.5261,17.9145,18.1086,36000
2008-11-10,18.1674,18.3438,17.7322,17.9321,44700
2008-11-11,18.0733,18.0733,17.6792,17.791,47000
2008-11-12,17.938,17.9674,16.6029,16.9205,48200
2008-11-13,16.8441,17.4498,16.65,17.1146,66600
2008-11-14,17.4851,18.2262,17.1734,17.8498,190900
2008-11-17,18.1733,18.1733,17.2734,17.8674,62000
2008-11-18,17.8674,17.8909,16.8323,16.9676,22400
2008-11-19,17.8615,17.8615,16.4559,17.0205,47900
2008-11-20,16.1854,16.6382,15.3385,16.403,43700
2008-11-21,16.5206,17.044,16.4735,16.9323,110200
2008-11-24,16.9088,17.491,16.8794,17.4146,97300
2008-11-25,17.0617,17.0617,16.5618,16.9382,91400
2008-11-26,16.7617,18.0497,16.2677,17.8027,67400
2008-11-27,17.7498,17.8086,17.1675,17.6498,18300
2008-11-28,17.5263,18.5849,17.2793,18.3203,60200
2008-12-01,17.791,19.0496,16.4912,17.1558,95500
2008-12-02,17.0617,17.9909,16.9617,17.8263,70600
2008-12-03,17.2969,17.5616,17.0852,17.2381,104600
2008-12-04,17.2381,17.4498,16.7853,17.1558,52600
2008-12-05,17.1146,17.1969,16.3677,16.6382,32200
2008-12-08,16.6382,17.9321,16.6382,17.7616,73600
2008-12-09,17.7616,18.5261,17.591,17.7027,112700
2008-12-10,17.7027,17.9792,17.6439,17.8086,157500
2008-12-11,17.791,18.7026,17.791,17.9086,100900
2008-12-12,18.2262,18.4908,17.791,17.791,105900
2008-12-15,18.3438,18.8202,18.0144,18.2027,76900
2008-12-16,18.2321,18.6614,17.7733,18.1321,209200
2008-12-17,17.7027,17.7027,17.7027,17.7027,400
2008-12-18,18.0027,18.332,17.791,18.1321,131600
2008-12-19,18.5261,18.5261,17.791,18.3791,101400
2008-12-22,18.2615,18.8026,18.2615,18.5908,46000
2008-12-23,18.0086,18.9378,17.9262,18.8143,54700
2008-12-24,18.8967,19.3025,18.5438,18.8202,26200
2008-12-29,18.7084,20.1729,18.7084,20.1729,43900
2008-12-30,20.1729,20.2258,19.6259,19.9965,61600
2008-12-31,19.9376,20.8492,19.9376,20.2964,113400
2009-01-02,20.5787,21.1198,20.4552,21.0845,18100
2009-01-05,21.3786,21.4668,20.4081,20.5316,56300
2009-01-06,20.614,20.614,19.8788,20.2317,314100
2009-01-07,19.9964,20.0259,19.3907,19.6965,40300
2009-01-08,19.7024,19.7024,18.8849,19.3848,45400
2009-01-09,19.3848,19.4848,18.4379,18.4379,44500
2009-01-12,18.4379,18.8084,18.2321,18.485,27100
2009-01-13,18.3732,19.2319,18.3732,18.9378,48800
2009-01-14,19.1907,19.8494,18.9555,19.4083,63900
2009-01-15,19.5142,20.3493,19.4318,20.3493,53200
2009-01-16,20.4258,20.4258,20.0729,20.1494,128400
2009-01-19,20.1494,20.1494,19.7906,19.9435,9000
2009-01-20,19.9259,20.2846,19.7906,20.2611,114600
2009-01-21,20.2905,20.3493,19.8553,20.3493,87800
2009-01-22,20.4081,21.0022,20.0906,20.5787,205200
2009-01-23,20.6554,20.7262,20.1538,20.4843,50500
2009-01-26,21.2397,21.2456,20.4548,20.6023,24400
2009-01-27,20.6023,20.6554,19.8646,20.4666,123400
2009-01-28,20.3603,20.6554,20.2423,20.3544,30600
2009-01-29,20.3603,20.3603,19.8882,19.9649,24100
2009-01-30,20.4607,20.4607,19.9532,20.3722,66900
2009-02-02,20.3721,20.5256,20.2364,20.4076,64100
2009-02-03,20.5315,20.6495,20.2128,20.4194,63700
2009-02-04,20.4666,20.6554,20.1892,20.3013,28400
2009-02-05,20.502,20.6554,20.2777,20.5315,35100
2009-02-06,20.5315,21.2397,20.2187,21.0036,52600
2009-02-09,20.9977,21.0213,20.744,20.9505,36700
2009-02-10,21.0095,21.0095,20.3013,20.443,33100
2009-02-11,20.3603,20.6023,20.0653,20.3013,50500
2009-02-12,19.6581,20.62,19.6581,20.3603,32500
2009-02-13,20.4194,20.8856,20.3308,20.3662,30200
2009-02-17,20.0948,20.3426,19.7938,20.0122,49100
2009-02-18,19.5223,19.9944,19.3335,19.363,42000
2009-02-19,19.3925,19.6876,18.9912,18.9912,21100
2009-02-20,19.2981,19.4692,19.0738,19.3276,37600
2009-02-23,19.1151,19.2745,18.885,19.0797,69700
2009-02-24,18.885,18.885,18.2948,18.3302,51400
2009-02-25,18.3302,18.8732,17.8286,18.6607,50200
2009-02-26,18.6076,18.9735,18.3007,18.584,13200
2009-02-27,18.3066,18.7846,18.2948,18.5486,13400
2009-03-02,18.46,18.8909,18.0056,18.82,35900
2009-03-03,18.82,19.1623,18.0646,18.0765,38200
2009-03-04,18.1414,18.6902,17.9643,18.0587,76200
2009-03-05,18.0587,18.8673,18.0528,18.6194,53100
2009-03-06,18.7374,19.0089,18.3538,18.7138,117900
2009-03-09,18.5899,18.8318,18.4482,18.4601,65100
2009-03-10,18.3007,18.7138,18.3007,18.4128,67800
2009-03-11,18.643,18.702,18.2476,18.2476,79900
2009-03-12,18.7551,18.7551,18.165,18.2948,59400
2009-03-13,18.5899,18.5899,17.9466,17.9466,20300
2009-03-16,18.2771,18.2948,17.9466,17.9997,99500
2009-03-17,18.2771,18.4305,17.8581,18.3243,139200
2009-03-18,18.0115,19.1328,18.0115,19.0797,43100
2009-03-19,18.885,19.1387,18.3597,18.8554,60100
2009-03-20,18.6548,19.121,18.5427,18.6489,52900
2009-03-23,19.2863,19.2863,18.6194,19.0384,30200
2009-03-24,19.2745,19.3807,18.6666,18.8259,82100
2009-03-25,18.8259,19.5282,18.5899,18.8377,48900
2009-03-26,18.6843,18.9145,18.2948,18.7669,97500
2009-03-27,19.003,19.003,18.5899,18.8909,27000
2009-03-30,18.7492,19.1623,18.4718,18.82,86100
2009-03-31,18.4719,18.8732,18.4719,18.5899,56800
2009-04-01,18.7846,19.3571,18.5899,19.3571,93000
2009-04-02,18.9676,19.8705,18.5899,19.5046,79100
2009-04-03,19.3984,19.9827,19.1859,19.9059,127000
2009-04-06,19.5223,19.7643,19.3453,19.4751,40600
2009-04-07,19.2036,19.4043,18.6253,18.8259,67400
2009-04-08,19.1741,19.6404,19.1741,19.4751,31900
2009-04-09,19.0443,19.3276,18.6607,19.0915,117000
2009-04-13,19.2272,19.3807,19.1387,19.3394,94800
2009-04-14,19.18,19.4456,18.5191,18.885,218200
2009-04-15,18.5899,18.9322,18.4896,18.5604,78800
2009-04-16,18.8554,18.8791,18.2948,18.3007,229100
2009-04-17,18.2948,18.3184,17.681,17.8935,58200
2009-04-20,17.8579,17.8579,16.5841,17.5795,157400
2009-04-21,17.4787,17.4906,16.981,17.0403,243600
2009-04-22,17.0462,17.7572,17.0462,17.4491,146000
2009-04-23,17.8165,18.0061,17.6565,17.9113,114200
2009-04-24,17.929,18.2371,17.6269,17.7631,259400
2009-04-27,17.6802,17.775,17.3128,17.6565,60000
2009-04-28,17.1943,17.7454,17.1884,17.4195,56300
2009-04-29,17.8876,17.8876,17.2773,17.4787,69500
2009-04-30,17.6565,17.8046,17.3306,17.3306,125100
2009-05-01,17.6032,17.6743,16.9277,17.4965,61500
2009-05-04,17.6269,17.692,17.3425,17.4195,73500
2009-05-05,17.5558,17.5558,17.1114,17.1292,179200
2009-05-06,17.4136,17.4728,17.0225,17.2477,257900
2009-05-07,17.4728,17.6269,17.1825,17.5617,78200
2009-05-08,17.3128,17.6861,17.1825,17.3306,137700
2009-05-11,17.2714,17.4965,17.2417,17.3306,104300
2009-05-12,17.3365,17.5972,16.9929,17.064,203000
2009-05-13,17.0521,17.1292,16.6789,16.7855,60600
2009-05-14,16.7974,17.0996,16.4419,16.4419,125700
2009-05-15,16.0212,16.5663,16.0212,16.2463,385700
2009-05-19,16.4656,16.5722,16.3115,16.4419,185400
2009-05-20,16.5841,16.5841,15.9205,15.9383,622000
2009-05-21,16.1752,16.1752,15.9797,16.0923,165800
2009-05-22,16.116,16.3174,16.0923,16.2641,65100
2009-05-25,16.2819,16.3293,16.116,16.3174,11500
2009-05-26,16.1812,16.3234,16.033,16.2345,142400
2009-05-27,16.2937,16.2937,15.9975,15.9975,117500
2009-05-28,16.1515,16.2345,15.879,15.879,168800
2009-05-29,16.1101,16.1989,15.9738,15.9975,105600
2009-06-01,16.1752,16.2345,16.0034,16.033,261700
2009-06-02,16.1752,16.1752,15.9797,16.0034,69000
2009-06-03,16.1693,16.1752,15.9323,15.9975,104200
2009-06-04,16.1752,17.3721,16.1456,17.0462,529700
2009-06-05,17.4728,17.5321,17.2654,17.3602,186100
2009-06-08,17.6032,17.6032,16.8863,17.1529,180000
2009-06-09,17.1825,17.4491,17.1825,17.3602,201300
2009-06-10,17.6091,17.775,17.3425,17.5676,97400
2009-06-11,17.7572,17.7572,17.301,17.301,96500
2009-06-12,17.2417,17.5795,17.2417,17.461,39700
2009-06-15,17.6624,17.6624,17.1469,17.2654,128000
2009-06-16,17.5262,17.9172,17.384,17.8224,263300
2009-06-17,17.8817,17.8817,17.3306,17.3662,106900
2009-06-18,17.5499,17.5499,17.2062,17.2832,339900
2009-06-19,17.5676,17.7691,17.4195,17.6269,197400
2009-06-22,17.6269,17.6269,17.3306,17.4787,109400
2009-06-23,17.3602,17.5676,17.0107,17.0344,98300
2009-06-24,17.0936,17.4728,16.7144,16.9396,62200
2009-06-25,17.0936,17.224,16.981,17.224,40600
2009-06-26,17.2714,17.2714,17.064,17.1351,46100
2009-06-29,17.4728,17.4728,16.8862,16.981,58400
2009-06-30,17.0047,17.0936,16.6789,16.7796,51900
2009-07-02,16.9218,16.9218,16.4182,16.5367,42400
2009-07-03,16.5604,16.8685,16.5604,16.59,55700
2009-07-06,16.59,16.59,16.2938,16.4656,58600
2009-07-07,16.5663,16.59,16.2937,16.3826,129800
2009-07-08,16.5011,16.8033,16.4063,16.59,171100
2009-07-09,16.7322,17.2299,16.6078,17.1469,104800
2009-07-10,16.7381,16.8803,16.1515,16.3174,358300
2009-07-13,16.4123,16.4419,16.1634,16.2701,92900
2009-07-14,16.3885,16.59,16.1871,16.3174,103600
2009-07-15,16.4419,16.6493,16.276,16.4123,65000
2009-07-16,16.4182,16.59,16.3826,16.5307,256400
2009-07-17,16.4774,16.9159,16.4715,16.91,64600
2009-07-20,17.1529,17.1529,16.8448,16.8922,113100
2009-07-21,17.0171,17.0171,16.6423,16.7256,129400
2009-07-22,16.7494,16.7494,16.6244,16.7434,72700
2009-07-23,16.6542,16.9219,16.4162,16.7494,81400
2009-07-24,16.7494,16.8922,16.6601,16.7851,45600
2009-07-27,16.7553,16.9279,16.5411,16.7672,47400
2009-07-28,16.6066,16.6244,16.434,16.5411,71100
2009-07-29,16.434,16.8684,16.4281,16.8386,46200
2009-07-30,16.8029,16.9279,16.6661,16.8089,62600
2009-07-31,16.8624,17.0766,16.6899,17.0469,49400
2009-08-04,17.1897,17.1897,16.8089,17.1064,33400
2009-08-05,16.9636,17.0707,16.8089,16.9576,40200
2009-08-06,16.9576,16.9576,16.6244,16.7375,106400
2009-08-07,16.91,16.9517,16.7196,16.8208,70200
2009-08-10,16.9279,17.2908,16.8089,17.1361,67100
2009-08-11,17.1361,17.2075,16.9636,17.0469,66000
2009-08-12,17.1004,17.1064,16.8803,17.0647,50500
2009-08-13,16.9874,16.9874,16.7256,16.7553,122300
2009-08-14,16.7791,16.8089,16.4816,16.6244,102500
2009-08-17,16.4519,16.4519,15.9878,16.0354,171100
2009-08-18,16.321,16.3269,16.0651,16.3031,138300
2009-08-19,16.1841,16.3329,15.9164,16.2198,606700
2009-08-20,16.3031,16.315,16.196,16.2317,28800
2009-08-21,16.2496,16.2734,16.1246,16.1901,110100
2009-08-24,16.3448,16.3507,15.7676,15.9164,145500
2009-08-25,15.8271,16.0711,15.7974,15.8569,98100
2009-08-26,15.8985,15.9997,15.7736,15.9342,42000
2009-08-27,15.9461,15.9461,15.7557,15.8569,38100
2009-08-28,15.9997,16.1187,15.964,15.9997,125400
2009-08-31,16.0294,16.1782,15.8985,16.1425,81100
2009-09-01,16.1127,16.1722,15.9164,16.0175,64300
2009-09-02,16.0651,16.1008,15.7736,15.8271,75400
2009-09-03,15.8271,15.964,15.7676,15.7736,48500
2009-09-04,15.8271,15.8569,15.7081,15.8569,44700
2009-09-08,16.0592,16.2079,15.8866,16.1425,103200
2009-09-09,16.0711,16.202,15.8331,16.0354,252700
2009-09-10,16.1603,16.7256,16.1246,16.6661,474300
2009-09-11,16.8684,16.9279,16.6601,16.7077,319800
2009-09-14,16.7672,16.9219,16.6006,16.7494,192600
2009-09-15,16.7494,16.8386,16.553,16.8148,173000
2009-09-16,16.8327,17.1064,16.7494,17.035,268100
2009-09-17,17.1004,17.4515,17.0945,17.2611,381600
2009-09-18,17.3741,18.1179,17.3741,17.8501,554000
2009-09-21,17.8501,17.8977,17.7014,17.8799,122000
2009-09-22,17.9215,18.4451,17.9156,18.4451,147300
2009-09-23,18.4451,18.5463,18.2309,18.2309,405100
2009-09-24,18.1655,18.338,17.7311,17.8501,138600
2009-09-25,17.8501,18.1238,17.7906,17.9632,49600
2009-09-28,17.9394,18.3202,17.9275,18.1655,48400
2009-09-29,18.1476,18.5939,18.1476,18.5939,187200
2009-09-30,18.6236,18.6296,18.0108,18.0405,249900
2009-10-01,18.1655,18.2904,17.6062,17.749,173500
2009-10-02,17.5526,18.0227,17.5526,17.981,62000
2009-10-05,18.0286,18.1833,17.9037,18.1774,209300
2009-10-06,18.1774,18.582,18.1774,18.3856,190700
2009-10-07,18.3856,18.576,18.2488,18.576,122600
2009-10-08,18.5701,18.7188,18.2131,18.6355,54900
2009-10-09,18.4451,18.8557,18.4451,18.8319,71600
2009-10-13,18.695,18.9866,18.695,18.8081,60400
2009-10-14,18.8021,18.9033,18.3202,18.5046,320500
2009-10-15,18.5165,18.9925,18.4987,18.7962,95000
2009-10-16,18.7129,18.7129,18.457,18.6236,37200
2009-10-19,18.576,18.6831,18.4511,18.6296,60000
2009-10-20,18.6831,18.6831,18.3499,18.4154,106000
2009-10-21,18.3202,18.3916,18.0643,18.1119,87300
2009-10-22,18.1952,18.5284,18.0584,18.5046,70600
2009-10-23,18.5046,19.2484,18.4392,19.171,162000
2009-10-26,19.2781,19.3317,18.8914,19.2186,214200
2009-10-27,19.1115,19.2186,18.9509,19.1115,72700
2009-10-28,19.1115,19.1532,18.6831,18.933,74100
2009-10-29,19.0401,19.2365,18.9509,19.1948,87900
2009-10-30,19.2484,19.3198,18.2547,18.4332,90700
2009-11-02,18.344,18.344,18.0465,18.1476,89200
2009-11-03,18.1595,18.5344,18.0643,18.2904,99700
2009-11-04,18.4689,19.0699,18.3261,19.0342,72300
2009-11-05,19.0401,19.0401,18.4273,18.8319,61700
2009-11-06,18.8616,18.8616,18.6653,18.6712,23200
2009-11-09,18.9402,18.9462,18.6772,18.9103,31400
2009-11-10,18.9043,19.2271,18.7489,19.0657,58700
2009-11-11,19.1255,19.2689,18.7908,18.9282,33800
2009-11-12,18.8864,18.9043,18.6772,18.7131,16900
2009-11-13,18.8207,18.8326,18.5457,18.6055,122200
2009-11-16,18.8266,18.976,18.5338,18.737,28500
2009-11-17,18.6174,19,18.6174,18.9163,69500
2009-11-18,19.0059,19.1255,18.7011,18.9043,52000
2009-11-19,18.8027,19.3167,18.6712,19.245,70400
2009-11-20,19.2928,19.2928,18.7788,19.0657,68200
2009-11-23,19.1852,19.8905,19.0657,19.8845,80600
2009-11-24,19.7411,20.3447,19.7411,20.01,67000
2009-11-25,20.1475,20.1475,19.9024,19.9861,92500
2009-11-26,19.8188,21.4265,19.0059,20.9782,225400
2009-11-27,20.3208,20.7093,20.3208,20.4822,110500
2009-11-30,20.4702,20.4702,20.1714,20.1714,55800
2009-12-01,20.3208,20.3507,19.759,19.759,48400
2009-12-02,19.9024,21.2233,19.8128,20.9185,449000
2009-12-03,21.307,21.4564,21.0858,21.0858,163800
2009-12-04,21.2831,21.3189,20.7691,20.9782,141200
2009-12-07,21.0619,21.4564,20.9245,21.1755,229800
2009-12-08,21.1874,21.2233,20.9304,20.9304,168300
2009-12-09,21.038,21.0619,20.6794,20.9185,88800
2009-12-10,20.9185,21.295,20.9185,21.0021,151500
2009-12-11,21.1157,21.5819,21.1157,21.3309,69100
2009-12-14,21.2711,21.4683,20.9185,21.0739,91800
2009-12-15,21.1097,21.1277,20.5121,20.9962,58000
2009-12-16,20.9484,20.9484,20.6555,20.8109,57000
2009-12-17,20.8766,20.8766,20.7093,20.7212,24700
2009-12-18,20.8886,20.9065,20.5121,20.7392,102100
2009-12-21,20.787,20.9185,20.6196,20.8169,43100
2009-12-22,20.8169,20.9185,20.6196,20.8587,40000
2009-12-23,20.7631,20.9185,20.7631,20.8587,302900
2009-12-24,20.9185,20.9364,20.8587,20.9185,31500
2009-12-29,21.0261,21.032,20.9005,20.9125,19000
2009-12-30,20.9663,20.9663,20.8468,20.8946,10500
2009-12-31,20.8109,20.9185,20.7033,20.9185,22900
2010-01-04,20.9185,20.9663,20.5658,20.7691,55700
2010-01-05,20.8587,20.9185,20.7989,20.8886,38000
2010-01-06,20.9782,20.9782,20.8348,20.9065,55900
2010-01-07,20.9484,20.9484,20.4822,20.6196,29300
2010-01-08,20.4224,20.6675,20.4224,20.6256,192700
2010-01-11,20.6256,20.8408,20.6256,20.7511,73500
2010-01-12,20.8468,20.8468,20.6196,20.7511,32200
2010-01-13,21.5221,22.2094,21.3309,21.9943,434700
2010-01-14,22.2154,22.8609,22.2094,22.6936,171300
2010-01-15,22.7115,23.2673,22.6278,23.2255,245200
2010-01-18,23.2494,23.608,23.0402,23.608,76400
2010-01-19,23.8052,23.8052,23.5841,23.7574,140400
2010-01-20,23.7574,23.8769,23.6379,23.7873,119000
2010-01-21,23.8172,23.8172,22.5083,22.9924,66500
2010-01-22,22.9564,23.6702,22.7345,23.0944,189100
2010-01-25,23.2803,23.9582,23.2743,23.7302,262900
2010-01-26,23.7302,23.9941,23.4243,23.6822,103100
2010-01-27,23.5683,23.9941,23.5203,23.6942,189200
2010-01-28,23.6942,23.8142,23.5743,23.6342,267400
2010-01-29,23.6342,23.9642,23.6342,23.8502,144800
2010-02-01,23.7842,24.3781,23.7842,24.0182,75700
2010-02-02,24.1441,24.744,24.0002,24.528,74200
2010-02-03,24.624,25.0799,24.594,24.672,146900
2010-02-04,24.3481,24.3841,23.2263,23.7482,142200
2010-02-05,23.6162,23.7782,23.1903,23.7602,72100
2010-02-08,23.6522,24.1621,23.5862,24.0241,81800
2010-02-09,24.0481,24.8279,24.0421,24.606,93600
2010-02-10,24.6,24.606,24.1381,24.2941,407900
2010-02-11,24.2761,24.552,24.0601,24.1741,83300
2010-02-12,24.2641,24.3841,23.8262,24.2881,110100
2010-02-16,24.2341,24.2341,23.9042,24.0901,53700
2010-02-17,24.0781,24.594,24.0721,24.582,59400
2010-02-18,24.594,24.63,24.2761,24.594,97100
2010-02-19,24.48,24.594,24.1501,24.1741,26700
2010-02-22,24.1861,24.2821,24.0781,24.0841,55500
2010-02-23,24.0062,24.552,24.0062,24.3061,99700
2010-02-24,24.426,24.528,24.2161,24.3541,22600
2010-02-25,24.3541,24.438,24.1141,24.2221,46600
2010-02-26,24.1741,24.3841,24.1321,24.2941,22700
2010-03-01,24.4081,24.4081,23.9942,24.2941,20100
2010-03-02,24.2941,24.57,24.1501,24.534,51000
2010-03-03,24.57,24.6,24.546,24.594,58700
2010-03-04,24.588,24.8339,24.564,24.6,50600
2010-03-05,24.78,25.2838,24.774,25.1939,54200
2010-03-08,25.1939,25.4698,25.1879,25.4698,43800
2010-03-09,25.1939,25.7997,24.798,25.7997,165600
2010-03-10,25.7937,26.3816,25.7037,26.2796,76500
2010-03-11,26.1776,26.2016,25.6737,26.0097,68200
2010-03-12,25.6737,26.0157,25.5358,25.6737,71200
2010-03-15,25.7397,25.7457,25.3078,25.6797,47400
2010-03-16,25.7337,25.7877,25.4938,25.5658,46400
2010-03-17,25.6438,25.6438,24.8939,25.4038,63500
2010-03-18,25.2658,25.4638,25.0259,25.2538,56000
2010-03-19,25.1039,25.1039,24.2101,24.2821,208500
2010-03-22,24.3541,24.75,24.2041,24.75,79200
2010-03-23,24.792,25.1939,24.792,24.9899,93500
2010-03-24,24.9539,25.1099,24.768,24.9539,65600
2010-03-25,24.9839,25.1939,24.9779,25.0499,82800
2010-03-26,24.9959,25.4818,24.9959,25.4038,54800
2010-03-29,25.4038,25.4878,25.3138,25.4458,73800
2010-03-30,25.4938,25.4938,25.2898,25.3738,38800
2010-03-31,25.4818,25.4818,24.696,24.762,37900
2010-04-01,24.762,25.1579,24.684,24.72,40000
2010-04-05,24.594,24.594,23.6942,23.7782,268100
2010-04-06,23.7782,23.8322,23.4003,23.5683,301100
2010-04-07,23.5622,23.6942,23.5143,23.5922,49700
2010-04-08,23.9282,24.2161,22.6145,22.7824,394200
2010-04-09,22.7345,22.7945,21.1149,21.6607,354000
2010-04-12,21.6847,22.0386,21.5348,21.8767,195200
2010-04-13,21.7447,21.7447,21.4088,21.6427,87000
2010-04-14,21.7927,22.0026,21.6247,21.9307,118100
2010-04-15,22.1286,22.4885,21.9966,22.1346,83300
2010-04-16,22.2906,22.3026,21.9247,22.0146,91700
2010-04-19,21.8942,21.9364,21.6473,21.6774,70800
2010-04-20,21.834,21.9725,21.6413,21.8641,94300
2010-04-21,21.8641,21.9123,21.6232,21.9123,62900
2010-04-22,21.6895,21.8219,21.5991,21.7316,53100
2010-04-23,21.8159,21.8159,21.4426,21.4426,187100
2010-04-26,21.4306,21.4306,21.1656,21.1656,123700
2010-04-27,21.1596,21.3041,21.0452,21.2017,155600
2010-04-28,21.1776,21.2559,20.6237,20.714,102900
2010-04-29,20.6899,21.0151,20.6899,20.9789,46000
2010-04-30,21.0452,21.274,20.9308,21.268,425900
2010-05-03,21.2921,21.2921,20.6478,20.9308,181100
2010-05-04,20.9247,20.9669,20.6718,20.9308,43000
2010-05-05,20.7983,20.8525,20.4791,20.8103,55200
2010-05-06,20.708,20.8043,20.0817,20.5936,360100
2010-05-07,20.2865,20.3828,20.1118,20.2985,241800
2010-05-10,20.7682,20.997,20.5755,20.7622,60300
2010-05-11,20.5213,20.7622,20.5213,20.5333,101300
2010-05-12,20.5454,20.7381,20.3407,20.3527,211600
2010-05-13,20.3226,20.985,20.3226,20.5273,100200
2010-05-14,20.2985,20.5936,20.2323,20.5093,65000
2010-05-17,20.3527,20.6478,20.1721,20.2564,38100
2010-05-18,20.4611,20.5394,20.1118,20.1118,53300
2010-05-19,20.1118,20.4189,19.9613,20.2202,39600
2010-05-20,20.2142,20.2202,19.5819,19.7024,94300
2010-05-21,19.5759,19.877,19.4976,19.8108,165400
2010-05-25,19.7927,19.871,19.5759,19.8228,55100
2010-05-26,19.8348,20.166,19.7987,19.871,68400
2010-05-27,19.871,19.9914,19.7807,19.871,245000
2010-05-28,19.8409,20.2564,19.8409,20.0215,36500
2010-05-31,20.1359,20.4731,19.9974,20.2142,9700
2010-06-01,20.1419,20.1419,19.871,19.871,52600
2010-06-02,19.877,20.0155,19.7927,20.0155,17000
2010-06-03,20.0215,20.1118,19.7927,20.0095,13500
2010-06-04,20.0095,20.0095,19.7626,19.7626,51100
2010-06-07,19.7626,19.9011,19.7385,19.7867,25400
2010-06-08,19.7867,19.9673,19.7204,19.9493,34200
2010-06-09,19.8108,19.9974,19.8108,19.871,23800
2010-06-10,19.9974,20.0215,19.8951,20.0095,21700
2010-06-11,20.1118,20.991,20.1118,20.3888,33000
2010-06-14,20.5394,21.2379,20.5394,20.9669,36600
2010-06-15,21.3703,21.5209,21.0151,21.4185,65600
2010-06-16,21.4426,21.5028,21.2078,21.2499,20700
2010-06-17,21.3824,21.4667,21.0151,21.2981,279900
2010-06-18,21.268,22.0809,21.1656,22.0809,350300
2010-06-21,22.0989,22.0989,21.2559,21.3282,51000
2010-06-22,21.3643,21.9905,21.0994,21.4847,55700
2010-06-23,21.4847,21.5931,21.1596,21.1656,31900
2010-06-24,21.0873,21.557,20.9548,21.0873,42500
2010-06-25,21.0873,21.2559,20.1721,20.7561,80500
2010-06-28,20.72,21.4607,20.72,20.7862,40600
2010-06-29,20.8163,21.0632,20.172,20.5273,71600
2010-06-30,20.7742,21.0151,20.4791,20.6658,50000
2010-07-02,20.4611,20.7501,20.3708,20.5153,63100
2010-07-05,20.7682,20.7682,20.4731,20.5936,28300
2010-07-06,20.7019,21.4065,20.7019,20.9308,39400
2010-07-07,21.1536,21.1536,20.5634,20.9247,61000
2010-07-08,21.557,21.9785,20.4731,20.5755,80500
2010-07-09,20.5333,20.7381,20.5213,20.6899,27900
2010-07-12,20.5454,20.72,20.4731,20.72,25600
2010-07-13,20.9729,21.1837,20.5333,20.9729,50400
2010-07-14,21.003,21.0391,20.5394,20.7682,58000
2010-07-15,20.7802,21.1596,20.5755,20.9247,53900
2010-07-16,20.8645,21.1415,20.6538,20.9187,67500
2010-07-19,20.8643,21.2815,20.8643,20.961,49000
2010-07-20,20.961,21.2452,20.7434,21.1122,69400
2010-07-21,21.1606,21.1606,20.9792,21.0759,23100
2010-07-22,21.1606,21.4628,21.0578,21.4326,39700
2010-07-23,21.4629,21.614,21.2452,21.3963,24700
2010-07-26,21.3963,21.5596,21.1666,21.2512,27500
2010-07-27,21.2512,21.2512,20.9731,21.1545,35900
2010-07-28,21.1606,21.1606,20.8462,20.8825,28400
2010-07-29,20.961,21.0155,20.8583,20.9429,51000
2010-07-30,20.955,21.088,20.8583,21.0396,14400
2010-08-03,21.1545,21.1908,20.7736,21.0155,32700
2010-08-04,21.1545,21.1545,20.8583,20.9369,25200
2010-08-05,21.0094,21.0396,20.9187,21.0155,33000
2010-08-06,21.082,21.082,20.9248,20.9852,17600
2010-08-09,21.0457,21.1787,20.9792,21.0336,10200
2010-08-10,21.0215,21.1606,20.9187,21.0578,30300
2010-08-11,21.0699,21.1303,20.828,20.828,33400
2010-08-12,20.689,20.9187,20.689,20.8583,26900
2010-08-13,20.9248,21.1485,20.7978,21.1485,26500
2010-08-16,21.1545,21.3057,20.8643,21.1545,15400
2010-08-17,21.0094,21.4568,20.9308,21.1726,52800
2010-08-18,21.3177,21.3419,21.1605,21.2573,11400
2010-08-19,21.1606,21.4508,21.1606,21.2875,36200
2010-08-20,21.2633,21.6926,21.2633,21.6745,37400
2010-08-23,21.7047,22.1158,21.6745,22.1158,44400
2010-08-24,22.1521,22.1521,21.7168,21.874,32000
2010-08-25,21.9465,22.0312,21.62,21.8981,33600
2010-08-26,21.8437,21.9465,21.7833,21.8437,10000
2010-08-27,21.7954,21.8135,21.62,21.8135,25400
2010-08-30,21.7047,21.8498,21.6019,21.7651,15400
2010-08-31,21.6321,21.8861,21.6261,21.6563,31300
2010-09-01,21.753,22.1279,21.5838,22.0372,38500
2010-09-02,21.9646,22.007,21.7712,22.0009,17900
2010-09-03,21.9767,22.007,21.6865,21.7893,15800
2010-09-07,21.7168,21.9526,21.6745,21.9526,12500
2010-09-08,22.0191,22.2246,21.7772,22.1763,24300
2010-09-09,22.1763,22.672,22.1763,22.6176,32400
2010-09-10,22.6116,22.8413,22.3093,22.3879,29600
2010-09-13,22.3879,22.4967,21.9042,22.0191,38000
2010-09-14,22.007,22.0735,21.7651,21.8256,33900
2010-09-15,21.7712,21.9344,21.2452,21.2512,69200
2010-09-16,21.1908,21.4568,21.1485,21.1545,18200
2010-09-17,21.2512,21.3963,21.0396,21.1303,147200
2010-09-20,21.1001,21.7833,21.1001,21.5898,37900
2010-09-21,21.5354,21.7652,21.3117,21.4266,60700
2010-09-22,21.4266,21.5777,21.2754,21.4387,49300
2010-09-23,21.4991,21.5838,21.1666,21.4931,22600
2010-09-24,21.4931,21.7651,21.4931,21.5898,22900
2010-09-27,21.5535,21.7651,21.5535,21.6261,23200
2010-09-28,21.6261,21.7651,21.6261,21.7651,17000
2010-09-29,21.7349,22.1218,21.7349,22.1218,18300
2010-09-30,22.0433,22.1279,21.7047,22.0735,28000
2010-10-01,22.2488,22.2488,22.0674,22.0735,13600
2010-10-04,22.2186,22.2186,21.9042,22.0674,93500
2010-10-05,22.0674,22.3093,22.0614,22.3093,58600
2010-10-06,22.3153,22.3697,22.1279,22.2488,185500
2010-10-07,22.2428,22.805,22.1883,22.7748,81300
2010-10-08,22.9078,22.938,22.8715,22.9139,18500
2010-10-12,22.9441,22.9743,22.6781,22.7385,23200
2010-10-13,22.7204,22.9562,22.406,22.8715,70800
2010-10-14,22.6781,22.8171,22.672,22.805,78000
2010-10-15,22.7567,22.9804,22.6055,22.7929,22900
2010-10-18,22.8836,22.9743,22.6962,22.8836,11000
2010-10-19,22.8957,23.0227,22.8534,22.9441,21700
2010-10-20,22.926,23.0711,22.8594,23.0711,43500
2010-10-21,23.071,23.1134,22.8232,22.9743,44100
2010-10-22,22.9139,22.9622,22.8534,22.8836,14700
2010-10-25,22.8897,23.4217,22.8836,23.4217,26300
2010-10-26,23.4398,23.7361,23.2343,23.5789,141600
2010-10-27,23.5729,23.73,23.2766,23.5789,106500
2010-10-28,23.8207,24.1533,23.591,23.7603,55600
2010-10-29,23.5789,23.7905,23.3492,23.5789,70000
2010-11-01,23.6998,23.8207,23.3975,23.724,42300
2010-11-02,23.724,23.7905,23.458,23.7603,13100
2010-11-03,23.6998,24.0384,23.5789,23.6333,48900
2010-11-04,23.7059,23.8812,23.4882,23.5547,53200
2010-11-05,23.7663,24.3649,23.7663,24.1291,310000
2010-11-08,24.2262,24.2262,23.9105,24.0562,56300
2010-11-09,24.1048,24.3477,23.8376,24.2141,62700
2010-11-10,24.123,24.3477,24.0441,24.0441,82700
2010-11-11,24.0866,24.2262,23.7769,23.8255,53900
2010-11-12,23.6858,23.7405,23.4612,23.6798,76200
2010-11-15,23.5705,23.9834,23.5219,23.8316,34200
2010-11-16,23.8801,24.1716,23.5098,23.8012,100700
2010-11-17,23.8437,23.9834,23.7769,23.9226,25800
2010-11-18,23.9712,23.9834,23.8619,23.8741,21000
2010-11-19,23.8619,23.9834,23.8619,23.9773,19300
2010-11-22,23.9834,23.9834,23.8741,23.9591,45000
2010-11-23,23.8741,23.9834,23.8194,23.9226,70700
2010-11-24,23.8984,23.9105,23.5401,23.6858,35900
2010-11-25,23.7951,23.7951,23.4976,23.5826,17800
2010-11-26,23.6737,23.9469,23.3883,23.9409,17800
2010-11-29,23.8923,23.9834,23.6008,23.6008,25900
2010-11-30,23.7101,23.8558,23.534,23.6798,37300
2010-12-01,23.6798,23.9834,23.6798,23.9712,27200
2010-12-02,23.9834,24.1837,23.953,23.953,48000
2010-12-03,24.0137,24.4084,23.9226,24.1959,38500
2010-12-06,24.0926,24.542,24.0926,24.457,26300
2010-12-07,24.2869,24.5116,24.2869,24.4266,20500
2010-12-08,24.4266,24.4387,24.2748,24.3598,33700
2010-12-09,24.4691,24.5966,24.2566,24.2566,17300
2010-12-10,24.4327,24.4327,23.9652,24.0744,25300
2010-12-13,24.0198,25.3738,24.0198,24.9852,53600
2010-12-14,24.9852,25.6409,24.712,25.2584,51600
2010-12-15,25.6106,25.7077,25.1977,25.5438,39400
2010-12-16,25.4466,25.7684,25.3799,25.3799,65000
2010-12-17,25.1491,25.5559,24.2687,24.4752,108500
2010-12-20,24.4995,24.6391,24.2202,24.3112,81500
2010-12-21,24.2869,25.1006,24.2869,24.8577,36500
2010-12-22,24.7423,25.0702,24.6816,25.0338,39600
2010-12-23,24.8698,25.562,24.8698,25.5134,26000
2010-12-24,25.6106,25.6106,25.4709,25.4709,1700
2010-12-29,25.4284,25.4284,25.0338,25.3495,10200
2010-12-30,25.2645,25.4527,25.0945,25.2098,9800
2010-12-31,25.1552,25.4102,24.9002,24.9063,8600
2011-01-04,24.9063,25.2706,24.5905,25.2706,22000
2011-01-05,25.2706,25.2706,24.7909,25.1248,10600
2011-01-06,25.1856,25.5013,25.1309,25.392,25400
2011-01-07,25.5013,25.8049,25.0884,25.7442,34600
2011-01-10,25.6834,25.6834,25.2098,25.4709,27400
2011-01-11,25.3495,25.8049,25.2038,25.4709,43300
2011-01-12,25.4284,25.5013,25.3859,25.4406,38000
2011-01-13,25.3677,25.5013,24.7241,25.0277,96000
2011-01-14,24.6998,25.1431,24.6998,25.0034,69100
2011-01-17,24.9791,24.9791,24.5298,24.7423,27400
2011-01-18,24.8941,25.2281,24.712,25.1309,43500
2011-01-19,24.9305,25.5013,24.9305,25.3191,43300
2011-01-20,25.3495,25.6774,24.7423,25.1431,960600
2011-01-21,25.1977,25.9142,25.1006,25.7502,68000
2011-01-24,25.8478,25.9697,25.7563,25.7929,19300
2011-01-25,26.2074,26.2074,25.8051,25.8904,58000
2011-01-26,25.8904,26.1465,25.6466,26.0307,49300
2011-01-27,26.0977,26.0977,25.8173,25.8782,22700
2011-01-28,25.9575,26.1648,25.9209,26.1648,45800
2011-01-31,26.0185,26.116,25.8478,26.0185,75200
2011-02-01,25.988,26.055,25.8783,25.9575,35400
2011-02-02,25.7624,25.9941,25.7015,25.9575,33300
2011-02-03,25.9819,26.055,25.6832,25.7624,29800
2011-02-04,25.7624,25.9941,25.5734,25.799,27100
2011-02-07,25.799,25.799,25.2442,25.4698,34500
2011-02-08,25.3357,25.8539,25.3357,25.6832,101400
2011-02-09,25.671,26.0855,25.671,25.9514,22100
2011-02-10,25.8051,25.8661,25.5491,25.7015,42800
2011-02-11,25.6771,25.8234,25.61,25.6771,29300
2011-02-14,25.6954,25.8112,25.6222,25.7198,87500
2011-02-15,25.6771,25.9087,25.6588,25.9087,43000
2011-02-16,25.9087,26.1465,25.7929,25.9087,639300
2011-02-17,25.86,26.0977,25.8478,25.9087,58600
2011-02-18,25.7807,26.0307,25.7807,25.9575,23300
2011-02-22,25.9087,26.2135,25.6039,25.8295,55200
2011-02-23,25.9392,26.2074,25.9392,25.9697,24200
2011-02-24,25.9758,26.055,25.9392,25.9392,49900
2011-02-25,25.9392,26.116,25.9392,26.0307,19000
2011-02-28,26.0185,26.2074,25.9697,26.0185,29100
2011-03-01,26.0185,26.2196,25.9758,26.2013,14600
2011-03-02,26.1038,26.1343,25.9697,26.0307,26900
2011-03-03,25.9514,27.0061,25.9514,26.8415,43700
2011-03-04,26.8292,27.8412,26.8231,27.1706,56200
2011-03-07,27.1767,27.2499,26.7073,26.7927,63500
2011-03-08,26.7317,26.8963,26.3659,26.3903,13300
2011-03-09,26.3659,26.5366,26.2135,26.2867,20200
2011-03-10,26.2135,26.305,26.2135,26.2745,78800
2011-03-11,26.1038,26.5244,26.1038,26.3538,17200
2011-03-14,26.2562,26.305,26.0246,26.2989,66500
2011-03-15,26.0611,26.2867,26.0611,26.0977,16200
2011-03-16,26.0977,26.2684,25.7868,26.244,9000
2011-03-17,26.305,26.3599,26.0611,26.305,143600
2011-03-18,26.3903,26.3903,25.7441,25.7807,74700
2011-03-21,25.7807,26.3781,25.7624,26.1404,65400
2011-03-22,26.0307,26.4513,26.0307,26.177,29200
2011-03-23,26.2562,26.8902,26.2562,26.4086,49000
2011-03-24,26.4818,26.7134,26.2745,26.5488,73700
2011-03-25,26.5488,26.6159,26.4452,26.4757,42800
2011-03-28,26.494,26.6586,26.1587,26.1587,15800
2011-03-29,26.177,26.4269,26.0733,26.1526,47700
2011-03-30,26.366,27.3779,26.366,27.2194,66900
2011-03-31,27.3962,27.6157,27.1584,27.4389,49900
2011-04-01,27.5303,27.5852,27.323,27.3962,27700
2011-04-04,27.3901,27.4267,26.8963,27.0853,16500
2011-04-05,27.0792,27.3718,26.4879,27.1524,19900
2011-04-06,27.256,27.2743,26.7561,26.8232,14800
2011-04-07,26.8293,26.9329,26.6098,26.75,21700
2011-04-08,26.75,26.939,26.2257,26.9329,34200
2011-04-11,26.9329,27.0609,26.7439,26.939,53300
2011-04-12,26.8232,26.9878,26.8232,26.9451,101800
2011-04-13,26.9756,27.3718,26.7317,27.3657,55600
2011-04-14,27.3657,27.573,27.1341,27.3413,39700
2011-04-15,27.3779,27.7376,27.2255,27.5852,36600
2011-04-18,27.5791,27.7071,27.3109,27.4876,49800
2011-04-19,27.5366,27.812,27.5366,27.5366,51800
2011-04-20,27.6896,27.7814,27.5182,27.6345,28000
2011-04-21,27.7202,27.7814,27.4509,27.4509,21900
2011-04-25,27.5427,27.6345,27.1511,27.2857,19900
2011-04-26,27.4081,27.7263,27.3775,27.5182,35500
2011-04-27,27.6284,27.6651,27.1144,27.5733,21000
2011-04-28,27.4754,27.9343,27.1633,27.812,31000
2011-04-29,27.7079,27.8426,27.5427,27.7814,81000
2011-05-02,27.8426,27.9527,27.7875,27.8731,6700
2011-05-03,27.8854,28.1363,27.7814,28.0017,11200
2011-05-04,27.9894,28.1852,27.7202,28.0567,17300
2011-05-05,28.0506,28.4178,28.0323,28.2587,101400
2011-05-06,28.2709,28.2709,28.02,28.02,16200
2011-05-09,28.3321,28.6197,28.173,28.4361,25600
2011-05-10,28.5524,28.687,28.4606,28.5769,102000
2011-05-11,28.4239,28.6931,28.1546,28.2526,31500
2011-05-12,28.1485,28.2158,27.9955,28.069,17000
2011-05-13,28.2587,28.5524,28.1485,28.4606,17000
2011-05-16,28.1485,28.2831,28.0017,28.0017,9000
2011-05-17,27.9955,28.0812,27.2735,27.4387,34900
2011-05-18,27.5733,27.9037,27.4815,27.8181,18900
2011-05-19,27.6712,28.1424,27.4387,27.8609,23400
2011-05-20,27.7814,27.8303,27.2367,27.7752,37100
2011-05-24,27.8242,28.2464,27.8242,28.2464,23000
2011-05-25,28.1485,28.381,27.7202,27.8609,16700
2011-05-26,28.2525,28.5707,27.7752,27.9037,25000
2011-05-27,27.7814,27.9037,27.763,27.763,7400
2011-05-30,27.61,27.6957,27.1939,27.1939,4300
2011-05-31,27.2368,27.8426,27.2368,27.2612,21700
2011-06-01,27.2673,27.6161,27.2306,27.4081,12900
2011-06-02,27.3653,27.5244,26.9124,26.9492,9500
2011-06-03,26.5942,27.4203,26.5942,27.4203,8600
2011-06-06,27.4632,27.6835,26.4474,27.2184,48600
2011-06-07,27.2368,27.2918,26.7778,27.0838,14000
2011-06-08,26.888,26.888,26.1108,26.3984,64700
2011-06-09,26.3189,26.7594,26.1598,26.3617,38700
2011-06-10,26.2638,26.8941,26.221,26.7227,59200
2011-06-13,26.5698,26.79,26.325,26.325,28500
2011-06-14,26.4535,26.7656,26.1965,26.2638,14700
2011-06-15,26.1781,26.3066,26.1108,26.2577,20800
2011-06-16,26.1598,26.5514,26.1598,26.1598,17900
2011-06-17,26.1598,26.4963,26.1231,26.1231,40500
2011-06-20,26.3433,26.3678,26.1231,26.1231,7600
2011-06-21,26.1353,26.4963,26.0925,26.4963,32200
2011-06-22,26.4963,27.0409,26.4963,26.4963,13300
2011-06-23,26.4963,26.582,26.1781,26.2515,22500
2011-06-24,26.4107,26.5514,26.2516,26.325,10100
2011-06-27,26.3189,26.5942,25.9945,26.5759,8900
2011-06-28,26.6065,26.6065,26.1659,26.478,4800
2011-06-29,26.582,26.6187,26.3495,26.3678,5700
2011-06-30,26.7656,27.7875,26.7656,27.7814,10800
2011-07-04,27.7875,27.7875,27.1939,27.4815,12500
2011-07-05,27.4448,27.6773,27.4142,27.5672,25300
2011-07-06,27.5366,27.7447,27.1572,27.4387,35500
2011-07-07,27.5121,27.7752,26.3127,26.7105,35400
2011-07-08,26.735,27.5978,26.735,27.5978,25400
2011-07-11,27.61,27.61,27.1021,27.5121,11700
2011-07-12,27.4203,27.8181,27.3897,27.8181,7500
2011-07-13,27.7691,28.3443,27.7141,28.1485,19300
2011-07-14,28.1424,28.8828,28.1424,28.791,90000
2011-07-15,28.7482,28.7482,28.4851,28.6381,18400
2011-07-18,28.761,29.0129,28.6995,28.9515,11700
2011-07-19,28.8839,29.4247,28.8347,29.1543,52800
2011-07-20,28.9822,29.2895,28.7978,28.9515,26400
2011-07-21,28.9515,29.1236,28.9208,28.9515,23800
2011-07-22,28.9576,29.1789,28.9392,29.099,14500
2011-07-25,28.933,29.0129,28.8839,28.9146,18400
2011-07-26,28.8839,29.0498,28.7302,28.8839,13600
2011-07-27,28.7671,29.1297,28.7671,28.8531,28600
2011-07-28,28.8224,29.7443,28.8224,29.5476,39800
2011-07-29,29.4984,29.7688,29.3325,29.5476,21100
2011-08-02,29.7012,29.7504,28.8777,28.9146,25100
2011-08-03,28.8532,29.3386,28.8532,29.2526,27700
2011-08-04,29.0805,29.0805,28.7487,28.89,23200
2011-08-05,28.6688,29.0252,28.3308,28.6196,44800
2011-08-08,28.3738,28.509,27.8268,28.2878,35000
2011-08-09,28.38,28.8777,27.6609,28.1772,61700
2011-08-10,28.1157,28.2447,27.7224,27.747,46500
2011-08-11,27.6548,28.5397,27.4827,27.962,39700
2011-08-12,27.9743,28.552,27.9743,28.5028,23900
2011-08-15,28.5705,28.5827,28.3922,28.4168,11900
2011-08-16,28.2263,28.5704,28.2263,28.4598,79800
2011-08-17,28.3922,28.6995,28.1034,28.3369,25500
2011-08-18,28.0542,28.3431,27.6978,28.0235,26900
2011-08-19,27.9928,28.4414,27.9129,28.2755,129700
2011-08-22,28.5705,28.5766,28.0112,28.3308,28500
2011-08-23,28.4107,29.3202,28.3615,29.3018,84200
2011-08-24,29.3694,29.4493,29.2526,29.3386,46600
2011-08-25,29.3448,29.3755,28.761,29.1297,48600
2011-08-26,28.9146,28.9146,28.2202,28.257,25800
2011-08-29,28.4537,29.1543,28.4537,29.0375,29900
2011-08-30,29.1113,29.1481,28.7548,29.0375,32200
2011-08-31,28.89,29.0314,28.423,28.423,15400
2011-09-01,28.5459,28.8593,27.6302,27.7654,46900
2011-09-02,27.4888,28.5643,27.4888,28.4414,23800
2011-09-06,28.4353,28.4353,27.8944,28.3185,18100
2011-09-07,28.3185,28.4967,27.7347,27.7347,24500
2011-09-08,27.7347,28.1464,27.7347,28.085,14700
2011-09-09,28.085,28.2632,28.0542,28.0542,19800
2011-09-12,27.6548,28.0665,27.3475,27.6609,28500
2011-09-13,27.9559,27.9743,27.3475,27.4704,45600
2011-09-14,27.5011,27.5933,27.071,27.2615,73200
2011-09-15,27.2615,27.3229,27.0402,27.2246,84100
2011-09-16,27.3352,27.4335,26.8559,27.0402,271700
2011-09-19,27.2799,27.6548,27.1631,27.6118,21100
2011-09-20,27.7101,28.6811,27.538,28.3922,35700
2011-09-21,28.4906,28.4906,27.6978,27.7531,187100
2011-09-22,27.747,28.1464,27.6118,28.1464,40600
2011-09-23,28.1403,28.5274,27.6548,28.2386,31300
2011-09-26,28.2386,28.804,28.1034,28.804,45800
2011-09-27,28.8962,29.8057,28.5274,28.8962,90700
2011-09-28,28.9638,29.4616,28.8839,28.9392,69200
2011-09-29,29.0928,29.861,29.0252,29.5599,50200
2011-09-30,29.4247,29.6398,29.1113,29.3448,46000
2011-10-03,29.4923,29.4923,28.5643,29.0375,51100
2011-10-04,28.804,29.1297,28.3123,29.1297,51000
2011-10-05,29.1236,29.3386,28.7917,29.1912,74000
2011-10-06,29.3202,29.6828,28.6012,29.5107,57000
2011-10-07,29.4984,30.2052,29.4984,29.9286,94000
2011-10-11,29.7012,30.2297,29.7012,30.2113,31000
2011-10-12,30.2052,30.3219,29.6213,29.6213,59000
2011-10-13,29.566,30.113,29.4431,29.9532,48000
2011-10-14,30.0208,30.1007,29.8057,29.8487,37000
2011-10-17,29.8057,30.6661,29.7688,30.2052,148000
2011-10-18,30.113,30.1191,29.9163,29.9163,20800
2011-10-19,29.947,30.1621,29.8549,29.9901,28000
2011-10-20,29.9655,29.9655,29.7443,29.7443,60000
2011-10-21,29.7442,29.7934,29.1911,29.3079,47900
2011-10-24,29.4431,29.732,28.8531,29.7074,35900
2011-10-25,29.7996,29.9532,29.4062,29.5107,19000
2011-10-26,29.6766,30.1806,29.6213,29.8794,25700
2011-10-27,30.6538,30.832,29.6091,30.4203,44700
2011-10-28,30.3035,30.4817,29.818,29.8918,18900
2011-10-31,29.6336,29.8795,29.0867,29.1481,37000
2011-11-01,28.7917,29.861,28.5827,29.861,30900
2011-11-02,30.0331,30.4694,29.7811,30.4571,26300
2011-11-03,30.4817,30.6046,30.1191,30.5985,31300
2011-11-04,30.4448,30.5985,30.1683,30.2052,32000
2011-11-07,30.1928,30.582,30.0199,30.4831,19500
2011-11-08,30.4214,30.9155,30.2978,30.5387,37600
2011-11-09,30.2855,30.6746,30.0384,30.2052,30400
2011-11-10,30.2669,30.4893,29.9087,30.4831,26400
2011-11-11,30.687,30.687,30.199,30.3225,26700
2011-11-14,30.2731,30.7302,30.2731,30.3349,46000
2011-11-15,30.3658,31.1935,30.3658,31.1935,294700
2011-11-16,30.8352,31.6814,30.8229,31.2738,51000
2011-11-17,31.2738,31.2738,30.4214,30.7487,66500
2011-11-18,30.8167,30.8167,30.4214,30.6684,24000
2011-11-21,30.6746,30.7302,30.304,30.4584,37600
2011-11-22,30.4584,30.6375,29.9951,30.2731,76800
2011-11-23,30.2731,30.2855,29.7048,30.0013,26500
2011-11-24,30.1063,30.1063,29.6554,29.7481,7000
2011-11-25,29.7234,30.9464,29.6554,30.6684,130500
2011-11-28,30.9649,30.9649,30.7734,30.8723,28300
2011-11-29,30.9649,31.6629,30.9526,31.3479,19300
2011-11-30,31.5023,31.7494,31.1935,31.4097,41700
2011-12-01,31.4838,31.4838,30.9587,31.2861,13400
2011-12-02,31.0638,31.4714,30.9526,31.2985,46500
2011-12-05,31.3479,31.8112,31.317,31.5703,33300
2011-12-06,31.5888,32.0644,31.3541,31.7556,80000
2011-12-07,31.7556,31.8173,31.3726,31.385,83000
2011-12-08,31.3479,31.385,30.6499,30.7426,43600
2011-12-09,30.8723,31.2367,30.7426,31.107,118700
2011-12-12,30.9773,31.7062,30.3287,30.9588,31000
2011-12-13,31.0329,31.2985,30.7302,31.0082,58000
2011-12-14,31.0082,31.7679,30.5325,30.5943,39600
2011-12-15,30.5449,31.1008,30.5449,31.0885,54000
2011-12-16,31.1935,31.737,30.8846,31.2367,90400
2011-12-19,31.3294,32.12,31.3294,31.9532,56300
2011-12-20,31.8729,32.0274,31.6506,31.9038,57800
2011-12-21,31.9038,31.9038,31.4591,31.8297,40000
2011-12-22,31.8111,32.0026,31.5517,32.0026,31900
2011-12-23,31.7803,31.9347,31.2305,31.2305,32800
2011-12-28,31.2799,31.7062,31.107,31.7062,14700
2011-12-29,31.7741,31.9223,31.5888,31.8729,8700
2011-12-30,31.9223,32.0768,31.7185,31.7185,10800
2012-01-03,32.7315,32.7315,32.0891,32.4968,28700
2012-01-04,32.3918,33.2874,32.3918,32.9662,34700
2012-01-05,32.923,33.5037,32.781,33.5037,33600
2012-01-06,33.3863,33.3863,32.7933,32.9045,24300
2012-01-09,32.8304,33.1268,32.8242,33.0342,16700
2012-01-10,33.5283,33.5283,32.8242,32.8612,44200
2012-01-11,33.0218,33.3554,33.0157,33.3554,17000
2012-01-12,33.2133,33.448,32.9539,33.133,28900
2012-01-13,33.0651,33.3431,32.5771,33.3245,33500
2012-01-16,33.2257,33.3616,33.0466,33.2936,29600
2012-01-17,33.0466,33.2936,32.9848,33.201,17300
2012-01-18,33.0404,33.0404,32.503,32.5277,28300
2012-01-19,32.5339,32.5524,31.4282,31.6567,25700
2012-01-20,31.5394,31.6197,30.6684,30.7611,43400
2012-01-23,30.7549,30.9896,30.2855,30.4522,22100
2012-01-24,30.4893,30.4893,29.4022,29.7295,74000
2012-01-25,29.7419,30.5943,29.7419,30.5264,34800
2012-01-26,31.4838,31.4838,27.8703,29.4948,123200
2012-01-27,29.0377,29.6369,29.0315,29.0315,45600
2012-01-30,29.0377,30.3102,29.0377,30.2052,41000
2012-01-31,30.2361,30.4893,29.6492,29.8346,57400
2012-02-01,29.9272,30.2422,29.3713,29.4948,28200
2012-02-02,29.6987,29.6987,29.3404,29.3404,33800
2012-02-03,29.5875,29.5875,29.2107,29.2107,76100
2012-02-06,29.1921,30.2974,29.1921,30.2539,65000
2012-02-07,30.1235,30.1235,29.5895,29.931,29300
2012-02-08,30.1111,30.1111,29.3721,29.7075,54900
2012-02-09,29.5584,30.0117,29.3783,29.7633,54300
2012-02-10,29.5274,29.5522,28.7822,29.0616,36400
2012-02-13,29.0554,29.7447,29.0554,29.4529,16100
2012-02-14,29.4404,29.4839,29.0244,29.0554,75700
2012-02-15,28.8878,28.9436,28.3661,28.4282,45000
2012-02-16,28.4531,29.1486,28.4531,29.1486,113900
2012-02-17,29.1734,29.1734,28.6083,28.8008,61500
2012-02-21,28.7884,29.0182,28.7263,28.7884,79600
2012-02-22,28.8754,29.1983,28.8133,28.8754,18200
2012-02-23,28.6208,29.7137,28.6208,29.0616,29600
2012-02-24,29.1548,29.3721,28.9996,29.1921,24200
2012-02-27,29.0368,29.5025,29.0368,29.5025,19200
2012-02-28,29.3721,29.4342,29.0989,29.428,21200
2012-02-29,29.5212,31.0798,29.1858,30.2601,224400
2012-03-01,30.4278,31.2351,30.3905,31.055,135900
2012-03-02,30.9618,31.6697,30.5458,31.0488,98300
2012-03-05,30.968,31.2164,30.7755,31.2164,108600
2012-03-06,31.055,31.4772,31.0488,31.1357,71900
2012-03-07,31.0612,31.173,30.9867,31.086,57600
2012-03-08,31.1419,31.1916,31.0488,31.0798,24800
2012-03-09,31.1047,31.2475,31.055,31.1978,27700
2012-03-12,31.1295,31.3406,31.0488,31.0488,22800
2012-03-13,31.0674,31.6635,30.6451,31.5704,90600
2012-03-14,31.6635,31.7691,31.055,31.2288,18100
2012-03-15,31.0674,31.707,31.0488,31.3282,32400
2012-03-16,31.5083,31.5704,31.2847,31.5704,30300
2012-03-19,31.5828,31.9864,31.3468,31.3468,16200
2012-03-20,31.3468,31.7567,31.3096,31.4462,28800
2012-03-21,31.6139,31.9989,31.6139,31.8374,13700
2012-03-22,32.1106,32.6819,31.9181,32.477,27200
2012-03-23,32.5018,32.8123,32.2845,32.7254,63700
2012-03-26,32.6136,33.0669,32.5764,32.5764,7900
2012-03-27,32.2969,32.5019,32.0051,32.1355,38000
2012-03-28,32.1727,32.5391,32.1106,32.21,21500
2012-03-29,32.21,32.2907,31.6138,32.2845,22000
2012-03-30,32.1852,32.8993,32.1852,32.5019,24100
2012-04-02,32.4522,33.247,32.4522,33.2408,19800
2012-04-03,33.2408,33.2408,32.1106,32.2224,25800
2012-04-04,32.0175,32.5826,31.6759,32.3714,20800
2012-04-05,32.1665,32.7502,31.9989,32.6136,24000
2012-04-09,32.7502,32.7502,32.0113,32.2535,24000
2012-04-10,32.0113,32.241,31.5828,31.6884,37800
2012-04-11,31.3903,32.1852,31.3903,32.1293,37600
2012-04-12,31.738,31.738,30.8438,31.4213,81600
2012-04-13,31.4213,31.4213,30.1483,30.1918,162900
2012-04-16,30.2042,30.2229,29.5522,29.9434,76300
2012-04-17,29.9186,29.9993,29.5771,29.8565,71300
2012-04-18,29.8379,29.9683,28.7636,29.0927,103800
2012-04-19,28.894,29.0741,28.8381,28.8754,53700
2012-04-20,28.894,29.6764,28.8567,29.3287,25300
2012-04-23,29.4847,29.8219,29.029,29.672,43300
2012-04-24,29.8156,30.2526,29.7282,29.903,49100
2012-04-25,29.9093,30.2776,29.4036,30.1777,54500
2012-04-26,30.1714,30.2276,29.7344,29.8343,11900
2012-04-27,30.1028,30.2027,29.8656,30.2027,68600
2012-04-30,30.2151,30.5897,29.722,30.5897,33000
2012-05-01,30.8644,31.008,29.9717,30.0029,31500
2012-05-02,29.9217,30.3088,29.647,30.1839,18500
2012-05-03,29.9405,29.9405,29.3224,29.6907,34000
2012-05-04,29.5222,29.7407,29.2163,29.4285,46400
2012-05-07,29.3786,29.5472,29.1039,29.1976,40800
2012-05-08,29.2662,29.3099,28.9978,29.3099,26700
2012-05-09,29.1851,29.4473,29.029,29.2288,55000
2012-05-10,29.285,29.4847,28.9978,29.2662,19000
2012-05-11,29.0103,29.3661,28.8542,29.2475,27100
2012-05-14,28.9978,29.1226,28.6232,28.8854,32000
2012-05-15,28.7793,28.9104,28.5733,28.8043,22400
2012-05-16,28.6981,28.9229,27.9553,28.2237,49000
2012-05-17,28.18,28.3423,27.5495,27.974,42200
2012-05-18,27.974,27.974,27.1125,27.4371,58000
2012-05-22,27.4995,27.8554,27.3435,27.6306,82000
2012-05-23,27.4059,28.205,27.3185,27.9365,25500
2012-05-24,28.2487,28.2487,27.6556,27.7805,30000
2012-05-25,27.8554,28.6794,27.8554,28.642,19200
2012-05-28,28.4921,28.8729,28.4609,28.6981,5100
2012-05-29,28.5858,28.9042,28.4047,28.7668,19000
2012-05-30,28.7606,28.823,28.4235,28.4235,13900
2012-05-31,28.4297,28.7418,28.0364,28.7418,20000
2012-06-01,28.6544,29.2662,28.1113,28.9541,57600
2012-06-04,28.9541,29.4098,28.8729,28.8979,37500
2012-06-05,28.9042,29.3037,28.5109,28.9541,18000
2012-06-06,28.8292,29.0852,28.6482,28.7606,36000
2012-06-07,28.6607,29.0914,28.6607,28.8417,10300
2012-06-08,28.6794,28.798,28.5046,28.7231,28100
2012-06-11,28.7793,28.8542,28.5046,28.7793,51400
2012-06-12,28.6544,28.9791,28.5358,28.9104,26500
2012-06-13,28.9041,28.9041,28.592,28.7169,35200
2012-06-14,28.7169,28.7793,28.6232,28.7481,21700
2012-06-15,28.8105,29.3474,28.6357,29.3474,58800
2012-06-18,29.2225,29.7657,29.2225,29.7032,11300
2012-06-19,29.672,29.8343,29.3162,29.4723,32400
2012-06-20,29.4285,29.7844,29.1851,29.3287,39900
2012-06-21,29.3224,29.3786,28.9541,29.1039,58700
2012-06-22,29.079,29.2537,28.9916,29.1164,10800
2012-06-25,29.1227,29.1227,28.5983,28.9978,12300
2012-06-26,28.8542,29.3349,28.6232,29.2787,116300
2012-06-27,29.3099,29.3099,28.1612,28.7481,15000
2012-06-28,28.9291,29.2163,28.6419,29.0602,17600
2012-06-29,29.3349,29.3349,28.7044,28.9229,21700
2012-07-03,29.029,29.4098,29.029,29.3411,5800
2012-07-04,29.3724,29.491,29.1913,29.491,25600
2012-07-05,29.466,29.5284,29.1851,29.2538,13200
2012-07-06,29.3349,29.6658,28.9354,28.9916,154000
2012-07-09,28.9166,29.1039,28.773,28.9104,9500
2012-07-10,28.9354,28.9354,28.7169,28.7793,34100
2012-07-11,28.6232,28.7731,28.6107,28.6107,18300
2012-07-12,28.6107,28.6107,27.8866,28.0052,63100
2012-07-13,28.0551,28.0551,27.4059,27.537,68500
2012-07-16,27.537,27.9927,27.5307,27.9927,21300
2012-07-17,28.0114,28.0926,27.7368,27.7805,16100
2012-07-18,26.8378,26.8378,22.9922,23.6602,773700
2012-07-19,23.6602,23.6602,21.5064,22.7238,815000
2012-07-20,22.3492,22.8486,22.0059,22.8486,116600
2012-07-23,22.6035,22.7858,22.5029,22.7732,334700
2012-07-24,22.6726,22.8801,22.2264,22.4275,32200
2012-07-25,22.3709,22.8738,22.2892,22.6224,475200
2012-07-26,22.6098,22.7229,22.4275,22.7166,169900
2012-07-27,22.6915,22.7544,22.5658,22.6664,76300
2012-07-30,22.6286,22.7292,22.3709,22.6349,41800
2012-07-31,22.6349,22.8801,22.5595,22.7418,105600
2012-08-01,22.7858,22.7858,22.4149,22.4589,60200
2012-08-02,22.4401,22.6663,22.2515,22.3709,60900
2012-08-03,22.5092,22.7103,22.1572,22.5343,101800
2012-08-07,22.6601,22.7795,22.5783,22.6286,46400
2012-08-08,22.7104,23.0875,22.6349,22.8109,86700
2012-08-09,22.7732,23.1944,22.7732,23.0309,225400
2012-08-10,23.0749,23.1001,22.7229,22.7544,31700
2012-08-13,22.6915,22.8486,22.6726,22.7041,15600
2012-08-14,22.7041,22.7606,22.5029,22.6726,13800
2012-08-15,22.6852,22.9618,22.5784,22.8989,62500
2012-08-16,23.0749,23.2446,23.0246,23.1818,26700
2012-08-17,23.2006,23.3578,23.0686,23.3075,20800
2012-08-20,23.3515,23.5024,23.1755,23.4144,46300
2012-08-21,23.4269,23.4584,23.2761,23.3326,23800
2012-08-22,23.3829,23.3829,23.2509,23.2509,11500
2012-08-23,23.2572,23.2635,23.1315,23.1629,7900
2012-08-24,23.1629,23.4395,23.1629,23.2949,7800
2012-08-27,23.3389,23.4018,23.0561,23.0561,28600
2012-08-28,23.1064,23.5401,23.1064,23.5401,30600
2012-08-29,23.5841,23.5841,23.1252,23.2321,14500
2012-08-30,23.1315,23.1315,22.9492,23.0686,14800
2012-08-31,23.1566,23.2321,23.0498,23.0498,13900
2012-09-04,23.0498,23.1189,22.7669,22.9178,12900
2012-09-05,22.9115,23.1692,22.5532,23.0498,21700
2012-09-06,23.0498,23.2823,22.6349,23.0561,22000
2012-09-07,23.0498,23.5966,23.0498,23.2006,20500
2012-09-10,23.2572,23.2572,23.0246,23.0498,13400
2012-09-11,23.0498,23.2006,22.8109,22.9932,36200
2012-09-12,23.2195,23.2195,22.7858,22.8046,75600
2012-09-13,22.8486,22.9555,22.6726,22.8486,190900
2012-09-14,22.8424,23.1315,22.8424,23.1001,22500
2012-09-17,23.1001,23.1378,22.8172,23.1315,10800
2012-09-18,22.9492,23.0686,22.9241,23.0058,28500
2012-09-19,23.0058,23.1755,22.9429,23.1315,30300
2012-09-20,23.1252,23.2195,23.0749,23.1692,50400
2012-09-21,23.1818,23.5715,22.7166,23.4144,252500
2012-09-24,23.4081,23.5086,23.1629,23.2572,24300
2012-09-25,23.2069,23.3766,23.2069,23.2824,59800
2012-09-26,23.1818,23.3766,23.1818,23.2195,62800
2012-09-27,23.3326,23.4143,23.2824,23.3703,31900
2012-09-28,23.3704,23.4709,23.3264,23.4458,34400
2012-10-01,23.5338,23.5715,22.8235,23.0121,64800
2012-10-02,23.0184,23.1818,22.8926,23.0372,45400
2012-10-03,23.0875,23.1001,22.9492,23.0058,38600
2012-10-04,22.9995,23.1252,22.9743,23.0498,10800
2012-10-05,23.1126,23.1566,22.9429,22.9806,72800
2012-10-09,22.9492,23.1189,22.8298,23.1001,26500
2012-10-10,23.1441,23.1441,22.9618,22.9995,14300
2012-10-11,23.0372,23.0372,22.7418,22.8172,7800
2012-10-12,22.9429,22.9806,22.7606,22.8801,13900
2012-10-15,22.9052,23.0121,22.8235,22.9932,27100
2012-10-16,22.8738,23.1441,22.8738,23.0624,65500
2012-10-17,23.0812,23.1944,23.0372,23.1944,38700
2012-10-18,23.1126,23.1629,23.0686,23.1629,35900
2012-10-19,23.1441,23.1441,22.8361,22.8424,14300
2012-10-22,22.8486,23.1944,22.8486,22.8675,41900
2012-10-23,22.8361,22.8926,22.7104,22.7858,66100
2012-10-24,22.8675,22.8926,22.7041,22.8549,49000
2012-10-25,22.8486,23.0121,22.8172,22.8801,13200
2012-10-26,22.9241,23.2069,22.8864,23.0624,35300
2012-10-29,23.2383,23.3955,23.0623,23.3829,77300
2012-10-30,23.2698,23.5024,23.2572,23.5024,18900
2012-10-31,23.5149,24.0869,23.5149,23.9864,88200
2012-11-01,23.9989,24.0052,23.4521,23.6343,72700
2012-11-02,23.4018,23.7412,23.4018,23.5086,26600
2012-11-05,23.5778,24.2378,23.5086,24.0555,89800
2012-11-06,24.1938,24.4138,24.0429,24.3006,72000
2012-11-07,24.2001,24.2001,23.9549,24.0366,107600
2012-11-08,24.0241,24.0932,24.0241,24.0618,70900
2012-11-09,24.0869,24.1749,24.0115,24.1686,29200
2012-11-12,24.1372,24.5898,24.1372,24.3195,13800
2012-11-13,24.3446,24.7972,24.2252,24.4012,31500
2012-11-14,24.3379,24.5594,24.205,24.281,41200
2012-11-15,24.1228,24.1607,23.6355,23.7557,77500
2012-11-16,23.9393,24.1418,23.8886,24.0468,16200
2012-11-19,24.1481,24.205,23.9203,24.0468,68600
2012-11-20,24.5278,24.5278,23.9899,24.0468,11400
2012-11-21,23.9899,23.9899,23.1039,23.8064,75500
2012-11-22,24.5468,24.5468,23.7621,23.9203,10100
2012-11-23,23.9139,24.0215,23.7557,23.838,49500
2012-11-26,23.6039,23.7747,23.2685,23.4836,98700
2012-11-27,23.452,23.5406,23.3634,23.4773,36000
2012-11-28,23.3507,23.6039,23.3381,23.5849,51700
2012-11-29,23.6735,23.6735,23.3634,23.471,24400
2012-11-30,23.3507,23.7874,23.2938,23.7874,26700
2012-12-03,23.7937,24.1418,23.5912,24.1418,24900
2012-12-04,24.205,24.4139,24.1987,24.3569,25600
2012-12-05,24.4455,24.9454,24.3949,24.9328,36000
2012-12-06,24.9897,25.1353,24.8125,24.9581,22400
2012-12-07,24.9581,25.2049,24.4898,24.7429,49800
2012-12-10,24.7682,24.7809,24.5594,24.7556,30600
2012-12-11,24.7303,24.996,24.5974,24.9897,30800
2012-12-12,24.9834,25.439,24.8695,25.439,121200
2012-12-13,25.2682,25.6352,25.1606,25.6352,41900
2012-12-14,25.6352,25.9516,25.6289,25.882,52000
2012-12-17,25.9136,26.1414,25.6921,26.1414,55100
2012-12-18,25.9769,26.1478,25.6289,25.9453,58700
2012-12-19,25.7934,25.7934,25.3061,25.5656,75500
2012-12-20,25.5529,25.9326,25.5086,25.9263,32500
2012-12-21,25.3441,25.6099,24.3443,24.5404,569900
2012-12-24,24.5214,24.5214,24.0405,24.1101,39700
2012-12-27,24.1418,24.1544,23.7684,24.1418,69400
2012-12-28,24.0279,24.0785,23.8886,24.0089,19700
2012-12-31,23.9772,24.0785,23.9393,24.0785,27000
2013-01-02,24.2557,24.2557,23.8886,24.0468,62300
2013-01-03,24.0215,24.1861,23.819,23.895,88000
2013-01-04,23.9139,24.0911,23.7874,24.0468,43100
2013-01-07,24.0848,24.205,23.9203,24.0468,26800
2013-01-08,24.0405,24.0975,23.9203,24.0975,31300
2013-01-09,24.0532,24.0785,23.7304,23.857,30900
2013-01-10,23.9582,24.0089,23.4393,24.0025,26300
2013-01-11,24.0468,24.1607,23.9456,24.0975,45500
2013-01-14,24.1165,24.7113,24.1038,24.5215,55400
2013-01-15,24.7366,24.7429,24.3696,24.6164,127600
2013-01-16,25.0024,25.8567,25.0024,25.5972,378600
2013-01-17,25.7744,26.306,25.6795,26.2047,97000
2013-01-18,26.3313,26.635,26.2617,26.5718,78900
2013-01-21,26.8818,26.8818,26.2617,26.4579,1653400
2013-01-22,26.325,26.5085,26.325,26.4389,55200
2013-01-23,26.4199,26.6097,26.306,26.5085,230900
2013-01-24,26.6486,27.1007,26.6486,27.0434,122100
2013-01-25,27.0179,27.3554,26.9606,27.0943,43800
2013-01-28,27.3681,27.4572,26.9924,27.3235,64300
2013-01-29,27.0816,27.6101,27.0816,27.5719,116400
2013-01-30,27.54,27.9412,27.4063,27.4764,120000
2013-01-31,27.5082,27.6356,26.9351,27.1962,136800
2013-02-01,27.2662,27.3808,27.0879,27.1325,64300
2013-02-04,27.5973,27.7438,27.2599,27.3808,115400
2013-02-05,27.4318,27.5337,27.1707,27.3363,115400
2013-02-06,27.2535,27.4891,27.2408,27.2599,72800
2013-02-07,27.3808,27.661,27.279,27.2917,85000
2013-02-08,27.6037,27.6037,27.1134,27.2025,45600
2013-02-11,27.2153,27.7311,27.1771,27.3872,29300
2013-02-12,27.3681,27.5337,27.2344,27.4382,99200
2013-02-13,27.4827,27.5528,27.1516,27.2853,65400
2013-02-14,27.3936,27.47,27.2726,27.3426,160900
2013-02-15,27.2217,27.3426,27.1898,27.2662,50600
2013-02-19,27.4891,27.6738,27.2471,27.5974,41400
2013-02-20,27.4063,27.8075,27.3044,27.4382,90000
2013-02-21,27.1452,27.3681,27.0625,27.1707,29000
2013-02-22,27.1643,27.1898,26.9415,27.0943,31300
2013-02-25,27.1898,27.4381,27.0943,27.0943,56700
2013-02-26,27.1898,27.3617,26.9988,27.1134,22200
2013-02-27,27.0052,27.419,27.0052,27.3363,43500
2013-02-28,27.4636,27.4636,26.916,27.2917,32500
2013-03-01,27.2599,27.6292,27.1643,27.4764,36400
2013-03-04,27.3872,27.6992,27.2981,27.6101,106600
2013-03-05,27.5464,28.3551,27.5209,28.3105,94700
2013-03-06,28.2405,28.4379,28.1832,28.3296,50900
2013-03-07,28.4442,28.9537,27.903,28.215,566400
2013-03-08,28.1513,28.5398,28.1513,28.336,38200
2013-03-11,28.3487,28.8963,28.1768,28.7308,34900
2013-03-12,28.9536,28.9536,28.145,28.3233,177300
2013-03-13,28.3678,28.5971,28.2723,28.3869,36500
2013-03-14,28.3551,28.5398,28.2532,28.3869,20800
2013-03-15,28.336,28.3997,28.0876,28.0876,82500
2013-03-18,28.1259,28.4761,28.0495,28.336,31900
2013-03-19,28.2723,28.5589,28.1895,28.5079,45500
2013-03-20,28.648,29.0428,28.6416,29.0364,40400
2013-03-21,29.0428,29.1256,28.8454,28.8772,82100
2013-03-22,28.9091,28.9091,28.4251,28.578,40900
2013-03-25,28.6353,29.0301,28.6034,28.8454,23500
2013-03-26,28.7563,29.5713,28.7563,29.323,46200
2013-03-27,29.3166,29.7432,28.9728,29.3293,54200
2013-03-28,29.2338,29.4376,28.9091,29.0492,32900
2013-04-01,28.9409,29.1128,28.2596,28.457,35700
2013-04-02,28.4442,28.4442,27.7183,28.3169,41700
2013-04-03,28.3296,28.7499,28.2405,28.4506,73600
2013-04-04,28.4124,28.6544,28.3042,28.578,38700
2013-04-05,28.2468,28.6225,28.1131,28.4633,24200
2013-04-08,28.3042,28.6034,28.1259,28.578,29300
2013-04-09,28.5907,28.5907,28.2723,28.4633,14400
2013-04-10,28.4251,28.89,28.3169,28.6162,73500
2013-04-11,28.6225,28.8645,28.2787,28.3296,80200
2013-04-12,28.4379,28.4379,27.8966,28.3487,42900
2013-04-15,28.3424,28.3869,27.1644,27.8839,79800
2013-04-16,28.0431,28.5207,27.782,28.4251,101700
2013-04-17,28.2914,28.7053,28.1959,28.4315,46700
2013-04-18,28.5525,28.5525,28.024,28.1195,28100
2013-04-19,28.1259,28.2532,28.1259,28.2405,20400
2013-04-22,28.3942,28.4711,28.0099,28.3686,21100
2013-04-23,28.1252,28.4839,28.1252,28.2789,17500
2013-04-24,28.1124,28.375,27.7409,28.1508,32900
2013-04-25,28.3045,28.3686,28.0419,28.3045,13200
2013-04-26,28.3301,28.4454,28.0996,28.3878,26900
2013-04-29,28.343,28.5415,28.2469,28.4839,19700
2013-04-30,28.5287,28.9899,28.5159,28.7209,20200
2013-05-01,28.5864,28.9258,28.5864,28.7017,29500
2013-05-02,28.6952,28.8233,28.4967,28.4967,60000
2013-05-03,28.8234,28.8234,28.0611,28.2661,42100
2013-05-06,28.2789,28.2789,27.8562,27.8754,25000
2013-05-07,27.8818,28.1124,27.7601,27.7857,46900
2013-05-08,27.4975,27.901,27.4911,27.8113,61800
2013-05-09,27.8306,27.8818,27.5295,27.7024,46900
2013-05-10,27.7857,27.8626,27.1516,27.3373,46000
2013-05-13,27.4142,28.5351,27.158,28.3686,1154500
2013-05-14,28.0099,28.676,28.0099,28.5031,65700
2013-05-15,28.5031,29.0219,28.4198,28.8105,81000
2013-05-16,28.7273,29.0155,28.6953,28.9579,24400
2013-05-17,28.9386,29.2077,28.9258,29.118,39200
2013-05-21,29.2333,29.7009,29.1628,29.6368,22800
2013-05-22,29.893,29.893,29.5471,29.5599,27800
2013-05-23,28.9386,29.7521,28.9386,29.3486,39600
2013-05-24,29.0924,29.3486,29.0731,29.2077,19300
2013-05-27,29.1372,29.656,29.1372,29.6112,5600
2013-05-28,29.5215,29.5215,28.8554,28.945,38200
2013-05-29,29.0667,29.2973,28.9643,29.1116,117500
2013-05-30,29.2461,29.2461,28.8233,29.0155,104500
2013-05-31,28.9066,29.2333,28.8362,28.8746,36500
2013-06-03,28.8362,28.8554,28.375,28.5735,50900
2013-06-04,28.6504,28.8746,28.5736,28.6953,11500
2013-06-05,28.7721,28.849,28.5223,28.6568,20800
2013-06-06,28.4198,28.5671,27.8946,28.343,36500
2013-06-07,28.4839,28.7785,28.2725,28.439,25400
2013-06-10,28.5671,28.8362,28.4454,28.5992,19000
2013-06-11,28.439,28.5607,28.3109,28.4326,16500
2013-06-12,28.5992,29.0603,28.1636,28.1636,20800
2013-06-13,28.0675,28.3045,27.4847,28.0932,22500
2013-06-14,28.1188,28.1188,27.4975,27.6704,37200
2013-06-17,27.5871,27.8177,27.363,27.6384,34900
2013-06-18,27.5167,27.9138,27.5167,27.8241,39700
2013-06-19,27.6768,27.7345,27.4142,27.5359,17300
2013-06-20,27.4334,27.8241,27.4014,27.6448,15400
2013-06-21,27.7601,27.7601,26.7801,26.9018,74200
2013-06-24,26.9402,27.3438,26.6392,26.889,24700
2013-06-25,27.0427,27.3502,27.0427,27.2605,49200
2013-06-26,27.2925,27.8882,27.2861,27.7345,20500
2013-06-27,27.7409,28.2021,27.7345,28.1828,40300
2013-06-28,28.0739,28.7657,27.9971,28.7657,17100
2013-07-02,28.6696,29.3678,28.5736,29.3678,148000
2013-07-03,29.2397,29.4511,29.0539,29.4511,76300
2013-07-04,29.4511,29.4639,29.3166,29.4639,8600
2013-07-05,29.4575,30.1877,29.15,30.0916,32200
2013-07-08,30.2581,30.2709,29.7201,30.0788,41000
2013-07-09,30.0147,30.0339,29.4318,29.7841,36200
2013-07-10,29.656,29.8994,29.5471,29.8033,35500
2013-07-11,30.3606,31.6929,30.3606,31.5135,86400
2013-07-12,31.5776,32.5832,31.5776,32.1861,94700
2013-07-15,32.295,33.3198,32.2822,32.8971,41100
2013-07-16,32.6152,32.8202,32.2181,32.6665,31600
2013-07-17,32.7305,33.0444,32.5448,32.9163,47200
2013-07-18,32.6601,33.4927,32.6601,33.1853,46800
2013-07-19,33.1853,33.1917,32.5704,32.6601,180100
2013-07-22,32.5892,33.3167,32.5892,32.7309,47600
2013-07-23,32.7695,32.9304,32.6729,32.8017,42500
2013-07-24,32.9948,32.9948,32.0678,32.4798,56200
2013-07-25,32.306,32.6086,32.1965,32.409,33300
2013-07-26,32.4605,32.512,31.7201,32.3446,195100
2013-07-29,32.5635,32.6922,32.0291,32.1901,47700
2013-07-30,32.2544,32.7115,32.0549,32.1836,63600
2013-07-31,32.1128,32.3382,31.7072,31.8038,36300
2013-08-01,32.1965,32.1965,31.6557,31.8424,40700
2013-08-02,31.9132,32.2545,31.5527,31.7974,80400
2013-08-06,31.5463,32.0806,31.4433,31.7781,69000
2013-08-07,31.7008,32.4734,31.6042,32.1064,54600
2013-08-08,32.3253,32.6279,31.9648,32.2351,105900
2013-08-09,32.1579,32.3317,31.6686,32.0742,38000
2013-08-12,31.8875,32.2995,31.469,31.8102,42600
2013-08-13,31.675,31.675,30.9604,31.4175,44700
2013-08-14,31.4883,31.8038,31.2373,31.7072,26800
2013-08-15,31.5463,31.6944,31.218,31.3145,47500
2013-08-16,31.3145,31.7072,31.3145,31.4433,20700
2013-08-19,31.3982,31.3982,30.3231,30.8703,34500
2013-08-20,30.851,31.1278,30.851,31.0956,13500
2013-08-21,31.1149,31.7652,31.0441,31.0956,39600
2013-08-22,31.0699,31.1793,30.3553,30.5806,41400
2013-08-23,30.4454,30.8381,30.3681,30.7029,78100
2013-08-26,30.6965,30.7029,30.4969,30.6063,16300
2013-08-27,30.4325,30.5742,30.4003,30.5742,14100
2013-08-28,30.6772,31.0184,30.4647,30.7093,128000
2013-08-29,31.0248,31.2244,29.6149,31.0184,35300
2013-08-30,30.9733,31.4948,30.9733,31.1342,24200
2013-09-03,31.5205,31.5205,31.1085,31.2823,85600
2013-09-04,31.469,31.8682,31.2179,31.6364,77200
2013-09-05,31.5398,31.836,31.5205,31.7394,36600
2013-09-06,31.5334,32.1064,31.5141,32.0227,40400
2013-09-09,32.2931,32.2931,31.572,31.6879,39000
2013-09-10,31.9583,31.9583,31.3982,31.4304,41200
2013-09-11,31.3274,31.8553,31.2051,31.6364,16100
2013-09-12,31.7265,32.1836,31.4755,31.4819,19600
2013-09-13,31.6622,31.733,31.1986,31.5012,25200
2013-09-16,31.8682,31.8875,31.0506,31.3467,39600
2013-09-17,31.5077,31.6235,31.2501,31.4046,21300
2013-09-18,31.5527,31.9648,31.4561,31.5077,49900
2013-09-19,31.469,31.5398,30.8317,31.1342,33200
2013-09-20,31.0827,31.2244,30.484,30.7093,389900
2013-09-23,30.7287,31.733,30.7287,31.6107,34500
2013-09-24,31.6879,31.6879,31.2759,31.5463,26500
2013-09-25,31.7974,31.7974,31.4497,31.4948,20500
2013-09-26,31.572,31.572,31.2244,31.2308,8800
2013-09-27,30.9282,31.057,30.7222,30.793,16100
2013-09-30,30.7415,31.5205,30.7222,31.1857,26400
2013-10-01,31.2888,31.4497,31.0377,31.1922,17500
2013-10-02,31.3596,31.7974,31.3596,31.5141,28900
2013-10-03,31.4433,32.1901,30.3617,30.9669,39500
2013-10-04,30.9089,32.0935,30.9089,31.8167,37800
2013-10-07,31.5913,32.0034,31.4948,31.5463,19800
2013-10-08,31.7137,31.9841,31.7137,31.8102,18400
2013-10-09,31.7394,32.1257,31.5012,31.7459,20100
2013-10-10,31.8682,32.2223,31.5785,32.1772,27400
2013-10-11,32.1901,32.1901,31.8102,31.939,13900
2013-10-15,31.8295,31.939,31.1793,31.5012,21400
2013-10-16,31.5141,31.5463,31.1149,31.1471,20800
2013-10-17,31.2244,31.2244,30.9411,31.16,20900
2013-10-18,31.16,31.4562,31.1343,31.366,54900
2013-10-21,31.3338,31.5656,31.0634,31.5398,31800
2013-10-22,31.6429,31.6429,31.1922,31.4819,27800
2013-10-23,31.5463,32.0742,31.5463,31.8682,25400
2013-10-24,31.8811,32.0549,31.4046,31.8682,35500
2013-10-25,31.8682,31.8682,31.2888,31.4626,23400
2013-10-28,31.5399,31.8553,31.3532,31.7716,33400
2013-10-29,31.8682,32.4798,31.7974,32.2545,57200
2013-10-30,32.1064,33.0979,31.9261,32.6086,72200
2013-10-31,32.7695,32.7695,31.5463,31.7394,78400
2013-11-01,32.3382,33.2781,32.1064,32.5764,97700
2013-11-04,32.7566,33.2652,32.3381,32.4476,143800
2013-11-05,32.4476,32.6279,32.0742,32.2995,314000
2013-11-06,32.2094,32.4669,32.1386,32.4412,59000
2013-11-07,32.5635,32.5635,32.2867,32.3188,169500
2013-11-08,32.2346,32.5196,31.6194,31.6776,111600
2013-11-11,31.8784,31.8784,31.2631,31.5093,43600
2013-11-12,31.587,31.587,31.302,31.3408,28900
2013-11-13,31.2761,31.8655,31.2761,31.7813,38700
2013-11-14,31.7942,32.1504,31.7295,32.1051,34600
2013-11-15,31.9367,31.9367,31.574,31.6841,109700
2013-11-18,31.71,31.7554,31.4121,31.5222,61800
2013-11-19,31.5805,31.6517,31.2761,31.4963,62400
2013-11-20,31.4574,31.6582,31.3862,31.3991,29300
2013-11-21,31.3862,31.5352,30.894,30.9846,59600
2013-11-22,30.9846,31.2826,30.9587,31.0494,37500
2013-11-25,31.2372,31.2761,30.9263,31.1725,35100
2013-11-26,31.1401,31.153,30.7385,31.1271,68500
2013-11-27,31.153,31.166,30.7903,30.8616,42200
2013-11-28,30.6479,30.9782,30.6479,30.9264,6600
2013-11-29,30.9069,31.1142,30.9069,31.1142,18000
2013-12-02,31.1206,31.3927,31.0883,31.2567,33000
2013-12-03,31.0947,31.3214,30.8551,31.2826,31200
2013-12-04,31.2502,31.5805,31.1919,31.4056,74700
2013-12-05,31.4833,31.6582,31.3732,31.3732,38100
2013-12-06,31.5222,31.6388,31.3862,31.5157,35600
2013-12-09,31.451,31.5481,31.2437,31.2502,25600
2013-12-10,31.1984,31.3862,31.0105,31.0105,32500
2013-12-11,31.0624,31.0624,30.6738,30.8421,33400
2013-12-12,30.8486,31.1401,30.3823,30.4535,47800
2013-12-13,30.4406,30.8098,30.3175,30.8098,48000
2013-12-16,30.9652,31.0235,30.7256,30.7903,54300
2013-12-17,30.7515,30.8421,30.5054,30.6802,33100
2013-12-18,30.745,30.9263,30.5377,30.7644,30100
2013-12-19,30.6997,30.9004,30.6478,30.6997,36400
2013-12-20,30.3434,30.9523,30.3434,30.3823,211400
2013-12-23,30.4212,30.7644,30.3434,30.6219,29500
2013-12-24,30.8681,31.302,30.5831,30.8681,30900
2013-12-27,30.8681,31.315,30.8681,31.2437,17700
2013-12-30,31.2372,31.2372,30.8421,31.017,19700
2013-12-31,31.0041,31.166,30.9587,31.0753,19900
2014-01-02,31.0947,31.3538,30.745,30.9458,47200
2014-01-03,30.6997,31.166,30.609,31.166,18700
2014-01-06,31.1984,31.3927,31.0429,31.2826,26200
2014-01-07,31.2826,32.131,31.2502,31.8979,93600
2014-01-08,32.0533,32.2152,31.8849,31.9885,50000
2014-01-09,31.9885,31.9885,31.5157,31.8201,48100
2014-01-10,31.9302,32.5779,31.9302,32.3383,45600
2014-01-13,32.3836,32.6945,32.3836,32.5909,69800
2014-01-14,33.2839,33.2839,31.6453,31.7359,77600
2014-01-15,32.5455,33.3227,32.2929,32.3836,217600
2014-01-16,32.5196,32.552,31.4769,32.3448,104200
2014-01-17,32.3836,32.416,31.859,32.3836,688800
2014-01-20,32.5067,32.5455,32.28,32.4289,59000
2014-01-21,32.565,32.7593,32.4549,32.6751,87600
2014-01-22,32.7981,32.8046,32.4484,32.5973,57800
2014-01-23,32.7733,32.7993,32.4801,32.656,59000
2014-01-24,32.5778,32.7407,32.1869,32.6039,71400
2014-01-27,32.5387,32.9557,32.454,32.682,108100
2014-01-28,32.7928,32.9883,32.265,32.5517,77500
2014-01-29,32.4735,32.5973,32.2911,32.4801,472900
2014-01-30,32.5517,32.7993,32.454,32.6169,47600
2014-01-31,32.4605,33.3075,32.454,33.1446,155200
2014-02-03,33.301,33.3401,33.0339,33.0339,80300
2014-02-04,33.0339,33.0665,32.8319,32.9231,58200
2014-02-05,32.8384,33.3466,32.8384,33.1838,61400
2014-02-06,33.1316,33.6594,33.1316,33.4639,34500
2014-02-07,33.3988,34.1741,33.3988,34.0438,59300
2014-02-10,34.0438,34.2523,33.9526,34.2393,64000
2014-02-11,34.2784,34.9364,34.2784,34.8582,231700
2014-02-12,34.8648,34.9495,34.565,34.8322,119300
2014-02-13,34.7279,34.7344,34.4543,34.6237,37200
2014-02-14,34.7019,34.8843,34.539,34.8322,36800
2014-02-18,34.78,34.78,34.2914,34.7214,46800
2014-02-19,34.7475,35.5033,34.7475,35.2166,92900
2014-02-20,35.2752,35.3404,34.6563,34.741,42800
2014-02-21,34.7475,35.3599,34.4022,34.8452,80300
2014-02-24,34.8582,35.4707,34.8582,34.9951,28600
2014-02-25,34.9951,35.0993,34.6693,34.8191,63200
2014-02-26,34.7801,35.0993,34.7605,34.9234,35700
2014-02-27,34.982,35.3404,34.8191,35.1319,26600
2014-02-28,35.1319,35.7639,35.1058,35.2817,40200
2014-03-03,35.2361,35.2427,34.6432,34.7019,85100
2014-03-04,34.6693,35.6336,34.6693,35.588,29200
2014-03-05,35.6662,36.4024,35.5815,36.1223,52200
2014-03-06,36.0832,36.2135,35.7769,35.803,48100
2014-03-07,35.9594,36.1548,35.7053,36.0245,49700
2014-03-10,35.9985,36.3568,35.9659,36.1548,38500
2014-03-11,36.0506,36.4024,36.031,36.1288,31100
2014-03-12,36.22,36.22,35.6857,35.816,90700
2014-03-13,35.8942,36.1092,35.6336,35.816,35700
2014-03-14,35.6401,36.0897,35.6075,35.7965,19000
2014-03-17,35.9529,36.2982,35.373,35.4446,50200
2014-03-18,35.3208,35.6271,34.9234,35.601,42400
2014-03-19,35.9398,35.9398,35.0276,35.3404,29200
2014-03-20,35.3925,36.1548,35.3404,35.8291,34500
2014-03-21,35.9789,36.6109,35.7053,35.7053,143500
2014-03-24,36.0441,36.3438,35.6922,35.6922,43500
2014-03-25,35.5815,35.6597,34.9234,35.0928,48300
2014-03-26,35.0537,35.9333,35.0472,35.588,64300
2014-03-27,35.7834,36.4089,35.6531,36.3503,39000
2014-03-28,36.4024,37.0735,36.1679,36.6435,98600
2014-03-31,36.6435,37.4514,36.6435,37.3667,57600
2014-04-01,37.1191,37.6274,37.0214,37.4645,62500
2014-04-02,37.6143,38.331,37.5687,38.1616,67000
2014-04-03,38.1616,38.4157,37.8619,38.0769,55700
2014-04-04,38.0965,39.3149,38.0965,38.318,66500
2014-04-07,38.2463,38.5656,37.7446,37.9727,70200
2014-04-08,38.2138,38.2138,37.7446,37.8684,58500
2014-04-09,37.4775,38.0769,37.4775,37.7902,64000
2014-04-10,38.5786,41.1067,38.5721,39.6146,236900
2014-04-11,39.2953,40.7157,38.6438,38.7611,135500
2014-04-14,38.9696,39.8296,38.7676,39.0803,147400
2014-04-15,39.0933,40.4421,39.0933,39.5364,78000
2014-04-16,39.5364,39.7384,39.1846,39.5755,46400
2014-04-17,39.4908,39.9404,39.2367,39.6798,33100
2014-04-21,39.6274,40.1839,39.6274,39.7976,74000
2014-04-22,39.85,40.125,39.3327,39.7911,60700
2014-04-23,39.5815,40.125,39.5815,39.9155,61200
2014-04-24,39.8827,40.0726,39.6077,39.8238,58900
2014-04-25,39.8696,39.8696,39.3917,39.4768,23900
2014-04-28,39.5815,39.8827,39.4178,39.7649,64700
2014-04-29,39.8827,39.8827,39.4833,39.575,20700
2014-04-30,39.6274,39.7714,39.2149,39.2869,65700
2014-05-01,39.3065,40.6619,39.3065,40.2822,50900
2014-05-02,40.5441,40.7143,39.9089,40.5637,62800
2014-05-05,40.4917,40.9369,40.4131,40.5768,25700
2014-05-06,40.6095,40.9238,40.3083,40.5964,60400
2014-05-07,40.5964,40.5964,39.5684,39.981,46900
2014-05-08,39.981,40.8191,39.8893,40.5834,65200
2014-05-09,40.675,40.675,40.0464,40.4917,30300
2014-05-12,40.3935,40.6554,39.3982,40.6292,53500
2014-05-13,40.5572,40.5572,40.1054,40.3673,30500
2014-05-14,40.3673,40.472,39.5881,39.7649,73900
2014-05-15,39.6863,39.9744,39.5488,39.922,46200
2014-05-16,39.9941,40.4328,39.9548,40.328,36600
2014-05-20,40.3345,40.6881,40.053,40.053,60400
2014-05-21,40.1054,40.3607,40.0399,40.2298,57900
2014-05-22,40.2298,41.2512,40.2167,40.7274,68200
2014-05-23,40.7405,41.5786,40.5703,41.5066,47600
2014-05-26,41.834,41.834,41.0548,41.1858,16800
2014-05-27,41.0286,41.1727,40.806,40.9238,49100
2014-05-28,40.9238,41.2512,40.6881,40.9566,47200
2014-05-29,40.3542,41.2512,40.3542,41.1465,59200
2014-05-30,41.2512,41.2512,40.4327,40.9762,69700
2014-06-02,40.8649,41.6441,40.8649,41.4018,65300
2014-06-03,41.3756,42.3971,41.3756,41.8667,59400
2014-06-04,41.7882,41.906,41.3887,41.8798,62200
2014-06-05,41.7161,41.7161,40.4,40.4655,104900
2014-06-06,40.4655,40.9173,40.1774,40.2167,71900
2014-06-09,40.2363,40.9697,40.0923,40.2298,42800
2014-06-10,40.1512,40.5703,39.9482,40.0006,75100
2014-06-11,40.0792,40.7209,39.9417,40.0988,126500
2014-06-12,40.2101,41.2447,40.2101,41.1399,34400
2014-06-13,41.081,41.2512,40.3607,40.3607,31900
2014-06-16,40.4524,40.9173,40.4524,40.6816,43400
2014-06-17,40.5833,40.747,40.3149,40.6226,29200
2014-06-18,40.8387,40.8387,40.4,40.5048,39300
2014-06-19,40.4196,40.5964,40.2429,40.3345,36600
2014-06-20,40.4,40.4459,39.1756,39.1756,162900
2014-06-23,39.3,40.0857,39.1625,39.2476,71700
2014-06-24,39.2476,39.6143,38.7893,39.0053,70200
2014-06-25,38.9595,39.1101,37.9839,38.2785,83400
2014-06-26,38.3636,38.8416,38.1738,38.272,64000
2014-06-27,38.2785,38.5666,38.0886,38.4226,74600
2014-06-30,38.3244,38.9529,38.3244,38.691,48300
2014-07-02,38.7565,39.2607,38.1803,38.9202,74900
2014-07-03,38.9202,39.1232,38.4619,38.8875,41800
2014-07-04,38.894,38.894,38.4946,38.5863,16300
2014-07-07,38.5142,39.0577,38.3571,38.8482,36700
2014-07-08,39.1166,39.1166,38.0624,38.8023,56600
2014-07-09,38.8744,38.9726,38.3374,38.7565,33400
2014-07-10,38.6256,38.8416,37.2374,38.4684,80300
2014-07-11,39.2345,39.4178,38.6452,39.1035,93900
2014-07-14,39.4375,40.3607,39.4309,39.7256,93000
2014-07-15,39.8434,40.2298,39.5422,39.994,96700
2014-07-16,39.9941,40.3804,39.8042,40.2429,38200
2014-07-17,40.2036,40.3935,40.0726,40.1839,42300
2014-07-18,40.2298,40.8256,40.2298,40.3804,61600
2014-07-21,40.354,40.6765,39.4131,39.6105,69900
2014-07-22,39.5118,39.7553,39.4329,39.7355,82200
2014-07-23,39.775,40.3014,39.6763,40.1567,109100
2014-07-24,40.0843,40.4462,39.9724,40.1172,99200
2014-07-25,39.9922,40.0645,39.6895,39.8277,17400
2014-07-28,39.8013,40.183,39.7684,39.9461,44900
2014-07-29,40.1238,40.2685,39.9066,40.1106,29100
2014-07-30,40.0382,40.2948,39.9724,40.0843,37600
2014-07-31,40.0251,40.1369,39.3868,39.8869,77700
2014-08-01,39.9658,40.2685,39.5776,39.8145,20300
2014-08-05,40.2619,40.2619,39.3539,39.6566,34700
2014-08-06,39.7421,40.6107,39.5908,40.0053,95800
2014-08-07,40.0382,40.3014,39.4987,39.6303,38400
2014-08-08,39.6303,39.7553,39.1828,39.4394,34100
2014-08-11,39.3539,39.8408,38.8539,39.5513,46700
2014-08-12,39.3144,39.5513,39.2157,39.4592,27100
2014-08-13,39.8342,39.8342,39.4197,39.7421,39000
2014-08-14,39.6829,40.0777,39.6829,39.8737,27400
2014-08-15,39.8606,40.2553,39.7684,39.9527,67500
2014-08-18,40.2422,40.762,40.058,40.3606,33500
2014-08-19,40.6436,40.683,40.2619,40.6172,33800
2014-08-20,40.6172,40.7094,40.3869,40.6172,66500
2014-08-21,40.3804,40.9199,40.3804,40.9199,33900
2014-08-22,40.7817,41.7227,40.7817,41.3937,43200
2014-08-25,41.2423,41.5318,41.1765,41.3871,31200
2014-08-26,41.5384,41.67,41.0581,41.2555,20500
2014-08-27,41.2752,41.2752,40.637,40.9067,22000
2014-08-28,40.966,41.3739,40.9594,41.0778,22200
2014-08-29,41.0252,41.4266,41.0252,41.2555,34900
2014-09-02,41.4266,41.5845,41.1963,41.4331,38500
2014-09-03,41.4529,41.5845,41.2226,41.4068,47700
2014-09-04,41.4792,41.4792,40.9989,41.2028,23200
2014-09-05,41.0252,41.1239,40.6107,40.762,43600
2014-09-08,40.7751,40.8409,40.4791,40.7028,26200
2014-09-09,40.5317,40.8344,40.2817,40.6172,27000
2014-09-10,40.2488,40.3935,40.1106,40.3014,19400
2014-09-11,40.2685,40.4462,40.1501,40.2093,105700
2014-09-12,40.2817,40.4462,40.2159,40.2948,18100
2014-09-15,39.6039,40.4856,39.6039,40.2027,46300
2014-09-16,40.1896,40.4659,40.1369,40.2685,59700
2014-09-17,40.2422,40.4264,40.1961,40.2553,117700
2014-09-18,40.3277,40.3541,40.1632,40.3409,16600
2014-09-19,40.558,40.558,39.6961,40.3343,68300
2014-09-22,40.0974,40.1896,39.2421,39.4197,30500
2014-09-23,39.4197,39.4197,38.7815,39.0973,31200
2014-09-24,39.242,39.321,38.7946,38.8867,38300
2014-09-25,38.9196,38.9196,37.5313,37.9392,63400
2014-09-26,37.5576,38.1827,37.3405,37.3405,69900
2014-09-29,37.3339,37.5708,37.1102,37.38,55400
2014-09-30,37.3405,37.8077,37.301,37.6563,95400
2014-10-01,37.8011,37.8011,37.2089,37.4918,104300
2014-10-02,37.0773,37.755,37.0773,37.5971,58400
2014-10-03,37.4326,38.2814,37.2944,38.0643,123300
2014-10-06,38.0577,38.0643,37.5774,37.8077,52600
2014-10-07,37.6958,38.6696,37.6958,38.5183,53900
2014-10-08,38.4591,38.992,38.2288,38.8933,97100
2014-10-09,38.821,39.3144,38.6828,38.8144,85100
2014-10-10,38.7223,38.7223,37.7287,37.8011,85400
2014-10-14,37.7024,37.7024,36.8273,37.2023,86500
2014-10-15,36.9983,37.1299,36.1232,36.7154,61700
2014-10-16,36.4654,37.4589,36.3272,37.3668,52100
2014-10-17,37.5905,38.084,37.2813,37.8537,39700
2014-10-20,37.8603,38.0314,37.8603,37.9787,14800
2014-10-21,38.7025,39.2881,38.3933,39.0973,56800
2014-10-22,39.2026,39.321,38.7486,38.9065,47800
2014-10-23,38.9525,39.3079,38.6894,38.8538,29300
2014-10-24,38.9328,39.6566,38.9328,39.5645,39900
2014-10-27,39.5579,40.1369,39.3868,40.1106,44500
2014-10-28,40.1238,40.4725,39.7553,40.4659,61400
2014-10-29,40.4659,40.7949,40.3014,40.6962,34500
2014-10-30,40.558,40.6896,40.183,40.2817,31800
2014-10-31,40.4988,40.4988,39.9856,40.4396,26900
2014-11-03,40.4593,42.2096,40.4593,41.1897,142800
2014-11-04,41.2489,41.7555,41.1239,41.5779,128200
2014-11-05,41.5713,41.8543,41.0186,41.42,166900
2014-11-06,41.3608,42.1043,41.341,41.7819,74500
2014-11-07,41.5911,41.7292,40.9923,41.4331,79900
2014-11-10,41.42,42.3412,41.2884,41.8674,101600
2014-11-11,41.9595,42.3609,41.7292,42.3214,55300
2014-11-12,42.2089,42.2222,41.726,42.0171,119400
2014-11-13,42.1692,42.1759,41.7855,42.0105,53100
2014-11-14,41.8649,42.3148,41.6731,42.1163,58400
2014-11-17,42.0105,43.3138,42.0105,42.9367,64200
2014-11-18,42.9102,43.2476,42.8573,42.9565,62700
2014-11-19,42.8375,43.069,42.7316,43.0029,49200
2014-11-20,42.8242,43.069,42.7448,42.8904,50400
2014-11-21,42.9499,42.9698,42.553,42.8044,37000
2014-11-24,42.9367,43.6247,42.6125,42.6853,45900
2014-11-25,42.7978,43.0293,42.4074,43.0029,91900
2014-11-26,43.0028,43.069,42.7713,42.983,60100
2014-11-27,42.7713,43.1881,42.7713,42.9565,18500
2014-11-28,43.0028,43.155,42.8573,42.9896,73300
2014-12-01,43.0028,43.3667,42.7911,42.9962,134100
2014-12-02,42.9962,43.0028,41.8848,42.3942,680400
2014-12-03,42.3545,43.069,42.2883,42.9962,241000
2014-12-04,42.9698,43.1352,42.1825,42.2817,45900
2014-12-05,42.7184,44.1011,42.6522,44.068,86800
2014-12-08,44.068,45.5036,43.724,43.9158,246600
2014-12-09,43.6644,44.498,43.4395,44.4517,97600
2014-12-10,44.4517,44.4517,43.1947,43.585,99000
2014-12-11,43.7703,45.9204,43.6446,45.8146,139200
2014-12-12,45.5764,45.5764,43.8034,44.6899,102900
2014-12-15,44.981,46.2711,44.9677,45.7815,93800
2014-12-16,45.6492,46.9591,44.9876,46.1321,101000
2014-12-17,46.4497,47.8919,46.0329,46.9723,142500
2014-12-18,48.0573,48.0573,46.3505,46.7606,65600
2014-12-19,46.9657,46.9657,45.927,45.9535,109900
2014-12-22,45.722,46.3835,45.1662,46.0064,56400
2014-12-23,46.013,47.0385,46.013,46.9723,37800
2014-12-24,46.9723,47.409,46.6151,47.409,35300
2014-12-29,47.495,47.495,46.9194,47.1708,43100
2014-12-30,47.2303,47.4288,46.9988,47.2039,25000
2014-12-31,47.2105,47.4553,46.8466,47.3957,31600
2015-01-02,47.3296,47.4884,46.8069,46.9591,23400
2015-01-05,46.7011,46.9922,46.0461,46.5688,74000
2015-01-06,46.5688,48.2227,46.5423,48.1433,127300
2015-01-07,48.0706,48.666,47.8522,47.9382,68200
2015-01-08,48.0904,48.6131,47.2899,47.7662,53300
2015-01-09,47.8919,48.3749,47.6472,47.9846,37700
2015-01-12,47.9052,48.6395,47.4818,48.3683,71500
2015-01-13,48.4609,50.0288,48.236,49.4533,98400
2015-01-14,48.0772,48.8976,48.0243,48.5866,84700
2015-01-15,48.5138,49.3739,48.2029,48.8181,179300
2015-01-16,48.6858,48.8049,47.4156,47.8258,71500
2015-01-19,47.839,47.839,46.1123,47.581,60100
2015-01-20,47.7398,50.3332,47.7398,49.8105,207700
2015-01-21,49.665,49.665,49.01,49.3871,59800
2015-01-22,49.612,50.0487,48.752,49.7047,77200
2015-01-23,49.831,50.0769,48.8938,49.5518,113800
2015-01-26,49.6183,49.8509,48.5548,49.3191,74600
2015-01-27,49.266,50.469,48.9403,50.2298,82400
2015-01-28,50.4823,51.1935,48.6877,48.8539,146100
2015-01-29,49.3524,49.5186,47.9832,48.0164,167100
2015-01-30,47.8635,48.9137,47.0526,48.5216,373300
2015-02-02,48.4817,49.4255,48.3022,48.8871,142600
2015-02-03,49.0998,49.2062,46.9662,47.1523,304500
2015-02-04,47.5777,48.5349,46.9928,48.5216,169200
2015-02-05,48.5216,48.5216,47.2387,47.7306,125700
2015-02-06,47.6442,48.5282,47.5578,48.2956,142600
2015-02-09,47.6442,49.0865,47.6442,48.9935,66500
2015-02-10,49.0466,49.7844,48.5947,49.7578,99100
2015-02-11,49.6183,49.8177,49.153,49.585,76900
2015-02-12,49.7445,50.0171,49.0466,49.9174,90300
2015-02-13,49.8575,50.3494,49.2261,50.0569,64700
2015-02-17,50.0569,51.1005,49.9307,50.5355,98900
2015-02-18,50.5488,50.5488,50.0503,50.2098,68700
2015-02-19,50.0171,50.8213,49.9174,50.489,82600
2015-02-20,50.5687,51.034,50.3693,50.8413,33000
2015-02-23,50.8346,50.9343,50.0702,50.8147,34700
2015-02-24,50.5156,50.8479,50.2564,50.715,38700
2015-02-25,50.509,50.6087,49.9307,50.0503,43400
2015-02-26,50.0437,50.1434,49.4853,49.7645,78800
2015-02-27,49.8642,49.9971,49.4853,49.4986,46100
2015-03-02,49.4189,49.6249,48.8339,49.2859,72700
2015-03-03,49.1862,49.2793,48.6279,49.0599,60200
2015-03-04,49.0201,49.0201,48.5681,48.7143,65500
2015-03-05,48.6545,48.701,47.9499,48.156,69000
2015-03-06,48.023,48.269,47.7306,47.8236,47300
2015-03-09,47.7306,48.382,47.5976,48.2956,48900
2015-03-10,48.2424,48.362,47.8569,48.2424,62400
2015-03-11,48.1892,48.6678,48.1892,48.4418,49200
2015-03-12,48.834,49.5518,48.6345,49.4455,38900
2015-03-13,49.3989,49.3989,48.0962,48.269,44000
2015-03-16,48.362,49.1796,48.0828,48.7941,28400
2015-03-17,48.2756,48.9935,48.2424,48.6146,25500
2015-03-18,48.4617,48.5083,48.1493,48.2557,51000
2015-03-19,48.0297,48.3155,46.9463,46.9928,57300
2015-03-20,46.5408,46.8266,44.7329,44.9921,127200
2015-03-23,44.7129,45.1982,44.4936,44.8525,74700
2015-03-24,44.7262,46.594,44.7262,46.4677,131100
2015-03-25,46.5076,47.2254,46.1021,46.3813,94200
2015-03-26,46.2882,46.3348,45.7033,46.2949,45300
2015-03-27,46.6073,47.7239,46.6073,47.1789,59400
2015-03-30,47.0925,47.5976,46.7934,47.026,62900
2015-03-31,46.2816,46.4345,44.6265,45.1383,85200
2015-04-01,45.1982,46.029,45.1982,45.916,59200
2015-04-02,46.0755,47.2254,46.0755,46.7668,55000
2015-04-06,46.6937,47.0061,46.2085,46.4943,66800
2015-04-07,46.9064,47.1589,46.5342,46.6073,76400
2015-04-08,46.6073,47.797,46.6073,47.1988,57800
2015-04-09,47.1988,47.8103,46.8599,47.1257,67700
2015-04-10,47.2387,47.7505,46.9529,47.0592,34700
2015-04-13,47.5112,47.5112,46.3215,46.4344,76300
2015-04-14,46.5076,46.5076,45.9359,46.255,65900
2015-04-15,46.2882,46.2882,44.7794,45.1317,69300
2015-04-16,45.0719,46.029,45.0719,45.8961,84000
2015-04-17,45.9825,45.9825,45.4308,45.6634,27700
2015-04-20,45.7569,46.0041,45.1089,45.2559,31200
2015-04-21,45.1891,45.2693,44.3674,44.7415,30700
2015-04-22,44.6613,45.2091,44.2872,44.521,47600
2015-04-23,44.4475,45.1156,44.1335,45.0287,66300
2015-04-24,45.129,45.6701,44.982,45.61,72600
2015-04-27,45.6968,46.238,45.3026,46.0576,159700
2015-04-28,45.9707,46.258,45.4697,46.2179,87900
2015-04-29,46.1044,46.1645,45.7302,46.0309,99900
2015-04-30,46.0576,46.238,45.8237,46.1712,103100
2015-05-01,46.3582,46.3582,45.8639,46.0042,70000
2015-05-04,46.0709,46.3649,45.8304,46.0576,28100
2015-05-05,46.1578,46.3315,44.982,45.1356,40800
2015-05-06,45.2158,45.2759,44.4074,45.1958,49100
2015-05-07,45.129,45.7904,45.129,45.5565,35400
2015-05-08,45.6567,45.9507,45.3895,45.6701,56900
2015-05-11,45.7904,45.924,45.169,45.2091,31900
2015-05-12,45.0087,45.3361,44.0066,44.1135,74400
2015-05-13,44.2204,44.2204,41.8553,42.5234,96700
2015-05-14,42.617,43.4387,42.5902,43.1982,46500
2015-05-15,43.265,44.04,43.265,43.6458,32100
2015-05-19,43.7527,43.7594,43.0245,43.4187,42000
2015-05-20,43.3586,43.7728,43.098,43.7394,65700
2015-05-21,43.7393,43.7393,43.1247,43.4187,33500
2015-05-22,43.4521,44.0934,43.285,43.873,32400
2015-05-25,43.9331,44.7816,43.9264,44.3005,17100
2015-05-26,44.2738,44.3673,43.6057,43.8329,130000
2015-05-27,43.8329,44.8216,43.7661,44.4542,68200
2015-05-28,44.7081,45.1356,44.4208,44.8818,32600
2015-05-29,44.9085,44.9085,43.5857,43.9865,42900
2015-06-01,44.5544,45.7569,43.8462,45.2292,52000
2015-06-02,45.2225,45.2225,44.3273,44.4275,29000
2015-06-03,44.6747,44.6747,43.7594,44.2538,95300
2015-06-04,43.8997,44.6613,43.7594,44.0466,43300
2015-06-05,44.2404,44.5344,43.7594,44.1202,34200
2015-06-08,44.7482,45.7035,44.3406,44.5544,48800
2015-06-09,44.2738,45.3427,44.0467,45.0221,55600
2015-06-10,45.3093,45.3294,44.04,44.3673,55800
2015-06-11,44.541,44.8751,43.6725,44.3941,74100
2015-06-12,44.5076,45.0154,44.4141,44.6747,51900
2015-06-15,44.1469,45.63,44.1469,45.3761,64200
2015-06-16,45.4296,45.9106,44.9152,45.316,98900
2015-06-17,45.296,45.5632,44.9954,45.3227,103700
2015-06-18,45.2425,45.7436,45.0688,45.2826,83200
2015-06-19,45.2158,45.9039,45.0956,45.3227,125600
2015-06-22,45.7035,45.8304,45.2626,45.4096,81100
2015-06-23,45.6901,48.0351,45.6901,47.6075,205600
2015-06-24,47.6075,48.4493,47.3938,48.2021,98400
2015-06-25,48.1554,48.6965,47.8681,48.4159,66800
2015-06-26,48.4627,49.2844,48.289,49.1642,102600
2015-06-29,48.8368,48.9638,48.0685,48.3758,92600
2015-06-30,48.5629,48.6297,48.0151,48.2623,63100
2015-07-02,48.309,48.456,47.6543,47.7679,61200
2015-07-03,47.8013,47.8681,47.4405,47.8013,32200
2015-07-06,47.5942,48.1019,47.4606,48.0952,42700
2015-07-07,48.0819,48.77,47.9483,48.77,78300
2015-07-08,48.603,48.7299,46.9461,47.2134,57200
2015-07-09,47.7612,48.7032,46.8326,47.6142,53100
2015-07-10,47.7879,47.9616,47.3136,47.8213,40900
2015-07-13,47.8681,49.2711,47.7412,49.104,67800
2015-07-14,49.1041,49.1041,47.9817,48.4761,48800
2015-07-15,47.2067,48.0151,46.3048,46.4985,116300
2015-07-16,46.8058,48.2623,46.8058,47.7679,126600
2015-07-17,47.7612,47.7679,47.2201,47.6543,81300
2015-07-20,47.661,48.2289,47.6076,48.1153,56300
2015-07-21,48.0952,48.0952,47.3604,47.4606,47000
2015-07-22,47.4338,47.7144,47.0464,47.5207,40700
2015-07-23,47.4338,47.5541,46.8727,47.4806,37400
2015-07-24,47.4067,47.9573,47.4067,47.6082,48100
2015-07-27,47.5007,48.5682,47.3598,48.0311,67000
2015-07-28,47.682,47.8163,47.3396,47.5007,46600
2015-07-29,47.5075,48.6354,47.3732,48.2594,74000
2015-07-30,48.2728,48.9778,47.9506,48.8167,128500
2015-07-31,48.8167,49.4478,48.6757,49.1389,54400
2015-08-04,49.0047,49.3941,47.7559,48.0513,111900
2015-08-05,48.2393,48.5011,47.8633,48.1184,84500
2015-08-06,48.2326,48.6623,47.3396,47.8902,94600
2015-08-07,47.7827,48.1923,46.2117,46.6817,124800
2015-08-10,46.7421,47.5545,46.6884,47.1852,96300
2015-08-11,46.8831,47.1248,46.158,46.6481,58000
2015-08-12,46.0237,46.0237,44.4526,45.4597,101000
2015-08-13,45.5739,46.1177,45.0099,45.6007,43000
2015-08-14,45.6477,46.8361,45.4262,46.4668,55200
2015-08-17,46.4735,46.4869,45.8827,46.2385,23000
2015-08-18,46.2385,46.6011,46.0841,46.4601,26200
2015-08-19,46.44,46.44,45.1845,45.594,80100
2015-08-20,45.3053,45.3657,44.5064,45.312,44700
2015-08-21,45.0569,45.7283,44.1035,44.3989,79600
2015-08-24,42.9622,44.9562,42.9622,43.365,80600
2015-08-25,44.0431,44.8421,43.4254,43.5866,44100
2015-08-26,44.1505,44.1505,43.4657,43.8484,58400
2015-08-27,44.1774,44.8488,43.976,44.5936,57300
2015-08-28,44.4124,44.8286,43.8551,44.7615,34000
2015-08-31,44.2982,45.2718,44.2647,44.5869,33900
2015-09-01,43.976,44.3116,43.0897,43.4523,64800
2015-09-02,43.8551,44.2042,43.3314,43.788,37600
2015-09-03,44.0297,44.2848,43.7275,44.1572,36600
2015-09-04,43.8148,44.5802,43.8148,44.4258,40800
2015-09-08,44.6541,45.1509,44.6272,44.7481,27600
2015-09-09,44.6608,45.1442,44.6608,44.8286,38300
2015-09-10,44.842,44.9965,44.2915,44.3855,18500
2015-09-11,44.6339,44.7212,43.9357,44.0297,53300
2015-09-14,43.8484,44.5735,43.8484,44.0767,54300
2015-09-15,44.0834,44.4795,43.6671,43.835,21600
2015-09-16,43.882,44.0095,43.7343,43.8148,72400
2015-09-17,43.8215,44.3117,43.7947,44.1774,75500
2015-09-18,43.6738,44.4594,43.6,43.6335,75000
2015-09-21,44.2982,44.4258,43.694,44.2579,53300
2015-09-22,44.1304,44.1774,43.5463,43.9558,54300
2015-09-23,43.8484,44.0565,43.8014,43.8887,33900
2015-09-24,43.553,43.6671,42.9219,43.271,49000
2015-09-25,43.4254,43.7074,42.9152,43.2509,32200
2015-09-28,43.3986,43.3986,41.9685,42.1968,74200
2015-09-29,42.0894,42.3311,41.465,42.1901,58400
2015-09-30,42.566,43.4187,42.5392,43.3046,63200
2015-10-01,43.3046,43.3046,42.2908,42.3445,25400
2015-10-02,42.0222,42.5056,41.7872,42.3176,37300
2015-10-05,42.378,43.1837,42.3713,42.7943,41700
2015-10-06,42.707,42.8816,42.4452,42.5593,57100
2015-10-07,42.6332,42.895,42.1498,42.1834,58700
2015-10-08,42.1296,42.1766,41.371,41.8611,92300
2015-10-09,41.9886,43.7678,41.8141,43.3314,87000
2015-10-13,43.2911,44.2781,43.1703,43.9491,53000
2015-10-14,43.976,44.3184,43.7678,43.9491,46400
2015-10-15,43.7141,43.8215,43.6,43.7745,60800
2015-10-16,43.7745,44.0431,43.5328,43.5463,52800
2015-10-19,43.3583,43.7745,43.224,43.4523,34100
2015-10-20,43.4993,44.1304,43.3717,43.9021,55400
2015-10-21,43.882,44.9226,43.882,44.6004,60600
2015-10-22,44.6004,45.1039,44.2378,44.8421,46500
2015-10-23,45.1173,45.3255,44.8488,45.1173,38100
2015-10-26,45.1509,45.7551,45.0166,45.3187,55100
2015-10-27,45.2919,45.6276,45.124,45.4127,55400
2015-10-28,45.4194,45.8223,44.8823,45.5269,50000
2015-10-29,45.5269,46.5944,44.983,46.3594,63600
2015-10-30,46.3594,46.4802,45.1576,45.3389,75000
2015-11-02,45.3456,46.2923,45.3456,45.8827,95000
2015-11-03,45.8827,46.3191,45.7081,45.9633,72000
2015-11-04,45.9834,46.7287,45.9633,46.5205,91700
2015-11-05,46.9435,46.9435,46.0438,46.6749,92900
2015-11-06,46.7222,47.0463,46.4184,46.6479,64900
2015-11-09,46.5196,46.6479,45.8107,45.9525,46900
2015-11-10,45.5271,46.1213,45.5271,46.0403,52800
2015-11-11,46.1753,47.1543,46.02,46.7627,69100
2015-11-12,46.5939,46.5939,45.1085,45.1625,78100
2015-11-13,45.1085,45.6757,44.7642,45.1693,63700
2015-11-16,45.068,45.8175,44.8992,45.7567,65200
2015-11-17,45.75,46.1078,45.4461,45.6014,72600
2015-11-18,45.6217,45.9525,44.9735,45.2098,62800
2015-11-19,45.1355,45.4664,44.7845,45.1828,60400
2015-11-20,45.1963,45.3988,44.7034,44.987,48500
2015-11-23,45.041,45.7027,44.2578,44.5211,53600
2015-11-24,44.3388,44.6224,43.8865,44.3523,48300
2015-11-25,44.3051,44.4063,43.7312,43.981,37500
2015-11-26,43.7649,44.6156,43.7649,44.3996,15600
2015-11-27,44.3928,44.7102,43.9607,44.3928,16700
2015-11-30,44.4063,44.5819,43.7649,43.8189,66700
2015-12-01,44.008,44.8317,43.9675,44.4198,62300
2015-12-02,44.4604,44.8182,44.2443,44.4131,41300
2015-12-03,44.5616,44.5616,43.6501,43.7244,37900
2015-12-04,43.6366,43.8054,43.1775,43.4611,37100
2015-12-07,43.3396,43.5084,43.0222,43.3801,27900
2015-12-08,43.164,43.3396,42.5901,42.8737,52000
2015-12-09,42.8129,43.4003,42.5901,42.8399,75000
2015-12-10,42.6509,42.7386,42.0095,42.104,52400
2015-12-11,41.9082,42.3471,41.6381,42.0635,55600
2015-12-14,42.1108,42.4348,41.4761,42.0432,52100
2015-12-15,42.2728,42.6441,41.996,42.3808,85000
2015-12-16,42.5361,43.6029,42.4416,43.4881,93700
2015-12-17,43.5421,43.5421,41.8677,42.6239,96200
2015-12-18,42.6441,42.9412,42.1242,42.3336,105600
2015-12-21,42.4483,43.1033,41.8812,42.1918,106100
2015-12-22,42.1918,42.5024,41.7259,42.131,47100
2015-12-23,42.0027,42.239,41.7192,42.0973,30800
2015-12-24,41.9555,42.2998,41.7326,41.9757,28300
2015-12-29,42.0905,43.0222,42.0905,42.7184,42900
2015-12-30,42.6981,42.7049,42.2053,42.4146,23000
2015-12-31,42.239,42.266,41.3208,41.7056,42200
2016-01-04,41.4963,41.9487,40.8414,41.6854,37300
2016-01-05,41.5909,41.7664,41.125,41.6381,40400
2016-01-06,41.5841,41.8947,41.3411,41.6584,60400
2016-01-07,41.3883,41.4221,40.7536,40.8482,123800
2016-01-08,41.017,41.5571,40.9697,41.1587,92500
2016-01-11,41.3208,41.4491,40.8279,41.0777,69200
2016-01-12,40.9089,42.0905,40.9089,41.8879,99300
2016-01-13,42.0567,43.4949,41.5098,41.6314,108800
2016-01-14,41.8002,42.9817,41.287,42.6644,102300
2016-01-15,42.1243,42.1243,40.6591,41.0575,83100
2016-01-18,40.5241,40.8077,39.3763,39.8759,40400
2016-01-19,40.4971,42.8062,40.4971,42.7184,103300
2016-01-20,42.2796,42.2796,41.0912,41.9015,161300
2016-01-21,41.3816,42.5699,41.3816,42.2863,83100
2016-01-22,42.7823,43.1559,42.3474,42.4154,73600
2016-01-25,42.4222,42.9385,41.6884,41.8379,102500
2016-01-26,41.9126,42.7823,41.9058,42.4833,107400
2016-01-27,42.4901,42.7211,41.8787,42.6396,63500
2016-01-28,42.6939,44.0392,42.6939,43.4549,67100
2016-01-29,43.6723,44.0256,42.9725,42.9725,143600
2016-02-01,42.7551,42.7823,41.8243,42.3406,80200
2016-02-02,42.0485,43.1423,41.8719,42.8706,88900
2016-02-03,43.2239,43.2239,41.8379,42.5784,78300
2016-02-04,42.7075,42.7891,42.13,42.4561,59600
2016-02-05,42.2252,43.1288,42.1844,42.8094,82100
2016-02-08,42.4561,42.4561,41.8515,42.0961,65600
2016-02-09,41.9874,42.4493,41.8854,42.1232,63800
2016-02-10,42.1232,42.6056,41.9534,42.0825,92500
2016-02-11,41.8379,42.0485,40.9343,41.6069,55600
2016-02-12,41.7835,42.2455,41.668,42.0349,49700
2016-02-16,42.3067,42.7755,41.7699,42.4697,55400
2016-02-17,42.7211,43.0608,42.3067,43.0201,91900
2016-02-18,43.02,43.8693,42.8026,43.6247,140100
2016-02-19,43.4413,43.7334,42.8162,43.6111,104700
2016-02-22,43.8625,44.3993,43.6791,44.0528,99400
2016-02-23,44.0392,44.4536,43.2443,43.5636,132300
2016-02-24,43.2578,43.4141,42.4765,42.6939,126700
2016-02-25,42.7959,42.891,42.4697,42.857,78300
2016-02-26,43.0201,43.2375,42.8027,43.0812,43000
2016-02-29,43.0065,43.4141,42.9385,43.0948,98100
2016-03-01,43.2986,43.7334,43.2375,43.6587,69500
2016-03-02,43.5228,43.7063,42.9793,43.3258,49600
2016-03-03,43.3462,44.3109,43.3462,44.0935,83400
2016-03-04,44.1682,44.474,44.046,44.1343,73500
2016-03-07,44.4196,45.1806,44.2226,44.9768,62900
2016-03-08,44.9224,44.9564,44.3585,44.7254,37400
2016-03-09,44.8409,45.4999,44.739,45.3504,88300
2016-03-10,45.3776,45.6697,45.1738,45.5882,78500
2016-03-11,45.8056,46.6889,45.5339,46.0298,92000
2016-03-14,46.0434,47.2935,45.8939,46.3356,69500
2016-03-15,46.6345,47.1576,45.8939,47.0557,93300
2016-03-16,47.0829,47.5449,46.8791,47.2188,76900
2016-03-17,47.2188,48.598,47.1169,48.3602,123400
2016-03-18,48.3874,48.5504,48.0748,48.4213,148200
2016-03-21,48.2923,48.6931,47.8438,48.0205,84200
2016-03-22,47.8235,47.8982,47.4566,47.8031,68300
2016-03-23,47.3683,47.3683,46.288,46.8791,87000
2016-03-24,46.5394,46.5394,46.1997,46.4103,51400
2016-03-28,46.5258,46.6481,46.057,46.485,84600
2016-03-29,46.2948,47.3479,46.2948,47.1237,45900
2016-03-30,47.2528,47.4702,46.8995,47.1916,71000
2016-03-31,47.0965,47.2528,47.0489,47.0557,84900
2016-04-01,46.8383,47.3954,45.8192,46.9131,87500
2016-04-04,47.0014,47.3819,46.8859,47.1509,182800
2016-04-05,46.8927,47.1509,46.6413,46.7772,81000
2016-04-06,46.7772,46.9878,44.9428,45.2621,174500
2016-04-07,45.2825,46.4035,44.8409,46.3627,130800
2016-04-08,46.553,46.6073,46.0842,46.3763,121000
2016-04-11,46.4035,46.4035,45.6629,45.826,77800
2016-04-12,45.7309,45.86,44.8748,45.1194,83600
2016-04-13,45.3912,45.6562,45.1194,45.4863,93200
2016-04-14,45.6426,45.6426,43.8761,44.1071,95400
2016-04-15,43.9916,44.1818,43.2442,44.1818,82400
2016-04-18,44.0459,44.9088,43.9712,44.5691,80200
2016-04-19,44.671,44.671,43.7266,43.8693,107500
2016-04-20,43.8218,44.1207,43.6859,43.7267,117800
2016-04-21,43.7606,43.8693,43.5975,43.7063,84200
2016-04-22,43.6859,43.7198,43.2103,43.3801,151800
2016-04-25,43.428,43.7971,43.2229,43.6536,71000
2016-04-26,43.6331,43.8518,43.3186,43.6877,143600
2016-04-27,43.6672,43.8313,43.0657,43.6194,90400
2016-04-28,43.4485,43.4485,42.5325,42.6624,135700
2016-04-29,42.4505,42.8606,42.1634,42.7376,167500
2016-05-02,42.7376,44.6653,42.7376,44.3303,109100
2016-05-03,44.0979,44.4329,43.7356,44.4329,139600
2016-05-04,44.4671,44.9661,44.0227,44.7131,93300
2016-05-05,44.7883,45.0481,44.3372,44.5422,116000
2016-05-06,44.4329,44.8157,44.3508,44.6311,44000
2016-05-09,44.6311,44.9456,44.6311,44.7131,33100
2016-05-10,44.8088,45.1096,44.4329,44.7952,41300
2016-05-11,44.7405,45.2258,44.5764,45.0139,52600
2016-05-12,45.1711,45.9436,44.7883,45.6906,163100
2016-05-13,45.7795,45.8,45.1848,45.1916,57300
2016-05-16,45.1301,45.8752,45.1233,45.8,49100
2016-05-17,45.677,46.0393,45.0686,45.3147,41400
2016-05-18,45.1575,45.1575,44.6243,44.925,89000
2016-05-19,44.8088,45.3762,44.8088,45.1575,65900
2016-05-20,45.1711,45.6565,44.9729,44.9797,77600
2016-05-24,45.1574,46.1692,44.9729,45.7727,229100
2016-05-25,45.9367,45.9367,45.2805,45.6565,50000
2016-05-26,45.7522,46.0188,45.4309,45.7385,41800
2016-05-27,45.6906,46.675,45.5949,46.5725,89000
2016-05-30,46.634,46.969,46.4016,46.4016,17400
2016-05-31,46.6545,46.9826,46.2717,46.9143,55000
2016-06-01,46.757,47.1535,46.4221,46.6477,112600
2016-06-02,46.5451,46.6203,46.217,46.4563,52000
2016-06-03,46.4426,46.716,46.0529,46.4084,39400
2016-06-06,46.4768,46.7639,46.0119,46.6613,81000
2016-06-07,46.3537,47.2082,46.3469,46.7639,134600
2016-06-08,46.4631,46.9894,46.2238,46.299,110500
2016-06-09,46.3059,46.7844,46.1213,46.5725,243800
2016-06-10,46.3332,46.8186,46.0119,46.1965,64700
2016-06-13,46.053,46.4699,46.053,46.3401,79100
2016-06-14,46.2102,46.5725,45.8274,46.2238,132000
2016-06-15,46.2238,46.552,45.8684,45.9299,97300
2016-06-16,45.9299,46.4289,45.7932,46.3537,67700
2016-06-17,46.34,46.6613,45.8615,46.1418,262000
2016-06-20,46.3742,46.4905,45.9846,46.4016,69800
2016-06-21,46.4631,46.7775,46.0803,46.3195,67400
2016-06-22,46.2785,46.4357,45.636,45.7317,98100
2016-06-23,46.0871,46.5656,45.9026,46.3469,57500
2016-06-24,45.4992,46.3195,45.2873,45.3694,49900
2016-06-27,45.2395,45.6975,45.0139,45.4787,52400
2016-06-28,45.6154,45.9162,45.1916,45.7317,83400
2016-06-29,45.8274,46.5246,45.8274,46.4973,50400
2016-06-30,46.593,46.6066,46.0461,46.3469,75900
2016-07-04,46.3469,46.8117,46.3469,46.7502,21300
2016-07-05,46.7228,47.3381,46.6887,46.9211,80600
2016-07-06,46.6887,47.6047,46.4289,47.133,137000
2016-07-07,46.0803,46.1076,43.1956,43.469,230200
2016-07-08,43.1409,43.6399,41.4319,42.2932,275900
2016-07-11,42.3069,42.4095,41.6985,41.7532,201500
2016-07-12,41.931,41.931,41.097,41.7464,487600
2016-07-13,41.8899,42.3616,41.5686,41.6985,198200
2016-07-14,41.719,42.2522,41.6028,42.218,500300
2016-07-15,42.3411,42.4846,42.1975,42.2112,162700
2016-07-18,42.3144,42.7203,42.2112,42.6308,115700
2016-07-19,42.6928,42.9817,42.6515,42.8235,70900
2016-07-20,42.9267,43.5664,42.9267,43.5045,116700
2016-07-21,43.5045,43.8003,43.3738,43.6008,91200
2016-07-22,43.7247,44.1993,43.6352,44.0067,108500
2016-07-25,44.0273,44.5846,44.0273,44.2612,65700
2016-07-26,44.3644,44.3644,43.9861,44.1168,64300
2016-07-27,44.0824,44.7153,44.0617,44.1924,178500
2016-07-28,44.2956,44.2956,43.931,44.158,40900
2016-07-29,44.0136,44.2956,44.0136,44.2062,49500
2016-08-02,44.0617,44.4194,43.3256,43.422,102000
2016-08-03,43.422,43.6077,43.0023,43.6008,95200
2016-08-04,43.4632,43.8691,43.133,43.8622,101900
2016-08-05,43.8622,44.4951,43.7522,44.2475,76500
2016-08-08,44.1993,44.3644,43.2775,44.0686,81900
2016-08-09,44.0617,45.0524,44.0617,44.7222,43900
2016-08-10,44.7153,44.8666,44.2544,44.6671,90400
2016-08-11,44.6671,44.9904,43.7384,44.0273,87500
2016-08-12,43.8072,43.9654,43.3876,43.5183,95200
2016-08-15,43.3394,43.5733,43.023,43.36,79400
2016-08-16,43.2913,43.2913,42.6928,42.8166,43400
2016-08-17,42.8166,43.3325,42.8166,42.9955,52200
2016-08-18,42.9267,43.2225,42.8235,42.9611,73400
2016-08-19,42.9886,43.3119,42.7822,43.1262,50600
2016-08-22,43.1537,43.2981,43.0505,43.2844,28700
2016-08-23,43.3394,43.7315,43.2637,43.6215,37200
2016-08-24,43.7728,43.7728,43.5802,43.6559,38300
2016-08-25,43.6146,43.6834,43.2706,43.3532,25800
2016-08-26,43.3325,43.4082,42.7891,42.8235,38200
2016-08-29,42.6859,43.1605,42.5552,43.0023,61400
2016-08-30,43.0298,43.4013,42.9129,43.3394,73700
2016-08-31,43.4151,43.7453,43.2706,43.649,82100
2016-09-01,43.649,44.4263,43.5458,44.158,42000
2016-09-02,44.5777,44.5983,44.2543,44.447,51800
2016-09-06,44.3988,44.5502,44.3438,44.4951,51200
2016-09-07,44.4057,44.5777,43.6008,43.7178,60900
2016-09-08,43.5939,43.9448,43.1262,43.8347,51800
2016-09-09,43.6421,43.9448,43.2293,43.3876,57900
2016-09-12,43.3807,43.5183,43.0298,43.4701,31500
2016-09-13,43.3394,43.4701,43.078,43.1193,36100
2016-09-14,43.0092,43.594,43.0092,43.4426,34900
2016-09-15,43.3325,43.4908,43.1881,43.2844,26400
2016-09-16,43.0918,43.3876,42.8235,43.3463,57600
2016-09-19,43.5389,43.8278,43.3119,43.7522,60200
2016-09-20,43.8829,44.5089,43.6971,44.3988,66600
2016-09-21,44.2131,44.5364,44.1993,44.3988,158100
2016-09-22,44.4401,45.2725,44.4401,44.9216,56200
2016-09-23,44.9148,44.956,44.2887,44.3231,75600
2016-09-26,44.5226,44.5226,43.6696,43.9448,57700
2016-09-27,43.8554,44.2337,43.5871,44.0893,83400
2016-09-28,44.0342,44.8873,43.8485,44.8322,59400
2016-09-29,44.8185,44.9904,44.5639,44.6396,32800
2016-09-30,44.4814,44.9285,44.4814,44.5502,64900
2016-10-03,44.5502,44.8116,44.3988,44.6121,57600
2016-10-04,44.5914,44.7909,44.3438,44.5089,196500
2016-10-05,44.5089,44.7153,43.876,44.0617,50800
2016-10-06,44.0617,44.2337,43.9173,44.048,28300
2016-10-07,43.9792,43.9792,42.8235,43.4288,82800
2016-10-11,43.4013,43.6215,43.1262,43.3463,51500
2016-10-12,43.4632,43.4632,43.1262,43.36,128200
2016-10-13,43.2362,43.2362,42.5827,42.9198,85600
2016-10-14,43.0505,43.0505,42.7547,42.8785,63200
2016-10-17,43.1606,43.1743,42.6515,42.9748,55300
2016-10-18,43.305,43.4633,43.0161,43.4082,110800
2016-10-19,43.5802,43.6765,43.0642,43.195,68400
2016-10-20,43.133,43.1949,42.9748,43.078,46300
2016-10-21,42.9611,43.0574,42.7684,42.906,38500
2016-10-24,43.0574,43.0574,42.6584,42.7891,30300
2016-10-25,42.8854,43.1674,42.8166,43.1674,48100
2016-10-26,43.1468,43.3669,43.0505,43.1193,43800
2016-10-27,43.0986,43.3601,42.9129,43.2156,61100
2016-10-28,43.2913,43.5252,43.0918,43.0918,42300
2016-10-31,43.0849,43.2912,42.8922,43.0367,115300
2016-11-01,43.0367,43.1468,42.5345,42.7409,50500
2016-11-02,42.624,42.734,42.1699,42.5689,59400
2016-11-03,42.624,43.5045,42.2112,42.6033,128300
2016-11-04,42.7134,43.1399,42.5552,42.8097,137300
2016-11-07,42.961,43.0092,42.4795,42.6446,74200
2016-11-08,42.7272,42.9473,42.6377,42.8028,131500
2016-11-09,42.6309,43.133,42.5621,42.8785,111900
2016-11-10,42.8372,43.133,42.1699,42.3282,90400
2016-11-11,42.507,42.5827,41.936,42.5758,57800
2016-11-14,42.8044,42.8044,41.9939,42.4996,104400
2016-11-15,42.4303,43.8851,42.4303,43.5595,190300
2016-11-16,43.4764,43.6565,42.9984,43.2547,93200
2016-11-17,43.6218,44.0791,43.3655,43.9613,67300
2016-11-18,43.989,44.1899,43.5941,44.0652,40300
2016-11-21,44.183,44.5432,44.0306,44.4393,43800
2016-11-22,44.4739,44.751,44.183,44.3492,59500
2016-11-23,44.37,44.5432,44.1968,44.3146,38500
2016-11-24,44.3146,44.4046,44.1899,44.28,21900
2016-11-25,44.1553,44.7787,44.1553,44.4046,15500
2016-11-28,44.4046,44.4531,44.0929,44.3839,48800
2016-11-29,44.3839,44.9588,44.1968,44.8341,41600
2016-11-30,44.9381,44.9796,44.4531,44.7164,91000
2016-12-01,45.0073,45.0073,44.086,44.3007,59200
2016-12-02,44.3354,44.4808,44.1206,44.2384,56800
2016-12-05,44.3839,44.6333,44.1761,44.5293,26400
2016-12-06,44.7579,45.1597,44.176,44.5848,48600
2016-12-07,44.6125,45.0281,44.37,44.8272,45000
2016-12-08,45.0143,45.2775,44.9588,45.035,43200
2016-12-09,45.3537,45.4438,44.3492,44.9658,55900
2016-12-12,44.5224,45.1736,44.3631,45.0974,64400
2016-12-13,45.0974,45.2359,44.8826,45.0835,58600
2016-12-14,45.2013,45.3814,44.9311,45.2498,109600
2016-12-15,45.132,45.7416,44.9658,45.4161,116400
2016-12-16,45.4091,45.7901,45.1528,45.7278,80200
2016-12-19,45.5338,45.8178,44.3354,45.2844,58600
2016-12-20,45.1597,45.7486,45.1043,45.6724,83500
2016-12-21,45.52,45.9633,45.2567,45.2913,70200
2016-12-22,45.3675,45.8732,45.0766,45.7486,58100
2016-12-23,45.9287,46.1711,45.6169,45.8109,36100
2016-12-28,45.7624,46.1988,45.5754,45.9564,28900
2016-12-29,45.9148,46.0257,45.8733,45.9495,22600
2016-12-30,45.9494,46.1088,45.8525,45.8871,29300
2017-01-03,45.991,46.1088,45.7416,45.8248,67200
2017-01-04,45.7209,46.7877,45.7001,46.2751,91200
2017-01-05,46.275,46.6075,46.0395,46.372,150100
2017-01-06,46.4136,46.5799,45.9702,46.3997,80500
2017-01-09,46.2473,46.76,46.1434,46.372,72600
2017-01-10,46.2681,46.4898,46.0534,46.1434,53200
2017-01-11,45.9356,46.1642,45.8802,46.1642,43900
2017-01-12,46.0326,46.3928,45.8802,46.3443,35900
2017-01-13,46.4067,48.5749,46.4067,48.471,169400
2017-01-16,47.9515,49.0599,47.9515,48.9906,39100
2017-01-17,48.8313,49.0114,48.1939,48.2632,121300
2017-01-18,48.2632,48.7066,47.806,48.5888,113200
2017-01-19,48.5611,49.24,48.4987,48.8659,135900
2017-01-20,48.9421,49.5309,48.9421,49.2677,88300
2017-01-23,49.1422,49.8113,49.1422,49.4698,57900
2017-01-24,49.5604,50.0483,49.3095,49.874,97300
2017-01-25,49.874,50.1667,49.7277,50.118,67400
2017-01-26,50.0901,50.794,50.0622,50.5222,82400
2017-01-27,50.6546,50.6546,50.0344,50.334,53700
2017-01-30,50.1528,50.1528,49.4768,49.665,102900
2017-01-31,49.5465,49.9019,49.3443,49.4837,137600
2017-02-01,49.6231,50.5361,49.4559,50.341,139400
2017-02-02,50.2086,50.6616,49.9716,50.0901,77300
2017-02-03,50.0413,50.557,50.0413,50.2643,47100
2017-02-06,50.334,50.334,49.8949,50.1389,30500
2017-02-07,49.9158,50.1667,49.7277,49.9646,51700
2017-02-08,50.0134,50.3898,49.658,50.0622,62000
2017-02-09,50.1668,51.024,50.1668,50.9543,93600
2017-02-10,50.8776,51.0519,50.6337,50.6616,63100
2017-02-13,50.7034,51.3585,50.7034,51.1146,55900
2017-02-14,51.024,51.2261,50.5361,50.6476,50200
2017-02-15,50.6476,50.8776,50.2713,50.4664,76600
2017-02-16,50.3131,51.1564,50.3131,51.1076,44700
2017-02-17,51.1076,51.3585,51.0449,51.3237,39500
2017-02-21,51.2889,51.5398,51.1704,51.3864,77700
2017-02-22,51.261,51.3098,50.9473,51.017,57800
2017-02-23,50.9822,51.2679,50.6825,50.8219,28000
2017-02-24,50.6476,50.6476,50.1249,50.2225,31000
2017-02-27,50.2852,50.5361,49.881,50.2574,86700
2017-02-28,50.1807,50.5501,49.9856,50.0413,59600
2017-03-01,50.111,50.2713,49.8392,49.9437,64100
2017-03-02,49.7974,50.0134,49.5604,49.6301,42000
2017-03-03,49.4907,49.6092,49.205,49.3722,57300
2017-03-06,48.7798,49.644,48.7798,49.4837,52400
2017-03-07,49.3862,49.665,49.1004,49.3931,37000
2017-03-08,49.4837,49.5674,49.2537,49.4768,24900
2017-03-09,49.5604,49.5953,49.2398,49.4768,23800
2017-03-10,49.4907,49.9298,49.2398,49.8601,44500
2017-03-13,49.8601,50.3619,49.421,50.0761,51900
2017-03-14,50.0831,50.2643,49.8322,49.9786,61900
2017-03-15,49.9855,50.5222,49.6858,50.0761,32300
2017-03-16,50.3061,50.3758,49.7974,49.9368,38700
2017-03-17,49.9368,49.9368,49.3862,49.3862,60600
2017-03-20,49.3862,49.7555,49.0447,49.1422,18700
2017-03-21,49.2607,49.3025,48.6404,48.7171,44500
2017-03-22,48.6753,48.6753,47.8738,48.2432,49500
2017-03-23,47.9923,49.2816,47.9923,48.7868,12900
2017-03-24,49.1213,49.1701,48.8983,49.1422,25500
2017-03-27,48.5916,49.2607,48.5916,49.0934,30900
2017-03-28,48.6962,49.6998,48.6962,49.4837,52200
2017-03-29,49.8043,49.8043,49.0307,49.2398,43900
2017-03-30,49.3792,49.5813,48.9122,48.9122,19600
2017-03-31,48.6125,49.5186,48.5289,49.5186,81800
2017-04-03,49.4001,49.5674,49.0725,49.4768,42500
2017-04-04,49.1004,49.4489,49.0168,49.3792,46100
2017-04-05,49.2119,49.435,49.1283,49.1771,43200
2017-04-06,49.4907,49.7346,49.1283,49.3792,48200
2017-04-07,49.9786,51.9231,49.7765,51.6443,130500
2017-04-10,51.5746,52.397,51.3446,52.1252,70200
2017-04-11,51.6164,52.9337,51.5816,52.5503,96400
2017-04-12,52.6618,53.3727,52.4319,53.1776,118700
2017-04-13,53.317,53.4634,52.8361,52.9546,40000
2017-04-17,53.2682,53.2682,52.8709,52.9685,73700
2017-04-18,53.2068,53.312,52.4989,53.298,53700
2017-04-19,53.298,53.9007,53.2909,53.3821,39800
2017-04-20,53.3821,53.9568,53.3821,53.7185,35300
2017-04-21,53.5082,53.8797,53.4241,53.7465,49200
2017-04-24,54.1531,54.2161,53.6905,53.9147,49500
2017-04-25,53.7605,54.1601,53.5433,53.6905,22900
2017-04-26,53.7465,54.3213,53.7465,54.2512,50400
2017-04-27,54.3914,55.0502,54.3844,54.8119,44700
2017-04-28,54.6577,55.1624,54.6507,54.7488,43300
2017-05-01,55.2535,55.8633,55.0012,55.4287,33500
2017-05-02,55.4287,56.0736,55.4287,55.9684,28600
2017-05-03,55.9685,56.0736,55.625,55.9264,60900
2017-05-04,55.7932,55.9825,55.2815,55.4147,68900
2017-05-05,55.1484,55.9124,55.1484,55.5549,34100
2017-05-08,55.5409,56.6133,55.3446,55.7862,36400
2017-05-09,55.5759,55.9895,55.5128,55.8493,37900
2017-05-10,55.4568,55.9754,55.4568,55.7792,40800
2017-05-11,55.4217,55.7652,55.0152,55.3656,43800
2017-05-12,55.0292,55.625,55.0292,55.3656,24600
2017-05-15,55.1203,55.8913,55.0713,55.7231,35600
2017-05-16,55.6671,55.8843,55.4638,55.8843,37400
2017-05-17,55.8563,55.8563,54.2442,54.4544,98000
2017-05-18,54.1671,54.7278,53.8727,54.4544,38800
2017-05-19,54.7839,54.9661,54.6367,54.8049,29900
2017-05-23,55.0222,55.3586,54.6297,55.0292,39100
2017-05-24,54.847,55.1694,54.3633,54.7488,41100
2017-05-25,54.896,55.2395,54.6577,54.903,57400
2017-05-26,54.7068,54.882,54.3704,54.4965,26200
2017-05-29,54.5947,54.9732,54.1531,54.5876,19800
2017-05-30,54.3633,55.5619,54.2652,55.4988,43000
2017-05-31,55.7231,55.8703,55.0222,55.3586,76800
2017-06-01,55.5829,56.0806,55.4077,55.6811,49500
2017-06-02,55.625,56.8516,55.5549,56.8516,36300
2017-06-05,56.5292,56.8446,55.618,55.7301,65600
2017-06-06,55.2114,55.7371,55.1974,55.4708,50500
2017-06-07,55.7161,55.7231,54.7068,55.0012,48000
2017-06-08,54.7068,55.1063,54.6507,54.9731,25900
2017-06-09,54.6717,55.0502,54.3493,54.4404,34200
2017-06-12,54.6718,54.9942,54.2652,54.5175,28600
2017-06-13,54.9801,55.1624,54.4545,54.5596,53800
2017-06-14,54.833,54.9591,54.4825,54.5806,33800
2017-06-15,54.3774,54.7699,54.1951,54.6788,29300
2017-06-16,54.3633,54.7068,54.2932,54.2932,115700
2017-06-19,54.3563,55.0502,54.3563,54.9451,15100
2017-06-20,54.5105,55.0853,54.5105,54.9381,23500
2017-06-21,55.0853,55.3026,54.7489,55.0012,31500
2017-06-22,55.2605,55.7021,54.9521,55.4778,22400
2017-06-23,55.4077,55.6741,55.3096,55.66,25300
2017-06-26,55.3026,55.8072,55.3026,55.618,38500
2017-06-27,55.3867,55.8213,54.833,55.4357,27600
2017-06-28,55.5759,56.2699,55.5059,56.1577,31100
2017-06-29,56.0666,56.2418,55.611,55.9124,62400
2017-06-30,55.9474,55.9474,55.2605,55.5199,31200
2017-07-04,55.4358,55.7161,54.5386,55.653,14200
2017-07-05,55.3727,56.0455,55.3236,55.5549,43500
2017-07-06,55.0923,56.1227,55.0923,55.8633,75000
2017-07-07,55.0923,55.9334,55.0923,55.9334,23600
2017-07-10,56.4731,57.924,56.0736,57.5385,68500
2017-07-11,57.0058,58.3306,56.9497,58.2114,54500
2017-07-12,57.8259,58.3095,57.167,57.4264,65700
2017-07-13,57.4264,57.7137,55.9474,56.354,83600
2017-07-14,57.3212,59.3469,56.5712,58.674,163400
2017-07-17,58.4427,59.5642,58.1974,59.3889,95700
2017-07-18,59.5642,62.0665,59.1927,61.2604,193200
2017-07-19,61.2324,61.3375,60.4473,60.5314,80400
2017-07-20,60.0127,61.709,60.0127,61.4847,43200
2017-07-21,61.6739,61.9613,60.7697,61.6038,62600
2017-07-24,61.4637,61.8632,61.0852,61.4707,66200
2017-07-25,61.689,62.2314,61.4988,62.1116,47900
2017-07-26,62.2737,62.337,61.1819,61.3157,96800
2017-07-27,61.4495,62.0553,61.3298,61.5834,34100
2017-07-28,61.4213,61.6538,60.6888,61.4566,70300
2017-07-31,61.4847,61.534,60.8649,61.3509,63100
2017-08-01,61.5693,61.7313,61.2312,61.4214,118200
2017-08-02,61.3509,62.2032,61.2453,62.0624,61600
2017-08-03,62.1891,62.2103,60.7874,60.886,88700
2017-08-04,60.8367,61.8792,60.8367,61.8088,137500
2017-08-08,61.844,63.4359,61.7876,63.3936,136400
2017-08-09,62.6963,63.3795,61.9637,62.1398,167900
2017-08-10,62.161,63.3091,62.161,63.1119,102800
2017-08-11,63.295,64.105,62.654,64.0487,61300
2017-08-14,64.0909,64.9784,64.0909,64.8728,72200
2017-08-15,65.0137,65.0207,64.3797,64.9573,85900
2017-08-16,64.8657,64.8728,64.2107,64.3445,86900
2017-08-17,64.1966,64.3797,63.9923,64.1473,97300
2017-08-18,64.0275,64.0628,63.5556,63.8937,57200
2017-08-21,63.9923,64.0487,63.6754,63.7599,66900
2017-08-22,63.8444,64.2741,63.6542,63.9782,92500
2017-08-23,63.9078,64.0698,63.781,63.9078,64500
2017-08-24,64.0275,64.0416,63.781,63.9642,15400
2017-08-25,64.1825,64.2318,63.9571,63.9571,24200
2017-08-28,64.0205,64.0276,63.8303,63.936,18700
2017-08-29,63.8162,64.753,63.7599,64.6544,63900
2017-08-30,64.5981,65.2602,64.4995,65.063,35600
2017-08-31,65.232,65.9716,65.07,65.8237,55400
2017-09-01,65.866,66.1407,65.1757,65.9434,40200
2017-09-05,65.7885,65.8167,65.3306,65.5983,38300
2017-09-06,65.5631,65.6899,65.2109,65.556,61300
2017-09-07,65.556,66.514,64.5558,64.591,125100
2017-09-08,64.4361,64.4361,63.4711,63.6965,53300
2017-09-11,63.8162,63.8162,63.1893,63.3936,100300
2017-09-12,63.4006,64.1966,63.2034,63.781,76400
2017-09-13,63.4711,63.6824,61.851,61.8721,110600
2017-09-14,61.8722,63.45,61.7806,63.2739,124000
2017-09-15,63.302,63.9078,62.8865,63.1893,152000
2017-09-18,63.0978,63.774,62.809,63.6542,61900
2017-09-19,63.6824,64.1755,63.4781,64.1262,111300
2017-09-20,63.612,64.0628,62.7033,63.1119,125000
2017-09-21,63.1541,63.3936,62.3722,62.6047,86400
2017-09-22,62.5906,62.971,61.8722,62.2103,72600
2017-09-25,62.1328,62.3652,61.6327,62.3089,64100
2017-09-26,62.3089,62.7879,61.8017,62.1962,80000
2017-09-27,62.4356,63.8585,62.3159,63.5133,105200
2017-09-28,63.4922,64.2811,63.2175,64.1191,54800
2017-09-29,64.2389,64.8939,63.6754,64.8164,109600
2017-10-02,64.8939,65.5067,64.8305,65.2038,61200
2017-10-03,65.394,65.7885,65.0771,65.387,54600
2017-10-04,65.6053,67.0634,65.6053,66.1195,126000
2017-10-05,66.2463,66.6689,65.9927,66.19,116400
2017-10-06,65.9787,65.9998,65.3729,65.6687,61400
2017-10-10,65.8519,66.2181,65.4926,65.8096,112800
2017-10-11,65.6969,65.6969,65.2673,65.5772,77000
2017-10-12,65.6194,65.6194,64.7178,64.9432,117000
2017-10-13,64.908,64.9503,63.9148,64.6263,76400
2017-10-16,64.7601,64.9714,64.4502,64.8869,96300
2017-10-17,64.8728,65.5772,64.8024,65.07,67800
2017-10-18,65.2673,65.4645,65.0348,65.2602,45700
2017-10-19,65.1123,65.3447,64.4431,65.0066,121600
2017-10-20,65.0418,65.6476,64.9925,65.2954,58700
2017-10-23,65.4363,65.873,65.3166,65.387,47600
2017-10-24,65.3236,65.7603,64.5417,64.8446,102300
2017-10-25,64.8024,64.9151,64.105,64.1966,80100
2017-10-26,64.1614,64.4572,63.6472,64.0487,71500
2017-10-27,64.267,64.3304,63.4007,63.619,83400
2017-10-30,63.619,65.5208,63.5204,64.8305,121100
2017-10-31,64.901,65.704,64.901,65.3306,94900
2017-11-01,65.3306,65.3518,63.8937,64.5558,102100
2017-11-02,64.5558,65.8378,64.3586,65.232,66800
2017-11-03,65.3236,66.676,63.8092,63.8655,159800
2017-11-06,63.0485,63.0485,59.111,60.0126,293900
2017-11-07,59.9915,60.3155,59.5618,59.9704,239900
2017-11-08,59.8224,60.3366,59.745,60.1465,195000
2017-11-09,60.1746,61.3157,59.8365,61.1467,121000
2017-11-10,61.2241,61.8792,60.6888,61.2734,124900
2017-11-13,61.1396,61.9003,60.886,61.6468,76500
2017-11-14,61.6327,62.0694,61.3298,61.6327,123300
2017-11-15,61.4733,61.5512,60.7155,61.3529,52600
2017-11-16,61.5087,63.1022,61.4521,62.9393,100700
2017-11-17,62.9393,63.7396,62.6277,63.4705,120700
2017-11-20,63.5484,64.5328,63.5484,64.1362,169300
2017-11-21,64.6532,66.7708,64.2424,66.615,160700
2017-11-22,66.615,66.6787,64.7595,64.9153,92100
2017-11-23,64.7595,65.326,64.7453,65.2481,11100
2017-11-24,65.4394,65.7085,64.9436,65.0073,41900
2017-11-27,64.6816,64.894,64.1008,64.3274,63100
2017-11-28,64.4195,65.2481,63.9946,65.0994,88900
2017-11-29,65.1561,65.4393,64.6886,64.7453,42700
2017-11-30,64.7595,65.3614,64.7595,65.1986,96600
2017-12-01,65.1773,65.4181,63.6121,65.3189,93400
2017-12-04,65.3402,65.3473,64.0866,64.1079,35200
2017-12-05,64.1433,64.9223,63.6051,63.6121,66800
2017-12-06,63.6971,63.8813,61.8204,61.9266,110100
2017-12-07,61.9053,64.1291,61.9053,63.8529,177600
2017-12-08,64.0441,64.2849,63.4351,63.6759,69100
2017-12-11,63.5697,63.5697,62.5357,62.9606,69500
2017-12-12,62.9535,63.9308,62.6419,63.1376,56500
2017-12-13,63.166,63.3005,62.5003,63.0456,51400
2017-12-14,63.0456,63.1731,61.9478,62.0541,52400
2017-12-15,62.0612,63.2085,61.3671,61.5229,299000
2017-12-18,61.8487,62.6065,61.2113,61.3883,161300
2017-12-19,61.3671,62.9039,61.3671,62.7269,147800
2017-12-20,62.7339,62.7339,61.1688,61.6575,73000
2017-12-21,63.4351,64.9082,63.0102,63.0102,111300
2017-12-22,62.9535,63.0102,62.0328,62.1462,40100
2017-12-27,62.139,62.217,61.36,61.4096,66900
2017-12-28,61.2963,61.4025,60.6943,60.8784,35400
2017-12-29,60.9351,61.2821,60.5597,61.2467,26200
2018-01-02,61.2538,61.7991,61.1192,61.4662,36000
2018-01-03,61.4238,61.4238,60.6093,60.8005,24300
2018-01-04,60.8643,61.0767,60.4181,60.6589,36200
2018-01-05,60.6943,61.4096,60.3826,60.9209,31400
2018-01-08,61.2963,62.5002,60.7368,62.1249,84700
2018-01-09,62.3373,62.4861,60.2339,61.9903,102000
2018-01-10,61.9195,61.9195,59.8161,60.411,147100
2018-01-11,60.2339,60.2339,58.2651,58.4563,143500
2018-01-12,57.9676,58.7113,56.3246,57.0186,170900
2018-01-15,57.6277,57.6277,55.6872,56.02,36500
2018-01-16,55.9846,56.6574,55.0923,55.2339,121100
2018-01-17,55.2339,55.7013,54.6036,54.8727,93700
2018-01-18,54.8727,54.9294,54.4195,54.6178,42300
2018-01-19,54.6178,55.411,54.469,55.1773,42100
2018-01-22,55.3047,55.843,54.8798,55.6588,84300
2018-01-23,55.6696,55.8406,55.0497,55.6553,49900
2018-01-24,55.9688,56.4319,55.4843,56.0971,84200
2018-01-25,56.0543,56.3821,55.4843,56.3251,66900
2018-01-26,56.3179,56.4889,55.641,55.9759,58400
2018-01-29,55.9474,55.9474,54.8786,54.9143,34000
2018-01-30,54.6649,54.9143,54.1804,54.3371,39000
2018-01-31,54.387,54.843,54.0806,54.2944,89300
2018-02-01,54.1519,54.6221,53.5035,54.2801,108400
2018-02-02,54.1661,54.4012,53.76,53.9381,77900
2018-02-05,53.6958,54.3229,53.1258,53.7101,71400
2018-02-06,53.3681,54.9713,52.7767,54.672,108900
2018-02-07,54.6934,54.8644,53.817,54.1519,101900
2018-02-08,54.0806,54.7504,53.0831,53.0973,44400
2018-02-09,53.2256,53.3681,52.5131,53.076,50000
2018-02-12,53.2256,53.8241,53.1757,53.4393,44000
2018-02-13,53.361,53.8027,52.6912,52.9477,72600
2018-02-14,52.7126,52.7126,51.5369,51.5512,118100
2018-02-15,51.658,52.9619,51.3659,52.4561,118300
2018-02-16,52.4703,52.8337,52.3919,52.4561,35700
2018-02-20,52.3706,52.3706,51.5797,51.7649,181000
2018-02-21,51.8789,53.0475,51.8789,52.1924,73100
2018-02-22,52.3207,52.4276,51.316,51.4656,68900
2018-02-23,51.601,51.7293,51.3303,51.3873,54100
2018-02-26,51.6153,51.6153,50.2757,50.4539,109300
2018-02-27,50.5465,51.8362,50.4254,51.6865,75700
2018-02-28,51.7364,52.8622,51.4941,51.5298,207800
2018-03-01,51.4941,51.9359,51.1165,51.4656,63700
2018-03-02,51.43,52.4632,51.2376,52.0855,72100
2018-03-05,51.9787,52.4846,51.7578,52.3634,53200
2018-03-06,53.3538,54.786,52.5131,53.5035,116100
2018-03-07,53.532,53.9809,52.7054,52.8052,92000
2018-03-08,52.8693,53.2256,52.3848,52.6556,23300
2018-03-09,52.7981,52.7981,51.9787,52.057,22600
2018-03-12,52.1497,52.1497,50.9883,51.1521,30600
2018-03-13,51.3089,51.316,50.5394,50.8173,61900
2018-03-14,50.9384,51.145,50.6106,50.8743,36900
2018-03-15,50.9384,50.9384,50.5465,50.7959,76700
2018-03-16,50.8457,51.8362,50.1261,50.1261,133400
2018-03-19,50.0263,50.4681,49.7556,50.2116,74100
2018-03-20,50.2045,50.3541,49.6487,50.2187,37000
2018-03-21,50.2259,50.6106,50.005,50.005,24600
2018-03-22,49.9409,50.2686,49.2853,49.3708,55300
2018-03-23,49.4777,49.891,49.2711,49.5205,33600
2018-03-26,49.6559,49.9622,49.3851,49.7556,64400
2018-03-27,49.7983,50.1831,49.0359,49.2924,46200
2018-03-28,49.2711,50.1332,49.2711,49.9551,43800
2018-03-29,50.0263,50.4539,49.9551,50.2615,32700
2018-04-02,50.2615,50.4254,50.062,50.3399,51200
2018-04-03,50.9526,51.1165,50.2971,50.9526,67400
2018-04-04,50.9313,51.3374,50.4325,51.2519,31200
2018-04-05,51.2946,52.0998,51.1094,51.3873,42100
2018-04-06,51.3445,51.7507,51.0595,51.4728,41200
2018-04-09,51.6367,52.0927,51.1949,51.43,32800
2018-04-10,50.9526,51.1878,48.7082,49.6986,145300
2018-04-11,49.4848,49.7057,48.5229,49.0074,60600
2018-04-12,48.9789,49.5561,48.4517,48.7652,64500
2018-04-13,49.0359,49.8767,47.0551,47.4185,193200
2018-04-16,47.0765,48.0811,47.0765,47.3971,72900
2018-04-17,47.5539,48.2735,47.5539,47.8959,105300
2018-04-18,47.8959,48.473,47.8745,48.1453,86900
2018-04-19,48.131,48.4303,48.0242,48.2379,54200
2018-04-20,48.2094,48.5942,48.0242,48.5514,81700
2018-04-23,48.5015,48.9504,48.5015,48.9362,57900
2018-04-24,48.8863,48.9789,48.5728,48.8364,106100
2018-04-25,48.7898,49.0051,48.6176,48.6535,77100
2018-04-26,48.6822,49.3207,48.6822,49.2849,120700
2018-04-27,49.2275,49.7943,48.9835,49.4786,88300
2018-04-30,49.4714,49.5862,48.8974,49.084,65100
2018-05-01,49.0194,49.084,48.4669,48.9763,95600
2018-05-02,48.9046,48.9046,48.3593,48.5387,63300
2018-05-03,48.5243,48.7683,48.4095,48.6248,87100
2018-05-04,48.6104,49.8302,48.5674,49.579,73800
2018-05-07,49.5575,49.701,49.3638,49.5216,36700
2018-05-08,49.5216,49.5862,49.0122,49.4571,99100
2018-05-09,49.5073,49.5073,48.6319,48.9118,60000
2018-05-10,48.9548,49.4356,48.8759,49.3853,25800
2018-05-11,49.3853,49.5145,49.1772,49.5145,36600
2018-05-14,49.5719,51.3441,49.5719,51.2939,84300
2018-05-15,51.2221,53.0087,50.9423,52.5925,101900
2018-05-16,52.5925,52.5925,49.8947,50.397,123700
2018-05-17,50.44,51.3082,50.44,50.9782,79800
2018-05-18,50.9136,51.2867,50.6122,51.0714,30800
2018-05-22,51.0355,51.6741,51.0355,51.3154,87200
2018-05-23,51.2723,51.8105,51.1791,51.4732,45200
2018-05-24,51.5522,51.5522,50.5477,50.6481,95000
2018-05-25,50.6051,51.3082,50.6051,51.0714,71600
2018-05-28,50.9853,51.0571,50.6983,50.727,7000
2018-05-29,50.4329,50.7844,50.0311,50.1315,57600
2018-05-30,50.1315,50.1315,49.3136,49.7799,63600
2018-05-31,49.6723,49.6723,48.4669,48.8257,69000
2018-06-01,48.8041,49.127,48.4597,48.6822,128700
2018-06-04,48.5602,49.2346,48.431,48.9405,57300
2018-06-05,48.9979,49.127,48.3449,48.3952,82100
2018-06-06,48.4095,48.5028,47.7351,47.9216,86200
2018-06-07,47.9216,48.2732,47.2113,47.2902,112100
2018-06-08,47.2902,47.5055,47.0319,47.3261,79000
2018-06-11,47.3046,47.8929,47.0606,47.5198,97800
2018-06-12,47.4696,48.84,47.4696,48.7898,159600
2018-06-13,48.6965,49.0409,48.1082,48.3162,93800
2018-06-14,48.3234,48.8687,47.9934,48.5315,56000
2018-06-15,48.3521,49.0337,48.3521,48.8041,100800
2018-06-18,48.6893,48.8472,48.2732,48.6391,50000
2018-06-19,48.6319,48.6965,48.2517,48.51,44700
2018-06-20,48.5459,48.6319,47.7494,48.0006,104700
2018-06-21,48.0006,48.2732,47.6131,47.7566,76100
2018-06-22,47.8571,48.1369,47.1467,47.2687,104500
2018-06-25,47.2615,48.2445,47.0534,48.0579,114300
2018-06-26,48.1584,48.3449,47.4337,47.6346,107600
2018-06-27,47.7136,47.8212,46.5943,46.9602,112200
2018-06-28,46.9171,47.5557,46.2714,46.2714,130600
2018-06-29,46.4005,46.8167,45.6974,46.7234,174100
2018-07-03,46.2499,46.6588,45.6328,46.3144,84000
2018-07-04,46.0203,46.7449,45.9342,46.1494,57900
2018-07-05,46.0777,46.3575,45.6543,45.9342,86400
2018-07-06,47.3548,48.6678,47.1683,47.5629,135400
2018-07-09,47.6203,47.6418,46.1351,46.9673,77800
2018-07-10,46.9602,47.9575,46.7808,47.7136,113700
2018-07-11,47.6633,47.7135,46.3503,46.7162,81600
2018-07-12,47.2759,51.0714,47.2759,50.8921,162800
2018-07-13,51.2508,51.4732,50.6194,51.3441,111300
2018-07-16,51.301,51.5522,51.2006,51.4445,67900
2018-07-17,51.3297,51.3584,50.6696,50.8992,68800
2018-07-18,50.9782,51.0858,50.1602,50.2033,72500
2018-07-19,50.2033,50.2965,49.6867,50.0311,66500
2018-07-20,49.9593,50.1602,49.7871,49.9378,72300
2018-07-23,49.9593,50.4687,49.4355,50.2678,89800
2018-07-24,51.3117,52.2002,50.8566,51.839,142000
2018-07-25,51.8391,51.8752,49.9464,50.4448,78300
2018-07-26,50.4448,50.9072,50.2714,50.7266,113100
2018-07-27,50.7338,51.1167,50.5893,51.0083,56500
2018-07-30,50.9938,51.3406,50.5676,50.7193,101300
2018-07-31,50.9505,51.2467,50.6037,51.0011,46600
2018-08-01,51.0733,51.0805,50.2498,50.5098,76400
2018-08-02,50.5026,51.2178,50.2498,50.9866,54900
2018-08-03,51.0589,51.1528,50.5965,51.0661,47500
2018-08-07,51.1167,51.5501,50.1992,50.5893,50300
2018-08-08,50.5749,50.9361,50.4593,50.7049,26600
2018-08-09,50.611,51.4417,50.2209,51.0444,48000
2018-08-10,50.8855,51.1022,50.5965,50.6977,60000
2018-08-13,50.676,50.9794,50.5821,50.741,22200
2018-08-14,50.7555,51.095,50.5749,50.9288,32100
2018-08-15,50.7627,51.0589,50.4087,50.806,65400
2018-08-16,50.806,51.5501,50.806,51.3189,23600
2018-08-17,51.2683,51.4056,50.7554,51.2322,41800
2018-08-20,51.2539,51.5067,50.3509,50.5243,44300
2018-08-21,50.4954,50.7844,49.9247,50.0258,61300
2018-08-22,50.0042,50.1559,49.419,49.9969,32200
2018-08-23,49.9608,50.0403,49.3829,49.4118,35800
2018-08-24,49.4118,49.5418,48.9061,49.0362,53100
2018-08-27,48.9784,49.2673,48.1548,48.2849,59000
2018-08-28,48.4366,48.4366,47.6853,47.9453,54800
2018-08-29,47.9381,48.0248,47.5769,47.6492,30700
2018-08-30,47.6492,47.7142,47.1941,47.1941,30800
2018-08-31,47.0857,47.0857,46.6306,46.7895,39300
2018-09-04,46.7245,46.7389,45.3736,46.0599,82800
2018-09-05,45.9443,46.2838,45.4675,46.031,49200
2018-09-06,46.1538,46.3561,45.8432,46.1683,51900
2018-09-07,46.0599,46.3416,45.9082,46.2694,36700
2018-09-10,46.4427,46.4427,46.0165,46.2332,90300
2018-09-11,46.0382,46.3272,45.7493,46.1755,36400
2018-09-12,46.1321,46.45,46.0238,46.3344,47300
2018-09-13,46.3127,46.6667,46.2333,46.645,24100
2018-09-14,46.5872,46.8617,46.4139,46.4861,18600
2018-09-17,46.4066,47.1363,46.3633,46.4717,47900
2018-09-18,46.4572,47.6203,46.0816,47.1074,73700
2018-09-19,47.0712,47.0712,46.385,46.5945,112900
2018-09-20,46.6667,47.0713,46.5367,46.7751,53400
2018-09-21,46.7678,47.4252,46.7678,47.2446,120800
2018-09-24,47.2735,47.4758,46.2622,46.7028,73300
2018-09-25,46.6811,47.1652,46.4139,46.4861,109600
2018-09-26,46.4139,47.2591,46.3344,46.9123,203500
2018-09-27,47.0062,47.6564,46.9701,47.3891,95700
2018-09-28,47.4108,47.4108,46.6739,46.7389,56200
2018-10-01,46.8834,47.2735,46.1032,46.7245,76300
2018-10-02,46.6378,46.9557,46.5367,46.8545,51700
2018-10-03,46.8473,47.2519,46.5945,46.9484,77100
2018-10-04,46.9051,46.9123,46.5945,46.7173,71600
2018-10-05,46.6812,47.288,46.5872,47.1001,67000
2018-10-09,47.064,47.6275,47.064,47.1724,69300
2018-10-10,47.0785,47.2446,46.2333,46.2766,92500
2018-10-11,46.0888,46.9557,46.0888,46.1971,80600
2018-10-12,46.5078,46.8112,46.2838,46.5583,66800
2018-10-15,46.5078,47.5841,46.5078,47.353,60200
2018-10-16,47.4252,48.2343,47.194,48.1042,101400
2018-10-17,48.0898,48.6533,47.6853,48.5738,140500
2018-10-18,48.5666,48.7183,48.4005,48.6389,90300
2018-10-19,48.6822,50.2137,48.6822,50.0981,108400
2018-10-22,50.1848,50.192,49.3251,49.6213,67600
2018-10-23,49.1156,49.1734,48.6605,48.8555,57800
2018-10-24,48.9061,48.9422,47.6058,47.6925,84400
2018-10-25,47.8586,48.2704,46.9557,47.6853,100400
2018-10-26,47.3674,47.8586,46.7028,46.9412,44900
2018-10-29,47.2013,47.5047,46.7751,46.999,68700
2018-10-30,46.8834,47.3385,46.1899,46.5656,94000
2018-10-31,46.7317,47.129,46.4933,46.6306,60500
2018-11-01,46.5656,47.3674,46.3994,47.1796,104400
2018-11-02,47.0207,47.4252,46.5945,47.1363,95100
2018-11-05,46.9918,48.0393,46.9918,47.5264,84900
2018-11-06,47.4397,47.8514,45.6626,46.4644,139100
2018-11-07,46.9557,47.3963,46.4139,47.2518,93900
2018-11-08,47.2591,47.5336,47.1146,47.2302,61900
2018-11-09,46.9918,47.4975,46.7173,46.9484,61600
2018-11-12,46.9846,46.9846,46.4139,46.5078,72500
2018-11-13,46.5187,47.0285,46.5114,46.6862,124900
2018-11-14,46.8173,47.2689,46.81,46.9266,62400
2018-11-15,46.8974,46.9848,46.0671,46.4968,123600
2018-11-16,46.4022,46.9266,46.4022,46.6935,209400
2018-11-19,46.6279,46.9193,46.2274,46.3949,69900
2018-11-20,46.1764,46.1764,44.9236,45.3169,78300
2018-11-21,45.4116,46.1254,45.3461,45.9652,132900
2018-11-22,46.1181,46.1691,45.8414,46.0671,9200
2018-11-23,45.9288,46.1909,45.8049,46.1909,20600
2018-11-26,46.3439,46.3439,45.8778,46.1691,56100
2018-11-27,46.1254,46.4022,46.0526,46.2929,66100
2018-11-28,46.373,47.0285,46.2419,46.963,38600
2018-11-29,46.8173,47.5966,46.4968,46.9557,68400
2018-11-30,46.8829,47.2689,46.6716,47.0504,67100
2018-12-03,47.4655,47.9608,46.5333,46.7372,89300
2018-12-04,46.7882,47.6039,46.6935,47.1378,123600
2018-12-05,47.2106,47.7496,46.8537,47.1087,13800
2018-12-06,46.759,47.3271,45.8268,47.2325,84600
2018-12-07,47.7204,49.1771,47.7204,48.8129,163200
2018-12-10,48.7328,49.046,48.07,48.558,81100
2018-12-11,48.8712,49.4976,48.5653,48.7183,85200
2018-12-12,48.9659,49.4247,48.5799,48.6818,61100
2018-12-13,48.7765,48.8712,48.1065,48.3177,45000
2018-12-14,48.0336,48.0336,47.2325,47.6403,103800
2018-12-17,47.3417,47.3636,46.3293,46.4095,54900
2018-12-18,46.3585,46.7445,46.2201,46.7008,101900
2018-12-19,46.6425,47.9098,46.6425,46.8756,62500
2018-12-20,47.1596,47.8515,46.9484,47.6403,97500
2018-12-21,47.6986,48.1793,46.7299,46.7736,107500
2018-12-24,46.6644,46.6644,45.7612,45.8632,23600
2018-12-27,46.6134,47.0358,45.7248,46.6352,49300
2018-12-28,46.9484,47.9317,46.9484,47.6185,39100
2018-12-31,47.7714,48.0846,47.5384,47.9098,35900
2019-01-02,47.5966,48.1137,47.4947,48.0482,51600
2019-01-03,47.9317,48.6163,47.6695,48.6163,49300
2019-01-04,48.6964,48.7765,48.1793,48.3759,58500
2019-01-07,48.4197,48.9659,48.3395,48.8567,47900
2019-01-08,48.9805,49.3592,48.9076,49.2572,353800
2019-01-09,49.1625,49.6432,48.9003,49.3373,93300
2019-01-10,49.1698,50.2842,49.1698,49.9856,74500
2019-01-11,51.7117,53.8894,50.4954,53.7438,265200
2019-01-14,53.4087,55.1349,53.3796,54.4939,174000
2019-01-15,54.4794,54.6105,53.7583,53.7802,58400
2019-01-16,53.7948,53.8967,53.3359,53.4816,67400
2019-01-17,53.4451,54.4575,53.4451,54.3337,50200
2019-01-18,54.239,54.9528,54.006,54.2609,86100
2019-01-21,54.2755,54.2755,53.4889,53.6418,23600
2019-01-22,53.6418,53.7583,52.6731,53.1975,87900
2019-01-23,53.3332,54.1916,53.3039,54.0889,67900
2019-01-24,54.0228,54.441,53.6927,54.2136,43400
2019-01-25,54.1255,54.6097,53.9275,54.5217,62900
2019-01-28,54.3676,54.8445,54.2502,54.507,70000
2019-01-29,54.375,55.0939,54.2869,54.7564,58500
2019-01-30,54.9398,54.9398,54.1695,54.4336,44900
2019-01-31,54.507,54.9765,54.3163,54.9545,80700
2019-02-01,54.7051,55.0205,54.6024,54.9692,46000
2019-02-04,54.9178,55.1966,54.6317,55.1599,36400
2019-02-05,55.204,55.6148,55.0572,55.2406,38200
2019-02-06,55.2773,55.6514,55.2333,55.4607,70400
2019-02-07,55.292,55.3873,54.9838,55.2993,38700
2019-02-08,55.3066,56.1136,55.2993,55.49,341300
2019-02-11,55.6294,55.6294,54.551,54.7271,61700
2019-02-12,54.8958,55.5707,54.3896,55.446,86200
2019-02-13,55.5634,55.6001,55.0499,55.6001,52200
2019-02-14,55.4387,56.2237,55.4387,55.9742,94800
2019-02-15,55.8862,56.7298,55.7908,56.275,73300
2019-02-19,56.3044,56.3337,54.9839,55.1306,95700
2019-02-20,55.1306,55.1599,54.7491,54.9912,77700
2019-02-21,54.9985,55.6368,54.7124,55.4974,51100
2019-02-22,55.4754,55.5047,55.2846,55.2993,45000
2019-02-25,55.468,55.468,55.0059,55.2626,39000
2019-02-26,55.226,55.4387,55.0499,55.0572,46600
2019-02-27,58.3951,60.0091,58.3218,59.9797,261100
2019-02-28,59.5909,60.7573,58.8426,60.3685,149900
2019-03-01,60.3685,62.5033,60.3685,62.0778,199900
2019-03-04,62.1732,62.5547,61.8504,62.4373,107700
2019-03-05,63.0902,63.347,62.2612,62.4446,146300
2019-03-06,62.4813,63.0095,62.1439,62.8848,55200
2019-03-07,62.474,62.606,62.0412,62.3639,62200
2019-03-08,62.2025,62.3713,61.5863,61.7183,64500
2019-03-11,61.7184,62.1585,61.7184,61.9825,45800
2019-03-12,61.9825,62.2466,61.3369,61.7697,93400
2019-03-13,61.8504,62.4887,61.5716,62.1732,65300
2019-03-14,62.606,62.606,61.8358,62.0485,58200
2019-03-15,62.1365,62.496,61.7624,61.9165,92200
2019-03-18,61.9164,62.1072,61.4103,61.7037,86100
2019-03-19,61.7624,62.5033,61.7624,61.9898,52100
2019-03-20,62.0191,62.2832,61.4616,61.733,71600
2019-03-21,61.6157,61.9458,61.4909,61.7624,128400
2019-03-22,61.7551,62.5327,61.7551,62.452,125800
2019-03-25,62.3273,62.7968,62.1219,62.7968,49900
2019-03-26,62.8481,63.0022,62.452,62.7601,43100
2019-03-27,62.65,63.4277,62.65,63.2296,99300
2019-03-28,63.2663,63.523,62.4153,62.518,69200
2019-03-29,62.8115,62.9288,61.8578,62.606,133000
2019-04-01,62.8334,63.5084,62.518,63.4423,69500
2019-04-02,63.3323,63.6771,63.1196,63.6331,40200
2019-04-03,63.7505,64.1686,63.5157,63.6771,75300
2019-04-04,63.6478,63.9339,63.4203,63.8605,76100
2019-04-05,64.0292,64.3373,63.7651,64.264,76000
2019-04-08,64.5574,64.5574,63.5817,64.1173,106900
2019-04-09,64.0366,64.1539,62.9288,63.1049,71700
2019-04-10,64.2713,67.7339,64.2713,67.1764,387500
2019-04-11,65.9586,66.5895,64.8802,65.2177,127200
2019-04-12,65.0123,66.3401,64.3814,66.2741,129500
2019-04-15,66.186,66.7802,65.9219,66.4061,83200
2019-04-16,66.4061,67.1691,66.3254,66.3254,79000
2019-04-17,66.4281,66.4281,65.3864,65.8926,67100
2019-04-18,65.8926,66.5162,65.6652,66.3915,75300
2019-04-22,66.4173,66.5206,65.3621,65.4728,41800
2019-04-23,65.4654,65.8565,64.9563,65.2662,48300
2019-04-24,65.2145,65.9745,65.2145,65.8122,38700
2019-04-25,65.8122,65.8786,64.9636,64.9636,84200
2019-04-26,64.9931,65.6646,64.543,65.3178,44400
2019-04-29,65.0965,66.0188,65.0965,65.7753,40400
2019-04-30,65.9229,66.004,65.1555,65.6499,40100
2019-05-01,65.4359,66.7124,65.3547,66.2106,62800
2019-05-02,66.3213,66.9264,66.1221,66.3582,53800
2019-05-03,66.4025,66.9338,66.3582,66.5353,49000
2019-05-06,65.0669,67.3101,65.0669,67.015,63900
2019-05-07,65.8196,67.288,65.8196,67.0961,74200
2019-05-08,67.0297,68.1734,67.0297,68.1292,96600
2019-05-09,67.7307,68.3432,67.7233,68.0775,103200
2019-05-10,68.0775,68.6088,67.8414,67.9816,74000
2019-05-13,67.8561,68.5424,67.7602,68.3431,58900
2019-05-14,68.3432,69.0884,67.9964,68.3505,78100
2019-05-15,68.2472,68.2546,67.8045,68.0627,111700
2019-05-16,68.0701,68.5866,67.7012,68.0259,65200
2019-05-17,67.4872,67.7602,67.3692,67.4429,41700
2019-05-21,67.4503,67.834,67.1404,67.3101,95100
2019-05-22,67.3101,68.1587,67.2142,67.8488,77100
2019-05-23,67.6938,68.6236,67.6348,68.4243,67500
2019-05-24,68.4612,68.5793,66.7788,67.0076,57500
2019-05-27,67.0592,67.8266,66.4615,67.7307,55400
2019-05-28,67.7307,68.0332,67.502,67.6864,59300
2019-05-29,67.6495,68.5645,67.6495,68.1218,95900
2019-05-30,68.1218,68.3948,68.0185,68.2841,38400
2019-05-31,68.0849,68.8302,67.7602,68.4022,65400
2019-06-03,68.3358,68.3358,67.2511,67.7455,45200
2019-06-04,67.7455,67.8857,67.0297,67.4282,55900
2019-06-05,67.4134,69.3245,67.4134,68.7268,83800
2019-06-06,68.9408,69.5902,68.7933,69.4721,56100
2019-06-07,69.3614,70.0477,68.8818,69.3024,48200
2019-06-10,69.236,69.5164,68.5202,69.2877,33500
2019-06-11,69.6418,70.3207,69.3909,69.9517,47900
2019-06-12,69.9296,70.1805,69.6861,69.7525,35100
2019-06-13,69.7525,69.7525,68.5867,68.7785,26000
2019-06-14,68.6309,68.7638,68.2546,68.2546,195600
2019-06-17,68.2472,68.8744,68.1734,68.7933,158700
2019-06-18,68.8523,68.9261,68.3948,68.4981,50700
2019-06-19,68.5793,69.7599,68.4465,69.3541,88000
2019-06-20,69.5164,69.6566,69.1844,69.3098,43000
2019-06-21,69.2877,69.2877,68.963,68.9704,140900
2019-06-24,69.3836,70.6601,69.3393,69.7378,68600
2019-06-25,69.6492,69.9148,69.4131,69.4131,36400
2019-06-26,69.391,69.6714,69.0073,69.236,71900
2019-06-27,69.236,69.6197,68.9408,69.3688,60100
2019-06-28,69.2139,69.509,68.6752,69.4943,59400
2019-07-02,69.2507,70.5937,69.2139,70.0919,54500
2019-07-03,70.0919,70.5789,69.8927,70.0624,47100
2019-07-04,69.9665,70.1584,69.5533,69.8189,24400
2019-07-05,69.7451,70.151,69.5828,70.0919,59900
2019-07-08,70.0846,70.4092,69.5976,70.0329,88600
2019-07-09,70.055,70.0772,68.8744,69.4131,72500
2019-07-10,69.3541,69.4795,68.9482,69.2508,139300
2019-07-11,70.4609,73.4936,70.1731,73.0435,613000
2019-07-12,73.2354,78.954,73.2058,76.0688,289100
2019-07-15,76.0836,78.1423,74.1946,78.0537,241000
2019-07-16,77.9947,78.9909,77.1093,78.8138,191200
2019-07-17,78.6588,79.1163,76.9322,77.1609,155400
2019-07-18,77.338,78.3858,76.2459,77.2421,221800
2019-07-19,77.1019,77.4413,76.5706,77.3528,86300
2019-07-22,77.3085,77.4192,76.6961,77.124,85400
2019-07-23,77.1945,78.2698,76.6457,77.899,177000
2019-07-24,77.8693,78.3514,77.5801,77.9583,116600
2019-07-25,77.6839,77.8693,76.8088,77.0832,87500
2019-07-26,77.1796,77.7136,77.0832,77.0906,48800
2019-07-29,77.1425,78.1437,76.7272,77.8693,138500
2019-07-30,77.5949,78.47,77.454,77.7358,108300
2019-07-31,77.4095,77.8026,76.7421,77.2983,80300
2019-08-01,77.1796,79.0633,77.1796,78.826,118400
2019-08-02,78.3885,79.1078,77.9806,78.3143,66700
2019-08-06,78.3885,79.5825,78.0399,79.4267,104000
2019-08-07,78.5368,79.4638,78.433,78.9076,122000
2019-08-08,78.8853,79.6047,78.5961,78.7518,72800
2019-08-09,78.5294,78.6258,76.9275,77.3947,67100
2019-08-12,77.2019,78.1956,77.0091,77.3576,61100
2019-08-13,77.365,79.271,77.365,79.0263,113600
2019-08-14,78.6406,79.36,77.8619,77.9732,94000
2019-08-15,77.8026,78.5294,77.5801,77.6839,45400
2019-08-16,77.6691,78.9373,77.6691,78.1511,56900
2019-08-19,78.166,78.9818,78.166,78.5516,64500
2019-08-20,77.8916,78.522,77.4837,78.1363,112300
2019-08-21,78.0251,78.8186,78.0251,78.6554,76500
2019-08-22,78.522,78.8557,78.0325,78.611,78700
2019-08-23,78.1363,79.1968,77.3428,77.543,78900
2019-08-26,77.543,78.0548,77.1574,77.2612,111500
2019-08-27,77.2315,77.9806,77.2315,77.4985,168400
2019-08-28,77.1796,78.2846,77.0239,77.8471,139300
2019-08-29,77.632,78.1512,77.4392,77.4763,58800
2019-08-30,77.3873,77.8693,77.0536,77.6024,106700
2019-09-03,77.5134,78.7222,76.7198,77.061,185200
2019-09-04,77.1722,78.4255,77.1722,77.9138,114500
2019-09-05,78.1289,78.2402,77.2983,77.328,104200
2019-09-06,77.239,77.3651,76.5196,77.0017,134500
2019-09-09,77.4095,77.7507,76.6457,77.6691,65500
2019-09-10,77.632,77.9806,77.4689,77.5653,85800
2019-09-11,77.6839,78.7074,76.9571,78.5813,117300
2019-09-12,78.6703,79.7234,78.3514,79.1894,133500
2019-09-13,79.1894,79.6492,78.433,78.433,48500
2019-09-16,78.0918,78.2995,77.5134,78.2105,49100
2019-09-17,78.6258,81.4291,78.6258,80.8135,187000
2019-09-18,80.9248,81.0212,79.4193,79.5083,148600
2019-09-19,80.2054,80.4872,79.5751,80.0275,102300
2019-09-20,80.8284,81.0138,80.4576,80.8358,81300
2019-09-23,80.821,81.0657,80.5466,80.6726,69700
2019-09-24,80.3241,81.3846,80.3018,80.6356,104200
2019-09-25,80.6504,81.1028,79.9384,80.0868,76200
2019-09-26,80.1313,80.6875,80.1016,80.4724,48400
2019-09-27,80.4279,80.4279,78.4849,78.5887,74800
2019-09-30,78.2179,79.6121,78.2179,79.182,88500
2019-10-01,79.2191,79.7975,78.4478,78.6703,115400
2019-10-02,78.6406,79.1523,78.1067,79.1152,61900
2019-10-03,79.1152,80.3982,78.8631,80.0942,86700
2019-10-04,80.2722,80.6504,80.0867,80.2425,77400
2019-10-07,79.6566,80.554,79.6566,80.3463,65900
2019-10-08,80.1313,80.3686,79.004,79.7531,87800
2019-10-09,79.4119,80.3463,79.3155,80.1535,72500
2019-10-10,79.7753,80.1758,79.3526,79.9014,131100
2019-10-11,80.0645,80.1461,79.5528,79.8865,72700
2019-10-15,80.0942,81.8815,79.8791,81.1473,138800
2019-10-16,81.2733,82.2819,80.7468,82.0965,123100
2019-10-17,82.0965,82.1929,81.4884,81.6071,69700
2019-10-18,81.6961,82.1262,81.1992,81.2956,49500
2019-10-21,81.4736,81.57,80.3908,81.5403,69800
2019-10-22,81.5403,82.2745,81.4513,82.0149,72500
2019-10-23,81.748,82.0891,79.0114,79.3155,150900
2019-10-24,79.2858,79.5379,78.0102,78.5145,73000
2019-10-25,78.3069,81.4884,78.3069,80.3982,147000
2019-10-28,80.6726,81.2585,80.0052,80.6949,81000
2019-10-29,80.4057,83.1793,79.8717,81.8815,163600
2019-10-30,81.7331,83.4463,81.7331,83.4092,80800
2019-10-31,83.1348,84.6996,82.7862,84.4326,143300
2019-11-01,84.796,87.3546,82.8456,84.7663,181900
2019-11-04,84.5661,84.8034,83.0977,83.2089,261700
2019-11-05,83.2089,83.2089,80.8951,81.2214,113500
2019-11-06,81.5477,81.7257,80.2796,80.9841,99700
2019-11-07,80.91,81.7183,80.3982,81.4662,80900
2019-11-08,81.0657,82.1262,81.0657,81.7405,102600
2019-11-11,81.7406,83.4166,81.7406,82.9346,119900
2019-11-12,83.1955,84.0975,82.5767,83.9931,95100
2019-11-13,83.941,85.7003,83.941,85.6108,98100
2019-11-14,85.7152,87.0198,85.2008,86.4905,102400
2019-11-15,86.565,87.3851,86.4681,86.5874,128000
2019-11-18,86.4756,88.2796,86.4756,88.2275,88000
2019-11-19,88.3691,88.6226,87.7205,88.5182,172800
2019-11-20,88.0411,88.5406,87.8547,88.2871,89900
2019-11-21,87.8622,88.9506,87.7951,88.9431,116000
2019-11-22,88.7866,89.1742,88.2349,88.6226,63800
2019-11-25,88.3766,89.6066,88.3766,88.9879,69300
2019-11-26,89.0326,89.0699,86.8632,87.0496,106800
2019-11-27,86.9751,87.1838,85.1114,85.3946,148400
2019-11-28,85.3723,86.0507,85.3499,85.9239,42800
2019-11-29,85.909,86.4159,85.1934,85.5288,55800
2019-12-02,85.6183,86.1252,84.5821,85.6555,154500
2019-12-03,85.9835,86.2295,85.3797,85.5586,122100
2019-12-04,85.6406,85.7376,84.9101,85.3723,70200
2019-12-05,85.6481,86.3339,85.1561,86.3265,93600
2019-12-06,86.4085,86.6694,85.2083,85.7823,136400
2019-12-09,85.4841,86.1998,85.1039,85.7748,102500
2019-12-10,85.5437,86.4532,85.007,86.2668,83200
2019-12-11,86.4532,87.236,85.8047,87.0869,154400
2019-12-12,86.9825,87.5864,85.8121,86.237,119600
2019-12-13,86.2817,86.7589,85.7375,86.6098,93400
2019-12-16,86.647,87.154,86.1923,86.4085,61700
2019-12-17,86.4085,86.4607,84.3659,84.7833,110600
2019-12-18,84.8728,85.2753,84.3957,84.5522,97900
2019-12-19,84.515,85.1933,84.2466,85.1039,68600
2019-12-20,84.9101,85.8867,84.9101,85.2754,62700
2019-12-23,85.2381,85.5437,84.5075,84.7684,42600
2019-12-24,85.0368,85.0368,84.1422,84.679,54600
2019-12-27,84.679,84.7833,83.5757,84.6566,119600
2019-12-30,84.6417,84.9772,84.0826,84.1422,32500
2019-12-31,84.1199,84.6268,83.7322,84.3882,73400
2020-01-02,84.4031,84.7908,83.762,84.433,44900
2020-01-03,84.4479,85.1412,84.3137,84.761,98300
2020-01-06,84.7833,85.2008,83.762,84.3882,71100
2020-01-07,84.2913,85.1337,84.2019,84.269,139000
2020-01-08,84.1497,85.0368,84.0677,84.2093,223800
2020-01-09,84.2764,84.6193,83.5682,83.9037,173500
2020-01-10,83.9857,85.2306,83.9857,84.2615,120200
2020-01-13,84.515,84.515,83.926,84.1944,115900
2020-01-14,84.5224,86.1848,83.68,84.1795,171700
2020-01-15,83.926,84.4181,75.3754,76.2774,466800
2020-01-16,76.6278,78.074,75.5468,76.8663,259600
2020-01-17,77.0453,78.4915,76.4116,77.5671,220800
2020-01-20,77.9846,78.8568,77.8355,77.8355,85900
2020-01-21,78.0591,78.3275,77.1944,77.2316,297800
2020-01-22,77.5373,79.5725,77.336,78.8866,212200
2020-01-23,79.0581,79.1252,77.5895,77.7833,129100
2020-01-24,77.9771,78.9239,77.7237,78.5959,215400
2020-01-27,79.0906,80.0351,78.5059,79.9676,145000
2020-01-28,79.9901,80.3949,79.5478,79.6003,93600
2020-01-29,79.6453,79.7503,78.5734,78.6783,92600
2020-01-30,78.7308,79.6903,78.6558,79.1656,165000
2020-01-31,79.0531,79.9452,77.7038,77.8837,165200
2020-02-03,77.9287,79.6228,77.9287,79.4129,181700
2020-02-04,79.5254,80.4099,79.2555,80.2225,137700
2020-02-05,80.3649,80.6123,79.173,80.2824,150500
2020-02-06,80.4099,82.2989,80.4099,81.4219,236100
2020-02-07,81.3319,83.0185,80.6573,82.6437,255300
2020-02-10,82.4263,82.7786,81.0995,81.3394,222900
2020-02-11,81.5493,81.6617,79.5479,79.5928,148500
2020-02-12,79.6528,80.125,79.4279,79.8402,169500
2020-02-13,79.6528,81.2345,79.5104,80.3874,144300
2020-02-14,80.4099,80.5598,79.8402,80.2,127000
2020-02-18,80.1026,80.7172,80.0426,80.0426,117100
2020-02-19,79.9751,80.7547,79.1131,80.2525,128300
2020-02-20,80.215,81.0021,80.1925,80.4324,197400
2020-02-21,80.3425,81.4519,80.1626,81.2944,101400
2020-02-24,80.4849,81.6243,80.3424,81.3019,84400
2020-02-25,81.3094,81.7892,80.6123,80.9571,110900
2020-02-26,80.8746,81.4294,79.9901,80.9496,199900
2020-02-27,80.5823,80.9196,79.5029,80.6123,116300
2020-02-28,79.5778,79.6903,77.6813,79.6228,217900
2020-03-02,79.5928,80.9271,78.9182,80.7847,193400
2020-03-03,80.8971,82.3738,80.0876,80.2,128500
2020-03-04,80.4474,81.9241,80.4474,81.7742,58800
2020-03-05,81.2944,81.3844,79.3155,80.2075,106900
2020-03-06,79.4579,81.7742,78.6184,81.4968,163000
2020-03-09,78.3485,82.089,77.2016,79.1581,207600
2020-03-10,79.8852,81.4893,77.9437,80.0576,422300
2020-03-11,79.4354,79.9002,76.6469,76.9093,324800
2020-03-12,74.638,74.638,66.3548,68.956,238200
2020-03-13,70.2753,78.1536,69.7431,78.0936,316100
2020-03-16,73.3186,80.4174,72.7564,73.1312,257800
2020-03-17,73.7834,83.5507,73.3262,81.3319,347000
2020-03-18,73.4836,80.6348,70.2303,71.6995,301600
2020-03-19,71.8419,74.3906,69.9679,73.1687,191300
2020-03-20,73.7984,74.9528,71.2348,71.5796,115200
2020-03-23,70.77,72.1793,66.8271,66.9845,125100
2020-03-24,69.7131,70.5451,68.0939,69.2783,153800
2020-03-25,69.4207,70.7175,68.5662,68.7836,108500
2020-03-26,68.7686,70.0504,67.4343,67.4343,155700
2020-03-27,66.6322,71.1823,65.6427,69.2033,97900
2020-03-30,69.7655,71.4147,68.5887,71.1148,117800
2020-03-31,71.1598,73.4311,70.9274,71.5646,131800
2020-04-01,70.3952,73.1612,69.878,70.2378,195400
2020-04-02,70.3952,71.6096,69.5107,70.5076,159800
2020-04-03,71.1598,71.9244,69.2483,70.5751,182200
2020-04-06,71.707,72.9738,71.707,72.2617,156800
2020-04-07,72.2617,74.1882,71.0998,71.8869,296700
2020-04-08,72.1193,72.6815,70.6126,71.5871,131200
2020-04-09,71.9169,72.629,70.1328,70.74,305900
2020-04-13,70.74,71.0474,69.9155,70.2678,129800
2020-04-14,70.3352,71.8944,70.3352,71.7145,100900
2020-04-15,71.8569,72.644,71.6246,71.6995,125100
2020-04-16,72.2617,72.4191,70.9799,71.2123,156600
2020-04-17,71.5721,73.1013,69.4882,73.0263,268700
2020-04-20,72.3476,75.3791,71.8575,75.1302,126300
2020-04-21,74.7683,75.6506,73.8407,73.9086,116400
2020-04-22,74.2932,74.9493,73.4109,74.6778,109000
2020-04-23,74.3837,77.7771,74.3384,76.1633,171700
2020-04-24,76.1633,76.8722,74.1725,74.904,300900
2020-04-27,74.3384,76.1633,74.3384,76.0502,139700
2020-04-28,76.0728,80.1902,75.8542,79.9941,237200
2020-04-29,80.424,80.9745,78.7876,79.1797,131300
2020-04-30,79.1194,79.1194,77.1738,77.6037,122400
2020-05-01,76.6233,78.5237,75.8617,77.4604,146100
2020-05-04,77.3397,78.8705,76.1784,78.6292,111900
2020-05-05,78.961,80.1374,76.661,77.0381,101000
2020-05-06,77.1512,77.4604,75.0096,75.7863,103700
2020-05-07,75.7788,76.8571,75.0699,76.7289,82700
2020-05-08,77.0607,77.1814,76.0879,77.0381,73100
2020-05-11,76.5027,76.9476,76.1483,76.7892,268400
2020-05-12,77.204,78.2069,75.8617,75.9899,161900
2020-05-13,76.3443,76.5856,75.1152,75.4093,73000
2020-05-14,75.4017,76.3519,74.263,75.8542,68200
2020-05-15,76.1558,76.9702,75.5751,76.284,38600
2020-05-19,77.1512,77.204,73.9086,74.1198,207700
2020-05-20,75.2132,75.266,74.5873,74.9266,57400
2020-05-21,74.6778,76.2161,74.2857,75.364,60900
2020-05-22,75.2735,76.9778,74.625,75.7712,62700
2020-05-25,75.9296,76.6384,75.0397,76.6384,38000
2020-05-26,76.6686,76.7817,74.8889,75.2509,87000
2020-05-27,75.1981,75.3866,74.3384,74.6476,87100
2020-05-28,74.9719,79.1948,74.9719,78.8102,87700
2020-05-29,78.7574,78.7574,76.3368,77.5358,66900
2020-06-01,77.3624,77.3624,76.2011,77.0532,67900
2020-06-02,77.023,77.5282,76.1407,77.3246,31600
2020-06-03,77.3171,78.9836,77.1814,78.7348,53700
2020-06-04,78.599,80.1072,76.7214,77.0305,66500
2020-06-05,77.3925,78.6594,76.0502,76.5328,88200
2020-06-08,76.3896,77.4076,74.8663,75.6958,87200
2020-06-09,75.4168,75.7335,74.9643,75.2132,56400
2020-06-10,75.2132,76.6686,75.2132,76.0352,95300
2020-06-11,75.4092,75.4092,73.0188,73.0565,60300
2020-06-12,73.7653,75.0397,73.7653,74.1198,81900
2020-06-15,73.4939,74.3761,72.4985,74.1198,67500
2020-06-16,74.7683,74.7758,71.6463,72.1742,160500
2020-06-17,72.1742,72.7398,71.5483,72.2421,95500
2020-06-18,71.9178,74.3158,71.9178,73.4788,90300
2020-06-19,73.3808,74.8437,73.3355,74.723,147500
2020-06-22,75.3942,76.284,74.4139,74.444,85100
2020-06-23,74.5345,75.1076,74.1198,74.3158,71500
2020-06-24,74.2555,74.2555,73.2902,73.4034,66000
2020-06-25,72.7021,74.4742,72.6945,74.4138,80800
2020-06-26,74.361,74.6551,73.5919,74.0217,98800
2020-06-29,73.8483,75.922,73.8483,74.723,41700
2020-06-30,74.723,74.821,71.782,73.7578,148300
2020-07-02,74.5797,79.8358,74.263,77.7243,146800
2020-07-03,77.6338,77.6338,75.2886,75.5525,36500
2020-07-06,75.9824,76.1558,73.8935,75.1302,166800
2020-07-07,75.4017,76.1407,74.987,75.9974,50900
2020-07-08,75.5299,75.5299,72.2873,72.8001,136300
2020-07-09,72.868,73.4486,72.0008,72.2119,267700
2020-07-10,72.5739,73.343,72.3552,72.8755,110000
2020-07-13,72.8604,73.7427,72.0158,72.2119,130900
2020-07-14,71.6539,73.7955,71.6539,73.3732,69000
2020-07-15,74.0745,74.9794,72.4758,74.7758,103100
2020-07-16,74.6476,75.3791,73.5165,74.9342,169800
2020-07-17,76.1558,80.899,76.1483,79.0063,218700
2020-07-20,79.0364,79.2702,77.1663,77.5509,73200
2020-07-21,77.6715,77.6715,75.6732,75.7033,84800
2020-07-22,75.8617,75.8617,73.9915,74.8738,167400
2020-07-23,74.9869,75.5299,74.5797,75.1906,121900
2020-07-24,75.0473,75.6279,73.9765,74.4289,54700
2020-07-27,74.5275,75.1571,74.1862,74.7399,109000
2020-07-28,74.7627,75.9005,74.1558,75.5061,75900
2020-07-29,75.7488,76.166,74.8841,75.6654,66400
2020-07-30,75.7488,76.697,75.6047,76.5908,43000
2020-07-31,76.4315,77.5087,76.0522,77.448,116600
2020-08-04,78.1155,80.1484,77.2659,79.754,101500
2020-08-05,79.7236,80.0953,78.5934,79.2761,283100
2020-08-06,79.1168,79.2533,77.8424,79.1623,64100
2020-08-07,78.7527,79.6478,78.2293,78.4644,31600
2020-08-10,78.7451,79.6022,77.5086,78.1762,263000
2020-08-11,77.9638,78.4417,77.8955,78.1762,39000
2020-08-12,78.1762,80.2925,77.979,78.4189,132200
2020-08-13,77.5541,78.3051,77.2052,77.2431,29500
2020-08-14,77.3721,77.8728,76.9852,77.3114,61800
2020-08-17,78.0169,79.1395,77.3949,78.6768,82600
2020-08-18,78.3961,78.9044,78.0169,78.2368,42000
2020-08-19,78.1989,80.2925,77.8651,79.0637,85200
2020-08-20,79.0637,79.3519,77.8348,78.6085,85800
2020-08-21,78.6085,79.5795,78.2293,78.9271,55800
2020-08-24,78.5327,80.1105,78.4796,79.4278,85700
2020-08-25,79.9132,79.9132,77.8121,78.4113,148200
2020-08-26,78.3203,78.7754,77.2962,77.9562,132300
2020-08-27,77.5162,78.2975,77.5162,77.8576,55200
2020-08-28,77.6679,77.7817,75.9764,76.2495,88000
2020-08-31,75.8626,75.946,73.9283,74.171,85900
2020-09-01,73.9662,75.9764,73.6704,75.3619,139500
2020-09-02,97.8529,100.129,78.5251,86.6795,975800
2020-09-03,87.4229,88.4697,85.0031,86.0423,268100
2020-09-04,86.3989,87.2257,84.1687,85.7162,135000
2020-09-08,79.6478,82.2117,77.3721,80.9752,277400
2020-09-09,80.6566,83.0612,80.065,82.9323,130800
2020-09-10,83.4481,85.0183,82.9323,83.8729,131700
2020-09-11,84.0777,84.95,82.9702,83.7439,82900
2020-09-14,84.548,86.5657,83.835,85.8906,153900
2020-09-15,85.5038,86.7554,85.5038,85.6024,110800
2020-09-16,86.4368,88.1435,85.9437,86.4747,180400
2020-09-17,85.8148,86.4747,85.0031,85.9741,76600
2020-09-18,86.2471,86.2851,84.2142,84.7225,113400
2020-09-21,83.9715,83.9867,81.4152,82.3785,177000
2020-09-22,82.8564,83.1219,81.6958,82.7957,110600
2020-09-23,82.7957,83.1447,81.0511,81.1952,102600
2020-09-24,81.0131,81.3317,79.6402,80.7932,78500
2020-09-25,79.9132,84.1384,79.845,83.3419,99400
2020-09-28,84.0777,84.6163,82.5909,84.0018,53300
2020-09-29,83.7515,83.9108,82.5378,83.6757,45000
2020-09-30,83.7439,83.7439,82.6137,82.8261,62800
2020-10-01,82.5833,83.8577,82.5378,83.6074,87800
2020-10-02,83.3495,83.926,82.7502,83.7819,83000
2020-10-05,84.199,85.4886,84.0625,84.6845,59600
2020-10-06,85.3217,85.7086,83.1674,83.4026,38500
2020-10-07,83.0992,83.8198,82.151,82.4923,74600
2020-10-08,83.2433,83.4329,82.0068,82.4468,246100
2020-10-09,84.1839,84.2218,82.3558,82.4923,307300
2020-10-13,82.3937,84.017,80.687,81.2407,171200
2020-10-14,80.9449,80.96,79.1092,79.1092,121100
2020-10-15,79.1092,79.8374,78.0169,79.7464,98600
2020-10-16,79.7236,80.0801,78.0624,78.5099,59900
2020-10-19,80.5959,80.7856,75.7791,77.2887,231100
2020-10-20,77.9638,78.4265,75.6123,75.7185,233500
2020-10-21,76.0067,76.6135,75.3543,75.4302,146600
2020-10-22,75.8474,76.0447,73.6249,73.9966,240200
2020-10-23,73.989,75.0813,73.2835,73.5718,93800
2020-10-26,73.5869,73.9055,71.6223,72.396,125900
2020-10-27,72.3884,73.1546,72.1002,72.3657,166700
2020-10-28,72.8132,72.8132,70.3783,71.1899,286300
2020-10-29,71.3037,72.5629,70.8486,71.4781,113500
2020-10-30,71.4327,71.4327,69.4377,70.3935,145300
2020-11-02,70.4617,70.9244,69.3466,70.0066,187300
2020-11-03,70.0066,70.5376,68.846,69.8625,94500
2020-11-04,70.1431,70.4162,69.0356,70.1507,194200
2020-11-05,71.2885,71.2885,69.6197,70.2948,114900
2020-11-06,70.5527,71.0685,69.7942,69.8776,76200
2020-11-09,70.7637,71.3442,68.6707,69.8853,671700
2020-11-10,70.4964,71.1838,69.9693,70.6186,109200
2020-11-11,70.7331,72.0164,70.7331,71.9935,166900
2020-11-12,71.9859,72.3754,71.3213,72.047,130600
2020-11-13,72.3449,72.6428,71.9018,71.94,45100
2020-11-16,72.849,73.124,72.0317,72.9636,92000
2020-11-17,73.1622,73.315,71.7491,72.4136,119100
2020-11-18,72.5664,72.9484,71.4359,71.4588,141900
2020-11-19,71.4206,72.1692,70.5422,71.5887,88300
2020-11-20,73.1164,74.4302,72.1539,74.1018,156600
2020-11-23,74.5906,74.5906,72.9712,73.3837,76000
2020-11-24,73.5365,73.7351,72.3831,72.7879,94200
2020-11-25,72.7879,72.7879,71.3901,72.4442,185500
2020-11-26,72.4442,72.765,72.131,72.5511,14700
2020-11-27,72.2379,72.6351,71.9553,72.0928,40500
2020-11-30,72.1005,72.1386,71.1533,71.8102,108800
2020-12-01,71.8331,73.0476,71.6574,72.9407,97300
2020-12-02,73.0247,73.1698,72.5511,72.8643,62400
2020-12-03,72.9483,73.2692,72.322,72.7192,80800
2020-12-04,73.0324,73.0324,72.5664,72.8108,51300
2020-12-07,72.9483,73.399,72.4747,72.6428,186700
2020-12-08,72.6352,72.8261,72.2379,72.6428,70500
2020-12-09,72.7955,72.9865,72.0393,72.7879,90800
2020-12-10,72.7497,73.5671,72.4136,73.2462,128600
2020-12-11,73.0935,75.1253,73.0935,75.0184,150500
2020-12-14,75.4156,76.7371,75.0031,75.8128,164000
2020-12-15,76.1947,77.1419,75.9808,76.6683,93000
2020-12-16,76.653,77.287,75.3392,76.0267,60500
2020-12-17,75.744,76.3246,74.4608,75.4691,94300
2020-12-18,75.5225,76.4697,75.1635,76.0878,141400
2020-12-21,75.6982,75.7364,74.8198,75.2246,45100
2020-12-22,75.2399,75.2399,74.033,74.6823,147400
2020-12-23,74.8503,75.1253,74.5906,74.6823,43800
2020-12-24,74.6823,75.1635,74.6823,75.1635,48700
2020-12-29,76.0954,76.0954,75.217,75.9121,35200
2020-12-30,76.1947,76.3399,75.1712,75.3087,36800
2020-12-31,75.3086,75.4843,74.6517,74.751,26800
2021-01-04,74.8351,75.301,74.2851,74.5066,40900
2021-01-05,74.5219,75.9656,74.4379,75.3545,107100
2021-01-06,75.6295,75.6295,74.6899,74.9955,85400
2021-01-07,74.9955,75.1483,74.4608,74.858,94500
2021-01-08,74.8962,75.5149,74.667,75.0795,76100
2021-01-11,75.0871,75.0871,74.5066,74.8427,86000
2021-01-12,75.1406,75.1406,74.1552,74.6441,200800
2021-01-13,74.6365,74.7281,73.7886,74.3844,129100
2021-01-14,74.0789,74.4837,73.1087,73.3303,292000
2021-01-15,76.3857,77.9974,76.3857,77.7225,402600
2021-01-18,77.7301,81.5646,77.7301,81.3737,117700
2021-01-19,81.8396,82,78.2419,79.0897,197000
2021-01-20,78.8377,79.1585,78.1349,78.8148,132000
2021-01-21,78.9675,80.205,78.9675,80.0675,194700
2021-01-22,79.9987,81.1292,79.7772,80.8161,86000
2021-01-25,80.9765,82.8708,80.7549,82.2445,166000
2021-01-26,82.5653,84.2534,82.1451,83.0007,115700
2021-01-27,83.0007,84.2608,82.9085,83.6154,104900
2021-01-28,83.4463,84.3684,83.431,83.9612,92100
2021-01-29,83.7691,84.768,83.4771,83.746,140700
2021-02-01,83.9688,84.8755,83.5155,84.2147,85700
2021-02-02,84.2147,85.083,83.7768,84.1917,100100
2021-02-03,84.1379,84.2916,83.0775,84.1994,96200
2021-02-04,83.7691,85.2905,83.7691,84.6988,93300
2021-02-05,84.7372,85.1368,83.6308,85.0676,76600
2021-02-08,85.252,86.5045,84.8448,86.0665,101800
2021-02-09,86.3739,87.7416,86.1434,87.611,142200
2021-02-10,87.5956,88.6944,86.42,88.5254,205200
2021-02-11,87.488,89.5012,87.488,88.5868,84100
2021-02-12,88.6944,90.7076,88.3794,90.162,113000
2021-02-16,90.454,91.7141,90.454,91.0533,94800
2021-02-17,90.9381,91.2377,88.7559,89.3783,170400
2021-02-18,89.1324,89.6856,87.5956,89.5857,112900
2021-02-19,89.3475,89.8086,88.6637,89.3168,176200
2021-02-22,89.0325,89.6626,88.1181,88.8942,75600
2021-02-23,88.7328,88.7328,87.2883,88.218,108400
2021-02-24,87.8722,88.4101,87.2191,88.1565,38000
2021-02-25,87.9414,88.218,87.3497,87.78,62900
2021-02-26,87.903,88.9019,87.0347,88.4178,107600
2021-03-01,88.7559,89.8239,88.0797,89.1554,105000
2021-03-02,89.1939,89.993,89.0094,89.7471,38100
2021-03-03,89.6933,89.6933,88.6791,89.0709,82600
2021-03-04,88.4101,89.0709,87.8108,88.3025,55300
2021-03-05,88.4255,89.8239,88.4255,89.0863,106900
2021-03-08,89.1093,91.1148,89.0171,90.4002,75500
2021-03-09,90.6384,91.522,90.0006,90.6,105300
2021-03-10,90.892,90.892,88.8174,89.5089,53200
2021-03-11,89.386,90.1543,88.8942,89.7087,67500
2021-03-12,91.2531,91.4375,89.5012,90.5231,76800
2021-03-15,90.7383,92.521,90.5385,92.1368,66200
2021-03-16,93.2125,94.2575,91.8909,92.1444,154000
2021-03-17,93.3815,93.7427,91.8064,93.7119,88600
2021-03-18,93.5122,93.7811,91.7833,92.4364,68500
2021-03-19,91.5451,93.2432,91.4068,91.6373,125300
2021-03-22,91.4298,93.0127,91.1302,92.6593,104200
2021-03-23,92.7515,94.3727,92.4902,93.8426,91500
2021-03-24,93.7427,94.1883,91.2454,91.7679,81800
2021-03-25,91.2454,93.297,90.8613,93.0511,56000
2021-03-26,92.8514,93.2586,91.0533,91.8294,98100
2021-03-29,92.3058,92.7284,90.9996,91.5605,58300
2021-03-30,91.8063,92.5133,90.6384,91.645,118900
2021-03-31,91.6296,92.2213,90.2312,90.6692,112600
2021-04-01,90.8613,91.0841,90.3157,90.9458,26000
2021-04-05,91.4222,91.6296,90.4847,90.8997,49200
2021-04-06,90.8997,91.0764,90.2312,90.9458,54200
2021-04-07,91.1379,92.083,90.5846,92.0446,68900
2021-04-08,92.0445,92.8744,91.5605,92.6746,274000
2021-04-09,92.8821,92.8821,90.6077,91.038,264800
2021-04-12,91.3684,91.5144,90.6768,90.9919,131700
2021-04-13,90.915,91.6757,90.6384,91.0533,61100
2021-04-14,91.3453,93.1664,91.2301,91.3607,100700
2021-04-15,91.7449,93.4737,91.353,93.1203,103700
2021-04-16,93.1203,93.1203,91.0687,91.0994,58600
2021-04-19,92.8974,92.8974,91.1455,91.4606,73400
2021-04-20,91.4606,92.1137,90.9765,91.9523,46400
2021-04-21,91.8986,92.8513,91.0918,91.5451,65700
2021-04-22,90.9227,91.5605,90.6307,90.8228,48500
2021-04-23,91.4222,91.7372,90.6077,90.892,34800
2021-04-26,91.116,92.3444,90.9769,91.425,58100
2021-04-27,91.1701,91.3169,89.6173,89.9263,64200
2021-04-28,90.2585,90.5907,89.3005,89.4936,50600
2021-04-29,89.4164,90.6988,89.4164,90.0035,42700
2021-04-30,89.6172,90.4825,89.6172,90.1967,38700
2021-05-03,89.9726,91.0774,89.9726,90.6525,27200
2021-05-04,90.6602,91.425,90.2276,91.2242,72400
2021-05-05,91.1624,91.4328,90.6525,91.1624,90400
2021-05-06,90.6834,91.3169,90.413,91.1624,41500
2021-05-07,90.5752,91.9581,90.4825,91.4096,19400
2021-05-10,91.6105,92.4216,91.1237,91.3478,328700
2021-05-11,91.1624,91.3478,90.3357,91.0542,35800
2021-05-12,90.0113,92.0508,90.0035,91.4714,45300
2021-05-13,91.904,92.4371,91.3941,91.9426,26400
2021-05-14,92.3599,93.032,91.7341,92.3753,54800
2021-05-17,92.3753,92.4835,91.1624,91.201,28600
2021-05-18,90.9692,91.9195,90.4903,91.1624,37000
2021-05-19,90.9074,91.5564,90.2121,90.2971,45100
2021-05-20,90.4053,90.7915,89.5168,89.6095,58500
2021-05-21,89.2619,89.2619,86.9674,87.8403,81600
2021-05-25,88.0798,89.6095,87.8249,89.2155,60200
2021-05-26,89.1923,91.5487,88.2498,91.3401,87500
2021-05-27,91.1469,91.6182,90.6061,90.6525,65600
2021-05-28,89.2696,91.9349,89.2696,91.0388,39500
2021-05-31,91.7804,91.7804,89.6173,89.6327,14300
2021-06-01,89.9726,90.3512,89.7563,90.2198,37600
2021-06-02,90.2739,91.1315,90.2508,91.0001,54700
2021-06-03,91.2628,91.7032,90.637,91.0774,42000
2021-06-04,91.5873,91.6877,91.0851,91.1006,57600
2021-06-07,91.1006,91.7341,91.062,91.1469,43600
2021-06-08,91.5023,92.0894,90.8688,91.0001,75600
2021-06-09,90.9692,91.456,90.892,91.3401,154100
2021-06-10,90.8224,92.3367,90.7761,91.6954,46900
2021-06-11,91.5255,91.5255,91.0079,91.0928,59400
2021-06-14,90.637,91.6105,90.5907,91.1006,59100
2021-06-15,91.2165,92.1281,91.0156,91.1469,42400
2021-06-16,91.0156,91.2783,90.7606,90.9461,63700
2021-06-17,91.0619,91.0619,89.1614,90.1503,119900
2021-06-18,90.0267,90.0267,88.3503,88.3812,394300
2021-06-21,88.9374,89.2464,87.8404,88.8601,107400
2021-06-22,88.9606,89.4318,88.3425,88.837,91900
2021-06-23,88.9606,88.9606,87.2069,87.8713,88200
2021-06-24,87.9176,88.497,87.4309,88.1494,57000
2021-06-25,88.1494,88.8524,87.8867,88.0721,104700
2021-06-28,88.6516,89.0147,87.5313,88.8138,89400
2021-06-29,89.1228,89.4086,88.6902,88.9297,45300
2021-06-30,90.0576,93.7273,90.0576,93.6423,174700
2021-07-02,94.1136,94.3453,93.1942,93.7814,81300
2021-07-05,92.8697,94.693,92.8697,93.5032,31400
2021-07-06,94.0595,94.0595,91.904,92.7384,72000
2021-07-07,92.8388,93.0938,92.2362,92.7075,51200
2021-07-08,92.6843,92.7075,91.5255,91.8191,233200
2021-07-09,92.1281,93.9204,91.765,93.735,125400
2021-07-12,93.735,94.3685,93.7118,93.9977,83000
2021-07-13,93.905,95.0793,93.905,94.384,51600
2021-07-14,94.6312,94.6312,93.2638,94.1754,50500
2021-07-15,92.2594,93.2406,91.8577,93.0242,77300
2021-07-16,93.0243,93.4105,92.5453,93.0861,42100
2021-07-19,92.7075,93.7041,91.9504,92.7461,92000
2021-07-20,92.7462,93.6423,92.3985,92.638,49500
2021-07-21,92.6303,92.947,92.5762,92.8311,24200
2021-07-22,92.6921,92.9393,92.3908,92.6689,25100
2021-07-23,92.9006,93.4105,92.6689,92.8852,37100
2021-07-26,92.8852,93.48,92.0045,92.2517,33900
2021-07-27,92.4303,93.1372,92.0031,92.8964,73100
2021-07-28,92.8964,93.2614,91.6536,91.7313,53400
2021-07-29,91.8167,92.0497,91.6458,91.7701,24100
2021-07-30,91.6614,92.1197,90.7759,91.7546,63800
2021-08-03,91.6536,92.1274,90.807,90.8458,28900
2021-08-04,91.3818,91.8012,90.5429,91.1488,31000
2021-08-05,91.6536,91.6536,89.9837,90.5274,34300
2021-08-06,90.1002,91.2186,89.7506,90.9701,46700
2021-08-09,90.6361,92.1041,90.6361,91.6381,42600
2021-08-10,91.3818,92.0264,90.7448,90.9468,38700
2021-08-11,90.9468,91.6303,90.939,91.0089,17200
2021-08-12,90.939,91.506,90.2788,90.3953,20600
2021-08-13,90.3953,91.7002,90.3953,90.6439,24800
2021-08-16,90.7371,90.9313,90.2788,90.3332,21300
2021-08-17,89.7662,90.4963,88.9894,89.4632,40000
2021-08-18,89.5953,89.6031,88.4846,89.2458,56500
2021-08-19,89.339,90.4031,88.6244,89.8982,58200
2021-08-20,90.2167,90.2866,89.4866,89.9681,41100
2021-08-23,89.8671,90.7526,89.7739,90.5817,21300
2021-08-24,90.5817,90.706,89.8904,90.0691,37200
2021-08-25,89.8671,90.5041,89.1914,90.2089,37500
2021-08-26,90.2944,90.706,89.1836,90.6128,49000
2021-08-27,90.6749,91.0944,90.038,90.1002,48400
2021-08-30,90.4264,90.9468,89.8128,90.8769,38500
2021-08-31,90.8769,91.2963,90.0691,90.1079,32400
2021-09-01,90.1079,90.9701,89.9371,90.6206,38400
2021-09-02,90.6982,92.6401,90.6982,92.4226,47500
2021-09-03,91.708,92.508,91.6381,91.7235,16900
2021-09-07,91.8323,91.8323,89.9992,89.9992,47500
2021-09-08,90.5041,91.0012,89.7118,90.7138,72600
2021-09-09,90.6516,90.6516,89.2768,89.6341,286900
2021-09-10,89.7817,89.8438,89.0205,89.238,20500
2021-09-13,89.7895,89.7895,88.6787,89.1448,35500
2021-09-14,89.1448,89.5254,88.9506,89.1293,66900
2021-09-15,89.1681,89.3778,88.5467,89.1914,57900
2021-09-16,89.572,89.7118,88.9195,89.2768,60100
2021-09-17,89.3157,89.3235,88.5157,88.7953,101700
2021-09-20,88.539,88.873,87.1719,88.5856,232400
2021-09-21,88.7564,89.4477,88.2593,88.6244,24000
2021-09-22,88.8652,89.2069,88.3525,88.5389,18500
2021-09-23,88.5778,88.6943,88.1584,88.3215,46700
2021-09-24,88.3215,88.4147,87.8477,88.1972,36100
2021-09-27,88.1894,88.3991,87.8321,88.1195,48600
2021-09-28,87.9719,89.3234,87.7778,88.7409,72400
2021-09-29,88.7409,89.1215,87.8632,88.5467,40800
2021-09-30,88.3059,88.5933,87.3739,87.4282,66700
2021-10-01,87.7001,87.7001,86.5117,87.0865,57700
2021-10-04,87.1952,87.2806,86.636,87.1564,27400
2021-10-05,87.2418,87.335,86.3874,87.1875,67500
2021-10-06,87.2807,87.9719,86.6981,87.3816,41700
2021-10-07,87.5214,88.0341,86.9001,87.8321,62800
2021-10-08,87.8321,87.8321,86.3641,86.5039,148500
2021-10-12,86.7059,86.7447,85.2223,85.3311,132300
2021-10-13,85.6961,85.6961,83.8087,84.1272,87200
2021-10-14,84.5388,84.6864,83.2805,83.8786,124000
2021-10-15,84.1815,84.1815,83.5834,83.8087,124800
2021-10-18,84.1349,84.1815,83.1951,83.6999,64300
2021-10-19,84.1349,84.1349,83.5058,83.8864,31000
2021-10-20,83.9796,84.2359,83.731,84.1971,31600
2021-10-21,84.1971,84.1971,83.731,83.964,32100
2021-10-22,83.964,84.4767,83.8941,84.2048,23100
2021-10-25,84.0184,84.0184,83.032,83.164,94700
2021-10-26,83.4514,84.6398,83.2961,83.3271,35600
2021-10-27,83.0397,83.3737,82.5892,82.8766,34500
2021-10-28,83.1329,84.6553,82.8844,84.0106,69900
2021-10-29,84.2126,84.2126,82.4417,82.5582,56000
2021-11-01,82.5659,84.4378,81.5173,81.7271,63800
2021-11-02,81.9523,82.0999,80.7872,81.6572,130200
2021-11-03,81.6028,82.3329,81.4086,81.8591,66800
2021-11-04,81.7659,82.7756,81.1368,82.0611,91400
2021-11-05,82.0688,83.9873,81.564,82.3096,121300
2021-11-08,82.3096,83.2339,82.0378,82.8844,121600
2021-11-09,82.9155,83.4048,82.6281,82.83,63100
2021-11-10,83.8631,83.8631,81.9679,82.3174,108000
2021-11-11,82.5271,82.8145,82.2242,82.5271,81700
2021-11-12,82.6436,83.0941,80.4299,80.8028,114900
2021-11-15,81.1523,81.1523,77.657,78.2784,118600
2021-11-16,78.3716,78.7289,77.4939,78.0299,83500
2021-11-17,78.0298,78.3405,77.222,77.4706,66000
2021-11-18,77.2842,77.2842,76.4298,76.9968,102100
2021-11-19,76.8337,77.4628,76.3599,76.857,122500
2021-11-22,76.857,76.8648,75.8938,76.4609,92500
2021-11-23,76.4997,77.5793,76.0492,77.2376,211300
2021-11-24,77.3745,78.2741,77.1085,78.0316,97900
2021-11-25,78.1567,79.072,77.8673,78.9312,66200
2021-11-26,78.9312,78.9312,77.2728,77.8126,46400
2021-11-29,77.8126,78.0081,76.6704,77.3823,59500
2021-11-30,77.4918,77.4918,75.5987,76.3732,110000
2021-12-01,76.6626,77.3276,75.9508,75.9508,49700
2021-12-02,77.4449,78.2428,76.6626,77.4058,92900
2021-12-03,78.1411,78.6261,77.7109,78.1802,82100
2021-12-06,78.1802,78.3602,77.484,77.969,96000
2021-12-07,78.4227,78.7122,77.4449,77.5701,79800
2021-12-08,77.4449,78.8686,77.4449,78.4697,114100
2021-12-09,78.3993,78.8764,77.617,77.6796,46300
2021-12-10,77.7109,77.7109,76.2715,77.2963,87500
2021-12-13,76.6626,77.2884,76.2715,77.0068,87300
2021-12-14,76.9051,76.9051,75.6691,75.9351,137900
2021-12-15,76.115,76.1385,75.0902,75.4657,68300
2021-12-16,75.2624,76.295,75.2624,75.8178,56100
2021-12-17,75.6378,77.3197,75.4814,77.1476,504000
2021-12-20,76.514,76.9521,75.63,76.2167,71000
2021-12-21,76.6626,77.6639,76.2324,77.0538,45100
2021-12-22,77.0537,78.3054,76.7408,77.4449,61900
2021-12-23,78.0316,78.2193,77.351,77.5231,41900
2021-12-24,77.8595,78.3132,77.75,78.3132,7900
2021-12-29,79.5961,79.5961,77.4449,78.0081,44800
2021-12-30,78.0863,78.7669,77.7343,78.5557,50200
2021-12-31,78.5322,78.8295,78.2819,78.7982,29900
2022-01-04,78.235,79.2441,78.0785,78.3523,45300
2022-01-05,78.7982,79.7839,78.3758,78.4618,99800
2022-01-06,78.4619,78.7748,77.836,78.1489,41300
2022-01-07,78.1489,79.2128,78.1489,78.8999,51800
2022-01-10,79.3145,80.4019,78.7904,80.3002,73500
2022-01-11,80.2376,80.3158,78.9468,79.823,101700
2022-01-12,80.1672,80.1672,77.6092,77.6248,152100
2022-01-13,77.6796,78.4384,76.9755,77.9221,94800
2022-01-14,79.0016,79.6274,77.1554,77.2102,99700
2022-01-17,77.1398,78.0081,76.9442,77.8047,54200
2022-01-18,77.6326,77.6326,76.2324,76.5844,271900
2022-01-19,76.6861,78.7669,76.3106,78.6183,95200
2022-01-20,78.8764,79.5414,78.0081,78.0551,80900
2022-01-21,77.836,77.836,76.2871,76.3106,63900
2022-01-24,76.6939,76.7643,74.7069,76.6235,139200
2022-01-25,76.3184,77.1242,75.3093,76.5218,91900
2022-01-26,76.7779,77.4555,75.6433,76.1239,83900
2022-01-27,76.4312,76.9828,76.1554,76.3445,90000
2022-01-28,76.1948,79.6303,76.1948,79.6066,89400
2022-01-31,79.189,82.3172,79.189,82.2147,130200
2022-02-01,81.742,83.0736,80.9068,81.6474,135500
2022-02-02,81.5135,81.9626,80.9067,81.8208,60700
2022-02-03,81.2692,81.9468,80.4497,80.9619,69500
2022-02-04,80.954,81.7735,80.7649,81.3243,38400
2022-02-07,81.1589,81.6159,80.8831,81.1274,76000
2022-02-08,81.4504,82.656,80.4419,82.199,67500
2022-02-09,82.459,83.3179,82.4038,82.8372,79000
2022-02-10,82.6718,83.8379,82.6718,82.9239,54300
2022-02-11,83.1445,83.5227,82.7978,83.0657,64300
2022-02-14,82.9869,83.6331,82.7821,83.1997,57800
2022-02-15,83.2312,83.4282,82.7505,83.05,36200
2022-02-16,83.4282,83.7828,81.5686,83.0342,41800
2022-02-17,84.0743,84.0822,82.4275,82.6087,62200
2022-02-18,82.6087,82.9948,81.8996,82.5142,56300
2022-02-22,81.9153,82.8687,81.805,82.2069,69500
2022-02-23,82.0966,82.3645,80.9856,81.0407,62500
2022-02-24,79.8982,80.04,79.2048,79.5042,48400
2022-02-25,80.1188,80.891,79.583,80.3552,50600
2022-02-28,79.2284,80.3079,79.2284,79.7406,57400
2022-03-01,80.0794,80.4103,78.6138,79.4254,58800
2022-03-02,79.1417,80.04,78.9054,79.7485,29800
2022-03-03,79.7327,80.0558,79.3781,79.3781,24800
2022-03-04,78.5271,80.4576,78.5271,80.2921,49000
2022-03-07,79.9061,82.522,79.2127,82.4275,53300
2022-03-08,82.1359,84.4446,81.9468,82.7427,121300
2022-03-09,83.1366,83.4518,82.3644,82.6717,39400
2022-03-10,81.9862,82.459,81.0643,81.5135,137300
2022-03-11,81.7577,82.262,80.5285,81.3086,63900
2022-03-14,80.9619,81.8681,79.8036,81.4347,40600
2022-03-15,81.5056,81.7262,79.5436,80.0321,66000
2022-03-16,80.0321,81.3874,80.0321,81.2062,34500
2022-03-17,81.151,81.7498,80.7807,81.2298,95800
2022-03-18,80.8989,81.0171,79.2678,79.5751,136100
2022-03-21,79.5515,80.7649,79.3387,80.6388,35900
2022-03-22,80.7886,82.1044,80.4655,81.4426,51500
2022-03-23,82.6245,82.6245,81.1195,81.1747,54200
2022-03-24,82.3487,82.3487,80.6231,80.7649,81800
2022-03-25,81.1746,81.4504,80.7728,80.8437,23500
2022-03-28,81.3086,81.3086,80.4498,80.8358,27200
2022-03-29,82.0493,82.1517,80.9462,81.5765,45100
2022-03-30,81.9941,82.7505,80.7649,82.6717,50100
2022-03-31,81.9626,83.1367,81.4426,81.5371,35800
2022-04-01,81.5844,81.7735,80.757,81.6395,205400
2022-04-04,81.608,82.7348,81.3559,82.4669,38200
2022-04-05,82.4511,83.8379,82.1438,82.2305,332800
2022-04-06,81.9232,83.6252,81.5056,83.6252,68100
2022-04-07,83.2864,84.3265,82.853,84.1216,66200
2022-04-08,83.9246,84.6889,83.5543,84.1452,65700
2022-04-11,84.161,84.7126,83.3337,83.4755,176700
2022-04-12,84.3186,85.1223,84.0979,84.9804,93900
2022-04-13,85.1617,85.4296,83.8222,84.6101,237000
2022-04-14,85.6975,88.0929,85.6345,87.297,118600
2022-04-18,87.297,89.8579,87.297,89.2748,87300
2022-04-19,88.7862,90.3464,88.7862,89.3221,136200
2022-04-20,89.1881,89.9761,89.1881,89.6372,67400
2022-04-21,89.5033,89.5821,88.5814,88.865,89200
2022-04-22,88.345,89.2433,87.2655,87.4152,72900
2022-04-25,87.7619,87.7619,85.9812,87.3837,97600
2022-04-26,87.8793,87.8793,85.5479,85.762,65100
2022-04-27,86.0079,86.3092,85.2149,85.3259,61300
2022-04-28,86.1506,86.444,85.3338,85.7303,117500
2022-04-29,84.9294,86.0792,83.3831,83.6606,110500
2022-05-02,82.7963,83.0262,78.982,79.1644,281400
2022-05-03,79.2674,79.8463,78.8551,78.9106,87000
2022-05-04,78.8551,79.1406,77.0867,77.9669,77400
2022-05-05,78.0859,78.4427,76.484,77.0867,110500
2022-05-06,76.6902,76.8092,75.7307,75.8496,72000
2022-05-09,75.6117,77.9193,74.9377,76.4761,126900
2022-05-10,76.9123,78.2683,76.2779,76.4444,100700
2022-05-11,76.2699,76.7854,75.3342,75.7783,117600
2022-05-12,75.3342,76.5157,74.3826,76.1272,92000
2022-05-13,76.3889,79.9415,76.0717,79.5926,83100
2022-05-16,79.3943,80.9644,79.204,80.3697,319900
2022-05-17,81.5354,81.575,80.2666,80.8851,60500
2022-05-18,80.5124,82.0033,80.5124,81.2499,68200
2022-05-19,81.2896,81.8129,80.9406,81.0279,78000
2022-05-20,80.5521,82.0746,80.5521,81.6147,40700
2022-05-24,81.0517,82.0826,81.0517,81.8288,65500
2022-05-25,82.0746,83.9461,82.0746,83.6844,60800
2022-05-26,83.7082,84.5805,83.5575,83.8192,102600
2022-05-27,83.954,84.6518,83.9064,84.176,47800
2022-05-30,84.1761,85.0008,83.5734,84.0413,20200
2022-05-31,84.1998,84.5408,82.8121,83.4624,138400
2022-06-01,83.4227,83.7399,82.257,82.8121,75000
2022-06-02,82.257,83.3989,79.2991,79.434,138200
2022-06-03,79.4022,80.5679,78.9026,79.315,94400
2022-06-06,79.5291,80.5203,78.6727,79.0692,296300
2022-06-07,78.5617,79.2992,78.4982,78.8789,50400
2022-06-08,79.0216,79.0216,77.5149,77.8321,90400
2022-06-09,77.7132,78.189,77.2453,77.7766,39300
2022-06-10,77.3167,78.3,76.6426,77.2929,49900
2022-06-13,76.6347,76.8329,75.6831,76.2303,45300
2022-06-14,76.0717,77.1581,75.1439,75.7069,45200
2022-06-15,75.9289,76.4127,74.5888,74.5888,104200
2022-06-16,74.2399,74.6364,71.1789,71.5516,93900
2022-06-17,74.002,74.002,71.734,72.0591,115200
2022-06-20,72.2574,72.7649,71.4485,72.2257,79800
2022-06-21,72.6935,72.6935,71.6944,71.8688,117800
2022-06-22,71.8688,71.8688,69.8467,70.8459,98300
2022-06-23,70.9886,70.9886,68.9506,69.4899,124000
2022-06-24,69.6802,71.9243,69.6802,71.623,83000
2022-06-27,71.6864,72.5111,71.3692,71.9878,146700
2022-06-28,72.4874,73.5103,72.1464,72.5746,168300
2022-06-29,70.1877,71.853,69.2599,69.8625,136300
2022-06-30,69.0616,70.2035,68.8237,69.0458,98800
2022-07-04,69.1568,71.1868,69.0458,70.7348,33300
2022-07-05,70.6318,71.1393,69.5929,70.9886,35200
2022-07-06,71.1313,71.4485,70.4494,70.7507,40500
2022-07-07,71.1551,71.9798,69.8229,69.8705,51600
2022-07-08,70.0846,71.2344,69.6167,70.7348,53600
2022-07-11,69.9498,70.7507,69.6247,69.7991,77600
2022-07-12,69.9498,71.4248,69.4106,70.7507,116000
2022-07-13,70.1639,70.7745,68.1735,68.6889,110400
2022-07-14,68.4748,69.8229,67.8166,68.0545,212000
2022-07-15,67.3171,67.3171,64.8667,65.1601,87000
2022-07-18,64.9777,66.5716,64.8588,65.4218,71500
2022-07-19,65.6201,66.6351,64.5812,66.4923,79500
2022-07-20,66.9761,67.1822,66.1514,67.0157,40400
2022-07-21,67.0157,68.0545,66.5875,67.9197,52800
2022-07-22,67.9197,68.4114,67.555,67.9197,58000
2022-07-25,67.9435,68.9903,67.658,68.1021,68400
2022-07-26,68.234,68.282,67.4904,67.9302,131100
2022-07-27,67.8263,68.5938,67.6744,68.0981,45500
2022-07-28,68.0981,68.242,66.6669,66.9068,100700
2022-07-29,66.6749,67.4345,66.2112,66.2751,51600
2022-08-02,65.9633,66.0193,64.764,65.5156,134900
2022-08-03,65.4836,66.1152,64.2043,65.6675,93600
2022-08-04,66.3871,67.3625,66.0832,66.7708,66700
2022-08-05,66.7709,66.8988,66.0433,66.6349,37300
2022-08-08,66.6189,67.7943,66.1072,66.3231,33400
2022-08-09,66.2112,66.563,65.3317,65.6115,48600
2022-08-10,65.5635,67.0667,65.5635,66.3311,119500
2022-08-11,66.451,68.0341,66.3471,67.2826,78700
2022-08-12,67.5224,68.5299,67.4904,68.21,63300
2022-08-15,68.0821,68.266,67.3705,67.9302,58500
2022-08-16,68.5778,69.4494,67.4825,68.9856,79900
2022-08-17,68.9776,68.9776,67.6983,67.7703,21300
2022-08-18,67.8023,68.25,66.8348,67.8343,34900
2022-08-19,67.2906,68.0981,67.2906,67.9542,29600
2022-08-22,66.9228,67.7303,66.7629,67.1227,16300
2022-08-23,67.2586,67.5544,66.3231,66.483,50800
2022-08-24,66.499,67.0907,65.9633,66.9628,30700
2022-08-25,66.9627,67.4505,66.3791,67.3385,43400
2022-08-26,67.5704,67.5704,66.603,66.7389,25700
2022-08-29,66.4191,66.6189,65.6595,66.1712,21400
2022-08-30,66.3871,66.435,64.8439,64.8759,46800
2022-08-31,64.764,65.2197,64.1643,64.2922,47500
2022-09-01,64.3082,64.3162,62.7571,63.1009,108000
2022-09-02,63.1329,63.9164,62.949,63.1569,46300
2022-09-06,62.7731,62.901,60.5103,60.6942,66200
2022-09-07,60.5663,62.1814,60.4144,61.9815,102400
2022-09-08,61.2619,62.0295,60.7502,61.2779,159400
2022-09-09,61.3738,63.4767,61.3658,63.0689,113600
2022-09-12,63.3967,63.9884,62.6292,62.821,124400
2022-09-13,62.3653,62.853,61.5658,61.8936,101000
2022-09-14,63.1729,63.1729,61.9176,62.2294,54500
2022-09-15,62.3653,63.0609,61.038,61.4458,80600
2022-09-16,60.6942,62.1974,60.4064,61.9975,165400
2022-09-19,61.4058,62.2134,60.9181,61.2939,53000
2022-09-20,60.9901,60.9901,59.7268,60.6383,45200
2022-09-21,60.9261,61.062,60.1905,60.5743,58400
2022-09-22,60.3264,61.2219,60.0466,60.2305,48100
2022-09-23,60.1905,60.4064,59.383,59.5828,62800
2022-09-26,59.1751,59.6068,57.568,57.6879,54600
2022-09-27,57.7519,58.6394,56.5845,56.7764,78200
2022-09-28,56.7604,57.8318,56.6645,56.7125,63200
2022-09-29,56.5765,57.592,56.0888,57.2561,81500
2022-09-30,57.456,57.9677,57.0403,57.6559,40400
2022-10-03,57.9997,58.7913,57.576,57.9118,38900
2022-10-04,58.0877,58.6953,57.6319,57.9678,88200
2022-10-05,57.48,59.0072,56.6964,58.3515,144700
2022-10-06,58.0317,58.0317,56.0328,56.8484,126600
2022-10-07,55.9689,56.0328,53.4822,53.6022,87400
2022-10-11,53.2744,53.2744,51.6033,51.9951,171900
2022-10-12,51.5473,52.2989,51.5473,51.9711,151600
2022-10-13,51.2595,53.0025,49.8523,52.2749,275000
2022-10-14,52.2909,52.6187,51.7632,51.7792,149900
2022-10-17,52.179,53.5702,52.0271,52.5468,231500
2022-10-18,53.0585,53.7941,52.7547,52.9705,79800
2022-10-19,52.6907,53.4902,52.107,53.4822,60000
2022-10-20,51.9951,53.1864,51.8831,51.9071,150000
2022-10-21,51.8272,52.155,51.3874,52.139,55300
2022-10-24,52.171,52.8746,52.075,52.4188,87100
2022-10-25,52.3389,53.7381,52.3389,53.6022,139800
2022-10-26,52.6587,54.7935,52.6587,54.5137,118600
2022-10-27,53.946,55.657,53.5062,54.1699,142900
2022-10-28,58.1197,58.1197,55.3292,56.6085,119500
2022-10-31,56.3047,57.576,55.1373,55.5531,150700
2022-11-01,56.1927,57.7918,55.9689,57.2881,48000
2022-11-02,57.576,57.8158,55.8969,56.6165,101000
2022-11-03,56.4966,57.2961,56.2087,56.2647,84200
2022-11-04,56.7604,56.7604,55.6411,55.9929,57900
2022-11-07,56.0168,56.6965,54.8175,56.2967,87800
2022-11-08,56.7684,57.2002,56.2087,56.7764,90700
2022-11-09,56.8298,57.9777,56.2558,57.5088,62900
2022-11-10,58.4061,59.8774,57.4926,57.7352,169900
2022-11-11,58.204,60.1927,58.1232,58.4708,275300
2022-11-14,58.4708,59.6591,58.4708,58.8669,303600
2022-11-15,59.4004,60.9525,59.3762,59.4166,99100
2022-11-16,59.6591,59.8774,58.972,59.4166,134800
2022-11-17,59.4651,60.2169,58.7618,60.1361,148800
2022-11-18,60.3786,61.3163,59.3358,59.9097,131100
2022-11-21,59.7238,60.3786,59.0367,59.1418,214700
2022-11-22,59.4409,59.6025,58.2283,59.0933,145500
2022-11-23,59.0043,60.2492,59.0043,59.7885,131800
2022-11-24,59.9825,60.5564,59.8208,59.8208,78000
2022-11-25,60.2169,61.0981,59.8289,60.4999,140100
2022-11-28,60.322,61.3972,60.1765,61.0496,151700
2022-11-29,61.0253,61.2193,60.6292,60.8879,139000
2022-11-30,61.0576,61.09,59.6106,60.8394,51800
2022-12-01,60.7828,63.1271,60.6454,62.9654,102200
2022-12-02,62.5774,63.1675,62.3511,62.9493,90300
2022-12-05,62.7229,63.8223,62.7229,62.9978,140400
2022-12-06,62.9008,63.8385,62.1571,62.1571,130300
2022-12-07,62.2621,62.9574,60.5484,60.6373,185300
2022-12-08,60.8475,62.5774,60.8475,61.4376,155500
2022-12-09,61.4376,61.4376,60.3624,60.7585,60100
2022-12-12,60.3139,61.6316,60.3058,61.2597,47200
2022-12-13,61.6397,62.4481,61.5023,61.5265,57300
2022-12-14,61.4295,61.7852,60.7828,61.1385,102000
2022-12-15,61.1304,61.1304,59.9582,60.4756,62300
2022-12-16,60.0552,60.7504,59.5459,60.5726,114700
2022-12-19,60.5726,60.5726,58.1636,58.2364,164300
2022-12-20,58.5112,58.8831,58.0343,58.4627,88800
2022-12-21,58.7295,60.2978,58.7295,59.4813,60400
2022-12-22,59.9663,60.4675,59.1984,59.9502,51600
2022-12-23,59.9502,60.3463,59.2954,59.837,107900
2022-12-28,58.9154,59.9906,58.9154,59.2711,70000
2022-12-29,59.6025,61.4295,59.6025,61.1951,258300
2022-12-30,61.4295,62.5774,61.4295,62.0762,69200
2023-01-03,62.9088,63.8466,62.5855,63.1999,112900
2023-01-04,63.119,64.5822,62.6502,64.364,119400
2023-01-05,63.9759,64.4852,62.9169,64.4286,148600
2023-01-06,64.663,65.6574,64.4933,65.5361,95100
2023-01-09,65.5361,66.1505,64.7277,64.9379,175500
2023-01-10,65.6897,65.8595,64.1619,64.4448,147300
2023-01-11,64.4448,66.2394,64.2912,65.908,218800
2023-01-12,66.2475,66.3122,65.617,65.9969,159700
2023-01-13,62.5532,62.7876,58.7295,58.9154,331500
2023-01-16,58.6325,58.6486,55.6172,56.2477,249900
2023-01-17,56.2558,56.9025,55.0836,55.7384,371300
2023-01-18,55.0675,56.6519,55.0675,55.4393,337100
2023-01-19,55.4959,55.7223,53.7741,53.8145,222300
2023-01-20,53.9196,55.5283,53.5558,55.4232,216100
2023-01-23,55.7869,55.8597,54.7926,55.3666,156700
2023-01-24,55.2938,55.2938,54.3884,54.5259,204700
2023-01-25,54.9397,55.5694,54.7925,54.9969,190400
2023-01-26,55.2586,55.9292,54.7434,55.8883,141400
2023-01-27,55.8147,56.9514,55.8147,56.2154,145000
2023-01-30,56.1009,56.657,55.6348,56.5834,188500
2023-01-31,56.4199,56.6979,55.9619,56.2236,226300
2023-02-01,56.2645,57.6875,56.011,57.5076,214600
2023-02-02,57.6302,58.5952,57.6302,57.8674,85000
2023-02-03,57.6629,57.8837,57.3031,57.5076,83600
2023-02-06,57.2458,57.5648,56.9024,57.2458,139700
2023-02-07,57.4012,57.4094,55.7493,56.1336,231900
2023-02-08,56.3872,57.254,56.0927,57.0005,99700
2023-02-09,57.3195,57.7038,56.3299,56.6734,104000
2023-02-10,56.4035,56.8779,55.8393,56.5916,156900
2023-02-13,56.6734,56.8942,56.6162,56.837,135900
2023-02-14,57.1068,57.2458,56.5425,56.7961,153800
2023-02-15,56.747,57.3358,55.8311,57.1804,168600
2023-02-16,57.0332,60.0509,56.428,59.4048,370800
2023-02-17,59.9201,60.6724,58.3826,60.5825,310500
2023-02-21,60.5252,60.5252,57.6793,58.0473,204500
2023-02-22,58.08,59.0614,57.3767,57.9737,151700
2023-02-23,58.3826,58.3826,57.4585,58.0555,66200
2023-02-24,57.8592,58.219,56.9187,57.8101,154600
2023-02-27,57.7202,58.0064,57.5893,57.6875,74100
2023-02-28,57.6793,58.0882,56.8697,57.2867,166300
2023-03-01,57.1314,57.6711,55.7002,56.0928,158700
2023-03-02,55.9292,56.2236,55.3159,55.4794,92400
2023-03-03,55.7002,55.8556,55.1932,55.3077,142200
2023-03-06,55.3731,55.3731,54.4899,55.0051,151400
2023-03-07,54.956,55.0542,54.2609,54.6453,184300
2023-03-08,54.7925,54.7925,53.5576,53.7048,107900
2023-03-09,53.762,53.762,52.2,52.2082,132000
2023-03-10,52.2082,52.2818,51.0469,51.1124,146000
2023-03-13,51.0061,51.3413,49.1905,49.9838,116500
2023-03-14,50.2291,50.8997,49.6894,49.9184,113900
2023-03-15,49.485,51.2678,49.0679,51.0142,140400
2023-03-16,50.7362,51.0633,49.6403,50.867,73500
2023-03-17,50.8016,51.0551,50.1392,50.3682,425000
2023-03-20,50.5317,51.5294,50.499,51.5294,80800
2023-03-21,51.7257,52.2573,50.9979,50.9979,67200
2023-03-22,50.9406,51.3332,50.6299,50.7198,46900
2023-03-23,50.9243,51.8484,50.8997,51.3086,77400
2023-03-24,51.1614,51.4477,51.1205,51.3332,33600
2023-03-27,51.1778,52.0528,51.1778,51.3086,72400
2023-03-28,51.554,52.2246,51.1696,52.1101,67800
2023-03-29,52.3881,52.6498,51.2514,51.5785,95100
2023-03-30,51.8075,52.7398,51.8075,52.1428,79100
2023-03-31,52.4863,53.9583,52.4863,53.8356,123200
2023-04-03,53.6884,53.8847,51.4395,52.1101,198500
2023-04-04,52.3391,53.165,51.9547,53.116,60800
2023-04-05,53.1732,53.1732,52.1183,53.0506,87500
2023-04-06,53.2386,53.345,52.3718,53.1978,179700
2023-04-10,53.1978,54.5717,53.1078,54.4981,202300
2023-04-11,54.4653,55.2668,54.4081,54.6371,125400
2023-04-12,54.6453,54.7352,53.9747,54.2691,95600
2023-04-13,54.1546,54.2691,53.2714,53.5494,98800
2023-04-14,53.623,53.9092,51.9792,52.7889,184000
2023-04-17,52.6744,53.165,51.9383,52.9606,176800
2023-04-18,53.0669,54.1628,53.0669,54.0156,148000
2023-04-19,54.1219,54.4735,53.1978,53.6721,88400
2023-04-20,53.5903,54.9151,53.5003,54.2445,158600
2023-04-21,54.3345,54.6698,53.9092,54.5062,93800
2023-04-24,54.4653,54.5389,53.8929,54.4572,59500
2023-04-25,54.2527,54.4817,51.9629,52.8625,254700
2023-04-26,53.1323,53.5213,52.5943,53.3144,195300
2023-04-27,53.3723,54.316,52.7267,54.0759,89600
2023-04-28,53.9352,54.6305,53.9352,54.3491,133000
2023-05-01,54.0345,54.9616,54.0345,54.4815,81800
2023-05-02,54.5063,54.5063,53.0661,53.2316,85000
2023-05-03,53.6786,53.7531,52.6853,52.826,84800
2023-05-04,52.5943,52.6439,51.99,52.0728,48500
2023-05-05,52.0231,52.5115,51.6589,51.899,79100
2023-05-08,51.8162,52.048,51.0133,51.9072,149000
2023-05-09,51.8741,52.4536,51.5348,51.543,58300
2023-05-10,52.1473,52.2797,51.7831,52.2052,194500
2023-05-11,52.2383,52.2383,51.4272,51.6258,52300
2023-05-12,51.6258,52.4122,51.5265,51.7996,69100
2023-05-15,51.7831,53.0081,51.4023,52.8095,319400
2023-05-16,52.8095,53.4303,52.6357,53.2234,119700
2023-05-17,53.3392,54.2001,53.0164,53.9186,81200
2023-05-18,53.3061,54.796,53.3061,54.4567,138700
2023-05-19,54.6884,54.9616,54.2084,54.854,139700
2023-05-23,54.407,54.945,54.407,54.6305,233800
2023-05-24,54.6471,54.6471,53.4717,54.109,156000
2023-05-25,53.9021,54.2746,53.4965,53.7365,75500
2023-05-26,53.6289,54.6719,53.5793,54.556,74800
2023-05-29,54.7381,55.7562,54.7381,55.6983,21800
2023-05-30,55.8638,55.8638,55.1934,55.3341,88600
2023-05-31,55.2182,55.2182,52.8095,53.0826,113500
2023-06-01,52.9254,53.7531,52.8591,53.1902,40800
2023-06-02,53.4717,54.6802,53.0826,53.8938,98200
2023-06-05,53.8607,53.9931,53.0661,53.1737,87100
2023-06-06,53.1157,53.5958,52.586,53.571,121700
2023-06-07,53.7945,55.6652,53.7779,55.4417,99700
2023-06-08,55.1851,55.1851,54.4236,54.5477,53800
2023-06-09,54.5477,54.796,54.1587,54.6884,40600
2023-06-12,54.407,54.8871,54.1587,54.6305,28200
2023-06-13,54.8871,55.8224,54.6222,55.7728,33400
2023-06-14,55.6652,55.8887,55.4831,55.8887,42800
2023-06-15,55.2761,55.599,54.9202,55.5245,509000
2023-06-16,55.5162,56.1039,55.3837,55.8307,87100
2023-06-19,55.5493,55.8142,54.7298,54.7298,342300
2023-06-20,54.6305,56.079,54.5974,55.6652,53200
2023-06-21,55.8721,56.0294,54.7133,55.0527,238600
2023-06-22,54.6553,55.3506,53.72,55.0195,110800
2023-06-23,54.6967,55.1851,54.316,54.465,52600
2023-06-26,54.465,55.0444,54.2994,54.7298,33100
2023-06-27,54.7216,56.2777,54.7216,56.2363,67600
2023-06-28,56.286,56.5343,56.079,56.4598,38000
2023-06-29,56.3439,57.122,56.228,57.122,34600
2023-06-30,57.0061,59.183,57.0061,58.5126,121500
2023-07-04,58.7278,58.7278,57.8504,58.049,32500
2023-07-05,58.049,59.4479,58.049,59.3569,173000
2023-07-06,59.1913,59.779,58.9016,59.3817,147500
2023-07-07,59.6217,59.6217,58.5871,58.6367,164200
2023-07-10,58.645,58.645,57.1137,57.1385,187100
2023-07-11,56.8902,58.3801,56.6502,57.6683,172300
2023-07-12,58.1649,58.3636,57.6104,57.7676,41900
2023-07-13,58.5622,58.5622,56.9399,57.2875,68400
2023-07-14,59.6631,60.0604,56.286,56.6419,144900
2023-07-17,56.7661,56.7661,54.6553,54.8788,232900
2023-07-18,54.8788,55.5327,54.4567,55.3589,146600
2023-07-19,55.3258,56.1121,55.1851,55.2679,53800
2023-07-20,55.2513,55.5245,54.8292,55.0775,84700
2023-07-21,54.8209,55.7148,54.8209,55.4582,99300
2023-07-24,55.7479,56.5757,55.5907,56.0459,86900
2023-07-25,56.0459,56.2777,55.5824,55.9135,35900
2023-07-26,56.4795,56.4795,55.4915,55.5585,73500
2023-07-27,55.7678,55.8766,55.1481,55.2654,73700
2023-07-28,55.2821,55.5752,55.0225,55.3742,27300
2023-07-31,55.4077,56.2283,55.2151,55.9436,102800
2023-08-01,55.6087,55.9855,55.2821,55.458,87700
2023-08-02,55.2654,55.3156,54.6457,54.9472,99200
2023-08-03,54.8132,54.8132,53.2725,53.7246,44000
2023-08-04,53.4232,54.5536,53.4232,53.9759,33600
2023-08-08,54.0596,55.2235,53.9842,54.7714,86500
2023-08-09,54.8048,55.19,54.428,54.6541,49300
2023-08-10,55.2319,55.9185,54.8969,55.7259,155700
2023-08-11,55.7259,56.1027,55.3407,55.6171,107500
2023-08-14,55.885,55.885,54.1433,54.5369,108500
2023-08-15,54.3443,54.4113,54.0177,54.2019,53000
2023-08-16,54.294,54.294,53.5488,53.8251,171500
2023-08-17,53.7581,53.7581,52.0248,52.1337,121500
2023-08-18,52.1253,53.1217,51.1791,52.6361,162000
2023-08-21,52.7031,53.1217,52.3346,52.7533,143700
2023-08-22,52.7449,52.837,52.3933,52.5523,35700
2023-08-23,52.5607,52.8789,52.1086,52.1086,36300
2023-08-24,52.3346,52.7784,52.0164,52.7449,22300
2023-08-25,52.7952,53.0715,52.1253,52.7784,49900
2023-08-28,52.904,53.7665,52.7617,53.6409,27400
2023-08-29,53.6158,55.0309,53.6158,54.83,40700
2023-08-30,54.8467,55.5417,54.3694,54.7211,47300
2023-08-31,54.4364,56.0525,54.2354,55.8515,125100
2023-09-01,55.6003,55.9604,54.5787,54.9556,37900
2023-09-05,54.3443,55.324,54.3443,54.5704,55900
2023-09-06,54.5955,54.9639,54.428,54.5704,29100
2023-09-07,55.1482,55.1482,53.8586,54.294,28500
2023-09-08,54.0177,54.1098,53.1804,53.6995,23600
2023-09-11,53.4734,54.5536,53.4734,54.135,26700
2023-09-12,53.8,54.3527,53.8,54.0596,32700
2023-09-13,53.8502,54.068,52.5356,53.0213,82500
2023-09-14,53.2641,53.2641,52.5356,53.0883,89400
2023-09-15,53.0213,53.3311,52.1253,52.41,165400
2023-09-18,52.0918,53.2557,52.0081,52.6026,33500
2023-09-19,52.1337,53.8837,52.1337,53.7833,45700
2023-09-20,52.7784,54.1098,52.7784,53.9926,69800
2023-09-21,54.0093,55.2235,53.4399,53.4399,108200
2023-09-22,53.4316,53.6744,52.8371,53.0883,31200
2023-09-25,53.172,53.2976,52.5691,52.7617,68500
2023-09-26,52.6947,52.7533,51.7066,51.8657,59700
2023-09-27,51.715,51.916,50.6348,51.4638,46700
2023-09-28,51.2126,51.7736,51.2126,51.6815,75100
2023-09-29,52.2425,52.6612,51.4973,52.6445,99100
2023-10-02,51.7652,51.9327,50.9697,51.1875,39300
2023-10-03,51.1875,51.3466,50.2664,50.5008,41500
2023-10-04,50.5092,50.8776,49.9147,50.2412,36600
2023-10-05,50.2412,50.8693,50.1659,50.6013,37200
2023-10-06,50.4171,50.8609,49.3453,50.7269,44800
2023-10-10,50.7437,51.1623,50.459,50.9111,47200
2023-10-11,51.1456,53.6995,51.0451,53.3395,80600
2023-10-12,53.3562,53.3562,51.4135,51.7401,32300
2023-10-13,51.8239,52.2425,51.3549,51.849,29500
2023-10-16,51.581,51.7317,50.5092,51.2796,94500
2023-10-17,50.8107,51.4554,50.5929,50.7855,113700
2023-10-18,50.6264,51.0116,49.9063,49.9231,46300
2023-10-19,49.8644,50.2664,49.4039,49.5965,30900
2023-10-20,49.5965,49.6049,47.8129,47.8883,72200
2023-10-23,47.3189,48.3237,47.1682,47.3273,59400
2023-10-24,47.3691,48.0223,47.1095,47.7376,43900
2023-10-25,47.5199,47.9134,47.3942,47.5115,35700
2023-10-26,47.5533,47.9971,47.21,47.344,36000
2023-10-27,46.9002,47.2351,46.155,46.5234,34500
2023-10-30,46.3057,46.783,45.8284,46.2638,27900
2023-10-31,46.4648,46.4648,45.2171,45.7363,101300
2023-11-01,45.5856,47.0174,45.5856,46.1885,59000
2023-11-02,45.3343,47.5785,45.326,47.4947,60900
2023-11-03,47.5868,48.0641,45.8786,46.5401,107300
2023-11-06,46.5569,46.9169,46.0712,46.5234,86000
2023-11-07,46.5234,46.5485,45.7279,45.7865,105800
2023-11-08,45.7447,45.9624,45.3092,45.8619,28700
2023-11-09,46.0545,46.0545,44.9157,44.9659,83100
2023-11-10,45.2088,45.2088,44.5305,45.0831,28200
2023-11-13,45.0832,45.1334,43.6931,43.8857,66400
2023-11-14,44.485,44.5786,43.2252,43.3103,142400
2023-11-15,43.455,44.0338,43.3699,43.8806,153200
2023-11-16,43.9232,43.9232,43.3018,43.5827,117000
2023-11-17,43.804,44.7318,43.3443,44.3914,126600
2023-11-20,44.485,45.0808,43.8636,44.6297,80800
2023-11-21,44.851,44.851,43.7104,43.8976,46900
2023-11-22,43.8381,44.5701,43.5486,44.17,76300
2023-11-23,43.8721,44.4339,43.8721,44.136,36600
2023-11-24,44.3403,44.5105,44.0083,44.119,89800
2023-11-27,43.8466,44.6893,43.8381,44.6552,94100
2023-11-28,44.4169,45.1489,44.4169,44.6978,86000
2023-11-29,44.6808,44.8085,44.2467,44.3318,36400
2023-11-30,44.2892,44.6042,44.17,44.3403,44800
2023-12-01,44.3233,45.8555,44.2892,45.7108,59900
2023-12-04,45.9832,47.8473,45.9832,47.4217,157400
2023-12-05,47.3025,48.2474,46.9706,47.6856,176900
2023-12-06,47.643,49.4817,47.6175,49.1412,186300
2023-12-07,48.8858,48.8943,48.2048,48.6815,73200
2023-12-08,48.5879,49.6094,48.0772,49.2689,74800
2023-12-11,49.2689,49.6094,48.4772,48.6134,93500
2023-12-12,45.5405,47.0302,44.7829,45.7108,721400
2023-12-13,46.4088,47.1153,45.9661,47.1153,484000
2023-12-14,47.1578,47.6856,46.562,47.643,250800
2023-12-15,47.6686,47.7111,45.2511,45.2766,230600
2023-12-18,45.5405,45.6682,44.7744,45.1745,190600
2023-12-19,45.4894,47.6686,45.4894,47.4728,169900
2023-12-20,47.7111,48.9029,47.5494,48.0601,210500
2023-12-21,48.5113,49.7711,48.5113,48.9965,159400
2023-12-22,49.1497,49.5838,48.7326,48.8603,190700
2023-12-27,48.6475,50.5202,48.6475,50.2818,128100
2023-12-28,50.2222,51.0054,50.2222,50.4436,65100
2023-12-29,50.5798,50.9883,50.3159,50.5202,85700
2024-01-02,50.5372,52.2226,50.5372,51.6438,75500
2024-01-03,51.1756,52.5291,51.0309,51.9843,117900
2024-01-04,51.7289,51.763,50.6649,51.2437,116200
2024-01-05,51.3033,51.3629,50.4606,50.9288,85300
2024-01-08,50.9458,51.4055,50.8607,51.1075,98100
2024-01-09,50.9884,51.414,50.5457,51.3288,167800
2024-01-10,51.3799,52.4865,51.2267,52.129,158000
2024-01-11,51.5246,52.3929,50.6223,52.2482,107400
2024-01-12,51.8992,52.6993,51.0735,51.5757,240700
2024-01-15,51.5672,51.9928,51.3714,51.9928,35300
2024-01-16,51.9758,53.7804,51.4991,53.7038,213000
2024-01-17,53.1845,53.1845,51.5246,52.4439,234400
2024-01-18,52.6568,53.4484,52.4525,53.1505,109600
2024-01-19,53.1079,53.159,51.8736,52.0354,98300
2024-01-22,52.2907,53.0228,51.9843,52.8951,140400
2024-01-23,53.5718,53.8566,52.8899,53.8393,57100
2024-01-24,53.6235,53.9947,53.2697,53.52,55400
2024-01-25,53.9601,54.2967,53.5459,53.7444,60000
2024-01-26,53.8134,55.2375,53.7444,55.1167,86200
2024-01-29,54.5298,54.8405,53.8393,54.15,141500
2024-01-30,53.6063,54.3744,53.3474,53.4855,41500
2024-01-31,53.2524,53.9601,53.0453,53.5545,214500
2024-02-01,53.8048,54.5384,53.4682,53.7962,139500
2024-02-02,53.9342,54.1069,52.1218,52.8036,200500
2024-02-05,52.795,52.795,51.8456,52.4325,146900
2024-02-06,52.1218,53.1057,51.975,52.4325,146200
2024-02-07,52.5533,53.2179,52.4756,53.0021,90300
2024-02-08,52.8381,52.9503,52.1218,52.7,103300
2024-02-09,52.2512,53.097,52.2512,52.7432,59300
2024-02-12,52.7691,53.1834,52.4929,53.0021,97200
2024-02-13,52.5706,52.7691,51.8887,52.4584,329300
2024-02-14,52.6741,53.0971,52.5878,52.7518,241200
2024-02-15,52.7691,53.5027,52.6741,53.0971,136500
2024-02-16,52.9676,54.15,52.9676,54.081,225400
2024-02-20,53.5976,54.2104,50.7495,52.795,233200
2024-02-21,52.6655,53.1402,52.2685,53.0107,96600
2024-02-22,53.028,53.2265,52.5447,52.7173,117500
2024-02-23,52.8295,52.8295,51.8369,52.2426,155100
2024-02-26,51.8111,51.975,50.948,50.9998,113000
2024-02-27,51.7593,52.0441,50.9221,52.0441,67100
2024-02-28,52.0096,52.1304,51.1379,51.8974,61700
2024-02-29,52.2081,52.3634,51.3709,51.5435,129400
2024-03-01,51.6989,53.2956,51.6989,53.2179,77000
2024-03-04,53.2006,53.2006,52.1563,52.7,43500
2024-03-05,52.795,53.1057,52.2167,52.9849,76800
2024-03-06,52.7863,53.3387,52.6137,53.1143,87000
2024-03-07,53.2524,53.2524,51.6125,51.6902,51000
2024-03-08,51.7765,52.1994,51.1551,51.578,39300
2024-03-11,50.9307,52.3375,50.9307,51.9146,44800
2024-03-12,51.3709,51.9233,51.3709,51.7506,43900
2024-03-13,51.8024,51.906,51.5349,51.7161,37200
2024-03-14,51.9578,51.9578,50.8099,51.4486,56500
2024-03-15,51.2501,51.7765,50.9911,51.742,128500
2024-03-18,51.6471,51.9578,51.2846,51.7852,73700
2024-03-19,51.6989,52.7346,51.6989,52.2685,58400
2024-03-20,52.631,52.631,51.414,52.0009,51900
2024-03-21,52.2685,52.2685,51.4054,51.6298,74900
2024-03-22,51.6125,51.6125,50.62,51.0688,77800
2024-03-25,50.6718,50.9825,50.0331,50.5164,43200
2024-03-26,50.8789,51.9837,50.4474,51.5867,39800
2024-03-27,51.4917,52.2599,51.2328,51.8715,32900
2024-03-28,51.673,52.2771,51.6039,51.8542,87500
2024-04-01,51.3709,51.6643,51.0688,51.3623,56000
2024-04-02,51.4572,51.4572,49.2045,49.4894,85100
2024-04-03,49.5066,49.895,49.265,49.3254,83500
2024-04-04,49.6879,50.0072,49.4117,49.8691,57400
2024-04-05,49.6447,50.3956,49.6447,49.8432,42400
2024-04-08,49.8432,49.9295,49.2995,49.3944,40200
2024-04-09,49.4376,50.4819,49.4289,50.4129,33200
2024-04-10,50.3438,50.3438,48.2465,48.5313,49700
2024-04-11,48.5313,48.5831,47.6769,47.9099,55900
2024-04-12,49.5929,50.0676,48.1688,48.1861,44800
2024-04-15,48.1688,49.6188,48.0912,48.4019,52500
2024-04-16,48.1775,48.7816,47.9876,48.7212,40000
2024-04-17,48.376,48.8938,48.0048,48.0739,30900
2024-04-18,48.1171,48.4795,48.0394,48.3069,107300
2024-04-19,48.2206,49.1959,48.2206,48.8334,32600
2024-04-22,48.7385,48.8679,48.3328,48.6435,36200
2024-04-23,48.6953,49.1786,48.4364,48.8593,97100
2024-04-24,49.1608,49.1608,47.4958,47.969,49700
2024-04-25,47.8375,47.8375,46.8385,47.6097,60700
2024-04-26,47.338,47.8901,47.0401,47.5746,35200
2024-04-29,47.3643,48.2056,47.3643,48.1793,46300
2024-04-30,48.1355,48.3984,47.7324,47.82,78500
2024-05-01,47.785,47.9515,47.5308,47.7587,24100
2024-05-02,47.7324,48.6788,47.5396,48.5736,34100
2024-05-03,48.7839,49.2571,48.2844,48.5649,54200
2024-05-06,48.7314,49.8355,48.7314,49.485,22300
2024-05-07,49.5113,50.2036,49.5113,49.5288,28400
2024-05-08,49.3798,50.2036,49.3798,49.4762,34400
2024-05-09,49.4762,49.9932,49.4762,49.9056,28000
2024-05-10,49.9494,50.3876,49.8005,50.1247,230800
2024-05-13,50.1247,50.2824,49.4587,49.7216,47400
2024-05-14,49.818,50.1159,49.818,49.8355,29700
2024-05-15,50.0195,50.186,49.7479,49.8092,55800
2024-05-16,49.8092,49.9582,49.4412,49.6164,25700
2024-05-17,49.4324,49.5025,48.8102,49.2659,31100
2024-05-21,49.0293,49.4938,48.9592,49.0731,117800
2024-05-22,48.8716,49.3097,48.4509,48.9767,44200
2024-05-23,48.9767,48.9767,48.1968,48.5824,36000
2024-05-24,48.5386,48.8453,48.3896,48.7927,33500
2024-05-27,48.635,49.152,48.635,48.8716,16200
2024-05-28,49.4324,49.5814,47.4695,47.7762,92700
2024-05-29,47.4958,48.004,46.3829,46.4179,56600
2024-05-30,46.4267,46.8035,45.6117,45.9622,105000
2024-05-31,46.2164,46.6195,45.7607,45.8396,208400
2024-06-03,46.0499,47.005,46.006,46.9262,85500
2024-06-04,46.9174,47.0576,46.5406,46.97,51200
2024-06-05,47.0576,47.0751,46.5406,46.7947,47600
2024-06-06,46.7509,46.8035,46.4442,46.4705,33700
2024-06-07,46.4705,46.7772,45.8308,46.0937,48900
2024-06-10,46.2427,46.2427,45.4014,45.971,72600
2024-06-11,45.8133,46.4442,45.6117,46.2164,42400
2024-06-12,46.4617,46.7772,45.971,46.4004,51200
2024-06-13,46.2602,46.8298,46.2602,46.5056,51400
2024-06-14,46.2689,46.6458,45.489,46.0499,76400
2024-06-17,45.5942,45.8921,45.3926,45.454,31700
2024-06-18,45.2875,45.6292,44.9633,45.3488,40800
2024-06-19,45.3313,45.7169,45.1297,45.2612,19200
2024-06-20,45.1297,45.3839,44.7529,45.0684,41900
2024-06-21,45.0421,45.4978,44.9457,45.4189,64100
2024-06-24,45.3401,46.4179,45.3401,46.304,40900
2024-06-25,46.4267,46.4267,45.1297,45.1999,48000
2024-06-26,45.1297,45.1823,44.5426,44.8493,104100
2024-06-27,44.7705,45.4189,44.7705,45.0947,26700
2024-06-28,45.1385,45.2612,44.8756,45.2086,74300
2024-07-02,45.1385,45.2787,44.5339,45.0772,97000
2024-07-03,45.156,45.3488,44.6478,45.1297,35000
2024-07-04,45.1736,45.7256,45.1298,45.6994,16300
2024-07-05,45.8571,46.0323,45.1823,45.4189,43600
2024-07-08,45.3225,45.9798,45.3225,45.8483,48400
2024-07-09,45.6468,45.6468,44.5689,44.9194,53000
2024-07-10,44.9457,45.0246,44.7004,44.8844,28400
2024-07-11,44.9107,46.821,44.9107,45.4277,86300
2024-07-12,46.8824,49.2834,46.8824,47.2679,198500
2024-07-15,47.8025,48.9943,47.2154,48.7489,159900
2024-07-16,49.0556,49.4587,48.2845,49.0468,100800
2024-07-17,49.3185,54.331,49.3185,53.9717,279500
2024-07-18,53.551,55.0495,53.551,54.8567,100100
2024-07-19,54.3572,54.7866,54.0681,54.5062,51600
2024-07-22,54.6815,54.7428,53.5248,53.5248,57100
2024-07-23,53.6212,54.4799,53.5423,54.2258,65300
2024-07-24,53.9366,54.5237,53.9366,54.2609,49600
2024-07-25,54.3266,56.2992,54.1134,55.3218,88900
2024-07-26,55.6417,56.0504,55.3218,55.9171,54000
2024-07-29,55.9971,56.6369,55.4106,56.3436,106000
2024-07-30,55.9882,56.3525,55.304,55.7039,51500
2024-07-31,56.2548,56.4236,55.8194,56.2459,48400
2024-08-01,56.2459,56.9834,56.2015,56.9745,64900
2024-08-02,56.6191,57.0634,56.4236,56.6991,65600
2024-08-06,56.1659,57.2322,55.7572,56.5747,82700
2024-08-07,56.9834,57.3833,56.3792,56.5835,50600
2024-08-08,56.8057,58.2718,56.7968,57.9342,120600
2024-08-09,57.8631,58.0408,57.4099,57.6854,50000
2024-08-12,57.6143,57.9075,57.0545,57.5965,39200
2024-08-13,57.2855,58.5473,57.2855,58.4051,106300
2024-08-14,58.4051,58.4762,57.1256,57.5521,32200
2024-08-15,57.7565,57.9342,56.6191,57.5876,37800
2024-08-16,57.6498,57.6498,56.4414,56.5835,50300
2024-08-19,56.6724,57.943,56.6724,57.8009,57800
2024-08-20,57.4366,57.9164,57.1789,57.4543,44600
2024-08-21,57.4277,57.7565,57.3211,57.481,47200
2024-08-22,57.4632,57.7564,57.3299,57.6054,38400
2024-08-23,57.5343,58.8316,57.5343,57.9519,53600
2024-08-26,57.9519,58.334,57.8808,58.1563,21900
2024-08-27,57.9164,57.9786,57.2677,57.9075,29000
2024-08-28,57.8542,58.2452,57.2055,57.6587,84900
2024-08-29,57.6676,57.7031,56.8323,57.1433,22400
2024-08-30,56.9745,57.5787,56.6191,57.3744,64600
2024-09-03,57.4632,57.5876,56.628,56.9834,32400
2024-09-04,57.09,58.0763,57.09,57.5699,47300
2024-09-05,57.8009,58.1385,57.6498,57.8453,34500
2024-09-06,58.2363,58.6272,57.4899,57.8364,40100
2024-09-09,57.8631,59.0182,57.8631,58.6717,41000
2024-09-10,58.6717,59.2137,58.6095,59.0004,46200
2024-09-11,58.6717,58.6894,57.6143,58.0497,48100
2024-09-12,57.9964,59.3292,57.9964,59.0626,86200
2024-09-13,59.0715,60.0489,58.9915,59.5691,33500
2024-09-16,59.5958,60.511,59.3825,60.1733,46200
2024-09-17,60.0578,60.4221,59.578,59.7024,30300
2024-09-18,59.4181,59.8268,59.267,59.5069,45600
2024-09-19,59.8001,59.9779,58.4229,59.9512,114100
2024-09-20,60.8575,61.2929,59.9334,60.5288,314100
2024-09-23,60.5643,61.213,60.3155,60.5554,362800
2024-09-24,61.133,61.5773,60.5821,61.5417,58300
2024-09-25,61.5417,61.5861,60.8398,61.5417,48100
2024-09-26,61.5328,62.5991,61.3551,62.2792,110600
2024-09-27,62.1993,63.5587,61.8971,63.3899,119800
2024-09-30,63.2922,63.5765,62.999,63.5321,54100
2024-10-01,63.5232,63.7009,62.6702,63.7009,59700
2024-10-02,63.1234,63.6476,62.4214,62.9368,40400
2024-10-03,62.8479,62.8479,61.0974,61.5417,43000
2024-10-04,61.7727,62.217,61.5595,61.5773,39600
2024-10-07,61.6128,61.6128,60.1467,60.6532,41900
2024-10-08,60.6532,60.6532,60.0667,60.3155,34600
2024-10-09,60.3422,60.822,60.3422,60.431,35600
2024-10-10,60.7864,61.0264,60.2355,60.8042,44500
2024-10-11,61.053,61.6928,60.7598,61.5773,46400
2024-10-15,61.5773,62.4303,61.4884,61.9149,53300
2024-10-16,61.9771,63.3277,61.9771,63.1234,52100
2024-10-17,63.5232,64.2518,63.1767,63.9408,67800
2024-10-18,63.8164,64.3229,63.0167,63.0167,38300
2024-10-21,62.8923,63.2033,62.3681,62.4125,50300
2024-10-22,61.986,63.0967,61.8083,63.0523,56000
2024-10-23,62.4036,63.9231,62.4036,63.8431,47600
2024-10-24,63.9497,64.3318,63.2566,63.6032,53000
2024-10-25,63.1322,63.852,63.0878,63.541,23100
2024-10-28,63.4521,63.7631,62.5636,62.7057,75700
2024-10-29,62.8301,62.8301,61.053,61.3907,49100
2024-10-30,61.1685,62.2082,61.1685,61.9149,63300
2024-10-31,61.9416,62.6435,61.9327,62.3325,37700
2024-11-01,62.0482,63.5676,60.4221,61.5328,71000
2024-11-04,62.9456,63.9586,61.7639,62.1459,114500
2024-11-05,61.8261,63.3011,61.5328,62.8568,130100
2024-11-06,62.999,63.4432,62.6435,62.9812,73600
2024-11-07,63.2744,63.5499,62.1193,63.5321,80700
2024-11-08,63.4432,64.2963,63.31,64.0919,60600
2024-11-11,64.1363,64.785,63.3366,63.6565,41900
2024-11-12,63.0789,63.7453,62.9101,63.6298,53400
2024-11-13,63.5943,63.9764,62.8746,62.9101,39600
2024-11-14,63.0289,64.0192,62.5158,62.8219,40400
2024-11-15,62.4978,63.4971,62.1196,62.4438,45800
2024-11-18,62.3447,62.9119,62.0026,62.0116,30500
2024-11-19,61.5615,62.6328,61.4895,62.3267,20800
2024-11-20,62.1196,62.2277,61.5705,62.1106,23300
2024-11-21,61.6875,62.1197,61.5705,61.7325,44200
2024-11-22,61.6605,62.7048,61.6605,62.3717,33500
2024-11-25,62.7048,62.8039,61.5345,61.7865,66600
2024-11-26,61.9846,61.9846,60.184,60.3281,55800
2024-11-27,60.3281,60.9673,60.004,60.2471,87600
2024-11-28,60.031,60.6162,60.031,60.166,44600
2024-11-29,60.4001,63.0199,60.103,63.0199,84400
2024-12-02,63.164,63.335,62.2457,63.29,93400
2024-12-03,63.5511,65.1356,63.5511,64.9015,131600
2024-12-04,65.1896,66.1079,64.7035,66.0719,63200
2024-12-05,65.7838,66.7381,65.6938,66.6751,63900
2024-12-06,66.8371,67.3413,66.5851,67.2063,46900
2024-12-09,67.0982,67.6024,64.9015,65.1716,65200
2024-12-10,64.8745,66.0449,64.3794,64.6314,50900
2024-12-11,65.2526,65.2526,63.6141,63.7852,38600
2024-12-12,63.8122,63.9742,63.0199,63.5421,32500
2024-12-13,63.5421,63.5871,62.5158,63.137,30700
2024-12-16,62.8039,62.8309,61.6155,61.7505,44900
2024-12-17,61.6335,61.7145,59.6979,60.139,85100
2024-12-18,60.184,60.5712,59.3828,59.5989,58500
2024-12-19,59.3198,59.5088,58.7886,58.9146,84700
2024-12-20,59.2747,60.004,58.5275,59.7429,103000
2024-12-23,59.7519,60.6702,58.2214,59.8779,40600
2024-12-24,59.5448,60.022,59.2928,59.5448,14900
2024-12-27,61.3094,61.4354,59.7699,60.112,49500
2024-12-30,59.8689,60.5261,59.3468,59.9229,19800
2024-12-31,59.6529,61.1293,59.6529,60.6342,33700
2025-01-02,60.8863,61.5795,60.8773,61.2554,21000
2025-01-03,61.2554,62.5248,61.2554,61.8586,34800
2025-01-06,62.3177,62.5428,61.3544,62.1827,65000
2025-01-07,62.5518,64.9285,62.5518,64.0102,98400
2025-01-08,64.1363,64.1363,62.1557,62.3897,58900
2025-01-09,62.1287,62.2367,61.3544,62.0206,41400
2025-01-10,61.4624,61.7055,60.6792,60.9583,62300
2025-01-13,60.5532,61.2824,60.3191,60.7062,60800
2025-01-14,62.8399,63.0199,56.0697,57.1051,248600
2025-01-15,56.0157,57.2401,55.6466,55.6916,215800
2025-01-16,55.7006,56.6279,54.9174,56.2138,134600
2025-01-17,56.4299,57.033,55.4846,55.9077,175200
2025-01-20,55.2325,56.2678,55.2325,55.7096,84400
2025-01-21,55.6646,55.8087,54.9444,55.1514,129500
2025-01-22,55.2325,55.4485,54.5573,55.2235,93800
2025-01-23,55.4395,55.9797,55.1154,55.5926,103700
2025-01-24,55.5566,56.3488,55.4485,56.0067,92700
2025-01-27,55.4511,56.9406,55.177,55.2683,111600
2025-01-28,55.5425,55.7161,55.0582,55.5608,73000
2025-01-29,55.0947,56.0908,55.0947,55.7253,63200
2025-01-30,56.0542,57.2788,55.8989,56.4198,77500
2025-01-31,56.4746,56.5568,55.4511,55.8806,122600
2025-02-03,54.2905,55.1678,54.0073,54.8937,142800
2025-02-04,54.9028,57.6991,54.7383,57.16,151700
2025-02-05,57.5712,58.4759,57.1143,58.4028,73700
2025-02-06,58.2017,59.0425,57.3884,57.6717,137000
2025-02-07,57.5072,57.6534,56.7031,56.8127,94500
2025-02-10,57.16,57.9915,57.0869,57.4981,109500
2025-02-11,57.4067,58.1469,57.2057,57.891,82300
2025-02-12,57.5621,58.1652,57.5621,58.1012,42300
2025-02-13,58.5033,59.3714,58.22,58.3388,130700
2025-02-14,58.3388,59.3623,58.3388,59.2801,79200
2025-02-18,59.2435,60.1208,58.7866,59.8009,106400
2025-02-19,59.609,60.596,58.7957,59.4902,169800
2025-02-20,59.2435,59.7278,58.5764,59.4263,79200
2025-02-21,59.472,59.8649,59.1247,59.5542,90700
2025-02-24,60.0934,61.3636,59.7552,61.2539,91000
2025-02-25,61.0803,61.8479,60.9706,61.2174,84700
2025-02-26,61.3636,62.2774,61.1717,62.1038,61800
2025-02-27,62.049,62.3779,61.2905,61.3088,56300
2025-02-28,61.3453,61.4458,60.0659,60.1025,85600
2025-03-03,59.6913,60.6691,59.5542,59.7004,49600
2025-03-04,59.3988,59.4902,58.4211,59.3532,51400
2025-03-05,59.6456,62.0855,59.6456,60.3766,82700
2025-03-06,59.8009,60.5686,59.7644,60.1665,35100
2025-03-07,60.4041,61.4367,59.9746,60.9798,51100
2025-03-10,61.19,62.1221,60.5868,60.733,144900
2025-03-11,60.797,61.4367,60.2396,61.2905,91000
2025-03-12,60.6051,61.2265,59.9837,60.7605,81400
2025-03-13,60.4954,61.8479,60.4954,61.2722,78200
2025-03-14,60.7604,61.8753,60.7604,61.5007,31500
2025-03-17,61.5281,62.6978,61.5281,62.049,72400
2025-03-18,62.1129,62.7252,61.0894,61.4732,67500
2025-03-19,61.4915,61.7291,61.2174,61.7017,54200
2025-03-20,61.2174,61.2356,60.267,60.5046,100900
2025-03-21,60.5046,62.5424,59.9563,60.9249,1338700
2025-03-24,61.1717,61.8571,60.1391,60.7696,92700
2025-03-25,60.596,61.7017,60.596,61.4184,36200
2025-03-26,61.6834,61.8205,61.1443,61.7931,42500
2025-03-27,61.72,64.0594,61.72,63.2369,87900
2025-03-28,63.173,63.3923,62.4876,62.5059,45900
2025-03-31,61.8845,64.3792,61.5646,64.1325,108900
2025-04-01,64.3884,64.3884,62.8623,63.5111,161900
2025-04-02,64.1416,64.1416,62.716,63.1364,57000
2025-04-03,62.5973,63.968,62.4328,63.1638,64300
2025-04-04,62.9993,63.1273,60.9067,61.1991,73700
2025-04-07,59.4902,61.4824,58.9968,60.3309,97400
2025-04-08,60.8701,61.3179,59.9928,60.532,102200
2025-04-09,59.4263,61.3636,58.2109,60.5868,180300
2025-04-10,58.9693,60.3035,55.5151,56.2096,142900
2025-04-11,56.1182,58.1286,55.972,57.1417,86200
2025-04-14,57.9824,59.3532,57.7174,59.2435,83500
2025-04-15,59.1521,59.8558,59.1064,59.5999,72400
2025-04-16,59.472,60.3949,59.3257,59.3806,42300
2025-04-17,59.2344,60.5411,59.2344,60.0294,53100
2025-04-21,60.267,60.7239,60.0385,60.6874,68800
2025-04-22,60.8061,61.6834,60.3035,60.4954,66300
2025-04-23,60.451,60.451,59.3203,59.654,67100
2025-04-24,59.654,60.2934,59.654,59.9227,63100
2025-04-25,59.3203,60.0988,58.8106,59.8949,88200
2025-04-28,59.7188,60.7012,59.6725,60.5436,34300
2025-04-29,60.8402,61.3406,60.6548,61.2201,40200
2025-04-30,61.2201,62.9068,61.2201,62.8327,77500
2025-05-01,62.8327,63.12,61.8874,61.9523,125400
2025-05-02,61.9801,62.3693,61.2665,61.665,32600
2025-05-05,62.2025,62.2025,61.0163,61.2665,34500
2025-05-06,61.8781,62.9809,61.8596,62.3044,24800
2025-05-07,62.4064,63.4072,62.2488,63.1848,28900
2025-05-08,63.2497,65.0105,63.2497,63.4721,49800
2025-05-09,64.3062,64.6861,63.7316,64.3062,84800
2025-05-12,64.3062,64.8715,62.7307,62.7493,94400
2025-05-13,62.7863,62.9902,62.2025,62.2952,32700
2025-05-14,62.2952,62.3415,61.3128,61.9708,35900
2025-05-15,62.2396,64.056,62.2396,63.5648,34600
2025-05-16,63.6111,63.9911,63.2775,63.3609,29500
2025-05-20,63.3609,64.4081,63.3609,63.7038,30300
2025-05-21,63.7131,64.0374,62.7863,63.1848,36500
2025-05-22,63.1478,63.9355,62.3508,63.4165,30900
2025-05-23,63.7409,64.6398,62.9068,63.12,35700
2025-05-26,63.157,63.8892,63.157,63.5926,22000
2025-05-27,62.8605,63.9633,62.6937,62.8883,35600
2025-05-28,63.0088,63.0088,62.0728,62.8883,53500
2025-05-29,62.9253,63.6389,62.0913,63.157,24800
2025-05-30,63.0458,64.0374,63.0458,64.0374,100800
2025-06-02,63.5092,64.1301,63.5092,63.6667,57800
2025-06-03,63.5092,63.6853,62.6566,63.4073,77000
2025-06-04,63.1014,63.7779,63.1014,63.5555,34100
2025-06-05,63.4814,64.0652,63.018,63.6111,22900
2025-06-06,64.0096,64.0374,62.7122,62.9161,29000
2025-06-09,62.9161,63.7779,62.3322,62.4898,20900
2025-06-10,62.5176,63.2219,62.3415,62.4434,24800
2025-06-11,62.5639,63.0644,62.1747,62.8605,37600
2025-06-12,63.0922,63.3331,62.7493,63.2126,36300
2025-06-13,62.9809,63.12,62.4156,62.7493,66600
2025-06-16,63.4629,63.4629,62.8419,63.3238,31400
2025-06-17,63.4536,63.4536,62.4898,62.74,21600
2025-06-18,62.9902,63.7501,62.5083,63.2775,55300
2025-06-19,63.0551,63.435,62.9346,63.3702,9000
2025-06-20,63.3331,64.0096,63.0366,63.4629,112000
2025-06-23,63.1385,63.8335,63.1385,63.7316,30700
2025-06-24,63.9448,63.9448,63.4165,63.4629,40300
2025-06-25,63.4629,63.9355,63.0365,63.8891,76200
2025-06-26,63.9355,64.0652,63.4814,63.9726,39800
2025-06-27,63.8613,64.3803,63.7316,64.1579,46800
2025-06-30,64.4081,65.965,64.0282,65.8446,43700
2025-07-02,65.8538,67.5312,65.7982,67.5219,54200
2025-07-03,67.522,67.7536,66.1226,66.725,35700
2025-07-04,66.7528,67.8092,66.6972,67.5034,16000
2025-07-07,67.5034,67.5127,67.0122,67.1976,76900
2025-07-08,67.0308,67.9761,66.6323,66.9381,41000
2025-07-09,66.9381,67.3829,66.623,67.1605,19900
2025-07-10,67.4015,67.6054,66.762,67.2717,35200
2025-07-11,66.9567,67.3366,66.6416,66.9659,25800
2025-07-14,66.9659,67.42,66.5489,66.6416,60800
2025-07-15,66.6508,66.6601,65.6129,65.7056,42100
2025-07-16,64.1023,64.2228,59.6076,60.1266,352100
2025-07-17,60.4324,62.2118,59.3111,61.5723,211600
2025-07-18,61.1924,62.2859,60.5344,60.7939,116900
2025-07-21,60.9792,61.3499,60.4139,60.6085,86200
2025-07-22,60.488,61.3499,60.4602,60.5066,77600
2025-07-23,60.7753,62.1376,60.6456,61.8874,97000
2025-07-24,61.7762,62.2396,61.3777,61.4611,62400
2025-07-25,61.4333,61.6928,61.2387,61.6094,69100
2025-07-28,61.7206,61.7299,60.8031,60.8865,150200
2025-07-29,60.7286,61.0952,59.7135,60.3432,90800
2025-07-30,60.1083,60.4936,59.6383,59.8733,50500
2025-07-31,59.9673,59.9673,58.548,58.642,124400
2025-08-01,58.971,59.1401,57.8712,58.8488,113100
2025-08-05,58.8676,60.0425,58.8676,59.2529,70700
2025-08-06,59.2153,59.4973,58.4258,58.7078,58300
2025-08-07,58.7172,59.1025,57.8524,57.937,39500
2025-08-08,57.4295,58.736,57.4295,57.8242,60000
2025-08-11,57.9088,58.2096,57.6927,58.0592,40800
2025-08-12,57.5235,58.9146,57.3073,58.1626,59300
2025-08-13,57.9088,59.0368,57.9088,58.7548,43700
2025-08-14,58.877,59.1495,58.3882,58.9992,71600
2025-08-15,58.83,59.6383,58.83,59.5631,40300
2025-08-18,59.5537,59.9297,59.3845,59.5443,46700
2025-08-19,59.7699,59.9579,59.1495,59.3657,50600
2025-08-20,58.9146,59.5161,58.8958,59.1401,34700
2025-08-21,59.2999,59.5913,59.0743,59.5349,42700
2025-08-22,59.6947,60.0237,59.5819,59.5819,32900
2025-08-25,59.9203,59.9203,59.0838,59.9203,40100
2025-08-26,59.5631,60.2023,59.5631,59.7229,95300
2025-08-27,59.6571,60.7474,59.6571,60.3339,37300
2025-08-28,60.2305,60.6064,59.8733,60.2023,48700
2025-08-29,60.2399,60.6534,59.8921,60.4184,58100
2025-09-02,60.1553,60.409,59.6665,60.1835,48200
2025-09-03,59.8827,60.2681,59.6947,60.1459,53500
2025-09-04,59.8451,61.1234,59.8451,61.0858,58600
2025-09-05,61.1516,61.5934,61.0764,61.1328,39500
2025-09-08,60.7944,61.0858,60.0425,60.7568,45100
2025-09-09,60.7568,61.0106,60.2587,60.7004,36300
2025-09-10,60.7004,61.3302,60.5594,61.2174,42000
2025-09-11,61.5558,61.5558,61.0482,61.1704,37000
2025-09-12,61.443,61.8753,61.0482,61.8001,58200
2025-09-15,61.7437,62.0163,61.1046,61.396,52200
2025-09-16,61.396,62.1667,61.396,61.8283,121100
2025-09-17,61.6779,62.6085,61.6779,62.5239,69700
2025-09-18,62.4769,62.4769,61.2644,61.4054,64400
2025-09-19,61.1516,61.7813,61.067,61.3866,74300
2025-09-22,61.2268,61.9035,60.5312,60.6158,61000
2025-09-23,60.6346,60.9542,60.5688,60.691,21400
2025-09-24,60.6158,61.302,59.6289,59.8169,150600
2025-09-25,60.0237,60.4372,59.7793,60.2587,47800
2025-09-26,60.6064,61.1328,60.3902,60.8508,78900
2025-09-29,60.8884,61.2738,60.6064,60.7474,29600
2025-09-30,60.7474,60.7474,60.0049,60.1177,54000
2025-10-01,59.8169,60.8978,59.8169,60.6722,58300
2025-10-02,60.7004,61.3302,60.362,61.067,73200
2025-10-03,60.7662,61.0388,60.2775,60.7004,55700
2025-10-06,60.7756,60.7756,59.9673,60.3151,49900
2025-10-07,60.4466,60.4936,59.5913,59.7323,63600
2025-10-08,59.6853,59.9861,59.4033,59.8451,64400
2025-10-09,60.1177,60.5124,59.8075,60.3151,50300
2025-10-10,60.2681,60.7004,59.7981,60.3903,46600
2025-10-14,60.2117,60.785,59.7135,60.5876,29700
2025-10-15,60.926,61.6591,60.5218,60.7568,38500
2025-10-16,60.6346,61.208,60.6346,60.8226,84800
2025-10-17,60.6252,62.6367,60.6252,62.5615,100500
2025-10-20,62.5333,62.5333,61.6779,61.9505,103100
2025-10-21,62.1949,62.7871,62.1667,62.3171,79500
2025-10-22,62.6649,63.304,62.2983,63.304,63600
2025-10-23,63.3134,64.0184,63.1066,63.1536,79900
2025-10-24,63.1348,63.4262,62.7119,62.8529,62200
2025-10-27,62.5709,63.0126,62.2607,62.4957,37800
2025-10-28,62.5897,63.0972,62.3641,62.4863,91500
2025-10-29,62.3547,62.5709,61.9881,62.2419,33900
2025-10-30,62.0727,62.0727,57.3825,57.6457,285200
2025-10-31,57.8994,60.6252,57.8994,60.0237,173900
2025-11-03,60.1553,61.9693,60.0237,61.8941,79300
2025-11-04,61.255,61.6591,60.0425,60.5782,65800
2025-11-05,60.973,60.973,60.1083,60.3432,154600
2025-11-06,60.7756,61.7813,60.55,60.738,139000
2025-11-07,60.7192,61.4148,60.4654,61.0764,65900
2025-11-10,61.067,61.5934,60.9542,61.3114,70200
2025-11-11,61.0952,61.7907,61.0952,61.3866,55500
2025-11-12,61.231,63.2447,61.231,62.6721,97800
2025-11-13,62.6721,63.0156,62.3381,62.8725,63300
2025-11-14,62.6244,62.9584,62.0517,62.9011,68000
2025-11-17,62.9584,62.987,62.109,62.4717,56200
2025-11-18,62.1281,62.4621,61.565,61.67,58800
2025-11-19,61.8513,62.7293,61.7082,62.6244,67900
2025-11-20,62.7293,63.197,62.6244,62.7771,96100
2025-11-21,62.758,64.3136,62.758,63.4642,116700
2025-11-24,63.3019,64.3231,63.3019,64.1799,148300
2025-11-25,64.638,65.4683,64.638,65.0675,122300
2025-11-26,64.8957,65.2011,63.8459,64.1704,166800
2025-11-27,64.1322,64.8575,64.1322,64.4281,19500
2025-11-28,64.6285,65.2202,64.4185,65.182,44100
2025-12-01,64.9816,64.9816,63.7696,64.2754,185600
2025-12-02,63.9127,64.4185,63.4642,63.5978,125300
2025-12-03,63.3019,64.7525,63.3019,64.5808,60000
2025-12-04,64.9911,65.3252,64.409,64.409,104600
2025-12-05,64.4567,65.0675,63.636,64.0082,46600
2025-12-08,63.9127,63.9318,63.3592,63.7505,75700
2025-12-09,63.7505,64.2277,63.6837,63.9127,50900
2025-12-10,64.2658,64.2849,63.3306,63.3401,27200
2025-12-11,63.1874,63.5214,62.8725,62.8725,42800
2025-12-12,63.531,63.531,62.7675,63.3401,61000
2025-12-15,63.1588,63.5119,62.9775,63.2256,64600
2025-12-16,62.9966,63.2829,62.758,63.0729,45100
2025-12-17,63.426,63.6169,63.1111,63.4356,61700
2025-12-18,63.6264,64.5808,62.8534,63.0443,79800
2025-12-19,63.2542,63.2542,62.5862,62.7866,82500
2025-12-22,62.548,63.2065,62.1376,63.1397,80200
2025-12-23,63.1015,63.8077,62.7198,62.9011,100900
2025-12-24,62.9011,63.1683,62.7484,63.0538,15200
2025-12-29,62.9775,63.2542,62.7961,63.1588,59800
2025-12-30,63.1588,63.4642,63.0347,63.2351,95600
2025-12-31,63.2351,63.4833,62.9775,63.4356,47000
2026-01-02,63.76,64.409,63.5787,64.0463,89900
2026-01-05,64.0463,64.3708,63.3878,64.3708,109300
2026-01-06,64.18,65.2011,64.18,65.1343,48700
2026-01-07,64.8862,65.3729,63.8459,63.9223,47000
2026-01-08,64.2563,64.8957,63.9604,63.9604,53600
2026-01-09,63.8746,65.0007,63.8459,64.8575,36600
2026-01-12,64.8575,65.2488,64.7239,65.1629,115000
2026-01-13,64.7716,65.3252,64.2181,64.2372,135000
2026-01-14,64.3517,65.3824,64.3326,65.287,93100
2026-01-15,65.1438,68.904,65.1438,67.6251,258700
2026-01-16,67.9401,70.994,67.9401,69.8297,282300
2026-01-19,69.572,69.6675,68.0164,68.36,46800
2026-01-20,68.7131,69.1235,67.7015,67.9592,131900
2026-01-21,68.2837,68.3314,67.377,67.8256,103100
2026-01-22,68.2359,69.1712,68.1405,68.2646,84600
2026-01-23,68.2359,69.2571,68.2359,68.9421,121800
2026-01-26,68.9994,68.9994,68.0164,68.4841,98700
2026-01-27,63.9223,64.638,63.5405,64.4185,1004200
2026-01-28,64.7643,65.113,64.3478,64.3963,399200
2026-01-29,64.4059,64.4544,62.8951,63.2631,247200
2026-01-30,63.2728,64.0185,63.1275,63.5633,196500
2026-02-02,64.0185,64.9096,63.9411,64.4156,160900
2026-02-03,64.5125,64.8902,64.1735,64.4253,147200
2026-02-04,64.3672,64.6384,64.0573,64.1251,240400
2026-02-05,64.2994,64.3866,62.7207,64.3866,267400
2026-02-06,64.3769,65.1323,64.2607,64.5415,151900
2026-02-09,64.6093,65.2389,64.3285,65.0548,97300
2026-02-10,65.0355,66.0524,64.7546,65.9459,221100
2026-02-11,65.8587,66.9531,65.7231,66.5851,168900
2026-02-12,66.8078,67.05,66.343,66.343,217600
2026-02-13,66.5173,67.4277,66.2655,66.8272,171000
2026-02-17,66.9725,68.125,66.9725,68.125,175400
2026-02-18,68.28,68.6093,67.3405,67.7182,121600
2026-02-19,67.6311,67.6311,66.9628,67.263,66000
2026-02-20,66.8563,67.1662,66.4108,66.4689,72600
2026-02-23,66.4689,66.9434,66.1105,66.7982,150100
2026-02-24,66.8272,67.6698,66.7013,67.6698,175200
2026-02-25,68.6674,71.6601,67.9894,71.2533,278300
2026-02-26,71.3695,72.0572,70.1298,70.5366,266800
2026-02-27,70.1492,70.7303,69.9458,70.0814,241900
2026-03-02,69.7327,70.7013,69.0645,70.401,138900
2026-03-03,69.9846,70.9628,69.7037,70.74,174100
2026-03-04,70.7013,71.3114,70.4882,70.7013,70300
2026-03-05,70.7013,71.3308,70.401,70.7013,99000
2026-03-06,70.3526,70.3526,68.7642,68.987,124800
2026-03-09,68.2025,69.4809,67.7473,69.2291,198500
2026-03-10,69.2291,69.8393,68.987,69.8296,124700
2026-03-11,69.5197,69.7424,68.9483,69.2775,89000
2026-03-12,69.1516,70.0427,68.6674,68.7158,196800
2026-03-13,68.8611,69.3841,68.4059,68.464,111700
2026-03-16,68.5124,69.7231,68.4446,69.2969,239300
2026-03-17,69.3357,70.8369,69.2485,70.7303,179700
2026-03-18,70.7981,71.6407,70.6141,71.4276,93200
2026-03-19,71.2921,71.6117,70.1783,71.2533,99800
2026-03-20,70.7981,72.5511,70.7981,72.3284,1493900
2026-03-23,72.4446,74.4494,71.3889,74.0523,149500
2026-03-24,73.5777,74.9627,73.5777,74.0426,100400
2026-03-25,74.4203,74.9433,73.8586,74.3719,68800
2026-03-26,72.6383,72.832,67.6795,68.2025,313800
2026-03-27,68.2025,69.6068,67.4858,67.8248,126100
2026-03-30,67.6989,68.1734,66.4689,66.895,93500
2026-03-31,66.895,68.4543,66.8563,68.3768,157000
2026-04-01,68.3284,68.987,67.3115,67.6214,101300
2026-04-02,67.6214,67.9604,66.4592,67.7667,104800
2026-04-06,67.7086,67.7957,66.5367,66.7885,210300
2026-04-07,67.0984,67.5439,65.6747,66.0427,176800
2026-04-08,66.8272,66.8466,65.7619,65.9749,132900
2026-04-09,66.1977,66.1977,64.3285,64.5996,338300
2026-04-10,61.0162,62.6723,58.9726,59.4665,963200
2026-04-13,60.0476,60.9387,59.7765,59.8539,549700
2026-04-14,59.9508,60.7643,59.7183,60.3382,395000
2026-04-15,60.1445,60.6965,59.9314,60.6094,255900
2026-04-16,60.7934,61.5004,60.7934,61.3067,150500
2026-04-17,61.6069,62.0718,61.3648,61.7522,125600
2026-04-20,61.6554,62.3721,61.3261,61.3358,247300
2026-04-21,61.3648,61.9847,60.929,61.1517,213000
2026-04-22,61.1421,61.7425,60.774,61.0065,164000
2026-04-23,61.0035,61.9087,60.9937,61.8202,193500
2026-04-24,61.9874,61.9874,61.2003,61.3971,134300
2026-04-27,61.4364,62.4991,61.3971,61.7119,264800
2026-04-28,61.8595,62.4204,61.6726,61.6824,253400
2026-04-29,61.6037,61.8989,61.1216,61.2003,182500
2026-04-30,61.2298,62.0366,61.2003,61.9284,376400
2026-05-01,62.2334,62.5188,61.6923,62.4597,187500
2026-05-04,62.4302,62.5581,61.9383,61.9579,196800
2026-05-05,61.9383,62.2728,61.584,61.9874,173500
2026-05-06,62.1842,62.8336,62.1842,62.5089,246100
2026-05-07,62.4892,62.7254,62.135,62.5188,460100
2026-05-08,62.8139,63.2174,62.4499,62.9222,185800
2026-05-11,62.8533,63.5125,62.3909,62.3909,238700
2026-05-12,62.4892,62.7844,62.0071,62.076,493400
2026-05-13,62.0071,62.4892,61.6431,61.8891,231000
2026-05-14,62.076,62.4302,61.8891,62.0957,198600
2026-05-15,62.0858,62.2925,61.7415,61.7907,336100
2026-05-19,61.8792,63.0009,61.7513,62.7648,192700
2026-05-20,62.8139,63.3453,62.6664,63.2075,277500
2026-05-21,63.178,63.8569,62.8238,63.4338,99900
2026-05-22,63.4633,64.5063,62.7549,64.339,248100
2026-05-25,64.4178,64.5555,63.9947,64.4965,34200
2026-05-26,64.28,64.6736,63.9553,64.0439,93300
2026-05-27,64.0832,65.3131,64.0832,64.7129,121800
2026-05-28,64.6047,65.6181,64.4669,65.2541,245500
2026-05-29,65.1262,66.1396,65.0967,66.1396,248300
2026-06-01,65.4115,65.9133,63.7192,64.9097,179000
2026-06-02,64.8999,65.7165,64.0439,64.6145,98200
2026-06-03,64.6047,64.9196,64.3685,64.7523,82400
2026-06-04,64.9884,65.0868,63.7487,64.5063,129400
2026-06-05,64.6145,64.9491,63.5912,63.5912,65200
2026-06-08,63.9356,64.4374,63.4732,64.28,71800
2026-06-09,64.4374,64.7326,63.8274,64.4276,62300
2026-06-10,64.6834,65.136,64.4571,64.7621,58200
2026-06-11,65.2344,65.5591,64.772,65.3033,122000
2026-06-12,65.5197,65.8346,65.3328,65.5591,83200
2026-06-15,65.9232,65.9232,64.3981,64.5457,91900
2026-06-16,64.644,64.9196,64.1324,64.4374,57600
2026-06-17,64.3882,64.4866,63.4633,63.7684,72200
2026-06-18,63.9258,63.9258,61.6529,61.7316,200100
2026-06-19,61.9874,63.2666,61.9874,62.8238,45400
2026-06-22,62.5286,62.6959,61.6234,61.7021,143600
2026-06-23,61.7021,63.0599,61.3184,62.4499,62900
2026-06-24,62.5581,62.7451,61.7611,62.5483,54500
2026-06-25,62.4892,63.0009,61.8103,62.7549,130200
2026-06-26,62.4991,63.7684,62.4991,63.3157,152200
2026-06-29,63.4437,63.5125,62.6073,63.3354,109700
2026-06-30,63.0501,63.5027,62.2826,62.3417,124200
2026-07-02,62.3417,63.6208,61.8989,62.4007,102500
2026-07-03,62.2531,63.4633,62.2531,63.237,28100
2026-07-06,63.0009,63.7979,62.4499,62.4892,109300
2026-07-07,63.0009,63.7782,62.7451,62.8435,89500
2026-07-08,62.9911,63.0894,62.4696,62.4696,89600
2026-07-09,62.5975,63.1977,62.2334,62.4597,70200
2026-07-10,62.6368,63.2272,62.3417,62.4401,82800
2026-07-13,62.5286,63.3354,62.5286,62.9123,138700
2026-07-14,62.6959,62.9123,62.2531,62.4794,102500
2026-07-15,62.4302,63.9553,62.4302,63.3157,132300
2026-07-16,62.0957,64.3981,60.8756,61.6923,353600
2026-07-17,60.9445,62.5384,60.9445,62.2925,152800
2026-07-20,62.0858,62.6762,61.7415,61.8202,215900
2026-07-21,62.0858,62.0858,60.5116,60.8658,168700
2026-07-22,61.0035,61.4168,60.5411,60.5411,214500
2026-07-23,60.2656,60.364,59.3013,59.8425,150800
2026-07-24,59.872,59.9802,59.567,59.6851,72800
2026-07-27,59.9802,60.0688,59.5473,59.8425,224300
2026-07-28,60.2853,60.6099,59.9212,60.423,145100
2026-07-29,60.47,61.92,60.41,61.76,208800
2026-07-30,61.04,61.04,60.04,60.2,135100
2026-07-31,60.07,60.07,58.97,59.1,129100
2026-08-04,58.75,60.62,58.42,60.58,176200
2026-08-05,60.8,60.8,59.76,60.06,126200
2026-08-06,59.78,61.01,59.52,60.73,202800
2026-08-07,60.88,61.25,60.63,61.19,57600
2026-08-10,61.08,61.08,59.24,59.57,143000
2026-08-11,59.72,60.49,59.72,60.41,118700
2026-08-12,60.2,60.4,59.53,60.39,191300
2026-08-13,60.28,61.15,60.28,60.77,253100
2026-08-14,60.92,61.34,60.82,61.11,165500
2026-08-17,60.63,61.62,60.4,61.29,194200
2026-08-18,61.23,61.4,60.79,61.17,101200
2026-08-19,61.34,61.98,60.87,60.88,133400
2026-08-20,60.61,61.1,59.14,59.72,204300
2026-08-21,59.97,61.13,59.78,60.51,359400
2026-08-24,60.34,60.89,59.94,60.72,121300
2026-08-25,60.82,61.35,60.43,61.08,140000
2026-08-26,61.06,61.2,60.5,60.54,97000
2026-08-27,60.61,60.65,60.07,60.51,117300
2026-08-28,60.53,60.7,60.03,60.04,49700
2026-08-31,59.95,60.04,59.39,59.91,221000
2026-09-01,59.59,60.3,59.48,59.8,70300
2026-09-02,59.53,60.12,59.13,59.51,103900
2026-09-03,59.62,60.48,59.62,60,95900
2026-09-04,60,60.6,60,60.48,60100
2026-09-08,60.17,60.17,59.65,59.79,66000
2026-09-09,59.79,60,58.55,58.77,119200
2026-09-10,58.5,59.31,57.09,57.15,120700
2026-09-11,57.5,57.51,56.9,57.16,72600
2026-09-14,57.16,58.69,57.07,58.56,129800
2026-09-15,58.49,58.55,57,57.97,130700
2026-09-16,58.14,58.26,57.73,58.05,87900
2026-09-17,58.05,58.85,57.59,58.17,124700
2026-09-18,57.91,57.91,57.18,57.71,144100
2026-09-21,57.52,57.97,57.3,57.68,41100
2026-09-22,57.74,57.74,56.86,56.88,78800
2026-09-23,56.59,56.64,56.05,56.1,84000
2026-09-24,56,56.31,55.55,55.83,120700
2026-09-25,55.93,55.93,54.75,54.8,194600
2026-09-28,54.5,54.51,51.62,51.83,335600
2026-09-29,51.8,52.15,50.96,51.25,583200
2026-09-30,51.8,52.2,51.3,52.2,368200
2026-10-01,52.2,52.3,51.53,51.95,197800
2026-10-02,52.1,52.83,51.95,52.14,83700
2026-10-05,52.22,52.22,51.22,51.58,312300
2026-10-06,51.46,51.83,51.11,51.82,645639
