date,open,high,low,close,volume
2004-01-02,6.69942,6.80324,6.64445,6.70959,18369259
2004-01-05,6.73809,6.79916,6.65667,6.77066,24399943
2004-01-06,6.66481,6.81749,6.65667,6.77881,21397085
2004-01-07,6.75846,6.98034,6.72181,6.95999,26371759
2004-01-08,6.94777,7.12284,6.90095,7.12284,24743090
2004-01-09,7.05363,7.25109,7.03123,7.15744,26471630
2004-01-12,7.18594,7.22462,7.05362,7.19816,18542113
2004-01-13,7.21241,7.29791,7.15134,7.23073,25492444
2004-01-14,7.27551,7.31826,7.19205,7.29587,18266507
2004-01-15,7.31623,7.4058,7.22666,7.27551,23884902
2004-01-16,7.42819,7.43022,7.24701,7.30401,20422060
2004-01-20,7.32233,7.33251,7.17577,7.25312,18955042
2004-01-21,7.28773,7.42005,7.17984,7.35491,20877562
2004-01-22,7.32233,7.39969,7.24294,7.30808,27619188
2004-01-23,7.34065,7.40376,7.15541,7.21851,28656953
2004-01-26,7.1778,7.35287,7.15744,7.33862,22434209
2004-01-27,7.2979,7.3549,7.13301,7.16762,20539537
2004-01-28,7.1493,7.22259,6.88466,6.91113,29704640
2004-01-29,6.94777,7.05566,6.83988,7.04345,25013574
2004-01-30,6.9722,7.16355,6.9152,6.94166,25340717
2004-02-02,6.96609,7.06787,6.86431,6.93963,29301314
2004-02-03,6.9722,7.02309,6.86023,6.87855,21057779
2004-02-04,6.8582,6.95998,6.81138,6.82359,20049784
2004-02-05,6.82156,6.86227,6.72181,6.78085,16719463
2004-02-06,6.81545,6.82156,6.73606,6.7951,18500500
2004-02-09,6.81953,6.84599,6.74013,6.76863,17787317
2004-02-10,6.79917,6.97423,6.75845,6.90706,20243764
2004-02-11,6.38592,6.50603,6.20678,6.35742,236379446
2004-02-12,6.40221,6.42664,6.10093,6.11925,137466625
2004-02-13,6.14775,6.15996,6.05614,6.08668,75578491
2004-02-17,6.15182,6.29228,6.08668,6.25971,78624883
2004-02-18,6.28007,6.2821,6.19864,6.26989,32813451
2004-02-19,6.30042,6.3106,6.15182,6.15793,37147605
2004-02-20,6.29432,6.30042,6.09482,6.14368,35495569
2004-02-23,6.14368,6.15182,5.97879,6.00729,49235541
2004-02-24,6.04596,6.13146,5.97675,6.07039,48600783
2004-02-25,6.10703,6.12943,6.07243,6.09278,32564093
2004-02-26,6.06632,6.20067,6.03578,6.09686,27240510
2004-02-27,6.10093,6.13757,6.05004,6.09686,24967800
2004-03-01,6.16403,6.19457,6.09279,6.16811,24334962
2004-03-02,6.21085,6.22917,6.08668,6.09278,25254290
2004-03-03,6.10907,6.22307,6.09889,6.18846,27868546
2004-03-04,6.22714,6.26378,6.20068,6.25157,20185506
2004-03-05,6.17014,6.29024,6.15792,6.1966,26753638
2004-03-08,6.18439,6.25971,6.07446,6.10703,21488633
2004-03-09,6.08871,6.15182,6.05614,6.08261,23411794
2004-03-10,6.08871,6.18032,6.06021,6.06632,32978303
2004-03-11,6.05004,6.07446,5.90347,5.91364,31634843
2004-03-12,5.94215,6.00525,5.9055,6.00322,23995976
2004-03-15,5.98082,6.02764,5.88718,5.8994,23762303
2004-03-16,5.95436,5.98286,5.88922,5.90347,20680701
2004-03-17,6.01543,6.01747,5.81186,5.90957,17751146
2004-03-18,5.88311,5.96454,5.87293,5.88922,18763622
2004-03-19,5.88311,5.92993,5.81186,5.83425,29619813
2004-03-22,5.81186,5.85665,5.74876,5.81186,24289188
2004-03-23,5.84443,5.88515,5.72026,5.73247,21024808
2004-03-24,5.7345,5.79558,5.65104,5.6999,21874994
2004-03-25,5.71415,5.81593,5.706,5.79557,32971580
2004-03-26,5.77929,6.07446,5.74061,5.95232,28116944
2004-03-29,5.95436,5.97472,5.86479,5.90143,24762616
2004-03-30,5.87904,5.90754,5.85665,5.89533,17034442
2004-03-31,5.91772,5.934,5.83018,5.85461,22980299
2004-04-01,5.84443,6.00322,5.79354,5.93808,25668499
2004-04-02,6.02968,6.03986,5.8994,5.92179,21720065
2004-04-05,5.92179,6.07039,5.8994,6.06021,19729684
2004-04-06,5.99304,6.105,5.98897,6.06836,16925288
2004-04-07,6.03579,6.08464,5.93604,5.96454,22765192
2004-04-08,6.02357,6.04189,5.91975,5.95232,16015563
2004-04-12,6.05818,6.21493,6.0195,6.17625,29381659
2004-04-13,6.219,6.219,6.06022,6.105,23026714
2004-04-14,6.06429,6.26785,6.05614,6.23936,29501056
2004-04-15,6.27396,6.27803,6.10296,6.14775,28516429
2004-04-16,6.23528,6.24953,6.09686,6.15589,19674626
2004-04-19,6.12942,6.27192,6.105,6.24139,17585014
2004-04-20,6.19253,6.23935,6.08668,6.10296,19467842
2004-04-21,6.08261,6.12332,5.96861,5.991,26606712
2004-04-22,5.99507,6.03986,5.91568,5.92382,32061536
2004-04-23,5.89736,5.92789,5.84036,5.88718,29951757
2004-04-26,5.97268,6.08261,5.94418,6.0765,30349321
2004-04-27,6.09482,6.24342,6.05614,6.10093,34237896
2004-04-28,6.44292,6.44699,6.08057,6.14775,96195492
2004-04-29,6.18846,6.32485,6.17014,6.22307,48924404
2004-04-30,6.25971,6.29228,6.11721,6.13961,25544620
2004-05-03,6.13553,6.17828,6.07853,6.09278,27569893
2004-05-04,6.07853,6.11314,5.98896,6.03986,28559962
2004-05-05,6.048,6.05614,5.94418,5.95639,25632008
2004-05-06,5.92382,5.93807,5.77318,5.80168,31663972
2004-05-07,5.76097,5.877,5.72433,5.85664,31849950
2004-05-10,5.78336,5.82204,5.67954,5.71008,39736894
2004-05-11,5.72026,5.86886,5.71822,5.79761,24159548
2004-05-12,5.77929,5.83629,5.6714,5.75486,27603824
2004-05-13,5.73247,5.77318,5.66326,5.68565,36666815
2004-05-14,5.68158,5.80168,5.65104,5.77115,28128147
2004-05-17,5.67547,5.6999,5.59812,5.62458,26297175
2004-05-18,5.69176,5.75079,5.64086,5.72636,30370128
2004-05-19,5.80575,5.84647,5.6999,5.72433,23217813
2004-05-20,5.75282,5.81797,5.71822,5.79557,17164722
2004-05-21,5.87904,5.89125,5.78743,5.82204,17474579
2004-05-24,5.9279,5.95436,5.81797,5.85868,16660245
2004-05-25,5.89329,6.05207,5.83425,6.0195,21081466
2004-05-26,6.05614,6.08464,5.97879,6.04393,29513220
2004-05-27,6.09482,6.09686,5.94418,5.98082,27341021
2004-05-28,6.00118,6.02154,5.88311,5.89329,16471066
2004-06-01,5.89329,5.934,5.83425,5.88922,22871145
2004-06-02,5.92382,5.93807,5.79151,5.85868,20989597
2004-06-03,5.82,5.8709,5.76097,5.78133,22559048
2004-06-04,5.77522,5.91161,5.77318,5.86275,32723183
2004-06-07,5.90754,5.98897,5.8709,5.97879,24925227
2004-06-08,5.93807,6.05207,5.92993,6.05207,23117302
2004-06-09,5.991,6.05818,5.97472,6.00322,16485790
2004-06-10,6.03171,6.03375,5.97675,6.02764,10305299
2004-06-14,5.97471,5.99914,5.84646,5.86682,20105801
2004-06-15,5.9055,6.05411,5.89125,5.99711,23310962
2004-06-16,5.99304,6.05004,5.95639,6.02561,14094323
2004-06-17,5.99711,6.02765,5.92179,5.98693,15439703
2004-06-18,5.91568,6.10703,5.85054,6.04189,25214597
2004-06-21,6.00932,6.02357,5.71822,5.8424,20291459
2004-06-22,5.84036,5.85461,5.66326,5.7569,30478962
2004-06-23,5.75283,5.77726,5.67751,5.74468,20105481
2004-06-24,5.71212,5.77726,5.67547,5.68158,26031172
2004-06-25,5.73654,5.77522,5.44137,5.70397,35621688
2004-06-28,5.70397,5.81593,5.62865,5.63272,25026378
2004-06-29,5.64697,5.72636,5.61236,5.66936,18309720
2004-06-30,5.6714,5.7569,5.66529,5.72026,24829837
2004-07-01,5.73451,5.74469,5.63476,5.6653,24706278
2004-07-02,5.66733,5.73247,5.63272,5.69175,17131432
2004-07-06,5.67751,5.68565,5.54315,5.54926,35977640
2004-07-07,5.57776,5.60219,5.53908,5.55537,21444459
2004-07-08,5.60015,5.68972,5.55537,5.62254,25178746
2004-07-09,5.6714,5.70397,5.59201,5.61644,18182000
2004-07-12,5.60422,5.67547,5.56962,5.67343,16521641
2004-07-13,5.66936,5.69583,5.62458,5.65918,15997638
2004-07-14,5.61236,5.72433,5.59608,5.6999,16899039
2004-07-15,5.67751,5.77522,5.66529,5.74061,19105809
2004-07-16,5.83222,5.83629,5.6429,5.67954,27768995
2004-07-19,5.70397,5.73043,5.64901,5.70194,19877890
2004-07-20,5.67954,5.78132,5.66936,5.77115,19093005
2004-07-21,5.76097,5.80168,5.67547,5.67751,18155112
2004-07-22,5.67344,5.75283,5.65104,5.74468,19305551
2004-07-23,5.68972,5.72026,5.66529,5.69786,14219482
2004-07-26,5.71008,5.7284,5.61847,5.72229,18472651
2004-07-27,5.79761,5.85257,5.74061,5.85054,28995618
2004-07-28,5.72229,5.78133,5.50854,5.61033,52981992
2004-07-29,5.70193,5.71211,5.58997,5.60626,28122065
2004-07-30,5.5574,5.6144,5.47394,5.57776,31362758
2004-08-02,5.77726,5.88311,5.73044,5.85258,43767913
2004-08-03,5.81186,5.88718,5.80575,5.81593,21227432
2004-08-04,5.79558,5.81593,5.68158,5.70804,22607383
2004-08-05,5.69583,5.74876,5.60015,5.61237,29928710
2004-08-06,5.57776,5.706,5.50854,5.51872,21975825
2004-08-09,5.50854,5.59811,5.4719,5.5004,18228735
2004-08-10,5.50244,5.57369,5.46172,5.53501,33058968
2004-08-11,5.49429,5.58386,5.47597,5.51465,20787294
2004-08-12,5.4434,5.5004,5.38233,5.39658,22058731
2004-08-13,5.40065,5.46987,5.36198,5.39047,27567012
2004-08-16,5.38437,5.51669,5.34365,5.46783,21512000
2004-08-17,5.43526,5.64494,5.42915,5.58183,53152605
2004-08-18,5.57776,5.69786,5.51669,5.6714,18778987
2004-08-19,5.63679,5.71618,5.60422,5.63679,18952481
2004-08-20,5.6144,5.6999,5.59608,5.66733,14085040
2004-08-23,5.65104,5.69583,5.62661,5.66326,11563933
2004-08-24,5.69786,5.69786,5.62865,5.66936,12683642
2004-08-25,5.6714,5.763,5.65918,5.75893,17513631
2004-08-26,5.71618,5.78947,5.70397,5.76708,13976206
2004-08-27,5.77929,5.80168,5.71008,5.73451,17179127
2004-08-30,5.72636,5.74265,5.6714,5.68361,10648767
2004-08-31,5.6999,5.73858,5.6714,5.73451,17053328
2004-09-01,5.72433,5.74265,5.62254,5.67954,20754324
2004-09-02,5.65715,5.6999,5.60829,5.67547,15644567
2004-09-03,5.69379,5.71211,5.63069,5.63272,9787698
2004-09-07,5.67751,5.73451,5.64901,5.70601,16921126
2004-09-08,5.67954,5.78133,5.66936,5.74875,16531565
2004-09-09,5.75486,5.77115,5.66936,5.69175,16137842
2004-09-10,5.68158,5.70193,5.63272,5.6999,16295971
2004-09-13,5.70804,5.73654,5.59404,5.72433,18094293
2004-09-14,5.72636,5.74265,5.68768,5.71415,14054631
2004-09-15,5.69786,5.73654,5.62865,5.70804,16837580
2004-09-16,5.70397,5.79761,5.69379,5.78947,14069675
2004-09-17,5.81186,5.8485,5.76708,5.77318,23335930
2004-09-20,5.77318,5.80372,5.71618,5.7854,22221982
2004-09-21,5.76708,5.79151,5.65919,5.75283,15778369
2004-09-22,5.6999,5.71822,5.66937,5.68565,22999185
2004-09-23,5.68158,5.74265,5.67751,5.68565,15358718
2004-09-24,5.706,5.75486,5.68158,5.7284,14087921
2004-09-27,5.71008,5.72026,5.66122,5.67343,15283815
2004-09-28,5.66529,5.70804,5.63476,5.63476,17834051
2004-09-29,5.62051,5.73858,5.59201,5.73858,18829562
2004-09-30,5.68768,5.78743,5.68565,5.74875,23234459
2004-10-01,5.77318,5.93807,5.74468,5.92586,31488557
2004-10-04,5.8994,5.991,5.8994,5.93604,29759697
2004-10-05,5.90347,6.00729,5.8994,5.98693,20989277
2004-10-06,5.92179,6.07854,5.92179,6.06021,20755604
2004-10-07,6.05207,6.10092,5.991,5.99914,20569306
2004-10-08,5.98897,6.08871,5.89533,5.93197,20324750
2004-10-11,5.95639,5.97064,5.89329,5.95436,9726559
2004-10-12,5.91975,5.99711,5.89125,5.95639,16088866
2004-10-13,5.991,6.01543,5.94418,5.97879,17041484
2004-10-14,5.97065,5.991,5.8424,5.85258,22193813
2004-10-15,5.88718,5.90143,5.83222,5.8424,20584991
2004-10-18,5.83018,5.86682,5.76911,5.85664,19798185
2004-10-19,5.83832,5.86479,5.75079,5.78947,25075674
2004-10-20,5.81797,5.81797,5.71211,5.77318,18650627
2004-10-21,5.72433,5.75283,5.64697,5.71211,21855148
2004-10-22,5.72229,5.76097,5.66529,5.66733,18760101
2004-10-25,5.63679,5.74672,5.63069,5.70804,16740590
2004-10-26,5.73043,5.88718,5.70804,5.88718,31597071
2004-10-27,5.94418,6.0256,5.81797,5.99914,59582454
2004-10-28,6.00321,6.06632,5.94825,6.01339,24053274
2004-10-29,6.03375,6.04189,5.96657,6.00525,19334360
2004-11-01,6.03986,6.03986,5.91975,5.97268,22110267
2004-11-02,6.00118,6.05207,5.95436,5.9625,17596217
2004-11-03,6.0195,6.05411,5.86886,5.91364,26240838
2004-11-04,5.934,6.08668,5.91771,6.02764,27130716
2004-11-05,6.03579,6.09075,6.00118,6.03782,22584015
2004-11-08,6.01339,6.07243,5.991,6.02561,16579900
2004-11-09,6.04189,6.06632,6.00729,6.02561,17255951
2004-11-10,6.06021,6.07243,5.9625,5.96454,23255265
2004-11-11,5.99711,6.07853,5.97675,6.02764,26876236
2004-11-12,6.01339,6.12943,5.99304,6.07243,33480219
2004-11-15,6.06021,6.10093,6.00729,6.10093,20941262
2004-11-16,6.09889,6.11721,6.0195,6.05004,22075697
2004-11-17,6.05207,6.08871,6.01136,6.05004,20538896
2004-11-18,6.08871,6.23732,6.07243,6.21289,53885954
2004-11-19,6.23528,6.23528,6.17218,6.17829,25192190
2004-11-22,6.21289,6.3106,6.1905,6.2536,27438652
2004-11-23,6.27192,6.30653,6.17421,6.26785,29143184
2004-11-24,6.28821,6.32485,6.20882,6.2251,19663103
2004-11-26,6.26378,6.29839,6.21493,6.219,5552455
2004-11-29,6.23528,6.27193,6.11314,6.15386,20891006
2004-11-30,6.1335,6.20882,6.11518,6.11518,21897081
2004-12-01,6.13146,6.20067,6.12739,6.15996,23790152
2004-12-02,6.13146,6.14164,6.048,6.08261,26557417
2004-12-03,6.07854,6.105,6.00525,6.02154,23530871
2004-12-06,6.0195,6.03171,5.9625,5.98489,17445770
2004-12-07,5.99711,6.09075,5.98489,6.00525,22484144
2004-12-08,5.99507,6.10704,5.98693,6.08668,27549407
2004-12-09,6.04596,6.28007,6.00525,6.23324,33320810
2004-12-10,6.17421,6.29839,6.16607,6.25971,18896143
2004-12-13,6.25767,6.3106,6.21493,6.24953,20204392
2004-12-14,6.20882,6.3106,6.19253,6.30449,16056216
2004-12-15,6.31264,6.37778,6.29025,6.34114,26893522
2004-12-16,6.33096,6.37167,6.30246,6.33503,19387177
2004-12-17,6.24953,6.40425,6.23936,6.23936,43604022
2004-12-20,6.26378,6.37981,6.24953,6.33707,19807148
2004-12-21,6.33707,6.43885,6.32282,6.38796,20911173
2004-12-22,6.42867,6.46328,6.36149,6.44496,20990878
2004-12-23,6.44699,6.48364,6.41239,6.42256,13946437
2004-12-27,6.5671,6.61595,6.51417,6.59356,31648607
2004-12-28,6.59967,6.74827,6.5732,6.71774,25718114
2004-12-29,6.68517,6.71774,6.62002,6.68313,15772607
2004-12-30,6.70349,6.78491,6.64852,6.72995,14929144
2004-12-31,6.72384,6.78491,6.72384,6.77474,12696126
2005-01-03,6.7727,6.80934,6.64038,6.69127,29659506
2005-01-04,6.72384,6.72792,6.5101,6.52028,31804176
2005-01-05,6.54063,6.6587,6.47549,6.58135,32931248
2005-01-06,6.55081,6.67703,6.53656,6.57117,23885862
2005-01-07,6.57524,6.64853,6.56099,6.6302,22267116
2005-01-10,6.6302,6.79916,6.6302,6.76456,35959394
2005-01-11,6.78491,6.81952,6.66074,6.76252,32173891
2005-01-12,6.77067,6.79916,6.69127,6.75845,27242751
2005-01-13,6.75846,6.80935,6.71774,6.75031,31373321
2005-01-14,6.76049,6.85006,6.75031,6.83377,30040105
2005-01-18,6.80527,6.85209,6.74013,6.83174,22310970
2005-01-19,6.79103,6.81545,6.71774,6.72181,18545954
2005-01-20,6.75031,6.76863,6.64649,6.66481,24596484
2005-01-21,6.6811,6.79102,6.65871,6.70756,30325634
2005-01-24,6.71163,6.80731,6.68924,6.71774,25313188
2005-01-25,6.7442,6.80934,6.73809,6.74827,24938351
2005-01-26,6.74624,6.79713,6.64649,6.74217,20835629
2005-01-27,6.75438,6.76049,6.6302,6.65463,28532754
2005-01-28,6.69942,6.71163,6.51824,6.5671,29187038
2005-01-31,6.62002,6.67092,6.49178,6.55285,25892249
2005-02-01,6.50807,6.53657,6.43071,6.43275,29969363
2005-02-02,6.44089,6.58746,6.43274,6.50603,26560938
2005-02-03,6.38185,6.54471,6.36353,6.53657,39079729
2005-02-04,6.52639,6.55081,6.49178,6.54063,22933244
2005-02-07,6.53249,6.55285,6.44699,6.47346,16827337
2005-02-08,6.44496,6.52231,6.42053,6.44496,17743463
2005-02-09,6.43274,6.46328,6.36964,6.3961,18557157
2005-02-10,6.43885,6.55488,6.41035,6.45107,20642289
2005-02-11,6.46531,6.49585,6.38796,6.41849,24939951
2005-02-14,6.41239,6.4246,6.31874,6.37371,27057093
2005-02-15,6.51621,6.64242,6.48567,6.58746,43703253
2005-02-16,6.6241,6.71774,6.60578,6.70552,34737892
2005-02-17,6.70552,6.75438,6.63835,6.64445,24741489
2005-02-18,6.65463,6.70552,6.59356,6.67092,22515194
2005-02-22,6.6587,6.67702,6.58135,6.58542,24942192
2005-02-23,6.61799,6.72384,6.61799,6.68313,19670145
2005-02-24,6.72385,6.75031,6.66888,6.69535,26298776
2005-02-25,6.68517,6.69128,6.61799,6.64038,18767143
2005-02-28,6.67092,6.7157,6.58949,6.60781,21295293
2005-03-01,6.60781,6.70349,6.60171,6.69331,20723594
2005-03-02,6.6587,6.74013,6.6526,6.69127,18829883
2005-03-03,6.6811,6.70145,6.60171,6.62003,24143863
2005-03-04,6.68517,6.71977,6.65056,6.67499,21320901
2005-03-07,6.69534,6.83174,6.68109,6.80527,27216503
2005-03-08,6.79917,6.89891,6.79306,6.85006,30743044
2005-03-09,6.82563,6.92131,6.81342,6.85413,32569855
2005-03-10,6.85413,6.93963,6.79917,6.84599,27540764
2005-03-11,6.83581,6.87652,6.75642,6.7727,23269029
2005-03-14,6.78491,6.92131,6.76863,6.91927,23508144
2005-03-15,6.92131,6.9722,6.88263,6.90299,26979308
2005-03-16,6.83988,6.90909,6.81342,6.84192,25691866
2005-03-17,6.83784,6.89281,6.77067,6.81749,20413737
2005-03-18,6.81952,6.90909,6.81749,6.8867,45930829
2005-03-21,6.86634,6.98441,6.81952,6.91724,27518037
2005-03-22,6.93149,6.99459,6.84599,6.86431,29029869
2005-03-23,6.86838,6.91113,6.8012,6.8297,24339124
2005-03-24,6.82563,6.87245,6.7381,6.74624,22414042
2005-03-28,6.77881,6.97627,6.77677,6.89484,26823420
2005-03-29,6.89891,6.98237,6.87041,6.98237,43051850
2005-03-30,6.98645,7.02309,6.9213,6.98237,38492025
2005-03-31,7.00884,7.02106,6.85617,6.87652,36460030
2005-04-01,6.90095,6.92741,6.79102,6.79713,45761496
2005-04-04,6.80527,6.82767,6.7157,6.76659,35913940
2005-04-05,6.79306,6.7951,6.72588,6.7727,24607688
2005-04-06,6.81545,6.82156,6.67702,6.71774,26540771
2005-04-07,6.7157,6.82563,6.67906,6.77474,28650871
2005-04-08,6.80934,6.87245,6.71774,6.73199,31329788
2005-04-11,6.72791,6.8012,6.71163,6.74217,20823785
2005-04-12,6.69941,6.88262,6.67295,6.82563,30768332
2005-04-13,6.82359,6.88059,6.79916,6.81341,19828915
2005-04-14,6.8236,6.85413,6.70756,6.72792,25050386
2005-04-15,6.71774,6.74828,6.58949,6.60578,36424179
2005-04-18,6.56913,6.6587,6.50196,6.54063,32475746
2005-04-19,6.53656,6.55896,6.45107,6.48567,28095817
2005-04-20,6.44699,6.48567,6.38185,6.41035,32665245
2005-04-21,6.51417,6.60171,6.48771,6.56506,30277299
2005-04-22,6.53046,6.5956,6.42257,6.47549,27668484
2005-04-25,6.53249,6.61392,6.45106,6.59356,28720973
2005-04-26,6.55488,6.5956,6.42256,6.43478,29069561
2005-04-27,6.41239,6.52028,6.36557,6.49789,27264197
2005-04-28,6.54063,6.54674,6.44903,6.48974,39940478
2005-04-29,6.57524,6.57524,6.43478,6.53453,28687042
2005-05-02,6.54674,6.61799,6.49178,6.54471,32412686
2005-05-03,6.51417,6.58135,6.50399,6.54878,61488649
2005-05-04,6.54267,6.65463,6.53453,6.63834,37008682
2005-05-05,6.64038,6.64853,6.52435,6.56506,27679367
2005-05-06,6.60985,6.62817,6.51621,6.54063,18558438
2005-05-09,6.51417,6.59153,6.51417,6.57931,25098401
2005-05-10,6.54064,6.57321,6.50196,6.53249,25092319
2005-05-11,6.5386,6.55692,6.43682,6.50806,23099696
2005-05-12,6.50399,6.5386,6.4592,6.49178,20118605
2005-05-13,6.51417,6.54267,6.46124,6.48974,29831720
2005-05-16,6.4816,6.5386,6.40424,6.45513,32855384
2005-05-17,6.41239,6.51213,6.40628,6.45513,26943777
2005-05-18,6.49788,6.50399,6.39813,6.40017,29128460
2005-05-19,6.43682,6.51621,6.4246,6.51417,37421291
2005-05-20,6.53249,6.53452,6.47549,6.49178,22885870
2005-05-23,6.47142,6.57321,6.45921,6.53046,27545245
2005-05-24,6.53046,6.58542,6.49789,6.56506,26434818
2005-05-25,6.54064,6.60171,6.52842,6.55692,27363108
2005-05-26,6.57728,6.60578,6.49789,6.52231,22842016
2005-05-27,6.49992,6.54063,6.4531,6.52028,10871876
2005-05-31,6.52028,6.57931,6.4816,6.55488,25817345
2005-06-01,6.51417,6.56506,6.4185,6.42664,39317243
2005-06-02,6.48364,6.50399,6.44496,6.49789,21509440
2005-06-03,6.51213,6.52231,6.45106,6.46735,13470128
2005-06-06,6.44699,6.52435,6.43885,6.47957,17977456
2005-06-07,6.46328,6.55285,6.43478,6.46124,28673278
2005-06-08,6.47753,6.48974,6.42256,6.44089,22708214
2005-06-09,6.43275,6.52435,6.43275,6.48364,39968646
2005-06-10,6.47753,6.50806,6.43071,6.45921,20470395
2005-06-13,6.47142,6.52435,6.44292,6.44699,18974568
2005-06-14,6.44496,6.51621,6.43885,6.47753,19187754
2005-06-15,6.48364,6.50807,6.4246,6.45717,20481599
2005-06-16,6.46124,6.47549,6.37778,6.41442,22650596
2005-06-17,6.46735,6.54267,6.40425,6.42664,38547722
2005-06-20,6.47346,6.58542,6.46328,6.52638,31886762
2005-06-21,6.48974,6.61595,6.4816,6.56303,23976450
2005-06-22,6.59356,6.60985,6.49992,6.50399,23840728
2005-06-23,6.53656,6.54267,6.37982,6.37982,27309332
2005-06-24,6.38185,6.41849,6.28617,6.3106,41786174
2005-06-27,6.32078,6.41035,6.3106,6.34114,32438614
2005-06-28,6.37981,6.39203,6.34724,6.35132,18196085
2005-06-29,6.3391,6.35742,6.25768,6.26378,27327897
2005-06-30,6.25564,6.32892,6.22103,6.24342,32989186
2005-07-01,6.34114,6.34114,6.162,6.19864,31018330
2005-07-05,6.20271,6.26378,6.18643,6.20068,24821834
2005-07-06,6.17421,6.20067,6.11518,6.12332,29552272
2005-07-07,6.09482,6.17421,6.05207,6.12536,26499158
2005-07-08,6.12332,6.27396,6.10296,6.24342,28086214
2005-07-11,6.19457,6.30246,6.16404,6.276,18309400
2005-07-12,6.26582,6.3106,6.24953,6.2821,22626269
2005-07-13,6.23935,6.28821,6.23325,6.25971,20243124
2005-07-14,6.29635,6.33707,6.21289,6.23121,27645437
2005-07-15,6.25157,6.28007,6.16607,6.19457,24957877
2005-07-18,6.20068,6.22918,6.16404,6.17829,15389768
2005-07-19,6.18846,6.20068,6.12739,6.13961,22031843
2005-07-20,6.10704,6.20068,6.05207,6.13961,45751573
2005-07-21,6.13757,6.14368,6.08464,6.12332,34122980
2005-07-22,6.1111,6.20474,6.10907,6.1966,30022179
2005-07-25,6.16607,6.2536,6.16607,6.21085,22191253
2005-07-26,6.21289,6.30043,6.20882,6.28007,26540451
2005-07-27,6.2821,6.33503,6.22918,6.31671,22885229
2005-07-28,6.32689,6.38389,6.29635,6.3676,20715592
2005-07-29,6.34521,6.36557,6.24953,6.25564,27331418
2005-08-01,6.22918,6.26785,6.22307,6.23121,32869789
2005-08-02,6.34114,6.35539,6.27396,6.3106,39084850
2005-08-03,6.3106,6.32485,6.2821,6.30857,24700196
2005-08-04,6.26582,6.42256,6.26582,6.37778,27272840
2005-08-05,6.37982,6.42664,6.36353,6.38185,27603183
2005-08-08,6.41035,6.45717,6.38185,6.41849,25661137
2005-08-09,6.46328,6.48364,6.43478,6.47346,23411794
2005-08-10,6.48363,6.53045,6.46938,6.49992,33453651
2005-08-11,6.48364,6.54471,6.47753,6.50603,23063205
2005-08-12,6.47956,6.5162,6.47346,6.51213,20062588
2005-08-15,6.49789,6.57728,6.48974,6.53453,15293738
2005-08-16,6.5162,6.54877,6.41239,6.41646,26932254
2005-08-17,6.43885,6.47549,6.41035,6.43071,26818618
2005-08-18,6.42256,6.46124,6.38999,6.40221,18379182
2005-08-19,6.40221,6.41035,6.34521,6.38592,25182587
2005-08-22,6.41035,6.46124,6.35742,6.41239,18416954
2005-08-23,6.32892,6.44699,6.3106,6.36964,19347804
2005-08-24,6.37168,6.42867,6.31468,6.31875,20580189
2005-08-25,6.3391,6.34725,6.27803,6.32485,16847823
2005-08-26,6.29228,6.35132,6.25767,6.29839,15663773
2005-08-29,6.28414,6.32485,6.26582,6.29025,14274860
2005-08-30,6.26582,6.30857,6.2536,6.26582,20229040
2005-08-31,6.24749,6.28414,6.20067,6.25767,23479015
2005-09-01,6.2475,6.25971,6.17014,6.18032,29475448
2005-09-02,6.18846,6.22511,6.16404,6.17829,15673697
2005-09-06,6.18643,6.25768,6.18236,6.2475,19753371
2005-09-07,6.219,6.2475,6.18846,6.20882,26240518
2005-09-08,6.25767,6.26175,6.1396,6.14368,27466501
2005-09-09,6.15182,6.1905,6.11314,6.162,25859279
2005-09-12,6.14164,6.17421,6.09482,6.105,27121113
2005-09-13,6.06836,6.10907,6.05614,6.08261,32313775
2005-09-14,6.06632,6.09889,6.048,6.06632,26510362
2005-09-15,6.05818,6.09889,6.04596,6.05614,21772242
2005-09-16,6.08057,6.15793,6.05614,6.15793,56476203
2005-09-19,6.11518,6.15589,6.03375,6.06225,27030204
2005-09-20,6.07039,6.08464,5.96657,5.96657,32240152
2005-09-21,5.94418,5.97472,5.9055,5.91364,36218035
2005-09-22,5.90347,5.94011,5.85664,5.86886,34875215
2005-09-23,5.86275,5.92383,5.85054,5.90143,30458795
2005-09-26,5.9055,5.98489,5.88515,5.91772,32336182
2005-09-27,5.91772,5.97268,5.9055,5.9055,27619188
2005-09-28,5.94011,5.95639,5.88311,5.90957,23106098
2005-09-29,5.8994,5.99711,5.88718,5.9625,33889627
2005-09-30,5.96454,6.00525,5.89125,5.98082,24146103
2005-10-03,5.95232,5.97268,5.89125,5.89125,27340701
2005-10-04,5.88922,5.92586,5.82815,5.83425,27939608
2005-10-05,5.82611,5.83832,5.73858,5.73858,33371705
2005-10-06,5.74265,5.85257,5.73043,5.78947,41714472
2005-10-07,5.78743,5.82001,5.74672,5.76097,30473840
2005-10-10,5.75283,5.84036,5.74468,5.78133,22754309
2005-10-11,5.77522,5.83222,5.74468,5.76504,29182877
2005-10-12,5.74061,5.84647,5.67751,5.68361,34963243
2005-10-13,5.66122,5.68361,5.53501,5.53705,51099484
2005-10-14,5.5574,5.62458,5.53908,5.5574,38430886
2005-10-17,5.53704,5.57776,5.5004,5.52687,27215542
2005-10-18,5.52483,5.54926,5.45358,5.45358,26647365
2005-10-19,5.49429,5.63679,5.45765,5.63679,49830287
2005-10-20,5.63475,5.73247,5.56758,5.58997,37041972
2005-10-21,5.65308,5.65918,5.50854,5.51058,45407786
2005-10-24,5.5228,5.64901,5.52076,5.63883,28248825
2005-10-25,5.6144,5.71822,5.60829,5.66733,34446921
2005-10-26,5.65919,5.68362,5.61237,5.62458,32084583
2005-10-27,5.59812,5.65308,5.49633,5.49633,21714624
2005-10-28,5.5574,5.63069,5.52483,5.61237,28363741
2005-10-31,5.60218,5.72025,5.60218,5.66122,30179988
2005-11-01,5.64697,5.75893,5.64697,5.72026,32171330
2005-11-02,5.74672,5.90347,5.74061,5.86275,51209598
2005-11-03,5.61644,5.6714,5.52076,5.56962,104713673
2005-11-04,5.56758,5.59404,5.49633,5.52483,48261157
2005-11-07,5.50651,5.52483,5.37012,5.38641,51087640
2005-11-08,5.34569,5.40269,5.33347,5.36605,45952276
2005-11-09,5.34366,5.44951,5.33551,5.41694,30429666
2005-11-10,5.41694,5.57572,5.4149,5.56758,46957070
2005-11-11,5.57776,5.64493,5.4719,5.48208,30843876
2005-11-14,5.4719,5.48412,5.39048,5.41287,32902439
2005-11-15,5.40269,5.43933,5.37012,5.38844,37444978
2005-11-16,5.37216,5.40065,5.30294,5.31312,44023353
2005-11-17,5.30701,5.37012,5.30294,5.36605,44760543
2005-11-18,5.42305,5.50244,5.3294,5.48004,56801105
2005-11-21,5.43933,5.58387,5.43933,5.5228,46422823
2005-11-22,5.51669,5.56148,5.48616,5.51669,26467789
2005-11-23,5.48412,5.56962,5.46376,5.54112,20130449
2005-11-25,5.54722,5.59812,5.54112,5.57572,8808192
2005-11-28,5.55944,5.58794,5.50855,5.51262,32354428
2005-11-29,5.48819,5.58183,5.4373,5.44544,55795031
2005-11-30,5.42712,5.43933,5.33144,5.37419,56662181
2005-12-01,5.40066,5.5004,5.39455,5.48412,44972450
2005-12-02,5.47597,5.53094,5.45562,5.5289,33888347
2005-12-05,5.53094,5.53298,5.48819,5.50651,34297755
2005-12-06,5.50447,5.56351,5.43526,5.52483,49461532
2005-12-07,5.50855,5.55333,5.48005,5.51669,32923245
2005-12-08,5.53704,5.54112,5.42508,5.48004,45505416
2005-12-09,5.48615,5.4943,5.4088,5.45969,29146706
2005-12-12,5.46783,5.47597,5.40473,5.41287,23729013
2005-12-13,5.38844,5.44951,5.36808,5.41897,33033360
2005-12-14,5.39048,5.46173,5.36401,5.41694,29151507
2005-12-15,5.42712,5.49633,5.36198,5.47394,34541991
2005-12-16,5.46172,5.49837,5.4373,5.46172,55777745
2005-12-19,5.44748,5.49226,5.4149,5.42101,34948838
2005-12-20,5.4149,5.44137,5.3803,5.40676,25720355
2005-12-21,5.4088,5.44137,5.2948,5.3518,42128681
2005-12-22,5.34976,5.39658,5.31923,5.38641,33696607
2005-12-23,5.4088,5.45969,5.37826,5.40269,17439048
2005-12-27,5.43119,5.44748,5.33144,5.34162,32489190
2005-12-28,5.33348,5.35791,5.32126,5.32737,22750147
2005-12-29,5.32126,5.35791,5.31108,5.31312,18973287
2005-12-30,5.29683,5.32533,5.25205,5.27648,31133246
2006-01-03,5.30294,5.35791,5.16045,5.33959,34958761
2006-01-04,5.31923,5.4434,5.2724,5.37012,35738845
2006-01-05,5.37012,5.42305,5.3518,5.37826,23806157
2006-01-06,5.42304,5.57368,5.37826,5.55333,31443743
2006-01-09,5.52076,5.59608,5.4658,5.58794,35199476
2006-01-10,5.54926,5.58183,5.51872,5.57979,32820173
2006-01-11,5.58386,5.61847,5.54519,5.59811,25662737
2006-01-12,5.57369,5.68565,5.57165,5.6653,31415574
2006-01-13,5.6714,5.6999,5.61236,5.68972,32830736
2006-01-17,5.64697,5.73858,5.62865,5.72026,30374289
2006-01-18,5.71822,5.75893,5.67343,5.73858,33676121
2006-01-19,5.73858,5.77725,5.67954,5.73858,34142506
2006-01-20,5.69176,5.72636,5.62865,5.65104,48928886
2006-01-23,5.64901,5.67954,5.58794,5.59608,34054159
2006-01-24,5.59201,5.61644,5.51872,5.60015,31796813
2006-01-25,5.58386,5.60422,5.51872,5.55537,27994666
2006-01-26,5.59608,5.70804,5.56351,5.68972,29881655
2006-01-27,5.67954,5.7915,5.6429,5.75079,26085269
2006-01-30,5.77115,5.77115,5.65104,5.66122,27334619
2006-01-31,5.67547,5.70804,5.6429,5.66326,32513197
2006-02-01,5.61644,5.73247,5.60015,5.69786,44907469
2006-02-02,5.59811,5.61847,5.47801,5.5004,68164655
2006-02-03,5.45765,5.55537,5.44748,5.51262,53907401
2006-02-06,5.53094,5.70397,5.46987,5.48412,48808848
2006-02-07,5.47394,5.50447,5.43933,5.46376,33560885
2006-02-08,5.46987,5.51058,5.43933,5.5004,25006852
2006-02-09,5.50855,5.52687,5.4088,5.41694,32064097
2006-02-10,5.36401,5.43526,5.3233,5.40473,37792286
2006-02-13,5.39658,5.39658,5.31719,5.33348,38068213
2006-02-14,5.3579,5.42915,5.33348,5.40473,30828831
2006-02-15,5.39658,5.4373,5.37215,5.40269,18542433
2006-02-16,5.40269,5.4149,5.36808,5.39658,18941597
2006-02-17,5.39658,5.41083,5.35383,5.35587,20964309
2006-02-21,5.35587,5.37012,5.29276,5.34365,30012576
2006-02-22,5.35994,5.47394,5.35383,5.39862,27527000
2006-02-23,5.37419,5.45358,5.34773,5.40473,21205985
2006-02-24,5.38437,5.4088,5.34366,5.39251,20128208
2006-02-27,5.41694,5.49633,5.40676,5.46376,24008140
2006-02-28,5.44137,5.49633,5.41287,5.46172,34326244
2006-03-01,5.44544,5.60422,5.42508,5.57165,39210329
2006-03-02,5.54112,5.57979,5.5004,5.57369,39066284
2006-03-03,5.51262,5.60219,5.49022,5.53094,46015655
2006-03-06,5.51872,5.56147,5.47801,5.50854,38160722
2006-03-07,5.50244,5.50854,5.39251,5.44747,40171270
2006-03-08,5.45969,5.4943,5.39658,5.43933,26069264
2006-03-09,5.42915,5.43526,5.34772,5.36197,36117203
2006-03-10,5.3803,5.39455,5.31108,5.34365,39550916
2006-03-13,5.3518,5.3803,5.29276,5.31312,27432570
2006-03-14,5.30498,5.44748,5.29683,5.42915,32114033
2006-03-15,5.41083,5.51262,5.37419,5.51262,29070842
2006-03-16,5.5289,5.54926,5.5004,5.53094,28196649
2006-03-17,5.57165,5.57369,5.46172,5.47597,48128315
2006-03-20,5.46376,5.51669,5.44951,5.47597,31271529
2006-03-21,5.43933,5.53297,5.42915,5.43933,32082023
2006-03-22,5.43322,5.43933,5.37419,5.41287,22286322
2006-03-23,5.40269,5.40269,5.34773,5.39251,20997280
2006-03-24,5.39658,5.43322,5.37215,5.40676,15100718
2006-03-27,5.40065,5.44951,5.37419,5.43933,16436175
2006-03-28,5.43933,5.46987,5.31109,5.31923,36039739
2006-03-29,5.3294,5.44137,5.30701,5.39455,31365959
2006-03-30,5.39455,5.43119,5.36198,5.40065,36278854
2006-03-31,5.40065,5.5289,5.3233,5.32533,36225397
2006-04-03,5.34365,5.43526,5.3294,5.37012,24834638
2006-04-04,5.35383,5.41287,5.33551,5.39251,24249176
2006-04-05,5.36808,5.51058,5.34569,5.50447,31156613
2006-04-06,5.48208,5.59404,5.4658,5.57776,30204316
2006-04-07,5.57776,5.67954,5.54722,5.60219,36126486
2006-04-10,5.59812,5.6429,5.56351,5.63272,74474466
2006-04-11,5.64086,5.68158,5.58997,5.6144,28569885
2006-04-12,5.60422,5.6144,5.50854,5.5574,28515148
2006-04-13,5.54519,5.70194,5.54112,5.68565,39209689
2006-04-17,5.66936,5.74265,5.62865,5.71619,38479541
2006-04-18,5.73654,5.91364,5.73043,5.86886,68363437
2006-04-19,5.91161,5.95436,5.81186,5.85054,28091656
2006-04-20,5.8424,5.9055,5.80983,5.81797,27092944
2006-04-21,5.86886,5.86886,5.79965,5.84647,25133932
2006-04-24,5.83018,5.8424,5.76911,5.78744,20360601
2006-04-25,5.81186,5.9055,5.79761,5.86886,33084256
2006-04-26,5.90143,5.94418,5.82001,5.94418,32206221
2006-04-27,6.07853,6.31264,6.07446,6.19864,187304915
2006-04-28,6.26582,6.32282,6.20678,6.30042,81809237
2006-05-01,6.30042,6.35335,6.10703,6.13553,50434316
2006-05-02,6.15182,6.25768,6.09482,6.13961,48415445
2006-05-03,6.12332,6.18439,6.05207,6.10093,38863341
2006-05-04,6.12332,6.21696,6.10907,6.18846,25567988
2006-05-05,6.22714,6.27396,6.17828,6.26582,25405697
2006-05-08,6.23935,6.36963,6.23528,6.32281,26652486
2006-05-09,6.32282,6.47142,6.30043,6.42664,34141866
2006-05-10,6.42257,6.57728,6.38592,6.56914,54315528
2006-05-11,6.51825,6.54267,6.4755,6.49789,40316915
2006-05-12,6.4816,6.56913,6.41239,6.52842,39973128
2006-05-15,6.53656,6.57931,6.47142,6.55692,36421618
2006-05-16,6.48567,6.5732,6.48567,6.55895,34527266
2006-05-17,6.52842,6.55488,6.45106,6.46735,43704854
2006-05-18,6.47346,6.50399,6.40831,6.41035,37436015
2006-05-19,6.40628,6.45107,6.34725,6.4246,45285827
2006-05-22,6.45106,6.49178,6.29228,6.37778,48956094
2006-05-23,6.37778,6.46938,6.31874,6.33299,33860498
2006-05-24,6.31671,6.3676,6.24953,6.33707,41087396
2006-05-25,6.40628,6.49382,6.34928,6.48567,24945393
2006-05-26,6.53249,6.5956,6.49789,6.57117,37024046
2006-05-30,6.58135,6.6017,6.47142,6.50399,30177428
2006-05-31,6.49992,6.55488,6.47753,6.54063,39065644
2006-06-01,6.5671,6.78899,6.53046,6.78492,47513723
2006-06-02,6.77881,6.8297,6.65056,6.82359,66613770
2006-06-05,6.78288,6.82563,6.62817,6.63834,49299881
2006-06-06,6.66888,6.76456,6.6241,6.75235,45397862
2006-06-07,6.7727,6.79102,6.70552,6.74827,41500325
2006-06-08,6.63631,6.78085,6.61392,6.69331,66726446
2006-06-09,6.69331,6.70349,6.63427,6.6526,28152795
2006-06-12,6.67906,6.68109,6.60985,6.60985,37227630
2006-06-13,6.61595,6.67499,6.56303,6.5956,46066871
2006-06-14,6.57728,6.62206,6.51824,6.57524,40643097
2006-06-15,6.58949,6.64445,6.53046,6.6302,55672432
2006-06-16,6.58135,6.71367,6.53046,6.67499,64287284
2006-06-19,6.70552,6.74013,6.56303,6.57931,35204918
2006-06-20,6.55285,6.61392,6.55081,6.5671,28016753
2006-06-21,6.59153,6.64242,6.56099,6.5956,27115991
2006-06-22,6.60985,6.64649,6.45921,6.49789,30044586
2006-06-23,6.4755,6.50603,6.40832,6.4246,21336906
2006-06-26,6.4246,6.46735,6.38389,6.42867,19192876
2006-06-27,6.41646,6.44903,6.29635,6.30042,24033108
2006-06-28,6.29228,6.47346,6.26582,6.46939,40390858
2006-06-29,6.47956,6.6872,6.41849,6.64242,49313326
2006-06-30,6.69331,6.72385,6.6526,6.66481,59508511
2006-07-03,6.69738,6.73606,6.65463,6.66685,9251210
2006-07-05,6.60985,6.6302,6.52435,6.57931,24465883
2006-07-06,6.59153,6.6526,6.52842,6.57117,20393251
2006-07-07,6.54267,6.63224,6.53046,6.54674,22568651
2006-07-10,6.54674,6.59763,6.45921,6.48567,21247278
2006-07-11,6.46939,6.60781,6.46939,6.5956,26233475
2006-07-12,6.57728,6.64038,6.49381,6.52638,23577606
2006-07-13,6.52842,6.61595,6.40017,6.41239,26814777
2006-07-14,6.39203,6.43885,6.3106,6.32078,23084332
2006-07-17,6.3106,6.51213,6.3106,6.4816,29151827
2006-07-18,6.45106,6.52638,6.43682,6.50806,27409523
2006-07-19,6.52435,6.66278,6.50603,6.64242,48752510
2006-07-20,6.5956,6.6811,6.53453,6.61392,33089057
2006-07-21,6.59967,6.67295,6.54878,6.55488,28093897
2006-07-24,6.56506,6.66888,6.55488,6.66685,19962716
2006-07-25,6.65056,6.69738,6.57117,6.63428,29546190
2006-07-26,6.60374,6.68313,6.56914,6.62003,29276986
2006-07-27,6.83377,6.98848,6.81138,6.92538,107833688
2006-07-28,6.9722,7.02309,6.92741,7.01495,40489769
2006-07-31,6.96813,7.06584,6.95998,6.99866,35975719
2006-08-01,6.93149,6.96813,6.90095,6.95999,29876854
2006-08-02,6.99663,7.11063,6.9722,7.0923,50173114
2006-08-03,7.0862,7.14523,7.0638,7.0923,35743967
2006-08-04,7.17984,7.18798,7.03123,7.0923,30312190
2006-08-07,7.08416,7.10452,6.95184,7.05159,24485729
2006-08-08,7.08416,7.12284,6.90705,6.9722,37442417
2006-08-09,7.00477,7.1147,6.99256,6.99459,33906593
2006-08-10,7.01088,7.07602,6.88263,6.89281,36819182
2006-08-11,6.88467,7.00681,6.87245,6.99459,21638120
2006-08-14,7.04345,7.10045,6.99255,6.99866,20993438
2006-08-15,7.07398,7.07398,6.99663,7.06177,20617321
2006-08-16,7.07399,7.08416,6.93352,6.94981,40452638
2006-08-17,6.93759,7.05566,6.90706,7.03124,35596080
2006-08-18,7.01699,7.04956,6.9722,7.03531,29796829
2006-08-21,6.98849,7.09027,6.98849,7.07398,21135563
2006-08-22,7.0577,7.12895,7.0577,7.12895,26271567
2006-08-23,7.13505,7.17984,7.04549,7.09638,22530879
2006-08-24,7.13302,7.20223,7.09638,7.11673,23658271
2006-08-25,7.09027,7.25923,7.09027,7.21648,21796249
2006-08-28,7.19816,7.2633,7.18798,7.22055,24837199
2006-08-29,7.23887,7.24702,7.08213,7.16966,32581699
2006-08-30,7.1493,7.19612,7.09841,7.10248,22390355
2006-08-31,7.12488,7.16355,7.0862,7.13302,17388792
2006-09-01,7.19205,7.21648,7.06177,7.1778,16406726
2006-09-05,7.15134,7.22462,7.11063,7.13302,23598092
2006-09-06,7.1147,7.1208,7.02106,7.06177,23085292
2006-09-07,7.03938,7.21037,7.03938,7.11673,27992745
2006-09-08,7.10859,7.13098,7.06991,7.10452,14402900
2006-09-11,7.07805,7.10248,6.9783,7.06787,27885832
2006-09-12,7.06991,7.13505,7.00274,7.12691,27762593
2006-09-13,7.08009,7.11673,7.03327,7.05566,28133909
2006-09-14,7.02716,7.06787,6.93352,6.99662,24142582
2006-09-15,7.02513,7.06177,6.95184,7.01495,51502490
2006-09-18,6.98645,7.00681,6.93149,6.95795,16908002
2006-09-19,6.99459,7.03327,6.94777,7.02513,15970429
2006-09-20,7.04548,7.16355,7.0292,7.13505,40142781
2006-09-21,7.12488,7.21445,7.1208,7.16559,34710684
2006-09-22,7.18798,7.2063,7.08009,7.1493,27721300
2006-09-25,7.2063,7.48723,7.17984,7.44855,58428173
2006-09-26,7.37934,7.41802,7.35084,7.38341,45254138
2006-09-27,7.34677,7.4628,7.33048,7.4343,32628433
2006-09-28,7.42412,7.47094,7.37934,7.44855,26496278
2006-09-29,7.42819,7.56255,7.42005,7.51165,30431907
2006-10-02,7.54422,7.58086,7.38544,7.38747,28759705
2006-10-03,7.42819,7.57883,7.40173,7.53812,31724471
2006-10-04,7.50147,7.61954,7.47501,7.60733,45344406
2006-10-05,7.57476,7.5829,7.44244,7.47297,36767326
2006-10-06,7.47094,7.59308,7.38137,7.55847,24129138
2006-10-09,7.54219,7.67247,7.52794,7.66637,22170766
2006-10-10,7.65211,7.68468,7.5544,7.66229,35587118
2006-10-11,7.67044,7.74779,7.62158,7.67247,38328134
2006-10-12,7.70504,7.88011,7.65008,7.81293,52198067
2006-10-13,7.78036,7.86586,7.76001,7.8455,31755841
2006-10-16,7.8109,7.8455,7.74372,7.77833,21395804
2006-10-17,7.73558,7.80275,7.70301,7.76815,20547859
2006-10-18,7.80072,7.83736,7.73965,7.77629,25696348
2006-10-19,7.73151,7.79868,7.67247,7.73558,25561906
2006-10-20,7.76204,7.77222,7.65008,7.73151,29325962
2006-10-23,7.7539,7.93711,7.71726,7.82922,41540978
2006-10-24,7.83126,7.96358,7.77019,7.94118,34371058
2006-10-25,7.91472,7.96357,7.85772,7.89029,27399920
2006-10-26,8.20785,8.24653,8.01243,8.14271,81917431
2006-10-27,8.12643,8.15697,8.05315,8.14679,43132515
2006-10-30,8.15289,8.20989,8.08164,8.20175,32917484
2006-10-31,8.25467,8.29539,8.1651,8.2791,37525323
2006-11-01,8.3076,8.34628,8.09793,8.11218,47348552
2006-11-02,8.09793,8.17528,8.05518,8.16918,28351257
2006-11-03,8.17936,8.20582,8.0165,8.14679,21623715
2006-11-06,8.19768,8.32389,8.16918,8.31575,32654681
2006-11-07,8.26486,8.387,8.2445,8.273,56821591
2006-11-08,8.273,8.34832,8.216,8.31575,43561129
2006-11-09,8.3015,8.32796,8.25875,8.2791,37349268
2006-11-10,8.30353,8.34628,8.18342,8.20582,21621795
2006-11-13,8.20785,8.32185,8.16714,8.23431,25688025
2006-11-14,8.1875,8.27096,8.08775,8.25671,35665862
2006-11-15,8.23432,8.28318,8.18954,8.19768,22088501
2006-11-16,8.24042,8.30149,8.20785,8.21803,18415993
2006-11-17,8.20378,8.24653,8.18139,8.20175,35812148
2006-11-20,8.17732,8.31778,8.16103,8.30353,29148946
2006-11-21,8.31575,8.34221,8.26282,8.28114,19027384
2006-11-22,8.25671,8.28521,8.00225,8.07146,32332661
2006-11-24,8.00428,8.14678,7.96561,8.09182,12457972
2006-11-27,8.05721,8.08368,7.98189,8.03075,30309629
2006-11-28,7.99411,8.16918,7.97172,8.12439,25845514
2006-11-29,8.10811,8.23229,8.045,8.19768,25754286
2006-11-30,8.14679,8.3015,8.10607,8.23636,38911996
2006-12-01,8.24246,8.29946,8.1936,8.26689,33181246
2006-12-04,8.29335,8.33814,8.273,8.31168,23936438
2006-12-05,8.35646,8.60481,8.34425,8.51524,46536778
2006-12-06,8.52135,8.5702,8.49081,8.52746,26308699
2006-12-07,8.56613,8.62313,8.49285,8.49692,23842328
2006-12-08,8.47657,8.61092,8.46842,8.57224,24139061
2006-12-11,8.54374,8.76359,8.54374,8.69031,30483763
2006-12-12,8.72288,8.80023,8.71881,8.7697,34111457
2006-12-13,8.82874,8.83688,8.68013,8.72492,29836201
2006-12-14,8.73102,8.75952,8.71066,8.72898,30262254
2006-12-15,8.75342,8.80227,8.71067,8.74324,53229749
2006-12-18,8.76156,8.79617,8.7127,8.77784,38973455
2006-12-19,8.75749,8.77581,8.71881,8.71881,33079774
2006-12-20,8.71474,8.76563,8.6781,8.68013,25142895
2006-12-21,8.69031,8.75138,8.61499,8.69846,24966200
2006-12-22,8.66792,8.69642,8.5987,8.63738,15693863
2006-12-26,8.6211,8.74324,8.59464,8.73103,15023253
2006-12-27,8.76767,8.78192,8.69235,8.71881,12341776
2006-12-28,8.69846,8.74935,8.66996,8.69235,10151331
2006-12-29,8.67199,8.75138,8.60074,8.61703,15776129
2007-01-03,8.6272,8.73306,8.51728,8.6842,42193021
2007-01-04,8.69235,8.77988,8.67199,8.7636,40676708
2007-01-05,8.74324,8.76563,8.61499,8.66181,27423287
2007-01-08,8.6272,8.7127,8.56003,8.64552,33076573
2007-01-09,8.68013,8.72084,8.56206,8.70049,34441800
2007-01-10,8.61703,8.7412,8.60074,8.7351,29679992
2007-01-11,8.73306,8.76563,8.69438,8.74324,32511277
2007-01-12,8.78395,8.98141,8.77377,8.97531,54219818
2007-01-16,9.00381,9.13816,8.96309,9.05266,44980772
2007-01-17,9.00991,9.17277,9.00991,9.1117,43969896
2007-01-18,9.16869,9.21551,9.09541,9.18091,29366294
2007-01-19,9.1402,9.18091,9.04656,9.08116,32295849
2007-01-22,9.07098,9.18702,9.05063,9.1178,29938953
2007-01-23,9.0893,9.1463,9.01602,9.06487,22947329
2007-01-24,9.09337,9.17684,9.07098,9.16055,39266027
2007-01-25,9.13205,9.14223,8.82874,8.85316,47593748
2007-01-26,8.86334,8.95088,8.77377,8.81449,33539118
2007-01-29,8.78191,9.00584,8.77784,8.92237,31300658
2007-01-30,8.96717,8.96717,8.84299,8.89592,22331777
2007-01-31,8.84909,9.08727,8.82263,9.02823,38216419
2007-02-01,8.92848,8.99566,8.56613,8.73713,84046096
2007-02-02,8.75749,8.80431,8.72696,8.76767,40672866
2007-02-05,8.74934,8.75748,8.64552,8.67809,33810883
2007-02-06,8.71067,8.71881,8.56206,8.64145,33990459
2007-02-07,8.64552,8.75341,8.58649,8.66181,32774719
2007-02-08,8.66995,8.67199,8.39107,8.43178,52912530
2007-02-09,8.47453,8.49285,8.23228,8.30964,53313615
2007-02-12,8.31575,8.34832,8.07757,8.13864,54500226
2007-02-13,8.15696,8.38903,8.12236,8.34628,46404897
2007-02-14,8.35239,8.47657,8.34832,8.41957,33060568
2007-02-15,8.40125,8.42771,8.32186,8.4155,22549765
2007-02-16,8.37275,8.48674,8.33203,8.47453,33300963
2007-02-20,8.42567,8.46028,8.35849,8.43789,34132263
2007-02-21,8.38496,8.51524,8.37682,8.48674,27387436
2007-02-22,8.5071,8.52542,8.28114,8.38191,31267795
2007-02-23,8.32694,8.36664,8.18648,8.2842,39304866
2007-02-26,8.30251,8.3361,8.00937,8.08266,45357316
2007-02-27,8.0277,8.0277,7.60937,7.7254,68449117
2007-02-28,7.68265,7.89639,7.64601,7.85364,53452219
2007-03-01,7.66738,7.92082,7.55135,7.79868,53355762
2007-03-02,7.71013,7.85365,7.68265,7.76815,43092075
2007-03-05,7.74067,7.82006,7.67349,7.7254,55748189
2007-03-06,7.78952,8.00632,7.69792,7.9025,52829731
2007-03-07,7.81395,7.96663,7.80479,7.87197,39925006
2007-03-08,7.9422,7.988,7.88418,7.94831,28455610
2007-03-09,8.06739,8.06739,7.93915,7.97579,26716400
2007-03-12,7.89639,8.02159,7.88113,7.99105,22169699
2007-03-13,7.9025,7.95441,7.78647,7.78952,42800144
2007-03-14,7.84143,7.89945,7.71319,7.88724,37086786
2007-03-15,7.91472,7.91777,7.80784,7.85364,28375798
2007-03-16,7.85365,7.86586,7.74983,7.76815,42410476
2007-03-19,7.78647,7.91166,7.78647,7.90861,24954569
2007-03-20,7.90861,8.05823,7.84143,8.02464,29008529
2007-03-21,8.02464,8.19869,7.9422,8.19869,31658530
2007-03-22,8.21702,8.2445,8.12236,8.16205,21389936
2007-03-23,8.18343,8.2445,8.08571,8.09488,24502801
2007-03-26,8.0735,8.09182,7.96052,8.03075,28987189
2007-03-27,8.0277,8.04297,7.92388,7.96358,22592445
2007-03-28,7.87808,7.94526,7.84144,7.86587,34604944
2007-03-29,7.94831,7.96357,7.79258,7.8964,31761389
2007-03-30,7.90861,7.93914,7.84143,7.92387,27627404
2007-04-02,7.92388,7.9422,7.81701,7.85976,22193600
2007-04-03,7.92693,8.05823,7.86281,8.01243,37060751
2007-04-04,8.0338,8.06128,7.96052,8.04907,30673262
2007-04-05,8.00327,8.14068,7.99716,8.12541,20064295
2007-04-09,8.12236,8.17427,8.04297,8.07961,16245502
2007-04-10,8.03075,8.18037,8.0277,8.15594,26503213
2007-04-11,8.2445,8.50099,8.22312,8.37275,57740065
2007-04-12,8.42771,8.52542,8.30252,8.51015,30295971
2007-04-13,8.54069,8.65367,8.51931,8.60481,31530704
2007-04-16,8.64756,8.65367,8.47657,8.51626,32469450
2007-04-17,8.49183,8.59871,8.48267,8.54985,22242895
2007-04-18,8.48878,8.54374,8.41549,8.49794,19579237
2007-04-19,8.40328,8.45214,8.36664,8.4155,19170576
2007-04-20,8.54985,8.58344,8.39412,8.52237,37029808
2007-04-23,8.51626,8.58955,8.39107,8.44298,24471858
2007-04-24,8.42466,8.49183,8.32389,8.40633,27357453
2007-04-25,8.41549,8.61092,8.38191,8.57733,43276026
2007-04-26,8.6842,8.68726,8.27198,8.27503,71672311
2007-04-27,8.2903,8.32083,8.12541,8.22312,52476981
2007-04-30,8.25366,8.29336,8.13763,8.14068,54026051
2007-05-01,8.22618,8.30557,8.01548,8.15289,46882486
2007-05-02,8.24755,8.41855,8.2445,8.28725,54890961
2007-05-03,8.33611,8.39107,8.27504,8.31779,38437821
2007-05-04,8.3361,8.3819,8.16205,8.21091,37891731
2007-05-07,8.27503,8.28114,8.15289,8.16205,28317540
2007-05-08,8.1651,8.16816,8.04296,8.07655,48468688
2007-05-09,8.00021,8.05518,7.97579,8.02464,51347028
2007-05-10,7.96663,8.01854,7.93915,7.93915,30606682
2007-05-11,7.96663,8.10404,7.92998,8.06434,30444284
2007-05-14,8.08266,8.19869,8.05517,8.11624,30612657
2007-05-15,8.1651,8.2903,8.11014,8.1193,44671022
2007-05-16,8.159,8.30862,8.159,8.30557,35732976
2007-05-17,8.24755,8.27809,8.21091,8.21396,26100741
2007-05-18,8.24144,8.43992,8.18343,8.40633,42397672
2007-05-21,8.48267,8.54374,8.38496,8.40939,32732359
2007-05-22,8.40939,8.40939,8.31778,8.35442,30522602
2007-05-23,8.37275,8.47657,8.30252,8.34526,24859179
2007-05-24,8.38801,8.39717,8.18648,8.20175,40753211
2007-05-25,8.25061,8.35443,8.20481,8.31779,26444101
2007-05-29,8.29641,8.31778,8.18037,8.26892,29444505
2007-05-30,8.25366,8.39717,8.19259,8.38801,32782721
2007-05-31,8.44298,8.47656,8.31473,8.36969,38972388
2007-06-01,8.39106,8.39717,8.31167,8.35137,24686112
2007-06-04,8.30252,8.33305,8.22312,8.25671,28258428
2007-06-05,8.22313,8.29336,8.1132,8.27809,35179630
2007-06-06,8.25671,8.26892,8.17121,8.18037,32187976
2007-06-07,8.08266,8.18037,7.88723,7.99411,67390013
2007-06-08,7.92998,8.07655,7.90861,8.03991,46984705
2007-06-11,8.03991,8.08877,7.97884,8.05213,28569565
2007-06-12,8.00937,8.13152,7.98189,7.98495,47923878
2007-06-13,8.00022,8.2048,7.96052,8.2048,45093127
2007-06-14,8.18648,8.41244,8.14984,8.40328,63781846
2007-06-15,8.51321,8.65062,8.48878,8.5468,79625942
2007-06-18,8.52846,8.58954,8.51625,8.54373,34278655
2007-06-19,8.48267,8.59565,8.47046,8.58039,52736262
2007-06-20,8.62924,8.80634,8.58038,8.60481,54831209
2007-06-21,8.5926,8.69947,8.47656,8.66894,38744050
2007-06-22,8.65672,8.66894,8.47656,8.47656,47502200
2007-06-25,8.47962,8.58344,8.40939,8.45824,26924465
2007-06-26,8.51626,8.63229,8.42465,8.49489,35470068
2007-06-27,8.40022,8.53763,8.40022,8.52542,36950637
2007-06-28,8.49794,8.6323,8.46435,8.56817,30434041
2007-06-29,8.60481,8.69336,8.51626,8.58649,31796387
2007-07-02,8.62313,8.70252,8.62313,8.6842,25555504
2007-07-03,8.68115,8.73917,8.62008,8.73001,14696004
2007-07-05,8.68726,8.71168,8.63229,8.69336,29947062
2007-07-06,8.70252,8.76054,8.69336,8.72695,24471858
2007-07-09,8.70253,8.70863,8.59565,8.6384,30643813
2007-07-10,8.55595,8.57427,8.42465,8.4277,48824213
2007-07-11,8.39717,8.47351,8.38801,8.47351,38617291
2007-07-12,8.51931,8.52237,8.40939,8.46435,38747892
2007-07-13,8.48572,8.58038,8.4277,8.54068,44702178
2007-07-16,8.49489,8.58344,8.43076,8.43993,31181795
2007-07-17,8.47046,8.61702,8.44908,8.60481,34617535
2007-07-18,8.55901,8.88268,8.55901,8.86131,62977754
2007-07-19,8.86131,8.9804,8.73611,8.84604,41006304
2007-07-20,8.86741,8.86741,8.70558,8.73001,43637312
2007-07-23,8.81856,8.88879,8.76054,8.8094,40967892
2007-07-24,8.71169,8.8552,8.60787,8.64451,47501986
2007-07-25,8.70253,8.78803,8.59871,8.71474,49864538
2007-07-26,8.40939,8.43076,8.06129,8.30862,116032836
2007-07-27,8.35443,8.39718,8.13763,8.14068,53960324
2007-07-30,8.04907,8.31778,7.97884,8.30862,45389326
2007-07-31,8.31778,8.39412,8.01548,8.02159,55087076
2007-08-01,7.93609,7.99105,7.79257,7.96662,85526879
2007-08-02,7.988,8.0277,7.7712,7.88113,55288739
2007-08-03,7.92693,7.95441,7.80173,7.80784,51966528
2007-08-06,7.88113,7.92388,7.6796,7.91472,49290065
2007-08-07,7.77426,8.04297,7.74372,7.9025,42443766
2007-08-08,7.96968,8.00021,7.66433,7.85364,83015161
2007-08-09,7.73456,7.82005,7.52692,7.64906,65807438
2007-08-10,7.60326,7.82922,7.38646,7.76815,62230001
2007-08-13,7.87808,7.90556,7.74372,7.86587,40506948
2007-08-14,7.89945,7.90251,7.65517,7.78647,49044442
2007-08-15,7.7712,7.89945,7.65211,7.66127,53475693
2007-08-16,7.65517,7.78342,7.40478,7.62769,64613679
2007-08-17,7.86892,7.88724,7.56662,7.71013,76923871
2007-08-20,7.68265,7.75593,7.49638,7.52081,50037178
2007-08-21,7.44143,7.62769,7.43532,7.48723,50537388
2007-08-22,7.60021,7.63379,7.48723,7.63379,66940379
2007-08-23,7.70403,7.78036,7.66128,7.77731,43187892
2007-08-24,7.74372,7.82922,7.69487,7.78036,25256530
2007-08-27,7.92388,7.96052,7.84143,7.89029,30511078
2007-08-28,7.82311,7.89029,7.60326,7.60937,38542601
2007-08-29,7.64295,7.88418,7.6002,7.8567,41760673
2007-08-30,7.75899,7.92082,7.73761,7.79868,31964759
2007-08-31,7.89334,8.02159,7.85975,7.96662,30657898
2007-09-04,7.98495,8.02465,7.88418,7.92083,36110481
2007-09-05,7.8628,7.91471,7.79257,7.86891,27863638
2007-09-06,7.87807,7.92388,7.79868,7.83838,26922544
2007-09-07,7.70708,7.74983,7.58799,7.63379,44564749
2007-09-10,7.64601,7.7254,7.54524,7.66738,29145745
2007-09-11,7.71319,7.79868,7.66128,7.78342,35437417
2007-09-12,7.80174,7.82311,7.69487,7.70097,44968288
2007-09-13,7.77731,7.80174,7.6796,7.70708,34934220
2007-09-14,7.68265,7.70708,7.60631,7.6857,35661701
2007-09-17,7.63685,7.65211,7.50249,7.6002,39103629
2007-09-18,7.65212,7.65822,7.52081,7.63379,67375928
2007-09-19,7.66127,7.70708,7.34982,7.42615,124600632
2007-09-20,7.3773,7.38646,7.21241,7.24294,88553744
2007-09-21,7.31012,7.38035,7.21546,7.28875,90384076
2007-09-24,7.29791,7.3773,7.2063,7.22768,79178869
2007-09-25,7.24905,7.36203,7.04752,7.35592,80598406
2007-09-26,7.40783,7.47806,7.37424,7.42921,54737740
2007-09-27,7.50554,7.50554,7.38951,7.40478,45191291
2007-09-28,7.38036,7.43837,7.32845,7.38341,77125321
2007-10-01,7.38646,7.45059,7.36203,7.43532,35645056
2007-10-02,7.46585,7.46585,7.31317,7.32844,37282474
2007-10-03,7.28264,7.35898,7.21241,7.26127,52074935
2007-10-04,7.29791,7.34065,7.23683,7.31012,36965575
2007-10-05,7.34066,7.43226,7.2521,7.39562,40591241
2007-10-08,7.38646,7.38951,7.25516,7.26737,33741314
2007-10-09,7.27959,7.3376,7.24294,7.29791,39504181
2007-10-10,7.27348,7.29485,7.16966,7.23683,45224155
2007-10-11,7.23684,7.3315,7.17577,7.23073,44032102
2007-10-12,7.25821,7.34066,7.24294,7.3315,36614959
2007-10-15,7.3376,7.34371,7.23684,7.29791,31012995
2007-10-16,7.31012,7.41699,7.28264,7.38951,61123522
2007-10-17,7.43226,7.43531,7.27653,7.36814,45378656
2007-10-18,7.36813,7.4231,7.27042,7.34981,42941628
2007-10-19,7.3376,7.3834,7.1605,7.16355,60686479
2007-10-22,7.11164,7.26126,7.11164,7.23378,31351874
2007-10-23,7.24905,7.28569,7.14828,7.2063,35224871
2007-10-24,7.15439,7.30096,7.06889,7.28264,49758478
2007-10-25,6.91622,6.92233,6.35743,6.49789,276688892
2007-10-26,6.57728,6.59255,6.39407,6.48262,197574683
2007-10-29,6.46735,6.47956,6.32689,6.38796,84660475
2007-10-30,6.3391,6.5559,6.3391,6.38185,78264023
2007-10-31,6.41544,6.44292,6.36353,6.42765,82201040
2007-11-01,6.40933,6.4185,6.28719,6.29025,84963716
2007-11-02,6.32688,6.34215,6.23833,6.27497,83997441
2007-11-05,6.24444,6.28719,6.21085,6.23528,51411901
2007-11-06,6.2536,6.34216,6.22918,6.31773,53551663
2007-11-07,6.2475,6.30857,6.1223,6.13452,69523373
2007-11-08,6.14673,6.14978,5.96046,6.05207,76130663
2007-11-09,5.95436,6.00016,5.89023,5.91772,69079501
2007-11-12,5.91466,5.95436,5.78336,5.78336,64556061
2007-11-13,5.82306,6.09177,5.74977,6.08261,81779361
2007-11-14,6.12536,6.17116,5.97574,6.00016,62596622
2007-11-15,6.00932,6.19253,5.97879,6.00322,59177527
2007-11-16,6.02459,6.09482,5.95436,6.07345,48241844
2007-11-19,6.03986,6.03986,5.87497,5.90856,57520263
2007-11-20,5.95741,6.00932,5.79863,5.91466,54637015
2007-11-21,5.87802,5.93909,5.82001,5.8597,44219894
2007-11-23,5.91466,5.96657,5.85054,5.96657,21499623
2007-11-26,5.92688,5.93604,5.83222,5.83222,58218934
2007-11-27,5.84443,5.96658,5.80474,5.9452,54679482
2007-11-28,6.0307,6.11925,5.99711,6.09787,72843023
2007-11-29,6.07039,6.23834,6.0307,6.20169,46146896
2007-11-30,6.26887,6.49178,6.10093,6.27192,56699953
2007-12-03,6.21391,6.60171,6.21085,6.42765,56387109
2007-12-04,6.36353,6.42765,6.30551,6.32994,50022240
2007-12-05,5.78336,5.83527,5.52076,5.5513,250049743
2007-12-06,5.56351,5.66428,5.50855,5.58794,117127578
2007-12-07,5.56961,5.69176,5.5574,5.58183,95239993
2007-12-10,5.56046,5.63374,5.55435,5.60321,77913194
2007-12-11,5.57572,5.61542,5.42915,5.42915,94427579
2007-12-12,5.52687,5.52992,5.30396,5.38335,169305585
2007-12-13,5.35892,5.52381,5.3406,5.50854,56247118
2007-12-14,5.44442,5.57267,5.44442,5.53908,64828786
2007-12-17,5.49938,5.54213,5.49633,5.52687,66165097
2007-12-18,5.52381,5.53603,5.48717,5.52076,75643258
2007-12-19,5.49633,5.52687,5.47801,5.50549,50775969
2007-12-20,5.5116,5.53908,5.47801,5.53297,46250822
2007-12-21,5.54824,5.65512,5.48107,5.62153,73177421
2007-12-24,5.62153,5.6429,5.56962,5.58794,18497085
2007-12-26,5.53603,5.66733,5.53603,5.65817,28367262
2007-12-27,5.67344,5.74977,5.62153,5.62763,36447866
2007-12-28,5.70702,5.70702,5.6032,5.61847,40532983
2007-12-31,5.56046,5.62153,5.5574,5.57572,42132202
2008-01-02,5.58794,5.62458,5.40473,5.40473,54859805
2008-01-03,5.40778,5.43831,5.23067,5.2948,51604175
2008-01-04,5.37114,5.39862,5.12991,5.14212,49085628
2008-01-07,5.21846,5.28564,5.13907,5.19098,43257674
2008-01-08,5.20319,5.28869,5.07189,5.07495,52367080
2008-01-09,5.12686,5.2093,5.0383,5.2093,58020899
2008-01-10,5.19403,5.29785,5.08105,5.25816,50768500
2008-01-11,5.18487,5.27648,5.15434,5.22762,48252087
2008-01-14,5.26121,5.44137,5.23373,5.39557,51758249
2008-01-15,5.32839,5.45969,5.32533,5.39557,68535757
2008-01-16,5.49023,5.69176,5.39557,5.5513,74964006
2008-01-17,5.5116,5.56962,5.31312,5.31617,63375105
2008-01-18,5.2948,5.42915,5.14823,5.20014,89443196
2008-01-22,4.98945,5.20014,4.98639,5.08411,75183167
2008-01-23,4.94975,5.29785,4.91922,5.27037,77353445
2008-01-24,5.24289,5.36808,5.20319,5.32533,67077595
2008-01-25,5.31923,5.36503,5.24289,5.25816,45846856
2008-01-28,5.26732,5.40778,5.21541,5.40167,40774765
2008-01-29,5.42916,5.50855,5.36198,5.48412,35694778
2008-01-30,5.46885,5.5116,5.36198,5.38946,46815265
2008-01-31,5.31312,5.5574,5.30701,5.54519,51822910
2008-02-01,5.58183,5.67344,5.5116,5.66428,39231456
2008-02-04,5.69481,5.69481,5.53908,5.54519,27379220
2008-02-05,5.34976,5.4719,5.31923,5.32533,51290050
2008-02-06,5.4261,5.53297,5.26732,5.34976,45959958
2008-02-07,5.37114,5.37724,5.23067,5.30701,46575830
2008-02-08,5.31312,5.32533,5.13296,5.2093,57002341
2008-02-11,5.16655,5.25816,5.10853,5.20014,30167078
2008-02-12,5.18793,5.33449,5.18793,5.26121,37340305
2008-02-13,5.35587,5.46274,5.28259,5.43831,73932217
2008-02-14,5.82611,5.89634,5.65206,5.87497,131770232
2008-02-15,5.86275,6.17421,5.80168,6.16505,85334605
2008-02-19,6.21391,6.32078,6.19559,6.25055,60037529
2008-02-20,6.14368,6.22002,6.09177,6.15284,63294440
2008-02-21,6.1223,6.18337,5.96963,5.98184,44591210
2008-02-22,6.06734,6.15284,5.9452,6.15284,37226563
2008-02-25,6.14979,6.2078,6.05207,6.20169,40622824
2008-02-26,6.15894,6.22612,6.1223,6.15894,40725683
2008-02-27,6.15894,6.2078,6.12535,6.18643,44544476
2008-02-28,6.14978,6.2078,6.13146,6.14368,36689862
2008-02-29,6.08261,6.13146,5.92688,5.96657,62925471
2008-03-03,5.97573,6.11314,5.96657,6.10703,42411116
2008-03-04,6.08261,6.13452,6.00932,6.10093,57504685
2008-03-05,6.08566,6.20475,6.02764,6.07039,55119513
2008-03-06,6.0307,6.1162,6.01238,6.01848,51299653
2008-03-07,6.00016,6.05207,5.95741,6.00627,45892524
2008-03-10,5.99406,6.02459,5.87802,5.92077,46469771
2008-03-11,5.98795,5.99711,5.88718,5.98795,51488939
2008-03-12,6.01848,6.02459,5.92382,5.93909,34198630
2008-03-13,5.92077,5.97879,5.87497,5.92382,59297458
2008-03-14,5.89329,5.9452,5.69481,5.77725,67605547
2008-03-17,5.80779,5.89329,5.63679,5.75588,51215360
2008-03-18,5.87191,5.95741,5.66122,5.91772,64538349
2008-03-19,5.991,6.0765,5.89023,5.8994,52213005
2008-03-20,5.94825,5.94825,5.81084,5.91161,66693048
2008-03-24,5.92688,6.21696,5.89329,6.17116,46025258
2008-03-25,6.1681,6.29941,6.13452,6.27192,41293540
2008-03-26,6.12841,6.14979,5.89329,6.01848,49886945
2008-03-27,6.08261,6.13146,5.96657,5.97879,28047375
2008-03-28,6.02153,6.03069,5.78031,5.79557,43438424
2008-03-31,5.84551,5.95274,5.80262,5.92517,56410369
2008-04-01,6.05691,6.19171,5.9987,6.17027,46606987
2008-04-02,6.21622,6.32651,6.16414,6.27443,40647152
2008-04-03,6.31732,6.3357,6.16107,6.26217,58125892
2008-04-04,6.27749,6.30813,6.16107,6.21622,32928900
2008-04-07,6.27749,6.36328,6.24686,6.36021,34232134
2008-04-08,6.29894,6.33571,6.22541,6.28362,23870711
2008-04-09,6.2775,6.30813,6.11819,6.15801,28361714
2008-04-10,6.10593,6.19477,6.07529,6.11512,33155104
2008-04-11,6.12125,6.14269,6.01095,6.02014,37486057
2008-04-14,5.97725,6.09673,5.97725,6.05691,24527769
2008-04-15,6.02014,6.0998,6.00789,6.03852,23481469
2008-04-16,6.04465,6.10899,6.0324,6.10593,37798688
2008-04-17,6.1672,6.23767,6.12125,6.17639,34691798
2008-04-18,6.27137,6.302,6.2009,6.21316,37900907
2008-04-21,6.17027,6.22235,6.13044,6.19477,25548461
2008-04-22,6.13656,6.17333,6.05691,6.0998,26228354
2008-04-23,6.1335,6.14882,5.98338,6.05384,27902690
2008-04-24,6.05691,6.13657,5.97419,6.05997,30499128
2008-04-25,6.09061,6.09674,5.90679,5.98338,29835454
2008-04-28,5.95887,6.10286,5.95887,6.08142,32959203
2008-04-29,6.04159,6.22235,6.04159,6.20703,26612474
2008-04-30,6.28056,6.43987,6.25298,6.29588,62473277
2008-05-01,6.52872,6.85041,6.48276,6.83509,99365442
2008-05-02,6.84427,6.8841,6.63594,6.73092,42176803
2008-05-05,6.67271,6.74011,6.59306,6.62676,35181124
2008-05-06,6.55935,6.70028,6.55935,6.69415,40341349
2008-05-07,6.81977,6.82589,6.60224,6.60837,43458697
2008-05-08,6.66658,6.79219,6.6145,6.75543,45950142
2008-05-09,6.62369,6.74011,6.62369,6.64207,28103926
2008-05-12,6.64207,6.77075,6.62369,6.75237,32316869
2008-05-13,6.79219,6.81364,6.71254,6.76768,30325207
2008-05-14,6.81977,6.95151,6.76768,6.85347,32804915
2008-05-15,6.81364,6.9178,6.72785,6.90555,44200048
2008-05-16,6.90861,6.91474,6.73398,6.76462,56154076
2008-05-19,6.76462,6.84428,6.71254,6.76156,31145517
2008-05-20,6.71866,6.78607,6.70335,6.70947,32503381
2008-05-21,6.70028,6.75543,6.6482,6.66658,33535810
2008-05-22,6.68803,6.82896,6.65433,6.80138,31149998
2008-05-23,6.70641,6.77075,6.61144,6.62369,35101953
2008-05-27,6.66352,6.7156,6.58693,6.70641,26269113
2008-05-28,6.72785,6.73704,6.58999,6.66045,31149144
2008-05-29,6.63595,6.8167,6.63595,6.78607,40678308
2008-05-30,6.82589,6.96069,6.78606,6.89329,43369709
2008-06-02,6.87798,6.91474,6.80138,6.89942,51061285
2008-06-03,6.92393,6.93925,6.7493,6.82283,45165470
2008-06-04,6.77075,6.9607,6.77075,6.93312,40796532
2008-06-05,6.89942,7.00359,6.88717,6.96069,28607977
2008-06-06,6.93312,6.93619,6.72173,6.72173,45999650
2008-06-09,6.73398,6.783,6.67577,6.72785,40138406
2008-06-10,6.70028,6.74317,6.6145,6.66045,45358170
2008-06-11,6.61756,6.67577,6.56242,6.58693,52116975
2008-06-12,6.62982,6.64514,6.49808,6.54097,37557546
2008-06-13,6.59612,6.68496,6.55935,6.66045,42710730
2008-06-16,6.59918,6.61756,6.44293,6.51952,48895702
2008-06-17,6.50421,6.5471,6.44293,6.46744,34542204
2008-06-18,6.42455,6.44293,6.24686,6.2683,48690838
2008-06-19,6.24379,6.35102,6.14882,6.29588,49854721
2008-06-20,6.28056,6.28669,5.98032,6.03546,81997456
2008-06-23,6.04465,6.12737,5.8547,5.86696,56177337
2008-06-24,5.82713,5.8639,5.76892,5.81488,71004155
2008-06-25,5.82713,5.97113,5.82101,5.90066,44593131
2008-06-26,5.8302,5.83633,5.69846,5.70152,48345770
2008-06-27,5.69846,5.77198,5.66169,5.70765,84906738
2008-06-30,5.69233,5.84245,5.68314,5.81181,43570945
2008-07-01,5.75973,5.81181,5.69233,5.75667,49347470
2008-07-02,5.77505,5.81794,5.63106,5.64944,57036485
2008-07-03,5.6862,5.74748,5.59735,5.61574,25010693
2008-07-07,5.6351,5.73655,5.56747,5.67507,53849143
2008-07-08,5.71196,5.82263,5.68737,5.82263,48590540
2008-07-09,5.81956,5.8503,5.67815,5.68122,45756374
2008-07-10,5.71811,5.7796,5.58592,5.73656,45162696
2008-07-11,5.67507,5.78267,5.57977,5.68429,42006510
2008-07-14,5.67507,5.76422,5.58899,5.62281,40218218
2008-07-15,5.60744,5.74578,5.52443,5.6597,44668888
2008-07-16,5.62895,5.85952,5.59821,5.8503,45638364
2008-07-17,6.02553,6.12698,5.95482,6.05935,56314126
2008-07-18,6.08395,6.24381,5.99787,6.22229,58259907
2008-07-21,6.20384,6.24073,6.06243,6.07472,34099826
2008-07-22,6.11161,6.16387,5.99172,6.09624,41874842
2008-07-23,6.11469,6.23459,5.98557,6.16388,44375676
2008-07-24,6.06857,6.18847,6.01016,6.10854,49469108
2008-07-25,6.14236,6.14236,5.99172,6.03168,46679329
2008-07-28,6.03476,6.03476,5.79497,5.81034,39140974
2008-07-29,5.83493,6.02553,5.78882,5.89641,74997083
2008-07-30,6.05628,6.32988,6.05013,6.17002,80058077
2008-07-31,6.1608,6.49897,6.15773,6.33911,68276263
2008-08-01,6.41289,6.44056,6.21921,6.2561,45191078
2008-08-04,6.25918,6.35448,6.20999,6.31759,28170294
2008-08-05,6.39137,6.62809,6.376,6.61886,51090094
2008-08-06,6.62194,6.62809,6.44056,6.52971,37639705
2008-08-07,6.4836,6.53279,6.40674,6.459,41245098
2008-08-08,6.50204,6.6865,6.4713,6.67728,40970879
2008-08-11,6.62501,6.76336,6.59427,6.70802,45960598
2008-08-12,6.68958,6.78795,6.59427,6.7111,44822963
2008-08-13,6.68957,6.76643,6.62501,6.72032,33959409
2008-08-14,6.65883,6.83099,6.65883,6.76335,37590837
2008-08-15,6.76643,6.92937,6.74491,6.84944,39089972
2008-08-18,6.88018,6.88633,6.67113,6.70802,32450244
2008-08-19,6.62194,6.68342,6.5666,6.60657,33571875
2008-08-20,6.65883,6.6865,6.48667,6.54201,36371683
2008-08-21,6.51127,6.62501,6.44056,6.60042,28369183
2008-08-22,6.62809,6.70802,6.53893,6.6742,29746893
2008-08-25,6.64346,6.64346,6.38522,6.39445,38966840
2008-08-26,6.39445,6.52664,6.36063,6.4836,23230297
2008-08-27,6.51127,6.64346,6.459,6.54201,26532235
2008-08-28,6.57275,6.68342,6.55123,6.65883,29007035
2008-08-29,6.58505,6.60964,6.4959,6.51127,30964767
2008-09-02,6.60964,6.74799,6.45593,6.50512,40437379
2008-09-03,6.50204,6.64961,6.47745,6.62501,43684047
2008-09-04,6.56045,6.64653,6.40981,6.40981,35651244
2008-09-05,6.42211,6.4713,6.27455,6.33603,45347500
2008-09-08,6.45286,6.56046,6.39137,6.55431,61413532
2008-09-09,6.5789,6.68342,6.36063,6.36678,57707201
2008-09-10,6.43441,6.56353,6.32374,6.49282,52743304
2008-09-11,6.43441,6.62809,6.42826,6.61886,47110611
2008-09-12,6.61579,6.72646,6.49897,6.6742,51662006
2008-09-15,6.55738,6.60349,6.39445,6.41289,62784627
2008-09-16,6.293,6.51434,6.17617,6.31452,73146264
2008-09-17,6.1608,6.26533,5.9825,5.98557,88731933
2008-09-18,6.10239,6.34833,5.98864,6.28377,82597750
2008-09-19,6.43134,6.55123,6.36678,6.36678,827352
2008-09-22,6.29607,6.3637,6.10239,6.11161,38868463
2008-09-23,6.13313,6.22536,5.88412,5.92101,45728206
2008-09-24,6.02553,6.02553,5.838,5.89641,36181330
2008-09-25,5.96098,6.17925,5.9579,6.11776,49530994
2008-09-26,6.0655,6.38522,6.04398,6.3637,59730660
2008-09-29,6.15465,6.30529,5.49676,5.53673,100268551
2008-09-30,5.66585,6.03783,5.65355,6.03476,72259161
2008-10-01,6.03168,6.03168,5.85645,5.94868,62537083
2008-10-02,5.94868,6.01324,5.62588,5.64125,61270554
2008-10-03,5.73656,5.92409,5.65048,5.66277,71306330
2008-10-06,5.50946,5.67912,5.19789,5.59583,89543280
2008-10-07,5.60817,5.8858,5.29044,5.29044,78429408
2008-10-08,5.05599,5.52797,5.0128,5.24108,103624906
2008-10-09,5.22257,5.45085,4.96036,5.03131,110078762
2008-10-10,4.91409,5.01589,4.32181,4.73826,150687288
2008-10-13,4.82155,5.25342,4.76602,5.23491,77784727
2008-10-14,5.53105,5.69455,5.02823,5.13311,64662761
2008-10-15,5.05599,5.10226,4.36808,4.38967,72295439
2008-10-16,4.40818,4.75368,4.26937,4.73826,91505280
2008-10-17,4.61178,5.51563,4.50073,4.69816,78133422
2008-10-20,4.71358,4.92643,4.69507,4.92643,48004543
2008-10-21,4.85548,4.98196,4.71975,4.73826,43351997
2008-10-22,4.63646,4.66114,4.25703,4.38042,69608733
2008-10-23,4.39584,4.43595,4.07502,4.38659,73330429
2008-10-24,4.01333,5.0128,3.856,4.03184,73346860
2008-10-27,3.97014,4.365,3.93621,4.2015,62919923
2008-10-28,4.25086,5.47244,4.20767,5.23183,76767662
2008-10-29,5.04365,5.04365,4.65188,4.71358,86097084
2008-10-30,4.91101,5.18864,4.48839,4.65806,62634180
2008-10-31,4.63029,5.02823,4.52849,4.86165,60652761
2008-11-03,4.86473,5.3583,4.85856,5.27193,50063640
2008-11-04,5.40458,5.5619,5.28118,5.4817,72538074
2008-11-05,5.4601,5.47244,5.21332,5.21332,69134344
2008-11-06,5.1362,5.29352,5.05599,5.15162,58530925
2008-11-07,5.25959,5.3799,5.1362,5.37064,39715661
2008-11-10,5.50946,5.55265,4.98196,5.10226,41458498
2008-11-11,5.06216,5.06833,4.70741,4.85548,51386080
2008-11-12,4.80612,4.81846,4.6087,4.61795,64556701
2008-11-13,4.5871,5.04674,4.41744,5.01589,71242096
2008-11-14,4.96653,5.17013,4.77528,4.7907,59058450
2008-11-17,4.78144,4.88941,4.60253,4.68582,50415110
2008-11-18,4.74134,4.76602,4.50998,4.75677,53676075
2008-11-19,4.7907,4.92952,4.23235,4.24777,60066125
2008-11-20,4.30947,4.49147,3.94855,4.10279,87565489
2008-11-21,4.1614,4.34032,3.92695,4.34032,118396454
2008-11-24,4.365,4.73209,4.33106,4.71358,110196772
2008-11-25,4.83697,4.9326,4.63955,4.84314,70587172
2008-11-26,4.76602,5.1362,4.75677,5.1362,41544499
2008-11-28,5.1362,5.36756,5.02823,5.34905,19529514
2008-12-01,5.16705,5.22874,4.76294,4.76602,52336777
2008-12-02,4.85857,4.98504,4.77528,4.93569,57653851
2008-12-03,4.79687,4.96654,4.66114,4.9542,77207266
2008-12-04,4.84931,5.02514,4.729,4.86782,61886640
2008-12-05,4.7506,5.01897,4.59019,4.98504,64092129
2008-12-08,5.00664,5.13311,4.9727,5.10535,67512291
2008-12-09,5.0344,5.17938,5.01897,5.06216,50116563
2008-12-10,5.06216,5.19789,4.91409,5.0745,50724326
2008-12-11,5.00355,5.12694,4.90484,4.92643,45334056
2008-12-12,4.84931,4.96036,4.68273,4.82772,68032133
2008-12-15,4.81538,4.94186,4.6889,4.81229,46515865
2008-12-16,4.76602,5.08992,4.75985,5.0745,67981984
2008-12-17,5.01897,5.14237,4.96653,5.04057,52040578
2008-12-18,5.08992,5.14237,4.79378,4.87707,44015030
2008-12-19,4.93568,5.11152,4.82155,4.86165,73248056
2008-12-22,4.86474,4.90484,4.74443,4.84006,41395119
2008-12-23,4.88633,4.93877,4.75368,4.7907,34583817
2008-12-24,4.83389,4.8524,4.71975,4.74751,10465990
2008-12-26,4.78761,4.84006,4.71358,4.81229,15304408
2008-12-29,4.81229,4.82772,4.64571,4.7907,28582156
2008-12-30,4.71358,5.08376,4.71358,5.07759,31219566
2008-12-31,5.02514,5.22566,5.02206,5.20715,43705387
2009-01-02,5.15779,5.5835,5.14237,5.54956,38436541
2009-01-05,5.51025,5.52882,5.23473,5.27188,74617017
2009-01-06,5.30593,5.45143,5.2564,5.33379,37253451
2009-01-07,5.25021,5.2595,5.05209,5.15115,42818283
2009-01-08,5.1171,5.27807,5.09853,5.23473,36134595
2009-01-09,5.26879,5.27498,5.03661,5.05519,42175309
2009-01-12,5.03971,5.07376,4.79825,4.86016,44586516
2009-01-13,4.85707,4.89112,4.70228,4.74562,51052749
2009-01-14,4.68371,4.73014,4.53202,4.58465,41339421
2009-01-15,4.5506,4.73015,4.4113,4.64656,45981938
2009-01-16,4.693,4.81063,4.56917,4.74562,50903582
2009-01-20,4.73324,4.7611,4.337,4.34009,50276827
2009-01-21,4.38034,4.66514,4.34938,4.66514,47045097
2009-01-22,4.5475,4.66823,4.4051,4.57846,48310986
2009-01-23,4.45463,4.6899,4.3339,4.64037,51337211
2009-01-26,4.63418,4.79825,4.56608,4.65895,35519790
2009-01-27,4.66514,4.75491,4.58155,4.6187,36936126
2009-01-28,4.6899,4.94684,4.6899,4.94065,48069417
2009-01-29,4.86635,4.98708,4.72705,4.74562,43373977
2009-01-30,4.75181,4.83849,4.51035,4.53512,43652677
2009-02-02,4.50416,4.59703,4.46082,4.5506,30887516
2009-02-03,4.5506,4.58775,4.42987,4.54441,43770474
2009-02-04,4.28437,4.60942,4.20698,4.38343,65098950
2009-02-05,4.3339,4.38343,4.20079,4.28127,76625325
2009-02-06,4.2627,4.48869,4.25342,4.38653,55126128
2009-02-09,4.43915,4.48868,4.29675,4.46082,48491522
2009-02-10,4.39581,4.51035,4.15745,4.1915,66138208
2009-02-11,4.22865,4.29366,4.11411,4.20079,35119025
2009-02-12,4.13269,4.28128,4.08006,4.2658,51460343
2009-02-13,4.2658,4.31842,4.13268,4.22865,40456372
2009-02-17,4.00886,4.08006,3.89432,3.99029,64609411
2009-02-18,4.01815,4.02124,3.69929,3.82622,94859288
2009-02-19,3.92528,4.14507,3.89432,4.02124,85852314
2009-02-20,4.00267,4.07077,3.89432,3.97481,64742359
2009-02-23,3.98409,4.14816,3.91289,3.92837,54489129
2009-02-24,3.91599,4.31223,3.9067,4.29675,61707384
2009-02-25,4.25651,4.46702,4.19769,4.34938,72403632
2009-02-26,4.34319,4.39582,4.12959,4.12959,98057300
2009-02-27,4.11411,4.1946,4.02124,4.04291,54850629
2009-03-02,3.96552,3.98409,3.81383,3.89742,61053313
2009-03-03,3.96243,4.06149,3.8355,3.86956,66179821
2009-03-04,3.9067,4.00576,3.82931,3.94385,61105810
2009-03-05,3.84169,3.88813,3.68382,3.71477,55487414
2009-03-06,3.68691,3.81074,3.48879,3.60023,73665893
2009-03-09,3.5507,3.70239,3.43617,3.47331,48122980
2009-03-10,3.55999,3.79216,3.51046,3.77978,60776960
2009-03-11,3.78597,3.92528,3.77978,3.82931,37014657
2009-03-12,3.78288,4.01815,3.75192,3.99957,31551617
2009-03-13,4.09863,4.15126,3.90051,4.03362,43004581
2009-03-16,4.06458,4.17912,3.88194,3.89123,43871199
2009-03-17,3.92528,4.11721,3.89432,4.10792,36840736
2009-03-18,4.06458,4.28747,4.04291,4.20079,41660588
2009-03-19,4.21936,4.22555,3.98719,4.03981,47936682
2009-03-20,4.08316,4.13269,3.86646,3.93766,70716279
2009-03-23,4.07077,4.37105,4.02434,4.35867,47894002
2009-03-24,4.30604,4.4794,4.2658,4.33081,45582240
2009-03-25,4.31223,4.45154,4.18841,4.31533,50581989
2009-03-26,4.3339,4.51654,4.31533,4.50416,52341472
2009-03-27,4.44225,4.52893,4.36176,4.50107,57952611
2009-03-30,4.41749,4.43606,4.18841,4.22556,49298601
2009-03-31,4.27508,4.29056,4.18221,4.22246,63255601
2009-04-01,4.15745,4.32771,4.10792,4.30914,53965659
2009-04-02,4.37415,4.56298,4.34319,4.51035,64223797
2009-04-03,4.53512,4.56608,4.39581,4.48868,50297526
2009-04-06,4.45696,4.5005,4.41031,4.46629,39919884
2009-04-07,4.38543,4.43208,4.35121,4.36676,53991694
2009-04-08,4.40409,4.43519,4.30145,4.43519,47528661
2009-04-09,4.48184,4.56582,4.45385,4.54716,46012028
2009-04-13,4.45696,4.51605,4.3792,4.46318,28946856
2009-04-14,4.4072,4.42586,4.27657,4.31078,50122325
2009-04-15,4.26723,4.48495,4.26101,4.47251,49623182
2009-04-16,4.47562,4.61869,4.41964,4.5907,54408677
2009-04-17,4.64046,4.64046,4.43208,4.50361,56652792
2009-04-20,4.39164,4.44141,4.28901,4.33255,43166979
2009-04-21,4.32944,4.45074,4.29523,4.4383,43775169
2009-04-22,4.35743,4.46318,4.35432,4.36987,41888926
2009-04-23,4.31078,4.34499,4.14283,4.23302,57847618
2009-04-24,4.24547,4.36676,4.17393,4.32011,40573742
2009-04-27,4.21436,4.30767,4.12106,4.27968,51190819
2009-04-28,4.23302,4.47251,4.2268,4.41342,41638608
2009-04-29,4.46318,4.77109,4.46318,4.73999,67609601
2009-04-30,5.03857,5.06967,4.78042,4.80841,74184882
2009-05-01,5.00125,5.12877,4.8955,5.08834,55456898
2009-05-04,5.08834,5.30605,5.04168,5.17853,54993393
2009-05-05,5.17542,5.28739,4.94838,5.05412,50568758
2009-05-06,5.06345,5.10078,4.86129,4.97637,49002402
2009-05-07,4.95148,5.06345,4.82708,4.87995,79953084
2009-05-08,4.97637,4.97637,4.82397,4.89861,52676936
2009-05-11,4.80841,4.85507,4.75243,4.79286,31717642
2009-05-12,4.8333,4.83641,4.62491,4.72755,45432006
2009-05-13,4.63424,4.74932,4.58759,4.6529,48117005
2009-05-14,4.69023,4.712,4.60003,4.6218,48854729
2009-05-15,4.59692,4.63424,4.45696,4.48495,49197023
2009-05-18,4.50672,4.71822,4.50672,4.71511,41943557
2009-05-19,4.72133,4.78353,4.64979,4.66535,42238475
2009-05-20,4.67779,4.73999,4.59692,4.62491,33495477
2009-05-21,4.56582,4.58448,4.42586,4.49428,44898933
2009-05-22,4.48495,4.50672,4.38853,4.42275,23638745
2009-05-26,4.36054,4.62491,4.3481,4.56582,44824243
2009-05-27,4.54715,4.59381,4.41031,4.44763,51523509
2009-05-28,4.46007,4.61247,4.3481,4.41342,39663164
2009-05-29,4.39786,4.40719,4.09617,4.28279,88196299
2009-06-01,4.33255,4.3792,4.30456,4.32944,52623800
2009-06-02,4.31389,4.54716,4.30767,4.49739,60185629
2009-06-03,4.47873,4.49428,4.33877,4.41342,37633090
2009-06-04,4.42586,4.50983,4.36054,4.5005,40123255
2009-06-05,4.54093,4.55338,4.33255,4.38853,37597666
2009-06-08,4.36054,4.52849,4.30145,4.46318,34743014
2009-06-09,4.47251,4.52849,4.40408,4.47873,36799763
2009-06-10,4.53783,4.55027,4.33877,4.44452,40218858
2009-06-11,4.42586,4.60625,4.42275,4.51294,43669963
2009-06-12,4.46318,4.47873,4.36676,4.46318,36423325
2009-06-15,4.41342,4.41653,4.26101,4.29834,50381179
2009-06-16,4.30456,4.3481,4.18015,4.20814,59458575
2009-06-17,4.23613,4.34499,4.20503,4.31078,54924465
2009-06-18,4.31389,4.38542,4.27035,4.31389,34773957
2009-06-19,4.35432,4.3792,4.27346,4.31389,48222852
2009-06-22,4.24546,4.30145,4.16149,4.23613,49759332
2009-06-23,4.23613,4.34499,4.23613,4.28901,44922194
2009-06-24,4.28279,4.36676,4.26724,4.30145,58033917
2009-06-25,4.28279,4.50361,4.26101,4.46629,42401726
2009-06-26,4.42275,4.48184,4.36054,4.42275,68496492
2009-06-29,4.42586,4.48495,4.38542,4.46629,28244344
2009-06-30,4.46629,4.50983,4.39786,4.49739,39441868
2009-07-01,4.48806,4.60314,4.48495,4.5005,32672607
2009-07-02,4.45074,4.5005,4.29212,4.32011,39564360
2009-07-06,4.30698,4.37887,4.29136,4.34449,31728952
2009-07-07,4.32261,4.32886,4.14445,4.15696,55656000
2009-07-08,4.17571,4.26323,4.16321,4.21947,55710844
2009-07-09,4.23822,4.2726,4.15696,4.18509,34446174
2009-07-10,4.16633,4.21634,4.08819,4.14445,30331396
2009-07-13,4.12883,4.23197,4.07569,4.22572,36107493
2009-07-14,4.22259,4.27885,4.20384,4.23822,27009611
2009-07-15,4.2726,4.41325,4.2351,4.407,33555016
2009-07-16,4.41325,4.44138,4.35074,4.42575,24351287
2009-07-17,4.44138,4.44138,4.34449,4.42263,26632747
2009-07-20,4.40387,4.53827,4.40387,4.53202,27996373
2009-07-21,4.54765,4.57578,4.39762,4.47264,34262224
2009-07-22,4.46326,4.47576,4.3945,4.42263,30216800
2009-07-23,4.42888,4.54452,4.37887,4.52889,41115351
2009-07-24,4.51014,4.5414,4.45076,4.53202,24999597
2009-07-27,4.5289,4.66017,4.47576,4.65392,40210322
2009-07-28,4.64454,4.6758,4.60078,4.65392,40013567
2009-07-29,4.64454,4.6883,4.51952,4.56015,35211427
2009-07-30,4.63204,4.75393,4.61016,4.69455,48937101
2009-07-31,4.68517,4.71643,4.60391,4.64454,36478596
2009-08-03,4.65704,4.73831,4.61641,4.72893,36955332
2009-08-04,4.69455,4.90083,4.69455,4.81332,71505432
2009-08-05,4.75706,4.78519,4.65392,4.70705,47655208
2009-08-06,4.82269,4.87583,4.66954,4.70392,53091786
2009-08-07,4.69455,4.78206,4.64766,4.67579,67017416
2009-08-10,4.66329,4.73831,4.62266,4.6883,45647114
2009-08-11,4.70392,4.70392,4.59141,4.61328,38144823
2009-08-12,4.61328,4.69142,4.61328,4.64141,47500919
2009-08-13,4.63516,4.69767,4.57578,4.67267,49407648
2009-08-14,4.65704,4.70393,4.51327,4.62891,35421199
2009-08-17,4.56015,4.58516,4.51327,4.55077,36685381
2009-08-18,4.54452,4.5664,4.46951,4.48201,46990253
2009-08-19,4.42888,4.58828,4.41638,4.5664,53353841
2009-08-20,4.55077,4.59766,4.52264,4.54765,53468437
2009-08-21,4.63516,4.74143,4.5289,4.71018,55980155
2009-08-24,4.70393,4.77269,4.69142,4.71955,39968753
2009-08-25,4.7258,4.85082,4.71955,4.75393,56521764
2009-08-26,4.75081,4.79769,4.70705,4.73206,50950744
2009-08-27,4.71955,4.88521,4.67892,4.8602,55987837
2009-08-28,4.8727,4.95709,4.83207,4.91021,43629417
2009-08-31,4.86333,4.91959,4.76018,4.78831,45151172
2009-09-01,4.75706,4.87895,4.70392,4.73518,77420453
2009-09-02,4.72893,4.85395,4.70392,4.81957,47232676
2009-09-03,4.81644,4.8602,4.78206,4.83832,44427533
2009-09-04,4.84457,5.129,4.80707,5.10399,61570595
2009-09-08,5.11024,5.17901,5.07899,5.14775,42944616
2009-09-09,5.15088,5.2759,5.10712,5.26652,56757571
2009-09-10,5.23526,5.36029,5.22901,5.36029,54154091
2009-09-11,5.34778,5.39154,5.31028,5.37904,41682142
2009-09-14,5.32591,5.45093,5.2884,5.45093,46019070
2009-09-15,5.43217,5.48218,5.39154,5.44468,52968441
2009-09-16,5.4353,5.52594,5.36029,5.48531,50274906
2009-09-17,5.46343,5.46655,5.31028,5.32903,53264640
2009-09-18,5.36029,5.44155,5.29153,5.40404,68501613
2009-09-21,5.38529,5.41342,5.34153,5.39467,30828404
2009-09-22,5.39779,5.45093,5.35716,5.37904,35654659
2009-09-23,5.39779,5.40092,5.25402,5.26339,79226884
2009-09-24,5.29152,5.30715,5.17588,5.22589,49711530
2009-09-25,5.21651,5.25715,5.16338,5.21651,37860361
2009-09-28,5.25714,5.32903,5.23214,5.32591,34437852
2009-09-29,5.3259,5.4478,5.31653,5.43217,63343522
2009-09-30,5.42905,5.4353,5.23839,5.2759,58162383
2009-10-01,5.12275,5.25089,4.8727,4.89771,147201826
2009-10-02,4.93209,4.93522,4.73206,4.76331,96811684
2009-10-05,4.82233,4.89454,4.7564,4.81605,63209080
2009-10-06,4.84117,4.94164,4.8035,4.85373,55942383
2009-10-07,4.81292,4.88512,4.78466,4.87571,39393853
2009-10-08,4.8914,4.96361,4.86943,4.91338,48247606
2009-10-09,4.89768,4.91652,4.82547,4.88198,37989468
2009-10-12,4.85373,4.89454,4.75954,4.79722,32200780
2009-10-13,4.82233,4.91024,4.78152,4.82233,55263344
2009-10-14,4.86315,4.87884,4.79094,4.82233,53950081
2009-10-15,4.86943,4.93222,4.79094,4.79408,65418624
2009-10-16,4.8192,4.83175,4.71873,4.79094,56597308
2009-10-19,4.81292,4.86629,4.73443,4.84745,50418738
2009-10-20,4.84431,4.88826,4.7564,4.82233,55285538
2009-10-21,4.7878,4.92594,4.74384,4.74384,41002889
2009-10-22,4.7721,4.89454,4.72187,4.87257,45162269
2009-10-23,4.85059,4.86943,4.70303,4.72815,50935379
2009-10-26,4.69675,4.80977,4.61512,4.65908,42228659
2009-10-27,4.68105,4.75012,4.58687,4.61826,38848830
2009-10-28,4.61512,4.64338,4.52094,4.59943,49711103
2009-10-29,4.61512,4.7407,4.58687,4.71245,41268359
2009-10-30,4.67478,4.72501,4.53977,4.55233,52864302
2009-11-02,4.52408,4.63082,4.47699,4.55547,51381172
2009-11-03,4.58687,4.62454,4.47071,4.55547,56354245
2009-11-04,4.61512,4.63396,4.39536,4.41419,95456594
2009-11-05,4.47384,4.50524,4.37966,4.45815,69367591
2009-11-06,4.46757,4.6371,4.40164,4.58059,60322418
2009-11-09,4.62454,4.75954,4.59629,4.7564,63511041
2009-11-10,4.76268,4.77524,4.6371,4.66222,49145380
2009-11-11,4.70931,4.74385,4.66222,4.74071,47075613
2009-11-12,4.7564,4.84745,4.74071,4.81292,68017409
2009-11-13,4.81919,4.86629,4.76582,4.84431,56124840
2009-11-16,4.86943,4.97931,4.85059,4.97617,75958236
2009-11-17,4.96047,4.96361,4.80977,4.86943,41449749
2009-11-18,4.84117,4.86943,4.73757,4.75012,49608244
2009-11-19,4.73443,4.73757,4.60257,4.72187,58927422
2009-11-20,4.71873,4.73756,4.69047,4.71245,71777517
2009-11-23,4.75954,4.81919,4.64652,4.73757,79246090
2009-11-24,4.72501,4.76268,4.67791,4.74698,56798971
2009-11-25,4.74385,4.75326,4.69989,4.73129,23318431
2009-11-27,4.60257,4.70617,4.55861,4.67164,16124717
2009-11-30,4.64652,4.65908,4.56803,4.60256,35236181
2009-12-01,4.67791,4.7407,4.64024,4.69675,61431031
2009-12-02,4.68733,4.72501,4.63396,4.69047,38816180
2009-12-03,4.89454,5.0421,4.86942,4.99501,179198382
2009-12-04,5.08291,5.14257,4.93222,5.06408,112631666
2009-12-07,5.08605,5.42826,5.08605,5.42198,165546544
2009-12-08,5.37489,5.46594,5.30896,5.45024,119306605
2009-12-09,5.42199,5.53187,5.40001,5.50675,76573468
2009-12-10,5.50989,5.6135,5.4628,5.51931,70971932
2009-12-11,5.53501,5.5821,5.48792,5.53815,42825966
2009-12-14,5.5821,5.5821,5.45966,5.51617,36875093
2009-12-15,5.45024,5.54757,5.42826,5.51617,39108111
2009-12-16,5.52873,5.57268,5.4785,5.49733,36567370
2009-12-17,5.44082,5.44082,5.3121,5.37175,46924526
2009-12-18,5.35292,5.42513,4.45187,5.41257,68781381
2009-12-21,5.4314,5.51931,5.4314,5.45338,25482094
2009-12-22,5.47536,5.48164,5.37803,5.40001,27595608
2009-12-23,5.37175,5.41257,5.3278,5.37175,24571943
2009-12-24,5.33094,5.40001,5.32466,5.39059,6694145
2009-12-28,5.40001,5.40001,5.32152,5.3592,17298844
2009-12-29,5.33722,5.40001,5.33722,5.36233,18509889
2009-12-30,5.37489,5.40001,5.32466,5.3592,18868615
2009-12-31,5.35605,5.38431,5.29326,5.29326,17334055
2010-01-04,5.28853,5.40851,5.28853,5.35799,28965636
2010-01-05,5.34536,5.36115,5.22538,5.28537,37871031
2010-01-06,5.298,5.30431,5.21907,5.24748,29600074
2010-01-07,5.2759,5.38641,5.22538,5.35799,32239192
2010-01-08,5.34536,5.38956,5.30747,5.3422,27159418
2010-01-11,5.32642,5.36746,5.28221,5.30747,40662516
2010-01-12,5.28853,5.28853,5.18118,5.21275,38712894
2010-01-13,5.26643,5.3201,5.24748,5.29484,33646565
2010-01-14,5.31063,5.31379,5.24433,5.26327,37156781
2010-01-15,5.28537,5.31063,5.17486,5.25064,46132812
2010-01-19,5.28221,5.32326,5.24748,5.30747,27015373
2010-01-20,5.23485,5.26011,5.11487,5.21591,46282619
2010-01-21,5.21591,5.23485,5.00121,5.05173,70179364
2010-01-22,5.05489,5.17171,4.99174,5.00437,60461555
2010-01-25,5.01068,5.1054,4.97595,5.05489,32536244
2010-01-26,5.02331,5.06751,4.91912,4.95701,45421550
2010-01-27,4.93491,5.08014,4.91912,5.00437,43512260
2010-01-28,5.04226,5.08962,4.90965,4.93175,41206260
2010-01-29,4.9728,5.09277,4.89702,4.99805,58030502
2010-02-01,5.07699,5.0833,5.00752,5.03278,34871054
2010-02-02,5.00437,5.16223,5.00121,5.14329,41107669
2010-02-03,5.22222,5.24117,5.00437,5.04226,62291033
2010-02-04,4.98858,5.03594,4.90018,4.90018,48481492
2010-02-05,4.89702,4.96648,4.78336,4.8686,57011090
2010-02-08,4.87807,4.88439,4.79914,4.8023,33426976
2010-02-09,4.85597,4.95701,4.82124,4.85913,52058290
2010-02-10,4.87492,4.87492,4.79283,4.83387,46315482
2010-02-11,4.81808,4.87176,4.77072,4.84019,38915624
2010-02-12,4.78336,4.85282,4.76757,4.84334,58787005
2010-02-16,4.92228,4.96017,4.87807,4.94754,43186398
2010-02-17,4.97911,4.97911,4.92544,4.94438,28593679
2010-02-18,4.95701,4.98858,4.92544,4.96648,27136584
2010-02-19,4.93807,5.06436,4.90965,5.05173,55435985
2010-02-22,5.0833,5.14329,5.05489,5.11172,42229726
2010-02-23,5.0833,5.14961,5.0612,5.09593,36791867
2010-02-24,5.13698,5.20012,5.0833,5.18434,57429781
2010-02-25,5.10225,5.13382,5.03594,5.09593,49248239
2010-02-26,5.12435,5.20012,5.07383,5.19065,46391026
2010-03-01,5.20959,5.33273,5.20959,5.31379,49091816
2010-03-02,5.31379,5.35799,5.27274,5.30432,47578384
2010-03-03,5.33273,5.36431,5.298,5.35483,49122973
2010-03-04,5.36746,5.43061,5.34852,5.42114,33383869
2010-03-05,5.42429,5.50954,5.42114,5.50323,34885352
2010-03-08,5.4685,5.579,5.44324,5.54427,35655299
2010-03-09,5.55059,5.57269,5.49691,5.52849,36701172
2010-03-10,5.50007,5.58216,5.48428,5.5348,40146302
2010-03-11,5.50007,5.54743,5.45902,5.54743,22436876
2010-03-12,5.52217,5.57585,5.46218,5.50007,30809838
2010-03-15,5.5348,5.54427,5.4685,5.5348,26803253
2010-03-16,5.59479,5.6011,5.48744,5.52217,42402153
2010-03-17,5.49375,5.6011,5.49375,5.55059,29457736
2010-03-18,5.58216,5.59795,5.51586,5.579,33058007
2010-03-19,5.63583,5.64215,5.47797,5.5348,51580274
2010-03-22,5.49691,5.64531,5.49375,5.61373,33194157
2010-03-23,5.62636,5.72424,5.59163,5.71161,44446739
2010-03-24,5.66741,5.75581,5.66741,5.74002,37823870
2010-03-25,5.75897,5.89474,5.73371,5.82212,54195064
2010-03-26,5.84422,5.91999,5.76528,5.79054,27994879
2010-03-29,5.76844,5.86632,5.76213,5.84106,31399249
2010-03-30,5.81264,5.94841,5.81264,5.91684,60074234
2010-03-31,5.87263,5.97998,5.86316,5.94525,58386880
2010-04-01,5.9421,6.01156,5.87895,5.95472,41481972
2010-04-05,5.96901,6.02295,5.92775,5.97218,28275713
2010-04-06,5.92775,6.00391,5.89602,5.95314,24230076
2010-04-07,5.92775,5.969,5.71831,5.80399,65574832
2010-04-08,5.76908,5.87698,5.76591,5.84842,34482666
2010-04-09,5.86746,5.89284,5.84207,5.87063,30581714
2010-04-12,5.87381,5.94045,5.85477,5.91189,26736886
2010-04-13,5.90554,5.93727,5.86746,5.92458,49603976
2010-04-14,5.91189,6.01343,5.86429,6.00709,43736757
2010-04-15,5.94996,6.0293,5.9341,5.98487,47439247
2010-04-16,5.97852,5.98487,5.79447,5.81351,57801524
2010-04-19,5.80399,5.90554,5.7913,5.89602,40701355
2010-04-20,5.90871,5.94044,5.86428,5.88332,36197975
2010-04-21,5.88015,5.90554,5.8262,5.88015,30944707
2010-04-22,5.84207,5.99439,5.79447,5.96583,32969660
2010-04-23,5.92775,6.02295,5.90871,6.01661,32018536
2010-04-26,5.99122,6.08959,5.97218,6.05468,39426504
2010-04-27,6.0293,6.07055,5.82938,5.85794,60348240
2010-04-28,6.0293,6.09276,5.8389,5.96901,83510676
2010-04-29,5.97852,6.37519,5.97852,6.34663,102651802
2010-04-30,6.27364,6.30538,6.17527,6.27364,87350168
2010-05-03,6.27364,6.52433,6.27364,6.47039,74417061
2010-05-04,6.43231,6.43231,6.207,6.30538,51374343
2010-05-05,6.31807,6.43865,6.19748,6.26412,52106091
2010-05-06,6.17527,6.18479,5.6009,5.87381,124460855
2010-05-07,5.84524,5.98804,5.71197,5.8262,90528975
2010-05-10,5.94362,6.05468,5.62629,5.72149,101037004
2010-05-11,5.68023,5.89919,5.6009,5.73735,90343530
2010-05-12,5.72466,5.81986,5.69292,5.76908,100271965
2010-05-13,5.78812,5.79447,5.58821,5.63581,124073748
2010-05-14,5.62629,5.63898,5.5057,5.58503,63890680
2010-05-17,5.59455,5.75957,5.55647,5.7437,51103752
2010-05-18,5.78178,5.8389,5.58503,5.61359,47097167
2010-05-19,5.60407,5.63898,5.47079,5.57869,47184234
2010-05-20,5.48031,5.49301,5.32165,5.32799,60345039
2010-05-21,5.2201,5.64215,5.19154,5.40416,75270021
2010-05-24,5.35973,5.43271,5.27087,5.32165,34646770
2010-05-25,5.22328,5.62311,5.1725,5.60725,103693621
2010-05-26,5.63581,5.85794,5.6009,5.62311,90562905
2010-05-27,5.70879,5.81986,5.68341,5.81668,55627405
2010-05-28,5.72466,5.81668,5.70245,5.74053,45414721
2010-06-01,5.62946,5.82938,5.62629,5.71831,53617390
2010-06-02,5.74053,5.8389,5.68023,5.83255,46741642
2010-06-03,5.81986,5.85477,5.75639,5.8389,36842016
2010-06-04,5.73735,5.77543,5.62629,5.64533,52546336
2010-06-07,5.6485,5.65485,5.5057,5.50887,44096763
2010-06-08,5.51839,5.57234,5.43589,5.53109,44668675
2010-06-09,5.56282,5.69927,5.51839,5.52791,40906646
2010-06-10,5.61994,5.74052,5.57869,5.73418,46043397
2010-06-11,5.68975,5.78495,5.61994,5.77226,56548439
2010-06-14,5.81669,5.88967,5.75957,5.75957,32792111
2010-06-15,5.82303,5.94362,5.79765,5.91823,36743639
2010-06-16,5.90871,5.92775,5.81034,5.83572,32415460
2010-06-17,5.85476,5.89919,5.81986,5.89602,28912712
2010-06-18,5.9341,5.95949,5.85477,5.87381,38731460
2010-06-21,5.92141,5.99122,5.77543,5.82303,24817780
2010-06-22,5.84207,5.92141,5.78495,5.78813,57415483
2010-06-23,5.78495,5.86111,5.74052,5.76908,36108774
2010-06-24,5.71831,5.76591,5.62311,5.65485,49406795
2010-06-25,5.65802,5.67706,5.57234,5.60725,68990726
2010-06-28,5.61994,5.77226,5.59138,5.74687,91906685
2010-06-29,5.68341,5.70245,5.55013,5.61042,66071414
2010-06-30,5.60725,5.63898,5.49618,5.51205,61664064
2010-07-01,5.49618,5.63898,5.41685,5.62946,66697316
2010-07-02,5.63744,5.66296,5.52258,5.57044,39889155
2010-07-06,5.6151,5.77462,5.60553,5.67891,83422755
2010-07-07,5.67891,5.70125,5.59277,5.69167,57334818
2010-07-08,5.72996,5.74591,5.62787,5.69167,82331641
2010-07-09,5.70762,5.77143,5.66615,5.76505,41399600
2010-07-12,5.7172,5.93096,5.69487,5.90543,64559689
2010-07-13,5.96605,6.13195,5.9469,6.06814,62324537
2010-07-14,6.06814,6.13195,6.01709,6.05538,36376164
2010-07-15,6.06814,6.17023,6.02028,6.16066,48783240
2010-07-16,6.16066,6.17342,5.89586,5.915,57701013
2010-07-19,5.91181,6.09047,5.89267,6.06495,45315277
2010-07-20,5.97881,6.04581,5.92776,6.01709,47452691
2010-07-21,6.0139,6.02029,5.77781,5.85438,75090979
2010-07-22,5.89267,6.06176,5.88948,6.00433,44369488
2010-07-23,6.01071,6.19256,5.98519,6.16385,42023795
2010-07-26,6.16385,6.21809,6.116,6.21171,32632701
2010-07-27,6.2149,6.2468,6.08409,6.16704,46375021
2010-07-28,6.10004,6.29147,6.01071,6.24042,63796784
2010-07-29,6.25637,6.30423,6.01709,6.10323,51255052
2010-07-30,6.0139,6.28828,6.00752,6.21171,57654491
2010-08-02,6.29466,6.31699,6.16066,6.2149,54913582
2010-08-03,6.19575,6.22128,6.07452,6.12876,30778255
2010-08-04,6.17342,6.18937,6.07452,6.13514,37189431
2010-08-05,6.0809,6.15747,6.02666,6.04262,44418783
2010-08-06,5.97881,5.98519,5.73315,5.94691,93201170
2010-08-09,5.982,6.0139,5.9469,5.97562,40236357
2010-08-10,5.89905,5.96605,5.82567,5.93733,48240991
2010-08-11,5.81291,5.85119,5.73315,5.74591,48848540
2010-08-12,5.66296,5.82567,5.63744,5.79696,49504745
2010-08-13,5.74272,5.77781,5.68848,5.70124,31434033
2010-08-16,5.68848,5.72677,5.61829,5.66296,26230061
2010-08-17,5.70443,5.74591,5.65339,5.66615,49014566
2010-08-18,5.67572,5.85438,5.66296,5.77781,49596507
2010-08-19,5.72039,5.75548,5.61191,5.69167,44033169
2010-08-20,5.66615,5.69805,5.59915,5.6821,35863150
2010-08-23,5.73634,5.74591,5.56087,5.56725,42975986
2010-08-24,5.5162,5.54172,5.42049,5.42687,50566624
2010-08-25,5.36306,5.57682,5.34711,5.52896,55636794
2010-08-26,5.54492,5.59596,5.42049,5.43325,42734630
2010-08-27,5.48111,5.52258,5.38539,5.50344,37287169
2010-08-30,5.47153,5.50025,5.42368,5.42368,28266964
2010-08-31,5.38859,5.51301,5.37582,5.45558,46734173
2010-09-01,5.60553,5.78419,5.59596,5.72358,91652312
2010-09-02,5.75867,5.77781,5.66615,5.76824,47180819
2010-09-03,5.81929,5.86076,5.71719,5.80972,24109078
2010-09-07,5.76186,5.79057,5.64382,5.67891,30403738
2010-09-08,5.68848,5.79376,5.67891,5.71719,22020319
2010-09-09,5.781,5.80015,5.71082,5.73634,21293906
2010-09-10,5.75867,5.89905,5.73953,5.87034,37196474
2010-09-13,5.90224,5.92138,5.78419,5.87672,40713092
2010-09-14,5.85757,5.87352,5.67253,5.67572,67022751
2010-09-15,5.64063,5.87353,5.5832,5.75548,97171903
2010-09-16,5.75229,5.75229,5.55768,5.60553,60860826
2010-09-17,5.63424,5.74591,5.62148,5.62786,66731034
2010-09-20,5.66615,5.83843,5.65977,5.77462,46678476
2010-09-21,5.76505,5.83205,5.7491,5.78419,42787767
2010-09-22,5.82886,5.88629,5.70125,5.72677,42452302
2010-09-23,5.69167,5.81929,5.63105,5.71719,38560100
2010-09-24,5.80653,5.93095,5.76824,5.92457,42911752
2010-09-27,5.89905,5.90543,5.82248,5.84162,41583337
2010-09-28,5.87034,5.95328,5.77143,5.85119,53955202
2010-09-29,5.82248,5.848,5.72039,5.79058,42756184
2010-09-30,5.80972,5.80972,5.6821,5.76824,59764377
2010-10-01,5.83205,5.84481,5.6821,5.68529,48282177
2010-10-04,5.6901,5.70614,5.61954,5.66444,48931766
2010-10-05,5.7318,5.81519,5.72538,5.79595,54067024
2010-10-06,5.78312,5.78312,5.63558,5.69652,58863189
2010-10-07,5.72539,5.78312,5.42388,5.73821,41450816
2010-10-08,5.73822,5.79274,5.67727,5.77029,34129916
2010-10-11,5.74784,5.78953,5.71255,5.77991,32518105
2010-10-12,5.75105,5.78953,5.68369,5.77991,28278488
2010-10-13,5.79595,5.84406,5.76387,5.8184,31489944
2010-10-14,5.81199,5.93067,5.80878,5.89538,42893187
2010-10-15,5.93067,6.09745,5.88255,6.07821,98246159
2010-10-18,6.03651,6.10708,6.01406,6.09746,64342874
2010-10-19,6.03972,6.1584,6.03972,6.12953,101172300
2010-10-20,6.17443,6.27707,6.13915,6.21613,88271203
2010-10-21,6.22896,6.32198,6.17764,6.25783,79784071
2010-10-22,6.25141,6.26745,6.14877,6.24179,37750673
2010-10-25,6.29311,6.38292,6.25783,6.34122,73140503
2010-10-26,6.29953,6.3733,6.2867,6.29953,53995322
2010-10-27,6.26104,6.56896,6.245,6.5016,101000086
2010-10-28,6.5433,6.71971,6.5433,6.69084,72507772
2010-10-29,6.68122,6.69405,6.59461,6.61707,55371538
2010-11-01,6.59782,6.6748,6.51764,6.57537,38555405
2010-11-02,6.62028,6.66518,6.5882,6.63311,35670877
2010-11-03,6.63631,6.6716,6.57537,6.6299,35682401
2010-11-04,6.69726,6.79669,6.66839,6.75499,45598672
2010-11-05,6.74216,6.78707,6.69726,6.74858,24025212
2010-11-08,6.70367,6.73254,6.64594,6.70688,24474419
2010-11-09,6.7165,6.72292,6.63631,6.66197,23530338
2010-11-10,6.64914,6.67801,6.5882,6.64914,29680739
2010-11-11,6.56896,6.69405,6.50481,6.63311,35248132
2010-11-12,6.56254,6.64915,6.53047,6.55292,34375966
2010-11-15,6.57537,6.67801,6.57216,6.60424,35460891
2010-11-16,6.51764,6.63311,6.47273,6.49839,42147140
2010-11-17,6.49198,6.57216,6.45349,6.54009,25034381
2010-11-18,6.59141,6.63952,6.57537,6.59782,36898567
2010-11-19,6.5882,6.59782,6.48235,6.59462,35050096
2010-11-22,6.53367,6.60103,6.45349,6.5433,30203142
2010-11-23,6.47273,6.49839,6.42782,6.46311,38337097
2010-11-24,6.5016,6.57537,6.47915,6.53688,25313721
2010-11-26,6.49198,6.55933,6.44386,6.48556,8901554
2010-11-29,6.41179,6.51122,6.37651,6.48235,28231113
2010-11-30,6.37651,6.47915,6.36688,6.42783,39037475
2010-12-01,6.49519,6.76782,6.49519,6.68122,67947627
2010-12-02,6.6748,6.71329,6.60103,6.64594,35000801
2010-12-03,6.6299,6.67481,6.57858,6.64273,32225321
2010-12-06,6.61386,6.64915,6.55934,6.60745,29585989
2010-12-07,6.65877,6.70367,6.62669,6.66839,30626314
2010-12-08,6.68122,6.70688,6.63952,6.66839,19112104
2010-12-09,6.68764,6.71971,6.62669,6.68764,21786219
2010-12-10,6.72292,6.83518,6.71329,6.83518,53102669
2010-12-13,6.84801,6.86084,6.79027,6.83839,37306161
2010-12-14,6.93461,7.1848,6.90895,7.05329,66235946
2010-12-15,7.05649,7.08215,6.9314,6.9314,48870734
2010-12-16,6.93782,7.00838,6.92178,6.94423,47979576
2010-12-17,6.93141,6.95386,6.85443,6.87046,60099415
2010-12-20,6.91857,7.05329,6.87046,7.03404,36901128
2010-12-21,7.05649,7.15272,7.00838,7.13668,38160828
2010-12-22,7.14309,7.17517,7.07574,7.12064,18555343
2010-12-23,7.10782,7.15914,7.0597,7.11423,19752304
2010-12-27,7.10782,7.13989,7.04687,7.08857,15836627
2010-12-28,7.09178,7.11423,6.98914,7.08216,21589251
2010-12-29,7.08537,7.12065,7.03084,7.04046,12824700
2010-12-30,7.03084,7.1014,7.00518,7.08216,11240418
2010-12-31,7.06612,7.07574,6.98272,7.04687,16771319
2011-01-03,7.14191,7.28043,7.10325,7.20633,44184470
2011-01-04,7.18378,7.23533,7.12902,7.22889,27204232
2011-01-05,7.15801,7.34163,7.15801,7.32553,33037308
2011-01-06,7.29976,7.41895,7.29654,7.33197,36545817
2011-01-07,7.3674,7.3674,7.26754,7.31264,28591545
2011-01-10,7.26754,7.3513,7.23855,7.31908,27962656
2011-01-11,7.32875,7.3513,7.25144,7.28043,24990634
2011-01-12,7.32875,7.33197,7.23211,7.25788,21864751
2011-01-13,7.24499,7.30298,7.22566,7.2611,26017088
2011-01-14,7.22244,7.3223,7.21922,7.31908,20722634
2011-01-18,7.33197,7.42217,7.30942,7.33841,34034953
2011-01-19,7.3964,7.62834,7.38351,7.4415,74369473
2011-01-20,7.39962,7.55103,7.38029,7.49304,40570541
2011-01-21,7.49304,7.667,7.4866,7.58002,36782904
2011-01-24,7.57035,7.62512,7.55747,7.60257,24282999
2011-01-25,7.56714,7.60257,7.43506,7.51881,31516619
2011-01-26,7.51237,7.58968,7.49626,7.51237,24781288
2011-01-27,7.51237,7.66378,7.49626,7.50915,31019397
2011-01-28,7.50915,7.60257,7.3062,7.35774,39633928
2011-01-31,7.34486,7.4866,7.32553,7.32875,36261568
2011-02-01,7.37707,7.55425,7.34486,7.53814,32565267
2011-02-02,7.49948,7.54136,7.38351,7.43183,29057611
2011-02-03,7.4125,7.49626,7.36096,7.47693,24258245
2011-02-04,7.46083,7.5317,7.39962,7.49626,21420665
2011-02-07,7.4866,7.60579,7.41895,7.58324,22759110
2011-02-08,7.56391,7.62512,7.53814,7.62189,22093515
2011-02-09,7.63479,7.63801,7.56069,7.58002,28383907
2011-02-10,7.53814,7.667,7.53492,7.66055,24518593
2011-02-11,7.6219,7.7572,7.58646,7.73142,27852328
2011-02-14,7.70888,7.73143,7.61546,7.68955,27543111
2011-02-15,7.66056,7.78297,7.64445,7.78297,43089088
2011-02-16,8.03103,8.16955,7.95371,8.09545,79631490
2011-02-17,8.0729,8.17921,8.01492,8.12444,38098089
2011-02-18,8.11478,8.29196,8.04391,8.26941,44407046
2011-02-22,8.1631,8.25975,8.06324,8.09545,40547494
2011-02-23,8.09867,8.15021,7.96015,8.01491,34055866
2011-02-24,7.9988,8.05357,7.90216,8.03424,36451067
2011-02-25,8.05035,8.16954,7.97948,8.13733,27758859
2011-02-28,8.16632,8.31773,8.15343,8.2984,40395766
2011-03-01,8.30806,8.34672,8.13411,8.14377,35881716
2011-03-02,8.13411,8.16632,8.05035,8.07612,29641473
2011-03-03,8.14377,8.33062,8.12444,8.30162,36336258
2011-03-04,8.27263,8.30162,8.13411,8.23075,22796882
2011-03-07,8.28229,8.31773,8.06001,8.18887,29956665
2011-03-08,8.18887,8.31773,8.13088,8.23397,34846299
2011-03-09,8.2082,8.24363,8.10833,8.15343,28735804
2011-03-10,8.03746,8.05035,7.85706,7.96337,43572012
2011-03-11,7.91182,8.12766,7.9086,8.03746,30220214
2011-03-14,7.96981,7.99558,7.79908,7.88928,32396041
2011-03-15,7.68311,7.84096,7.64767,7.78297,40932254
2011-03-16,7.70565,7.76686,7.50915,7.55103,61407984
2011-03-17,7.65734,7.79263,7.63478,7.7572,37531512
2011-03-18,7.88284,7.88606,7.68633,7.68633,50818009
2011-03-21,7.77975,7.84096,7.70243,7.78619,34231921
2011-03-22,7.76686,7.84418,7.70888,7.75076,25091572
2011-03-23,7.70566,7.8023,7.61868,7.76364,27737732
2011-03-24,7.8184,7.9988,7.7733,7.96659,32067831
2011-03-25,8.01169,8.10189,7.97303,8.06001,26750330
2011-03-28,8.06645,8.09223,7.85384,7.86995,27353185
2011-03-29,7.85062,7.94726,7.80552,7.89894,27274441
2011-03-30,7.92471,7.98592,7.90216,7.95692,24295803
2011-03-31,7.94404,7.9988,7.8925,7.96337,24057222
2011-04-01,7.98914,8.15666,7.97303,8.12122,37203729
2011-04-04,8.15778,8.18367,8.07365,8.17396,20827413
2011-04-05,8.18691,8.20956,8.0963,8.14161,25122942
2011-04-06,8.15455,8.16749,7.98952,8.03482,31761176
2011-04-07,8.00569,8.07041,7.94097,7.97333,24867929
2011-04-08,8.02188,8.09954,7.96686,7.98628,25866641
2011-04-11,8.0154,8.04776,7.92156,7.94421,22289843
2011-04-12,7.87302,7.93127,7.82448,7.86655,35322395
2011-04-13,7.88597,7.89891,7.7177,7.83096,41363749
2011-04-14,7.77271,7.89891,7.70799,7.84714,30193966
2011-04-15,7.86008,8.00893,7.81477,7.9248,42846025
2011-04-18,7.78889,7.86332,7.7177,7.75329,37116235
2011-04-19,7.77918,7.87626,7.73388,7.86008,30465197
2011-04-20,7.97334,8.06071,7.94098,8.04776,36357598
2011-04-21,8.02188,8.20633,8.01864,8.19985,34474983
2011-04-25,8.17397,8.19985,8.11572,8.18367,19053206
2011-04-26,8.19338,8.28722,8.19014,8.28075,22601834
2011-04-27,8.30664,8.37783,8.24839,8.36165,23240327
2011-04-28,8.35841,8.48138,8.339,8.45549,35637800
2011-04-29,8.42313,8.49108,8.3843,8.48137,48504966
2011-05-02,8.51374,8.70466,8.43608,8.63347,39686425
2011-05-03,8.63994,8.71113,8.52345,8.61082,31583200
2011-05-04,8.75319,8.78879,8.37459,8.40048,63309378
2011-05-05,8.34547,8.41019,8.21927,8.27104,43109361
2011-05-06,8.35841,8.37783,8.2225,8.23221,38114947
2011-05-09,8.23545,8.27104,8.14161,8.18044,29213606
2011-05-10,8.23221,8.3843,8.20632,8.35518,36540482
2011-05-11,8.3034,8.31634,8.13837,8.25486,40741688
2011-05-12,8.21603,8.27428,8.1416,8.23221,29662600
2011-05-13,8.23545,8.2581,8.08013,8.1319,29265676
2011-05-16,8.08012,8.08983,7.98952,7.99599,42082693
2011-05-17,7.96363,8.10277,7.94098,8.0963,44054936
2011-05-18,8.06718,8.20956,7.99922,8.20956,30883888
2011-05-19,8.22574,8.24192,8.10925,8.2128,25731132
2011-05-20,8.20309,8.20632,8.08012,8.12866,31356142
2011-05-23,8.01864,8.03482,7.87949,7.94421,34784200
2011-05-24,7.97334,7.99922,7.85684,7.89244,31393701
2011-05-25,7.89244,7.95392,7.82449,7.90862,29507672
2011-05-26,8.00246,8.10925,7.89244,8.06718,41551968
2011-05-27,8.06395,8.12543,8.02835,8.05424,29903742
2011-05-31,8.10925,8.16749,8.06718,8.16749,51803917
2011-06-01,8.12219,8.14484,7.88921,7.90862,36746413
2011-06-02,7.91833,8.00893,7.89244,7.9701,33164707
2011-06-03,7.86979,7.93774,7.78242,7.84067,43102959
2011-06-06,7.84714,7.87303,7.72741,7.74035,35883637
2011-06-07,7.76624,7.90215,7.74358,7.77271,56995085
2011-06-08,7.72741,7.8892,7.72741,7.80507,35029823
2011-06-09,7.83743,7.88597,7.78565,7.86655,32265653
2011-06-10,7.73711,7.80183,7.71446,7.73064,46450565
2011-06-13,7.73387,7.74035,7.62709,7.67239,37951696
2011-06-14,7.73388,7.7986,7.71446,7.74359,33282718
2011-06-15,7.6821,7.70152,7.56884,7.5915,38005686
2011-06-16,7.58179,7.64651,7.54619,7.58502,36193067
2011-06-17,7.6821,7.68534,7.61091,7.65298,42368009
2011-06-20,7.62386,7.72741,7.5915,7.66593,31152345
2011-06-21,7.68534,7.79536,7.63357,7.78242,31954943
2011-06-22,7.74035,7.8342,7.7177,7.74035,29937246
2011-06-23,7.6821,7.68857,7.55913,7.67239,41209674
2011-06-24,7.77918,7.78565,7.58503,7.63033,82774659
2011-06-27,7.65298,7.91509,7.61415,7.85361,39552623
2011-06-28,7.86332,8.0154,7.82448,8.01217,48949265
2011-06-29,8.02835,8.13837,8.02188,8.07041,42989643
2011-06-30,8.08983,8.24192,8.08012,8.19985,29615652
2011-07-01,8.22358,8.38285,8.18133,8.36335,24989567
2011-07-05,8.36985,8.49662,8.3536,8.44136,27728769
2011-07-06,8.45111,8.46737,8.26584,8.28534,37464931
2011-07-07,8.34709,8.3926,8.30159,8.31459,36313424
2011-07-08,8.23658,8.32759,8.17807,8.29184,48383328
2011-07-11,8.21708,8.28859,8.09356,8.13582,43515888
2011-07-12,8.16182,8.19432,8.00255,8.00255,45475113
2011-07-13,8.07731,8.11631,7.97005,7.9863,40964904
2011-07-14,8.02205,8.08056,7.91804,7.94079,48291993
2011-07-15,7.92779,7.92779,7.78152,7.84328,54113545
2011-07-18,7.82378,7.84978,7.68076,7.78152,46910228
2011-07-19,7.83353,7.9863,7.82378,7.9538,29739211
2011-07-20,7.9408,7.98305,7.82053,7.83028,33884719
2011-07-21,7.86929,8.06431,7.85953,7.98955,31822208
2011-07-22,7.9863,8.09356,7.94404,8.07731,27584297
2011-07-25,8.0058,8.17807,7.98305,8.13582,35721239
2011-07-26,8.13257,8.24958,8.09356,8.20408,37138002
2011-07-27,8.16182,8.16832,7.98305,8.01555,37946361
2011-07-28,7.9863,7.99605,7.84328,7.85628,45463376
2011-07-29,7.81402,7.91154,7.75877,7.80752,38173419
2011-08-01,7.84978,7.90504,7.66126,7.75227,32805342
2011-08-02,7.66776,7.71977,7.38497,7.38822,62020015
2011-08-03,7.45973,7.51173,7.2647,7.40122,76821653
2011-08-04,7.29396,7.31346,7.03067,7.08593,71778157
2011-08-05,7.18994,7.31996,6.8844,7.11193,68075454
2011-08-08,6.98192,7.08918,6.64062,6.64062,91285691
2011-08-09,6.74139,6.78364,6.23757,6.73164,111241579
2011-08-10,6.52036,6.68938,6.40984,6.42935,103137927
2011-08-11,6.39359,6.78364,6.32533,6.69263,68689405
2011-08-12,6.67313,6.75764,6.61137,6.70888,42409409
2011-08-15,6.72188,6.93641,6.71538,6.91366,39031927
2011-08-16,6.8584,6.94616,6.78364,6.89741,34888979
2011-08-17,6.92666,7.01442,6.82265,6.93316,32623952
2011-08-18,6.74464,6.80314,6.53011,6.59186,55802606
2011-08-19,6.4976,6.68938,6.4846,6.48785,42552387
2011-08-22,6.64713,6.64713,6.40659,6.42935,36994170
2011-08-23,6.4391,6.52686,6.35133,6.52036,54572355
2011-08-24,6.50085,6.72513,6.4716,6.68613,52569596
2011-08-25,6.70238,6.75764,6.54961,6.57561,41864812
2011-08-26,6.57236,6.72513,6.36109,6.68613,47434979
2011-08-29,6.76739,6.91041,6.71538,6.9039,27378793
2011-08-30,6.87465,6.98842,6.8259,6.92991,30418249
2011-08-31,6.98192,7.12168,6.91691,6.99167,32932955
2011-09-01,6.98842,7.13144,6.96241,7.02742,45503495
2011-09-02,6.90716,6.94291,6.77714,6.8259,35139724
2011-09-06,6.62762,6.75114,6.58212,6.73164,32357415
2011-09-07,6.80315,6.97217,6.77064,6.95266,28939601
2011-09-08,6.92341,7.04368,6.90716,6.96242,46949067
2011-09-09,6.90716,6.92341,6.74464,6.79664,63772883
2011-09-12,6.69588,6.8844,6.66012,6.8714,42928611
2011-09-13,6.90391,7.12169,6.8714,7.09893,52457988
2011-09-14,7.15094,7.2517,7.01767,7.14444,57576174
2011-09-15,7.2387,7.36547,7.19645,7.34922,28613739
2011-09-16,7.39147,7.46298,7.30046,7.45648,51016471
2011-09-19,7.34597,7.46623,7.27446,7.43048,29338232
2011-09-20,7.47273,7.606,7.37847,7.38497,39974301
2011-09-21,7.36222,7.38822,7.09568,7.10543,41996907
2011-09-22,6.91366,6.95591,6.70888,6.8324,59224689
2011-09-23,6.79014,6.99492,6.70238,6.95592,44429880
2011-09-26,6.98842,7.14119,6.90716,7.11843,35120945
2011-09-27,7.24845,7.41423,7.1867,7.25821,35217615
2011-09-28,7.27771,7.43698,7.12169,7.15094,43620240
2011-09-29,7.26145,7.30696,6.92341,7.05018,43750628
2011-09-30,6.95266,7.00142,6.78689,6.79989,47321877
2011-10-03,6.74205,6.92506,6.64727,6.65381,55482720
2011-10-04,6.52636,6.9316,6.44465,6.91852,70145007
2011-10-05,6.94794,7.08193,6.82375,7.06886,43765993
2011-10-06,7.05578,7.22899,7.03617,7.21919,33326038
2011-10-07,7.25187,7.3107,7.14729,7.20938,39572469
2011-10-10,7.34011,7.53292,7.34011,7.53292,25042063
2011-10-11,7.51332,7.58848,7.45776,7.51005,27821812
2011-10-12,7.57214,7.78457,7.50351,7.71267,41202632
2011-10-13,7.68979,7.74208,7.61463,7.6996,31923360
2011-10-14,7.74861,7.85319,7.67345,7.82378,30299599
2011-10-17,7.77476,7.80091,7.60155,7.65384,26248627
2011-10-18,7.66692,7.85647,7.51659,7.7715,37788018
2011-10-19,7.7715,7.84993,7.62443,7.69306,39113232
2011-10-20,7.71594,7.80091,7.52639,7.70286,32053107
2011-10-21,7.77477,7.96105,7.76496,7.95124,37505263
2011-10-24,7.9447,8.09503,7.91856,8.06235,32281018
2011-10-25,8.01006,8.04601,7.88587,7.91202,32058015
2011-10-26,7.96431,8.16693,7.89568,8.10484,54623785
2011-10-27,8.23229,8.27477,7.81398,8.0362,81319698
2011-10-28,7.95777,8.0166,7.66692,7.79437,80028414
2011-10-31,7.77476,7.80091,7.63097,7.66365,38757921
2011-11-01,7.49371,7.60155,7.37606,7.51005,60542220
2011-11-02,7.73554,7.79764,7.49371,7.52312,52798148
2011-11-03,7.57541,7.65711,7.44468,7.62116,44713489
2011-11-04,7.55253,7.56234,7.36625,7.43488,42172108
2011-11-07,7.41527,7.45776,7.27475,7.4022,36036858
2011-11-08,7.45122,7.4741,7.27148,7.43815,33453651
2011-11-09,7.26821,7.27474,7.01983,7.06232,67317030
2011-11-10,7.11788,7.28128,7.095,7.24533,35593199
2011-11-11,7.36298,7.43488,7.30089,7.35971,37911577
2011-11-14,7.32377,7.37932,7.21265,7.2584,25461821
2011-11-15,7.21919,7.33357,7.19304,7.28782,26360022
2011-11-16,7.19958,7.23226,7.00676,7.02964,40243612
2011-11-17,7.02964,7.10154,6.90546,6.94467,47668012
2011-11-18,6.94794,7.02637,6.88911,7.0035,35979027
2011-11-21,6.89238,7.06885,6.85316,7.03291,45290736
2011-11-22,6.99369,7.01983,6.88584,6.99042,38540253
2011-11-23,6.93487,6.98062,6.88585,6.88585,35917994
2011-11-25,6.84009,6.95121,6.83029,6.86297,11793978
2011-11-28,7.02637,7.15056,6.99042,7.10807,36479023
2011-11-29,7.10481,7.20285,7.08847,7.10807,40744462
2011-11-30,7.29762,7.50024,7.28455,7.40874,49131936
2011-12-01,7.41854,7.47083,7.34011,7.37606,25797286
2011-12-02,7.61136,7.74535,7.4741,7.63424,70289479
2011-12-05,7.80744,7.80744,7.51004,7.5656,45286468
2011-12-06,7.59501,7.67672,7.53946,7.57867,43754256
2011-12-07,7.54599,7.62443,7.43488,7.55907,30762250
2011-12-08,7.49044,7.50678,7.32377,7.34337,31237065
2011-12-09,7.38913,7.48063,7.37605,7.412,29792561
2011-12-12,7.36299,7.64077,7.3107,7.60482,43060919
2011-12-13,7.68652,7.73881,7.54272,7.57867,38559886
2011-12-14,7.56887,7.61136,7.50678,7.57541,32806622
2011-12-15,7.60809,7.69959,7.59828,7.61136,34257102
2011-12-16,7.66691,7.84339,7.58848,7.62443,63406688
2011-12-19,7.63423,7.6473,7.42181,7.4741,28714677
2011-12-20,7.60155,7.73228,7.58195,7.64731,40194103
2011-12-21,7.67672,7.73228,7.60809,7.7094,29270371
2011-12-22,7.71267,7.74208,7.67672,7.72247,25490417
2011-12-23,7.76496,7.81725,7.72574,7.7911,19460586
2011-12-27,7.7911,7.81071,7.72574,7.77803,13054105
2011-12-28,7.75842,7.78456,7.63423,7.66691,16704525
2011-12-29,7.70286,7.79764,7.68325,7.78783,15112775
2011-12-30,7.7921,7.83479,7.76912,7.78554,12089964
2012-01-03,7.9727,8.11062,7.9727,8.04494,44435428
2012-01-04,8.04822,8.12703,8.00554,8.12047,37011883
2012-01-05,8.10405,8.21898,8.04166,8.19271,47681029
2012-01-06,8.17629,8.21898,8.07122,8.10734,20516276
2012-01-09,8.16315,8.33062,8.15987,8.27808,42064341
2012-01-10,8.38644,8.43898,8.31749,8.34047,41490508
2012-01-11,8.33719,8.40614,8.27808,8.34704,25111632
2012-01-12,8.35361,8.416,8.31092,8.37331,23605028
2012-01-13,8.34704,8.37002,8.25838,8.3339,21470601
2012-01-17,8.40943,8.48824,8.35032,8.38644,25573643
2012-01-18,8.38316,8.48167,8.31092,8.44555,31430832
2012-01-19,8.44555,8.51779,8.42584,8.4948,21418745
2012-01-20,8.49809,8.57361,8.4554,8.56048,32636969
2012-01-23,8.51451,8.64257,8.46525,8.51451,28911005
2012-01-24,8.4751,8.50465,8.40615,8.49152,21390149
2012-01-25,8.45868,8.60973,8.40943,8.57689,38606407
2012-01-26,8.64914,8.80347,8.59003,8.63929,39585913
2012-01-27,8.63928,8.73123,8.60316,8.64585,30658751
2012-01-30,8.60316,8.72137,8.48495,8.6557,38953396
2012-01-31,8.70168,8.73123,8.62287,8.72795,34341182
2012-02-01,8.77391,8.92168,8.72466,8.8166,34323469
2012-02-02,8.80018,8.85929,8.75093,8.76406,36991610
2012-02-03,8.85601,8.92496,8.83302,8.91511,29098584
2012-02-06,8.89541,8.92496,8.84615,8.89541,27613533
2012-02-07,8.86586,8.91511,8.78705,8.89541,26001510
2012-02-08,8.88227,8.96108,8.81332,8.94795,27141492
2012-02-09,8.95451,9.03004,8.90197,9.0169,29771434
2012-02-10,8.95123,8.98078,8.86585,8.92496,22844897
2012-02-13,8.99392,9.03661,8.95452,9.00049,17132819
2012-02-14,8.9381,8.98407,8.84287,8.94795,35694778
2012-02-15,9.51602,9.539,9.29273,9.36497,75257857
2012-02-16,9.43064,9.45691,9.32228,9.40766,42591652
2012-02-17,9.3584,9.61124,9.32557,9.57841,50209179
2012-02-21,9.55871,9.57841,9.49303,9.54557,30772707
2012-02-22,9.51274,9.61781,9.46348,9.61453,44979598
2012-02-23,9.59811,9.79513,9.58169,9.78856,42719266
2012-02-24,9.82468,9.82468,9.539,9.58498,34457058
2012-02-27,9.49303,9.65065,9.48975,9.58498,25929380
2012-02-28,9.58826,9.65065,9.53572,9.64408,29227051
2012-02-29,9.65393,9.70319,9.61125,9.65722,36385554
2012-03-01,9.65722,9.73274,9.61781,9.67035,27944303
2012-03-02,9.64079,9.72289,9.54885,9.60139,23761877
2012-03-05,9.58169,9.59483,9.4602,9.55542,28477376
2012-03-06,9.47333,9.57513,9.43064,9.49632,30866816
2012-03-07,9.50945,9.62766,9.45691,9.60139,27443667
2012-03-08,9.66706,9.76886,9.65065,9.72617,21738418
2012-03-09,9.78856,9.80498,9.74587,9.79841,19490462
2012-03-12,9.74916,9.8017,9.70319,9.72289,18727130
2012-03-13,9.79513,9.86737,9.73602,9.86408,24518593
2012-03-14,9.85095,9.85095,9.75901,9.782,23826964
2012-03-15,9.77871,9.81483,9.6605,9.78528,24355555
2012-03-16,9.76229,9.79513,9.65393,9.68677,44583741
2012-03-19,9.64079,9.84438,9.61124,9.80497,20926217
2012-03-20,9.75572,9.83125,9.67035,9.77543,22314598
2012-03-21,9.77543,9.81811,9.69662,9.75572,23559147
2012-03-22,9.70647,9.81812,9.69662,9.81483,25907400
2012-03-23,9.83125,9.85095,9.73274,9.84767,17895724
2012-03-26,9.8805,9.97901,9.83453,9.96588,28823298
2012-03-27,9.93961,9.98558,9.89692,9.90677,25262719
2012-03-28,9.86737,9.91663,9.79185,9.82468,29008529
2012-03-29,9.75901,9.80498,9.68677,9.79513,26129763
2012-03-30,9.84767,9.86737,9.76229,9.85423,21002188
2012-04-02,9.82221,9.95427,9.76278,9.92126,25289180
2012-04-03,9.85192,9.88494,9.71986,9.79249,27402694
2012-04-04,9.73967,9.76278,9.60431,9.68024,23805197
2012-04-05,9.63732,9.76278,9.601,9.75948,24091793
2012-04-09,9.61751,9.71656,9.57789,9.68354,22346608
2012-04-10,9.63402,9.64722,9.42272,9.45903,26515590
2012-04-11,9.53167,9.601,9.48545,9.56799,19453971
2012-04-12,9.5911,9.82881,9.55808,9.7991,30900107
2012-04-13,9.78589,9.83212,9.73307,9.73967,24710866
2012-04-16,9.76608,9.85192,9.73637,9.82881,19527807
2012-04-17,9.86513,9.96748,9.809,9.93446,18774292
2012-04-18,9.88494,9.91465,9.83871,9.85852,19367757
2012-04-19,9.8024,9.92126,9.71326,9.73307,24742876
2012-04-20,9.75618,9.82551,9.71326,9.72316,30058670
2012-04-23,9.66703,9.66703,9.52507,9.5878,31738342
2012-04-24,9.63402,9.73967,9.61751,9.69015,25211503
2012-04-25,9.77269,9.81891,9.70005,9.7892,23439856
2012-04-26,9.74627,10.017,9.74297,9.98399,39027446
2012-04-27,10.0005,10.05,9.86843,9.99719,31157467
2012-04-30,9.97408,10.0566,9.96088,10.0203,18435626
2012-05-01,9.99719,10.1953,9.99059,10.1028,46578605
2012-05-02,9.95757,10.0896,9.75287,10.0434,60395188
2012-05-03,10.0698,10.1524,9.95097,10.0236,28716811
2012-05-04,9.91465,9.96748,9.71656,9.72316,34186253
2012-05-07,9.65713,9.83542,9.61421,9.78259,27032658
2012-05-08,9.74297,9.7925,9.61421,9.70665,33285065
2012-05-09,9.61421,9.72316,9.5911,9.63072,31777821
2012-05-10,9.70665,9.81231,9.68024,9.78259,25534377
2012-05-11,9.75948,9.84532,9.69675,9.70005,23031622
2012-05-14,9.63732,9.68354,9.51516,9.53827,30454741
2012-05-15,9.53827,9.68354,9.48545,9.52507,24286841
2012-05-16,9.53827,9.64062,9.51186,9.52507,24311168
2012-05-17,9.51846,9.52836,9.35998,9.35998,20921949
2012-05-18,9.40291,9.45243,9.30386,9.33688,35354832
2012-05-21,9.33688,9.49205,9.27415,9.47884,22424285
2012-05-22,9.47884,9.61421,9.44913,9.55478,25482734
2012-05-23,9.48545,9.52177,9.37319,9.50526,21766800
2012-05-24,9.51516,9.63072,9.47224,9.55148,27203378
2012-05-25,9.57459,9.62411,9.47554,9.52507,19908513
2012-05-29,9.56469,9.66704,9.52177,9.64723,21138550
2012-05-30,9.5845,9.63072,9.54157,9.55808,21979773
2012-05-31,9.55808,9.63402,9.48215,9.54488,28183525
2012-06-01,9.43262,9.52176,9.35668,9.45243,44095696
2012-06-04,9.47554,9.5911,9.45573,9.55808,45332135
2012-06-05,9.54158,9.60761,9.51186,9.5845,29354877
2012-06-06,9.61751,9.82881,9.5878,9.82551,28236875
2012-06-07,9.93776,10.0005,9.87503,9.90805,36031310
2012-06-08,9.84862,10.0137,9.84532,9.99389,32474999
2012-06-11,10.0467,10.1028,9.87173,9.88494,25331007
2012-06-12,9.94767,10.0599,9.87834,10.0533,53298357
2012-06-13,10.0302,10.05,9.83541,9.89814,29929350
2012-06-14,9.93777,10.1623,9.92456,10.1392,32925699
2012-06-15,10.1854,10.291,10.1028,10.2646,44843663
2012-06-18,10.2679,10.3703,10.225,10.2877,25957336
2012-06-19,10.3174,10.4495,10.2547,10.3373,28566791
2012-06-20,10.3307,10.3604,10.1986,10.2976,32782935
2012-06-21,10.3472,10.3472,10.116,10.1293,30435535
2012-06-22,10.1524,10.2184,10.0929,10.1788,39005252
2012-06-25,10.1293,10.1359,9.97408,10.0137,24754827
2012-06-26,10.0269,10.1326,9.96088,10.0962,22182076
2012-06-27,10.159,10.334,10.1392,10.2481,29910357
2012-06-28,10.1788,10.2646,10.0896,10.2481,26227927
2012-06-29,10.4682,10.6175,10.3586,10.6109,34442547
2012-07-02,10.654,10.7868,10.6109,10.7071,25091359
2012-07-03,10.6972,10.7536,10.5876,10.6308,17139008
2012-07-05,10.5876,10.6407,10.4317,10.4383,20900183
2012-07-06,10.3852,10.5611,10.352,10.4084,22136622
2012-07-09,10.435,10.4615,10.3586,10.3786,22740544
2012-07-10,10.4582,10.6076,10.3487,10.4051,27315840
2012-07-11,10.3885,10.5578,10.3786,10.5312,30023886
2012-07-12,10.4283,10.4482,10.3022,10.3221,37880847
2012-07-13,10.3321,10.5876,10.3221,10.5777,22333377
2012-07-16,10.5179,10.5744,10.4682,10.5644,21342134
2012-07-17,10.581,10.7536,10.5345,10.7304,28510240
2012-07-18,10.7038,10.7669,10.6109,10.7503,24110145
2012-07-19,10.747,10.8797,10.6839,10.747,24161148
2012-07-20,10.7171,10.7602,10.6374,10.6806,26424895
2012-07-23,10.5047,10.5511,10.3852,10.4117,30203356
2012-07-24,10.435,10.4516,10.3055,10.4217,29110961
2012-07-25,10.4715,10.4781,10.3221,10.4084,18472544
2012-07-26,10.5943,10.7038,10.4715,10.4914,37340305
2012-07-27,10.5843,10.7403,10.5345,10.7171,32210596
2012-07-30,10.7237,10.8067,10.6474,10.6905,20691904
2012-07-31,10.6905,10.8631,10.6806,10.8034,41631566
2012-08-01,11.1486,11.2846,11.1121,11.1353,47280691
2012-08-02,11.1154,11.4373,11.0789,11.3245,51059151
2012-08-03,11.4672,11.6464,11.434,11.4871,45784543
2012-08-06,11.4971,11.6365,11.4207,11.5966,26547173
2012-08-07,11.6431,11.6696,11.4539,11.4672,39887874
2012-08-08,11.4572,11.5004,11.3245,11.4539,28496156
2012-08-09,11.4572,11.5236,11.4041,11.4672,25036088
2012-08-10,11.4572,11.5336,11.3842,11.5269,16852625
2012-08-13,11.4971,11.4971,11.3543,11.4672,24683765
2012-08-14,11.5535,11.5767,11.3942,11.4041,26599243
2012-08-15,11.4074,11.424,11.2846,11.3477,22642167
2012-08-16,11.4008,11.4141,11.3046,11.3311,21752075
2012-08-17,11.3776,11.3776,11.2481,11.2913,22628082
2012-08-20,11.2382,11.3212,11.195,11.2515,17124283
2012-08-21,11.2515,11.3643,11.2382,11.2979,25530963
2012-08-22,11.2647,11.3344,11.2514,11.2747,24029907
2012-08-23,11.2382,11.2913,11.2216,11.268,16419209
2012-08-24,11.2349,11.3344,11.1718,11.268,29957946
2012-08-27,11.2647,11.3145,11.2315,11.2747,18710485
2012-08-28,11.2515,11.3046,11.205,11.268,21429201
2012-08-29,11.2813,11.3377,11.2448,11.268,14824258
2012-08-30,11.2116,11.2515,11.1253,11.1618,21050630
2012-08-31,11.2216,11.2515,11.1021,11.1287,25869842
2012-09-04,11.1087,11.1884,11.0955,11.1287,25277657
2012-09-05,11.1154,11.205,11.0921,11.1884,27486987
2012-09-06,11.2747,11.5037,11.2515,11.5004,29405453
2012-09-07,11.5037,11.5302,11.4307,11.4373,21389936
2012-09-10,11.4672,11.4672,11.3377,11.3411,20515849
2012-09-11,11.3245,11.4473,11.2946,11.3743,14972357
2012-09-12,11.4207,11.5004,11.4108,11.4805,28205505
2012-09-13,11.4506,11.7194,11.4406,11.6995,25317989
2012-09-14,11.6829,11.7659,11.6298,11.7161,26959035
2012-09-17,11.7261,11.7526,11.5767,11.6365,22569397
2012-09-18,11.5867,11.6365,11.5236,11.5668,18571348
2012-09-19,11.5502,11.7659,11.5236,11.7427,36382566
2012-09-20,11.7028,11.9385,11.6796,11.9318,31427205
2012-09-21,11.9916,12.1277,11.9318,12.0215,51621673
2012-09-24,12.0015,12.1277,11.9584,12.0912,21882249
2012-09-25,12.1708,12.2472,11.892,11.902,36782051
2012-09-26,11.9186,11.9418,11.6365,11.6564,29696531
2012-09-27,11.7393,11.9053,11.7095,11.8787,27165393
2012-09-28,11.8655,11.9285,11.8057,11.8621,22035684
2012-10-01,11.9865,12.0565,11.7665,11.7965,24301138
2012-10-02,11.8231,12.0265,11.8231,11.9498,27120366
2012-10-03,11.9798,12.1599,11.9665,12.0699,22175248
2012-10-04,12.1499,12.2366,12.0865,12.1699,19988965
2012-10-05,12.2433,12.3299,12.1566,12.1832,17980871
2012-10-08,12.1199,12.1599,12.0599,12.0732,21807559
2012-10-09,12.0199,12.0565,11.7665,11.7765,26206374
2012-10-10,11.8165,11.8165,11.6498,11.7231,35659780
2012-10-11,11.7931,11.8565,11.7031,11.7131,29910998
2012-10-12,11.7665,11.9598,11.7231,11.9298,25613975
2012-10-15,11.9465,12.1799,11.9232,12.1466,25189309
2012-10-16,12.1966,12.3066,12.1632,12.2266,20792202
2012-10-17,12.2766,12.41,12.2266,12.3766,21602695
2012-10-18,12.3699,12.5367,12.2999,12.4333,29872799
2012-10-19,12.4066,12.5033,12.2099,12.3199,31531344
2012-10-22,12.2899,12.3933,12.2366,12.3466,22498975
2012-10-23,12.1899,12.2332,12.0265,12.1466,29965415
2012-10-24,12.2066,12.2866,12.1132,12.1432,27147894
2012-10-25,12.2299,12.3033,12.0699,12.1232,23242674
2012-10-26,12.2132,12.5967,12.2132,12.5233,50558941
2012-10-31,12.5367,12.62,12.3766,12.5133,34576135
2012-11-01,12.5567,12.6534,12.4566,12.52,25771891
2012-11-02,12.6,12.6567,12.5267,12.54,30191619
2012-11-05,12.4633,12.5,12.2433,12.48,28202304
2012-11-06,12.4733,12.5033,12.3933,12.3933,29090048
2012-11-07,12.2766,12.3133,12.0165,12.1966,37119223
2012-11-08,12.1432,12.2799,12.0665,12.0699,24735407
2012-11-09,12.0032,12.1065,11.9532,12.0432,25858958
2012-11-12,12.0399,12.0832,11.9498,12.0599,17598458
2012-11-13,12.0365,12.1999,11.9198,12.0399,26758013
2012-11-14,12.0732,12.0765,11.7731,11.8031,28966062
2012-11-15,11.8031,11.9032,11.6564,11.7164,24767631
2012-11-16,11.7264,11.8598,11.6531,11.8198,34049037
2012-11-19,11.9365,12.0132,11.8365,12.0065,22822063
2012-11-20,11.9898,12.2099,11.9698,12.1899,23601186
2012-11-21,12.2199,12.2199,12.0899,12.1666,12763241
2012-11-23,12.2566,12.3066,12.1899,12.3066,7814921
2012-11-26,12.2332,12.2799,12.1799,12.2132,15160149
2012-11-27,12.1499,12.2199,12.0865,12.0999,18329139
2012-11-28,12.0899,12.2399,11.9698,12.2232,28326503
2012-11-29,12.2366,12.3033,12.1466,12.2899,24525635
2012-11-30,12.2933,12.4266,12.2566,12.4033,24968013
2012-12-03,12.46,12.4733,12.3299,12.3633,17952275
2012-12-04,12.3566,12.42,12.3266,12.4033,21983614
2012-12-05,12.4033,12.4333,12.2366,12.2966,24283853
2012-12-06,12.3099,12.4133,12.2733,12.3833,17631535
2012-12-07,12.42,12.4466,12.2766,12.3466,25245647
2012-12-10,12.3199,12.5167,12.3033,12.42,19711971
2012-12-11,12.4933,12.52,12.4133,12.47,24991701
2012-12-12,12.5167,12.59,12.4433,12.4766,21098004
2012-12-13,12.4766,12.5233,12.2299,12.3166,22755909
2012-12-14,12.2866,12.3033,12.1466,12.1832,26317982
2012-12-17,12.2432,12.5267,12.1766,12.5167,32073807
2012-12-18,12.5733,12.72,12.43,12.6867,29480997
2012-12-19,12.69,12.7334,12.6334,12.6734,29129954
2012-12-20,12.6867,12.7434,12.62,12.7,24619531
2012-12-21,12.5467,12.5567,12.3399,12.4133,55822879
2012-12-24,12.3733,12.49,12.3699,12.4566,7241942
2012-12-26,12.4266,12.47,12.3033,12.4366,18483641
2012-12-27,12.4466,12.4566,12.1332,12.3333,28709129
2012-12-28,12.2807,12.3879,12.2305,12.2372,16191512
2012-12-31,12.1903,12.5252,12.1568,12.5118,28611818
2013-01-02,12.7429,12.917,12.7429,12.9003,37607909
2013-01-03,12.8902,12.9203,12.7194,12.7562,24335709
2013-01-04,12.7931,12.8232,12.6926,12.7496,20310345
2013-01-07,12.6759,12.7395,12.6089,12.6926,20309278
2013-01-08,12.6323,12.7797,12.4615,12.7797,35755597
2013-01-09,12.8098,12.9103,12.7663,12.8668,20943076
2013-01-10,12.9438,12.9806,12.8098,12.8936,22402305
2013-01-11,12.8567,12.9203,12.8199,12.8802,14890625
2013-01-14,12.8936,13.0376,12.8835,13.0342,18409805
2013-01-15,13.0175,13.1347,12.9639,13.128,26551441
2013-01-16,13.0811,13.1581,13.0543,13.1213,18895290
2013-01-17,13.1749,13.4093,13.1347,13.3792,23694442
2013-01-18,13.3691,13.4897,13.3088,13.4863,25120808
2013-01-22,13.4562,13.4796,13.2619,13.3323,28899268
2013-01-23,13.3591,13.4361,13.3289,13.3959,20358147
2013-01-24,13.4696,13.4796,13.2519,13.2552,26929586
2013-01-25,13.3691,13.3691,13.2285,13.3155,22183997
2013-01-28,13.3624,13.3658,13.2318,13.2519,20843845
2013-01-29,13.2586,13.2586,13.0443,13.0978,31792119
2013-01-30,13.1548,13.1749,13.0141,13.0711,32091305
2013-01-31,12.8936,13.0376,12.6893,12.7529,53383504
2013-02-01,12.8601,12.9337,12.7696,12.927,32764582
2013-02-04,12.8768,12.8969,12.6625,12.7897,34509554
2013-02-05,12.8869,13.2184,12.7998,13.1414,34906905
2013-02-06,13.1012,13.1112,12.927,12.9706,24540573
2013-02-07,12.9505,12.9739,12.7529,12.9337,27808794
2013-02-08,12.9572,13.0208,12.9103,12.9773,32849729
2013-02-11,12.9706,12.984,12.8567,12.9404,15670389
2013-02-12,12.927,13.0711,12.8299,13.051,37190925
2013-02-13,14.0222,14.0657,13.3423,13.4394,121783752
2013-02-14,13.5265,13.6236,13.3624,13.5098,46550436
2013-02-15,13.4863,13.8179,13.4863,13.8112,42579702
2013-02-19,13.8212,13.9217,13.7978,13.8815,36470914
2013-02-20,13.905,13.9753,13.704,13.7141,33349939
2013-02-21,13.637,13.6739,13.3825,13.4227,27865559
2013-02-22,13.3356,13.426,13.272,13.3658,30415475
2013-02-25,13.416,13.5031,13.1715,13.1983,38509310
2013-02-26,13.2352,13.3189,13.2117,13.2921,27358093
2013-02-27,13.3189,13.5064,13.2117,13.4461,19906165
2013-02-28,13.4193,13.5232,13.3256,13.3256,26351272
2013-03-01,13.3021,13.416,13.2151,13.406,26113331
2013-03-04,13.3524,13.5567,13.272,13.5232,20861344
2013-03-05,13.6303,13.7442,13.6069,13.7141,26363223
2013-03-06,13.781,13.8346,13.637,13.6806,16713275
2013-03-07,13.6739,13.7274,13.6002,13.6035,14242529
2013-03-08,13.6839,13.7877,13.5533,13.7308,24309034
2013-03-11,13.6739,13.7777,13.637,13.7743,18057695
2013-03-12,13.7542,13.7542,13.5667,13.637,30745818
2013-03-13,13.6605,13.6705,13.5064,13.5935,18484495
2013-03-14,13.6605,13.8112,13.5834,13.7844,30278472
2013-03-15,13.6873,13.8112,13.5935,13.6337,37664673
2013-03-18,13.4796,13.5633,13.3457,13.5198,27799405
2013-03-19,13.5131,13.5433,13.2385,13.4394,34652105
2013-03-20,13.5667,13.7609,13.5466,13.7241,26995313
2013-03-21,13.6538,13.6973,13.4495,13.5299,25646199
2013-03-22,13.6102,13.8078,13.5667,13.8045,20475517
2013-03-25,13.8715,14.0054,13.8212,13.9719,46615309
2013-03-26,14.0389,14.0657,13.8346,13.8882,27667097
2013-03-27,13.8279,13.9853,13.781,13.982,23826537
2013-03-28,13.9552,14.069,13.9049,14.059,29003194
2013-04-01,13.9497,14.1515,13.8218,13.9227,21422799
2013-04-02,13.9463,14.2525,13.9396,14.2323,30980132
2013-04-03,14.2256,14.3366,13.9799,14.0708,27543325
2013-04-04,14.0573,14.2323,14.0068,14.1717,16572431
2013-04-05,13.9261,14.0102,13.7713,13.9833,29822223
2013-04-08,13.9968,14.0338,13.8857,14.0069,20322509
2013-04-09,14.0069,14.0708,13.768,13.8891,24702757
2013-04-10,13.8891,14.0573,13.8622,14.0035,28252239
2013-04-11,14.064,14.1179,14.0136,14.0674,28214041
2013-04-12,14.0876,14.1717,14.054,14.1313,36212273
2013-04-15,14.0876,14.0876,13.8285,13.8454,28903963
2013-04-16,13.9564,14.0068,13.8756,13.9328,35063541
2013-04-17,13.8353,13.8891,13.6367,13.667,38471325
2013-04-18,13.7007,13.7141,13.4416,13.4551,34525559
2013-04-19,13.4113,13.6637,13.344,13.6468,31252217
2013-04-22,13.6233,13.667,13.5425,13.6166,29344207
2013-04-23,13.7209,13.7713,13.5526,13.7612,25516238
2013-04-24,13.8117,13.8891,13.6401,13.6838,24437501
2013-04-25,13.7074,13.8016,13.6637,13.7108,25627846
2013-04-26,13.7276,13.9732,13.6738,13.9194,29363840
2013-04-29,14.0035,14.027,13.8891,13.9597,17876518
2013-04-30,14.0169,14.0237,13.8386,13.8958,18945225
2013-05-01,14.1246,14.2895,14.0169,14.0842,28617367
2013-05-02,14.0338,14.1986,14.0136,14.1684,16588649
2013-05-03,14.1784,14.3837,14.1784,14.313,16588222
2013-05-06,14.2861,14.414,14.2457,14.3938,15452294
2013-05-07,14.4577,14.5519,14.4106,14.4846,19545306
2013-05-08,14.4476,14.5889,14.4375,14.562,15325748
2013-05-09,14.525,14.5654,14.3837,14.4543,16706659
2013-05-10,14.4981,14.5889,14.4375,14.4947,13623029
2013-05-13,14.4947,14.5351,14.3231,14.5317,21099285
2013-05-14,14.562,14.6831,14.4813,14.5788,21172481
2013-05-15,14.6192,14.7168,14.4577,14.7134,16858600
2013-05-16,14.636,14.7134,14.3837,14.4241,18955468
2013-05-17,14.525,14.5317,14.1885,14.3467,31298311
2013-05-20,14.2895,14.3198,13.8992,13.9698,40604045
2013-05-21,14.0001,14.2693,13.9766,14.2087,27267825
2013-05-22,14.1112,14.3467,13.9766,14.0573,25030966
2013-05-23,13.9934,14.0876,13.9194,14.0708,22969309
2013-05-24,13.9362,14.1145,13.9059,14.1145,16504996
2013-05-28,14.2155,14.2928,13.9698,14.0708,17128124
2013-05-29,14.0506,14.0607,13.7175,13.7242,36864637
2013-05-30,13.768,13.879,13.7612,13.7781,15770900
2013-05-31,13.7579,13.7579,13.5089,13.5156,30950682
2013-06-03,13.5425,13.6132,13.2936,13.6132,24886708
2013-06-04,13.6334,13.8319,13.5627,13.768,28506826
2013-06-05,13.7814,13.7848,13.4786,13.5223,28754156
2013-06-06,13.5459,13.5728,13.3272,13.5392,23825897
2013-06-07,13.6334,13.8891,13.5695,13.8554,26489555
2013-06-10,13.8554,13.8655,13.6266,13.6838,21958647
2013-06-11,13.6166,13.6536,13.4349,13.5123,21257628
2013-06-12,13.5796,13.5896,13.2094,13.2969,25373260
2013-06-13,13.2565,13.4248,13.0917,13.3743,26172443
2013-06-14,13.3272,13.418,13.1691,13.3709,25528188
2013-06-17,13.5156,13.6536,13.3575,13.4853,21021821
2013-06-18,13.5324,13.6973,13.5123,13.5896,20494296
2013-06-19,13.63,13.7343,13.5022,13.5291,24542067
2013-06-20,13.3878,13.3878,13.0378,13.0917,32366805
2013-06-21,13.196,13.3979,13.0849,13.381,49405301
2013-06-24,13.2464,13.4584,13.233,13.3844,35934213
2013-06-25,13.4685,13.5695,13.3541,13.5156,28914206
2013-06-26,13.6233,13.6704,13.4921,13.5223,23605241
2013-06-27,13.6435,13.7511,13.5459,13.5594,27874521
2013-06-28,13.4921,14.128,13.4921,14.0472,103815259
2013-07-01,14.1605,14.174,13.7345,13.7447,30880687
2013-07-02,13.6703,13.934,13.6095,13.7751,26410171
2013-07-03,13.6636,13.9543,13.6602,13.9103,14024435
2013-07-05,14.1165,14.1706,13.9407,14.0962,16640078
2013-07-08,14.1807,14.3701,14.1436,14.3362,25398014
2013-07-09,14.4917,14.5627,14.414,14.4241,24051674
2013-07-10,14.4377,14.5458,14.3599,14.5053,18920044
2013-07-11,14.6912,15.0935,14.627,15.0292,48048504
2013-07-12,15.0191,15.1104,14.9042,15.1036,23402938
2013-07-15,15.063,15.0867,14.8873,14.9244,19090764
2013-07-16,14.9278,14.9887,14.7892,14.8704,18330847
2013-07-17,14.9244,14.9549,14.7622,14.8298,16164623
2013-07-18,14.8906,15.0867,14.8873,14.9887,21096724
2013-07-19,15.036,15.0867,14.9177,15.0664,21438591
2013-07-22,15.303,15.3639,15.0461,15.1881,21855788
2013-07-23,15.1949,15.3504,15.1442,15.2591,25268694
2013-07-24,15.2591,15.4247,15.0901,15.1983,20968684
2013-07-25,15.107,15.1475,14.8636,14.9312,22179729
2013-07-26,14.8095,14.8399,14.6743,14.7825,29796615
2013-07-29,14.7013,14.7588,14.6472,14.6709,17061330
2013-07-30,14.6337,14.7047,14.4208,14.4377,28705928
2013-07-31,14.9582,15.3436,14.8501,15.2388,57719152
2013-08-01,15.4721,15.6614,15.445,15.4957,29878561
2013-08-02,15.5126,15.5126,15.3436,15.4552,24796867
2013-08-05,15.3943,15.5363,15.3943,15.4247,16530391
2013-08-06,15.3571,15.4247,15.1137,15.2084,24035242
2013-08-07,15.134,15.3166,15.0867,15.2726,20262543
2013-08-08,15.3943,15.4585,15.1712,15.1915,15743372
2013-08-09,15.1374,15.2456,15.0563,15.0833,13232294
2013-08-12,15.0022,15.1678,14.965,15.1374,10852884
2013-08-13,15.0968,15.2118,14.9853,15.1611,14760451
2013-08-14,15.1408,15.1442,14.8027,14.8264,24848296
2013-08-15,14.7689,14.7723,14.4072,14.5391,25820546
2013-08-16,14.4985,14.5087,14.3058,14.3802,22236920
2013-08-19,14.3937,14.4546,14.2382,14.2619,13927338
2013-08-20,14.3362,14.4782,14.2484,14.4309,15067534
2013-08-21,14.3532,14.3565,13.9678,14.1402,30073395
2013-08-22,14.1841,14.2551,14.1537,14.2044,12143954
2013-08-23,14.1977,14.2484,14.0354,14.1503,16833419
2013-08-26,14.1807,14.2281,13.9576,14.0083,22000046
2013-08-27,13.9171,14.2619,13.8799,14.13,24886708
2013-08-28,14.1199,14.2686,14.0117,14.1706,27196336
2013-08-29,14.1368,14.4377,14.103,14.3464,20867959
2013-08-30,14.3903,14.3903,14.1808,14.2281,21197876
2013-09-03,14.4039,14.5898,14.3498,14.4478,20067496
2013-09-04,14.4951,14.6168,14.3971,14.556,21108248
2013-09-05,14.5289,14.6033,14.3058,14.3802,22109520
2013-09-06,14.4647,14.4917,14.2416,14.3599,22413829
2013-09-09,14.387,14.4343,14.2281,14.2991,24071307
2013-09-10,14.3498,14.4816,14.3363,14.4816,23253985
2013-09-11,14.4444,14.8365,14.4444,14.8061,22412975
2013-09-12,14.823,14.8501,14.6743,14.7013,15114268
2013-09-13,14.7554,14.9177,14.7182,14.8636,15181489
2013-09-16,15.0732,15.107,14.9515,15.0157,18178906
2013-09-17,15.0664,15.134,15.0089,15.0258,15528691
2013-09-18,15.0427,15.0563,14.823,14.965,26812003
2013-09-19,15.0461,15.1374,14.9515,15.0123,16784550
2013-09-20,15.0326,15.1509,14.9853,15.009,28628464
2013-09-23,14.9008,14.9887,14.7723,14.8534,16569870
2013-09-24,14.9143,14.9921,14.7419,14.7689,23227950
2013-09-25,14.8027,14.823,14.6033,14.6202,20516703
2013-09-26,14.6844,14.9177,14.6574,14.9075,19949059
2013-09-27,14.8805,15.1678,14.8534,15.1239,22938579
2013-09-30,15.0169,15.3836,15.0169,15.3191,38885321
2013-10-01,15.3293,15.5364,15.2919,15.4855,27192282
2013-10-02,15.3802,15.4312,15.3123,15.4312,20249526
2013-10-03,15.3293,15.3802,15.1493,15.2818,20475090
2013-10-04,15.2478,15.567,15.1935,15.4957,24667333
2013-10-07,15.3225,15.5805,15.2953,15.3123,17076268
2013-10-08,15.2953,15.3225,15.129,15.1493,21922795
2013-10-09,15.224,15.3361,14.9694,15.0509,21222630
2013-10-10,15.2037,15.421,15.1493,15.3972,18640277
2013-10-11,15.3327,15.696,15.3191,15.6382,20366896
2013-10-14,15.6009,15.8046,15.5568,15.7741,17235678
2013-10-15,15.7707,15.9133,15.6349,15.7503,21246317
2013-10-16,15.8657,16.0015,15.7741,15.9506,32443202
2013-10-17,15.9201,16.1272,15.8827,16.117,20633433
2013-10-18,16.0525,16.1238,15.9404,15.971,21297533
2013-10-21,15.9268,15.9914,15.8997,15.988,14978973
2013-10-22,16.0966,16.1713,16.0287,16.0796,20805860
2013-10-23,16.0015,16.1713,15.8895,15.9438,18578177
2013-10-24,16.0457,16.2935,15.9608,16.2154,18729264
2013-10-25,16.2833,16.3614,16.1747,16.3546,19616582
2013-10-28,16.4157,16.4157,16.2867,16.375,20064935
2013-10-29,16.3648,16.375,16.1407,16.1985,28737084
2013-10-30,16.2494,16.2494,15.9133,15.988,28696965
2013-10-31,15.8148,16.3682,15.8148,16.1611,33262871
2013-11-01,16.246,16.555,16.2052,16.5176,26529461
2013-11-04,16.5244,16.6025,16.2969,16.358,15777516
2013-11-05,16.409,16.4225,16.0762,16.2426,16595264
2013-11-06,16.2562,16.3682,16.1815,16.2324,15914092
2013-11-07,16.3377,16.3818,15.9981,16.0389,20466554
2013-11-08,16.0728,16.3784,15.9268,16.358,21361553
2013-11-11,16.2799,16.358,15.9744,16.0762,19095459
2013-11-12,16.066,16.0728,15.8148,15.9506,17866488
2013-11-13,15.9065,16.0966,15.8284,16.0898,15787972
2013-11-14,16.134,16.2222,16.0389,16.1917,13696866
2013-11-15,16.2086,16.2935,16.0932,16.2052,21369236
2013-11-18,16.1747,16.2698,16.0728,16.0864,17896791
2013-11-19,16.0728,16.1509,15.9914,16.1136,13380820
2013-11-20,16.1951,16.246,15.8759,15.9065,17814845
2013-11-21,16.0049,16.1985,15.9302,16.1102,15105732
2013-11-22,16.1238,16.959,16.1238,16.813,57995718
2013-11-25,16.7994,17.2306,16.7519,16.9454,38058396
2013-11-26,16.9895,17.0744,16.8266,16.9013,26730911
2013-11-27,16.8571,16.9828,16.7519,16.9013,17669093
2013-11-29,16.8843,17.0269,16.8605,16.9318,11949546
2013-12-02,16.9148,16.942,16.6602,16.6772,24347446
2013-12-03,16.7281,16.7553,16.3784,16.5583,23606948
2013-12-04,16.538,16.7213,16.3818,16.5957,20674619
2013-12-05,16.5244,16.667,16.3682,16.6636,22507085
2013-12-06,16.8028,16.8436,16.5991,16.7281,23278952
2013-12-09,16.7858,16.813,16.6093,16.684,15863089
2013-12-10,16.7179,16.83,16.6738,16.7689,20334246
2013-12-11,16.7417,16.7689,16.5176,16.521,21310124
2013-12-12,16.4735,16.6908,16.4667,16.5244,16436495
2013-12-13,16.5889,16.796,16.5312,16.6398,24253550
2013-12-16,16.7858,16.8469,16.6229,16.7179,20739919
2013-12-17,16.8436,16.8436,16.5482,16.6534,15565609
2013-12-18,16.7247,17.0778,16.5346,17.0676,26251614
2013-12-19,17.0574,17.251,16.9692,17.2408,23198074
2013-12-20,17.2034,17.4173,17.1865,17.2951,35869766
2013-12-23,17.3155,17.4683,17.2747,17.3121,16783483
2013-12-24,17.2849,17.4139,17.2204,17.4105,6797644
2013-12-26,17.3766,17.4988,17.3766,17.4886,8692422
2013-12-27,17.5667,17.5871,17.4241,17.5837,11959363
2013-12-30,17.5718,17.7285,17.5684,17.6774,11924152
2013-12-31,17.6808,17.7524,17.6229,17.7115,19894642
2014-01-02,17.6536,17.6876,17.4729,17.5343,20830401
2014-01-03,17.5956,17.6229,17.3298,17.4048,14267284
2014-01-06,17.4252,17.5922,17.2685,17.3877,19192983
2014-01-07,17.4968,18.1307,17.4184,18.0046,39651214
2014-01-08,17.9569,18.2159,17.8989,17.9773,31723617
2014-01-09,18.0284,18.1205,17.8274,18.0216,22320786
2014-01-10,18.0693,18.3079,17.9194,18.2466,22735209
2014-01-13,18.2363,18.2977,17.7217,17.7763,24585601
2014-01-14,17.9023,18.0114,17.7149,17.9978,18767250
2014-01-15,18.1477,18.6249,18.1205,18.4272,31108385
2014-01-16,18.4272,18.5056,18.1409,18.2466,21620621
2014-01-17,18.1716,18.2875,18.0898,18.2466,25928954
2014-01-21,18.4204,18.509,18.083,18.1682,18309933
2014-01-22,18.1545,18.3283,18.0625,18.3147,17471912
2014-01-23,18.1409,18.2602,18.0046,18.0898,19729470
2014-01-24,17.9671,18.0216,17.7831,17.858,30591317
2014-01-27,17.8955,18.359,17.6706,17.8887,40446129
2014-01-28,18.4033,18.4476,17.9978,18.1818,35215908
2014-01-29,18.158,18.2193,17.8955,18.083,32470944
2014-01-30,18.1682,18.5226,18.0557,18.4681,30940439
2014-01-31,18.025,18.6419,18.025,18.5567,34272467
2014-02-03,18.6555,18.7305,17.9024,17.9841,40871862
2014-02-04,18.0353,18.267,17.7865,18.2397,29929563
2014-02-05,18.0966,18.2875,18.0046,18.192,19450343
2014-02-06,18.3147,18.4545,18.1989,18.4136,16860734
2014-02-07,18.5328,18.6862,18.4681,18.6214,20841924
2014-02-10,18.6657,18.6657,18.4749,18.5226,14819776
2014-02-11,18.509,18.7612,18.4988,18.7441,16926675
2014-02-12,18.8225,18.8396,18.7544,18.8259,17101876
2014-02-13,18.2397,18.5022,17.9841,18.0523,177697753
2014-02-14,18.0659,18.4408,18.0625,18.3011,76450337
2014-02-18,18.3897,18.3931,18.1273,18.2431,43257674
2014-02-19,18.1545,18.1886,17.4525,17.5752,85792775
2014-02-20,17.6467,17.7694,17.4934,17.6399,54926172
2014-02-21,17.7422,17.7422,17.3809,17.398,51327822
2014-02-24,17.6263,17.674,17.4252,17.432,34954707
2014-02-25,17.4695,17.5377,17.1049,17.3025,43563476
2014-02-26,17.3537,17.3537,17.1083,17.2719,32560999
2014-02-27,17.2616,17.507,17.2105,17.4082,37849264
2014-02-28,17.4832,17.749,17.4218,17.6161,40962130
2014-03-03,17.4082,17.4729,17.248,17.3809,35745354
2014-03-04,17.5172,17.582,17.4593,17.5036,27549513
2014-03-05,17.507,17.8103,17.4252,17.6842,35402847
2014-03-06,17.7626,17.8308,17.6638,17.7592,27452203
2014-03-07,17.8308,17.8478,17.5309,17.5956,27724288
2014-03-10,17.6093,17.6842,17.4866,17.5581,21217295
2014-03-11,17.6229,17.6399,17.3809,17.4559,25449657
2014-03-12,17.3809,17.4457,17.248,17.3741,23699137
2014-03-13,17.4184,17.4457,17.0981,17.1969,32280164
2014-03-14,17.1492,17.3094,17.1015,17.2582,33840972
2014-03-17,17.3741,17.3775,17.248,17.3059,27419766
2014-03-18,17.2889,17.2889,17.0299,17.1151,34861451
2014-03-19,17.1117,17.1389,16.8697,16.9992,45618305
2014-03-20,17.0401,17.3639,17.006,17.248,33034533
2014-03-21,17.2753,17.4866,17.0094,17.0401,51203836
2014-03-24,17.1253,17.2105,16.8118,17.1424,39323218
2014-03-25,17.1594,17.2071,16.8322,16.9277,39353094
2014-03-26,16.9515,17.1628,16.8936,16.9106,41464047
2014-03-27,16.839,16.9004,16.6993,16.7334,26876023
2014-03-28,16.8322,16.9856,16.7027,16.8902,34070164
2014-03-31,17.0631,17.2514,17.0425,17.1315,37086999
2014-04-01,17.2342,17.2479,16.9912,17.0939,29816248
2014-04-02,17.1247,17.4499,17.1247,17.426,34031325
2014-04-03,17.378,17.5663,17.3677,17.5013,30747099
2014-04-04,17.5218,17.669,17.176,17.1795,38999917
2014-04-07,17.1555,17.1897,16.6522,16.8029,46938610
2014-04-08,16.8405,16.8405,16.5256,16.7241,50222196
2014-04-09,16.7002,17.0802,16.6625,17.0459,43612131
2014-04-10,17.0083,17.0939,16.5666,16.5769,40784368
2014-04-11,16.4913,16.6728,16.4023,16.4194,36314705
2014-04-14,16.5016,16.7207,16.4674,16.6591,34528120
2014-04-15,16.6899,16.7584,16.3441,16.5735,38407092
2014-04-16,16.6899,16.8508,16.6009,16.8337,44746566
2014-04-17,16.7618,16.9467,16.6899,16.8097,32304065
2014-04-21,16.909,17.0802,16.885,17.0767,33829875
2014-04-22,17.3198,17.6725,17.289,17.402,78048489
2014-04-23,17.4499,17.604,17.3712,17.5321,35667249
2014-04-24,17.58,17.7786,17.5047,17.5869,36031736
2014-04-25,17.5492,17.5971,17.4157,17.4499,34931873
2014-04-28,17.6416,17.7375,17.3814,17.6998,46077328
2014-04-29,17.8025,17.8025,17.5355,17.6485,36559475
2014-04-30,17.6416,17.7991,17.5697,17.7204,32470517
2014-05-01,17.7409,17.8402,17.7067,17.8402,28805159
2014-05-02,17.9463,17.9463,17.693,17.8128,28558682
2014-05-05,17.7443,17.9669,17.7101,17.96,28908658
2014-05-06,17.8368,17.9155,17.6656,17.7375,34212501
2014-05-07,17.8128,17.8676,17.5595,17.7135,30513639
2014-05-08,17.6827,17.7204,17.3849,17.4944,40465548
2014-05-09,17.4842,17.5047,17.1486,17.4602,32791898
2014-05-12,17.4979,17.5321,17.2787,17.3404,31701210
2014-05-13,17.4088,17.4157,17.1281,17.1555,53470784
2014-05-14,17.176,17.2034,17.0083,17.0596,33755612
2014-05-15,17.0459,17.2377,16.8303,17.224,35238102
2014-05-16,17.1931,17.224,17.0631,17.1829,27167741
2014-05-19,17.2,17.4397,17.0425,17.426,29878988
2014-05-20,17.3883,17.4397,17.2685,17.3404,26664330
2014-05-21,17.3232,17.5903,17.2993,17.58,26848281
2014-05-22,17.5526,17.7991,17.5424,17.6998,23841902
2014-05-23,17.758,17.8436,17.7272,17.7923,19474884
2014-05-27,17.8265,17.8984,17.7512,17.8231,20036980
2014-05-28,17.8608,17.8608,17.6553,17.7512,18466782
2014-05-29,17.8231,17.8642,17.7272,17.8265,20259342
2014-05-30,17.8642,17.9018,17.7478,17.871,23115061
2014-06-02,17.8402,18.0627,17.8299,17.9943,21912979
2014-06-03,17.9258,17.9669,17.8881,17.9121,16645200
2014-06-04,17.8984,17.9429,17.782,17.9018,29304942
2014-06-05,17.9532,18.0662,17.8334,18.0456,15664627
2014-06-06,18.1175,18.1449,17.9361,18.1141,19677614
2014-06-09,18.0627,18.2202,18.049,18.1278,24941979
2014-06-10,18.1278,18.1689,17.9806,18.1038,21869445
2014-06-11,18.0011,18.073,17.9874,18.0456,21603336
2014-06-12,17.9737,18.073,17.9429,18.0319,20859210
2014-06-13,18.0251,18.0593,17.9053,17.9635,20857716
2014-06-16,17.9326,17.9669,17.8402,17.9224,15067320
2014-06-17,17.8984,17.9224,17.8025,17.871,17059409
2014-06-18,17.895,18.0662,17.7991,18.0285,20915121
2014-06-19,18.0251,18.1312,17.9737,18.1244,20053411
2014-06-20,18.2373,18.2373,18.008,18.0559,37168518
2014-06-23,18.0662,18.0662,17.9258,17.9498,17007767
2014-06-24,17.9532,18.1449,17.8847,18.0217,25003865
2014-06-25,18.0285,18.2647,17.96,18.2168,28693337
2014-06-26,18.2065,18.364,18.162,18.3503,20034205
2014-06-27,18.3777,18.5763,18.3263,18.5318,34587659
2014-06-30,18.53,18.53,18.4166,18.4544,33501453
2014-07-01,18.5163,18.6813,18.4579,18.6022,23987654
2014-07-02,18.6332,18.7707,18.5782,18.7569,19604845
2014-07-03,18.8188,18.8979,18.7398,18.8738,16292877
2014-07-07,18.7535,18.8223,18.5163,18.6263,23989148
2014-07-08,18.5369,18.6401,18.3066,18.3272,31186703
2014-07-09,18.4132,18.8188,18.3616,18.8154,33832436
2014-07-10,18.6744,18.8326,18.5919,18.6882,21669276
2014-07-11,18.671,18.7845,18.6229,18.7535,15054303
2014-07-14,18.836,18.9942,18.6916,18.9254,29231959
2014-07-15,18.8601,18.9667,18.7673,18.8704,21036332
2014-07-16,18.946,19.0904,18.867,18.9254,39647373
2014-07-17,18.7466,18.9632,18.5988,18.6332,32766503
2014-07-18,18.8188,18.8188,18.6401,18.7501,24752266
2014-07-21,18.6057,18.7226,18.3925,18.5025,37739790
2014-07-22,18.8223,18.9907,18.6401,18.781,33907339
2014-07-23,18.7466,18.9082,18.6504,18.8085,28501491
2014-07-24,18.8945,18.9942,18.8085,18.9529,27963509
2014-07-25,18.9563,18.9804,18.6435,18.6985,21271072
2014-07-28,18.7432,18.8463,18.5954,18.8154,18748897
2014-07-29,19.0079,19.4205,18.8876,18.9048,38936751
2014-07-30,18.9735,19.0629,18.8807,19.0492,27659841
2014-07-31,18.9048,18.9254,18.4372,18.4716,32572096
2014-08-01,18.4063,18.5232,18.2722,18.3547,21236928
2014-08-04,18.3582,18.5919,18.3582,18.5129,23317364
2014-08-05,18.5163,18.5163,18.1897,18.2825,29170713
2014-08-06,18.2103,18.3582,18.1484,18.1863,21413623
2014-08-07,18.2585,18.286,18.0556,18.1106,25052306
2014-08-08,18.1141,18.4132,18.1141,18.3925,25271468
2014-08-11,18.42,18.6263,18.4063,18.4785,16663339
2014-08-12,18.4235,18.6091,18.4235,18.4957,17727992
2014-08-13,18.5954,18.6916,18.5369,18.6022,19474671
2014-08-14,18.6297,18.7088,18.5919,18.6916,13953372
2014-08-15,18.8395,18.8704,18.616,18.781,22850018
2014-08-18,18.8979,18.9426,18.7294,18.8154,16203889
2014-08-19,18.8016,18.8704,18.7054,18.7363,15678711
2014-08-20,18.671,18.836,18.671,18.7845,15660786
2014-08-21,18.7845,18.8498,18.6848,18.7157,15950796
2014-08-22,18.6572,18.7673,18.5369,18.6263,17380576
2014-08-25,18.6847,18.8154,18.6332,18.7879,20094171
2014-08-26,18.8223,18.8223,18.6779,18.7569,19718373
2014-08-27,18.8016,18.8738,18.6882,18.7569,17359450
2014-08-28,18.6744,18.7913,18.6607,18.7432,11888727
2014-08-29,18.867,18.8841,18.7123,18.812,14422852
2014-09-02,18.8085,18.8979,18.6848,18.8326,20347903
2014-09-03,18.8188,18.9254,18.7776,18.8635,19099513
2014-09-04,18.9907,19.0423,18.8498,18.867,28135510
2014-09-05,18.9082,19.1798,18.8635,19.1489,30308562
2014-09-08,19.0835,19.252,19.0526,19.2107,25192724
2014-09-09,19.1626,19.5167,19.1282,19.4617,42800571
2014-09-10,19.4376,19.613,19.2658,19.5648,28892226
2014-09-11,19.5511,19.6405,19.4445,19.5889,20693398
2014-09-12,19.5614,19.6439,19.4823,19.6233,24088165
2014-09-15,19.6508,19.7642,19.5545,19.6027,27844645
2014-09-16,19.6164,19.6886,19.5201,19.6749,19462934
2014-09-17,19.6783,19.723,19.5305,19.6267,21448621
2014-09-18,19.6302,19.7195,19.503,19.5442,31093660
2014-09-19,19.6852,19.6886,19.4239,19.5064,44552798
2014-09-22,19.4411,19.4892,19.0423,19.2039,31860620
2014-09-23,19.2486,19.2486,18.891,18.8979,28405674
2014-09-24,18.9529,18.9563,18.6126,18.8601,34357613
2014-09-25,18.8463,18.8532,18.4819,18.5438,29581721
2014-09-26,18.4888,18.6607,18.4578,18.6469,22484251
2014-09-29,18.5278,18.7557,18.4381,18.697,26349138
2014-09-30,18.7212,18.8109,18.5313,18.5658,31409279
2014-10-01,18.5347,18.5486,18.2102,18.2724,34101320
2014-10-02,18.2379,18.2862,17.827,18.2413,38525529
2014-10-03,18.2551,18.6556,18.2551,18.5209,30945988
2014-10-06,18.552,18.6072,18.3828,18.4312,17537852
2014-10-07,18.3587,18.476,18.1688,18.3725,26471203
2014-10-08,18.4312,19.0595,18.3414,18.9076,48411497
2014-10-09,18.9076,18.911,18.3966,18.407,40478779
2014-10-10,18.445,18.5934,18.155,18.1653,58850172
2014-10-13,18.0652,18.3069,17.8029,17.827,47207708
2014-10-14,17.9686,18.0722,17.7304,17.7684,57413776
2014-10-15,17.5233,17.7028,17.0296,17.5543,88022165
2014-10-16,17.2954,17.3506,17.0986,17.1193,95565642
2014-10-17,17.254,17.7787,17.254,17.4956,62393679
2014-10-20,17.4956,17.7649,17.3403,17.7097,30293197
2014-10-21,17.8409,18.2206,17.8201,18.0169,60004879
2014-10-22,18.0169,18.1585,17.7269,17.7753,47763401
2014-10-23,18.0135,18.476,17.9202,18.3725,46692347
2014-10-24,18.5347,18.8731,18.445,18.7315,47812057
2014-10-27,18.7143,18.8282,18.5796,18.659,28346349
2014-10-28,18.6935,19.0042,18.6935,18.8938,31006166
2014-10-29,18.8454,18.9628,18.7626,18.9525,35517656
2014-10-30,18.7868,18.9525,18.6694,18.7626,28204438
2014-10-31,19.2252,19.2252,18.9041,19.1078,37756649
2014-11-03,19.0767,19.2666,19.0767,19.1941,25170103
2014-11-04,19.201,19.239,18.7108,18.8592,29069348
2014-11-05,18.9421,19.0698,18.8006,19.018,20097799
2014-11-06,19.0802,19.1423,18.8489,19.1182,21371156
2014-11-07,19.1423,19.1423,18.7798,19.0388,37392375
2014-11-10,19.0698,19.0733,17.8788,18.2793,141115018
2014-11-11,18.2551,18.3276,17.7994,18.2827,83194630
2014-11-12,18.2965,18.6383,18.2551,18.5037,61679429
2014-11-13,18.5382,18.8523,18.4381,18.7453,44286475
2014-11-14,18.8075,18.8075,18.5624,18.6763,21379692
2014-11-17,18.6452,18.7626,18.5347,18.6935,27860864
2014-11-18,18.7108,18.842,18.5624,18.7867,29487185
2014-11-19,18.7557,18.7833,18.6107,18.7729,35617527
2014-11-20,18.7695,18.804,18.659,18.7729,19719227
2014-11-21,18.9352,19.0526,18.5934,18.6694,40315315
2014-11-24,18.7522,19.0008,18.7315,18.9939,27556342
2014-11-25,19.2079,19.5704,19.1251,19.5462,37446152
2014-11-26,19.598,19.6463,19.4875,19.6291,19634507
2014-11-28,19.7741,19.7741,19.6015,19.6912,11812757
2014-12-01,19.6671,19.6671,19.4289,19.5393,24724737
2014-12-02,19.5013,19.7326,19.4358,19.6843,21200223
2014-12-03,19.6981,19.7637,19.5117,19.7257,22144731
2014-12-04,19.6256,19.7568,19.3667,19.4634,32087251
2014-12-05,19.4392,19.5842,19.3909,19.4496,17079896
2014-12-08,19.4288,19.5704,19.3391,19.4565,20425154
2014-12-09,19.3115,19.5221,19.2114,19.3978,21747167
2014-12-10,19.3391,19.4496,19.0975,19.1838,26017728
2014-12-11,19.239,19.4875,19.1527,19.2977,22370082
2014-12-12,18.987,19.3253,18.9801,19.1078,24248215
2014-12-15,19.2217,19.2459,18.9283,18.9663,27602863
2014-12-16,18.9214,19.277,18.8972,18.9214,33670039
2014-12-17,18.8972,19.1561,18.8972,19.1044,27325016
2014-12-18,19.1251,19.5186,18.9801,19.4323,37251104
2014-12-19,19.3874,19.7948,19.3874,19.7361,45463163
2014-12-22,19.7534,19.957,19.6981,19.7534,40922438
2014-12-23,19.8466,20.0917,19.7879,19.9881,24159868
2014-12-24,20.0123,20.0986,19.926,20.0468,10244907
2014-12-26,20.0399,20.2125,19.9639,20.1573,12144381
2014-12-29,20.0675,20.3851,20.0571,20.3264,15300780
2014-12-30,20.2159,20.4369,20.1987,20.323,17475326
2014-12-31,20.3023,20.4714,19.9639,20.0261,26339322
2015-01-02,20.0226,20.1435,19.6222,19.7982,22588390
2015-01-05,19.7029,19.7896,19.2905,19.3945,35212494
2015-01-06,19.3667,19.3875,19.0132,19.1415,36249404
2015-01-07,19.2246,19.287,18.982,19.1241,23606095
2015-01-08,19.3217,19.7722,19.2697,19.54,33645071
2015-01-09,19.6198,19.6752,19.4361,19.5089,23714929
2015-01-12,19.4915,19.6544,19.3286,19.4673,23989574
2015-01-13,19.6995,20.0876,19.5574,19.6995,37193273
2015-01-14,19.3529,19.5054,19.0618,19.346,52078349
2015-01-15,19.4118,19.5574,19.2143,19.4083,34634607
2015-01-16,19.3425,19.7445,19.2801,19.6752,33113278
2015-01-20,19.6683,19.6683,19.2212,19.3425,29399905
2015-01-21,19.2073,19.4187,19.1207,19.3286,29712322
2015-01-22,19.391,19.644,19.2905,19.6059,28692057
2015-01-23,19.6128,19.6336,19.443,19.5158,23157955
2015-01-26,19.5158,19.7029,19.4361,19.6475,18467423
2015-01-27,19.4915,19.696,19.4153,19.5331,20322722
2015-01-28,19.5782,19.6301,18.8989,18.9197,42443553
2015-01-29,19.0132,19.0826,18.5488,18.6701,44476401
2015-01-30,18.4622,18.6805,18.3755,18.4206,60158314
2015-02-02,18.4206,18.6944,18.178,18.6493,39384891
2015-02-03,18.6736,19.2558,18.6667,19.2039,38909435
2015-02-04,19.2177,20.0946,19.0028,19.7203,85483559
2015-02-05,19.6821,19.8935,19.6301,19.7445,27318614
2015-02-06,19.793,19.9039,19.6717,19.7272,22600127
2015-02-09,19.6925,19.8346,19.6059,19.7861,18353254
2015-02-10,19.8034,19.9178,19.6509,19.897,19218164
2015-02-11,19.8831,20.0772,19.7757,20.0252,23896959
2015-02-12,20.0564,20.2436,20.001,20.2332,24956703
2015-02-13,20.2748,20.6248,20.2471,20.611,30985680
2015-02-17,20.5104,20.5347,20.2332,20.3787,33625225
2015-02-18,20.3545,20.3545,20.1223,20.1777,25722596
2015-02-19,20.1639,20.1639,19.9906,20.0495,22022026
2015-02-20,20.0807,20.3025,19.9351,20.2748,28846985
2015-02-23,20.1916,20.3476,20.1015,20.1743,37441030
2015-02-24,20.2401,20.5763,20.1951,20.507,42955286
2015-02-25,20.4307,20.7565,20.4307,20.6629,36204804
2015-02-26,20.5728,20.6213,20.3961,20.5,25164128
2015-02-27,20.559,20.6144,20.4342,20.5798,20827840
2015-03-02,20.6248,20.8258,20.6214,20.7496,24913596
2015-03-03,20.7011,20.7981,20.6006,20.7808,25431945
2015-03-04,20.7253,20.9471,20.6214,20.9437,26144274
2015-03-05,20.9021,20.9437,20.7184,20.909,23645787
2015-03-06,20.8432,21.0095,20.7738,20.9229,37830058
2015-03-09,20.9194,21.0373,20.9125,20.9922,17458467
2015-03-10,20.8501,20.8744,20.3198,20.3441,33841399
2015-03-11,20.3129,20.3753,20.0772,20.1223,27310505
2015-03-12,20.2505,20.5971,20.2263,20.5624,25642571
2015-03-13,20.4758,20.5486,20.3476,20.4654,26126135
2015-03-16,20.5763,20.7531,20.5243,20.708,19838091
2015-03-17,20.2956,20.5936,20.1881,20.4931,31874278
2015-03-18,20.4481,20.5382,20.1535,20.4446,40603618
2015-03-19,20.4619,20.5139,20.254,20.3614,22640886
2015-03-20,20.4862,20.6283,20.403,20.604,46003918
2015-03-23,20.5035,20.6318,20.4897,20.4897,18045104
2015-03-24,20.3198,20.3649,19.8727,19.9525,42451235
2015-03-25,19.7792,19.9906,19.5643,19.592,39875924
2015-03-26,19.4257,19.5678,19.294,19.3771,38351821
2015-03-27,19.3494,19.5886,19.3356,19.3875,31721910
2015-03-30,19.4989,19.8366,19.4989,19.7078,28714464
2015-03-31,19.5686,19.8157,19.4189,19.6591,37433134
2015-04-01,19.7705,19.8714,19.5129,19.8645,33684123
2015-04-02,19.8749,20.2544,19.7043,20.1708,43883149
2015-04-06,20.0664,20.4145,20.0177,20.2648,22762311
2015-04-07,20.2509,20.4285,20.1291,20.3031,26439833
2015-04-08,20.3867,20.606,20.2718,20.6025,31063998
2015-04-09,20.606,20.7766,20.5607,20.7453,24966946
2015-04-10,20.8184,20.9472,20.7,20.8219,33938923
2015-04-13,20.7836,20.8184,20.4459,20.4633,25486789
2015-04-14,20.4354,20.6547,20.3902,20.5329,21243330
2015-04-15,20.6513,20.989,20.5747,20.8567,30325420
2015-04-16,20.7905,20.9054,20.7383,20.7731,23474640
2015-04-17,20.5747,20.6373,19.8958,20.3379,90670246
2015-04-20,20.4006,20.519,20.2265,20.3554,41462553
2015-04-21,20.4702,20.7383,20.3101,20.4842,40198585
2015-04-22,20.5259,20.5259,20.3484,20.4563,26836330
2015-04-23,20.3971,21.1839,20.3553,20.6199,132124903
2015-04-24,20.8462,20.888,20.4946,20.7627,94651223
2015-04-27,20.8393,20.9994,20.4354,20.4981,56218096
2015-04-28,20.5364,20.5642,20.3275,20.5399,35795503
2015-04-29,20.4598,20.5468,20.2683,20.3101,31320505
2015-04-30,20.3171,20.5225,19.9515,20.1082,49231593
2015-05-01,20.1221,20.3623,19.955,20.3345,33243879
2015-05-04,20.9054,20.9228,20.4111,20.4633,45647327
2015-05-05,20.4737,20.5538,20.1604,20.1848,34408616
2015-05-06,20.2231,20.2962,19.955,20.0734,35772669
2015-05-07,20.0177,20.2718,19.9654,20.1639,28622702
2015-05-08,20.3658,20.4528,20.244,20.3345,31827543
2015-05-11,20.4111,20.4668,20.1012,20.1117,25871976
2015-05-12,20.0142,20.0908,19.9202,19.9585,27249046
2015-05-13,20.0003,20.049,19.5651,19.5929,54739874
2015-05-14,19.7426,19.8575,19.5929,19.6835,29845057
2015-05-15,19.7635,19.8018,19.6034,19.7183,36917346
2015-05-18,19.7357,19.9063,19.7218,19.8332,29787226
2015-05-19,19.8471,19.9898,19.8018,19.9237,25906547
2015-05-20,20.0838,20.2439,19.948,20.042,32660870
2015-05-21,20.0385,20.2614,19.9968,20.0316,40331746
2015-05-22,20.0316,20.2335,19.9863,20.1465,25699335
2015-05-26,20.1639,20.6165,20.136,20.3971,55996160
2015-05-27,20.4006,20.7418,20.3449,20.6582,31016836
2015-05-28,20.5816,20.6408,20.4319,20.5503,24643432
2015-05-29,20.5712,20.6339,20.2996,20.3519,28072770
2015-06-01,20.4389,20.5399,20.3379,20.4633,27373245
2015-06-02,20.3171,20.6025,20.3066,20.4772,24236265
2015-06-03,20.5677,20.7,20.5224,20.6513,29437676
2015-06-04,20.5433,20.7766,20.4598,20.5225,28534994
2015-06-05,20.4667,20.512,20.2056,20.4319,23794954
2015-06-08,20.4285,20.4737,20.0942,20.1465,37574405
2015-06-09,20.0838,20.2091,19.8714,20.1395,24193371
2015-06-10,20.1917,20.3658,20.143,20.2718,22008369
2015-06-11,20.2892,20.4702,20.2265,20.4563,24199133
2015-06-12,20.3275,20.3971,20.2022,20.2822,21309057
2015-06-15,20.1465,20.3728,20.0211,20.3101,19843639
2015-06-16,20.3066,20.5503,20.1778,20.4981,21215801
2015-06-17,20.4946,20.7696,20.4946,20.7557,27808367
2015-06-18,20.8567,21.1839,20.8358,21.0551,30889863
2015-06-19,20.989,21.1978,20.9263,21.0655,49160531
2015-06-22,21.1247,21.3197,21.0621,21.2257,35782485
2015-06-23,21.2152,21.264,21.0446,21.1526,18850689
2015-06-24,21.163,21.2326,20.975,21.0133,16889543
2015-06-25,21.1178,21.3963,21.0481,21.1944,25846368
2015-06-26,21.3197,21.4589,21.17,21.3301,65737230
2015-06-29,21.1938,21.3371,20.9316,20.9666,24522861
2015-06-30,21.1728,21.1728,20.8512,21.0225,26961810
2015-07-01,21.1064,21.7811,21.1064,21.7601,46242073
2015-07-02,21.7671,22.2145,21.7111,21.7915,41792469
2015-07-06,21.6028,21.8824,21.5783,21.7111,28547158
2015-07-07,21.8055,21.9209,21.4315,21.851,29293845
2015-07-08,21.7391,21.9488,21.5434,21.5643,32835645
2015-07-09,21.8545,21.9174,21.6412,21.6762,23844249
2015-07-10,21.8789,22.1656,21.7915,22.0887,26182259
2015-07-13,22.2774,22.4627,22.253,22.2739,22822490
2015-07-14,22.3194,22.3404,21.9838,22.1061,22119337
2015-07-15,22.0502,22.2984,22.0362,22.2844,19757639
2015-07-16,22.4243,22.599,22.3753,22.4837,22807765
2015-07-17,22.3998,22.4767,22.232,22.4662,22812887
2015-07-20,22.4662,22.5186,22.3683,22.4837,14837062
2015-07-21,22.4138,22.5116,22.3159,22.4662,20228399
2015-07-22,22.634,22.7179,22.4207,22.5466,23952656
2015-07-23,22.6864,22.6864,21.7566,21.837,44779856
2015-07-24,21.8125,21.9838,21.6622,21.7321,21968890
2015-07-27,21.7636,21.788,21.2707,21.3616,25681623
2015-07-28,21.5014,21.83,21.3686,21.816,25325672
2015-07-29,21.7426,21.9104,21.6727,21.8405,18793284
2015-07-30,21.8125,21.8999,21.6832,21.7985,21021180
2015-07-31,21.9488,22.0188,21.7216,21.816,20734584
2015-08-03,21.9384,22.1341,21.8929,22.0957,20421526
2015-08-04,21.9768,22.1516,21.8684,21.9314,16525696
2015-08-05,21.9489,22.0083,20.8407,20.9072,61011273
2015-08-06,20.9701,21.047,19.9843,20.5401,81499594
2015-08-07,20.5646,20.8338,20.3863,20.5611,33957062
2015-08-10,20.8512,20.8932,20.6834,20.7813,23786204
2015-08-11,20.6485,20.7464,20.4248,20.5506,35275447
2015-08-12,20.4807,20.8372,20.3339,20.7673,30459436
2015-08-13,20.7848,21.0365,20.6555,20.8477,29649156
2015-08-14,20.7778,20.8477,20.4353,20.5821,29676258
2015-08-17,20.5401,21.1449,20.5191,21.1169,28655565
2015-08-18,21.1484,21.2148,20.8477,20.8652,22844257
2015-08-19,20.9246,21.2288,20.9211,20.9456,34165340
2015-08-20,20.6485,20.7499,20.2954,20.4038,40110451
2015-08-21,20.215,20.3024,19.7851,19.848,50280028
2015-08-24,18.649,19.6802,17.478,19.0195,55911440
2015-08-25,19.5229,19.5718,18.8203,18.8238,35426107
2015-08-26,19.2852,19.4145,18.8343,19.3656,35163625
2015-08-27,19.5404,19.876,19.3831,19.8445,34071444
2015-08-28,19.7816,19.869,19.6383,19.848,25899291
2015-08-31,19.8305,19.8375,19.5614,19.6907,22653904
2015-09-01,19.2328,19.6278,19.1559,19.2328,34312586
2015-09-02,19.5648,19.6348,19.3132,19.5334,36222943
2015-09-03,19.6383,19.883,19.5823,19.6487,26007912
2015-09-04,19.3761,19.5963,19.2957,19.4984,25306893
2015-09-08,19.8305,19.9808,19.7396,19.9633,23478695
2015-09-09,20.2465,20.3374,19.7676,19.8095,29708481
2015-09-10,19.7501,19.9039,19.5753,19.7641,25537151
2015-09-11,19.6627,19.7956,19.5544,19.7187,24176726
2015-09-14,19.8165,19.8165,19.5019,19.6627,22672896
2015-09-15,19.6452,20.0228,19.5334,19.9738,18392946
2015-09-16,20.0053,20.3024,19.9144,20.1836,26018582
2015-09-17,20.3234,20.7184,20.1871,20.4352,36957466
2015-09-18,20.2745,20.4527,19.9703,20.0717,164886924
2015-09-21,20.1381,20.3618,20.0437,20.236,27989971
2015-09-22,20.0158,20.222,19.841,20.1731,21709822
2015-09-23,20.3269,20.3549,19.9564,20.0542,14568605
2015-09-24,19.9214,20.0193,19.5753,19.862,23003453
2015-09-25,20.1137,20.1137,19.6278,19.7641,28051857
2015-09-28,19.7606,19.7641,19.1034,19.1594,36818115
2015-09-29,19.2817,19.481,19.1489,19.2747,31779315
2015-09-30,19.4565,19.9144,19.4145,19.8829,25827162
2015-10-01,20.1067,20.1801,19.7606,20.0682,25387985
2015-10-02,19.869,20.5401,19.7676,20.5261,25465876
2015-10-05,20.7613,20.9614,20.6701,20.9298,20631725
2015-10-06,20.8526,21.0211,20.4454,20.7017,20361774
2015-10-07,20.828,21.0632,20.7227,20.9579,17579038
2015-10-08,20.8526,21.4389,20.7333,21.4073,27575975
2015-10-09,21.4003,21.495,21.1089,21.2353,20314400
2015-10-12,21.2809,21.4389,21.1335,21.158,18705150
2015-10-13,21.1124,21.3546,21.0036,21.1194,16819121
2015-10-14,21.1335,21.2247,21.0001,21.0422,20674192
2015-10-15,21.2528,21.4389,21.0808,21.4178,14898521
2015-10-16,21.4915,21.5442,21.3441,21.5266,13599982
2015-10-19,21.4705,21.6284,21.3897,21.6109,13853928
2015-10-20,21.481,21.6951,21.481,21.6074,14449741
2015-10-21,21.6881,21.7654,21.4354,21.4529,17504562
2015-10-22,21.474,21.7654,21.474,21.66,21969957
2015-10-23,21.8356,21.8356,21.6249,21.7583,21560015
2015-10-26,21.7759,21.9268,21.6881,21.8286,22753348
2015-10-27,21.8917,21.9409,20.9544,21.6039,33799359
2015-10-28,21.7127,21.969,21.4248,21.7443,24840614
2015-10-29,21.797,22.2182,21.6987,22.1375,19477872
2015-10-30,22.155,22.2498,21.9725,21.983,23182709
2015-11-02,21.9865,22.2077,21.9409,22.0251,16226936
2015-11-03,21.9163,22.0251,21.7618,21.9619,18025258
2015-11-04,21.9409,22.1269,21.467,21.5758,29836948
2015-11-05,21.5828,21.7338,21.4178,21.6987,20166727
2015-11-06,21.632,21.6916,21.3546,21.6284,27260996
2015-11-09,21.495,21.5898,21.2318,21.5372,18206008
2015-11-10,21.5056,21.7618,21.4705,21.6144,18849195
2015-11-11,21.7022,21.7022,21.5021,21.6074,12912834
2015-11-12,21.5372,21.804,21.4494,21.5863,19020769
2015-11-13,21.5196,21.6706,21.1264,21.144,16623433
2015-11-16,21.2212,21.5617,21.1159,21.5372,16469358
2015-11-17,21.4038,21.5828,21.2774,21.4599,17448438
2015-11-18,21.4705,21.9865,21.4283,21.9619,18757433
2015-11-19,21.9444,22.1129,21.8461,21.983,16745711
2015-11-20,22.1585,22.1901,21.9444,22.0813,19638348
2015-11-23,21.983,22.1094,21.7092,21.811,13021881
2015-11-24,21.6671,21.7443,21.4529,21.646,18141988
2015-11-25,21.6039,21.6916,21.4424,21.5547,12990085
2015-11-27,21.5231,21.7022,21.4283,21.6214,6052237
2015-11-30,21.6039,21.646,21.2985,21.3652,22182503
2015-12-01,21.5758,21.6881,21.4986,21.6776,16758515
2015-12-02,21.6004,21.6741,21.1826,21.2318,19793917
2015-12-03,21.2002,21.3476,20.8245,20.9298,24815432
2015-12-04,20.9228,21.4424,20.8842,21.3265,26097753
2015-12-07,21.2634,21.3968,21.0176,21.1931,15306542
2015-12-08,21.1335,21.158,20.635,20.9018,33251561
2015-12-09,20.7894,20.9053,20.3857,20.5683,27165607
2015-12-10,20.4314,21.158,20.4314,20.9474,28509813
2015-12-11,20.6595,20.9158,20.3401,20.3506,41194523
2015-12-14,20.319,20.3611,19.7257,20.14,57721286
2015-12-15,20.3822,20.7613,20.1962,20.2734,37941240
2015-12-16,20.4454,20.6666,20.298,20.6069,35725507
2015-12-17,20.5332,20.649,20.147,20.154,21501757
2015-12-18,20.0101,20.0873,19.7749,19.7995,43161004
2015-12-21,19.9469,19.9539,19.4449,19.8205,29873226
2015-12-22,20.0592,20.1926,19.9223,19.9715,22474648
2015-12-23,20.0452,20.1014,19.9609,20.0698,15420071
2015-12-24,20.161,20.1962,20.0592,20.1154,7454916
2015-12-28,20.0522,20.1681,19.9153,20.0768,10890015
2015-12-29,20.1856,20.3366,20.1119,20.2067,15438850
2015-12-30,20.1856,20.2067,19.8978,19.9083,13799084
2015-12-31,19.8486,20.0803,19.7292,19.81,16563254
2016-01-04,19.4468,19.6231,19.341,19.6196,28301748
2016-01-05,19.6901,19.7641,19.5632,19.6231,30205490
2016-01-06,19.3657,19.6231,19.3057,19.4715,23101404
2016-01-07,19.073,19.5208,18.9602,19.2564,34595768
2016-01-08,19.3445,19.7606,19.2423,19.2775,30072968
2016-01-11,19.3516,19.4221,19.0131,19.2952,24258672
2016-01-12,19.2599,19.5455,19.1717,19.3481,21239275
2016-01-13,19.5526,19.5667,18.8438,18.8826,34280576
2016-01-14,18.8826,19.6231,18.8121,19.4115,27782546
2016-01-15,18.798,19.1294,18.7945,19.0025,35602376
2016-01-19,19.3304,19.341,18.9284,19.1294,26310513
2016-01-20,19.0342,19.0448,18.4559,18.9038,48113377
2016-01-21,18.9038,19.341,18.7521,19.1541,32746230
2016-01-22,19.5773,19.5773,19.2846,19.5103,21056391
2016-01-25,19.4221,19.5032,19.0801,19.1153,22793467
2016-01-26,19.0624,19.3974,19.0237,19.3375,33590867
2016-01-27,19.3692,19.5491,19.0237,19.0836,26140006
2016-01-28,19.2105,19.2458,18.9073,19.0801,27238803
2016-01-29,19.3022,19.6936,19.2246,19.6443,40840279
2016-02-01,19.4186,19.7924,19.3869,19.6795,20785800
2016-02-02,19.3586,19.609,19.1753,19.2493,34220824
2016-02-03,19.9934,20.4376,19.468,20.3953,59751360
2016-02-04,20.5152,20.963,20.3072,20.5258,60064204
2016-02-05,20.5258,20.9701,20.4412,20.9489,54055927
2016-02-08,20.8608,21.0512,20.4235,20.9454,59753921
2016-02-09,20.5928,20.8044,20.1591,20.5258,38950408
2016-02-10,20.4905,20.4941,19.6619,19.6795,46461235
2016-02-11,19.3445,19.8594,19.2881,19.7606,37332836
2016-02-12,20.0427,20.1168,19.6019,20.0216,25598184
2016-02-16,20.3848,20.4024,20.0956,20.2684,27427875
2016-02-17,20.3565,20.5611,20.212,20.346,28076184
2016-02-18,20.2543,20.3636,19.9546,20.212,25323111
2016-02-19,20.0991,20.3848,20.0815,20.3671,18773865
2016-02-22,20.5328,20.7585,20.4165,20.5046,19809922
2016-02-23,20.3742,20.5152,20.2402,20.2895,15593351
2016-02-24,20.1203,20.6739,19.9581,20.5928,19738433
2016-02-25,20.5082,20.6386,20.3565,20.6386,13817650
2016-02-26,20.7268,20.7973,20.3319,20.42,19824433
2016-02-29,20.5011,20.7092,20.3424,20.3565,24274890
2016-03-01,20.5329,21.0054,20.4694,20.8819,24039083
2016-03-02,20.7903,20.9525,20.7444,20.9348,19341082
2016-03-03,20.963,21.2522,20.963,21.1288,20736505
2016-03-04,21.1535,21.1711,20.9207,21.0653,16477468
2016-03-07,20.8819,21.0724,20.6704,20.7903,23036743
2016-03-08,20.762,20.8044,20.4694,20.554,22411481
2016-03-09,20.6986,20.8396,20.5575,20.7268,16796714
2016-03-10,20.6633,20.8537,20.4729,20.5822,19207921
2016-03-11,20.8361,20.8819,20.6316,20.8608,15047901
2016-03-14,20.8149,20.9595,20.7621,20.8855,13811035
2016-03-15,20.6986,20.9525,20.6986,20.9454,17049806
2016-03-16,20.6739,21.2592,20.6739,21.1252,19647525
2016-03-17,21.1323,21.559,21.0547,21.4214,22493640
2016-03-18,21.4567,21.4743,20.9877,21.0724,39860986
2016-03-21,21.0547,21.1781,21.023,21.1006,13113857
2016-03-22,20.9102,21.2628,20.9102,21.1111,16574138
2016-03-23,20.8432,21.0512,20.8044,20.8925,18021630
2016-03-24,20.7197,21.2205,20.6951,21.1605,21087975
2016-03-28,21.0054,21.2804,20.963,21.1887,15881441
2016-03-29,21.09,21.4708,21.0441,21.4214,16914724
2016-03-30,21.4814,21.5978,21.3403,21.4391,17078402
2016-03-31,21.4144,21.6401,21.3862,21.5378,18857731
2016-04-01,21.365,21.8587,21.2945,21.8164,22735849
2016-04-04,21.7863,21.8925,21.6481,21.7579,15686180
2016-04-05,21.549,21.7579,21.5348,21.6517,15344954
2016-04-06,21.6233,22.0519,21.6021,22.0307,23262094
2016-04-07,21.974,22.0696,21.6127,21.7473,20825706
2016-04-08,21.8288,21.9492,21.7048,21.8181,12205626
2016-04-11,21.9315,21.9952,21.7615,21.7615,15304621
2016-04-12,21.7438,21.9811,21.6977,21.8606,16128772
2016-04-13,22.0236,22.098,21.8642,21.9421,16716049
2016-04-14,22.0165,22.0661,21.8429,21.9032,14557081
2016-04-15,22.0059,22.1121,21.7473,21.9492,17708572
2016-04-18,21.85,22.1936,21.7969,22.1298,18400842
2016-04-19,22.1157,22.2821,21.974,22.059,20028017
2016-04-20,22.1723,22.1723,21.7154,21.7686,28653431
2016-04-21,21.6942,21.7331,21.386,21.5844,30372582
2016-04-22,21.5631,21.7827,21.4604,21.6411,23449459
2016-04-25,21.6127,21.641,21.4215,21.6056,26029892
2016-04-26,21.6127,21.804,21.5631,21.6233,18759994
2016-04-27,22.0307,22.2396,21.4214,21.7119,36430368
2016-04-28,21.5065,21.9598,21.4285,21.6588,30009802
2016-04-29,21.4392,21.6233,21.2585,21.5206,31302152
2016-05-02,21.6375,21.7934,21.4533,21.6871,22773835
2016-05-03,21.5738,21.8854,21.4817,21.5879,24091366
2016-05-04,21.4604,21.8146,21.4285,21.5667,23807758
2016-05-05,21.6198,21.7686,21.4427,21.6233,17794999
2016-05-06,21.5667,21.7615,21.4675,21.7544,16601880
2016-05-09,21.8075,21.9173,21.6729,21.7544,13718846
2016-05-10,21.7579,22.2184,21.7438,22.1865,23043145
2016-05-11,22.1298,22.2325,21.9173,21.9846,17403837
2016-05-12,22.0838,22.1936,21.8961,22.0519,17792225
2016-05-13,21.9669,22.144,21.8359,21.9032,17657783
2016-05-16,21.7721,22.144,21.7367,21.9598,18701096
2016-05-17,21.8607,21.8748,21.3719,21.4037,34031965
2016-05-18,21.4392,21.5454,21.2019,21.386,28315406
2016-05-19,21.2514,21.4604,21.1168,21.34,19133871
2016-05-20,21.2939,21.9173,21.2939,21.8748,23745445
2016-05-23,21.7615,22.1298,21.7579,21.8925,25159647
2016-05-24,21.9882,22.1369,21.85,22.1157,21268511
2016-05-25,22.1723,22.3742,21.85,22.1723,19097166
2016-05-26,22.1546,22.268,21.9917,22.0625,15563689
2016-05-27,22.1759,22.3707,22.1263,22.2715,17242720
2016-05-31,22.2503,22.4521,22.1369,22.4203,25440268
2016-06-01,22.4699,22.608,22.3317,22.5726,16429453
2016-06-02,22.5513,22.6044,22.4521,22.5478,13719059
2016-06-03,22.5513,22.5903,22.314,22.5124,12711384
2016-06-06,22.5655,22.6328,22.3919,22.4557,12711384
2016-06-07,22.438,22.5549,22.3813,22.4026,13677019
2016-06-08,22.4132,22.4982,22.3353,22.3919,14282008
2016-06-09,22.268,22.3601,22.1511,22.2892,11985611
2016-06-10,22.0271,22.3034,22.0023,22.2432,16786471
2016-06-13,22.2184,22.3565,22.0377,22.098,16330648
2016-06-14,21.9634,22.2113,21.9386,22.1865,15938633
2016-06-15,22.1228,22.353,22.0484,22.0838,17442036
2016-06-16,22.0271,22.399,21.9067,22.3494,16091214
2016-06-17,22.3742,22.3742,22.0094,22.0909,25528829
2016-06-20,22.2892,22.4663,22.1086,22.1228,16640719
2016-06-21,22.1263,22.2432,21.9775,22.1511,18960377
2016-06-22,22.1511,22.3707,22.0342,22.1865,12362902
2016-06-23,22.4344,22.4805,22.183,22.2963,15249351
2016-06-24,21.549,22.1723,21.4852,21.8359,38139702
2016-06-27,21.6127,22.2148,21.595,22.1228,33682202
2016-06-28,22.3353,22.3671,22.0377,22.3388,22920014
2016-06-29,22.5478,22.7249,22.3778,22.647,22008796
2016-06-30,22.7568,23.1712,22.6682,23.0897,31306847
2016-07-01,23.0879,23.2729,22.8603,23.2195,18770024
2016-07-05,23.0203,23.2231,22.9634,23.1235,19573688
2016-07-06,23.1306,23.1911,23.0061,23.1555,22914679
2016-07-07,23.0488,23.625,23.031,23.5681,32842473
2016-07-08,23.689,23.8953,23.5823,23.8704,29789146
2016-07-11,24.0127,24.0767,23.7993,23.9771,16118529
2016-07-12,24.0767,24.1692,23.8349,23.8847,20740986
2016-07-13,23.8953,23.9629,23.7282,23.7708,18183174
2016-07-14,23.9238,23.9629,23.7922,23.8384,15942901
2016-07-15,24.0305,24.0554,23.7175,23.7886,15552165
2016-07-18,23.7495,23.8953,23.721,23.7815,10816179
2016-07-19,23.7139,23.9096,23.6499,23.8633,16774520
2016-07-20,23.8384,23.906,23.5539,23.874,12681295
2016-07-21,23.8206,23.9594,23.6926,23.8384,15998171
2016-07-22,24.0092,24.1016,23.8491,23.9949,16407472
2016-07-25,24.0305,24.0803,23.9309,23.9985,12863965
2016-07-26,23.9345,23.9985,23.7104,23.8953,18118727
2016-07-27,24.2581,24.3008,23.6606,24.1585,25293448
2016-07-28,24.0874,24.3151,24.0696,24.1372,18873309
2016-07-29,24.1408,24.1656,23.8562,23.9202,21185072
2016-08-01,23.9736,24.0981,23.9522,24.0234,14081412
2016-08-02,24.059,24.059,23.7922,23.7957,15035524
2016-08-03,23.8349,23.9345,23.625,23.7744,15937992
2016-08-04,23.7175,23.9273,23.7175,23.8953,14361180
2016-08-05,24.0198,24.123,23.8811,23.97,14755116
2016-08-08,23.8669,23.9024,23.7424,23.8562,15588443
2016-08-09,23.906,23.9807,23.7744,23.7957,17907461
2016-08-10,23.7957,23.9558,23.6997,23.9096,16092707
2016-08-11,23.9202,24.1159,23.8918,24.0732,12629652
2016-08-12,23.9487,24.1159,23.9451,24.0127,8775862
2016-08-15,24.0127,24.1728,23.9985,24.0163,10214178
2016-08-16,23.9167,24.0661,23.8847,23.9416,10065438
2016-08-17,23.9451,24.1443,23.842,24.1052,11723129
2016-08-18,24.1408,24.1408,23.8598,23.9771,12086336
2016-08-19,23.8882,23.9202,23.5396,23.5788,27379860
2016-08-22,23.6037,23.6428,23.4116,23.6321,12168068
2016-08-23,23.7246,23.7317,23.2409,23.3547,21510720
2016-08-24,23.2906,23.4294,23.2551,23.3653,18870749
2016-08-25,23.3902,23.4365,23.2729,23.3191,13815516
2016-08-26,23.3831,23.5432,23.1768,23.3013,14366728
2016-08-29,23.3582,23.4721,23.3191,23.3547,12411131
2016-08-30,23.3582,23.3582,23.1591,23.3156,13637540
2016-08-31,23.2409,23.3654,23.1093,23.2124,14483245
2016-09-01,23.3333,23.5041,23.216,23.4365,18912788
2016-09-02,23.6108,23.6748,23.4578,23.5325,12820859
2016-09-06,23.4898,23.6179,23.344,23.5965,15537654
2016-09-07,23.5183,23.6357,23.4792,23.6001,15208378
2016-09-08,23.5539,23.6321,23.4258,23.5325,17306953
2016-09-09,23.2017,23.4329,23.0595,23.159,30222775
2016-09-12,23.1021,23.44,23.0666,23.3903,18361149
2016-09-13,23.2195,23.312,23.0274,23.0381,26845080
2016-09-14,23.1128,23.2729,23.031,23.1804,16099750
2016-09-15,23.0879,23.6286,23.0559,23.561,21508586
2016-09-16,23.4685,23.5254,23.2195,23.4472,28982708
2016-09-19,23.4685,23.593,23.3262,23.4223,14499036
2016-09-20,23.5859,23.7459,23.4827,23.5574,16166971
2016-09-21,23.5396,23.9487,23.5005,23.8882,18054067
2016-09-22,24.0091,24.0198,23.7815,23.938,18598877
2016-09-23,23.721,24.0092,23.721,23.8847,19635361
2016-09-26,23.9202,23.9202,23.3689,23.408,16693215
2016-09-27,23.3902,23.6179,23.3333,23.5361,18412152
2016-09-28,23.5361,23.7282,23.4756,23.7175,16658217
2016-09-29,23.7175,23.7175,23.3974,23.5645,19914488
2016-09-30,23.6677,23.6784,23.5468,23.5965,22551685
2016-10-03,23.5305,23.6983,23.4662,23.6412,14372490
2016-10-04,23.5983,23.7091,23.4448,23.5126,15567530
2016-10-05,23.6233,23.6591,23.4197,23.5019,17607847
2016-10-06,23.4305,23.4983,23.2447,23.3626,15466592
2016-10-07,23.4698,23.4769,23.2019,23.3447,15943114
2016-10-10,23.384,23.5698,23.3697,23.4948,15844950
2016-10-11,23.4733,23.4733,23.1697,23.2019,15752761
2016-10-12,23.2483,23.4197,23.184,23.3019,13685342
2016-10-13,23.1733,23.3233,22.934,23.259,15247003
2016-10-14,23.2876,23.4805,23.2126,23.2876,16354549
2016-10-17,23.2662,23.4233,23.209,23.2233,11506741
2016-10-18,23.384,23.3948,23.1483,23.1733,16385279
2016-10-19,23.259,23.4019,23.1162,23.184,18209422
2016-10-20,23.1376,23.1804,22.9233,22.984,22835080
2016-10-21,22.8483,22.9697,22.7054,22.8804,24420856
2016-10-24,23.4269,23.4269,23.0769,23.2019,20584351
2016-10-25,23.2162,23.4412,22.9983,23.0447,32440001
2016-10-26,23.1912,23.1912,22.2804,22.3447,45707719
2016-10-27,22.3768,22.4125,21.6446,21.9589,47980643
2016-10-28,21.9589,22.4018,21.9589,22.1018,30861054
2016-10-31,22.2125,22.3161,22.0375,22.0804,20689984
2016-11-01,22.3304,22.3304,21.8375,21.9482,22436876
2016-11-02,21.9161,22.0125,21.8232,21.9553,25010480
2016-11-03,21.9875,22.1268,21.7303,21.7696,20351958
2016-11-04,21.5946,21.8732,21.4446,21.666,23045706
2016-11-07,21.9768,22.0554,21.8053,21.9696,20638981
2016-11-08,22.0125,22.4732,21.9446,22.3304,23827817
2016-11-09,22.1446,22.8947,22.1446,22.6625,43025921
2016-11-10,22.6911,23.5448,22.6804,23.2519,58476722
2016-11-11,23.1233,23.7769,23.0733,23.7376,33895176
2016-11-14,23.6376,24.3341,23.6376,24.0234,40195597
2016-11-15,23.9591,24.177,23.7733,23.9234,33513830
2016-11-16,23.8519,24.1162,23.7841,24.0984,24401010
2016-11-17,24.0734,24.5448,23.8591,24.4627,24938778
2016-11-18,24.3698,24.502,24.2627,24.4091,22327188
2016-11-21,24.4055,24.5413,24.277,24.3591,18411298
2016-11-22,24.3805,24.702,24.3591,24.652,28203798
2016-11-23,24.6841,24.9734,24.6163,24.6306,20126821
2016-11-25,24.6198,24.7306,24.5698,24.702,7430161
2016-11-28,24.5698,24.6448,24.2948,24.3984,20883751
2016-11-29,24.4663,25.0806,24.3877,25.052,32534110
2016-11-30,25.0306,25.102,24.7341,24.827,24550603
2016-12-01,24.7913,25.0199,24.727,24.952,20643036
2016-12-02,24.9842,25.1199,24.5163,24.5663,28513228
2016-12-05,24.652,24.7591,24.4234,24.5306,21010510
2016-12-06,24.5091,24.6377,24.3663,24.5377,22772554
2016-12-07,24.5591,24.7984,24.3127,24.7627,22512420
2016-12-08,24.7056,24.8163,24.6234,24.727,18728624
2016-12-09,24.8127,24.8163,24.6198,24.8056,18311641
2016-12-12,24.6556,24.7449,24.4698,24.6448,15969789
2016-12-13,24.6699,25.0842,24.6198,24.9949,19876503
2016-12-14,24.9806,25.2485,24.8734,25.0092,21916820
2016-12-15,25.0663,25.2306,24.8627,24.9592,21551479
2016-12-16,25.077,25.1485,24.8413,24.952,31904580
2016-12-19,25.0592,25.1592,24.9199,25.0556,14980893
2016-12-20,25.1163,25.4306,24.9949,25.3628,22155615
2016-12-21,24.8127,25.3985,24.8127,25.2985,11971740
2016-12-22,25.2128,25.3663,25.0806,25.3663,20260836
2016-12-23,25.3628,25.3878,25.1663,25.2342,9084011
2016-12-27,25.2878,25.4735,25.1806,25.3128,6550526
2016-12-28,25.3092,25.3592,25.127,25.1628,9868043
2016-12-29,25.1449,25.2378,24.9913,25.0342,12790129
2016-12-30,25.0826,25.1184,24.7168,24.7599,26010046
2017-01-03,24.9822,25.0611,24.4658,24.7599,25256317
2017-01-04,24.9248,25.1937,24.8065,25.0539,23485524
2017-01-05,24.9535,25.1937,24.8854,25.1543,18124062
2017-01-06,25.1758,25.2941,25.036,25.1973,14434376
2017-01-09,25.1507,25.4447,25.1184,25.3981,19350472
2017-01-10,25.3228,25.7316,25.2619,25.4304,26191862
2017-01-11,25.3623,25.7244,25.3515,25.7137,24887775
2017-01-12,25.6742,25.6993,25.3981,25.6097,15577773
2017-01-13,25.8177,26.1547,25.7316,26.0938,24854271
2017-01-17,25.893,26.083,25.7531,26.0185,22560008
2017-01-18,26.0579,26.0938,25.8858,25.9216,19220725
2017-01-19,25.8822,26.1583,25.8643,26.0364,15440557
2017-01-20,26.2013,26.395,26.083,26.3806,26690578
2017-01-23,26.3735,26.4416,26.1368,26.2695,18071992
2017-01-24,26.248,26.4595,26.1762,26.3914,18729051
2017-01-25,26.395,26.4918,26.2157,26.334,28382200
2017-01-26,26.2193,27.5639,26.1762,27.0727,55656214
2017-01-27,27.0691,27.2484,26.7536,27.234,24889696
2017-01-30,27.1982,27.2197,26.7141,27.0153,28106701
2017-01-31,26.9113,27.0691,26.7034,27.044,28729615
2017-02-01,26.9974,27.3201,26.983,27.1121,19210268
2017-02-02,27.0512,27.1229,26.897,26.9257,16418783
2017-02-03,27.001,27.0548,26.8719,26.9866,14779017
2017-02-06,26.9615,26.9615,26.6962,26.7285,17309941
2017-02-07,26.7715,26.9651,26.7213,26.8432,16871831
2017-02-08,26.8432,26.8647,26.7428,26.7822,15164417
2017-02-09,26.8934,26.9795,26.7356,26.9042,15289470
2017-02-10,26.8898,26.9938,26.8217,26.9472,13534041
2017-02-13,26.9651,27.1516,26.9293,27.148,21790061
2017-02-14,27.1085,27.3344,27.0548,27.2842,16514386
2017-02-15,27.1623,27.4886,27.1408,27.4671,14777096
2017-02-16,27.4133,27.4133,27.1372,27.2484,17711560
2017-02-17,27.2305,27.2663,26.9006,27.0081,20912987
2017-02-21,27.2735,27.2735,26.8288,27.1731,14464572
2017-02-22,27.1587,27.4097,27.1229,27.2089,14005549
2017-02-23,27.338,27.3667,26.9364,27.001,14146713
2017-02-24,27.0512,27.1803,26.8719,27.1731,12332173
2017-02-27,27.0799,27.1085,26.8934,26.9149,10204361
2017-02-28,26.9795,26.9795,26.6639,26.836,18002744
2017-03-01,27.0512,27.1301,26.9077,26.9579,17591096
2017-03-02,26.9077,26.9292,26.6711,26.8575,11860879
2017-03-03,26.8647,26.8934,26.6639,26.6926,11808596
2017-03-06,26.585,26.8934,26.4631,26.8504,14064234
2017-03-07,26.836,26.9938,26.7285,26.836,15804831
2017-03-08,26.6567,26.7787,26.5994,26.6137,13800898
2017-03-09,26.6639,26.8575,26.6209,26.8073,11964591
2017-03-10,26.9651,26.9723,26.628,26.7643,13268145
2017-03-13,26.7643,26.8862,26.6352,26.75,11728251
2017-03-14,26.6854,26.9723,26.6496,26.8288,10234771
2017-03-15,26.9077,27.1301,26.8289,27.0727,11889154
2017-03-16,27.0368,27.2448,26.9508,27.0225,13901196
2017-03-17,27.1587,27.2233,26.8002,26.8647,34894208
2017-03-20,26.9149,27.0727,26.8289,26.8791,11780747
2017-03-21,26.8862,26.9723,26.5348,26.585,20066749
2017-03-22,26.6567,26.7213,26.3986,26.5635,11831856
2017-03-23,26.542,26.879,26.4272,26.6926,12474190
2017-03-24,26.7069,26.9436,26.5922,26.8073,19008392
2017-03-27,26.6711,26.7571,26.4631,26.6137,14376438
2017-03-28,26.499,26.7356,26.3125,26.5994,15353703
2017-03-29,26.4631,26.7571,26.4272,26.6926,11105123
2017-03-30,26.628,26.9293,26.628,26.9006,10917864
2017-03-31,26.836,27.0297,26.7213,26.9579,16598786
2017-04-03,26.9853,27.2878,26.9205,27.0501,17603046
2017-04-04,27.0501,27.3166,27.0501,27.2158,14059859
2017-04-05,27.2446,27.3598,26.8197,26.8917,19343216
2017-04-06,26.8485,27.6191,26.8413,27.4606,24878706
2017-04-07,27.5542,27.5614,27.3094,27.3886,15307182
2017-04-10,27.331,27.4174,27.0501,27.1293,13486880
2017-04-11,27.1293,27.1293,26.7692,26.8125,21385241
2017-04-12,26.9709,27.0141,26.7404,26.8557,18657562
2017-04-13,26.9133,26.9277,26.6396,26.7476,19242171
2017-04-17,26.8629,26.9349,26.7044,26.7909,15445038
2017-04-18,26.7765,27.2158,26.6828,27.0717,24612062
2017-04-19,27.2374,27.3598,26.9997,27.0285,16516947
2017-04-20,27.2014,27.4534,27.1149,27.367,18405857
2017-04-21,27.3454,27.5471,27.3166,27.4822,18253062
2017-04-24,27.7919,27.8207,27.3598,27.3742,21371903
2017-04-25,27.3742,27.7631,27.3742,27.7199,13362895
2017-04-26,27.8567,28.2168,27.7271,27.9359,33572195
2017-04-27,28.4833,29.2539,28.224,28.5121,37534072
2017-04-28,28.4473,28.4761,28.08,28.224,20755284
2017-05-01,28.3897,28.4113,28.08,28.224,17047246
2017-05-02,28.3176,28.3393,28.1304,28.3321,15452081
2017-05-03,28.3969,28.4113,27.4822,27.7559,28060713
2017-05-04,27.6407,27.8495,27.3022,27.5759,18870215
2017-05-05,27.7487,28.1016,27.5687,28.0944,18822627
2017-05-08,28.3249,28.3465,27.9288,28.2312,18367765
2017-05-09,28.224,28.2888,27.9648,28.1448,13349664
2017-05-10,28.1016,28.1592,27.9287,28.1592,13786387
2017-05-11,27.9864,28.3176,27.9792,28.2744,14387108
2017-05-12,28.2456,28.2528,28.008,28.0728,13317227
2017-05-15,28.008,28.1952,27.9936,28.0656,12699434
2017-05-16,28.152,28.152,27.8639,27.9576,19009565
2017-05-17,27.8567,27.8999,27.3094,27.439,23654110
2017-05-18,27.6911,28.0944,27.439,27.8495,21700006
2017-05-19,27.6047,28.0152,27.511,27.9792,19995153
2017-05-22,28.1016,28.4905,27.9143,28.4401,13987943
2017-05-23,28.5553,28.7137,28.3392,28.6489,16526230
2017-05-24,28.6994,29.0954,28.5769,29.045,18164288
2017-05-25,29.2035,29.3835,28.973,29.0522,37452874
2017-05-26,28.9586,29.5204,28.9586,29.4627,19408197
2017-05-30,29.5492,29.9885,29.4411,29.5996,27175957
2017-05-31,29.6068,30.0389,29.578,30.0245,28105314
2017-06-01,29.9813,30.1253,29.8588,30.0029,19173777
2017-06-02,30.0317,30.3702,29.9237,30.2405,18551929
2017-06-05,30.3414,30.3774,29.9165,30.0965,15258100
2017-06-06,30.1253,30.1397,29.9237,30.0461,13731223
2017-06-07,30.0965,30.2189,29.9885,30.1685,13724501
2017-06-08,30.1109,30.1757,29.3331,29.4843,27185666
2017-06-09,29.4699,29.5708,29.1531,29.3043,21870299
2017-06-12,29.2107,29.9021,29.2107,29.506,16804396
2017-06-13,29.3763,29.722,29.3691,29.686,12195810
2017-06-14,29.8228,29.8228,29.4267,29.5924,12986244
2017-06-15,29.4843,29.9021,29.4483,29.8444,12995100
2017-06-16,29.65,29.7796,29.2971,29.7292,29222569
2017-06-19,30.1253,30.1901,29.6716,30.1037,16162276
2017-06-20,29.1675,29.5348,28.7498,29.0882,29832253
2017-06-21,29.0954,29.1891,28.8146,29.009,21463665
2017-06-22,29.0522,29.2323,28.7498,28.7642,19829128
2017-06-23,28.757,28.7858,28.3393,28.4473,29728007
2017-06-26,28.5769,28.6273,28.2096,28.5121,19338628
2017-06-27,28.4545,28.5193,28.152,28.2672,26741581
2017-06-28,28.2816,28.8074,28.2168,28.7065,19277916
2017-06-29,28.4977,28.6417,27.5687,27.9936,26465441
2017-06-30,28.2958,28.3103,28.021,28.144,19485127
2017-07-03,28.2597,28.3826,27.7101,27.739,12314994
2017-07-05,27.8475,28.0355,27.6956,27.9921,21419065
2017-07-06,27.8475,27.9053,27.5799,27.6595,15068067
2017-07-07,27.6956,28.0138,27.6595,27.8909,18641877
2017-07-10,27.8837,28.1657,27.8475,28.0283,14591652
2017-07-11,28.0138,28.1874,27.927,28.0355,21189126
2017-07-12,28.3681,28.426,28.1946,28.2163,14314339
2017-07-13,28.2452,28.4622,28.2308,28.426,17071253
2017-07-14,28.5345,28.5562,27.927,28.3465,21116143
2017-07-17,28.2886,28.4405,28.2452,28.3465,11561692
2017-07-18,28.4115,28.4188,28.0572,28.332,12731444
2017-07-19,28.3898,28.4622,28.0861,28.4477,12289493
2017-07-20,28.4477,28.708,28.3248,28.5562,15107973
2017-07-21,28.4766,28.925,28.4477,28.6574,12428736
2017-07-24,28.6719,28.708,28.3898,28.5417,11979529
2017-07-25,28.6719,28.8671,28.5562,28.7442,19072732
2017-07-26,28.6574,28.9033,28.3103,28.4549,27070537
2017-07-27,29.0334,29.1057,28.1078,28.5128,54865033
2017-07-28,28.4549,28.6357,28.3031,28.5779,21743433
2017-07-31,28.8816,29.4022,28.8526,29.2504,28948777
2017-08-01,29.2142,29.5396,29.0045,29.1708,20058320
2017-08-02,29.0479,29.0624,28.5996,28.9322,18439787
2017-08-03,28.6574,28.9177,28.5706,28.708,17408105
2017-08-04,28.802,28.8093,28.5923,28.6357,12245532
2017-08-07,28.6574,28.708,28.5272,28.6429,13103614
2017-08-08,28.6502,29.0479,28.5128,28.8671,14539155
2017-08-09,28.5923,29.4094,28.4549,29.3805,18567721
2017-08-10,29.2142,29.6842,29.1997,29.4528,21957153
2017-08-11,29.4745,29.8505,29.4094,29.7276,17856565
2017-08-14,29.9952,30.3567,29.9229,30.2989,19715599
2017-08-15,30.3423,30.364,29.8216,30.0096,14510560
2017-08-16,30.1398,30.1398,29.6842,29.8216,12395873
2017-08-17,29.7927,29.8216,29.113,29.1202,16095268
2017-08-18,29.0117,29.4818,28.9611,29.301,20856756
2017-08-21,29.3082,29.6047,29.2648,29.5034,17603473
2017-08-22,29.5974,30.0169,29.5468,29.9012,12539704
2017-08-23,29.8289,29.865,29.3733,29.395,12506094
2017-08-24,29.5034,29.5613,28.9322,29.0262,15366614
2017-08-25,29.1564,29.3227,28.8671,29.0696,14308150
2017-08-28,29.1708,29.272,29.0479,29.1708,8889070
2017-08-29,29.0479,29.2287,28.9828,29.0407,9758569
2017-08-30,28.9973,29.5975,28.9322,29.5179,12699541
2017-08-31,29.5685,29.6336,29.301,29.3661,15229718
2017-09-01,29.4818,29.8144,29.395,29.6915,12103408
2017-09-05,29.6264,29.7565,29.2142,29.4094,12143207
2017-09-06,29.5035,29.8939,29.3227,29.771,15549178
2017-09-07,29.8288,29.8288,27.6306,27.9126,75457173
2017-09-08,27.8041,27.8113,27.1244,27.6306,57477369
2017-09-11,27.6956,27.7824,27.1605,27.3558,31630788
2017-09-12,27.7535,28.0789,27.1605,27.4064,39237004
2017-09-13,27.3992,27.7029,27.3919,27.4498,24965879
2017-09-14,27.4353,27.5076,27.1678,27.1895,28331624
2017-09-15,27.1533,27.1533,26.3506,26.705,66548897
2017-09-18,26.6688,26.9797,26.4591,26.8351,29083112
2017-09-19,26.8062,27.0593,26.5169,26.9725,41367270
2017-09-20,27.0738,27.3341,26.9364,27.0882,33163747
2017-09-21,27.0304,27.2907,27.0231,27.0954,19806401
2017-09-22,26.9581,27.5799,26.9508,27.551,23206396
2017-09-25,27.5293,27.5583,27.1388,27.4136,23049121
2017-09-26,27.4064,27.5365,27.2184,27.3413,17085124
2017-09-27,27.3558,28.0861,27.2762,27.862,26353513
2017-09-28,27.6595,27.768,27.2835,27.3485,17457507
2017-09-29,27.3485,27.8475,27.1967,27.8258,20490988
2017-10-02,27.7752,28.0934,27.4281,27.457,19375546
2017-10-03,27.4338,27.8695,27.3684,27.8114,19784421
2017-10-04,27.8477,28.0365,27.6807,28.0219,22384913
2017-10-05,28.0292,28.1599,27.6589,27.8477,21491087
2017-10-06,27.8186,27.9203,27.5572,27.6008,20082541
2017-10-09,27.5863,27.7751,27.3902,27.4483,11400682
2017-10-10,27.4483,27.6226,27.2377,27.3684,16022606
2017-10-11,27.3321,27.3321,27.0126,27.1724,28135830
2017-10-12,26.7222,26.7948,25.9815,26.1049,54101702
2017-10-13,26.0831,26.2574,25.6039,26.1485,46598558
2017-10-16,26.2574,26.9327,26.2284,26.5842,28451448
2017-10-17,26.5551,26.6713,26.4607,26.4825,15930630
2017-10-18,26.5406,26.5987,26.2356,26.2865,19198424
2017-10-19,26.2502,26.8746,26.1775,26.7948,27031591
2017-10-20,27.0126,27.0271,26.773,27.0271,15554406
2017-10-23,27.0634,27.0634,26.5188,26.5406,32805769
2017-10-24,26.606,26.7802,26.33,26.5043,26940043
2017-10-25,26.301,26.7585,26.2865,26.7439,27991358
2017-10-26,26.0614,27.0126,25.7927,26.3373,62560344
2017-10-27,26.0904,26.8093,25.662,26.7149,54504174
2017-10-30,26.6278,26.6495,26.1848,26.5043,31404157
2017-10-31,26.5116,26.5551,26.0904,26.163,23291116
2017-11-01,26.3228,26.4462,26.0977,26.1993,19419187
2017-11-02,26.2066,26.2066,25.357,25.524,43020373
2017-11-03,25.4732,25.9161,25.2553,25.9089,32185308
2017-11-06,25.8362,26.1848,25.6184,25.8072,24927467
2017-11-07,25.829,26.802,25.829,26.4244,40667531
2017-11-08,26.5116,26.5987,26.1921,26.2937,25517198
2017-11-09,26.1267,26.8093,26.0178,26.5479,17242507
2017-11-10,26.5043,27.0925,26.5043,26.7585,19216777
2017-11-13,26.6423,27.0707,26.5697,27.0489,17345792
2017-11-14,26.8746,26.9109,26.5842,26.7657,21544971
2017-11-15,26.7948,27.0707,26.6278,26.9981,21817056
2017-11-16,26.7948,27.2813,26.7948,26.9182,23044853
2017-11-17,26.8674,26.8674,26.2284,26.2574,40693886
2017-11-20,26.2138,26.3954,25.9597,26.0178,20709937
2017-11-21,26.2429,26.5116,26.1412,26.4462,24274677
2017-11-22,26.4244,26.497,26.2356,26.4389,17501254
2017-11-24,26.3518,26.3954,25.9815,26.0468,13120152
2017-11-27,25.9815,26.0468,25.6402,25.8145,26227394
2017-11-28,25.8217,26.3228,25.6039,26.3228,36818649
2017-11-29,26.9255,27.3975,26.1485,27.0054,36215047
2017-11-30,26.8456,27.3321,26.4898,27.2595,45731513
2017-12-01,26.9763,28.1018,26.9473,27.9058,34712284
2017-12-04,28.6247,29.5759,28.6247,29.2782,58831606
2017-12-05,28.9514,29.329,28.661,28.6973,30663659
2017-12-06,28.9224,28.9296,27.9929,28.051,27169768
2017-12-07,27.9566,28.0074,27.412,27.5136,31243574
2017-12-08,27.9566,27.9566,27.4991,27.5572,23713008
2017-12-11,27.7969,27.9276,27.5645,27.913,25364831
2017-12-12,28.6101,29.1547,28.3197,28.69,35891319
2017-12-13,28.69,28.7118,27.9566,28.0147,29855834
2017-12-14,28.1817,28.8352,27.7315,28.4068,24852884
2017-12-15,28.6755,28.9514,28.3124,28.8352,50531413
2017-12-18,29.0313,29.1039,28.6464,28.7118,19764361
2017-12-19,28.6537,28.7118,28.218,28.4213,22547737
2017-12-20,28.6101,28.7481,28.2906,28.5956,18342797
2017-12-21,28.6682,29.9462,28.6101,29.634,36706614
2017-12-22,29.6558,29.8373,29.4379,29.6122,14480791
2017-12-26,29.5105,29.7792,29.5033,29.6413,11180773
2017-12-27,29.6558,29.663,29.2274,29.3435,12835583
2017-12-28,29.467,29.467,29.0676,29.2564,9814266
2017-12-29,29.1184,29.3508,29.0821,29.0821,13050477
2018-01-02,29.7878,29.9701,29.1973,29.9409,19494410
2018-01-03,29.7076,30.1596,29.1973,29.4598,22474114
2018-01-04,29.5035,29.6858,29.2338,29.6493,19359435
2018-01-05,29.8243,30.0648,29.4598,29.919,18147003
2018-01-08,29.7222,29.9117,29.3723,29.5108,16207197
2018-01-09,29.5472,29.9118,29.4889,29.6056,18166742
2018-01-10,29.4743,30.0138,29.2775,29.9555,21551373
2018-01-11,30.0357,31.1073,29.9919,31.0563,39162848
2018-01-12,31.0344,31.1365,30.5679,30.9397,20240990
2018-01-16,31.049,31.049,30.4366,30.4877,20292313
2018-01-17,30.6554,30.772,30.1888,30.3856,18222333
2018-01-18,29.9336,30.5751,29.8972,30.5095,23279059
2018-01-19,30.5825,31.0417,30.4658,30.9834,25172344
2018-01-22,30.9178,31.2896,30.7283,31.2677,23940706
2018-01-23,30.9834,31.2313,30.5897,30.9397,20438919
2018-01-24,31.1292,32.0769,30.3054,31.3406,52196360
2018-01-25,31.4354,31.7343,30.6043,30.721,29661640
2018-01-26,30.6918,31.2021,30.5824,31.2021,29875893
2018-01-29,30.8376,30.8668,30.145,30.6043,23003773
2018-01-30,30.6408,30.9542,30.3929,30.8668,22832306
2018-01-31,30.8303,31.1511,30.6772,31.0053,28730362
2018-02-01,30.7428,31.049,30.5314,30.5387,28260455
2018-02-02,30.2544,30.7355,29.7659,29.9701,34176650
2018-02-05,30.1523,30.3565,28.5047,28.5776,45205909
2018-02-06,28.3735,29.0151,28.0673,28.9203,51958952
2018-02-07,28.7963,29.467,28.7016,29.2702,35280995
2018-02-08,29.088,29.2775,27.8122,27.8413,36409134
2018-02-09,27.9726,28.4245,27.2873,28.1184,39880192
2018-02-12,28.1402,28.4829,27.8996,28.0965,32738228
2018-02-13,27.8195,28.5558,27.7757,28.4027,19348231
2018-02-14,28.3006,28.8838,28.0673,28.7453,23455328
2018-02-15,28.9859,29.2483,28.6214,29.2192,23140776
2018-02-16,29.1536,29.4671,28.9349,29.0078,24075681
2018-02-20,28.8255,28.9349,28.461,28.7745,19380775
2018-02-21,28.7599,29.0442,28.4318,28.4391,15183730
2018-02-22,28.4756,28.8474,28.1184,28.286,20060560
2018-02-23,28.5412,28.9057,28.3662,28.7963,17620865
2018-02-26,28.8182,28.9713,28.7016,28.8547,15872265
2018-02-27,27.7028,27.8486,26.6749,26.7259,73836400
2018-02-28,26.9009,27.0321,26.0625,26.3979,74496340
2018-03-01,26.5655,26.879,26.3906,26.6384,36830279
2018-03-02,26.427,26.6676,26.2885,26.602,30788178
2018-03-05,26.5437,27.0467,26.3541,26.8134,31219780
2018-03-06,27.0321,27.0394,26.5291,26.879,21121478
2018-03-07,26.8426,26.8426,26.2666,26.3323,26820646
2018-03-08,26.5145,26.9811,26.325,26.8863,24659544
2018-03-09,26.9738,27.0759,26.6093,27.0686,25327806
2018-03-12,27.0394,27.1342,26.879,26.9446,19150196
2018-03-13,26.9665,27.054,26.4052,26.5583,21959607
2018-03-14,26.5728,26.6457,26.2156,26.2594,27856596
2018-03-15,26.2448,26.4708,26.1719,26.3541,23693269
2018-03-16,26.4562,26.6968,26.0844,26.1208,49729776
2018-03-19,25.9532,26.15,25.4283,25.7345,36723366
2018-03-20,25.7782,25.8803,25.1877,25.2023,22293578
2018-03-21,25.1877,25.6251,25.1148,25.1439,23113994
2018-03-22,24.9107,24.9544,24.2108,24.2254,57534774
2018-03-23,24.5316,24.5899,24.1671,24.1816,46801928
2018-03-26,24.6045,24.6336,23.8682,24.4514,34408829
2018-03-27,24.5316,24.6992,23.8755,24.0504,33089057
2018-03-28,24.2035,24.6774,24.1598,24.2618,35111449
2018-03-29,24.3931,25.1658,24.2983,24.9107,34722954
2018-04-02,24.8523,25.0054,24.2472,24.4368,37968128
2018-04-03,24.5028,24.5981,24.1362,24.5394,31235892
2018-04-04,24.3048,25.2286,24.2315,25.1553,28169867
2018-04-05,25.3459,25.5219,25.1846,25.3679,25327806
2018-04-06,25.1113,25.3166,24.8327,25.016,36044114
2018-04-09,25.214,25.3386,24.8694,24.8914,18730865
2018-04-10,25.0967,25.2213,24.5908,24.8254,32583726
2018-04-11,24.6274,24.9794,24.5908,24.6054,23339878
2018-04-12,24.7594,24.8474,24.1215,24.2902,31422723
2018-04-13,24.3708,24.5248,24.0995,24.2095,26382109
2018-04-16,24.4441,24.7374,24.1802,24.5834,16290102
2018-04-17,24.7447,24.8181,24.2315,24.3928,35830394
2018-04-18,24.4295,24.5981,24.3342,24.3928,25142788
2018-04-19,24.3855,24.7521,24.2462,24.5468,22414256
2018-04-20,24.5981,24.7814,24.2682,24.3488,26965758
2018-04-23,24.3708,24.8694,24.3195,24.8327,22357064
2018-04-24,24.994,25.1406,24.3342,24.4515,30854759
2018-04-25,24.3268,25.4999,24.2315,25.1187,42393617
2018-04-26,25.1553,25.2799,24.2095,24.4368,34735865
2018-04-27,24.2462,24.2755,23.315,23.3224,55114605
2018-04-30,23.3957,23.6376,22.9778,23.0144,40906219
2018-05-01,23.0071,23.535,22.8825,23.5057,26797705
2018-05-02,23.4543,23.4617,22.8605,22.9484,21194995
2018-05-03,22.8385,22.9191,22.3986,22.7358,23233178
2018-05-04,22.7212,23.4983,22.6992,23.4323,22140250
2018-05-07,23.4837,23.7623,23.3297,23.7476,19905525
2018-05-08,23.1317,23.4763,22.3766,22.4279,56538943
2018-05-09,22.4132,22.7065,22.3106,22.5305,24333148
2018-05-10,22.5379,23.1977,22.5085,23.1391,26147582
2018-05-11,23.1244,23.425,23.1024,23.3884,15657371
2018-05-14,23.381,23.645,23.3224,23.5643,20974873
2018-05-15,23.447,23.4837,23.2637,23.469,25597650
2018-05-16,23.557,23.9602,23.491,23.8649,20454177
2018-05-17,23.9456,24.0775,23.7403,23.7623,24612809
2018-05-18,23.7916,24.0189,23.6596,23.9896,19277596
2018-05-21,24.0262,24.1142,23.6083,23.7109,19599083
2018-05-22,23.7623,23.9822,23.689,23.8356,14486659
2018-05-23,23.3517,23.6376,23.315,23.3737,29735369
2018-05-24,23.293,23.4983,22.9338,23.1904,25645025
2018-05-25,23.1611,23.469,23.1537,23.2784,14074050
2018-05-29,23.1317,23.381,23.0071,23.1024,20362948
2018-05-30,23.2271,23.2417,22.9631,23.0804,18575083
2018-05-31,23.1317,23.1464,22.4865,22.8605,37837954
2018-06-01,22.9778,23.0584,22.8165,22.9191,19455785
2018-06-04,22.9484,23.1024,22.8385,22.9411,20736505
2018-06-05,22.9191,22.9631,22.7578,22.7871,24455533
2018-06-06,22.8238,23.8209,22.6992,23.6596,35970171
2018-06-07,23.7696,23.9456,23.425,23.4617,28184805
2018-06-08,23.447,23.601,23.3444,23.5203,23233925
2018-06-11,23.4397,23.7843,23.3737,23.4617,27699960
2018-06-12,23.4177,23.9162,23.337,23.7403,35204918
2018-06-13,22.7505,23.9382,22.7212,23.6963,48900717
2018-06-14,24.0849,24.972,24.0262,24.7961,45496347
2018-06-15,25.214,25.2213,24.6274,24.84,56698993
2018-06-18,24.7741,24.7741,23.8723,23.8869,31995275
2018-06-19,23.5863,24.2535,23.5863,24.0555,30963380
2018-06-20,24.4515,24.7227,23.711,24.4808,53371553
2018-06-21,24.4515,24.6714,23.9382,24.0409,37479015
2018-06-22,24.1949,25.038,24.1289,24.7887,112581411
2018-06-25,24.7814,25.0087,24.1289,24.2828,35278541
2018-06-26,24.4221,24.4221,23.9529,24.0336,33579877
2018-06-27,23.8722,24.1215,23.6743,23.6743,30774841
2018-06-28,23.7843,23.9749,23.5203,23.9236,26887760
2018-06-29,23.8356,24.6348,23.8283,24.0555,40499692
2018-07-02,23.9228,24.498,23.9081,24.4611,18315055
2018-07-03,24.4833,24.7856,24.3284,24.4021,13509074
2018-07-05,24.616,24.6308,24.2694,24.4243,12089430
2018-07-06,24.5349,24.7856,24.3358,24.7635,12314567
2018-07-09,24.911,24.9257,24.5201,24.7487,14580448
2018-07-10,24.8594,24.8667,24.4759,24.5865,13191641
2018-07-11,24.4021,25.206,24.3579,24.9036,35892920
2018-07-12,24.8372,25.4936,24.7782,25.4788,23873165
2018-07-13,25.3682,25.9213,25.3682,25.5894,26853509
2018-07-16,25.6189,26.0098,25.5526,25.7885,24474419
2018-07-17,25.5968,25.7517,25.2281,25.2723,22534933
2018-07-18,25.1617,25.4051,25.0585,25.1027,17256164
2018-07-19,25.9139,26.0245,25.6189,25.7443,44416329
2018-07-20,25.6411,25.7738,25.2871,25.2945,26223659
2018-07-23,25.1912,25.2945,24.9405,25.1986,23832619
2018-07-24,25.1986,25.2871,24.5939,24.6234,23255265
2018-07-25,24.6234,24.7192,24.1957,24.6455,23533539
2018-07-26,25.6927,25.8844,24.9036,25.6263,42992631
2018-07-27,25.6927,26.2605,25.6337,25.8697,24206922
2018-07-30,25.8549,26.3269,25.8254,26.1499,23349268
2018-07-31,26.29,26.6145,26.2089,26.3859,23094468
2018-08-01,26.4744,26.4744,26.0467,26.1056,21506025
2018-08-02,25.936,25.9582,25.5304,25.5452,20529400
2018-08-03,25.7664,26.1278,25.6116,26.113,17590349
2018-08-06,26.2458,26.3711,26.0245,26.0466,12897042
2018-08-07,26.1425,26.1941,25.9508,26.1056,11685997
2018-08-08,26.1573,26.172,25.7295,25.8475,13121646
2018-08-09,25.8844,26.408,25.8475,26.172,18270028
2018-08-10,26.0024,26.0614,25.7738,25.8697,12669238
2018-08-13,25.8992,25.9508,25.6484,25.8402,16976610
2018-08-14,25.8844,26.172,25.8402,26.0983,11180986
2018-08-15,25.9582,26.0098,25.5673,25.7885,16397229
2018-08-16,25.8475,26.4375,25.818,26.2974,17492932
2018-08-17,26.2236,26.4375,26.0688,26.2531,12888827
2018-08-20,26.3269,26.349,26.0319,26.1278,10625079
2018-08-21,26.1425,26.5555,26.1278,26.3564,12171269
2018-08-22,26.3269,26.3564,26.1425,26.1646,8484571
2018-08-23,26.0909,26.1646,26.0024,26.0393,12257163
2018-08-24,26.0835,27.1307,26.0467,26.9168,26143527
2018-08-27,27.0201,27.0643,26.8431,26.8652,12759506
2018-08-28,27.0348,27.0643,26.6956,26.8062,11539818
2018-08-29,26.7472,27.2118,26.7104,27.1012,14318180
2018-08-30,26.9537,27.0643,26.8505,27.0496,11271361
2018-08-31,26.9906,27.3372,26.9758,27.2782,21782698
2018-09-04,27.1012,27.1749,26.703,26.8283,20442440
2018-09-05,26.762,26.9021,26.6587,26.7546,17926774
2018-09-06,26.939,26.939,26.3416,26.4891,19557043
2018-09-07,26.4744,26.821,26.3638,26.6735,19372772
2018-09-10,26.8431,26.9242,26.7546,26.8136,15249884
2018-09-11,26.8726,26.9168,26.7104,26.7694,21981160
2018-09-12,26.703,26.7694,26.3048,26.6145,22276186
2018-09-13,26.6587,27.4552,26.6071,27.3151,24534491
2018-09-14,27.3962,27.4404,27.0791,27.2561,16010015
2018-09-17,27.3077,27.4404,27.0791,27.2561,14210840
2018-09-18,27.3667,27.9345,27.2708,27.8313,25014641
2018-09-19,27.7649,27.9788,27.4994,27.5215,18621497
2018-09-20,27.7354,28.0156,27.3741,27.8829,21862723
2018-09-21,27.9861,28.0673,27.6395,27.9493,61495691
2018-09-24,26.5112,26.7472,25.6263,26.2753,72399578
2018-09-25,26.4449,26.5334,26.0245,26.1056,27244245
2018-09-26,26.2531,26.4818,26.0319,26.0835,21102059
2018-09-27,26.1794,26.3416,25.9434,25.9729,18198005
2018-09-28,25.995,26.2974,25.9213,26.113,18465822
2018-10-01,26.2015,26.2826,25.8033,26.1941,21799557
2018-10-02,26.1571,26.6093,25.9495,26.4685,26713839
2018-10-03,26.5278,26.6019,25.9569,26.0903,30908536
2018-10-04,25.9865,26.1571,25.8308,26.1052,24667333
2018-10-05,26.0903,26.12,25.512,25.6233,21802865
2018-10-08,25.5788,26.12,25.5417,26.0829,20193402
2018-10-09,26.1571,26.5649,25.9421,26.2757,18573269
2018-10-10,26.2238,26.4314,25.3786,25.4157,27479518
2018-10-11,25.6529,25.7196,24.8448,24.9634,38715028
2018-10-12,25.2451,25.7938,25.1265,25.6677,33545733
2018-10-15,25.6603,26.4462,25.5862,26.0162,24410079
2018-10-16,26.1126,26.765,26.0978,26.6909,28043107
2018-10-17,26.7799,27.1876,26.5352,26.9875,21752502
2018-10-18,26.8985,27.1654,26.5574,26.6464,29775489
2018-10-19,26.7799,27.069,26.5278,26.6761,26040455
2018-10-22,26.765,26.8762,26.3869,26.5055,25930127
2018-10-23,26.2535,26.5352,25.9865,26.4314,21446913
2018-10-24,26.6761,26.8837,25.2451,25.297,31983218
2018-10-25,26.6019,26.8985,25.9865,26.5723,36106853
2018-10-26,26.424,27.0023,25.8902,26.1274,45278252
2018-10-29,26.6316,27.0764,26.2609,26.6835,34542525
2018-10-30,27.0542,28.0032,26.7799,27.9587,39063510
2018-10-31,28.1441,28.6556,27.6696,28.2775,30070194
2018-11-01,28.2479,28.2998,27.9216,28.1366,25391933
2018-11-02,28.2404,28.3442,27.4397,27.9216,26241158
2018-11-05,28.1292,28.4332,28.0625,28.1885,20038260
2018-11-06,28.2553,28.3146,27.8253,27.9735,21001654
2018-11-07,28.1515,28.4258,27.9068,28.3961,22995877
2018-11-08,28.537,28.6037,28.107,28.3961,15287122
2018-11-09,28.2923,28.7001,28.1366,28.4258,19013086
2018-11-12,28.3591,28.6037,27.8549,28.1737,18184027
2018-11-13,28.3591,28.537,27.8104,27.9661,18746657
2018-11-14,28.1811,28.6779,28.0032,28.3887,25018589
2018-11-15,28.2553,28.537,28.0403,28.537,22163831
2018-11-16,28.7001,28.8558,28.4036,28.6112,22985741
2018-11-19,28.6112,28.8484,28.1663,28.3072,20556609
2018-11-20,28.2923,28.5296,27.1432,27.2544,31238132
2018-11-21,27.2099,27.9735,27.1802,27.8104,17632602
2018-11-23,27.6251,27.9587,27.5806,27.7215,6128741
2018-11-26,28.0106,28.1663,27.7585,28.0032,14173815
2018-11-27,27.892,28.5074,27.892,28.4406,14637640
2018-11-28,28.3442,28.967,28.3146,28.9596,19009672
2018-11-29,28.6927,29.4045,28.6482,29.2265,17458467
2018-11-30,29.2488,29.36,28.7075,28.9225,40626238
2018-12-03,28.9819,29.0857,28.6779,29.0263,24949341
2018-12-04,29.0634,29.1301,27.6992,27.9439,32221479
2018-12-06,27.6621,28.1144,27.4175,28.0848,29294592
2018-12-07,27.9216,28.1885,27.4916,27.7363,21985748
2018-12-10,27.8327,27.8771,27.2173,27.6918,17323172
2018-12-11,28.018,28.1218,27.2395,27.3137,25922765
2018-12-12,27.6621,27.7956,27.3063,27.4175,25169570
2018-12-13,27.4545,27.6547,26.98,27.2544,19640589
2018-12-14,26.98,27.3211,26.8243,26.943,19362742
2018-12-17,26.98,27.3285,26.6909,26.8466,22113895
2018-12-18,27.0319,27.0319,26.12,26.4314,25277550
2018-12-19,26.5574,27.1061,25.9124,26.0903,34505500
2018-12-20,26.1126,26.2683,25.3786,25.6677,29054837
2018-12-21,25.7048,26.6909,24.9634,25.0227,42979187
2018-12-24,25.0005,25.1858,24.4889,24.5186,14288624
2018-12-26,24.6594,25.3341,24.1775,25.3119,24452652
2018-12-27,25.0598,25.5788,24.5482,25.5565,18626192
2018-12-28,25.8457,26.2164,25.3415,25.4676,17318797
2018-12-31,25.5645,25.7956,24.8264,25.3855,23061284
2019-01-02,24.9681,25.6838,24.9159,25.6241,18107417
2019-01-03,25.5943,26.3398,25.4452,25.8254,30676677
2019-01-04,26.1162,26.7201,25.9894,26.6977,24374335
2019-01-07,26.5635,26.7722,26.2951,26.4144,27934914
2019-01-08,26.5859,26.7573,26.3622,26.6306,21810227
2019-01-09,26.7424,26.9288,26.474,26.8841,17120122
2019-01-10,26.7722,26.8393,26.4666,26.7051,17786463
2019-01-11,26.5486,26.6455,26.3249,26.5635,20445427
2019-01-14,26.3995,26.8319,26.3547,26.6679,17722230
2019-01-15,26.6306,26.8393,26.5188,26.7126,14351150
2019-01-16,26.8468,27.0779,26.7499,26.7648,22234680
2019-01-17,26.6902,26.9885,26.6455,26.7722,27162832
2019-01-18,26.9363,27.0481,26.4889,26.9959,24188890
2019-01-22,26.8766,26.9064,25.9671,26.0714,35051910
2019-01-23,26.9065,27.898,26.8095,27.5029,39103736
2019-01-24,27.4731,27.4954,26.4218,27.0183,43146172
2019-01-25,27.309,27.4581,26.5113,26.6753,26887867
2019-01-28,26.4517,26.4889,25.8478,26.3697,28229619
2019-01-29,26.3771,27.0854,26.3771,26.899,20606224
2019-01-30,26.8617,26.8617,26.2802,26.4144,24193158
2019-01-31,26.7499,27.4432,26.6679,27.2643,33369892
2019-02-01,27.3687,27.4954,27.1972,27.4283,19966024
2019-02-04,27.391,27.488,27.0406,27.4134,24423950
2019-02-05,27.488,27.7862,27.2643,27.6967,26011860
2019-02-06,27.6893,27.8011,27.4283,27.7116,21721239
2019-02-07,27.7042,28.1142,27.652,28.0918,24436754
2019-02-08,27.9577,28.1515,27.5774,28.0322,19281757
2019-02-11,28.1068,28.1366,27.5103,27.5849,15750414
2019-02-12,27.816,27.9204,27.6147,27.7638,15606369
2019-02-13,27.7638,27.9204,27.4283,27.6073,15286269
2019-02-14,27.5551,27.9278,27.3985,27.7787,17080963
2019-02-15,28.0322,28.1664,27.6967,28.1589,16940866
2019-02-19,28.144,28.2857,27.9427,27.9949,13714685
2019-02-20,28.1068,28.2708,27.98,28.1739,15973417
2019-02-21,28.0397,28.6808,27.9129,28.6808,23561707
2019-02-22,28.6883,28.8821,28.6361,28.7852,21742152
2019-02-25,28.8225,28.9269,28.5615,28.7554,17298204
2019-02-26,28.8001,28.9716,28.6361,28.9269,19342256
2019-02-27,28.8076,28.8672,28.6212,28.7256,18709738
2019-02-28,28.7405,29.0014,28.7181,28.8299,19542425
2019-03-01,28.9641,29.4562,28.9418,29.1505,25733052
2019-03-04,29.2623,29.5606,28.6137,28.8747,17040417
2019-03-05,28.9194,29.0685,28.7405,28.8672,15947382
2019-03-06,28.9865,29.0387,28.6659,28.7852,11792377
2019-03-07,28.7554,28.8225,28.4348,28.6137,15126539
2019-03-08,28.4944,28.6883,28.2484,28.4721,14567644
2019-03-11,28.5168,29.2549,28.405,29.2027,27372711
2019-03-12,29.1952,29.6202,29.0536,29.4413,22808299
2019-03-13,29.5904,29.7171,29.3518,29.4935,22994277
2019-03-14,29.4264,29.7842,29.3518,29.7246,17677629
2019-03-15,29.7544,30.2092,29.4785,30.1719,71406521
2019-03-18,29.993,30.157,29.732,29.7618,23260280
2019-03-19,29.8066,30.0824,29.5978,29.6575,17911729
2019-03-20,29.6426,29.6724,29.0014,29.4264,24901539
2019-03-21,29.4115,29.9482,29.2623,29.8588,18868828
2019-03-22,29.7768,29.7991,29.3369,29.4189,18171117
2019-03-25,29.4338,29.4636,29.0312,29.2102,16905655
2019-03-26,29.3742,29.6127,29.2325,29.5456,11937916
2019-03-27,29.5829,30.1123,29.5829,29.9781,19490462
2019-03-28,29.9781,30.1943,29.911,30.1346,11154845
2019-03-29,29.9706,30.075,29.5158,29.8066,22551792
2019-04-01,30.075,30.1123,29.7991,30.0526,15285842
2019-04-02,30.1051,30.27,29.8353,29.9927,15191092
2019-04-03,30.2025,30.4123,29.9552,30.18,22449893
2019-04-04,30.2175,30.4423,30.0676,30.2849,13118552
2019-04-05,30.2999,30.3899,30.21,30.2924,22557447
2019-04-08,30.24,30.5397,30.1051,30.5098,13302502
2019-04-09,30.5023,30.832,30.4048,30.7571,15951223
2019-04-10,30.862,30.9444,30.5622,30.7871,14271338
2019-04-11,30.817,30.832,30.6147,30.7571,9869110
2019-04-12,30.7796,30.9744,30.6896,30.9519,12309339
2019-04-15,30.9669,31.3267,30.922,31.3117,13581950
2019-04-16,31.3567,31.6115,31.1093,31.4541,10727191
2019-04-17,31.5815,31.9562,31.3941,31.9037,16366393
2019-04-18,32.0311,32.0986,31.5065,31.7988,14894573
2019-04-22,31.6714,31.7838,31.3716,31.4766,10861633
2019-04-23,31.4541,31.6189,31.2592,31.469,18100161
2019-04-24,31.499,31.6639,31.2817,31.3641,27223545
2019-04-25,31.8138,32.833,31.559,32.1735,29588444
2019-04-26,32.923,32.9455,32.1286,32.2859,17637937
2019-04-29,32.3534,32.6007,32.1585,32.5632,12625278
2019-04-30,32.6457,32.7206,32.256,32.6232,16755101
2019-05-01,32.5857,32.8255,32.4508,32.5408,15287443
2019-05-02,32.4658,32.5183,31.7463,31.9637,19260524
2019-05-03,32.2035,32.6082,32.0311,32.4433,13605317
2019-05-06,32.0536,32.5333,32.0012,32.4508,14199103
2019-05-07,32.226,32.3084,31.7538,32.0461,16544048
2019-05-08,32.0236,32.196,31.7463,31.8887,13953052
2019-05-09,31.6939,32.211,31.5965,32.166,14537235
2019-05-10,32.0012,32.3909,31.6414,32.3384,13797911
2019-05-13,31.9037,32.271,31.5815,31.6864,18254983
2019-05-14,31.6789,32.5183,31.6789,32.1585,17704304
2019-05-15,32.0386,32.166,31.589,31.8438,39765383
2019-05-16,31.9037,32.4508,31.7838,32.3684,18772478
2019-05-17,32.271,32.833,32.241,32.6307,14848265
2019-05-20,32.5108,32.5108,31.7838,32.0611,15038405
2019-05-21,32.271,32.4583,31.9862,32.4433,17586401
2019-05-22,32.4208,32.6007,32.2859,32.4508,12765908
2019-05-23,32.226,32.3384,31.8513,32.0236,15743585
2019-05-24,32.0836,32.271,31.9487,31.9787,9989041
2019-05-28,32.1136,32.2485,31.7988,31.8288,16244648
2019-05-29,31.6564,31.7538,31.2892,31.4166,17626840
2019-05-30,31.6489,31.6564,31.0419,31.2817,24182381
2019-05-31,31.0194,31.0868,30.5547,30.7271,23596065
2019-06-03,30.7496,30.922,30.4873,30.6971,23693589
2019-06-04,31.0644,31.3791,30.9145,31.0269,23387040
2019-06-05,31.2967,31.3192,30.892,30.9519,25955095
2019-06-06,30.9295,30.9819,30.5847,30.8395,25605546
2019-06-07,30.9894,31.1693,30.8021,31.0868,34450869
2019-06-10,31.0868,31.1993,30.817,30.9445,17906074
2019-06-11,31.1543,31.3341,30.7496,30.892,18027712
2019-06-12,30.9445,31.3192,30.9145,31.0644,26391071
2019-06-13,31.0718,31.2742,31.0044,31.2442,27907278
2019-06-14,31.4541,31.8513,31.2517,31.7089,22346928
2019-06-17,31.7314,32.0611,31.544,31.8962,15537654
2019-06-18,32.211,32.6831,32.1885,32.4133,23272657
2019-06-19,32.3909,32.7956,32.2785,32.3309,15859568
2019-06-20,32.7056,32.8031,32.4583,32.7356,19383122
2019-06-21,32.5483,32.8106,32.4358,32.6457,26333027
2019-06-24,32.6382,32.8705,32.5482,32.6757,13543751
2019-06-25,32.6157,32.6457,31.9937,32.0386,20936887
2019-06-26,31.9712,32.1136,31.4316,31.559,18926019
2019-06-27,31.6939,31.7164,31.0344,31.4766,20282923
2019-06-28,31.604,31.7089,31.3716,31.6864,53283739
2019-07-01,31.9637,32.226,31.7314,32.0087,20838830
2019-07-02,32.0614,32.3024,31.9785,32.3024,16000839
2019-07-03,32.3852,32.6413,32.3476,32.6262,8967388
2019-07-05,32.4982,32.6488,32.2873,32.5961,12386590
2019-07-08,32.5208,32.5509,32.0614,32.1066,15796402
2019-07-09,32.0538,32.4907,31.9032,32.3702,16927955
2019-07-10,33.1685,33.2438,32.5735,32.9802,23664353
2019-07-11,32.9953,33.2363,32.9501,33.1986,16206770
2019-07-12,33.1911,33.8991,33.1082,33.6204,19287839
2019-07-15,33.7936,33.7936,33.4999,33.6806,17034548
2019-07-16,33.7635,34.0873,33.7183,33.9593,18638890
2019-07-17,33.9141,33.9292,33.402,33.4622,17806309
2019-07-18,33.3267,33.5752,33.2062,33.5601,13295780
2019-07-19,33.7032,33.7108,33.1534,33.1836,19602924
2019-07-22,33.2212,33.2438,32.8672,33.0254,18312708
2019-07-23,33.1459,33.4547,33.1007,33.3794,17723937
2019-07-24,33.3718,33.8011,33.3116,33.7936,18824441
2019-07-25,33.3718,34.1175,32.9953,33.5978,27378366
2019-07-26,33.1534,33.9518,33.1534,33.6129,18139320
2019-07-29,33.6656,33.6731,33.2287,33.3116,10500027
2019-07-30,33.1685,33.3342,32.9275,33.1986,11028192
2019-07-31,32.9877,33.0631,32.1593,32.5133,19749316
2019-08-01,32.5283,33.0179,32.2195,32.2949,18588100
2019-08-02,32.1969,32.325,31.7827,32.1216,22235747
2019-08-05,31.7375,31.7827,30.9768,31.3384,25201153
2019-08-06,31.3986,31.7752,31.1049,31.6848,19668438
2019-08-07,31.1049,31.5116,30.6681,31.4287,24193905
2019-08-08,31.6095,32.2949,31.5568,32.1292,15029015
2019-08-09,32.1066,32.4982,31.9183,32.3325,16839607
2019-08-12,32.1819,32.212,31.7827,31.9785,17009581
2019-08-13,32.0388,33.1685,31.9785,32.7317,22904009
2019-08-14,32.7543,32.7543,31.7752,31.9107,19546800
2019-08-15,31.971,32.2949,31.6697,31.8957,15338552
2019-08-16,32.2195,32.6262,32.0162,32.5208,14993591
2019-08-19,32.8597,33.2438,32.8446,33.1384,14840370
2019-08-20,33.048,33.4848,32.9049,33.0932,16813893
2019-08-21,32.9576,33.2589,32.7467,33.2212,12088470
2019-08-22,33.3116,33.4472,32.8522,32.9652,10627854
2019-08-23,32.7618,33.0179,31.8354,31.9559,19415879
2019-08-26,32.1894,32.7693,32.0463,32.6488,13881243
2019-08-27,33.0631,33.0781,32.7016,32.8371,13346036
2019-08-28,32.6865,33.0631,32.5434,32.9652,12549094
2019-08-29,33.2514,33.515,33.1007,33.2664,12099247
2019-08-30,33.5074,33.6279,33.161,33.3342,16521962
2019-09-03,33.0555,33.1986,32.7844,33.048,13563704
2019-09-04,33.3794,34.4262,33.3041,34.2831,27951132
2019-09-05,34.9685,35.1116,34.6371,34.9535,23554665
2019-09-06,34.9685,35.1041,34.7953,34.9083,13979621
2019-09-09,35.1342,35.1643,34.7501,34.961,17480768
2019-09-10,34.7878,35.074,34.6522,34.9836,18743669
2019-09-11,34.8555,35.074,34.7124,34.9459,13736985
2019-09-12,35.2396,35.6011,35.0212,35.3752,19910220
2019-09-13,35.3677,35.5183,35.2396,35.3074,12518791
2019-09-16,34.8179,35.1116,34.4865,34.848,14491674
2019-09-17,34.735,35.1794,34.5543,35.1493,10557752
2019-09-18,35.3827,35.4355,34.9911,35.3526,13867692
2019-09-19,35.4279,35.5183,35.074,35.1568,11204780
2019-09-20,35.1493,35.2622,34.7802,34.9158,29078418
2019-09-23,34.7727,35.0288,34.7652,34.8103,14338880
2019-09-24,35.1116,35.1342,34.2304,34.4262,22120084
2019-09-25,34.4865,34.6296,34.1325,34.5166,23611110
2019-09-26,34.3585,34.494,33.3267,33.8162,23704792
2019-09-27,34.012,34.1175,33.3869,33.7484,16010655
2019-09-30,33.8915,34.0572,33.7183,33.9518,14823724
2019-10-01,34.1863,34.5874,33.6567,33.6869,16194713
2019-10-02,33.5886,33.7702,33.2708,33.3313,18347812
2019-10-03,33.3464,33.4221,32.9984,33.3389,12105115
2019-10-04,33.5432,34.0653,33.5129,33.8307,15898513
2019-10-07,33.5886,34.0199,33.5432,33.7399,13007584
2019-10-08,33.861,33.861,33.0211,33.3767,15196001
2019-10-09,33.6642,33.6869,33.3313,33.581,11139267
2019-10-10,33.5961,33.9291,33.5205,33.6718,9993949
2019-10-11,33.9291,34.7614,33.7702,34.4663,24500241
2019-10-14,34.3301,34.4587,34.0955,34.2242,10782142
2019-10-15,34.2847,34.6706,34.1258,34.5571,9630955
2019-10-16,34.4739,34.663,34.2847,34.5041,16007454
2019-10-17,34.6782,34.7765,34.436,34.7538,9732214
2019-10-18,34.8522,34.8825,34.3679,34.4814,14462011
2019-10-21,34.7236,34.9733,34.663,34.8674,11360242
2019-10-22,34.7236,34.8446,34.5798,34.6328,12726002
2019-10-23,34.8144,34.9506,34.4058,34.5949,24923733
2019-10-24,35.7224,35.7451,33.6718,33.9291,20239710
2019-10-25,34.1863,34.6403,33.9972,34.542,16279006
2019-10-28,34.3452,34.8446,33.7096,34.3831,15817208
2019-10-29,34.1939,34.542,34.1409,34.315,13513022
2019-10-30,34.315,34.3755,33.6415,33.8156,15410788
2019-10-31,33.861,33.9366,33.2102,33.9139,25141828
2019-11-01,34.1939,34.209,33.6794,33.861,17407145
2019-11-04,34.1334,34.2166,33.1043,33.2102,22328469
2019-11-05,33.2632,33.6567,33.0438,33.5053,17062717
2019-11-06,33.5356,33.5583,32.9378,33.4599,21262536
2019-11-07,33.6567,34.0577,33.4978,33.8232,16679984
2019-11-08,33.808,34.2015,33.6188,34.1939,14662394
2019-11-11,33.9593,34.5041,33.9593,34.2393,11917857
2019-11-12,34.1863,34.2847,34.0123,34.2242,12991045
2019-11-13,34.088,34.4739,34.0274,34.2015,12141606
2019-11-14,34.1561,34.4814,34.0804,34.3906,12125281
2019-11-15,34.5495,34.5571,33.6188,33.7172,24731566
2019-11-18,33.528,33.7626,33.354,33.755,17349527
2019-11-19,33.8685,33.982,33.7399,33.9064,17572636
2019-11-20,33.5886,33.7702,33.2027,33.4599,16261293
2019-11-21,33.5129,33.634,33.127,33.5659,17341738
2019-11-22,33.6945,33.9745,33.5129,33.8988,15052596
2019-11-25,33.9215,33.9745,32.7487,32.8016,27949105
2019-11-26,32.8924,33.18,32.726,32.953,41246486
2019-11-27,33.18,33.7323,33.0362,33.6113,21794755
2019-11-29,33.7475,33.7475,33.3237,33.407,9047413
2019-12-02,33.5961,33.5961,32.9605,33.0135,17912156
2019-12-03,32.8016,33.0892,32.5973,33.0286,23293464
2019-12-04,33.0665,33.0967,32.8016,32.9227,18003064
2019-12-05,32.9,33.3616,32.7335,33.3237,24081230
2019-12-06,33.5659,33.6113,33.301,33.4751,15650436
2019-12-09,33.4902,34.1182,33.0967,33.2102,22981900
2019-12-10,33.0892,33.1421,32.3174,32.3628,32198219
2019-12-11,32.3779,32.4233,31.7877,31.8331,40131150
2019-12-12,31.9239,32.6881,31.9088,32.5444,38404104
2019-12-13,32.4157,33.1421,32.3325,32.9757,30917285
2019-12-16,33.2102,33.354,32.7789,32.9378,25137240
2019-12-17,33.2102,33.2102,32.7411,32.8319,19998248
2019-12-18,32.8773,33.2027,32.6427,32.6806,28867578
2019-12-19,32.7411,33.0286,32.5595,33.0211,22111654
2019-12-20,33.0967,33.4372,32.7108,33.3616,44189272
2019-12-23,33.354,33.4826,33.2556,33.3691,24124123
2019-12-24,33.3691,33.8231,33.3691,33.6945,6940515
2019-12-26,33.8458,34.0501,33.7248,34.0274,12824913
2019-12-27,34.1258,34.2166,33.9442,34.1258,13094331
2019-12-30,34.1258,34.3074,34.0047,34.1863,13760992
2019-12-31,34.1409,34.1863,33.8761,34.0274,14811774
2020-01-02,34.3225,34.3528,33.9972,34.3301,21521924
2020-01-03,33.9215,34.2166,33.7248,34.0577,21869659
2020-01-06,33.7929,33.9518,33.7096,33.8004,18809289
2020-01-07,33.6408,34.2186,33.618,34.1577,26209468
2020-01-08,34.1654,34.6443,34.0285,34.5075,19309926
2020-01-09,34.5075,34.6747,34.3478,34.5987,15146492
2020-01-10,34.6899,34.6899,34.1578,34.1958,16961245
2020-01-13,34.1501,34.8724,34.1349,34.8192,23249183
2020-01-14,34.6443,35.1385,34.5911,34.994,17831597
2020-01-15,35.0168,35.3893,34.9788,35.1841,16446205
2020-01-16,35.3057,35.6706,35.2069,35.6326,26060835
2020-01-17,36.2484,36.294,35.8151,36.1116,29520796
2020-01-21,36.0964,36.0964,35.5718,35.9595,20424087
2020-01-22,36.1116,36.2636,35.9367,36.066,19474457
2020-01-23,35.3817,35.7163,34.5987,34.7051,40282451
2020-01-24,34.1349,34.2566,33.6104,33.8993,41857663
2020-01-27,33.3975,34.0209,33.2987,33.4507,25660070
2020-01-28,33.5039,33.77,33.3063,33.4811,16939372
2020-01-29,33.6484,33.6484,32.8045,32.9338,23381384
2020-01-30,32.5917,33.5952,32.4624,33.5572,26787142
2020-01-31,33.542,33.5572,32.6905,32.8349,25616856
2020-02-03,33.1162,33.1846,32.4016,32.432,28151301
2020-02-04,33.0706,33.8461,32.9794,33.6636,30028794
2020-02-05,33.9449,34.3174,33.8156,33.8993,21694351
2020-02-06,34.0285,34.2566,33.6712,33.9069,16242301
2020-02-07,33.8461,34.0969,33.656,34.0133,15049181
2020-02-10,33.9373,34.0057,33.6484,33.9525,16022179
2020-02-11,34.0741,34.0969,33.7244,34.0513,11817772
2020-02-12,34.1958,35.0776,34.1425,34.9864,25221746
2020-02-13,34.8952,35.2373,34.7355,35.0244,19113278
2020-02-14,35.032,35.108,34.7811,35.0396,16997950
2020-02-18,35.0776,35.2677,34.8268,35.0853,14612032
2020-02-19,35.1385,35.1689,34.8648,34.9484,15806965
2020-02-20,34.8192,35.0852,34.5911,34.9864,12844333
2020-02-21,34.7888,35.2905,34.7127,34.8344,22658172
2020-02-24,34.3022,34.9788,33.808,33.9069,23176094
2020-02-25,34.0209,34.1273,32.7133,32.8197,23944120
2020-02-26,33.5876,33.5876,32.0747,32.0975,32571242
2020-02-27,31.8238,32.3864,31.1624,31.208,38516673
2020-02-28,30.4097,31.1548,29.6267,30.7367,66353209
2020-03-02,30.6682,32.3332,29.9536,32.3256,42687362
2020-03-03,31.9834,33.0326,31.246,31.5045,46151378
2020-03-04,31.9074,32.356,31.5501,32.3104,26671692
2020-03-05,31.4893,31.763,30.729,30.9951,26978668
2020-03-06,29.5811,30.8659,29.5203,30.691,33399341
2020-03-09,29.0185,29.5659,28.2431,28.798,50070255
2020-03-10,29.3758,29.7635,27.8781,29.7255,51988828
2020-03-11,28.7372,29.2618,28.4179,28.8208,41469062
2020-03-12,27.0495,28.7752,26.1828,26.5629,67492552
2020-03-13,27.5436,30.1969,26.2132,29.9004,70681708
2020-03-16,26.3348,29.6419,26.2284,27.3992,44265242
2020-03-17,27.8097,29.1553,27.5284,29.0565,41543538
2020-03-18,27.5436,27.939,25.2933,27.1255,45383138
2020-03-19,27.0951,29.8852,26.3044,27.3232,39298037
2020-03-20,27.4372,27.4372,24.8144,25.3693,50478703
2020-03-23,25.2173,26.3576,24.1073,25.9775,41187160
2020-03-24,26.8898,26.8898,25.491,26.3348,49607818
2020-03-25,25.681,26.274,24.1605,25.5214,61708985
2020-03-26,25.2325,28.3647,25.1337,27.9314,40897577
2020-03-27,27.0571,27.2091,26.16,26.2816,29780397
2020-03-30,26.4109,27.0875,26.2664,26.981,33504013
2020-03-31,26.652,27.379,26.2082,26.3077,29647982
2020-04-01,25.3741,25.8332,24.5247,24.8079,27845712
2020-04-02,24.563,26.3765,24.5324,26.3,26337721
2020-04-03,26.0934,26.5066,25.5654,25.9786,20606224
2020-04-06,27.0652,27.8534,26.851,27.7233,33699274
2020-04-07,28.2742,29.0547,28.1059,28.2666,28146393
2020-04-08,28.4885,29.0088,28.1289,28.8328,28299508
2020-04-09,28.6875,29.116,28.1595,29.0777,30533059
2020-04-13,28.6568,28.9935,27.9911,28.4579,21593306
2020-04-14,28.741,29.5674,28.4885,29.4756,23264121
2020-04-15,28.9094,29.116,28.1212,28.4349,21111982
2020-04-16,28.7181,29.093,28.0523,28.9476,22379045
2020-04-17,29.4986,29.621,28.8328,29.1389,30661952
2020-04-20,28.8328,29.2461,28.4043,28.4732,19680282
2020-04-21,28.1212,28.1518,27.1876,27.3254,24545802
2020-04-22,27.7233,27.8151,27.3024,27.3407,21465159
2020-04-23,27.4172,27.9452,27.3943,27.6162,22614211
2020-04-24,27.6621,28.4808,27.6621,28.4349,20473596
2020-04-27,28.7487,29.3455,28.6186,29.2384,23234565
2020-04-28,29.5598,29.8965,29.0088,29.1389,17027933
2020-04-29,29.7052,29.9347,29.3455,29.8429,20390583
2020-04-30,27.9376,29.1007,27.555,28.7946,35437738
2020-05-01,28.4196,28.7028,28.1442,28.2972,21288357
2020-05-04,28.4273,28.4655,27.4861,27.7156,26574702
2020-05-05,27.8457,27.9223,27.5396,27.5856,20042635
2020-05-06,27.7156,27.7462,26.8586,26.8892,21502077
2020-05-07,27.2259,27.4555,27.0652,27.2259,18632381
2020-05-08,27.7386,28.0447,27.5473,27.9529,13848593
2020-05-11,27.7463,27.7769,27.1953,27.6697,23215893
2020-05-12,27.6009,27.7233,27.0423,27.0499,18280911
2020-05-13,26.9122,27.0117,26.3383,26.7591,32968486
2020-05-14,26.6138,27.4249,26.147,27.3637,25965338
2020-05-15,27.0193,27.532,26.6673,27.4861,33686897
2020-05-18,28.2666,29.3455,28.1824,29.1466,26490836
2020-05-19,28.9476,29.5827,28.565,29.2384,29623334
2020-05-20,29.5445,30.0266,29.4603,29.973,24672775
2020-05-21,29.7205,29.9883,29.5062,29.8046,22134061
2020-05-22,29.5904,29.8429,29.4374,29.644,13212661
2020-05-26,30.1872,30.7076,30.149,30.2408,23031088
2020-05-27,30.325,30.9678,30.3173,30.5546,22038778
2020-05-28,30.5852,30.7076,30.1796,30.2638,19477018
2020-05-29,30.2714,30.4704,29.6899,30.302,21658713
2020-06-01,30.2561,30.8147,30.149,30.7458,14245090
2020-06-02,30.7076,31.2432,30.6999,31.205,20337127
2020-06-03,31.4881,31.8171,31.3657,31.6029,18290407
2020-06-04,31.3504,31.6641,31.2509,31.5952,13611186
2020-06-05,32.238,32.9802,32.1309,32.2074,21629797
2020-06-08,32.085,33.0415,32.062,32.9955,18365204
2020-06-09,32.6512,32.8195,32.0467,32.2533,15379631
2020-06-10,32.215,32.2303,31.4728,31.6488,16682118
2020-06-11,31.3045,31.5799,29.9883,30.0342,24333895
2020-06-12,30.2944,30.5851,29.4756,30.1949,19747289
2020-06-15,30.0648,30.677,29.4909,30.478,17696729
2020-06-16,31.0213,31.4116,29.95,30.4168,22633631
2020-06-17,30.4398,30.5239,29.9347,30.0113,20204392
2020-06-18,29.9883,30.302,29.8046,30.1796,18147749
2020-06-19,30.4933,30.9601,29.7434,29.9194,37709167
2020-06-22,29.6899,29.8812,29.3226,29.4144,22194347
2020-06-23,29.7893,30.3403,29.6057,29.996,26587399
2020-06-24,30.2102,30.2102,29.1772,29.5062,22363146
2020-06-25,29.3532,29.6439,28.9017,29.5139,19375866
2020-06-26,29.3073,29.644,29.1007,29.5751,54358955
2020-06-29,29.7434,29.8659,29.3761,29.797,21952245
2020-06-30,29.6353,30.1203,29.3428,30.0048,23654750
2020-07-01,30.4898,30.9516,30.3281,30.559,19493877
2020-07-02,30.8208,31.0055,30.1511,30.2127,24938778
2020-07-06,30.636,31.0748,30.5206,31.044,18727344
2020-07-07,30.8208,31.0594,30.79,30.8439,20704815
2020-07-08,30.89,30.9747,30.4205,30.5898,13375912
2020-07-09,30.559,30.5744,30.0433,30.2434,16362658
2020-07-10,30.1973,31.2056,30.128,31.1826,20307891
2020-07-13,31.1518,31.6367,30.9285,31.2056,18634835
2020-07-14,30.7515,31.783,30.6591,31.6983,22439650
2020-07-15,31.6444,32.391,31.5982,32.2987,22480410
2020-07-16,32.1062,32.468,32.0678,32.4372,15810699
2020-07-17,32.699,32.699,32.2525,32.468,16979064
2020-07-20,32.3218,32.4141,32.1447,32.291,13832695
2020-07-21,32.4372,32.9222,32.3757,32.7682,24928855
2020-07-22,32.7297,32.9145,32.6451,32.7682,17456654
2020-07-23,32.9145,33.0684,32.5912,32.7066,23855132
2020-07-24,33.4302,33.792,32.876,33.3686,23395149
2020-07-27,33.2532,33.5919,33.2147,33.5303,19492596
2020-07-28,32.9915,33.538,32.9453,33.2609,18752098
2020-07-29,33.3532,33.9536,33.2994,33.792,27208393
2020-07-30,34.2385,34.7927,33.1916,33.615,18841726
2020-07-31,33.5149,33.5919,32.2987,32.9453,25515171
2020-08-03,32.8606,33.207,32.6451,33.0069,14653111
2020-08-04,32.8067,33.284,32.7451,33.2609,12913368
2020-08-05,33.3225,33.461,32.5219,32.5527,17293509
2020-08-06,32.3603,33.0145,32.3449,32.9992,14694937
2020-08-07,32.7836,33.0376,32.6913,32.953,11046651
2020-08-10,32.7605,33.2686,32.7605,33.1146,17472125
2020-08-11,33.2917,33.869,33.0376,33.0915,18289127
2020-08-12,33.1069,33.6611,33.0761,33.3609,11104803
2020-08-13,33.1762,33.4302,33.0915,33.3994,13497017
2020-08-14,33.5765,34.0075,33.2532,33.6919,16258946
2020-08-17,33.7689,33.8305,33.3301,33.5072,13159631
2020-08-18,33.6457,33.6688,33.3147,33.5149,9301359
2020-08-19,33.6073,33.6842,33.2224,33.3455,10518379
2020-08-20,33.2763,33.4379,33.0222,33.3071,12077053
2020-08-21,33.13,33.2763,32.8837,33.1531,13797804
2020-08-24,32.9915,33.7304,32.9838,33.715,16289569
2020-08-25,33.6919,33.6996,33.2378,33.4148,8976671
2020-08-26,33.1146,34.1461,33.0299,34.0229,15394889
2020-08-27,34.3,34.4848,34.0537,34.2846,15276773
2020-08-28,34.2769,34.3077,33.8151,34.3,11710432
2020-08-31,34.0691,34.7388,34.0614,34.4925,26566273
2020-09-01,34.2077,34.708,34.0537,34.6772,18077007
2020-09-02,34.6772,35.3546,34.6464,34.7696,21789314
2020-09-03,35.1083,35.3623,33.9383,34.2077,19755612
2020-09-04,34.5694,34.6156,33.792,34.2,17287214
2020-09-08,33.7227,34.0691,33.1916,33.7227,22297739
2020-09-09,33.8613,34.631,33.6457,34.3308,16454100
2020-09-10,34.3693,34.6464,33.7612,33.8844,17097181
2020-09-11,33.9382,34.4386,33.8459,34.3847,19543385
2020-09-14,34.6541,35.0159,34.4155,34.8466,12201892
2020-09-15,34.7619,35.9781,34.6772,35.7626,19649765
2020-09-16,36.2167,36.5631,35.9473,36.032,28090802
2020-09-17,35.3623,35.7395,34.6541,35.0852,22677485
2020-09-18,35.0082,35.293,34.0922,34.8389,42280942
2020-09-21,34.5771,34.9774,33.4148,34.3924,34418966
2020-09-22,34.5925,35.7779,34.5156,35.5547,35103553
2020-09-23,35.5624,35.701,34.8312,34.9158,20989170
2020-09-24,34.785,35.47,34.5694,35.1775,15472140
2020-09-25,34.9081,35.6625,34.8081,35.5239,13397252
2020-09-28,36.0935,36.2321,35.5932,35.9935,17294790
2020-09-29,36.0628,36.0781,35.5393,35.5624,12669345
2020-09-30,35.8241,35.9627,35.216,35.6086,29766419
2020-10-01,35.8472,36.0012,35.5393,35.7472,16564535
2020-10-02,35.2545,35.4008,34.7234,34.7542,19316861
2020-10-05,34.8696,35.3546,34.6541,35.2622,13443560
2020-10-06,35.0301,35.2158,34.3261,34.4344,19111250
2020-10-07,34.8367,34.8986,34.241,34.7826,19023756
2020-10-08,34.8831,35.1152,34.682,35.0456,16395522
2020-10-09,35.1075,35.3009,34.566,34.6975,26785861
2020-10-12,35.0456,35.7883,34.7516,35.5794,20827947
2020-10-13,35.6877,35.827,35.1075,35.502,14782645
2020-10-14,35.4324,35.5949,34.8058,35.0301,16351775
2020-10-15,34.8367,34.9296,34.4499,34.8986,13769422
2020-10-16,34.9914,35.502,34.7361,35.2467,14256080
2020-10-19,35.2467,35.4015,34.1946,34.2952,18694267
2020-10-20,34.5273,34.5505,34.1404,34.2488,14017606
2020-10-21,34.0399,34.7361,34.0167,34.4422,14083226
2020-10-22,34.4267,34.9992,34.3184,34.8986,17025692
2020-10-23,35.123,35.239,34.5041,34.8599,11234656
2020-10-26,34.5892,34.6743,33.6917,33.8619,16682118
2020-10-27,33.7304,33.9161,33.5448,33.6066,11880938
2020-10-28,33.1966,33.3281,32.423,32.4771,21613365
2020-10-29,32.5545,33.8001,32.4075,33.3127,21718145
2020-10-30,32.8562,33.3049,32.2992,32.6783,23475921
2020-11-02,33.0728,33.2121,31.6958,32.0284,26120587
2020-11-03,32.4539,33.2508,32.2992,32.9723,22152627
2020-11-04,34.2488,34.5118,33.5757,33.8078,24609395
2020-11-05,34.4886,34.6665,34.2023,34.3106,20163526
2020-11-06,34.4808,34.5814,34.0012,34.4499,15075750
2020-11-09,36.8249,37.3123,36.1442,36.5,39966406
2020-11-10,35.7187,37.1035,35.5485,36.9565,22517008
2020-11-11,36.9642,37.1112,36.4536,36.8791,12633280
2020-11-12,36.8482,37.204,36.5542,37.1189,21361767
2020-11-13,36.9874,38.1014,36.9255,37.908,18173784
2020-11-16,38.2175,38.4883,38.1014,38.3258,20728182
2020-11-17,38.055,38.6739,37.8926,38.5115,20727542
2020-11-18,38.3722,38.9756,37.939,38.0163,19503906
2020-11-19,38.0705,38.4805,37.908,38.2794,14387962
2020-11-20,38.1247,38.4341,37.9854,38.0396,21158610
2020-11-23,37.9777,38.6662,37.7456,38.5347,15660146
2020-11-24,38.6817,40.608,38.6198,40.492,33881518
2020-11-25,40.3605,40.3837,39.2851,40.0742,20616681
2020-11-27,39.6951,40.3914,39.6951,40.0355,6662028
2020-11-30,39.5559,39.8266,38.5579,38.8673,36661907
2020-12-01,39.2619,39.6642,38.7668,39.4708,15332363
2020-12-02,39.4012,39.7183,39.3083,39.494,15405346
2020-12-03,39.2774,40.0123,39.2077,39.9118,15660572
2020-12-04,40.0355,40.1593,39.8344,39.9891,13079393
2020-12-07,39.904,40.2444,39.641,40.1748,13013025
2020-12-08,39.6874,40.0742,39.6178,39.7725,14247011
2020-12-09,39.935,40.5074,39.5713,39.6564,18488336
2020-12-10,39.6719,39.6719,38.8751,39.053,18463475
2020-12-11,39.1226,39.5404,38.7822,39.4012,20956093
2020-12-14,39.3393,39.6642,39.2619,39.4476,14944082
2020-12-15,39.7493,40.3063,39.6874,39.8499,20133223
2020-12-16,39.9814,40.2831,39.463,39.788,14009497
2020-12-17,39.8731,40.1361,39.5172,39.7338,14367048
2020-12-18,39.8885,39.9195,38.9911,39.3779,33760307
2020-12-21,39.084,39.1845,38.2794,38.9679,20990451
2020-12-22,38.6817,38.9215,38.5269,38.6971,14660367
2020-12-23,38.7977,38.8906,38.4109,38.7126,13800791
2020-12-24,38.8364,39.0221,38.7513,38.9757,4134945
2020-12-28,39.2851,39.7338,39.0917,39.5404,14415917
2020-12-29,39.5791,40.0201,39.4863,39.8808,11998628
2020-12-30,39.9891,40.1748,39.6023,39.6178,10620918
2020-12-31,39.7338,40.6003,39.641,40.5384,12431830
2021-01-04,40.4456,40.5384,38.3877,39.0762,23796341
2021-01-05,38.983,39.0918,38.2369,38.8431,19050858
2021-01-06,38.1747,39.457,38.1592,39.2938,24063624
2021-01-07,39.0141,39.6203,38.9363,39.3716,21586264
2021-01-08,39.1384,40.1487,39.0995,40.0555,23623807
2021-01-11,40.2109,40.2109,39.4259,40.0399,20053518
2021-01-12,39.8612,40.0632,38.5555,38.8664,22406467
2021-01-13,38.5633,39.1539,38.4856,38.983,17314209
2021-01-14,38.983,39.0685,38.4234,38.5322,20066002
2021-01-15,38.2447,38.2835,37.4208,37.8405,27713298
2021-01-19,37.825,38.1514,37.5452,37.9649,20215702
2021-01-20,38.0737,38.2136,37.8172,37.9882,16873751
2021-01-21,37.6929,38.2913,37.4908,38.1825,24116654
2021-01-22,37.9571,38.0348,37.5063,37.8327,14896067
2021-01-25,37.6929,38.1825,37.553,38.0581,17422403
2021-01-26,38.198,39.0218,37.9882,38.9286,25140867
2021-01-27,38.4467,39.0374,37.553,37.6307,26322890
2021-01-28,38.8586,40.6383,38.6876,40.1021,31117028
2021-01-29,39.0995,39.7912,38.4623,38.5244,29321373
2021-02-01,38.7498,39.1384,38.1592,38.9752,17995702
2021-02-02,39.1306,40.0088,38.913,39.7757,18524614
2021-02-03,39.8301,40.0477,39.185,39.2239,18409271
2021-02-04,39.1151,40.0244,39.0374,39.9855,19961543
2021-02-05,40.3042,40.4674,39.5892,39.7213,15154601
2021-02-08,39.6824,40.4751,39.6513,40.2964,15756496
2021-02-09,40.413,41.1824,39.9156,40.9725,16101030
2021-02-10,41.2212,41.2368,40.444,40.9958,17533691
2021-02-11,41.128,41.4311,40.8093,41.3689,11925219
2021-02-12,41.4388,41.6564,41.1513,41.3689,10790891
2021-02-16,41.1901,41.3689,40.8326,41.0658,11542806
2021-02-17,40.9803,41.3844,40.7316,41.1824,11714060
2021-02-18,40.9414,41.0891,40.615,40.8482,15507245
2021-02-19,40.7316,40.8793,40.2342,40.4907,16158115
2021-02-22,40.3897,41.0813,40.2653,40.8016,14381346
2021-02-23,41.0347,41.5166,40.4751,41.4544,19500492
2021-02-24,40.856,41.602,40.856,41.501,20588619
2021-02-25,41.2601,41.5088,40.3741,40.5995,24118148
2021-02-26,40.6228,41.5476,40.3275,40.9725,24309034
2021-03-01,41.3611,42.5191,41.0969,42.317,18530909
2021-03-02,42.2082,42.5735,42.0217,42.1616,15986968
2021-03-03,41.9051,42.589,41.6875,41.7575,24286200
2021-03-04,41.8274,42.9388,41.6564,41.9129,30075529
2021-03-05,42.5036,42.9543,41.9129,42.8144,23530231
2021-03-08,42.6046,43.3895,42.488,43.1175,26997661
2021-03-09,43.1097,43.6149,42.83,43.1875,26987844
2021-03-10,43.5994,44.8351,43.3429,44.462,25176719
2021-03-11,44.0035,44.8429,43.9957,44.2133,18662043
2021-03-12,44.1822,44.6019,43.6849,44.3688,19599083
2021-03-15,44.4776,44.7573,43.9335,44.7107,15720218
2021-03-16,44.7574,45.5345,44.5864,45.1071,16166864
2021-03-17,44.6097,44.9828,43.9569,44.6874,20526199
2021-03-18,44.0501,44.3921,43.3662,43.4206,20206526
2021-03-19,43.1486,43.5527,42.9543,43.102,36232226
2021-03-22,43.2885,43.9258,42.9388,43.8092,19518631
2021-03-23,43.8792,44.0812,43.5217,43.6305,15702612
2021-03-24,43.5605,43.918,43.4128,43.4595,16806530
2021-03-25,43.6538,43.9102,43.0787,43.7548,18632701
2021-03-26,43.6771,43.9569,41.8585,42.8844,25743829
2021-03-29,42.7678,43.2263,42.0994,42.8921,21839569
2021-03-30,43.0398,43.1486,42.4025,42.729,13019214
2021-03-31,42.5735,42.6435,41.944,42.0528,23448712
2021-04-01,42.4491,42.8066,42.1461,42.5502,17781555
2021-04-05,42.4181,42.8377,42.317,42.589,15832039
2021-04-06,42.4563,42.9794,42.2689,42.8155,16593877
2021-04-07,43.0185,43.0341,42.347,42.6281,18493031
2021-04-08,42.6125,42.6515,42.2377,42.4173,11502580
2021-04-09,42.0035,42.066,40.9573,41.8239,19425695
2021-04-12,41.7381,41.9254,41.4726,41.6287,15819555
2021-04-13,41.7615,42.1518,41.5819,42.0659,16840461
2021-04-14,41.7849,42.066,41.496,41.6131,14228018
2021-04-15,41.9332,42.55,41.7771,42.2689,19558750
2021-04-16,42.9404,43.3307,42.6203,43.0263,20533455
2021-04-19,42.8701,42.9482,42.0894,42.2689,18144548
2021-04-20,42.0113,42.3704,41.8942,42.2846,15312730
2021-04-21,42.1674,42.7608,41.9801,42.6749,17202494
2021-04-22,42.4017,42.7374,42.269,42.4719,16023779
2021-04-23,42.3939,42.714,42.1362,42.4641,13073204
2021-04-26,42.4563,42.6125,42.1674,42.4095,13660054
2021-04-27,42.5188,42.7608,42.3314,42.3939,13252247
2021-04-28,42.2768,42.6125,42.1206,42.2377,13403441
2021-04-29,43.7055,44.1037,43.159,44.0334,23164997
2021-04-30,44.0178,44.0178,42.7296,43.8382,23375196
2021-05-03,44.0646,44.4784,43.8538,44.1661,15470326
2021-05-04,44.0022,44.3847,43.8616,44.213,27010145
2021-05-05,44.5097,44.5253,43.9241,44.0412,19055340
2021-05-06,44.2442,44.5799,44.0724,44.4862,13951879
2021-05-07,44.7048,45.6105,44.2676,45.3685,19043069
2021-05-10,45.548,46.1492,44.8844,44.9,20509020
2021-05-11,44.9078,45.1108,44.4628,44.8922,16429133
2021-05-12,44.4316,44.6111,44.1583,44.2052,20565785
2021-05-13,44.0256,45.3294,44.0256,44.8063,16693215
2021-05-14,45.1655,45.9696,44.7985,45.8135,16927315
2021-05-17,45.3841,45.4934,43.0263,43.2995,33647418
2021-05-18,43.4088,43.6821,42.6905,42.9013,37027141
2021-05-19,42.6359,42.6515,41.902,42.347,19827528
2021-05-20,42.2533,43.198,42.2299,42.9716,16343452
2021-05-21,43.198,43.3229,42.8779,43.0028,17551403
2021-05-24,43.2292,43.5415,42.8389,43.4557,14091229
2021-05-25,43.9007,43.9007,43.3307,43.4869,12797491
2021-05-26,43.6508,44.9156,43.4166,44.3847,25308386
2021-05-27,44.5097,44.8688,44.3379,44.7673,27231014
2021-05-28,45.0327,45.1733,44.6736,44.7673,13889886
2021-06-01,45.2123,45.2201,44.3769,44.4628,12878903
2021-06-02,44.5253,44.5253,43.9007,44.2598,14742206
2021-06-03,44.1271,44.213,43.604,44.0256,11386384
2021-06-04,44.2364,44.6658,44.0568,44.5018,12072998
2021-06-07,44.291,44.6892,44.213,44.4394,11843060
2021-06-08,44.3379,44.455,43.8226,44.0568,15733555
2021-06-09,44.3379,44.4394,43.8929,43.9241,9838700
2021-06-10,44.0802,44.5331,43.9944,44.1895,13202311
2021-06-11,44.1505,44.416,44.049,44.4082,10390339
2021-06-14,44.3301,44.7283,43.9241,44.7205,13309651
2021-06-15,44.7126,45.103,44.6736,44.7517,12902911
2021-06-16,45.0249,45.3606,44.3769,44.5955,15962320
2021-06-17,44.4862,45.1811,44.3067,44.9078,16591210
2021-06-18,44.697,44.8766,44.0646,44.2754,28513121
2021-06-21,44.4862,44.8141,44.3925,44.7205,13834829
2021-06-22,44.861,45.1342,44.7283,44.9937,15284242
2021-06-23,44.8688,45.1264,42.8701,43.3151,36279814
2021-06-24,43.4869,43.9631,43.4088,43.768,21896441
2021-06-25,43.6899,44.1896,43.643,44.049,18438507
2021-06-28,44.213,44.2598,43.5806,43.7992,14387321
2021-06-29,43.8538,44.5253,43.8538,44.1427,13333659
2021-06-30,44.1349,44.6112,44.0178,44.5175,13855102
2021-07-01,44.5565,45.2748,44.5175,45.0874,10706171
2021-07-02,45.2826,45.6964,45.1498,45.6105,11383290
2021-07-06,45.4694,45.6889,44.6382,45.2106,13728662
2021-07-07,45.4615,45.7124,45.2655,45.6105,13731223
2021-07-08,45.3204,45.7673,45.0146,45.6575,22923001
2021-07-09,45.6497,46.0339,45.485,45.5007,15729074
2021-07-12,45.6811,45.7673,45.1008,45.6811,12351912
2021-07-13,45.6811,45.83,45.242,45.3361,12128696
2021-07-14,45.5791,45.6183,45.1714,45.2969,10431846
2021-07-15,45.1949,45.5791,45.0773,45.438,13612039
2021-07-16,45.4145,45.7516,45.0851,45.1244,13241043
2021-07-19,45.0695,45.14,44.1599,44.403,19512763
2021-07-20,44.4814,45.0381,44.3167,44.7558,18752845
2021-07-21,44.6382,45.5634,44.5049,45.3282,14927650
2021-07-22,45.3439,45.4537,44.6069,45.3125,14273686
2021-07-23,45.4145,45.9398,45.3047,45.7595,9123704
2021-07-26,45.6419,46.0809,45.4772,46.0261,12372292
2021-07-27,46.0025,46.324,45.6967,45.9163,12404195
2021-07-28,45.6732,45.9006,44.9911,45.4615,14126653
2021-07-29,46.4181,46.8101,45.5242,45.5634,21094163
2021-07-30,45.5321,46.4416,45.4066,46.128,23984346
2021-08-02,46.2299,46.473,45.485,45.8457,12413798
2021-08-03,46.0261,46.0653,44.8813,45.6575,11958403
2021-08-04,45.485,45.8143,45.0773,45.4537,10144609
2021-08-05,45.7124,45.9712,45.4929,45.7438,9307975
2021-08-06,45.634,46.2378,45.587,46.0182,11298570
2021-08-09,45.9947,46.0182,45.5007,45.6967,12931186
2021-08-10,45.6497,45.8379,45.5164,45.83,8780663
2021-08-11,46.1907,46.3789,45.8457,46.3319,9442630
2021-08-12,46.3005,46.3711,45.9398,46.2848,9938998
2021-08-13,46.5514,46.6533,46.2534,46.5122,8048061
2021-08-16,46.3711,46.7161,46.1515,46.4573,13040127
2021-08-17,46.3554,46.6533,46.1123,46.6298,13776677
2021-08-18,46.6298,46.7945,46.2456,46.2848,13352438
2021-08-19,46.2848,46.426,45.8849,46.2299,11160927
2021-08-20,46.1515,46.8023,46.0261,46.5828,12311259
2021-08-23,46.3475,47.1395,46.2613,46.8886,13251927
2021-08-24,46.9356,47.0846,46.5749,46.6768,10257605
2021-08-25,46.6612,46.9042,46.4259,46.6376,8276719
2021-08-26,46.7239,46.8101,46.2378,46.2613,8662546
2021-08-27,46.3475,46.6612,46.2299,46.5749,14009283
2021-08-30,46.4416,46.8494,46.3397,46.818,12798772
2021-08-31,46.6298,47.6413,46.5828,47.5786,17838853
2021-09-01,47.8373,48.2372,47.4845,47.9392,16047787
2021-09-02,48.1196,48.4567,48.049,48.4175,10908688
2021-09-03,48.1431,48.4567,48.0882,48.394,8621787
2021-09-07,48.1666,48.2764,47.2022,47.2806,17049593
2021-09-08,47.1708,47.4531,47.0767,47.1551,17872677
2021-09-09,47.3355,47.3355,46.5984,46.7004,11086664
2021-09-10,46.6063,46.9278,46.3083,46.4965,10895350
2021-09-13,47.0297,47.508,46.6768,47.0219,14956993
2021-09-14,47.3198,47.7118,43.4386,43.5875,58417503
2021-09-15,43.517,45.2263,43.517,44.6931,39523174
2021-09-16,44.8891,45.2655,44.2227,44.9127,19836384
2021-09-17,44.6382,45.2028,44.5441,44.7794,25350426
2021-09-20,44.6069,44.6853,43.7992,44.2932,20579442
2021-09-21,44.6696,44.9283,43.713,43.9561,14615766
2021-09-22,44.5912,44.7401,43.8384,43.9247,18681143
2021-09-23,43.9639,44.6069,43.8071,44.0423,16276765
2021-09-24,43.8463,44.2854,43.713,44.0972,12182793
2021-09-27,43.7914,44.1678,43.713,44.1364,10870703
2021-09-28,43.5562,43.7757,42.8113,42.9289,22819609
2021-09-29,43.0857,44.058,42.8975,43.8541,18060896
2021-09-30,43.9168,44.6304,43.8463,43.8541,20760939
2021-10-01,44.2148,45.0695,43.9717,44.8578,16527297
2021-10-04,44.8499,44.8499,44.3167,44.5206,15217021
2021-10-05,44.3631,45.1349,44.3158,44.7254,16667074
2021-10-06,44.1741,44.8671,44.0323,44.812,24375508
2021-10-07,45.2215,45.6468,45.1113,45.2058,14765573
2021-10-08,44.875,44.875,42.977,43.0794,25618350
2021-10-11,42.473,42.6068,41.0869,41.1262,34074538
2021-10-12,41.2444,41.4491,40.5671,41.2129,29525064
2021-10-13,41.9295,41.9768,41.0396,41.4964,21284729
2021-10-14,41.5594,42.7722,41.5594,42.5202,22343514
2021-10-15,42.725,42.9534,42.2839,42.5438,20141332
2021-10-18,42.2209,42.3233,41.6539,41.9138,21453209
2021-10-19,42.2997,42.725,42.1264,42.7171,16362445
2021-10-20,42.9376,43.2211,42.4572,43.0872,13506833
2021-10-21,43.1109,43.1109,42.3548,42.5517,14603602
2021-10-22,42.5675,42.8037,42.1343,42.7013,15905662
2021-10-25,42.6305,42.7486,42.2524,42.5911,14373664
2021-10-26,42.6305,42.8116,42.1658,42.3391,14347309
2021-10-27,42.3469,42.4178,41.0554,41.2995,24370600
2021-10-28,39.6929,41.5358,39.2203,40.8742,22577080
2021-10-29,40.5907,41.394,40.2599,40.5041,28727908
2021-11-01,40.5434,41.4964,40.5119,41.1577,20328697
2021-11-02,41.3152,41.7011,40.8585,41.457,16506277
2021-11-03,41.331,41.8114,41.1577,41.7011,17404797
2021-11-04,41.5751,41.9374,41.0554,41.5279,17693101
2021-11-05,42.024,42.788,41.9847,42.4493,18805662
2021-11-08,42.3942,42.5596,41.9138,42.1264,14328103
2021-11-09,42.0241,42.536,41.9453,42.3312,14406527
2021-11-10,42.3548,42.9927,42.3548,42.662,17362224
2021-11-11,42.5911,42.6777,42.087,42.2603,11573002
2021-11-12,42.4415,42.5202,41.8665,42.1343,12910913
2021-11-15,42.0949,42.3154,41.9295,42.0398,10638203
2021-11-16,42.1028,42.3154,41.7878,41.835,13714791
2021-11-17,41.8508,42.3627,41.6775,42.3154,15706347
2021-11-18,41.8587,42.2209,41.4885,41.5673,16061338
2021-11-19,41.5358,41.5751,40.6458,40.8821,19447355
2021-11-22,40.7561,41.3704,40.2757,40.5671,19200238
2021-11-23,40.7718,41.3625,40.5671,40.9845,20821545
2021-11-24,40.8821,41.0553,40.5513,40.8585,10800387
2021-11-26,40.2284,40.4568,39.9213,40.2442,13737412
2021-11-29,40.6143,40.764,40.0237,40.5828,20384075
2021-11-30,40.4017,40.4017,39.2282,39.3621,33628852
2021-12-01,40.2678,40.4804,38.6297,38.6533,22658705
2021-12-02,39.1888,40.9215,39.1258,40.5592,27911013
2021-12-03,40.5119,41.1499,40.4883,40.7797,23848944
2021-12-06,41.1105,41.9925,41.0002,41.2286,23829845
2021-12-07,41.1892,41.8902,38.3698,39.0471,49174722
2021-12-08,38.8029,39.2518,38.2674,38.543,39058069
2021-12-09,38.3304,38.4485,37.4798,37.6531,37396429
2021-12-10,38.0233,38.2044,37.6295,38.1571,29732382
2021-12-13,37.787,38.1178,37.3696,37.5743,32200246
2021-12-14,36.456,38.5903,36.456,38.4013,37056483
2021-12-15,37.913,38.3619,37.6216,37.9445,24584107
2021-12-16,38.2359,38.9998,38.1335,38.4643,30303760
2021-12-17,37.9681,38.7872,37.8342,38.3934,44217974
2021-12-20,37.9996,38.3383,37.787,38.1178,20263610
2021-12-21,38.2989,38.8423,38.1178,38.48,21079972
2021-12-22,38.417,38.7163,38.1414,38.6139,28330984
2021-12-23,38.8817,39.5511,38.8344,39.4015,19654140
2021-12-27,39.3936,39.8425,39.1101,39.748,17521954
2021-12-28,39.748,40.1812,39.622,39.7795,9904748
2021-12-29,39.874,39.9843,39.622,39.8425,12852655
2021-12-30,39.9449,40.3229,39.7953,39.8425,12103088
2021-12-31,40,40.3938,39.6062,39.6377,13172542
2022-01-03,39.3621,40.126,39.1495,39.9607,22093302
2022-01-04,40.1348,40.3801,39.5095,39.7232,26240518
2022-01-05,40.024,40.5226,39.6916,39.747,22116669
2022-01-06,39.9132,40.3485,39.7232,39.9765,19513509
2022-01-07,39.8498,40.0398,39.5491,39.6124,19093432
2022-01-10,39.8657,40.301,39.4699,39.9844,21571219
2022-01-11,40.0319,40.5068,39.8578,40.4751,20098225
2022-01-12,40.7046,40.9104,40.2218,40.3247,19198104
2022-01-13,40.206,40.9025,39.6678,40.5859,19125655
2022-01-14,40.7363,41.2349,40.4751,40.9025,20048823
2022-01-18,40.4197,40.673,39.6203,39.7153,24929922
2022-01-19,39.739,40.1902,39.185,39.834,19048404
2022-01-20,39.9765,40.855,39.6916,39.747,21395804
2022-01-21,39.8736,40.3247,39.2958,39.3591,35376812
2022-01-24,40.016,40.5226,38.6072,39.6282,44367887
2022-01-25,38.9872,39.6045,38.6389,39.3116,34308638
2022-01-26,39.1929,39.8499,37.887,38.354,36514127
2022-01-27,35.9875,39.6282,35.9875,37.9978,52462363
2022-01-28,37.895,39.4858,37.7762,39.3512,36766686
2022-01-31,39.0109,39.652,38.8051,39.5649,26110237
2022-02-01,38.9001,39.5808,38.6943,39.5254,25063617
2022-02-02,39.5253,39.7707,39.0663,39.5649,21639294
2022-02-03,39.9211,40.3485,39.2483,39.2879,30320299
2022-02-04,38.908,39.3196,38.5598,39.0426,24757708
2022-02-07,39.1375,39.2009,38.5519,38.6706,20309278
2022-02-08,38.8447,39.2088,38.6468,38.9476,19168122
2022-02-09,39.1771,39.4066,38.9792,39.3908,20425474
2022-02-10,38.7418,39.2642,38.5835,38.7181,23029488
2022-02-11,38.5756,39.0426,37.5942,37.6892,28075544
2022-02-14,38.0691,38.2986,37.2539,37.515,26121867
2022-02-15,37.7604,38.2432,37.7446,38.0295,22500683
2022-02-16,37.9266,38.1957,37.7129,38.0612,15847191
2022-02-17,37.705,37.7208,36.9373,37.0164,21947123
2022-02-18,37.0243,37.3172,36.7473,36.9135,22642167
2022-02-22,37.1985,37.5704,36.8977,37.151,23085079
2022-02-23,37.056,37.1985,35.4573,35.7184,38709800
2022-02-24,35.1961,36.4545,35.0378,36.4149,31779528
2022-02-25,36.5574,37.5625,36.407,37.2539,32481507
2022-02-28,36.7711,37.3014,36.4862,37.0085,31822955
2022-03-01,36.5178,37.1589,36.2566,36.7157,23306908
2022-03-02,36.9927,37.2776,36.6049,36.7078,27719273
2022-03-03,37.0956,37.705,36.961,37.2934,24681417
2022-03-04,37.1193,37.515,36.7236,37.3647,22800403
2022-03-07,37.1985,37.523,36.3279,36.6444,32776853
2022-03-08,36.6761,37.4359,36.4703,36.5099,26240411
2022-03-09,37.0243,37.3093,36.3912,36.502,21461318
2022-03-10,36.0825,36.2725,35.576,35.9242,19397527
2022-03-11,36.3753,36.6049,35.576,35.6314,20896982
2022-03-14,35.9005,36.2171,35.4889,35.5918,18741001
2022-03-15,36.0588,36.2091,35.7026,36.0429,24353421
2022-03-16,36.1062,36.6761,35.6314,36.589,21454916
2022-03-17,36.589,36.8027,35.9717,36.7869,18091625
2022-03-18,36.6524,37.1747,36.3595,37.1272,37542822
2022-03-21,37.1114,37.3014,36.5574,36.9373,19082975
2022-03-22,37.3093,37.5942,37.1747,37.3726,16442043
2022-03-23,37.3172,37.4755,36.8186,36.8186,17316983
2022-03-24,37.1035,37.2143,36.7473,37.0402,14271552
2022-03-25,37.238,37.4913,37.0797,37.3014,16017271
2022-03-28,37.3251,37.6338,36.9848,37.6179,20236082
2022-03-29,37.9741,38.1482,37.5071,37.8158,21830073
2022-03-30,37.6496,37.8633,37.523,37.7446,16487284
2022-03-31,37.887,37.9266,37.056,37.056,22606102
2022-04-01,37.3251,37.8316,37.0797,37.7525,16079903
2022-04-04,37.7446,38.2115,37.6971,38.077,16164303
2022-04-05,37.7427,38.4352,37.7347,38.1009,16476614
2022-04-06,38.1088,38.4033,37.7506,37.9894,22776716
2022-04-07,37.886,38.0292,37.0821,37.5278,20092677
2022-04-08,37.5039,37.87,37.0423,37.7427,19439566
2022-04-11,37.9258,38.5386,37.8462,37.8939,21613152
2022-04-12,38.2043,38.3476,37.5119,37.6074,14833541
2022-04-13,37.679,38.2362,37.5835,38.1327,15439277
2022-04-14,38.1964,38.3954,37.7984,37.87,17648287
2022-04-18,37.9337,38.2123,37.1298,37.297,15833640
2022-04-19,37.2094,38.3794,37.2015,38.2919,22874880
2022-04-20,38.1247,38.2521,37.679,37.7268,24066932
2022-04-21,37.8382,38.3556,37.2731,37.3606,23844569
2022-04-22,37.3049,37.4084,36.0792,36.119,31987486
2022-04-25,36.1509,36.509,35.7051,36.3817,29964774
2022-04-26,36.0474,36.4931,35.4106,35.4743,31183075
2022-04-27,35.5061,35.8802,35.0843,35.3788,27259609
2022-04-28,34.0098,34.7978,32.4418,33.19,53279578
2022-04-29,32.8,33.2855,31.5265,31.6459,47090765
2022-05-02,31.8847,32.3623,31.5186,32.1951,40131791
2022-05-03,32.4339,32.4578,31.8131,32.1314,26004177
2022-05-04,32.219,33.1821,31.9882,33.1263,28958914
2022-05-05,32.7363,33.1104,31.8688,32.1394,32266614
2022-05-06,32.0359,32.1712,31.4151,31.8369,39047505
2022-05-09,31.8369,32.1473,31.5106,31.6459,39132865
2022-05-10,32.0757,32.6727,31.7971,32.0757,33469976
2022-05-11,32.1314,32.4737,31.5265,31.7096,33884719
2022-05-12,31.7494,32.999,31.6618,32.9433,42257788
2022-05-13,32.6806,33.3492,32.6727,33.0149,31672935
2022-05-16,33.0627,33.5561,32.9194,33.3253,22423752
2022-05-17,33.4925,34.1531,33.3731,34.0974,19670679
2022-05-18,33.9939,34.1849,33.3731,33.5323,25136599
2022-05-19,33.3651,33.771,33.2696,33.4447,18591088
2022-05-20,33.7312,33.97,32.7761,33.4367,25955522
2022-05-23,33.9621,34.3043,33.4606,34.1292,21617847
2022-05-24,33.9859,34.3043,33.4925,34.2804,22323027
2022-05-25,34.2406,34.9331,34.0257,34.7819,17694381
2022-05-26,34.8137,35.4106,34.8137,35.1241,26064463
2022-05-27,35.1241,35.53,35.0047,35.148,19284425
2022-05-31,34.949,35.5459,34.6067,35.2435,26941323
2022-06-01,35.4584,35.4664,34.5988,34.9649,19185407
2022-06-02,34.6704,34.8933,34.2168,34.8615,17864568
2022-06-03,34.758,34.8455,34.0735,34.169,20988637
2022-06-06,34.3043,34.4874,33.4368,33.6517,21494182
2022-06-07,33.389,33.9939,33.2139,33.9302,15455495
2022-06-08,33.8427,34.567,33.7631,34.0974,18351120
2022-06-09,34.0257,34.2725,33.5561,33.5721,23113674
2022-06-10,33.2855,33.4447,33.0467,33.1343,22729447
2022-06-13,32.6727,32.7841,31.8927,31.9961,34198524
2022-06-14,32.2031,32.601,31.5345,31.7096,25295369
2022-06-15,32.0996,32.5692,31.6061,31.9404,33895389
2022-06-16,31.439,31.4629,29.8949,30.1735,38455107
2022-06-17,30.1735,30.8898,30.1735,30.8102,55635087
2022-06-21,31.0331,31.2798,30.468,30.6271,31123323
2022-06-22,30.5157,31.3037,30.3884,30.9614,28614593
2022-06-23,30.9853,31.2002,30.6192,31.1286,28413463
2022-06-24,30.9773,31.5424,30.9694,31.4947,28474922
2022-06-27,31.5424,31.8608,31.439,31.7016,19373306
2022-06-28,31.8608,32.2906,31.1206,31.1445,18464435
2022-06-29,31.2639,31.3674,30.85,31.3037,18117767
2022-06-30,31.049,31.5663,30.6431,31.232,23011242
2022-07-01,31.3355,32.1474,31.2639,32.0678,17259685
2022-07-05,31.5309,31.9155,31.1783,31.9155,20614867
2022-07-06,32.0277,32.1399,31.7392,31.9155,21352057
2022-07-07,31.8194,32.1239,31.579,32.0037,20292633
2022-07-08,31.9796,32.22,31.6511,32.0197,13978127
2022-07-11,31.8995,32.0037,31.2585,31.3867,22360799
2022-07-12,31.5149,32.3402,31.3546,31.8514,26460213
2022-07-13,31.5469,32.1719,31.2264,31.9556,18132918
2022-07-14,31.4668,31.7713,31.2905,31.7152,17565488
2022-07-15,32.0037,32.7969,31.9636,32.7729,23626261
2022-07-18,32.7729,32.9973,32.4043,32.4844,17722870
2022-07-19,32.9171,33.1735,32.7489,33.1014,16125144
2022-07-20,33.1896,33.6383,32.813,33.5101,17924853
2022-07-21,33.3178,33.9588,32.9652,33.8707,20835309
2022-07-22,33.9829,34.3835,33.8306,34.1351,25713206
2022-07-25,34.3675,34.3675,33.7745,34.0309,17971374
2022-07-26,33.8226,34.3274,33.8226,34.2312,27080994
2022-07-27,34.055,35.0325,33.9989,34.7521,29251378
2022-07-28,31.7232,32.3081,31.2344,31.579,49754103
2022-07-29,31.3226,31.3386,29.3033,30.0645,57761725
2022-08-01,29.6719,30.1447,29.4555,30.0565,28357766
2022-08-02,30.1206,30.5052,30.0004,30.1927,27275188
2022-08-03,30.3049,30.962,30.1607,30.8338,29531893
2022-08-04,30.9139,31.4267,30.7376,31.1944,21247491
2022-08-05,30.2648,30.7857,30.2648,30.6655,22142597
2022-08-08,31.0661,31.5549,30.8578,30.9219,16754354
2022-08-09,30.9219,31.0421,30.337,30.5774,18717207
2022-08-10,31.0661,31.3065,30.8979,31.2184,19661182
2022-08-11,31.3867,31.9235,31.3546,31.571,16072861
2022-08-12,31.8755,32.1078,31.603,32.0517,18064737
2022-08-15,31.7232,32.5565,31.5709,32.5085,20279082
2022-08-16,32.1799,32.5005,32.0037,32.3402,18823801
2022-08-17,32.0357,32.1158,31.3145,31.4588,19683696
2022-08-18,31.4748,31.579,30.7777,30.9379,30982372
2022-08-19,30.7617,31.0822,30.5613,30.994,21011577
2022-08-22,30.954,30.954,30.0806,30.1447,22834013
2022-08-23,30.1687,30.2969,29.8241,29.8402,17611582
2022-08-24,29.8161,30.1767,29.7039,29.736,18852076
2022-08-25,29.8802,30.2168,29.6719,30.1286,23016257
2022-08-26,30.2488,30.5132,29.4716,29.4876,23199034
2022-08-29,29.4235,29.5517,29.0469,29.0789,24853951
2022-08-30,29.2632,29.2953,28.5341,28.6222,25290674
2022-08-31,29.0549,29.2232,28.8706,28.9988,34654346
2022-09-01,28.9668,29.5918,28.9668,29.5677,24252056
2022-09-02,29.5998,29.6719,28.5661,28.6543,21437417
2022-09-06,28.8305,28.8305,27.7167,27.8369,31841627
2022-09-07,27.861,28.1094,27.7167,28.0292,35412450
2022-09-08,27.9731,27.9731,27.0356,27.5404,41693772
2022-09-09,27.5965,28.4459,27.5164,28.3898,30190765
2022-09-12,28.6222,28.7664,28.3417,28.5982,23240327
2022-09-13,28.1014,28.1735,26.7712,26.8113,38369960
2022-09-14,27.268,27.8129,26.9635,27.6206,33878530
2022-09-15,27.6046,27.7247,27.0196,27.244,39478467
2022-09-16,27.3161,27.8129,27.1879,27.6606,55798232
2022-09-19,27.5324,27.861,27.244,27.6126,24976229
2022-09-20,27.236,27.4283,26.9235,27.1158,28407808
2022-09-21,27.26,27.3161,26.1863,26.2023,39194858
2022-09-22,26.1222,26.3786,25.8818,26.018,26870154
2022-09-23,25.9379,25.9699,25.2007,25.5132,29287550
2022-09-26,25.369,25.5212,24.4635,24.752,36436983
2022-09-27,25.0645,25.1686,24.0388,24.2471,36665641
2022-09-28,24.5757,25.1526,24.3593,24.9683,28175949
2022-09-29,24.7279,24.7279,24.0388,24.3834,30373756
2022-09-30,24.5596,24.5596,23.4619,23.5019,33524713
2022-10-03,23.9106,24.6558,23.7103,24.5436,36646755
2022-10-04,24.6487,25.1418,24.5759,25.0529,30071688
2022-10-05,24.681,24.9882,24.3658,24.8508,23828991
2022-10-06,24.7619,24.8346,24.2445,24.293,34686783
2022-10-07,24.1556,24.2364,23.6058,23.6624,30783590
2022-10-10,23.8807,24.0505,23.4684,23.5493,25163168
2022-10-11,23.3876,23.5654,23.145,23.1855,37072702
2022-10-12,23.2259,23.7109,23.0561,23.1936,31779528
2022-10-13,23.1774,24.6649,22.951,24.4385,37521909
2022-10-14,24.673,24.9317,24.2607,24.293,29430528
2022-10-17,24.6325,25.0287,24.576,24.9155,31059303
2022-10-18,25.3359,25.538,24.6325,24.8589,31195239
2022-10-19,24.8427,25.0287,24.4628,24.5679,31036789
2022-10-20,24.6568,24.9074,24.4628,24.6245,24537906
2022-10-21,24.5032,24.8589,24.293,24.6406,32882806
2022-10-24,24.9317,25.3682,24.8427,25.1257,30569977
2022-10-25,25.2227,25.5541,25.1257,25.5137,27008651
2022-10-26,25.8694,26.0149,25.4248,25.4652,34201191
2022-10-27,26.6698,27.6964,25.7562,25.8452,41570427
2022-10-28,25.4248,25.8937,24.7619,25.829,36719738
2022-10-31,25.7724,25.7724,25.2469,25.6592,27599769
2022-11-01,25.8613,26.3626,25.4975,25.5137,24896311
2022-11-02,25.4571,25.8694,24.9397,24.9882,26980055
2022-11-03,24.6245,24.7215,24.2849,24.5598,31133886
2022-11-04,24.8023,25.4167,24.5598,25.061,30902347
2022-11-07,25.3278,25.7482,25.1661,25.5461,28448247
2022-11-08,25.6431,26.1443,25.441,25.7886,23344360
2022-11-09,25.5946,25.7886,25.2065,25.3763,22251538
2022-11-10,26.4596,26.597,25.9988,26.4919,33641550
2022-11-11,26.7829,27.5348,26.5404,27.5024,26125388
2022-11-14,27.4135,28.0198,27.3327,27.5914,30706233
2022-11-15,27.9956,28.3594,27.4458,27.7126,27835896
2022-11-16,27.6479,27.9066,27.2033,27.4701,20782706
2022-11-17,27.0497,27.9309,26.8476,27.6964,27760779
2022-11-18,27.8258,28.2219,27.7126,27.8905,22841589
2022-11-21,27.9875,28.2058,27.5105,27.7692,21108354
2022-11-22,27.9471,28.4564,27.842,28.3755,27532228
2022-11-23,28.3189,28.8444,28.2543,28.7231,19089057
2022-11-25,28.804,29.0869,28.6908,28.8202,11535230
2022-11-28,28.5857,28.8282,28.4968,28.7716,20547539
2022-11-29,28.6746,28.8444,28.3836,28.6827,17636230
2022-11-30,28.6666,29.669,28.4321,29.6205,38620812
2022-12-01,29.4103,29.9762,29.2648,29.3295,22598420
2022-12-02,28.7878,29.1759,28.6746,28.9899,27538203
2022-12-05,28.5938,29.1354,28.3998,28.4159,34945530
2022-12-06,28.5372,28.5453,27.8824,28.1087,24498747
2022-12-07,28.0522,28.1573,27.6965,27.9875,24214498
2022-12-08,27.9713,28.4079,27.7935,28.2704,19201199
2022-12-09,28.2785,28.9172,28.133,28.5534,19224032
2022-12-12,28.7312,29.5639,28.6585,29.5235,31123430
2022-12-13,30.2834,30.6229,29.4992,29.6771,30258306
2022-12-14,28.1896,29.2729,28.0764,28.5776,36185598
2022-12-15,28.2219,28.4321,27.85,27.9794,29568277
2022-12-16,27.753,28.1087,27.5348,27.8824,73475967
2022-12-19,27.9471,28.0845,27.4297,27.4701,25314575
2022-12-20,27.4701,27.939,27.3084,27.8177,34072511
2022-12-21,28.0764,28.618,28.0279,28.3594,24542387
2022-12-22,28.1007,28.3836,27.8177,28.1492,33027171
2022-12-23,28.1168,28.4564,28.0845,28.4079,13213408
2022-12-27,28.3836,28.521,28.0036,28.2947,16339611
2022-12-28,28.3755,28.4968,27.9794,27.9875,15311557
2022-12-29,28.1411,28.5776,28.0522,28.3351,13420939
2022-12-30,28.1411,28.2785,27.9147,28.2704,16416969
2023-01-03,28.466,28.9955,28.303,28.9792,24728045
2023-01-04,29.5332,30.1198,29.354,29.8102,25680236
2023-01-05,30.0628,30.2665,29.5006,30.128,28776563
2023-01-06,30.6005,30.959,30.2828,30.8693,20038260
2023-01-09,30.9508,30.959,30.4864,30.5924,24380843
2023-01-10,30.4701,30.9019,30.4213,30.8612,16812719
2023-01-11,31.0079,31.0404,30.4946,30.9182,14241249
2023-01-12,30.8449,31.5537,30.7227,31.5211,21741939
2023-01-13,31.5293,31.8226,31.3419,31.7166,15104132
2023-01-17,31.7655,31.8063,31.3174,31.7248,19584038
2023-01-18,31.6678,31.8877,31.0975,31.1871,19421107
2023-01-19,31.1545,31.2604,30.7716,31.073,17082990
2023-01-20,31.1545,32.1403,30.9345,32.0751,24112173
2023-01-23,31.9774,32.9306,31.9774,32.8002,32383770
2023-01-24,32.7432,32.9469,32.3032,32.3847,25809983
2023-01-25,32.841,32.841,32.2299,32.6699,26188875
2023-01-26,31.8144,33.1913,31.7818,32.9224,23805944
2023-01-27,32.735,32.9061,32.2055,32.2625,22168739
2023-01-30,31.8633,32.1973,31.7248,31.9692,20288685
2023-01-31,31.9774,32.1159,31.8389,32.0588,27748295
2023-02-01,31.8551,32.8328,31.513,32.5639,19008712
2023-02-02,32.4662,33.5253,32.3684,33.4927,22882562
2023-02-03,33.2483,33.289,32.4254,32.5639,21771495
2023-02-06,32.2218,32.4173,31.9855,32.1892,15210725
2023-02-07,32.0425,32.4988,31.79,32.3195,19130243
2023-02-08,31.9611,32.0996,31.3908,31.5781,21008270
2023-02-09,32.0344,32.1159,30.8531,30.8775,21762639
2023-02-10,30.8775,31.2686,30.8612,31.2523,17178807
2023-02-13,31.0975,31.9855,31.0975,31.847,19610073
2023-02-14,31.6922,31.9936,31.3908,31.8226,19213256
2023-02-15,31.9366,32.1973,31.5456,32.1159,17869796
2023-02-16,31.6515,32.5802,31.6107,32.3603,25511437
2023-02-17,32.3521,32.4254,31.7492,31.8714,14930318
2023-02-21,31.3419,31.5293,30.7879,30.8286,20022255
2023-02-22,30.7146,31.1708,30.6168,30.9671,17725111
2023-02-23,30.9834,31.073,30.5027,30.7064,18885046
2023-02-24,30.1524,30.3887,30.0546,30.1443,19375866
2023-02-27,30.3479,30.6086,30.242,30.4294,18688078
2023-02-28,30.1606,30.4701,29.9976,30.2828,26114078
2023-03-01,30.0465,30.2094,29.6065,29.8428,18438187
2023-03-02,29.6554,30.1687,29.6473,30.1035,14539262
2023-03-03,30.3398,30.462,30.1443,30.3316,17900952
2023-03-06,30.6494,30.6575,30.1606,30.2094,13254381
2023-03-07,30.2013,30.3154,29.2807,29.4843,21414797
2023-03-08,29.6962,29.7125,29.0118,29.2481,18619150
2023-03-09,29.3296,29.4355,28.7837,28.8978,15230145
2023-03-10,28.7104,28.9874,28.5067,28.7674,21782272
2023-03-13,28.7593,29.2888,28.466,28.9303,23668301
2023-03-14,29.3133,29.3377,28.4578,28.743,29261515
2023-03-15,28.5393,29.3214,28.2134,29.2399,24189103
2023-03-16,28.8489,29.5821,28.8489,29.5251,23735522
2023-03-17,29.2236,29.5006,29.0281,29.354,55189188
2023-03-20,29.4843,29.7695,29.4599,29.6799,17623106
2023-03-21,29.9569,30.2176,29.8754,30.1361,18201099
2023-03-22,30.2257,30.3561,29.468,29.4925,17241866
2023-03-23,29.4192,29.7206,29.0363,29.3051,21684641
2023-03-24,29.0851,29.4355,28.743,29.2644,21735857
2023-03-27,29.4762,29.8347,29.468,29.6554,17428165
2023-03-28,29.6636,29.9732,29.6147,29.6962,12609913
2023-03-29,30.0058,30.1361,29.9243,30.1035,15556540
2023-03-30,30.462,30.4701,30.1198,30.2665,15921987
2023-03-31,30.3724,30.9182,30.3154,30.8857,16920699
2023-04-03,30.959,31.2441,30.8123,30.9671,21018086
2023-04-04,31.1559,31.2298,30.7537,31.0082,21469107
2023-04-05,30.8932,31.2791,30.8111,31.1313,17616704
2023-04-06,31.2298,31.2627,30.8275,30.9425,21723160
2023-04-10,30.8111,31.4269,30.7208,31.3858,13265371
2023-04-11,31.4679,31.7635,31.4269,31.509,15167192
2023-04-12,31.7717,31.8045,30.8193,30.9014,17293403
2023-04-13,31.1067,31.4433,30.9835,31.238,16580326
2023-04-14,31.1888,31.3694,30.729,31.1641,20997600
2023-04-17,31.1888,31.394,31.1477,31.2709,15930844
2023-04-18,31.8948,32.0672,31.1559,31.4187,18405857
2023-04-19,31.2216,31.55,31.1806,31.4022,14298867
2023-04-20,31.2298,31.3366,30.8522,30.9753,15308996
2023-04-21,31.0328,31.0738,30.7865,30.9835,14595920
2023-04-24,30.9261,30.9753,30.4417,30.5484,14260242
2023-04-25,30.3514,30.4827,30.1708,30.2939,19403822
2023-04-26,30.1133,30.335,29.8752,29.982,20857503
2023-04-27,30.9507,33.1837,30.8686,33.0606,33697354
2023-04-28,32.8718,34.0047,32.8307,33.9637,26468856
2023-05-01,34.4809,34.4809,34.095,34.1853,18390279
2023-05-02,34.095,34.1853,33.2658,33.8241,22383313
2023-05-03,33.9555,34.095,33.5039,33.5696,20905624
2023-05-04,33.4711,33.4793,32.8471,33.0195,16157581
2023-05-05,33.3069,33.3562,32.7158,33.192,20203965
2023-05-08,33.274,33.4957,33.0524,33.3233,17447477
2023-05-09,33.1755,33.2494,32.4859,32.527,24880626
2023-05-10,32.7815,32.7815,32.2478,32.724,20490988
2023-05-11,32.6665,33.2658,32.6583,33.1427,20276628
2023-05-12,33.2084,33.2987,32.8554,33.0113,18316869
2023-05-15,33.1509,33.2576,32.8964,33.0031,14393617
2023-05-16,32.9128,32.9867,32.4531,32.6255,13159311
2023-05-17,32.724,33.2248,32.6173,33.077,14027742
2023-05-18,32.6994,33.9555,32.6912,33.9144,20044022
2023-05-19,34.0786,34.1443,33.6435,33.8077,18916310
2023-05-22,34.0622,34.2017,33.7995,33.8569,14481644
2023-05-23,33.8323,34.0704,33.1427,33.1509,20907545
2023-05-24,33.2576,33.3151,32.7404,32.8225,22360906
2023-05-25,32.412,32.724,32.0097,32.0918,29973310
2023-05-26,32.2396,32.568,32.0919,32.412,38219727
2023-05-30,32.1165,32.6419,32.0754,32.1493,25942505
2023-05-31,32.1904,32.4038,31.8948,32.3053,57247964
2023-06-01,32.4859,32.4859,31.7552,32.0508,32494311
2023-06-02,31.6485,32.4695,31.5911,32.174,26251614
2023-06-05,32.2478,32.7076,32.1986,32.6665,25653881
2023-06-06,32.7815,32.8471,32.2396,32.3956,15261194
2023-06-07,32.4284,33.2248,32.3792,33.1263,19692445
2023-06-08,33.0934,33.2576,32.8307,33.2248,11483694
2023-06-09,33.0442,33.233,32.921,33.0278,12955621
2023-06-12,32.9949,33.4957,32.921,33.4054,17926240
2023-06-13,33.5942,33.7666,33.3479,33.3972,13414324
2023-06-14,33.43,33.8405,33.3397,33.5285,19875543
2023-06-15,33.4957,34.1115,33.4136,34.0458,16736108
2023-06-16,34.1853,34.2018,33.742,33.8241,36421298
2023-06-20,33.8569,33.9144,33.3479,33.3644,14793848
2023-06-21,33.3315,33.6106,33.1016,33.3479,14199849
2023-06-22,33.4136,33.4547,33.0031,33.3151,13875268
2023-06-23,33.1016,33.2576,32.7897,32.9128,20334459
2023-06-26,33.0606,33.4793,32.9785,33.2987,19510202
2023-06-27,33.1427,34.1443,33.1427,34.054,15991983
2023-06-28,34.4481,34.5137,33.9144,34.21,17284226
2023-06-29,33.9719,34.2592,33.9062,34.0458,11898864
2023-06-30,34.2838,34.3824,33.9883,34.1114,17361797
2023-07-03,33.88,34.5744,33.8055,34.5248,8939646
2023-07-05,34.3843,34.5248,33.9874,34.2933,13846246
2023-07-06,33.9792,34.252,33.789,34.0701,13211167
2023-07-07,33.9957,34.624,33.8552,34.252,15309529
2023-07-10,34.5083,35.0209,34.5083,34.5992,20940622
2023-07-11,34.7067,34.9547,34.4173,34.7315,16701218
2023-07-12,34.9134,35.1697,34.8555,35.0043,19035280
2023-07-13,35.2854,35.335,34.9051,35.1862,18296489
2023-07-14,34.6654,34.9464,34.5579,34.7315,13767714
2023-07-17,34.5992,34.9465,34.3181,34.7976,18576897
2023-07-18,34.715,35.3764,34.6984,35.087,19975734
2023-07-19,34.9134,35.4094,34.8968,35.3102,19894855
2023-07-20,35.4673,35.8972,35.3681,35.7236,19213256
2023-07-21,35.7484,35.9633,35.426,35.459,56112036
2023-07-24,35.6409,35.9634,35.5665,35.7897,16371728
2023-07-25,35.6657,35.9882,35.6657,35.798,15134648
2023-07-26,35.7897,35.8641,35.2441,35.4756,18835111
2023-07-27,36.8066,38.394,36.7405,37.4928,33702369
2023-07-28,37.9145,38.179,37.1869,37.3936,22052969
2023-07-31,37.5094,37.8814,37.3027,37.4184,17010861
2023-08-01,37.5838,37.6251,37.2779,37.4598,16113301
2023-08-02,37.6168,37.716,36.881,37.2779,17766937
2023-08-03,37.2861,37.6747,37.1291,37.344,13178730
2023-08-04,37.4102,37.6582,37.0299,37.0712,13555275
2023-08-07,37.3192,37.6995,37.2779,37.5755,13369190
2023-08-08,37.4515,37.7078,37.3275,37.5342,21221563
2023-08-09,37.5342,37.7326,37.344,37.435,16201541
2023-08-10,37.7574,38.4684,37.7574,37.9723,17231730
2023-08-11,37.7657,38.2204,37.6747,38.055,14513868
2023-08-14,38.1873,38.7495,38.1873,38.4932,22244709
2023-08-15,38.2865,39.0967,38.2286,38.8818,21404340
2023-08-16,38.9231,39.2373,38.2948,38.3113,18508075
2023-08-17,38.5511,38.7577,38.2286,38.2286,13351905
2023-08-18,38.0798,38.3278,37.7326,37.8318,18780374
2023-08-21,37.6582,38.0798,37.6416,37.9145,13157924
2023-08-22,37.9475,38.1129,37.6334,37.6747,12764734
2023-08-23,37.8979,37.9806,37.4763,37.5838,19614448
2023-08-24,37.4928,37.8235,37.3523,37.4019,16335983
2023-08-25,37.4598,37.716,37.3357,37.592,13925737
2023-08-28,37.6664,38.0798,37.6664,38.0137,11531816
2023-08-29,38.055,38.7577,38.0137,38.6751,15149693
2023-08-30,38.7991,39.014,38.5924,38.9562,14907697
2023-08-31,38.9562,39.105,38.6089,38.6585,21271605
2023-09-01,38.5841,38.6089,37.4928,37.807,20130769
2023-09-05,37.6582,37.7822,36.7653,36.8397,23164357
2023-09-06,36.7736,37.6995,36.5834,37.1456,29705067
2023-09-07,37.1043,37.7822,37.0712,37.0712,22205230
2023-09-08,37.1869,37.3605,37.005,37.2283,21189553
2023-09-11,37.2696,37.7905,37.1456,37.4184,21172588
2023-09-12,37.3027,37.6003,37.096,37.3605,22415109
2023-09-13,37.2779,37.3688,36.848,37.3605,18048092
2023-09-14,37.6995,38.0633,37.6251,38.0054,20977433
2023-09-15,37.9723,38.1542,37.3605,37.4846,48481706
2023-09-18,37.5838,38.0467,37.5507,37.7326,13713938
2023-09-19,37.6747,37.8897,37.592,37.807,16928489
2023-09-20,37.8566,38.0633,37.592,37.6168,16676997
2023-09-21,37.7574,38.0302,37.7161,37.7822,17364358
2023-09-22,37.6664,37.8979,37.4184,37.4515,13294393
2023-09-25,37.3771,37.4928,36.9802,37.096,12666677
2023-09-26,36.3685,36.972,36.261,36.5751,19629919
2023-09-27,36.6826,37.0629,36.5834,36.8728,17452919
2023-09-28,36.9472,37.4019,36.9058,37.0877,13980368
2023-09-29,37.1125,37.2779,36.3685,36.6578,16151179
2023-10-02,36.5834,36.972,36.4511,36.7818,18453978
2023-10-03,36.5072,36.7236,36.0412,36.1577,18118194
2023-10-04,36.1078,36.2659,35.9164,36.1743,22129580
2023-10-05,36.1577,36.2825,35.6834,35.7999,18792324
2023-10-06,35.5419,36.2908,35.2756,36.1743,25039289
2023-10-09,36.166,36.8151,36.0828,36.6903,16788818
2023-10-10,36.8151,37.1646,36.4656,37.0065,16600813
2023-10-11,37.148,37.3893,36.6903,36.8151,17968600
2023-10-12,36.8983,36.9982,36.4489,36.5322,17879826
2023-10-13,36.5322,36.6736,36.2076,36.4573,17668560
2023-10-16,36.657,36.89,36.424,36.8234,18208889
2023-10-17,36.7985,37.1979,36.6986,36.915,16801195
2023-10-18,36.8484,37.0481,36.5322,36.632,14281582
2023-10-19,36.7735,36.8983,35.7749,35.8415,19108796
2023-10-20,35.6667,36.0662,35.2174,35.6667,23962366
2023-10-23,35.8914,36.0329,35.5585,35.7333,15438850
2023-10-24,36.0828,36.2742,35.9413,36.166,20848967
2023-10-25,36.0578,36.2825,35.5502,35.5752,24906874
2023-10-26,33.3283,33.6695,32.5211,32.5794,53355762
2023-10-27,31.6224,33.6279,31.5558,32.9871,38357583
2023-10-30,33.2534,33.8027,33.2368,33.6612,19421854
2023-10-31,33.8692,34.4018,33.8443,34.3602,20124687
2023-11-01,34.4268,35.0676,34.4018,34.8013,20812048
2023-11-02,34.8346,35.4337,34.8346,35.3671,17877905
2023-11-03,35.6667,36.1327,35.6334,35.933,20278869
2023-11-06,35.8997,35.9996,35.1175,35.3339,19932520
2023-11-07,35.3255,35.3339,34.9261,34.9843,21096084
2023-11-08,34.8346,34.9843,34.3602,34.5516,20154776
2023-11-09,34.6681,34.7597,33.9275,34.019,27728022
2023-11-10,34.1855,34.9178,34.1605,34.8762,21422586
2023-11-13,34.6848,34.8096,34.3519,34.5266,15164738
2023-11-14,35.2007,35.3671,34.7597,34.8429,24027133
2023-11-15,34.8512,35.492,34.8512,35.3921,18268641
2023-11-16,35.6001,35.8415,34.8429,35.2922,19598443
2023-11-17,35.5003,35.7583,35.2257,35.3006,14282862
2023-11-20,35.1841,35.8997,35.0925,35.7333,15421671
2023-11-21,35.7832,35.8165,35.234,35.4504,12507161
2023-11-22,35.5502,35.725,35.2839,35.3505,13716392
2023-11-24,35.4087,35.5585,35.2839,35.4337,6252620
2023-11-27,35.259,35.3755,34.7929,35.026,20604304
2023-11-28,34.9511,35.0343,34.7763,34.8429,15484624
2023-11-29,34.9261,35.0093,34.4601,34.6432,14164532
2023-11-30,34.768,34.9011,34.485,34.8595,25225374
2023-12-01,35.1591,35.3838,34.7929,35.1258,18111151
2023-12-04,35.1591,36.1327,35.0925,35.8498,24282146
2023-12-05,35.725,35.7832,33.8609,34.6265,30967648
2023-12-06,34.7597,35.0093,34.3602,34.6931,17733220
2023-12-07,34.9427,35.5253,34.768,35.0925,20830294
2023-12-08,34.7014,35.1508,34.6681,35.0343,21464946
2023-12-11,35.5669,35.7915,35.0676,35.5003,21289318
2023-12-12,35.8165,35.8997,35.0842,35.5086,18708245
2023-12-13,35.5585,36.3824,35.1508,36.3408,19904778
2023-12-14,36.6653,37.4476,36.5571,37.148,31791052
2023-12-15,37.123,37.2978,36.5738,37.0148,64390036
2023-12-18,37.0814,37.3477,36.8817,37.1979,19095032
2023-12-19,37.2728,37.3727,37.0315,37.1979,17517579
2023-12-20,37.1313,37.381,36.7818,36.7818,17371934
2023-12-21,36.7985,36.9566,36.0994,36.632,19290827
2023-12-22,36.7236,37.1313,36.4573,36.6154,12690791
2023-12-26,36.6154,36.6736,36.1993,36.5571,10269128
2023-12-27,36.5322,36.7569,36.3741,36.6071,9873805
2023-12-28,36.5904,36.9566,36.5238,36.7152,9627968
2023-12-29,36.6903,36.7319,36.2492,36.4906,14613205
2024-01-02,36.4906,36.8927,36.2393,36.5827,17620972
2024-01-03,36.5911,36.7586,36.2057,36.2811,16477361
2024-01-04,36.2476,36.3146,35.5942,35.7115,20908505
2024-01-05,35.8371,36.2811,35.7953,36.055,13495950
2024-01-08,36.055,36.7084,35.9628,36.633,17204735
2024-01-09,36.189,36.3817,35.8539,36.256,15836521
2024-01-10,36.2728,36.4906,36.0047,36.4236,13003529
2024-01-11,36.5073,36.5911,35.879,36.2476,13557729
2024-01-12,36.3733,36.3733,35.9042,36.0131,13596141
2024-01-16,35.9879,36.2141,35.8036,36.0968,18334474
2024-01-17,35.8707,36.0717,35.301,35.4769,19813016
2024-01-18,35.2759,35.7115,35.2508,35.6361,21123719
2024-01-19,35.678,36.323,35.6194,36.3147,25187815
2024-01-22,36.4487,36.8005,36.3817,36.5408,19294241
2024-01-23,36.6414,36.9932,36.3817,36.8173,16764811
2024-01-24,37.0937,37.1356,36.4403,36.6916,20749736
2024-01-25,36.6078,38.8194,36.4989,37.923,31713481
2024-01-26,38.0571,38.8026,37.9733,38.7524,21432189
2024-01-29,38.6016,38.9618,38.3754,38.6267,20554261
2024-01-30,38.8697,39.2382,38.543,39.0791,16726079
2024-01-31,39.0707,39.4644,38.8529,38.9869,19824433
2024-02-01,39.1545,39.4644,38.6854,39.1461,19828274
2024-02-02,37.9733,38.3838,37.588,37.7723,26924785
2024-02-05,37.655,38.0152,37.5126,37.588,16568803
2024-02-06,37.6466,37.6466,36.9764,37.211,19902644
2024-02-07,37.3869,37.5209,35.8874,35.9042,33314408
2024-02-08,36.0382,36.0717,34.3963,34.5555,47886533
2024-02-09,34.7398,35.4183,34.5387,35.2424,29201763
2024-02-12,35.1335,36.0131,35.1251,35.6947,23118476
2024-02-13,35.5858,35.6445,34.7733,35.0581,26194317
2024-02-14,35.2172,35.2926,34.9157,35.2005,26281064
2024-02-15,35.0078,35.3262,34.9073,35.0162,22290697
2024-02-16,34.9408,34.9743,34.4801,34.5471,24091580
2024-02-20,34.4717,34.9576,34.1282,34.8989,22252178
2024-02-21,35.1167,35.1419,34.7565,35.0581,22036111
2024-02-22,35.0916,35.1754,34.6811,35.1083,20587765
2024-02-23,35.0665,35.4518,34.9073,35.1,15654597
2024-02-26,35.1167,35.6612,34.9911,35.3429,22527678
2024-02-27,35.368,35.4434,35.1,35.4099,14024541
2024-02-28,35.3848,35.7115,35.2843,35.3094,14079705
2024-02-29,35.6277,35.9796,35.5523,35.8958,30629836
2024-03-01,35.7366,36.0801,35.3262,35.8539,16022179
2024-03-04,35.7953,35.9209,34.8403,35.0581,21399325
2024-03-05,35.1084,35.6612,34.9492,35.234,28526032
2024-03-06,35.2759,35.5272,34.9073,35.3094,17705371
2024-03-07,35.435,35.4937,34.7733,34.9659,18899131
2024-03-08,34.9659,35.7115,34.8487,35.6696,19213789
2024-03-11,35.7953,36.5911,35.7199,36.4738,27018681
2024-03-12,36.566,36.566,35.8539,36.1806,20077846
2024-03-13,36.3649,36.5911,36.189,36.256,15441624
2024-03-14,36.1052,36.1471,35.1921,35.8707,26745209
2024-03-15,35.8874,36.2811,35.7618,35.8288,48338941
2024-03-18,36.0633,36.4319,35.9712,36.122,23076863
2024-03-19,35.9712,36.2309,35.7115,36.0131,24630308
2024-03-20,35.9377,36.2058,35.7618,36.1052,29404173
2024-03-21,36.0215,36.0298,35.5607,35.9293,20008597
2024-03-22,36.0968,36.1304,35.5775,35.8036,16045439
2024-03-25,35.9126,35.9209,35.4351,35.7199,19047230
2024-03-26,35.7366,35.7366,35.301,35.5858,20592353
2024-03-27,35.8036,36.0968,35.7618,36.0801,15051742
2024-03-28,36.1806,36.5157,36.122,36.3147,22574732
2024-04-01,36.0466,36.0633,35.0581,35.4183,19529941
2024-04-02,35.5955,36.0006,35.1145,35.2833,17927201
2024-04-03,35.2242,35.4014,34.9457,35.047,20079553
2024-04-04,35.2833,35.4521,34.5575,34.6926,26096793
2024-04-05,34.49,34.7601,34.2959,34.5153,24362811
2024-04-08,34.3888,34.6082,34.2453,34.355,29999665
2024-04-09,33.9921,34.4141,33.7136,33.8824,34832535
2024-04-10,33.8824,33.8824,33.2326,33.5195,23867083
2024-04-11,33.798,33.9752,33.452,33.874,26205840
2024-04-12,33.6461,33.7136,33.106,33.2242,24992981
2024-04-15,33.5449,33.6883,33.0048,33.2748,22720271
2024-04-16,33.2495,33.4183,32.9204,33.0132,20195322
2024-04-17,33.1735,33.2664,32.8107,32.9035,21820257
2024-04-18,33.2073,33.4942,33.0216,33.4351,16735575
2024-04-19,33.5111,34.009,33.3929,33.9584,25850743
2024-04-22,34.1609,34.3466,33.7221,34.2368,26295895
2024-04-23,34.1356,34.701,34.0174,34.0596,16351668
2024-04-24,33.7221,34.0428,33.6039,33.933,20893140
2024-04-25,32.6166,33.1145,31.3845,31.9583,40370372
2024-04-26,31.3085,32.6756,30.7431,32.5491,31778674
2024-04-29,32.5491,32.8697,32.4562,32.7853,15933511
2024-04-30,32.5912,32.6925,31.933,32.1609,21560549
2024-05-01,32.1102,32.6588,32.0849,32.2368,21059379
2024-05-02,32.5237,32.701,32.1271,32.3718,18104536
2024-05-03,32.4478,32.7769,32.3887,32.6503,23771373
2024-05-06,32.7263,32.9626,32.4225,32.4815,34321549
2024-05-07,32.6081,32.6756,32.3803,32.4815,32621818
2024-05-08,32.4562,33.587,32.3718,32.9541,23894718
2024-05-09,32.9204,33.0048,32.4056,32.5237,25173944
2024-05-10,32.3803,33.2917,32.3465,33.1735,16247636
2024-05-13,33.393,33.5364,33.182,33.5027,19638562
2024-05-14,33.7643,33.8065,33.4098,33.5027,17175179
2024-05-15,33.6546,33.7136,32.9204,33.1229,20089583
2024-05-16,33.047,33.2748,32.8191,33.2242,16713275
2024-05-17,33.1482,33.241,32.836,33.1398,14653538
2024-05-20,33.0554,33.1735,32.6334,33.0891,13373138
2024-05-21,32.9119,33.4436,32.8782,33.0891,14374624
2024-05-22,33.0723,33.0723,32.625,32.8191,18944798
2024-05-23,32.76,33.0301,32.49,32.6419,17159281
2024-05-24,32.6925,32.76,32.279,32.5237,15338872
2024-05-28,32.2621,32.7516,32.2031,32.5237,18071992
2024-05-29,32.2874,32.4309,31.9414,32.0174,30445245
2024-05-30,32.1187,32.836,32.0005,32.8022,19478298
2024-05-31,32.4562,33.8318,32.1777,33.7811,28850933
2024-06-03,33.7558,33.8149,33.1482,33.4014,16700044
2024-06-04,33.2664,33.5702,33.0807,33.3845,15557820
2024-06-05,33.4183,33.4183,32.9626,33.0301,13482079
2024-06-06,33.0554,33.6883,32.9204,32.971,21698832
2024-06-07,32.9626,33.2073,32.836,32.8782,17124603
2024-06-10,32.836,32.8951,32.5069,32.7347,14060179
2024-06-11,32.1946,32.5744,32.0343,32.3381,17584160
2024-06-12,32.5153,32.6081,31.6292,31.9246,20169181
2024-06-13,31.6461,31.933,31.4857,31.7136,19755292
2024-06-14,31.5364,31.798,31.4436,31.5955,13542898
2024-06-17,31.5533,31.6208,31.1566,31.4858,33189569
2024-06-18,31.5111,31.8908,31.0132,31.1398,23948708
2024-06-20,31.0385,32.0512,30.9794,31.9415,22623921
2024-06-21,32.2537,32.6672,32.0427,32.4731,52256112
2024-06-24,32.3128,32.7431,32.1187,32.4731,20736398
2024-06-25,32.625,32.625,32.0174,32.4056,19688818
2024-06-26,32.3128,32.4394,31.7474,32.2537,25139160
2024-06-27,32.3043,32.3972,32.0343,32.3043,13949104
2024-06-28,32.5237,33.1229,32.49,33.047,40854256
2024-07-01,32.8275,32.9794,32.1862,32.2115,18038382
2024-07-02,32.3718,32.3718,31.8739,32.2031,16760223
2024-07-03,32.118,32.5944,32.0839,32.3732,8171086
2024-07-05,32.2966,32.3222,32.0584,32.2116,12987737
2024-07-08,32.152,32.3222,31.6585,31.7606,18798086
2024-07-09,31.7096,32.0499,31.6075,31.9138,19947885
2024-07-10,31.9733,32.0499,31.599,31.8457,20513502
2024-07-11,31.9818,32.4923,31.9563,32.118,19878210
2024-07-12,32.3222,32.62,32.2541,32.5774,17870756
2024-07-15,32.5434,33.5558,32.5008,33.1304,20292526
2024-07-16,33.1304,33.7515,33.0624,33.7005,19783460
2024-07-17,33.76,34.6619,33.7515,34.5343,33812910
2024-07-18,34.228,35.0533,34.1429,34.1514,18947679
2024-07-19,34.1854,34.279,33.9217,34.1003,20598648
2024-07-22,34.1259,34.194,32.9943,33.6324,24768698
2024-07-23,33.5303,33.6664,31.4543,32.7646,32839593
2024-07-24,32.9433,33.0539,31.8032,32.4072,25018909
2024-07-25,32.7901,33.4963,32.5264,32.5349,19617115
2024-07-26,32.8156,34.1259,32.7901,33.7685,26209681
2024-07-29,33.8026,34.6959,33.7175,34.6108,23469625
2024-07-30,34.6874,34.9256,34.3556,34.7214,26916249
2024-07-31,34.6789,35.4191,34.6108,35.1128,26539704
2024-08-01,35.0958,35.2404,34.211,34.2535,23257399
2024-08-02,34.7725,35.0022,33.8962,33.9472,27690464
2024-08-05,34.1854,34.4747,32.8497,33.3346,22823984
2024-08-06,33.0964,33.5643,32.9518,33.1134,16916005
2024-08-07,33.3431,33.692,32.7306,32.7646,17866061
2024-08-08,32.7221,33.5558,32.705,33.4793,14583863
2024-08-09,33.241,33.4963,32.9262,33.2495,14937467
2024-08-12,33.1815,33.2666,32.7306,32.7816,13027430
2024-08-13,33.0964,33.4027,32.9092,33.2836,14962114
2024-08-14,32.9943,33.2836,32.9858,33.19,19143687
2024-08-15,33.4197,33.6409,33.1134,33.6239,18449497
2024-08-16,33.726,33.8877,33.6069,33.709,15119603
2024-08-19,33.5814,34.296,33.5814,34.2535,14170507
2024-08-20,34.0748,34.2705,34.0068,34.0578,14460731
2024-08-21,34.228,34.2875,33.8621,33.9812,13602223
2024-08-22,34.1174,34.1174,33.3346,33.5303,9883728
2024-08-23,33.7175,33.9812,33.5984,33.8791,12464907
2024-08-26,34.0493,34.4237,33.9132,34.245,11867601
2024-08-27,34.1769,34.4917,34.1514,34.2365,13943129
2024-08-28,34.245,34.3301,33.9557,33.9727,11971313
2024-08-29,34.0493,34.1004,33.5218,33.5729,24142369
2024-08-30,33.8026,33.8026,33.3261,33.6664,27608518
2024-09-03,33.76,33.9387,33.5303,33.6069,19580517
2024-09-04,33.777,34.1769,32.671,32.9007,26178525
2024-09-05,33.1049,33.8877,33.0794,33.8621,20308958
2024-09-06,33.8621,34.3301,33.5984,33.7005,19791996
2024-09-09,33.8111,34.0578,33.1389,33.7941,14501384
2024-09-10,33.8791,33.9983,33.1049,33.3006,14673811
2024-09-11,33.3006,33.3006,32.4498,32.9092,18014588
2024-09-12,33.0709,33.4623,32.7646,33.4452,18198325
2024-09-13,33.4452,33.9387,33.3772,33.6494,13978234
2024-09-16,33.8536,34.0748,33.3431,33.4878,17851870
2024-09-17,33.6494,33.8792,33.3687,33.4197,13991784
2024-09-18,33.4878,34.1259,32.7561,33.8791,18436800
2024-09-19,34.3386,34.9427,34.1599,34.262,17997516
2024-09-20,34.2195,34.5768,33.9812,34.1259,63664049
2024-09-23,34.211,34.815,34.1344,34.6534,23449779
2024-09-24,34.7385,35.2915,34.5598,35.1809,25816599
2024-09-25,35.1383,35.1468,34.4832,34.5343,25666578
2024-09-26,34.6364,34.9512,34.5938,34.9001,20610919
2024-09-27,35.0788,35.802,35.0448,35.4276,18663110
2024-09-30,35.5212,35.6488,35.1383,35.5382,23877753
2024-10-01,35.4191,35.7084,35.0277,35.4787,19447462
2024-10-02,35.4787,35.8815,35.3587,35.4015,11869735
2024-10-03,35.1701,35.2472,34.7415,34.9815,11158259
2024-10-04,35.0501,35.453,34.8529,35.3072,14614592
2024-10-07,35.0929,35.3072,34.7329,34.7672,18206328
2024-10-08,34.7758,35.1701,34.6129,35.1015,19391125
2024-10-09,35.1101,35.5215,34.9386,35.4872,12159959
2024-10-10,35.5901,35.9587,35.1872,35.2301,12778179
2024-10-11,35.2901,35.5558,35.2129,35.3672,11147803
2024-10-14,35.4529,36.0444,35.4015,35.9758,12933107
2024-10-15,35.8987,36.6616,35.8987,36.0958,15836094
2024-10-16,36.2073,36.5244,36.1816,36.2158,12556456
2024-10-17,36.4987,36.6444,35.7015,36.1987,17379403
2024-10-18,35.9587,36.3187,35.8901,35.9415,15138809
2024-10-21,35.9673,35.9844,34.6815,34.7415,17427845
2024-10-22,34.8615,36.2587,34.7758,35.6158,19840545
2024-10-23,35.5987,35.933,35.3329,35.6158,17511284
2024-10-24,35.8215,36.0015,35.4358,35.7015,17672508
2024-10-25,36.053,36.5159,35.6758,35.7101,20660534
2024-10-28,35.6758,35.9673,35.6758,35.8644,20339688
2024-10-29,35.8044,36.4216,35.7787,36.0616,22504631
2024-10-30,35.8473,36.4044,35.8387,36.2073,29374937
2024-10-31,38.7531,38.8388,36.7216,37.433,37556693
2024-11-01,38.0159,38.2988,37.2787,37.3387,26758760
2024-11-04,37.4502,37.5188,36.4216,36.4559,23210238
2024-11-05,36.6359,36.9102,36.2758,36.4816,17907674
2024-11-06,37.5702,38.7617,37.2273,38.6931,33154358
2024-11-07,38.5474,38.5731,37.8445,37.8788,18300757
2024-11-08,37.8531,38.0502,37.4245,37.6388,24562020
2024-11-11,37.6816,38.2559,37.6388,37.8873,11831536
2024-11-12,37.6302,37.8873,37.5873,37.7502,14310497
2024-11-13,37.4245,37.8788,37.2959,37.6388,12369731
2024-11-14,37.6388,37.7673,37.0216,37.2702,21530780
2024-11-15,37.2702,37.5616,36.4987,36.7559,19494837
2024-11-18,36.7302,37.0473,36.6444,36.8587,20380660
2024-11-19,36.5158,36.6616,36.2673,36.2758,31241013
2024-11-20,36.6444,36.8759,35.993,36.8502,22480196
2024-11-21,36.9444,37.4845,36.4387,37.2873,16695562
2024-11-22,37.0816,37.4759,36.9959,37.2616,11349999
2024-11-25,37.6473,37.7416,36.9702,37.0302,25102242
2024-11-26,36.8587,37.0816,36.3787,36.5501,19624904
2024-11-27,36.5244,36.893,36.4558,36.4816,17323599
2024-11-29,36.3958,37.0902,36.3616,37.0216,10197319
2024-12-02,36.8673,37.1245,36.5844,37.1073,17342378
2024-12-03,37.0473,37.2445,36.713,36.7387,15313797
2024-12-04,36.6101,36.833,36.3273,36.473,15600607
2024-12-05,36.5244,36.8416,36.3959,36.6787,14527205
2024-12-06,36.6444,37.0216,36.6273,36.9873,16654376
2024-12-09,37.0387,37.1159,33.2243,33.4729,48285911
2024-12-10,33.49,34.1072,33.0271,33.8843,30599533
2024-12-11,33.8329,34.15,33.79,34.0386,25525734
2024-12-12,34.2186,34.6044,34.1415,34.4929,23970689
2024-12-13,34.0729,34.4586,33.9957,34.2186,19240784
2024-12-16,33.5072,34.0643,33.25,33.31,21535048
2024-12-17,33.3186,33.5329,33.0528,33.2586,20479038
2024-12-18,33.0443,33.3786,32.3928,32.4528,24161788
2024-12-19,32.53,32.6071,31.9299,32.0585,24163816
2024-12-20,32.2214,32.8386,31.9814,32.7614,64062787
2024-12-23,32.5985,32.7528,32.29,32.5557,17799054
2024-12-24,32.4442,32.9328,32.3242,32.9157,7995138
2024-12-26,32.7871,32.9671,32.65,32.7871,11549742
2024-12-27,32.4357,32.7871,32.3071,32.5128,16425611
2024-12-30,32.3842,32.47,31.8099,32.0499,25318096
2024-12-31,31.9814,32.23,31.9214,32.17,14623555
2025-01-02,32.4014,32.53,31.8871,32.0757,30710501
2025-01-03,32.2471,32.35,32.0328,32.29,21696378
2025-01-06,32.0071,32.71,31.9642,32.1357,33522793
2025-01-07,32.0928,32.3757,31.7242,31.8699,17634949
2025-01-08,31.7921,32.1898,31.3254,32.1293,29122271
2025-01-10,31.8008,32.1293,31.3945,31.4291,29541602
2025-01-13,31.5588,31.7403,31.334,31.5069,21311511
2025-01-14,31.6625,31.6711,31.2476,31.4464,26781807
2025-01-15,31.7835,31.8527,31.3599,31.5501,23760490
2025-01-16,31.5674,31.6711,31.3513,31.3859,22528745
2025-01-17,31.7662,31.9045,31.5069,31.6193,23517000
2025-01-21,31.6193,32.1984,31.5847,31.9564,22541335
2025-01-22,31.8613,32.1552,31.5588,32.0774,22536214
2025-01-23,32.2157,32.4404,31.9045,32.3886,18639636
2025-01-24,32.2935,32.5355,32.2243,32.5182,19479365
2025-01-27,32.475,33.1925,32.4664,33.0455,26139259
2025-01-28,32.8035,32.9936,32.3886,32.4577,19094605
2025-01-29,32.5787,32.6997,32.1984,32.2935,22981259
2025-01-30,29.7522,29.9769,28.0926,28.7409,82541199
2025-01-31,28.931,29.3978,28.7841,29.0953,41793430
2025-02-03,28.6198,29.199,28.5593,28.689,48476371
2025-02-04,28.2482,29.052,28.1877,29.0002,43224917
2025-02-05,29.0002,29.3459,28.7927,29.3373,35732656
2025-02-06,29.4756,29.8041,29.1731,29.7954,31837466
2025-02-07,29.9251,29.9683,29.4756,29.709,25697628
2025-02-10,30.0202,30.0634,29.7263,29.7954,28800891
2025-02-11,29.4583,30.5561,29.4583,30.4523,34827414
2025-02-12,30.1844,30.4523,30.1585,30.1671,25011120
2025-02-13,30.2881,30.6857,30.2017,30.582,21941575
2025-02-14,30.5993,30.7895,30.5042,30.5906,19134938
2025-02-18,30.4783,31.4464,30.34,31.4205,25624325
2025-02-19,31.4983,31.7662,31.3599,31.5328,24222287
2025-02-20,31.455,31.7403,31.1957,31.4723,27582057
2025-02-21,31.602,31.6798,31.2822,31.3254,22850125
2025-02-24,31.455,31.8008,31.3081,31.3772,30006174
2025-02-25,31.5069,31.965,30.9018,30.9883,36571425
2025-02-26,30.9278,30.971,30.2535,30.34,33249000
2025-02-27,30.3313,30.6684,30.2535,30.5906,24810097
2025-02-28,30.8154,31.1957,30.7117,31.0142,28571699
2025-03-03,31.0055,31.3254,30.9018,31.1006,21175362
2025-03-04,31.2994,31.3945,30.4869,30.6857,33088097
2025-03-05,30.5301,30.85,30.2276,30.7376,26180019
2025-03-06,30.7117,31.4118,30.5561,31.3513,31067092
2025-03-07,31.1871,32.5182,31.1784,32.4923,46225748
2025-03-10,32.3367,32.8294,31.1439,31.213,46334688
2025-03-11,31.1784,31.3945,30.6684,31.0747,34393145
2025-03-12,30.9105,31.0142,30.1671,30.4178,25026485
2025-03-13,30.4005,31.0488,29.9596,29.9942,34203539
2025-03-14,30.3227,30.7635,29.951,30.6252,29242949
2025-03-17,30.6771,31.0488,30.5474,30.9018,18031446
2025-03-18,30.9623,31.2303,30.7462,31.1266,19081161
2025-03-19,31.1611,31.3081,31.0574,31.1957,23197220
2025-03-20,31.0315,31.7143,30.9969,31.5501,18212410
2025-03-21,31.3254,31.8786,31.1871,31.7662,58220322
2025-03-24,31.8008,31.8786,31.5328,31.6366,37273831
2025-03-25,31.5242,31.9391,31.0488,31.9304,33540505
2025-03-26,31.9823,32.6047,31.8613,32.3021,27680327
2025-03-27,32.2243,32.5355,32.0169,32.3021,19053099
2025-03-28,32.2416,32.3972,31.6279,31.6538,24894924
2025-03-31,31.8354,32.0082,31.4205,31.8959,29669322
2025-04-01,31.9304,32.1033,31.5674,31.7403,22127766
2025-04-02,31.6705,31.9671,31.4961,31.9322,20089049
2025-04-03,31.9322,31.9758,31.0512,31.1559,28631985
2025-04-04,30.4668,30.8332,29.08,29.1149,39814678
2025-04-07,28.7573,30.0394,28.2427,29.1934,49231060
2025-04-08,29.1934,29.9173,28.3473,28.6439,36247484
2025-04-09,28.3473,30.7459,28.0857,30.6849,48117325
2025-04-10,30.336,30.4407,28.8619,29.3765,33907980
2025-04-11,29.6208,29.6557,28.9753,29.4114,28608297
2025-04-14,29.1149,30.0482,29.0015,29.7865,21801798
2025-04-15,30.0394,30.3186,29.8824,30.0045,19195223
2025-04-16,29.9173,30.0569,29.0974,29.2632,22073029
2025-04-17,29.4638,29.9173,29.4114,29.6644,23021592
2025-04-21,29.4376,29.6644,29.0015,29.3068,24482742
2025-04-22,29.5248,29.8737,29.4202,29.8301,24656770
2025-04-23,30.1179,30.5541,29.9958,30.0656,30051628
2025-04-24,27.8938,29.0887,27.4228,28.9492,47249214
2025-04-25,29.237,29.6033,28.8968,29.5684,31336510
2025-04-28,29.5684,29.865,29.3242,29.4551,29764712
2025-04-29,29.3504,29.708,29.3068,29.6033,24265287
2025-04-30,29.455,29.8912,28.923,29.8301,30062512
2025-05-01,29.5248,29.8563,29.3678,29.4987,21636306
2025-05-02,29.6557,30.1179,29.6469,30.0569,26487101
2025-05-05,29.7167,30.2488,29.6382,30.0482,21687949
2025-05-06,29.8737,30.179,29.7167,30.083,17182861
2025-05-07,30.2052,30.4232,29.8388,29.9958,26839425
2025-05-08,30.0831,30.2837,29.7865,29.8476,37632450
2025-05-09,29.9522,30.0482,29.7865,29.8737,18053320
2025-05-12,30.3622,30.8855,30.1179,30.2837,24640338
2025-05-13,30.3971,30.6238,30.0831,30.3447,20349291
2025-05-14,30.2313,30.3709,29.9609,30.1441,19372772
2025-05-15,30.2139,30.8506,30.1005,30.8157,19370318
2025-05-16,30.807,31.1036,30.7023,30.9466,22184637
2025-05-19,30.8332,30.9902,30.7372,30.9117,15132728
2025-05-20,30.8593,31.2082,30.8332,31.0425,15010556
2025-05-21,30.8942,31.0687,30.493,30.6151,18449390
2025-05-22,30.7111,30.7285,30.1528,30.1703,15394996
2025-05-23,29.865,30.2488,29.8563,30.1092,14863310
2025-05-27,30.3622,30.6238,30.1616,30.4843,23493740
2025-05-28,30.5017,30.6326,30.1528,30.2052,21086267
2025-05-29,30.2052,30.3622,29.5161,29.8999,24132339
2025-05-30,29.9697,30.3186,29.7429,30.1528,33772791
2025-06-02,29.9348,30.022,29.5074,29.9435,26976748
2025-06-03,29.9609,30.2488,29.7516,30.2313,23528310
2025-06-04,30.3011,30.4407,30.0307,30.0394,20493549
2025-06-05,30.0918,30.1703,29.7342,29.8476,20115297
2025-06-06,30.0918,30.3534,30.0046,30.2662,14674558
2025-06-09,30.2662,30.4407,30.1441,30.179,16065072
2025-06-10,30.2139,31.0861,30.1092,31.0687,22664040
2025-06-11,31.1036,31.1995,30.6326,30.6849,20289859
2025-06-12,30.6849,30.8681,30.5889,30.7634,15181916
2025-06-13,30.7547,30.9291,30.4843,30.5366,18342264
2025-06-16,30.6849,30.9553,30.3273,30.6238,19551175
2025-06-17,30.493,30.5541,30.0569,30.1179,17498160
2025-06-18,30.1354,30.2749,29.8388,29.8824,17338217
2025-06-20,30.0918,30.4407,29.9871,30.1179,45554391
2025-06-23,29.9958,30.2052,29.7952,30.1703,30696630
2025-06-24,30.336,30.7721,30.179,30.7111,25948907
2025-06-25,30.6587,30.6936,30.3534,30.3883,23071741
2025-06-26,30.3971,30.7285,30.3709,30.7111,17958250
2025-06-27,30.7896,31.0163,30.6936,30.807,28744873
2025-06-30,30.8506,31.1995,30.7721,31.1297,19729257
2025-07-01,31.0425,31.9758,31.0251,31.688,24388953
2025-07-02,31.6087,31.7848,31.4415,31.5383,25762502
2025-07-03,31.5119,32.04,31.4943,31.6791,10841680
2025-07-07,31.6175,31.8112,31.1334,31.195,16088760
2025-07-08,31.3183,31.7408,31.151,31.6879,13563597
2025-07-09,31.6175,31.7144,31.151,31.3535,15908437
2025-07-10,31.3006,31.6615,31.1422,31.1774,16146591
2025-07-11,31.019,31.1158,30.7725,30.7989,17994315
2025-07-14,30.7197,31.3975,30.6317,31.3711,19787835
2025-07-15,31.3535,31.4063,30.5437,30.5613,18142094
2025-07-16,30.6053,30.6933,30.174,30.2796,22516794
2025-07-17,30.1916,30.8253,30.174,30.5437,18721155
2025-07-18,30.6845,30.7461,30.306,30.4028,15778903
2025-07-21,30.5877,30.8957,30.5173,30.8165,16874712
2025-07-22,30.9045,31.4767,30.8429,31.0454,15528478
2025-07-23,31.1334,31.5999,31.0982,31.5031,17531237
2025-07-24,31.5295,31.7055,31.1334,31.1334,17215618
2025-07-25,30.0507,30.3148,29.2233,29.6458,35130548
2025-07-28,29.637,29.7074,29.3202,29.5138,20947237
2025-07-29,29.5402,29.6194,28.6776,28.8976,35116571
2025-07-30,28.8976,29.1705,28.5103,28.6072,38032682
2025-07-31,29.9187,30.0155,28.9593,29.2497,43303235
2025-08-01,29.3554,29.461,28.5808,28.6248,23900587
2025-08-04,28.7128,29.0033,28.5984,28.66,31347180
2025-08-05,28.7832,28.8976,28.572,28.616,29278587
2025-08-06,28.748,28.836,28.2815,28.3079,23014230
2025-08-07,28.4839,28.5896,27.8326,27.8766,26822993
2025-08-08,27.8942,28.2023,27.8062,27.8766,17371507
2025-08-11,27.8942,28.2463,27.3133,27.6477,21291665
2025-08-12,27.7446,28.4839,27.7446,28.2551,21284089
2025-08-13,28.3167,29.0473,28.2463,28.9945,31729166
2025-08-14,28.8096,29.0649,28.6952,28.9593,15556647
2025-08-15,29.0737,29.5226,29.0473,29.4434,22090314
2025-08-18,29.2673,29.5754,29.2321,29.4258,26802933
2025-08-19,29.5138,29.9187,29.4434,29.8307,17918344
2025-08-20,29.8747,29.9451,29.1001,29.3025,21651244
2025-08-21,29.2497,29.5842,29.1529,29.5754,17252536
2025-08-22,29.6722,30.2796,29.6722,30.0595,26961169
2025-08-25,29.9715,30.0859,29.7691,29.9363,18296276
2025-08-26,29.9099,29.9099,29.505,29.6458,23766145
2025-08-27,29.5666,29.7955,29.4434,29.7603,18694587
2025-08-28,29.7955,29.8307,29.2761,29.549,22818329
2025-08-29,29.5402,29.9187,29.4522,29.9011,17850910
2025-09-02,29.6634,30.0683,29.6194,30.0419,21662341
2025-09-03,30.0595,30.0859,29.4698,29.8307,19108583
2025-09-04,29.9539,30.3236,29.681,29.8835,29809633
2025-09-05,30.0067,30.262,29.5666,29.8483,22531732
2025-09-08,28.6688,30.0243,28.6248,29.9275,29665908
2025-09-09,29.9187,29.9627,29.637,29.637,18289981
2025-09-10,29.5138,29.6986,28.9593,29.4698,18866267
2025-09-11,29.4522,29.5402,29.2057,29.3994,23239900
2025-09-12,29.2849,29.3818,28.5632,29.1001,25474412
2025-09-15,29.0737,29.1793,28.6248,28.7128,22823023
2025-09-16,28.7128,28.836,28.1495,28.4223,23070781
2025-09-17,28.4663,28.8712,28.3431,28.5456,17270569
2025-09-18,28.4575,28.5368,27.5773,27.8502,41634233
2025-09-19,27.8502,28.0614,27.6389,27.8062,57393503
2025-09-22,27.5773,27.7974,27.5509,27.7182,38791959
2025-09-23,27.8062,28.3255,27.8062,27.8326,28049830
2025-09-24,27.9822,27.9822,27.6917,27.8238,24464496
2025-09-25,27.9118,28.0878,27.7446,27.8326,20702681
2025-09-26,27.8766,28.0702,27.7798,27.9206,16608282
2025-09-29,28.0174,28.0526,27.6477,27.7182,23759956
2025-09-30,27.6829,27.9998,27.4893,27.6565,40287999
2025-10-01,27.6121,27.9056,27.4875,27.5231,32274829
2025-10-02,27.3274,27.3986,27.0249,27.0427,26690578
2025-10-03,27.0694,27.7544,27.0516,27.4875,34826773
2025-10-06,27.3986,27.6743,27.0605,27.6565,29735156
2025-10-07,27.6565,27.6921,26.9538,27.2206,32197579
2025-10-08,27.2295,27.5676,27.0961,27.3719,25357468
2025-10-09,27.4519,27.5498,26.7403,26.7581,24066185
2025-10-10,26.8559,27.0249,26.1799,26.2065,24430886
2025-10-13,26.2688,26.4823,26.1443,26.1621,17972655
2025-10-14,26.1977,26.7848,26.1621,26.678,24966413
2025-10-15,26.6246,26.7937,26.1976,26.4378,21912552
2025-10-16,26.3845,26.5357,25.9308,26.0286,21743966
2025-10-17,26.0642,26.3667,25.9397,26.2777,22066520
2025-10-20,26.2866,26.3578,26.082,26.3044,18012454
2025-10-21,26.3756,26.678,26.2332,26.6602,32098561
2025-10-22,26.6335,26.6869,26.1354,26.1532,23490859
2025-10-23,26.3489,26.3756,26.0197,26.0642,22618373
2025-10-24,26.2154,26.3489,26.0197,26.0464,19207601
2025-10-27,26.1621,26.4378,26.0553,26.171,25722596
2025-10-28,26.0731,26.171,25.913,26.0464,28876008
2025-10-29,25.9308,26.0286,25.317,25.3793,45729166
2025-10-30,23.2087,24.9967,22.9063,24.3029,68328653
2025-10-31,23.778,24.8544,23.44,24.7655,52397489
2025-11-03,24.5875,24.6943,23.7514,24.0004,42307297
2025-11-04,24.0449,24.4986,23.9204,24.4096,48614334
2025-11-05,24.4185,24.8989,24.3563,24.8544,42945896
2025-11-06,24.8455,24.9612,24.2673,24.294,35022568
2025-11-07,24.5253,24.7121,24.0271,24.3296,38966093
2025-11-10,24.2406,24.4452,23.7958,24.125,59186383
2025-11-11,24.3474,24.5964,24.0627,24.4185,56995939
2025-11-12,24.4096,24.8722,24.3918,24.8099,33011806
2025-11-13,24.6943,25.1569,24.6943,24.8811,34101960
2025-11-14,24.9256,25.1124,24.2406,24.4719,40374320
2025-11-17,24.4719,24.5698,24.1517,24.2139,28365982
2025-11-18,24.3385,24.5075,24.0805,24.3385,31200787
2025-11-19,24.2762,24.3474,23.8136,23.9026,29309743
2025-11-20,24.0004,24.1428,23.6179,23.6891,26345084
2025-11-21,23.6535,24.3918,23.6535,24.3296,33688178
2025-11-24,24.2851,24.3207,23.5112,23.5379,55123888
2025-11-25,23.6179,24.0983,23.5912,23.7336,32485455
2025-11-26,23.8136,23.8403,23.5734,23.6357,25848609
2025-11-28,23.5556,23.9115,23.529,23.7425,14547478
2025-12-01,23.5734,23.8759,23.529,23.6446,30211892
2025-12-02,23.7691,24.2584,23.4845,24.036,48848754
2025-12-03,23.9826,24.4719,23.8848,24.4007,29501163
2025-12-04,24.4452,24.4808,24.0538,24.1961,43540215
2025-12-05,24.2228,24.9789,24.205,24.294,50881282
2025-12-08,24.3118,24.3207,23.6446,23.7069,42823191
2025-12-09,23.7069,23.956,23.529,23.8314,29309316
2025-12-10,23.9115,24.6409,23.8136,24.5342,39408045
2025-12-11,24.5964,24.6676,24.1428,24.552,49189234
2025-12-12,24.5075,24.7743,24.1783,24.2228,30849211
2025-12-15,24.5075,25.1747,24.4363,25.0946,42691310
2025-12-16,25.0946,26.5535,24.801,26.4467,98031159
2025-12-17,26.2955,27.2118,26.1799,26.9716,76466448
2025-12-18,26.6157,27.0694,26.4556,26.9271,49457691
2025-12-19,26.8114,27.016,26.2243,26.3044,97603932
2025-12-22,26.2243,26.509,25.9664,26.0286,32785176
2025-12-23,26.0464,26.1621,25.7973,26.1354,22459603
2025-12-24,26.1354,26.5624,26.1265,26.4912,11046544
2025-12-26,26.4556,26.5624,26.251,26.3845,13253527
2025-12-29,26.3845,26.598,26.2599,26.5713,25635529
2025-12-30,26.509,26.7759,26.4823,26.6602,24549536
2025-12-31,26.5713,26.767,26.4556,26.5891,18388891
2026-01-02,26.5891,26.6424,26.1354,26.2777,25911241
2026-01-05,26.3203,27.4593,26.3013,26.7,47571600
2026-01-06,26.4247,26.5197,25.7224,26.0261,34552600
2026-01-07,26.0546,26.4912,25.9502,26.4817,36361700
2026-01-08,26.2539,27.0512,26.102,26.7759,30813300
2026-01-09,26.7,27.0986,26.3678,26.9278,22315300
2026-01-12,27.279,27.8295,27.0417,27.5827,40310200
2026-01-13,27.4309,27.7631,26.9563,27.0322,35155000
2026-01-14,26.9362,27.4067,26.917,27.2915,27336300
2026-01-15,27.2819,27.4163,27.0706,27.2243,31081600
2026-01-16,27.1282,27.2531,26.4656,26.7153,38596900
2026-01-20,26.7249,27.4451,26.5905,27.0418,50568300
2026-01-21,26.9746,27.8581,26.9746,27.7428,44865500
2026-01-22,27.7332,28.271,27.7236,28.0693,35617700
2026-01-23,27.8292,28.1653,27.618,28.1365,29380200
2026-01-26,28.1269,28.3286,28.0021,28.2614,43266700
2026-01-27,28.175,28.2518,27.4931,27.5604,40826400
2026-01-28,27.6852,27.9445,27.1186,27.2819,46428800
2026-01-29,26.5329,28.9144,26.4848,28.0789,65923400
2026-01-30,28.463,28.6647,27.7524,28.5687,51300200
2026-02-02,28.4438,28.7415,28.2326,28.415,31343400
2026-02-03,28.463,29.0776,28.3574,28.5783,37200800
2026-02-04,28.8183,29.8939,28.7319,29.2889,41031100
2026-02-05,29.3177,29.7114,29.1448,29.625,30243800
2026-02-06,29.5866,30.182,29.5482,30.1243,30791600
2026-02-09,29.8651,30.422,29.5386,30.3548,24316900
2026-02-10,30.3356,31.1038,30.278,31.027,32111400
2026-02-11,31.0078,31.536,30.9982,31.1903,27355300
2026-02-12,31.4015,31.5552,30.5469,30.5565,34309400
2026-02-13,30.4412,30.6141,29.8843,30.3164,28487900
2026-02-17,30.4124,30.6813,30.2108,30.2972,28089700
2026-02-18,30.3644,30.5565,30.0955,30.3452,20768600
2026-02-19,30.3164,30.4989,29.9707,30.1339,25767800
2026-02-20,30.0475,30.2012,29.5674,30.0955,25242200
2026-02-23,30.1243,30.5565,30.0187,30.374,19564600
2026-02-24,30.23,30.5853,30.1147,30.3548,20735400
2026-02-25,30.3452,30.5085,29.4713,29.5674,32273600
2026-02-26,29.6346,29.9803,29.5866,29.625,25478000
2026-02-27,29.4905,29.9419,29.1833,29.7306,34865700
2026-03-02,29.5194,29.8267,29.3177,29.5962,22490300
2026-03-03,29.4617,30.1147,29.068,29.7786,27217400
2026-03-04,29.625,30.8638,29.4137,30.8158,28509100
2026-03-05,30.6717,31.1134,30.2204,30.3452,24202700
2026-03-06,30.1435,30.7005,29.7594,30.6429,23119100
2026-03-09,30.3836,30.4989,29.2601,29.8074,45897400
2026-03-10,29.7114,29.9419,29.3369,29.8363,21238700
2026-03-11,29.8267,30.0859,29.0584,29.3561,23701900
2026-03-12,29.1256,29.3561,28.8087,28.9624,23947600
2026-03-13,29.1256,29.3369,28.9144,28.9624,20252800
2026-03-16,28.9624,29.3465,28.8664,29.1352,19653200
2026-03-17,29.3849,29.5674,28.8568,28.8856,24222000
2026-03-18,28.7511,28.9144,27.3971,27.4355,36334100
2026-03-19,27.6468,28.175,27.57,27.8292,36163200
2026-03-20,27.7812,28.3478,27.6948,27.8677,246107100
2026-03-23,27.9733,28.223,27.6852,27.8581,31505500
2026-03-24,27.8869,28.5303,27.7812,28.0597,21804200
2026-03-25,28.0021,28.2518,27.4739,27.5892,22266800
2026-03-26,27.5892,27.9925,27.4739,27.5796,28571200
2026-03-27,27.5604,27.6756,27.1378,27.2051,19776200
2026-03-30,27.4739,28.0693,27.2531,27.7524,32458500
2026-03-31,28.1173,28.1269,27.2435,27.57,28734100
2026-04-01,27.4243,27.5797,26.958,27.2494,27163500
2026-04-02,27.2397,27.3562,26.7928,27.1328,25105400
2026-04-06,27.1911,27.366,26.8414,26.8705,19631400
2026-04-07,26.9385,27.1328,26.6957,26.9968,37148500
2026-04-08,26.9968,27.2882,26.8705,27.162,23123100
2026-04-09,27.026,27.5117,26.8414,27.502,24209100
2026-04-10,27.6088,27.6574,27.0357,27.1328,18153900
2026-04-13,27.1522,27.3854,26.8025,27.2494,20312900
2026-04-14,27.0357,27.57,27.0065,27.3368,17564400
2026-04-15,27.3562,27.6963,27.2105,27.4923,18045000
2026-04-16,27.5311,28.6191,27.4631,28.5123,27115800
2026-04-17,28.4637,28.93,28.3277,28.7843,32422000
2026-04-20,28.7843,29.2797,28.7163,28.8814,22174000
2026-04-21,28.9106,29.066,28.0654,28.2208,37226100
2026-04-22,28.3083,28.6871,28.2791,28.5317,25222700
2026-04-23,29.6295,31.1644,29.5323,30.7369,46477900
2026-04-24,30.0763,30.1443,26.7151,26.7734,65543100
2026-04-27,26.6665,27.2105,26.5208,26.7248,31684600
2026-04-28,27.2397,27.502,26.7637,26.8511,23549000
2026-04-29,26.7054,26.9385,25.8408,25.9962,31883500
2026-04-30,25.9573,26.5694,25.9573,26.2682,41994900
2026-05-01,26.5111,26.6957,26.2196,26.4139,28829300
2026-05-04,26.2294,26.4042,26.1225,26.2974,24758600
2026-05-05,26.2099,26.4431,25.4716,25.7048,31384300
2026-05-06,25.7533,26.0739,25.6368,25.6853,30097200
2026-05-07,25.6271,25.9282,25.3648,25.491,34373800
2026-05-08,25.5008,25.5105,24.6265,24.675,36599400
2026-05-11,24.7722,24.947,24.1602,24.3156,35016100
2026-05-12,24.5682,24.675,24.0921,24.1893,33690600
2026-05-13,24.0533,24.3642,23.8299,24.2282,33453200
2026-05-14,24.3059,24.8207,24.199,24.4516,31812300
2026-05-15,24.6556,24.811,23.9853,24.0533,33033500
2026-05-18,24.0144,24.6362,23.9173,24.2184,34687900
2026-05-19,24.3933,24.539,23.9756,24.0921,33394200
2026-05-20,24.1602,24.4516,24.0339,24.1699,33277100
2026-05-21,24.1504,24.4224,23.859,24.3642,27771400
2026-05-22,24.4127,24.6265,24.199,24.4904,26573600
2026-05-26,24.5973,24.811,24.131,24.4322,25780100
2026-05-27,24.5099,25.0928,24.4224,24.5002,25684500
2026-05-28,24.5099,24.6167,24.1893,24.4419,23353400
2026-05-29,24.335,24.335,24.0727,24.1602,50671300
2026-06-01,24.0241,24.3739,23.8299,24.335,24059700
2026-06-02,24.2184,24.4127,24.0339,24.1407,21999500
2026-06-03,24.0241,24.0339,22.7613,22.8487,43375400
2026-06-04,23.2761,23.5578,22.4698,22.6641,45296700
2026-06-05,22.7321,23.2567,22.7224,23.1401,37177900
2026-06-08,23.0818,23.4218,22.8487,23.0818,25239900
2026-06-09,23.0915,23.3344,22.9555,23.1693,33633600
2026-06-10,23.3927,23.519,23.0041,23.2858,21978900
2026-06-11,23.2664,23.587,23.1887,23.2858,25583300
2026-06-12,23.315,23.8104,23.2276,23.8007,26314500
2026-06-15,23.6258,23.927,23.2567,23.2858,23585900
2026-06-16,23.3538,23.4607,22.6544,22.9847,28797800
2026-06-17,22.771,22.8293,21.9064,22.0424,40926900
2026-06-18,22.1007,22.2075,21.7412,21.7898,74561800
2026-06-22,21.6149,21.9549,21.4984,21.6829,46066700
2026-06-23,21.9161,22.3921,21.6052,22.1492,40351900
2026-06-24,22.1881,22.4212,21.7801,21.9938,43019700
2026-06-25,22.0132,22.3435,21.9841,22.0424,25303800
2026-06-26,22.1104,22.567,22.0618,22.5087,42040300
2026-06-29,26.2779,26.3265,23.4801,23.5287,135440100
2026-06-30,24.0047,24.3253,23.383,23.8493,61967200
2026-07-01,23.8788,24.1152,23.2191,23.3668,52264400
2026-07-02,23.4259,23.5539,22.7267,23.4259,43720500
2026-07-06,23.4062,23.6031,22.8646,23.0221,42491900
2026-07-07,23.4948,23.869,23.0123,23.0517,33017000
2026-07-08,23.1797,23.4062,22.8154,22.8351,26684800
2026-07-09,22.7267,23.0517,22.451,22.9926,27015500
2026-07-10,23.1305,23.3668,22.9926,23.2092,25487300
2026-07-13,23.5933,23.9084,23.416,23.6031,30705400
2026-07-14,23.4653,23.5736,22.8154,22.8351,26068400
2026-07-15,22.8843,23.4456,22.8252,23.1305,22869900
2026-07-16,23.3569,23.9084,23.2388,23.7311,32232800
2026-07-17,23.9773,24.3022,23.2979,23.4259,40121300
2026-07-20,23.5145,23.6228,23.0123,23.416,37183500
2026-07-21,23.3471,23.5834,23.2191,23.4456,27095900
2026-07-22,23.7902,23.8788,23.1305,23.16,36648000
2026-07-23,23.6425,23.6425,21.5746,21.5845,53009300
2026-07-24,20.974,22.1458,20.9543,21.9587,48229800
2026-07-27,22.0867,22.9335,22.0178,22.451,37492900
2026-07-28,22.8941,23.8887,22.8744,23.8197,41669500
2026-07-29,23.7902,24.4992,23.4751,24.2333,37047700
2026-07-30,23.485,23.7213,23.0025,23.3077,29273100
2026-07-31,23.0812,23.7804,22.9237,23.5933,28202400
2026-08-03,24.0561,24.5189,24.0167,24.1841,37773900
2026-08-04,24.0265,24.5878,23.9576,24.5484,31994600
2026-08-05,24.5386,24.5484,23.9674,24.3712,28978300
2026-08-06,24.6075,24.8143,24.381,24.7847,27604600
2026-08-07,24.6075,25.1097,24.5583,24.9718,19058900
2026-08-10,24.7749,24.8537,24.4007,24.8143,19015000
2026-08-11,24.6567,25.2869,24.6567,25.2574,22284200
2026-08-12,25.1491,25.2377,24.6863,25.0802,21388300
2026-08-13,25.2377,25.8581,25.2279,25.7793,18079800
2026-08-14,25.9073,26.0845,25.73,25.7793,20010500
2026-08-17,25.4839,25.6907,25.1097,25.1786,21547000
2026-08-18,25.5036,25.8778,25.3066,25.799,26609100
2026-08-19,25.7399,26.6261,25.7399,26.183,23087500
2026-08-20,26.1633,26.3504,25.8482,26.0156,18865500
2026-08-21,26.1633,26.5572,26.0255,26.439,20308000
2026-08-24,26.4883,26.764,26.4292,26.6064,16800400
2026-08-25,26.4883,26.9314,26.2815,26.6852,22651100
2026-08-26,26.6951,26.8526,26.5572,26.7837,13763300
2026-08-27,26.3996,26.636,25.9664,26.0058,20695400
2026-08-28,26.3307,26.7049,26.1239,26.6458,20586700
2026-08-31,26.4193,26.5572,26.1929,26.2126,23305500
2026-09-01,26.1141,26.3504,25.8679,25.8974,19365100
2026-09-02,26.0845,26.7738,26.055,26.3996,18888400
2026-09-03,26.4784,26.7147,26.0944,26.2421,21940100
2026-09-04,26.2126,26.3209,25.9762,26.0845,17277600
2026-09-08,25.9073,25.9959,25.5627,25.927,27064600
2026-09-09,25.7891,25.8482,23.8197,24.2136,47078800
2026-09-10,24.2235,24.9521,24.1348,24.7847,23801600
2026-09-11,24.8241,25.0211,24.6173,24.8143,16035600
2026-09-14,24.9423,25.0605,24.4401,24.4992,37719400
2026-09-15,24.2333,24.3909,23.997,24.0462,27246200
2026-09-16,24.0068,24.0955,23.2289,23.3668,24295800
2026-09-17,23.4357,23.5736,22.4904,22.5593,36297100
2026-09-18,22.323,22.5593,22.0178,22.3919,64980400
2026-09-21,22.451,22.7267,22.1458,22.579,29119300
2026-09-22,22.7366,22.776,22.0079,22.0768,45147400
2026-09-23,22.0178,22.5199,21.6928,22.2048,38887600
2026-09-24,22.3526,22.4609,21.683,21.7913,36087900
2026-09-25,21.4269,21.6436,21.0823,21.5746,41801800
2026-09-28,21.5845,21.6337,21.1709,21.4565,32508300
2026-09-29,21.4171,21.4762,21.1315,21.2694,21436200
2026-09-30,21.3876,21.6633,21.358,21.4269,34944400
2026-10-01,21.6239,21.6239,21.2202,21.3679,20414600
2026-10-02,21.5845,21.5845,21.0724,21.2398,21038100
2026-10-05,21.2398,21.2989,20.9838,21.2398,31087800
2026-10-06,21.4171,21.4269,21.0035,21.23,23686100
2026-10-07,21.26,21.44,20.88,20.94,30095700
2026-10-08,20.91,21.23,20.75,21.21,44732600
