date,open,high,low,close,volume
2004-01-02,9.34515,9.36748,9.23911,9.28934,3324400
2004-01-05,9.34888,9.36004,9.13678,9.2726,4847600
2004-01-06,8.95817,9.03073,8.92655,8.93957,8370000
2004-01-07,8.93027,8.98422,8.09305,8.57678,22854000
2004-01-08,8.77771,8.79818,8.53957,8.65306,8928400
2004-01-09,8.52654,8.64003,8.37212,8.52096,6103200
2004-01-12,8.58236,8.58236,8.42236,8.46515,5262400
2004-01-13,8.4298,8.54143,8.38329,8.47445,4456400
2004-01-14,8.52654,8.59538,8.47445,8.55631,3032800
2004-01-15,8.64748,8.67724,8.32934,8.51166,4977200
2004-01-16,8.53399,8.55073,8.32561,8.43724,5329200
2004-01-20,8.32562,8.50236,8.18608,8.44283,4322400
2004-01-21,8.42608,8.61771,8.34608,8.54887,5312400
2004-01-22,8.48003,8.5991,8.41678,8.48562,3770000
2004-01-23,8.41864,8.55632,8.36655,8.39259,3392400
2004-01-26,8.37399,8.60283,8.37213,8.56376,3431200
2004-01-27,8.57864,8.61213,8.40189,8.47817,3583200
2004-01-28,8.42422,8.55817,8.2605,8.31445,5143200
2004-01-29,8.28654,8.47073,8.23445,8.41678,4129600
2004-01-30,8.37213,8.45027,8.32934,8.37771,3684800
2004-02-02,8.34422,8.51724,8.2884,8.40747,5016000
2004-02-03,8.37585,8.46887,8.32003,8.37213,3537200
2004-02-04,8.23259,8.52469,8.22329,8.44283,3442000
2004-02-05,8.53771,8.64562,8.37771,8.55074,4137200
2004-02-06,8.59941,8.73422,8.49831,8.72486,2959200
2004-02-09,8.75294,8.76979,8.47959,8.50954,2941600
2004-02-10,8.47397,8.49269,8.38784,8.47958,3753600
2004-02-11,8.42716,8.49456,8.24929,8.39346,4082000
2004-02-12,8.38972,8.39159,8.22683,8.27925,4074800
2004-02-13,8.29797,8.33168,8.14445,8.20062,3159200
2004-02-17,8.2287,8.3841,8.2287,8.27925,2691200
2004-02-18,8.21934,8.23806,7.94598,8.00777,6024000
2004-02-19,8.11449,8.13509,7.91977,7.92726,3739200
2004-02-20,7.9647,8.0733,7.90292,8.00964,3539200
2004-02-23,7.99279,8.13883,7.96096,8.019,4500400
2004-02-24,8.06955,8.16504,7.97594,8.09764,4710400
2004-02-25,8.14445,8.15381,8.0396,8.12385,3579200
2004-02-26,8.1744,8.2081,8.12572,8.17253,3347200
2004-02-27,8.08828,8.22496,7.91228,7.99654,5368800
2004-03-01,7.98904,8.15942,7.98343,8.1407,3188400
2004-03-02,8.06394,8.31295,8.06394,8.26427,6177200
2004-03-03,8.23431,8.33167,8.15942,8.2624,3471200
2004-03-04,8.21185,8.41593,8.19313,8.26053,4097600
2004-03-05,8.18002,8.20998,7.95722,8.03585,6919600
2004-03-08,8.02649,8.12572,7.89918,7.92726,4414000
2004-03-09,7.89169,7.94973,7.81118,7.85986,4734400
2004-03-10,7.81679,7.88232,7.64267,7.64267,3944400
2004-03-11,7.61459,7.8636,7.52659,7.68948,6607600
2004-03-12,7.7288,7.83178,7.61834,7.77935,4950800
2004-03-15,7.68574,7.76999,7.52847,7.62395,3981600
2004-03-16,7.63893,8.00215,7.56965,7.91977,8266800
2004-03-17,8.01339,8.12572,7.94224,7.98905,6304400
2004-03-18,7.99467,8.03211,7.81118,7.9179,4027600
2004-03-19,7.92726,7.93849,7.75688,7.76624,4252000
2004-03-22,7.64267,7.79058,7.60336,7.78122,5342800
2004-03-23,7.83177,7.84114,7.59587,7.68012,5226000
2004-03-24,7.65203,7.69135,7.56404,7.61833,3953200
2004-03-25,8.00403,8.0527,7.87296,7.9722,6620400
2004-03-26,7.96471,8.10887,7.84488,7.99279,8582800
2004-03-29,8.00215,8.31295,7.99092,8.28674,7001600
2004-03-30,8.24742,8.26053,8.08828,8.15568,3300400
2004-03-31,8.20061,8.2081,8.00028,8.14257,3978000
2004-04-01,8.0864,8.33167,8.07891,8.2624,4103600
2004-04-02,8.5732,8.84281,8.54511,8.65558,6192800
2004-04-05,8.65745,8.73983,8.61626,8.70613,3676800
2004-04-06,8.63873,8.73796,8.62562,8.70052,2262000
2004-04-07,8.69302,8.72111,8.61626,8.64996,2580000
2004-04-08,8.67056,8.76792,8.56571,8.60877,2902000
2004-04-12,8.63124,8.78477,8.59192,8.68554,2156800
2004-04-13,8.76417,8.77541,8.6069,8.63499,4472400
2004-04-14,8.6275,8.68367,8.56571,8.68179,2760800
2004-04-15,8.70426,8.77166,8.52078,8.59754,3073600
2004-04-16,8.6406,8.80536,8.52827,8.63873,3156400
2004-04-19,8.62937,8.74545,8.57133,8.73047,1905200
2004-04-20,8.79225,8.80162,8.68366,8.69864,3438000
2004-04-21,8.6743,8.67992,8.44214,8.65558,2861600
2004-04-22,8.56758,8.92893,8.46461,8.91396,4125200
2004-04-23,8.85966,8.972,8.71924,8.9383,3464400
2004-04-26,8.73984,8.73984,8.52078,8.55448,5190000
2004-04-27,8.60315,8.62188,8.45337,8.55635,4441200
2004-04-28,8.56759,8.60503,8.34478,8.39721,3471600
2004-04-29,8.43278,8.5058,8.2287,8.3504,3174400
2004-04-30,8.35789,8.56946,8.33168,8.44588,4004400
2004-05-03,8.42903,8.5863,8.30359,8.41405,5268400
2004-05-04,8.35976,8.5058,8.22308,8.38784,4214800
2004-05-05,8.35227,8.35414,8.11823,8.23993,4706000
2004-05-06,8.16879,8.4515,8.15942,8.42529,4922800
2004-05-07,8.46648,8.54699,8.23057,8.25304,6596800
2004-05-10,8.22496,8.2493,7.9853,8.07892,5390400
2004-05-11,8.16878,8.17066,7.99279,8.10325,5077600
2004-05-12,8.01526,8.1407,7.85611,8.107,4333600
2004-05-13,8.07517,8.20062,8.01713,8.11262,2747600
2004-05-14,8.18189,8.21372,7.94973,8.10139,3180800
2004-05-17,8.107,8.1538,7.94598,8.0864,3528000
2004-05-18,8.14632,8.23244,8.0864,8.13883,1966400
2004-05-19,8.18938,8.37099,8.10887,8.17815,4627600
2004-05-20,8.20061,8.28487,8.11262,8.1407,3067600
2004-05-21,8.24555,8.32418,8.13508,8.23619,2467600
2004-05-24,8.30359,8.48707,8.23431,8.34852,3486800
2004-05-25,8.38784,8.59379,8.25117,8.56758,3092800
2004-05-26,8.5189,8.58631,8.4515,8.54886,2353200
2004-05-27,8.57133,8.59941,8.43652,8.50767,3040800
2004-05-28,8.47959,8.53763,8.40469,8.48707,1905600
2004-06-01,8.42154,8.52452,8.3841,8.47397,2779200
2004-06-02,8.50018,8.66681,8.43839,8.53201,3900000
2004-06-03,8.47958,8.52265,8.42154,8.42716,2997200
2004-06-04,8.53762,8.53762,8.34103,8.38223,2987600
2004-06-07,8.3972,8.6612,8.32044,8.64809,2546800
2004-06-08,8.60128,8.64247,8.50767,8.5732,3094000
2004-06-09,8.50393,8.66307,8.50393,8.52639,2061200
2004-06-10,8.50205,8.63686,8.50018,8.58818,1788800
2004-06-14,8.61252,8.65932,8.53762,8.62001,3150800
2004-06-15,8.69864,8.79974,8.6743,8.6949,2943200
2004-06-16,8.73796,8.76604,8.6743,8.73234,1914000
2004-06-17,8.68179,8.73983,8.4852,8.56197,3182400
2004-06-18,8.48895,8.66307,8.39721,8.4852,3561600
2004-06-21,8.45524,8.52452,8.39346,8.41967,1922400
2004-06-22,8.46648,8.64996,8.39908,8.64247,2572000
2004-06-23,8.68741,8.69302,8.53014,8.63124,2923200
2004-06-24,8.6069,8.63873,8.44401,8.61065,2649200
2004-06-25,8.60877,8.99821,8.52452,8.96076,6306000
2004-06-28,8.91583,8.97949,8.79975,8.87651,5162800
2004-06-29,8.89149,8.98697,8.78477,8.92519,2844800
2004-06-30,8.8634,8.94391,8.78477,8.92519,3310400
2004-07-01,8.90272,8.94017,8.73609,8.80724,3583200
2004-07-02,8.84655,8.89336,8.70613,8.77166,2357600
2004-07-06,8.76979,8.83532,8.54137,8.55448,5264800
2004-07-07,8.58443,8.64809,8.51141,8.52826,4207200
2004-07-08,8.55073,8.59567,8.42529,8.43839,2458400
2004-07-09,8.52452,8.54698,8.35227,8.50018,3878800
2004-07-12,8.45712,8.62937,8.37661,8.5395,3412000
2004-07-13,8.42529,8.49082,8.19313,8.41031,10669600
2004-07-14,8.38222,8.39907,8.15006,8.21559,4180400
2004-07-15,8.27363,8.29048,8.12198,8.22308,3937600
2004-07-16,8.25866,8.32606,8.17815,8.23245,4504800
2004-07-19,8.30546,8.32793,8.20249,8.23057,2623600
2004-07-20,8.20623,8.25116,8.12947,8.25116,2668800
2004-07-21,8.20623,8.25304,8.019,8.02462,3697600
2004-07-22,8.0396,8.06019,7.91977,8.0059,2526800
2004-07-23,7.96845,8.11636,7.88794,7.91228,2095200
2004-07-26,7.95722,8.05832,7.83552,7.87484,3162400
2004-07-27,7.96658,8.07517,7.91977,8.05083,4207600
2004-07-28,8.01339,8.04334,7.80556,7.98156,4270800
2004-07-29,8.03211,8.06019,7.86735,7.9516,3783600
2004-07-30,7.97594,7.99466,7.8299,7.85611,3031200
2004-08-02,7.8636,8.01526,7.79058,8.00964,5535600
2004-08-03,7.96283,8.04896,7.87296,7.9722,3796000
2004-08-04,8.05083,8.12385,7.94598,8.03398,3064000
2004-08-05,8.02275,8.0602,7.79995,7.83178,2476000
2004-08-06,7.78684,7.82429,7.55468,7.56591,5039600
2004-08-09,7.49102,7.61833,7.49102,7.5528,3326800
2004-08-10,7.59025,7.68012,7.54344,7.63893,3440400
2004-08-11,7.60336,7.71757,7.53034,7.65016,2780000
2004-08-12,7.55655,7.63144,7.49289,7.55467,2568000
2004-08-13,7.56778,7.58463,7.3974,7.44234,2492000
2004-08-16,7.44234,7.56965,7.41613,7.53783,2394000
2004-08-17,7.47604,7.57153,7.42923,7.5191,3089600
2004-08-18,7.52846,7.73816,7.49289,7.68948,3702800
2004-08-19,7.63519,7.66889,7.53221,7.62395,3277200
2004-08-20,7.61459,7.69697,7.50787,7.63332,2528800
2004-08-23,7.64268,7.7494,7.54719,7.69136,3264000
2004-08-24,7.70072,7.79807,7.66514,7.75127,2399600
2004-08-25,7.78497,7.89356,7.69323,7.88233,3807200
2004-08-26,7.84862,7.94973,7.80369,7.85424,2380000
2004-08-27,7.82616,7.8505,7.67638,7.77935,3303200
2004-08-30,7.73067,7.74565,7.66888,7.67825,2211600
2004-08-31,7.65391,7.7082,7.5528,7.67825,2920000
2004-09-01,7.60335,7.76063,7.56029,7.66888,3638000
2004-09-02,7.71382,7.94411,7.65952,7.8973,2879200
2004-09-03,7.91041,8.04334,7.90292,7.9722,2725600
2004-09-07,8.02836,8.09389,7.95909,8.0396,3136000
2004-09-08,8.02088,8.09202,7.92913,7.9385,3184400
2004-09-09,7.94786,7.99092,7.84488,7.91977,2650000
2004-09-10,7.8973,7.98905,7.83739,7.97781,1950000
2004-09-13,7.99279,8.05458,7.8842,8.05083,2364800
2004-09-14,8.06207,8.08266,7.99841,8.05083,2264000
2004-09-15,7.9516,8.02274,7.82241,7.85049,2964000
2004-09-16,7.80556,7.92726,7.79059,7.83178,3084000
2004-09-17,7.97594,8.34665,7.95722,8.24368,10139600
2004-09-20,8.24742,8.25491,8.04709,8.12947,4742000
2004-09-21,8.107,8.32793,8.04709,8.30733,7466400
2004-09-22,8.21933,8.29423,8.00402,8.06206,5141200
2004-09-23,8.00215,8.08266,7.95722,7.9853,2266000
2004-09-24,7.95722,8.0733,7.89543,7.98156,3892400
2004-09-27,8.00402,8.01338,7.85049,7.89169,2893600
2004-09-28,7.97968,7.98343,7.86547,7.91041,2714800
2004-09-29,7.87858,7.96658,7.82803,7.94598,2026800
2004-09-30,7.95347,7.9853,7.85986,7.87109,4938000
2004-10-01,7.85798,8.23057,7.82803,8.21934,5421600
2004-10-04,8.18189,8.22496,8.10139,8.1744,3595200
2004-10-05,8.20436,8.32231,8.18751,8.21559,3800000
2004-10-06,8.18938,8.29985,8.15942,8.16317,3210000
2004-10-07,8.20061,8.24742,8.04521,8.08266,3756000
2004-10-08,8.04334,8.07891,7.87109,7.88981,3298800
2004-10-11,7.93101,7.98717,7.85986,7.9385,3238000
2004-10-12,7.89356,7.92539,7.75314,7.84114,3942000
2004-10-13,7.91041,7.91041,7.6408,7.73442,2996400
2004-10-14,7.70446,7.81118,7.59774,7.65016,3161200
2004-10-15,7.68761,7.81118,7.62395,7.7831,4794000
2004-10-18,7.76063,7.8299,7.61833,7.82616,4130800
2004-10-19,7.82241,7.97594,7.79058,7.81118,3514800
2004-10-20,7.83365,7.89543,7.74752,7.85237,2531200
2004-10-21,7.87296,7.90479,7.68761,7.87671,4617600
2004-10-22,7.9179,7.95347,7.8168,7.82616,2745600
2004-10-25,7.88233,7.88233,7.72318,7.7831,1760000
2004-10-26,7.78309,7.96658,7.70633,7.96471,3178000
2004-10-27,7.91041,8.15755,7.91041,8.10325,3682000
2004-10-28,8.04334,8.15381,7.97407,8.13134,2757200
2004-10-29,8.13508,8.17815,7.97594,8.07704,2825200
2004-11-01,8.06768,8.11823,7.97781,8.08266,2297200
2004-11-02,8.1276,8.21934,8.04334,8.08828,2308800
2004-11-03,8.02088,8.12947,7.98156,8.03024,3587600
2004-11-04,8.12385,8.21934,8.00964,8.19312,3169200
2004-11-05,8.28487,8.36537,8.22308,8.25304,4937600
2004-11-08,8.32231,8.3635,8.24929,8.31295,2658400
2004-11-09,8.23806,8.35789,8.20623,8.30921,3084800
2004-11-10,8.26614,8.52452,8.26614,8.44401,4977600
2004-11-11,8.42716,8.55822,8.42342,8.47771,2670000
2004-11-12,8.4515,8.56197,8.38784,8.48895,2787600
2004-11-15,8.48333,8.48707,8.31482,8.46086,3231200
2004-11-16,8.49269,8.49269,8.30359,8.42716,3600000
2004-11-17,8.47584,8.57694,8.43278,8.50954,3339600
2004-11-18,8.50767,8.53763,8.41593,8.53763,2788800
2004-11-19,8.47958,8.59567,8.34478,8.38223,3613600
2004-11-22,8.32606,8.45712,8.32418,8.38223,3200400
2004-11-23,8.39533,8.47959,8.27925,8.38597,3469200
2004-11-24,8.39533,8.50954,8.34103,8.47022,2358400
2004-11-26,8.49644,8.51142,8.40282,8.4178,773200
2004-11-29,8.4178,8.44027,8.26053,8.35414,2420000
2004-11-30,8.30359,8.42342,8.30359,8.37286,3068800
2004-12-01,8.38972,8.61252,8.38972,8.54324,3362400
2004-12-02,8.49831,8.71362,8.47022,8.68366,5942800
2004-12-03,8.64247,8.71924,8.58818,8.58818,3208800
2004-12-06,8.57507,8.75481,8.56758,8.64996,3399200
2004-12-07,8.62001,8.6612,8.48333,8.48707,3392800
2004-12-08,8.53014,8.64622,8.53014,8.53575,3090800
2004-12-09,8.5938,8.64809,8.3635,8.52265,3567200
2004-12-10,8.43839,8.54511,8.39159,8.5189,2254000
2004-12-13,8.51142,8.59005,8.38223,8.52078,2237600
2004-12-14,8.53388,8.73796,8.49831,8.6743,3906000
2004-12-15,8.70239,8.75294,8.61439,8.66868,3339200
2004-12-16,8.75107,8.77541,8.51516,8.63311,3604000
2004-12-17,8.68741,8.70239,8.33355,8.37661,8604000
2004-12-20,8.44027,8.44401,8.09764,8.16878,6590800
2004-12-21,8.21934,8.22495,8.08453,8.16129,4116000
2004-12-22,8.18189,8.24742,8.07892,8.17066,3662000
2004-12-23,8.09015,8.24742,8.06581,8.18751,3147200
2004-12-27,8.19125,8.23057,8.01713,8.10139,2999600
2004-12-28,8.10326,8.23245,8.04334,8.1744,2940800
2004-12-29,8.21185,8.30921,8.15943,8.23432,3293200
2004-12-30,8.25117,8.28487,8.14445,8.22308,3114400
2004-12-31,8.25304,8.26801,8.12759,8.21185,1498000
2005-01-03,8.17066,8.21372,7.98905,8.08079,5503200
2005-01-04,8.15194,8.19687,7.91415,7.96658,4183200
2005-01-05,7.91602,8.07143,7.82054,7.94598,4124000
2005-01-06,7.92726,8.09951,7.90105,8.02275,6383200
2005-01-07,8.03211,8.24368,7.99466,8.195,6924400
2005-01-10,8.13883,8.28674,8.13134,8.23806,4325200
2005-01-11,8.17066,8.27551,8.14445,8.23806,5075600
2005-01-12,8.23806,8.29423,8.1613,8.26989,3181200
2005-01-13,8.20061,8.21559,7.89169,7.96845,6854800
2005-01-14,7.95535,8.18938,7.91977,8.11262,4783200
2005-01-18,8.06206,8.22495,8.04521,8.18563,3842000
2005-01-19,8.21747,8.21747,8.06768,8.07517,3527200
2005-01-20,8.12385,8.16879,8.02649,8.04521,3398800
2005-01-21,8.07892,8.11636,7.95722,8.019,4336000
2005-01-24,7.99279,8.14257,7.90105,8.04147,4270400
2005-01-25,8.06394,8.1744,8.05832,8.10887,5316800
2005-01-26,8.07705,8.15006,8.02837,8.05083,3934400
2005-01-27,8.02462,8.20998,8.00403,8.17253,5038400
2005-01-28,8.195,8.195,8.01152,8.11636,4832800
2005-01-31,8.195,8.23619,8.10513,8.14445,4150800
2005-02-01,8.10138,8.2418,8.09951,8.21934,9341200
2005-02-02,8.2287,8.42903,8.16691,8.41593,10062800
2005-02-03,8.45899,8.47771,8.33916,8.39346,5634800
2005-02-04,8.42552,8.48209,8.35952,8.45003,5760800
2005-02-07,8.44438,8.50849,8.37083,8.45192,3116000
2005-02-08,8.44249,8.49529,8.36517,8.401,2525200
2005-02-09,8.40855,8.4406,8.24449,8.2822,3708400
2005-02-10,8.31615,8.39158,8.26335,8.33123,2985200
2005-02-11,8.32934,8.5066,8.31426,8.47266,3224800
2005-02-14,8.50284,8.50284,8.4142,8.45758,2688800
2005-02-15,8.42929,8.58015,8.36895,8.44815,4316800
2005-02-16,8.42552,8.48586,8.34632,8.4274,2903200
2005-02-17,8.43306,8.43306,8.21243,8.23506,4508800
2005-02-18,8.23883,8.3614,8.20866,8.2954,3559200
2005-02-22,8.25391,8.2558,8.10683,8.1106,4396800
2005-02-23,8.15774,8.18037,8.02951,8.15585,4016000
2005-02-24,8.0974,8.33123,8.0974,8.28597,3253200
2005-02-25,8.28597,8.32369,8.2294,8.26523,4843600
2005-02-28,8.26712,8.32557,8.1898,8.2558,5230000
2005-03-01,8.2558,8.30483,8.20677,8.27843,3898000
2005-03-02,8.23506,8.33689,8.12568,8.25203,5025200
2005-03-03,8.25203,8.27466,8.1502,8.22374,4750800
2005-03-04,8.30294,8.3746,8.2822,8.2822,3036800
2005-03-07,8.31048,8.401,8.29728,8.3746,3318800
2005-03-08,8.401,8.401,8.26711,8.27088,2881200
2005-03-09,8.25957,8.31992,8.15586,8.18603,3469200
2005-03-10,8.24826,8.27466,8.12003,8.27277,3275600
2005-03-11,8.23129,8.30483,8.06534,8.09928,3109200
2005-03-14,8.09363,8.17472,8.09363,8.17472,3592800
2005-03-15,8.18225,8.22751,8.04837,8.08608,2532800
2005-03-16,8.07288,8.10305,7.89373,7.98237,4659200
2005-03-17,7.92202,8.09174,7.91825,7.99557,3478000
2005-03-18,7.90694,7.95974,7.80134,7.83528,15880800
2005-03-21,7.87676,7.92202,7.78625,7.84848,4534000
2005-03-22,7.86922,7.91637,7.68819,7.70705,5300000
2005-03-23,7.72779,7.8202,7.68442,7.69197,4251200
2005-03-24,7.73156,7.75985,7.6335,7.65236,3797200
2005-03-28,7.65236,7.78437,7.65236,7.72591,3312400
2005-03-29,7.73722,7.83339,7.71459,7.79568,4011600
2005-03-30,7.82773,7.83905,7.7259,7.78625,2702400
2005-03-31,7.82019,7.82396,7.73533,7.79002,2638800
2005-04-01,7.89374,7.8994,7.71082,7.76362,4360400
2005-04-04,7.80133,7.83339,7.71459,7.74853,2558000
2005-04-05,7.77493,7.79379,7.70328,7.78625,4288000
2005-04-06,7.81076,7.87111,7.76362,7.78248,2437200
2005-04-07,7.84282,7.84282,7.75231,7.80322,1998000
2005-04-08,7.83528,7.83528,7.69385,7.70705,3329200
2005-04-11,7.69196,7.73156,7.6467,7.69951,2910800
2005-04-12,7.65424,7.70705,7.5807,7.6863,5918400
2005-04-13,7.64482,7.73722,7.59202,7.64105,3798800
2005-04-14,7.68065,7.72779,7.53922,7.54676,3568400
2005-04-15,7.60711,7.64105,7.4883,7.51093,6000000
2005-04-18,7.47321,7.61465,7.45813,7.54864,5439200
2005-04-19,7.56939,7.62219,7.50904,7.58259,4144000
2005-04-20,7.5279,7.54676,7.28464,7.32236,10040000
2005-04-21,7.40156,7.40156,7.28087,7.38836,7476800
2005-04-22,7.40156,7.43173,7.16961,7.20544,5218000
2005-04-25,7.30916,7.30916,7.19413,7.24315,4766400
2005-04-26,7.18658,7.26956,7.1451,7.21675,7500400
2005-04-27,7.21675,7.40156,7.19035,7.33178,4409200
2005-04-28,7.2771,7.30727,7.16584,7.23938,3440400
2005-04-29,7.24316,7.32047,7.18847,7.2771,3991600
2005-05-02,7.33367,7.47133,7.25636,7.28276,5988800
2005-05-03,7.30915,7.4091,7.3035,7.36384,4092400
2005-05-04,7.42796,7.43739,7.35441,7.43739,3710000
2005-05-05,7.4091,7.4487,7.34499,7.42985,3971600
2005-05-06,7.4487,7.52224,7.4223,7.4487,3564400
2005-05-09,7.42607,7.48453,7.37516,7.43173,3590000
2005-05-10,7.43739,7.45624,7.33367,7.43739,4745200
2005-05-11,7.44304,7.52036,7.39779,7.46944,2996800
2005-05-12,7.49584,7.5411,7.43739,7.49584,4214000
2005-05-13,7.5147,7.55808,7.45625,7.51848,4342800
2005-05-16,7.52036,7.59013,7.51093,7.56373,2308000
2005-05-17,7.48453,7.61465,7.48453,7.61465,3097200
2005-05-18,7.60145,7.75042,7.60145,7.70516,4568000
2005-05-19,7.73722,7.75042,7.58636,7.67876,4098800
2005-05-20,7.69196,7.74476,7.65802,7.74476,2110800
2005-05-23,7.69008,7.74476,7.69008,7.72214,2392800
2005-05-24,7.73157,7.73157,7.62596,7.71459,2325600
2005-05-25,7.69951,7.72968,7.64482,7.69197,1552400
2005-05-26,7.71648,7.82397,7.67499,7.74665,1753600
2005-05-27,7.74854,7.78248,7.70139,7.72214,1642400
2005-05-31,7.66933,7.70139,7.54299,7.61276,4676000
2005-06-01,7.54487,7.72779,7.51093,7.63539,3580800
2005-06-02,7.54111,7.69197,7.5147,7.67499,3378000
2005-06-03,7.66368,7.71082,7.55619,7.5675,3683600
2005-06-06,7.5543,7.64859,7.54299,7.62596,1785600
2005-06-07,7.65613,7.69008,7.53733,7.53733,4141600
2005-06-08,7.56185,7.57316,7.4091,7.45247,3697600
2005-06-09,7.48265,7.5807,7.41853,7.53733,4918400
2005-06-10,7.52225,7.53922,7.48076,7.49207,2536000
2005-06-13,7.46756,7.6203,7.46756,7.53733,2653600
2005-06-14,7.55807,7.57316,7.50716,7.5411,1646400
2005-06-15,7.52036,7.52413,7.41476,7.48642,3360800
2005-06-16,7.4355,7.5279,7.43361,7.52036,2430400
2005-06-17,7.6335,7.6335,7.49962,7.53356,7358400
2005-06-20,7.5411,7.55996,7.39967,7.42419,3374800
2005-06-21,7.41664,7.45058,7.26012,7.31104,5812800
2005-06-22,7.32047,7.37327,7.27521,7.27521,3762800
2005-06-23,7.33556,7.34499,7.16207,7.18658,4859200
2005-06-24,7.22618,7.23373,7.07721,7.08287,4629600
2005-06-27,7.09041,7.19412,7.07344,7.13189,3452800
2005-06-28,7.18281,7.28653,7.13944,7.24693,3004000
2005-06-29,7.26013,7.26956,7.1847,7.22053,3156000
2005-06-30,7.23938,7.32801,7.18847,7.27898,4447200
2005-07-01,7.25447,7.37139,7.25447,7.26767,3696000
2005-07-05,7.26578,7.35253,7.2243,7.31293,3138000
2005-07-06,7.27898,7.3431,7.23561,7.26201,4091600
2005-07-07,7.19978,7.32801,7.19978,7.30161,3820800
2005-07-08,7.29784,7.47133,7.21487,7.4223,3620400
2005-07-11,7.50339,7.50339,7.39213,7.44304,3584000
2005-07-12,7.4487,7.49019,7.39967,7.45813,2759200
2005-07-13,7.46945,7.5147,7.40722,7.5147,2343200
2005-07-14,7.43927,7.54487,7.43173,7.50527,3990400
2005-07-15,7.93145,8.44626,7.87677,8.29729,23257200
2005-07-18,8.24637,8.41043,8.23317,8.38969,5489200
2005-07-19,8.3878,8.42929,8.32934,8.38026,4688000
2005-07-20,8.3746,8.51226,8.34632,8.50661,5499600
2005-07-21,8.48586,8.51981,8.3746,8.49152,4325600
2005-07-22,8.44626,8.55752,8.44626,8.54621,3258000
2005-07-25,8.55563,8.57826,8.51415,8.52923,2609200
2005-07-26,8.52546,8.56695,8.43495,8.46701,2194000
2005-07-27,8.39157,8.49152,8.36517,8.44815,3195200
2005-07-28,8.40854,8.51037,8.40289,8.48397,1891200
2005-07-29,8.47077,8.48586,8.35197,8.35952,2843200
2005-08-01,8.35386,8.41043,8.31237,8.37837,2444000
2005-08-02,8.35009,8.467,8.2954,8.4142,2239200
2005-08-03,8.39912,8.39912,8.29917,8.36895,2268800
2005-08-04,8.28597,8.31426,8.23317,8.27843,2464800
2005-08-05,8.25957,8.28409,8.1766,8.20677,1561600
2005-08-08,8.20488,8.23883,8.16151,8.19734,1789200
2005-08-09,8.2558,8.28597,8.20866,8.21997,2062000
2005-08-10,8.24826,8.34066,8.08608,8.08985,3271600
2005-08-11,8.10117,8.29352,8.06157,8.17094,2979600
2005-08-12,8.14077,8.21243,8.07477,8.12946,2594000
2005-08-15,8.07477,8.2558,8.02008,8.15963,2138000
2005-08-16,8.14643,8.19168,7.99934,8.00877,2845200
2005-08-17,8.05025,8.05968,7.95785,7.99745,2177600
2005-08-18,7.99934,8.02385,7.92957,7.94465,2090400
2005-08-19,7.88431,7.99745,7.88242,7.90882,3950400
2005-08-22,7.89939,8.02951,7.89939,7.92956,2136000
2005-08-23,7.90128,7.98425,7.90128,7.92956,1966800
2005-08-24,7.92014,8.05591,7.85979,7.87865,3654400
2005-08-25,7.88054,7.93711,7.85413,7.90128,1479200
2005-08-26,7.87865,7.90882,7.77494,7.80134,2432000
2005-08-29,7.78813,7.86734,7.78813,7.82396,1809600
2005-08-30,7.77871,7.81453,7.66368,7.71271,3208000
2005-08-31,7.71459,7.7938,7.67311,7.77871,4288400
2005-09-01,7.72025,7.77871,7.61465,7.67688,3014400
2005-09-02,7.55619,7.61276,7.40344,7.59013,6564000
2005-09-06,7.59956,7.72779,7.57882,7.68442,5122800
2005-09-07,7.6863,7.79379,7.6335,7.76928,4804400
2005-09-08,7.69762,7.75042,7.55996,7.60333,4822400
2005-09-09,7.60522,7.69196,7.54676,7.64105,4083600
2005-09-12,7.62785,7.74476,7.57882,7.64105,3052000
2005-09-13,7.64293,7.64859,7.53922,7.5939,2852800
2005-09-14,7.59579,7.63539,7.44493,7.45813,3306400
2005-09-15,7.4487,7.49019,7.35441,7.35441,3474800
2005-09-16,7.36762,7.52979,7.28087,7.49019,11075200
2005-09-19,7.4223,7.55619,7.41664,7.53356,8099200
2005-09-20,7.54299,7.59013,7.49962,7.54299,5788400
2005-09-21,7.48265,7.55053,7.43173,7.45624,4579200
2005-09-22,7.4223,7.55619,7.35442,7.42985,5060000
2005-09-23,7.40533,7.4487,7.35441,7.37516,4862800
2005-09-26,7.42041,7.4619,7.35441,7.43739,4516800
2005-09-27,7.47133,7.62408,7.43739,7.59202,4237600
2005-09-28,7.58825,7.68253,7.55242,7.66933,4393600
2005-09-29,7.69762,7.80511,7.62785,7.78248,3732000
2005-09-30,7.75608,7.80699,7.65048,7.74099,4877600
2005-10-03,7.70705,7.807,7.69385,7.75419,3299200
2005-10-04,7.75608,7.80134,7.65236,7.65802,3651200
2005-10-05,7.64482,7.64482,7.45059,7.45059,2872800
2005-10-06,7.44493,7.54299,7.35441,7.42419,4204400
2005-10-07,7.46379,7.51282,7.3563,7.4487,2506000
2005-10-10,7.41099,7.5939,7.34121,7.45059,4331600
2005-10-11,7.39779,7.51093,7.34121,7.39779,3095600
2005-10-12,7.40533,7.57127,7.39967,7.47133,3474400
2005-10-13,7.48453,7.52602,7.37704,7.39213,5361600
2005-10-14,7.43739,7.43739,7.23938,7.3959,3231600
2005-10-17,7.41099,7.44304,7.27521,7.31481,4467600
2005-10-18,7.29407,7.33933,7.2639,7.26955,5080400
2005-10-19,7.26013,7.54299,7.2243,7.5279,5843600
2005-10-20,7.50905,7.55619,7.29407,7.36196,4975600
2005-10-21,7.40344,7.50527,7.31481,7.43927,4863200
2005-10-24,7.43927,7.61088,7.4223,7.5939,4129600
2005-10-25,7.61465,7.67876,7.55808,7.61842,3264400
2005-10-26,7.61842,7.67499,7.52979,7.55242,2900800
2005-10-27,7.5411,7.59956,7.4091,7.45624,3672800
2005-10-28,7.60145,7.64859,7.52979,7.62596,3108000
2005-10-31,7.6599,7.76739,7.57693,7.64482,3368800
2005-11-01,7.59579,7.81642,7.59579,7.75231,4161200
2005-11-02,7.73156,7.92579,7.73156,7.88054,4800000
2005-11-03,7.88242,7.98991,7.85602,7.95408,4308400
2005-11-04,7.98803,8.04271,7.939,7.99557,2274400
2005-11-07,8.07288,8.10871,8.00311,8.04648,2604400
2005-11-08,8.07665,8.10871,8.02008,8.06345,2172800
2005-11-09,8.02951,8.10117,7.97483,8.05403,3787200
2005-11-10,8.04083,8.21054,8.01066,8.14643,3363600
2005-11-11,8.16906,8.21431,8.13134,8.16717,1860800
2005-11-14,8.14077,8.20112,8.04271,8.07288,4242400
2005-11-15,8.09928,8.137,8.0314,8.10306,4965200
2005-11-16,8.07665,8.15585,8.05214,8.1238,2476000
2005-11-17,8.137,8.27089,8.09363,8.26523,3753200
2005-11-18,8.35009,8.37838,8.23317,8.30483,3773600
2005-11-21,8.29729,8.35763,8.22563,8.33877,2484400
2005-11-22,8.335,8.38403,8.28032,8.31426,3520800
2005-11-23,8.29352,8.47078,8.29352,8.41798,2702000
2005-11-25,8.41609,8.41797,8.36706,8.41043,824400
2005-11-28,8.38591,8.44437,8.36329,8.39346,4934000
2005-11-29,8.45003,8.51792,8.41986,8.45569,4369200
2005-11-30,8.43494,8.47454,8.42552,8.43306,5154400
2005-12-01,8.44438,8.56129,8.42175,8.51415,2712000
2005-12-02,8.44815,8.53866,8.44815,8.53489,5236800
2005-12-05,8.52546,8.53489,8.2426,8.27277,9090400
2005-12-06,8.27277,8.30671,8.18414,8.18791,5425600
2005-12-07,8.19734,8.19734,8.05591,8.08985,5208000
2005-12-08,8.14454,8.14454,7.98237,8.00688,3820800
2005-12-09,7.99368,8.07854,7.98614,8.03328,4285200
2005-12-12,8.02951,8.08231,7.94465,8.03517,2455600
2005-12-13,8.005,8.08797,7.97482,8.05591,3652000
2005-12-14,8.06723,8.18414,8.03705,8.06911,2489200
2005-12-15,8.11626,8.14643,8.00311,8.11248,2681200
2005-12-16,8.0974,8.12003,7.95785,8.05025,8994400
2005-12-19,8.02385,8.18226,7.95031,7.95597,2312800
2005-12-20,7.93899,7.98425,7.86168,7.91071,2966400
2005-12-21,7.92768,8.13888,7.92768,8.0842,3820400
2005-12-22,7.99557,8.14266,7.82962,7.87677,5395600
2005-12-23,7.90882,7.91636,7.75985,7.78625,2472000
2005-12-27,7.82585,7.93522,7.73156,7.76551,2828800
2005-12-28,7.74476,7.80322,7.69573,7.78248,3427200
2005-12-29,7.79191,7.85414,7.75231,7.81077,2092000
2005-12-30,7.77493,7.82773,7.74665,7.75608,2312800
2006-01-03,7.79756,7.85413,7.59767,7.82208,9868400
2006-01-04,7.85414,7.9126,7.79191,7.81454,5303200
2006-01-05,7.82585,7.84659,7.66556,7.68442,5540800
2006-01-06,7.73534,7.80322,7.69762,7.78814,5797200
2006-01-09,7.77305,7.82962,7.69385,7.82019,2952000
2006-01-10,7.77494,7.90505,7.75042,7.86357,3281600
2006-01-11,7.85413,7.90128,7.7787,7.84282,2902000
2006-01-12,7.807,7.8466,7.75042,7.77871,2452400
2006-01-13,7.82208,7.82208,7.73156,7.74665,1620000
2006-01-17,7.73722,7.79002,7.69008,7.71271,1462800
2006-01-18,7.73156,7.76928,7.65613,7.69385,2511200
2006-01-19,7.67688,7.73911,7.59768,7.69573,2139200
2006-01-20,7.65802,7.71271,7.54865,7.55619,3661600
2006-01-23,7.54487,7.68253,7.5015,7.62973,4104400
2006-01-24,7.64482,7.83905,7.61842,7.83339,4990000
2006-01-25,7.82774,7.84094,7.75419,7.77682,4647600
2006-01-26,7.87111,8.01065,7.85791,7.92956,3999200
2006-01-27,7.92391,8.12946,7.92391,8.0578,2768400
2006-01-30,8.09551,8.20111,8.05214,8.10683,3983200
2006-01-31,8.03328,8.12191,7.99557,8.03328,3863200
2006-02-01,7.95785,8.08797,7.91825,7.9654,3955600
2006-02-02,7.93145,7.96539,7.79945,7.88242,2906000
2006-02-03,7.68465,7.77593,7.66753,7.71888,5278400
2006-02-06,7.69035,7.71317,7.64091,7.68655,3242000
2006-02-07,7.66563,7.70557,7.6257,7.67894,2501600
2006-02-08,7.66563,7.70557,7.56865,7.69226,4764400
2006-02-09,7.67134,7.76262,7.60858,7.70176,5514800
2006-02-10,7.72649,7.73219,7.60668,7.70557,4014000
2006-02-13,7.72268,7.77403,7.65803,7.67894,3472400
2006-02-14,7.66944,7.71127,7.64281,7.69035,3896000
2006-02-15,7.67704,7.76832,7.6276,7.76072,2523600
2006-02-16,7.78734,7.84249,7.69986,7.79495,2169600
2006-02-17,7.74931,7.79685,7.72078,7.72649,2632000
2006-02-21,7.7455,7.76072,7.60668,7.65993,2752800
2006-02-22,7.68085,7.8577,7.66753,7.77783,2221200
2006-02-23,7.76832,7.82918,7.72268,7.7398,1647600
2006-02-24,7.78734,7.82918,7.73409,7.82727,1500000
2006-02-27,7.82728,7.93757,7.80826,7.86721,2211200
2006-02-28,7.81206,7.88242,7.70176,7.81396,2879600
2006-03-01,7.79875,7.84629,7.72649,7.81016,2038000
2006-03-02,7.72268,7.89764,7.72268,7.82918,2488800
2006-03-03,7.77022,7.93187,7.73029,7.83678,2696400
2006-03-06,7.81206,7.94708,7.79685,7.88242,4623600
2006-03-07,7.89763,8.06118,7.89763,7.98891,3945200
2006-03-08,8.02124,8.07259,7.95659,8.02885,3674400
2006-03-09,8.04216,8.0821,7.95279,7.98702,2207600
2006-03-10,7.94137,8.09351,7.91095,8.01934,2682000
2006-03-13,8.05928,8.16007,8.01174,8.10872,2479200
2006-03-14,8.10111,8.30079,8.0878,8.28367,4069200
2006-03-15,8.29318,8.36735,8.23803,8.35974,2484400
2006-03-16,8.34072,8.4244,8.29128,8.3179,3246800
2006-03-17,8.15816,8.16006,7.92616,8.01934,9603200
2006-03-20,7.99462,8.05167,7.96609,7.99082,3309600
2006-03-21,7.95659,8.11443,7.94328,7.95659,3160000
2006-03-22,7.94708,8.01554,7.89763,7.99272,2440400
2006-03-23,7.94898,8.00794,7.89954,7.98131,2394000
2006-03-24,8.23423,8.23423,8.09161,8.13344,4836400
2006-03-27,8.14295,8.17718,8.04977,8.10682,2075600
2006-03-28,8.12203,8.13154,7.97941,8.03455,3814000
2006-03-29,8.02315,8.17338,7.98702,8.12204,3048000
2006-03-30,8.0897,8.22282,8.0897,8.16577,2826800
2006-03-31,8.13915,8.2038,8.04216,8.10492,3127200
2006-04-03,8.14105,8.18859,8.02885,8.03836,3195600
2006-04-04,8.04597,8.11443,8.02885,8.0802,2695200
2006-04-05,8.05548,8.11062,7.98701,8.03075,2123600
2006-04-06,7.98701,8.04787,7.95088,8.01744,2137600
2006-04-07,7.98702,8.14676,7.968,7.98702,2172000
2006-04-10,7.968,8.00983,7.90904,8.00793,1881200
2006-04-11,8.03646,8.03646,7.90714,7.97751,2082000
2006-04-12,7.94898,7.99842,7.91855,7.97941,2209200
2006-04-13,7.99652,8.04977,7.89003,7.90715,3056800
2006-04-17,7.87482,7.96039,7.81587,7.86151,2664800
2006-04-18,7.84819,8.03645,7.84819,7.98891,4060800
2006-04-19,7.97751,8.10682,7.97751,8.09541,4128800
2006-04-20,8.05928,8.11443,8.02315,8.02885,2783600
2006-04-21,8.09921,8.09921,7.89383,7.95849,5021600
2006-04-24,7.91095,7.98511,7.86531,7.95659,2308400
2006-04-25,7.92046,7.98321,7.81586,7.83108,5292400
2006-04-26,7.81777,7.98701,7.80826,7.92426,4142400
2006-04-27,7.91475,8.03456,7.88433,7.98702,3281200
2006-04-28,8.04406,8.04406,7.95278,7.98321,2479200
2006-05-01,7.95088,8.12964,7.82918,7.87101,4788800
2006-05-02,7.86721,7.98131,7.84249,7.92996,2305600
2006-05-03,7.90144,7.94708,7.87291,7.92236,1579600
2006-05-04,7.90904,8.05737,7.90144,7.98321,1534400
2006-05-05,8.03836,8.06308,7.96229,7.98891,1335200
2006-05-08,7.93948,8.04597,7.93948,7.98512,1060400
2006-05-09,7.96039,8.04597,7.95469,8.02885,1462000
2006-05-10,7.99652,8.09161,7.95659,8.02885,2067600
2006-05-11,7.98511,8.02885,7.94898,7.95849,2360800
2006-05-12,7.93757,8.02124,7.89573,7.89764,2608000
2006-05-15,7.89954,7.94518,7.84439,7.87292,3068800
2006-05-16,7.83488,7.93377,7.77213,7.82347,3762400
2006-05-17,7.77403,7.86911,7.74931,7.75121,2840000
2006-05-18,7.77212,7.88052,7.72648,7.76262,2428800
2006-05-19,7.66563,7.89954,7.66563,7.83678,5546800
2006-05-22,7.78544,7.88623,7.7398,7.80445,4616800
2006-05-23,7.81967,7.81967,7.64281,7.64281,3255200
2006-05-24,7.60098,7.81777,7.58766,7.78544,4650000
2006-05-25,7.80826,7.81777,7.69796,7.79495,2530000
2006-05-26,7.80255,7.99462,7.77022,7.8539,5096400
2006-05-30,7.8539,8.0821,7.8539,7.95849,7205200
2006-05-31,7.93187,8.12394,7.89193,8.05548,6271600
2006-06-01,8.04597,8.14295,8.02695,8.0897,4470000
2006-06-02,8.14675,8.14675,7.93757,8.01934,3698400
2006-06-05,7.99082,8.03456,7.91285,7.92236,2504400
2006-06-06,7.91285,7.9718,7.8539,7.91855,6476400
2006-06-07,7.94327,8.04406,7.88242,7.93567,2952400
2006-06-08,7.88623,7.91285,7.75121,7.87482,4626000
2006-06-09,7.91095,7.92616,7.80636,7.83869,3039200
2006-06-12,7.87862,7.89383,7.81396,7.81967,3104000
2006-06-13,7.82537,7.88242,7.78544,7.79304,3777600
2006-06-14,7.77022,7.80826,7.67514,7.73029,3976800
2006-06-15,7.76832,7.80636,7.69416,7.77973,3594000
2006-06-16,7.7417,7.79875,7.70747,7.71888,4532800
2006-06-19,7.71698,7.75121,7.61809,7.65803,2911200
2006-06-20,7.67514,7.70367,7.60288,7.60668,2366800
2006-06-21,7.63711,7.75311,7.6276,7.67704,2273200
2006-06-22,7.64662,7.69986,7.50779,7.54773,4883600
2006-06-23,7.5097,7.64471,7.5097,7.55153,2540400
2006-06-26,7.53632,7.61619,7.53442,7.58576,1430000
2006-06-27,7.56865,7.60098,7.44314,7.44314,2550400
2006-06-28,7.46976,7.54202,7.43173,7.52491,1949600
2006-06-29,7.59147,7.66753,7.52491,7.61429,3990800
2006-06-30,7.6314,7.67134,7.55343,7.56104,2539200
2006-07-03,7.60288,7.6295,7.50209,7.52111,1533200
2006-07-05,7.46596,7.52301,7.30812,7.3994,4656000
2006-07-06,7.38038,7.40891,7.33665,7.36137,3742000
2006-07-07,7.36136,7.36136,7.24726,7.26058,2992000
2006-07-10,7.2891,7.4051,7.24726,7.31953,2364400
2006-07-11,7.29671,7.39559,7.27579,7.36897,4866000
2006-07-12,7.38989,7.38989,7.01146,7.08182,7006000
2006-07-13,7.06851,7.12746,6.99244,7.05519,4922400
2006-07-14,6.99815,7.0609,6.85552,6.97533,10662400
2006-07-17,6.93539,7.00575,6.82319,6.86123,7493600
2006-07-18,6.86313,6.96011,6.70149,6.80037,4722400
2006-07-19,6.81559,6.92969,6.80037,6.87644,5694000
2006-07-20,6.85742,6.85742,6.63683,6.67676,5087600
2006-07-21,6.62732,6.74903,6.61971,6.70529,4410000
2006-07-24,6.7129,6.85742,6.70529,6.84411,3725600
2006-07-25,6.827,6.85742,6.78896,6.84031,2386000
2006-07-26,6.79086,6.8289,6.7243,6.74142,3967200
2006-07-27,6.79847,6.88785,6.73191,6.80037,4891600
2006-07-28,6.86313,6.88214,6.75853,6.8308,3377600
2006-07-31,6.79277,6.79657,6.66535,6.7129,4083600
2006-08-01,6.66535,6.71099,6.57407,6.64063,3846400
2006-08-02,6.63493,6.75283,6.61211,6.68057,2716000
2006-08-03,6.64443,6.81559,6.63303,6.77185,2723200
2006-08-04,6.827,6.84221,6.63493,6.7129,2582400
2006-08-07,6.73191,6.78516,6.64824,6.70529,3258000
2006-08-08,6.74522,6.76614,6.65775,6.7129,2589600
2006-08-09,6.75283,6.84601,6.66916,6.68247,4625200
2006-08-10,6.68437,6.81178,6.65394,6.77185,2643200
2006-08-11,6.73571,6.76044,6.65204,6.75283,3007200
2006-08-14,6.78326,6.88024,6.78326,6.80798,3812800
2006-08-15,6.87834,6.87834,6.76804,6.84982,3074000
2006-08-16,6.88404,6.88404,6.79847,6.86123,3432800
2006-08-17,6.87073,7.09703,6.85552,7.07611,5560000
2006-08-18,7.09513,7.09513,6.96962,7.01146,3149600
2006-08-21,6.96772,7.04188,6.93539,6.9449,1724000
2006-08-22,6.91637,7.04569,6.90306,6.9487,2179600
2006-08-23,6.96962,7.02477,6.92208,6.9506,2153600
2006-08-24,7.00765,7.01716,6.86883,6.92398,1386800
2006-08-25,6.90116,6.95441,6.85172,6.87264,1521200
2006-08-28,6.84411,7.03428,6.84221,7.02287,2796400
2006-08-29,7.03428,7.10464,6.99815,7.09133,2370800
2006-08-30,7.09133,7.11985,6.97533,6.99815,1997600
2006-08-31,7.01526,7.09513,6.95631,7.04188,1923600
2006-09-01,7.08372,7.29861,7.05329,7.23205,4332400
2006-09-05,7.25487,7.26248,7.13887,7.20923,4016400
2006-09-06,7.18071,7.18071,7.06471,7.11035,2874400
2006-09-07,7.11795,7.20543,7.03618,7.10654,2606400
2006-09-08,7.10084,7.16739,7.07992,7.13697,1877200
2006-09-11,7.059,7.32143,7.04379,7.24156,3325600
2006-09-12,7.20353,7.33284,7.13887,7.31382,3620800
2006-09-13,7.29861,7.35756,7.23395,7.34425,2149600
2006-09-14,7.2853,7.34425,7.0628,7.23776,4138000
2006-09-15,7.26818,7.41271,7.26058,7.26438,7402400
2006-09-18,7.30812,7.34615,7.22635,7.27389,2597200
2006-09-19,7.26818,7.49258,7.22825,7.45074,5602400
2006-09-20,7.43933,7.66563,7.43933,7.55534,4569600
2006-09-21,7.54773,7.7417,7.48688,7.68275,6776000
2006-09-22,7.68275,7.68275,7.55724,7.59527,3219200
2006-09-25,7.65422,7.72459,7.50019,7.66373,3429600
2006-09-26,7.62189,7.76832,7.58196,7.73599,4282000
2006-09-27,7.68845,7.79304,7.68845,7.77403,2949200
2006-09-28,7.79685,7.84439,7.73599,7.80826,2984800
2006-09-29,7.80826,7.82347,7.71888,7.76452,2240800
2006-10-02,7.78354,7.84439,7.65232,7.69986,4587600
2006-10-03,7.71698,7.77973,7.65042,7.67894,2260400
2006-10-04,7.65422,7.89193,7.59527,7.8634,3825200
2006-10-05,7.81777,7.90714,7.77212,7.89003,2161600
2006-10-06,7.88242,7.91095,7.81206,7.88052,1987200
2006-10-09,7.77783,7.87862,7.7398,7.81016,2037600
2006-10-10,7.78734,7.8596,7.75121,7.80445,2160800
2006-10-11,7.80065,7.82347,7.68465,7.76072,2451200
2006-10-12,7.76832,7.89764,7.76832,7.89003,1948800
2006-10-13,7.91095,7.9661,7.84249,7.90905,3128400
2006-10-16,7.86911,7.98701,7.86911,7.968,2600000
2006-10-17,7.90144,7.9642,7.88433,7.90144,2010000
2006-10-18,7.98701,7.99462,7.81396,7.90905,3046000
2006-10-19,7.87481,7.96229,7.81016,7.88622,2050800
2006-10-20,7.89193,7.89764,7.75311,7.8539,4072400
2006-10-23,7.80826,7.88813,7.77213,7.8501,3372000
2006-10-24,7.83869,7.87862,7.72649,7.81396,4868800
2006-10-25,7.77213,7.84629,7.71317,7.83488,4040400
2006-10-26,7.81396,7.88242,7.7455,7.86721,2206800
2006-10-27,7.87101,7.89193,7.77403,7.82537,2505200
2006-10-30,7.83488,7.96609,7.82537,7.93186,3206400
2006-10-31,7.96229,7.96229,7.79495,7.87292,2350000
2006-11-01,7.88432,7.92806,7.7436,7.78924,2710400
2006-11-02,7.79305,7.90334,7.76642,7.84059,3097200
2006-11-03,7.89573,7.89954,7.71888,7.77213,3104000
2006-11-06,7.80825,7.95468,7.73029,7.8596,2549200
2006-11-07,7.82347,7.94898,7.76832,7.87101,1907200
2006-11-08,7.81396,7.98131,7.81396,7.93186,2368800
2006-11-09,7.92997,7.92997,7.83488,7.89574,2424400
2006-11-10,7.91665,8.07829,7.91665,8.07069,3755600
2006-11-13,8.04977,8.17718,8.00793,8.14485,2446800
2006-11-14,8.10682,8.2,8.07069,8.19049,2823200
2006-11-15,8.2,8.316,8.17908,8.25895,2859200
2006-11-16,8.316,8.33502,8.22472,8.29698,1623200
2006-11-17,8.26846,8.33502,8.23423,8.26656,2437600
2006-11-20,8.27797,8.28938,8.15626,8.2057,2564800
2006-11-21,8.22282,8.22282,8.14105,8.1981,2249600
2006-11-22,8.17148,8.21712,8.06688,8.12774,3462000
2006-11-24,8.05738,8.09351,8.04787,8.06498,972800
2006-11-27,8.07259,8.08019,7.90144,8.02314,3720000
2006-11-28,7.99843,8.06879,7.9699,8.00603,2018000
2006-11-29,8.00603,8.09731,7.98511,8.07449,2231600
2006-11-30,8.03266,8.05928,7.95659,8.02505,2824400
2006-12-01,8.02505,8.08971,7.91665,8.03646,2964000
2006-12-04,8.09161,8.19049,8.02885,8.11062,3232000
2006-12-05,8.10492,8.13344,8.05357,8.0878,1696400
2006-12-06,8.11442,8.11442,8.02885,8.0897,1869200
2006-12-07,8.11823,8.13154,8.00033,8.06498,2063600
2006-12-08,8.09351,8.21712,8.03456,8.11252,2246400
2006-12-11,8.06118,8.16007,8.04406,8.10492,2088400
2006-12-12,8.07259,8.0916,7.9775,8.04026,2418000
2006-12-13,8.02885,8.07069,7.95849,7.99842,2408000
2006-12-14,8.00033,8.2,7.968,8.10682,3586400
2006-12-15,8.22282,8.22282,8.0821,8.12584,5078400
2006-12-18,8.12774,8.16767,7.98321,8.02505,2054000
2006-12-19,7.95088,8.01554,7.89954,7.96419,3717600
2006-12-20,7.7474,7.87291,7.31762,7.64851,14251600
2006-12-21,7.67704,7.73029,7.6238,7.6276,7627600
2006-12-22,7.59717,7.65042,7.53632,7.57435,3814800
2006-12-26,7.54393,7.61619,7.5154,7.55534,2472800
2006-12-27,7.64281,7.67514,7.5116,7.61999,3000800
2006-12-28,7.58386,7.62189,7.55914,7.59147,2020000
2006-12-29,7.56294,7.66373,7.55153,7.55153,2324000
2007-01-03,7.54583,7.852,7.54583,7.68845,7324800
2007-01-04,7.68465,7.75311,7.60097,7.69606,3172000
2007-01-05,7.71508,7.73409,7.59337,7.66183,4557600
2007-01-08,7.65613,7.70557,7.60668,7.66944,2939600
2007-01-09,7.67324,7.71888,7.59907,7.65612,3169200
2007-01-10,7.60288,7.67704,7.57625,7.63521,3870000
2007-01-11,7.67324,7.75501,7.62189,7.69986,2952800
2007-01-12,7.69986,7.77973,7.65993,7.73599,3695600
2007-01-16,7.76642,7.80065,7.71698,7.79495,2602400
2007-01-17,7.79495,7.8558,7.76452,7.76642,3148800
2007-01-18,7.77973,7.87292,7.72078,7.7398,2748400
2007-01-19,7.66753,7.78163,7.66563,7.75881,3861200
2007-01-22,7.77403,7.80065,7.69035,7.76832,2681200
2007-01-23,7.75311,7.82347,7.71888,7.7398,2122400
2007-01-24,7.81206,7.99652,7.79875,7.92426,5285600
2007-01-25,7.86531,7.87672,7.77213,7.81396,3270400
2007-01-26,7.82157,7.83298,7.73409,7.79114,2152800
2007-01-29,7.75501,7.93567,7.7455,7.87292,5082800
2007-01-30,7.87292,7.88433,7.7398,7.77593,3098800
2007-01-31,7.77783,7.83869,7.70937,7.82537,3140800
2007-02-01,7.78924,7.96229,7.78164,7.87482,3849600
2007-02-02,7.89017,7.93433,7.81722,7.91129,3471200
2007-02-05,7.93049,7.98616,7.89017,7.96888,3164800
2007-02-06,7.9996,8.00728,7.86905,7.99,3353600
2007-02-07,8.01304,8.09942,7.94009,8.09751,4220800
2007-02-08,8.08983,8.09942,8.01112,8.05911,3197200
2007-02-09,8.07831,8.08023,7.9804,8.01304,3618400
2007-02-12,7.98232,8.05719,7.92665,8.04567,3193200
2007-02-13,8.06871,8.08023,8.00152,8.05719,3249200
2007-02-14,8.08023,8.17622,8.06487,8.13398,2692800
2007-02-15,8.12438,8.14934,8.04951,8.12822,2277200
2007-02-16,8.11862,8.15894,8.08599,8.13782,2648800
2007-02-20,8.09559,8.22805,8.04951,8.21845,2426400
2007-02-21,8.21845,8.23381,8.11094,8.15318,1606000
2007-02-22,8.1551,8.19541,8.10903,8.1839,1750400
2007-02-23,8.20117,8.20117,8.11479,8.12054,1991200
2007-02-26,8.13398,8.18774,8.02456,8.07831,2169600
2007-02-27,8.03607,8.06871,7.83642,7.83642,4514000
2007-02-28,7.89785,7.92281,7.70972,7.75195,5204800
2007-03-01,7.63293,7.75195,7.54654,7.62525,7077200
2007-03-02,7.53694,7.61373,7.52926,7.55422,4856800
2007-03-05,7.64637,7.64637,7.45823,7.46015,6458800
2007-03-06,7.46207,7.51966,7.38144,7.47935,3777200
2007-03-07,7.51966,7.68284,7.44287,7.61181,4713600
2007-03-08,7.64061,7.72124,7.61565,7.6694,4921600
2007-03-09,7.72315,7.75003,7.60413,7.68284,5252800
2007-03-12,7.65404,7.73851,7.59837,7.71548,2096400
2007-03-13,7.66556,7.70972,7.60797,7.61373,4971200
2007-03-14,7.53118,7.74043,7.44095,7.6982,6170000
2007-03-15,7.679,7.70204,7.58877,7.62717,4916000
2007-03-16,7.62717,7.64829,7.54078,7.61565,5502800
2007-03-19,7.64637,7.73467,7.62525,7.68668,2657600
2007-03-20,7.6886,7.8057,7.68284,7.77691,4218400
2007-03-21,7.22786,7.37184,6.98021,7.13763,30512400
2007-03-22,7.13763,7.18754,7.11075,7.16643,11311200
2007-03-23,7.2029,7.28929,7.15491,7.16451,5364800
2007-03-26,7.17603,7.18947,7.05508,7.11268,6492400
2007-03-27,7.11268,7.13379,7.05508,7.07428,5789200
2007-03-28,7.05892,7.08388,6.9207,6.95525,7106400
2007-03-29,6.95718,6.98213,6.91494,6.93798,6283600
2007-03-30,6.97061,6.99941,6.8823,6.9303,8313600
2007-04-02,6.95718,6.95909,6.84199,6.91686,6855200
2007-04-03,6.94566,6.98981,6.8919,6.9015,8985200
2007-04-04,6.91878,6.92646,6.83047,6.90918,7148800
2007-04-05,6.92646,7.02629,6.92646,6.99173,6112400
2007-04-09,6.99173,7.04164,6.92646,7.01861,9443200
2007-04-10,7.04548,7.16067,7.03013,7.15299,7298400
2007-04-11,7.12995,7.14531,7.05892,7.12419,5362400
2007-04-12,7.11268,7.17603,7.09924,7.16259,5258400
2007-04-13,7.15299,7.15299,7.10308,7.12227,3286000
2007-04-16,7.14147,7.21826,7.13763,7.21442,3546400
2007-04-17,7.20098,7.28545,7.19906,7.24706,3522400
2007-04-18,7.24514,7.27777,7.17219,7.24514,3995600
2007-04-19,7.19906,7.22402,7.16643,7.21058,4306400
2007-04-20,7.32193,7.33152,7.21442,7.2509,4908400
2007-04-23,7.25282,7.32385,7.19906,7.23938,2746000
2007-04-24,7.2221,7.25665,7.18754,7.24514,3279600
2007-04-25,7.26626,7.34497,7.23554,7.32769,3216800
2007-04-26,7.16835,7.32385,7.16643,7.26626,2368000
2007-04-27,7.22594,7.28737,7.20482,7.24706,2061600
2007-04-30,7.27969,7.27969,7.17027,7.19331,3294000
2007-05-01,7.22018,7.32001,7.19138,7.27969,3812800
2007-05-02,7.27969,7.36608,7.2509,7.32961,3060800
2007-05-03,7.33345,7.34689,7.2605,7.29505,2678400
2007-05-04,7.33729,7.35648,7.26625,7.31809,4305200
2007-05-07,7.35264,7.43519,7.31809,7.416,2610000
2007-05-08,7.38144,7.39872,7.31041,7.32961,2707600
2007-05-09,7.32577,7.44479,7.31617,7.41216,2532800
2007-05-10,7.41216,7.41216,7.27777,7.28929,3473200
2007-05-11,7.28161,7.32001,7.22594,7.30081,1878400
2007-05-14,7.31617,7.36032,7.24706,7.2701,1562800
2007-05-15,7.27201,7.33152,7.19906,7.22018,4119600
2007-05-16,7.21826,7.24706,7.19331,7.21634,4333200
2007-05-17,7.24706,7.24706,7.10499,7.11075,6023600
2007-05-18,7.14723,7.19138,7.12611,7.16451,6784800
2007-05-21,7.18947,7.23554,7.17027,7.18947,7470400
2007-05-22,7.15491,7.22018,7.14723,7.20674,4525200
2007-05-23,7.21634,7.28161,7.17411,7.21826,3847200
2007-05-24,7.23746,7.24322,7.03589,7.13571,5565600
2007-05-25,7.13187,7.18371,7.11076,7.13379,2809200
2007-05-29,7.15107,7.19906,7.105,7.19714,3126800
2007-05-30,7.19714,7.29889,7.12611,7.29889,5394800
2007-05-31,7.29505,7.38144,7.24706,7.36416,4674400
2007-06-01,7.20098,7.39872,7.20098,7.3872,9018400
2007-06-04,7.38528,7.68668,7.36033,7.68092,11582400
2007-06-05,7.65788,7.65788,7.52158,7.58685,6428400
2007-06-06,7.58301,7.58301,7.41216,7.41216,4866800
2007-06-07,7.38528,7.40832,7.30465,7.30657,4501200
2007-06-08,7.30657,7.48127,7.24514,7.46975,6352400
2007-06-11,7.47167,7.50238,7.4064,7.47551,2654000
2007-06-12,7.42751,7.55614,7.36608,7.44287,4310000
2007-06-13,7.45631,7.56766,7.42943,7.56766,4054000
2007-06-14,7.56766,7.66364,7.52542,7.65788,4471200
2007-06-15,7.7174,7.78075,7.68092,7.74811,8290400
2007-06-18,7.69628,7.77499,7.67708,7.70972,3110000
2007-06-19,7.7078,7.71932,7.61949,7.70204,3686000
2007-06-20,7.74235,7.76923,7.66364,7.67324,2959600
2007-06-21,7.679,7.7174,7.64828,7.68668,4692800
2007-06-22,7.679,7.69436,7.56958,7.58493,6059600
2007-06-25,7.58493,7.60989,7.48703,7.50814,4551600
2007-06-26,7.51966,7.53118,7.40064,7.46591,5882000
2007-06-27,7.4256,7.62525,7.4064,7.62141,4082800
2007-06-28,7.62141,7.64829,7.57726,7.60221,4098400
2007-06-29,7.60413,7.60797,7.55422,7.56957,3898800
2007-07-02,7.61565,7.65212,7.58301,7.6406,3732800
2007-07-03,7.63869,7.67132,7.62333,7.64829,1775200
2007-07-05,7.65788,7.69628,7.61373,7.69436,3016800
2007-07-06,7.68092,7.75387,7.63869,7.72699,2908400
2007-07-09,7.71548,7.73851,7.68092,7.68476,2534000
2007-07-10,7.67516,7.73083,7.6406,7.68284,3238400
2007-07-11,7.65213,7.71164,7.61757,7.70204,2504000
2007-07-12,7.74811,7.80955,7.68668,7.80955,3201200
2007-07-13,7.78267,7.87866,7.75963,7.85178,4271200
2007-07-16,7.85178,7.85178,7.75963,7.76155,2679600
2007-07-17,7.79035,7.83834,7.77307,7.78459,3860000
2007-07-18,7.80379,7.85562,7.74235,7.78267,4884000
2007-07-19,7.60989,7.77883,7.34496,7.36224,17885600
2007-07-20,7.39104,7.44863,7.31617,7.39488,9124800
2007-07-23,7.43519,7.54078,7.39488,7.43711,4296800
2007-07-24,7.40832,7.55422,7.28929,7.33153,6576400
2007-07-25,7.32193,7.38144,7.28545,7.32577,3540800
2007-07-26,7.25474,7.26625,7.05508,7.16067,7721200
2007-07-27,7.20098,7.27777,7.08388,7.08388,7684000
2007-07-30,7.07236,7.11076,7.02245,7.03972,5965200
2007-07-31,7.09348,7.15683,7.01861,7.01861,6652000
2007-08-01,7.01477,7.05892,6.92454,7.04548,6005200
2007-08-02,7.05892,7.11076,6.96678,7.06276,4396000
2007-08-03,7.02629,7.08196,6.90726,6.91686,6335600
2007-08-06,6.97253,7.18371,6.9303,7.18179,5756800
2007-08-07,7.12803,7.30849,7.105,7.27393,5881600
2007-08-08,7.27585,7.45247,7.23554,7.37376,6719600
2007-08-09,7.36608,7.36608,7.19139,7.2317,7261200
2007-08-10,7.11267,7.26625,7.02244,7.22018,5582000
2007-08-13,7.12419,7.23362,6.97061,7.12227,4842400
2007-08-14,7.16835,7.24898,7.01477,7.01477,2942400
2007-08-15,7.0282,7.09924,6.91686,6.9303,2771600
2007-08-16,6.87463,6.97637,6.70185,6.83623,6471200
2007-08-17,6.86119,7.0474,6.69417,6.79016,7371200
2007-08-20,6.78248,6.84199,6.66153,6.79016,4780800
2007-08-21,6.73448,6.83623,6.71913,6.79208,2998000
2007-08-22,6.82663,6.89766,6.71145,6.86887,3094400
2007-08-23,6.88038,6.89766,6.76328,6.79016,2557600
2007-08-24,6.78632,6.86119,6.7556,6.86119,2144000
2007-08-27,6.81511,6.89382,6.81511,6.83047,1669600
2007-08-28,6.79784,6.86311,6.78632,6.79016,4118000
2007-08-29,6.82087,6.9015,6.74024,6.89766,2458400
2007-08-30,6.81703,7.00901,6.81703,6.96869,3071600
2007-08-31,7.02629,7.057,6.97445,7.03588,2497600
2007-09-04,7.04356,7.04548,6.96677,7.01285,2611600
2007-09-05,6.96869,7.00901,6.9111,6.93606,2418000
2007-09-06,6.97637,7.02245,6.95334,6.99941,2048400
2007-09-07,6.89958,6.98981,6.82471,6.84391,2603600
2007-09-10,6.88615,6.95334,6.83431,6.86119,2022000
2007-09-11,6.90918,6.99749,6.85927,6.98789,2548000
2007-09-12,6.94566,6.98789,6.92262,6.93798,2031600
2007-09-13,7.00901,7.01285,6.8919,6.9207,2786000
2007-09-14,6.88614,6.99365,6.86886,6.98213,3290400
2007-09-17,6.9399,6.98021,6.82279,6.85159,2729200
2007-09-18,6.8823,7.04356,6.84775,6.97637,4257200
2007-09-19,6.98981,7.09924,6.97829,7.07236,4870400
2007-09-20,7.0666,7.07236,7.00901,7.03781,2973200
2007-09-21,7.07236,7.20482,7.03589,7.13187,8229600
2007-09-24,7.12803,7.14531,6.98021,6.99365,3141200
2007-09-25,6.96485,7.10308,6.95909,7.09732,3662800
2007-09-26,7.14915,7.16067,6.98405,7.14915,2998400
2007-09-27,7.18947,7.19522,7.10692,7.19331,3128000
2007-09-28,7.19906,7.23362,7.08388,7.12227,5502800
2007-10-01,7.15491,7.37376,7.1146,7.29505,5781200
2007-10-02,7.27778,7.34881,7.21634,7.2413,3449600
2007-10-03,7.19906,7.25666,7.14915,7.14915,4119600
2007-10-04,7.14147,7.16643,7.105,7.1146,3603200
2007-10-05,7.12035,7.1933,7.09348,7.17027,4577200
2007-10-08,7.15107,7.1933,7.09732,7.11075,4530800
2007-10-09,7.0954,7.14147,7.09348,7.11843,6688000
2007-10-10,7.08964,7.16451,7.08964,7.10308,7543600
2007-10-11,7.11843,7.14339,7.04932,7.05508,6945600
2007-10-12,7.09924,7.11844,7.05316,7.1146,4810400
2007-10-15,7.10691,7.17411,7.04356,7.10691,3845600
2007-10-16,7.09924,7.17027,7.08964,7.09924,4400400
2007-10-17,7.15683,7.17795,7.01861,7.11268,5484400
2007-10-18,7.09732,7.1837,7.08196,7.16067,5525200
2007-10-19,7.17411,7.21826,6.94374,6.94566,6652800
2007-10-22,6.94566,7.02437,6.85159,6.99749,5550800
2007-10-23,6.91302,6.94182,6.81895,6.9015,4872800
2007-10-24,6.85735,6.91686,6.71913,6.78056,7704000
2007-10-25,6.89958,7.01861,6.76136,6.9015,5945200
2007-10-26,6.99557,7.01861,6.87079,7.01285,4778000
2007-10-29,7.02437,7.04549,6.90918,6.99749,4443200
2007-10-30,6.95141,6.99173,6.91878,6.95717,3377200
2007-10-31,6.9591,7.03589,6.87655,7.02437,3900800
2007-11-01,7.00517,7.05508,6.81511,6.82279,4047600
2007-11-02,6.86311,6.86311,6.75752,6.84007,4336000
2007-11-05,6.7268,6.7844,6.63466,6.68073,4744800
2007-11-06,6.68841,6.73256,6.6001,6.71529,3704800
2007-11-07,6.64809,6.65193,6.47532,6.47532,3796400
2007-11-08,6.45228,6.62506,6.4254,6.56938,5934800
2007-11-09,6.47148,6.58858,6.43116,6.43308,5250800
2007-11-12,6.50603,6.58282,6.42156,6.4254,6422400
2007-11-13,6.483,6.52331,6.36013,6.51371,5498000
2007-11-14,6.46956,6.46956,6.32366,6.34669,3961200
2007-11-15,6.3371,6.41197,6.32558,6.33134,4903200
2007-11-16,6.37549,6.37741,6.26798,6.33134,5718000
2007-11-19,6.28718,6.30638,6.15088,6.16432,5730000
2007-11-20,6.19119,6.25455,6.12016,6.21807,6427600
2007-11-21,6.23535,6.32366,6.172,6.18352,4696800
2007-11-23,6.21423,6.30062,6.17584,6.2795,1610800
2007-11-26,6.26031,6.3179,6.10097,6.10289,3298000
2007-11-27,6.16048,6.2699,6.10865,6.20655,6540800
2007-11-28,6.28334,6.32558,6.16624,6.22191,5325600
2007-11-29,6.21231,6.22959,6.1336,6.15472,4118000
2007-11-30,6.16816,6.26799,6.13552,6.14128,6734400
2007-12-03,6.10289,6.17584,6.04721,6.05873,5321600
2007-12-04,6.01074,6.07793,5.9781,6.06257,3964400
2007-12-05,6.14704,6.35245,6.03569,6.32558,7849200
2007-12-06,6.27758,6.42732,6.24879,6.41964,5455600
2007-12-07,6.67689,6.83623,6.62314,6.67113,10672400
2007-12-10,6.66729,6.7268,6.64233,6.66345,3344800
2007-12-11,6.64426,6.69801,6.41197,6.41773,6162400
2007-12-12,6.49644,6.58666,6.43692,6.52523,5332000
2007-12-13,6.483,6.54635,6.47532,6.53099,3516000
2007-12-14,6.71529,6.71529,6.44652,6.44844,4748000
2007-12-17,6.44652,6.47532,6.27566,6.28334,5600400
2007-12-18,6.31406,6.37549,6.25071,6.3371,3866800
2007-12-19,6.36397,6.36397,6.07985,6.10672,8405600
2007-12-20,6.43308,6.45228,6.21999,6.42924,11002400
2007-12-21,6.49067,6.62122,6.435,6.61738,12922800
2007-12-24,6.60394,6.64042,6.50411,6.6001,1790800
2007-12-26,6.54251,6.58858,6.49835,6.5809,2658800
2007-12-27,6.54635,6.61354,6.54635,6.56555,4490000
2007-12-28,6.58666,6.61738,6.51947,6.56171,4404400
2007-12-31,6.57706,6.57706,6.45228,6.4542,3268000
2008-01-02,6.42924,6.4542,6.19311,6.21039,5793600
2008-01-03,6.26031,6.36397,6.24111,6.32942,5339200
2008-01-04,6.26798,6.28526,6.06833,6.06833,5692400
2008-01-07,6.07025,6.31022,6.07025,6.23343,5946000
2008-01-08,6.24687,6.25647,5.97042,5.97042,6229600
2008-01-09,5.97234,6.19503,5.97042,6.18927,6978000
2008-01-10,6.124,6.18928,6.03569,6.12976,7091200
2008-01-11,6.06641,6.13744,6.02994,6.04721,5257200
2008-01-14,6.10865,6.1432,6.06065,6.1336,4263200
2008-01-15,6.03377,6.09905,5.98962,6.03186,5218000
2008-01-16,6.14128,6.36397,6.08561,6.23727,6702000
2008-01-17,6.21423,6.24303,6.00882,6.03186,6354400
2008-01-18,6.00114,6.24879,5.83412,6.07217,9501200
2008-01-22,5.83604,6.06065,5.83604,5.93203,8210000
2008-01-23,5.79573,6.24495,5.79573,6.23727,7911600
2008-01-24,6.06641,6.23727,5.92435,6.04145,9515600
2008-01-25,6.11441,6.11441,5.90707,5.94163,6030800
2008-01-28,5.96466,6.11824,5.92627,6.10864,6035600
2008-01-29,6.12784,6.1432,5.9685,6.12208,5006000
2008-01-30,6.08561,6.23535,6.07409,6.14512,5889600
2008-01-31,6.08753,6.34861,6.06833,6.30062,7749200
2008-02-01,6.34477,6.50603,6.32558,6.40237,5321200
2008-02-04,6.44714,6.44714,6.19992,6.24275,4311600
2008-02-05,6.13374,6.19213,6.04225,6.05587,4908800
2008-02-06,6.1279,6.17267,6.02667,6.03446,5403200
2008-02-07,6.02667,6.07534,5.89236,5.95465,10800000
2008-02-08,5.93908,5.99553,5.84564,5.9235,6428400
2008-02-11,5.94492,5.94492,5.84369,5.87873,5168800
2008-02-12,5.92545,5.93518,5.83007,5.87484,9626400
2008-02-13,5.93713,6.05587,5.91961,6.05003,5324800
2008-02-14,6.02862,6.03446,5.82617,5.8398,4909200
2008-02-15,5.8106,5.84564,5.76972,5.79697,5912400
2008-02-19,5.89236,5.92934,5.67629,5.73663,5393600
2008-02-20,5.70548,5.85537,5.6977,5.8398,4971200
2008-02-21,5.79114,5.87095,5.68213,5.68991,4395200
2008-02-22,5.72495,5.80671,5.6685,5.80087,4161200
2008-02-25,5.79503,5.85537,5.71911,5.84564,5160400
2008-02-26,5.81839,6.01499,5.81839,5.92934,4843200
2008-02-27,5.90014,5.93129,5.80671,5.82423,5015600
2008-02-28,5.77751,5.87873,5.76583,5.84564,5438400
2008-02-29,5.7561,5.80865,5.58674,5.60231,7722400
2008-03-03,5.60426,5.74247,5.59647,5.64319,6018400
2008-03-04,5.61789,5.70159,5.59453,5.6938,5406800
2008-03-05,5.73274,5.77946,5.65293,5.70743,4594800
2008-03-06,5.5848,5.723,5.55949,5.55949,5884800
2008-03-07,5.48552,5.6101,5.43491,5.49915,6415600
2008-03-10,5.48552,5.52056,5.39792,5.39987,5188800
2008-03-11,5.50693,5.63346,5.41155,5.63346,5706000
2008-03-12,5.66461,5.70938,5.59842,5.60815,7468400
2008-03-13,5.52056,5.66461,5.4972,5.63541,6808800
2008-03-14,5.48552,5.68212,5.42907,5.46994,8628800
2008-03-17,5.33563,5.53808,5.33563,5.44853,5922800
2008-03-18,5.50888,5.56533,5.41544,5.55365,7712000
2008-03-19,5.67434,5.7814,5.57506,5.59258,8158400
2008-03-20,5.63346,5.67434,5.54197,5.61205,13668000
2008-03-24,5.60232,5.70159,5.60232,5.68991,7954000
2008-03-25,5.70159,5.70159,5.6101,5.68407,5617200
2008-03-26,5.64514,5.68213,5.5556,5.6101,3753200
2008-03-27,5.73663,5.73663,5.49525,5.49915,4404000
2008-03-28,5.54976,5.56533,5.4096,5.42128,3219200
2008-03-31,5.45048,5.61594,5.37845,5.55559,5552400
2008-04-01,5.64125,5.80281,5.57117,5.76778,7042800
2008-04-02,5.7814,5.90598,5.75415,5.83785,5405600
2008-04-03,5.83201,5.89625,5.76194,5.81644,4932400
2008-04-04,5.82423,5.87678,5.78919,5.83591,4655600
2008-04-07,5.70938,5.88263,5.70938,5.80087,3536000
2008-04-08,5.76778,5.80476,5.7269,5.76194,3242000
2008-04-09,5.75026,5.86705,5.65098,5.6685,3545200
2008-04-10,5.80671,5.80671,5.64514,5.69186,3058400
2008-04-11,5.35315,5.47189,5.32201,5.43491,9769600
2008-04-14,5.41155,5.53613,5.41155,5.47773,4742000
2008-04-15,5.48747,5.5225,5.44269,5.50304,3577200
2008-04-16,5.54586,5.64125,5.48163,5.61984,4895200
2008-04-17,5.63151,5.65293,5.55754,5.61984,3324400
2008-04-18,5.72106,5.81449,5.6938,5.75999,4613200
2008-04-21,5.74247,5.74247,5.61205,5.66266,3782400
2008-04-22,5.61984,5.65293,5.55949,5.61984,3438800
2008-04-23,5.65877,5.68213,5.5809,5.65487,3179200
2008-04-24,5.64903,5.7522,5.55949,5.72106,3901600
2008-04-25,5.71327,5.80866,5.59842,5.77167,3486800
2008-04-28,5.79308,5.80865,5.67629,5.74442,5107600
2008-04-29,5.71327,5.77556,5.67823,5.76194,3509600
2008-04-30,5.78919,5.91766,5.74247,5.76388,5170800
2008-05-01,5.75804,5.87678,5.69964,5.86705,5138000
2008-05-02,5.95076,6.17656,5.95076,6.03641,6417200
2008-05-05,6.03446,6.07729,5.88847,5.90209,5508000
2008-05-06,5.84369,6.03057,5.84369,6.02083,4603600
2008-05-07,6.00526,6.01499,5.75804,5.7853,5250400
2008-05-08,5.82228,5.85537,5.75999,5.78335,3107200
2008-05-09,5.72495,5.83007,5.69575,5.81255,2580800
2008-05-12,5.83396,5.87873,5.77556,5.87678,3624000
2008-05-13,5.88652,5.8982,5.76972,5.869,2247200
2008-05-14,5.92156,5.9819,5.85732,5.91572,3344400
2008-05-15,5.89236,5.98774,5.81449,5.97022,2638400
2008-05-16,6.00137,6.00137,5.84175,5.89625,4180800
2008-05-19,5.89431,5.94297,5.81839,5.83007,3151600
2008-05-20,5.87678,5.87678,5.76972,5.79697,2737200
2008-05-21,5.81644,5.8398,5.62957,5.64319,4851600
2008-05-22,5.65682,5.75026,5.60621,5.66461,4448000
2008-05-23,5.61984,5.63541,5.53613,5.56338,4476000
2008-05-27,5.61983,5.71911,5.56922,5.71911,3899600
2008-05-28,5.72106,5.74247,5.62762,5.68018,2804400
2008-05-29,5.67239,5.82228,5.67239,5.76972,2428800
2008-05-30,5.76972,5.80865,5.65293,5.74636,4152400
2008-06-02,5.74442,5.7522,5.54197,5.59453,3618000
2008-06-03,5.64903,5.67239,5.5264,5.57506,4056000
2008-06-04,5.53418,5.76778,5.53029,5.70159,5158400
2008-06-05,5.6938,5.76972,5.64903,5.73858,3441600
2008-06-06,5.51083,5.69965,5.47384,5.47384,4428400
2008-06-09,5.51472,5.54002,5.39403,5.45827,5031600
2008-06-10,5.43101,5.54976,5.40376,5.49136,4526400
2008-06-11,5.47189,5.47189,5.3259,5.3259,4644000
2008-06-12,5.34147,5.49136,5.34147,5.37846,4174800
2008-06-13,5.43491,5.54197,5.42907,5.53613,3982800
2008-06-16,5.47773,5.5517,5.45827,5.50888,3508400
2008-06-17,5.49914,5.50888,5.41155,5.42128,3073200
2008-06-18,5.3804,5.42517,5.27723,5.30448,4010400
2008-06-19,5.23635,5.31227,5.13902,5.28502,8026000
2008-06-20,5.22078,5.23051,5.08452,5.13513,8444000
2008-06-23,5.23052,5.23052,5.08841,5.09815,4551600
2008-06-24,5.06116,5.13318,5.00276,5.07479,5030800
2008-06-25,5.07284,5.15849,5.03001,5.10788,5218000
2008-06-26,5.00471,5.09425,5.00471,5.0125,6942800
2008-06-27,5.00666,5.1546,5.00666,5.08452,13198800
2008-06-30,5.07089,5.20521,4.99108,5.16044,8880800
2008-07-01,5.13902,5.33174,5.13124,5.28113,10023200
2008-07-02,5.27723,5.33952,5.09231,5.09425,7703600
2008-07-03,5.26361,5.26361,5.0923,5.13513,4265600
2008-07-07,5.15654,5.23441,5.01249,5.09231,6415200
2008-07-08,5.10593,5.19353,5.07089,5.17406,9287200
2008-07-09,5.15849,5.22467,5.09231,5.09231,6040400
2008-07-10,5.08063,5.21884,5.06116,5.15849,5150000
2008-07-11,5.05727,5.14876,4.93268,5.0086,7970000
2008-07-14,4.96967,5.19158,4.8957,4.95215,6176800
2008-07-15,4.9249,5.04364,4.89765,4.97356,7035200
2008-07-16,5.20326,5.34536,5.07284,5.21105,11723600
2008-07-17,5.06116,5.33563,5.06116,5.31422,7956400
2008-07-18,5.22273,5.45827,5.21494,5.42128,9083600
2008-07-21,5.53224,5.58285,5.39792,5.42712,7195600
2008-07-22,5.39598,5.60621,5.39208,5.60621,7477600
2008-07-23,5.43296,5.7269,5.43296,5.68407,6392400
2008-07-24,5.62567,5.67629,5.53029,5.56533,6210000
2008-07-25,5.59258,5.73663,5.52056,5.55949,5193600
2008-07-28,5.52834,5.58869,5.44269,5.46216,5066000
2008-07-29,5.50498,5.6101,5.46605,5.59453,5283600
2008-07-30,5.5809,5.66461,5.45048,5.60231,4166800
2008-07-31,5.59064,5.65293,5.53418,5.53613,5447200
2008-08-01,5.57312,5.63346,5.45632,5.59648,6279600
2008-08-04,5.56922,5.60815,5.50109,5.56727,4866000
2008-08-05,5.66461,5.77167,5.60037,5.74636,8565200
2008-08-06,5.74442,5.75026,5.64319,5.70743,6930000
2008-08-07,5.69964,5.8106,5.64514,5.73858,4925200
2008-08-08,5.723,5.96633,5.6938,5.95076,5186800
2008-08-11,5.95076,6.10454,5.90793,5.98969,5438400
2008-08-12,5.97606,6.03641,5.86316,5.89236,7448800
2008-08-13,5.869,5.9858,5.83785,5.93129,5855600
2008-08-14,5.85343,6.11233,5.85343,6.04614,5974400
2008-08-15,6.07923,6.11232,5.95465,6.07144,4033200
2008-08-18,6.0987,6.12984,5.98774,6.0111,3631200
2008-08-19,5.98969,6.07534,5.88457,5.90988,4167200
2008-08-20,5.9527,6.02473,5.88846,5.96828,3989600
2008-08-21,5.64709,5.97801,5.64709,5.90598,3289200
2008-08-22,5.92935,6.05198,5.84175,6.04614,3410400
2008-08-25,5.90793,6.08313,5.88847,5.90988,2663200
2008-08-26,5.89625,5.96438,5.869,5.94102,3692800
2008-08-27,5.9566,6.03446,5.9566,5.99747,3264800
2008-08-28,6.02278,6.14152,5.9819,6.10843,2948800
2008-08-29,6.08507,6.11038,5.98774,5.99553,3938000
2008-09-02,6.14931,6.21744,6.03835,6.05587,5006800
2008-09-03,6.05977,6.15126,6.01694,6.08313,4878000
2008-09-04,5.93324,6.14542,5.93129,5.97801,4231600
2008-09-05,5.9566,6.00721,5.87679,5.94881,4181600
2008-09-08,6.01889,6.10649,5.87873,6.06755,6435600
2008-09-09,6.09091,6.14542,6.02278,6.02667,6362400
2008-09-10,6.10454,6.1571,5.98385,6.09481,4269600
2008-09-11,6.05393,6.36149,5.99942,6.34202,7256400
2008-09-12,6.30309,6.42962,6.22912,6.39263,5804000
2008-09-15,6.22912,6.50164,6.22912,6.28168,7728800
2008-09-16,6.23691,6.56588,6.23107,6.43351,9820000
2008-09-17,6.4121,6.41989,6.06561,6.17461,9696800
2008-09-18,6.22912,6.27,5.93518,6.17267,12738800
2008-09-19,6.24469,6.25443,5.7853,5.85732,16480000
2008-09-22,5.76777,5.8943,5.63151,5.6393,7321600
2008-09-23,5.6393,5.71911,5.54781,5.55559,6417200
2008-09-24,5.53418,5.60426,5.46605,5.51472,5885200
2008-09-25,5.54976,5.57506,5.47384,5.51277,6316000
2008-09-26,5.45437,5.67045,5.45048,5.65682,4431600
2008-09-29,5.54392,5.71133,5.47384,5.47384,7894400
2008-09-30,5.56338,5.60231,5.45243,5.58869,7310000
2008-10-01,5.50109,5.5809,5.47189,5.49915,5306400
2008-10-02,5.48163,5.55754,5.41933,5.41933,6510400
2008-10-03,5.49914,5.5809,5.28502,5.28502,6708000
2008-10-06,5.32979,5.36872,5.03585,5.11372,9343200
2008-10-07,5.32979,5.33758,4.82951,4.82951,9126000
2008-10-08,4.82757,4.9833,4.65627,4.66211,10871600
2008-10-09,4.67379,4.70493,4.28252,4.31951,11223200
2008-10-10,4.22802,4.47523,4.09175,4.22996,14734800
2008-10-13,4.31561,4.5784,4.15794,4.55115,9254400
2008-10-14,4.66016,4.73997,4.30199,4.36428,9694000
2008-10-15,4.28447,4.41489,4.0645,4.07229,7292400
2008-10-16,4.02168,4.22607,3.8932,4.2066,9812400
2008-10-17,4.09759,4.92295,4.08981,4.1813,7895200
2008-10-20,4.20855,4.3526,4.13068,4.35065,5692000
2008-10-21,4.27863,4.39153,4.21439,4.22023,4676800
2008-10-22,4.16572,4.2105,3.93408,4.01389,5976800
2008-10-23,4.01973,4.12484,3.85427,3.97885,8853600
2008-10-24,3.85038,4.03141,3.84064,3.93992,9390000
2008-10-27,3.87763,4.02752,3.82896,3.85427,5534400
2008-10-28,3.93018,4.27279,3.87957,4.26889,9674000
2008-10-29,4.3779,4.50054,4.25332,4.32924,9448400
2008-10-30,4.33897,4.62902,4.33703,4.46745,8884800
2008-10-31,4.42268,4.666,4.3779,4.61344,6224800
2008-11-03,4.57451,4.68352,4.55699,4.65043,4649200
2008-11-04,4.90154,4.91127,4.67184,4.81589,6157200
2008-11-05,4.77501,4.85871,4.49859,4.50833,9154800
2008-11-06,4.44019,4.47913,4.21633,4.23775,9208000
2008-11-07,4.29031,4.3526,4.24748,4.3487,5988400
2008-11-10,4.43825,4.50833,4.28057,4.32145,5008400
2008-11-11,4.29031,4.44993,4.23191,4.33118,5968000
2008-11-12,4.20466,4.34092,4.1482,4.15404,6938800
2008-11-13,4.02167,4.43046,3.98858,4.42267,12061200
2008-11-14,3.99053,4.3195,3.99053,4.08981,8856000
2008-11-17,4.01778,4.19687,4.01389,4.09175,6157200
2008-11-18,4.10149,4.27668,4.05866,4.24943,10827600
2008-11-19,4.24943,4.27863,3.95744,3.96328,9168400
2008-11-20,3.95938,4.14431,3.85427,3.87179,10783600
2008-11-21,4.00805,4.12874,3.79782,4.12874,9311600
2008-11-24,4.24748,4.42851,4.17546,4.40321,8716000
2008-11-25,4.41489,4.42657,4.19492,4.35844,10712400
2008-11-26,4.28447,4.56672,4.22607,4.56672,5665600
2008-11-28,4.47718,4.68547,4.46745,4.67573,2424000
2008-12-01,4.25916,4.64848,4.25916,4.36817,8627200
2008-12-02,4.41683,4.49275,4.28641,4.36622,11836400
2008-12-03,4.36622,4.80031,4.35454,4.78863,14436800
2008-12-04,4.82562,4.82562,4.61344,4.6952,11169600
2008-12-05,4.66795,4.84898,4.49275,4.84119,11150400
2008-12-08,4.98913,5.05143,4.86455,5.00081,8786000
2008-12-09,4.94242,5.02223,4.82757,4.84509,6771600
2008-12-10,4.8665,4.90154,4.77112,4.8373,6002800
2008-12-11,4.79642,4.82951,4.65432,4.67573,6117200
2008-12-12,4.60371,4.8957,4.60371,4.84314,6484000
2008-12-15,4.81783,4.81783,4.62317,4.67768,6989600
2008-12-16,4.63875,4.92684,4.63875,4.92101,7342800
2008-12-17,4.91906,5.04948,4.87039,5.00276,5504000
2008-12-18,4.72635,5.1215,4.72635,4.97162,9766400
2008-12-19,4.62902,4.97162,4.32535,4.35649,18996000
2008-12-22,4.30004,4.32924,4.08786,4.16378,10228800
2008-12-23,4.24748,4.27279,4.14237,4.19492,9069600
2008-12-24,4.18324,4.27084,4.15599,4.23969,2479600
2008-12-26,4.27473,4.2942,4.22218,4.24748,2263600
2008-12-29,4.15989,4.29225,4.15989,4.26111,5146000
2008-12-30,4.2942,4.45187,4.28641,4.45187,5090800
2008-12-31,4.45771,4.53752,4.43046,4.52195,6108400
2009-01-02,4.52195,4.66211,4.44603,4.64653,7153600
2009-01-05,4.61344,4.63875,4.52584,4.60566,5800800
2009-01-06,4.64264,4.76333,4.63875,4.73997,6190400
2009-01-07,4.69325,4.71272,4.60566,4.65432,7852400
2009-01-08,4.666,4.7244,4.60955,4.67963,5430000
2009-01-09,4.65043,4.66405,4.52974,4.53752,4370000
2009-01-12,4.56478,4.59203,4.51222,4.55504,7965200
2009-01-13,4.54726,4.62317,4.4947,4.52779,8797200
2009-01-14,4.47913,4.55504,4.35844,4.39348,8901600
2009-01-15,4.48691,4.63485,4.38569,4.62317,10994000
2009-01-16,4.65821,4.68741,4.57062,4.67963,8104800
2009-01-20,4.67379,4.75749,4.56283,4.56672,9964400
2009-01-21,4.42657,4.66795,4.42657,4.62123,8593600
2009-01-22,4.53752,4.61344,4.47134,4.54336,8546800
2009-01-23,4.47913,4.56867,4.42073,4.50249,6327200
2009-01-26,4.48691,4.57256,4.46939,4.5531,6128400
2009-01-27,4.42657,4.6076,4.42657,4.59008,4710000
2009-01-28,4.65237,4.76917,4.63096,4.73413,4241600
2009-01-29,4.73218,4.75944,4.58424,4.6076,4493600
2009-01-30,4.64459,4.66795,4.40126,4.42851,6530000
2009-02-02,4.27745,4.44044,4.27745,4.41261,7954800
2009-02-03,4.37286,4.49808,4.34304,4.46628,6219200
2009-02-04,4.48616,4.54181,4.41659,4.42851,7030000
2009-02-05,4.4146,4.58952,4.27547,4.57958,11019600
2009-02-06,4.58952,4.7525,4.57361,4.73859,8790400
2009-02-09,4.67101,4.78828,4.65113,4.76642,7514800
2009-02-10,4.74654,4.79822,4.51597,4.54181,9858000
2009-02-11,4.59349,4.65113,4.52591,4.5756,6145200
2009-02-12,4.51597,4.58355,4.43249,4.56566,8646400
2009-02-13,4.56169,4.65312,4.54579,4.55771,5920400
2009-02-17,4.32516,4.4464,4.3013,4.37286,7343600
2009-02-18,4.42653,4.45634,4.34901,4.41063,5895200
2009-02-19,4.30329,4.51597,4.30329,4.351,5737200
2009-02-20,4.32516,4.37684,4.2218,4.31323,9805200
2009-02-23,4.18999,4.38677,4.11645,4.12241,9577200
2009-02-24,4.11248,4.19,4.05881,4.17807,11107200
2009-02-25,4.1403,4.18205,4.05086,4.10055,7905200
2009-02-26,4.15223,4.15223,3.96738,3.98725,7246000
2009-02-27,3.96738,4.10453,3.93558,4.03297,8943200
2009-03-02,4.02502,4.06279,3.90377,3.90576,8778000
2009-03-03,3.97334,4.01906,3.82824,3.83619,9880800
2009-03-04,3.86998,3.90576,3.81433,3.86799,8687600
2009-03-05,3.81035,3.84414,3.69109,3.69705,8327200
2009-03-06,3.73482,3.76861,3.59568,3.66923,7908000
2009-03-09,3.64935,3.72488,3.59767,3.60761,5561600
2009-03-10,3.7706,3.81631,3.65531,3.81433,6296800
2009-03-11,3.90377,3.93359,3.84215,3.90178,7396000
2009-03-12,3.91172,4.10453,3.87197,4.09459,6094400
2009-03-13,4.10452,4.16813,4.04092,4.16416,6407600
2009-03-16,4.17807,4.27149,4.08067,4.08862,6200800
2009-03-17,4.08664,4.2218,4.06875,4.21385,7009600
2009-03-18,4.18999,4.39274,4.15024,4.35894,8460000
2009-03-19,4.29534,4.90158,4.27348,4.60542,14670800
2009-03-20,4.65908,4.7048,4.43646,4.5597,10288400
2009-03-23,4.64915,4.92344,4.60144,4.91549,9304000
2009-03-24,4.87574,4.97711,4.83201,4.87773,6788000
2009-03-25,4.88965,5.03674,4.77636,4.90953,8238400
2009-03-26,4.97512,5.14407,4.92941,5.13811,7839600
2009-03-27,5.04867,5.11823,4.93338,4.98307,6785600
2009-03-30,4.91947,4.93736,4.79623,4.84791,7147600
2009-03-31,4.89562,4.97711,4.834,4.9135,6443200
2009-04-01,4.86978,4.94133,4.76046,4.8817,8599200
2009-04-02,4.93934,5.13413,4.89959,5.08444,11097600
2009-04-03,4.91152,5.11823,4.91152,5.08643,6443200
2009-04-06,5.06854,5.08643,4.93537,5.07649,5625600
2009-04-07,5.01687,5.01687,4.8817,4.91748,5763600
2009-04-08,4.9791,4.9791,4.87176,4.96121,4867200
2009-04-09,5.0427,5.16196,4.95127,5.15401,5538400
2009-04-13,5.10034,5.13414,5.03873,5.11625,4202400
2009-04-14,5.09041,5.10035,4.93935,4.99103,6799600
2009-04-15,4.92543,5.12618,4.92344,5.11823,6196800
2009-04-16,5.15004,5.28122,5.08842,5.25538,5096000
2009-04-17,5.25936,5.3011,5.17588,5.27129,5666000
2009-04-20,5.18979,5.28122,5.08047,5.11823,5293600
2009-04-21,5.11227,5.22159,5.08246,5.20967,5384000
2009-04-22,5.1719,5.33887,5.09041,5.23153,6309200
2009-04-23,5.22159,5.24147,5.07451,5.23551,7546400
2009-04-24,5.2693,5.37663,5.22557,5.3329,6308000
2009-04-27,5.22358,5.32098,5.17786,5.21563,6445600
2009-04-28,5.24346,5.24346,5.11227,5.15202,6527600
2009-04-29,5.26333,5.26731,5.10233,5.13612,8078000
2009-04-30,5.08246,5.23352,5.06258,5.10034,9571600
2009-05-01,5.2693,5.2693,5.05662,5.11823,4742400
2009-05-04,5.13612,5.16196,5.06457,5.13215,4904000
2009-05-05,5.11625,5.15799,5.07649,5.15202,5676800
2009-05-06,5.19575,5.19973,5.04867,5.13215,4671200
2009-05-07,5.15799,5.18582,5.06457,5.10233,7408800
2009-05-08,5.15799,5.20967,5.10432,5.17389,5803600
2009-05-11,5.1242,5.18184,5.08842,5.10432,4970000
2009-05-12,5.13215,5.15799,5.00891,5.0586,5028800
2009-05-13,5.03674,5.12618,4.90555,4.93139,5060400
2009-05-14,4.95525,5.01885,4.94332,4.98904,5061200
2009-05-15,4.995,5.00494,4.9135,4.95723,4424400
2009-05-18,5.0268,5.08842,4.9632,5.08842,4128400
2009-05-19,5.00096,5.1242,4.99699,5.08444,3461200
2009-05-20,5.02283,5.156,5.02283,5.03873,4010400
2009-05-21,5.00692,5.00891,4.86978,4.90158,5317200
2009-05-22,4.92146,4.94928,4.84592,4.8817,4063200
2009-05-26,4.82008,5.03873,4.8022,5.00692,5784800
2009-05-27,4.98506,5.02084,4.8976,4.90555,3850000
2009-05-28,4.93736,4.96518,4.8022,4.89164,4452800
2009-05-29,4.47423,4.68095,4.3987,4.62927,13001600
2009-06-01,4.6074,4.73462,4.52989,4.66703,10244400
2009-06-02,4.62728,4.68691,4.59349,4.60542,8188400
2009-06-03,4.60343,4.64318,4.49013,4.50802,8070400
2009-06-04,4.49808,4.55374,4.48218,4.52392,6227200
2009-06-05,4.55374,4.59945,4.45833,4.53784,5961200
2009-06-08,4.47423,4.55175,4.46628,4.52591,5333600
2009-06-09,4.51597,4.58952,4.49808,4.56368,5498400
2009-06-10,4.58753,4.60741,4.46231,4.52392,5640800
2009-06-11,4.53784,4.60542,4.50206,4.54181,5751600
2009-06-12,4.53187,4.56367,4.45833,4.5597,5043200
2009-06-15,4.4961,4.51398,4.4146,4.47026,6979200
2009-06-16,4.45038,4.50206,4.41659,4.41659,5625200
2009-06-17,4.41063,4.48814,4.39075,4.45038,9553200
2009-06-18,4.45833,4.46429,4.4146,4.45435,4530800
2009-06-19,4.49013,4.49013,4.40864,4.45833,8901600
2009-06-22,4.43249,4.47622,4.39671,4.41063,5038400
2009-06-23,4.44243,4.47026,4.38081,4.39472,4952000
2009-06-24,4.41063,4.50405,4.39075,4.46032,5854400
2009-06-25,4.47224,4.59548,4.42653,4.59548,5294800
2009-06-26,4.55771,4.57958,4.49808,4.55573,6721200
2009-06-29,4.55374,4.59746,4.49609,4.55771,4961600
2009-06-30,4.5438,4.59945,4.50405,4.53982,5216000
2009-07-01,4.58952,4.65113,4.54777,4.58355,5224000
2009-07-02,4.5597,4.5597,4.3987,4.41261,4658000
2009-07-06,4.4146,4.46032,4.351,4.42255,4274000
2009-07-07,4.42454,4.43448,4.3013,4.30727,5161600
2009-07-08,4.41063,4.41063,4.31721,4.36491,6522400
2009-07-09,4.3669,4.38081,4.27745,4.31919,5138000
2009-07-10,4.29534,4.34702,4.26553,4.29534,6391200
2009-07-13,4.29534,4.35696,4.23372,4.35298,11334000
2009-07-14,4.40665,4.44243,4.33907,4.43647,6374000
2009-07-15,4.47423,4.62728,4.43647,4.59548,10359200
2009-07-16,4.40864,4.50603,4.38876,4.4802,13694000
2009-07-17,4.4961,4.49808,4.43845,4.49411,7311600
2009-07-20,4.50603,4.53585,4.44243,4.52591,5640000
2009-07-21,4.53386,4.63324,4.53386,4.63324,7200000
2009-07-22,4.60343,4.7048,4.56169,4.67499,7160400
2009-07-23,4.65312,4.82207,4.64119,4.80816,7071200
2009-07-24,4.78431,4.86381,4.77039,4.85984,4070400
2009-07-27,4.84394,4.87773,4.79027,4.85189,4056000
2009-07-28,4.83002,4.91152,4.6889,4.89164,5884800
2009-07-29,4.88568,4.91748,4.85388,4.91549,5805600
2009-07-30,4.97512,5.03475,4.92543,5.01289,7676800
2009-07-31,5.00692,5.04072,4.9632,5.00494,5846000
2009-08-03,4.98705,5.04271,4.95127,5.03873,6468400
2009-08-04,5.00891,5.10432,4.99102,5.10432,5561200
2009-08-05,5.10432,5.11028,5.01686,5.08246,7595200
2009-08-06,5.07649,5.14209,5.04072,5.11227,6430800
2009-08-07,5.19178,5.39054,5.14209,5.32694,7227200
2009-08-10,5.29514,5.33489,5.25141,5.28719,5978800
2009-08-11,5.25737,5.31104,5.18582,5.20768,5791600
2009-08-12,5.22358,5.36868,5.20967,5.3329,6403200
2009-08-13,5.37464,5.43626,5.31501,5.43229,6957600
2009-08-14,5.41042,5.42831,5.3011,5.34284,4974800
2009-08-17,5.29315,5.32296,5.21165,5.22557,4678000
2009-08-18,5.2534,5.31501,5.23153,5.3011,5494000
2009-08-19,5.27128,5.38061,5.25141,5.37265,3368400
2009-08-20,5.31501,5.40446,5.30507,5.39054,2732000
2009-08-21,5.44222,5.53763,5.38061,5.50583,3839600
2009-08-24,5.49788,5.51378,5.45017,5.48198,2668400
2009-08-25,5.50185,5.56943,5.41837,5.4939,4731200
2009-08-26,5.47999,5.56347,5.46806,5.53962,4102800
2009-08-27,5.53962,5.57739,5.43626,5.56546,4105600
2009-08-28,5.58533,5.62509,5.47999,5.52769,2563200
2009-08-31,5.51577,5.54359,5.43825,5.45415,3683600
2009-09-01,5.3647,5.48595,5.33489,5.37862,8108400
2009-09-02,5.34085,5.37663,5.30309,5.32893,5011600
2009-09-03,5.32495,5.42036,5.2693,5.41837,3959600
2009-09-04,5.40644,5.51577,5.39452,5.5098,2950400
2009-09-08,5.55552,5.56745,5.51378,5.56148,4142000
2009-09-09,5.54558,5.61515,5.51378,5.59726,3688800
2009-09-10,5.63503,5.64695,5.55751,5.639,3525600
2009-09-11,5.63503,5.65093,5.5754,5.64099,4011600
2009-09-14,5.64695,5.74037,5.59329,5.72845,3891200
2009-09-15,5.64496,5.75031,5.64496,5.73838,2934000
2009-09-16,5.73441,5.81988,5.68074,5.81392,3526000
2009-09-17,5.81591,5.89541,5.77218,5.85566,4752000
2009-09-18,5.8974,5.95107,5.86758,5.91727,7401600
2009-09-21,5.89541,5.93119,5.84174,5.8974,3667600
2009-09-22,5.9133,5.96299,5.8974,5.91926,4491600
2009-09-23,5.77416,5.86361,5.6072,5.63503,13551200
2009-09-24,5.84771,6.01865,5.80597,6.00275,18333600
2009-09-25,5.99678,6.05045,5.94113,5.97492,6926800
2009-09-28,6.00871,6.13194,5.97889,6.10014,4808800
2009-09-29,6.09815,6.12201,6.03654,6.06635,5258400
2009-09-30,6.05442,6.09616,5.92324,6.02461,7162800
2009-10-01,6.02262,6.04846,5.82187,5.82783,7908800
2009-10-02,5.74435,5.80994,5.68273,5.77416,5704400
2009-10-05,5.78211,5.87156,5.75627,5.87156,4537200
2009-10-06,5.88349,5.96498,5.84373,5.90932,3850400
2009-10-07,5.88746,5.88746,5.80199,5.82982,4166800
2009-10-08,5.83379,5.90535,5.79006,5.83976,4241600
2009-10-09,5.85566,5.89939,5.7841,5.86957,2975200
2009-10-12,5.86559,5.88746,5.70459,5.80398,4856400
2009-10-13,5.78012,5.82982,5.76025,5.80398,4394800
2009-10-14,5.81988,5.85168,5.74634,5.82783,5144800
2009-10-15,5.78808,5.86162,5.70857,5.86162,4828400
2009-10-16,5.87553,5.87553,5.74832,5.81392,5060800
2009-10-19,5.85764,5.90137,5.8,5.87951,5530000
2009-10-20,5.81988,5.89342,5.76423,5.80597,4818800
2009-10-21,5.80596,5.85367,5.70658,5.70857,3644400
2009-10-22,5.70658,5.74634,5.639,5.71652,8070800
2009-10-23,5.69664,5.69664,5.58136,5.58732,6306400
2009-10-26,5.56943,5.71453,5.56347,5.62906,11836000
2009-10-27,5.64695,5.69068,5.60919,5.62509,4336800
2009-10-28,5.63304,5.65093,5.53564,5.54558,5049200
2009-10-29,5.57341,5.61316,5.53167,5.59527,5134000
2009-10-30,5.57142,5.61714,5.47204,5.50384,5462000
2009-11-02,5.49788,5.57937,5.46409,5.56546,6392400
2009-11-03,5.56347,5.59925,5.50583,5.57142,5154800
2009-11-04,5.57142,5.65888,5.53962,5.60322,6527600
2009-11-05,5.61714,5.71056,5.61714,5.68869,3384000
2009-11-06,5.67478,5.74435,5.61515,5.71851,3463200
2009-11-09,5.74435,5.82783,5.71851,5.82783,3575200
2009-11-10,5.82187,5.85963,5.72845,5.76025,3977600
2009-11-11,5.79205,5.80597,5.72845,5.77218,2686000
2009-11-12,5.44819,5.78013,5.4462,5.70658,4231600
2009-11-13,5.72249,5.76224,5.66882,5.72845,2132000
2009-11-16,5.76422,5.79802,5.72248,5.74634,4245600
2009-11-17,5.73044,5.75627,5.70062,5.75031,2895200
2009-11-18,5.73839,5.74236,5.64496,5.67677,3188800
2009-11-19,5.52769,5.65689,5.52372,5.58335,4201600
2009-11-20,5.56745,5.6231,5.52372,5.55751,3719200
2009-11-23,5.61117,5.7046,5.57341,5.68273,4434800
2009-11-24,5.68273,5.68273,5.61117,5.67279,2579600
2009-11-25,5.67279,5.71652,5.63503,5.71453,2400400
2009-11-27,5.58732,5.67875,5.51775,5.63105,1418800
2009-11-30,5.59527,5.63503,5.54757,5.58335,4927200
2009-12-01,5.61714,5.71453,5.61714,5.70857,3142400
2009-12-02,5.7205,5.7841,5.67279,5.75031,1785200
2009-12-03,5.74037,5.77416,5.7046,5.71056,2777600
2009-12-04,5.78808,5.90933,5.7682,5.84572,4525600
2009-12-07,5.82982,5.87951,5.8159,5.85168,2570000
2009-12-08,5.80597,5.80597,5.7205,5.76621,3008000
2009-12-09,5.74435,5.74634,5.67081,5.71453,4060800
2009-12-10,5.74634,5.80795,5.74236,5.75826,3662000
2009-12-11,5.79801,5.84572,5.77615,5.82982,2899200
2009-12-14,5.86758,5.90734,5.85963,5.88746,5409600
2009-12-15,5.89144,5.89144,5.82783,5.8497,3568800
2009-12-16,5.84771,5.89342,5.80398,5.82783,3073600
2009-12-17,5.80994,5.80994,5.69665,5.71851,5358000
2009-12-18,5.76025,5.87156,5.72845,5.87156,8275200
2009-12-21,5.8656,5.96299,5.8656,5.88746,3716800
2009-12-22,5.91727,5.93914,5.86758,5.89938,4479200
2009-12-23,5.33886,5.39253,5.21762,5.23749,27648400
2009-12-24,5.23352,5.27128,5.20768,5.24147,4435200
2009-12-28,5.24942,5.2534,5.16793,5.18979,6456800
2009-12-29,5.20569,5.24743,5.17588,5.22159,4359600
2009-12-30,5.26135,5.26135,5.18581,5.2037,3391600
2009-12-31,5.21762,5.22159,5.17786,5.18184,2710800
2010-01-04,5.21364,5.27327,5.19178,5.24544,4204400
2010-01-05,5.22954,5.24147,5.19575,5.23749,5822400
2010-01-06,5.20569,5.26135,5.20569,5.25141,6280400
2010-01-07,5.16793,5.29712,5.16793,5.29712,4140400
2010-01-08,5.27923,5.35079,5.26135,5.3488,10043200
2010-01-11,5.34085,5.35278,5.30309,5.32694,2839600
2010-01-12,5.31501,5.33489,5.23948,5.25538,4056000
2010-01-13,5.27327,5.3488,5.26333,5.33688,3398400
2010-01-14,5.30905,5.34085,5.28917,5.30309,3462000
2010-01-15,5.3329,5.34085,5.18184,5.21563,5469600
2010-01-19,5.18979,5.29911,5.18979,5.29911,2735600
2010-01-20,5.25936,5.26135,5.16793,5.21762,4123200
2010-01-21,5.20768,5.23551,5.11823,5.12221,7512000
2010-01-22,5.13215,5.16594,5.00096,5.01885,8358800
2010-01-25,5.0427,5.0427,4.97711,5.0109,5290000
2010-01-26,4.99102,5.01488,4.96121,4.97314,5861200
2010-01-27,4.93935,5.01488,4.93139,5.01289,6942400
2010-01-28,5.0268,5.04469,4.93934,4.96121,5386800
2010-01-29,4.97115,5.0427,4.97115,4.99103,7532000
2010-02-01,5.00891,5.03475,4.98307,5.01289,4087200
2010-02-02,5.00494,5.06655,4.97711,5.05662,4188800
2010-02-03,5.01488,5.0427,4.99301,5.03078,2527200
2010-02-04,5.00692,5.0268,4.92742,4.93139,3756000
2010-02-05,4.94531,4.97711,4.87176,4.93537,5827600
2010-02-08,4.94753,4.99618,4.88875,4.96375,5890800
2010-02-09,5.02658,5.05293,4.94956,5.00225,4696000
2010-02-10,5.01239,5.01644,4.9455,4.95361,3518800
2010-02-11,4.92118,5.00631,4.87862,4.99009,3128400
2010-02-12,4.95158,4.99617,4.91105,4.98604,4227200
2010-02-16,4.71241,4.92118,4.68201,4.81376,10638400
2010-02-17,4.81376,4.86848,4.8097,4.83403,6526800
2010-02-18,4.85632,4.89686,4.82997,4.88875,5526400
2010-02-19,4.88267,4.97185,4.88065,4.96375,6420000
2010-02-22,4.98807,5.00428,4.95361,4.97185,3461200
2010-02-23,4.97591,5.00226,4.88673,4.90497,4019200
2010-02-24,4.93942,5.00023,4.90294,4.99617,4883200
2010-02-25,4.93942,5.0509,4.91713,5.03266,5222800
2010-02-26,5.04482,5.07319,5.00225,5.02455,12786800
2010-03-01,5.03671,5.08536,5.01036,5.08536,5391600
2010-03-02,5.09549,5.10968,5.0286,5.03874,4774000
2010-03-03,5.04077,5.1036,5.03874,5.0813,4698400
2010-03-04,5.0813,5.14008,5.06306,5.12387,4738000
2010-03-05,5.13197,5.19075,5.12387,5.17454,4439200
2010-03-08,5.18062,5.27791,5.17048,5.27183,4800400
2010-03-09,5.24953,5.31236,5.2171,5.3002,4453200
2010-03-10,5.29412,5.37925,5.29412,5.35493,5354800
2010-03-11,5.34885,5.40762,5.31236,5.40357,3591200
2010-03-12,5.40154,5.4056,5.36911,5.4056,2346000
2010-03-15,5.4056,5.43195,5.37925,5.42789,2142000
2010-03-16,5.44816,5.50491,5.43397,5.49478,2880800
2010-03-17,5.50086,5.58599,5.49681,5.57585,4385200
2010-03-18,5.54342,5.6549,5.54342,5.6326,8002800
2010-03-19,5.66098,5.72179,5.51099,5.70152,13705600
2010-03-22,5.66909,5.78462,5.66909,5.76638,5955200
2010-03-23,5.75016,5.80083,5.71165,5.79272,4946400
2010-03-24,5.79678,5.81097,5.72584,5.74003,4122400
2010-03-25,5.78664,5.79272,5.71165,5.71976,4846400
2010-03-26,5.75016,5.76435,5.64679,5.65895,8132000
2010-03-29,5.66706,5.75827,5.66098,5.74611,4583200
2010-03-30,5.738,5.77651,5.70354,5.75219,3043200
2010-03-31,5.74205,5.75624,5.67922,5.69544,4669600
2010-04-01,5.72381,5.75421,5.65085,5.67922,4126400
2010-04-05,5.68125,5.75016,5.65895,5.70354,3904800
2010-04-06,5.67517,5.72989,5.66706,5.70354,3052800
2010-04-07,5.61436,5.68733,5.61436,5.63868,3404400
2010-04-08,5.63868,5.64071,5.56369,5.62247,3552000
2010-04-09,5.6245,5.63058,5.59004,5.62247,2984000
2010-04-12,5.62855,5.66503,5.56166,5.59612,3438400
2010-04-13,5.59612,5.64679,5.57788,5.64274,3068800
2010-04-14,5.62855,5.66909,5.58396,5.66909,4993200
2010-04-15,5.67719,5.71773,5.66301,5.70557,6035200
2010-04-16,5.69341,5.72787,5.6326,5.65693,4998400
2010-04-19,5.64071,5.68125,5.61031,5.67314,2951200
2010-04-20,5.71976,5.73597,5.68125,5.72179,2556800
2010-04-21,5.70962,5.74611,5.69544,5.74205,2481200
2010-04-22,5.70962,5.81705,5.66706,5.81299,2905200
2010-04-23,5.82313,5.83529,5.75016,5.82313,2973200
2010-04-26,5.82718,5.82718,5.75016,5.75421,3082800
2010-04-27,5.75421,5.76638,5.56572,5.5718,6824000
2010-04-28,5.61234,5.6245,5.53937,5.57383,5051200
2010-04-29,5.58599,5.62855,5.51505,5.6022,5824800
2010-04-30,5.61639,5.63463,5.52315,5.52518,4546800
2010-05-03,5.53734,5.57991,5.50491,5.56977,3755200
2010-05-04,5.50491,5.50491,5.37722,5.44208,6440400
2010-05-05,5.44005,5.51099,5.40154,5.41168,3610400
2010-05-06,5.39546,5.43195,5.06914,5.29007,7633600
2010-05-07,5.25966,5.29412,5.15021,5.17656,7267600
2010-05-10,5.31236,5.45222,5.29615,5.45222,5788000
2010-05-11,5.40154,5.4664,5.27183,5.40357,5041600
2010-05-12,5.40154,5.52316,5.36506,5.50897,3953600
2010-05-13,5.48262,5.50694,5.43397,5.45222,3282000
2010-05-14,5.42789,5.44614,5.32047,5.36506,4664000
2010-05-17,5.37722,5.47856,5.31844,5.46032,4888000
2010-05-18,5.50491,5.53329,5.40154,5.42587,4934400
2010-05-19,5.44411,5.47856,5.37317,5.40357,4384800
2010-05-20,5.29817,5.34479,5.1644,5.17048,6549600
2010-05-21,5.1036,5.25561,5.1036,5.25561,7566000
2010-05-24,5.23331,5.24953,5.17454,5.19683,4037600
2010-05-25,5.10157,5.18872,5.04482,5.18264,5454800
2010-05-26,5.1948,5.29007,5.15629,5.18264,6056400
2010-05-27,5.26777,5.32047,5.22318,5.31844,4514400
2010-05-28,5.30628,5.3225,5.21102,5.2698,3973200
2010-06-01,5.23534,5.29007,5.14008,5.14211,5142400
2010-06-02,5.15427,5.24142,5.10968,5.24142,4168800
2010-06-03,5.23129,5.29412,5.20494,5.29007,3916000
2010-06-04,5.19481,5.19481,5.0509,5.06914,4966800
2010-06-07,5.06711,5.08738,4.98401,4.98807,7175600
2010-06-08,4.98604,5.03063,4.95564,5.0205,7013600
2010-06-09,5.04077,5.06914,4.97591,4.99009,5129600
2010-06-10,5.06306,5.14008,5.04887,5.13805,5450400
2010-06-11,5.0813,5.13197,5.0509,5.12792,4774400
2010-06-14,5.17048,5.20291,5.09549,5.10562,4632800
2010-06-15,5.14008,5.26777,5.10765,5.26574,3130800
2010-06-16,5.24345,5.2779,5.21913,5.25156,2778800
2010-06-17,5.25764,5.27385,5.20088,5.26777,2836800
2010-06-18,5.27791,5.3306,5.25358,5.29007,4105600
2010-06-21,5.35087,5.35087,5.20494,5.22521,3370800
2010-06-22,5.24548,5.27183,5.11779,5.12995,3987200
2010-06-23,5.12589,5.17049,5.07928,5.11373,3885600
2010-06-24,5.08738,5.12995,5.03874,5.05293,2931600
2010-06-25,5.0509,5.07725,4.99009,5.0509,5588400
2010-06-28,5.06914,5.10562,5.01239,5.0732,3300000
2010-06-29,5.01442,5.01442,4.86848,4.90902,6982000
2010-06-30,4.89889,4.95766,4.85024,4.85835,4570400
2010-07-01,4.85835,4.87051,4.78538,4.85835,5410400
2010-07-02,4.85835,4.87051,4.78538,4.79552,4094400
2010-07-06,4.83808,4.87659,4.76309,4.8097,5340800
2010-07-07,4.8543,4.95969,4.82592,4.95361,4907600
2010-07-08,4.9759,5.0205,4.9455,5.01036,4075600
2010-07-09,5.03266,5.07117,5.00023,5.06306,2283200
2010-07-12,5.04279,5.12995,5.02455,5.10765,5105200
2010-07-13,5.17251,5.28601,5.15224,5.25966,4266800
2010-07-14,5.21913,5.26777,5.19075,5.22318,3266400
2010-07-15,5.2171,5.2475,5.16035,5.22926,2660800
2010-07-16,5.22724,5.22926,5.09954,5.10765,5405600
2010-07-19,5.13197,5.20899,5.11373,5.20494,4352000
2010-07-20,5.12589,5.25966,5.09549,5.25561,5222400
2010-07-21,5.31034,5.436,5.09346,5.10765,6668800
2010-07-22,5.14211,5.26169,5.12792,5.24548,5856000
2010-07-23,5.2475,5.29007,5.20291,5.27183,4517600
2010-07-26,5.26574,5.33466,5.26574,5.31642,4120800
2010-07-27,5.35695,5.36101,5.29817,5.32858,2991200
2010-07-28,5.33263,5.3833,5.30628,5.36101,4528000
2010-07-29,5.39344,5.41168,5.25764,5.32047,4608800
2010-07-30,5.26169,5.37722,5.23332,5.36303,3854000
2010-08-02,5.42992,5.52518,5.40965,5.50288,4467200
2010-08-03,5.4664,5.48667,5.42181,5.4583,5170000
2010-08-04,5.46437,5.50289,5.41978,5.47046,5326400
2010-08-05,5.436,5.47046,5.42384,5.45627,4384000
2010-08-06,5.39952,5.44411,5.35087,5.44208,5101600
2010-08-09,5.47654,5.4968,5.44816,5.49072,3864000
2010-08-10,5.43803,5.51099,5.36506,5.4583,4466000
2010-08-11,5.37317,5.4056,5.26169,5.28399,4871600
2010-08-12,5.20899,5.30426,5.20899,5.26169,4644800
2010-08-13,5.22926,5.27385,5.21305,5.23737,4020000
2010-08-16,5.20899,5.29209,5.1867,5.26777,4199200
2010-08-17,5.32047,5.41978,5.2779,5.38127,4399600
2010-08-18,5.35898,5.45424,5.32452,5.40357,3808800
2010-08-19,5.37114,5.3833,5.24548,5.29209,4636400
2010-08-20,5.28601,5.32655,5.23129,5.30831,4495200
2010-08-23,5.34479,5.36911,5.24548,5.28804,4361200
2010-08-24,5.2475,5.27385,5.19481,5.24548,7270800
2010-08-25,5.2171,5.23737,5.17454,5.19683,10320400
2010-08-26,5.23332,5.24548,5.08333,5.10765,9714400
2010-08-27,5.12995,5.22318,5.06509,5.19075,7164800
2010-08-30,5.16643,5.20899,5.134,5.13603,5088400
2010-08-31,5.10765,5.20697,5.09954,5.16643,6200000
2010-09-01,5.22926,5.35695,5.20899,5.33263,6913200
2010-09-02,5.32452,5.41979,5.32452,5.4056,5370400
2010-09-03,5.45424,5.51505,5.45424,5.50491,5832000
2010-09-07,5.48667,5.50086,5.41168,5.41776,4597200
2010-09-08,5.41978,5.51099,5.4056,5.47046,4834800
2010-09-09,5.52113,5.53531,5.46032,5.49478,5205600
2010-09-10,5.51505,5.60423,5.47451,5.56166,4771200
2010-09-13,5.62652,5.66098,5.60423,5.62044,4903600
2010-09-14,5.59815,5.66909,5.58193,5.64071,2949600
2010-09-15,5.6022,5.65895,5.56572,5.64882,6589200
2010-09-16,5.64476,5.65895,5.56977,5.59409,5259600
2010-09-17,5.61031,5.64679,5.5718,5.61639,7409200
2010-09-20,5.64679,5.7076,5.61639,5.69949,5978400
2010-09-21,5.73192,5.73192,5.62855,5.65084,6700000
2010-09-22,5.6549,5.68936,5.4583,5.5495,9981600
2010-09-23,5.50289,5.62855,5.4664,5.50086,5881600
2010-09-24,5.53734,5.6326,5.52315,5.61841,5628800
2010-09-27,5.61234,5.61234,5.52518,5.53937,3916000
2010-09-28,5.56369,5.61233,5.47856,5.56977,5127200
2010-09-29,5.53734,5.59815,5.51099,5.56369,4320800
2010-09-30,5.60828,5.6853,5.52315,5.58396,4543600
2010-10-01,5.64071,5.66909,5.56774,5.56977,4569200
2010-10-04,5.55964,5.6022,5.48667,5.50491,7542000
2010-10-05,5.57991,5.62855,5.53532,5.6022,5957200
2010-10-06,5.59815,5.61233,5.55153,5.58599,3634800
2010-10-07,5.59004,5.61234,5.52315,5.55761,3226400
2010-10-08,5.55761,5.61234,5.50491,5.58396,4240000
2010-10-11,5.57788,5.61842,5.54748,5.59207,4041200
2010-10-12,5.59612,5.59612,5.47046,5.53937,5709200
2010-10-13,5.56166,5.61436,5.52924,5.60017,4032400
2010-10-14,5.60423,5.61639,5.49681,5.53329,4984400
2010-10-15,5.56572,5.59004,5.50491,5.54545,4310800
2010-10-18,5.53734,5.56977,5.52924,5.55964,3674400
2010-10-19,5.50694,5.55153,5.47248,5.5495,7432800
2010-10-20,5.56774,5.64274,5.54342,5.6326,4472400
2010-10-21,5.63666,5.69138,5.58801,5.64071,6885200
2010-10-22,5.64071,5.69746,5.63463,5.69138,3273200
2010-10-25,5.73192,5.77043,5.66098,5.6772,4804400
2010-10-26,5.58396,5.60626,5.53532,5.55356,4868400
2010-10-27,5.53329,5.53329,5.44411,5.52113,4355200
2010-10-28,5.55356,5.60423,5.5414,5.5718,5867200
2010-10-29,5.56369,5.59207,5.53734,5.56775,4504000
2010-11-01,5.57585,5.61234,5.5191,5.53937,3390400
2010-11-02,5.58599,5.66098,5.58193,5.6549,2816400
2010-11-03,5.65287,5.68733,5.59207,5.66098,3310400
2010-11-04,5.72179,5.738,5.68733,5.70963,3084400
2010-11-05,5.72381,5.74408,5.69544,5.7157,2184800
2010-11-08,5.68328,5.74813,5.67314,5.69544,4115200
2010-11-09,5.70369,5.73463,5.66656,5.6975,3956000
2010-11-10,5.70575,5.74907,5.67893,5.74907,2610400
2010-11-11,5.69544,5.714,5.65418,5.67893,2806400
2010-11-12,5.63355,5.67068,5.58198,5.61499,3750000
2010-11-15,5.64387,5.73876,5.62943,5.68925,3200400
2010-11-16,5.63355,5.66037,5.5366,5.55104,4076400
2010-11-17,5.54073,5.55517,5.47678,5.50772,4549600
2010-11-18,5.54691,5.65005,5.54072,5.59848,3212000
2010-11-19,5.59436,5.70369,5.5696,5.70162,4582800
2010-11-22,5.66862,5.714,5.56342,5.66243,3438000
2010-11-23,5.6088,5.62324,5.50772,5.52629,3618400
2010-11-24,5.55517,5.68719,5.5531,5.67893,3562400
2010-11-26,5.62943,5.66243,5.60055,5.6088,950800
2010-11-29,5.56135,5.59436,5.4644,5.58611,4070800
2010-11-30,5.51391,5.5366,5.46234,5.51803,4811200
2010-12-01,5.61499,5.75526,5.60674,5.75113,4856000
2010-12-02,5.74082,5.95741,5.69544,5.85427,6346800
2010-12-03,5.85633,5.88521,5.82333,5.87696,2989200
2010-12-06,5.87903,5.88109,5.7862,5.79651,3429200
2010-12-07,5.85221,5.88109,5.8027,5.82333,2983200
2010-12-08,5.84396,5.88728,5.81095,5.84602,2404800
2010-12-09,5.86046,5.89759,5.79033,5.82952,3926800
2010-12-10,5.83571,5.84602,5.77176,5.83364,3161600
2010-12-13,5.83571,5.83777,5.69544,5.74907,5229200
2010-12-14,5.77382,5.96154,5.75526,5.92028,6046400
2010-12-15,5.92441,5.98217,5.88315,5.97185,6134000
2010-12-16,5.97804,6.09562,5.96154,6.07293,7252000
2010-12-17,6.0523,6.13069,6.01311,6.02136,26960000
2010-12-20,6.07499,6.11831,5.99661,6.00898,6648800
2010-12-21,6.04611,6.06262,5.99661,6.02342,4067600
2010-12-22,6.02961,6.0523,5.82746,5.83777,7919600
2010-12-23,5.82127,5.84602,5.79032,5.84602,4612400
2010-12-27,5.8192,5.8192,5.74907,5.75732,5404400
2010-12-28,5.77176,5.79651,5.72638,5.79651,2677200
2010-12-29,5.80064,5.81508,5.76557,5.79445,2392400
2010-12-30,5.79858,5.83571,5.77589,5.78826,2991200
2010-12-31,5.77795,5.81508,5.76145,5.76763,3511600
2011-01-03,5.81714,5.81714,5.73875,5.77176,3992400
2011-01-04,5.79651,5.79651,5.68719,5.70781,5548400
2011-01-05,5.67687,5.87903,5.67687,5.77589,4559200
2011-01-06,5.77589,5.78001,5.71813,5.77589,5318800
2011-01-07,5.78001,5.79239,5.70369,5.75938,3110800
2011-01-10,5.74288,5.80064,5.72019,5.79033,4673600
2011-01-11,5.80889,5.84396,5.76351,5.79033,3330800
2011-01-12,5.83364,5.96773,5.82746,5.88109,4292800
2011-01-13,5.90378,5.90378,5.84808,5.88315,2255600
2011-01-14,5.85015,5.99455,5.84602,5.98217,3465200
2011-01-18,5.99454,6.02755,5.96567,5.99042,4425200
2011-01-19,5.97598,5.99661,5.86252,5.89347,3208400
2011-01-20,5.90584,6.07293,5.90378,6.04199,5946400
2011-01-21,6.06055,6.06055,5.9471,5.95948,2889600
2011-01-24,5.95741,5.97392,5.91822,5.92234,3281600
2011-01-25,5.90791,5.99248,5.89553,5.97804,2461200
2011-01-26,5.99042,6.05849,5.95535,6.03993,2576400
2011-01-27,6.07087,6.22764,6.04818,6.05024,9357600
2011-01-28,6.02342,6.02755,5.74494,5.75526,9002800
2011-01-31,5.76351,5.82952,5.74082,5.78826,10513600
2011-02-01,5.84808,5.92853,5.83777,5.88934,3909600
2011-02-02,5.86665,5.92028,5.82333,5.90584,4014000
2011-02-03,5.89966,5.9306,5.86046,5.92028,2509600
2011-02-04,5.92028,5.9636,5.85221,5.96154,2501600
2011-02-07,5.9471,6.06674,5.94297,6.05849,4993600
2011-02-08,6.07912,6.08737,6.00486,6.03786,1978000
2011-02-09,6.02136,6.0523,5.99661,6.02549,2348800
2011-02-10,5.99248,6.04405,5.97392,6.02136,2830400
2011-02-11,5.98836,6.04611,5.94297,6.04199,2308400
2011-02-14,6.04199,6.06055,5.99661,6.0358,1531600
2011-02-15,6.00486,6.02961,5.92028,5.9306,2782400
2011-02-16,5.95741,5.98217,5.90791,5.96979,3246800
2011-02-17,5.96566,6.10594,5.93472,6.04818,3055200
2011-02-18,6.0523,6.10181,6.01311,6.02136,4039600
2011-02-22,5.95948,5.96566,5.78414,5.80889,4962800
2011-02-23,5.81508,5.83571,5.67687,5.68512,3987200
2011-02-24,5.68925,5.72225,5.63974,5.70575,3918400
2011-02-25,5.74288,5.79651,5.71813,5.79651,2562400
2011-02-28,5.81508,5.81508,5.75319,5.80064,6482000
2011-03-01,5.80683,5.80683,5.71606,5.71606,4461600
2011-03-02,5.70988,5.78001,5.70162,5.76351,2364400
2011-03-03,5.78826,5.87696,5.75732,5.84396,3219200
2011-03-04,5.84396,5.86459,5.72638,5.77589,2842800
2011-03-07,5.81095,5.81095,5.69337,5.72638,4654800
2011-03-08,5.73875,5.8419,5.72225,5.81508,3307200
2011-03-09,5.79651,5.86252,5.76145,5.82333,1967200
2011-03-10,5.74701,5.79239,5.70575,5.70781,3902800
2011-03-11,5.69131,5.77588,5.66037,5.75732,2800400
2011-03-14,5.85015,5.9801,5.77589,5.81095,6230400
2011-03-15,5.64799,5.76557,5.64799,5.72638,4449600
2011-03-16,5.69131,5.72432,5.61499,5.63561,3987200
2011-03-17,5.71813,5.73669,5.63974,5.65624,1875600
2011-03-18,5.73463,5.76145,5.6975,5.73463,4540000
2011-03-21,5.80064,5.87078,5.7697,5.79239,5736400
2011-03-22,5.77382,5.85015,5.75732,5.80477,3508400
2011-03-23,6.17814,6.2524,6.01517,6.13688,13721600
2011-03-24,6.15132,6.18432,6.07912,6.09356,3946000
2011-03-25,6.09975,6.15132,6.07706,6.09562,3308800
2011-03-28,6.10181,6.15544,6.06674,6.07912,2857200
2011-03-29,6.06881,6.141,6.05643,6.13894,2544000
2011-03-30,6.15751,6.15751,6.11212,6.14719,2900000
2011-03-31,6.13069,6.28746,6.13069,6.24621,5067600
2011-04-01,6.28953,6.30809,6.25446,6.2854,4321200
2011-04-04,6.30603,6.30809,6.25446,6.30397,3227200
2011-04-05,6.28128,6.30397,6.24621,6.26271,2338000
2011-04-06,6.2854,6.39886,6.24827,6.39473,4776800
2011-04-07,6.37204,6.38648,6.29365,6.32459,2954400
2011-04-08,6.33903,6.3411,6.19257,6.22764,2281200
2011-04-11,6.22145,6.23383,6.16576,6.1967,3712800
2011-04-12,6.16576,6.19876,6.13894,6.16988,3158400
2011-04-13,6.18845,6.21939,6.15544,6.15957,4910400
2011-04-14,6.12244,6.24002,6.12244,6.21939,4970800
2011-04-15,6.22352,6.25858,6.18226,6.25858,4198800
2011-04-18,6.16988,6.19258,6.1245,6.15751,4086000
2011-04-19,6.18226,6.24002,6.14926,6.20701,4617200
2011-04-20,6.32047,6.38235,6.26477,6.35554,5978400
2011-04-21,6.38854,6.39061,6.32872,6.33078,3936800
2011-04-25,6.32872,6.47312,6.21733,6.27302,5098000
2011-04-26,6.27509,6.32666,6.26477,6.31634,4800000
2011-04-27,6.31428,6.40092,6.29159,6.38235,4240400
2011-04-28,6.36379,6.40092,6.33697,6.37823,4009200
2011-04-29,6.38854,6.43186,6.36998,6.40504,3964000
2011-05-02,6.44424,6.46693,6.34316,6.41123,3791200
2011-05-03,6.39267,6.44011,6.36998,6.40298,2939200
2011-05-04,6.41536,6.43805,6.31428,6.41123,4424800
2011-05-05,6.37617,6.39473,6.24415,6.27302,4811200
2011-05-06,6.36379,6.42774,6.31016,6.33285,7632400
2011-05-09,6.34729,6.42155,6.31841,6.40092,3666400
2011-05-10,6.40505,6.5907,6.40505,6.55976,6223200
2011-05-11,6.54944,6.5907,6.49581,6.55357,4400000
2011-05-12,6.50819,6.63814,6.47518,6.61133,4400000
2011-05-13,6.62783,6.66909,6.59276,6.6237,5420000
2011-05-16,6.60514,6.63195,6.55769,6.55769,4319200
2011-05-17,6.51437,6.57213,6.49787,6.55357,3600800
2011-05-18,6.56388,6.61133,6.52263,6.59689,3384800
2011-05-19,6.61133,6.67528,6.58451,6.64021,5482400
2011-05-20,6.62783,6.66083,6.54944,6.61339,4068400
2011-05-23,6.54532,6.61958,6.51644,6.53294,3790400
2011-05-24,6.54944,6.57626,6.52675,6.535,2398800
2011-05-25,6.51025,6.62164,6.48549,6.58657,5315600
2011-05-26,6.56182,6.68146,6.53707,6.64021,6151600
2011-05-27,6.66083,6.73097,6.65052,6.68559,4231200
2011-05-31,6.73922,6.78667,6.68146,6.77635,4220000
2011-06-01,6.74335,6.77429,6.57007,6.57626,6994000
2011-06-02,6.59482,6.63608,6.54532,6.59895,4731200
2011-06-03,6.52469,6.57213,6.46074,6.51437,6457200
2011-06-06,6.50612,6.55769,6.48756,6.49993,4598800
2011-06-07,6.53913,6.58245,6.51231,6.54119,4174000
2011-06-08,6.53294,6.55769,6.48137,6.49993,4812400
2011-06-09,6.52675,6.55563,6.48549,6.48962,4465600
2011-06-10,6.47312,6.51644,6.44424,6.45868,5155600
2011-06-13,6.47724,6.52469,6.45868,6.49993,4337600
2011-06-14,6.55976,6.68971,6.55151,6.65877,4815200
2011-06-15,6.59895,6.64639,6.57626,6.58451,5880400
2011-06-16,6.59689,6.65258,6.58451,6.60514,4964000
2011-06-17,6.66083,6.68559,6.59276,6.6072,6413200
2011-06-20,6.60926,6.68971,6.5907,6.66083,4513600
2011-06-21,6.70003,6.75572,6.6794,6.72066,4569600
2011-06-22,6.70622,6.72891,6.66702,6.67734,4292400
2011-06-23,6.59689,6.63195,6.52262,6.62576,6749200
2011-06-24,6.6402,6.64846,6.5185,6.54944,7018400
2011-06-27,6.535,6.6237,6.52881,6.59276,4739200
2011-06-28,6.60926,6.69384,6.58245,6.68146,4574800
2011-06-29,6.69797,6.73097,6.65052,6.6959,4525600
2011-06-30,6.72272,6.83205,6.71653,6.81348,5299200
2011-07-01,6.8238,7.0342,6.80317,7.00739,6432800
2011-07-05,6.96819,7.01976,6.89806,6.97644,4811600
2011-07-06,6.96407,6.98882,6.93519,6.95375,4065200
2011-07-07,7.03627,7.10434,7.02389,7.03833,5224000
2011-07-08,6.96819,6.99295,6.89393,6.92281,4246400
2011-07-11,6.82998,6.86299,6.75779,6.79285,4279200
2011-07-12,6.79492,6.83411,6.64846,6.6629,8021600
2011-07-13,6.68559,6.69178,6.48137,6.51231,10199200
2011-07-14,6.56182,6.56182,6.41949,6.44011,7901600
2011-07-15,6.47106,6.47106,6.36998,6.40711,4372400
2011-07-18,6.3906,6.39267,6.26065,6.27921,5413200
2011-07-19,6.29572,6.3906,6.28953,6.36585,5170000
2011-07-20,6.95994,7.03627,6.82792,6.99088,21876000
2011-07-21,6.99088,7.10228,6.93519,7.05071,10394400
2011-07-22,7.06515,7.1064,6.99914,7.0899,6928800
2011-07-25,7.03214,7.05071,6.96819,6.99707,7390000
2011-07-26,7.02389,7.12497,6.90218,6.93313,3687600
2011-07-27,6.90218,6.90425,6.72478,6.7351,6577200
2011-07-28,6.74747,6.78048,6.70209,6.73097,7764400
2011-07-29,6.65465,6.79904,6.62577,6.71447,6771200
2011-08-01,6.76604,6.76604,6.535,6.61339,5904800
2011-08-02,6.54119,6.60514,6.36585,6.37204,5824400
2011-08-03,6.37617,6.52881,6.30603,6.43599,11902000
2011-08-04,6.33904,6.37823,6.15338,6.15338,6640400
2011-08-05,6.22146,6.23589,5.96979,6.10181,6996800
2011-08-08,5.9801,6.04818,5.61911,5.62117,10291200
2011-08-09,5.70781,5.85427,5.48503,5.84808,9790800
2011-08-10,5.76764,5.82127,5.61911,5.61911,11778000
2011-08-11,5.63768,6.11213,5.63561,6.03993,10255200
2011-08-12,6.05437,6.21939,6.05437,6.15338,7778800
2011-08-15,6.18639,6.2854,6.16163,6.27302,7507200
2011-08-16,6.20083,6.31222,6.18226,6.2524,6049200
2011-08-17,6.29778,6.32253,6.17814,6.23796,7892400
2011-08-18,6.05643,6.06674,5.89759,5.95329,8553600
2011-08-19,5.86252,6.01517,5.84602,5.86665,4755200
2011-08-22,5.98835,6.01105,5.89965,5.95122,5322400
2011-08-23,5.95123,6.14926,5.92441,6.14926,4424400
2011-08-24,6.1245,6.29778,6.108,6.28746,3927600
2011-08-25,6.31634,6.32459,6.14719,6.18432,3586400
2011-08-26,6.12037,6.32253,6.09975,6.30809,3448400
2011-08-29,6.38029,6.50612,6.35554,6.49787,2894000
2011-08-30,6.45661,6.58038,6.4298,6.53706,2946000
2011-08-31,6.58451,6.67528,6.53913,6.59689,4215200
2011-09-01,6.59895,6.70003,6.502,6.50819,4196000
2011-09-02,6.38235,6.45662,6.31841,6.35966,2721600
2011-09-06,6.20701,6.28334,6.12863,6.24208,5276800
2011-09-07,6.3576,6.45662,6.33078,6.4463,3136400
2011-09-08,6.40504,6.4463,6.34935,6.35554,3748400
2011-09-09,6.30809,6.37204,6.15957,6.22145,4738800
2011-09-12,6.1245,6.30809,6.12244,6.29572,4187200
2011-09-13,6.29984,6.39886,6.26065,6.36379,3404800
2011-09-14,6.40298,6.51231,6.24415,6.43392,5702800
2011-09-15,6.50819,6.52469,6.40092,6.51644,3901200
2011-09-16,6.54325,6.55151,6.4628,6.49581,5727200
2011-09-19,6.40917,6.47931,6.33078,6.39679,4840800
2011-09-20,6.43186,6.53294,6.35966,6.35966,3246800
2011-09-21,6.35141,6.40092,6.10594,6.108,4992000
2011-09-22,5.92647,6.03374,5.83777,5.93472,6244400
2011-09-23,5.96773,6.09769,5.78001,5.85634,7240800
2011-09-26,5.91409,5.96979,5.7862,5.9636,3717600
2011-09-27,6.11006,6.11213,5.94297,5.97804,4782800
2011-09-28,6.00073,6.0028,5.8419,5.86046,4761200
2011-09-29,5.96773,6.0028,5.85015,5.95741,4658000
2011-09-30,5.8749,5.95535,5.79239,5.80477,5241600
2011-10-03,5.74494,5.87903,5.52835,5.54485,7567600
2011-10-04,5.48297,5.66862,5.44377,5.66037,8273600
2011-10-05,5.67275,5.81095,5.63149,5.79858,7499600
2011-10-06,5.76763,5.88109,5.72638,5.87903,4026000
2011-10-07,5.90791,5.9306,5.76557,5.81714,2362400
2011-10-10,5.91822,5.96979,5.85015,5.96979,3041600
2011-10-11,5.93472,5.98011,5.89553,5.94916,2914400
2011-10-12,5.98217,6.08531,5.95741,6.06468,6796400
2011-10-13,6.02755,6.0523,5.94297,6.02961,2531200
2011-10-14,6.10181,6.10387,6.03167,6.09768,3288400
2011-10-17,6.0523,6.08737,5.92647,5.94916,2563200
2011-10-18,5.95741,6.09562,5.86665,6.03374,3186000
2011-10-19,6.04405,6.11006,5.95741,5.98629,3814400
2011-10-20,5.9801,6.04405,5.92235,5.98423,3623600
2011-10-21,6.04405,6.08943,6.00486,6.07499,3887200
2011-10-24,6.08531,6.23177,6.06262,6.20495,3074400
2011-10-25,6.16576,6.18432,6.08531,6.09562,2934400
2011-10-26,6.17401,6.1802,6.03786,6.08737,5140000
2011-10-27,6.25858,6.36173,6.16576,6.30397,4954400
2011-10-28,6.2854,6.32047,6.22145,6.25652,2457200
2011-10-31,6.19876,6.26478,6.16576,6.16576,3752000
2011-11-01,5.99867,5.99867,5.83983,5.85427,5796000
2011-11-02,5.9306,6.02549,5.88934,5.99661,4576400
2011-11-03,6.05024,6.16988,5.97185,6.11625,14991200
2011-11-04,6.05024,6.11625,5.96773,6.11213,13461200
2011-11-07,6.11212,6.15751,6.02342,6.13894,13990000
2011-11-08,6.17466,6.28181,6.11793,6.2755,3696800
2011-11-09,6.12423,6.13684,6.00028,6.01919,4504800
2011-11-10,6.10112,6.10112,6.00238,6.0402,4284000
2011-11-11,6.11373,6.17886,6.10533,6.17046,2154000
2011-11-14,6.14104,6.18096,6.06331,6.10533,2840400
2011-11-15,6.07381,6.16835,5.98977,6.12213,2720000
2011-11-16,6.0528,6.17886,6.02549,6.13474,5967600
2011-11-17,6.12634,6.14945,6.07171,6.12634,7611600
2011-11-18,6.30282,6.42677,6.18726,6.23769,8224000
2011-11-21,6.06751,6.16625,6.03599,6.0423,4248000
2011-11-22,6.0486,6.06331,5.98137,5.98137,5220400
2011-11-23,5.92044,5.93935,5.84061,5.86582,3626400
2011-11-25,5.85111,5.89313,5.80279,5.80489,1324000
2011-11-28,5.97507,6.06121,5.96456,6.0486,4572400
2011-11-29,6.08852,6.14735,6.05701,6.10323,3690800
2011-11-30,6.24189,6.39316,6.23979,6.38685,7105600
2011-12-01,6.37425,6.44358,6.34694,6.34904,3541200
2011-12-02,6.41206,6.4856,6.36374,6.37635,3366800
2011-12-05,6.46038,6.4919,6.39315,6.42257,3059600
2011-12-06,6.43727,6.45828,6.39526,6.41206,2186400
2011-12-07,6.38685,6.40156,6.2818,6.29861,7455200
2011-12-08,6.23558,6.2692,6.15785,6.17046,6253200
2011-12-09,6.21668,6.41837,6.20827,6.39315,3635600
2011-12-12,6.33433,6.33433,6.2629,6.31542,1949200
2011-12-13,6.33223,6.40156,6.265,6.30281,3325200
2011-12-14,6.29861,6.33223,6.21247,6.22298,2783600
2011-12-15,6.38265,6.44988,6.34483,6.41206,4714800
2011-12-16,6.46459,6.56333,6.39105,6.41206,4883200
2011-12-19,6.47299,6.51501,6.40366,6.44358,4509200
2011-12-20,6.54442,6.65157,6.5003,6.57174,4905600
2011-12-21,7.09697,7.27345,6.87427,7.18311,20276800
2011-12-22,7.19571,7.41211,7.19571,7.35749,7582400
2011-12-23,7.35538,7.35748,7.25454,7.32807,2976800
2011-12-27,7.31757,7.35959,7.25244,7.33017,3096800
2011-12-28,7.33017,7.33017,7.23563,7.27765,3615600
2011-12-29,7.29236,7.40791,7.28816,7.3974,3230000
2011-12-30,7.3974,7.41421,7.30076,7.31337,2954000
2012-01-03,7.47304,7.50035,7.3932,7.4037,5172000
2012-01-04,7.41631,7.67683,7.4016,7.64741,9919200
2012-01-05,7.57808,7.68313,7.53396,7.67052,4950800
2012-01-06,7.67052,7.85751,7.64741,7.8386,7617600
2012-01-09,7.86381,7.87221,7.73145,7.8554,4714400
2012-01-10,7.89533,8.02979,7.85751,7.99197,6859600
2012-01-11,7.95835,7.96045,7.80919,7.89953,5104800
2012-01-12,7.92684,7.94995,7.8407,7.86171,4510400
2012-01-13,7.8344,7.88692,7.77347,7.85121,2533600
2012-01-17,7.96256,7.97096,7.87222,7.89113,3393200
2012-01-18,7.89322,7.95205,7.85961,7.94575,2659600
2012-01-19,7.97306,7.99617,7.94995,7.96676,2567200
2012-01-20,7.97726,7.98356,7.93314,7.96886,3587600
2012-01-23,7.95625,7.97306,7.81969,7.88482,2836000
2012-01-24,7.82179,7.91423,7.79448,7.87852,3317600
2012-01-25,7.8344,7.88692,7.78187,7.86801,7341600
2012-01-26,7.89743,7.92894,7.85751,7.89113,3368000
2012-01-27,7.85751,7.89953,7.79238,7.87221,2549200
2012-01-30,7.77347,7.79028,7.73145,7.77347,5236400
2012-01-31,7.8323,7.85331,7.78398,7.79238,10767600
2012-02-01,7.86171,7.97306,7.80709,7.94575,5452800
2012-02-02,7.92474,7.96046,7.8407,7.8428,3275200
2012-02-03,7.92684,8.01928,7.90583,7.96256,3362400
2012-02-06,7.93734,8.01928,7.91844,7.97096,2124800
2012-02-07,7.95836,8.03609,7.93314,8.00458,2667600
2012-02-08,7.98777,8.04239,7.96256,7.99407,1526800
2012-02-09,8.00668,8.04449,7.93314,7.98567,1798400
2012-02-10,7.91424,7.97726,7.85751,7.91634,1723600
2012-02-13,7.98566,8.0634,7.92894,8.0592,4252000
2012-02-14,8.04029,8.0634,7.98147,8.02769,1658400
2012-02-15,8.04239,8.04659,7.91844,7.97306,2112800
2012-02-16,7.97096,8.09702,7.94995,8.09492,2398800
2012-02-17,8.12853,8.16424,8.09491,8.10962,3916000
2012-02-21,8.19366,8.26509,8.11172,8.13063,6776400
2012-02-22,8.13693,8.16214,8.04869,8.08231,2340400
2012-02-23,8.08651,8.14114,8.04239,8.10122,1594800
2012-02-24,8.12433,8.16424,8.0739,8.15164,1804400
2012-02-27,8.0592,8.15584,8.02979,8.13483,1915600
2012-02-28,8.12853,8.12853,8.01088,8.06971,2045200
2012-02-29,8.0718,8.15794,8.03609,8.10122,3437200
2012-03-01,8.12223,8.20626,8.09912,8.15164,2220400
2012-03-02,8.14113,8.16214,7.98777,8.04869,2150000
2012-03-05,8.03609,8.03819,7.94785,8.03189,2022400
2012-03-06,7.94995,7.97936,7.8428,7.89113,2582000
2012-03-07,8.03189,8.0592,7.96466,7.98777,2933200
2012-03-08,8.16004,8.2819,8.13904,8.24828,4655600
2012-03-09,8.2987,8.31761,8.24198,8.25669,6161200
2012-03-12,8.27139,8.31761,8.23148,8.2819,1929600
2012-03-13,8.31972,8.39115,8.24618,8.38064,3504800
2012-03-14,8.40375,8.45628,8.25459,8.29871,3226000
2012-03-15,8.33022,8.41006,8.25249,8.39745,2688800
2012-03-16,8.40375,8.5172,8.40375,8.44787,5620800
2012-03-19,8.41006,8.47939,8.33442,8.46048,2272800
2012-03-20,8.41426,8.53191,8.40376,8.5025,4576800
2012-03-21,8.47518,8.49829,8.16635,8.23568,9614800
2012-03-22,8.16214,8.32182,8.13483,8.31971,3571600
2012-03-23,8.31972,8.31972,8.17895,8.2735,2465600
2012-03-26,8.33022,8.37854,8.31341,8.36383,2568800
2012-03-27,8.38275,8.38275,8.31762,8.35753,2344400
2012-03-28,8.34282,8.38484,8.20626,8.26719,2794000
2012-03-29,8.21467,8.22937,8.12433,8.19996,4170800
2012-03-30,8.24408,8.2861,8.16845,8.21887,3642800
2012-04-02,8.20626,8.2798,8.15794,8.25038,2781200
2012-04-03,8.23148,8.27349,8.18105,8.25038,3338000
2012-04-04,8.17055,8.21677,8.14744,8.18946,2791200
2012-04-05,8.13693,8.20837,8.13483,8.18526,1811600
2012-04-09,8.03609,8.08441,8.00247,8.055,2122800
2012-04-10,8.02978,8.0571,7.89952,7.93104,3359600
2012-04-11,8.01298,8.09071,8.00667,8.0592,2301200
2012-04-12,8.0655,8.14954,8.04869,8.12643,1774800
2012-04-13,8.09491,8.16004,8.0592,8.08441,1994400
2012-04-16,8.15584,8.16425,8.0613,8.08651,2147600
2012-04-17,8.15164,8.284,8.13273,8.23778,2955600
2012-04-18,8.19156,8.30711,8.17685,8.2777,2813600
2012-04-19,8.25879,8.31761,8.20626,8.23988,2930800
2012-04-20,8.26089,8.31551,8.23988,8.24618,4202400
2012-04-23,8.18316,8.18316,8.09702,8.14114,3006400
2012-04-24,8.15164,8.21047,8.11172,8.17685,2821600
2012-04-25,8.21887,8.2777,8.16845,8.18946,2811200
2012-04-26,8.16214,8.24618,8.13483,8.22517,3669200
2012-04-27,8.24618,8.31131,8.19786,8.2819,2573600
2012-04-30,8.24409,8.25879,8.17475,8.22938,2490000
2012-05-01,8.23358,8.37224,8.21047,8.2693,2317200
2012-05-02,8.21047,8.30081,8.21047,8.29241,1432400
2012-05-03,8.2756,8.33232,8.25879,8.26509,1838800
2012-05-04,8.20837,8.26299,8.20837,8.23358,2148800
2012-05-07,8.20416,8.32812,8.19786,8.25879,2433600
2012-05-08,8.22727,8.2924,8.16424,8.25669,2926800
2012-05-09,8.17475,8.20837,8.08441,8.10122,4672800
2012-05-10,8.10962,8.17895,8.02558,8.09911,3272000
2012-05-11,8.0634,8.18105,8.04449,8.13273,2103600
2012-05-14,8.0571,8.12223,8.02138,8.06971,2079600
2012-05-15,8.07811,8.08441,7.98777,8.04029,2506800
2012-05-16,8.09701,8.09701,7.94575,7.95205,2315600
2012-05-17,7.78608,7.88693,7.71045,7.73146,4373200
2012-05-18,7.75036,7.76507,7.65372,7.66843,2678000
2012-05-21,7.69154,7.826,7.67893,7.81549,1535200
2012-05-22,7.8239,7.93735,7.81339,7.85961,2038800
2012-05-23,7.82389,7.95415,7.76717,7.93314,1876000
2012-05-24,7.95836,7.96466,7.86592,7.92474,1344000
2012-05-25,7.94365,7.96256,7.82599,7.8386,2658800
2012-05-29,7.89743,7.92474,7.847,7.90163,3153200
2012-05-30,7.8428,7.85751,7.76717,7.79238,2243600
2012-05-31,7.78818,7.79238,7.64742,7.75246,3652000
2012-06-01,7.6159,7.68103,7.49825,7.51296,3433200
2012-06-04,7.51926,7.54237,7.43942,7.52346,2497200
2012-06-05,7.51085,7.55497,7.47724,7.48354,3598800
2012-06-06,7.55287,7.59489,7.53186,7.56338,5569200
2012-06-07,7.65582,7.72725,7.57599,7.59279,4020000
2012-06-08,7.59069,7.65582,7.56548,7.64321,2075200
2012-06-11,7.71045,7.72095,7.58229,7.59279,2663200
2012-06-12,7.62431,7.70624,7.56338,7.70624,2464000
2012-06-13,7.68523,7.75246,7.6201,7.64951,2188800
2012-06-14,7.67053,7.74616,7.65162,7.70624,2396000
2012-06-15,7.71254,7.8512,7.71044,7.82179,3160800
2012-06-18,7.78187,7.86591,7.78187,7.81969,1837600
2012-06-19,7.847,7.94575,7.8407,7.90373,1506800
2012-06-20,7.90373,7.91844,7.79868,7.85121,1143200
2012-06-21,7.86171,7.87011,7.67893,7.69994,1378000
2012-06-22,7.74406,7.75036,7.66423,7.73146,5676800
2012-06-25,7.6201,7.71464,7.53186,7.59489,2155200
2012-06-26,7.59699,7.62851,7.52346,7.6138,2130800
2012-06-27,7.64322,7.826,7.63271,7.78188,2333200
2012-06-28,7.73775,7.86801,7.68733,7.85751,2584800
2012-06-29,7.98357,8.14744,7.96886,8.11172,3662000
2012-07-02,8.16214,8.26509,8.11592,8.25879,2956000
2012-07-03,8.23568,8.30291,8.23358,8.2819,1097200
2012-07-05,8.25879,8.35123,8.23358,8.30501,1544000
2012-07-06,8.21467,8.24198,8.13483,8.20627,1327600
2012-07-09,8.17475,8.23148,8.16215,8.22938,900800
2012-07-10,8.2882,8.36384,8.22517,8.25038,3201200
2012-07-11,8.25459,8.31131,8.20416,8.25248,1773200
2012-07-12,8.23148,8.23988,8.08441,8.19156,2548800
2012-07-13,8.21047,8.43737,8.19786,8.37644,3384400
2012-07-16,8.42686,8.44577,8.26299,8.2798,3504800
2012-07-17,7.93944,8.03609,7.76717,7.98356,14428800
2012-07-18,7.93524,8.02768,7.88902,7.96466,4644000
2012-07-19,7.99827,8.02138,7.95625,7.99197,3367200
2012-07-20,7.95625,7.97726,7.8344,7.91213,20090800
2012-07-23,7.78188,7.91423,7.77137,7.89323,2492400
2012-07-24,7.88482,7.90793,7.79658,7.88272,3170000
2012-07-25,7.91213,7.99617,7.88692,7.89743,3662000
2012-07-26,7.98987,8.10752,7.97726,8.09492,3412800
2012-07-27,8.12433,8.30081,8.12433,8.25459,3050000
2012-07-30,8.2819,8.31971,8.25038,8.2903,2670400
2012-07-31,8.2819,8.38275,8.26509,8.32602,3462000
2012-08-01,8.34493,8.42476,8.2756,8.32812,3496400
2012-08-02,8.2966,8.40375,8.22727,8.38694,3286800
2012-08-03,8.5046,8.61385,8.47098,8.54031,3135600
2012-08-06,8.58654,8.64326,8.52771,8.56553,3101200
2012-08-07,8.62015,8.62015,8.5088,8.54242,1739200
2012-08-08,8.5214,8.63065,8.5025,8.58023,1226000
2012-08-09,8.56132,8.59493,8.5214,8.55922,1007200
2012-08-10,8.52771,8.60334,8.47518,8.59914,1425200
2012-08-13,8.57393,8.61175,8.5088,8.56973,1640800
2012-08-14,8.60544,8.62015,8.54031,8.55922,2182000
2012-08-15,8.53822,8.69999,8.51931,8.69579,2254400
2012-08-16,8.71889,8.74621,8.64116,8.65587,2801600
2012-08-17,8.66217,8.71259,8.60964,8.69998,2315200
2012-08-20,8.69789,8.71049,8.59914,8.68948,2145200
2012-08-21,8.7315,8.7483,8.61805,8.62855,1214400
2012-08-22,8.60964,8.63906,8.54031,8.58443,1281200
2012-08-23,8.55082,8.59074,8.513,8.52771,1438400
2012-08-24,8.5004,8.59284,8.48569,8.58443,1952000
2012-08-27,8.62225,8.63485,8.54661,8.58023,1816800
2012-08-28,8.56342,8.58023,8.4983,8.5004,3016400
2012-08-29,8.48148,8.56552,8.48148,8.53191,1583600
2012-08-30,8.47518,8.49199,8.43527,8.46678,998000
2012-08-31,8.5088,8.52561,8.44787,8.49199,1124000
2012-09-04,8.46678,8.5109,8.40375,8.46048,2476000
2012-09-05,8.47098,8.5172,8.45628,8.5109,1133200
2012-09-06,8.56133,8.7189,8.46678,8.71679,1732000
2012-09-07,8.75041,8.76301,8.66637,8.69998,1334000
2012-09-10,8.67477,8.7378,8.63906,8.66637,1653200
2012-09-11,8.66007,8.71889,8.62855,8.68528,1548000
2012-09-12,8.72099,8.79663,8.68108,8.79453,1695200
2012-09-13,8.80083,8.93949,8.75671,8.87016,1743200
2012-09-14,8.86596,8.86596,8.7441,8.76511,3066000
2012-09-17,8.74621,8.83024,8.56133,8.66007,4596400
2012-09-18,8.66007,8.7252,8.55712,8.71469,3736000
2012-09-19,8.69579,8.70629,8.62646,8.66847,2266000
2012-09-20,8.66007,8.71679,8.57813,8.65376,2507600
2012-09-21,8.69158,8.7462,8.50039,8.54031,5192000
2012-09-24,8.52351,8.69788,8.52141,8.68528,2476800
2012-09-25,8.69999,8.81554,8.63486,8.69368,3148000
2012-09-26,8.70839,8.74621,8.64116,8.64746,2055600
2012-09-27,8.66637,8.77352,8.64536,8.7378,1270800
2012-09-28,8.67057,8.75881,8.63906,8.70419,3073600
2012-10-01,8.76932,8.85125,8.72309,8.75881,2295200
2012-10-02,8.78823,8.86176,8.75881,8.84915,1758800
2012-10-03,8.86596,8.90798,8.82394,8.86596,2252000
2012-10-04,8.91848,8.94369,8.82604,8.87646,1814800
2012-10-05,8.89537,8.92058,8.82814,8.86596,1805600
2012-10-08,8.84075,8.90798,8.77142,8.85966,816000
2012-10-09,8.81344,8.97941,8.79033,8.93109,3643600
2012-10-10,8.91008,8.93319,8.81344,8.81764,1818400
2012-10-11,8.88487,8.92479,8.76091,8.78192,2884800
2012-10-12,8.81554,8.84705,8.75881,8.79453,2374000
2012-10-15,8.81344,8.84915,8.78822,8.82394,2413200
2012-10-16,8.92899,8.94579,8.82604,8.85966,2660400
2012-10-17,8.88697,8.92689,8.85125,8.89747,2307600
2012-10-18,8.91008,8.93319,8.89117,8.90377,1850000
2012-10-19,8.88697,8.90798,8.79663,8.79873,3946800
2012-10-22,8.80713,8.84075,8.71049,8.82394,1922800
2012-10-23,8.76302,8.76302,8.64116,8.71679,2645600
2012-10-24,8.7357,8.81974,8.66217,8.66847,2185200
2012-10-25,8.72099,8.77562,8.62015,8.69158,7175200
2012-10-26,8.71889,8.75251,8.67057,8.71259,7804000
2012-10-31,8.77352,8.83234,8.68528,8.78402,2274000
2012-11-01,8.97731,9.58028,8.77982,8.90798,3288000
2012-11-02,8.97311,8.97311,8.75881,8.78192,5158000
2012-11-05,8.7294,8.7399,8.64536,8.7294,2007200
2012-11-06,8.75881,8.86386,8.75881,8.78192,2986400
2012-11-07,8.71791,8.80326,8.6283,8.79046,3448400
2012-11-08,8.74992,8.75418,8.69017,8.70938,1678800
2012-11-09,8.66884,8.72858,8.64964,8.67311,1510400
2012-11-12,8.70085,8.70085,8.59417,8.65177,1081200
2012-11-13,8.62403,8.72005,8.6155,8.6475,1057600
2012-11-14,8.66884,8.73285,8.47895,8.50669,1587200
2012-11-15,8.50669,8.53656,8.368,8.40641,2462800
2012-11-16,8.42988,8.50882,8.38294,8.46402,1694800
2012-11-19,8.53656,8.56216,8.44695,8.54936,2531600
2012-11-20,8.54082,8.67097,8.50668,8.6539,2182000
2012-11-21,8.65177,8.68164,8.63257,8.6347,1350800
2012-11-23,8.67311,8.72005,8.6539,8.71791,520800
2012-11-26,8.68164,8.73071,8.67097,8.69444,1473600
2012-11-27,8.68804,8.73071,8.64964,8.65604,1423200
2012-11-28,8.6283,8.70724,8.58989,8.68164,1966400
2012-11-29,8.69871,8.78619,8.65391,8.74992,2664800
2012-11-30,8.76485,8.85233,8.75205,8.84166,2412400
2012-12-03,8.88434,8.89074,8.78832,8.84166,1377600
2012-12-04,8.86087,8.93768,8.83526,8.92914,1339200
2012-12-05,8.93981,8.98888,8.84806,8.95475,2266800
2012-12-06,8.95474,9.03155,8.92914,9.02729,1809600
2012-12-07,9.06142,9.07209,8.95048,8.96114,2082800
2012-12-10,8.94408,8.98888,8.94408,8.96968,1848800
2012-12-11,8.99315,9.01022,8.92914,8.92914,3106800
2012-12-12,8.96754,9.01875,8.9078,8.9142,2240800
2012-12-13,8.9078,8.96114,8.86726,8.8822,1132800
2012-12-14,8.86727,8.89927,8.85447,8.87154,1266400
2012-12-17,8.90994,8.99955,8.895,8.99315,1267600
2012-12-18,8.98461,9.1169,8.95901,9.08703,4334000
2012-12-19,9.08916,9.14037,9.04862,9.05716,2163200
2012-12-20,9.07849,9.13183,8.98461,9.1297,2805200
2012-12-21,9.1297,9.1297,8.68591,8.88433,7780800
2012-12-24,8.86726,8.93341,8.79686,8.84593,1443200
2012-12-26,8.83953,8.8438,8.75418,8.77765,2290400
2012-12-27,8.75419,8.77126,8.58137,8.68378,3161600
2012-12-28,8.64964,8.70298,8.59417,8.60697,2435200
2012-12-31,8.57496,8.72645,8.56216,8.72645,1983600
2013-01-02,8.85019,8.96968,8.79899,8.95901,3204800
2013-01-03,8.96328,9.07636,8.95048,8.99955,2217600
2013-01-04,9.00168,9.13183,8.99528,9.08703,1999200
2013-01-07,9.02515,9.09343,8.9206,9.06782,1871600
2013-01-08,9.04009,9.13397,9.01022,9.09343,2526800
2013-01-09,9.1169,9.15104,9.05289,9.11476,1364000
2013-01-10,9.14037,9.14037,9.00382,9.10836,1621200
2013-01-11,9.09983,9.16597,9.02515,9.0849,1504400
2013-01-14,9.09129,9.09129,8.99528,9.01448,1528800
2013-01-15,8.96968,9.03369,8.93127,9.02942,2189200
2013-01-16,8.99955,9.05929,8.8822,8.94407,2006000
2013-01-17,8.93554,9.07636,8.92274,9.00595,2618000
2013-01-18,9.04435,9.06996,8.99955,9.04862,5721200
2013-01-22,9.02942,9.17237,8.96754,9.11476,2727200
2013-01-23,9.09983,9.13397,9.03582,9.06143,1996000
2013-01-24,9.06569,9.1233,9.01662,9.04436,1940800
2013-01-25,9.06569,9.08703,8.96328,9.06996,1769200
2013-01-28,9.0913,9.1041,9.01235,9.05076,1815600
2013-01-29,9.02942,9.11903,8.99315,9.10836,1789200
2013-01-30,9.11903,9.11903,9.02302,9.05076,1384400
2013-01-31,9.04862,9.07636,8.95688,9.01662,3496400
2013-02-01,9.08916,9.1105,8.98675,9.05716,2205600
2013-02-04,9.01021,9.05075,8.95687,8.97608,2910000
2013-02-05,9.04436,9.13397,9.00168,9.11263,2564400
2013-02-06,9.09129,9.09556,9.02728,9.06782,2058000
2013-02-07,9.05289,9.15957,9.02515,9.15957,2842800
2013-02-08,9.17237,9.18517,9.11903,9.14677,2270400
2013-02-11,9.16597,9.32813,9.1361,9.22358,3133200
2013-02-12,9.24278,9.30465,9.18944,9.27905,2961600
2013-02-13,9.28972,9.31959,9.23638,9.25558,1308400
2013-02-14,9.23424,9.32172,9.20224,9.31745,2648400
2013-02-15,9.30892,9.6631,9.30892,9.52868,9434800
2013-02-19,9.48601,9.55215,9.44761,9.50735,3501600
2013-02-20,9.51375,9.54149,9.41774,9.43267,3640000
2013-02-21,9.41133,9.42627,9.31746,9.34306,1980800
2013-02-22,9.3708,9.43907,9.36653,9.43694,1264400
2013-02-25,9.46894,9.49028,9.18731,9.19158,1630400
2013-02-26,9.21931,9.25771,9.13823,9.25131,1808000
2013-02-27,9.23212,9.37933,9.23212,9.35373,980400
2013-02-28,9.33026,9.40067,9.33026,9.36653,2564000
2013-03-01,9.33452,9.36013,9.26411,9.34519,1917200
2013-03-04,9.30892,9.33879,9.20864,9.32172,1743200
2013-03-05,9.36866,9.41987,9.35586,9.37719,1320000
2013-03-06,9.38787,9.40493,9.31106,9.34306,1493600
2013-03-07,9.33666,9.40494,9.33453,9.39427,1074400
2013-03-08,9.42627,9.49668,9.34306,9.46254,1189200
2013-03-11,9.45401,9.49241,9.44334,9.47534,1034800
2013-03-12,9.48601,9.49668,9.39853,9.42414,1420400
2013-03-13,9.44334,9.52015,9.40707,9.50948,1178800
2013-03-14,9.53508,9.54575,9.3772,9.49241,1393600
2013-03-15,9.45401,9.55642,9.44121,9.54149,3858400
2013-03-18,9.50735,9.74204,9.44547,9.70364,3386000
2013-03-19,9.74204,9.80179,9.6631,9.79965,4841600
2013-03-20,9.45187,9.51161,8.98461,9.36226,11508800
2013-03-21,9.29826,9.31319,9.16384,9.21504,3005200
2013-03-22,9.19371,9.26412,9.18091,9.25772,1924000
2013-03-25,9.26625,9.26625,9.1553,9.18944,2751200
2013-03-26,9.23852,9.26199,9.19584,9.25345,1626800
2013-03-27,9.23211,9.31959,9.21291,9.28759,1579200
2013-03-28,9.27692,9.4348,9.27265,9.4156,2155200
2013-04-01,9.4092,9.4348,9.30252,9.37506,1501600
2013-04-02,9.4028,9.46468,9.38787,9.40067,1432800
2013-04-03,9.03582,9.4476,9.03582,9.39213,1782400
2013-04-04,9.42414,9.44974,9.34093,9.40067,1559200
2013-04-05,9.30252,9.37293,9.27905,9.358,1746800
2013-04-08,9.3772,9.44334,9.36653,9.44121,1188000
2013-04-09,9.46254,9.59696,9.4092,9.45187,1265200
2013-04-10,9.46468,9.64603,9.41987,9.6439,2062400
2013-04-11,9.6695,9.76551,9.60549,9.72498,2542000
2013-04-12,9.71644,9.80179,9.69511,9.78898,2510400
2013-04-15,9.73778,9.75485,9.44334,9.47108,2175600
2013-04-16,9.49668,9.6247,9.48815,9.6119,1705200
2013-04-17,9.54575,9.59269,9.35373,9.42627,2300800
2013-04-18,9.46041,9.47535,9.34733,9.43694,2148800
2013-04-19,9.46041,9.57349,9.41347,9.55856,1749200
2013-04-22,9.56069,9.62896,9.46041,9.55215,1326000
2013-04-23,9.59909,9.60123,9.47961,9.52655,1730000
2013-04-24,9.54789,9.57989,9.46254,9.57562,1351200
2013-04-25,9.64176,9.67804,9.57776,9.59696,1411200
2013-04-26,9.60336,9.61403,9.48174,9.52442,1626000
2013-04-29,9.56709,9.6183,9.49668,9.55642,1057200
2013-04-30,9.55002,9.60336,9.50308,9.57349,1754000
2013-05-01,9.54362,9.59483,9.42414,9.4348,1823600
2013-05-02,9.45614,9.53295,9.43694,9.52442,1711200
2013-05-03,9.59056,9.72711,9.58416,9.65457,1319200
2013-05-06,9.64176,9.6695,9.57562,9.62469,1457600
2013-05-07,9.62256,9.6823,9.59909,9.66097,1885200
2013-05-08,9.6311,9.73138,9.61616,9.65243,2055200
2013-05-09,9.6439,9.6631,9.54789,9.57349,1819200
2013-05-10,9.60122,9.63749,9.57562,9.62469,999600
2013-05-13,9.59483,9.62043,9.55216,9.57776,1222000
2013-05-14,9.59269,9.63323,9.58416,9.6311,1598000
2013-05-15,9.60976,9.74418,9.46894,9.72498,1722000
2013-05-16,9.69937,9.78471,9.63963,9.6887,1289200
2013-05-17,9.69297,9.80819,9.66737,9.79112,2114400
2013-05-20,9.78898,9.79965,9.74631,9.79325,996400
2013-05-21,9.77192,9.84019,9.76765,9.79112,1174000
2013-05-22,9.79752,9.87219,9.6631,9.6759,1408800
2013-05-23,9.65244,9.68657,9.55002,9.56709,1680800
2013-05-24,9.48601,9.59696,9.46894,9.59696,1095600
2013-05-28,9.7015,9.75271,9.59269,9.6375,1534000
2013-05-29,9.56922,9.6183,9.46041,9.54149,1258000
2013-05-30,9.60976,9.81032,9.56282,9.70791,2596400
2013-05-31,9.68017,9.78685,9.65883,9.73991,3480800
2013-06-03,9.75271,9.77618,9.6823,9.75271,1563200
2013-06-04,9.73564,9.79112,9.62256,9.68657,1696400
2013-06-05,9.6439,9.66097,9.52868,9.56922,1949600
2013-06-06,9.55215,9.6503,9.50521,9.6503,1592400
2013-06-07,9.69084,9.78685,9.64603,9.77191,1547600
2013-06-10,9.80392,9.82525,9.72071,9.77405,1061200
2013-06-11,9.66737,9.76125,9.61616,9.68657,1161600
2013-06-12,9.74204,9.77191,9.61403,9.61616,812000
2013-06-13,9.60549,9.81459,9.57349,9.79752,1784400
2013-06-14,9.79539,9.81246,9.69511,9.72284,1086400
2013-06-17,9.76125,9.82312,9.72711,9.79325,888000
2013-06-18,9.81459,9.91273,9.76765,9.86153,1928400
2013-06-19,9.87006,9.92127,9.70791,9.73778,1636400
2013-06-20,9.6375,9.6823,9.55855,9.64816,1979200
2013-06-21,9.70364,9.72498,9.57349,9.62896,3388000
2013-06-24,9.56069,9.70364,9.52655,9.62469,1680400
2013-06-25,9.70791,9.76551,9.62043,9.6887,2056400
2013-06-26,9.72711,9.77832,9.64603,9.6951,1332400
2013-06-27,9.70151,9.82526,9.70151,9.80179,1356000
2013-06-28,9.74844,9.79538,9.71644,9.71644,3569200
2013-07-01,9.74204,9.85726,9.73351,9.74418,1687200
2013-07-02,9.75058,9.79539,9.70791,9.73778,2152000
2013-07-03,9.75698,9.81459,9.69937,9.78685,1249600
2013-07-05,9.88926,9.92127,9.78685,9.9106,1514800
2013-07-08,9.98101,10.0279,9.92553,9.98527,1546400
2013-07-09,10.0344,10.1133,9.97888,10.0749,1402800
2013-07-10,10.0301,10.0877,10.013,10.0813,1345600
2013-07-11,10.1666,10.2093,10.1368,10.1709,1012800
2013-07-12,10.1922,10.2477,10.1602,10.2413,1418800
2013-07-15,10.2306,10.2776,10.188,10.2157,2404800
2013-07-16,9.80392,10.1069,9.75271,10.0408,5586800
2013-07-17,10.124,10.1794,9.98101,10.0749,2187600
2013-07-18,10.0792,10.2093,10.0343,10.1752,2186400
2013-07-19,10.1709,10.252,10.1026,10.1496,2870800
2013-07-22,10.1368,10.2712,10.1282,10.205,1373600
2013-07-23,10.2093,10.2285,10.1453,10.205,1995600
2013-07-24,10.2221,10.2413,10.1026,10.1453,1555600
2013-07-25,10.1154,10.1453,10.0408,10.0856,2060400
2013-07-26,10.0514,10.0898,9.99381,10.0898,1166800
2013-07-29,10.0535,10.0856,9.99381,10.0087,1090000
2013-07-30,10.06,10.1282,10.045,10.0792,1678000
2013-07-31,10.1602,10.2392,10.1154,10.1368,1979200
2013-08-01,10.1858,10.348,10.1858,10.2605,3347200
2013-08-02,10.2349,10.2882,10.173,10.2456,2276000
2013-08-05,10.22,10.3117,10.1944,10.269,1930800
2013-08-06,10.2498,10.301,10.2349,10.2434,1436400
2013-08-07,10.2285,10.3971,10.2242,10.3843,2608000
2013-08-08,10.4312,10.4824,10.3459,10.4333,2357200
2013-08-09,10.4035,10.5016,10.4035,10.4717,1688400
2013-08-12,10.4312,10.5144,10.4205,10.4739,1682400
2013-08-13,10.5037,10.54,10.4568,10.5165,1840400
2013-08-14,10.4803,10.5443,10.4632,10.5165,1521600
2013-08-15,10.4589,10.4803,10.3779,10.4461,2385600
2013-08-16,10.4333,10.4504,10.3693,10.4013,2134400
2013-08-19,10.3843,10.4163,10.2669,10.2669,2375600
2013-08-20,10.269,10.3821,10.2157,10.3501,1251200
2013-08-21,10.3309,10.3864,10.2754,10.3096,1862800
2013-08-22,10.2989,10.4248,10.2861,10.38,892000
2013-08-23,10.3821,10.4077,10.3331,10.3949,1021200
2013-08-26,10.4291,10.4781,10.3757,10.3864,1081200
2013-08-27,10.2989,10.3715,10.2114,10.2114,1798800
2013-08-28,10.2306,10.2968,10.2114,10.2413,1576800
2013-08-29,10.2157,10.3352,10.1837,10.2818,1117200
2013-08-30,10.3053,10.3053,10.1858,10.1901,1826800
2013-09-03,10.2989,10.3331,10.1645,10.2392,1788800
2013-09-04,10.22,10.3181,10.205,10.2648,1932000
2013-09-05,10.2541,10.3416,10.2328,10.3074,1207200
2013-09-06,10.3011,10.4397,10.2328,10.3715,1917200
2013-09-09,10.38,10.5571,10.3693,10.5443,1336400
2013-09-10,10.5763,10.6659,10.5699,10.6147,2044800
2013-09-11,10.604,10.6574,10.5976,10.619,1479200
2013-09-12,10.5934,10.6446,10.5763,10.604,1589200
2013-09-13,10.6147,10.6467,10.5699,10.604,1170400
2013-09-16,10.7662,10.8387,10.6574,10.7064,1525600
2013-09-17,10.747,10.7875,10.7064,10.7726,859200
2013-09-18,10.7192,10.9283,10.6958,10.8878,1592800
2013-09-19,10.9497,10.9582,10.7918,10.8579,2808400
2013-09-20,11.1033,11.1396,10.7278,10.9369,8930800
2013-09-23,10.9134,10.9369,10.796,10.8963,2190000
2013-09-24,10.9411,10.9731,10.875,10.8942,1821600
2013-09-25,10.9134,10.9603,10.8216,10.8259,1765200
2013-09-26,10.9902,10.9902,10.8088,10.8558,1659200
2013-09-27,10.7811,10.9561,10.7363,10.9283,2048400
2013-09-30,10.8707,10.9518,10.8067,10.9241,1915200
2013-10-01,10.9561,11.0649,10.9219,11.0393,2216400
2013-10-02,10.9411,10.9433,10.843,10.8899,1742800
2013-10-03,10.8387,10.8729,10.6894,10.7491,1623200
2013-10-04,10.7171,10.8259,10.6787,10.7854,1436800
2013-10-07,10.6766,10.7662,10.6595,10.6595,1939600
2013-10-08,10.6744,10.7811,10.6467,10.6552,2368800
2013-10-09,10.6659,10.6958,10.619,10.668,3070000
2013-10-10,10.7363,10.8622,10.683,10.8579,1820800
2013-10-11,10.7939,11.0478,10.7918,11.0414,2216800
2013-10-14,10.9923,11.0777,10.9369,11.0691,1733600
2013-10-15,11.0222,11.0606,10.9582,11.0179,2758800
2013-10-16,11.0414,11.1865,11.0137,11.1737,2099600
2013-10-17,11.1353,11.3145,11.1076,11.3038,2394800
2013-10-18,11.306,11.4105,11.2782,11.3401,4071200
2013-10-21,11.3679,11.402,11.3273,11.3828,1583200
2013-10-22,11.3828,11.4361,11.3358,11.3913,1406400
2013-10-23,11.3508,11.4191,11.3166,11.4063,1710400
2013-10-24,11.4361,11.4489,11.3657,11.4404,5788000
2013-10-25,11.4724,11.5044,11.3764,11.5023,6377200
2013-10-28,11.4745,11.6025,11.4745,11.5023,6978800
2013-10-29,11.5151,11.5684,11.4745,11.5172,1083600
2013-10-30,11.4788,11.5321,11.402,11.434,1547600
2013-10-31,11.4361,11.5001,11.3785,11.4724,1314800
2013-11-01,11.5215,11.5257,11.4169,11.5193,1438400
2013-11-04,11.5492,11.5855,11.5001,11.5535,1416000
2013-11-05,11.4873,11.5513,11.4383,11.5492,1849200
2013-11-06,11.5557,11.586,11.4886,11.5773,1672400
2013-11-07,11.6553,11.6596,11.3977,11.4215,1950800
2013-11-08,11.402,11.573,11.3133,11.5708,1515200
2013-11-11,11.5341,11.6033,11.4756,11.56,1189200
2013-11-12,11.5124,11.586,11.4994,11.5817,1608000
2013-11-13,11.3263,11.6423,11.3263,11.6423,1214000
2013-11-14,11.6574,11.7981,11.6531,11.7462,1792400
2013-11-15,11.7613,11.8133,11.7029,11.77,1602400
2013-11-18,11.7678,11.7895,11.6899,11.7505,1919600
2013-11-19,11.6985,11.8371,11.6639,11.7527,1423200
2013-11-20,11.7721,11.8198,11.7029,11.7375,1366800
2013-11-21,11.7678,11.8955,11.744,11.8587,1416400
2013-11-22,11.8457,11.9583,11.7959,11.9496,1444400
2013-11-25,11.9236,11.9821,11.8652,11.8977,1336000
2013-11-26,11.9258,12.0167,11.8804,11.9301,1379200
2013-11-27,11.941,12.0903,11.9193,11.9994,1678800
2013-11-29,12.5513,12.5513,11.9864,12.0124,923200
2013-12-02,12.0405,12.099,11.9475,11.9561,2125600
2013-12-03,11.9042,11.9886,11.8133,11.8566,1467600
2013-12-04,11.8371,11.8739,11.6553,11.7613,1512800
2013-12-05,11.7721,11.7938,11.6509,11.6531,2426000
2013-12-06,11.9107,11.9107,11.7808,11.8674,3402800
2013-12-09,11.8998,11.941,11.8436,11.863,2104800
2013-12-10,11.8847,11.9604,11.8501,11.9496,2677200
2013-12-11,11.9258,11.9734,11.8198,11.8392,2662800
2013-12-12,11.8089,11.9128,11.7851,11.8977,2366800
2013-12-13,11.941,12.1141,11.9042,11.9929,2261600
2013-12-16,11.9821,12.0946,11.8804,11.9172,2951600
2013-12-17,11.8847,12.0405,11.8219,12.0275,3049200
2013-12-18,12.0578,12.1855,11.9063,12.1834,2520000
2013-12-19,12.2137,12.2613,12.1249,12.2245,2889200
2013-12-20,12.5881,12.8587,12.3695,12.8349,7457600
2013-12-23,12.8673,12.889,12.6617,12.7807,3214000
2013-12-24,12.7396,12.8998,12.7396,12.8284,904800
2013-12-26,12.8457,12.8976,12.8154,12.8587,1682800
2013-12-27,12.8825,12.9171,12.837,12.8781,1412400
2013-12-30,12.8998,12.9279,12.8478,12.8738,1270800
2013-12-31,12.902,12.9106,12.8457,12.8976,1790000
2014-01-02,12.824,12.85,12.7007,12.7829,2321600
2014-01-03,12.8002,12.9431,12.7721,12.8457,2106000
2014-01-06,12.8587,12.9041,12.7461,12.7786,2541200
2014-01-07,12.7937,12.8673,12.7591,12.8457,2263200
2014-01-08,12.8608,12.8695,12.6617,12.8111,5983600
2014-01-09,13.1877,13.1877,12.7353,12.85,2401200
2014-01-10,12.8673,12.8673,12.7569,12.8284,2199200
2014-01-13,12.8089,12.8414,12.6011,12.6574,2014400
2014-01-14,12.6704,12.7829,12.5989,12.7678,1742800
2014-01-15,12.7678,12.9777,12.7678,12.8414,2350800
2014-01-16,12.8002,12.8911,12.7894,12.837,1516000
2014-01-17,12.7959,12.8608,12.7634,12.7981,4740000
2014-01-21,12.9041,12.9517,12.8067,12.9517,2133200
2014-01-22,12.9712,12.9734,12.863,12.8955,1968800
2014-01-23,12.7916,12.8175,12.5795,12.6509,2626400
2014-01-24,12.5513,12.5816,12.3587,12.3717,2125200
2014-01-27,12.3955,12.4907,12.3003,12.3349,2404400
2014-01-28,12.3262,12.4626,12.3132,12.35,1580000
2014-01-29,12.2267,12.4496,12.2267,12.3306,2480400
2014-01-30,12.4171,12.5102,12.3349,12.4777,1653600
2014-01-31,12.35,12.4128,12.2894,12.3522,1828800
2014-02-03,12.3652,12.4106,12.0059,12.0384,2288800
2014-02-04,12.047,12.1964,11.9799,12.1033,2094800
2014-02-05,12.034,12.231,12.0016,12.2029,1704400
2014-02-06,12.1942,12.2981,12.1141,12.2223,1388000
2014-02-07,12.2959,12.5968,12.1855,12.5816,3076000
2014-02-10,12.56,12.6033,12.3522,12.4842,3418000
2014-02-11,12.4691,12.6206,12.3782,12.5751,2730400
2014-02-12,12.5751,12.7007,12.5557,12.6595,2508800
2014-02-13,12.6098,12.7656,12.5816,12.7375,1304400
2014-02-14,12.7418,12.837,12.692,12.8089,1693200
2014-02-18,12.8652,12.9236,12.7829,12.8825,3506000
2014-02-19,12.8608,12.8911,12.7353,12.7548,1874400
2014-02-20,12.7851,12.8846,12.6509,12.8349,2726400
2014-02-21,13.311,13.5708,13.1379,13.3457,11409200
2014-02-24,13.3911,13.6963,12.7504,12.8825,11288400
2014-02-25,12.9084,12.9885,12.8327,12.9777,2830000
2014-02-26,12.9755,13.0859,12.9431,13.034,1908000
2014-02-27,13.0405,13.06,12.9214,13.0578,1612800
2014-02-28,13.0643,13.1422,13.0275,13.1292,2101600
2014-03-03,12.9864,13.0513,12.8608,12.9929,1677600
2014-03-04,13.1162,13.2266,13.0232,13.1855,2261600
2014-03-05,13.1574,13.2028,13.0275,13.1054,1476400
2014-03-06,13.1444,13.2201,13.0924,13.1941,1767600
2014-03-07,13.2374,13.3348,13.205,13.2829,1518800
2014-03-10,13.2526,13.324,13.1509,13.1703,2669600
2014-03-11,13.2115,13.2591,13.0297,13.0664,1569600
2014-03-12,13.0145,13.0838,12.9452,13.0253,2309200
2014-03-13,13.0816,13.1054,12.8608,12.9041,2393600
2014-03-14,12.8673,12.9669,12.8457,12.8543,1484000
2014-03-17,12.8998,12.9994,12.8695,12.9128,2311200
2014-03-18,12.9301,13.1271,12.889,13.0361,2201600
2014-03-19,13.0361,13.1206,12.8305,12.8976,2003600
2014-03-20,13.3521,13.4192,12.9409,13.1141,3926000
2014-03-21,13.2656,13.2656,12.9106,12.9236,6176400
2014-03-24,12.8955,12.9864,12.744,12.8024,2742800
2014-03-25,12.8738,12.9171,12.8111,12.8608,1635200
2014-03-26,12.8976,12.9496,12.7028,12.7093,1401200
2014-03-27,12.7396,12.7807,12.6552,12.7072,1832400
2014-03-28,12.7418,12.8327,12.6898,12.7678,1820800
2014-03-31,12.8154,12.9604,12.7678,12.902,3138400
2014-04-01,12.9366,13.0448,12.9106,13.0318,3145600
2014-04-02,13.0362,13.0794,12.8695,12.9128,2414000
2014-04-03,12.9366,12.9842,12.7375,12.7894,2596000
2014-04-04,12.8175,12.8349,12.573,12.6054,2044400
2014-04-07,12.6228,12.6834,12.4907,12.4972,2296800
2014-04-08,12.4777,12.6033,12.4453,12.5557,2072400
2014-04-09,12.5686,12.6141,12.4518,12.6033,2766800
2014-04-10,12.6184,12.6531,12.2786,12.2851,2648800
2014-04-11,12.2483,12.3803,12.1747,12.2245,3214000
2014-04-14,12.3284,12.4041,12.0795,12.1877,2322400
2014-04-15,12.1855,12.2721,12.0449,12.1942,1715200
2014-04-16,12.2743,12.3587,12.2223,12.3284,1926800
2014-04-17,12.3327,12.5037,12.3132,12.4734,1940400
2014-04-21,12.4647,12.5015,12.3782,12.4215,1242000
2014-04-22,12.3998,12.534,12.3414,12.5102,2336000
2014-04-23,12.5275,12.5578,12.4647,12.5189,1968000
2014-04-24,12.5557,12.6617,12.508,12.5686,2297600
2014-04-25,12.5643,12.6357,12.4106,12.4561,1938400
2014-04-28,12.4799,12.573,12.3825,12.5318,2274000
2014-04-29,12.5686,12.6747,12.5318,12.5795,1963600
2014-04-30,12.5297,12.8002,12.495,12.7548,2766400
2014-05-01,12.8046,12.8305,12.6076,12.7137,2246800
2014-05-02,12.6725,12.863,12.6595,12.7786,2746800
2014-05-05,12.6682,12.7981,12.6617,12.7829,1910800
2014-05-06,12.7678,12.8219,12.705,12.7678,2494800
2014-05-07,12.7829,12.9452,12.7201,12.9236,3579600
2014-05-08,12.8933,13.0188,12.8803,12.889,2222000
2014-05-09,12.9128,12.9452,12.8219,12.9431,2378800
2014-05-12,12.969,13.1444,12.9431,13.0664,2848800
2014-05-13,13.0989,13.1357,13.0361,13.1162,2748000
2014-05-14,13.1444,13.1444,13.0578,13.0708,2000000
2014-05-15,12.995,13.0448,12.8976,13.0232,1749600
2014-05-16,13.008,13.1076,12.9214,13.1032,2102800
2014-05-19,13.0967,13.2504,13.0491,13.2396,2034400
2014-05-20,13.2223,13.2656,13.0773,13.1206,2204800
2014-05-21,13.1552,13.2591,13.1379,13.2266,1742400
2014-05-22,13.2115,13.3565,13.1963,13.3197,2006000
2014-05-23,13.3197,13.3781,13.2461,13.3392,2415200
2014-05-27,13.3911,13.3976,13.337,13.363,2728400
2014-05-28,13.35,13.4495,13.3457,13.3954,1791600
2014-05-29,13.4214,13.4755,13.3781,13.4409,1636400
2014-05-30,13.4431,13.4755,13.3825,13.4452,2614400
2014-06-02,13.6638,13.6638,13.3543,13.4669,2251600
2014-06-03,13.4387,13.482,13.4192,13.4582,1422400
2014-06-04,13.4171,13.4755,13.3933,13.4582,1453600
2014-06-05,13.5102,13.5881,13.4431,13.5816,1712800
2014-06-06,13.5729,13.6638,13.5729,13.6638,1332800
2014-06-09,13.6508,13.8326,13.6465,13.7807,1446400
2014-06-10,13.7634,13.7829,13.7071,13.7699,1196000
2014-06-11,13.7309,13.8175,13.6335,13.7006,1750400
2014-06-12,13.6617,13.7093,13.5946,13.6443,1218400
2014-06-13,13.6703,13.7288,13.6292,13.6595,1160000
2014-06-16,13.6292,13.7136,13.6054,13.6552,1578000
2014-06-17,13.6205,13.785,13.5729,13.7288,1136000
2014-06-18,13.7028,13.7655,13.6335,13.7461,1359600
2014-06-19,13.7244,13.824,13.679,13.8218,1383600
2014-06-20,13.8824,13.9214,13.8088,13.8738,4611600
2014-06-23,13.9041,13.9062,13.6378,13.6746,1844400
2014-06-24,13.6617,13.6876,13.5145,13.534,2267200
2014-06-25,13.4669,13.6378,13.4669,13.6292,1189600
2014-06-26,13.6573,13.7071,13.5296,13.5599,1120000
2014-06-27,13.4842,13.6552,13.4842,13.64,5706000
2014-06-30,13.6205,13.7591,13.5816,13.7526,2049200
2014-07-01,13.772,13.9387,13.7396,13.8586,1970400
2014-07-02,13.8543,13.9041,13.7677,13.8305,1011600
2014-07-03,13.8456,13.9474,13.8132,13.9322,661600
2014-07-07,13.9106,13.9106,13.7807,13.8283,1454800
2014-07-08,13.8391,13.8673,13.7071,13.7439,1380000
2014-07-09,13.7937,13.9495,13.6941,13.7699,955200
2014-07-10,13.5859,13.6963,13.4669,13.6703,954000
2014-07-11,13.6595,13.6638,13.5231,13.5405,1981200
2014-07-14,13.6335,13.7634,13.6335,13.6876,1634400
2014-07-15,13.6876,13.7569,13.5469,13.6032,2109200
2014-07-16,13.7114,14.0491,13.6357,13.9625,4580800
2014-07-17,13.8868,13.9474,13.7136,13.7331,2496800
2014-07-18,13.7894,13.8824,13.7244,13.8608,2276000
2014-07-21,13.8175,13.8543,13.7612,13.8023,1879200
2014-07-22,13.9019,13.9539,13.8218,13.9344,2066000
2014-07-23,13.9106,13.9344,13.8456,13.8586,1363200
2014-07-24,13.9236,13.9582,13.8543,13.8759,874800
2014-07-25,13.8543,13.9149,13.7158,13.7482,1405600
2014-07-28,13.7266,13.7894,13.6335,13.7569,1120800
2014-07-29,13.7504,13.8088,13.6573,13.6617,1038800
2014-07-30,13.7309,13.8694,13.6205,13.7223,1290400
2014-07-31,13.6508,13.6508,13.5253,13.5491,1563600
2014-08-01,13.495,13.6162,13.4712,13.5491,1548000
2014-08-04,13.6054,13.8738,13.5491,13.85,3655200
2014-08-05,13.7677,13.9062,13.6638,13.7569,2774000
2014-08-06,13.6443,13.7114,13.5816,13.6335,1905200
2014-08-07,13.679,13.7526,13.6054,13.6595,1481200
2014-08-08,13.7006,13.956,13.6184,13.9387,1824800
2014-08-11,14.0188,14.1313,13.9452,14.0686,2945200
2014-08-12,14.0686,14.1638,14.0383,14.127,2883600
2014-08-13,14.1573,14.1941,14.1378,14.1789,1794400
2014-08-14,14.1681,14.2222,14.1551,14.1768,1425200
2014-08-15,13.8197,14.2547,13.5599,14.1508,2258400
2014-08-18,14.2201,14.3045,14.2092,14.2482,3103200
2014-08-19,14.2569,14.2893,14.2309,14.2612,1840400
2014-08-20,14.2763,14.2915,14.2092,14.2763,1854000
2014-08-21,14.2763,14.2937,14.2244,14.2655,2227600
2014-08-22,14.2309,14.3261,14.1573,14.2266,2426400
2014-08-25,14.3175,14.3391,14.2525,14.298,1012000
2014-08-26,14.3413,14.3694,14.272,14.2893,1312000
2014-08-27,14.2872,14.3326,14.2071,14.2482,894400
2014-08-28,14.1854,14.3088,14.1595,14.259,872000
2014-08-29,14.3175,14.3932,14.2028,14.3153,1654000
2014-09-02,14.3759,14.4755,14.3131,14.4214,1817600
2014-09-03,14.482,14.5252,14.3499,14.3629,1220800
2014-09-04,14.4279,14.469,14.3672,14.4062,2460800
2014-09-05,14.3672,14.4582,14.3131,14.4279,1726400
2014-09-08,14.3867,14.4538,14.3002,14.3543,1196000
2014-09-09,14.3629,14.4279,14.2958,14.3608,1760400
2014-09-10,14.3802,14.3932,14.2828,14.3759,829200
2014-09-11,14.2937,14.3997,14.2482,14.3824,970400
2014-09-12,14.3608,14.3889,14.2958,14.3586,1192400
2014-09-15,14.4127,14.5426,14.3564,14.4733,2257600
2014-09-16,14.4387,14.5231,14.3283,14.4711,1871600
2014-09-17,14.5296,14.5534,14.3824,14.4841,1737200
2014-09-18,14.4993,14.5707,14.4646,14.5491,1234400
2014-09-19,14.627,14.6291,14.5058,14.5361,5711200
2014-09-22,14.5274,14.5642,14.4408,14.5209,1546800
2014-09-23,14.4949,14.5491,14.3737,14.3781,1300000
2014-09-24,14.3802,14.5144,14.3608,14.4798,1190000
2014-09-25,14.4343,14.469,14.2439,14.2828,1329200
2014-09-26,14.2915,14.4105,14.259,14.3434,1122800
2014-09-29,14.2504,14.3802,14.2396,14.2742,2749600
2014-09-30,14.6291,15.4992,14.5577,15.2785,9402400
2014-10-01,15.1984,15.259,14.8023,14.8586,4156400
2014-10-02,14.8326,14.8542,14.5945,14.7807,2707200
2014-10-03,14.8348,15.2547,14.8045,15.2244,4963200
2014-10-06,15.3001,15.3845,15.0923,15.1291,2453200
2014-10-07,15.0317,15.0966,14.8542,14.8737,2377600
2014-10-08,14.9127,15.3672,14.9127,15.3629,3080000
2014-10-09,15.3694,15.4278,14.9949,15.0339,2505600
2014-10-10,15.0209,15.0945,14.8326,14.8391,2577200
2014-10-13,14.8845,14.9148,14.5685,14.5967,2134000
2014-10-14,14.7157,14.8088,14.627,14.6616,3008000
2014-10-15,14.5253,14.798,14.4495,14.7309,4399200
2014-10-16,14.6032,14.8629,14.4473,14.811,3152800
2014-10-17,14.8845,15.0858,14.8845,14.9971,5368800
2014-10-20,14.9971,15.0101,14.8694,14.9451,3247200
2014-10-21,15.0685,15.404,15.0144,15.404,3267200
2014-10-22,15.4581,15.523,15.2222,15.2265,2755600
2014-10-23,15.3694,15.4473,15.3109,15.3759,6038800
2014-10-24,15.3802,15.4451,15.3239,15.4148,2809200
2014-10-27,15.391,15.4429,15.2849,15.4256,2538400
2014-10-28,15.5101,15.5468,15.43,15.5425,2980000
2014-10-29,15.5836,15.6204,15.4105,15.5425,1813600
2014-10-30,15.4689,15.7698,15.404,15.733,2008400
2014-10-31,15.9516,16.0057,15.7395,15.852,2703600
2014-11-03,15.852,15.9862,15.681,15.7005,2522400
2014-11-04,15.5707,15.6486,15.391,15.4581,5430000
2014-11-05,15.5557,15.7619,15.5202,15.6111,3171600
2014-11-06,15.6443,15.7729,15.5889,15.7619,2463200
2014-11-07,15.8528,15.8528,15.7286,15.7419,2936000
2014-11-10,15.7707,15.8572,15.7153,15.7663,2730800
2014-11-11,15.7574,15.8461,15.7086,15.7641,1625600
2014-11-12,15.702,15.8505,15.6865,15.8106,2046400
2014-11-13,15.835,15.9769,15.702,15.7774,1924000
2014-11-14,15.8018,15.9969,15.7264,15.9104,3406400
2014-11-17,15.8749,15.9304,15.7862,15.9215,2224800
2014-11-18,15.8971,16.0789,15.8262,15.9592,2443600
2014-11-19,15.9281,15.9636,15.753,15.9171,2465600
2014-11-20,15.855,16.0146,15.7996,15.9481,1692400
2014-11-21,16.1166,16.1853,15.906,15.9459,5508800
2014-11-24,15.9947,16.1809,15.9503,16.1543,2299600
2014-11-25,16.1875,16.2363,16.1055,16.1986,2442800
2014-11-26,16.1765,16.2851,16.1255,16.192,2287600
2014-11-28,16.2474,16.3162,16.1853,16.2186,1052800
2014-12-01,16.1654,16.2186,15.8971,15.9193,3600800
2014-12-02,15.8749,16.0789,15.7973,16.0479,2283600
2014-12-03,16.0989,16.2275,16.008,16.2142,1644800
2014-12-04,16.1654,16.2807,16.09,16.1454,1656400
2014-12-05,16.141,16.2208,16.0767,16.1964,2261600
2014-12-08,16.1809,16.3073,16.121,16.1853,2287200
2014-12-09,16.0745,16.3006,16.0191,16.2762,3112800
2014-12-10,16.2341,16.3073,15.9348,15.9348,2510000
2014-12-11,15.9259,16.3272,15.8905,16.141,1952000
2014-12-12,16.0434,16.1366,15.7463,15.7486,2039600
2014-12-15,15.804,15.9791,15.6554,15.8594,2913200
2014-12-16,15.8616,16.0922,15.8505,15.8594,2426000
2014-12-17,15.8528,16.1986,15.7641,16.1499,4436400
2014-12-18,16.3694,16.5534,16.2075,16.5157,6305200
2014-12-19,17.0478,17.5932,17.0345,17.5666,12832400
2014-12-22,17.6708,17.7773,17.6043,17.6575,4691600
2014-12-23,17.7174,17.815,17.6464,17.6575,3965200
2014-12-24,17.7108,17.7861,17.6198,17.7063,2084800
2014-12-26,17.7994,17.8127,17.6598,17.6974,1226400
2014-12-29,17.6974,17.7706,17.6265,17.642,1770400
2014-12-30,17.6642,17.6952,17.5068,17.5201,2020000
2014-12-31,17.5622,17.6974,17.3804,17.3915,1227600
2015-01-02,17.4957,17.5378,17.1986,17.3937,1822000
2015-01-05,17.3272,17.3937,17.0389,17.0766,3243200
2015-01-06,17.1808,17.2274,16.8283,17.0434,4724000
2015-01-07,17.2141,17.2163,16.9192,16.9547,3350000
2015-01-08,17.1742,17.3006,17.0722,17.2341,3518800
2015-01-09,17.2828,17.2873,17.019,17.0988,3018000
2015-01-12,17.0833,17.1853,16.8283,16.9902,2419600
2015-01-13,17.1409,17.3028,17.0234,17.1853,5664000
2015-01-14,17.1432,17.2341,17.0899,17.1986,6072800
2015-01-15,17.2518,17.3516,17.1409,17.2185,5084000
2015-01-16,17.2407,17.5046,17.2252,17.5001,4970400
2015-01-20,17.5045,17.5688,17.3516,17.4691,3750400
2015-01-21,17.4092,17.6332,17.376,17.6154,3124800
2015-01-22,17.6664,17.7241,17.489,17.6997,7003600
2015-01-23,17.6553,17.7551,17.5822,17.6886,3444000
2015-01-26,17.8305,17.9435,17.6243,17.7307,3648000
2015-01-27,17.6398,17.8393,17.6221,17.7107,3418000
2015-01-28,17.7462,17.8127,17.356,17.3715,3524400
2015-01-29,17.3338,17.7462,17.2961,17.7107,3100000
2015-01-30,17.5578,17.6974,17.4469,17.4491,3734000
2015-02-02,17.4669,17.7507,17.2851,17.744,2193200
2015-02-03,17.8859,17.9569,17.6886,17.8903,3715600
2015-02-04,17.9059,18.0478,17.6797,17.7396,3040400
2015-02-05,17.8283,17.9169,17.7994,17.8482,1668000
2015-02-06,17.846,17.9214,17.6908,17.7462,1790000
2015-02-09,17.7374,17.8061,17.6176,17.6642,1108000
2015-02-10,17.826,17.877,17.6154,17.866,1683600
2015-02-11,17.8127,17.9901,17.7484,17.9458,2062400
2015-02-12,17.9968,18.2296,17.9147,18.2274,2111600
2015-02-13,18.2318,18.2939,18.0322,18.101,1742800
2015-02-17,18.2606,18.2761,18.0766,18.1498,1380400
2015-02-18,18.1209,18.1874,18.03,18.1586,1274000
2015-02-19,18.1542,18.2251,18.1121,18.1786,1452800
2015-02-20,18.1231,18.3205,17.9125,18.285,1897200
2015-02-23,18.2916,18.3426,18.1497,18.3338,1870000
2015-02-24,18.2916,18.4779,18.2606,18.4402,2238400
2015-02-25,18.4868,18.642,18.4047,18.5577,2073600
2015-02-26,18.5112,18.6641,18.5112,18.6264,1934400
2015-02-27,18.5754,18.6198,18.4602,18.5089,1627200
2015-03-02,18.5178,18.755,18.4579,18.7373,1486800
2015-03-03,18.6575,18.6819,18.5178,18.6708,1774800
2015-03-04,18.5887,18.5954,18.4446,18.5732,2077600
2015-03-05,18.5688,18.5688,18.3515,18.3892,1514400
2015-03-06,18.2517,18.4047,18.1387,18.2429,1652400
2015-03-09,18.316,18.6464,18.2584,18.5888,2074400
2015-03-10,18.3914,18.4313,18.132,18.132,1891600
2015-03-11,18.2207,18.265,18.0522,18.1076,1448800
2015-03-12,18.1985,18.3826,18.1342,18.3715,2632000
2015-03-13,18.387,18.4424,18.0411,18.3049,2080800
2015-03-16,18.4624,18.9457,18.4624,18.928,3581200
2015-03-17,18.9191,18.9634,18.6287,18.9036,2317600
2015-03-18,18.8991,19.143,18.6797,19.1031,3026800
2015-03-19,19.5,19.5621,18.305,18.6154,6255600
2015-03-20,18.6907,18.6996,18.3027,18.3027,6161200
2015-03-23,18.3027,18.6464,18.2251,18.5865,3344800
2015-03-24,18.6109,18.6397,18.4934,18.5644,2152000
2015-03-25,18.6264,18.6264,18.0655,18.1143,5444400
2015-03-26,18.0322,18.1342,17.9059,17.9879,2793600
2015-03-27,17.948,18.285,17.9391,18.265,3061600
2015-03-30,18.3648,18.4557,18.2983,18.3449,1798000
2015-03-31,18.3426,18.3537,18.0566,18.0988,3650800
2015-04-01,18.1342,18.1852,17.8837,18.1165,2781600
2015-04-02,18.132,18.3626,18.132,18.3338,2116400
2015-04-06,18.203,18.3094,18.1121,18.1409,2938800
2015-04-07,18.1165,18.1897,17.9812,18.1786,3863200
2015-04-08,18.2052,18.3271,18.03,18.2096,3046400
2015-04-09,18.2118,18.2961,18.0123,18.101,1906800
2015-04-10,18.1475,18.2894,18.0921,18.254,1881600
2015-04-13,18.0145,18.1254,17.9945,18.03,2234800
2015-04-14,17.9679,18.1365,17.826,18.1098,2569200
2015-04-15,18.1697,18.3205,18.1697,18.2318,2724000
2015-04-16,18.2007,18.2473,18.081,18.2096,2100400
2015-04-17,18.0677,18.1586,17.9524,18.0433,2292800
2015-04-20,18.1165,18.183,18.0744,18.1231,2416000
2015-04-21,18.1985,18.2362,18.1586,18.1897,2119200
2015-04-22,18.1985,18.2384,18.0788,18.1919,2346800
2015-04-23,18.1165,18.2939,18.1165,18.2495,2095200
2015-04-24,18.2628,18.3049,18.1919,18.2096,2596000
2015-04-27,18.2074,18.2695,18.0832,18.0965,1664800
2015-04-28,18.0988,18.1542,17.9968,18.0677,2339200
2015-04-29,18.0034,18.0322,17.8793,17.8903,2048800
2015-04-30,17.8083,17.9103,17.6287,17.7263,3814400
2015-05-01,17.7884,18.0212,17.7884,18.0189,1965200
2015-05-04,18.0566,18.1675,18.0167,18.0744,1895600
2015-05-05,18.1786,18.2274,17.9502,17.9591,2150400
2015-05-06,17.9524,17.9879,17.7795,17.8992,2137200
2015-05-07,17.897,18.0367,17.8305,17.9857,1706400
2015-05-08,18.1608,18.316,17.9901,18.2717,1753200
2015-05-11,18.2163,18.6176,18.1808,18.4956,4971200
2015-05-12,18.4247,18.5023,18.214,18.285,3338800
2015-05-13,18.3692,18.7218,18.316,18.6575,3829200
2015-05-14,18.7595,18.8858,18.6686,18.8725,2176800
2015-05-15,18.8659,18.9967,18.8282,18.9457,1676800
2015-05-18,18.8992,19.1829,18.8881,19.1386,2114400
2015-05-19,19.1985,19.2317,19.1053,19.1164,2232400
2015-05-20,19.1031,19.2162,19.0743,19.1364,2194000
2015-05-21,19.1209,19.1918,19.0832,19.1209,1768400
2015-05-22,18.9701,19.1652,18.7528,19.0699,1558800
2015-05-26,19.0477,19.1297,18.9102,19.0255,1916000
2015-05-27,19.0233,19.132,18.9723,19.1031,1820800
2015-05-28,19.1209,19.1519,19.0743,19.1297,1573600
2015-05-29,19.1519,19.2517,19.0854,19.0876,2725200
2015-06-01,19.1541,19.2184,19.0277,19.1453,1980000
2015-06-02,19.0255,19.1342,19.0167,19.0566,2729600
2015-06-03,19.1297,19.1652,19.0898,19.1142,2924800
2015-06-04,19.1009,19.1652,18.8969,18.9191,2266800
2015-06-05,18.8836,18.9568,18.7816,18.9479,1448400
2015-06-08,18.9324,19.0144,18.8681,18.8881,1900400
2015-06-09,18.9102,18.9923,18.8415,18.959,1075600
2015-06-10,19.061,19.2162,18.9302,19.1519,1180000
2015-06-11,19.2251,19.2384,19.1453,19.1652,1716000
2015-06-12,19.0433,19.1164,18.8592,19.0787,1105600
2015-06-15,18.9014,18.9634,18.5954,18.704,3655200
2015-06-16,18.724,18.9679,18.724,18.9125,1441600
2015-06-17,18.9568,19.0189,18.8526,18.9723,1189600
2015-06-18,19.0566,19.2295,19.0566,19.1719,1638000
2015-06-19,19.1563,19.3027,19.0898,19.245,4388400
2015-06-22,19.2894,19.4401,19.2583,19.4091,1480000
2015-06-23,19.4867,19.5089,19.367,19.3869,2906800
2015-06-24,19.0366,19.4024,19.0366,19.1918,2495200
2015-06-25,19.2849,19.2849,19.0122,19.0322,2341200
2015-06-26,19.0699,19.1076,18.8504,18.9368,5514400
2015-06-29,18.8482,18.9501,18.6641,18.6797,1787600
2015-06-30,18.806,18.8992,18.744,18.755,1836000
2015-07-01,18.9036,18.9391,18.8371,18.9191,2002000
2015-07-02,18.9945,19.0144,18.7772,18.8925,1533200
2015-07-06,18.7573,18.9302,18.7573,18.8681,1334400
2015-07-07,18.9102,18.9524,18.6043,18.7883,3020800
2015-07-08,18.6819,18.7772,18.5311,18.5666,2532400
2015-07-09,18.7816,18.8304,18.6242,18.6597,1644400
2015-07-10,18.8903,18.9346,18.7395,18.857,1815600
2015-07-13,19.0344,19.0876,18.8881,19.0721,1382000
2015-07-14,19.092,19.1741,18.9945,19.1297,902000
2015-07-15,19.1209,19.1563,19.0366,19.0854,1988800
2015-07-16,19.2162,19.3537,19.1497,19.2406,3652400
2015-07-17,19.1785,19.1807,18.7639,18.9679,4298800
2015-07-20,19.0677,19.2894,18.9923,19.0898,2796800
2015-07-21,19.1076,19.2362,18.8858,18.8881,2335600
2015-07-22,19.0144,19.3049,18.8903,19.2761,3426800
2015-07-23,19.2583,19.2872,18.9723,19.01,1934400
2015-07-24,18.8969,18.9701,18.6508,18.6797,1856000
2015-07-27,18.6686,18.7151,18.5488,18.5732,1726400
2015-07-28,18.6442,18.8082,18.4978,18.806,1709600
2015-07-29,18.8149,18.9191,18.6952,18.9058,2033600
2015-07-30,18.7839,18.9546,18.6841,18.9036,1050000
2015-07-31,19.0056,19.0677,18.9368,18.9568,2292000
2015-08-03,19.0255,19.112,18.8548,19.0965,1386800
2015-08-04,19.1342,19.3005,19.0366,19.2783,2378800
2015-08-05,19.4934,19.5,19.3271,19.4246,3433600
2015-08-06,19.4468,19.4468,19.265,19.3382,1886000
2015-08-07,19.2339,19.4246,19.1408,19.3847,2142000
2015-08-10,19.5554,19.6707,19.5466,19.5865,1869600
2015-08-11,19.4135,19.5111,19.3537,19.4934,1508400
2015-08-12,19.2894,19.5133,19.2339,19.4778,2029600
2015-08-13,19.5,19.6508,19.3958,19.531,1989600
2015-08-14,19.5244,19.6663,19.4801,19.6197,1662400
2015-08-17,19.5776,19.7771,19.4534,19.7638,1506000
2015-08-18,19.8104,19.8969,19.6907,19.7018,1959600
2015-08-19,19.5776,19.5887,19.3226,19.4313,2089200
2015-08-20,19.2982,19.4468,19.2007,19.2007,2254800
2015-08-21,19.143,19.2827,18.8171,18.8171,2848000
2015-08-24,17.9569,18.5311,17.2939,18.0766,4696000
2015-08-25,18.4735,18.52,17.9857,18.0101,4067600
2015-08-26,18.4491,18.6774,18.1187,18.6264,3966000
2015-08-27,18.7417,19.0189,18.693,18.9568,2790000
2015-08-28,18.8326,19.0122,18.7772,18.928,2074800
2015-08-31,18.8149,18.9834,18.7395,18.8437,2561600
2015-09-01,18.5355,18.704,18.3382,18.4158,3044400
2015-09-02,18.6087,18.775,18.5245,18.7617,2271200
2015-09-03,18.8615,18.9856,18.8016,18.8659,2039600
2015-09-04,18.6287,18.7706,18.5089,18.5688,1835600
2015-09-08,18.8792,19.1519,18.8149,19.1497,2546000
2015-09-09,19.296,19.3448,18.8304,18.8548,2792800
2015-09-10,18.8282,18.9967,18.8282,18.8925,2488800
2015-09-11,18.8171,19.0344,18.8149,19.0144,1219200
2015-09-14,19.0411,19.0411,18.8992,18.9169,1724000
2015-09-15,18.9723,19.2273,18.8238,19.1852,1958000
2015-09-16,19.1608,19.214,19.061,19.1408,2874800
2015-09-17,19.1763,19.4313,19.1098,19.2096,2980800
2015-09-18,18.9391,19.2184,18.9036,19.1608,9696800
2015-09-21,19.2849,19.4224,19.1674,19.3603,2863200
2015-09-22,19.1209,19.2007,18.9501,19.0699,3161200
2015-09-23,19.1342,19.2472,18.9923,19.1963,2072400
2015-09-24,19.0411,19.2716,18.8526,19.1009,3006800
2015-09-25,19.2739,19.8947,19.1519,19.5998,4353600
2015-09-28,19.52,19.5887,19.0078,19.0122,2504800
2015-09-29,19.0654,19.0654,18.6641,18.8016,3740800
2015-09-30,18.9457,19.143,18.7927,19.0122,3396000
2015-10-01,19.1031,19.1297,18.7949,18.9546,2878000
2015-10-02,18.6819,19.1519,18.5089,19.1364,4347200
2015-10-05,19.3492,19.5421,19.2184,19.4224,2771200
2015-10-06,19.3315,19.5111,18.9479,19.01,3188800
2015-10-07,19.1541,19.3936,19.0588,19.3648,2498400
2015-10-08,19.367,19.8392,19.214,19.7927,3129600
2015-10-09,19.8681,20.0454,19.7306,19.9146,2241200
2015-10-12,19.9678,20.2583,19.8947,20.1851,2597200
2015-10-13,19.7129,20.48,19.7129,20.2782,3806400
2015-10-14,20.4223,20.5221,20.072,20.1053,2724800
2015-10-15,20.2716,20.6463,20.2716,20.6396,3270400
2015-10-16,20.684,20.7305,20.4223,20.5199,1828400
2015-10-19,20.5044,20.613,20.4312,20.5465,1448000
2015-10-20,20.4866,20.6751,20.4866,20.5687,1769600
2015-10-21,20.7084,20.7283,20.2206,20.2516,1970800
2015-10-22,20.3957,20.5598,20.296,20.48,2024000
2015-10-23,20.6441,20.7682,20.3669,20.7305,1526000
2015-10-26,20.7461,20.8503,20.6751,20.7372,1773600
2015-10-27,20.6751,20.7505,20.4268,20.5443,2060400
2015-10-28,20.6729,20.919,20.4246,20.6152,2182800
2015-10-29,20.6152,20.7394,20.4135,20.4733,2325200
2015-10-30,20.5088,20.7084,20.4689,20.6396,3852400
2015-11-02,20.7505,20.8503,20.6441,20.7084,2336800
2015-11-03,20.7638,20.7793,20.4556,20.5022,2846000
2015-11-04,20.7937,20.8453,20.4102,20.5179,2925200
2015-11-05,20.5156,20.7107,20.316,20.3654,2686800
2015-11-06,20.3743,20.5067,20.3003,20.3811,2337200
2015-11-09,20.3497,20.4102,20.1747,20.3519,1982400
2015-11-10,20.3026,20.5381,20.0873,20.4775,2154400
2015-11-11,20.6008,20.6322,20.4483,20.5358,2451600
2015-11-12,20.4775,20.547,20.2151,20.2241,1645200
2015-11-13,20.2398,20.3497,20.0379,20.0738,1823200
2015-11-16,19.9303,20.0716,19.8025,20.0604,3223600
2015-11-17,20.0469,20.2106,19.9662,20.0873,3454800
2015-11-18,20.1635,20.5313,20.1433,20.491,2855200
2015-11-19,20.5134,20.7309,20.3519,20.3542,3782800
2015-11-20,20.4551,20.5515,20.4013,20.4775,7562400
2015-11-23,20.4125,20.6771,20.4125,20.6704,1879600
2015-11-24,20.5986,20.6322,20.3609,20.5582,1600800
2015-11-25,20.5941,20.6435,20.4954,20.6278,1062800
2015-11-27,20.5874,20.6659,20.491,20.6345,867200
2015-11-30,20.6188,20.7713,20.5268,20.5403,2638400
2015-12-01,20.63,20.8901,20.5268,20.8879,1981200
2015-12-02,20.8408,20.852,20.6233,20.6412,1394400
2015-12-03,20.6434,20.6883,20.1299,20.2196,2306800
2015-12-04,20.2622,20.8139,20.2555,20.7825,1965200
2015-12-07,20.7175,20.787,20.1972,20.6345,1668800
2015-12-08,20.5336,20.8117,20.4596,20.7466,2392800
2015-12-09,20.7489,20.7489,20.3609,20.4596,2855200
2015-12-10,20.4865,20.6188,20.3811,20.5291,1358000
2015-12-11,20.3564,20.5448,20.1344,20.1613,1858400
2015-12-14,20.2443,20.3878,20.0604,20.1635,2663600
2015-12-15,20.3654,20.5829,20.1613,20.26,2254000
2015-12-16,20.4057,20.5425,20.2308,20.4618,2956400
2015-12-17,20.5134,20.6322,20.1949,20.3003,2044000
2015-12-18,20.2757,20.5044,19.8383,19.8473,4489200
2015-12-21,20.0649,20.2353,19.8653,20.0065,2831600
2015-12-22,20.5179,20.7085,20.0604,20.4371,3973200
2015-12-23,20.5582,20.6143,20.4416,20.5246,2133200
2015-12-24,20.4528,20.6121,20.399,20.5291,845200
2015-12-28,20.4573,20.6457,20.3093,20.6367,1441200
2015-12-29,20.7713,21,20.6457,20.8161,1409200
2015-12-30,20.861,20.944,20.6704,20.6861,1178800
2015-12-31,20.6435,20.7197,20.4169,20.4192,1260000
2016-01-04,20.1433,20.1456,19.6948,19.8002,2866400
2016-01-05,19.8653,20.0133,19.7554,19.8316,2511600
2016-01-06,19.5804,19.9236,19.5132,19.7419,1916400
2016-01-07,19.4706,19.6769,19.3338,19.484,3366800
2016-01-08,19.5535,19.5558,18.9391,18.9794,3231200
2016-01-11,19.0445,19.188,18.9234,19.1319,2740000
2016-01-12,19.1185,19.5378,19.0983,19.4773,2674400
2016-01-13,19.502,19.5177,18.966,19.0198,1942400
2016-01-14,19.1454,19.3203,18.9951,19.1835,2065600
2016-01-15,18.7753,18.9525,18.5242,18.8449,2817200
2016-01-19,18.9906,19.105,18.6004,18.726,2976000
2016-01-20,18.4502,18.6901,18.0016,18.4659,3081600
2016-01-21,18.5309,18.6968,17.9411,18.0151,5956000
2016-01-22,18.2461,18.6027,18.1788,18.4883,3242400
2016-01-25,18.4502,18.5399,18.3201,18.356,2353600
2016-01-26,18.3941,18.6879,18.3851,18.5825,2747600
2016-01-27,18.5959,18.7686,18.4905,18.56,2893600
2016-01-28,18.7036,18.7821,18.5578,18.6453,3269200
2016-01-29,18.7417,19.2822,18.5668,19.2687,4488400
2016-02-01,19.1566,19.4504,18.9772,19.3113,3081200
2016-02-02,19.1947,19.3741,19.0355,19.1162,3879200
2016-02-03,19.4033,19.5109,18.8135,19.0063,3633600
2016-02-04,19.0288,19.1499,18.948,19.1005,2741600
2016-02-05,19.0624,19.1274,18.5914,18.6856,3141600
2016-02-08,18.569,18.5825,18.2102,18.5331,2598400
2016-02-09,18.3874,18.892,18.3627,18.7238,2569200
2016-02-10,18.8045,19.0601,18.652,18.6767,1813200
2016-02-11,18.3896,18.5914,18.0016,18.4165,1454800
2016-02-12,18.6408,18.7372,18.3582,18.6161,2402400
2016-02-16,18.8695,18.8852,18.6206,18.8336,2412800
2016-02-17,18.0084,18.7596,17.9904,18.7484,5062400
2016-02-18,18.8067,18.8583,18.3694,18.6318,2099600
2016-02-19,18.5264,18.7821,18.3694,18.6991,2856400
2016-02-22,18.8583,19.0332,18.8336,18.9817,2482000
2016-02-23,18.9637,18.9817,18.7552,18.8292,1559600
2016-02-24,18.6879,18.9121,18.578,18.8852,1768000
2016-02-25,18.9637,19.0131,18.7731,19.0131,1898800
2016-02-26,19.0624,19.0624,18.9009,19.031,1536400
2016-02-29,19.0265,19.096,18.8359,18.8359,1983600
2016-03-01,18.9817,19.2979,18.9099,19.2777,1599600
2016-03-02,19.2127,19.3091,19.0803,19.3024,1893600
2016-03-03,19.2822,19.4661,19.1588,19.4481,1502400
2016-03-04,19.4549,19.6343,19.3921,19.5109,3316400
2016-03-07,19.4481,19.8271,19.3988,19.7195,2749600
2016-03-08,19.6074,19.8092,19.4638,19.6567,1728400
2016-03-09,19.7195,19.7778,19.4324,19.5647,2375600
2016-03-10,19.6791,19.8473,19.5221,19.6769,1805200
2016-03-11,19.8249,19.9841,19.3741,19.9752,1866000
2016-03-14,19.9348,20.1232,19.8159,20.0716,2324400
2016-03-15,19.8832,20.1456,19.8406,20.0985,2573600
2016-03-16,20.0693,20.2196,19.9281,20.1456,1979600
2016-03-17,20.1725,20.2577,20.0514,20.186,3108000
2016-03-18,20.2196,20.3452,20.094,20.2936,3460400
2016-03-21,20.2106,20.3833,20.0738,20.2241,3364400
2016-03-22,20.2779,20.2958,20.0806,20.2622,2932000
2016-03-23,20.408,20.4753,19.2553,19.3495,7923200
2016-03-24,19.3427,19.724,19.2732,19.6275,4618800
2016-03-28,19.6814,19.9886,19.493,19.881,2580000
2016-03-29,19.8182,20.1546,19.8182,20.1052,2278000
2016-03-30,20.1837,20.2398,20.094,20.1232,2715600
2016-03-31,20.0335,20.1837,19.9707,20.1411,2779200
2016-04-01,20.0021,20.2218,19.9684,20.1994,2199600
2016-04-04,20.2555,20.4035,19.9146,19.9393,2159200
2016-04-05,19.5715,19.9998,19.5715,19.8114,2771600
2016-04-06,19.8339,19.9482,19.7913,19.9482,2361200
2016-04-07,19.8496,19.9594,19.7688,19.9438,3936000
2016-04-08,20.0716,20.1007,19.9146,20.0312,1902000
2016-04-11,20.1119,20.1972,19.9729,19.9841,2569600
2016-04-12,20.0379,20.1747,19.9505,20.1456,2105600
2016-04-13,20.4932,20.4932,20.2824,20.316,3984000
2016-04-14,20.2757,20.3586,20.1927,20.242,2452000
2016-04-15,20.2734,20.2958,20.1232,20.186,1602400
2016-04-18,20.1433,20.2958,20.1276,20.2532,1351600
2016-04-19,20.2958,20.3183,20.1815,20.2891,2511200
2016-04-20,20.2734,20.3026,20.1972,20.2196,2031200
2016-04-21,20.1837,20.1837,19.9774,19.9953,2263600
2016-04-22,20.0178,20.1478,20.0178,20.1164,2158800
2016-04-25,20.1052,20.1321,19.9796,20.0626,2277200
2016-04-26,20.0918,20.1972,20.0559,20.1456,3123600
2016-04-27,20.1725,20.2958,20.0267,20.177,2510800
2016-04-28,20.1232,20.2779,19.9864,20.0222,5052000
2016-04-29,19.9617,20.1456,19.8496,20.1344,2884000
2016-05-02,20.1478,20.2196,20.0783,20.1747,1885600
2016-05-03,20.0895,20.1321,20.029,20.0962,2226400
2016-05-04,20.0828,20.2129,20.0424,20.1478,1789200
2016-05-05,20.2241,20.2712,20.1501,20.1703,1904000
2016-05-06,20.1389,20.4349,20.0963,20.408,3155200
2016-05-09,20.473,20.5717,20.4282,20.5111,2725600
2016-05-10,20.5762,20.6278,20.5223,20.6098,2201200
2016-05-11,20.5627,20.6233,20.4977,20.5066,1863600
2016-05-12,20.5717,20.6188,20.464,20.5627,1823600
2016-05-13,20.556,20.6704,20.4775,20.5246,2799600
2016-05-16,20.5493,20.6524,20.5022,20.5739,2588000
2016-05-17,20.5694,20.6121,20.4506,20.4685,2550800
2016-05-18,20.4461,20.5986,20.3071,20.4394,3188800
2016-05-19,20.3968,20.5694,20.3272,20.5022,2314800
2016-05-20,20.6121,20.7533,20.556,20.6434,4133600
2016-05-23,20.6322,20.7444,20.63,20.704,2064800
2016-05-24,20.7533,21.1167,20.7354,21.101,4123600
2016-05-25,21.1637,21.1637,20.9552,21.0404,3258800
2016-05-26,21.0516,21.1996,21.0359,21.0696,2289600
2016-05-27,21.0718,21.3275,21,21.3252,3155200
2016-05-31,21.2916,21.4149,21.1413,21.2602,14615600
2016-06-01,21.1705,21.2647,21.0718,21.2624,1849200
2016-06-02,21.2557,21.4149,21.1839,21.4104,2648800
2016-06-03,21.3162,21.3656,21.1189,21.3028,1727600
2016-06-06,21.3028,21.4261,21.1727,21.3476,1246000
2016-06-07,21.3432,21.4149,20.9619,21.2871,3023200
2016-06-08,21.3118,21.3409,21.2153,21.3387,1902400
2016-06-09,21.3364,21.4329,21.2243,21.4261,2121200
2016-06-10,21.2669,21.3275,21.1525,21.1974,1800400
2016-06-13,21.0359,21.2579,20.9955,21.1054,1628000
2016-06-14,21.1032,21.1436,20.9866,21.1099,1532000
2016-06-15,21.1884,21.2019,21.0696,21.0897,1307200
2016-06-16,21.0696,21.2333,20.8632,21.2108,1400800
2016-06-17,21.1996,21.2019,20.9642,21.0853,1876000
2016-06-20,21.2691,21.2938,21.1144,21.1368,1504800
2016-06-21,21.2288,21.2557,21.092,21.1929,1134800
2016-06-22,21.2422,21.3319,21.2041,21.2153,1226000
2016-06-23,21.3342,21.4598,21.2871,21.4598,1347600
2016-06-24,20.8834,21.148,20.8565,20.9305,4711600
2016-06-27,20.8475,20.8879,20.4618,20.5493,3159200
2016-06-28,20.7376,20.9372,20.6502,20.9215,2994000
2016-06-29,21.1009,21.5046,21.0516,21.4508,2700000
2016-06-30,21.5091,22.0115,21.4329,22.007,3268800
2016-07-01,21.9375,22.2155,21.7446,22.1841,2513200
2016-07-05,22.2245,22.3479,22.0586,22.3142,3245600
2016-07-06,22.1213,22.3568,22.1056,22.2694,2742000
2016-07-07,22.2783,22.3591,22.0675,22.1483,1820400
2016-07-08,22.3523,22.377,22.229,22.3434,3339200
2016-07-11,22.3254,22.3254,21.8702,21.9935,3089200
2016-07-12,22.0541,22.146,21.85,21.8657,2418800
2016-07-13,22.007,22.0384,21.8545,21.8634,1378400
2016-07-14,21.9913,22.0137,21.8634,21.9576,1876800
2016-07-15,22.0002,22.0698,21.85,21.8881,1616000
2016-07-18,21.9711,22.0137,21.8051,21.8993,1828800
2016-07-19,21.8253,22.0025,21.767,21.8477,2773600
2016-07-20,22.6618,24.438,22.5631,23.9625,13518400
2016-07-21,23.9895,24.2249,23.9581,24.0635,5032800
2016-07-22,24.0814,24.2406,24.0388,24.2092,2791200
2016-07-25,24.133,24.3752,24.068,24.2698,2933200
2016-07-26,24.29,24.4694,24.0926,24.3079,2675600
2016-07-27,24.3281,24.3281,24.0904,24.2115,1869200
2016-07-28,24.2048,24.3326,24.0209,24.2608,2086800
2016-07-29,24.2519,24.2519,23.9715,24.0567,3634800
2016-08-01,24.0545,24.1621,24.0007,24.0881,1940800
2016-08-02,23.9603,24.0837,23.8437,23.8504,2487200
2016-08-03,23.8504,24.1711,23.7069,23.8437,3234000
2016-08-04,23.8527,24.1689,23.837,23.8975,1981200
2016-08-05,23.9895,24.3124,23.8482,23.9715,2376800
2016-08-08,23.9962,23.9962,23.8123,23.8953,1731200
2016-08-09,23.9222,23.9558,23.7831,23.9558,2129600
2016-08-10,23.9356,24.115,23.9222,24.0814,1506800
2016-08-11,24.198,24.2048,23.8639,24.1106,2580400
2016-08-12,24.0253,24.1285,23.9782,24.0747,1237600
2016-08-15,24.0635,24.1128,23.9738,24.0904,1716000
2016-08-16,25.9181,26.3846,25.3216,25.3395,9035200
2016-08-17,25.658,26.0325,25.4674,25.9361,6874800
2016-08-18,26.0101,26.0101,25.3732,25.5414,2694400
2016-08-19,25.427,25.5391,25.3081,25.5189,4075600
2016-08-22,25.5212,25.6423,25.4875,25.5728,1711600
2016-08-23,25.5795,25.7163,25.4337,25.6849,1593600
2016-08-24,25.7006,25.7342,25.5414,25.667,1489200
2016-08-25,25.6602,26.1648,25.6602,26.0235,3157200
2016-08-26,26.0056,26.2097,25.7342,25.9495,2191200
2016-08-29,25.9159,26.1603,25.7993,26.0998,1726000
2016-08-30,26.0303,26.2523,25.9876,26.2478,2093600
2016-08-31,26.259,26.3936,26.1267,26.3532,2848000
2016-09-01,26.4631,26.4631,26.259,26.3958,1903600
2016-09-02,26.5147,26.7277,26.4788,26.6515,2232400
2016-09-06,26.7143,26.8982,26.4294,26.721,2182400
2016-09-07,26.656,26.6784,26.4945,26.5304,2840800
2016-09-08,26.4227,26.4339,26.268,26.2814,1958000
2016-09-09,26.12,26.2186,25.4606,25.5234,5355600
2016-09-12,25.584,25.7724,25.5122,25.7297,3718800
2016-09-13,25.5122,25.6513,25.3126,25.3283,4372000
2016-09-14,25.3485,25.5795,25.2476,25.3732,3331200
2016-09-15,25.3395,25.6939,25.2386,25.5862,2726400
2016-09-16,25.4651,25.5593,25.3216,25.4135,4370400
2016-09-19,25.4629,25.6311,25.3597,25.4135,1578400
2016-09-20,25.5907,25.6266,25.418,25.5346,2008000
2016-09-21,25.5481,25.7634,25.344,25.7253,2166800
2016-09-22,25.7881,26.0684,25.7253,25.8127,1569600
2016-09-23,25.7858,25.9832,25.5593,25.6019,1412800
2016-09-26,25.5324,25.5616,25.3642,25.3844,1738400
2016-09-27,25.3844,25.5032,25.1915,25.4382,2927600
2016-09-28,26.6627,26.6649,25.9293,26.0527,5900800
2016-09-29,25.9136,26.0303,24.9134,24.974,6044800
2016-09-30,25.0951,25.2992,24.9673,25.2521,5656000
2016-10-03,25.2902,25.5436,25.1534,25.2117,3142000
2016-10-04,25.2162,25.2857,24.7654,25.0009,3355600
2016-10-05,24.9717,25.0973,24.8058,24.8753,3086000
2016-10-06,24.7587,25.1175,24.7385,25.0637,2028000
2016-10-07,25.1242,25.1242,24.7452,24.7721,2446000
2016-10-10,24.8574,24.974,24.7811,24.8439,1872000
2016-10-11,24.7385,24.8708,24.4402,24.5165,2054000
2016-10-12,24.5748,24.6937,24.4985,24.6129,1552800
2016-10-13,24.5254,24.6174,24.3079,24.5187,1660000
2016-10-14,24.5479,24.7026,24.4963,24.5008,1298400
2016-10-17,24.4492,24.5681,24.2563,24.2765,1822800
2016-10-18,24.5075,24.9,24.2877,24.3102,2201200
2016-10-19,24.2608,24.3954,24.1734,24.2384,2196400
2016-10-20,24.198,24.216,23.8078,23.8998,3856800
2016-10-21,23.8011,23.9424,23.7405,23.8728,2665600
2016-10-24,24.0119,24.1308,23.893,23.9895,1520000
2016-10-25,23.9155,23.9783,23.7876,23.9356,2392800
2016-10-26,23.8437,23.9581,23.7181,23.9087,1853600
2016-10-27,23.9581,23.9962,23.6419,23.6979,1653200
2016-10-28,23.6665,23.9356,23.6127,23.7562,1883200
2016-10-31,23.8728,24.0253,23.7181,23.9222,2906800
2016-11-01,23.8728,23.893,23.3144,23.4041,3372000
2016-11-02,23.3746,23.5018,23.2815,23.2996,2933200
2016-11-03,23.3292,23.4269,23.1861,23.3951,2328000
2016-11-04,23.4496,23.5881,23.3678,23.4109,1973200
2016-11-07,23.6563,23.8198,23.5722,23.8085,1752400
2016-11-08,23.8039,24.0697,23.7017,23.9948,1649200
2016-11-09,23.5177,24.499,23.3633,24.4173,3264800
2016-11-10,24.465,24.6217,24.3877,24.5286,3221600
2016-11-11,24.3718,24.7239,24.3037,24.6967,2598400
2016-11-14,24.7943,24.9806,24.5808,24.7694,2839200
2016-11-15,24.842,24.8875,24.6149,24.7921,2519600
2016-11-16,24.7012,24.7762,24.5263,24.758,2294800
2016-11-17,24.7625,25.1464,24.758,25.0783,2324400
2016-11-18,25.0715,25.3895,24.9284,25.3759,6089200
2016-11-21,25.4372,25.6257,25.2123,25.6212,2372000
2016-11-22,25.6258,26.1278,25.6258,26.0869,2892400
2016-11-23,26.1391,26.2868,26.0278,26.1959,2333600
2016-11-25,26.2981,26.464,26.1391,26.4617,1143600
2016-11-28,26.389,26.4844,26.305,26.3799,2686400
2016-11-29,26.3913,26.4117,26.2413,26.255,2168000
2016-11-30,26.2618,26.2936,25.9824,26.0324,2870000
2016-12-01,26.0346,26.3527,25.9438,26.3254,2524800
2016-12-02,26.289,26.5344,26.205,26.498,2213200
2016-12-05,26.5775,26.8456,26.5094,26.8161,2726000
2016-12-06,26.7797,26.9251,26.7252,26.8956,2153600
2016-12-07,26.9501,27.3726,26.9046,27.3431,2127200
2016-12-08,27.2749,27.4635,27.1114,27.3839,1918800
2016-12-09,27.3431,27.4771,27.2681,27.4203,1925600
2016-12-12,27.4248,27.5498,27.2704,27.3453,2829600
2016-12-13,27.393,27.4566,27.184,27.3839,2540800
2016-12-14,27.443,27.5816,27.1295,27.1523,2639200
2016-12-15,27.4862,27.761,27.1886,27.2613,2609200
2016-12-16,27.3022,27.393,27.0818,27.1886,14391200
2016-12-19,27.3362,27.518,27.2567,27.2931,3330000
2016-12-20,27.3044,27.3703,27.1318,27.209,1902000
2016-12-21,27.2522,27.3181,27.1,27.1477,2211600
2016-12-22,27.2772,27.309,27.0546,27.2795,4055200
2016-12-23,26.5957,26.6661,25.6689,26.4322,9572000
2016-12-27,26.4367,26.5775,26.3549,26.4753,2516400
2016-12-28,26.4821,26.5571,26.23,26.2595,1869600
2016-12-29,26.2413,26.4708,26.2254,26.4231,2053600
2016-12-30,26.4821,26.5548,26.2164,26.2504,2792000
2017-01-03,26.4344,26.5912,26.3299,26.4231,3434800
2017-01-04,26.4049,26.7388,26.3708,26.648,2493600
2017-01-05,26.5526,26.7388,26.3572,26.414,2394800
2017-01-06,26.4662,26.5685,26.3004,26.5094,1718800
2017-01-09,26.4571,26.4571,26.1323,26.2323,2098800
2017-01-10,26.1732,26.2186,26.0642,26.0733,3579600
2017-01-11,26.0778,26.2504,26.0437,26.1959,1863200
2017-01-12,26.1437,26.1777,25.7166,25.9869,2344000
2017-01-13,25.9597,26.096,25.8484,26.0233,1795200
2017-01-17,25.8529,25.9574,25.7393,25.8211,1220400
2017-01-18,25.8915,25.9256,25.7212,25.8892,1698800
2017-01-19,25.887,25.9597,25.7212,25.837,1529600
2017-01-20,25.9551,25.9824,25.7393,25.8688,1487600
2017-01-23,25.8438,25.9097,25.6598,25.8597,1068400
2017-01-24,25.8393,26.2504,25.8393,26.2391,2436800
2017-01-25,26.2936,26.5753,26.2118,26.5207,3135600
2017-01-26,26.5503,26.7933,26.498,26.6661,1742000
2017-01-27,26.6525,26.7138,26.5185,26.6434,1912800
2017-01-30,26.6048,26.6048,26.1914,26.3958,1552800
2017-01-31,26.3822,26.4708,26.1596,26.3754,2589200
2017-02-01,26.3049,26.6502,26.0165,26.0891,3098400
2017-02-02,26.0074,26.23,25.9529,26.1732,2363600
2017-02-03,26.2777,26.5048,25.971,26.3754,1538400
2017-02-06,26.2981,26.3163,26.0573,26.1141,1962400
2017-02-07,26.1959,26.2005,25.9801,26.0755,2251200
2017-02-08,26.0165,26.1096,25.8484,25.9756,1708800
2017-02-09,26.021,26.2323,25.9869,26.205,1896400
2017-02-10,26.2345,26.5775,26.1618,26.5139,2891600
2017-02-13,26.6321,26.7252,26.4935,26.5753,1792000
2017-02-14,26.4776,26.5821,26.3731,26.5821,1449200
2017-02-15,26.5185,26.941,26.4571,26.8978,2030800
2017-02-16,26.9024,27.1477,26.8138,27.1477,1856400
2017-02-17,27.025,27.1182,26.8251,26.9433,5742000
2017-02-21,26.9546,27.0796,26.8115,26.9047,1805600
2017-02-22,26.832,26.9955,26.7229,26.9864,1966400
2017-02-23,27.0364,27.0364,26.7116,26.9024,1580800
2017-02-24,26.8206,27.0478,26.6366,27.0478,1578400
2017-02-27,27.0069,27.0886,26.9296,27.0568,995600
2017-02-28,27.0296,27.0296,26.7706,26.807,1652000
2017-03-01,26.9614,27.2567,26.9228,27.175,2340400
2017-03-02,27.1,27.1023,26.8797,26.9274,1672800
2017-03-03,26.9524,26.9955,26.7752,26.8978,1688000
2017-03-06,26.8206,26.966,26.6798,26.9433,1148000
2017-03-07,26.8524,27.0296,26.757,26.866,1670000
2017-03-08,26.832,26.9773,26.7979,26.8865,1304400
2017-03-09,26.9387,26.9773,26.6252,26.7752,1331600
2017-03-10,26.9501,27.0932,26.8615,27.0387,1798400
2017-03-13,27.0046,27.1182,26.9796,27.0614,1346800
2017-03-14,27.0296,27.0955,26.7706,26.9069,1293600
2017-03-15,26.9978,27.1613,26.9092,27.1363,1661600
2017-03-16,27.1818,27.259,27.016,27.0864,1204400
2017-03-17,27.7837,28.6061,27.4476,28.3653,8883600
2017-03-20,28.3516,28.4948,28.0995,28.2381,4122000
2017-03-21,28.3971,28.5515,28.0813,28.1177,3992800
2017-03-22,28.1881,28.4402,28.1018,28.2517,3414000
2017-03-23,28.2426,29.2694,27.8814,28.6106,5657600
2017-03-24,28.7151,28.7174,28.3585,28.4243,2838000
2017-03-27,28.3766,28.5674,28.0427,28.4221,2448400
2017-03-28,28.3789,28.7242,28.2131,28.6674,2009600
2017-03-29,28.5311,28.7514,28.5311,28.7219,2748400
2017-03-30,28.6651,28.9513,28.6629,28.8446,1807200
2017-03-31,28.8219,28.865,28.6788,28.7446,2571200
2017-04-03,28.8173,28.8423,28.3312,28.338,2756400
2017-04-04,28.2858,28.4153,28.1495,28.3585,1757200
2017-04-05,28.3857,28.5561,28.0859,28.1154,1805600
2017-04-06,28.0904,28.129,27.9041,27.9882,2068400
2017-04-07,27.9564,28.0495,27.8042,27.8405,2824400
2017-04-10,27.7974,28.1199,27.7042,27.8633,2416800
2017-04-11,27.7224,27.9314,27.6384,27.9314,1922800
2017-04-12,28.0064,28.1086,27.6497,27.7997,1256400
2017-04-13,27.8314,27.9041,27.5952,27.6406,1216000
2017-04-17,27.7451,27.9382,27.7065,27.9359,1238800
2017-04-18,27.8701,27.9518,27.6452,27.7974,1383200
2017-04-19,27.7974,27.9882,27.7474,27.861,1327600
2017-04-20,28.0245,28.0677,27.8587,27.9632,1512400
2017-04-21,27.9859,28.1404,27.9269,27.9723,2471200
2017-04-24,28.2154,28.5107,28.1767,28.497,2202800
2017-04-25,28.5515,28.6833,28.3562,28.4198,2012800
2017-04-26,28.4334,28.4811,28.2176,28.2199,2100800
2017-04-27,28.204,28.4039,28.0904,28.154,1735600
2017-04-28,28.1722,28.1722,27.8065,27.8201,2637200
2017-05-01,27.6225,27.8792,27.4521,27.6179,2937200
2017-05-02,27.6361,27.8905,27.5339,27.6702,1732800
2017-05-03,27.6611,27.6952,27.2477,27.4589,2042000
2017-05-04,27.5248,27.702,27.4271,27.6997,1382000
2017-05-05,27.7997,27.9405,27.6452,27.9382,1284400
2017-05-08,27.8678,27.9041,27.4271,27.4657,1858800
2017-05-09,27.4317,27.6361,27.384,27.5998,1411200
2017-05-10,27.5907,27.677,27.4566,27.5861,1693600
2017-05-11,27.5339,27.8405,27.4226,27.836,1810800
2017-05-12,27.7542,27.8451,27.5929,27.7815,1556800
2017-05-15,27.761,27.9019,27.5589,27.7974,1243200
2017-05-16,27.7679,27.8474,27.6565,27.8428,1920400
2017-05-17,27.6384,27.7315,27.2863,27.2976,2073600
2017-05-18,27.3408,27.5248,27.1545,27.3908,1994000
2017-05-19,27.4089,27.577,27.1977,27.4907,7150400
2017-05-22,27.518,27.6929,27.4476,27.6543,1659600
2017-05-23,27.702,27.8337,27.5793,27.8019,1452800
2017-05-24,27.8837,28.3653,27.8042,28.3244,1884800
2017-05-25,28.413,28.597,28.313,28.5197,1185600
2017-05-26,28.4289,28.5288,28.2812,28.4312,1112000
2017-05-30,28.3017,28.3834,28.1154,28.338,1335600
2017-05-31,28.4062,28.6083,28.288,28.5947,2685200
2017-06-01,28.6492,28.8332,28.3448,28.8332,1565600
2017-06-02,28.8968,29.2398,28.8491,29.1399,1276000
2017-06-05,29.1899,29.1989,28.7355,28.7605,1440800
2017-06-06,28.7355,28.8014,28.2971,28.3108,1433200
2017-06-07,28.4062,28.4766,28.1699,28.279,1338000
2017-06-08,28.2472,28.2676,27.9405,28.0927,2055200
2017-06-09,28.1131,28.179,27.9996,28.0995,1644400
2017-06-12,28.0563,28.706,28.0563,28.6901,1884000
2017-06-13,28.6788,28.9968,28.6197,28.9059,1506800
2017-06-14,29.049,29.2285,28.8173,29.0672,1780800
2017-06-15,28.9423,29.0876,28.7219,29.0286,1306800
2017-06-16,28.8537,29.6351,28.8537,29.6328,3898000
2017-06-19,29.7146,29.8509,29.442,29.8373,2065200
2017-06-20,29.8441,29.8441,29.4874,29.5465,1277200
2017-06-21,29.5283,29.5738,29.2807,29.442,1194800
2017-06-22,29.4693,29.4693,29.3193,29.3398,1227600
2017-06-23,29.3739,29.5965,29.3103,29.3966,1495200
2017-06-26,29.5329,29.6396,29.333,29.417,760000
2017-06-27,29.0763,29.2716,28.5629,28.5811,2519600
2017-06-28,28.8105,28.9672,28.5788,28.7946,1339200
2017-06-29,28.7355,28.7355,28.0836,28.2472,1818000
2017-06-30,28.463,28.7424,28.4153,28.6311,1873600
2017-07-03,28.7969,28.8741,28.6083,28.6197,1104800
2017-07-05,28.6424,29.1353,28.4993,28.6492,2919600
2017-07-06,28.4879,28.5038,28.0359,28.1063,2441200
2017-07-07,28.1767,28.7651,28.1767,28.6515,2046400
2017-07-10,28.5765,28.8469,28.5016,28.7446,2184400
2017-07-11,28.6265,28.7265,28.3607,28.5833,1348800
2017-07-12,28.8378,28.9491,28.7128,28.8855,1235600
2017-07-13,28.9286,29.049,28.5743,28.7287,1138000
2017-07-14,28.7901,28.8332,28.6833,28.7196,1722400
2017-07-17,28.7083,28.756,28.5311,28.6651,1560800
2017-07-18,28.6606,28.6924,28.472,28.4902,1356800
2017-07-19,28.5356,28.6583,28.4062,28.6401,1939600
2017-07-20,28.7469,28.8378,28.4766,28.7992,1986000
2017-07-21,29.8123,31.6636,29.7873,31.4455,9363600
2017-07-24,31.4365,31.6318,31.0049,31.391,4464800
2017-07-25,31.5069,31.5069,31.0548,31.1889,3294000
2017-07-26,31.1684,31.3411,31.0503,31.1457,2092800
2017-07-27,31.1298,31.1298,30.7118,30.8527,2518800
2017-07-28,30.8572,30.9662,30.6891,30.805,2279200
2017-07-31,30.8254,30.8708,30.5619,30.6323,2548400
2017-08-01,31.2797,31.7431,30.5187,30.7845,2368000
2017-08-02,30.6914,30.8004,30.387,30.6664,2641600
2017-08-03,30.6732,30.8004,30.362,30.471,1938800
2017-08-04,30.5846,30.73,30.3211,30.6664,1423200
2017-08-07,30.63,30.7482,30.4756,30.5415,1773200
2017-08-08,30.5301,30.655,30.228,30.3007,3050400
2017-08-09,30.2711,30.3779,30.1053,30.2802,2210000
2017-08-10,30.1825,30.2325,29.6851,29.7146,2814800
2017-08-11,29.8305,29.9236,29.551,29.6056,1898400
2017-08-14,29.8486,30.2893,29.8032,30.2007,1602400
2017-08-15,30.1621,30.3915,30.0349,30.2461,1702000
2017-08-16,30.2825,30.471,30.2507,30.2893,1310800
2017-08-17,30.2507,30.2507,29.7396,29.8009,1739600
2017-08-18,29.7373,30.1848,29.5692,30.1235,3703200
2017-08-21,30.1212,30.6369,29.9985,30.4097,3522400
2017-08-22,30.4211,30.7641,30.4211,30.7255,1487600
2017-08-23,30.655,30.655,30.4392,30.4506,2317200
2017-08-24,30.4597,30.4619,29.8986,30.2575,2363200
2017-08-25,30.4165,30.6891,30.2893,30.3983,1817600
2017-08-28,30.5187,30.6051,30.2575,30.4074,1654800
2017-08-29,30.2416,30.3506,30.1189,30.2053,1586000
2017-08-30,30.1848,30.4392,30.0962,30.387,1207200
2017-08-31,30.4188,30.73,30.3416,30.6687,1866400
2017-09-01,30.8118,30.8118,30.5051,30.5664,1283200
2017-09-05,30.4892,30.6005,30.1212,30.278,1713200
2017-09-06,30.3802,30.4756,30.1735,30.3029,2097200
2017-09-07,30.3393,30.3393,30.019,30.2439,1596400
2017-09-08,30.1462,30.4006,29.9281,30.3756,1302000
2017-09-11,30.4279,30.7232,30.3302,30.6664,1279200
2017-09-12,30.6482,30.805,30.5324,30.5937,1690800
2017-09-13,30.5778,30.7391,30.3416,30.7232,1440000
2017-09-14,30.6255,30.6255,30.3302,30.5778,1571200
2017-09-15,30.571,30.6868,30.3756,30.4733,3529200
2017-09-18,30.4892,30.5551,30.3711,30.5074,1731200
2017-09-19,30.5369,30.621,30.4256,30.6096,1927200
2017-09-20,30.6664,31.0594,30.6278,31.0117,2477600
2017-09-21,30.989,31.2638,30.7822,31.2229,1943600
2017-09-22,31.2048,31.575,31.0026,31.0412,2252000
2017-09-25,31.0866,31.2275,30.9617,31.0912,3276800
2017-09-26,31.1071,31.1502,30.9095,30.9163,3036800
2017-09-27,32.5768,32.938,32.3383,32.7131,10908000
2017-09-28,32.6358,32.679,32.202,32.4314,3384400
2017-09-29,32.3701,32.8608,32.3224,32.7744,3752800
2017-10-02,32.8244,33.0788,32.7176,33.0357,2987600
2017-10-03,33.047,33.4922,33.0107,33.4786,3153600
2017-10-04,33.3628,33.5377,33.2106,33.4377,3080400
2017-10-05,33.4968,33.6694,33.2742,33.6217,2437200
2017-10-06,33.6194,33.9556,33.4968,33.8648,2458800
2017-10-09,33.9125,34.0647,33.8648,33.9829,1600800
2017-10-10,33.967,34.1714,33.967,34.1283,2304400
2017-10-11,34.0783,34.2373,33.9852,34.226,1632000
2017-10-12,34.1873,34.4713,34.1851,34.4168,2391200
2017-10-13,34.4986,34.6371,34.3941,34.5145,2090000
2017-10-16,34.6417,34.6417,34.2691,34.3509,1473600
2017-10-17,34.4713,34.6212,34.1487,34.3123,1600400
2017-10-18,34.3918,34.4872,34.3168,34.3373,1722800
2017-10-19,34.1874,34.2941,33.9466,34.2896,2818000
2017-10-20,34.4804,34.7166,34.31,34.5735,1869200
2017-10-23,34.5531,34.5735,34.3827,34.4122,1048000
2017-10-24,34.4213,34.5122,34.1646,34.2669,1574400
2017-10-25,34.2282,34.3191,33.9602,34.1101,1884400
2017-10-26,34.2714,34.4599,34.2192,34.4259,1539200
2017-10-27,34.2646,34.4508,34.0988,34.4281,1503600
2017-10-30,34.3554,34.3554,33.8875,33.8966,1228400
2017-10-31,34.0601,34.1306,33.8284,33.8557,1903600
2017-11-01,33.8125,33.858,33.0697,33.4195,2777600
2017-11-02,33.4059,33.6967,33.1947,33.5172,2039600
2017-11-03,33.5309,33.7353,33.4127,33.7035,1501200
2017-11-06,33.6308,33.7012,33.3832,33.5218,2318400
2017-11-07,33.6331,33.7194,33.465,33.5899,1343600
2017-11-08,33.49,33.9965,33.465,33.9852,1616800
2017-11-09,33.8681,33.9232,33.1608,33.3973,2131600
2017-11-10,33.2572,33.5603,33.2572,33.5511,1660800
2017-11-13,33.4983,33.9347,33.4708,33.8382,2638000
2017-11-14,33.6591,34.3228,33.6591,34.2631,2412800
2017-11-15,34.0793,34.3664,33.9025,34.3319,2809200
2017-11-16,34.3388,34.5891,34.2745,34.472,2094400
2017-11-17,34.3962,34.4651,34.0633,34.1987,1523200
2017-11-20,34.1574,34.2539,33.9989,34.0449,1921200
2017-11-21,34.1643,34.185,33.8061,33.891,2340000
2017-11-22,33.8864,33.9209,33.6568,33.8405,1710400
2017-11-24,33.9714,34.038,33.8704,33.9209,1094000
2017-11-27,33.9668,34.2401,33.8979,33.9783,2098800
2017-11-28,34.0311,34.9474,33.9369,34.9129,2297600
2017-11-29,34.9015,35.3355,34.8004,35.3033,2824800
2017-11-30,35.2161,36.2403,35.138,36.1553,8772800
2017-12-01,36.0979,36.3827,35.6019,36.1691,2998400
2017-12-04,36.3781,36.6697,36.1783,36.447,3188400
2017-12-05,36.486,36.6353,35.8476,35.8889,2448400
2017-12-06,36.0267,36.1921,35.8568,35.9395,1482000
2017-12-07,35.8338,36.4814,35.8223,36.2839,1585600
2017-12-08,36.4079,36.5618,36.2495,36.5549,1308400
2017-12-11,36.509,36.7042,36.2724,36.3597,1841200
2017-12-12,36.3551,36.3735,36.0451,36.0979,1271200
2017-12-13,36.1921,36.4814,36.0612,36.1209,2027200
2017-12-14,36.2885,36.3092,36.0313,36.0956,2050400
2017-12-15,36.2587,36.4952,35.9854,36.2839,4753200
2017-12-18,36.5136,36.7914,36.4194,36.7157,3438800
2017-12-19,36.9729,36.9729,36.3758,36.5113,2679600
2017-12-20,36.5893,36.7547,36.4883,36.5342,2048800
2017-12-21,36.8649,36.8787,36.2081,36.6628,3745600
2017-12-22,37.2025,37.5355,35.138,36.0198,9067600
2017-12-26,35.9486,36.2013,35.6892,35.7144,2011600
2017-12-27,35.8154,35.9349,35.6547,35.8292,1527200
2017-12-28,35.82,35.99,35.5513,35.967,1762800
2017-12-29,36.052,36.0772,35.781,35.7856,1667200
2018-01-02,36.114,36.176,35.8109,36.0198,1912400
2018-01-03,35.8729,36.4378,35.8729,36.3804,2119200
2018-01-04,36.4424,37.0395,36.3804,37.0119,2271200
2018-01-05,37.0463,37.1497,36.8971,37.1198,2351200
2018-01-08,37.0601,37.3357,36.7042,37.1795,2608800
2018-01-09,37.2025,37.253,37.0073,37.0234,1796800
2018-01-10,36.9683,37.0463,36.695,36.819,1612400
2018-01-11,36.8121,37.2576,36.7088,37.214,2119600
2018-01-12,37.1589,37.2599,36.757,36.8489,1796400
2018-01-16,36.9981,37.2278,36.9292,37.0234,3043600
2018-01-17,37.0486,37.4436,37.0486,37.3564,3109200
2018-01-18,36.9476,37.4253,36.7432,37.1566,2312800
2018-01-19,37.1887,37.7008,37.0349,37.6756,1789600
2018-01-22,37.6618,37.9374,37.4827,37.9236,1896000
2018-01-23,37.8662,37.9558,37.5378,37.8685,1676400
2018-01-24,37.9695,38.0774,37.8088,37.8868,1580000
2018-01-25,38.1004,38.4793,38.0752,38.2543,1984400
2018-01-26,38.3117,38.5344,38.1257,38.5276,1489600
2018-01-29,38.4334,38.4839,38.0223,38.1211,1934000
2018-01-30,38.1509,38.3461,37.9167,38.0798,1748000
2018-01-31,38.19,39.0305,38.1808,38.6837,4130000
2018-02-01,38.5505,38.6561,37.6618,37.9328,2428000
2018-02-02,37.7491,37.8846,37.1267,37.1612,1786800
2018-02-05,37.2737,37.5194,35.9234,35.9303,3058800
2018-02-06,35.4618,36.1255,34.8877,35.905,4228400
2018-02-07,35.7603,36.6192,35.7075,35.9624,2656400
2018-02-08,35.9142,36.0061,34.2745,34.2906,2877600
2018-02-09,34.6328,35.386,33.8451,35.0737,3965200
2018-02-12,35.2367,35.742,35.0048,35.4572,1936800
2018-02-13,35.2873,35.9624,35.1334,35.8407,1103600
2018-02-14,35.5697,37.772,35.4939,37.7445,5011200
2018-02-15,37.9443,38.3714,37.4919,38.337,2596400
2018-02-16,38.4311,38.5505,38.1946,38.3783,2350800
2018-02-20,38.2015,38.7044,38.0063,38.2704,2172400
2018-02-21,38.2221,38.9754,38.1785,38.4288,2023600
2018-02-22,38.3921,38.8307,38.2635,38.3691,1988400
2018-02-23,38.6814,39.0695,38.2658,39.0374,1903200
2018-02-26,39.2004,39.2693,38.81,39.2211,3060000
2018-02-27,39.2693,39.4002,39.1108,39.2693,3102000
2018-02-28,39.4599,39.7079,39.1912,39.1912,3396800
2018-03-01,39.3313,39.6528,38.6676,38.9386,2893200
2018-03-02,38.6217,39.1912,38.3691,39.0259,2245200
2018-03-05,38.7205,39.4416,38.3944,39.3635,1535200
2018-03-06,39.4186,39.5265,39.1154,39.4989,1888000
2018-03-07,39.3061,39.6781,39.3061,39.5426,2233200
2018-03-08,39.5564,39.6758,39.2119,39.5518,1853200
2018-03-09,39.7424,40.9549,39.6115,40.9457,1827200
2018-03-12,40.8585,40.8585,40.142,40.5576,2542800
2018-03-13,40.8768,40.9411,40.3578,40.4474,1395200
2018-03-14,40.5668,40.5668,39.8205,39.8687,1509200
2018-03-15,39.9835,40.0685,39.6505,39.7975,1486000
2018-03-16,39.9697,40.1534,39.6253,39.7929,3955600
2018-03-19,39.7217,39.8021,39.3267,39.7263,2244000
2018-03-20,39.7676,40.0823,39.6,39.6184,1776000
2018-03-21,39.7033,40.2797,39.6344,39.7952,2076400
2018-03-22,39.2601,39.5127,37.2278,37.4574,4496400
2018-03-23,38.2887,40.119,37.8937,38.5459,5814000
2018-03-26,39.1752,39.6873,38.6332,39.2647,3508800
2018-03-27,40.0203,40.1649,38.7251,38.9455,2456000
2018-03-28,38.9593,39.2854,38.6952,38.8215,2274400
2018-03-29,38.9317,39.5265,38.709,39.1729,2302000
2018-04-02,39.0649,39.267,38.0017,38.4564,2336400
2018-04-03,38.6883,39.0534,38.5092,39.0006,2562000
2018-04-04,38.5758,39.0948,38.3232,38.9157,2182800
2018-04-05,39.166,39.6413,38.9478,39.4301,2036800
2018-04-06,39.0603,39.3084,37.9672,38.291,1397200
2018-04-09,38.5873,39.0994,38.4678,38.5046,1574000
2018-04-10,39.0397,39.3772,38.8766,39.1155,2014800
2018-04-11,38.8628,39.2142,38.7825,39.0718,1688000
2018-04-12,39.1843,39.7378,39.1843,39.538,1687600
2018-04-13,39.6712,39.6712,38.9432,39.0764,1615600
2018-04-16,39.414,39.7401,39.2027,39.7079,1379600
2018-04-17,39.894,40.2109,39.8503,39.9468,1766800
2018-04-18,40.0203,40.1328,39.5173,40.0455,1202400
2018-04-19,40.0019,40.142,39.7125,39.995,1025200
2018-04-20,39.8985,40.1052,39.5655,39.7562,1348000
2018-04-23,39.9399,39.9789,39.5816,39.7562,1404400
2018-04-24,40.0731,40.1879,39.0121,39.3841,1654000
2018-04-25,39.29,39.561,38.98,39.3129,1432400
2018-04-26,39.4829,39.8411,39.1889,39.7033,1394000
2018-04-27,39.7079,39.9192,39.4783,39.7998,1176000
2018-04-30,39.7814,40.1098,39.0971,39.1086,3061200
2018-05-01,38.9455,39.6505,38.81,39.577,1926800
2018-05-02,39.561,39.7585,39.0718,39.2372,1500000
2018-05-03,39.0489,40.0478,39.0397,39.7309,2214800
2018-05-04,39.5678,40.3326,39.4737,40.2407,1667600
2018-05-07,40.3349,40.5232,40.0823,40.3601,2445600
2018-05-08,40.3257,40.5875,40.1879,40.5645,1537600
2018-05-09,40.5691,41.1065,40.2889,41.0789,1285200
2018-05-10,41.2764,41.8344,41.1432,41.7862,1209600
2018-05-11,41.6668,42.2524,41.6369,42.234,1352400
2018-05-14,42.172,42.3052,41.947,42.0871,1348000
2018-05-15,41.8735,42.0848,41.7127,42.0595,1349600
2018-05-16,41.9906,42.172,41.7288,41.8298,1249200
2018-05-17,41.8941,42.1353,41.7587,41.8528,1548400
2018-05-18,41.9263,42.11,41.6438,41.9906,1372800
2018-05-21,42.0251,42.1697,41.9332,42.1238,1702800
2018-05-22,42.1399,42.1766,41.4808,41.5359,1536800
2018-05-23,41.4073,41.5359,41.1409,41.5106,1609600
2018-05-24,41.6002,41.7954,41.3223,41.715,1278800
2018-05-25,41.5841,41.7885,41.3591,41.529,1181200
2018-05-29,41.2879,41.7036,41.1271,41.4785,1423600
2018-05-30,41.6209,42.0756,41.4693,42.0595,1303600
2018-05-31,42.0779,42.2639,41.7173,41.8528,4642400
2018-06-01,41.9952,42.4108,41.8413,42.3833,1838000
2018-06-04,42.482,42.985,42.4774,42.9,1559200
2018-06-05,43.024,43.6096,43.0125,43.5935,1708000
2018-06-06,43.6211,43.9403,43.5223,43.8461,1709600
2018-06-07,43.8163,43.9104,43.1319,43.419,1678400
2018-06-08,43.4443,43.9954,43.3294,43.9724,1158800
2018-06-11,43.9219,44.0712,43.6257,43.752,1315200
2018-06-12,43.9173,44.2687,43.899,44.1607,1192800
2018-06-13,44.1263,44.5718,44.1263,44.1607,1421600
2018-06-14,44.3445,44.3445,43.8163,43.9908,1948000
2018-06-15,44.0276,44.0299,43.4741,43.7497,3722000
2018-06-18,43.7772,43.9655,43.4764,43.8691,1598800
2018-06-19,43.5752,43.8025,43.1411,43.7589,1388000
2018-06-20,43.8668,43.9472,43.5269,43.6969,1356000
2018-06-21,43.6578,43.7704,43.1756,43.5086,1253600
2018-06-22,43.7336,43.8599,43.2582,43.318,1910000
2018-06-25,43.2605,43.3685,42.4154,42.6175,2347200
2018-06-26,42.7025,43.0378,42.6772,42.8495,1701600
2018-06-27,42.7232,43.1687,42.2914,42.3351,1575600
2018-06-28,42.3649,42.776,42.2983,42.6129,1004400
2018-06-29,42.6658,43.2123,42.4935,42.5004,1753200
2018-07-02,42.3098,43.3731,42.071,43.3225,1804800
2018-07-03,43.3983,43.5912,42.9322,42.962,969200
2018-07-05,43.1342,43.543,42.9919,43.4948,1633600
2018-07-06,43.4787,44.0666,43.334,43.9242,1105600
2018-07-09,44.0712,44.3192,43.977,44.3008,2306000
2018-07-10,44.3376,44.6246,44.1814,44.3881,1682000
2018-07-11,44.1079,44.6223,44.0804,44.4501,1910000
2018-07-12,44.6797,44.8221,44.3445,44.7946,1426000
2018-07-13,44.9186,45.0725,44.7739,44.9439,1280000
2018-07-16,44.9599,45.015,44.1309,44.2067,2048400
2018-07-17,44.4731,44.6866,44.2319,44.6108,1998400
2018-07-18,44.5259,44.7785,44.1309,44.2136,2157600
2018-07-19,44.2296,44.5374,43.9724,44.4777,2693200
2018-07-20,45.1253,46.9119,44.7946,46.7489,5224800
2018-07-23,46.7879,47.7616,46.719,47.1048,4162000
2018-07-24,46.9785,47.7616,46.9785,47.5342,3312400
2018-07-25,47.4539,48.0854,47.339,48.0532,2458400
2018-07-26,48.2163,48.3127,47.6353,47.9476,2083200
2018-07-27,47.9866,48.0464,46.7144,47.0841,2052400
2018-07-30,47.0589,47.075,46.2436,46.556,2602400
2018-07-31,46.82,47.0681,46.5559,46.9578,3031200
2018-08-01,46.8476,47.4493,46.8476,47.3,2485600
2018-08-02,47.1668,47.8741,47.1071,47.8075,2140800
2018-08-03,47.7846,47.9109,47.1117,47.5182,1530400
2018-08-06,47.5618,48.4574,47.5434,48.2691,1740000
2018-08-07,48.4322,48.7468,48.3426,48.5079,1442800
2018-08-08,48.501,48.6894,48.3288,48.4092,1668400
2018-08-09,48.5217,48.8202,48.4597,48.547,1868800
2018-08-10,48.0417,48.6388,48.0326,48.4528,1477200
2018-08-13,48.485,48.6664,48.028,48.152,1098400
2018-08-14,48.1566,48.586,47.8718,48.2898,2202400
2018-08-15,48.1175,48.6021,47.9246,48.5493,1935600
2018-08-16,48.7307,48.919,48.524,48.6687,1275600
2018-08-17,48.8409,48.9374,48.5975,48.8639,1696400
2018-08-20,49.0568,49.1372,48.7582,48.8845,1870800
2018-08-21,48.9397,49.1073,48.6526,48.671,1956400
2018-08-22,48.586,49.0775,48.4574,48.7812,1142000
2018-08-23,48.6756,48.8685,48.4804,48.7743,992800
2018-08-24,48.8455,49.0729,48.5699,48.8294,913600
2018-08-27,49.0017,49.128,48.6159,48.6939,1439200
2018-08-28,48.8432,49.0315,48.7123,48.9351,1018400
2018-08-29,49.0384,49.3163,48.7766,49.2061,1180800
2018-08-30,49.0729,49.2061,48.7628,48.9856,834000
2018-08-31,48.8914,49.0797,48.8157,48.9994,1562400
2018-09-04,48.9649,49.6424,48.9649,49.4977,1639200
2018-09-05,49.2497,49.7962,49.0109,49.2887,2059600
2018-09-06,49.2795,49.7526,49.1992,49.6952,1107600
2018-09-07,49.5344,49.9111,49.2451,49.6562,1157200
2018-09-10,49.6929,49.6929,49.1624,49.2451,1575200
2018-09-11,49.0752,49.8054,48.7973,49.4173,1329600
2018-09-12,48.9672,49.461,48.6756,48.8937,1884000
2018-09-13,49.2038,49.2336,48.8983,48.9994,1796000
2018-09-14,48.9948,49.3875,48.8386,49.2543,1250800
2018-09-17,49.2589,49.2589,48.6228,48.7927,1684400
2018-09-18,48.9534,49.477,48.8593,49.3461,2271200
2018-09-19,49.3117,49.3369,48.191,48.4138,1767600
2018-09-20,48.5699,48.7422,48.1841,48.6136,1674000
2018-09-21,48.7513,49.1303,48.4896,48.6159,3394800
2018-09-24,48.6848,48.7812,48.2484,48.4804,1885200
2018-09-25,48.7169,49.0637,48.5286,48.9052,3288000
2018-09-26,47.3482,47.9935,45.9543,46.1954,9292800
2018-09-27,46.2459,46.3883,45.201,45.3756,4696000
2018-09-28,45.162,45.5202,44.7992,45.4261,4429600
2018-10-01,45.6971,45.8486,45.247,45.4743,4650000
2018-10-02,45.2653,45.5478,44.914,44.976,4170800
2018-10-03,45.1643,45.3296,44.8428,45.0196,4172400
2018-10-04,44.9875,45.2194,44.6177,44.7532,3514400
2018-10-05,44.8428,45.2975,44.5557,44.9875,3424000
2018-10-08,44.9392,45.123,44.2021,44.6568,1626000
2018-10-09,44.6981,45.1299,44.5902,44.8543,2677600
2018-10-10,44.8612,44.8612,42.9115,42.9735,3434400
2018-10-11,42.9184,43.4649,42.133,42.2593,4842400
2018-10-12,42.6359,43.1802,42.3764,42.9367,3260400
2018-10-15,42.8839,42.8839,42.2524,42.3443,2196400
2018-10-16,42.528,43.752,42.4866,43.6119,2174000
2018-10-17,43.7979,43.7979,42.5785,42.7599,2872800
2018-10-18,42.7829,42.9413,41.2626,41.5566,3169200
2018-10-19,41.7541,41.8092,40.8332,41.0284,2569200
2018-10-22,41.0858,41.3637,40.599,41.0284,2277200
2018-10-23,40.4152,40.6403,39.2119,40.1144,4284400
2018-10-24,40.0937,40.4612,38.585,38.6676,3633600
2018-10-25,39.0397,40.0639,38.7136,39.8871,3349600
2018-10-26,39.0994,39.9468,38.6263,39.3772,2546400
2018-10-29,39.8411,40.2361,38.81,39.476,3026400
2018-10-30,39.7539,40.9641,39.7539,40.8516,4873600
2018-10-31,41.1065,42.2271,41.1042,41.7655,4223600
2018-11-01,41.8804,41.9424,40.9848,41.5129,3191200
2018-11-02,41.7931,42.195,40.8929,41.2511,2067200
2018-11-05,41.3407,41.5428,40.4795,40.801,2636000
2018-11-06,40.8929,41.1662,40.4451,40.7413,3010400
2018-11-07,41.1868,41.7265,40.9021,41.6576,2839600
2018-11-08,41.6785,42.0896,41.4532,42.078,1607200
2018-11-09,41.9642,41.9642,41.1489,41.6274,1648000
2018-11-12,41.5066,41.8063,40.8981,41.0723,1736000
2018-11-13,41.1977,41.9038,41.0491,41.3742,1847600
2018-11-14,41.6716,41.8086,40.8191,41.1652,1660000
2018-11-15,41.0305,42.3753,40.8818,42.3242,2255200
2018-11-16,42.308,42.733,41.9154,42.5519,1803200
2018-11-19,42.5054,42.596,41.4091,41.711,2607600
2018-11-20,41.3464,41.6042,40.9957,41.2976,2855200
2018-11-21,41.6948,42.2987,41.4184,41.9689,1954800
2018-11-23,41.7459,42.0502,41.5345,41.8202,1138000
2018-11-26,42.2383,42.5681,41.8295,42.3335,2759600
2018-11-27,42.0873,42.6262,41.9991,42.5867,1823200
2018-11-28,42.4473,43.7388,42.4473,43.7225,2754400
2018-11-29,43.618,43.8642,43.1488,43.676,1724400
2018-11-30,43.8479,44.0895,43.4136,43.5227,3189600
2018-12-03,44.1127,44.424,43.5831,43.985,2353200
2018-12-04,44.129,44.129,41.6901,41.6901,2758400
2018-12-06,41.1559,41.4184,40.3197,41.3046,3477600
2018-12-07,41.063,41.4695,39.5834,39.8111,3420000
2018-12-10,39.8111,40.0364,39.2745,39.8436,2603600
2018-12-11,40.3941,40.5729,39.4627,39.5858,2672800
2018-12-12,40.2082,40.8981,40.0898,40.2199,2143600
2018-12-13,40.3708,40.4452,39.6462,39.9133,1715600
2018-12-14,39.5997,39.8784,39.3233,39.4255,2387200
2018-12-17,39.4557,39.6857,38.3966,38.6079,4194400
2018-12-18,38.8681,39.0074,38.292,38.6962,3933200
2018-12-19,38.724,39.7251,38.2827,38.3408,5040400
2018-12-20,37.9529,38.1387,36.2295,36.9402,5766800
2018-12-21,37.4001,38.5916,36.9193,37.1562,9143200
2018-12-24,37.1957,37.2538,36.2295,36.2388,2248400
2018-12-26,36.4524,38.1132,36.2457,38.0992,4056400
2018-12-27,37.5859,38.8564,37.3931,38.8472,2739200
2018-12-28,38.961,39.2606,38.3315,38.7682,2604000
2018-12-31,39.0097,39.1421,38.5034,39.019,2257200
2019-01-02,38.443,38.9238,38.2293,38.9029,2378400
2019-01-03,39.0074,39.4859,38.2084,38.2804,3674000
2019-01-04,38.8355,40.1293,38.4848,40.0805,3482000
2019-01-07,40.0642,40.4545,39.6508,40.1479,2956400
2019-01-08,40.5381,40.7634,39.7507,40.5822,3110000
2019-01-09,40.7564,41.1629,40.4521,40.9376,2433200
2019-01-10,40.8609,41.2535,40.768,41.2233,2244400
2019-01-11,41.1048,41.3278,40.7425,41.2953,1763200
2019-01-14,41.0328,41.214,40.7587,41.0328,1593200
2019-01-15,41.1977,41.3719,40.9004,41.2372,1760000
2019-01-16,41.3162,41.4927,40.9724,41.4068,1978400
2019-01-17,41.2953,42.0989,41.1745,42.02,1652400
2019-01-18,42.4241,43.0489,42.1802,42.949,2552400
2019-01-22,42.7586,42.8887,42.1152,42.4497,1578800
2019-01-23,42.6471,42.7028,41.9387,42.3057,1849600
2019-01-24,42.3567,42.4241,41.9108,42.3939,1121200
2019-01-25,42.8538,43.0466,42.7377,42.9653,1695200
2019-01-28,42.5704,42.6401,42.0803,42.5031,1534400
2019-01-29,42.675,42.7447,42.3475,42.5286,1365600
2019-01-30,42.7702,43.5344,42.4218,43.3462,1737600
2019-01-31,43.3695,43.6459,43.1883,43.5529,2835600
2019-02-01,43.5599,43.8944,43.2417,43.8084,2261600
2019-02-04,43.8038,44.2288,43.4182,44.2149,1422000
2019-02-05,44.2405,44.6074,44.1313,44.5494,1394400
2019-02-06,44.4797,44.568,44.2962,44.4913,1578800
2019-02-07,44.2497,44.6167,44.1104,44.5378,1635600
2019-02-08,44.3241,45.1184,44.2776,45.1138,1335600
2019-02-11,45.3902,45.936,45.2415,45.8989,2683600
2019-02-12,46.2519,46.6654,45.9941,46.591,2460000
2019-02-13,46.6119,47.1229,46.591,46.8628,2168000
2019-02-14,46.4563,46.9998,46.4563,46.7815,1808800
2019-02-15,47.2344,47.3575,46.749,47.3343,2094800
2019-02-19,47.1392,47.3506,47.1113,47.2646,1448800
2019-02-20,47.0997,47.2948,46.6932,47.1647,1055600
2019-02-21,47.2158,47.2809,46.6909,47.1462,1191200
2019-02-22,47.2669,47.6153,47.1485,47.476,1170400
2019-02-25,47.6897,47.8314,47.4737,47.4899,1285600
2019-02-26,47.3111,47.6153,47.174,47.1973,1209200
2019-02-27,47.109,47.7082,46.7327,47.6107,1311600
2019-02-28,47.6432,48.1565,47.4644,47.987,1764400
2019-03-01,48.3214,48.6489,47.9684,48.3934,1568800
2019-03-04,48.5723,48.6931,47.7292,47.9846,1531600
2019-03-05,48.0613,48.0961,47.685,47.7013,2164400
2019-03-06,47.6618,47.8081,47.188,47.2019,1744400
2019-03-07,47.1903,47.2669,46.4958,47.0416,2299200
2019-03-08,46.7095,46.8488,46.3843,46.7606,1895600
2019-03-11,46.8628,47.5317,46.447,47.4574,2944800
2019-03-12,47.5015,47.5944,47.0277,47.404,1944000
2019-03-13,47.5457,47.8801,47.4063,47.7361,2170800
2019-03-14,47.6409,47.7384,47.3204,47.5898,2735200
2019-03-15,47.5944,48.1263,47.5085,47.7431,4489600
2019-03-18,47.8453,48.2866,47.764,48.2053,1839600
2019-03-19,48.2843,48.3865,47.8476,47.9684,1682800
2019-03-20,48.1286,48.2866,47.5294,47.6595,1867200
2019-03-21,47.3831,48.4167,47.3831,48.34,3353200
2019-03-22,47.1299,47.3854,45.0023,45.1881,6198400
2019-03-25,45.0883,45.8455,44.5749,45.7618,4686400
2019-03-26,46.1056,46.3634,45.9337,46.31,1808400
2019-03-27,46.3541,46.749,46.0127,46.238,1552400
2019-03-28,46.3402,46.663,46.1172,46.6003,1200400
2019-03-29,46.9301,47.0393,46.4633,46.9441,1556000
2019-04-01,47.4318,47.699,47.2298,47.6107,2062400
2019-04-02,47.6595,47.9289,47.541,47.8685,1589200
2019-04-03,48.0358,48.3354,47.9173,48.1705,1630400
2019-04-04,48.347,48.347,47.555,47.6943,1120000
2019-04-05,47.8801,48.2123,47.7175,47.9336,879600
2019-04-08,47.7106,47.973,47.3273,47.9196,1360400
2019-04-09,47.6641,47.9823,47.4435,47.5526,1202000
2019-04-10,47.6084,47.7919,47.2577,47.6084,1096400
2019-04-11,47.6246,47.7826,47.2623,47.7245,1282000
2019-04-12,47.9359,48.196,47.3738,48.1728,1637600
2019-04-15,48.196,48.4561,47.9661,48.3656,1694800
2019-04-16,48.4097,48.7209,48.3888,48.6211,1111200
2019-04-17,48.7837,48.9579,48.419,48.7628,1652800
2019-04-18,49.002,49.6477,48.7628,49.6314,2350800
2019-04-22,49.2087,49.4665,48.8649,48.9555,1175200
2019-04-23,49.1321,49.6338,48.8626,49.5664,1334800
2019-04-24,49.6291,50.1703,49.4921,50.1239,1986400
2019-04-25,49.7731,50.0286,49.5501,49.8916,2193200
2019-04-26,50.2144,50.5094,49.8219,50.3515,1078400
2019-04-29,50.3097,50.5977,50.1819,50.3724,1965200
2019-04-30,50.2818,50.4607,50.1053,50.4351,2284400
2019-05-01,50.5443,50.8718,50.1819,50.1842,1534000
2019-05-02,50.0286,51.0878,50.0286,51.0483,1943600
2019-05-03,50.9554,51.8287,50.7324,51.7799,1825600
2019-05-06,50.7185,52.0261,50.7185,51.773,1666400
2019-05-07,51.1644,51.622,50.5536,50.8323,2171200
2019-05-08,51.0042,51.6127,50.7719,51.0808,2151600
2019-05-09,50.6767,51.5454,50.2609,51.4501,1406000
2019-05-10,51.0529,51.9356,50.5768,51.7567,1604000
2019-05-13,50.6256,51.1389,50.1424,50.2865,2326400
2019-05-14,50.4514,51.4571,50.2586,51.1156,1462800
2019-05-15,50.7371,51.6685,50.6325,51.4594,1695200
2019-05-16,51.5477,52.2305,51.478,51.9634,1416800
2019-05-17,51.6731,52.3374,51.5221,51.8938,1403600
2019-05-20,51.4385,52.0331,51.399,51.8845,1086800
2019-05-21,52.2724,52.8739,52.1562,52.7276,2280000
2019-05-22,52.6347,52.8066,52.4651,52.5604,1351200
2019-05-23,52.1702,52.2724,51.8427,52.0749,1451200
2019-05-24,52.2305,52.428,51.6522,51.6801,1739200
2019-05-28,51.773,52.0076,51.2411,51.2597,2746800
2019-05-29,51.3247,51.6661,51.032,51.55,1570800
2019-05-30,51.5848,52.2027,51.5523,51.9356,1383200
2019-05-31,51.4362,51.7869,51.3317,51.5245,1367200
2019-06-03,51.6011,52.1748,51.5361,51.8868,1724800
2019-06-04,52.2607,52.6951,52.0122,52.6091,2084000
2019-06-05,52.8414,53.666,52.7555,53.5406,2181200
2019-06-06,53.4593,53.8634,53.3385,53.7798,1495600
2019-06-07,54.1561,54.2281,53.8588,54.0306,2739200
2019-06-10,54.2443,54.6531,54.1212,54.4766,2466800
2019-06-11,54.6392,54.9063,53.7124,53.9517,1775200
2019-06-12,53.9842,54.6369,53.9842,54.5138,1447200
2019-06-13,54.465,54.962,54.2675,54.8064,1945600
2019-06-14,54.8482,55.1525,54.6183,54.9016,1344400
2019-06-17,54.8041,54.9504,53.9052,53.9493,2710400
2019-06-18,54.3117,54.5834,53.5405,53.7566,3213600
2019-06-19,53.6892,54.9318,53.5777,54.6067,3256400
2019-06-20,55.0201,55.1757,53.4291,54.033,3254800
2019-06-21,54.0446,54.3814,53.6242,53.9749,3697600
2019-06-24,53.9981,54.2885,53.7171,54.1445,1766400
2019-06-25,54.3163,54.3233,53.5824,53.7589,2146800
2019-06-26,54.1352,54.4418,53.9377,54.0655,2179600
2019-06-27,54.1259,54.8018,54.0028,54.7414,1519600
2019-06-28,54.8389,55.1641,54.6206,55.1153,2622400
2019-07-01,55.7448,55.7448,54.7925,55.4823,2222800
2019-07-02,55.4823,55.5543,55.2245,55.2803,1778000
2019-07-03,55.3778,55.7843,55.3499,55.6356,1134400
2019-07-05,55.3546,55.6983,54.9086,55.6356,2320800
2019-07-08,55.4219,55.6356,55.12,55.3406,1196000
2019-07-09,55.0828,55.415,55.0294,55.3778,1448400
2019-07-10,55.5915,55.7796,55.3801,55.4405,1240400
2019-07-11,55.5683,55.8841,55.1548,55.7425,1803200
2019-07-12,55.8981,56.3742,55.7518,56.3115,1623200
2019-07-15,56.2093,56.6205,55.7471,56.502,1466400
2019-07-16,56.725,56.8109,55.5427,55.6147,3542800
2019-07-17,58.978,60.8547,58.4159,60.4761,8521200
2019-07-18,60.3902,60.9802,59.9001,60.5412,4066400
2019-07-19,60.9709,61.2775,59.8513,59.8908,2592400
2019-07-22,60.0209,60.7363,59.9605,60.1649,2751200
2019-07-23,60.4064,60.6225,59.5563,60.5737,2157200
2019-07-24,60.1393,60.8454,59.9837,60.8338,2262000
2019-07-25,60.3809,60.9987,60.2973,60.5667,1695200
2019-07-26,60.5226,60.9964,60.0441,60.7827,3108400
2019-07-29,60.6364,60.9825,59.8467,60.5505,1528000
2019-07-30,60.4297,61.0986,60.0743,61.0522,1630400
2019-07-31,61.0359,61.3866,59.5796,60.4924,3514800
2019-08-01,60.6387,61.3193,59.9605,60.1649,2238800
2019-08-02,60.0604,60.5412,59.4913,60.0209,1916000
2019-08-05,58.906,59.6957,57.7771,58.3276,2471600
2019-08-06,58.532,59.8792,58.532,59.7375,1941600
2019-08-07,58.8549,60.2764,58.5251,60.0302,2875600
2019-08-08,60.2578,61.4284,60.0743,61.3866,1969600
2019-08-09,61.9139,61.9139,60.5644,61.1845,1566400
2019-08-12,61.1567,61.3239,60.5737,60.7154,1582400
2019-08-13,60.5156,61.9534,60.4761,61.8233,1916000
2019-08-14,60.9616,61.7072,59.6028,59.6283,1783600
2019-08-15,59.7398,60.6573,59.5006,60.3948,1834800
2019-08-16,61.0173,61.6073,60.7177,61.4122,1840000
2019-08-19,62.1996,62.4713,61.5515,62.2065,1868000
2019-08-20,62.5387,62.7965,61.9185,62.2112,1422800
2019-08-21,62.2251,62.4876,61.8744,62.1671,2638800
2019-08-22,62.4063,62.4063,61.1962,61.4261,1294000
2019-08-23,61.2101,61.3541,59.1522,59.4704,2149600
2019-08-26,60.3275,60.4947,59.8142,60.4692,2269600
2019-08-27,61.1427,61.1938,60.5876,60.6573,2122400
2019-08-28,60.3461,60.9848,59.9837,60.8965,1550400
2019-08-29,61.3193,61.7838,61.2589,61.4586,1461600
2019-08-30,61.1846,61.9394,61.0382,61.2728,1565200
2019-09-03,60.9941,61.3193,60.0488,60.3739,1562000
2019-09-04,60.8896,61.6282,60.3902,61.3216,2590800
2019-09-05,61.9975,62.7686,61.8698,62.0718,1523200
2019-09-06,62.0602,62.5433,61.7722,61.8279,1153600
2019-09-09,62.1462,62.1462,59.2823,59.3821,3720400
2019-09-10,58.892,59.0361,57.3614,57.8283,4191600
2019-09-11,58.0652,58.0675,56.855,57.1431,3514800
2019-09-12,57.5542,58.0094,57.2267,57.2569,2861600
2019-09-13,57.2778,57.5147,56.8109,57.2964,3434800
2019-09-16,57.0223,57.8375,56.6739,57.4775,3082400
2019-09-17,57.5983,58.1465,57.5983,58.0559,1537600
2019-09-18,58.0954,58.0954,57.3451,57.9908,2178000
2019-09-19,57.805,58.755,57.805,58.3973,1966800
2019-09-20,58.6993,59.6655,58.5135,58.9455,4360400
2019-09-23,59.0988,59.3125,58.618,59.1476,2278800
2019-09-24,59.5215,59.9024,58.3555,58.5645,2451200
2019-09-25,60.8547,62.2228,60.4297,61.9278,6902400
2019-09-26,61.8605,62.4063,61.5655,62.253,2803600
2019-09-27,62.2878,62.7384,61.368,61.814,3573600
2019-09-30,62.0579,62.6084,61.6584,62.2716,2244800
2019-10-01,62.3714,62.4388,60.9383,60.9453,2074800
2019-10-02,60.8385,60.8501,59.6353,60.1463,2734000
2019-10-03,59.9419,60.2508,58.9641,60.072,1824400
2019-10-04,60.4157,61.1311,60.2694,61.0545,1781200
2019-10-07,60.9407,61.0777,60.3391,60.6155,1204800
2019-10-08,60.1277,61.0382,59.7538,60.4668,2283200
2019-10-09,60.6573,61.4191,60.5992,61.2194,1101200
2019-10-10,61.1729,61.9464,60.8779,61.8001,1530000
2019-10-11,62.7826,63.1263,62.0881,62.1578,1773600
2019-10-14,62.1787,62.3134,61.735,61.7699,2076000
2019-10-15,61.9278,62.5967,61.7838,62.5851,1891600
2019-10-16,62.5224,62.5224,61.7304,62.0091,1682000
2019-10-17,62.4249,62.6316,61.821,62.325,1504800
2019-10-18,62.3831,62.7129,61.9673,62.5526,1807600
2019-10-21,62.7222,63.1681,62.3505,62.7105,1202000
2019-10-22,62.7872,62.8616,61.7629,61.814,1053200
2019-10-23,61.7559,62.2878,61.4795,62.2785,1128800
2019-10-24,62.397,63.3261,62.2344,63.2564,1610400
2019-10-25,63.2494,63.3238,62.6781,62.7919,1093200
2019-10-28,63.059,63.3075,62.8453,63.1286,1354400
2019-10-29,62.8476,64.1715,62.8221,63.7627,1763200
2019-10-30,63.8975,64.2203,63.484,64.1669,1416400
2019-10-31,64.2203,64.5362,62.3552,62.404,2669600
2019-11-01,62.9219,63.0799,62.023,62.4551,2504800
2019-11-04,62.6664,63.1728,62.0765,62.6479,1689600
2019-11-05,62.9498,62.9498,61.6561,62.0137,1790400
2019-11-06,62.174,62.1763,61.1753,61.5399,2292400
2019-11-07,61.9832,62.0864,61.3851,61.4461,2284000
2019-11-08,61.418,61.9105,61.0075,61.1834,2512000
2019-11-11,60.9653,61.418,60.9067,61.1201,1742400
2019-11-12,61.0521,61.5047,60.569,60.7074,4764800
2019-11-13,59.1853,59.9569,58.0853,59.8607,6669200
2019-11-14,59.5535,60.8715,59.136,60.827,2419600
2019-11-15,60.6135,60.9817,59.9311,60.0671,2635200
2019-11-18,59.8631,60.5479,59.5957,60.0718,2400000
2019-11-19,60.2453,60.8387,59.856,60.4846,1942400
2019-11-20,60.2266,61.2796,60.1937,60.8504,2533200
2019-11-21,60.8223,60.9536,59.4222,59.4831,2011200
2019-11-22,60.1257,60.3767,59.2955,59.591,1967600
2019-11-25,59.4878,59.7904,58.6764,58.8358,2478000
2019-11-26,59.0235,60.1398,58.8663,60.0507,4252400
2019-11-27,59.9873,61.1107,59.6191,61.0521,3428800
2019-11-29,60.7543,60.8387,60.0108,60.2876,1160400
2019-12-02,60.1187,60.508,59.659,60.0131,2334400
2019-12-03,59.5676,60.1421,59.4409,59.8936,2088800
2019-12-04,60.1633,60.698,59.7411,59.7927,1610000
2019-12-05,59.8373,59.9803,59.4714,59.7341,1628000
2019-12-06,60.4119,60.9184,60.0132,60.0906,1738000
2019-12-09,60.1375,60.1375,59.4878,59.5253,1752400
2019-12-10,59.6285,60.2102,59.5629,60.0155,1720800
2019-12-11,60.1679,60.569,59.6332,60.5197,1750400
2019-12-12,60.4611,61.0005,60.1891,60.8012,1731600
2019-12-13,60.8059,61.5821,60.6206,61.4016,2865600
2019-12-16,62.4077,62.6141,60.5361,61.1483,2912800
2019-12-17,61.3992,61.547,60.7871,61.1553,3586000
2019-12-18,61.7182,64.4363,61.683,62.3561,6230000
2019-12-19,62.206,63.0948,62.138,62.8556,2797600
2019-12-20,63.0855,63.7163,62.7102,63.6741,5223200
2019-12-23,63.5006,63.8149,63.3528,63.524,2498400
2019-12-24,63.5991,63.721,62.6938,63.0432,566800
2019-12-26,63.1089,63.2778,62.4827,62.8838,1079200
2019-12-27,62.9776,63.2285,62.7219,63.0901,1156800
2019-12-30,63.0995,63.1769,62.4428,62.9377,1209200
2019-12-31,62.926,63.2262,62.5601,63.1066,1478400
2020-01-02,63.2895,63.517,62.5203,63.5076,2176800
2020-01-03,62.8697,63.7867,62.6352,63.2215,1972400
2020-01-06,62.8838,63.4044,62.5672,63.3857,1636800
2020-01-07,62.8814,63.6155,62.6985,63.3387,1553600
2020-01-08,63.5029,64.6873,63.0643,64.5606,2808400
2020-01-09,64.04,66.3454,64.04,65.5152,3243200
2020-01-10,65.6934,65.9303,65.0813,65.3956,1280800
2020-01-13,65.6324,66.4415,65.5457,66.336,1638000
2020-01-14,66.1413,66.5776,65.949,66.0241,1787600
2020-01-15,66.1273,67.0443,66.1273,66.7558,1702000
2020-01-16,66.7394,67.4148,66.6948,67.1944,1416400
2020-01-17,67.4711,67.4828,66.2399,66.6597,1955200
2020-01-21,66.6479,66.8918,66.0827,66.146,1879200
2020-01-22,66.4978,66.723,66.1765,66.2164,1302800
2020-01-23,66.2047,67.1146,65.949,67.0795,1291200
2020-01-24,67.3609,67.4688,65.9608,66.4744,976800
2020-01-27,65.2056,65.9139,64.7365,65.344,2067200
2020-01-28,65.2501,65.8224,65.1587,65.1892,1341600
2020-01-29,65.3979,66.1953,64.4481,65.7262,1920800
2020-01-30,64.6075,66.4884,64.5419,66.4181,1338400
2020-01-31,66.1695,66.7511,65.2877,65.426,2787600
2020-02-03,65.7638,66.7933,65.5058,66.139,1920000
2020-02-04,66.9223,67.2835,66.3806,67.0654,2119600
2020-02-05,67.9707,68.4538,67.6423,68.3271,2304400
2020-02-06,68.5922,69.1245,68.3272,68.8689,1754800
2020-02-07,68.3951,69.0096,68.1723,68.3834,1464400
2020-02-10,68.3881,68.6789,67.8276,68.6273,1540000
2020-02-11,68.9604,69.1269,68.5453,68.8314,1052400
2020-02-12,69.073,69.8657,68.7751,69.6827,1668400
2020-02-13,69.2817,70.3863,69.2817,69.9126,1768400
2020-02-14,70.0556,70.649,69.7414,70.5645,1055200
2020-02-18,70.5762,70.9843,70.0837,70.9468,1546400
2020-02-19,71.2494,71.4862,70.9984,71.3572,1184000
2020-02-20,70.9468,71.4299,69.5865,69.8187,2340400
2020-02-21,69.1597,69.5913,68.5382,68.8009,2001200
2020-02-24,66.9857,68.0879,66.7136,67.5814,2369200
2020-02-25,67.5696,67.9402,65.5034,65.6395,3501600
2020-02-26,66.1015,67.3257,66.0429,66.5846,2829600
2020-02-27,65.1516,65.7731,63.1605,63.2168,3731200
2020-02-28,59.9264,62.7407,59.8044,62.5578,5569200
2020-03-02,62.3983,65.6113,62.0254,65.5738,4232400
2020-03-03,65.0555,67.2225,63.524,63.8782,3582800
2020-03-04,65.7943,67.1076,64.6122,67.1006,2727200
2020-03-05,65.2502,66.4298,63.8195,64.5044,2607600
2020-03-06,62.1192,64.2041,61.8214,63.8664,3342000
2020-03-09,60.7355,60.9208,58.3081,58.8288,4453600
2020-03-10,60.3345,63.0644,59.3917,62.9518,3646400
2020-03-11,60.9724,61.5235,57.6163,58.7279,2578000
2020-03-12,54.4056,55.3531,50.2451,52.9304,7770800
2020-03-13,54.7035,57.241,52.4426,57.1261,5014000
2020-03-16,46.3355,48.7066,46.3355,47.4941,6964000
2020-03-17,48.4439,49.4031,45.9321,49.0443,7512800
2020-03-18,40.7069,42.7754,38.2725,41.7411,7657200
2020-03-19,41.3307,43.4743,37.6158,42.9185,5723600
2020-03-20,42.2548,44.4241,39.2481,41.0634,10294800
2020-03-23,41.5629,41.5629,36.1946,36.8348,6571600
2020-03-24,38.8893,41.9241,38.7697,40.7608,5502800
2020-03-25,40.8593,47.0368,39.6023,45.1066,6708800
2020-03-26,45.5827,46.4317,42.8106,45.1652,6924000
2020-03-27,43.9598,44.0325,42.2149,42.5831,4022400
2020-03-30,42.6605,43.0592,41.1243,42.3204,4295200
2020-03-31,41.8608,42.1164,40.3199,40.6248,6454400
2020-04-01,38.8002,39.2552,37.6533,38.1552,4456800
2020-04-02,37.583,39.234,37.264,38.7415,5749200
2020-04-03,38.2889,39.2833,38.038,38.5164,4031600
2020-04-06,39.6351,42.3556,39.4662,42.0953,5372000
2020-04-07,44.7431,45.8102,43.4696,43.5986,6444400
2020-04-08,44.2037,45.4912,43.5071,45.1254,3771600
2020-04-09,46.4223,48.5823,46.3215,46.6099,3737600
2020-04-13,46.6123,46.6357,44.9026,45.7516,3046000
2020-04-14,47.0602,47.8318,46.5865,47.3041,3380000
2020-04-15,46.1456,46.2042,43.6478,43.873,3660800
2020-04-16,44.4007,44.8252,43.737,44.7103,3053200
2020-04-17,46.6686,48.0194,46.1104,47.8811,3248000
2020-04-20,46.9101,47.5035,45.313,45.4771,3100400
2020-04-21,44.525,45.0034,44.0864,44.6774,2793600
2020-04-22,45.4045,46.624,45.2168,46.305,2676800
2020-04-23,46.4739,47.7404,46.4739,46.7694,3823200
2020-04-24,47.2056,47.5316,46.4997,46.9476,3043600
2020-04-27,47.2994,49.9684,46.9054,49.83,2598000
2020-04-28,51.4271,52.3465,50.285,51.1668,4865600
2020-04-29,52.323,54.4337,51.8938,54.164,3988000
2020-04-30,53.4722,53.5332,51.8329,52.0252,3308000
2020-05-01,50.8877,51.1621,49.4782,49.6752,3226800
2020-05-04,49.0865,49.3046,48.4017,49.1663,2827200
2020-05-05,49.626,50.3975,49.3328,49.4243,2101200
2020-05-06,49.7198,49.8816,48.8168,49.2906,1988000
2020-05-07,49.8769,50.808,49.5626,50.0481,1606000
2020-05-08,50.6696,51.3614,50.2169,51.1762,1499600
2020-05-11,50.6039,50.8361,49.966,50.2779,1782800
2020-05-12,50.4233,50.6837,48.2446,48.254,3000800
2020-05-13,47.4214,47.7216,46.2347,46.7811,5439200
2020-05-14,48.057,53.763,47.8998,53.6387,9572400
2020-05-15,52.968,54.096,52.2714,53.3362,5839200
2020-05-18,54.4408,56.1528,54.4408,55.4493,3996800
2020-05-19,55.6791,57.3091,55.3554,56.0473,4217200
2020-05-20,56.4272,57.1027,55.9957,56.4108,3810000
2020-05-21,56.6594,57.628,56.4765,56.8869,2186000
2020-05-22,56.6547,56.7861,56.2115,56.439,1745200
2020-05-26,58.4254,59.8021,57.9634,59.272,3417600
2020-05-27,59.7927,60.2641,58.0056,59.0023,3001200
2020-05-28,59.1173,59.72,58.6505,59.0352,1934000
2020-05-29,58.9836,58.9836,57.0112,58.1534,4986400
2020-06-01,58.28,59.1407,57.954,58.8522,1925600
2020-06-02,58.9742,59.8865,58.5028,59.8044,3508400
2020-06-03,60.7214,63.7679,60.1867,63.5123,2930800
2020-06-04,62.9658,63.4935,62.4147,63.137,2106400
2020-06-05,64.76,67.2178,64.7178,67.192,4193200
2020-06-08,68.0082,68.5077,66.9223,68.367,3021200
2020-06-09,67.0443,67.2882,66.0921,66.3501,2448000
2020-06-10,66.5518,66.5518,64.509,65.2407,2423600
2020-06-11,62.5437,63.721,61.4227,61.9152,3545600
2020-06-12,63.6507,64.0189,61.0849,62.4311,2257200
2020-06-15,60.6487,62.7548,60.3509,62.5085,2302000
2020-06-16,65.4167,65.4167,63.245,64.1737,1808800
2020-06-17,64.0189,64.8233,63.6601,64.0916,1473200
2020-06-18,63.6249,65.0133,63.4326,64.6849,1610400
2020-06-19,65.8247,66.2633,63.1887,63.3599,3893200
2020-06-22,62.5601,63.5686,62.1919,63.3364,2409600
2020-06-23,63.9673,64.4106,63.381,63.9204,1620800
2020-06-24,63.0972,63.5592,60.6816,61.3593,2602000
2020-06-25,61.0451,61.7745,60.7121,61.5798,1959200
2020-06-26,61.8612,61.8612,59.5863,60.1562,4209200
2020-06-29,60.4963,61.8776,59.8912,61.8237,1750000
2020-06-30,61.3523,62.8134,60.9794,62.4687,2741200
2020-07-01,63.7234,63.7984,62.4288,62.8462,2639600
2020-07-02,63.6319,64.8444,63.3646,63.4748,1818800
2020-07-06,64.5911,64.964,63.9438,64.1737,1938800
2020-07-07,63.5287,64.0072,63.1066,63.3176,1768800
2020-07-08,62.9682,63.7914,62.872,63.6296,1619200
2020-07-09,63.1746,63.4959,61.3969,62.4171,1736400
2020-07-10,61.8988,62.8861,61.8495,62.5906,1122000
2020-07-13,63.2778,63.9345,62.2717,62.4687,2162800
2020-07-14,61.5681,63.5099,61.364,63.3927,1382800
2020-07-15,63.6366,65.4823,63.6202,65.2924,1653600
2020-07-16,65.0461,65.3744,64.3894,65.0696,1811200
2020-07-17,65.6535,65.813,64.495,65.6817,1163200
2020-07-20,65.6465,65.8505,64.896,65.1563,1668000
2020-07-21,66.4087,67.049,65.7919,66.6245,1416400
2020-07-22,66.7816,68.0129,66.5659,67.8628,2024400
2020-07-23,66.8379,72.9427,66.2985,71.0641,4264800
2020-07-24,71.2658,72.021,69.3004,70.9679,2924800
2020-07-27,70.9749,71.2493,69.6076,69.9547,2187600
2020-07-28,70.0744,70.2503,68.7915,68.8478,2032800
2020-07-29,69.7062,71.899,69.3825,71.7184,2593200
2020-07-30,70.6982,71.2705,69.3075,70.7827,2280400
2020-07-31,70.7451,70.8647,69.6499,70.7967,2946400
2020-08-03,70.7615,71.0899,69.9712,70.0627,2175200
2020-08-04,70.0369,71.2963,69.6663,70.7428,2394000
2020-08-05,71.4628,71.763,69.7671,70.3511,1639600
2020-08-06,70.2948,71.1813,69.8938,71.0688,1433200
2020-08-07,70.9843,72.7925,70.3582,72.7058,1766400
2020-08-10,72.809,74.2325,72.6119,74.2044,2168800
2020-08-11,75.1308,76.0783,74.2466,74.657,2674000
2020-08-12,74.8634,76.0712,74.8634,75.0229,1376800
2020-08-13,74.5116,75.3395,74.4506,74.8095,1015200
2020-08-14,74.2912,75.3512,73.869,74.2138,1512000
2020-08-17,74.6875,75.3958,74.5445,75.2809,1440800
2020-08-18,75.2856,75.5529,74.6406,74.7602,1074800
2020-08-19,75.2457,75.2832,74.4084,74.6969,820400
2020-08-20,73.9487,75.4732,73.9487,75.0557,882000
2020-08-21,74.7931,75.2785,74.2302,75.1402,1601600
2020-08-24,75.9469,76.4254,75.5224,76.3058,1018800
2020-08-25,76.824,76.8686,75.8672,76.158,1173200
2020-08-26,75.9868,76.8475,75.5553,76.4441,954400
2020-08-27,76.8968,77.8325,76.681,77.1078,1080000
2020-08-28,77.0891,78.4728,77.0891,78.3039,1382400
2020-08-31,78.1562,78.4986,77.5839,78.1538,1437200
2020-09-01,77.9592,79.0122,77.4057,78.6393,1318000
2020-09-02,79.1646,80.5296,78.5971,80.2974,1297200
2020-09-03,80.7313,80.9048,76.6458,77.5581,2136400
2020-09-04,77.9263,78.3532,76.3316,77.6543,2417200
2020-09-08,77.1313,77.1313,74.5538,74.7626,2565600
2020-09-09,75.4708,76.939,74.8493,76.4394,1963600
2020-09-10,76.4183,76.4418,73.8362,74.4577,1856400
2020-09-11,74.6218,75.9469,74.3897,75.2715,1231200
2020-09-14,76.0665,77.1383,75.9352,76.8803,1333200
2020-09-15,77.1829,77.7246,76.7349,76.9648,1472400
2020-09-16,77.6731,77.6731,76.3949,76.5051,1555600
2020-09-17,74.4976,76.7889,74.3475,76.2237,2173200
2020-09-18,77.8701,78.0647,74.385,74.643,4855600
2020-09-21,73.5313,74.3076,72.1523,74.2489,1993600
2020-09-22,74.4366,76.6224,74.3193,75.9892,2410000
2020-09-23,79.7275,79.7275,73.4844,74.2771,3300000
2020-09-24,75.4966,75.5177,73.8925,74.7297,2348800
2020-09-25,74.0871,77.0351,73.8221,76.7303,1703600
2020-09-28,77.394,79.1177,77.394,78.8011,2186800
2020-09-29,76.8663,78.6041,76.8663,77.4596,1306800
2020-09-30,78.5103,79.0708,77.4878,78.0577,2101600
2020-10-01,80.0582,80.7125,78.0999,80.1918,2043200
2020-10-02,78.3837,79.7275,78.2711,78.5783,1836000
2020-10-05,79.3358,79.6853,78.5502,78.8949,1296800
2020-10-06,78.8973,79.5915,76.0314,77.5628,2283200
2020-10-07,78.7542,79.1764,78.2453,78.7308,1237600
2020-10-08,79.4836,79.8002,78.8293,79.2655,1414800
2020-10-09,79.6407,80.349,79.0638,79.629,1417600
2020-10-12,79.4953,82.3917,79.4953,81.85,2352000
2020-10-13,81.6952,82.9429,81.3035,82.713,1702800
2020-10-14,83.2829,84.1226,82.1033,82.3636,1727600
2020-10-15,81.3223,82.108,80.5812,81.7046,1343600
2020-10-16,82.0845,82.896,81.6647,81.7093,1346800
2020-10-19,81.6319,82.0986,79.7416,80.0488,1318000
2020-10-20,80.539,81.728,80.4498,80.5976,1288800
2020-10-21,80.145,80.9306,79.3851,79.432,1788800
2020-10-22,79.8072,80.1262,78.4587,79.3874,1349600
2020-10-23,79.636,79.7298,78.3227,79.2866,1193200
2020-10-26,78.3532,78.5619,76.1463,77.143,1323600
2020-10-27,77.5488,77.863,75.7546,75.9892,2167200
2020-10-28,73.7846,75.3676,73.7846,74.0027,2123600
2020-10-29,73.7447,75.9165,73.0998,75.0299,1556400
2020-10-30,74.6524,75.1566,73.1256,73.7705,2308400
2020-11-02,75.4357,75.8672,74.1317,75.1355,1426000
2020-11-03,76.097,77.8724,76.097,77.3987,1172800
2020-11-04,81.4701,81.8946,78.9677,79.1224,2234000
2020-11-05,80.4164,81.8692,79.7196,80.3572,1628800
2020-11-06,80.2363,81.0966,79.7884,80.798,1324000
2020-11-09,85.315,87.2418,84.9311,86.1374,4173600
2020-11-10,83.9121,86.7418,83.2769,85.0046,2025600
2020-11-11,85.526,85.654,83.9168,85.3269,1493600
2020-11-12,84.4145,85.1112,82.4925,82.8693,1206400
2020-11-13,83.2816,84.514,82.9641,84.3694,1051200
2020-11-16,84.3695,87.4978,84.3695,87.3698,1548000
2020-11-17,85.9668,86.6612,84.6894,85.6516,1456000
2020-11-18,85.7985,86.7986,85.1468,85.4335,1001200
2020-11-19,85.0141,87.3295,84.7818,87.1873,1032800
2020-11-20,86.5356,87.1186,85.4193,85.7559,1033200
2020-11-23,86.2417,86.3886,84.3742,84.9074,1316400
2020-11-24,85.8435,86.4431,84.9596,85.7819,1555600
2020-11-25,85.808,86.3294,84.9288,85.4335,769600
2020-11-27,85.1349,86.5285,85.0615,85.5757,448800
2020-11-30,85.7369,85.8838,83.9215,84.2036,2084400
2020-12-01,85.0899,86.154,84.533,85.0994,1546400
2020-12-02,85.3672,85.981,84.4239,85.5331,2159200
2020-12-03,85.0923,86.6161,83.9666,85.2439,1759200
2020-12-04,85.4762,86.9313,85.3174,86.1398,1868400
2020-12-07,85.4454,86.2654,83.495,83.6917,1462800
2020-12-08,83.6916,85.4572,83.1916,85.2605,1438000
2020-12-09,85.5781,86,83.457,83.905,2113600
2020-12-10,83.9974,84.1111,82.1251,82.3195,1461200
2020-12-11,82.0682,83.2674,81.6274,82.7366,1487600
2020-12-14,82.9901,83.3551,82.073,82.2981,1357600
2020-12-15,82.5659,84.0306,81.8858,83.6419,1800800
2020-12-16,84.0661,84.2083,83.3836,83.9215,1096400
2020-12-17,84.0708,84.2557,82.7105,83.4215,1630800
2020-12-18,83.8623,84.2509,82.8622,83.9784,3817600
2020-12-21,83.1181,83.303,80.6368,82.0303,2322400
2020-12-22,80.1036,82.6204,79.1864,82.4735,3050800
2020-12-23,84.1253,84.1253,80.4283,80.4401,2019600
2020-12-24,80.8406,81.1108,79.7244,80.1984,742000
2020-12-28,81.0847,84.8861,81.0847,83.9405,3551200
2020-12-29,84.7581,84.8316,81.4402,82.3242,1654000
2020-12-30,82.9807,83.7343,82.1773,83.002,1214800
2020-12-31,83.0683,83.8954,82.6868,83.7675,1118000
2021-01-04,83.8813,84.0708,81.1227,81.4307,3400400
2021-01-05,81.099,82.72,80.2031,82.6844,2030000
2021-01-06,82.9475,84.5117,82.7674,83.1821,1658800
2021-01-07,83.3883,84.6681,82.72,84.1467,2804400
2021-01-08,83.8765,84.9501,82.6892,82.983,1593600
2021-01-11,82.6276,83.2627,80.241,80.4591,1971200
2021-01-12,80.1699,80.9046,79.4352,80.4519,1556800
2021-01-13,80.3737,80.5017,79.2101,79.5846,1978000
2021-01-14,79.7481,79.7481,77.3805,77.5298,2753200
2021-01-15,76.7312,77.9446,76.2193,77.2763,2507600
2021-01-19,77.1838,77.4019,75.7642,76.3212,2281200
2021-01-20,75.7074,79.0063,75.7074,78.7266,2397200
2021-01-21,78.4896,79.7741,77.9683,78.5442,1746800
2021-01-22,78.4138,78.4138,76.8046,76.8994,1290000
2021-01-25,76.3923,78.5276,76.0794,77.7645,2286000
2021-01-26,78.2621,78.3214,76.461,76.5866,1434800
2021-01-27,75.8377,76.4302,74.5627,75.4111,2636000
2021-01-28,75.7619,77.9304,75.7619,76.8852,1569200
2021-01-29,75.7903,76.634,75.2357,75.3922,3231200
2021-02-01,75.9846,77.3236,75.8377,77.1388,2028000
2021-02-02,77.8687,79.1627,77.3047,78.4968,2240800
2021-02-03,78.4446,78.876,77.8142,78.5892,1674400
2021-02-04,78.7195,80.6202,78.6105,80.1652,1644800
2021-02-05,80.6344,81.9189,79.6225,81.7578,1677600
2021-02-08,81.8929,82.784,81.445,82.7461,1356400
2021-02-09,82.4308,83.2816,82.2673,82.7911,1390400
2021-02-10,83.412,83.841,82.1654,82.7105,1716400
2021-02-11,83.0668,83.1903,80.5848,81.0029,1626800
2021-02-12,80.6917,81.4778,80.6917,81.3306,800000
2021-02-16,82.1595,83.119,81.5681,81.9624,1445600
2021-02-17,81.6037,82.1001,80.3782,80.5397,1461600
2021-02-18,80.3355,81.0883,79.2453,80.858,1400800
2021-02-19,81.1454,81.8412,80.6585,81.58,1649200
2021-02-22,81.4636,81.6132,80.3806,80.8698,1365200
2021-02-23,80.877,81.2783,78.5779,79.9697,1818800
2021-02-24,79.8225,80.592,78.6777,80.3497,2176000
2021-02-25,80.0267,80.5896,77.4379,77.9129,1697600
2021-02-26,78.3072,78.9461,76.894,77.0318,2248800
2021-03-01,78.2122,82.6226,77.1909,81.9101,2141600
2021-03-02,81.5372,82.397,81.2356,81.3211,1605200
2021-03-03,81.2546,82.0835,79.8106,79.8747,2630000
2021-03-04,80.0742,80.2499,76.3311,77.5994,2538000
2021-03-05,78.4687,81.0931,76.8394,80.5967,2279600
2021-03-08,81.067,81.8056,80.2737,80.8936,1703600
2021-03-09,81.8412,83.0572,80.8603,82.1381,2133600
2021-03-10,82.549,84.7744,82.169,83.8481,1819600
2021-03-11,84.4348,86.3158,83.5988,85.5107,2277200
2021-03-12,85.4988,86.1567,84.9027,85.095,1658800
2021-03-15,85.0262,85.475,83.2045,83.5061,2106400
2021-03-16,83.2805,83.4277,81.7177,82.6392,1706000
2021-03-17,82.701,83.0026,79.9174,81.5158,2318000
2021-03-18,81.2831,81.8602,79.433,80.0932,2008000
2021-03-19,79.9056,80.2714,79.0743,79.1005,2973600
2021-03-22,79.4021,80.2381,78.7418,79.8795,1487200
2021-03-23,79.927,80.5492,78.6967,79.0909,1301200
2021-03-24,78.5732,80.9007,78.5732,79.7892,1662000
2021-03-25,79.6681,80.4566,78.0364,80.0528,1246400
2021-03-26,79.7773,82.4397,79.6681,82.321,1442000
2021-03-29,81.7605,82.1832,80.8271,81.0361,1396800
2021-03-30,80.706,80.9981,79.4733,80.1122,1033600
2021-03-31,80.4423,81.8222,80.2523,81.0622,1787200
2021-04-01,81.7985,83.3755,81.4113,82.7247,1608400
2021-04-05,83.1261,84.4348,83.0763,84.0856,1456800
2021-04-06,83.5038,84.1545,82.6487,82.8577,1356800
2021-04-07,82.3685,83.29,82.0146,83.1974,1132800
2021-04-08,83.3375,83.784,81.9173,82.1096,1750800
2021-04-09,82.2711,83.9194,82.055,83.7151,1670800
2021-04-12,83.8576,84.8195,83.3185,84.354,1098400
2021-04-13,83.9336,84.5298,83.4064,84.4276,993200
2021-04-14,84.4419,84.715,82.815,83.1451,1305600
2021-04-15,83.9455,84.1118,83.1808,83.5679,1120800
2021-04-16,83.8814,84.1949,82.9813,83.2496,1554400
2021-04-19,82.8649,82.9147,81.1881,81.6393,1411600
2021-04-20,81.9172,82.1761,80.5635,81.1549,1251600
2021-04-21,81.8389,82.8174,81.4494,82.568,1880000
2021-04-22,82.1832,83.8386,81.8246,82.7841,1080800
2021-04-23,83.1998,84.468,83.1119,84.0097,1006000
2021-04-26,84.0975,84.4656,82.8554,82.9741,1020400
2021-04-27,82.8316,83.6581,82.4017,83.1618,1492000
2021-04-28,83.3375,83.4895,81.7557,81.9861,880000
2021-04-29,82.2616,83.7792,82.2283,83.3779,888400
2021-04-30,82.7723,82.8744,81.2522,81.9719,1599600
2021-05-03,82.8055,83.7317,82.5062,83.2734,1524000
2021-05-04,83.0311,83.6272,82.8554,83.3114,1555200
2021-05-05,83.8363,84.278,82.4184,82.7912,1678000
2021-05-06,83.3755,83.3755,82.4469,83.1855,1065600
2021-05-07,83.1879,86.1923,83.1879,85.6603,2268400
2021-05-10,85.5154,86.5485,85.1615,85.6769,2308400
2021-05-11,84.7032,84.9288,83.5323,84.2376,1538000
2021-05-12,83.0026,83.4515,81.466,81.6441,1858000
2021-05-13,81.9583,84.4052,81.9583,84.0719,1456800
2021-05-14,84.5575,85.7095,84.1219,85.2311,1273200
2021-05-17,84.2362,85.2121,83.0485,83.7935,1151600
2021-05-18,83.4412,84.0862,82.67,82.8318,2349200
2021-05-19,81.7608,82.5034,80.4516,81.5204,1905600
2021-05-20,81.5751,83.5078,80.9681,83.1794,1587200
2021-05-21,83.7006,84.2742,82.7366,82.9342,1264800
2021-05-24,83.7006,84.8408,83.3579,84.3885,1521600
2021-05-25,84.4028,85.2145,84.3838,84.617,1321600
2021-05-26,84.686,84.9669,83.8625,84.3076,1247600
2021-05-27,84.6575,85.1621,83.8982,84.2957,2645200
2021-05-28,84.6432,84.9336,84.0815,84.1505,1382800
2021-06-01,84.8074,85.5667,83.7744,84.0172,1459200
2021-06-02,83.9291,84.4195,83.753,83.8506,1326000
2021-06-03,83.0818,83.7815,82.5676,83.5173,1336000
2021-06-04,83.9577,84.2743,83.2627,83.8315,1443200
2021-06-07,83.7839,84.0624,82.1987,82.5462,1549600
2021-06-08,82.82,83.0104,82.263,82.6962,1319200
2021-06-09,82.9342,83.0318,82.5224,82.8033,976400
2021-06-10,82.9032,83.6768,82.5581,83.5721,1402800
2021-06-11,83.7101,84.0886,83.6221,83.9839,944800
2021-06-14,83.7173,84.0838,83.3507,84.0838,1096000
2021-06-15,84.3671,85.412,84.2671,85.1645,1373600
2021-06-16,85.4501,85.6881,84.3933,84.936,1425600
2021-06-17,84.6456,86.7354,84.6456,86.0904,1774800
2021-06-18,85.1264,86.1975,83.8458,84.4647,3110000
2021-06-21,85.0574,86.4879,84.6432,86.3522,1370400
2021-06-22,86.8854,89.2466,86.4046,89.1394,2494800
2021-06-23,88.7348,90.0915,88.2897,89.4441,2598400
2021-06-24,89.3513,89.9678,88.9086,89.9249,1675200
2021-06-25,89.913,90.3391,89.3084,90.0344,2014000
2021-06-28,90.2581,90.8556,89.8535,90.351,1540000
2021-06-29,90.1724,91.3459,90.1724,91.0484,1220000
2021-06-30,91.2031,91.334,90.7961,90.9246,1462400
2021-07-01,91.0888,91.3721,90.4819,90.6675,1449600
2021-07-02,90.8937,91.5577,90.6699,91.2816,2150800
2021-07-06,91.3983,91.5554,89.9487,91.1103,1824000
2021-07-07,91.2531,92.8693,91.0984,92.736,1204400
2021-07-08,91.6839,92.8883,91.5625,92.0671,1518000
2021-07-09,92.7479,92.7479,91.3507,92.4289,1010400
2021-07-12,92.1885,93.3643,92.179,93.3215,986400
2021-07-13,93.3215,93.3215,90.5295,90.6818,4657200
2021-07-14,90.827,91.0603,89.6988,90.1986,4199200
2021-07-15,89.2585,90.0487,86.8878,87.866,4606400
2021-07-16,88.8133,92.3218,88.8133,91.9291,3082800
2021-07-19,91.1626,92.1647,89.3346,90.1105,3202800
2021-07-20,90.2201,93.0906,90.082,92.6384,2069600
2021-07-21,92.7598,93.4096,92.3766,93.3429,1283200
2021-07-22,93.4381,93.4381,92.6455,93.0835,1072400
2021-07-23,93.3048,94.2212,92.9073,94.0998,1381200
2021-07-26,93.7047,94.2046,92.0028,92.5432,1716800
2021-07-27,91.3887,93.4167,91.1412,92.5574,1348000
2021-07-28,93.0621,93.65,92.6289,92.9169,1210000
2021-07-29,93.7071,94.3474,93.0192,93.5762,1731600
2021-07-30,93.2144,93.9832,93.074,93.8237,1772400
2021-08-02,93.4619,94.3188,92.5075,92.6788,1390400
2021-08-03,92.9549,93.1549,91.9243,92.9288,3218800
2021-08-04,92.7074,93.1359,91.9743,92.3075,1652400
2021-08-05,92.467,93.3596,91.8934,93.3048,1773600
2021-08-06,93.4286,93.7571,92.774,93.1382,1308400
2021-08-09,93.1263,93.5333,92.7526,93.4119,1180000
2021-08-10,93.45,93.7595,92.8312,93.0264,996800
2021-08-11,93.3191,93.3191,91.8934,92.8597,1321200
2021-08-12,92.5806,92.843,91.7574,92.7333,1080400
2021-08-13,92.6378,93.0792,91.9984,92.9146,754000
2021-08-16,92.7357,94.1959,92.4637,93.8714,2724800
2021-08-17,93.4371,94.1577,92.7905,94.0551,1087200
2021-08-18,93.7664,94.1768,92.571,92.6378,1451200
2021-08-19,92.2823,93.8428,92.0914,93.3847,1784000
2021-08-20,93.7091,94.2484,92.8263,93.4872,1726400
2021-08-23,93.7139,94.2245,93.2105,93.5159,946000
2021-08-24,93.6901,93.8285,93.0411,93.2701,855200
2021-08-25,93.1461,93.7426,92.9242,93.5708,912800
2021-08-26,93.5588,93.5588,92.8478,93.0721,660800
2021-08-27,93.2701,94.2484,92.6044,93.4586,828000
2021-08-30,93.3966,94.3295,92.9862,93.8977,992800
2021-08-31,94.1005,94.5777,93.3942,94.4321,1420400
2021-09-01,94.685,95.1289,93.9979,94.5133,895600
2021-09-02,95.1002,95.2434,93.8857,94.5777,1222000
2021-09-03,94.3343,94.9881,94.1744,94.6135,1338400
2021-09-07,94.0647,94.4894,93.3059,93.4038,1003600
2021-09-08,93.3799,95.0668,93.1174,95.0358,890400
2021-09-09,95.2386,95.7922,94.864,95.4558,1194000
2021-09-10,95.8471,97.6509,95.6514,96.3267,1732400
2021-09-13,97.2286,97.7797,96.3982,96.9995,2990000
2021-09-14,97.6127,97.6127,94.3749,94.5133,2690400
2021-09-15,94.5681,95.4414,94.2484,95.1456,1814400
2021-09-16,95.1455,95.5273,94.3796,95.334,1086000
2021-09-17,95.1097,95.4056,93.4896,93.7378,4992000
2021-09-20,92.8621,94.0265,92.404,93.9143,2108800
2021-09-21,94.1816,94.7471,93.4324,93.8428,1366800
2021-09-22,94.7375,95.0477,93.4395,94.5347,1182400
2021-09-23,94.697,96.119,94.4226,95.8661,964800
2021-09-24,95.0453,96.0188,94.9213,95.7922,982400
2021-09-27,95.2935,96.3481,94.141,94.3414,1578000
2021-09-28,93.7473,93.9716,91.8886,92.1177,1918000
2021-09-29,93.8571,95.2553,91.8289,92.8788,1903600
2021-09-30,93.1842,93.2654,90.7696,90.8268,1872800
2021-10-01,91.3565,92.7571,90.0275,92.4159,1709600
2021-10-04,93.053,93.1747,91.2205,92.1248,2492800
2021-10-05,92.2537,94.2126,92.1248,93.4968,1490000
2021-10-06,92.7571,94.5586,92.1988,94.4727,1287200
2021-10-07,95.1145,96.3171,94.8998,95.6323,1374000
2021-10-08,95.9139,96.4913,95.3007,96.1095,1271200
2021-10-11,96.1501,97.3789,95.995,96.0069,1072400
2021-10-12,96.0546,96.8563,95.9115,96.3958,1396400
2021-10-13,96.7848,97.6581,96.0928,96.7132,1269200
2021-10-14,97.8275,99.4619,97.3002,99.3593,1376400
2021-10-15,99.741,100.137,98.9704,99.2662,1374000
2021-10-18,98.968,100.55,98.6626,100.469,1058000
2021-10-19,100.858,101.144,100.125,101.144,727200
2021-10-20,101.387,101.872,100.879,101.096,1055200
2021-10-21,101.111,101.748,100.624,101.321,1171200
2021-10-22,101.738,102.347,101.664,101.843,1070000
2021-10-25,101.743,102.614,101.356,102.263,1161600
2021-10-26,102.647,103.272,102.158,102.719,1331600
2021-10-27,102.907,102.907,100.848,100.915,806800
2021-10-28,101.053,101.779,100.407,101.659,882800
2021-10-29,101.438,104.112,101.275,103.339,1482000
2021-11-01,103.692,104.05,102.49,102.771,870000
2021-11-02,103.418,103.993,102.263,103.869,1097600
2021-11-03,103.869,104.628,102.709,104.489,1202400
2021-11-04,104.389,105.926,104.076,105.126,1132000
2021-11-05,105.95,107.128,105.351,105.451,1165600
2021-11-08,105.911,106.346,103.144,104.236,1408000
2021-11-09,104.294,104.678,103.559,104.258,1003600
2021-11-10,103.907,104.637,103.179,103.532,1515600
2021-11-11,103.9,104.224,103.275,103.552,998400
2021-11-12,104.192,105.173,103.473,104.879,874800
2021-11-15,105.046,105.579,104.238,104.958,682400
2021-11-16,104.836,106.082,104.357,106.017,967200
2021-11-17,106.017,106.426,105.075,106.304,707600
2021-11-18,106.517,106.89,105.57,105.881,999600
2021-11-19,106.62,107.416,105.747,106.663,1326800
2021-11-22,106.792,108.262,106.055,106.091,1295600
2021-11-23,106.34,106.679,104.597,105.015,1246400
2021-11-24,104.757,105.792,103.817,105.589,1280400
2021-11-26,104.293,105.266,101.835,102.416,1354000
2021-11-29,103.731,104.644,102.504,103.956,1350400
2021-11-30,103.956,104.776,100.553,100.957,3877600
2021-12-01,102.456,103.898,99.7566,99.8642,1725600
2021-12-02,100.06,103.972,99.8714,103.344,3072400
2021-12-03,103.532,105.347,100.541,102.172,2494000
2021-12-06,103.855,104.795,103.08,104.097,1783200
2021-12-07,105.402,107.538,104.862,106.655,2109200
2021-12-08,106.655,108.205,106.622,107.842,1574400
2021-12-09,107.842,108.071,107.017,107.399,1209600
2021-12-10,108.052,109.807,107.758,109.628,1810800
2021-12-13,109.52,110.343,108.597,109.384,2166000
2021-12-14,108.365,110.206,105.613,107.27,2087200
2021-12-15,107.531,109.64,107.509,109.451,2060800
2021-12-16,110.175,110.178,108.047,108.757,2080800
2021-12-17,108.535,108.788,104.568,104.86,3664400
2021-12-20,103.21,103.542,101.572,102.81,3312000
2021-12-21,103.315,104.84,102.913,104.448,2707200
2021-12-22,102.825,102.825,100.715,102.559,2952000
2021-12-23,103.257,105.804,103.245,104.02,2487200
2021-12-27,104.793,105.866,103.795,105.713,1287200
2021-12-28,105.933,106.423,105.608,106.196,1093600
2021-12-29,106.357,106.935,105.902,106.397,836400
2021-12-30,106.474,107.074,104.922,105.108,1003200
2021-12-31,104.702,106.433,104.702,105.974,1278800
2022-01-03,105.775,105.854,101.156,101.411,2570000
2022-01-04,101.894,102.287,101.153,101.655,2774000
2022-01-05,101.392,101.837,96.9827,97.0808,2980800
2022-01-06,97.0784,97.9919,95.9138,96.3682,2906000
2022-01-07,96.2462,96.2462,95.0267,95.0339,2430000
2022-01-10,94.3595,95.591,93.4293,95.4667,3103200
2022-01-11,95.4523,97.0521,93.8215,96.8704,2096400
2022-01-12,97.8795,98.0421,96.8249,97.1358,2117600
2022-01-13,97.2697,97.6068,96.6288,96.7842,2821600
2022-01-14,95.7632,96.2773,94.393,95.041,1707600
2022-01-18,93.6517,94.3236,93.116,93.513,2628800
2022-01-19,93.8813,94.5723,92.6521,92.743,2254400
2022-01-20,93.7904,93.9961,90.6722,90.94,2146800
2022-01-21,91.0859,92.2815,90.6722,90.7511,3220000
2022-01-24,89.6655,92.5087,88.8835,92.3795,3718400
2022-01-25,90.4689,92.3867,90.213,91.1624,2950400
2022-01-26,91.7124,93.8239,90.1437,91.1815,3700000
2022-01-27,92.0854,92.7693,90.0385,90.3231,2406800
2022-01-28,90.0744,92.4226,89.1561,92.3772,2047600
2022-01-31,92.0304,93.7617,91.8248,93.6254,2883600
2022-02-01,93.4006,94.051,91.4613,92.6187,2679600
2022-02-02,92.8506,93.8358,92.7908,93.6063,1740000
2022-02-03,93.2595,94.0247,91.9108,92.083,1856400
2022-02-04,91.5856,92.4465,90.9233,91.3011,1823600
2022-02-07,91.5019,92.1882,90.6865,90.8372,1679200
2022-02-08,91.1098,92.3269,90.1485,91.7171,1015200
2022-02-09,93.1184,93.8956,93.0323,93.6349,1280000
2022-02-10,91.9324,92.8004,90.653,91.2628,2078400
2022-02-11,91.6478,91.7793,89.5937,89.7994,1563200
2022-02-14,90.135,90.4754,88.3178,88.8212,1652000
2022-02-15,89.9792,90.7559,89.5069,90.5593,1754400
2022-02-16,90.4586,91.022,89.2863,90.7559,1812800
2022-02-17,90.2237,90.5138,88.699,88.8548,2598000
2022-02-18,88.723,89.7754,88.4497,89.0778,2808800
2022-02-22,89.3103,90.1158,88.1979,88.7014,2354800
2022-02-23,89.1185,90.1038,87.1407,87.2414,2332800
2022-02-24,85.827,89.8329,85.4914,89.6651,2962400
2022-02-25,89.7682,90.7175,88.3945,90.4562,1722800
2022-02-28,89.3702,90.2668,88.5551,89.9768,1718000
2022-03-01,89.8089,90.0774,88.4017,89.2168,1745600
2022-03-02,89.4542,91.9018,89.2528,91.3361,2033200
2022-03-03,91.77,92.1823,90.5042,90.7175,1554400
2022-03-04,90.636,91.5039,90.0271,90.847,1280800
2022-03-07,90.7535,91.1275,88.8045,88.9459,1929600
2022-03-08,88.4425,89.8425,87.3613,88.1045,3335200
2022-03-09,90.0943,90.2333,88.8716,89.6987,1842800
2022-03-10,88.3514,88.9171,87.1144,88.6415,1949600
2022-03-11,89.7802,90.0223,88.4353,88.5336,1487600
2022-03-14,90.8518,90.8518,89.0106,89.9025,1446000
2022-03-15,90.8278,91.9234,90.3651,91.6046,1458800
2022-03-16,92.1583,93.5272,91.2186,93.2875,1496400
2022-03-17,93.2419,94.6899,92.3286,94.6899,1214000
2022-03-18,94.7043,96.5263,94.0043,95.9821,2634000
2022-03-21,95.3899,95.9749,92.6714,93.8077,4004000
2022-03-22,94.431,94.8649,93.7765,94.2153,2745600
2022-03-23,94.5653,96.9962,93.8556,96.2146,2786400
2022-03-24,97.0825,98.389,95.6081,98.389,2978400
2022-03-25,99.0099,99.1897,97.5475,99.0866,2333600
2022-03-28,98.7702,101.491,98.7175,101.465,2581600
2022-03-29,102.131,103.958,101.45,103.447,2710800
2022-03-30,104.119,104.325,103.172,103.567,1491200
2022-03-31,103.884,104.39,101.76,101.98,2050000
2022-04-01,102.033,102.721,101.009,101.618,1846000
2022-04-04,101.669,103.471,101.484,102.898,1645600
2022-04-05,102.325,104.68,102.325,103.421,1981600
2022-04-06,102.867,103.572,102.095,103.361,1563600
2022-04-07,103.114,104.481,102.515,104.102,1436400
2022-04-08,104.013,104.239,102.673,102.874,1335600
2022-04-11,102.431,102.711,100.053,100.211,1916400
2022-04-12,101.016,101.947,99.2616,99.674,1606000
2022-04-13,100.211,101.165,99.9665,100.539,1658400
2022-04-14,101.06,101.52,98.9859,99.1705,1383200
2022-04-18,98.7055,100.091,98.4034,99.0531,1211600
2022-04-19,98.8373,100.897,98.8373,100.439,1491200
2022-04-20,100.949,101.601,100.722,101.038,1314800
2022-04-21,101.326,102.165,100.304,100.422,1556800
2022-04-22,100.364,102.155,97.6266,97.8088,1692400
2022-04-25,97.8352,98.3698,95.831,98.2811,2235600
2022-04-26,97.6219,98.0174,95.7999,95.7999,1566000
2022-04-27,95.8814,97.6698,95.4619,96.1331,2414800
2022-04-28,97.1208,98.8997,96.3153,98.4585,2314800
2022-04-29,97.4924,98.0774,94.9632,95.2365,2439200
2022-05-02,95.4595,96.0876,92.5395,93.8461,2922000
2022-05-03,94.0019,94.3687,93.1892,93.5704,1937200
2022-05-04,93.6015,96.5431,92.7888,96.1403,1803200
2022-05-05,95.0519,95.5769,92.0864,92.7145,1834800
2022-05-06,92.2998,92.5132,90.4634,92.0433,1798800
2022-05-09,90.9285,91.4943,89.5117,89.7154,2171200
2022-05-10,91.6597,91.71,89.1521,90.6744,2180800
2022-05-11,90.0175,91.4176,88.8404,88.9267,2103200
2022-05-12,88.7014,89.4398,86.8339,88.0205,2467200
2022-05-13,89.0348,90.9985,87.6408,90.3664,1718800
2022-05-16,89.9698,90.9937,89.1502,90.7894,1637200
2022-05-17,92.0561,92.2051,90.8543,91.6499,1791600
2022-05-18,90.6019,90.7197,85.7371,86.1097,2626400
2022-05-19,85.48,87.2202,84.6051,86.2395,2506800
2022-05-20,86.9918,87.4845,85.4127,87.398,1822000
2022-05-23,87.8331,89.2367,87.5014,88.9988,1250000
2022-05-24,88.857,89.655,88.1143,89.1574,1866800
2022-05-25,88.4748,89.6309,88.0326,88.3666,2655600
2022-05-26,89.5156,92.7411,89.1094,92.1595,1993200
2022-05-27,92.5729,95.5412,92.5729,95.3994,2185600
2022-05-31,94.5919,96.183,93.7338,95.7408,4401600
2022-06-01,95.8393,96.0532,93.8492,93.9309,2336400
2022-06-02,94.0631,95.7672,93.58,95.7167,1907200
2022-06-03,94.8442,95.4643,94.3467,95.2023,2010800
2022-06-06,96.0628,96.5267,95.3225,95.522,1481600
2022-06-07,94.9836,97.4641,94.7817,97.0074,1426800
2022-06-08,96.5195,97.1805,94.986,95.9883,1798400
2022-06-09,95.2,96.0797,93.9597,93.9597,1515200
2022-06-10,92.3686,92.6522,90.0612,90.0756,1778400
2022-06-13,88.2585,88.5541,85.5329,86.0112,2680000
2022-06-14,86.3332,86.4654,83.9057,84.7108,2742000
2022-06-15,86.3044,86.6481,83.699,85.2877,3136800
2022-06-16,84.5618,84.5618,82.6486,83.8576,2901200
2022-06-17,83.7638,85.1675,83.2447,83.4874,4245600
2022-06-21,84.3167,86.4775,84.2686,86.1482,2569200
2022-06-22,85.5641,87.0639,84.5834,86.3404,1742800
2022-06-23,87.0495,88.3931,86.1818,88.0975,2039600
2022-06-24,88.6238,91.2293,88.6238,91.138,3197200
2022-06-27,91.2341,92.097,90.2799,91.3134,1248000
2022-06-28,91.5586,92.2965,89.0565,89.2896,1198400
2022-06-29,89.8064,89.9506,88.6334,89.5204,984000
2022-06-30,88.4003,90.3039,88.3402,89.7799,1473200
2022-07-01,89.7799,90.9457,89.3016,90.5443,1723600
2022-07-05,89.792,90.3544,87.3908,90.2198,1875600
2022-07-06,91.0562,91.9479,90.1621,91.3639,1405600
2022-07-07,90.799,91.9143,90.799,91.549,1608000
2022-07-08,91.412,91.8831,90.6573,91.5922,1728400
2022-07-11,91.4889,92.2652,91.2918,91.5201,1845600
2022-07-12,91.3567,92.7147,90.2703,90.7245,1876800
2022-07-13,89.5949,91.4432,87.8859,90.751,1882800
2022-07-14,93.8756,93.8756,89.7799,93.0488,2525600
2022-07-15,94.2025,94.5342,92.7195,93.3252,3144400
2022-07-18,93.753,93.7674,90.8543,91.0778,2394000
2022-07-19,91.9888,93.1377,91.5033,92.943,2764800
2022-07-20,93.5223,94.6039,92.7483,94.2409,1618000
2022-07-21,94.527,96.1445,94.2818,96.1397,1884000
2022-07-22,96.5844,96.8608,94.7673,95.3562,1144400
2022-07-25,95.659,95.659,94.5967,95.3418,852000
2022-07-26,95.2745,95.7792,94.6519,95.6206,1434400
2022-07-27,96.1133,98.8774,95.8153,98.3606,1888400
2022-07-28,98.6995,101.19,97.9184,100.954,1776000
2022-07-29,100.949,102.538,100.507,102.269,1921200
2022-08-01,101.629,102.084,101.086,101.894,1134800
2022-08-02,101.824,102.351,100.502,101.613,1386000
2022-08-03,101.807,102.891,101.557,102.408,1219600
2022-08-04,102.504,103.149,101.959,102.677,2014800
2022-08-05,101.901,102.367,101.178,101.817,1177200
2022-08-08,102.473,102.706,101.622,102.298,1741200
2022-08-09,102.581,102.596,101.8,102.086,1524400
2022-08-10,104.05,104.295,102.99,103.781,1357600
2022-08-11,104.134,104.555,102.841,103.266,826400
2022-08-12,104.144,104.847,103.519,104.652,1028000
2022-08-15,103.934,105.968,103.934,105.806,1111600
2022-08-16,105.296,105.881,104.792,105.512,1300400
2022-08-17,104.556,105.953,104.534,105.823,1179200
2022-08-18,105.823,106.46,105.556,106.146,1118000
2022-08-19,105.799,106.264,104.83,105.202,1076400
2022-08-22,104.259,104.633,103.577,103.7,1124000
2022-08-23,103.153,103.751,102.835,103.151,1160000
2022-08-24,103.167,103.741,102.765,103.418,997200
2022-08-25,104.452,104.481,103.324,104.433,960400
2022-08-26,104.558,104.715,101.088,101.225,2014000
2022-08-29,100.454,101.182,99.8585,100.256,1170400
2022-08-30,100.63,100.757,97.9619,98.7379,1304000
2022-08-31,99.5549,99.5742,97.7425,98.0486,1793200
2022-09-01,97.4268,98.2173,96.887,98.2173,1167600
2022-09-02,98.7138,99.3765,97.1449,97.7956,2032400
2022-09-06,98.0534,99.8296,98.0534,99.6898,1918800
2022-09-07,100.039,103.423,100.039,103.194,1958000
2022-09-08,103.04,104.083,102.664,103.483,1285200
2022-09-09,103.577,104.895,103.365,103.956,1594400
2022-09-12,104.274,104.507,102.435,103.368,2018000
2022-09-13,101.297,101.996,98.0775,98.4824,2427600
2022-09-14,98.8078,98.8078,96.2146,97.0967,2366800
2022-09-15,97.4244,97.5738,95.6458,96.0555,1849200
2022-09-16,95.2771,97.7281,94.4505,97.4437,3721600
2022-09-19,97.0292,98.3643,96.4556,98.2896,1352000
2022-09-20,97.3859,98.2896,96.8653,97.8462,1539200
2022-09-21,98.6367,99.0054,96.3038,96.3616,1844800
2022-09-22,95.8748,95.9905,93.6335,93.6937,1720800
2022-09-23,93.6961,94.0528,92.7948,93.9637,1681200
2022-09-26,93.5949,94.7204,93.1756,93.3033,1578400
2022-09-27,94.1637,94.6987,92.2092,92.4309,1769600
2022-09-28,95.306,96.1785,91.8188,95.0867,2893600
2022-09-29,94.0456,94.7204,93.1636,93.8817,2595600
2022-09-30,94.1492,95.1614,92.9129,93.5539,2230400
2022-10-03,94.6337,96.9762,94.1709,96.6026,1896000
2022-10-04,97.7522,99.6055,97.7522,99.056,2437200
2022-10-05,98.6053,100.083,97.8775,99.2777,2344400
2022-10-06,99.1596,99.7814,98.5644,98.9572,1382000
2022-10-07,97.6028,98.7644,95.6579,96.017,2050000
2022-10-10,96.3447,96.9255,95.5036,95.8483,1202000
2022-10-11,95.5374,95.776,94.0577,94.8337,1732400
2022-10-12,95.2,95.7447,93.313,93.3829,1583200
2022-10-13,91.3199,95.1928,89.3943,94.6698,2745600
2022-10-14,95.8001,96.0989,91.4862,91.9079,1711200
2022-10-17,93.7347,95.9519,93.7347,94.9662,1692000
2022-10-18,97.116,97.463,95.5278,96.9015,1717600
2022-10-19,95.3807,96.7087,95.2072,96.4604,1157600
2022-10-20,96.6123,97.1111,94.1251,94.6409,1598800
2022-10-21,94.2938,96.6942,93.8649,96.3857,1545600
2022-10-24,97.5112,98.3186,96.2966,97.9233,1331200
2022-10-25,97.8751,99.0295,97.5835,98.9042,1362400
2022-10-26,99.1813,100.396,98.4848,99.2681,1776800
2022-10-27,99.5235,100.606,99.1428,99.9308,1416800
2022-10-28,100.312,103.146,99.9863,103.061,1354400
2022-10-31,102.22,103.392,102.061,103.04,1832400
2022-11-01,103.365,103.609,102.218,103.213,1466000
2022-11-02,103.001,104.471,100.181,100.21,1627200
2022-11-03,99.2247,100.95,98.856,99.0367,1742800
2022-11-04,100.015,100.232,97.757,98.9644,2230000
2022-11-07,100.194,101.232,99.1018,101.186,2813200
2022-11-08,101.967,104.958,101.521,103.876,1677200
2022-11-09,102.905,103.799,101.162,101.227,1594400
2022-11-10,105.888,107.445,104.968,107.127,2388400
2022-11-11,107.028,108.573,106.146,106.97,1824000
2022-11-14,106.92,109.135,106.678,107.253,1834800
2022-11-15,109.191,109.317,106.833,107.478,1350000
2022-11-16,107.748,108.758,107.321,107.695,1105600
2022-11-17,106.557,107.618,105.866,107.108,1287200
2022-11-18,108.418,109.01,107.533,108.58,1060400
2022-11-21,109.073,109.81,108.355,108.65,960400
2022-11-22,108.746,110.534,108.737,110.017,1440800
2022-11-23,110.389,110.592,109.302,110.037,1074400
2022-11-25,110.6,110.887,109.916,110.247,453200
2022-11-28,110.547,110.759,109.22,109.781,1022000
2022-11-29,109.21,109.524,107.823,108.899,1095200
2022-11-30,108.899,112.047,108.145,111.578,3275200
2022-12-01,111.933,111.933,110.409,111.74,1483600
2022-12-02,110.426,112.018,109.887,111.759,1144000
2022-12-05,110.723,111.093,109.875,111.006,1020800
2022-12-06,110.331,110.752,108.628,109.365,1181200
2022-12-07,109.389,110.199,108.911,109.524,1746000
2022-12-08,109.524,110.716,109.22,109.974,1458400
2022-12-09,109.836,110.423,109.237,109.568,947200
2022-12-12,109.986,110.81,109.309,110.525,1410000
2022-12-13,112.958,113.62,110.638,111.733,2089200
2022-12-14,111.81,113.009,109.928,110.974,1145200
2022-12-15,109.575,110.679,106.99,107.405,2366400
2022-12-16,106.205,107.949,106.205,107.591,3419600
2022-12-19,107.367,108.309,106.608,107.164,1343600
2022-12-20,106.934,107.787,106.504,107.268,1742800
2022-12-21,109.544,112.274,108.167,112.209,2119600
2022-12-22,111.24,111.32,107.879,109.336,1756800
2022-12-23,108.981,110.542,108.251,110.481,820400
2022-12-27,110.931,111.639,110.167,110.914,1270400
2022-12-28,111.351,112.267,108.964,108.983,1062800
2022-12-29,109.759,110.989,109.578,110.411,1010000
2022-12-30,109.57,110.044,107.736,109.123,1249600
2023-01-03,109.682,109.918,107.763,108.488,1226400
2023-01-04,109.45,109.768,106.504,107.241,1392800
2023-01-05,106.006,106.453,104.259,104.752,1853200
2023-01-06,105.105,107.645,105.008,106.784,1720000
2023-01-09,106.91,108.251,106.084,106.632,1529200
2023-01-10,106.233,107.538,105.907,107.517,1128000
2023-01-11,108.152,109.742,107.799,109.689,1768000
2023-01-12,109.152,109.469,106.681,107.821,1647200
2023-01-13,107.741,108.556,107.144,108.471,1840400
2023-01-17,108.195,109.575,107.362,107.495,1567600
2023-01-18,108.304,109,105.791,105.883,1751600
2023-01-19,105.518,106.13,103.249,103.317,1399600
2023-01-20,102.715,105.765,102.222,105.482,1577600
2023-01-23,105.528,106.671,104.958,105.777,1262800
2023-01-24,105.934,106.468,104.303,106.374,1098400
2023-01-25,105.095,105.617,104.134,105.559,935200
2023-01-26,105.9,106.596,105.284,106.579,1026800
2023-01-27,106.021,106.533,105.325,105.656,898800
2023-01-30,105.562,106.608,105.059,105.359,1296000
2023-01-31,105.745,107.272,105.55,107.219,1752000
2023-02-01,107.103,108.498,105.066,107.852,1713600
2023-02-02,107.384,108.111,106.417,107.478,1655200
2023-02-03,106.758,107.34,104.883,106.9,1594000
2023-02-06,106.236,106.983,105.506,106.052,1201600
2023-02-07,105.951,107.434,104.279,107.057,1276800
2023-02-08,106.794,106.85,105.736,106.25,1253200
2023-02-09,106.804,107.524,105.465,105.854,1552400
2023-02-10,105.786,107.43,105.397,107.007,1284400
2023-02-13,107.21,108.365,107.05,108.246,1095600
2023-02-14,107.926,108.164,105.739,107.333,1396800
2023-02-15,106.88,107.934,106.202,107.711,822000
2023-02-16,106.362,107.847,106.11,106.919,1217600
2023-02-17,107.096,107.905,106.645,107.582,1373200
2023-02-21,107.071,107.192,105.082,105.55,1550400
2023-02-22,105.749,106.79,105.628,106.001,1125200
2023-02-23,106.398,106.558,104.925,105.901,847600
2023-02-24,104.61,105.678,104.009,105.385,1021600
2023-02-27,106.32,106.635,105.298,105.749,1086000
2023-02-28,105.4,106.793,105.242,106.219,1940400
2023-03-01,105.606,106.156,103.501,103.958,1271600
2023-03-02,103.755,106.085,103.406,105.446,1063200
2023-03-03,105.821,107.546,105.439,107.037,1387600
2023-03-06,106.878,108.002,106.812,107.701,1000000
2023-03-07,107.893,108.04,105.201,105.632,1090800
2023-03-08,105.938,106.684,105.378,106.395,829600
2023-03-09,107.03,107.452,105.109,105.201,1192000
2023-03-10,105.015,105.809,103.416,103.755,1242400
2023-03-13,103.123,105.62,102.956,104.375,1358800
2023-03-14,104.973,107.318,104.678,107.013,1530800
2023-03-15,106.047,106.466,103.394,104.734,1647600
2023-03-16,104.315,106.105,103.644,105.526,1381200
2023-03-17,105.526,106.514,103.956,104.828,2310000
2023-03-20,105.32,107.129,105.254,107.023,1294000
2023-03-21,107.675,107.968,106.272,107.345,1198000
2023-03-22,107.1,107.825,105.499,105.63,1766000
2023-03-23,105.143,106.345,103.922,104.93,1370000
2023-03-24,104.828,106.037,103.847,105.705,1128400
2023-03-27,106.015,107.008,105.889,106.754,1065200
2023-03-28,105.756,108.035,105.751,107.469,1914000
2023-03-29,110.841,113.336,110.644,112.682,3032000
2023-03-30,113.169,113.619,112.023,113.285,1788400
2023-03-31,112.251,112.856,111.529,112.083,2310400
2023-04-03,111.364,111.805,110.448,111.643,1444000
2023-04-04,111.507,111.916,109.637,110.201,1270000
2023-04-05,109.736,110.819,109.121,109.433,1326800
2023-04-06,109.375,109.729,108.908,109.431,955600
2023-04-10,108.862,109.051,108.307,109.014,1156000
2023-04-11,109.748,110.23,108.866,109.075,1338400
2023-04-12,109.554,110.705,109.414,109.966,1077600
2023-04-13,110.288,111.534,109.659,111.381,1518400
2023-04-14,110.972,111.701,110.371,111.098,1211200
2023-04-17,111.785,112.076,110.831,111.914,1257200
2023-04-18,112.817,113.254,111.139,111.405,1489600
2023-04-19,110.996,111.381,110.01,110.061,1115200
2023-04-20,109.407,111.616,109.375,111.165,1160000
2023-04-21,110.998,111.703,110.833,111.403,938400
2023-04-24,111.584,111.822,110.681,110.94,1456800
2023-04-25,110.288,110.288,108.074,108.29,1542000
2023-04-26,107.2,107.42,106.248,106.5,1525600
2023-04-27,107.282,109.496,106.592,109.21,1340000
2023-04-28,109.433,111.02,109.433,110.41,1142800
2023-05-01,110.15,112.076,110.15,111.996,1251600
2023-05-02,111.943,112.074,110.15,111.163,1410400
2023-05-03,111.558,112.367,110.863,110.952,1086800
2023-05-04,111.277,112.263,110.606,110.933,1229200
2023-05-05,111.57,113.338,111.19,112.977,1229200
2023-05-08,112.706,113.038,111.337,111.492,1302800
2023-05-09,111.153,112.311,110.603,111.807,1594000
2023-05-10,112.609,114.673,112.129,114.591,1554400
2023-05-11,114.755,115.129,113.927,114.881,1604000
2023-05-12,115.382,116.171,114.597,115.192,1020800
2023-05-15,115.187,115.187,113.575,113.905,912400
2023-05-16,113.517,114.048,111.705,113.152,1145200
2023-05-17,113.762,114.073,112.407,113.002,1048000
2023-05-18,112.713,114.782,112.268,114.668,1346800
2023-05-19,115.175,115.79,113.837,114.25,1108800
2023-05-22,114.886,115.656,114.027,114.527,1147600
2023-05-23,114.197,114.197,111.773,111.846,1048000
2023-05-24,111.491,112.849,111.219,112.261,1073600
2023-05-25,111.936,113.026,111.297,112.725,1347600
2023-05-26,112.676,114.291,112.259,113.823,1054400
2023-05-30,114.214,115.146,113.48,114.52,946800
2023-05-31,114.42,114.991,113.063,114.653,3282000
2023-06-01,114.986,115.996,114.024,115.591,1702800
2023-06-02,115.792,117.062,115.166,116.941,1812800
2023-06-05,117.232,117.929,116.844,117.594,1032000
2023-06-06,117.489,118.092,116.695,117.679,1339200
2023-06-07,117.744,118.048,115.518,115.848,1742400
2023-06-08,115.462,117.47,115.348,117.327,1102800
2023-06-09,116.839,117.218,115.964,116.666,1254000
2023-06-12,116.666,117.893,116.455,117.662,1264800
2023-06-13,117.919,117.948,116.933,117.356,1244800
2023-06-14,117.489,118.359,117.213,118.041,1081200
2023-06-15,118.019,120.032,117.766,119.568,1160400
2023-06-16,120.86,120.86,118.879,119.32,2504000
2023-06-20,118.563,118.774,117.363,117.64,1592400
2023-06-21,117.261,119.029,116.788,118.14,1884800
2023-06-22,118.291,118.507,117.679,118.327,964400
2023-06-23,117.167,117.817,116.144,117.191,2160800
2023-06-26,116.953,118.587,116.732,117.866,1117600
2023-06-27,118.104,119.398,118.104,119.279,1150800
2023-06-28,119.209,119.216,118.352,118.83,1220000
2023-06-29,118.789,119.002,118.15,118.998,1088800
2023-06-30,119.959,120.926,119.952,120.71,1837200
2023-07-03,119.223,119.85,116.559,118.366,1081600
2023-07-05,117.936,118.514,116.729,118.203,1654400
2023-07-06,117.254,118.369,116.661,118.208,1534800
2023-07-07,117.982,118.029,116.533,116.62,1800400
2023-07-10,117.145,119.915,116.81,118.866,2856000
2023-07-11,118.951,120.073,118.951,119.658,2042000
2023-07-12,120.314,120.578,119.32,119.731,1801600
2023-07-13,118.893,121.113,117.878,120.078,2868400
2023-07-14,120.01,121.015,119.549,120.535,1881200
2023-07-17,120.629,122.633,119.694,122.31,1734400
2023-07-18,122.266,122.924,121.727,122.324,1802400
2023-07-19,121.805,122.482,120.828,122.405,2288000
2023-07-20,122.876,123.801,122.218,123.138,1921200
2023-07-21,124.085,124.891,123.138,123.22,7308800
2023-07-24,122.604,124.187,122.475,123.985,1869200
2023-07-25,123.813,125.61,123.371,125.413,2386000
2023-07-26,125.064,125.962,124.588,125.43,1249600
2023-07-27,125.367,125.775,122.436,122.524,2134000
2023-07-28,123.726,123.726,121.64,122.06,1769200
2023-07-31,122.373,122.422,121.47,121.914,1769200
2023-08-01,122.06,122.825,121.419,122.329,1486800
2023-08-02,120.926,121.909,120.782,121.312,1539200
2023-08-03,120.877,121.467,120.411,120.668,1098400
2023-08-04,121.086,121.086,118.891,119.012,1239200
2023-08-07,119.721,120.69,119.369,120.056,1158400
2023-08-08,119.67,120.083,118.189,119.163,1269600
2023-08-09,119.148,120.156,119.148,119.517,1151600
2023-08-10,119.68,120.739,118.784,119.029,914400
2023-08-11,118.99,119.439,118.607,118.993,1090000
2023-08-14,119.119,120.305,118.834,120.159,1122800
2023-08-15,119.394,119.777,118.83,118.993,979200
2023-08-16,119.275,121.041,119.127,119.385,1392800
2023-08-17,119.248,119.891,117.746,117.838,1482000
2023-08-18,117.739,118.681,117.247,118.209,2612000
2023-08-21,118.245,118.812,117.483,118.35,994800
2023-08-22,118.201,118.635,117.892,118.25,805600
2023-08-23,118.978,119.745,118.401,119.616,1091600
2023-08-24,119.786,120.773,118.698,118.808,1008400
2023-08-25,119.222,121.067,119.075,120.782,1149200
2023-08-28,120.936,121.864,120.707,121.532,1257200
2023-08-29,121.267,122.482,121.099,122.324,1054400
2023-08-30,122.506,123.522,122.506,123.213,1532400
2023-08-31,122.857,123.646,122.733,122.769,1406400
2023-09-01,123.834,123.834,122.538,123.035,694000
2023-09-05,122.567,122.874,120.914,120.96,953600
2023-09-06,120.663,121.537,120.347,120.714,894400
2023-09-07,120.761,121.613,120.244,121.145,1376800
2023-09-08,121.469,121.691,120.356,120.568,982000
2023-09-11,120.488,121.321,120.461,121.23,1423200
2023-09-12,122.524,124.71,121.754,124.625,1827200
2023-09-13,124.554,125.443,123.641,125.356,1375600
2023-09-14,126.152,127.735,126.106,127.447,1841600
2023-09-15,127.683,127.783,125.326,125.426,3367200
2023-09-18,125.27,126.008,125.08,125.341,1055600
2023-09-19,125.197,125.692,124.564,125.465,1089600
2023-09-20,126.02,127.182,125.226,125.292,895600
2023-09-21,124.895,124.912,122.813,122.833,1465200
2023-09-22,122.955,124.187,122.777,122.911,1565600
2023-09-25,122.458,123.157,122.241,123.098,1270000
2023-09-26,121.717,122.709,116.531,116.609,3437200
2023-09-27,117.351,118.043,115.603,117.147,2874000
2023-09-28,117.174,119.068,116.925,117.831,2260000
2023-09-29,118.199,118.959,116.962,117.13,1999200
2023-10-02,117.079,118.272,116.582,118.07,1997200
2023-10-03,117.342,118.44,116.616,117.096,1946400
2023-10-04,117.439,118.51,116.867,117.843,1386000
2023-10-05,117.858,117.972,116.743,117.334,1206800
2023-10-06,116.891,120.627,116.881,120.113,2452400
2023-10-09,119.684,122.353,119.416,122.295,1536000
2023-10-10,122.392,124.104,121.508,123.371,1993200
2023-10-11,123.49,125.037,123.49,124.8,1414800
2023-10-12,126.425,127.932,124.496,125.404,2039200
2023-10-13,126.04,126.33,124.425,124.83,1048800
2023-10-16,126.096,126.853,125.394,125.816,1135200
2023-10-17,125.816,125.816,124.481,125.229,1308400
2023-10-18,125.214,125.278,123.597,123.748,1002400
2023-10-19,123.897,124.226,121.944,122.441,1248800
2023-10-20,122.519,122.689,121.06,121.313,1626400
2023-10-23,121.481,122.643,121.481,121.627,1092800
2023-10-24,122.032,123.349,121.584,123.171,1540800
2023-10-25,122.687,123.743,121.929,122.122,1548400
2023-10-26,122.005,123.305,121.389,121.418,1646000
2023-10-27,121.613,121.732,120.437,120.88,1858400
2023-10-30,121.754,122.979,120.851,122.438,1210800
2023-10-31,122.477,123.907,122.36,123.488,1398000
2023-11-01,123.877,124.652,122.889,123.946,1309200
2023-11-02,124.07,125.219,123.449,124.455,1912000
2023-11-03,125.163,126.86,125.051,126.247,1174800
2023-11-06,126.768,126.851,125.575,126.31,1110000
2023-11-07,126.585,128.626,125.799,128.149,2436000
2023-11-08,128.465,128.806,127.61,128.38,1155200
2023-11-09,128.726,129.225,127.832,128.166,966800
2023-11-10,129.001,130.05,127.954,129.907,1244000
2023-11-13,129.765,130.91,129.205,130.586,952400
2023-11-14,132.761,133.843,131.89,133.423,1563600
2023-11-15,134.004,134.653,133.376,133.594,2107200
2023-11-16,134.141,135.996,133.469,135.107,1970800
2023-11-17,135.727,135.945,133.64,133.772,1377200
2023-11-20,133.784,134.988,133.293,134.473,1174800
2023-11-21,134.646,135.503,134.431,135.058,1052800
2023-11-22,135.732,136.467,135.188,135.444,825600
2023-11-24,134.502,135.747,133.662,135.464,456400
2023-11-27,135.605,136.33,135.344,135.429,863600
2023-11-28,135.464,136.694,134.934,135.329,1108800
2023-11-29,135.749,135.749,133.818,134.043,1202000
2023-11-30,134.402,135.217,133.667,135.061,1700000
2023-12-01,135.061,136.479,135.027,136.281,1115600
2023-12-04,135.014,136.169,134.668,135.5,1214400
2023-12-05,134.639,135.232,133.73,134.531,1140800
2023-12-06,135.476,135.932,133.838,134.494,1070400
2023-12-07,134.983,135.613,133.652,135.183,2513600
2023-12-08,134.136,135.266,133.926,135.08,1315200
2023-12-11,135.844,137.522,135.449,136.611,1636400
2023-12-12,137.199,137.834,135.906,137.812,1345200
2023-12-13,138.554,140.756,137.822,140.346,1554400
2023-12-14,140.729,140.729,137.216,137.544,2452800
2023-12-15,137.258,138.388,136.123,136.394,4520800
2023-12-18,138.171,138.171,136.799,136.87,1489200
2023-12-19,137.043,137.688,136.565,136.779,1445200
2023-12-20,136.56,137.465,135.134,135.161,2088000
2023-12-21,140.859,144.34,138.835,144.02,2682400
2023-12-22,144.56,145.922,144.154,145.312,1873200
2023-12-26,145.729,147.401,145.451,147.067,1288000
2023-12-27,146.937,148.375,146.937,147.99,1065600
2023-12-28,147.46,148.229,146.725,146.74,1175200
2023-12-29,146.532,147.565,146.388,147.123,1136400
2024-01-02,146.688,147.345,143.559,144.499,1556000
2024-01-03,144.438,144.811,141.484,141.66,1530800
2024-01-04,141.469,143.398,141.469,142.172,1291600
2024-01-05,142.172,142.682,140.261,140.922,1160800
2024-01-08,141.11,142.743,140.598,142.599,1703200
2024-01-09,141.24,142.726,140.746,142.692,855600
2024-01-10,142.585,143.415,141.994,143.305,938000
2024-01-11,143.583,143.766,142.477,143.605,1117200
2024-01-12,144.296,144.85,143.488,144.765,914400
2024-01-16,144.32,144.838,143.07,143.683,1218000
2024-01-17,143.034,143.962,142.853,143.761,1122400
2024-01-18,143.761,144.98,143.188,144.672,1082400
2024-01-19,145.072,146.615,144.423,146.242,1259600
2024-01-22,147.269,147.448,146.522,146.847,967200
2024-01-23,147.589,148.214,146.359,147.369,864000
2024-01-24,147.702,148.026,145.775,145.973,1372400
2024-01-25,146.195,146.893,145.258,146.11,1079600
2024-01-26,146.801,146.801,145.253,145.939,685600
2024-01-29,145.373,147.599,145.373,146.962,1270400
2024-01-30,146.181,148.69,146.181,148.624,1209200
2024-01-31,148.671,149.327,146.94,147.589,2575600
2024-02-01,148.119,150.963,147.409,150.755,1486000
2024-02-02,150.455,151.998,149.393,151.185,1349200
2024-02-05,150.589,150.643,149.193,150.287,1422800
2024-02-06,150.87,151.337,150.006,150.841,1342400
2024-02-07,151.869,152.865,151.5,151.752,1089600
2024-02-08,151.478,151.837,150.37,150.663,1715600
2024-02-09,151.095,151.441,149.908,150.921,1123600
2024-02-12,150.624,150.677,149.384,149.816,1157200
2024-02-13,149.159,149.366,147.157,147.929,1777200
2024-02-14,148.384,150.028,147.723,149.901,1427200
2024-02-15,150.737,152.166,150.096,151.944,1213200
2024-02-16,151.912,152.129,149.918,150.387,1358800
2024-02-20,150.392,151.493,149.509,150.383,1694000
2024-02-21,151.016,151.481,150.172,151.366,1236000
2024-02-22,152.362,153.801,152.362,153.431,1359200
2024-02-23,153.639,155.193,153.639,154.899,712000
2024-02-26,154.676,155.699,154.454,155.105,1778000
2024-02-27,154.525,154.525,153.289,153.688,1094800
2024-02-28,154.016,154.721,153.59,154.317,846000
2024-02-29,154.875,154.875,153.463,153.801,1613200
2024-03-01,151.738,154.295,151.677,153.739,1186400
2024-03-04,154.009,154.591,153.517,153.955,892800
2024-03-05,153.436,153.818,151.98,153.013,1320800
2024-03-06,153.436,154.302,152.678,153.113,1308800
2024-03-07,154.202,154.637,153.46,153.744,1022400
2024-03-08,153.561,154.141,152.604,153.008,1213200
2024-03-11,153.509,153.59,150.867,152.783,812800
2024-03-12,152.281,153.642,151.909,153.333,1039600
2024-03-13,153.23,153.23,151.523,152.496,1886000
2024-03-14,153.213,154.469,152.196,154.067,1298000
2024-03-15,153.801,154.19,152.523,153.5,2752800
2024-03-18,154.432,154.946,152.783,152.908,1423600
2024-03-19,153.179,153.705,152.565,153.571,1426400
2024-03-20,153.48,155.724,153.48,155.362,1088000
2024-03-21,156.184,157.801,155.716,157.116,1207600
2024-03-22,157.683,157.683,155.792,156.438,1201600
2024-03-25,156.526,157.679,155.43,155.525,1247600
2024-03-26,155.54,156.377,154.725,154.973,1331200
2024-03-27,161.116,172.452,161.116,167.754,4428400
2024-03-28,168.4,168.647,166.477,168.094,2289600
2024-04-01,167.756,167.977,165.317,166.506,1866400
2024-04-02,166.354,166.77,165.275,165.332,2093200
2024-04-03,165.887,166.577,164.818,166.093,1615600
2024-04-04,168.273,168.691,162.288,162.584,1552800
2024-04-05,163.46,165.143,162.971,164.83,1396000
2024-04-08,164.83,166.2,163.927,165.743,1446000
2024-04-09,165.782,166.898,164.449,165.816,1076400
2024-04-10,163.511,164.879,163.193,164.162,1128800
2024-04-11,164.373,165.209,163.21,164.204,1238000
2024-04-12,162.878,164.116,162.878,163.538,1297200
2024-04-15,166.051,166.071,161.977,162.636,1848000
2024-04-16,163.678,163.918,162.584,163.086,1361200
2024-04-17,164.382,165.454,162.672,163.563,1183200
2024-04-18,163.428,164.356,161.899,162.078,848800
2024-04-19,162.951,163.736,161.236,161.796,1560400
2024-04-22,163.113,163.852,162.317,162.704,1606400
2024-04-23,163.02,163.812,162.741,163.029,2171200
2024-04-24,162.391,163.164,161.672,162.491,3007600
2024-04-25,162.67,163.365,161.114,162.765,1158800
2024-04-26,161.755,163.688,161.755,163.005,1096800
2024-04-29,162.298,163.162,161.887,162.907,1078000
2024-04-30,163.125,164.226,160.668,161.075,1673600
2024-05-01,160.668,164.042,160.668,162.359,1234800
2024-05-02,162.423,162.609,158.704,162.041,1559200
2024-05-03,163.614,165.354,162.895,164.916,1682800
2024-05-06,165.63,167.952,165.63,167.769,1800400
2024-05-07,169.215,170.306,168.608,169.501,1590400
2024-05-08,169.579,169.9,168.552,168.953,1196400
2024-05-09,168.953,170.599,168.953,170.35,1146400
2024-05-10,170.898,171.923,170.619,171.333,879600
2024-05-13,171.996,172.009,168.799,168.848,1083600
2024-05-14,168.921,169.353,167.801,168.588,1456400
2024-05-15,169.105,170.203,169.105,169.74,1166000
2024-05-16,169.767,170.314,169.152,169.49,1011600
2024-05-17,169.237,169.706,167.899,169.676,1206000
2024-05-20,169.642,171.123,168.728,170.98,776000
2024-05-21,171.485,171.591,169.794,171.591,1105600
2024-05-22,171.476,172.28,170.725,172.042,747600
2024-05-23,172.635,173.01,169.929,170.64,2041600
2024-05-24,169.956,170.691,166.975,167.389,1996800
2024-05-28,166.712,167.149,163.535,164.33,1807200
2024-05-29,163.17,163.557,161.726,162.66,1709600
2024-05-30,162.596,164.114,161.854,164.06,2023600
2024-05-31,164.018,166.502,163.141,166.202,2588800
2024-06-03,166.997,167.127,164.452,165.364,1708800
2024-06-04,164.849,168.159,164.849,167.308,1559600
2024-06-05,167.308,168.948,166.59,168.134,1196800
2024-06-06,167.291,168.171,166.595,167.227,916000
2024-06-07,167.114,168.335,166.828,167.232,834800
2024-06-10,166.171,168.021,166.171,167.722,1163600
2024-06-11,167.634,168.433,166.656,168.404,914000
2024-06-12,168.906,170.26,168.147,169.76,1038000
2024-06-13,169,169.966,167.612,169.632,992400
2024-06-14,167.933,170.667,167.933,170.546,864800
2024-06-17,170.377,173.572,169.318,173.427,1575200
2024-06-18,173.356,174.957,172.723,174.302,1828400
2024-06-20,174.194,174.709,172.616,173.199,1486400
2024-06-21,173.822,174.312,172.559,173.689,2516000
2024-06-24,173.812,174.802,173.197,174.3,1671200
2024-06-25,175.638,176.501,173.439,175.263,1174000
2024-06-26,174.263,174.68,172.343,173.437,1664000
2024-06-27,173.648,174.601,172.976,174.457,1470800
2024-06-28,174.545,175.209,170.203,171.667,10214000
2024-07-01,172.65,173.9,169.84,170.157,1559600
2024-07-02,169.583,172.748,168.86,172.667,1426800
2024-07-03,172.392,172.733,171.64,172.258,828000
2024-07-05,172.314,174.77,171.056,174.476,1351200
2024-07-08,174.748,175.187,173.177,174.31,1547200
2024-07-09,175.114,175.172,174.172,174.373,811200
2024-07-10,174.417,175.574,173.885,175.467,1098400
2024-07-11,175.974,177.398,175.209,175.496,1411200
2024-07-12,176.793,177.977,176.371,176.938,1069600
2024-07-15,176.852,177.533,174.954,175.244,1380400
2024-07-16,175.405,178.232,175.405,177.842,1544800
2024-07-17,177.457,178.1,176.374,176.452,2183200
2024-07-18,188.697,189.69,181.818,186.059,3636800
2024-07-19,186.005,188.447,185.049,185.959,2180800
2024-07-22,187.692,189.266,186.231,189.266,1649600
2024-07-23,189.393,189.499,184.49,185.341,2449200
2024-07-24,186.275,188.151,184.24,184.853,2342000
2024-07-25,185.594,187.295,184.669,185.047,1287600
2024-07-26,186.246,187.609,185.184,186.653,1065600
2024-07-29,187.062,188.361,186.324,187.503,931600
2024-07-30,188.241,189.227,186.741,187.824,1700800
2024-07-31,189.065,189.732,186.616,187.278,2177200
2024-08-01,186.533,188.106,184.856,186.78,1816800
2024-08-02,185.385,186.653,182.446,185.518,1940400
2024-08-05,187.523,187.523,180.347,181.367,2306400
2024-08-06,181.468,184.878,181.468,182.733,1543600
2024-08-07,183.995,185.704,181.252,181.456,1202800
2024-08-08,181.799,184.716,181.456,183.966,1417600
2024-08-09,183.245,185.326,182.36,185.246,826800
2024-08-12,184.272,186.243,183.851,186.221,1286800
2024-08-13,186.974,188.023,184.52,186.096,1458800
2024-08-14,185.621,187.817,185.621,187.087,998400
2024-08-15,188.214,189.831,187.711,188.595,1239200
2024-08-16,188.732,188.732,186.92,187.887,1070000
2024-08-19,187.887,189.966,187.887,189.882,1876000
2024-08-20,189.641,190.992,188.533,190.295,1575200
2024-08-21,191.351,192.582,190.806,192.331,1418000
2024-08-22,192.427,194.019,191.132,192.746,1538400
2024-08-23,193.093,194.468,192.658,193.695,1028400
2024-08-26,194.176,195.247,193.437,194.962,952400
2024-08-27,195.291,196.483,195.023,196.419,1186800
2024-08-28,197.625,197.971,194.871,195.977,1408400
2024-08-29,196.981,198.48,195.881,196.335,1126000
2024-08-30,196.569,198.242,195.39,197.777,1584000
2024-09-03,197.777,199.47,195.365,196.372,1342000
2024-09-04,196.52,197.939,195.763,197.694,1051200
2024-09-05,196.615,196.615,193.415,196.254,1568000
2024-09-06,195.915,196.601,191.334,192.073,1502800
2024-09-09,192.999,198.259,192.999,197.679,2057200
2024-09-10,198.244,200.939,197.775,200.553,1100000
2024-09-11,199.927,201.668,195.382,201.391,1446400
2024-09-12,201.924,203.879,198.406,202.435,1340400
2024-09-13,202.337,205.481,201.767,204.154,1030100
2024-09-16,204.429,205.058,200.735,201.383,1116300
2024-09-17,201.953,203.26,199.831,200.224,1194900
2024-09-18,200.401,201.216,197.541,197.876,1334000
2024-09-19,201.403,201.806,198.78,200.194,1243600
2024-09-20,200.244,201.138,199.123,200.607,3160600
2024-09-23,200.892,201.216,199.516,200.44,1239200
2024-09-24,200.44,202.052,198.937,201.285,1689400
2024-09-25,204.479,205.943,200.607,203.604,1944100
2024-09-26,205.186,207.888,202.887,203.408,2056500
2024-09-27,204.056,204.38,198.779,198.829,2332500
2024-09-30,199.939,202.592,199.762,202.297,1819800
2024-10-01,201.619,201.904,198.662,200.312,1518500
2024-10-02,199.703,201.924,198.858,201.727,1114400
2024-10-03,200.833,201.344,199.605,200.99,1389900
2024-10-04,202.16,202.533,199.31,201.344,1747400
2024-10-07,199.467,202.425,199.271,200.912,1261600
2024-10-08,202.415,203.722,201.885,203.417,1050800
2024-10-09,203.398,205.668,202.916,205.5,977000
2024-10-10,204.98,205.628,202.032,202.543,1015300
2024-10-11,203.791,204.429,202.602,204.429,1347600
2024-10-14,204.891,208.527,204.626,207.819,944800
2024-10-15,208.556,209.342,206.375,207.033,1318400
2024-10-16,207.151,209.686,207.151,209.224,1140900
2024-10-17,211.032,211.622,209.067,210.099,1157200
2024-10-18,210.187,210.472,209.126,210.296,1248000
2024-10-21,209.195,209.834,207.191,207.869,824400
2024-10-22,206.414,209.057,206.021,207.859,1054000
2024-10-23,205.52,207.79,205.52,206.061,839100
2024-10-24,206.473,207.102,204.734,205.491,898100
2024-10-25,206.483,207.279,203.594,203.801,1241600
2024-10-28,204.911,205.844,204.154,204.96,960900
2024-10-29,204.557,206.188,203.378,205.5,1285900
2024-10-30,205.422,205.687,203.771,204.233,885200
2024-10-31,203.85,204.38,202.071,202.228,1166200
2024-11-01,202.366,203.506,201.315,202.042,1099800
2024-11-04,201.668,204.086,201.442,203.948,926700
2024-11-05,204.086,206.552,203.535,205.353,1065100
2024-11-06,211.583,213.725,209.529,213.243,2157400
2024-11-07,213.224,216.044,212.949,215.7,1380400
2024-11-08,217.793,223.285,216.368,221.792,1648300
2024-11-11,221.792,223.403,219.905,220.21,1185300
2024-11-12,220.21,221.517,219.699,220.819,900400
2024-11-13,220.348,221.684,219.365,219.728,1049100
2024-11-14,219.119,219.188,212.909,213.273,1542700
2024-11-15,212.722,213.253,210.546,211.836,1792900
2024-11-18,211.954,214.877,211.304,212.82,1610300
2024-11-19,211.964,215.163,211.147,214.562,1231500
2024-11-20,213.775,215.35,212.83,215.33,1015900
2024-11-21,215.803,218.362,214.72,218.027,1060800
2024-11-22,218.037,219.287,217.427,218.293,1414300
2024-11-25,219.209,220.547,218.037,220.4,2752000
2024-11-26,221.768,224.554,221.601,222.929,1369500
2024-11-27,224.514,224.514,219.258,220.547,1261300
2024-11-29,221.286,223.067,220.823,222.26,981400
2024-12-02,221.896,222.26,218.283,219.159,1965300
2024-12-03,220.163,221.738,216.856,219.169,1391700
2024-12-04,218.392,220.734,218.392,220.104,1495100
2024-12-05,219.878,221.02,218.175,219.73,1015200
2024-12-06,220.075,221.512,219.917,220.213,1329100
2024-12-09,216.708,217.83,203.114,205.044,4021400
2024-12-10,205.89,207.514,203.626,206.855,1982300
2024-12-11,206.855,209.168,206.52,207.672,1519000
2024-12-12,207.376,208.44,206.067,208.282,1466500
2024-12-13,207.455,208.666,206.126,207.918,1370600
2024-12-16,208.095,210.546,207.819,208.489,3075300
2024-12-17,206.717,209.089,204.778,205.122,3241400
2024-12-18,204.719,207.022,201.116,201.195,3568100
2024-12-19,189.648,190.662,179.361,179.932,6208800
2024-12-20,178.751,184.805,178.318,184.017,6170200
2024-12-23,184.204,185.337,182.442,184.195,2662900
2024-12-24,184.224,185.445,183.742,185.405,908700
2024-12-26,184.027,184.953,182.078,182.236,1526500
2024-12-27,180.454,182.295,179.292,180.503,1572600
2024-12-30,179.706,181.665,177.954,180.808,1867300
2024-12-31,181.005,181.271,179.076,179.844,2041000
2025-01-02,180.72,181.202,178.151,179.243,1754300
2025-01-03,179.903,183.545,179.903,182.944,2105600
2025-01-06,182.748,184.106,181.202,182.206,2589500
2025-01-07,184.588,189.874,183.555,185.77,3618400
2025-01-08,186.38,190.091,185.386,189.638,3206100
2025-01-10,188.506,191.203,186.232,186.341,2331000
2025-01-13,185.652,188.191,184.736,187.62,1587800
2025-01-14,187.069,189.353,186.409,189.274,1585300
2025-01-15,191.814,192.985,190.967,192.641,1466800
2025-01-16,193.33,196.125,193.182,194.954,1417900
2025-01-17,198.163,198.163,194.462,195.21,1673300
2025-01-21,195.85,199.157,195.85,198.084,2237600
2025-01-22,198.084,198.301,195.84,195.909,1577900
2025-01-23,195.426,195.672,193.861,194.708,1114200
2025-01-24,193.979,195.318,193.93,194.304,873900
2025-01-27,192.444,199.767,192.168,199.393,2637900
2025-01-28,199.58,199.945,197.228,197.297,1471100
2025-01-29,198.301,198.566,195.318,195.456,835900
2025-01-30,196.302,199.157,196.302,199.019,883700
2025-01-31,197.986,199.374,196.932,197.434,1321500
2025-02-03,199.255,199.826,195.485,199.049,1789100
2025-02-04,197.867,199.226,196.539,197.474,1452100
2025-02-05,198.153,199.009,195.85,198.448,2009000
2025-02-06,198.96,201.342,198.015,201.096,1343800
2025-02-07,201.795,202.415,198.685,198.901,2114600
2025-02-10,200.368,201.982,198.714,200.781,1530300
2025-02-11,201.096,202.455,199.246,202.189,1093600
2025-02-12,200.132,202.327,198.98,201.411,1308900
2025-02-13,201.972,203.606,201.716,202.77,1273000
2025-02-14,203.164,204.367,201.389,201.409,1062600
2025-02-18,199.929,201.202,198.844,200.935,1387900
2025-02-19,201.547,205.788,201.399,205.275,2326200
2025-02-20,204.052,204.367,201.813,203.095,1340300
2025-02-21,203.095,203.49,200.817,201.616,2302600
2025-02-24,201.803,203.628,200.403,200.551,1613700
2025-02-25,199.456,204.634,199.456,202.987,2206000
2025-02-26,200.59,204.663,199.781,201.497,1519200
2025-02-27,202.109,204.022,200.491,200.57,1688700
2025-02-28,201.704,204.811,201.596,204.643,1839400
2025-03-03,204.012,207.267,203.44,204.574,1685000
2025-03-04,205.432,206.833,201.537,201.744,1661900
2025-03-05,199.515,203.805,199.476,202.464,1281700
2025-03-06,200.994,200.994,195.718,197.838,1947900
2025-03-07,197.089,200.886,195.61,200.265,1804800
2025-03-10,199.101,202.819,196.971,197.848,1824000
2025-03-11,198.677,198.795,193.016,193.854,1887500
2025-03-12,194.377,194.939,189.229,189.564,2339300
2025-03-13,189.219,189.544,186.763,187.956,1609700
2025-03-14,187.631,190.797,186.911,190.185,1509700
2025-03-17,189.298,192.828,188.548,192.483,1532100
2025-03-18,191.329,192.286,189.732,190.747,1656400
2025-03-19,190.698,194.12,190.422,193.667,1470800
2025-03-20,192.227,193.795,190.166,191.783,1583200
2025-03-21,189.485,189.751,187.296,188.538,2574600
2025-03-24,189.278,192.138,188.647,191.891,2049900
2025-03-25,191.753,192.365,189.495,190.797,2092400
2025-03-26,201.724,209.772,201.202,201.892,3687300
2025-03-27,199.801,205.008,199.801,203.411,2324700
2025-03-28,203.638,203.638,199.742,200.422,1684800
2025-03-31,201.044,203.894,199.762,202.701,2595500
2025-04-01,202.72,205.334,201.468,205.008,1638000
2025-04-02,203.352,206.33,202.996,205.797,1613700
2025-04-03,200.038,206.517,198.825,202.03,2244300
2025-04-04,201.754,201.754,187.522,187.71,3969300
2025-04-07,185.037,193.677,182.069,187.917,5369400
2025-04-08,191.704,193.026,185.806,187.493,3735100
2025-04-09,185.767,202.355,184.85,201.182,4053900
2025-04-10,201.399,202.484,195.038,199.939,2869500
2025-04-11,200.432,204.86,197.375,203.204,2116100
2025-04-14,203.874,207.681,203.233,206.734,2183100
2025-04-15,207.237,209.003,204.811,205.334,1843700
2025-04-16,204.486,205.521,200.146,201.902,1967600
2025-04-17,203.135,204.653,201.774,202.927,1712100
2025-04-21,201.675,201.783,194.594,197.651,1405300
2025-04-22,199.673,203.726,198.894,203.006,1565100
2025-04-23,204.367,207.454,203.223,204.831,1786500
2025-04-24,204.427,207.435,202.286,206.863,1507100
2025-04-25,206.547,207.02,203.48,205.531,1172800
2025-04-28,205.363,206.123,202.947,205.413,1716100
2025-04-29,204.298,206.665,203.884,206.379,1380200
2025-04-30,205.501,209.082,202.77,208.766,2053500
2025-05-01,207.435,207.977,203.933,206.665,1439800
2025-05-02,208.391,211.231,207.099,208.638,1373100
2025-05-05,208.095,209.614,207.208,208.904,1069100
2025-05-06,207.849,210.719,206.971,210.373,1351400
2025-05-07,210.393,213.224,210.048,212.149,1970000
2025-05-08,213.273,215.196,211.863,212.001,1542000
2025-05-09,212.208,212.514,211.054,211.784,965200
2025-05-12,215.009,215.009,209.742,214.003,1913300
2025-05-13,214.407,215.255,212.257,212.366,1394700
2025-05-14,211.409,211.932,209.91,211.241,1330300
2025-05-15,211.805,216.093,211.686,215.875,1376700
2025-05-16,215.875,218.286,214.66,218.207,1431500
2025-05-19,218.207,220.628,217.367,220.361,1137100
2025-05-20,216.547,220.341,216.28,220.203,1400300
2025-05-21,218.523,220.104,218.009,218.405,1298000
2025-05-22,217.753,220.262,217.268,219.007,1210200
2025-05-23,217.367,220.4,216.389,219.63,1296300
2025-05-27,221.744,223.453,220.667,223.177,1603800
2025-05-28,223.305,224.155,222.199,222.386,994900
2025-05-29,222.406,223.246,220.539,222.06,974200
2025-05-30,222.782,225.074,221.744,223.789,2393600
2025-06-02,222.307,224.007,220.973,223.977,1135100
2025-06-03,223.77,225.044,222.347,224.856,1390900
2025-06-04,225.518,225.924,224.106,224.649,1302800
2025-06-05,224.847,225.39,223.414,224.185,1286000
2025-06-06,226.042,226.497,224.274,224.936,1010300
2025-06-09,224.224,224.451,220.005,221.912,1154500
2025-06-10,221.477,221.695,218.395,219.561,2099700
2025-06-11,219.284,219.976,217.189,219.067,1520800
2025-06-12,218.879,220.934,218.326,220.894,1466900
2025-06-13,219.333,222.1,218.8,219.323,1252900
2025-06-16,220.855,222.149,219.472,219.808,699300
2025-06-17,219.442,219.976,217.664,218.671,1451100
2025-06-18,218.671,219.659,217.14,217.782,1840900
2025-06-20,218.968,219.165,215.194,216.033,2667500
2025-06-23,217.387,218.296,215.697,218.256,1238300
2025-06-24,219.363,220.588,216.923,220.529,1467700
2025-06-25,220.015,220.015,215.48,216.616,1280200
2025-06-26,217.426,217.891,215.668,217.802,1106900
2025-06-27,218.276,220.183,217.16,218.108,1565500
2025-06-30,218.197,220.825,217.772,220.203,1378700
2025-07-01,221.616,222.317,220.124,221.626,1282100
2025-07-02,220.025,220.519,212.289,213.079,2717000
2025-07-03,213.277,217.258,212.901,216.735,942300
2025-07-07,216.715,217.644,214.275,214.937,1385500
2025-07-08,214.275,215.361,212.467,212.714,1454000
2025-07-09,212.862,214.156,211.567,214.047,1066400
2025-07-10,213.623,215.045,212.299,213.968,1002300
2025-07-11,213.958,213.958,212.121,212.862,1035300
2025-07-14,213.01,215.312,212.467,214.304,923500
2025-07-15,213.879,213.879,210.51,210.688,1219600
2025-07-16,210.975,211.508,208.89,211.459,1619100
2025-07-17,208.939,219.679,206.993,219.264,3454300
2025-07-18,221.398,222.92,218.642,219.284,2528200
2025-07-21,218.582,220.509,217.861,218.671,1523600
2025-07-22,218.632,220.875,216.814,217.051,1318700
2025-07-23,217.051,218.632,215.49,218.553,1355400
2025-07-24,218.978,221.902,217.535,220.213,1453100
2025-07-25,220.153,221.744,219.59,220.885,1074700
2025-07-28,219.472,219.798,217.456,217.743,984500
2025-07-29,218.908,220.43,217.476,220.015,1101300
2025-07-30,220.203,221.655,219.017,220.46,1539800
2025-07-31,220.726,223.167,218.81,219.887,1456400
2025-08-01,219.946,219.946,216.409,218.849,1304300
2025-08-04,218.276,222.742,218.009,222.396,1431700
2025-08-05,222.386,222.791,219.738,220.193,1343300
2025-08-06,220.825,221.853,219.067,221.596,1336000
2025-08-07,223.256,223.276,220.302,220.726,1069200
2025-08-08,220.756,224.036,220.746,223.562,1739700
2025-08-11,223.216,223.957,220.707,221.201,1108200
2025-08-12,221.22,221.576,219.146,220.638,1467200
2025-08-13,220.973,222.732,220.312,222.406,1118500
2025-08-14,222.515,223.147,218.632,218.711,1057200
2025-08-15,219.077,219.156,214.018,214.394,1398800
2025-08-18,214.464,214.464,211.979,212.147,1762300
2025-08-19,212.167,214.85,211.88,214.275,1994300
2025-08-20,215.622,217.681,214.167,214.573,1915100
2025-08-21,214.573,215.355,212.86,213.959,921700
2025-08-22,214.959,216.523,212.909,213.444,1448800
2025-08-25,212.691,213.157,208.702,209.751,3862700
2025-08-26,209.692,211.424,209.246,210.87,3073000
2025-08-27,210.474,211.592,209.137,211.078,2115400
2025-08-28,211.008,211.246,204.494,206.246,2326400
2025-08-29,206.682,208.127,205.603,207.939,1768800
2025-09-02,205.474,206.622,203.038,203.464,2451300
2025-09-03,202.553,203.662,201.474,203.563,2298700
2025-09-04,204.029,205.009,203.108,204.781,1369200
2025-09-05,204.999,205.613,201.227,202.464,1413700
2025-09-08,202.326,202.553,199.187,200.761,2668500
2025-09-09,199.752,200.722,198.059,200.058,1889700
2025-09-10,199.177,201.336,197.969,199.395,2003500
2025-09-11,199.395,203.029,199.118,202.464,1977700
2025-09-12,202.385,203.187,199.791,200.355,1371300
2025-09-15,200.355,200.969,197.445,197.722,1697800
2025-09-16,196.97,198.187,196.039,197.306,1983800
2025-09-17,197.771,200.88,197.583,197.989,2053800
2025-09-18,197.94,199.108,197.415,197.524,1914800
2025-09-19,198.346,198.672,196.871,198.138,4117900
2025-09-22,197.92,201.296,197.573,200.573,2784500
2025-09-23,199.554,200.464,197.504,198.593,2992300
2025-09-24,195.069,200.286,190.584,198.049,3362500
2025-09-25,198.128,201.563,197.316,200.039,2066100
2025-09-26,200.732,202.692,199.534,202.207,1792300
2025-09-29,203.652,203.652,201.019,201.88,1809300
2025-09-30,200.583,203.88,199.742,203.217,1822700
2025-10-01,202.039,202.702,200.484,201.613,1288500
2025-10-02,199.979,201.445,199.435,200.89,1713300
2025-10-03,200.86,201.534,199.771,200.593,1566800
2025-10-06,200.435,200.692,196.385,197.059,1565200
2025-10-07,197.059,197.712,195.049,197.187,1826400
2025-10-08,197.405,197.405,195.583,196.831,1507700
2025-10-09,196.425,196.88,189.465,189.841,2600700
2025-10-10,189.307,190.148,185.426,186.089,3428200
2025-10-13,185.604,187.554,185.089,186.069,2094800
2025-10-14,185.109,187.594,183.673,186.356,2702300
2025-10-15,186.455,187.683,185.119,185.584,1506700
2025-10-16,186.109,186.109,182.119,182.525,1593800
2025-10-17,183.089,187.515,183.04,186.228,2511600
2025-10-20,186.386,191.881,186.317,190.415,3569100
2025-10-21,190.376,195.653,189.683,194.534,3360200
2025-10-22,194.603,195.039,191.376,191.613,1322600
2025-10-23,192.069,193.782,190.277,190.425,1842300
2025-10-24,190.841,191.029,188.673,188.93,1309100
2025-10-27,188.713,189.346,186.346,186.802,2021700
2025-10-28,186.237,188.713,185.297,188,1812700
2025-10-29,184.99,185.733,180.832,182.069,2327300
2025-10-30,182.376,185,181.574,182.149,1975700
2025-10-31,182.149,182.96,180.881,181.446,2362700
2025-11-03,181.178,181.406,178.594,180.228,2436900
2025-11-04,182.297,182.525,179.327,182.277,1771200
2025-11-05,180.901,184.584,180.901,183.96,2179600
2025-11-06,183.841,184.96,182.238,183.049,2945400
2025-11-07,184.247,184.901,182.356,183.228,2526800
2025-11-10,181.733,183.703,180.624,183.406,2700800
2025-11-11,183.792,185.376,183,183.911,1642400
2025-11-12,183.733,184.663,182.891,183.436,1864900
2025-11-13,183.436,187.802,182.941,186.039,2323800
2025-11-14,186.794,187.607,184.68,185.305,3417000
2025-11-17,184.61,185.454,181.921,182.367,2429800
2025-11-18,182.993,184.422,181.464,182.516,1839800
2025-11-19,182.129,183.003,179.519,182.08,2532600
2025-11-20,183.062,183.122,180.621,181.812,4148400
2025-11-21,182.228,185.533,182.119,184.392,1997200
2025-11-24,182.804,183.3,180.025,180.78,4125600
2025-11-25,180.76,183.042,180.412,182.278,2282800
2025-11-26,181.732,184.273,181.464,183.201,1779800
2025-11-28,183.459,184.948,182.913,184.61,738700
2025-12-01,183.727,185.632,183.469,184.025,1598600
2025-12-02,183.836,184.372,182.248,182.794,1588100
2025-12-03,182.794,183.806,181.961,183.31,1515200
2025-12-04,184.045,185.136,181.891,182.635,1226900
2025-12-05,182.725,185.563,182.407,185.335,1709100
2025-12-08,184.729,184.729,181.435,181.593,1792200
2025-12-09,181.782,182.903,181.365,181.762,1268900
2025-12-10,181.762,184.69,181.306,184.134,1490000
2025-12-11,184.323,187.687,184.213,187.399,1451600
2025-12-12,187.478,187.856,184.898,186.109,2842400
2025-12-15,188.044,189.374,186.109,187.022,3705200
2025-12-16,187.727,187.885,185.255,186.198,2215800
2025-12-17,185.563,188.123,185.355,185.95,2531900
2025-12-18,190.624,194.564,185.107,188.451,3081200
2025-12-19,188.163,188.163,185.444,186.149,7257400
2025-12-22,185.196,191.845,184.968,190.535,1773400
2025-12-23,190.535,191.329,188.421,189.215,1380400
2025-12-24,188.749,190.088,188.749,189.731,598700
2025-12-26,189.304,190.406,188.858,189.692,604700
2025-12-29,190.118,190.763,188.759,189.592,961000
2025-12-30,188.808,189.87,188.243,188.908,791900
2025-12-31,188.818,189.175,186.615,186.645,969600
2026-01-02,186.158,186.168,183.062,183.479,1372300
2026-01-05,182.754,185.831,181.752,184.055,1393800
2026-01-06,183.459,186.734,182.864,185.96,1484800
2026-01-07,186.436,187.756,184.729,185.285,1760700
2026-01-08,184.471,188.878,184.313,188.818,1642200
2026-01-09,188.223,192.996,188.223,191.656,1814500
2026-01-12,191.051,193.254,190.714,191.567,1601200
2026-01-13,191.885,192.798,188.6,191.26,1649000
2026-01-14,193.066,194.187,190.565,192.758,1745500
2026-01-15,193.929,195.725,192.629,194.098,1830400
2026-01-16,194.644,194.644,192.212,193.939,2712100
2026-01-20,192.073,193.304,191.19,192.272,2582200
2026-01-21,192.232,195.974,191.428,193.929,2125100
2026-01-22,194.296,194.981,190.992,191.607,1810900
2026-01-23,191.607,193.572,190.982,191.498,1404100
2026-01-26,191.279,193.344,191.071,192.421,1581600
2026-01-27,190.962,191.766,189.394,189.761,1053400
2026-01-28,189.096,189.533,187.369,187.727,1379000
2026-01-29,187.538,189.602,186.625,188.213,1414000
2026-01-30,187.717,190.227,187.081,189.94,1782200
2026-02-02,189.523,190.932,187.22,189.463,1882700
2026-02-03,186.278,189.692,184.729,189.285,3030400
2026-02-04,190.396,193.383,188.947,191.15,2962300
2026-02-05,192.163,195.408,190.932,192.639,2261000
2026-02-06,192.808,194.842,192.46,194.386,1689500
2026-02-09,194.564,195.309,193.145,193.284,1540800
2026-02-10,192.877,200.568,192.877,197.8,2558400
2026-02-11,197.958,200.965,197.889,198.842,1831500
2026-02-12,198.723,200.817,193.254,194.614,2261200
2026-02-13,195.062,196.444,191.331,192.416,1913800
2026-02-17,192.714,196.225,192.714,193.888,1392300
2026-02-18,194.216,195.489,192.167,195.37,1032800
2026-02-19,195.509,197.101,195.231,196.922,1613400
2026-02-20,194.823,199.07,194.823,198.961,1800400
2026-02-23,198.881,199.637,196.673,197.28,1339400
2026-02-24,196.852,198.662,196.156,197.499,1858500
2026-02-25,197.379,198.155,195.27,195.738,2807200
2026-02-26,197.021,199.02,195.897,197.23,2107600
2026-02-27,197.847,201.925,195.907,200.065,2116400
2026-03-02,199.229,201.348,197.528,200.532,1200500
2026-03-03,200.333,201.925,197.608,200.483,1502600
2026-03-04,200.174,201.706,198.702,199.06,1398000
2026-03-05,198.145,207.973,195.459,203.447,3984600
2026-03-06,203.855,205.436,199.707,202.532,2396000
2026-03-09,202.124,202.363,197.051,199.707,1949000
2026-03-10,198.255,198.911,193.38,195.241,2041200
2026-03-11,193.689,202.353,190.337,197.29,5047200
2026-03-12,196.991,199.02,191.978,192.237,3086700
2026-03-13,193.351,194.584,191.103,193.251,2265000
2026-03-16,193.43,194.405,191.252,191.719,1732900
2026-03-17,192.615,194.107,190.983,191.819,1687700
2026-03-18,189.889,191.411,184.04,184.458,3467600
2026-03-19,184.408,185.542,177.694,180.867,2912700
2026-03-20,180.847,182.558,176.998,178.39,3838500
2026-03-23,180.738,183.354,179.047,180.25,2692500
2026-03-24,180.3,180.3,176.59,177.187,2328100
2026-03-25,183.205,185.065,172.671,175.913,3210700
2026-03-26,175.535,175.535,167.13,167.956,3606600
2026-03-27,167.09,167.896,164.723,164.832,2689000
2026-03-30,166.225,169.408,165.37,167.767,3084600
2026-03-31,168.543,169.08,165.35,168.244,3685100
2026-04-01,166.911,171.766,166.663,171.129,2962600
2026-04-02,169.677,174.342,169.338,173.417,2387500
2026-04-06,172.512,174.043,170.651,170.781,1697200
2026-04-07,171.119,171.547,168.095,169.378,2484200
2026-04-08,170.661,175.854,170.661,173.665,2474500
2026-04-09,172.362,173.397,171.238,173.228,1795500
2026-04-10,173.069,174.72,172.253,174.004,2351500
2026-04-13,174.004,175.456,172.701,174.75,1869600
2026-04-14,174.75,175.705,173.884,175.207,2061800
2026-04-15,175.028,176.341,173.904,175.526,2253400
2026-04-16,175.555,177.793,175.506,176.58,1754200
2026-04-17,178.38,179.743,176.56,178.221,1619500
2026-04-20,177.515,179.286,176.729,177.744,1681400
2026-04-21,176.958,178.221,174.352,175.327,1991000
2026-04-22,175.386,175.913,172.621,173.735,1404800
2026-04-23,173.307,177.306,173.079,176.679,2310100
2026-04-24,175.118,176.093,172.502,174.969,1589900
2026-04-27,174.342,175.585,172.691,173.118,1771700
2026-04-28,173.835,174.799,171.328,173.297,1798700
2026-04-29,172.293,173.447,169.806,173.029,1601900
2026-04-30,172.78,174.501,172.213,173.785,2808500
2026-05-01,174.978,175.923,168.403,168.712,1574400
2026-05-04,167.836,168.364,164.852,166.006,1730800
2026-05-05,166.006,169.358,164.584,168.354,1639500
2026-05-06,168.413,171.298,167.817,168.463,3357900
2026-05-07,167.846,170.98,167.17,169.14,1836700
2026-05-08,169.14,170.124,165.887,166.086,1565400
2026-05-11,165.897,166.215,162.584,163.798,2055700
2026-05-12,165.34,166.882,163.798,164.544,1986400
2026-05-13,163.301,164.763,160.307,162.684,1873400
2026-05-14,162.873,165.21,162.793,165.071,1691200
2026-05-15,167.046,169.021,165.829,167.874,2762900
2026-05-18,167.914,174.686,167.914,174.058,2192200
2026-05-19,173.838,175.544,171.315,171.754,1943100
2026-05-20,170.946,171.225,168.861,170.916,1705400
2026-05-21,170.816,173.739,169.35,171.913,1863700
2026-05-22,171.864,174.537,171.066,172.482,1338500
2026-05-26,171.933,172.272,169.789,170.647,1384300
2026-05-27,170.647,172.342,168.223,169.42,2775100
2026-05-28,168.652,173.39,168.273,172.612,2147300
2026-05-29,171.155,172.552,169.879,170.816,4257500
2026-06-01,170.308,173.799,169.21,172.452,1904200
2026-06-02,170.647,173.16,167.904,172.861,2775500
2026-06-03,171.674,174.357,171.504,174.267,1934700
2026-06-04,178.287,179.972,177.26,179.494,2498600
2026-06-05,180.99,182.257,178.726,179.384,2508500
2026-06-08,177.399,178.207,173.05,173.2,2410100
2026-06-09,173.22,179.803,172.971,179.404,1950200
2026-06-10,179.663,181.798,178.137,179.933,2538000
2026-06-11,180.481,184.002,178.028,181.409,2455200
2026-06-12,181.409,182.027,174.527,175.823,2055200
2026-06-15,174.018,176.511,173.031,174.287,1914100
2026-06-16,175.524,176.482,173.789,176.252,2756300
2026-06-17,174.427,176.9,168.413,169.2,2588600
2026-06-18,168.752,171.754,167.944,170.407,4135700
2026-06-22,168.941,170.707,168.143,169.011,1363300
2026-06-23,172.133,172.292,167.425,168.363,1687100
2026-06-24,169.121,172.233,168.572,170.487,1889300
2026-06-25,169.879,172.951,168.472,168.652,1250400
2026-06-26,169.978,172.003,169.839,171.455,2941800
2026-06-29,171.704,172.263,167.714,168.642,1707700
2026-06-30,167.914,170.068,167.385,169.639,1859900
2026-07-01,171.125,176.402,170.427,173.779,1763200
2026-07-02,174.656,181.239,174.377,180.9,2421400
2026-07-06,180.88,180.88,176.821,177.778,1941000
2026-07-07,180.87,182.885,180.022,181.359,1954500
2026-07-08,181.359,182.675,179.534,179.703,2385600
2026-07-09,177.738,178.626,175.843,177.23,2244300
2026-07-10,177.499,179.404,177.09,179.175,1333600
2026-07-13,180.621,183.663,180.611,183.274,1955300
2026-07-14,181.08,184.192,180.381,183.852,3092700
2026-07-15,187.503,196.18,185.518,191.872,4510600
2026-07-16,198.225,206.553,196.609,205.716,4245300
2026-07-17,206.633,209.177,201.038,203.92,3134400
2026-07-20,202.973,203.85,199.641,201.277,2337100
2026-07-21,198.674,200.549,195.492,199.891,2463600
2026-07-22,202.075,202.075,198.235,200.838,2591800
2026-07-23,200.02,203.521,199.362,202.723,2454700
2026-07-24,201.756,206.115,201.507,205.376,2003500
2026-07-27,206.474,211.171,205.815,210.433,2261000
2026-07-28,213.815,218.074,213.027,214.343,3660800
2026-07-29,214.343,218.602,212.987,215.969,2755100
2026-07-30,210.134,210.513,204.299,206.254,3291000
2026-07-31,204.718,205.686,201.955,204.1,2233700
2026-08-03,206.932,208.239,203.142,203.481,2093600
2026-08-04,202.733,204.14,200.449,203.122,2653200
2026-08-05,203.471,204.22,199.183,200.878,2460500
2026-08-06,202.334,203.402,198.873,201.626,1680900
2026-08-07,200.11,203.471,199.711,202.524,1569000
2026-08-10,201.167,203.053,200.379,202.185,1834200
2026-08-11,201.566,206.384,201.566,204.748,1785600
2026-08-12,202.095,204.678,199.522,202.983,1266900
2026-08-13,204.09,204.858,200.06,200.18,1310100
2026-08-14,200.49,201.02,198.84,199.52,1612800
2026-08-17,197.88,199.87,196.5,197.82,2249000
2026-08-18,200.95,201.31,199.07,199.45,1837100
2026-08-19,200.62,205.88,200.03,203.08,1606800
2026-08-20,202.42,204.31,201.44,203.52,2028300
2026-08-21,203.52,204.86,202.34,203.79,1731600
2026-08-24,205.37,207.51,204.53,207.4,1819800
2026-08-25,206.68,207.09,203.61,204.76,2440700
2026-08-26,204.88,206.77,204.6,205.78,1516400
2026-08-27,204.74,204.74,202.79,204.15,1281500
2026-08-28,205.5,205.81,204,204.18,1344000
2026-08-31,203.3,203.7,200.67,201.79,1726500
2026-09-01,202.89,203.61,199.66,200.59,1522600
2026-09-02,200.59,200.61,197.57,198.09,2173200
2026-09-03,198.66,201.26,198.66,201.05,1210500
2026-09-04,198.24,201.1,198.01,200.47,1320800
2026-09-08,198.36,201.38,198.26,200.5,1625300
2026-09-09,199,200.14,197.29,200.04,2301000
2026-09-10,200.5,201,197.6,198.44,2122600
2026-09-11,200.51,202.98,199.55,201.5,1573100
2026-09-14,203.41,204.62,199.87,200.82,1747600
2026-09-15,200.32,201.62,198.69,198.95,1919000
2026-09-16,197.59,201.51,197.59,199.46,2110600
2026-09-17,199.12,199.3,196.1,197.96,1555900
2026-09-18,197.96,198.9,195.1,197.64,3983900
2026-09-21,196.47,198.25,194.87,196.88,1626200
2026-09-22,197.05,198.81,196,198.8,2266800
2026-09-23,196.78,198.76,191.29,191.97,3295100
2026-09-24,192.26,198.86,191.09,197.68,3398700
2026-09-25,198.22,200.55,198.22,199.91,2487300
2026-09-28,199.51,201.45,198.64,200.58,1856700
2026-09-29,199.9,201.27,196.47,197.74,2000000
2026-09-30,198.24,198.24,194.83,195.06,1626200
2026-10-01,195.5,196.62,194.56,195.6,1824100
2026-10-02,196.63,196.63,191.85,193.02,1863700
2026-10-05,192.88,195.53,192,195.4,1344100
2026-10-06,194.22,196.87,194.22,195.96,1134600
