date,open,high,low,close,volume
2017-11-09,308.645,329.452,307.056,320.884,893249984
2017-11-10,320.671,324.718,294.542,299.253,885985984
2017-11-11,298.586,319.453,298.192,314.681,842300992
2017-11-12,314.69,319.153,298.513,307.908,1613479936
2017-11-13,307.025,328.415,307.025,316.716,1041889984
2017-11-14,316.763,340.177,316.763,337.631,1069680000
2017-11-15,337.964,340.912,329.813,333.357,722665984
2017-11-16,333.443,336.159,323.606,330.924,797254016
2017-11-17,330.167,334.964,327.523,332.394,621732992
2017-11-18,331.98,349.616,327.687,347.612,649638976
2017-11-19,347.401,371.291,344.74,354.386,1181529984
2017-11-20,354.094,372.137,353.289,366.73,807027008
2017-11-21,367.443,372.47,350.693,360.401,949912000
2017-11-22,360.312,381.42,360.147,380.652,800819008
2017-11-23,381.439,425.548,376.088,410.166,1845680000
2017-11-24,412.501,480.973,402.758,474.911,2292829952
2017-11-25,475.676,485.192,461.053,466.276,1422080000
2017-11-26,465.974,472.723,451.606,471.33,1197779968
2017-11-27,471.531,493.405,468.485,480.355,1396480000
2017-11-28,480.518,482.48,466.347,472.902,1346499968
2017-11-29,473.281,522.307,425.071,427.523,2675940096
2017-11-30,431.215,465.497,401.243,447.114,1903040000
2017-12-01,445.209,472.609,428.312,466.54,1247879936
2017-12-02,466.851,476.239,456.653,463.449,943649984
2017-12-03,463.705,482.814,451.852,465.853,990556992
2017-12-04,466.054,474.777,453.312,470.204,1005550016
2017-12-05,470.294,473.558,457.66,463.281,1216720000
2017-12-06,462.604,462.708,420.21,428.588,1998259968
2017-12-07,426.369,441.397,414.411,434.408,2129570048
2017-12-08,434.989,466.062,422.367,456.031,2336379904
2017-12-09,457.344,504.147,456.253,473.502,2003849984
2017-12-10,472.789,472.789,429.514,441.721,1404179968
2017-12-11,440.358,516.969,439.104,515.136,1771440000
2017-12-12,522.286,657.318,504.494,651.431,5179829760
2017-12-13,644.906,747.993,597.798,702.767,4524539904
2017-12-14,700.594,753.121,664.989,695.816,3821580032
2017-12-15,696.376,697.132,621.061,684.448,2758710016
2017-12-16,686.192,718.385,680.786,696.209,2165690112
2017-12-17,696.237,735.825,696.237,719.975,2147389952
2017-12-18,721.732,803.928,689.231,794.645,3249230080
2017-12-19,793.901,881.944,785.342,826.823,4096549888
2017-12-20,827.516,845.062,756.004,819.086,3969939968
2017-12-21,820.236,880.543,792.689,821.063,3569060096
2017-12-22,822.643,827.683,543.762,674.86,4977710080
2017-12-23,681.316,763.895,679.731,719.387,2480339968
2017-12-24,721.769,721.769,614.922,694.148,2300549888
2017-12-25,698.87,782.521,698.87,765.834,2491760128
2017-12-26,763.37,786.79,760.935,773.836,2201159936
2017-12-27,774.97,789.253,738.413,762.842,2100029952
2017-12-28,762.208,763.319,701.187,737.023,2389149952
2017-12-29,740.389,770.117,729.608,753.592,2648969984
2017-12-30,753.815,753.815,685.231,717.257,3187780096
2017-12-31,712.212,760.348,710.119,756.733,2554269952
2018-01-01,755.757,782.53,742.004,772.641,2595760128
2018-01-02,772.346,914.83,772.346,884.444,5783349760
2018-01-03,886,974.471,868.451,962.72,5093159936
2018-01-04,961.713,1045.08,946.086,980.922,6502859776
2018-01-05,975.75,1075.39,956.325,997.72,6683149824
2018-01-06,995.154,1060.71,994.622,1041.68,4662219776
2018-01-07,1043.01,1153.17,1043.01,1153.17,5569880064
2018-01-08,1158.26,1266.93,1016.05,1148.53,8450970112
2018-01-09,1146,1320.98,1145.49,1299.74,7965459968
2018-01-10,1300.34,1417.38,1226.6,1255.82,9214950400
2018-01-11,1268.09,1337.3,1135.17,1154.93,7235899904
2018-01-12,1158.29,1296.04,1120.09,1273.2,5222300160
2018-01-13,1270.47,1432.88,1270.47,1396.42,5746760192
2018-01-14,1397.48,1400.56,1286.21,1366.77,4841630208
2018-01-15,1365.21,1390.59,1290.6,1291.92,4781100032
2018-01-16,1292.63,1292.63,875.545,1053.69,8405139968
2018-01-17,1061.34,1090.23,780.922,1014.25,8545160192
2018-01-18,1016.44,1100.31,967.759,1036.28,5938319872
2018-01-19,1028.82,1093.22,1003.71,1039.1,4084450048
2018-01-20,1044.95,1167.11,1044.95,1155.15,3975190016
2018-01-21,1155.68,1155.68,1021.5,1049.58,3378089984
2018-01-22,1055.35,1089.1,930.741,1003.26,3810099968
2018-01-23,1004.17,1023.23,920.54,986.229,3556699904
2018-01-24,987.477,1062.44,965.808,1058.78,3944039936
2018-01-25,1063.22,1104.66,1034.74,1056.03,4050190080
2018-01-26,1052.7,1080.6,996.784,1055.17,3617690112
2018-01-27,1055.75,1121.98,1042.12,1107.07,3002870016
2018-01-28,1111.78,1257.77,1111.78,1246.01,5372329984
2018-01-29,1246.7,1256.7,1169.08,1182.36,3715079936
2018-01-30,1184.13,1184.63,1058.97,1071.13,4107859968
2018-01-31,1071.09,1128.66,1034.5,1118.31,3757560064
2018-02-01,1119.37,1161.35,984.819,1036.79,5261680128
2018-02-02,1035.77,1035.77,757.98,915.785,6713290240
2018-02-03,919.211,991.943,847.69,964.019,3243480064
2018-02-04,964.667,969.032,805.064,834.682,2997090048
2018-02-05,834.958,856.646,644.599,697.951,4269530112
2018-02-06,707.737,796.439,574.419,793.122,6518269952
2018-02-07,790.428,851.2,723.433,757.068,3896179968
2018-02-08,755.843,845.086,755.843,817.807,3708189952
2018-02-09,818.48,884.004,788.834,883.865,2495820032
2018-02-10,882.467,917.4,825.577,860.415,2930530048
2018-02-11,859.288,859.288,788.222,814.66,2486650112
2018-02-12,817.508,875.937,817.508,868.707,2243450112
2018-02-13,869.293,870.709,828.837,845.258,2081170048
2018-02-14,844.279,926.429,844.279,923.561,2818370048
2018-02-15,923.728,951.948,911.111,936.976,2900100096
2018-02-16,934.786,950.005,917.848,944.21,2369449984
2018-02-17,944.748,976.595,940.754,974.115,2525720064
2018-02-18,973.349,982.933,915.445,923.921,2567290112
2018-02-19,921.668,957.777,921.554,943.865,2169019904
2018-02-20,943.567,965.265,892.954,895.371,2545260032
2018-02-21,894.135,912.375,830.563,849.971,2531729920
2018-02-22,849.262,875.926,802.668,812.845,2150370048
2018-02-23,811.585,886.318,794.791,864.189,2334820096
2018-02-24,861.593,879.531,818.55,840.515,1926579968
2018-02-25,839.459,853.146,822.381,844.81,1646960000
2018-02-26,845.278,880.392,842.319,869.315,2044480000
2018-02-27,870.365,896.259,867.097,878.265,2053980032
2018-02-28,877.934,890.108,855.124,855.199,1963980032
2018-03-01,856.012,880.302,851.92,872.2,1868519936
2018-03-02,871.764,876.378,852.422,856.853,1894419968
2018-03-03,856.711,868.454,855.207,857.225,1699369984
2018-03-04,856.186,867.95,840.28,866.678,1697939968
2018-03-05,866.846,869.92,853.52,853.684,1898489984
2018-03-06,853.817,853.817,809.931,816.951,1943069952
2018-03-07,816.271,825.607,726.547,752.831,2175419904
2018-03-08,752.57,773.767,696.169,704.596,1891640064
2018-03-09,702.197,729.156,648.107,728.916,2233019904
2018-03-10,730.16,748.031,682.695,686.89,1532960000
2018-03-11,685.312,735.831,668.123,723.339,1562680064
2018-03-12,724.406,742.514,683.268,699.831,1764999936
2018-03-13,698.153,713.735,682.35,690.827,1425959936
2018-03-14,691.219,702.784,594.1,614.291,1810560000
2018-03-15,614.839,620.616,579.505,611.304,1770460032
2018-03-16,611.778,623.168,587.862,601.666,1417350016
2018-03-17,601.678,609.151,549.096,552.779,1267810048
2018-03-18,551.64,551.64,460.088,538.644,2685499904
2018-03-19,546.626,558.1,519.123,556.726,2046790016
2018-03-20,556.722,567.09,521.204,557.175,1833680000
2018-03-21,559.1,589.607,550.572,561.732,1781270016
2018-03-22,562.103,577.566,523.089,539.702,1523459968
2018-03-23,539.864,540.487,512.127,539.619,1596349952
2018-03-24,542.572,545.382,526.08,526.439,1300009984
2018-03-25,522.703,535.821,515.659,524.287,1151170048
2018-03-26,524.287,526.379,470.44,489.951,1638880000
2018-03-27,489.59,491.459,449.971,450.116,1617939968
2018-03-28,450.291,466.211,444.861,446.279,1514179968
2018-03-29,448.075,450.813,385.813,385.968,1970230016
2018-03-30,385.905,409.929,368.633,394.645,1878130048
2018-03-31,395.004,418.468,392.953,396.457,1323920000
2018-04-01,397.254,400.528,363.805,379.607,1256930048
2018-04-02,379.699,395.171,377.593,386.425,1102259968
2018-04-03,387.312,418.968,383.532,416.893,1363399936
2018-04-04,416.485,417.472,375.31,380.543,1287730048
2018-04-05,379.947,387.716,369.816,383.232,1210680064
2018-04-06,382.731,385.195,366.911,370.285,967105984
2018-04-07,370.38,393.059,369.936,385.314,951475008
2018-04-08,385.743,402.59,385.602,400.508,948488000
2018-04-09,400.857,429.251,390.61,398.526,1478390016
2018-04-10,399.411,415.888,393.879,414.243,1196000000
2018-04-11,415.024,430.54,412.471,430.54,1439040000
2018-04-12,430.161,493.058,417.413,492.941,2519360000
2018-04-13,493.16,526.47,482.659,492.735,2419249920
2018-04-14,492.58,512.024,488.279,501.478,1519079936
2018-04-15,502.88,531.702,502.88,531.702,1726089984
2018-04-16,532.074,534.197,500.25,511.147,1758979968
2018-04-17,511.145,518.031,502.564,502.894,1760359936
2018-04-18,503.309,525.092,503.045,524.789,1762940032
2018-04-19,524.038,567.889,523.262,567.889,2256869888
2018-04-20,567.989,618.715,560.283,615.718,2849469952
2018-04-21,616.004,621.888,578.55,605.395,2612460032
2018-04-22,606.119,640.767,593.869,621.86,2426269952
2018-04-23,621.199,646.7,621.035,642.548,2386830080
2018-04-24,643.398,708.875,643.398,708.158,3581860096
2018-04-25,707.062,707.062,600.212,615.416,4216140032
2018-04-26,618.079,663.181,604.007,662.809,2984009984
2018-04-27,662.109,684.868,647.032,647.032,2598129920
2018-04-28,644.646,691.442,644.646,683.678,2496659968
2018-04-29,683.912,697.756,670.513,688.881,2740559872
2018-04-30,689.761,694.439,666.117,669.924,2853100032
2018-05-01,670.463,674.403,637.54,673.613,2678960128
2018-05-02,674.075,688.842,667.42,687.149,2822269952
2018-05-03,686.591,784.341,686.591,779.543,4210939904
2018-05-04,776.775,803.746,762.632,785.624,3533410048
2018-05-05,784.583,827.455,784.237,816.12,3035040000
2018-05-06,816.088,835.057,764.883,792.311,3105570048
2018-05-07,793.339,795.758,710.178,753.725,4316120064
2018-05-08,755.009,774.249,728.129,752.857,2920489984
2018-05-09,752.902,759.529,718.472,752.275,2877870080
2018-05-10,752.579,766.748,726.664,727.277,2748950016
2018-05-11,727.013,736.977,669.825,679.586,3290080000
2018-05-12,679.877,691.411,644.066,686.048,2668480000
2018-05-13,687.175,741.312,675.319,733.496,2362500096
2018-05-14,732.733,742.17,695.792,730.549,3005110016
2018-05-15,731.143,739.052,700.995,708.871,2523069952
2018-05-16,708.087,710.2,682.541,707.05,2476130048
2018-05-17,708.718,718.833,668.834,672.657,2350619904
2018-05-18,672.102,695.031,663.809,694.367,2305740032
2018-05-19,695.072,715.578,686.791,696.53,2021549952
2018-05-20,697.923,723.753,692.669,715.369,2156910080
2018-05-21,717.193,719.278,692.494,699.222,2005170048
2018-05-22,700.178,700.976,644.026,647.741,2230469888
2018-05-23,646.67,651.636,572.952,583.585,2995429888
2018-05-24,584.536,610.818,557.206,601.755,2791099904
2018-05-25,602.14,617.186,575.624,586.734,2110919936
2018-05-26,587.426,606.175,583.512,587.28,1694300032
2018-05-27,588.52,590.328,562.866,572.668,1788790016
2018-05-28,573.045,576.049,512.552,516.036,2356900096
2018-05-29,516.148,572.264,516.148,565.388,2330820096
2018-05-30,566.83,583.136,545.431,559.59,2053970048
2018-05-31,558.497,585.538,557.066,577.645,1985040000
2018-06-01,578.672,589.093,567.665,580.043,1945890048
2018-06-02,580.429,597.077,577.322,591.808,1880390016
2018-06-03,591.259,624.513,591.259,618.329,1832550016
2018-06-04,619.437,623.429,583.747,592.985,1903430016
2018-06-05,593.406,611.33,580.982,609.303,1844269952
2018-06-06,610.262,611.643,596.396,607.124,1756530048
2018-06-07,607.687,616.144,601.693,605.187,1880140032
2018-06-08,605.443,608.811,595.593,601.077,1637779968
2018-06-09,600.905,608.583,597.562,597.562,1519309952
2018-06-10,594.345,594.345,511.889,526.479,2234880000
2018-06-11,524.857,536.858,515.269,533.284,1982119936
2018-06-12,532.71,538.955,491.235,496.843,1932760064
2018-06-13,498.018,501.905,459.004,477.494,2080130048
2018-06-14,478.381,523.545,467.466,519.742,2458650112
2018-06-15,520.48,521.305,487.469,491.004,1808269952
2018-06-16,490.414,503.223,488.851,499.642,1314109952
2018-06-17,499.46,507.641,498.648,500.448,1264870016
2018-06-18,499.383,521.796,494.066,518.891,1513869952
2018-06-19,519.023,542.353,516.312,537.957,1726569984
2018-06-20,538.506,541.015,519.369,536.268,1596290048
2018-06-21,536.447,543.717,524.259,527.367,1462070016
2018-06-22,527.194,527.194,456.877,465.817,2226030080
2018-06-23,466.274,479.129,462.393,474.52,1651379968
2018-06-24,474.768,475.359,426.469,457.672,2490579968
2018-06-25,455.936,470.344,448.896,460.31,4007950080
2018-06-26,460.733,461.213,432.772,432.772,1356560000
2018-06-27,432.244,444.243,424.839,442.365,1368940032
2018-06-28,442.29,443.618,419.683,422.365,1360790016
2018-06-29,422.587,441.793,407.947,436.009,1564499968
2018-06-30,436.209,458.797,436.209,455.18,1475939968
2018-07-01,455.242,457.139,446.385,453.918,1511730048
2018-07-02,453.824,479.13,447.111,475.347,1625789952
2018-07-03,475.386,483.854,462.582,464.195,1683939968
2018-07-04,464.151,481.436,455.185,467.318,1549769984
2018-07-05,467.287,483.225,464.629,474.412,1828610048
2018-07-06,474.357,479.652,457.615,474.012,1627609984
2018-07-07,474.057,491.66,466.836,491.66,1358360064
2018-07-08,492.068,503.199,488.417,489.119,1344560000
2018-07-09,488.878,490.852,475.175,476.682,1533799936
2018-07-10,476.162,478.318,433.96,434.424,1789069952
2018-07-11,434.515,447.316,429.507,446.518,1422470016
2018-07-12,446.502,446.502,422.81,430.074,1495440000
2018-07-13,430.741,442.363,430.741,434.027,1489670016
2018-07-14,434.511,439.434,431.474,436.086,1235820032
2018-07-15,435.883,454.001,433.921,449.85,1350160000
2018-07-16,450.425,480.658,446.798,480.658,1858680064
2018-07-17,480.077,508.78,468.915,501.002,2288100096
2018-07-18,500.838,513.433,474.359,480.513,2371559936
2018-07-19,480.628,483.24,465.142,469.619,2068739968
2018-07-20,469.307,469.307,443.693,450.698,1821350016
2018-07-21,450.679,468.083,445.776,462.436,1504310016
2018-07-22,462.438,470.898,458.119,459.657,1338589952
2018-07-23,459.439,469.766,449.728,450.853,1596999936
2018-07-24,451.136,481.142,450.565,479.373,2287520000
2018-07-25,479.906,482.868,466.474,472.493,1930780032
2018-07-26,472.331,483.696,461.424,464.037,1621560064
2018-07-27,464.009,473.222,458.291,469.666,1734259968
2018-07-28,469.678,471.594,462.989,466.898,1531890048
2018-07-29,466.915,470.356,462.712,466.665,1631910016
2018-07-30,466.827,467.952,448.641,457.081,2141590000
2018-07-31,457.245,457.245,430.444,433.867,1820680000
2018-08-01,433.869,435.457,410.464,420.747,1888060000
2018-08-02,420.806,425.034,410.309,412.621,1569300000
2018-08-03,412.567,420.549,399.91,418.262,1722340000
2018-08-04,418.237,420.186,403.776,407.252,1466540000
2018-08-05,407.346,413.716,402.432,410.516,1396820000
2018-08-06,410.567,414.54,403.315,406.658,1384880000
2018-08-07,406.801,411.405,376.077,380.215,1828350000
2018-08-08,379.892,380.671,353.734,356.613,2016080000
2018-08-09,356.971,370.946,353.614,365.588,1616610000
2018-08-10,365.776,367.045,329.586,334.176,1699400000
2018-08-11,334.264,334.264,308.488,322.112,1790370000
2018-08-12,320.823,328.59,318.602,319.57,1625420000
2018-08-13,320.21,323.551,284.934,286.495,1751190000
2018-08-14,286.365,286.365,254.65,278.932,2137850000
2018-08-15,280.387,303.59,280.119,282.364,1878150000
2018-08-16,282.741,298.476,280.928,288.046,1552970000
2018-08-17,287.683,316.17,287.346,315.729,1995460000
2018-08-18,316.791,320.446,286.551,295.812,1764020000
2018-08-19,295.67,307.098,291.332,300.834,1447910000
2018-08-20,301.381,304.372,273.511,274.315,1413790000
2018-08-21,273.331,285.97,273.331,281.944,1164120000
2018-08-22,281.968,297.486,264.998,271.341,1507660000
2018-08-23,271.748,279.546,271.09,277.104,1271160000
2018-08-24,278.111,283.302,273.86,282.967,1450170000
2018-08-25,283.281,283.515,278.471,279.646,1208360000
2018-08-26,279.525,279.525,272.444,275.197,1206650000
2018-08-27,275.35,285.603,273.65,285.603,1406790000
2018-08-28,286.649,297.4,283.572,296.499,1513350000
2018-08-29,296.163,297.071,287.287,289.312,1474460000
2018-08-30,289.753,291.243,275.211,284.105,1513100000
2018-08-31,284.12,284.551,278.513,283.004,1411910000
2018-09-01,283.496,301.144,283.496,295.341,1546630000
2018-09-02,295.453,298.686,290.926,294.371,1321050000
2018-09-03,295.181,295.591,287.432,289.259,1394490000
2018-09-04,289.297,291.58,284.255,285.723,1554870000
2018-09-05,286.045,288.163,232.331,232.331,2390390000
2018-09-06,231.648,231.755,218.123,230.215,2097310000
2018-09-07,229.535,233.896,217.075,217.203,1678260000
2018-09-08,217.912,220.367,193.259,197.951,1517200000
2018-09-09,198.385,207.666,188.306,196.924,1585980000
2018-09-10,197.851,201.883,189.584,197.079,1502960000
2018-09-11,198.177,198.506,180.596,185.066,1568900000
2018-09-12,185.423,185.587,170.257,183.331,1874850000
2018-09-13,183.679,214.002,183.679,211.354,2330720000
2018-09-14,212.669,222.794,204.871,211.749,2232190000
2018-09-15,209.814,226.604,209.606,223.074,1670490000
2018-09-16,222.803,222.803,211.118,220.589,1502260000
2018-09-17,221.582,224.261,195.308,197.875,2019910000
2018-09-18,197.095,213.357,195.934,209.975,1800640000
2018-09-19,209.472,213.871,201.656,209.969,1733330000
2018-09-20,210.288,224.818,207.789,224.591,1782070000
2018-09-21,225.251,248.388,221.567,246.584,2836200000
2018-09-22,247.337,251.196,233.81,240.48,1921820000
2018-09-23,240.992,247.464,237.857,244.33,1693470000
2018-09-24,244.844,245.108,227.49,228.73,1748740000
2018-09-25,228.327,228.327,206.49,218.505,2120360000
2018-09-26,218.647,221.437,209.113,215.847,1756100000
2018-09-27,215.44,230.607,212.654,228.494,2030320000
2018-09-28,229.041,231.748,218.669,222.402,2018120000
2018-09-29,221.705,234.014,216.078,231.635,2208720000
2018-09-30,231.329,236.986,228.445,232.848,1765560000
2018-10-01,233.22,234.145,226.945,230.768,1597500000
2018-10-02,231.1,231.167,225.838,227.181,1542080000
2018-10-03,226.407,226.458,213.971,220.489,1683930000
2018-10-04,220.446,226.148,220.09,222.218,1479500000
2018-10-05,222.267,228.319,220.957,227.601,1547330000
2018-10-06,227.552,227.926,224.246,225.12,1505070000
2018-10-07,225.435,226.37,222.996,226.119,1470480000
2018-10-08,226.509,230.765,224.557,229.255,1470740000
2018-10-09,229.71,230.161,226.401,227.982,1405130000
2018-10-10,227.615,227.707,224.495,225.769,1384040000
2018-10-11,225.61,225.61,189.283,189.499,2167620000
2018-10-12,188.707,199.401,188.707,196.727,1487900000
2018-10-13,196.364,201.279,196.364,199.841,1167610000
2018-10-14,199.691,201.827,195.243,195.715,1169260000
2018-10-15,195.27,222.118,194.159,209.704,2865830000
2018-10-16,209.628,212.173,207.984,210.12,1532280000
2018-10-17,210.217,211.125,205.928,207.083,1444130000
2018-10-18,207.404,208.47,201.743,203.352,1365860000
2018-10-19,203.257,204.663,201.844,203.727,1264480000
2018-10-20,203.515,206.222,203.085,205.43,1238780000
2018-10-21,205.39,208.155,204.621,205.142,1190300000
2018-10-22,205.174,206.932,203.377,204.044,1328980000
2018-10-23,204.016,205.151,201.911,204.336,1237490000
2018-10-24,204.127,205.581,203.354,203.852,1102220000
2018-10-25,203.868,204.132,201.823,202.719,1102900000
2018-10-26,202.336,204.78,201.551,203.329,1161310000
2018-10-27,203.356,206.082,203.126,204.21,1084810000
2018-10-28,204.51,205.919,203.523,205.366,1139140000
2018-10-29,205.174,205.597,195.734,197.247,1517230000
2018-10-30,197.203,198.122,196.351,197.556,1363500000
2018-10-31,197.649,198.338,196.531,197.381,1442380000
2018-11-01,197.537,203.754,197.328,198.872,1336700000
2018-11-02,198.982,201.269,198.755,200.635,1451870000
2018-11-03,200.74,200.74,199.525,200.186,1307150000
2018-11-04,200.158,211.272,198.986,207.486,1749300000
2018-11-05,207.1,210.819,206.573,209.091,1613510000
2018-11-06,209.474,218.452,207.894,218.452,1856940000
2018-11-07,218.899,221.652,216.796,217.183,1927830000
2018-11-08,217.327,218.338,212.199,212.231,1769080000
2018-11-09,211.987,213.316,209.515,210.074,1554750000
2018-11-10,209.975,213.857,209.805,212.533,1377760000
2018-11-11,212.479,212.999,208.868,211.34,1501600000
2018-11-12,211.513,212.623,208.924,210.418,1452380000
2018-11-13,210.149,210.515,206.135,206.826,1610260000
2018-11-14,206.534,207.045,174.084,181.397,2595330000
2018-11-15,181.899,184.251,170.189,180.806,2638410000
2018-11-16,180.865,181.35,173.126,175.177,2015330000
2018-11-17,175.36,175.851,172.869,174.001,1832800000
2018-11-18,174.175,179.152,174.175,177.067,1810920000
2018-11-19,177.179,177.179,147.851,149.175,2745160000
2018-11-20,148.811,151.253,126.36,130.339,3134410000
2018-11-21,131.142,138.89,125.758,136.701,2685930000
2018-11-22,136.811,137.74,126.706,126.706,1792150000
2018-11-23,126.419,127.028,119.559,123.296,1998010000
2018-11-24,123.304,126.788,110.825,113.494,1800960000
2018-11-25,113.126,118.881,101.77,116.45,2466750000
2018-11-26,116.343,118.201,104.893,108.335,2139490000
2018-11-27,107.913,111.842,102.452,110.01,2320010000
2018-11-28,110.198,126.048,110.198,122.438,2673470000
2018-11-29,122.722,123.23,115.298,117.543,2196099151
2018-11-30,117.728,119.424,111.745,113.171,2020748396
2018-12-01,113.398,120.841,111.619,118.636,2131475768
2018-12-02,118.268,120.562,116.092,116.389,1856199149
2018-12-03,116.379,116.619,107.416,108.925,1772756193
2018-12-04,108.803,113.143,107.403,110.214,1748116495
2018-12-05,110.336,110.599,102.476,102.476,1990157607
2018-12-06,102.451,104.103,91.7611,91.7611,2310716932
2018-12-07,91.6498,96.0898,83.4697,93.2946,2554304530
2018-12-08,93.4101,97.0599,86.8257,92.1596,1855759401
2018-12-09,92.0354,98.9,91.0313,95.1421,1875567180
2018-12-10,94.9922,96.2573,90.6543,91.6857,1756437577
2018-12-11,91.5789,92.7823,87.6884,88.9453,1707497898
2018-12-12,88.6107,92.2406,88.2636,90.5933,1533050103
2018-12-13,90.6552,91.1116,85.5183,86.5393,1754475622
2018-12-14,86.6304,87.1449,83.2265,84.3083,1651491877
2018-12-15,84.2797,85.3427,82.8299,84.4408,1496176898
2018-12-16,84.4694,87.5681,84.4694,85.2621,1565817037
2018-12-17,85.3821,96.8051,85.3821,95.1338,2101453024
2018-12-18,95.108,101.32,92.9685,101.112,2277514076
2018-12-19,101.684,108.549,100.691,101.269,2456482115
2018-12-20,101.09,117.17,100.64,116.217,3063842618
2018-12-21,115.835,119.094,107.585,109.496,2632539990
2018-12-22,109.456,116.759,107.503,116.759,2338772939
2018-12-23,117.274,133.075,117.274,130.765,3579715061
2018-12-24,130.642,157.669,130.642,140.238,4370343387
2018-12-25,140.998,140.998,125.113,129.844,3298280609
2018-12-26,129.889,136.677,126.293,131.866,2720469126
2018-12-27,131.924,132.677,115.65,116.576,2612804378
2018-12-28,116.898,137.647,115.693,137.647,3130201009
2018-12-29,138.469,147.034,134.57,138.018,3169029972
2018-12-30,137.627,140.689,133.982,139.859,2660086834
2018-12-31,140.031,140.181,132.519,133.368,2358360234
2019-01-01,133.418,141.398,132.651,140.819,2258709868
2019-01-02,141.52,156.929,140.651,155.048,3328240369
2019-01-03,155.196,155.863,147.198,149.135,2676164880
2019-01-04,148.913,156.879,147.907,154.582,3126192535
2019-01-05,154.337,160.825,154.337,155.639,3338211928
2019-01-06,155.804,159.371,152.086,157.746,3231294371
2019-01-07,157.809,158.45,151.151,151.699,2712108388
2019-01-08,151.968,153.626,148.67,150.36,2459808140
2019-01-09,150.555,153.622,150.288,150.803,2369241197
2019-01-10,150.844,152.148,126.529,128.625,3397734456
2019-01-11,127.814,130.166,125.245,127.548,2667585234
2019-01-12,127.528,128.666,125.447,125.967,2212109224
2019-01-13,125.907,126.268,116.086,116.898,2268263944
2019-01-14,116.979,130.857,116.968,129.069,2798085735
2019-01-15,129.173,130.744,120.312,122.033,2735449164
2019-01-16,121.809,127.118,121.441,123.547,2746469340
2019-01-17,123.574,124.271,120.817,123.742,2594091285
2019-01-18,123.655,123.842,120.242,121.01,2305389800
2019-01-19,121.614,125.904,121.161,124.519,3048261797
2019-01-20,124.632,125.07,118.702,119.475,2964108269
2019-01-21,119.636,119.715,116.157,117.158,2421720343
2019-01-22,117.111,119.664,114.677,118.748,2552507405
2019-01-23,118.714,119.423,116.377,117.453,2556952198
2019-01-24,117.463,118.032,116.007,117.363,2520843420
2019-01-25,117.595,117.803,115.83,116.378,2606881898
2019-01-26,116.374,118.084,115.981,116.489,2412181169
2019-01-27,116.51,116.685,113.405,113.405,2775888287
2019-01-28,113.285,113.688,103.336,106.59,3366895505
2019-01-29,106.722,107.166,103.999,105.598,2900418606
2019-01-30,105.407,109.453,104.844,108.908,2874370355
2019-01-31,108.901,110.458,106.525,107.061,2828796031
2019-02-01,107.148,108.639,105.047,107.61,2541271519
2019-02-02,107.466,110.654,106.764,110.43,2385157838
2019-02-03,110.49,110.827,106.564,107.493,2519334757
2019-02-04,107.626,108.701,107.067,107.822,2491888675
2019-02-05,107.628,108.135,106.91,107.444,2515863999
2019-02-06,107.569,107.569,102.935,104.919,2593048199
2019-02-07,104.836,106.059,104.409,104.535,2326764622
2019-02-08,104.645,119.806,104.194,119.268,3656841347
2019-02-09,119.214,120.69,118,119.431,2884650400
2019-02-10,119.409,124.854,117.106,124.806,3148766590
2019-02-11,124.872,124.872,120.312,121.298,3222473887
2019-02-12,121.179,123.468,119.6,122.572,3149576429
2019-02-13,122.544,125.551,121.612,122.554,3386585799
2019-02-14,122.417,124.452,121.335,121.39,3331701628
2019-02-15,121.454,123.66,121.372,122.1,3021741615
2019-02-16,122.396,124.135,122.295,123.26,2905833287
2019-02-17,123.182,134.46,123.092,133.599,4236081130
2019-02-18,133.033,147.687,133.002,146.098,5387525773
2019-02-19,146.399,149.93,145.128,145.346,5310842625
2019-02-20,145.173,149.554,142.502,149.554,4500094965
2019-02-21,149.352,149.352,144.564,146.131,3995766856
2019-02-22,146.073,149.269,145.207,149.092,3731099284
2019-02-23,148.677,159.126,147.331,158.795,4519468458
2019-02-24,158.902,165.55,135.853,135.853,5957715043
2019-02-25,135.5,142.526,135.484,139.823,4914392068
2019-02-26,139.646,139.976,136.58,138.09,3791292839
2019-02-27,138.03,141.336,131.603,136.126,4469776860
2019-02-28,136.283,138.847,135.658,136.746,4535438953
2019-03-01,136.836,138.995,136.435,136.444,3756124824
2019-03-02,136.35,137.185,132.436,134.207,3747176425
2019-03-03,134.786,135.849,131.329,132.249,3454374053
2019-03-04,132.158,132.729,125.403,127.774,4008171341
2019-03-05,127.793,138.23,126.735,137.822,4764849990
2019-03-06,137.959,139.969,136.146,138.789,4589054219
2019-03-07,138.942,140.858,137.273,138.035,4339206292
2019-03-08,138.311,139.499,133.558,135.127,4678816794
2019-03-09,134.888,139.119,134.677,137.965,5011918715
2019-03-10,138.18,138.27,135.686,136.759,4578438499
2019-03-11,136.85,137.353,133.103,133.834,4689807419
2019-03-12,134.013,135.273,130.944,134.443,4709988000
2019-03-13,134.612,134.612,132.72,133.263,4265162099
2019-03-14,133.204,135.181,132.75,133.712,4476532147
2019-03-15,133.567,138.395,133.567,137.692,4506861856
2019-03-16,137.912,144.558,137.912,142.398,4839003569
2019-03-17,142.238,142.372,139.324,140.001,3827157729
2019-03-18,140.105,142.267,138.842,139.375,4551739879
2019-03-19,139.254,140.989,139.143,140.519,4251488129
2019-03-20,140.485,140.946,138.307,140.686,4664134462
2019-03-21,140.478,141.003,135.855,136.636,5087247796
2019-03-22,136.562,138.794,136.229,137.181,4490899266
2019-03-23,137.04,139.385,136.912,138.24,4436568613
2019-03-24,138.315,138.376,136.314,136.987,4266845458
2019-03-25,137.081,137.695,133.49,135.031,4480516753
2019-03-26,135.054,135.46,133.757,135.46,4499271679
2019-03-27,135.454,141.075,135.342,140.988,5228240093
2019-03-28,141.006,141.008,138.425,139.416,4163212475
2019-03-29,139.343,142.549,138.045,142.497,5125602702
2019-03-30,142.359,149.613,141.032,142.093,5144662127
2019-03-31,142.139,142.189,140.697,141.514,4249050197
2019-04-01,141.465,142.734,140.738,141.83,4611999536
2019-04-02,141.84,165.227,141.636,163.962,9826645698
2019-04-03,164.009,178.322,157.322,161.459,10622456246
2019-04-04,161.432,164.929,155.241,158.053,7953123529
2019-04-05,158.02,167.22,157.444,165.515,7531316908
2019-04-06,165.511,172.516,161.799,165.947,7167016221
2019-04-07,165.977,175.213,164.932,174.532,7596176020
2019-04-08,174.45,184.378,174.161,180.259,9304964610
2019-04-09,180.222,180.254,175.092,176.115,7632529578
2019-04-10,176.068,183.134,175.23,177.337,7856924879
2019-04-11,177.343,177.487,162.321,165.497,7859383417
2019-04-12,165.335,166.128,161.03,164.736,6237185309
2019-04-13,164.623,166.362,163.012,164.513,4959301561
2019-04-14,164.476,168.591,162.781,167.839,4846298303
2019-04-15,167.897,168.818,159.556,161.574,5672311824
2019-04-16,161.527,167.666,160.889,167.623,5180105341
2019-04-17,167.554,168.939,165.502,166.951,5596102715
2019-04-18,166.913,175.365,166.672,173.814,6971581464
2019-04-19,173.788,173.979,170.62,173.708,6541053061
2019-04-20,173.719,176.706,171.789,173.751,6142567812
2019-04-21,173.715,174.421,167.429,170.047,6005571688
2019-04-22,170.017,173.069,168.73,171.875,6094878077
2019-04-23,172.007,176.851,170.897,171.448,7097827092
2019-04-24,171.35,171.573,161.977,165.826,7351304156
2019-04-25,165.915,166.513,153.847,154.459,6820332362
2019-04-26,154.579,158.029,152.086,156.347,7505283355
2019-04-27,156.271,160.589,155.622,158.435,5863109118
2019-04-28,158.5,159.565,157.126,157.295,5379894433
2019-04-29,157.291,158.334,153.187,155.202,6053776253
2019-04-30,155.173,162.432,155.173,162.166,6275803460
2019-05-01,162.187,164.061,159.66,160.818,5789172433
2019-05-02,160.854,162.937,160.061,162.123,6044171062
2019-05-03,162.075,170.069,161.081,167.952,7299410672
2019-05-04,167.887,170.646,161.791,164.027,6658100049
2019-05-05,164.015,165.4,159.701,163.451,5938415562
2019-05-06,163.338,175.76,159.988,172.653,7540096853
2019-05-07,172.427,180.394,169.695,169.799,8411140170
2019-05-08,169.904,172.184,166.409,170.948,6416569598
2019-05-09,170.952,172.88,167.248,170.289,6546914198
2019-05-10,170.313,175.885,168.991,173.143,8036919053
2019-05-11,173.139,203.467,173.139,194.304,12578331654
2019-05-12,194.163,201.881,183.654,187.325,10326050090
2019-05-13,187.418,205.098,185.306,196.846,10367149039
2019-05-14,196.738,217.875,196.055,217.149,12751049755
2019-05-15,217.01,247.447,216.822,247.153,13460006534
2019-05-16,246.942,275.394,245.795,264.01,18661465873
2019-05-17,263.848,266.98,227.767,243.765,16037551694
2019-05-18,243.911,246.363,233.1,234.595,10933142646
2019-05-19,234.449,263.741,233.759,261.292,12049250894
2019-05-20,261.267,261.551,241.804,251.864,10834541285
2019-05-21,251.648,262.108,248.196,255.216,11545049593
2019-05-22,254.995,258.802,242.73,244.699,9818257463
2019-05-23,244.665,247.617,233.793,245.966,10671663487
2019-05-24,245.987,255.259,243.24,249.485,9929433206
2019-05-25,249.694,257.357,249.089,251.76,8924985385
2019-05-26,251.725,269.167,247.245,267.07,9664267731
2019-05-27,267.142,278.507,265.445,272.863,12074664736
2019-05-28,272.59,274.321,267.514,271.769,10362846898
2019-05-29,271.779,273.756,263.091,269.456,9819132174
2019-05-30,269.552,287.202,247.349,255.859,13604268584
2019-05-31,256.015,268.66,249.112,268.114,11255023515
2019-06-01,268.433,273.558,263.525,265.391,9942869852
2019-06-02,265.513,272.807,265.042,270.226,8744111713
2019-06-03,270.089,270.334,251.262,252.608,9375712917
2019-06-04,252.512,252.512,236.127,241.339,10132549747
2019-06-05,241.497,248.138,239.983,247.051,8548917062
2019-06-06,246.925,249.945,238.501,249.474,8265146806
2019-06-07,249.335,254.352,246.598,250.93,8379534528
2019-06-08,251.249,252.377,243.229,245.738,7225996863
2019-06-09,245.54,245.973,229.257,233.087,7566421456
2019-06-10,232.83,247.662,229.342,247.52,8141159848
2019-06-11,247.862,248.663,239.825,245.782,7382269700
2019-06-12,245.925,261.018,244.491,260.903,8645598618
2019-06-13,260.914,262.163,255.596,256.169,8442077836
2019-06-14,256.18,265.371,254.147,264.087,8676891267
2019-06-15,263.934,271.506,262.121,269.019,8126853944
2019-06-16,268.901,278.143,265.535,269.223,9676746453
2019-06-17,269.091,275.443,268.354,274.351,6009795781
2019-06-18,274.32,274.32,263.144,265.052,6205242504
2019-06-19,265.057,270.333,264.755,269.432,5516510947
2019-06-20,269.408,274.074,265.5,271.695,6408981097
2019-06-21,271.743,295.303,271.743,294.91,9331694140
2019-06-22,295.115,315.19,294.728,309.38,10613731255
2019-06-23,309.417,318.566,305.765,307.828,8161062380
2019-06-24,307.722,312.329,299.56,310.425,8205712062
2019-06-25,310.679,318.126,307.643,318.126,9641764965
2019-06-26,317.993,361.399,315.955,336.753,16437084081
2019-06-27,336.96,343.433,278.573,294.268,14038092503
2019-06-28,294.143,313.032,292.94,311.226,11514656820
2019-06-29,311.284,322.044,294.754,320.059,10929374565
2019-06-30,319.584,322.79,290.696,290.696,10303111000
2019-07-01,290.268,301.026,280.023,293.641,10292223948
2019-07-02,293.537,295.656,272.603,291.596,10618413952
2019-07-03,291.765,303.342,291.402,303.1,9926711979
2019-07-04,303.025,303.961,282.766,284.523,8403513106
2019-07-05,284.381,293.921,282.695,287.998,8723493015
2019-07-06,287.894,295.991,286.666,287.547,7674615025
2019-07-07,287.604,310.139,286.109,305.701,8119724981
2019-07-08,305.735,314.268,303.5,313.251,9078905628
2019-07-09,313.325,318.223,305.286,308.881,10055159803
2019-07-10,308.851,313.069,285.566,290.002,11679985167
2019-07-11,289.946,290.021,266.095,268.704,10216287022
2019-07-12,268.692,278.856,268,276.277,8148936015
2019-07-13,276.289,276.685,263.068,269.459,6716829429
2019-07-14,269.282,269.641,227.269,227.578,8578339386
2019-07-15,227.965,235.026,210.391,229.776,9723674244
2019-07-16,229.749,234.514,197.378,199.189,9036620494
2019-07-17,199.067,217.976,193.99,211.485,9387747640
2019-07-18,211.445,229.239,208.038,226.566,9327816059
2019-07-19,226.658,226.94,215.838,221.333,7606433131
2019-07-20,221.413,234.198,221.189,229.119,7976245988
2019-07-21,229.168,229.862,219.028,225.631,6685082868
2019-07-22,225.699,226.863,213.448,217.56,6338843919
2019-07-23,217.568,218.518,209.638,212.729,6976091534
2019-07-24,212.554,217.535,203.893,217.046,7168982843
2019-07-25,216.969,224.254,216.135,219.618,6731281160
2019-07-26,219.628,220.236,214.126,219.63,5729852178
2019-07-27,219.618,223.517,204.904,207.408,6257703908
2019-07-28,207.414,212.042,202.253,211.187,5504887934
2019-07-29,211.124,213.932,208.764,211.268,5485190664
2019-07-30,211.339,213.614,206.868,210.523,5489918859
2019-07-31,210.492,218.654,210.438,218.654,6003828340
2019-08-01,218.555,218.813,212.915,217.808,5965442642
2019-08-02,217.884,222.183,215.976,217.872,6159440229
2019-08-03,217.896,224.623,217.332,222.49,5697798687
2019-08-04,222.581,224.227,218.492,222.67,5238542572
2019-08-05,222.651,235.635,222.604,234.215,7765060287
2019-08-06,234.246,239.116,223.551,226.021,7647742672
2019-08-07,225.925,229.657,222.775,226.391,7020342210
2019-08-08,226.518,226.775,216.516,220.942,6713525644
2019-08-09,220.909,221.364,208.246,210.489,6964818795
2019-08-10,210.53,213.735,203.793,206.734,6584748527
2019-08-11,206.732,216.599,206.511,216.093,6440605605
2019-08-12,216.056,216.143,210.946,211.288,5674315559
2019-08-13,211.343,211.384,205.423,208.709,5946313205
2019-08-14,208.604,209.066,186.332,186.608,7444456154
2019-08-15,186.684,189.462,178.143,188.502,8197244441
2019-08-16,188.644,188.906,180.385,185.44,7133915837
2019-08-17,185.532,186.703,182.594,185.688,5512696513
2019-08-18,185.841,197.522,183.692,194.494,5969012024
2019-08-19,194.556,203.56,193.108,203.092,6145148692
2019-08-20,202.813,203.016,195.62,196.565,6408417610
2019-08-21,196.622,197.027,182.689,186.892,7775772700
2019-08-22,186.941,194.416,183.385,191.333,7569043874
2019-08-23,191.107,195.906,189.562,194.706,6658162377
2019-08-24,194.672,194.785,187.627,191.29,6249737982
2019-08-25,191.235,192.163,184.965,186.842,5826017143
2019-08-26,186.736,193.442,186.736,188.929,7207986636
2019-08-27,188.95,188.963,185.473,187.517,6042327402
2019-08-28,187.495,187.931,172.186,173.89,6696604087
2019-08-29,173.959,173.996,167.171,169.517,7129569083
2019-08-30,169.489,170.774,167.071,168.835,5776520220
2019-08-31,168.888,174.324,167.803,172.47,5830212249
2019-09-01,172.458,173.697,169.531,171.629,5554799576
2019-09-02,171.698,180.145,170.452,178.347,6503447137
2019-09-03,178.358,182.348,175.97,179.499,6962728938
2019-09-04,179.492,180.137,175.325,175.993,5938120494
2019-09-05,175.966,176.164,171.747,174.217,5589476516
2019-09-06,174.172,177.719,168.341,169.956,6797611878
2019-09-07,169.955,180.852,169.444,178.263,6791531342
2019-09-08,178.283,182.977,178.143,181.356,6472677266
2019-09-09,181.362,184.149,177.419,181.149,7232938985
2019-09-10,181.213,184.063,178.122,179.787,6291476772
2019-09-11,179.839,181.757,176.501,178.725,7157139035
2019-09-12,178.804,181.999,177.847,181.016,5838605477
2019-09-13,180.976,181.498,178.582,181.11,5955041237
2019-09-14,181.322,188.447,180.372,188.106,6500686511
2019-09-15,188.068,190.399,186.447,189.789,6222874780
2019-09-16,189.689,198.205,189.689,197.113,8242029488
2019-09-17,197.115,213.732,196.715,208.609,10232590812
2019-09-18,208.051,216.712,208.051,211.393,9194634557
2019-09-19,211.247,222.872,204.686,221.281,10620070913
2019-09-20,221.07,221.599,215.16,218.05,8027974273
2019-09-21,217.897,220.958,215,215.516,7743309778
2019-09-22,215.487,216.086,207.645,211.545,7812854576
2019-09-23,211.713,211.841,201.887,201.921,7494673136
2019-09-24,201.842,203.501,162.728,168.111,11757739233
2019-09-25,168.134,174.72,164.913,170.893,9766632018
2019-09-26,170.757,171.693,157.13,166.727,7848286154
2019-09-27,166.652,175.611,163.21,174.711,7909313625
2019-09-28,174.681,175.779,170.774,174.573,6895423445
2019-09-29,174.613,175.21,166.998,170.503,6497088199
2019-09-30,170.461,179.872,167.037,179.872,7552915148
2019-10-01,180.209,185.046,175.813,177.34,7676276225
2019-10-02,177.224,180.826,175.334,180.711,6335595250
2019-10-03,180.704,180.799,172.6,175.199,6381403725
2019-10-04,175.238,178.552,173.564,176.985,6248928449
2019-10-05,176.946,177.713,173.07,176.352,5837211771
2019-10-06,176.364,177.365,171.3,173.059,5852890674
2019-10-07,172.94,182.356,171.528,181.186,7844316834
2019-10-08,181.113,184.36,179.133,182.022,7466282780
2019-10-09,182.036,194.3,180.668,193.293,9088122101
2019-10-10,193.191,193.897,188.306,191.66,8375913276
2019-10-11,191.801,195.319,181.662,182.57,9128522970
2019-10-12,182.534,186.305,179.985,180.827,7494328840
2019-10-13,180.861,185.076,180.317,182.075,6733182273
2019-10-14,182.028,187.304,181.662,186.961,7276520699
2019-10-15,186.977,187.76,179.463,181.406,7731456579
2019-10-16,181.344,181.669,174.064,176.014,7691244590
2019-10-17,175.907,178.9,174.566,178.028,6737237423
2019-10-18,177.989,178.18,171.005,173.621,7566257807
2019-10-19,173.649,175.608,172.215,172.913,6551453871
2019-10-20,172.975,176.719,171.211,175.534,6801091120
2019-10-21,175.525,177.742,173.288,174.921,6815820627
2019-10-22,174.905,175.65,172.266,172.301,6990951966
2019-10-23,172.263,172.421,157.463,162.403,9624925919
2019-10-24,162.514,164.148,160.888,162.169,7300917537
2019-10-25,162.19,183,161.966,181.523,10358594018
2019-10-26,181.667,195.943,176.134,179.835,13831784986
2019-10-27,179.933,188.155,177.682,184.242,10815941952
2019-10-28,184.398,187.883,180.25,182.663,10406734124
2019-10-29,182.67,191.847,182.364,190.343,10622761958
2019-10-30,190.336,191.112,181.546,184.692,10484902804
2019-10-31,184.798,188.751,180.068,183.967,9607939606
2019-11-01,183.804,185.06,181.094,183.97,9145611130
2019-11-02,184.018,185.709,182.798,183.926,8087991830
2019-11-03,183.995,185.024,179.818,182.425,8760247744
2019-11-04,182.319,188.023,181.822,186.355,10551917945
2019-11-05,186.309,191.258,184.332,189.304,10024177342
2019-11-06,189.113,193.547,188.668,191.594,10156458684
2019-11-07,191.504,191.861,186.567,187.977,9081247799
2019-11-08,187.924,188.816,182.541,184.211,9176780911
2019-11-09,184.312,185.839,183.902,185.029,7277418704
2019-11-10,184.943,190.921,184.687,189.477,8752784211
2019-11-11,189.503,190.338,185.086,185.49,7877424106
2019-11-12,185.565,187.948,184.191,186.843,7792186666
2019-11-13,186.942,189.332,185.938,188.259,7343173596
2019-11-14,188.273,188.635,184.992,186,7872664470
2019-11-15,186.058,186.252,179.38,180.521,8815678477
2019-11-16,180.499,184.155,179.986,183.348,6789888120
2019-11-17,183.351,188.191,182.337,185.119,7364325471
2019-11-18,185.041,186.927,179.176,180.56,7787662111
2019-11-19,180.502,182.528,175.197,177.456,7536699743
2019-11-20,177.415,178.993,175.29,175.698,7205785149
2019-11-21,175.674,176.209,159.365,161.463,8546371325
2019-11-22,161.506,163.028,142.344,150.268,12020749863
2019-11-23,150.212,154.102,147.601,153.418,8289198330
2019-11-24,153.431,153.966,142.835,142.835,7782769098
2019-11-25,142.697,150.208,133.802,146.477,10962753356
2019-11-26,146.404,150.005,145.217,148.965,7648516297
2019-11-27,148.397,154.887,143.526,153.011,8778095308
2019-11-28,153.069,156.614,151.091,151.718,7346531960
2019-11-29,151.769,156.848,151.46,155.304,7503898278
2019-11-30,155.286,156.691,151.225,152.54,6565950868
2019-12-01,152.492,152.492,147.068,151.186,7102780298
2019-12-02,151.175,152.117,147.607,149.059,6670561362
2019-12-03,149.058,150.31,146.002,147.956,6204379850
2019-12-04,147.918,150.681,145.001,146.748,7865937094
2019-12-05,146.686,153.155,145.459,149.249,6745910228
2019-12-06,149.396,149.671,147.607,149.194,6458766441
2019-12-07,149.198,149.8,148.375,148.768,5911233284
2019-12-08,148.744,152.393,148.313,151.265,6441727252
2019-12-09,151.224,151.914,147.621,148.225,6744206747
2019-12-10,148.18,148.564,144.908,146.267,6859512025
2019-12-11,146.321,147.139,143.045,143.608,7037180049
2019-12-12,143.616,145.752,141.437,145.604,7890383413
2019-12-13,145.656,145.857,143.747,144.945,7264810247
2019-12-14,144.953,145.529,142.435,142.869,7048066973
2019-12-15,142.865,143.925,139.427,143.115,7235153411
2019-12-16,143.14,143.225,132.457,133.614,8992282119
2019-12-17,133.647,134.012,121.395,122.604,9057166141
2019-12-18,122.657,133.394,119.78,133.092,11864518321
2019-12-19,133.053,134.191,125.972,129.321,9564699140
2019-12-20,129.384,129.756,126.985,129.066,8173594150
2019-12-21,129.096,129.148,127.612,128.131,7449064703
2019-12-22,128.098,133.16,127.928,132.373,9121058481
2019-12-23,132.307,134.732,127.417,128.614,9622497693
2019-12-24,128.629,131.672,127.309,129.064,7961819689
2019-12-25,129.068,129.068,124.885,126.455,8418019054
2019-12-26,126.486,130.898,125.406,126.361,8600871980
2019-12-27,126.369,128.098,124.821,127.215,8299390176
2019-12-28,127.213,130.258,126.9,128.323,8069298610
2019-12-29,128.267,136.811,127.998,134.758,9708776786
2019-12-30,134.797,136.757,131.546,132.633,9796951716
2019-12-31,132.612,133.733,128.798,129.611,8936866397
2020-01-01,129.631,132.835,129.198,130.802,7935230330
2020-01-02,130.82,130.82,126.955,127.41,8032709256
2020-01-03,127.411,134.554,126.49,134.172,10476845358
2020-01-04,134.169,136.053,133.041,135.069,7430904515
2020-01-05,135.072,139.41,135.046,136.277,7526675353
2020-01-06,136.306,144.328,136.08,144.304,9093747121
2020-01-07,144.312,145.002,140.489,143.544,9257954672
2020-01-08,143.488,146.828,138.268,141.258,9387194957
2020-01-09,141.156,141.394,136.236,138.979,7697325348
2020-01-10,138.967,144.167,135.52,143.964,9084816203
2020-01-11,143.409,146.481,142.208,142.927,9332208590
2020-01-12,143.033,146.146,142.708,145.874,8528167453
2020-01-13,146.22,146.791,142.907,144.227,8378529470
2020-01-14,144.251,167.682,144.065,165.955,16712318373
2020-01-15,165.735,170.426,161.11,166.231,15173694057
2020-01-16,166.333,167.058,159.71,164.391,13735193018
2020-01-17,164.489,173.069,162.776,170.78,14997091826
2020-01-18,170.748,178.529,166.789,175.366,14929342256
2020-01-19,175.468,177.248,163.677,166.97,13713374132
2020-01-20,166.904,169.115,162.332,167.121,11144529787
2020-01-21,167.06,169.91,165.82,169.697,9789369362
2020-01-22,169.609,171.009,166.774,168.294,9209827928
2020-01-23,168.296,168.312,160.295,162.929,10396868698
2020-01-24,162.899,164.309,156.75,163.051,10657671162
2020-01-25,163.067,163.227,158.632,161.284,8256956802
2020-01-26,161.177,168.22,160.281,168.077,9261861590
2020-01-27,168.009,172.923,166.901,170.931,11004476145
2020-01-28,170.885,176.37,170.738,176.37,11772875064
2020-01-29,176.348,178.843,175.05,175.05,10725267311
2020-01-30,174.918,186.26,172.375,184.69,12604789338
2020-01-31,184.737,185.406,176.297,180.16,11728616394
2020-02-01,180.114,183.846,179.745,183.674,11569697182
2020-02-02,183.533,193.08,180.174,188.618,14054425389
2020-02-03,188.607,193.437,188.013,189.865,12392875241
2020-02-04,189.862,191.111,185.404,189.251,11714191695
2020-02-05,189.299,206.804,188.753,204.23,14865434435
2020-02-06,204.13,214.598,201.904,212.339,16425589683
2020-02-07,212.316,223.141,212.304,222.726,16673443564
2020-02-08,222.511,226.588,215.386,223.147,16741203125
2020-02-09,222.982,229.864,222.982,228.579,15031356241
2020-02-10,228.549,229.185,218.08,223.523,16210008511
2020-02-11,223.385,236.547,218.618,235.851,16964695963
2020-02-12,235.898,272.399,235.896,265.406,24545049386
2020-02-13,265.053,273.741,258.923,268.099,25801317504
2020-02-14,268.023,285.056,262.763,284.217,23558253463
2020-02-15,284.561,287.124,264.28,264.729,23682452994
2020-02-16,264.904,272.882,242.484,259.895,25152366643
2020-02-17,259.891,266.871,244.335,266.363,26024080089
2020-02-18,266.509,283.196,261.464,281.945,26511477187
2020-02-19,282.036,283.538,259.764,259.764,22679414413
2020-02-20,259.82,263.695,250.951,257.949,23229828870
2020-02-21,257.891,267.005,255.689,265.601,20867593292
2020-02-22,265.552,266.387,258.913,262.332,16906032862
2020-02-23,262.278,273.754,261.961,273.754,19585998814
2020-02-24,273.705,275.54,259.625,265.216,22400845640
2020-02-25,265.283,265.431,246.859,247.818,21878882134
2020-02-26,247.74,249.65,221.267,225.68,26235617201
2020-02-27,225.687,237.229,212.665,226.753,25645522790
2020-02-28,226.988,234.209,216.346,226.76,22563530559
2020-02-29,226.833,232.257,219.849,219.849,18181296376
2020-03-01,219.753,226.678,214.13,218.971,18179807469
2020-03-02,218.712,232.812,217.284,230.57,20305587789
2020-03-03,230.524,232.326,221.733,224.48,19853178572
2020-03-04,224.565,228.04,222.089,224.518,16567075208
2020-03-05,224.642,234.364,224.642,229.268,18201291785
2020-03-06,229.168,243.555,228.744,243.525,19374772256
2020-03-07,243.75,249.978,237.551,237.853,19431652027
2020-03-08,237.781,237.781,200.603,200.689,21381823651
2020-03-09,201.318,207.451,192.27,201.986,23645428606
2020-03-10,202.864,205.714,198.064,200.767,18344930072
2020-03-11,200.768,202.954,184.362,194.869,16984790291
2020-03-12,194.739,195.148,111.211,112.347,22134741655
2020-03-13,112.69,137.43,95.1843,133.202,27864623061
2020-03-14,133.582,134.484,122.414,123.306,12740784545
2020-03-15,123.246,132.242,121.854,125.214,12719251813
2020-03-16,124.996,124.996,105.171,110.606,15984904590
2020-03-17,110.407,118.988,110.407,113.943,12087490572
2020-03-18,113.858,116.022,111.743,114.842,11617854009
2020-03-19,114.84,140.528,114.733,136.594,16396753275
2020-03-20,136.649,150.854,122.606,132.737,18960388062
2020-03-21,133.102,135.972,127.164,132.819,13684083308
2020-03-22,132.851,136.152,122.909,123.321,12497707224
2020-03-23,123.366,134.912,121.868,134.912,14149877968
2020-03-24,135.194,141.949,133.169,138.761,14609068673
2020-03-25,138.915,141.404,134.304,136.196,13433092920
2020-03-26,136.191,138.831,134.886,138.362,11367261176
2020-03-27,138.37,139.903,133.938,133.938,11396286629
2020-03-28,134.033,134.033,126.962,130.986,12162403960
2020-03-29,131.015,131.174,125.45,125.584,9938133669
2020-03-30,125.578,133.911,125.29,132.905,11841123306
2020-03-31,132.821,134.274,131.653,133.594,11065246317
2020-04-01,133.612,135.635,129.731,135.635,12456564435
2020-04-02,135.732,146.787,135.732,142.029,15322861686
2020-04-03,142.11,146.9,139.619,142.091,13184603402
2020-04-04,142.215,145.377,140.122,145.219,11946658257
2020-04-05,145.261,146.129,142.102,143.547,11280993591
2020-04-06,143.608,169.273,143.545,169.136,21636382525
2020-04-07,169.147,175.204,164.203,165.102,21659346091
2020-04-08,165.24,173.21,164.493,172.642,17063110836
2020-04-09,172.761,172.898,167.987,170.807,14901696210
2020-04-10,170.829,170.95,154.914,158.412,17980944616
2020-04-11,158.539,161.168,155.298,158.216,13555089447
2020-04-12,158.232,164.517,156.321,161.142,15123721386
2020-04-13,160.721,160.75,151.614,156.28,16465282133
2020-04-14,156.356,160.944,155.866,157.596,14723156630
2020-04-15,157.566,160.711,152.803,153.287,14171753737
2020-04-16,153.2,173.157,150.359,172.157,22910469236
2020-04-17,172.279,174.276,169.752,171.639,16714684266
2020-04-18,171.618,187.94,171.618,186.914,20160323443
2020-04-19,186.862,188.099,180.121,181.615,19146038381
2020-04-20,181.48,186.084,170.321,172.297,21266681335
2020-04-21,172.018,175.178,170.553,172.738,16458767984
2020-04-22,172.67,183.751,171.827,182.6,17994666395
2020-04-23,182.62,189.089,180.341,185.029,21275740032
2020-04-24,185.222,190.21,185.222,189.237,16788555028
2020-04-25,189.207,196.792,188.46,195.515,18260969748
2020-04-26,195.414,199.345,194.768,197.318,18335367012
2020-04-27,197.476,199.553,193.454,197.225,18670194595
2020-04-28,197.274,198.787,194.849,198.415,18217507467
2020-04-29,198.465,218.455,198.125,216.968,26397548759
2020-04-30,216.909,227.53,206.437,207.602,28089191904
2020-05-01,207.902,217.628,207.781,214.219,20816320834
2020-05-02,214.23,215.848,212.879,215.325,18260876092
2020-05-03,215.352,219.271,208.692,210.933,20469034664
2020-05-04,210.891,211.828,199.048,208.174,22602446422
2020-05-05,208.013,211.779,204.031,206.774,19004689099
2020-05-06,206.481,211.535,204.041,204.056,20343543799
2020-05-07,203.913,214.392,202.075,212.289,23594744655
2020-05-08,212.198,216.328,208.831,212.992,20445139356
2020-05-09,213.142,214.739,209.072,211.6,18950547549
2020-05-10,211.552,211.552,182.711,188.6,25211575193
2020-05-11,188.632,191.362,180.718,185.913,20054601647
2020-05-12,185.877,191.601,185.702,189.312,15899726284
2020-05-13,189.374,200.197,189.128,199.193,17054662289
2020-05-14,198.892,204.118,196.869,202.949,20150524861
2020-05-15,202.955,203.566,193.756,195.623,16602342092
2020-05-16,195.613,202.771,194.502,200.677,15379081645
2020-05-17,200.609,209.161,200.103,207.159,15470397303
2020-05-18,207.18,215.908,207.109,214.525,17411566928
2020-05-19,214.605,214.605,210.143,213.451,14346192779
2020-05-20,213.446,214.717,207.976,210.097,12730175511
2020-05-21,210.129,211.625,193.346,199.884,13308321229
2020-05-22,199.837,208.592,198.041,207.169,12041592114
2020-05-23,207.194,210.386,205.294,208.694,10665476768
2020-05-24,208.716,210.595,202.37,202.37,11833299572
2020-05-25,201.983,206.361,200.668,205.32,10415044124
2020-05-26,205.26,205.753,200.264,201.902,10159741290
2020-05-27,201.893,208.863,201.785,208.863,10631034756
2020-05-28,208.885,220.277,206.243,219.84,12212469604
2020-05-29,219.925,224.217,218.238,220.675,12265816557
2020-05-30,220.717,243.943,218.744,242.346,15027397867
2020-05-31,242.351,244.045,230.053,230.976,12234904813
2020-06-01,230.86,248.236,230.488,246.992,13951727936
2020-06-02,246.828,252.222,233.225,237.219,13782107567
2020-06-03,237.395,244.179,235.464,244.179,9861760817
2020-06-04,244.105,245.929,236.765,244.426,10170414304
2020-06-05,244.35,247.329,240.682,241.222,9293963914
2020-06-06,241.201,245.981,239.725,241.931,8114873845
2020-06-07,241.908,245.435,236.325,245.167,9544883157
2020-06-08,245.179,246.644,241.542,246.31,8076783299
2020-06-09,246.175,248.342,242.339,244.911,8446545788
2020-06-10,244.822,248.651,242.82,247.445,8792990206
2020-06-11,247.549,249.888,229.943,231.703,12356528860
2020-06-12,231.625,239.355,229.645,237.493,8868955009
2020-06-13,237.545,239.193,235.89,238.909,7141624980
2020-06-14,238.968,239.101,232.958,234.115,7439385176
2020-06-15,234.058,234.238,221.242,229.929,10536099884
2020-06-16,229.762,236.394,228.426,234.416,7965648016
2020-06-17,234.492,235.954,229.342,233.028,7701391592
2020-06-18,232.899,234.571,228.951,232.101,6713800872
2020-06-19,231.955,232.154,226.795,227.138,6946372590
2020-06-20,226.976,231.449,226.641,229.274,6252830566
2020-06-21,229.216,232.359,228.493,228.99,5600408178
2020-06-22,229.003,243.776,228.935,242.533,9079586552
2020-06-23,242.537,244.864,239.76,244.142,6624530348
2020-06-24,244.186,248.508,232.808,235.772,8815030025
2020-06-25,235.703,236.053,230.297,232.944,7010426122
2020-06-26,232.877,233.902,229.259,229.668,7187490226
2020-06-27,229.631,232.493,220.565,222.96,6918380955
2020-06-28,222.914,228.598,219.473,225.347,6205925718
2020-06-29,225.361,229.903,222.255,228.195,6726164653
2020-06-30,227.968,229.477,224.815,226.315,6094093001
2020-07-01,226.135,232.756,224.836,231.113,6463737443
2020-07-02,231.289,232.397,225.462,229.392,6212210566
2020-07-03,229.319,229.629,224.914,225.387,5109032700
2020-07-04,225.288,230.054,225.133,229.074,5228310135
2020-07-05,228.976,229.857,224.544,227.665,5292172429
2020-07-06,227.685,242.133,227.03,241.51,8782917553
2020-07-07,240.973,242.682,234.219,239.076,6441497597
2020-07-08,239.16,248.309,238.398,246.67,9892586411
2020-07-09,246.748,247.292,239.899,243.016,8429099199
2020-07-10,242.868,242.884,236.731,240.985,7281370522
2020-07-11,241.045,241.527,238.331,239.458,5643067316
2020-07-12,239.46,243.311,237.77,242.132,6596394718
2020-07-13,242.182,244.311,238.232,239.605,7787751468
2020-07-14,239.976,242.004,237.796,240.211,7357458555
2020-07-15,240.144,241.403,237.096,238.424,6189328448
2020-07-16,238.451,239.006,231.621,233.641,5832057567
2020-07-17,233.691,234.415,232.11,232.773,5859850529
2020-07-18,232.856,236.544,232.325,235.484,5397402117
2020-07-19,235.458,239.161,233.28,238.488,6251377305
2020-07-20,238.495,239.576,234.853,236.153,5600686192
2020-07-21,236.303,246.186,235.681,245.017,6806696015
2020-07-22,245.037,262.985,242.484,262.191,7702077383
2020-07-23,262.389,277.583,261.047,274.689,10281309262
2020-07-24,274.723,286.193,269.24,279.215,9466060358
2020-07-25,279.026,306.741,279.026,304.057,10785021813
2020-07-26,303.692,316.386,300.268,309.644,12003973026
2020-07-27,309.658,330.701,309.658,321.514,15644257058
2020-07-28,321.83,325.906,307.721,316.657,12357108065
2020-07-29,316.555,324.381,313.11,318.191,10878845706
2020-07-30,318.145,338.631,315.751,334.587,11827689045
2020-07-31,334.634,348.611,329.341,345.555,12030600492
2020-08-01,345.799,388.848,343.587,385.2,14045259477
2020-08-02,385.55,411.228,357.144,370.672,18909744275
2020-08-03,371.134,396.507,369.336,386.295,12834648062
2020-08-04,386.156,400.701,382.985,389.875,14086704221
2020-08-05,389.711,406.304,386.218,401.591,12875466638
2020-08-06,401.584,403.489,392.6,394.962,11304626458
2020-08-07,395.227,398.249,367.936,379.513,12751687084
2020-08-08,379.552,393.987,377.35,393.987,9342060531
2020-08-09,395.305,399.737,385.831,391.12,9451065592
2020-08-10,391.042,399.376,391.042,395.888,11685827893
2020-08-11,395.895,398.479,370.861,380.384,12792218737
2020-08-12,380.064,391.312,367.924,391.024,12408772745
2020-08-13,390.838,432.905,379.711,428.742,18480303526
2020-08-14,428.677,444.578,423.346,437.398,15064589987
2020-08-15,437.563,441.755,429.875,433.355,12416067894
2020-08-16,433.351,436.266,415.086,433.787,12168816874
2020-08-17,433.974,442.735,422.647,429.531,13227089410
2020-08-18,429.67,432.58,419.674,423.669,11978984079
2020-08-19,423.739,427.025,396.678,406.464,13137391167
2020-08-20,406.759,418.734,404.026,416.44,10043032427
2020-08-21,416.149,418.638,387.441,389.126,11781796374
2020-08-22,389.031,396.467,382.815,395.835,10131847985
2020-08-23,395.563,396.49,385.04,391.384,8137303970
2020-08-24,391.679,409.389,389.315,408.144,10328860398
2020-08-25,408.072,408.528,374.355,384.001,12428442042
2020-08-26,383.977,391.873,378.706,386.466,9967343483
2020-08-27,386.61,395.349,374.866,382.633,10457777652
2020-08-28,382.63,397.758,381.274,395.875,9120674421
2020-08-29,395.688,405.616,393.037,399.921,8777703481
2020-08-30,399.617,428.664,399.608,428.396,11211948040
2020-08-31,428.509,438.56,419.77,435.08,12774741797
2020-09-01,434.874,487.212,432.079,477.052,18862763756
2020-09-02,477.008,480.331,424.46,440.04,19691854014
2020-09-03,440.24,449.532,381.13,385.672,19622845896
2020-09-04,384.672,402.412,371.637,388.241,16747106257
2020-09-05,388.038,394.172,316.774,335.26,29880047640
2020-09-06,335.335,359.764,319.042,353.362,27643678917
2020-09-07,353.45,358.212,326.254,352.673,21763614732
2020-09-08,353.202,355.563,328.817,337.602,17991403432
2020-09-09,337.825,359.164,332.165,351.11,14547933520
2020-09-10,351.429,377.394,351.112,368.102,31421134556
2020-09-11,368.118,376.63,355.583,374.696,27296269329
2020-09-12,374.595,387.538,367.842,387.183,13295405814
2020-09-13,387.519,388.96,354.34,365.57,15005899191
2020-09-14,365.7,384.485,357.57,377.269,17536695361
2020-09-15,377.154,381.508,363.607,364.839,16140584321
2020-09-16,364.744,372.767,356.683,365.812,16107612177
2020-09-17,365.866,393.902,364.795,389.019,19899531080
2020-09-18,389.337,391.904,376.965,384.365,14108357740
2020-09-19,384.042,387.076,378.724,385.544,11049507684
2020-09-20,385.598,385.598,367.094,371.053,12292195784
2020-09-21,371.4,375.737,336.069,341.786,17398267133
2020-09-22,341.724,346.601,336.855,344.503,12732578043
2020-09-23,344.59,344.671,318.969,321.116,12899346599
2020-09-24,320.985,351.461,318.545,349.356,15714304470
2020-09-25,349.411,357.773,339.016,352.183,14381086966
2020-09-26,352.351,355.855,348.107,355.488,13049148579
2020-09-27,354.96,361.984,349.834,357.439,13598126926
2020-09-28,357.926,366.432,354.548,355.159,14258455166
2020-09-29,354.363,360.353,352.147,359.757,11600013236
2020-09-30,360.039,361.179,353.328,359.938,11818610610
2020-10-01,360.309,369.264,346.477,353.206,14679481911
2020-10-02,352.95,354.115,336.467,346.239,14215390463
2020-10-03,346.219,351.308,344.667,346.522,10060167889
2020-10-04,346.602,354.046,345.131,352.579,10696959020
2020-10-05,352.737,355.214,349.68,353.957,11809507622
2020-10-06,353.956,354.989,338.003,340.816,12830796112
2020-10-07,340.943,342.451,334.546,341.809,11929918060
2020-10-08,342.045,352.211,335.647,350.766,13461017711
2020-10-09,351.113,368.31,348.206,365.59,13043501763
2020-10-10,365.402,378.267,365.354,370.968,13618484324
2020-10-11,370.928,377.247,369.828,375.142,12584512533
2020-10-12,374.799,395.122,366.642,387.731,15867455424
2020-10-13,387.143,387.376,375.582,381.191,14226744838
2020-10-14,381.971,387.296,374.175,379.484,13918846567
2020-10-15,379.192,381.209,371.354,377.442,14964182545
2020-10-16,377.868,380.022,362.597,366.229,14670784817
2020-10-17,366.016,369.768,364.489,368.856,10951115359
2020-10-18,368.728,378.598,368.129,378.214,11047103109
2020-10-19,378.47,383.318,373.702,379.936,12811242092
2020-10-20,379.72,380.761,367.601,369.137,13741586582
2020-10-21,369.059,400.627,368.728,392.19,20241324322
2020-10-22,391.489,420.142,391.276,413.773,15772846485
2020-10-23,414.051,418.96,403.082,409.767,14256222052
2020-10-24,409.767,416.6,407.852,412.458,12201739194
2020-10-25,412.458,417.159,405.351,406.218,10890207469
2020-10-26,406.218,411.28,383.783,393.888,15155684229
2020-10-27,393.888,409.773,390.608,403.997,13940434102
2020-10-28,403.997,408.965,381.146,388.651,15276441134
2020-10-29,388.651,393.228,381.289,386.73,12920477749
2020-10-30,386.73,391.465,375.092,382.82,13688056970
2020-10-31,382.82,393.01,381.295,386.59,11276963426
2020-11-01,386.59,397.116,385.166,396.358,10475146018
2020-11-02,396.356,403.241,381.018,383.157,13997574252
2020-11-03,383.156,389.515,371.313,387.602,12588494762
2020-11-04,387.603,407.666,377.828,402.142,15126077675
2020-11-05,402.143,417.526,397.246,414.067,15440711038
2020-11-06,414.067,456.201,412.982,454.719,16738305610
2020-11-07,454.723,465.675,428.456,435.713,18873289788
2020-11-08,435.719,457.78,433.154,453.555,11292383601
2020-11-09,453.574,457.35,435.164,444.163,13704320630
2020-11-10,444.166,453.758,439.6,449.68,12090381666
2020-11-11,449.68,473.579,449.525,462.961,14075403511
2020-11-12,462.96,467.678,452.072,461.005,12877327234
2020-11-13,461.005,475.217,457.298,474.626,13191505725
2020-11-14,474.626,475.161,452.986,460.15,10312037942
2020-11-15,460.15,460.994,440.254,447.559,10308617165
2020-11-16,447.559,463.831,445.502,459.94,11441239444
2020-11-17,464.407,482.232,460.777,480.36,14593057877
2020-11-18,480.347,492,465.831,479.484,17880199224
2020-11-19,479.481,480.122,465.704,471.63,12473929218
2020-11-20,471.631,513.61,471.631,509.745,18629943296
2020-11-21,509.745,550.227,504.238,549.487,20757099184
2020-11-22,549.487,579.372,514.517,558.068,21967049601
2020-11-23,558.06,609.988,551.265,608.454,27272302872
2020-11-24,608.523,621.173,593.835,603.898,23281758100
2020-11-25,603.902,605.094,559.671,570.687,20088492893
2020-11-26,570.515,575.641,485.497,518.801,31104004592
2020-11-27,519.108,530.777,497.243,517.494,16831105703
2020-11-28,517.597,548.045,508.125,538.23,14770243833
2020-11-29,538.265,576.602,531.988,575.758,15017517758
2020-11-30,575.757,615.241,571.538,614.843,20276867833
2020-12-01,615.07,635.161,571.754,587.324,27178964465
2020-12-02,587.262,604.022,578.741,598.352,16883292129
2020-12-03,598.459,622.453,588.346,616.709,16146190946
2020-12-04,616.723,618.983,569.284,569.354,16337589997
2020-12-05,569.348,596.595,563.107,596.595,13498010566
2020-12-06,596.569,606.792,584.412,601.909,11290893016
2020-12-07,601.797,602.918,585.429,591.843,10720480962
2020-12-08,591.901,594.752,552.469,554.828,14398919320
2020-12-09,554.793,577.288,532.998,573.479,15855915840
2020-12-10,573.504,574.6,549.784,559.679,11672582040
2020-12-11,559.679,560.377,537.812,545.797,11098819124
2020-12-12,545.579,573.339,545.246,568.567,8534557897
2020-12-13,568.61,593.781,564.566,589.663,9070377862
2020-12-14,589.782,590.493,577.118,586.011,8125837102
2020-12-15,586.022,596.248,580.629,589.356,9326645840
2020-12-16,589.379,636.64,582.039,636.182,15817248373
2020-12-17,636.154,673.834,628.749,642.869,25479532147
2020-12-18,642.917,662.699,632.356,654.812,15756303983
2020-12-19,654.624,668.77,646.616,659.298,12830893778
2020-12-20,659.185,659.924,625.014,638.291,13375855442
2020-12-21,638.315,646.847,600.836,609.818,14419493621
2020-12-22,609.421,635.077,589.552,634.854,14745890080
2020-12-23,634.825,637.123,560.364,583.715,15261413038
2020-12-24,584.136,613.815,568.596,611.607,14317413703
2020-12-25,611.555,633.061,605.424,626.411,13520927700
2020-12-26,626.498,650.721,617.402,635.836,14761125202
2020-12-27,635.887,711.394,628.335,682.642,26093552821
2020-12-28,683.206,745.878,683.206,730.397,24222565862
2020-12-29,730.359,737.953,692.149,731.52,18710683199
2020-12-30,731.473,754.303,720.989,751.619,17294574210
2020-12-31,751.627,754.299,726.512,737.803,13926846861
2021-01-01,737.708,749.202,719.792,730.368,13652004358
2021-01-02,730.403,786.798,718.109,774.535,19740771179
2021-01-03,774.512,1006.57,771.562,975.508,45200463368
2021-01-04,977.059,1153.19,912.305,1040.23,56945985763
2021-01-05,1041.5,1129.37,986.811,1100.01,41535932781
2021-01-06,1101.01,1209.43,1064.23,1207.11,44699914188
2021-01-07,1208.08,1282.58,1167.44,1225.68,40468027280
2021-01-08,1225.97,1273.83,1076.08,1224.2,44334826666
2021-01-09,1223.74,1303.87,1182.27,1281.08,33233105361
2021-01-10,1280.87,1347.93,1194.72,1262.25,40616938053
2021-01-11,1261.62,1261.62,924.923,1090.15,60733630300
2021-01-12,1088.53,1149.24,1012.76,1043.43,37494601692
2021-01-13,1043.74,1134.34,994.549,1130.74,30109792795
2021-01-14,1130.23,1244.16,1093.06,1218.45,33410915929
2021-01-15,1221.88,1250.51,1090.72,1171.83,35972039310
2021-01-16,1171.44,1290.05,1157.62,1233.54,32319240157
2021-01-17,1233.45,1265.64,1174.39,1230.17,29258032819
2021-01-18,1230.31,1259.45,1187.31,1257.28,25817455560
2021-01-19,1257.43,1432.3,1254.52,1377.3,47195935190
2021-01-20,1375.25,1405.74,1243.3,1382.27,46784030909
2021-01-21,1382.68,1382.68,1098.48,1121.57,45932464754
2021-01-22,1118.89,1271.69,1046.6,1236.51,43918338506
2021-01-23,1235.27,1272.15,1200.89,1230.99,27253895441
2021-01-24,1231.21,1395.11,1225.27,1391.61,36418163554
2021-01-25,1390.64,1467.78,1304.97,1324.41,43565777745
2021-01-26,1323.74,1376.09,1253.34,1357.06,41572917750
2021-01-27,1358.33,1368.07,1215.31,1253.19,39394416990
2021-01-28,1251.28,1356.29,1226.17,1332.49,34637234789
2021-01-29,1369.09,1428.98,1292.24,1382.52,53611955259
2021-01-30,1382.23,1402.4,1328.53,1376.12,30616574234
2021-01-31,1376.82,1378.92,1288.5,1314.99,25198853581
2021-02-01,1314.86,1373.85,1274.36,1369.04,29210670920
2021-02-02,1369.51,1542.99,1362.77,1515.19,45437142801
2021-02-03,1514.77,1660.91,1510.01,1660.91,41874566399
2021-02-04,1661.17,1689.19,1561.85,1594.76,44396871836
2021-02-05,1594.79,1756.51,1594.79,1718.65,40108628454
2021-02-06,1717.8,1738.31,1649.07,1677.85,39873420648
2021-02-07,1677.61,1690.04,1501.75,1614.23,39889440151
2021-02-08,1613.64,1770.59,1571.58,1746.62,48012285956
2021-02-09,1746.93,1815.96,1711.62,1768.04,44180727529
2021-02-10,1768.04,1826.7,1686.54,1744.24,41916084617
2021-02-11,1743.71,1806.54,1708.68,1783.8,36021495262
2021-02-12,1783.49,1861.36,1744.17,1843.53,37905036865
2021-02-13,1843.99,1871.6,1770.61,1814.11,35359490535
2021-02-14,1814.37,1848.15,1789.91,1805.08,31439114900
2021-02-15,1804.68,1833.83,1683.91,1779.79,38955610883
2021-02-16,1778.95,1824.52,1729.64,1781.07,34269369268
2021-02-17,1781.35,1853.67,1736.71,1848.46,35955412703
2021-02-18,1848.21,1949.9,1848.21,1937.45,28255902969
2021-02-19,1938.86,1969.55,1896.68,1960.16,26268814253
2021-02-20,1959.9,2036.29,1830.53,1919.53,34696091102
2021-02-21,1918.67,1974.26,1890.37,1935.6,23626547717
2021-02-22,1935.56,1936.45,1580.63,1781.99,42409646036
2021-02-23,1781.41,1781.41,1378.84,1570.2,52029864713
2021-02-24,1571.48,1710.98,1511.02,1626.58,31329000537
2021-02-25,1625.39,1670.22,1465.06,1475.7,24481681873
2021-02-26,1478.65,1559.03,1407.98,1446.03,31435997881
2021-02-27,1446.93,1524.93,1433.79,1459.97,20742103233
2021-02-28,1459.86,1468.39,1300.47,1416.05,27637026080
2021-03-01,1417.15,1567.69,1416.42,1564.71,24032838645
2021-03-02,1564.06,1597.61,1461.33,1492.61,22523669722
2021-03-03,1491.45,1650.36,1481.91,1575.85,22674780680
2021-03-04,1574.62,1622.95,1511.1,1541.91,22906118718
2021-03-05,1541.54,1547.88,1450.89,1533.28,21067146937
2021-03-06,1532.37,1669.11,1519.14,1654.74,22746262366
2021-03-07,1655.39,1730.92,1636.56,1723.15,23809935410
2021-03-08,1724.23,1835.19,1670.94,1834.73,27630991158
2021-03-09,1835.15,1868.05,1804.27,1868.05,23461244507
2021-03-10,1868.49,1873.8,1766.49,1799.17,25154173185
2021-03-11,1798.03,1843.82,1734.62,1826.19,24013132909
2021-03-12,1826.55,1839.5,1728.98,1772.1,22435821312
2021-03-13,1772.17,1937.65,1733.64,1924.69,25014689475
2021-03-14,1923.86,1930.78,1845.12,1854.56,19344589211
2021-03-15,1854.09,1889.2,1749.61,1791.7,26244738810
2021-03-16,1792.41,1817.06,1720.05,1806.97,23828509590
2021-03-17,1807.06,1839.82,1749.18,1823.45,24512917348
2021-03-18,1823.16,1848.65,1705.72,1782.86,23263845504
2021-03-19,1782.57,1841.2,1746.47,1817.62,21249297710
2021-03-20,1817.52,1874.71,1811.73,1812.63,22677674970
2021-03-21,1812.61,1823.35,1764.14,1788.22,22977404620
2021-03-22,1788.36,1811.97,1674.3,1691.33,23599296129
2021-03-23,1690.87,1725.11,1662.54,1678.65,21998237965
2021-03-24,1678,1740.43,1570.79,1593.41,31228051473
2021-03-25,1593.12,1625.91,1560.37,1595.36,29650328701
2021-03-26,1595.21,1702.92,1594.74,1702.84,22548516548
2021-03-27,1703.04,1732.82,1674.32,1716.49,18102277710
2021-03-28,1716.41,1728.58,1672.66,1691.36,16599472938
2021-03-29,1691.26,1837.19,1683.72,1819.68,22796570548
2021-03-30,1819.47,1860.97,1793.92,1846.03,22512781703
2021-03-31,1846.1,1947.84,1793,1918.36,30226902621
2021-04-01,1919.16,1989.06,1912.18,1977.28,30914259795
2021-04-02,1976.93,2152.45,1960.68,2143.23,34862511022
2021-04-03,2142.9,2144.96,2028.42,2028.42,32011518871
2021-04-04,2027.67,2110.35,2007.11,2093.12,26006501902
2021-04-05,2093.26,2140.99,2032.39,2107.89,28889391170
2021-04-06,2109.49,2151.22,2057.61,2118.38,29222865881
2021-04-07,2117.73,2133.19,1945.44,1971.08,36116271935
2021-04-08,1969.13,2091.52,1959.08,2088.57,25312956529
2021-04-09,2088.77,2102.87,2055.16,2072.11,19812472092
2021-04-10,2071.11,2197,2062.79,2135.94,24986243611
2021-04-11,2136.16,2165.19,2119.87,2157.66,19692836132
2021-04-12,2157.36,2199.72,2110.37,2139.35,21727936609
2021-04-13,2139.36,2318.42,2138.56,2299.19,29456642939
2021-04-14,2299.35,2449.69,2284.56,2435.1,35592822986
2021-04-15,2436.03,2544.27,2409.92,2519.12,32325606817
2021-04-16,2516.6,2547.56,2318.68,2431.95,36196928256
2021-04-17,2429.98,2497.39,2333.68,2344.9,32349808978
2021-04-18,2346.45,2365.46,2011.77,2237.14,50696368718
2021-04-19,2238.03,2276.78,2086.69,2166.19,34060654971
2021-04-20,2161.94,2345.83,2060.14,2330.21,39433483315
2021-04-21,2331.16,2467.2,2238.37,2364.75,38899067643
2021-04-22,2357.87,2641.09,2315.96,2403.54,53575904724
2021-04-23,2401.26,2439.54,2117.04,2363.59,55413933925
2021-04-24,2367.2,2367.74,2163.69,2211.63,31854226936
2021-04-25,2214.41,2354.09,2172.52,2316.06,31814355546
2021-04-26,2319.48,2536.34,2308.32,2534.48,35208325408
2021-04-27,2534.03,2676.39,2485.38,2662.87,32275969215
2021-04-28,2664.69,2757.48,2564.08,2746.38,34269031076
2021-04-29,2748.65,2797.97,2672.11,2756.88,32578127990
2021-04-30,2757.73,2796.05,2728.17,2773.21,29777179889
2021-05-01,2772.84,2951.44,2755.91,2945.89,28726205272
2021-05-02,2945.56,2984.89,2860.53,2952.06,28032013047
2021-05-03,2951.18,3450.04,2951.18,3431.09,49174290212
2021-05-04,3431.13,3523.59,3180.74,3253.63,62402045158
2021-05-05,3240.55,3541.46,3213.1,3522.78,48334198383
2021-05-06,3524.93,3598.9,3386.24,3490.88,44300394788
2021-05-07,3490.11,3573.29,3370.26,3484.73,39607240515
2021-05-08,3481.99,3950.17,3453.77,3902.65,50208491286
2021-05-09,3911.46,3981.26,3743.99,3928.84,50568290278
2021-05-10,3924.41,4197.47,3684.45,3952.29,62691789007
2021-05-11,3948.27,4178.21,3783.89,4168.7,52679737865
2021-05-12,4174.64,4362.35,3785.85,3785.85,69023382175
2021-05-13,3828.92,4032.56,3549.41,3715.15,78398214539
2021-05-14,3720.12,4171.02,3703.4,4079.06,48174271215
2021-05-15,4075.95,4129.19,3638.12,3638.12,42422321751
2021-05-16,3641.83,3878.9,3350.95,3587.51,47359478734
2021-05-17,3581.34,3587.77,3129.01,3282.4,54061732774
2021-05-18,3276.87,3562.47,3246.4,3380.07,40416525218
2021-05-19,3382.66,3437.94,1952.46,2460.68,84482912776
2021-05-20,2439.64,2993.15,2170.23,2784.29,67610826680
2021-05-21,2772.34,2938.21,2113.35,2430.62,53774070802
2021-05-22,2436.01,2483.98,2168.12,2295.71,42089937660
2021-05-23,2298.37,2384.41,1737.47,2109.58,56005721977
2021-05-24,2099.94,2672.6,2090.64,2643.59,53697121740
2021-05-25,2649.03,2750.53,2394.36,2706.63,49558333256
2021-05-26,2707.05,2911.74,2652.09,2888.7,42499766020
2021-05-27,2888.75,2888.75,2642.61,2736.49,33373635283
2021-05-28,2742.47,2761.36,2336.36,2419.91,39999114805
2021-05-29,2414.07,2566.94,2208.49,2279.51,33773720220
2021-05-30,2278.29,2472.19,2188.83,2390.31,25876619428
2021-05-31,2387.2,2715.85,2279.51,2714.95,31007383150
2021-06-01,2707.56,2739.74,2531.16,2633.52,27363223090
2021-06-02,2634.46,2801.39,2555.4,2706.12,27723267359
2021-06-03,2708.38,2891.25,2667.68,2855.13,30038207402
2021-06-04,2857.17,2857.17,2562.64,2688.2,34173841611
2021-06-05,2691.62,2817.48,2558.23,2630.58,30496672724
2021-06-06,2629.75,2743.44,2616.16,2715.09,25311639414
2021-06-07,2713.05,2845.19,2584,2590.26,30600111277
2021-06-08,2594.6,2620.85,2315.55,2517.44,41909736778
2021-06-09,2510.2,2625.07,2412.2,2608.27,36075832186
2021-06-10,2611.14,2619.96,2435.4,2471.52,28753626390
2021-06-11,2472.86,2495.41,2326.87,2353.77,24832564195
2021-06-12,2354.75,2447.23,2265.76,2372.48,25724364410
2021-06-13,2372.69,2547.37,2312.64,2508.39,27092945370
2021-06-14,2508.77,2606.43,2469.39,2537.89,26964576331
2021-06-15,2587.76,2639.23,2515.15,2610.94,29005279219
2021-06-16,2544.86,2554.63,2354.35,2367.66,24101926180
2021-06-17,2367.31,2457.18,2312.3,2372,21871633186
2021-06-18,2374.59,2377.2,2147.31,2231.73,22752818388
2021-06-19,2235.16,2278.42,2168.89,2178.5,18765854896
2021-06-20,2171.34,2275.38,2049.96,2246.36,22535930423
2021-06-21,2245.32,2259.46,1867.19,1888.45,33745173825
2021-06-22,1886.67,1993.16,1707.6,1874.95,35547251725
2021-06-23,1878.62,2043.53,1827.57,1989.74,28408659206
2021-06-24,1968.96,2032.34,1887.43,1988.46,20272845769
2021-06-25,1989.22,2017.76,1794.4,1813.22,22774334998
2021-06-26,1810.88,1850.18,1719.56,1829.24,20637542361
2021-06-27,1831,1979.96,1811.25,1978.89,19885474742
2021-06-28,1981.39,2139.81,1963.62,2079.66,25514602841
2021-06-29,2083.45,2242.24,2076.24,2160.77,24815124419
2021-06-30,2164.22,2282.99,2090.76,2274.55,25828056268
2021-07-01,2274.4,2274.4,2081.08,2113.61,29061701793
2021-07-02,2109.89,2155.6,2021.82,2150.04,31796212554
2021-07-03,2150.83,2237.57,2117.59,2226.11,17433361641
2021-07-04,2226.55,2384.29,2190.84,2321.72,18787107473
2021-07-05,2321.92,2321.92,2163.04,2198.58,20103794829
2021-07-06,2197.92,2346.29,2197.92,2324.68,20891861314
2021-07-07,2323.21,2403.77,2298.03,2315.16,22398345285
2021-07-08,2317.95,2324.01,2089.41,2120.03,23188123689
2021-07-09,2115.57,2185.38,2051.07,2146.69,23029574602
2021-07-10,2147,2190.12,2081.92,2111.4,17581542471
2021-07-11,2110.88,2172.65,2083.8,2139.66,14705386138
2021-07-12,2140.51,2167.71,2011.02,2036.72,17768129077
2021-07-13,2034.1,2040.69,1922.58,1940.08,16621628658
2021-07-14,1941.17,2015.11,1869.22,1994.33,17342819679
2021-07-15,1994.71,2037.74,1883.27,1911.18,15688092552
2021-07-16,1916.6,1959.7,1853.59,1880.38,14884569147
2021-07-17,1876.88,1917.6,1855.59,1898.83,13364282076
2021-07-18,1900.19,1988.34,1883.01,1895.55,13791868728
2021-07-19,1893.05,1916.12,1807.91,1817.3,14157735481
2021-07-20,1819.08,1837,1722.05,1787.51,17368597636
2021-07-21,1786.28,2025.68,1759.02,1990.97,21253359756
2021-07-22,1994.82,2044.12,1954.3,2025.2,17495480331
2021-07-23,2025.11,2129.44,2000.44,2124.78,16200392492
2021-07-24,2123.96,2197.65,2107.32,2189.22,16057446601
2021-07-25,2187.15,2194.44,2108.83,2191.37,14566483636
2021-07-26,2191.31,2428.82,2177.33,2233.37,29614324233
2021-07-27,2230.2,2316.95,2154.73,2298.33,23067480378
2021-07-28,2302.08,2341.78,2250.91,2296.55,18991302378
2021-07-29,2299.01,2396.45,2273.4,2380.96,16313373113
2021-07-30,2382.55,2469.7,2322.34,2466.96,20212848934
2021-07-31,2461.58,2551.16,2423.82,2536.21,18001710283
2021-08-01,2530.46,2695.43,2520.93,2561.85,22697987055
2021-08-02,2557.77,2665.73,2511.38,2610.15,22162754104
2021-08-03,2609.41,2630.31,2449.35,2502.35,22696753413
2021-08-04,2508.54,2764.44,2463.47,2724.62,25038698173
2021-08-05,2725.67,2840.43,2540.68,2827.33,31057928075
2021-08-06,2827.5,2944.9,2727.79,2890.94,26528577879
2021-08-07,2891.71,3170.23,2868.54,3157.24,33081467129
2021-08-08,3161.23,3184.6,2951.75,3013.73,28433638008
2021-08-09,3012.89,3185.7,2900.93,3167.86,31983260936
2021-08-10,3163.05,3228.94,3059.23,3141.69,27605221710
2021-08-11,3142.83,3269.21,3122.92,3164.25,26729035052
2021-08-12,3164.18,3236.31,2984.17,3043.41,25403699845
2021-08-13,3049,3324.67,3037.68,3322.21,23868866254
2021-08-14,3322.76,3329.28,3214.52,3265.44,19860862133
2021-08-15,3266.28,3320.08,3117.79,3310.5,22166205051
2021-08-16,3309.42,3333.99,3139.78,3156.51,23080039949
2021-08-17,3149.38,3288.81,2996.47,3014.85,25509056745
2021-08-18,3011.96,3124.98,2959.03,3020.09,21539248425
2021-08-19,3019.13,3184.44,2963.15,3182.7,19546290360
2021-08-20,3182.16,3298.25,3178.1,3286.94,20885619828
2021-08-21,3286.93,3307.35,3209.87,3226.08,18113977628
2021-08-22,3226.23,3272.73,3142.01,3242.12,15983278460
2021-08-23,3241.36,3373.38,3235.85,3319.26,20511110509
2021-08-24,3324.86,3358.69,3154.12,3172.46,20131028906
2021-08-25,3174.27,3248.73,3086.11,3224.92,18902728235
2021-08-26,3228.75,3249.66,3060.23,3100.33,17405668117
2021-08-27,3096.41,3281.84,3064.49,3270.6,18489602004
2021-08-28,3275.1,3284.85,3217.4,3244.4,13709633698
2021-08-29,3246.77,3283.24,3158.84,3227,13296586731
2021-08-30,3227.19,3346.58,3151.44,3224.37,19306924485
2021-08-31,3227.76,3466.99,3195.22,3433.73,27280502987
2021-09-01,3430.76,3836.87,3387.41,3834.83,30070890104
2021-09-02,3825.03,3830.71,3726.75,3790.99,24387397330
2021-09-03,3787.49,4022.47,3712.68,3940.61,26207765094
2021-09-04,3937.91,3969.45,3837.93,3887.83,20806963328
2021-09-05,3886.33,3979.19,3838.49,3952.13,18371468576
2021-09-06,3951.52,3968.43,3868.99,3928.38,18674691198
2021-09-07,3926.53,3945.31,3062.22,3426.39,39131346397
2021-09-08,3428.38,3559.12,3224.76,3497.32,31738430771
2021-09-09,3452.55,3562.99,3400.52,3427.34,24118055831
2021-09-10,3425.56,3512.57,3157.06,3211.51,22355974097
2021-09-11,3209.03,3346.53,3208.96,3270.28,18627122934
2021-09-12,3270.29,3462.47,3235.11,3410.13,16810411424
2021-09-13,3407.47,3426.5,3121.51,3285.51,22721552948
2021-09-14,3286.32,3429.17,3273.63,3429.17,19125420848
2021-09-15,3431.22,3615.28,3365.91,3615.28,17548551804
2021-09-16,3613.07,3673.31,3489.81,3571.29,20093903064
2021-09-17,3569.57,3589.31,3356.45,3398.54,17722363229
2021-09-18,3397.42,3540.81,3371.89,3432.02,15995220233
2021-09-19,3433.29,3448.32,3286.17,3329.45,14257609743
2021-09-20,3329.67,3343.33,2940.84,2958.99,27371684581
2021-09-21,2977.31,3101.7,2676.41,2764.43,30405062665
2021-09-22,2763.21,3089.08,2741.44,3077.87,23742102645
2021-09-23,3077.97,3173.54,3038.1,3155.52,18516291047
2021-09-24,3154.56,3159.64,2747.34,2931.67,25595422789
2021-09-25,2930.88,2968.99,2818.97,2925.57,18932786754
2021-09-26,2926.34,3114.86,2744.58,3062.27,21172766310
2021-09-27,3065.84,3163.67,2932.69,2934.14,19164053681
2021-09-28,2928.96,2970.77,2793.36,2807.3,16895079070
2021-09-29,2809.3,2946.88,2786.99,2853.14,15763456158
2021-09-30,2852.56,3046.52,2840.29,3001.68,17661065099
2021-10-01,3001.13,3329.85,2978.65,3307.52,22307625573
2021-10-02,3308.87,3464.84,3260.03,3391.69,19202671704
2021-10-03,3390.77,3484.61,3348.12,3418.36,15516566862
2021-10-04,3418.78,3434.78,3283.45,3380.09,17747154101
2021-10-05,3381.78,3541.45,3365.82,3518.52,16632591670
2021-10-06,3516.57,3622.55,3354.47,3580.56,21855226591
2021-10-07,3576.81,3650.01,3479.91,3587.97,19090322927
2021-10-08,3587.83,3667.96,3547.83,3563.76,16222029488
2021-10-09,3560,3628.24,3544.64,3575.72,12707036942
2021-10-10,3575.02,3603.24,3414.97,3425.85,16171746693
2021-10-11,3419.73,3622.29,3385.76,3545.35,18579189588
2021-10-12,3546.48,3546.48,3407.34,3492.57,18109578443
2021-10-13,3492.75,3607.74,3417.6,3606.2,16211275589
2021-10-14,3604.96,3819.26,3590.28,3786.01,19443499909
2021-10-15,3790.15,3895.47,3735.36,3862.63,20966841512
2021-10-16,3865.67,3962.45,3805.89,3830.38,16578095629
2021-10-17,3829.86,3914.9,3660.72,3847.1,15908090346
2021-10-18,3847.73,3888.21,3686.75,3748.76,17386204158
2021-10-19,3747.16,3883.93,3736.78,3877.65,15998757133
2021-10-20,3877.73,4167.47,3833.29,4155.99,20338319988
2021-10-21,4161.71,4366.09,4032.48,4054.32,28220661820
2021-10-22,4055.69,4162.98,3908.34,3970.18,19432937968
2021-10-23,3971.36,4171.66,3944.63,4171.66,14781537792
2021-10-24,4171.86,4185.73,3967.12,4087.9,14978083638
2021-10-25,4084.43,4236.67,4072.03,4217.88,15995727040
2021-10-26,4217.34,4289.13,4106.82,4131.1,17157714562
2021-10-27,4132.17,4299.15,3930.26,3930.26,26219530404
2021-10-28,3924.82,4293.15,3905.71,4287.32,25958154575
2021-10-29,4288.69,4455.74,4271.71,4414.75,22967641914
2021-10-30,4414.24,4426.85,4252.49,4325.65,14615490626
2021-10-31,4322.74,4394.45,4179.02,4288.07,17498160238
2021-11-01,4288.22,4377.32,4160.97,4324.63,17985288261
2021-11-02,4322.5,4599.95,4288.69,4584.8,20794448222
2021-11-03,4589.68,4664.91,4462.98,4607.19,21220463155
2021-11-04,4604.68,4606.52,4426.62,4537.32,18415244464
2021-11-05,4537.42,4570.9,4447.49,4486.24,15086003586
2021-11-06,4482.65,4531,4334.97,4521.58,14429076700
2021-11-07,4523.98,4640.92,4510.98,4620.55,13541376033
2021-11-08,4619.65,4822.36,4619.65,4812.09,19290896267
2021-11-09,4810.07,4837.59,4718.04,4735.07,20834172627
2021-11-10,4733.36,4859.5,4485.09,4636.17,22748160545
2021-11-11,4635.45,4778.06,4580.99,4730.38,17933201129
2021-11-12,4724.31,4808.74,4510.92,4667.12,18316060208
2021-11-13,4666.72,4702.12,4582.18,4651.46,14457436261
2021-11-14,4648.63,4689.84,4516.94,4626.36,12172962219
2021-11-15,4627.09,4764.64,4546.6,4557.5,16275851299
2021-11-16,4570.48,4891.7,4144.33,4216.37,27417502801
2021-11-17,4213.91,4300.31,4107.13,4287.59,22183461850
2021-11-18,4287.8,4343.56,3959.23,4000.65,21383250893
2021-11-19,3995.73,4311.71,3982.92,4298.31,20626269711
2021-11-20,4298.35,4434.39,4209.24,4409.93,15448261277
2021-11-21,4412.2,4422.49,4255.46,4269.73,14094831413
2021-11-22,4266.51,4302.02,4033.57,4088.46,19752218877
2021-11-23,4089.68,4385.48,4069.77,4340.76,22133497059
2021-11-24,4340.04,4376.88,4176.18,4239.98,21838037128
2021-11-25,4271.39,4550.52,4249.77,4274.74,18705358318
2021-11-26,4522.21,4550.84,3933.51,4030.91,26281795488
2021-11-27,4043,4187.68,4033.51,4096.91,16515693874
2021-11-28,4101.65,4297.92,3989.97,4294.45,15953126340
2021-11-29,4296.95,4460.85,4284.5,4445.1,19086475837
2021-11-30,4447.77,4753.27,4358.07,4631.48,28626354111
2021-12-01,4623.68,4780.73,4530.27,4586.99,27634826695
2021-12-02,4586.33,4628.92,4441.51,4511.3,21502671027
2021-12-03,4514.36,4647.29,4100.15,4220.71,25879591528
2021-12-04,4227.76,4242.73,3525.49,4119.59,38478999182
2021-12-05,4119.63,4246.92,4040.22,4198.32,25533062707
2021-12-06,4199,4375.52,3930.81,4358.74,28229518513
2021-12-07,4358.59,4428.59,4264.32,4315.06,22366213354
2021-12-08,4311.67,4453.11,4234.54,4439.36,18704315119
2021-12-09,4433.02,4482.31,4078.84,4119.82,22296131874
2021-12-10,4113.59,4227.11,3897.77,3908.5,28014595631
2021-12-11,3909.67,4095.65,3846.05,4084.45,19131502454
2021-12-12,4084.81,4173.61,3993.06,4134.45,14057603914
2021-12-13,4136.36,4145.96,3680.61,3784.23,23999841386
2021-12-14,3782.82,3866.63,3700.1,3745.44,23836759957
2021-12-15,3862.25,4086.37,3664.72,4018.39,26411188833
2021-12-16,4020.42,4110.37,3956.06,3962.47,19825531254
2021-12-17,3959.01,3992.79,3711.42,3879.49,23143541098
2021-12-18,3880.29,3993.83,3774.61,3960.86,19530895889
2021-12-19,3960.87,4018.66,3894.4,3922.59,16167785597
2021-12-20,3923.7,3980.1,3759.4,3933.84,21589690675
2021-12-21,3938.46,4058.82,3918.84,4020.26,16388555198
2021-12-22,4018.7,4073.79,3947.69,3982.1,13921756199
2021-12-23,3981.96,4149.03,3897.23,4108.02,18007273742
2021-12-24,4111.35,4134.11,4029.06,4047.98,12769090623
2021-12-25,4049.78,4138.56,4027.93,4093.28,10894785525
2021-12-26,4094.15,4105.02,4013.03,4067.33,11197244172
2021-12-27,4064.75,4126,4033.49,4037.55,11424360002
2021-12-28,4037.54,4037.54,3769.28,3800.89,17299472803
2021-12-29,3797.44,3827.98,3612.8,3628.53,15722555672
2021-12-30,3632.22,3767.56,3595.2,3713.85,12925377999
2021-12-31,3713.43,3807.29,3636.87,3682.63,14157285268
2022-01-01,3683.05,3769.92,3682.29,3769.7,9776191466
2022-01-02,3769.3,3836.16,3727.36,3829.56,9881471548
2022-01-03,3829.54,3836.2,3698.05,3761.38,12080777893
2022-01-04,3761.36,3876.79,3723.35,3794.06,14030925983
2022-01-05,3794.27,3842.06,3456.75,3550.39,18061338502
2022-01-06,3549.71,3549.71,3335.38,3418.41,24293791313
2022-01-07,3417.84,3420.46,3117.38,3193.21,24494179209
2022-01-08,3193.5,3240.3,3020.88,3091.97,16037732700
2022-01-09,3091.7,3206.79,3075.91,3157.75,12334683863
2022-01-10,3157.57,3177.21,2947.68,3083.1,19535744145
2022-01-11,3082.99,3247.51,3061.14,3238.11,15211447193
2022-01-12,3238.45,3401.22,3216.72,3372.26,16662871689
2022-01-13,3372.1,3396.97,3247.92,3248.29,15294466275
2022-01-14,3248.65,3330.77,3203.82,3310,13562957230
2022-01-15,3309.84,3364.54,3278.67,3330.53,9619999078
2022-01-16,3330.39,3376.4,3291.56,3350.92,9505934874
2022-01-17,3350.95,3355.82,3157.22,3212.3,12344309617
2022-01-18,3212.29,3236.02,3096.12,3164.03,13024154091
2022-01-19,3163.85,3171.16,3055.21,3095.83,13187424144
2022-01-20,3095.27,3265.34,3000.91,3001.12,10645922764
2022-01-21,3002.96,3029.08,2496.81,2557.93,26796291874
2022-01-22,2561.15,2615.25,2330.25,2405.18,27369692036
2022-01-23,2406.92,2542.14,2381.52,2535.04,16481489511
2022-01-24,2535.89,2537.21,2172.3,2440.35,28220804648
2022-01-25,2440.39,2498.51,2359.38,2455.94,16179776932
2022-01-26,2455.58,2705.78,2417.68,2468.03,21229909340
2022-01-27,2467.19,2510.45,2328.45,2423,16126522783
2022-01-28,2421.65,2548.78,2367.83,2547.09,14666227351
2022-01-29,2546.59,2627.61,2526.99,2597.08,11172062661
2022-01-30,2598.56,2631.41,2550.46,2603.47,9501221177
2022-01-31,2603.26,2697.74,2489.07,2688.28,13778234614
2022-02-01,2687.9,2802.32,2682.62,2792.12,13194846235
2022-02-02,2791.96,2802.21,2630.12,2682.85,13876301217
2022-02-03,2682.23,2712.48,2587.78,2679.16,12755505065
2022-02-04,2681.06,2983.59,2675.44,2983.59,18987223729
2022-02-05,2984.45,3054.13,2966.78,3014.65,13102093957
2022-02-06,3014.96,3061.26,2965.43,3057.48,9466018022
2022-02-07,3057.42,3182.53,3002.93,3142.47,15197063785
2022-02-08,3143.01,3219.47,3038.38,3122.61,17136080906
2022-02-09,3121.18,3263.16,3063.16,3239.46,13951308490
2022-02-10,3240.11,3271.32,3070.38,3077.48,18629485080
2022-02-11,3077.41,3127.45,2888.71,2927.38,16043881065
2022-02-12,2927.39,2980.08,2870.18,2917.36,11254355757
2022-02-13,2916.79,2947.78,2845.4,2883.46,9054963563
2022-02-14,2880.19,2957.96,2840.26,2933.48,12164552172
2022-02-15,2933.73,3185.52,2917.86,3179.88,13921257873
2022-02-16,3180.45,3181.62,3055.17,3127.83,12352406833
2022-02-17,3126.86,3154.62,2861.85,2881.48,15860206214
2022-02-18,2884.34,2937.31,2761.64,2785.73,15748173433
2022-02-19,2784.87,2826.35,2707.38,2763.7,9774183169
2022-02-20,2763.76,2763.76,2585.95,2628.65,11641437834
2022-02-21,2627.67,2752.46,2568.25,2573.82,18646392740
2022-02-22,2572.9,2648.92,2510.68,2639.3,16360200507
2022-02-23,2639.45,2741.37,2587.41,2590.36,13382637240
2022-02-24,2588.17,2689.05,2308.91,2598.07,29312342666
2022-02-25,2598.44,2821.97,2579.21,2764.54,17208902048
2022-02-26,2764.99,2849.42,2745.01,2781.11,11724648351
2022-02-27,2780.5,2831.13,2581.62,2621.8,16150857254
2022-02-28,2621.17,2929.18,2586.39,2919.2,19266124733
2022-03-01,2919.78,3029.65,2868.94,2972.49,18757425786
2022-03-02,2972.47,3026.87,2919.94,2950.12,16636517503
2022-03-03,2950.16,2964.67,2797.32,2834.47,13091199728
2022-03-04,2834.99,2835.18,2587.75,2617.16,14496939024
2022-03-05,2618.47,2679.1,2596.99,2664.83,8072368396
2022-03-06,2664.94,2673.64,2555.04,2555.04,8872976607
2022-03-07,2555.3,2639.94,2455.59,2497.77,14594098731
2022-03-08,2497.72,2618.17,2489.76,2576.75,13922922903
2022-03-09,2577.17,2761.8,2573.66,2729.78,14173665398
2022-03-10,2729.12,2729.12,2566.19,2608.05,13292477213
2022-03-11,2608.27,2664.56,2534.69,2559.56,12382419582
2022-03-12,2559.66,2606.44,2559.13,2574.75,6532996574
2022-03-13,2573.49,2594.55,2503.89,2518.94,8632000379
2022-03-14,2518.49,2604.03,2505.3,2590.7,11244398839
2022-03-15,2590.67,2662.33,2515.77,2620.15,12861105614
2022-03-16,2620.03,2781.31,2610.76,2772.06,17915109769
2022-03-17,2771.96,2826.16,2751.56,2814.85,12685265194
2022-03-18,2814.43,2973.62,2774.86,2945.34,15830879093
2022-03-19,2944.72,2979.99,2910.8,2946.26,11576463120
2022-03-20,2946.55,2956.97,2826.11,2860.46,12684727326
2022-03-21,2860.1,2954.56,2838.25,2897.98,15206116098
2022-03-22,2897.77,3040.38,2892.54,2973.13,16830539230
2022-03-23,2973.15,3036.75,2933.31,3031.07,16008767658
2022-03-24,3031.06,3118.39,3012.33,3108.06,18070503166
2022-03-25,3108.45,3183.96,3087.49,3106.67,17030503831
2022-03-26,3106.41,3146.83,3091.83,3143.18,8876420740
2022-03-27,3143.8,3291.58,3130,3291.58,13431866834
2022-03-28,3292.32,3424.02,3279.03,3336.63,20620450770
2022-03-29,3335.02,3470.19,3335.02,3401.99,19533323636
2022-03-30,3401.53,3435.29,3349.24,3385.16,15302506131
2022-03-31,3385.29,3435.13,3272.93,3281.64,17685495686
2022-04-01,3282.58,3467.56,3223.89,3449.55,20982988937
2022-04-02,3449.79,3521.28,3442,3445.06,23571556215
2022-04-03,3444.81,3573.96,3421.26,3522.83,15333808649
2022-04-04,3522.36,3535.15,3422,3521.24,18209969743
2022-04-05,3521.24,3546.71,3410.55,3411.79,16681503199
2022-04-06,3411.67,3411.67,3171.21,3171.69,25632563639
2022-04-07,3172.2,3263.47,3155.58,3233.27,16745496605
2022-04-08,3233.27,3301.61,3179.14,3192.07,17557050669
2022-04-09,3191.98,3261.96,3187.47,3261.92,9908112156
2022-04-10,3261.29,3303,3211.87,3211.87,10427054790
2022-04-11,3209.58,3214.46,2962.76,2981.05,21891804831
2022-04-12,2981.42,3077.45,2957.87,3030.38,20235707410
2022-04-13,3029.88,3123.58,3006.48,3118.34,16088473629
2022-04-14,3117.82,3139.93,2988.44,3019.91,15821419931
2022-04-15,3020.13,3044.29,3001.12,3040.92,11256651536
2022-04-16,3041.12,3074.89,3016.42,3062.31,8766710365
2022-04-17,3061.88,3075.78,2989.04,2993.4,10463091281
2022-04-18,2993.48,3062.52,2893.91,3057.61,18629381299
2022-04-19,3057.57,3125.08,3035.54,3104.11,14156035096
2022-04-20,3103.94,3157.89,3045.29,3077.75,15547362265
2022-04-21,3077.83,3173.45,2962.41,2987.48,20783591093
2022-04-22,2986.94,3024.85,2942.36,2964.84,16782795477
2022-04-23,2964.8,2975.32,2926.74,2938.11,9116955609
2022-04-24,2937.35,2961.88,2922.13,2922.73,9696829579
2022-04-25,2922.99,3018.42,2804.51,3009.39,22332690614
2022-04-26,3008.95,3026.42,2786.25,2808.3,19052045399
2022-04-27,2808.65,2911.88,2802.27,2888.93,17419284041
2022-04-28,2888.85,2973.14,2861.82,2936.94,18443524633
2022-04-29,2936.78,2943.45,2782.44,2815.6,18771041399
2022-04-30,2815.53,2836.83,2727.41,2730.19,13520941867
2022-05-01,2729.99,2838.7,2728.08,2827.76,15332730152
2022-05-02,2827.61,2874.15,2785.52,2857.41,18609741545
2022-05-03,2857.15,2859.19,2762.12,2783.48,13026093219
2022-05-04,2783.13,2956.69,2779.27,2940.64,18186749944
2022-05-05,2940.23,2948.96,2704.92,2749.21,22642925048
2022-05-06,2748.93,2754.84,2645.34,2694.98,21027599270
2022-05-07,2694.99,2696.65,2599.52,2636.09,13369276367
2022-05-08,2636.12,2638.83,2498.43,2517.46,20802269935
2022-05-09,2518.51,2528.26,2238.06,2245.43,36333567678
2022-05-10,2242.65,2450.76,2206.76,2343.51,38202099639
2022-05-11,2342.75,2441.08,2018.86,2072.11,45743399154
2022-05-12,2072.5,2170.46,1748.3,1961.7,42463486402
2022-05-13,1960.12,2139.71,1941.98,2014.42,24816096567
2022-05-14,2014.28,2063.43,1956.57,2056.27,15457044616
2022-05-15,2056.18,2147.19,2008.16,2145.71,14846088335
2022-05-16,2145.84,2145.84,1988.81,2022.73,21459552191
2022-05-17,2022.88,2113.06,2015.97,2090.41,18509929297
2022-05-18,2090.46,2102.33,1916.66,1916.66,17740965589
2022-05-19,1916.15,2028.39,1907.02,2018.34,18734247914
2022-05-20,2018,2054.8,1926.68,1961.32,15892482289
2022-05-21,1961.02,1985.4,1944.27,1974.52,8546822406
2022-05-22,1974.67,2047.19,1966.04,2043.17,10941123403
2022-05-23,2042.34,2080.33,1964.39,1972.18,16434529708
2022-05-24,1972.39,1991.54,1920.69,1978.98,13057109007
2022-05-25,1978.68,2014.37,1943.94,1944.83,13364545730
2022-05-26,1945.03,1962.17,1759.2,1803.91,23458681818
2022-05-27,1802.54,1814.66,1721.26,1724.92,25470760032
2022-05-28,1724.64,1757.94,1724.64,1757.94,23214777872
2022-05-29,1792.18,1818.78,1765.94,1812.03,10642556101
2022-05-30,1811.89,2005.21,1804.46,1996.44,19580808705
2022-05-31,1996.41,2005.49,1932.35,1942.33,18363115560
2022-06-01,1942.05,1965.17,1776.05,1823.57,21037797760
2022-06-02,1822.41,1845.31,1789.66,1834.15,17065041354
2022-06-03,1834.14,1840.06,1746.51,1775.08,14878001811
2022-06-04,1775.22,1810.3,1751.53,1801.61,8677951273
2022-06-05,1801.82,1825.86,1777.13,1805.2,8850385937
2022-06-06,1805.64,1915.03,1804.99,1859.29,16518471852
2022-06-07,1859.33,1862.91,1729.41,1814.05,24020076750
2022-06-08,1814.1,1830.68,1770.23,1793.57,18041476023
2022-06-09,1793.51,1827.29,1779.87,1789.83,12013083393
2022-06-10,1789.69,1797.61,1663.43,1665.04,18504740451
2022-06-11,1665.22,1679.31,1507.04,1529.66,21127089064
2022-06-12,1530.19,1539.71,1436.18,1445.22,23465074882
2022-06-13,1443.84,1448.74,1181.95,1204.58,45162788786
2022-06-14,1204.56,1252.47,1094.7,1211.66,33327826525
2022-06-15,1211.37,1236.63,1025.68,1233.21,37539999450
2022-06-16,1233.6,1246.14,1058.78,1067.73,18907671369
2022-06-17,1067.99,1112.47,1060.87,1086.52,14591486540
2022-06-18,1086.38,1095.17,896.109,993.637,21655406608
2022-06-19,993.401,1142.34,943.116,1127.66,21795481981
2022-06-20,1127.66,1159.99,1066.11,1127.64,19739691429
2022-06-21,1127.51,1185.43,1112.57,1124.82,15632089439
2022-06-22,1125.37,1126.26,1049.76,1051.42,15010593493
2022-06-23,1051.33,1146.49,1050.22,1143.39,14657862919
2022-06-24,1143.2,1238.62,1134.51,1226.84,16981552654
2022-06-25,1226.72,1246.39,1184.56,1243.45,12481946184
2022-06-26,1242.99,1272.13,1199.41,1199.83,12096607824
2022-06-27,1199.71,1234.18,1179.79,1193.68,12492225250
2022-06-28,1193.25,1229.74,1141.16,1144.58,14023205651
2022-06-29,1144.52,1152.68,1092.1,1098.94,15386286815
2022-06-30,1099.35,1103.69,1009.09,1067.3,16350755497
2022-07-01,1068.32,1100.22,1040.15,1059.77,17499453625
2022-07-02,1060.12,1073.05,1033.96,1066.51,9935603640
2022-07-03,1066.47,1083.42,1044.01,1073.77,8557248150
2022-07-04,1073.79,1152.94,1048.4,1151.06,13670889311
2022-07-05,1150.51,1165.68,1086.83,1134.54,16195518291
2022-07-06,1134.82,1193.64,1116.25,1186.97,15373536703
2022-07-07,1186.96,1246.89,1165.62,1237.59,14230795894
2022-07-08,1237.58,1262.89,1200.63,1222.51,16315929082
2022-07-09,1222.31,1228.77,1209.38,1216.98,8821353104
2022-07-10,1216.9,1216.9,1157.18,1168.4,10984558039
2022-07-11,1168.14,1169.19,1095,1097.24,12064180410
2022-07-12,1097.26,1097.26,1038.14,1038.19,12583282453
2022-07-13,1038.19,1113.59,1019.22,1113.59,18302588147
2022-07-14,1113.52,1202.95,1077.41,1191.53,16688640823
2022-07-15,1191.67,1275.78,1182.9,1233.13,17411448225
2022-07-16,1232.79,1377.94,1195.61,1352.63,18364013796
2022-07-17,1353.21,1378.42,1329.76,1338.64,16079711737
2022-07-18,1338.81,1578.72,1338.81,1578.72,27440420623
2022-07-19,1578.38,1607.03,1501.8,1542.98,27753529276
2022-07-20,1542.95,1612.65,1500.8,1520.2,22942708340
2022-07-21,1520.37,1595.76,1472.19,1576.75,20009556587
2022-07-22,1576.75,1641.21,1523.64,1537.41,18926100582
2022-07-23,1536.46,1591.63,1495.68,1549.3,14998811383
2022-07-24,1549.22,1654.43,1548.67,1599.48,17217849557
2022-07-25,1599.16,1605.34,1445.38,1445.38,20585056021
2022-07-26,1445.15,1445.15,1362.95,1441.81,18238563509
2022-07-27,1443.73,1636.8,1423.62,1636.23,23007524016
2022-07-28,1636.23,1774.58,1604.89,1725.47,27231399966
2022-07-29,1725.62,1759.88,1662.79,1727.41,23249531113
2022-07-30,1727.06,1738.02,1678.11,1695.97,15576977870
2022-07-31,1695.88,1745.88,1672.61,1681.52,14200735370
2022-08-01,1681.45,1700.17,1613.42,1635.2,16191371176
2022-08-02,1634.65,1672.63,1567.85,1632.95,20426082309
2022-08-03,1633.05,1678.1,1595.63,1618.87,16786218830
2022-08-04,1618.89,1658.51,1585.33,1608.21,14467440626
2022-08-05,1607.52,1732.25,1606.5,1732.25,18546491876
2022-08-06,1732.66,1744.33,1691.66,1691.66,11757911705
2022-08-07,1691.78,1724.79,1672.91,1699.35,10252090340
2022-08-08,1699.69,1806.89,1697.41,1775.52,16841424404
2022-08-09,1776.07,1786.12,1675.85,1703.03,16368619692
2022-08-10,1702.91,1869.4,1665.09,1851.74,23512477984
2022-08-11,1851.83,1927.94,1851.83,1881.22,23826986482
2022-08-12,1880.9,1957.55,1860.08,1957.25,17168141904
2022-08-13,1957.33,2013.76,1948.6,1981.34,16038975216
2022-08-14,1981.78,2022.79,1919.01,1936.8,14062754456
2022-08-15,1936.76,2007.21,1881.86,1904.23,20349931313
2022-08-16,1902.83,1910.75,1862.27,1878.14,15637578930
2022-08-17,1877.93,1951.68,1823.53,1833,20308508124
2022-08-18,1833.72,1876.38,1826.96,1847.01,14999352229
2022-08-19,1847.1,1847.1,1611.34,1612.99,25906358731
2022-08-20,1612.65,1652.22,1534.3,1577,18334580263
2022-08-21,1576.54,1640.94,1569.05,1619.32,15849221752
2022-08-22,1619.17,1622.78,1535.01,1622.51,18557078599
2022-08-23,1622.94,1666.68,1569.43,1662.77,18322041914
2022-08-24,1662.7,1686.56,1610.1,1657.06,16780932907
2022-08-25,1657.34,1718.18,1656.86,1696.46,14818795695
2022-08-26,1696.32,1698.56,1498.77,1507.78,26713710143
2022-08-27,1508.16,1517.15,1454.28,1491.4,18120831899
2022-08-28,1491.21,1505.79,1430.55,1430.55,12823572918
2022-08-29,1430.44,1556.31,1427.73,1553.04,17965837488
2022-08-30,1553.19,1600.46,1480.83,1523.84,21835784470
2022-08-31,1524.29,1612.36,1524.29,1553.68,20591680941
2022-09-01,1553.76,1593.08,1520.19,1586.18,16434276817
2022-09-02,1586.02,1643.18,1551.88,1577.22,17708478709
2022-09-03,1577.21,1579.45,1541.67,1556.87,9516825994
2022-09-04,1556.9,1578.01,1543.7,1577.64,8884144998
2022-09-05,1577.88,1621.66,1559.78,1617.18,13060541168
2022-09-06,1617.24,1680.6,1561.75,1561.75,22946059125
2022-09-07,1560.91,1651.05,1500.01,1629.91,19560363854
2022-09-08,1629.81,1655.06,1603.06,1635.35,17621046717
2022-09-09,1635.19,1735.81,1632.84,1719.09,20242323690
2022-09-10,1718.96,1784.5,1710.3,1776.2,13130928217
2022-09-11,1775.98,1782.73,1730.16,1761.8,12464301922
2022-09-12,1762.08,1778.16,1698.29,1713.77,17688391310
2022-09-13,1713.96,1745.78,1564.03,1580.79,23066821734
2022-09-14,1574.86,1642.16,1564.03,1634.76,17897150206
2022-09-15,1635.08,1648.95,1466.14,1471.69,26946275878
2022-09-16,1471.93,1480.56,1415.58,1432.45,16764804299
2022-09-17,1432.88,1473.06,1415.04,1469.74,10798098671
2022-09-18,1469.71,1469.71,1331.49,1335.33,15762284723
2022-09-19,1335.27,1388.27,1287.42,1377.54,18712714223
2022-09-20,1377.62,1381.97,1319.2,1324.39,14722317220
2022-09-21,1324.22,1384.48,1229.43,1252.61,20643507800
2022-09-22,1251.57,1336.16,1240.97,1327.68,18461527259
2022-09-23,1327.48,1353.29,1270.2,1328.26,18771106339
2022-09-24,1328.24,1346.26,1312.64,1317.99,12098209717
2022-09-25,1317.94,1333.37,1275.63,1294.22,11802651633
2022-09-26,1294.39,1335.53,1282.05,1335.32,16034549271
2022-09-27,1335.34,1396.89,1308.99,1330.13,17870598937
2022-09-28,1329.54,1351.96,1267.87,1337.41,18994979566
2022-09-29,1337.55,1348.11,1293.19,1335.65,13796915736
2022-09-30,1335.65,1368.74,1320.38,1327.98,14250100093
2022-10-01,1328.19,1332.52,1306.1,1311.64,6227961237
2022-10-02,1311.75,1316.33,1275.34,1276.09,7578351650
2022-10-03,1276.16,1326.55,1271.15,1323.44,10153070907
2022-10-04,1323.28,1364.97,1320.08,1362.13,10139774963
2022-10-05,1361.97,1362.45,1320.86,1352.84,9774451820
2022-10-06,1352.81,1380.4,1349.45,1351.71,12033514861
2022-10-07,1351.84,1359.33,1321.75,1332.52,10061619355
2022-10-08,1332.37,1335.95,1307.07,1315.5,5804676208
2022-10-09,1315.46,1327.67,1309.34,1322.6,5486230123
2022-10-10,1322.62,1335.66,1291.34,1291.34,8794491050
2022-10-11,1291.11,1296.27,1272.74,1279.58,9274845260
2022-10-12,1279.73,1303.08,1277.53,1294.91,8355638578
2022-10-13,1294.92,1297.56,1209.28,1288.12,17499038202
2022-10-14,1288.05,1339.74,1285.38,1297.42,13113767755
2022-10-15,1297.31,1300.75,1268.47,1274.87,6798512624
2022-10-16,1275.01,1312.63,1275.01,1306.3,7491625206
2022-10-17,1306.31,1335.65,1297.45,1331.71,9401189650
2022-10-18,1331.67,1339.09,1291.66,1310.45,10416747806
2022-10-19,1310.56,1312.44,1283.97,1285.74,8350692785
2022-10-20,1285.66,1307.86,1275.32,1283.2,9009111996
2022-10-21,1283.19,1305.08,1260.67,1299.95,10412565245
2022-10-22,1299.9,1317.1,1295.95,1314.3,7175324564
2022-10-23,1314.25,1367.76,1302.91,1363.45,9909510925
2022-10-24,1363.49,1368.43,1327.85,1345,13092820173
2022-10-25,1344.71,1509.99,1336.98,1461.67,25367291294
2022-10-26,1461.13,1584.64,1460.43,1566.57,32705548427
2022-10-27,1566.84,1574.4,1510.82,1514.37,22813499245
2022-10-28,1514.32,1568.63,1493.87,1555.48,19974623205
2022-10-29,1555.27,1652.38,1549.98,1619.7,21618154775
2022-10-30,1619.7,1637.04,1579.49,1590.78,13930073427
2022-10-31,1590.48,1630.45,1555.92,1572.71,19306919714
2022-11-01,1572.65,1606.61,1568.1,1579.7,14507311208
2022-11-02,1579.5,1613.41,1507.24,1519.71,23254218281
2022-11-03,1519.72,1556.76,1517.1,1531.54,14248351007
2022-11-04,1531.4,1661.33,1529.27,1645.09,20806964347
2022-11-05,1645.16,1660.49,1625.96,1627.97,11006973190
2022-11-06,1627.9,1634.13,1572.23,1572.23,11632744705
2022-11-07,1572.02,1604.48,1550.42,1568.59,15279963349
2022-11-08,1568.33,1574.8,1259.44,1332.84,42048003440
2022-11-09,1333.12,1335.74,1083.29,1100.17,38864492427
2022-11-10,1100.11,1341.79,1093.12,1299.46,28581002122
2022-11-11,1298.88,1302.3,1211.33,1287.22,20920539099
2022-11-12,1287.44,1288.15,1242.15,1255.27,10964962767
2022-11-13,1255.44,1271.71,1208.52,1221.82,10717455214
2022-11-14,1221.9,1284.22,1178.43,1241.6,15028035663
2022-11-15,1241.68,1283.2,1238.69,1251.74,11798011594
2022-11-16,1251.81,1264.49,1192.99,1215.6,11939561598
2022-11-17,1215.85,1224.97,1189.15,1200.81,9723646871
2022-11-18,1200.8,1226.74,1200.8,1212.3,7979913378
2022-11-19,1212.22,1227.84,1200.48,1218.43,5978745776
2022-11-20,1218.44,1224.08,1137.93,1142.47,9651002684
2022-11-21,1142.4,1142.4,1084.86,1108.35,14080099208
2022-11-22,1107.9,1136.44,1081.14,1135.17,12040670755
2022-11-23,1135.42,1185,1130.02,1183.2,11242676044
2022-11-24,1183.35,1211.63,1180.38,1203.98,9706372376
2022-11-25,1203.8,1203.8,1174.82,1198.93,5483308196
2022-11-26,1198.79,1227.04,1198.1,1205.9,5074160558
2022-11-27,1205.91,1220.35,1195.04,1195.13,4486976868
2022-11-28,1194.96,1198.74,1156.06,1170.09,7275411870
2022-11-29,1169.87,1222.16,1163.48,1216.9,7639405818
2022-11-30,1216.93,1302.04,1215.5,1295.69,9836925304
2022-12-01,1295.77,1296,1267.71,1276.27,6857935276
2022-12-02,1276.33,1294.3,1269.24,1294.3,6213645709
2022-12-03,1294.46,1299.84,1241.43,1243.33,5672609405
2022-12-04,1243.22,1281.49,1242.91,1280.26,5174128454
2022-12-05,1280,1302.24,1252.47,1259.68,6120359523
2022-12-06,1259.85,1271.92,1247.63,1271.65,5089212680
2022-12-07,1271.55,1272.69,1224.45,1232.44,5752205180
2022-12-08,1232.45,1286.23,1226.36,1281.12,6227269815
2022-12-09,1281.08,1290.06,1260.82,1264.28,5706183865
2022-12-10,1264.38,1279.53,1262.12,1266.38,3282499999
2022-12-11,1266.42,1281.78,1260.66,1263.87,3362005848
2022-12-12,1263.57,1275.61,1243.48,1274.62,5151109364
2022-12-13,1274.66,1341.44,1258.47,1320.55,8812883119
2022-12-14,1320.69,1346.17,1305.83,1309.33,7830915428
2022-12-15,1309.19,1311.07,1262.69,1266.35,6032859783
2022-12-16,1266.46,1278.16,1162.18,1168.26,9297811507
2022-12-17,1168.07,1189.05,1165.41,1188.15,5077258586
2022-12-18,1188.13,1194.21,1176.19,1184.72,3350092519
2022-12-19,1184.76,1192.92,1160.38,1167.61,4943628091
2022-12-20,1167.88,1224.09,1165.6,1217.7,6684951715
2022-12-21,1217.59,1218.19,1206.44,1213.6,4217182733
2022-12-22,1213.67,1221.99,1187.13,1218.18,5297471739
2022-12-23,1218.08,1227,1215.99,1220.16,4835831923
2022-12-24,1220.12,1224.91,1216.34,1221.15,2626153345
2022-12-25,1221.17,1223.52,1203.72,1218.96,3942720070
2022-12-26,1218.92,1226.97,1214.34,1226.97,3282098400
2022-12-27,1226.99,1230.42,1205.9,1212.79,4091530737
2022-12-28,1212.74,1213.13,1185.7,1189.99,4991669631
2022-12-29,1190.01,1204.14,1188.36,1201.6,4132233940
2022-12-30,1201.57,1202.03,1187.46,1199.23,4055668253
2022-12-31,1199.36,1205.09,1194.2,1196.77,3018513333
2023-01-01,1196.71,1203.48,1192.89,1200.96,2399674550
2023-01-02,1201.1,1219.86,1195.21,1214.66,3765758498
2023-01-03,1214.74,1219.1,1207.49,1214.78,3392972131
2023-01-04,1214.72,1264.81,1213.17,1256.53,6404416893
2023-01-05,1256.48,1258.57,1245.17,1250.44,4001786456
2023-01-06,1250.46,1273.22,1240.95,1269.38,4977252792
2023-01-07,1269.42,1270.6,1262.27,1264.27,2565213548
2023-01-08,1264.18,1287.36,1260.23,1287.36,3495088905
2023-01-09,1287.45,1342.14,1286.68,1321.54,7990438824
2023-01-10,1321.4,1342.76,1318.53,1336.59,5830173253
2023-01-11,1336.49,1387.93,1323.58,1387.93,6314904311
2023-01-12,1405.35,1432.28,1378.42,1417.94,12230193038
2023-01-13,1417.95,1461.67,1404.02,1451.61,7684148212
2023-01-14,1451.43,1563.74,1450.99,1550.71,15444626014
2023-01-15,1550.73,1556.95,1520.89,1552.48,6774614499
2023-01-16,1552.52,1594.04,1529.57,1576.83,8454485431
2023-01-17,1577.11,1594,1553.34,1567.85,7599462786
2023-01-18,1567.7,1602.11,1509.42,1515.51,10354880595
2023-01-19,1515.25,1557.97,1514.38,1552.56,6432638856
2023-01-20,1552.37,1659.89,1544.92,1659.75,8528894754
2023-01-21,1659.71,1674.18,1626.81,1627.12,8859250310
2023-01-22,1627.37,1658.02,1612.09,1628.38,7517988734
2023-01-23,1628.55,1641.22,1607.9,1628.25,8264507375
2023-01-24,1627.85,1639.72,1551.39,1556.6,8180274691
2023-01-25,1556.81,1632.24,1530.8,1611.71,10598973448
2023-01-26,1611.08,1626.2,1586.6,1603.11,8395315241
2023-01-27,1603.08,1617,1565.24,1598.16,8124465373
2023-01-28,1598.13,1604.7,1565.39,1572.44,5803653357
2023-01-29,1572.63,1653.72,1568.98,1646.16,8801292300
2023-01-30,1646.15,1646.65,1546.66,1567.33,9180418120
2023-01-31,1567.42,1598.52,1563.8,1586.54,6585191019
2023-02-01,1586.49,1644.73,1566.86,1641.79,8116969489
2023-02-02,1641.37,1704.46,1641.32,1643.24,10558081069
2023-02-03,1642.9,1670.7,1634.22,1664.75,8169519805
2023-02-04,1664.47,1690.1,1648.19,1667.06,5843302512
2023-02-05,1667.17,1671.77,1616.39,1631.65,6926696531
2023-02-06,1631.65,1653.72,1611.32,1616.25,6919871886
2023-02-07,1616.01,1673.8,1614.86,1672,8030277434
2023-02-08,1671.91,1688.53,1635.27,1650.72,7806089579
2023-02-09,1651.08,1655.23,1537.18,1546.44,10524969124
2023-02-10,1546.6,1553.33,1504.83,1514.87,8397387897
2023-02-11,1514.94,1541.33,1510.15,1539.93,5064007416
2023-02-12,1539.78,1545.55,1501.46,1515.03,5319698775
2023-02-13,1514.92,1524.73,1470.02,1507.17,9363855114
2023-02-14,1506.99,1562.03,1497.19,1556.88,9249575045
2023-02-15,1556.77,1674.29,1545.69,1673.75,10015035156
2023-02-16,1673.87,1732.8,1638.15,1640.07,12704861676
2023-02-17,1640.28,1716.78,1636.17,1694.78,9802443159
2023-02-18,1694.74,1705.31,1683.67,1691.82,5491437195
2023-02-19,1691.68,1718.95,1673.91,1681.44,6959144003
2023-02-20,1682.34,1716.49,1659.3,1702.68,7703604237
2023-02-21,1702.8,1714.29,1642.4,1658.04,8721608198
2023-02-22,1658.14,1664,1604.8,1643.23,9189387004
2023-02-23,1643.3,1674.6,1632.57,1651.07,9013236167
2023-02-24,1650.9,1661.09,1583.15,1608.37,8909129423
2023-02-25,1608.66,1608.87,1567.63,1594.91,5657686235
2023-02-26,1594.76,1645.27,1590.39,1640.82,5727967432
2023-02-27,1640.76,1662.58,1615.39,1634.33,7239824677
2023-02-28,1634.5,1644.44,1602.43,1605.9,6323676957
2023-03-01,1606.04,1663.43,1601.55,1663.43,7701847224
2023-03-02,1663.55,1672.05,1622.6,1647.32,7080950926
2023-03-03,1647.56,1648.48,1552.45,1569.17,9922240199
2023-03-04,1569.28,1575.64,1551.74,1566.92,4389045367
2023-03-05,1567.18,1584.21,1559.95,1564.47,5020886238
2023-03-06,1564.38,1579.46,1557.36,1567.4,5245153345
2023-03-07,1567.42,1579.16,1543.13,1561.93,6854058349
2023-03-08,1561.98,1568.18,1534.09,1534.09,7130327525
2023-03-09,1534.03,1544.11,1423.26,1438.66,9457897583
2023-03-10,1438.76,1438.76,1378.53,1429.16,12665194936
2023-03-11,1429.1,1484.14,1428.72,1482.62,14917080154
2023-03-12,1482.43,1607.15,1461.61,1590.29,11480965122
2023-03-13,1590.83,1699.91,1572.07,1680.31,15711468959
2023-03-14,1680.3,1779.92,1665.9,1703.51,16159781303
2023-03-15,1705.19,1721.08,1616.63,1656.18,12715339905
2023-03-16,1656.33,1693.14,1639.26,1677.22,9364980166
2023-03-17,1677.3,1799.34,1667.13,1792.49,12467445117
2023-03-18,1793.59,1840.36,1751.26,1761.66,10317822213
2023-03-19,1762.96,1843.84,1762.96,1785.58,9170565472
2023-03-20,1785.42,1807.73,1728.1,1735.32,10978325507
2023-03-21,1735.62,1836.29,1725.01,1806.76,10758627746
2023-03-22,1804.96,1821.46,1717.77,1737.72,12484103560
2023-03-23,1737.14,1853.89,1732.52,1816.41,11012966854
2023-03-24,1815.82,1819.94,1730.35,1752.04,10913669383
2023-03-25,1751.47,1762.67,1716.65,1743.76,6614309912
2023-03-26,1743.84,1797.88,1741.18,1775.68,6990313307
2023-03-27,1775.48,1781.38,1690.52,1715.46,8585750760
2023-03-28,1715.33,1791.11,1702.56,1772.79,8346890042
2023-03-29,1772.9,1825.6,1772.9,1793,9136176952
2023-03-30,1793.35,1827.28,1766.25,1792.74,9724496987
2023-03-31,1793.62,1844.68,1783.14,1822.02,9149379763
2023-04-01,1821.7,1840.17,1811.12,1813.86,5556443606
2023-04-02,1821.19,1824.33,1774.87,1795.71,6199721188
2023-04-03,1794.92,1839.16,1765.52,1810.3,9643826401
2023-04-04,1810.14,1886.59,1802.96,1871.01,10398322335
2023-04-05,1870.97,1937.5,1865.94,1909.11,10319231689
2023-04-06,1909.14,1909.27,1857.09,1872.92,8263191830
2023-04-07,1872.73,1882.3,1845.99,1865.64,8356130492
2023-04-08,1864.68,1879.11,1848.88,1849.5,5016362733
2023-04-09,1849.67,1873.06,1828.7,1859.39,6361497715
2023-04-10,1859.74,1917.3,1848.16,1911.21,8380134275
2023-04-11,1911.38,1936.73,1886.53,1892.19,8877222956
2023-04-12,1891.95,1929.88,1860.04,1920.68,11010714187
2023-04-13,1917.7,2022.15,1901.86,2012.63,12546950499
2023-04-14,2013.93,2126.32,2011.5,2101.64,16298099411
2023-04-15,2101.62,2111.08,2076.51,2092.47,8036468153
2023-04-16,2092.28,2137.45,2076.83,2120.01,7898126856
2023-04-17,2120,2120.11,2063.04,2076.24,9648882546
2023-04-18,2075.86,2121.53,2057.65,2104.54,9134015143
2023-04-19,2103.95,2104.86,1928.58,1936.4,13779745451
2023-04-20,1936.42,1979.57,1918.13,1943.1,11324135406
2023-04-21,1943.41,1955.65,1827.79,1850,12044274581
2023-04-22,1849.29,1886.78,1845.85,1874.23,6970642726
2023-04-23,1874.17,1882.23,1838.99,1862.06,6607451862
2023-04-24,1862.09,1888.19,1811.79,1842.76,8438191338
2023-04-25,1842.2,1877.48,1805.32,1866.75,8677255481
2023-04-26,1866.15,1962.57,1792.46,1866.56,14356524696
2023-04-27,1866.69,1936.95,1863.15,1908.79,14008145806
2023-04-28,1909.27,1923.2,1876.29,1892.51,7691759733
2023-04-29,1892.57,1916.97,1887.99,1908.92,4796651246
2023-04-30,1908.74,1938.42,1876.92,1876.92,6539641957
2023-05-01,1868.89,1886.21,1809.19,1831.95,8625783201
2023-05-02,1831.73,1879.76,1824.33,1870.79,7536785767
2023-05-03,1870.69,1915.5,1845.87,1904.65,8306390869
2023-05-04,1905.17,1915.87,1868.63,1877.7,6578438233
2023-05-05,1877.83,1998.41,1876.95,1995.06,9498261360
2023-05-06,1995.48,2017.56,1870.61,1900.22,9623243037
2023-05-07,1899.92,1934,1873.08,1873.08,6883942236
2023-05-08,1872.48,1886.16,1818.45,1849.04,9895102899
2023-05-09,1849.06,1860.67,1832.91,1848.6,6129516088
2023-05-10,1848.21,1886.8,1795.67,1842.4,9945549603
2023-05-11,1842.49,1842.49,1774.13,1796.49,8353828312
2023-05-12,1795.18,1812.42,1742.4,1808.02,9047198660
2023-05-13,1808.38,1816.06,1788.48,1796.11,4647630864
2023-05-14,1796.11,1823.49,1793.23,1800.5,4711210241
2023-05-15,1800.37,1845.7,1787.54,1817.55,6748889346
2023-05-16,1816.82,1830.35,1797.84,1824.12,5595959668
2023-05-17,1824.07,1835.55,1786.67,1821.86,6352161579
2023-05-18,1822.07,1831.45,1774.2,1801.73,5673124255
2023-05-19,1800.99,1826.19,1797.43,1812.59,4796110259
2023-05-20,1812.77,1829.01,1808.05,1820.48,2951655969
2023-05-21,1820.14,1827.92,1799.95,1804.53,3386768865
2023-05-22,1804.84,1826.7,1793.22,1817.53,4534841049
2023-05-23,1817.78,1869.34,1816.29,1854.38,6820047160
2023-05-24,1854.3,1854.3,1780.93,1800.1,7101647419
2023-05-25,1799.85,1815.99,1763.37,1805.95,6321689859
2023-05-26,1805.73,1837.87,1798.41,1828.69,5451414258
2023-05-27,1828.58,1836.18,1817.49,1831.12,3216737652
2023-05-28,1831.1,1915.72,1825.47,1910.91,6359610561
2023-05-29,1909.3,1926.42,1879.08,1893.08,5884674572
2023-05-30,1893.09,1916.57,1883.93,1901.03,5363439784
2023-05-31,1901.1,1907.04,1852.09,1874.13,5984512548
2023-06-01,1873.91,1887.71,1846.23,1862.2,5640027197
2023-06-02,1862.42,1910.28,1851.96,1907.26,6097746022
2023-06-03,1907.42,1908.82,1885.49,1892.41,3472274607
2023-06-04,1892.4,1912.21,1885.65,1890.51,3747042696
2023-06-05,1890.42,1890.64,1780.21,1811.83,9246593033
2023-06-06,1810.58,1896.22,1801.41,1884.49,8704411776
2023-06-07,1884.37,1893.81,1822.3,1832.4,7919894455
2023-06-08,1832.51,1861.14,1830.17,1846.3,4536041931
2023-06-09,1846.08,1854.82,1828.54,1840.23,4610831509
2023-06-10,1840.39,1844.79,1721.44,1752.38,10788500406
2023-06-11,1752.53,1776.85,1741.11,1753.42,4559112981
2023-06-12,1753.08,1757.66,1722.91,1742.53,6031384958
2023-06-13,1742.39,1761.96,1727.75,1739.04,6214125203
2023-06-14,1739.25,1749.16,1637.19,1650.52,7462905534
2023-06-15,1650.5,1676.41,1624.14,1665.52,7328564880
2023-06-16,1665.41,1727.29,1653.17,1716.67,6281023479
2023-06-17,1716.67,1766.76,1714.15,1727.2,4875187477
2023-06-18,1727.19,1746.51,1718.11,1720.58,3820038842
2023-06-19,1720.51,1745.13,1705.81,1737.66,5210480121
2023-06-20,1736.88,1793.31,1715.34,1792.12,7171072578
2023-06-21,1791.99,1898.67,1788.49,1891.01,11731457711
2023-06-22,1889.79,1932.07,1867.88,1872.94,8477657143
2023-06-23,1872.54,1932.53,1865.19,1892.86,8290615074
2023-06-24,1893.77,1905.23,1867.81,1876.06,5026191704
2023-06-25,1875.85,1929.08,1870.85,1900.51,6937581709
2023-06-26,1900.05,1905.36,1840.22,1859.43,8619702292
2023-06-27,1859.35,1911.31,1856.84,1889.7,7686042202
2023-06-28,1889.91,1890.21,1822.1,1827.97,7135265016
2023-06-29,1828.06,1876.53,1828.06,1852.23,5677228612
2023-06-30,1852.01,1945.27,1831.28,1933.19,12895131248
2023-07-01,1933.32,1942.7,1910.85,1924.57,5136809625
2023-07-02,1924.45,1958.16,1895.91,1937.44,6343966490
2023-07-03,1937.88,1974.78,1934.69,1955.39,7858509087
2023-07-04,1955.52,1966.37,1932.61,1936.63,5683423776
2023-07-05,1936.8,1942.43,1897.12,1910.59,6034088075
2023-07-06,1910.42,1956.01,1847.85,1848.64,8905008384
2023-07-07,1847.51,1876.96,1832.03,1870.6,6468885150
2023-07-08,1871,1872.5,1844.64,1865.54,4299007854
2023-07-09,1865.59,1878.67,1857.75,1863.01,4392863807
2023-07-10,1863.24,1905.46,1848.78,1880.56,6336468234
2023-07-11,1880.65,1889.38,1863.22,1878.34,4905225892
2023-07-12,1878.32,1901.15,1865.71,1872.11,6379007000
2023-07-13,1872.04,2011.89,1864.5,2006.51,11114853969
2023-07-14,2005.69,2026.2,1901.36,1939.35,10627449471
2023-07-15,1939.13,1946.02,1928.19,1931.47,4380084234
2023-07-16,1931.65,1942.03,1917.29,1923.68,4329306566
2023-07-17,1923.69,1936.18,1875.12,1911.65,6678090758
2023-07-18,1911.7,1916.47,1878.72,1897.6,5814708445
2023-07-19,1897.8,1919.26,1883.07,1889.01,6018487800
2023-07-20,1889.07,1919.26,1879.73,1890.97,7366830684
2023-07-21,1891.58,1905.39,1885.3,1892.08,4668158260
2023-07-22,1891.96,1897.09,1855.09,1864.91,4101305643
2023-07-23,1866.09,1904.48,1859.57,1889.19,4480604100
2023-07-24,1888.81,1889.76,1836.85,1850,6344373569
2023-07-25,1850.03,1867.32,1845.98,1857.74,4163381707
2023-07-26,1857.7,1886.97,1849.44,1872.16,5781548155
2023-07-27,1872.09,1885.59,1855.32,1860.36,4291339248
2023-07-28,1860.7,1881.46,1857.05,1874.74,3800973336
2023-07-29,1874.56,1885.53,1870.33,1881.07,2497302218
2023-07-30,1880.87,1884.14,1851.73,1861.64,4003005547
2023-07-31,1861.76,1875.63,1851.92,1856.16,4391613314
2023-08-01,1856.19,1873.03,1817.92,1871.79,7634860636
2023-08-02,1873.47,1877.51,1822.35,1839.09,6448512422
2023-08-03,1838.9,1856.41,1825.35,1835.14,4710581074
2023-08-04,1834.89,1847.91,1817.41,1827.71,4861242484
2023-08-05,1827.8,1836.46,1824.81,1834.99,2866049749
2023-08-06,1834.85,1836.25,1824.99,1827.46,2963395076
2023-08-07,1827.24,1842.52,1804.72,1826.94,5837881974
2023-08-08,1826.93,1873.85,1824.43,1855.81,5812855406
2023-08-09,1855.78,1869.74,1845.49,1854.3,5870081833
2023-08-10,1854.35,1863.31,1845.44,1850.75,3760304518
2023-08-11,1850.74,1855.07,1839.57,1847.12,3353025102
2023-08-12,1847.17,1852.28,1845.72,1848.89,2291124840
2023-08-13,1849.05,1859.92,1834.8,1839.28,3054625661
2023-08-14,1839.32,1853.84,1834.8,1844.19,4083364724
2023-08-15,1844.16,1845.55,1816.33,1826.93,4483923893
2023-08-16,1827.04,1829.36,1798.97,1805.66,4976573383
2023-08-17,1805.57,1807.71,1551.71,1684.93,14208462072
2023-08-18,1682.04,1698.12,1644.93,1660.95,9645084584
2023-08-19,1660.84,1693.23,1654.08,1669.47,4871231360
2023-08-20,1669.59,1692.33,1662.9,1684.85,4105056995
2023-08-21,1685.02,1685.08,1651.96,1667.27,5077248383
2023-08-22,1667.28,1668.64,1596.38,1633.89,7244623133
2023-08-23,1634.4,1696.59,1629.58,1679.27,7191868448
2023-08-24,1679.25,1682.49,1641.63,1659.94,5104531920
2023-08-25,1660.27,1671.97,1635.97,1652.94,5396997823
2023-08-26,1652.93,1654.78,1643.71,1646.31,2423247747
2023-08-27,1646.27,1659.27,1645.9,1657.51,2624065031
2023-08-28,1657.44,1659.33,1627.45,1652.46,4855588534
2023-08-29,1652.27,1742.64,1639.58,1729.73,11304916729
2023-08-30,1729.68,1730.56,1697.15,1705.11,5023904190
2023-08-31,1705.36,1720.01,1634.85,1645.64,6593153505
2023-09-01,1645.58,1653.53,1603.03,1628.49,6104510092
2023-09-02,1628.56,1644.03,1627.98,1637.03,2943590996
2023-09-03,1637.04,1645.65,1626.09,1636.12,3151878318
2023-09-04,1635.72,1642.65,1618.52,1629.66,3887968912
2023-09-05,1629.91,1645.95,1610.14,1633.63,4417491902
2023-09-06,1633.91,1656.93,1611.15,1632.25,4987397046
2023-09-07,1632.26,1657.3,1623.22,1647.6,4907290296
2023-09-08,1647.81,1657.14,1617.8,1636.14,4598495496
2023-09-09,1636.05,1636.87,1629.66,1635.16,2081625742
2023-09-10,1635.21,1635.43,1604.04,1616.83,4339499949
2023-09-11,1616.77,1618.31,1533.43,1551.64,7693700923
2023-09-12,1551.5,1619.11,1549.49,1592.43,6813819740
2023-09-13,1592.89,1615.05,1582.22,1607.99,4979469106
2023-09-14,1608.03,1640.52,1607.74,1626.97,5538958553
2023-09-15,1626.87,1652.11,1613.25,1641.64,4348584771
2023-09-16,1641.45,1649.99,1632.58,1635.22,2819575929
2023-09-17,1635.2,1635.51,1616.78,1622.9,3032716258
2023-09-18,1623.08,1669.02,1609.96,1637.35,5916674789
2023-09-19,1637.31,1659.53,1628.41,1643.54,4405868861
2023-09-20,1643.5,1649.62,1610.42,1622.89,5156431986
2023-09-21,1622.59,1625.2,1573.31,1584.31,5191732312
2023-09-22,1584,1601.54,1579.1,1593.27,3460791634
2023-09-23,1593.21,1598,1588.33,1593.86,2101436678
2023-09-24,1593.83,1600.21,1576.78,1580.85,3086456944
2023-09-25,1580.75,1595.84,1565.03,1588.32,4394930984
2023-09-26,1588.02,1598.1,1580.17,1593.42,3544861160
2023-09-27,1593.11,1631.91,1585.37,1597.49,5533036096
2023-09-28,1597.67,1666.02,1597.29,1652.88,6658092168
2023-09-29,1653,1687.28,1648.66,1667.94,5529687537
2023-09-30,1667.83,1692.53,1666.56,1671.16,3155292192
2023-10-01,1671.16,1750.6,1670.08,1733.81,5054880180
2023-10-02,1732.98,1743.56,1646.08,1663.63,8420552922
2023-10-03,1662.89,1670.36,1644.5,1656.69,4742827302
2023-10-04,1656.74,1657.25,1629.43,1647.84,5127524863
2023-10-05,1647.79,1654.38,1609.85,1611.48,5403759057
2023-10-06,1611.37,1659.61,1611.37,1645.83,4941208729
2023-10-07,1645.81,1648.18,1631.16,1634.51,2578994988
2023-10-08,1634.66,1641.18,1618.19,1633.55,3315554175
2023-10-09,1633.45,1635.45,1553.01,1579.81,7020801716
2023-10-10,1580.11,1593.74,1553.03,1567.71,5254966125
2023-10-11,1567.68,1578.22,1548.98,1566.25,5416504273
2023-10-12,1566.36,1566.88,1523.24,1539.61,5003930677
2023-10-13,1539.43,1571.75,1537.92,1552.09,4575141511
2023-10-14,1552.26,1560.33,1545.74,1555.26,2429214718
2023-10-15,1555.08,1565.76,1550.55,1558.07,2923337883
2023-10-16,1558.31,1628.16,1555.99,1600.53,8846928526
2023-10-17,1600.64,1601.29,1554.4,1565.44,5032686973
2023-10-18,1565.38,1584.73,1556.74,1563.75,4354138855
2023-10-19,1563.96,1573.74,1543.59,1567.46,5035110867
2023-10-20,1567.57,1628.61,1562.3,1604.67,6747486127
2023-10-21,1604.82,1641.24,1593.45,1629.3,4212179634
2023-10-22,1629.3,1667.67,1623.98,1663.43,5248406817
2023-10-23,1674.85,1794.07,1663.45,1765.38,14362295879
2023-10-24,1766.01,1852.68,1758.69,1784.44,15888690475
2023-10-25,1784.91,1814.48,1762.15,1787.4,9439066475
2023-10-26,1787.48,1865.1,1764.01,1804.04,11196672635
2023-10-27,1803.79,1804.14,1751.44,1780.05,7493399771
2023-10-28,1780.08,1800.61,1773.44,1776.62,4226112731
2023-10-29,1776.56,1810.49,1766.05,1795.55,4358528382
2023-10-30,1795.59,1829.25,1779.36,1810.09,7534051038
2023-10-31,1810.13,1819.97,1784.57,1816.46,6477922747
2023-11-01,1815.87,1858.31,1786.41,1847.09,10628825648
2023-11-02,1847.26,1873.89,1790.11,1800.62,9004197724
2023-11-03,1800.92,1835.07,1779.64,1832.8,7622864055
2023-11-04,1833.37,1867.26,1825.74,1857.7,4845080427
2023-11-05,1857.4,1911.61,1848.62,1894.16,8867152645
2023-11-06,1894.03,1914.58,1871.97,1899.84,8104122602
2023-11-07,1900.6,1907.56,1852.79,1888.12,9203228152
2023-11-08,1887.12,1904.55,1874.55,1889.32,6751627017
2023-11-09,1888.94,2130.89,1884.2,2120.56,24709695029
2023-11-10,2121.07,2134.69,2068.13,2078.29,14740624457
2023-11-11,2078.06,2089.53,2035.08,2052.71,10228351203
2023-11-12,2053.12,2066,2019.03,2045.19,7951011698
2023-11-13,2045.35,2116.01,2031.95,2055.27,14322027970
2023-11-14,2054.77,2065.07,1939.28,1979.05,13087862495
2023-11-15,1979.47,2061.99,1968.77,2060.41,12626326991
2023-11-16,2059.97,2088.66,1940.57,1960.88,14651619483
2023-11-17,1961.87,1990.05,1910.45,1961.28,11881648738
2023-11-18,1961.67,1971.46,1921.06,1963.29,8064677046
2023-11-19,1963.18,2015.63,1944.9,2013.2,7716048818
2023-11-20,2011.85,2066.41,1996.04,2022.24,12866464824
2023-11-21,2022.22,2035.04,1937.07,1937.07,13653500841
2023-11-22,1933.58,2089.51,1933.16,2064.43,13372200584
2023-11-23,2063.91,2088.03,2041.46,2062.21,7828437946
2023-11-24,2062.41,2132.48,2061,2081.15,12141148820
2023-11-25,2081.3,2091.34,2067.92,2084.41,5362623390
2023-11-26,2084.18,2094.1,2038.6,2063.29,8054814154
2023-11-27,2062.39,2070.61,1988.12,2027.42,10574810069
2023-11-28,2027.52,2074.95,1996.81,2049.34,9910633038
2023-11-29,2049.19,2071.99,2020.76,2029.93,8945151861
2023-11-30,2029.36,2054.44,2022.46,2052.56,8107789163
2023-12-01,2052.1,2109.32,2046.56,2087.14,10866891430
2023-12-02,2087.66,2182.82,2087.41,2165.7,9130124831
2023-12-03,2165.9,2213.18,2151.72,2193.69,8278465782
2023-12-04,2193.66,2273.07,2193.01,2243.22,16149367134
2023-12-05,2243.09,2306.57,2191.18,2293.84,15383072559
2023-12-06,2293.63,2310.71,2225.08,2231.66,12790612571
2023-12-07,2233.22,2380.73,2225.05,2357.58,14766891042
2023-12-08,2357.17,2387.51,2340.92,2358.73,12543458699
2023-12-09,2358.69,2401.76,2331.67,2341.18,10613312823
2023-12-10,2341.44,2376.75,2323.41,2352.46,7369608905
2023-12-11,2352.5,2354.91,2160.36,2224.58,17989249470
2023-12-12,2224.39,2242.55,2166.77,2202.04,11391132228
2023-12-13,2202.6,2283.1,2150.75,2260.65,12576395493
2023-12-14,2260.74,2331.6,2239.37,2316.58,12608711052
2023-12-15,2316.11,2316.89,2214.26,2219.34,10259157898
2023-12-16,2220.42,2260.81,2213.55,2226.93,6866555430
2023-12-17,2226.89,2244.37,2195.76,2196.48,7410453853
2023-12-18,2195.34,2222.02,2120.13,2217.27,10366536490
2023-12-19,2218.24,2253.35,2139.72,2177.87,10619179629
2023-12-20,2177.24,2263.33,2161.22,2201.91,12652290807
2023-12-21,2201.79,2278.12,2184.86,2239.54,12616530536
2023-12-22,2239.6,2341.95,2233.53,2326.52,16137246310
2023-12-23,2326.72,2332.07,2270.43,2309.05,7995772945
2023-12-24,2309.63,2325.71,2249.98,2265.69,9450799236
2023-12-25,2265.34,2303.55,2254.57,2272.56,8036302656
2023-12-26,2272.22,2274.56,2180.23,2231.47,10668581464
2023-12-27,2231.39,2392.61,2215.14,2378.74,14161342927
2023-12-28,2380.2,2445.02,2338.7,2347.57,15660799060
2023-12-29,2346.84,2386,2262.98,2300.69,12536968996
2023-12-30,2300.4,2322.02,2270.01,2292.07,6888195427
2023-12-31,2291.95,2318.51,2261.39,2281.47,6871481744
2024-01-01,2282.87,2352.33,2267.02,2352.33,6906765990
2024-01-02,2352.59,2431.21,2348.89,2355.84,12910543630
2024-01-03,2355.98,2385.12,2113.93,2210.76,19332933581
2024-01-04,2210.53,2294.61,2204.87,2269.04,11044564896
2024-01-05,2269.41,2276.76,2209.54,2268.65,10860953290
2024-01-06,2269.54,2271.36,2219.78,2241.62,5970741680
2024-01-07,2242.01,2257.13,2211.56,2222.87,6490053615
2024-01-08,2222.86,2358.82,2171.99,2333.03,13830287095
2024-01-09,2332.87,2369.64,2243.22,2344.83,14891130716
2024-01-10,2344.92,2626.98,2341.94,2582.1,29042100476
2024-01-11,2584.17,2687.78,2567.99,2619.62,22575246883
2024-01-12,2619.18,2710.42,2460.93,2524.46,23623839263
2024-01-13,2522.93,2589.08,2498.59,2576.6,12250316867
2024-01-14,2578,2578.33,2470.42,2472.24,9405587417
2024-01-15,2471.67,2550.77,2470.82,2511.36,9700630000
2024-01-16,2510.63,2613.57,2500,2587.69,11063317095
2024-01-17,2587.04,2592.74,2508.43,2528.37,10441017520
2024-01-18,2528.59,2546.26,2426.14,2467.02,11900028080
2024-01-19,2468.69,2501.31,2414.71,2489.5,11405278376
2024-01-20,2489.85,2489.85,2456.1,2469.59,5297826161
2024-01-21,2469.8,2479.76,2452.38,2453.91,4578471955
2024-01-22,2454.99,2463.45,2303.5,2310.83,13923771728
2024-01-23,2310.95,2348.03,2167.28,2240.69,16182147521
2024-01-24,2241.75,2261.38,2197.66,2233.56,10134722960
2024-01-25,2233.97,2240.38,2173.69,2217.71,9302247037
2024-01-26,2217.44,2280.38,2196.14,2267.2,9975117607
2024-01-27,2267.32,2282.54,2252.39,2267.89,5144367230
2024-01-28,2268.19,2306.9,2242.68,2257.21,7296214994
2024-01-29,2257,2320.03,2237.71,2317.06,8948195551
2024-01-30,2317.44,2388.87,2298.28,2344.49,10173440062
2024-01-31,2343.56,2349.61,2264.44,2282.54,10807883277
2024-02-01,2282.18,2309.84,2243.57,2303.82,8895583113
2024-02-02,2303.71,2323.05,2282.23,2308.04,7186143091
2024-02-03,2307.98,2327.35,2293.54,2296.04,4647754021
2024-02-04,2296.12,2309.01,2272.3,2289.55,5438100035
2024-02-05,2289.21,2334.68,2270.07,2298.89,7277068110
2024-02-06,2298.96,2389.83,2296.79,2372.2,9520885493
2024-02-07,2372.26,2442.64,2353.71,2423.75,9660628536
2024-02-08,2424.08,2459.56,2414.75,2419.91,9941841732
2024-02-09,2419.77,2522.72,2419.36,2487.52,13634203177
2024-02-10,2487.65,2516.72,2475.86,2501.23,6474444159
2024-02-11,2501.13,2537.68,2495.21,2507.57,7347245813
2024-02-12,2507.58,2663.84,2473.81,2658.12,13022696866
2024-02-13,2659.59,2686.46,2599.17,2642.19,18271237044
2024-02-14,2641.69,2786.89,2621.03,2777.9,21448973822
2024-02-15,2777.6,2865.85,2764.01,2824.38,23734481937
2024-02-16,2825.48,2858.45,2760.33,2803.69,17057114638
2024-02-17,2803.74,2805.13,2724.39,2786.67,17932379943
2024-02-18,2786.71,2892.84,2767.91,2879,23355830478
2024-02-19,2881.3,2983.37,2860.26,2943.57,15163110589
2024-02-20,2944.11,3031.52,2879.9,3013.5,20341598470
2024-02-21,3015.65,3017.19,2875.42,2970.36,18897136867
2024-02-22,2969.6,3030.67,2907.11,2971.01,18058908246
2024-02-23,2970.14,2991.33,2906.58,2921.66,12822717059
2024-02-24,2921.96,3003.2,2907.7,2992.39,10701688842
2024-02-25,2992.37,3117.43,2984.39,3112.7,14620450464
2024-02-26,3112.53,3197.38,3037.95,3178.99,17504464351
2024-02-27,3178.41,3287.96,3167.83,3244.52,21090315368
2024-02-28,3243.89,3485.45,3201.58,3385.7,32885894265
2024-02-29,3386.8,3518.97,3303.91,3341.92,28469171094
2024-03-01,3341.97,3452.63,3341.85,3435.05,16880101987
2024-03-02,3436.16,3459.75,3398.9,3422.05,12024340617
2024-03-03,3422.88,3491.17,3372.21,3490.99,13643324467
2024-03-04,3489.34,3641.46,3446.02,3630.43,26772963830
2024-03-05,3631.93,3828.16,3224.12,3554.96,47706899137
2024-03-06,3554.07,3901.43,3502.8,3819.23,34938642613
2024-03-07,3818.31,3939.59,3738.69,3874.35,22457177587
2024-03-08,3874.83,3998.83,3828.36,3892.06,26135487051
2024-03-09,3892.12,3950.4,3880.66,3915.42,11926623780
2024-03-10,3915.59,3968.72,3800.56,3881.19,15783924355
2024-03-11,3881.24,4087.05,3745.13,4066.45,28806262507
2024-03-12,4066.69,4092.28,3831.89,3980.27,26917010932
2024-03-13,3980.27,4083.01,3936.63,4006.46,22028114691
2024-03-14,4005.75,4011.1,3721.79,3883.14,25434810823
2024-03-15,3882.86,3928.78,3571.77,3735.22,33505075433
2024-03-16,3736.1,3780.89,3468.08,3522.86,20199855932
2024-03-17,3523.03,3676.26,3414.17,3642.41,19938757095
2024-03-18,3642.3,3642.5,3456.09,3517.99,21162220224
2024-03-19,3518.35,3546.58,3149.29,3157.62,34166976701
2024-03-20,3158.4,3534.83,3059.65,3513.39,36605316331
2024-03-21,3514.02,3586.91,3412.22,3492.99,22213647922
2024-03-22,3492.9,3541.9,3254.97,3333.69,20574952329
2024-03-23,3335.59,3433.76,3273.12,3336.59,13242137554
2024-03-24,3336.67,3470.34,3301.28,3454.64,12156660941
2024-03-25,3454.89,3657.12,3421.79,3590.88,18603921705
2024-03-26,3591.09,3678.79,3545.43,3587.5,18505553577
2024-03-27,3587.31,3664.38,3460.39,3500.12,18753082145
2024-03-28,3500.22,3609.71,3465.33,3561.29,16419674157
2024-03-29,3561.01,3583.7,3475.73,3511.81,12712701619
2024-03-30,3511.83,3566.08,3489.9,3507.94,9389066783
2024-03-31,3507.95,3655.22,3507.24,3647.86,10499881424
2024-04-01,3647.82,3648.13,3418.7,3505.03,16002098681
2024-04-02,3504.82,3506.96,3215.99,3277.23,22076539151
2024-04-03,3277.32,3368.11,3205.65,3311.44,16010734587
2024-04-04,3311.5,3443.21,3253.32,3330.04,14476330517
2024-04-05,3330.01,3345.67,3214.24,3318.89,15214447092
2024-04-06,3318.86,3397.59,3308.98,3354.18,8956926798
2024-04-07,3354.21,3458.51,3346.11,3453.49,9931108526
2024-04-08,3453.5,3727.62,3409.51,3695.29,19055143129
2024-04-09,3695.34,3724.92,3455.11,3505.16,18279773833
2024-04-10,3505.16,3561.52,3415.18,3543.74,16872482726
2024-04-11,3543.45,3616.19,3477.17,3505.25,14076734489
2024-04-12,3505.33,3552.59,3103.43,3243.03,22104869556
2024-04-13,3242.94,3299.66,2862.39,3004.9,29930408174
2024-04-14,3005.55,3174.67,2914.42,3156.94,25486284994
2024-04-15,3156.83,3277.56,3026.54,3101.6,21925843181
2024-04-16,3101.14,3127.16,2997.75,3084.92,19441391169
2024-04-17,3084.92,3123.67,2918.55,2984.73,17711869375
2024-04-18,2984.71,3094.84,2956.13,3066.03,15183777035
2024-04-19,3065.95,3127.11,2868.8,3059.28,20399982867
2024-04-20,3059.48,3170.67,3021.78,3157.63,9918642130
2024-04-21,3157.57,3197.51,3119.55,3147.29,9394387894
2024-04-22,3147.66,3236.66,3131.37,3201.65,12063858733
2024-04-23,3201.59,3264.42,3154.59,3219.91,11054442653
2024-04-24,3219.96,3292.92,3105.98,3139.81,14000234760
2024-04-25,3139.62,3190.98,3074.8,3156.51,13989030260
2024-04-26,3156.38,3166.19,3103.1,3130.16,10622333862
2024-04-27,3129.73,3279.45,3071.34,3252.17,11820785577
2024-04-28,3252.25,3351.18,3249.15,3262.77,11379192678
2024-04-29,3262.34,3285.47,3116.2,3215.43,15032246816
2024-04-30,3215.38,3249.38,2918.23,3012.29,18266894653
2024-05-01,3011.02,3020.17,2815.92,2969.78,20005057445
2024-05-02,2969.79,3015.05,2894.33,2988.17,13163903903
2024-05-03,2988.13,3127.16,2960.18,3103.54,12862183229
2024-05-04,3103.62,3167.54,3096.27,3117.58,8283229638
2024-05-05,3117.64,3170.06,3075.59,3137.25,8783447639
2024-05-06,3137.51,3220.15,3048.24,3062.73,13008587255
2024-05-07,3062.75,3129.08,3003.01,3006.58,11743187337
2024-05-08,3006.32,3037.2,2938.47,2973.66,11791662158
2024-05-09,2973.97,3057.96,2951.22,3036.02,10861947179
2024-05-10,3036.23,3052.73,2881,2909.79,12278653601
2024-05-11,2909.85,2942.18,2888.08,2911.6,6795916454
2024-05-12,2911.66,2953.05,2902.2,2928.7,5908941395
2024-05-13,2928.81,2994.87,2865.13,2949.36,13352264795
2024-05-14,2949.21,2959.55,2863.55,2881.16,12444516140
2024-05-15,2881.22,3041.6,2864.74,3037.06,14666902956
2024-05-16,3036.01,3041.81,2925.09,2945.13,13035465176
2024-05-17,2945.14,3120.3,2934.11,3094.12,14449438097
2024-05-18,3094.55,3146.79,3087.7,3122.95,9407051320
2024-05-19,3122.82,3137.15,3056.75,3071.84,8747800800
2024-05-20,3071.86,3690.81,3050.3,3663.86,31228143948
2024-05-21,3663.01,3837.37,3628.1,3789.31,37643853967
2024-05-22,3789.37,3810.95,3655.08,3737.22,25155809461
2024-05-23,3737.18,3943.55,3552.64,3776.93,45623656317
2024-05-24,3776.99,3825.12,3631.99,3726.93,22257061429
2024-05-25,3726.98,3776.01,3710.53,3749.24,10000027764
2024-05-26,3749.18,3879.47,3732.02,3825.9,14650794791
2024-05-27,3826.13,3973.56,3821.93,3892.01,18949181813
2024-05-28,3892.1,3924.9,3771.21,3840.26,19846044324
2024-05-29,3840.24,3880.65,3742.04,3763.2,17411416736
2024-05-30,3763.36,3823.64,3702.26,3746.85,15065849797
2024-05-31,3746.86,3843.86,3723.84,3760.03,15290700646
2024-06-01,3759.88,3829.29,3749.84,3813.2,8661024535
2024-06-02,3813.28,3834.91,3752.41,3780.9,11126903059
2024-06-03,3780.85,3848.6,3758.92,3766.39,14082454300
2024-06-04,3766.48,3831.36,3738.13,3812.52,13331489271
2024-06-05,3812.56,3887.49,3778.66,3864.26,15480034434
2024-06-06,3864.26,3878.05,3761.78,3811.61,13606583873
2024-06-07,3811.67,3838.45,3615.28,3678.63,18220286186
2024-06-08,3677.4,3707.5,3669.64,3680.95,9096091805
2024-06-09,3680.94,3719.37,3668.12,3705.9,7910768788
2024-06-10,3705.88,3711.43,3648.16,3666.72,10377300126
2024-06-11,3666.36,3669.89,3434.75,3498.33,19184721538
2024-06-12,3497.9,3652.49,3463.78,3559.62,17142905351
2024-06-13,3559.73,3559.73,3431.33,3469.28,14472382154
2024-06-14,3467.97,3528.6,3366.22,3480.27,15793876596
2024-06-15,3479.79,3589.89,3473.45,3565.55,12733651076
2024-06-16,3566.76,3648.09,3541.53,3620.56,9878388158
2024-06-17,3622.38,3634.29,3468.15,3511.38,17838856988
2024-06-18,3510.57,3514.18,3371.59,3483.68,21022514455
2024-06-19,3482.35,3583.32,3466.48,3559.35,15275373778
2024-06-20,3559.35,3623.89,3485.46,3511.09,16115123753
2024-06-21,3511.27,3542.96,3447.94,3516.08,15933353456
2024-06-22,3516.55,3519.5,3477.17,3494.81,7423703673
2024-06-23,3494.95,3519.32,3408.58,3418.61,9418141333
2024-06-24,3418.78,3430.7,3244.24,3350.26,23137744903
2024-06-25,3350.56,3422.21,3335.56,3395.03,13235546063
2024-06-26,3394.37,3421.51,3328.39,3369.48,11694054195
2024-06-27,3368.89,3470.92,3362.26,3444.8,11771834016
2024-06-28,3445.5,3482.96,3363.44,3373.64,12861158844
2024-06-29,3373.69,3401.73,3369.55,3372.97,6584792001
2024-06-30,3373.08,3453.21,3352.28,3432.89,8396416013
2024-07-01,3432.61,3513.31,3425.32,3440.34,12281551839
2024-07-02,3439.38,3459.76,3399.03,3416.35,9421757718
2024-07-03,3416.25,3426.33,3254.52,3292.92,16121324440
2024-07-04,3291.82,3309.2,3054.52,3054.52,20252514386
2024-07-05,3057.83,3106.15,2826.01,2981.6,31131942647
2024-07-06,2981.99,3080.11,2957.4,3069.38,11586293705
2024-07-07,3067.41,3072.81,2923.96,2929.39,10857947538
2024-07-08,2929.86,3090.66,2826.48,3018.73,22627377457
2024-07-09,3018.8,3105.8,3005.52,3064.03,15269945822
2024-07-10,3066.14,3148.41,3026.61,3102.22,14578679176
2024-07-11,3101.34,3208.94,3057.22,3100.33,15230095766
2024-07-12,3099.99,3154.6,3048.51,3134.16,12751638331
2024-07-13,3134.55,3199.99,3115.08,3177.2,8565105946
2024-07-14,3176.74,3266.49,3166.43,3244.08,10517709666
2024-07-15,3246.13,3494.1,3235.78,3489.55,18305490390
2024-07-16,3486.14,3498.22,3351.78,3443.51,20446664416
2024-07-17,3446.74,3516.1,3379.1,3388.75,16739123962
2024-07-18,3388.03,3488.72,3374.99,3426.26,15035622003
2024-07-19,3425.91,3540.59,3377.88,3505.73,17705629736
2024-07-20,3505.72,3539.9,3482.49,3519.3,10360198325
2024-07-21,3519.43,3546.62,3415.44,3536.61,13845913681
2024-07-22,3536.63,3560.08,3425.8,3440.42,18723199034
2024-07-23,3440.77,3539.53,3395.42,3482,24468405650
2024-07-24,3482.15,3487.65,3304.04,3336.34,16040945448
2024-07-25,3336.36,3341.44,3088.76,3174.43,25293745810
2024-07-26,3174.05,3285.76,3172.78,3275.95,15993893521
2024-07-27,3275.89,3327.43,3195.36,3247.61,15198233287
2024-07-28,3247.51,3283.15,3201.76,3271.46,8959236446
2024-07-29,3271.45,3396.63,3257.72,3320.54,18334852719
2024-07-30,3320.64,3365.32,3235.76,3278.67,14045773047
2024-07-31,3278.69,3347.64,3216.07,3231.3,16135380637
2024-08-01,3231.25,3241.78,3078.54,3201.56,20217639556
2024-08-02,3201.6,3214.53,2965.73,2986.01,21400241741
2024-08-03,2985.95,3015.3,2861.18,2903.39,17844091431
2024-08-04,2903.09,2931.47,2639.57,2686.4,21139601426
2024-08-05,2686.03,2695.89,2122.55,2417.21,67668132244
2024-08-06,2417.27,2553.58,2416.53,2458.72,26041995921
2024-08-07,2458.99,2551.56,2312.17,2336.59,24264218606
2024-08-08,2336.92,2721.95,2322.53,2683.35,23468291180
2024-08-09,2683.72,2706.45,2555.23,2599.6,17907141655
2024-08-10,2599.58,2642.93,2580.66,2610.02,9361014219
2024-08-11,2609.97,2718.8,2544.17,2553.25,13595441987
2024-08-12,2553.5,2749.14,2513.39,2724.43,21653090666
2024-08-13,2724.3,2737.99,2613.8,2703.67,16383053029
2024-08-14,2703.59,2775.28,2636.71,2662.91,15825365408
2024-08-15,2662.89,2675.31,2518.67,2570.09,16345801912
2024-08-16,2570.09,2629.38,2553.07,2593.19,13275561555
2024-08-17,2593.17,2626.67,2588.79,2614.55,6676568717
2024-08-18,2614.11,2684.03,2596.74,2613.36,9207267415
2024-08-19,2612.72,2648.28,2566.4,2637.31,11968963282
2024-08-20,2637.31,2695.91,2556.75,2573.11,13249483464
2024-08-21,2573.11,2662.95,2538.66,2631.4,12766015263
2024-08-22,2630.86,2644.82,2587.11,2622.95,10723280428
2024-08-23,2622.92,2799.33,2622.58,2764.45,16857181970
2024-08-24,2765.48,2820.02,2737.78,2769.39,11765811307
2024-08-25,2769.1,2793.01,2736.09,2749.16,9375535539
2024-08-26,2749.25,2763,2668.89,2681.34,12282035835
2024-08-27,2681.62,2700.15,2401.18,2458.73,18028996056
2024-08-28,2458.9,2553.82,2422.29,2528.42,20359545410
2024-08-29,2528.36,2595.98,2507.5,2528.79,13946434277
2024-08-30,2528.73,2539.92,2432.83,2525.82,15526218255
2024-08-31,2525.86,2532.39,2493.71,2513.39,6646876013
2024-09-01,2513.42,2515.47,2401.89,2427.9,11800443265
2024-09-02,2427.97,2563.09,2426.1,2538.19,12520444224
2024-09-03,2538.16,2552.8,2419.88,2420.6,11406800197
2024-09-04,2420.19,2488.92,2313.27,2448.98,16709600747
2024-09-05,2448.99,2465.39,2348.86,2367.74,13632325040
2024-09-06,2367.7,2406.51,2150.86,2223.88,25825618367
2024-09-07,2223.93,2310.19,2222.1,2274.11,11124608320
2024-09-08,2274.44,2332.36,2243.91,2297.29,10718443487
2024-09-09,2297.9,2379.79,2274.12,2358.48,15887712451
2024-09-10,2358.5,2398.5,2323.07,2389.58,12795818970
2024-09-11,2389.6,2389.72,2279.05,2339.84,15355180967
2024-09-12,2339.84,2390.19,2316.16,2361.78,12162634681
2024-09-13,2361.74,2462.8,2338.14,2441.61,13759640866
2024-09-14,2441.58,2442.63,2386.98,2418.6,8170291680
2024-09-15,2418.27,2430.38,2286.63,2320.9,10155470375
2024-09-16,2320.89,2334.79,2253.72,2295.28,16819033263
2024-09-17,2295.28,2392.15,2263.79,2341.71,15356783863
2024-09-18,2341.73,2369.73,2278.66,2369.73,18159056422
2024-09-19,2369.37,2492.2,2369.37,2464.75,18437147349
2024-09-20,2464.78,2571.99,2439.38,2561.07,19112788620
2024-09-21,2560.88,2621.62,2530.84,2615.86,10797825021
2024-09-22,2615.85,2632.04,2528.52,2582.86,13180663011
2024-09-23,2582.77,2701.68,2541.91,2648.55,19912841456
2024-09-24,2648.48,2671.28,2593.15,2654.35,16658812503
2024-09-25,2654.36,2672.46,2557.72,2579.39,14119729962
2024-09-26,2579.22,2665.99,2559.95,2632.2,17336033595
2024-09-27,2632.24,2728.07,2616.95,2695.9,17023020294
2024-09-28,2695.82,2704.93,2652.25,2677.54,10252590559
2024-09-29,2677.63,2683.45,2635.58,2659.35,11126215671
2024-09-30,2659.29,2662.49,2576.98,2603.06,17826446789
2024-10-01,2603.26,2657.62,2415.08,2448.92,25482371785
2024-10-02,2448.88,2498.12,2354.54,2365.23,20148256472
2024-10-03,2365.21,2402.86,2311.03,2349.79,18051447791
2024-10-04,2349.73,2440.24,2339.87,2414.79,14879264082
2024-10-05,2414.85,2427.52,2390.84,2415.63,8152969183
2024-10-06,2415.53,2456.63,2407.1,2439.96,8458690205
2024-10-07,2439.94,2520.41,2405.13,2421.8,17414044416
2024-10-08,2421.98,2464.13,2400.51,2439.84,14067361080
2024-10-09,2439.84,2470.91,2350.95,2368.28,14954047093
2024-10-10,2368.27,2417.29,2329.78,2383.86,15327769940
2024-10-11,2383.94,2470.4,2380.5,2436.51,13489061564
2024-10-12,2436.52,2488.24,2434.2,2476.52,9372169184
2024-10-13,2476.52,2484.13,2436.97,2467.68,9189490605
2024-10-14,2467.65,2652.88,2443.55,2628.9,21434687898
2024-10-15,2629.02,2685.17,2537.94,2606.02,22003780898
2024-10-16,2606.02,2644.85,2589.61,2611.1,17012396419
2024-10-17,2611.19,2646.87,2577.31,2604.27,15150712321
2024-10-18,2604.81,2674.37,2595.96,2641.55,17043738652
2024-10-19,2641.49,2661.87,2631.66,2648.66,8557834553
2024-10-20,2648.67,2756.44,2635.95,2746.36,14559296242
2024-10-21,2746.31,2765.55,2655.29,2665.71,17328615363
2024-10-22,2665.66,2669.79,2605.62,2620.2,15541911074
2024-10-23,2620.09,2624.45,2457.17,2509.1,17876984551
2024-10-24,2523.61,2559.15,2506.72,2534.5,16128627601
2024-10-25,2534.45,2563.73,2381.45,2435.93,22560233078
2024-10-26,2436.05,2503.23,2427.46,2479.6,13597102184
2024-10-27,2479.94,2523.17,2462.27,2505.94,9801434566
2024-10-28,2505.59,2587.43,2470.27,2565.35,18971841402
2024-10-29,2565.42,2680.05,2560.15,2637.96,22185845095
2024-10-30,2637.64,2720.27,2600.61,2657.37,22382690746
2024-10-31,2657.21,2667.56,2501.57,2515.8,19760409505
2024-11-01,2515.87,2583.78,2467.82,2511.89,20215438328
2024-11-02,2512.21,2522.36,2471.96,2491.07,9639457439
2024-11-03,2491.09,2495.44,2411.4,2456.43,15667779706
2024-11-04,2456.1,2488.35,2359.58,2397.03,17110200696
2024-11-05,2397.04,2478.62,2380.6,2422.65,17894057485
2024-11-06,2422.54,2743.96,2421.81,2724.17,41887574364
2024-11-07,2724.01,2918.74,2701.59,2895.59,35352318438
2024-11-08,2895.6,2983.74,2889.48,2962.3,32303261101
2024-11-09,2962.79,3156.37,2957.18,3131.14,29210133088
2024-11-10,3130.73,3249.91,3073.25,3191.33,47418730187
2024-11-11,3191.66,3389.53,3109.77,3374.81,55417771668
2024-11-12,3375.15,3444.15,3211.2,3246.26,56686078066
2024-11-13,3244.54,3337.88,3121.67,3192.6,52010205682
2024-11-14,3192.52,3240.27,3032.97,3058.95,35743352141
2024-11-15,3059.53,3130.7,3016.14,3103.04,32701369872
2024-11-16,3089.74,3218.09,3073.29,3133.27,26650658846
2024-11-17,3133.31,3160.15,3039.25,3075.66,28348163224
2024-11-18,3075.72,3225.13,3052.49,3207.86,35445557613
2024-11-19,3208.25,3222,3070.36,3111.38,29823634432
2024-11-20,3111.12,3159.95,3032.6,3072.19,29785491216
2024-11-21,3072.06,3388.54,3035.85,3361.05,51619069348
2024-11-22,3360.65,3428.46,3262.81,3331.6,36775716442
2024-11-23,3331.65,3499.37,3317.65,3396.22,38835184688
2024-11-24,3397,3451.8,3288.43,3363.66,27901454185
2024-11-25,3364.6,3545.28,3304.09,3413.54,51544793988
2024-11-26,3412.95,3461.29,3255.54,3326.52,39902959158
2024-11-27,3326.03,3687.01,3303.57,3657.25,43383987191
2024-11-28,3656.61,3664.88,3531.87,3579.81,32362724276
2024-11-29,3579.91,3647.26,3538.45,3593.49,27622629486
2024-11-30,3593.6,3739.93,3572.25,3705.71,30670867436
2024-12-01,3706.62,3747.46,3663.23,3711.17,28018113530
2024-12-02,3710.5,3761.34,3557.25,3644.2,47284967570
2024-12-03,3643.74,3670.22,3504.23,3620.71,36839829742
2024-12-04,3620.04,3895.17,3617.74,3841.33,56799745752
2024-12-05,3840.84,3956.54,3683.42,3811.01,60568296606
2024-12-06,3792.21,4093.17,3782.68,4005.81,52853668566
2024-12-07,4006.03,4029.45,3974.18,4002.69,22574636761
2024-12-08,4007.69,4018,3927.85,4005.7,20943378971
2024-12-09,4006.1,4008.78,3525.23,3718.69,57029832059
2024-12-10,3719,3780.75,3520.37,3631.83,58416417599
2024-12-11,3631.28,3850.77,3567.57,3832.82,35968053196
2024-12-12,3833.17,3987.01,3800.09,3883.1,42971675764
2024-12-13,3883.03,3967.4,3855.02,3911.21,34895127659
2024-12-14,3910.85,3943.28,3826.76,3868.41,28756190559
2024-12-15,3868.44,3971.5,3832.1,3951.94,25069616984
2024-12-16,3951.65,4106.96,3882.71,3987.48,46536359669
2024-12-17,3987.33,4040.34,3849.29,3886.77,35418700472
2024-12-18,3886.89,3902.72,3617.84,3618.79,48946681636
2024-12-19,3619.58,3717.66,3330.87,3417.93,58879190250
2024-12-20,3417.93,3496.33,3098.2,3472.55,66383827229
2024-12-21,3472.59,3552.92,3293.51,3337.22,31579389836
2024-12-22,3337,3398.66,3219.29,3277.54,24780768375
2024-12-23,3277.51,3461.53,3217.37,3415.79,34496081389
2024-12-24,3415.74,3535.86,3355.61,3492.05,23083678195
2024-12-25,3491.96,3542.83,3440.1,3493.24,17651873225
2024-12-26,3493.3,3512.6,3302.31,3331.23,22247726776
2024-12-27,3331.05,3436.71,3302.58,3328.92,24091627403
2024-12-28,3328.77,3419.92,3318.03,3397.9,14305648523
2024-12-29,3397.86,3406.65,3321.66,3349.51,13440907792
2024-12-30,3349.59,3428.53,3298.8,3356.39,26981583962
2024-12-31,3356.39,3444.4,3311.41,3332.53,20845452085
2025-01-01,3332.41,3366.53,3310.26,3353.5,14195410493
2025-01-02,3353.41,3493.45,3348.35,3451.39,22243574698
2025-01-03,3451.68,3627.06,3421.83,3605.01,21877299255
2025-01-04,3605.2,3669.2,3574.33,3657.71,16060610759
2025-01-05,3657.74,3673.81,3594.62,3634.1,12830306908
2025-01-06,3634.11,3743.94,3611.21,3688.61,23973574043
2025-01-07,3688.34,3701.11,3358.09,3381.58,32235312545
2025-01-08,3381.62,3413.68,3209.21,3326.33,34337730882
2025-01-09,3326.36,3355.86,3159.38,3219.43,28815726276
2025-01-10,3219.5,3320.5,3196.11,3267.49,26503845190
2025-01-11,3267.52,3317.65,3219.7,3282.22,11772144561
2025-01-12,3282.15,3298.02,3224.51,3265.95,11647743556
2025-01-13,3266.1,3335.19,2920.59,3135.5,39911742769
2025-01-14,3135.67,3254.75,3126.81,3223.68,22847737224
2025-01-15,3223.68,3473.1,3186.14,3450.54,25991614661
2025-01-16,3450.31,3458.18,3265.68,3308.35,26395516475
2025-01-17,3308.19,3525.54,3307.31,3474.11,28200207229
2025-01-18,3473.56,3493.06,3228.33,3305.79,32420094038
2025-01-19,3305.4,3444.21,3127.62,3208.96,57242875399
2025-01-20,3208.93,3444.28,3147.52,3278.04,52383187336
2025-01-21,3278.44,3365.78,3202.49,3327.41,32804001146
2025-01-22,3327.24,3364.75,3223.39,3240.22,22171220981
2025-01-23,3240.48,3346.73,3184.07,3334.71,32419520084
2025-01-24,3334.81,3424.9,3277.32,3309.55,25578325671
2025-01-25,3309.71,3349.3,3270.27,3317.27,13744316078
2025-01-26,3317.29,3359.31,3233.92,3236.13,14471528757
2025-01-27,3235.86,3250.4,3024.09,3178.92,39412486482
2025-01-28,3179.09,3222.74,3040.09,3077.11,20718206194
2025-01-29,3076.38,3177.98,3055.18,3113,22727786058
2025-01-30,3113.29,3282.99,3093.12,3247.78,19958405782
2025-01-31,3247.87,3437.57,3214.94,3298.27,30128115902
2025-02-01,3298.82,3329.66,3103.92,3118.33,19917507079
2025-02-02,3118.61,3161.89,2755.47,2868.69,42060930305
2025-02-03,2868.08,2919.48,2159.28,2884.57,92453553253
2025-02-04,2883.82,2888.25,2636.17,2735.05,48795275985
2025-02-05,2735.23,2824.4,2701.1,2787.78,31960764447
2025-02-06,2787.66,2857.14,2662.45,2688.4,29500645692
2025-02-07,2688.9,2798.03,2564.97,2622.21,29526663418
2025-02-08,2623,2665.48,2591.78,2632.31,17059263074
2025-02-09,2632.58,2695.22,2530.44,2628.72,17517088276
2025-02-10,2628.65,2692.81,2564.02,2661.17,19414208113
2025-02-11,2661.32,2724.9,2565.4,2602.78,21156550492
2025-02-12,2602.83,2794.87,2551.17,2736.9,26919387954
2025-02-13,2737.03,2756.44,2615.67,2675.9,19481004625
2025-02-14,2675.94,2790.02,2666.27,2726.09,17732289901
2025-02-15,2726.07,2738.68,2668.53,2693.56,10803019357
2025-02-16,2693.56,2724.1,2655.3,2663.32,10593602117
2025-02-17,2663.23,2848.78,2640.18,2743.2,24170425078
2025-02-18,2743.02,2754.68,2606.9,2669.34,23004152928
2025-02-19,2669.21,2735.92,2656.38,2715.77,15272401903
2025-02-20,2715.68,2770.03,2708.22,2740.39,15917259320
2025-02-21,2740.02,2842.83,2616.92,2659.66,31441524621
2025-02-22,2660.04,2797.06,2653.87,2764.03,16403164397
2025-02-23,2764.03,2850.61,2746.77,2821.31,20493767269
2025-02-24,2820.46,2839.01,2478.9,2513.82,29127380459
2025-02-25,2514.21,2529.67,2326.63,2493.59,40044790246
2025-02-26,2493.38,2503.42,2255.05,2331.45,28815111323
2025-02-27,2331.51,2378.09,2230.45,2305.48,24286213447
2025-02-28,2305.56,2310.95,2076.17,2237.91,35737904667
2025-03-01,2237.94,2279.87,2144.09,2216.64,16135258239
2025-03-02,2216.52,2548.81,2175.32,2519.69,34854193845
2025-03-03,2519.53,2522.32,2097.08,2145.57,31473561910
2025-03-04,2145.65,2220.36,1996.77,2170.02,33935738380
2025-03-05,2169.99,2272.8,2156.1,2241.98,22105432727
2025-03-06,2241.91,2319.4,2177.68,2202.48,18509069102
2025-03-07,2202.5,2254.23,2103.47,2138.99,22425792863
2025-03-08,2139.8,2232.33,2107.73,2201.51,10533204814
2025-03-09,2201.71,2210.31,1991.19,2015.51,16103964994
2025-03-10,2015.43,2150.71,1812.77,1861.15,35005066442
2025-03-11,1859.78,1961.8,1760.94,1919.84,30898385863
2025-03-12,1919.66,1954.57,1832.02,1908.98,22898872951
2025-03-13,1909.02,1919.69,1823.53,1862.97,17977225564
2025-03-14,1863,1945.09,1861.11,1909.47,12122715282
2025-03-15,1909.53,1955.24,1904.97,1937.39,6456484591
2025-03-16,1937.38,1940.47,1863.49,1887.44,9292997638
2025-03-17,1887.45,1951.63,1880.48,1927,10436892087
2025-03-18,1927.01,1935.18,1872.51,1932.54,10170844746
2025-03-19,1932.54,2068.76,1928.25,2057.75,20065206266
2025-03-20,2057.95,2067.48,1952.24,1982.1,13217865782
2025-03-21,1981.85,1994.89,1937.21,1964.85,9708125480
2025-03-22,1964.94,2005.04,1964.27,1980.04,6117036512
2025-03-23,1979.98,2019.89,1977.71,2005.3,7522339707
2025-03-24,2005.72,2101.98,1978.76,2077.48,14044912402
2025-03-25,2078.57,2096.52,2038.64,2067.76,11735658914
2025-03-26,2067.51,2078.37,1982.41,2009.19,13178523590
2025-03-27,2008.94,2037.4,1987.72,2002.36,11593274543
2025-03-28,2002.41,2015.45,1863.01,1895.5,18160526498
2025-03-29,1895.55,1911.9,1799.2,1827.32,12194771785
2025-03-30,1827.31,1847.57,1769.41,1806.22,9854857162
2025-03-31,1806.32,1852.55,1778.69,1823.48,15765030938
2025-04-01,1823.56,1926.3,1820.35,1905.49,15001220420
2025-04-02,1905.48,1951.18,1782.76,1795.31,22593742104
2025-04-03,1794.98,1844.07,1751.38,1815.64,16450974373
2025-04-04,1815.61,1833.96,1760.59,1815.34,18061720814
2025-04-05,1815.34,1826.3,1767.51,1805.97,6374712479
2025-04-06,1805.96,1815.57,1539.44,1576.73,22154445576
2025-04-07,1576.95,1634.04,1415.37,1555.24,46073959047
2025-04-08,1554.93,1617.34,1447.61,1472.55,21315312919
2025-04-09,1472.6,1687.19,1386.8,1668.04,39252195855
2025-04-10,1668.2,1669.39,1474.91,1522.52,21379604307
2025-04-11,1522.47,1587.54,1505,1567.15,14871838813
2025-04-12,1567.16,1666.02,1546.82,1643.53,12110995013
2025-04-13,1643.5,1648.29,1564.84,1596.69,13909890792
2025-04-14,1596.88,1689.86,1596.09,1622.77,16518325094
2025-04-15,1622.77,1659.84,1585.23,1588.63,13175452875
2025-04-16,1589.03,1610.78,1540.03,1578.11,15339621551
2025-04-17,1578.01,1615.31,1564.2,1582.55,11312160796
2025-04-18,1582.4,1599.42,1573.9,1588.92,7123507323
2025-04-19,1588.97,1629.05,1585.47,1612.92,7168138700
2025-04-20,1612.97,1618.44,1566.69,1587.51,7642784469
2025-04-21,1587.46,1656.12,1566.15,1579.73,15403785611
2025-04-22,1579.82,1773.64,1542,1757.33,23747917555
2025-04-23,1757.2,1829.71,1746.92,1796.1,22904644756
2025-04-24,1795.98,1801.69,1724.74,1769.83,15207402759
2025-04-25,1770,1826.7,1740.33,1786.63,17459399281
2025-04-26,1786.53,1839.36,1781.47,1821.88,11926379867
2025-04-27,1822.18,1856.44,1785.9,1792.86,11321944113
2025-04-28,1792.45,1827.48,1747.73,1798.85,17043640437
2025-04-29,1798.91,1842.03,1782.28,1799.18,14734257744
2025-04-30,1799.21,1816.69,1736.14,1793.78,14810431362
2025-05-01,1794.04,1872.94,1793.15,1839.22,15861442721
2025-05-02,1839.17,1869.53,1814.73,1842.71,13570171872
2025-05-03,1842.72,1848.25,1812.82,1833.84,8344452620
2025-05-04,1833.65,1850,1804.5,1808.59,8918979887
2025-05-05,1808.7,1832.05,1783.31,1819.7,11389336489
2025-05-06,1819.73,1820.8,1753.32,1815.09,13206516310
2025-05-07,1815.02,1849.66,1788.69,1811.61,50540755039
2025-05-08,1811.55,2222.21,1809.46,2206.51,37777245241
2025-05-09,2206.13,2486.01,2186.05,2345.51,43766026875
2025-05-10,2345.76,2597.54,2320.24,2582.42,30265913403
2025-05-11,2582.71,2603.26,2441.73,2510.24,26496368543
2025-05-12,2510.29,2620.9,2411.59,2496.4,32121858921
2025-05-13,2496.34,2736.89,2418.33,2680.13,33528741590
2025-05-14,2680.26,2721.95,2549.69,2610.06,26602676588
2025-05-15,2610.03,2645.07,2482.21,2546.86,26637688883
2025-05-16,2547.06,2645.61,2532.03,2536.3,21298907763
2025-05-17,2536.3,2537.78,2449.07,2475.75,18830706230
2025-05-18,2475.77,2585.7,2344.67,2498.23,25005164865
2025-05-19,2498.8,2545.46,2353.43,2529.17,27351331811
2025-05-20,2529.14,2585.62,2446.45,2524.17,23453322578
2025-05-21,2524.16,2614.06,2454.54,2552.35,31952904125
2025-05-22,2552.77,2691.1,2546.43,2664.16,26596978352
2025-05-23,2664.08,2731.22,2504.87,2526.44,30536501878
2025-05-24,2526.39,2575.13,2516.02,2530.65,11380899856
2025-05-25,2530.89,2553.87,2467.88,2551.76,14556431364
2025-05-26,2551.38,2598.57,2530.32,2564.14,14936610009
2025-05-27,2564.14,2712.29,2512.59,2663.07,26264200536
2025-05-28,2663.01,2688.74,2611.16,2682.21,19087366068
2025-05-29,2681.84,2784.75,2620.98,2632.65,27567479811
2025-05-30,2632.84,2648.26,2510.16,2529.94,24599403943
2025-05-31,2529.83,2550.48,2484.22,2529.09,13992843765
2025-06-01,2529.1,2547.77,2472.54,2536.27,13287852482
2025-06-02,2536.18,2615.52,2477.29,2607.1,16744168824
2025-06-03,2607.2,2652.42,2582.25,2593.28,18291179016
2025-06-04,2593.48,2677.97,2585.74,2608.64,18621211035
2025-06-05,2608.61,2640.6,2395.75,2416.29,26194462737
2025-06-06,2416.46,2530.39,2387.61,2477.19,19407449565
2025-06-07,2477.18,2543.05,2459.14,2526.51,11664303387
2025-06-08,2526.19,2547.47,2493.92,2510.79,12097170203
2025-06-09,2510.84,2693.81,2479.87,2681.52,20605172560
2025-06-10,2681.29,2824.81,2658.68,2813.52,35555755055
2025-06-11,2813.74,2877.63,2746.46,2773.53,30705408054
2025-06-12,2773.6,2784.26,2619.97,2651.8,25924959613
2025-06-13,2651.92,2651.92,2443.96,2579.49,37986747138
2025-06-14,2579.72,2580.16,2491.49,2533.44,14285000473
2025-06-15,2533.18,2558.68,2493.2,2546.84,13961893828
2025-06-16,2547.23,2680.09,2517.15,2540.6,22792449577
2025-06-17,2540.31,2617.9,2456.65,2510.76,25653232897
2025-06-18,2510.82,2546.63,2469.05,2524.3,19873957905
2025-06-19,2524.4,2546.77,2486.1,2521.65,12782730709
2025-06-20,2521.53,2569.01,2371.47,2407.3,22592586688
2025-06-21,2407.35,2448.41,2222.81,2300.5,16108791762
2025-06-22,2298.84,2313.85,2116.68,2228.21,28458151601
2025-06-23,2228.48,2434.24,2191.42,2421.82,26247439429
2025-06-24,2421.83,2481.22,2379.57,2448.01,19539047009
2025-06-25,2448.74,2468.68,2394.61,2419.31,17158118625
2025-06-26,2419.15,2519.62,2399.53,2416.15,18300413888
2025-06-27,2416.02,2463.15,2386.32,2423.87,15309834970
2025-06-28,2423.93,2448.19,2407.76,2437.11,8273074809
2025-06-29,2437.11,2523.32,2417.63,2500.96,12500580479
2025-06-30,2500.61,2521.72,2438.05,2486.46,16859727663
2025-07-01,2486.43,2500.59,2389.82,2405.79,15025451796
2025-07-02,2405.86,2616.78,2378.39,2571.34,22792512025
2025-07-03,2570.8,2635.19,2558.58,2591.01,20873559425
2025-07-04,2590.85,2601.12,2475.75,2508.52,17222740209
2025-07-05,2508.1,2529.84,2489,2517.28,9289382302
2025-07-06,2517.28,2603.06,2505.37,2571.24,13190436110
2025-07-07,2571.4,2589.32,2517.9,2543.01,18440266947
2025-07-08,2542.97,2626.66,2525.44,2615.51,17537487206
2025-07-09,2615.51,2794.52,2591.95,2770.78,27229452849
2025-07-10,2770.74,2995.15,2757.27,2954.85,33929201261
2025-07-11,2954.83,3038.14,2916.96,2957.89,36226558863
2025-07-12,2958.33,2979.78,2907.19,2942.91,16317198254
2025-07-13,2942.85,3016.39,2938.74,2973.36,17361753131
2025-07-14,2973.23,3079.99,2965.32,3013.35,36349290556
2025-07-15,3013.29,3142.43,2934.37,3139.89,39013656112
2025-07-16,3139.89,3422.6,3102.48,3371.51,46771354461
2025-07-17,3371.51,3521.69,3316,3476.78,47532846793
2025-07-18,3476.12,3674.86,3463.39,3549.02,59198465810
2025-07-19,3548.93,3608.28,3512.97,3595.27,26031719746
2025-07-20,3595.24,3819.4,3582.35,3759.47,44600451066
2025-07-21,3758.92,3856.77,3705.35,3763.37,42611467663
2025-07-22,3762.88,3798.1,3624.14,3749.15,45248868820
2025-07-23,3749.24,3765.03,3532.86,3629.7,41283228953
2025-07-24,3629.73,3771.38,3515,3708.01,40377960354
2025-07-25,3708.01,3744.82,3579.96,3727.27,42264509577
2025-07-26,3727.24,3789.79,3702.77,3741.4,24635287361
2025-07-27,3741.26,3876.93,3733.68,3875.25,28897450394
2025-07-28,3875.26,3940.65,3756.52,3787.43,35831336149
2025-07-29,3788.32,3884,3716.88,3793.45,35540435995
2025-07-30,3793.58,3832.88,3683.14,3808.2,34392494235
2025-07-31,3808.25,3877.47,3685,3696.71,32839839444
2025-08-01,3696.14,3722.59,3432.38,3488.37,46261558200
2025-08-02,3487.96,3535.56,3370.94,3392.74,30165065282
2025-08-03,3392.74,3520.83,3357.94,3497.38,19363593865
2025-08-04,3497.61,3734.98,3491.55,3718.99,30905749658
2025-08-05,3719.82,3720.66,3547.62,3611.9,32778742296
2025-08-06,3612.04,3698.12,3567.1,3683.92,26924415763
2025-08-07,3684.06,3926.2,3650.37,3914.33,38627826066
2025-08-08,3914.11,4068.85,3882.44,4009.85,45460293892
2025-08-09,4009.15,4323.76,4007.71,4263.6,45279715746
2025-08-10,4263.55,4332.21,4163.94,4254.22,36173931367
2025-08-11,4254.23,4362.09,4168.88,4226.97,49989853803
2025-08-12,4227.21,4634.06,4222.36,4590.92,57237189036
2025-08-13,4590.66,4784.67,4566.24,4756.28,62550014642
2025-08-14,4756.04,4788.55,4461.28,4548.17,75681632806
2025-08-15,4549.08,4667.73,4375.55,4439.99,55445715824
2025-08-16,4440,4493.15,4379.16,4426.18,26816931514
2025-08-17,4426.26,4575.88,4400.71,4473.27,31348101438
2025-08-18,4473.33,4484.01,4229.38,4312.5,53518423360
2025-08-19,4312.53,4355.08,4070.54,4073.46,50440367102
2025-08-20,4073.17,4376.79,4064.97,4334.5,49577862965
2025-08-21,4334.57,4338.83,4205.78,4223.21,33618359942
2025-08-22,4223.73,4884.23,4209.47,4831.35,75965521535
2025-08-23,4831.09,4831.61,4669.73,4776.09,36503623278
2025-08-24,4776.7,4953.73,4714.47,4779.65,52405003873
2025-08-25,4779.77,4796.35,4343.95,4372.99,63936163545
2025-08-26,4372.88,4632.07,4316.3,4600.43,53829747706
2025-08-27,4600.51,4659.99,4489.3,4503.39,43509902322
2025-08-28,4503.63,4629.03,4435.11,4507.18,36045274078
2025-08-29,4507.63,4513.86,4272.46,4360.15,46899991962
2025-08-30,4360.09,4413.27,4264.2,4374.15,25883112278
2025-08-31,4374.89,4497.18,4373.6,4390.02,26683044984
2025-09-01,4389.63,4490.35,4221.25,4314.47,37530746508
2025-09-02,4314.39,4414.93,4260.46,4325.37,39884692334
2025-09-03,4324.7,4489.2,4286.21,4450.39,35260873497
2025-09-04,4450.22,4483.45,4268.59,4298.74,34919798552
2025-09-05,4298.84,4484.36,4258.05,4306.99,44163736676
2025-09-06,4306.97,4327.44,4244.75,4274.24,18108246446
2025-09-07,4274.17,4334.27,4271.53,4305.35,17426783536
2025-09-08,4305.38,4381.27,4279.97,4308.07,32277142378
2025-09-09,4308.28,4381.23,4277.85,4309.04,30703320925
2025-09-10,4309.09,4450.42,4286.06,4349.15,39521365146
2025-09-11,4349.2,4471.7,4339.72,4461.23,35959212991
2025-09-12,4461.48,4734.27,4453.28,4715.25,43839753626
2025-09-13,4714.7,4763.36,4609.13,4668.18,34843845977
2025-09-14,4668.17,4690.64,4581.85,4609.6,28394160275
2025-09-15,4609.72,4670.53,4469.86,4526.82,40224062009
2025-09-16,4526.08,4537.6,4428.33,4503.56,32761501436
2025-09-17,4503.64,4617.23,4429.64,4592.73,44120899417
2025-09-18,4592.44,4643.97,4556.27,4589.92,33497259158
2025-09-19,4589.51,4620.79,4443.26,4470.92,30352619653
2025-09-20,4470.98,4509.81,4459.16,4482.27,18056494322
2025-09-21,4482.58,4499.39,4447.12,4451.33,19330306133
2025-09-22,4451.58,4457.08,4092.4,4202.88,58221334533
2025-09-23,4203.02,4227.73,4120.82,4165.5,32460075911
2025-09-24,4165.41,4206.9,4081.35,4153.47,33538388785
2025-09-25,4153.52,4162.06,3829.01,3868.33,68963092031
2025-09-26,3868.69,4069.17,3868.43,4035.89,47873508328
2025-09-27,4035.91,4038.45,3975.76,4018.66,20382555776
2025-09-28,4018.66,4143,3969.79,4141.48,24631307054
2025-09-29,4141.36,4234.78,4087.93,4217.34,38560429932
2025-09-30,4217.06,4238.67,4095.44,4145.96,37679153330
2025-10-01,4146.03,4351.11,4125.54,4351.11,46161664723
2025-10-02,4352.24,4517.67,4336.53,4487.92,48074066058
2025-10-03,4486.93,4591.44,4431.48,4514.87,49603450230
2025-10-04,4514.91,4519.53,4444.01,4489.2,21832270764
2025-10-05,4489.05,4616.53,4472.14,4515.42,44880806324
2025-10-06,4515.3,4736.21,4492.87,4687.77,44992456374
2025-10-07,4687.71,4755.22,4443.57,4451.15,54879425294
2025-10-08,4451.11,4556.22,4417.77,4527.65,40456628235
2025-10-09,4526.96,4531.72,4273.56,4369.14,47903074596
2025-10-10,4369.07,4395.57,3460.22,3843.01,97736621123
2025-10-11,3840.96,3882.24,3652.79,3750.61,62475475938
2025-10-12,3750.95,4195.4,3701.48,4164.43,61216174681
2025-10-13,4164.05,4292.85,4061.22,4245.47,50253782420
2025-10-14,4245.37,4265.11,3895.97,4125.41,67094148347
2025-10-15,4125.36,4213.86,3935.16,3987.46,50462889453
2025-10-16,3987.15,4079.65,3829.65,3894.75,49147390731
2025-10-17,3894.38,3950.57,3678.62,3832.56,57404271888
2025-10-18,3833.01,3927.25,3822.27,3890.35,23815676385
2025-10-19,3890.58,4029.36,3843.77,3984.65,32870655221
2025-10-20,3984.7,4084.16,3911.73,3980.76,40224612563
2025-10-21,3980.74,4109.53,3843.23,3876.76,49960290350
2025-10-22,3877.36,3890.63,3718.08,3808.12,46173305673
2025-10-23,3808.08,3930.97,3801.24,3856.03,36361652714
2025-10-24,3856.03,4002.56,3849.72,3934.57,34090708715
2025-10-25,3934.49,3967.65,3914.64,3953.47,15245229017
2025-10-26,3953.44,4177.31,3923.19,4157.99,29120786315
2025-10-27,4158.01,4250.67,4099.57,4120.12,40271333201
2025-10-28,4120.27,4173.51,3940.83,3982.26,39684155177
2025-10-29,3980.76,4036.35,3849.54,3903.35,35255876156
2025-10-30,3903.32,3948.22,3681.91,3804.38,39981939289
2025-10-31,3805.08,3900.58,3797.67,3847.08,37800100395
2025-11-01,3847.17,3906.78,3832.63,3874.19,17490279524
2025-11-02,3873.89,3914.88,3840,3911.06,20479611654
2025-11-03,3911.75,3912.63,3560.26,3602.31,53091469560
2025-11-04,3602.04,3652.69,3063.09,3292.57,76827517773
2025-11-05,3292.15,3479.81,3170.51,3425.17,46955882330
2025-11-06,3425.36,3454.34,3245.28,3312.26,36731850433
2025-11-07,3312.03,3471.8,3195.9,3435.3,42609994022
2025-11-08,3435.15,3482.27,3357.71,3400.38,23613870398
2025-11-09,3400.1,3616.44,3359.72,3582.62,28821543888
2025-11-10,3583.44,3656.15,3508.99,3568.46,35638045619
2025-11-11,3568.47,3644.53,3404.86,3415.28,39734688531
2025-11-12,3415.8,3586.01,3373.71,3413.09,34898956623
2025-11-13,3412.99,3561.86,3156.03,3232.76,50283416669
2025-11-14,3232.3,3252.66,3071.97,3103.79,47003809463
2025-11-15,3104.23,3227.69,3104.23,3166.63,19932940649
2025-11-16,3166.79,3244.84,3007.07,3092.85,30987886524
2025-11-17,3092.94,3218.13,2957.31,3024.54,41026793235
2025-11-18,3024.41,3167.93,2948.33,3122.98,41581494270
2025-11-19,3122.65,3122.65,2871.23,3023.07,40229739844
2025-11-20,3022.89,3057.79,2790.6,2831.78,43917885207
2025-11-21,2829.26,2880.6,2626.87,2765.7,51476486049
2025-11-22,2766.09,2795.43,2704.5,2767.61,15408928941
2025-11-23,2767.59,2856.45,2767.47,2801.68,20358404499
2025-11-24,2801.2,2982.82,2763.38,2952.71,32491657389
2025-11-25,2952.58,2978.7,2857.84,2957.94,23336017779
2025-11-26,2958.33,3043.93,2889.89,3027.81,21433162961
2025-11-27,3027.8,3070.73,2987.2,3014.54,16972780500
2025-11-28,3014.54,3095.03,2995.77,3032.3,20659958964
2025-11-29,3032.3,3051.96,2966.85,2991.69,12775481230
2025-11-30,2991.38,3051.6,2978.83,2992.11,11530446514
2025-12-01,2991.92,2996.88,2720.44,2800.19,36679598313
2025-12-02,2800.22,3032.76,2784.39,2997.94,26593645111
2025-12-03,2997.8,3212.56,2988.14,3191.57,29949301036
2025-12-04,3188.34,3238.56,3071.31,3134.32,27434991113
2025-12-05,3134.36,3192.46,2989.83,3024.43,28000268228
2025-12-06,3024.49,3067.66,3013.98,3040.21,10962819760
2025-12-07,3040.18,3148.77,2930.65,3061.3,20383496376
2025-12-08,3061.01,3177.87,3043.7,3125.2,25262165670
2025-12-09,3124.94,3395.84,3092.88,3321.11,32012553374
2025-12-10,3321.2,3446.62,3290.15,3325.39,30694387989
2025-12-11,3324.39,3327.34,3149.03,3237.06,29066243707
2025-12-12,3237.03,3265.37,3050.27,3084.17,24391003174
2025-12-13,3084.13,3134.85,3080.08,3116.7,9916869400
2025-12-14,3116.74,3128.62,3034.69,3060.59,15619543350
2025-12-15,3060.48,3175.12,2899.69,2964.18,28765976892
2025-12-16,2964.38,2978.92,2890.01,2964.18,22709189818
2025-12-17,2964.02,3025.82,2791.33,2831.4,26159825528
2025-12-18,2831.49,2994.55,2777.12,2827.07,29194181349
2025-12-19,2827.41,3014.61,2811.39,2977.97,27870687989
2025-12-20,2977.87,2992.31,2967.84,2977.58,7612418215
2025-12-21,2977.51,3009.81,2945.39,3001.61,11178096676
2025-12-22,3001.61,3073.35,2965.18,3006.07,20342034264
2025-12-23,3006.07,3033.2,2902.33,2963.37,21453213168
2025-12-24,2962.92,2975.17,2888.99,2945.59,13984770325
2025-12-25,2945.42,2968.71,2891.11,2903.58,11828871179
2025-12-26,2903.62,2991.22,2894.15,2925.75,18562196049
2025-12-27,2925.75,2957.3,2917.27,2948,7378783299
2025-12-28,2947.9,2957.14,2925.75,2948.57,9227601389
2025-12-29,2948.56,3051.94,2908.75,2934.54,25957694515
2025-12-30,2934.42,3002.8,2916.33,2971.42,18816704381
2025-12-31,2971.41,3021.85,2959.14,2967.04,16451891101
2026-01-01,2967,3006.01,2966.85,3000.39,10268796662
2026-01-02,3000.45,3146.98,2989.9,3124.42,25242778003
2026-01-03,3124.31,3135.03,3077.47,3125.92,11460707919
2026-01-04,3125.96,3160.55,3119.43,3140.71,13890479323
2026-01-05,3141.49,3261.25,3134.09,3226.13,27211995956
2026-01-06,3226.12,3303.56,3184.01,3295.95,27853981622
2026-01-07,3295.91,3296.39,3126.55,3166.84,22665982583
2026-01-08,3166.92,3179.87,3052.51,3104.38,22760237888
2026-01-09,3104.33,3140.71,3058.1,3083.05,18879517395
2026-01-10,3083.17,3099.17,3075.14,3082.4,6960662969
2026-01-11,3082.41,3141.96,3080.75,3118.89,10497219711
2026-01-12,3118.83,3166.22,3068.07,3092.33,21152711365
2026-01-13,3092.01,3352.58,3088.51,3322.1,27237310134
2026-01-14,3322.19,3397.9,3280.38,3354.72,33926411912
2026-01-15,3354.77,3382.45,3276.82,3317.1,27598686935
2026-01-16,3317.34,3325.25,3251.81,3295.48,22732887284
2026-01-17,3295.48,3328.28,3282.66,3308.86,11206492253
2026-01-18,3308.91,3367.17,3278.43,3281.16,13557863288
2026-01-19,3282.2,3282.65,3166.02,3186.62,27956112545
2026-01-20,3186.62,3197.39,2925.54,2935.61,32985301273
2026-01-21,2935.88,3064.39,2867.26,2978.9,35797876195
2026-01-22,2979.31,3034.34,2905.56,2949.63,21993593333
2026-01-23,2949.45,3013.95,2892.52,2953.26,22417700837
2026-01-24,2953.24,2965.47,2942.44,2948.74,8198666763
2026-01-25,2948.53,2955.02,2785.9,2815.9,22414089670
2026-01-26,2815.77,2946,2811.07,2926.46,29668620102
2026-01-27,2926.2,3031.04,2898.31,3022.21,27976005223
2026-01-28,3022.24,3040.72,2981.59,3006.61,21751566455
2026-01-29,3006.26,3008.04,2751.65,2818.23,37487198041
2026-01-30,2818.14,2823.91,2633.84,2702.38,41877689970
2026-01-31,2702.3,2709.53,2248.7,2445.09,47569532203
2026-02-01,2445.07,2472.65,2224.12,2267.96,40358630560
2026-02-02,2267.56,2393.06,2158.94,2344.36,48844346396
2026-02-03,2344.45,2357.21,2109.06,2227.56,47906083919
2026-02-04,2227.97,2291.13,2074.1,2143.5,45219604814
2026-02-05,2143.62,2167.14,1818.66,1821.68,60381662655
2026-02-06,1821.13,2090.33,1748.63,2063.39,64998454203
2026-02-07,2063.33,2115.82,1995.92,2090.55,41145430304
2026-02-08,2090.63,2148.12,2066.38,2088.76,19541713443
2026-02-09,2087.92,2144.98,2008.36,2103.57,26750982266
2026-02-10,2104.18,2122.02,1990.14,2019.5,23267337087
2026-02-11,2019.58,2030.41,1903.69,1940.62,23922680362
2026-02-12,1940.84,1999.5,1897.33,1946.94,20106364835
2026-02-13,1946.61,2069.46,1924.14,2048.53,20412430639
2026-02-14,2048.33,2105.07,2042.64,2086.01,16925555543
2026-02-15,2085.95,2100.48,1929.39,1966.04,31030538835
2026-02-16,1965.92,2021.08,1938.55,1997.92,19219250473
2026-02-17,1997.92,2013.86,1941.78,1992.19,20929890501
2026-02-18,1992.2,2037.16,1923.81,1953.97,20187307041
2026-02-19,1953.99,1985.81,1906.82,1948.2,17380103826
2026-02-20,1948.27,1980.24,1923.62,1969.02,21682976627
2026-02-21,1968.86,1994.83,1955.79,1973.74,11561261802
2026-02-22,1973.57,1982.21,1934.86,1957.81,9488829492
2026-02-23,1958.14,1958.14,1838.04,1855.5,23731172668
2026-02-24,1855.47,1868.32,1804.11,1852.97,18475122228
2026-02-25,1852.88,2145.51,1847.05,2054.63,27717195805
2026-02-26,2053.78,2082.79,1976.36,2026.79,23327720766
2026-02-27,2026.74,2062.63,1888.63,1930.76,21136821039
2026-02-28,1930.75,1983.99,1837.3,1965.05,21675923669
2026-03-01,1965.39,2053.29,1909.1,1939.07,23649071468
2026-03-02,1939.06,2085.43,1922.44,2027.27,26235436166
2026-03-03,2027.41,2040.79,1930.4,1982.77,24100196312
2026-03-04,1982.71,2198.66,1946.04,2126.51,33610946768
2026-03-05,2126.56,2163.04,2056.02,2071.61,22383576284
2026-03-06,2072.03,2092.52,1957.02,1978.75,19733648079
2026-03-07,1978.69,1994.97,1950.02,1969.46,10236899078
2026-03-08,1969.45,1978.71,1915.3,1936.6,16314032554
2026-03-09,1936.64,2052.33,1930.6,1992.94,24015826480
2026-03-10,1992.99,2087.99,1992.01,2037.12,23552353781
2026-03-11,2037.12,2085.29,2008.04,2051.57,19031715359
2026-03-12,2051.77,2094.33,2019.28,2073.14,20624954899
2026-03-13,2073.29,2206.81,2071.58,2092.56,29345212033
2026-03-14,2092.56,2105.57,2062.66,2097.09,10073411269
2026-03-15,2096.88,2201.96,2084.21,2177.48,15333885132
2026-03-16,2177.78,2384.47,2166,2351.18,38938369545
2026-03-17,2351.13,2375.46,2297.67,2318.05,26737564550
2026-03-18,2318.56,2348.9,2154.58,2203.67,25617966362
2026-03-19,2203.48,2232.2,2099.89,2137.42,24090913749
2026-03-20,2137.39,2175.7,2117.28,2146.5,17970488517
2026-03-21,2146.71,2166.72,2072.38,2076.69,8654913047
2026-03-22,2077.2,2125.98,2027.05,2053.05,16438149794
2026-03-23,2052.95,2195.99,2023.27,2152.15,28509077302
2026-03-24,2152.11,2174.33,2103.38,2155.7,18389631713
2026-03-25,2155.72,2198.37,2146.62,2168.02,17086301657
2026-03-26,2168.03,2171.16,2033.73,2059.58,18628112246
2026-03-27,2059.45,2075.17,1971.51,1991.27,19453998121
2026-03-28,1991.28,2038.7,1982.13,1992.69,8641221084
2026-03-29,1992.69,2016.55,1939.53,1982.56,9451184647
2026-03-30,1982.55,2082.06,1979.08,2023.51,17840662425
2026-03-31,2023.52,2118.8,2011.8,2104.71,21278561395
2026-04-01,2104.72,2165.67,2082.29,2138.74,19542997434
2026-04-02,2138.72,2158.16,2016.99,2056.85,18847170816
2026-04-03,2056.7,2075.76,2042.18,2053.39,9609678843
2026-04-04,2053.58,2082,2044.87,2065.35,6926913517
2026-04-05,2065.37,2120.5,2022.65,2109,9928800793
2026-04-06,2108.94,2172.99,2089.1,2107.76,19097527675
2026-04-07,2107.78,2270.59,2061.47,2241.81,22588914083
2026-04-08,2242.28,2269.88,2181.23,2190.34,21469476310
2026-04-09,2190.33,2243.97,2158.02,2189.14,17218638798
2026-04-10,2189.38,2257.18,2176.85,2245.15,17131968712
2026-04-11,2245.1,2327.46,2230.75,2285.39,12620960384
2026-04-12,2285.43,2288.45,2177.49,2192.2,15307071617
2026-04-13,2192.33,2393.76,2176.32,2370.71,23709131572
2026-04-14,2370.31,2415.53,2304.41,2323.31,25185167270
2026-04-15,2323.34,2385,2310.71,2359.44,17004367348
2026-04-16,2359.7,2369.17,2285.71,2348.65,20602833116
2026-04-17,2348.85,2464.78,2318.14,2421.07,26467618336
2026-04-18,2421.1,2427.28,2341.13,2351.1,14400085617
2026-04-19,2350.86,2355.78,2254.7,2264.92,17083701612
2026-04-20,2264.87,2346.27,2262.05,2315.21,19084768822
2026-04-21,2315.18,2338.01,2287.38,2327.97,16107716719
2026-04-22,2327.96,2422.86,2314.59,2376.09,22465555335
2026-04-23,2376.09,2380.14,2287.55,2331.51,19909161913
2026-04-24,2331.57,2337.27,2301.53,2315.69,13371168064
2026-04-25,2315.74,2323.41,2302.2,2318.83,6545621782
2026-04-26,2318.91,2379.32,2307.57,2369.73,10622966933
2026-04-27,2369.84,2403.73,2267.41,2303.06,17879618684
2026-04-28,2303.08,2310.44,2259.06,2289.42,12761522276
2026-04-29,2289.41,2345.94,2221.22,2253.42,21884731493
2026-04-30,2253.48,2277.72,2232.13,2256.25,12309496389
2026-05-01,2256.34,2324.79,2256.08,2295.09,13243880777
2026-05-02,2295.04,2339.74,2292.72,2316.23,6905015549
2026-05-03,2316.21,2354.71,2297.55,2321.64,9861070993
2026-05-04,2321.82,2397.61,2309.26,2346.4,25497505008
2026-05-05,2346.42,2398.83,2344.93,2361.18,17739612383
2026-05-06,2361.29,2423.04,2338.48,2350.8,22745786496
2026-05-07,2350.85,2351.74,2280.81,2291.11,23409823896
2026-05-08,2291.08,2320.69,2265.83,2306.97,20013463010
2026-05-09,2307.07,2336.93,2300.54,2326.73,12217205123
2026-05-10,2326.74,2381.26,2313.13,2369.04,19587186882
2026-05-11,2369.19,2374.3,2305.08,2339.36,15525623296
2026-05-12,2339.29,2339.69,2256.42,2274.64,16145394773
2026-05-13,2274.59,2322.23,2233.55,2257.58,15193768365
2026-05-14,2257.57,2317.95,2238.47,2280.93,17563432027
2026-05-15,2280.93,2298.69,2204.77,2223.33,18146855938
2026-05-16,2223.34,2229.85,2162.05,2179.75,11451672017
2026-05-17,2179.85,2196.78,2097.02,2127.65,10143205921
2026-05-18,2127.68,2155.96,2078.62,2128.52,19890789125
2026-05-19,2128.53,2143.56,2093.48,2109.96,12030742868
2026-05-20,2109.85,2146.51,2101.83,2126.98,12076799234
2026-05-21,2127.17,2154.22,2103.46,2131.41,14344389472
2026-05-22,2131.37,2138.98,2056.93,2064.64,13229489284
2026-05-23,2064.63,2145.58,2010.55,2115.95,16650709488
2026-05-24,2115.54,2127.31,2061.33,2097.99,10602558120
2026-05-25,2097.99,2138.41,2090.52,2111.37,10167436482
2026-05-26,2111.37,2138.01,2054.36,2070.86,15924080901
2026-05-27,2070.87,2092.98,2014.63,2022.2,14534289020
2026-05-28,2022.09,2025.76,1966.28,2007.55,18109844096
2026-05-29,2007.55,2042.54,1975.19,2011.98,14941194039
2026-05-30,2011.91,2028.44,2000.17,2019.46,7478416074
2026-05-31,2019.24,2034.12,1991.91,2004.34,9253505209
2026-06-01,2004.24,2017.61,1956.15,2003.22,19458810001
2026-06-02,2003.26,2003.97,1838.06,1857.72,25205401403
2026-06-03,1857.64,1889.06,1771.31,1811.73,24083350214
2026-06-04,1811.74,1817.35,1717.8,1769.58,27112623897
2026-06-05,1769.99,1772.11,1540.16,1580.86,39924177669
2026-06-06,1580.88,1599.95,1506.51,1568.77,18426248218
2026-06-07,1568.75,1714.97,1563.78,1686.4,15172606860
2026-06-08,1686.25,1713.47,1644.79,1690.15,17427269148
2026-06-09,1690.21,1695.52,1613.83,1637.71,15196855528
2026-06-10,1637.63,1665.76,1603.83,1620.14,12655731412
2026-06-11,1620.14,1690.45,1620.08,1672.28,12379882531
2026-06-12,1671.82,1689.44,1650.63,1665.13,9989137815
2026-06-13,1665.05,1693.6,1661.61,1680.21,6101094488
2026-06-14,1680.15,1729.35,1654.21,1724.61,7804982667
2026-06-15,1724.57,1847.77,1709.25,1794.96,17921331594
2026-06-16,1794.94,1837.2,1758.13,1790.4,14698492893
2026-06-17,1790.4,1807.28,1724.72,1747.89,14185457929
2026-06-18,1747.88,1760.88,1670.1,1709.53,12942260783
2026-06-19,1709.5,1717.19,1678.2,1710.98,7855725190
2026-06-20,1710.98,1747.26,1702.8,1739.3,7773536600
2026-06-21,1739.34,1739.49,1701.94,1704.58,8498711726
2026-06-22,1704.63,1776.83,1704.52,1726.51,13584368622
2026-06-23,1726.52,1733.61,1638.25,1665.44,10431438278
2026-06-24,1665.31,1687.49,1551.48,1619.92,14059894232
2026-06-25,1619.89,1656.65,1531.78,1564.82,15976182558
2026-06-26,1564.61,1590.2,1510.51,1576.62,15272225856
2026-06-27,1576.59,1607.87,1561.97,1571.59,6111411513
2026-06-28,1571.56,1585.22,1548.76,1570.36,6231562560
2026-06-29,1569.99,1633.65,1550.04,1610.21,11882501822
2026-06-30,1610.16,1611.35,1549.25,1569.58,9639804637
2026-07-01,1569.91,1642.45,1551.14,1608.96,11666600557
2026-07-02,1609.01,1720.34,1595.94,1698.17,13538465176
2026-07-03,1698.42,1772.54,1693.04,1756.52,10177742550
2026-07-04,1756.58,1804.59,1743.56,1779.03,8083146790
2026-07-05,1779.04,1805.91,1749.14,1783.01,11323496681
2026-07-06,1783,1829.51,1728.97,1797.57,16997487730
2026-07-07,1797.56,1810.33,1756.71,1768.51,9901110376
2026-07-08,1768.39,1782.86,1711.9,1742.68,10110272581
2026-07-09,1742.66,1760.21,1721.3,1744.48,7763668656
2026-07-10,1744.47,1809.76,1736.72,1795.69,9431692646
2026-07-11,1795.82,1827.83,1786.3,1788.1,6901680020
2026-07-12,1787.57,1824.98,1779.64,1805.79,6064480351
2026-07-13,1805.76,1842.46,1749.35,1773.5,11436340419
2026-07-14,1773.47,1894.06,1772.02,1889.48,13835437084
2026-07-15,1889.5,1944.16,1863.64,1916.94,12684088080
2026-07-16,1916.98,1927.09,1856.78,1863.19,11412820341
2026-07-17,1863.22,1869.07,1803.05,1840.99,10651207679
2026-07-18,1841.1,1864.13,1836.61,1861.39,4754880124
2026-07-19,1861.42,1877.03,1852.73,1871.51,7004738486
2026-07-20,1871.28,1916.24,1842.82,1903.76,12042633315
2026-07-21,1903.69,1949.55,1900.07,1928.38,12526770542
2026-07-22,1928.2,1955.15,1909.61,1933.49,10800957306
2026-07-23,1933.47,1940.28,1868.52,1877.1,9768559906
2026-07-24,1877.1,1907.54,1846.82,1860.18,9056489653
2026-07-25,1860.18,1875.14,1849.83,1873.22,4367514252
2026-07-26,1873.24,1963.25,1872.38,1953.41,6638236222
2026-07-27,1953.41,1976.46,1882.42,1890.61,13679804759
2026-07-28,1890.63,1926.5,1856.34,1919.95,11476069704
2026-07-29,1919.99,1929.9,1873.62,1908.52,12003429702
2026-07-30,1908.59,1934.58,1892.2,1917.37,8075086285
2026-07-31,1917.14,1933.78,1847.47,1860.35,10253082786
2026-08-01,1860.37,1873.17,1821.49,1843.42,4889749337
2026-08-02,1843.42,1895.77,1842.15,1882.52,5798420478
2026-08-03,1882.78,1883.44,1827.7,1858.26,7822619495
2026-08-04,1858.22,1879.54,1847.17,1868.39,7950029763
2026-08-05,1868.49,1922.64,1854.34,1906.53,9791973976
2026-08-06,1906.44,1917.7,1890.96,1902.06,7974662808
2026-08-07,1902.14,1937.17,1893.08,1913.28,9081145963
2026-08-08,1913.32,1924.62,1911.48,1915.53,3746718589
2026-08-09,1915.46,1935.53,1907.03,1908.68,4645577105
2026-08-10,1908.72,1928.99,1866.79,1871.28,8786188281
2026-08-11,1871.26,1895.75,1852.84,1881.37,7957496158
2026-08-12,1881.37,1921.78,1873.35,1878.14,7655429787
2026-08-13,1878.19,1898.23,1861.92,1883.99,7043525922
2026-08-14,1884.02,1889.27,1862.56,1880.65,5615035669
2026-08-15,1880.61,1884.72,1874.33,1880.91,3145101774
2026-08-16,1880.89,1889.61,1867.89,1873.94,3727196539
2026-08-17,1873.97,1916.66,1870.75,1912.2,7808026613
2026-08-18,1912.21,1920.52,1884.48,1916.46,6819426768
2026-08-19,1916.43,2327.7,1905.08,2251.46,29624109549
2026-08-20,2251.44,2357.23,2222.57,2326.38,27856115157
2026-08-21,2326.38,2545.88,2324.71,2515.28,33328570085
2026-08-22,2515.39,2528.9,2389.9,2424.25,23985294650
2026-08-23,2424.22,2483.93,2357.14,2463.82,18269251440
2026-08-24,2463.64,2531.74,2425.39,2481.83,22852234269
2026-08-25,2481.78,2531.08,2416.6,2443.16,17270862024
2026-08-26,2442.49,2514.67,2432.51,2506.26,13160062688
2026-08-27,2506.24,2564.27,2481.94,2510.41,16865824214
2026-08-28,2510.67,2534.01,2408.72,2442.54,16663209345
2026-08-29,2442.56,2459.63,2430.81,2457.69,5787124142
2026-08-30,2457.69,2532.96,2389.47,2417.94,12029653088
2026-08-31,2417.9,2488.92,2401.81,2466.82,13784743627
2026-09-01,2466.58,2484.4,2383.8,2417.84,14125056444
2026-09-02,2417.83,2427.4,2356.19,2391.5,14227785690
2026-09-03,2391.6,2526.95,2370.42,2508.02,18436029856
2026-09-04,2508.02,2545.62,2432.35,2456.08,19101694317
2026-09-05,2455.99,2492.01,2445.69,2480.74,7652004156
2026-09-06,2480.82,2525.32,2468.19,2514.55,11306580189
2026-09-07,2514.58,2534.86,2466.91,2490.96,12923076237
2026-09-08,2490.92,2506.75,2441.33,2484.94,13471038160
2026-09-09,2484.89,2522.37,2443.7,2466.91,14955608804
2026-09-10,2466.91,2483.72,2406.91,2437.1,16781828594
2026-09-11,2437.14,2663.05,2435.29,2514.73,27812010346
2026-09-12,2514.77,2544.47,2508.8,2525.94,8012825772
2026-09-13,2525.94,2526.85,2462.84,2477.02,9643847552
2026-09-14,2476.6,2612.4,2465.43,2514.41,16009578199
2026-09-15,2514.36,2519.32,2357.96,2399.09,20275242052
2026-09-16,2399.06,2426.93,2368.74,2416.12,15926017443
2026-09-17,2416.17,2480.74,2412.19,2447.11,11698754081
2026-09-18,2447.11,2643.96,2435.15,2611.35,22570923683
2026-09-19,2611.46,2659.72,2602.74,2631.96,10007872025
2026-09-20,2632.01,2647.87,2564.43,2643,10759191352
2026-09-21,2642.78,2805.5,2642.78,2776.47,26510460373
2026-09-22,2776.58,2776.89,2715.72,2752.63,15430420481
2026-09-23,2752.75,2787.96,2636.91,2684.69,17599121476
2026-09-24,2684.44,2703.66,2628.69,2687.3,14036435848
2026-09-25,2687.32,2741.3,2667.05,2690.48,13236986140
2026-09-26,2690.48,2697,2665.86,2695.21,5046145364
2026-09-27,2695.35,2722.04,2669.47,2686.93,8065975773
2026-09-28,2687,2718.81,2635.48,2688.67,16445787505
2026-09-29,2688.63,2746.01,2651.47,2676.72,15307430182
2026-09-30,2676.69,2737.26,2657.09,2683.68,13840381650
2026-10-01,2683.82,2720.19,2672.71,2705.54,13744654267
2026-10-02,2705.73,2773.52,2651.08,2668.15,19705786593
