date,open,high,low,close,volume
2004-01-02,148.987,149.006,147.837,147.837,4000
2004-01-05,146.523,148.113,146.279,146.746,10400
2004-01-06,146.634,147.751,146.496,147.672,29100
2004-01-07,147.344,147.508,145.879,145.879,18400
2004-01-08,144.716,145.208,143.237,143.566,20000
2004-01-09,144.387,144.387,142.758,142.856,28900
2004-01-12,142.052,143.151,139.616,142.743,52900
2004-01-13,141.558,144.159,141.558,142.835,8900
2004-01-14,143.533,144.916,143.151,143.684,16300
2004-01-15,144.85,145.179,144.29,144.363,56600
2004-01-16,146.825,148.142,144.85,146.167,8200
2004-01-19,145.508,148.142,144.817,148.142,5900
2004-01-20,146.496,146.496,144.191,145.219,10800
2004-01-21,144.356,147.977,144.192,145.686,18900
2004-01-22,147.2,147.319,146.496,146.641,8800
2004-01-23,146.898,151.921,146.898,151.921,29000
2004-01-26,150.776,158.347,150.776,157.557,66500
2004-01-27,157.564,158.018,155.384,157.195,32400
2004-01-28,157.36,163.944,157.36,158.018,52300
2004-01-29,158.676,159.17,157.774,158.347,14200
2004-01-30,158.676,160.487,155.714,159.282,50900
2004-02-02,159.993,161.31,159.993,160.803,71500
2004-02-03,160.803,164.602,160.645,162.739,153000
2004-02-04,162.745,162.745,160.803,161.705,26300
2004-02-05,160.652,162.133,159.559,159.631,13100
2004-02-06,159.98,161.31,156.932,161.31,30200
2004-02-09,156.998,159.664,155.055,159.335,33400
2004-02-10,157.36,158.025,151.434,151.434,58100
2004-02-11,148.142,148.142,138.266,143.961,152300
2004-02-12,143.533,145.508,142.216,143.375,48500
2004-02-13,143.467,146.305,143.467,144.001,44700
2004-02-16,144.85,144.85,142.881,143.698,3800
2004-02-17,143.862,143.862,138.068,138.924,31700
2004-02-18,137.969,141.558,137.969,139.648,43600
2004-02-19,139.253,140.465,137.607,139.583,39500
2004-02-20,139.754,140.899,136.587,137.377,22800
2004-02-23,136.949,137.568,133.986,134.974,18100
2004-02-24,134.974,134.974,132.327,134.151,52200
2004-02-25,132.182,136.442,132.182,136.126,25000
2004-02-26,137.443,141.229,136.547,140.241,14000
2004-02-27,140.834,140.834,134.974,136.291,25900
2004-03-01,136.422,136.784,134.315,136.363,11600
2004-03-02,135.961,136.277,132.406,132.604,30300
2004-03-03,133.657,133.953,132.676,133.657,21400
2004-03-04,133.65,136.949,133.65,136.949,18600
2004-03-05,136.291,138.384,134.645,137.344,30900
2004-03-08,137.614,140.57,137.607,139.648,12100
2004-03-09,139.616,140.241,136.784,136.949,34700
2004-03-10,137.607,137.607,133.657,133.986,12900
2004-03-11,131.715,133.657,131.682,131.682,19800
2004-03-12,131.682,133.328,131.682,132.9,19800
2004-03-15,133.328,133.328,130.694,132.208,15200
2004-03-16,132.241,133.282,131.188,131.346,18800
2004-03-17,131.682,132.505,131.142,132.34,30600
2004-03-18,131.807,133.657,131.682,132.689,10300
2004-03-19,132.031,132.834,131.682,132.11,7500
2004-03-22,131.688,131.688,129.048,130.694,8500
2004-03-23,131.682,132.933,131.583,132.274,30000
2004-03-24,133.644,137.66,133.644,135.632,9100
2004-03-25,135.711,137.469,135.632,137.469,30900
2004-03-26,136.62,136.62,132.999,132.999,8000
2004-03-29,133.005,135.468,133.005,135.468,41600
2004-03-30,133.657,134.579,133.492,133.657,7000
2004-03-31,132.406,134.895,132.406,134.144,19400
2004-04-01,134.144,135.138,133.262,135.138,12000
2004-04-02,135.138,138.595,135.138,137.212,11800
2004-04-05,139.912,142.684,137.607,141.887,24000
2004-04-06,141.887,147.484,141.887,146.825,32200
2004-04-07,148.142,149.887,147.484,148.142,37400
2004-04-08,150.776,152.158,150.183,150.374,26400
2004-04-12,151.441,151.79,151.105,151.105,5900
2004-04-13,150.539,150.762,145.304,145.383,30700
2004-04-14,144.85,144.85,139.227,140.978,37100
2004-04-15,141.551,142.684,139.734,140.722,13200
2004-04-16,141.953,141.953,139.51,139.51,10200
2004-04-19,140.899,141.183,139.379,141.183,7400
2004-04-20,141.202,143.21,140.919,141.242,9200
2004-04-21,141.558,143.27,141.558,142.322,59300
2004-04-22,142.355,142.355,141.512,141.788,20300
2004-04-23,142.868,144.191,142.789,143.526,12200
2004-04-26,143.204,143.204,140.932,140.932,9100
2004-04-27,141.887,141.887,138.266,138.266,11400
2004-04-28,140.425,140.425,136.119,136.119,36500
2004-04-29,136.291,137.542,135.935,136.468,18600
2004-04-30,134.645,136.166,131.306,136.166,20600
2004-05-03,135.606,136.126,135.138,135.323,53800
2004-05-04,134.75,136.554,134.75,135.632,56300
2004-05-05,137.179,139.517,136.317,138.509,10600
2004-05-06,138.753,138.753,136.291,136.949,20000
2004-05-07,136.62,136.758,134.974,134.974,19300
2004-05-10,135.244,135.468,130.694,131.682,68000
2004-05-11,132.669,133.611,130.569,130.569,41600
2004-05-12,131.517,131.517,129.707,130.365,16200
2004-05-13,131.254,131.642,129.706,131.023,14200
2004-05-14,132.34,132.992,131.682,132.992,7900
2004-05-17,132.353,135.105,129.048,130.859,59300
2004-05-18,131.754,132.999,129.706,131.023,46000
2004-05-19,132.327,132.34,130.569,131.023,43000
2004-05-20,132.34,132.34,131.023,131.372,7200
2004-05-21,131.682,132.999,131.55,132.999,64000
2004-05-25,133.657,134.052,132.999,133.822,30900
2004-05-26,134.974,134.974,131.385,131.912,57000
2004-05-27,132.34,132.34,131.023,131.247,22700
2004-05-28,132.34,133.657,131.418,133.604,78000
2004-05-31,132.176,132.827,132.176,132.34,4600
2004-06-01,133.17,133.604,132.571,132.992,6200
2004-06-02,133.031,133.222,132.176,132.999,64200
2004-06-03,132.34,132.781,131.748,132.34,34400
2004-06-04,131.715,132.999,131.385,132.143,31100
2004-06-07,131.715,131.846,130.951,131.846,59300
2004-06-08,131.682,133.38,131.682,133.301,4400
2004-06-09,134.809,136.291,133.854,135.896,14200
2004-06-10,136.949,138.793,136.817,138.793,13700
2004-06-11,139.569,146.825,139.569,142.216,9500
2004-06-14,139.714,140.649,139.056,140.044,16300
2004-06-15,140.044,140.504,138.595,139.214,13300
2004-06-16,140.109,140.109,138.365,139.089,6500
2004-06-17,139.253,141.4,138.931,140.827,14100
2004-06-18,141.887,142.216,140.241,142.025,12600
2004-06-21,140.241,144.06,135.303,144.06,18200
2004-06-22,141.9,145.772,141.9,144.573,28500
2004-06-23,145.508,148.142,144.85,148.142,25900
2004-06-24,147.49,149.478,147.49,149.478,28300
2004-06-25,149.479,150.249,146.825,146.825,12700
2004-06-28,145.508,147.128,145.508,146.786,31000
2004-06-29,146.687,149.13,145.739,149.13,11200
2004-06-30,149.525,151.197,149.525,149.979,20300
2004-07-02,148.149,148.307,147.589,148.142,4900
2004-07-05,146.832,146.832,145.515,146.173,2100
2004-07-06,148.142,148.537,147.088,147.154,9700
2004-07-07,146.832,147.872,146.621,146.917,6400
2004-07-08,146.167,146.825,144.198,145.936,10600
2004-07-09,144.85,145.673,144.692,145.153,2400
2004-07-12,144.356,145.877,144.356,145.054,15200
2004-07-13,146.167,146.371,144.652,144.692,61600
2004-07-14,144.521,145.521,144.521,144.916,4700
2004-07-15,145.232,146.555,145.015,145.554,15200
2004-07-16,145.508,146.733,144.224,146.055,18700
2004-07-19,146.522,146.522,145.489,146.002,2600
2004-07-20,145.508,147.082,144.975,146.351,20400
2004-07-21,146.957,148.109,146.825,146.825,3800
2004-07-22,146.167,146.167,145.502,145.508,35200
2004-07-23,145.64,145.64,144.191,144.191,15800
2004-07-26,144.192,144.192,134.546,134.717,36800
2004-07-27,132.999,136.244,129.048,129.838,42900
2004-07-28,128.39,136.291,128.39,133.657,21500
2004-07-29,133.67,141.229,133.67,136.343,9100
2004-07-30,132.103,136.883,131.023,132.143,16700
2004-08-03,132.11,132.11,129.832,131.023,105900
2004-08-04,131.221,132.274,131.188,131.254,28500
2004-08-05,131.096,131.188,125.756,126.836,50100
2004-08-06,126.836,129.048,124.439,126.138,48600
2004-08-09,127.402,127.995,124.683,124.768,10000
2004-08-10,125.098,127.126,125.098,126.842,13600
2004-08-11,127.731,127.731,125.598,127.237,25700
2004-08-12,127.402,127.402,124.327,124.768,40100
2004-08-13,124.446,125.19,123.886,124.926,9000
2004-08-16,124.439,125.756,123.814,125.756,21200
2004-08-17,125.756,125.756,122.418,122.418,11300
2004-08-18,121.806,122.464,121.779,122.089,40600
2004-08-19,122.201,122.543,120.489,120.489,27600
2004-08-20,119.172,122.471,119.172,121.773,14700
2004-08-23,121.773,122.227,120.489,120.726,4300
2004-08-24,121.476,121.476,113.905,114.649,121200
2004-08-25,114.728,114.912,98.7679,110.251,98900
2004-08-26,111.6,119.613,108.637,119.297,35400
2004-08-27,121.114,121.279,117.526,118.751,17100
2004-08-30,117.842,118.507,116.374,116.374,13200
2004-08-31,116.38,116.696,112.423,114.003,35900
2004-09-01,112.259,112.265,110.283,112.18,42500
2004-09-02,110.474,112.298,110.474,112.186,15700
2004-09-03,111.6,113.246,111.041,111.304,36000
2004-09-07,112.614,115.222,111.929,115.222,29600
2004-09-08,115.228,115.643,111.929,111.929,10900
2004-09-09,109.994,112.588,109.928,111.765,22800
2004-09-10,112.101,112.588,107.321,107.979,19800
2004-09-13,107.814,109.954,107.551,108.578,32800
2004-09-14,108.637,110.744,108.308,108.598,40500
2004-09-15,107.979,109.823,107.051,107.65,37400
2004-09-16,107.242,109.059,104.542,105.622,29500
2004-09-17,106.267,106.662,104.029,104.391,102300
2004-09-20,105.214,105.214,102.705,103.087,34600
2004-09-21,104.029,107.531,104.022,107.307,21700
2004-09-22,108.637,108.703,104.029,104.621,21800
2004-09-23,105.385,105.721,104.358,105.411,17500
2004-09-24,105.411,108.558,105.016,105.214,19200
2004-09-27,104.694,104.694,102.053,102.178,43600
2004-09-28,102.383,104.588,102.053,103.95,29600
2004-09-29,104.628,106.01,102.04,103.377,100000
2004-09-30,103.383,106.201,103.37,103.37,15500
2004-10-01,105.148,109.954,103.739,109.954,13800
2004-10-04,111.594,114.234,111.594,113.477,30500
2004-10-05,114.563,114.563,112.371,113.575,16600
2004-10-06,113.905,113.905,109.954,112.943,21500
2004-10-07,111.929,112.654,110.876,112.654,22100
2004-10-08,111.929,113.069,111.6,111.883,11500
2004-10-12,111.883,113.417,111.271,113.378,35200
2004-10-13,113.378,114.563,112.259,112.423,17400
2004-10-14,111.929,111.956,109.625,110.613,19100
2004-10-15,110.448,110.448,105.615,107.867,31200
2004-10-18,106.991,108.387,106.932,107.979,28000
2004-10-19,107.169,107.551,106.004,107.419,22700
2004-10-20,107.419,107.643,104.884,107.643,34700
2004-10-21,108.967,108.967,104.424,104.7,26200
2004-10-22,104.312,104.483,102.185,103.508,21400
2004-10-25,103.508,103.508,101.56,102.218,53200
2004-10-26,101.843,102.126,98.7613,99.3539,44400
2004-10-27,99.0905,99.3341,97.2996,98.7613,63100
2004-10-28,98.0041,102.995,97.2535,100.717,50300
2004-10-29,105.345,124.597,105.345,118.507,306400
2004-11-01,121.312,121.312,115.88,118.514,19700
2004-11-02,116.018,119.172,116.018,117.855,38600
2004-11-03,117.855,118.184,114.53,115.834,47200
2004-11-04,114.563,116.71,114.563,116.064,42500
2004-11-05,114.596,116.979,114.596,116.143,20800
2004-11-08,116.479,121.549,116.387,118.843,35100
2004-11-09,119.152,119.521,117.526,117.855,53400
2004-11-10,118.224,119.172,116.782,118.283,9800
2004-11-11,117.197,119.501,116.538,118.487,7000
2004-11-12,118.514,119.488,117.921,119.488,7500
2004-11-15,119.488,126.414,119.488,125.591,18900
2004-11-16,126.414,126.414,123.452,125.098,20900
2004-11-17,125.098,127.073,123.781,123.781,41800
2004-11-18,123.452,127.665,123.452,125.032,10300
2004-11-19,125.73,128.06,123.959,127.402,17400
2004-11-22,126.414,127.823,125.427,127.823,7000
2004-11-23,127.547,128.423,127.073,128.258,29200
2004-11-24,128.245,129.41,127.191,129.41,38600
2004-11-25,128.455,129.206,127.863,128.877,7600
2004-11-26,129.042,129.048,127.922,128.39,5400
2004-11-29,129.015,129.707,128.251,129.048,47800
2004-11-30,128.976,131.682,128.976,130.167,24900
2004-12-01,130.167,130.694,128.39,129.121,26000
2004-12-02,129.121,129.707,128.6,129.377,54600
2004-12-03,128.377,132.617,128.377,130.688,38400
2004-12-06,130.694,140.234,129.627,139.642,129800
2004-12-07,136.956,140.518,136.956,139.872,82600
2004-12-08,140.024,140.899,139.069,140.241,82800
2004-12-09,140.241,141.294,138.266,139.583,49600
2004-12-10,139.583,139.958,136.119,138.134,74000
2004-12-13,138.858,138.858,136.139,137.864,68600
2004-12-14,138.2,138.266,133.677,133.677,43300
2004-12-15,133.795,134.974,132.768,133.657,82900
2004-12-16,134.315,135.632,133.986,134.217,50300
2004-12-17,134.322,138.549,132.933,134.045,64000
2004-12-20,133.848,135.349,133.848,134.671,56900
2004-12-21,134.77,134.974,134.217,134.974,56400
2004-12-22,134.974,135.138,134.085,134.315,46200
2004-12-23,133.657,134.717,131.859,132.34,23300
2004-12-24,131.682,133.854,131.023,131.682,3700
2004-12-29,131.682,136.291,131.682,134.302,12800
2004-12-30,136.811,136.949,132.926,134.072,12600
2004-12-31,133.749,136.179,132.999,133.157,6200
2005-01-04,134.309,134.381,131.833,131.873,17500
2005-01-05,132.472,132.518,130.095,130.102,33400
2005-01-06,131.017,131.682,129.871,130.892,41100
2005-01-07,130.372,132.011,129.055,131.517,30900
2005-01-10,131.023,134.217,130.398,132.999,26500
2005-01-11,132.037,132.274,129.048,132.011,88600
2005-01-12,131.304,131.963,129.977,131.963,7200
2005-01-13,131.963,132.623,129.601,131.132,9300
2005-01-14,131.132,132.498,131.013,131.403,37300
2005-01-17,129.984,130.406,129.984,129.984,1100
2005-01-18,129.984,133.316,129.984,133.039,118800
2005-01-19,134.603,134.603,131.667,133.065,25200
2005-01-20,133.943,134.603,131.95,132.135,29300
2005-01-21,132.927,134.273,132.293,133.771,43900
2005-01-24,134.26,134.53,133.798,133.943,11100
2005-01-25,134.603,134.853,133.943,134.636,6700
2005-01-26,134.504,138.39,134.497,137.902,22700
2005-01-27,138.562,138.694,136.582,138.482,17300
2005-01-28,138.311,139.023,137.578,138.298,9700
2005-01-31,137.315,138.232,136.397,136.397,11300
2005-02-01,136.991,137.704,136.82,137.308,14200
2005-02-02,137.308,138.957,137.242,138.957,4800
2005-02-03,138.892,139.254,138.515,138.562,3000
2005-02-04,137.407,140.231,137.407,140.231,14200
2005-02-07,140.541,141.597,140.541,141.201,5600
2005-02-08,141.201,141.716,137.519,138.892,18200
2005-02-09,137.902,139.221,137.902,137.908,9700
2005-02-10,138.179,139.221,136.49,136.562,14800
2005-02-11,136.556,137.235,133.283,137.235,19500
2005-02-14,135.975,138.773,135.975,137.902,8100
2005-02-15,137.605,137.856,135.711,135.797,26800
2005-02-16,136.582,136.648,134.603,135.328,22000
2005-02-17,136.252,136.252,132.307,132.557,10900
2005-02-18,132.617,133.283,132.617,132.722,16300
2005-02-21,131.963,132.458,131.798,132.458,4500
2005-02-22,132.953,133.072,131.963,132.293,24500
2005-02-23,133.283,133.943,132.597,132.702,23500
2005-02-24,133.283,133.613,132.63,133.283,29300
2005-02-25,133.283,133.943,133.283,133.336,4900
2005-02-28,132.867,133.606,132.788,133.118,15400
2005-03-01,133.474,134.603,132.551,133.943,22000
2005-03-02,134.306,135.454,134.213,134.933,8900
2005-03-03,135.546,136.193,135.289,135.724,22500
2005-03-04,134.609,134.609,133.567,134.108,16500
2005-03-07,134.266,134.266,132.194,133.032,20800
2005-03-08,132.128,132.386,131.257,131.805,14400
2005-03-09,130.974,131.119,129.661,130.512,17000
2005-03-10,130.578,131.732,129.984,130.109,13000
2005-03-11,129.331,130.908,129.331,130.182,16600
2005-03-14,131.304,131.838,130.848,131.304,7900
2005-03-15,131.145,131.469,130.373,131.469,12900
2005-03-16,131.469,131.469,129.984,130.479,9800
2005-03-17,131.304,133.263,129.04,129.984,8400
2005-03-18,129.324,129.555,128.658,129.324,5300
2005-03-21,129.984,129.984,128.005,128.486,5200
2005-03-22,128.005,129.324,126.817,129.324,8800
2005-03-23,129.318,129.634,127.345,129.634,5700
2005-03-24,129.324,129.74,128.664,129.74,7900
2005-03-28,129.179,129.45,126.718,126.718,7200
2005-03-29,127.84,127.978,126.982,127.609,21400
2005-03-30,126.691,126.691,122.238,124.996,22700
2005-03-31,124.046,124.455,118.767,119.216,26900
2005-04-01,121.406,121.406,110.849,112.499,41200
2005-04-04,113.686,114.808,109.965,110.763,30700
2005-04-05,111.179,114.802,111.179,112.558,50500
2005-04-06,113.39,113.719,111.179,112.829,18600
2005-04-07,112.829,115.963,112.829,115.917,41800
2005-04-08,116.207,117.494,113.924,113.924,25800
2005-04-11,115.224,115.468,113.818,114.221,10500
2005-04-12,114.313,116.266,114.313,116.115,27000
2005-04-13,115.798,118.767,115.798,118.767,17600
2005-04-14,118.292,118.371,115.521,116.708,16400
2005-04-15,115.475,117.217,115.475,116.141,13200
2005-04-18,115.468,115.785,113.845,114.234,9300
2005-04-19,113.878,115.402,113.878,115.217,7100
2005-04-20,115.217,116.128,112.697,113.792,8800
2005-04-21,113.489,113.568,111.628,112.261,18600
2005-04-22,112.169,112.268,110.394,110.394,15900
2005-04-25,110.401,112.208,110.09,110.183,14200
2005-04-26,109.576,110.533,109.233,109.53,28500
2005-04-27,108.876,110.427,108.87,109.345,22800
2005-04-28,109.035,110.031,107.412,107.53,27600
2005-04-29,110.189,110.189,104.442,108.032,59300
2005-05-02,108.718,109.945,107.88,109.767,26500
2005-05-03,108.87,109.384,107.88,107.887,24800
2005-05-04,108.223,110.849,107.141,110.645,58500
2005-05-05,110.665,111.509,108.87,109.53,11900
2005-05-06,108.896,111.179,108.896,110.849,42400
2005-05-09,111.509,112.004,110.651,112.004,21100
2005-05-10,112.004,112.169,110.447,111.239,13300
2005-05-11,111.549,112.169,110.849,111.753,42500
2005-05-12,111.839,112.228,111.674,112.169,9600
2005-05-13,112.169,114.808,111.245,114.808,49400
2005-05-16,114.722,115.257,113.271,115.046,9600
2005-05-17,114.28,120.912,114.148,120.912,21800
2005-05-18,121.994,129.04,119.724,128.005,35100
2005-05-19,128.242,131.897,126.685,128.005,22800
2005-05-20,126.025,128.011,124.969,125.774,5500
2005-05-24,125.774,126.355,125.774,125.774,19700
2005-05-25,125.774,125.774,124.211,124.705,18200
2005-05-26,125.365,127.998,125.266,127.345,12200
2005-05-27,127.932,129.601,126.685,127.681,18300
2005-05-30,129.984,130.314,129.977,129.977,1000
2005-05-31,130.149,134.2,128.664,134.2,72500
2005-06-01,133.283,133.936,130.433,130.769,7300
2005-06-02,131.831,132.623,131.62,131.62,11800
2005-06-03,131.62,133.085,131.568,131.568,20500
2005-06-06,131.568,131.746,131.099,131.224,10900
2005-06-07,131.653,132.623,131.581,131.798,16300
2005-06-08,132.458,132.821,131.304,132.201,16700
2005-06-09,132.201,133.771,130.974,133.771,27000
2005-06-10,132.623,133.91,131.568,133.593,6100
2005-06-13,134.603,134.867,133.613,133.752,34400
2005-06-14,133.989,134.108,132.511,133.118,24000
2005-06-15,132.617,132.788,131.403,131.403,20100
2005-06-16,131.897,131.963,130.195,130.195,18000
2005-06-17,131.304,132.953,130.644,131.653,5600
2005-06-20,132.537,133.547,131.779,133.547,11600
2005-06-21,133.613,134.603,132.663,134.24,17200
2005-06-22,134.603,134.603,131.304,133.943,20600
2005-06-23,133.949,134.015,133.613,133.943,20200
2005-06-24,133.778,133.778,128.664,131.699,20900
2005-06-27,131.713,133.283,130.802,132.749,17900
2005-06-28,133.204,135.263,131.634,132.623,20500
2005-06-29,132.96,133.468,131.95,132.623,17900
2005-06-30,132.623,134.431,132.623,133.976,14100
2005-07-04,133.976,136.246,133.613,134.603,8200
2005-07-05,135.263,137.902,135.263,135.526,42900
2005-07-06,135.262,137.902,134.603,134.933,16500
2005-07-07,135.263,138.397,135.263,137.546,15700
2005-07-08,137.242,138.562,136.919,138.463,16300
2005-07-11,137.447,137.545,135.922,137.328,7300
2005-07-12,135.922,138.562,135.592,137.367,11000
2005-07-13,137.552,139.043,137.242,138.562,24900
2005-07-14,138.562,138.562,136.12,137.407,15200
2005-07-15,137.902,140.541,137.902,139.116,9400
2005-07-18,138.562,139.36,137.902,139.36,12800
2005-07-19,139.881,141.201,136.582,137.077,5800
2005-07-20,137.572,137.737,136.008,136.912,9900
2005-07-21,136.582,138.562,135.566,137.902,6900
2005-07-22,138.562,139.551,137.242,138.892,5900
2005-07-25,139.221,140.02,138.99,140.02,15700
2005-07-26,141.036,141.432,140.211,141.122,21400
2005-07-27,141.531,141.861,141.333,141.828,10400
2005-07-28,141.201,143.174,141.201,141.531,9600
2005-07-29,139.875,142.52,139.221,141.702,15900
2005-08-02,140.541,141.702,139.149,141.524,14400
2005-08-03,140.541,144.17,140.31,143.213,9700
2005-08-04,141.867,143.543,141.848,142.91,14500
2005-08-05,143.708,143.834,141.683,141.683,5900
2005-08-08,141.201,142.573,139.129,141.207,8100
2005-08-09,140.541,140.792,138.232,138.562,17400
2005-08-10,138.067,138.548,137.565,137.902,12600
2005-08-11,136.582,137.242,136.404,136.694,8200
2005-08-12,137.242,137.242,136.364,136.958,5000
2005-08-15,135.592,136.417,134.853,135.447,8100
2005-08-16,135.447,136.582,134.972,135.368,14600
2005-08-17,134.609,138.562,134.609,137.572,8900
2005-08-18,137.902,137.902,135.922,136.582,5400
2005-08-19,135.592,137.242,135.592,136.14,5300
2005-08-22,135.295,135.295,133.943,133.943,16500
2005-08-23,134.009,134.768,133.587,134.51,10200
2005-08-24,134.075,135.876,133.679,134.768,14800
2005-08-25,134.919,135.263,134.603,135.263,10200
2005-08-26,135.098,135.262,133.758,133.844,10900
2005-08-29,133.441,134.537,131.601,133.468,14200
2005-08-30,131.963,132.128,131.337,131.634,45300
2005-08-31,131.297,131.798,129.529,130.485,17300
2005-09-01,129.654,131.304,129.654,130.723,22900
2005-09-02,130.644,130.71,129.839,130.558,29000
2005-09-06,130.32,130.644,130.083,130.644,30800
2005-09-07,129.984,129.984,125.372,128.994,17100
2005-09-08,127.345,128.499,125.365,125.675,53700
2005-09-09,125.372,126.685,125.035,125.181,45800
2005-09-12,125.365,126.018,125.227,125.365,36700
2005-09-13,125.108,125.444,124.897,125.299,22200
2005-09-14,125.299,125.774,124.488,124.646,12800
2005-09-15,123.577,125.563,123.577,125.016,6000
2005-09-16,124.732,125.055,123.94,123.94,17500
2005-09-19,123.584,123.716,121.987,122.126,9300
2005-09-20,122.396,126.282,122.073,125.86,37900
2005-09-21,124.705,124.705,123.465,124.039,9700
2005-09-22,120.747,125.735,120.747,125.365,24200
2005-09-23,125.365,125.972,124.25,125.365,17100
2005-09-26,125.365,126.652,123.782,126.025,11100
2005-09-27,126.025,127.787,125.55,125.55,11600
2005-09-28,126.685,131.389,126.685,129.456,16600
2005-09-29,129.984,133.943,129.984,133.943,12600
2005-09-30,133.943,137.242,130.664,132.887,27400
2005-10-03,132.036,133.943,132.036,133.573,7200
2005-10-04,133.382,134.273,132.986,132.986,6000
2005-10-05,133.323,134.273,132.399,134.141,9800
2005-10-06,131.963,135.454,131.963,135.454,14700
2005-10-07,134.114,134.114,130.294,130.294,27900
2005-10-11,118.932,119.097,115.541,116.86,165000
2005-10-12,116.794,119.427,115.303,115.303,23100
2005-10-13,116.141,117.282,115.033,117.282,13200
2005-10-14,118.437,118.437,116.128,116.636,9700
2005-10-17,118.661,118.661,111.971,113.818,21700
2005-10-18,113.818,114.472,111.509,113.086,12200
2005-10-19,113.086,115.857,108.903,115.798,19900
2005-10-20,116.115,116.115,112.829,114.808,12800
2005-10-21,113.495,115.059,109.312,115.059,30500
2005-10-24,113.489,116.161,112.829,113.159,14300
2005-10-25,112.994,113.159,107.682,107.682,29500
2005-10-26,109.035,109.734,106.541,106.541,26800
2005-10-27,106.363,112.406,105.69,111.179,13500
2005-10-28,111.608,117.52,111.608,116.788,35800
2005-10-31,120.08,120.08,115.521,117.612,13200
2005-11-01,116.524,118.107,116.128,116.128,6600
2005-11-02,117.118,117.118,112.664,117.032,7800
2005-11-03,116.788,117.771,110.262,110.744,23400
2005-11-04,113.482,113.482,110.849,112.169,42400
2005-11-07,112.829,114.808,112.644,114.063,8000
2005-11-08,113.39,114.353,112.176,113.541,8000
2005-11-09,114.808,115.461,112.169,112.829,53500
2005-11-10,112.433,113.33,112.433,112.895,9200
2005-11-11,112.499,113.647,112.499,113.258,4400
2005-11-14,114.148,114.808,114.148,114.445,94900
2005-11-15,114.472,116.781,114.313,114.379,18700
2005-11-16,114.379,115.903,114.155,115.903,134600
2005-11-17,116.781,116.781,113.495,115.211,51000
2005-11-18,114.287,119.381,114.287,119.196,17200
2005-11-21,119.097,120.436,117.071,118.107,23900
2005-11-22,118.767,119.427,116.774,117.428,16400
2005-11-23,118.054,118.054,115.969,116.451,13700
2005-11-24,115.633,118.041,115.475,118.041,4300
2005-11-25,116.788,118.569,116.128,118.384,4300
2005-11-28,117.447,117.89,114.643,115.138,19800
2005-11-29,115.488,115.798,114.835,115.798,32900
2005-11-30,116.293,116.53,115.468,116.128,14600
2005-12-01,116.128,116.128,114.802,115.719,5600
2005-12-02,116.788,116.788,114.637,114.874,15600
2005-12-05,114.148,115.468,114.148,114.907,5800
2005-12-06,114.907,115.468,114.907,115.428,11500
2005-12-07,115.93,115.93,115.013,115.468,4400
2005-12-08,115.6,116.128,114.973,115.468,4300
2005-12-09,114.808,114.808,113.172,114.142,9900
2005-12-12,114.802,115.257,113.013,113.489,13800
2005-12-13,113.489,114.643,113.33,114.082,14600
2005-12-14,113.489,114.472,112.835,113.33,12700
2005-12-15,112.829,113.726,111.509,111.509,18300
2005-12-16,112.169,113.818,110.849,113.818,53700
2005-12-19,113.482,114.016,112.255,112.802,9700
2005-12-20,112.169,114.333,112.143,113.159,9900
2005-12-21,112.169,112.334,111.463,112.334,12100
2005-12-22,111.509,113.396,110.849,111.727,21900
2005-12-23,112.829,113.02,111.179,111.179,9200
2005-12-28,111.186,112.499,110.882,110.882,4700
2005-12-29,111.595,112.829,111.014,111.509,8100
2005-12-30,111.509,111.509,109.86,110.849,7200
2006-01-03,110.849,110.849,107.022,110.711,18200
2006-01-04,110.711,112.169,110.189,111.964,13500
2006-01-05,112.499,116.788,112.499,116.128,34400
2006-01-06,116.128,116.623,114.313,114.808,14300
2006-01-09,114.313,117.118,114.313,114.676,15900
2006-01-10,115.468,116.385,114.478,115.468,17100
2006-01-11,115.461,116.299,112.367,116.293,41800
2006-01-12,116.293,116.788,115.468,116.458,8200
2006-01-13,115.534,116.966,114.973,115.791,30600
2006-01-16,117.542,117.868,117.216,117.868,20500
2006-01-17,118.141,118.141,116.077,116.11,8400
2006-01-18,115.784,118.415,115.784,117.875,11700
2006-01-19,117.202,119.267,117.202,119.167,13200
2006-01-20,118.621,118.701,116.543,116.543,31100
2006-01-23,116.543,116.543,112.874,113.879,12100
2006-01-24,114.545,115.877,114.212,114.499,20000
2006-01-25,114.878,115.211,114.545,114.991,8000
2006-01-26,115.877,118.341,115.877,117.409,66700
2006-01-27,118.541,118.541,116.71,117.396,11200
2006-01-30,117.875,118.328,115.324,115.378,16500
2006-01-31,115.211,115.378,113.353,113.506,36100
2006-02-01,113.18,116.71,113.18,116.037,60400
2006-02-02,116.543,118.508,115.211,115.544,16000
2006-02-03,115.544,116.983,115.544,116.244,19300
2006-02-06,116.543,116.543,114.046,114.505,7500
2006-02-07,115.211,116.876,115.205,116.57,30200
2006-02-08,115.631,117.209,114.878,115.331,8800
2006-02-09,114.878,117.156,114.878,115.877,10000
2006-02-10,114.545,114.545,112.221,113.08,37800
2006-02-13,113.08,114.545,111.382,112.294,32800
2006-02-14,111.881,112.481,110.283,111.209,16400
2006-02-15,110.723,111.275,109.551,109.824,25000
2006-02-16,110.889,111.215,109.87,110.982,43200
2006-02-17,110.982,110.982,107.466,107.506,53200
2006-02-20,107.553,110.53,107.553,108.385,7600
2006-02-21,108.552,108.885,107.553,108.885,50500
2006-02-22,109.884,111.848,109.171,110.883,21800
2006-02-23,113.18,114.565,111.542,113.014,22700
2006-02-24,113.879,114.612,111.875,112.354,20500
2006-02-27,112.594,113.293,110.883,110.883,9100
2006-02-28,111.049,112.194,108.718,108.718,26100
2006-03-01,109.337,110.463,108.319,109.138,10500
2006-03-02,109.75,109.75,108.179,109.377,18400
2006-03-03,109.684,109.884,107.886,109.551,36900
2006-03-06,108.718,110.996,108.359,109.884,19100
2006-03-07,110.543,110.55,107.766,108.545,18800
2006-03-08,108.352,109.204,107.912,108.685,7800
2006-03-09,108.052,109.884,108.052,108.991,5100
2006-03-10,108.645,108.785,107.386,108.219,17300
2006-03-13,107.886,107.926,106.554,107.366,16900
2006-03-14,106.707,107.313,106.221,106.487,17200
2006-03-15,106.64,107.053,105.888,105.988,21400
2006-03-16,105.888,106.893,105.888,106.554,23300
2006-03-17,105.901,106.887,101.559,101.699,39100
2006-03-20,100.567,104.016,100.327,100.474,25700
2006-03-21,101.066,101.892,99.6344,101.539,42100
2006-03-22,98.7287,98.8952,79.9153,88.8059,188800
2006-03-23,87.4806,89.9047,85.0832,88.2332,60900
2006-03-24,87.414,90.6706,87.414,89.9047,48700
2006-03-27,91.23,92.9882,89.8448,90.5507,25800
2006-03-28,90.3776,91.6029,89.9047,90.3709,16500
2006-03-29,89.9447,91.8627,89.7383,89.7383,29100
2006-03-30,89.9047,89.9047,87.9934,87.9934,11600
2006-03-31,89.2321,89.2321,80.9009,82.7124,78900
2006-04-03,85.7492,88.4263,84.8501,88.3331,163500
2006-04-04,90.3376,99.0617,88.9058,96.9106,66700
2006-04-05,97.6832,100.9,95.1858,97.3635,43600
2006-04-06,98.7287,98.7287,93.3012,94.1269,14800
2006-04-07,94.1003,94.5665,92.5886,92.6219,19100
2006-04-10,93.2412,93.3678,91.9226,92.2822,15600
2006-04-11,91.9026,92.9948,91.9026,92.8483,20700
2006-04-12,92.7617,93.421,92.0491,93.3677,29100
2006-04-13,93.5742,94.8994,93.2345,93.7673,26700
2006-04-17,94.4,94.4,92.2356,92.2356,10100
2006-04-18,92.5686,92.5686,91.0436,91.4098,45500
2006-04-19,91.9026,91.9026,91.1368,91.27,17700
2006-04-20,90.9037,91.6296,90.0912,90.0912,10400
2006-04-21,89.3054,89.9047,88.1066,88.5462,31100
2006-04-24,89.2388,92.5686,87.5739,87.6405,12700
2006-04-25,87.2409,90.1312,87.2409,89.605,35400
2006-04-26,89.9048,91.1634,89.8315,90.8637,40700
2006-04-27,91.2367,91.2367,87.9535,89.1389,25200
2006-04-28,92.8949,96.2314,89.1122,89.1122,58800
2006-05-01,89.9048,91.2367,88.3397,88.373,14400
2006-05-02,89.8981,89.8981,87.2409,87.9069,56900
2006-05-03,86.5749,88.5728,85.243,86.2619,24400
2006-05-04,85.909,86.242,84.5771,85.0099,44300
2006-05-05,86.2153,87.2542,85.7758,87.2542,16200
2006-05-08,87.2475,88.2065,87.2475,87.8736,46500
2006-05-09,86.5749,87.5339,86.4617,86.7414,30600
2006-05-10,86.8014,87.8403,86.8014,87.2409,26300
2006-05-11,88.5728,88.5728,87.2409,87.2409,27900
2006-05-12,87.2542,87.5739,84.1309,84.7369,25500
2006-05-15,84.6103,85.5627,84.2441,85.5294,85300
2006-05-16,85.3895,85.3895,83.7712,83.9111,51900
2006-05-17,84.91,85.243,83.2451,83.9111,35000
2006-05-18,82.6657,84.7768,82.6657,84.2641,34100
2006-05-19,84.5837,85.243,84.5105,84.5771,52600
2006-05-23,84.2441,84.2441,83.2451,83.4116,21600
2006-05-24,84.1775,84.5637,83.2451,83.9111,22800
2006-05-25,83.0121,83.4849,82.8589,82.8589,21400
2006-05-26,82.9188,84.8101,82.9121,84.344,21400
2006-05-29,83.9111,87.2409,83.9111,85.283,2100
2006-05-30,84.91,84.91,83.4116,84.3972,32200
2006-05-31,83.5781,84.2574,83.1452,83.9111,43200
2006-06-01,84.0976,85.0099,83.2451,85.0099,33800
2006-06-02,85.0099,85.243,83.9843,85.1431,17000
2006-06-05,84.2441,84.3706,83.2451,83.3517,9400
2006-06-06,84.5771,84.8168,83.1785,83.9111,7600
2006-06-07,84.0643,84.0643,83.3783,83.3783,5000
2006-06-08,82.5792,83.9244,82.4127,83.4249,33300
2006-06-09,82.5792,82.5792,79.4159,80.6013,29300
2006-06-12,80.6013,80.6013,79.2494,79.2494,23100
2006-06-13,78.5834,80.5214,78.5834,80.1218,21400
2006-06-14,78.5834,80.7944,78.5834,79.0229,43600
2006-06-15,78.2504,79.7355,78.2504,78.5834,23000
2006-06-16,78.4169,79.0762,77.5845,77.8109,21600
2006-06-19,77.8109,78.6633,77.2515,78.5834,19300
2006-06-20,77.2515,77.2715,75.3402,75.9196,64500
2006-06-21,75.5866,75.5866,73.5487,73.5887,39000
2006-06-22,72.9361,73.9217,68.4941,68.927,84000
2006-06-23,69.1001,69.9259,66.5961,68.8004,101200
2006-06-26,69.9326,73.7951,68.1944,72.6897,26500
2006-06-27,73.4222,73.6353,69.2866,69.3598,49100
2006-06-28,71.2578,71.2578,69.0335,70.1323,63300
2006-06-29,71.8905,72.1835,70.8582,71.5975,49400
2006-06-30,71.9371,73.4089,69.9259,70.6984,27000
2006-07-04,71.9238,75.2469,71.9238,73.5887,8900
2006-07-05,73.2491,74.7808,71.6041,74.2547,29200
2006-07-06,74.2547,77.5911,73.8751,77.4846,61300
2006-07-07,76.9185,81.0142,76.752,80.5546,46900
2006-07-10,79.9153,82.8189,79.9153,81.9798,21400
2006-07-11,82.5792,83.2451,81.0741,82.0797,23100
2006-07-12,82.4127,83.1053,80.3948,82.1796,23900
2006-07-13,81.7467,81.7467,79.2494,79.2494,22700
2006-07-14,79.2494,79.589,77.751,79.1761,13900
2006-07-17,78.8897,81.76,78.5834,80.5813,22600
2006-07-18,81.2472,81.9132,80.2483,81.0808,34700
2006-07-19,81.9132,83.2451,81.5602,82.4127,22000
2006-07-20,82.4127,83.1119,80.2083,80.7478,23200
2006-07-21,80.1751,86.5683,80.1151,83.8378,55300
2006-07-24,84.5837,89.6517,82.3195,88.5928,78500
2006-07-25,89.9047,91.2367,86.8347,89.7782,48800
2006-07-26,89.685,89.9047,86.9412,87.1743,40100
2006-07-27,86.5749,87.9934,83.6314,83.6314,23700
2006-07-28,79.9886,81.9132,78.2438,80.6412,66200
2006-07-31,79.7688,80.9076,79.6822,80.528,39700
2006-08-01,80.5813,80.5813,77.2515,77.7576,21400
2006-08-02,77.2515,79.9952,76.8585,79.9952,26100
2006-08-03,80.0285,80.1551,79.2161,80.1551,21300
2006-08-04,79.8088,80.5879,79.3825,80.2083,25700
2006-08-08,79.0829,79.0829,77.4712,78.5767,19800
2006-08-09,78.65,79.9087,78.2504,79.9087,6800
2006-08-10,79.0829,80.0951,79.0696,80.0951,16200
2006-08-11,79.6157,79.6157,76.7587,77.4113,18100
2006-08-14,77.4047,77.6311,76.3458,76.399,21200
2006-08-15,76.4323,77.2515,75.9462,76.8852,16800
2006-08-16,76.4124,78.0773,75.7531,76.7054,22600
2006-08-17,76.5256,77.6244,76.2592,77.6244,29500
2006-08-18,77.5045,79.1295,77.5045,78.8897,10500
2006-08-21,78.6167,79.4491,78.5834,78.9896,8800
2006-08-22,78.4702,79.3759,78.2504,78.6833,7900
2006-08-23,77.9907,79.8887,77.9907,79.8887,20600
2006-08-24,79.7222,79.9153,79.0562,79.882,12300
2006-08-25,79.882,80.0352,79.3293,79.882,15900
2006-08-28,80.5813,80.9143,79.9087,80.3615,28500
2006-08-29,79.2494,82.6391,79.2494,82.5725,48600
2006-08-30,83.1785,86.4418,82.9122,86.3419,37500
2006-08-31,86.5749,89.7116,86.5749,88.6727,38000
2006-09-01,89.2388,91.9026,88.7393,91.25,74700
2006-09-05,93.8939,93.8939,89.3254,90.4509,47300
2006-09-06,90.291,91.7361,90.0712,91.7361,22800
2006-09-07,91.7361,91.7361,90.0779,91.3898,26600
2006-09-08,90.1112,94.5065,90.1112,94.4266,36400
2006-09-11,93.5742,95.0726,93.5742,94.2335,56700
2006-09-12,94.4999,97.8696,93.9072,97.8696,44400
2006-09-13,97.823,99.7277,96.6909,99.7277,45500
2006-09-14,98.7354,101.659,98.7354,101.659,38600
2006-09-15,102.558,105.521,101.712,105.521,138400
2006-09-18,105.522,106.454,100.846,101.592,37800
2006-09-19,100.58,102.245,98.5622,99.5945,75600
2006-09-20,100.227,100.227,98.8086,99.8076,76700
2006-09-21,98.8952,99.8875,98.6222,98.7087,39800
2006-09-22,98.5622,99.6011,98.5622,99.0351,44300
2006-09-25,99.3947,100.101,98.5622,99.1749,37000
2006-09-26,99.8942,100.7,99.135,99.1483,37200
2006-09-27,99.115,99.8942,97.7298,98.2626,21400
2006-09-28,98.8952,99.8209,96.6642,96.904,29100
2006-09-29,96.5777,98.9685,95.5121,96.5843,58600
2006-10-02,96.3979,96.7175,94.2934,94.5332,46400
2006-10-03,94.7796,99.2282,94.7796,99.2282,84300
2006-10-04,99.8942,100.6,98.7421,99.2282,50200
2006-10-05,98.5622,100.36,98.2093,100.36,66600
2006-10-06,99.2415,99.8942,98.5489,98.6688,23600
2006-10-10,99.2282,103.617,99.2282,101.226,86400
2006-10-11,99.8942,102.558,99.8609,102.558,87100
2006-10-12,102.558,106.061,102.558,105.308,36300
2006-10-13,105.155,109.884,104.896,108.705,53800
2006-10-16,108.512,110.683,107.972,109.804,28800
2006-10-17,109.684,113.18,108.552,112.88,32400
2006-10-18,112.547,115.378,112.494,115.378,48600
2006-10-19,113.879,119.207,113.879,118.668,51100
2006-10-20,118.534,118.767,116.323,117.262,16700
2006-10-23,117.635,118.621,117.209,118.008,62000
2006-10-24,117.209,118.874,116.21,117.875,15700
2006-10-25,118.321,118.541,117.609,118.208,89000
2006-10-26,117.875,119.873,117.875,119.706,78800
2006-10-27,118.208,120.492,118.208,118.874,50500
2006-10-30,119.274,119.793,118.042,119.087,31500
2006-10-31,119.107,120.039,117.569,119.753,35800
2006-11-01,118.541,118.541,116.43,116.843,16000
2006-11-02,118.541,119.207,115.91,118.841,56300
2006-11-03,116.55,116.55,108.578,114.379,74600
2006-11-06,115.205,119.933,113.879,119.507,100400
2006-11-07,119.873,120.206,119.047,119.54,68200
2006-11-08,119.38,119.38,115.444,115.677,29600
2006-11-09,114.878,117.875,114.219,114.266,26900
2006-11-10,114.758,116.683,114.399,116.53,59900
2006-11-13,115.877,118.594,115.764,118.594,31300
2006-11-14,119.207,133.272,117.469,130.362,95200
2006-11-15,128.897,130.528,126.479,129.323,118000
2006-11-16,129.196,130.861,125.74,129.703,109700
2006-11-17,130.528,134.418,130.195,132.866,119800
2006-11-20,134.151,136.409,133.126,133.192,73300
2006-11-21,133.192,144.514,132.526,144.181,59200
2006-11-22,144.514,146.511,139.173,141.517,82600
2006-11-23,141.517,142.516,139.858,141.783,2500
2006-11-24,141.776,142.656,140.518,141.85,28700
2006-11-27,141.783,141.783,138.2,138.86,56900
2006-11-28,138.86,138.86,136.522,137.854,63800
2006-11-29,137.847,140.065,137.634,138.533,19700
2006-11-30,137.854,140.951,137.854,139.332,31200
2006-12-01,137.854,141.25,137.854,139.319,123000
2006-12-04,137.927,140.618,137.927,140.618,98700
2006-12-05,140.518,142.149,140.518,141.443,112300
2006-12-06,142.316,151.173,141.73,149.235,45800
2006-12-07,147.91,150.84,145.512,146.505,33100
2006-12-08,146.505,159.831,146.019,159.644,117400
2006-12-11,159.831,160.497,157,157,110300
2006-12-12,157.173,158.499,150.294,151.44,59100
2006-12-13,149.841,155.702,149.841,153.837,38600
2006-12-14,155.169,157.014,154.197,154.456,65100
2006-12-15,153.837,157.233,153.344,153.837,69500
2006-12-18,153.837,156.934,153.504,155.162,84300
2006-12-19,153.837,155.835,152.505,153.737,51100
2006-12-20,153.577,156.501,153.005,154.436,82400
2006-12-21,154.836,156.261,153.591,154.356,90800
2006-12-22,153.897,155.868,151.939,154.363,32500
2006-12-27,157.233,157.233,155.768,155.875,17600
2006-12-28,155.835,156.028,154.003,154.003,15700
2006-12-29,153.837,155.575,153.224,154.283,10900
2007-01-02,154.503,155.835,154.503,155.822,800
2007-01-03,155.835,156.501,152.305,153.338,25700
2007-01-04,152.838,153.331,148.509,149.968,34800
2007-01-05,148.849,149.974,142.502,142.536,39600
2007-01-08,142.722,144.254,142.01,142.516,57700
2007-01-09,142.516,144.534,141.85,143.182,14600
2007-01-10,143.355,146.138,142.802,142.802,28000
2007-01-11,143.135,144.507,142.516,143.601,29100
2007-01-12,143.714,143.908,140.458,140.458,30400
2007-01-15,142.176,143.182,142.016,143.148,5500
2007-01-16,141.85,143.788,140.564,140.851,38900
2007-01-17,141.11,141.184,135.696,136.788,30900
2007-01-18,139.852,141.051,136.469,136.855,24000
2007-01-19,137.721,138.52,136.489,137.927,12500
2007-01-22,137.954,139.239,135.177,135.177,14800
2007-01-23,136.602,138.265,132.761,135.249,22000
2007-01-24,135.256,137.853,135.256,137.846,14300
2007-01-25,138.292,139.584,135.952,137.947,25700
2007-01-26,137.751,138.968,137.616,138.509,16500
2007-01-29,139.645,144.473,138.874,142.147,26400
2007-01-30,143.364,143.594,140.348,141.045,16500
2007-01-31,140.733,141.673,140.544,140.808,6100
2007-02-01,140.49,144.48,140.321,141.045,18800
2007-02-02,141.017,142.411,140.659,141.234,8300
2007-02-05,142.181,142.181,140.05,140.132,5500
2007-02-06,139.482,141.065,139.482,140.28,10300
2007-02-07,140.152,141.335,138.637,139.083,18800
2007-02-08,140.22,140.659,137.616,138.123,18900
2007-02-09,138.63,138.63,135.067,136.297,20400
2007-02-12,135.249,138.285,135.249,135.52,15300
2007-02-13,135.52,136.602,135.012,136.088,20400
2007-02-14,137.244,137.636,136.209,136.338,11700
2007-02-15,135.249,137.373,135.249,137.075,20400
2007-02-16,138.461,138.461,136.264,136.264,7300
2007-02-19,135.249,135.831,135.249,135.831,2200
2007-02-20,137.954,139.036,136.263,138.935,50800
2007-02-21,138.935,139.036,135.939,136.581,31100
2007-02-22,136.588,137.055,134.87,135.621,28400
2007-02-23,137.109,149.795,136.372,149.606,88100
2007-02-26,149.45,156.341,149.45,153.913,80700
2007-02-27,152.48,155.476,150.093,152.23,36700
2007-02-28,153.305,154.901,152.642,152.642,46800
2007-03-01,153.129,155.536,148.044,155.536,42400
2007-03-02,155.53,156.199,152.52,155.367,38700
2007-03-05,154.184,156.057,154.015,154.015,42700
2007-03-06,156.077,156.077,153.508,155.198,63200
2007-03-07,155.875,158.918,155.875,158.884,62100
2007-03-08,158.911,162.13,157.558,159.594,53900
2007-03-09,159.594,160.094,157.809,158.688,96600
2007-03-12,158.241,162.86,158.241,162.36,92700
2007-03-13,162.36,163.651,159.837,161.623,61000
2007-03-14,160.777,164.49,160.777,163.618,58900
2007-03-15,164.997,170.563,164.936,170.076,88600
2007-03-16,169.082,174.032,169.082,173.119,97400
2007-03-19,173.119,182.417,173.119,181.897,154600
2007-03-20,180.659,185.285,179.205,185.285,48900
2007-03-21,184.514,187.766,184.514,186.644,56500
2007-03-22,186.468,188.673,181.917,182.248,90700
2007-03-23,181.572,183.614,180.896,182.248,58600
2007-03-26,182.248,184.277,179.99,180.673,203000
2007-03-27,179.205,180.044,177.751,179.449,48100
2007-03-28,178.529,179.712,176.094,176.094,55900
2007-03-29,176.101,177.853,174.654,177.643,50300
2007-03-30,176.399,178.529,173.768,175.824,20600
2007-04-02,177.819,181.396,177.738,178.867,12000
2007-04-03,177.853,179.516,177.853,179.435,13600
2007-04-04,180.558,181.234,177.731,178.867,25200
2007-04-05,180.321,180.321,176.48,176.48,19900
2007-04-09,177.23,188.902,177.224,182.911,85400
2007-04-10,182.451,185.629,178.583,178.657,39700
2007-04-11,180.219,181.092,177.359,177.372,36000
2007-04-12,178.529,178.529,175.506,176.52,15900
2007-04-13,177.853,177.853,174.796,175.891,29800
2007-04-16,177.853,179.678,177.176,178.394,32900
2007-04-17,178.529,178.583,174.471,175.493,22600
2007-04-18,174.471,176.879,173.964,175.824,16100
2007-04-19,176.669,176.669,172.781,175.08,12000
2007-04-20,175.263,175.263,169.738,169.738,12100
2007-04-23,171.09,172.138,166.39,168.419,21600
2007-04-24,167.878,172.443,167.709,172.443,19600
2007-04-25,172.402,172.848,170.576,172.436,13300
2007-04-26,172.436,173.788,170.968,172.781,23200
2007-04-27,171.814,173.119,170.421,170.989,7500
2007-04-30,170.989,175.979,169.738,171.875,52300
2007-05-01,173.592,173.592,168.216,168.385,15400
2007-05-02,169.23,170.59,167.736,169.636,19500
2007-05-03,172.375,173.119,170.752,173.119,184000
2007-05-04,173.112,173.112,167.709,168.392,64400
2007-05-07,169.061,171.09,168.433,168.554,20200
2007-05-08,169.061,170.414,166.979,167.675,39100
2007-05-09,169.061,169.061,166.695,166.87,24100
2007-05-10,166.018,167.033,157.964,159.668,41900
2007-05-11,160.946,161.697,154.664,156.213,20900
2007-05-14,154.867,157.092,154.867,155.462,12600
2007-05-15,155.536,155.57,153.832,154.691,36200
2007-05-16,153.508,158.918,153.508,157.051,13200
2007-05-17,157.748,158.688,153.968,157.173,20100
2007-05-18,158.241,158.241,155.016,155.381,11300
2007-05-22,155.408,157.978,155.408,157.897,24300
2007-05-23,157.89,158.471,155.719,156.49,50900
2007-05-24,156.49,157.985,155.029,155.029,14700
2007-05-25,154.867,154.867,149.795,149.795,15900
2007-05-28,149.112,149.112,143.364,145.562,16200
2007-05-29,146.056,148.436,144.378,145.393,46500
2007-05-30,145.393,147.963,144.832,146.813,18800
2007-05-31,148.504,149.362,146.083,146.103,21000
2007-06-01,148.098,148.436,145.055,145.055,26600
2007-06-04,144.717,145.028,141.268,141.268,54800
2007-06-05,139.983,142.803,139.307,139.983,40800
2007-06-06,140.916,140.916,138.996,140.456,32500
2007-06-07,141.335,142.012,140.558,141.335,53000
2007-06-08,140.659,142.012,140.659,141.471,32300
2007-06-11,142.012,142.012,140.93,141.356,47300
2007-06-12,140.186,141.416,136.838,138.63,66800
2007-06-13,139.983,141.768,137.954,139.983,26700
2007-06-14,140.659,144.622,140.659,143.601,34900
2007-06-15,144.717,144.717,141.173,144.534,210100
2007-06-18,144.548,145.136,143.026,143.026,64200
2007-06-19,143.026,144.541,142.012,144.52,32800
2007-06-20,144.027,144.027,140.003,140.152,40100
2007-06-21,140.673,141.295,138.427,139.699,16100
2007-06-22,139.983,141.146,138.955,138.955,31400
2007-06-25,138.022,140.659,138.022,139.983,28100
2007-06-26,141.329,142.012,139.983,142.012,47100
2007-06-27,142.688,143.364,140.321,140.869,52700
2007-06-28,140.652,141.538,137.596,137.954,23400
2007-06-29,138.36,141.295,137.616,137.616,19100
2007-07-03,137.616,145.061,136.602,145.061,20500
2007-07-04,145.061,151.276,145.055,148.848,15600
2007-07-05,148.848,150.079,141.207,141.471,117000
2007-07-06,141.714,142.181,140.307,141.099,31800
2007-07-09,141.105,141.626,140.03,140.03,28100
2007-07-10,141.673,144.5,141.166,142.012,37800
2007-07-11,142.857,145.325,142.857,142.931,73100
2007-07-12,144.717,148.098,143.303,146.299,58400
2007-07-13,147.422,148.023,146.069,147.591,46000
2007-07-16,147.679,148.098,147.591,147.76,52700
2007-07-17,147.766,148.761,144.892,145.772,30000
2007-07-18,147.611,147.611,145.393,146.137,33900
2007-07-19,144.791,147.753,144.791,145.731,102300
2007-07-20,144.04,147.077,144.04,146.989,21300
2007-07-23,146.745,146.894,142.012,143.364,31800
2007-07-24,144.047,144.649,139.225,139.645,35100
2007-07-25,138.63,140.125,138.421,139.307,100000
2007-07-26,139.983,140.389,137.095,137.176,43500
2007-07-27,137.251,138.231,136.433,136.433,53000
2007-07-30,139.983,143.019,137.278,143.019,49200
2007-07-31,141.335,142.566,139.307,139.645,29900
2007-08-01,136.608,138.63,132.037,136.162,43900
2007-08-02,139.3,141.004,136.27,137.379,28100
2007-08-03,135.932,143.148,135.932,139.307,111900
2007-08-07,138.306,140.287,136.169,136.27,26700
2007-08-08,135.256,137.907,135.256,137.454,46700
2007-08-09,136.602,140.328,136.284,136.5,114500
2007-08-10,137.751,140.118,135.892,137.609,57100
2007-08-13,140.49,141.132,137.278,137.447,36600
2007-08-14,137.616,138.36,135.249,135.249,50000
2007-08-15,135.925,137.988,135.506,135.506,40500
2007-08-16,135.141,135.182,130.529,132.037,58700
2007-08-17,132.659,135.628,131.868,134.573,50200
2007-08-20,133.897,136.527,132.903,132.903,50900
2007-08-21,131.192,141.64,131.192,139.51,45100
2007-08-22,145.048,145.839,142.499,144.061,74300
2007-08-23,144.094,146.035,143.391,146.035,9400
2007-08-24,146.035,146.407,145.156,145.873,70700
2007-08-27,145.4,147.462,144.378,146.542,15200
2007-08-28,146.069,146.935,144.054,144.054,25600
2007-08-29,146.745,147.144,146.11,146.292,17500
2007-08-30,146.745,147.53,145.873,146.671,23000
2007-08-31,147.422,148.754,145.738,148.355,95600
2007-09-04,148.517,155.537,148.517,151.79,31800
2007-09-05,150.127,153.508,150.127,153.508,26000
2007-09-06,153.508,154.184,152.412,152.967,19200
2007-09-07,152.602,153.17,151.567,152.832,25900
2007-09-10,151.242,153.819,150.83,152.892,26300
2007-09-11,152.331,153.846,152.155,153.846,30200
2007-09-12,152.832,158.106,152.832,158.052,41300
2007-09-13,158.241,163.692,158.228,162.968,43100
2007-09-14,161.629,170.407,161.629,169.907,61000
2007-09-17,171.138,175.141,170.948,172.307,31500
2007-09-18,172.307,173.606,170.434,172.098,95100
2007-09-19,172.443,176.27,171.766,173.795,77000
2007-09-20,174.133,177.176,173.795,175.986,69700
2007-09-21,175.993,177.542,174.789,177.542,41000
2007-09-24,176.027,176.669,169.359,171.428,39600
2007-09-25,171.935,172.003,167.208,167.236,46600
2007-09-26,169.061,170.076,166.526,167.607,39000
2007-09-27,165.687,168.385,163.99,164.673,55900
2007-09-28,164.74,165.004,163.3,164.003,20100
2007-10-01,164.963,164.963,162.975,163.28,36000
2007-10-02,165.004,166.661,163.685,166.661,35300
2007-10-03,165.552,165.552,161.67,162.299,35300
2007-10-04,161.623,162.211,161.109,161.893,25400
2007-10-05,161.893,162.617,158.586,159.1,25400
2007-10-09,161.623,161.623,158.613,160.203,18200
2007-10-10,161.555,161.555,158.749,159.553,43600
2007-10-11,159.594,159.594,154.191,154.191,30600
2007-10-12,155.198,157.91,155.171,156.646,13400
2007-10-15,155.192,155.692,153.508,155.462,29800
2007-10-16,153.082,153.751,151.479,151.783,32100
2007-10-17,152.155,153.629,149.525,150.235,28900
2007-10-18,150.654,158.296,149.457,158.296,15100
2007-10-19,156.233,156.889,152.155,153.17,40800
2007-10-22,152.899,153.562,150.857,153.373,20000
2007-10-23,152.318,155.374,152.318,154.651,30100
2007-10-24,152.906,157.565,152.906,156.294,156700
2007-10-25,157.565,166.018,157.464,162.705,76000
2007-10-26,163.651,170.252,160.71,167.269,50600
2007-10-29,170.414,175.993,168.71,175.824,24700
2007-10-30,175.824,176.5,171.165,174.952,34400
2007-10-31,175.148,179.496,173.119,176.703,45500
2007-11-01,177.792,180.321,171.766,179.868,30700
2007-11-02,185.487,187.32,178.495,179.543,86400
2007-11-05,178.387,182.816,174.133,180.219,59000
2007-11-06,180.902,181.538,179.205,181.241,64000
2007-11-07,181.234,181.883,178.252,179.881,81600
2007-11-08,177.176,181.234,174.316,176.696,71800
2007-11-09,177.068,177.068,172.199,173.957,48400
2007-11-12,173.119,177.176,173.119,174.471,46800
2007-11-13,175.824,177.846,174.126,175.831,57400
2007-11-14,175.087,179.205,174.12,177.684,38000
2007-11-15,177.684,179.543,177.332,178.989,76300
2007-11-16,178.495,184.094,178.15,181.93,74700
2007-11-19,179.205,197.2,179.205,194.759,76400
2007-11-20,194.759,198.816,192.054,197.301,97100
2007-11-21,193.399,199.492,193.399,198.992,55000
2007-11-22,198.417,199.526,198.417,199.486,47100
2007-11-23,198.343,199.492,196.206,197.734,21200
2007-11-26,196.449,199.743,196.449,199.743,86400
2007-11-27,202.13,203.55,197.464,201.69,103700
2007-11-28,202.705,202.874,201.095,202.698,78400
2007-11-29,202.59,210.901,202.59,210.901,62400
2007-11-30,211.665,211.665,191.283,196.104,108700
2007-12-03,195.435,197.389,191.378,193.427,88400
2007-12-04,196.301,204.564,195.868,203.719,135500
2007-12-05,206.255,206.275,204.429,204.564,71600
2007-12-06,203.212,207.587,203.212,205.004,64500
2007-12-07,205.917,205.917,202.874,203.699,31300
2007-12-10,204.348,204.618,203.043,203.455,70900
2007-12-11,206.235,209.298,204.071,207.432,104600
2007-12-12,207.35,207.35,203.273,204.226,32600
2007-12-13,203.212,207.148,201.711,205.782,29400
2007-12-14,206.255,206.255,203.651,205.234,14600
2007-12-17,203.726,206.519,200.831,200.831,21100
2007-12-18,202.867,204.226,201.805,204.226,46700
2007-12-19,203.05,203.516,201.075,202.705,22700
2007-12-20,204.219,204.219,200.223,201.055,18000
2007-12-21,201.859,201.859,196.111,199.492,52000
2007-12-24,199.499,201.859,198.816,198.87,7700
2007-12-27,196.111,196.111,194.285,194.285,7700
2007-12-28,193.677,194.711,192.831,194.15,8500
2007-12-31,192.886,194.718,187.996,194.082,23900
2008-01-02,194.082,199.445,184.541,184.852,50100
2008-01-03,189.342,189.342,182.661,187.428,35300
2008-01-04,187.421,187.421,183.601,185.968,28900
2008-01-07,187.32,191.249,185.291,186.948,30000
2008-01-08,187.117,197.295,185.325,194.752,170900
2008-01-09,196.091,196.091,191.506,192.473,121400
2008-01-10,193.361,198.901,193.361,196.582,25500
2008-01-11,199.576,199.576,191.95,195.618,32000
2008-01-14,196.836,198.901,192.019,194.703,28800
2008-01-15,194.084,196.355,190.986,193.609,30300
2008-01-16,191.331,196.148,191.331,192.556,51600
2008-01-17,195.013,203.031,194.084,201.441,97800
2008-01-18,202.618,208.42,201.166,208.413,66200
2008-01-21,207.848,213.285,196.362,196.596,79200
2008-01-22,198.901,207.49,189.954,203.994,77600
2008-01-23,203.994,204.407,197.525,202.686,81100
2008-01-24,202.7,206.94,200.106,205.653,55200
2008-01-25,204.063,207.16,203.994,203.994,42400
2008-01-28,202.342,207.766,202.342,207.16,66400
2008-01-29,207.848,220.533,207.16,220.533,97700
2008-01-30,218.86,227.945,218.034,220.409,103100
2008-01-31,220.588,226.851,220.581,225.509,80500
2008-02-01,231.937,235.516,225.054,227.456,89500
2008-02-04,227.608,229.184,217.532,218.853,77600
2008-02-05,220.237,222.556,214.731,215.226,83700
2008-02-06,218.172,219.404,216.369,217.766,52300
2008-02-07,215.419,219.204,214.042,216.685,26500
2008-02-08,214.084,221.613,212.941,215.825,53400
2008-02-11,217.828,218.867,215.157,218.867,19500
2008-02-12,220.753,221.124,217.47,219.356,23800
2008-02-13,218.695,220.801,216.121,219.287,29000
2008-02-14,218.172,220.237,216.857,216.899,20200
2008-02-15,218.509,221.792,216.272,220.498,17900
2008-02-19,221.434,221.434,217.208,218,29100
2008-02-20,216.768,216.864,213.361,215.77,37300
2008-02-21,217.484,222.976,215.419,215.426,46800
2008-02-22,219.617,222.639,216.623,219.507,74100
2008-02-25,219.473,219.473,210.305,210.402,39700
2008-02-26,211.971,212.012,205.784,206.314,72400
2008-02-27,208.523,208.777,203.568,208.743,49700
2008-02-28,209.906,216.534,208.034,214.731,52500
2008-02-29,215.281,215.412,204.407,206.389,55200
2008-03-03,206.128,207.848,194.393,195.054,65700
2008-03-04,195.123,199.452,186.864,189.266,73700
2008-03-05,190.98,191.331,183.595,186.52,73400
2008-03-06,187.814,187.814,179.63,186.286,66600
2008-03-07,183.409,193.395,181.633,192.349,66300
2008-03-10,193.739,193.939,180.326,182.383,41700
2008-03-11,184.441,186.341,180.25,183.072,100200
2008-03-12,183.065,183.065,176.286,176.809,58200
2008-03-13,178.426,189.438,175.721,187.648,60600
2008-03-14,191.895,191.895,180.67,183.588,41700
2008-03-17,183.746,193.533,183.003,185.308,74700
2008-03-18,183.581,186.114,180.319,183.801,65000
2008-03-19,184.118,189.445,183.829,188.798,53900
2008-03-20,190.463,192.418,187.896,190.656,79200
2008-03-24,192.012,194.152,190.711,190.918,43300
2008-03-25,192.363,196.334,189.954,196.334,42400
2008-03-26,196.334,198.901,195.46,197.194,56400
2008-03-27,199.108,201.833,196.148,199.782,53800
2008-03-28,199.782,203.271,197.745,199.975,44600
2008-03-31,203.031,207.69,199.686,205.715,45700
2008-04-01,207.835,214.731,202.342,214.731,53700
2008-04-02,215.419,221.613,213.354,217.697,53900
2008-04-03,220.23,220.89,215.508,215.942,28100
2008-04-04,213.43,219.961,213.43,216.623,26800
2008-04-07,219.542,234.001,219.535,232.267,78700
2008-04-08,228.84,231.152,218.688,220.23,135700
2008-04-09,220.574,223.671,218.523,219.617,28000
2008-04-10,220.237,220.237,214.077,220.237,90800
2008-04-11,218.867,222.308,214.972,217.656,41700
2008-04-14,219.548,220.237,217.449,218.365,36600
2008-04-15,220.168,221.035,215.302,216.444,61000
2008-04-16,215.419,215.935,211.2,212.501,41200
2008-04-17,214.042,215.577,211.221,214.731,142100
2008-04-18,213.698,214.683,210.608,212.143,33400
2008-04-21,210.395,213.354,209.658,209.879,33700
2008-04-22,209.913,213.795,209.287,210.519,43500
2008-04-23,211.634,216.795,211.634,212.198,40700
2008-04-24,211.29,214.015,210.601,211.682,25900
2008-04-25,210.519,212.033,206.603,210.188,21000
2008-04-28,209.83,210.87,208.702,208.702,18300
2008-04-29,210.574,210.574,208.192,210.113,24300
2008-04-30,209.569,213.347,207.504,209.225,100400
2008-05-01,211.29,217.566,211.29,213.471,26600
2008-05-02,212.762,212.762,194.152,196.203,113800
2008-05-05,194.772,199.555,194.407,197.587,66800
2008-05-06,198.764,199.645,195.171,195.171,89000
2008-05-07,196.83,196.836,192.019,193.292,51100
2008-05-08,191.847,193.801,190.037,191.317,56800
2008-05-09,192.019,197.876,190.525,194.262,94800
2008-05-12,196.245,196.506,193.051,194.428,53200
2008-05-13,193.739,198.302,193.622,196.424,123800
2008-05-14,195.46,198.295,194.772,197.353,23700
2008-05-15,198.206,201.035,195.632,199.982,34500
2008-05-16,200.113,203.031,198.839,200.904,38000
2008-05-20,196.155,200.278,196.148,197.587,72300
2008-05-21,198.213,198.901,192.817,193.347,42600
2008-05-22,194.517,195.054,191.214,193.395,29900
2008-05-23,192.026,194.077,189.954,190.601,36500
2008-05-26,190.601,190.601,188.44,188.88,11400
2008-05-27,190.298,194.125,190.092,192.122,28900
2008-05-28,192.638,194.063,186.905,187.476,31700
2008-05-29,186.52,191.668,185.749,187.786,23000
2008-05-30,189.369,190.608,187.889,188.268,79000
2008-06-02,187.889,189.885,187.38,188.172,67300
2008-06-03,187.882,189.259,183.746,185.46,32300
2008-06-04,184.434,184.51,180.312,181.055,25100
2008-06-05,182.315,183.375,180.305,182.728,25600
2008-06-06,184.379,184.379,177.043,177.043,31000
2008-06-09,178.598,180.305,177.401,179.424,32400
2008-06-10,176.919,180.491,176.919,179.286,32900
2008-06-11,181,181,177.71,177.71,54800
2008-06-12,178.873,181.523,177.084,177.359,53200
2008-06-13,179.527,179.61,177.669,179.025,47000
2008-06-16,180.89,180.89,176.533,177.05,33900
2008-06-17,179.279,181.048,175.611,176.293,67600
2008-06-18,178.268,180.243,177.566,178.178,59000
2008-06-19,176.361,176.361,169.789,170.615,43500
2008-06-20,170.312,170.319,165.184,166.464,63800
2008-06-23,170.67,174.235,167.242,170.697,92000
2008-06-24,170.697,170.697,169.307,170.03,90700
2008-06-25,170.043,174.813,168.302,174.813,43100
2008-06-26,171.021,172.06,168.213,172.039,53200
2008-06-27,171.702,172.727,170.305,171.027,27000
2008-06-30,174.489,179.631,171.847,179.631,41100
2008-07-02,182.383,184.448,181.007,182.053,36700
2008-07-03,181.688,183.368,179.114,181.695,17000
2008-07-04,180.043,181.86,180.043,180.456,16600
2008-07-07,180.381,184.09,177.566,177.566,41500
2008-07-08,179.672,185.825,179.672,185.825,48200
2008-07-09,186.575,187.876,184.875,185.136,35600
2008-07-10,184.799,185.598,182.377,183.209,47200
2008-07-11,181.007,189.266,181.007,184.586,55900
2008-07-14,186.63,188.578,184.662,185.825,48100
2008-07-15,183.079,188.578,181.695,182.728,31400
2008-07-16,181.014,186.657,177.187,181.523,43000
2008-07-17,182.81,183.705,176.884,178.77,38400
2008-07-18,180.319,180.319,175.673,178.942,50800
2008-07-21,177.38,180.043,171.716,172.28,42500
2008-07-22,172.06,176.382,170.043,175.336,39900
2008-07-23,175.315,186.169,175.315,183.636,47900
2008-07-24,185.666,185.666,180.663,180.663,23100
2008-07-25,182.686,185.825,177.015,185.825,40100
2008-07-28,181.695,181.695,178.254,178.77,13600
2008-07-29,177.573,179.975,176.341,177.566,12200
2008-07-30,179.63,182.445,176.884,178.392,34700
2008-07-31,180.236,182.363,178.818,180.525,90000
2008-08-01,180.525,180.525,173.87,178.254,37200
2008-08-05,177.559,177.566,172.012,174.297,40600
2008-08-06,173.326,174.125,171.633,173.23,62100
2008-08-07,174.125,174.558,171.895,171.895,49300
2008-08-08,172.776,175.109,172.776,173.608,35800
2008-08-11,174.125,175.487,171.709,172.679,38600
2008-08-12,171.482,172.789,165.935,166.21,37100
2008-08-13,167.924,169.651,166.058,167.352,34900
2008-08-14,166.561,175.109,166.561,173.78,27800
2008-08-15,172.067,173.822,169.63,170.993,18800
2008-08-18,169.307,170.14,167.008,169.376,24600
2008-08-19,171.365,171.365,164.145,164.145,33800
2008-08-20,164.689,165.811,161.736,162.28,39100
2008-08-21,162.197,162.652,159.403,160.016,46600
2008-08-22,161.564,162.431,160.704,161.255,29000
2008-08-25,162.438,164.118,161.048,162.08,42800
2008-08-26,162.08,163.078,152.748,154.345,45700
2008-08-27,152.789,157.772,152.789,157.263,49200
2008-08-28,159.506,159.506,156.292,158.577,48900
2008-08-29,157.022,160.36,156.657,160.36,49900
2008-09-02,159.665,161.172,156.299,156.299,38000
2008-09-03,156.299,158.295,154.166,155.714,31700
2008-09-04,155.707,159.155,154.992,158.302,32900
2008-09-05,156.939,157.965,155.542,155.886,26600
2008-09-08,155.542,158.495,155.542,155.893,32000
2008-09-09,155.542,161.489,155.542,158.502,38200
2008-09-10,159.665,161.557,158.047,158.391,59000
2008-09-11,158.777,162.424,157.951,162.424,26700
2008-09-12,158.983,160.422,154.448,156.402,43700
2008-09-15,154.241,163.877,153.615,162.569,54400
2008-09-16,160.36,178.99,159.672,172.06,127400
2008-09-17,169.995,173.127,162.466,167.862,66900
2008-09-18,164.985,172.06,164.985,168.908,79300
2008-09-19,169.713,203.031,168.908,203.031,151900
2008-09-22,192.7,233.293,192.7,220.237,557600
2008-09-23,229.184,234.001,213.361,231.937,563100
2008-09-24,227.112,227.119,204.407,204.407,176400
2008-09-25,203.031,216.878,200.14,205.612,186800
2008-09-26,200.98,219.376,200.98,218.179,41700
2008-09-29,215.04,221.613,212.989,216.795,75000
2008-09-30,216.795,240.884,211.978,234.786,98200
2008-10-01,233.43,259.466,232.997,239.507,495400
2008-10-02,240.891,251.207,238.826,245.701,81500
2008-10-03,247.773,247.773,222.99,222.99,108600
2008-10-06,227.353,242.949,223.678,235.378,91600
2008-10-07,231.944,235.378,222.762,222.762,44700
2008-10-08,223.334,227.119,218.998,221.269,129400
2008-10-09,230.553,230.553,209.122,211.916,79300
2008-10-10,214.042,227.835,209.906,218.86,91200
2008-10-14,229.872,230.939,223.678,224.366,97700
2008-10-15,229.184,241.028,229.184,234.69,58500
2008-10-16,234.69,239.5,229.872,229.872,67100
2008-10-17,233.995,242.185,230.56,236.754,117800
2008-10-20,239.163,242.233,235.722,236.754,90100
2008-10-21,236.335,238.812,230.361,233.306,84500
2008-10-22,233.306,237.436,227.119,227.119,63200
2008-10-23,227.676,230.56,217.291,219.548,69300
2008-10-24,220.237,228.702,219.204,228.495,76900
2008-10-27,224.366,228.888,223.678,224.16,39100
2008-10-28,224.442,228.489,214.641,221.613,83000
2008-10-29,216.795,221.613,214.552,221.613,40100
2008-10-30,218.86,220.925,215.467,220.925,31200
2008-10-31,231.758,244.917,227.188,227.807,83900
2008-11-03,231.937,241.572,228.234,234.366,32200
2008-11-04,227.126,236.039,222.157,224.924,85700
2008-11-05,225.743,240.884,223.1,240.884,38100
2008-11-06,240.891,242.219,222.26,226.431,39500
2008-11-07,220.595,227.704,220.588,225.02,41100
2008-11-10,225.164,230.904,219.108,221.613,31800
2008-11-11,221.627,231.937,220.237,229.872,39800
2008-11-12,226.465,233.657,226.465,233.657,41400
2008-11-13,230.078,233.313,224.373,226.431,57700
2008-11-14,228.502,233.389,225.743,229.184,32000
2008-11-17,229.184,230.154,225.054,225.054,24500
2008-11-18,228.84,234.387,225.743,233.306,52300
2008-11-19,233.306,243.203,232.618,242.185,86600
2008-11-20,240.808,252.494,238.819,245.701,119000
2008-11-21,247.766,247.766,240.932,242.949,109500
2008-11-24,244.373,247.677,235.901,240.884,84200
2008-11-25,237.443,243.692,235.66,243.465,60800
2008-11-26,243.465,251.235,236.603,249.349,72800
2008-11-27,245.013,249.06,244.676,249.06,26700
2008-11-28,249.143,253.953,243.258,247.766,61000
2008-12-01,246.376,249.576,240.526,246.507,82800
2008-12-02,246.514,246.734,238.503,240.292,61800
2008-12-03,243.637,244.325,237.443,240.884,50100
2008-12-04,238.819,245.013,238.819,241.572,65800
2008-12-05,242.949,246.968,237.787,238.124,128900
2008-12-08,238.131,242.074,236.754,236.754,37200
2008-12-09,236.968,243.513,236.968,240.712,74200
2008-12-10,241.056,242.26,237.635,238.957,132700
2008-12-11,236.066,239.507,233.485,239.507,99800
2008-12-12,240.196,246.39,236.094,244.456,74700
2008-12-15,242.26,245.867,238.482,244.119,53900
2008-12-16,241.159,249.831,240.884,248.248,56200
2008-12-17,248.042,248.042,245.702,247.931,1000
2008-12-18,251.207,264.098,251.207,263.086,80700
2008-12-19,264.766,268.413,258.991,261.916,86400
2008-12-22,264.972,265.454,254.979,255.75,32100
2008-12-23,255.86,261.703,255.44,255.66,24300
2008-12-24,259.803,259.803,253.272,257.402,5300
2008-12-29,257.395,262.907,254.649,258.964,20500
2008-12-30,256.713,260.671,256.713,260.086,11900
2008-12-31,263.582,268.413,256.713,268.413,22300
2009-01-02,264.972,265.261,258.936,261.187,62700
2009-01-05,264.8,264.965,248.75,249.852,49200
2009-01-06,252.997,264.208,247.154,264.208,43400
2009-01-07,262.907,262.907,255.481,258.503,22900
2009-01-08,257.477,258.606,252.357,253.754,35400
2009-01-09,255.956,256.913,253.018,255.302,33300
2009-01-12,256.025,261.799,254.821,260.781,121100
2009-01-13,262.233,264.628,262.219,263.252,136100
2009-01-14,261.538,264.972,260.705,264.869,153700
2009-01-15,264.835,270.464,262.219,269.687,72300
2009-01-16,273.603,273.653,266.141,271.819,63500
2009-01-19,272.947,279.915,271.889,278.942,14500
2009-01-20,278.568,280.134,276.128,278.554,31300
2009-01-21,277.891,280.021,276.297,277.884,118900
2009-01-22,276.594,280.007,276.594,277.214,43700
2009-01-23,277.172,278.59,272.327,276.474,70500
2009-01-26,276.474,278.364,275.275,277.362,24500
2009-01-27,277.362,278.589,276.311,278.589,36900
2009-01-28,276.925,280.705,276.918,280.353,62300
2009-01-29,277.884,283.329,277.172,283.322,56700
2009-01-30,284.761,284.761,278.166,281.34,57600
2009-02-02,283.526,283.964,279.69,281.869,48900
2009-02-03,280.176,281.777,278.646,280,36200
2009-02-04,280.183,281.037,277.884,278.942,53000
2009-02-05,279.746,279.993,274.548,279.993,34100
2009-02-06,279.986,281.763,278.942,281.763,19800
2009-02-09,281.763,281.763,275.063,277.814,22200
2009-02-10,274.358,282.109,273.66,280.741,26700
2009-02-11,279.302,284.048,279.302,282.878,19800
2009-02-12,280.987,283.428,273.652,280.705,56900
2009-02-13,281.411,284.874,280.691,282.828,24000
2009-02-17,283.414,284.937,279.295,280.614,16400
2009-02-18,279.485,281.989,266.839,266.91,54000
2009-02-19,270.119,270.119,262.022,262.022,28300
2009-02-20,264.484,264.484,242.563,248.262,45600
2009-02-23,244.736,248.333,226.426,226.772,41900
2009-02-24,229.205,234.156,209.831,234.156,67600
2009-02-25,234.325,234.854,221.602,223.224,47300
2009-02-26,221.468,226.045,218.428,226.045,54900
2009-02-27,223.929,226.758,217.836,217.836,43200
2009-03-02,211.516,223.351,209.662,223.351,51800
2009-03-03,221.13,225.728,209.471,209.859,41500
2009-03-04,211.121,212.864,204.781,205.782,60400
2009-03-05,205.705,208.053,195.372,198.574,65800
2009-03-06,196.071,205.338,195.464,203.335,58400
2009-03-09,199.668,203.116,192.107,193.969,88800
2009-03-10,196.931,203.3,193.955,200.768,74000
2009-03-11,203.476,209.471,200.479,207.355,51700
2009-03-12,207.355,223.147,207.355,223.118,48000
2009-03-13,223.118,224.282,212.356,218.28,35100
2009-03-16,215.008,215.008,208.096,212.081,69600
2009-03-17,209.471,214.761,207.087,214.761,23900
2009-03-18,211.587,219.162,209.838,218.464,44800
2009-03-19,215.254,219.987,215.254,216.877,90100
2009-03-20,218.64,222.089,215.466,217.568,75500
2009-03-23,217.568,225.382,214.599,218.111,39100
2009-03-24,213.35,223.577,213.35,223.577,37700
2009-03-25,224.811,228.514,217.123,220.883,52200
2009-03-26,222.399,222.399,219.162,220.756,43000
2009-03-27,218.682,227.103,218.682,227.103,40700
2009-03-30,222.159,222.159,214.824,220.05,59100
2009-03-31,218.746,229.925,218.746,229.925,53100
2009-04-01,224.48,228.521,220.05,228.161,39700
2009-04-02,230.108,232.739,224.995,228.514,50100
2009-04-03,230.982,230.982,225.538,230.623,43200
2009-04-06,230.27,231.335,225.784,226.758,27800
2009-04-07,225.693,226.955,220.05,220.072,30200
2009-04-08,218.71,223.922,213.766,218.054,42200
2009-04-09,222.357,223.577,215.762,222.159,38000
2009-04-13,222.166,224.282,218.64,219.239,17700
2009-04-14,219.874,219.874,213.795,218.64,49000
2009-04-15,219.345,231.335,218.16,231.328,34600
2009-04-16,230.975,230.975,224.289,225.622,37200
2009-04-17,228.514,228.514,217.314,217.434,44600
2009-04-20,219.345,220.735,214.465,215.113,17200
2009-04-21,216.524,217.582,213.124,217.582,32800
2009-04-22,217.399,217.399,207.39,208.413,72200
2009-04-23,208.413,220.043,208.413,220.043,50800
2009-04-24,217.596,220.459,216.312,217.399,36400
2009-04-27,214.831,218.985,213.11,214.838,22700
2009-04-28,216.863,218.809,215.177,218.28,13800
2009-04-29,218.28,219.55,214.754,219.55,44200
2009-04-30,217.229,224.282,217.229,222.59,32200
2009-05-01,220.128,228.013,220.121,226.546,31500
2009-05-04,228.514,229.029,220.184,223.753,36200
2009-05-05,223.753,228.161,220.043,221.743,53200
2009-05-06,222.166,225.693,218.64,222.124,43800
2009-05-07,225.199,225.199,220.89,220.89,44000
2009-05-08,221.115,227.879,220.819,227.879,40400
2009-05-11,227.879,227.879,224,227.096,22900
2009-05-12,225.044,226.328,218.64,218.64,65000
2009-05-13,218.837,218.837,207.151,209.81,79800
2009-05-14,209.478,214.225,208.773,212.081,56600
2009-05-15,215.106,216.877,209.908,215.156,58400
2009-05-19,223.577,225.693,215.283,218.083,70100
2009-05-20,216.884,219.5,214.048,215.713,52400
2009-05-21,213.844,214.62,205.945,206.565,57300
2009-05-22,206.876,208.103,200.994,201.783,81100
2009-05-25,202.813,205.38,202.073,202.425,5300
2009-05-26,201.403,205.945,201.403,203.829,33900
2009-05-27,203.801,205.162,198.539,199.773,40600
2009-05-28,200.662,201.769,199.244,201.713,28600
2009-05-29,199.421,200.747,198.892,198.913,68700
2009-06-01,202.418,208.053,199.068,202.348,60500
2009-06-02,202.348,203.25,197.516,199.527,34200
2009-06-03,202.228,202.425,199.724,199.992,34300
2009-06-04,200.309,200.338,195.365,195.81,50600
2009-06-05,197.495,199.449,196.092,198.539,52000
2009-06-08,200.993,202.7,200.634,201.099,25600
2009-06-09,200.831,201.015,197.178,201.008,34300
2009-06-10,200.302,201.981,199.597,199.999,52600
2009-06-11,200.507,201.713,200.027,201.008,77000
2009-06-12,199.95,202.7,195.725,195.831,70700
2009-06-15,198.186,201.692,198.186,200.309,37600
2009-06-16,202.771,202.771,200.38,201.008,41000
2009-06-17,201.015,201.544,196.776,197.538,49300
2009-06-18,197.481,200.366,195.083,198.885,40900
2009-06-19,198.899,205.31,198.525,204.104,27100
2009-06-22,204.005,204.005,197.531,197.587,29500
2009-06-23,197.7,198.412,194.625,197.481,34000
2009-06-24,197.777,201.706,196.748,201.706,32600
2009-06-25,198.892,202.418,198.892,202.411,26600
2009-06-26,199.597,205.945,199.597,205.945,28300
2009-06-29,204.612,205.19,201.48,201.48,21600
2009-06-30,204.499,205.945,202.672,205.945,35400
2009-07-02,206.206,207.997,204.534,204.929,30000
2009-07-03,204.746,207.983,204.746,207.983,3900
2009-07-06,207.151,208.061,204.534,207.489,18500
2009-07-07,205.663,207.496,201.043,202.066,25200
2009-07-08,202.573,204.188,198.744,202.207,25900
2009-07-09,201.438,203.998,199.541,203.265,20800
2009-07-10,202.432,202.771,200.958,201.642,8000
2009-07-13,199.597,202.418,199.597,202.418,16200
2009-07-14,200.302,205.761,199.787,202.418,21500
2009-07-15,202.475,209.824,202.108,205.945,44600
2009-07-16,205.945,208.632,202.453,202.453,21400
2009-07-17,203.123,205.585,201.008,205.585,15600
2009-07-20,207.355,207.355,202.397,202.538,17600
2009-07-21,204.527,208.907,203.413,208.547,27200
2009-07-22,205.239,212.934,205.239,211.594,29700
2009-07-23,209.654,212.193,208.187,210.169,45200
2009-07-24,210.176,219.754,210.176,217.935,29800
2009-07-27,217.935,221.814,215.106,216.884,31600
2009-07-28,216.524,227.026,215.113,222.872,43100
2009-07-29,220.05,222.865,216.82,218.64,24900
2009-07-30,218.647,222.984,217.935,222.519,27200
2009-07-31,226.215,238.564,225.693,231.335,43200
2009-08-04,230.982,235.115,229.649,231.222,30500
2009-08-05,232.527,236.272,231.533,236.272,27000
2009-08-06,236.272,237.683,231.511,234.297,31600
2009-08-07,232.746,238.141,232.125,236.801,39800
2009-08-10,233.38,243.812,233.38,241.209,42000
2009-08-11,241.054,249.468,241.054,247.324,40300
2009-08-12,248.967,252.557,247.204,252.557,41200
2009-08-13,253.199,258.475,250.378,255.315,41600
2009-08-14,258.841,271.544,257.247,266.776,70500
2009-08-17,265.358,266.035,259.13,261.134,35600
2009-08-18,261.67,261.909,258.044,259.406,33000
2009-08-19,258.834,260.4,257.113,257.113,37000
2009-08-20,257.113,262.558,256.232,256.232,39900
2009-08-21,256.309,260.492,254.56,260.393,45200
2009-08-24,260.957,263.778,258.489,258.834,31300
2009-08-25,260.252,261.26,257.431,259.434,38300
2009-08-26,259.434,262.713,258.263,260.957,22800
2009-08-27,260.95,261.31,258.919,261.31,63300
2009-08-28,261.31,263.172,258.475,261.387,35400
2009-08-31,261.613,263.017,259.892,262.495,34500
2009-09-01,259.878,261.663,256.387,256.387,25200
2009-09-02,254.61,257.431,250.829,250.942,35200
2009-09-03,253.904,267.474,253.199,265.556,36800
2009-09-04,265.556,266.55,262.234,266.55,33500
2009-09-08,262.368,262.396,257.177,260.781,72700
2009-09-09,259.201,261.134,257.939,258.855,35400
2009-09-10,258.855,264.202,257.431,264.202,24900
2009-09-11,266.317,266.317,260.675,261.662,50700
2009-09-14,262.445,283.244,261.663,271.537,354700
2009-09-15,273.652,274.506,270.479,274.217,46600
2009-09-16,275.063,279.859,272.947,279.859,48100
2009-09-17,279.182,281.079,274.936,279.295,49000
2009-09-18,280.515,282.948,278.392,280.705,44600
2009-09-21,280.346,284.415,280,281.7,23200
2009-09-22,284.584,287.166,279.048,285.586,42800
2009-09-23,285.466,286.785,283.527,284.161,22800
2009-09-24,285.078,286.348,278.075,282.038,30400
2009-09-25,278.949,282.687,276.488,277.179,39100
2009-09-28,277.186,290.558,277.186,290.558,26200
2009-09-29,290.227,293.683,290.086,290.932,47100
2009-09-30,289.98,290.227,280,280.515,116500
2009-10-01,280.783,280.783,270.465,274.259,67200
2009-10-02,270.831,275.063,264.223,275.063,51700
2009-10-05,274.887,275.768,269.865,271.953,30700
2009-10-06,272.312,275.973,270.902,273.3,41000
2009-10-07,273.695,274.569,267.418,270.048,26400
2009-10-08,269.773,274.315,269.414,272.771,28000
2009-10-09,275.557,275.557,266.959,269.703,32500
2009-10-13,263.073,266,259.236,265.69,42500
2009-10-14,267.658,273.652,264.618,273.652,37500
2009-10-15,273.652,273.652,271.431,271.607,20700
2009-10-16,274.047,275.063,271.537,273.504,24400
2009-10-19,272.418,274.844,269.738,270.972,15300
2009-10-20,270.972,273.046,264.787,268.779,47200
2009-10-21,268.779,270.472,263.461,263.63,92100
2009-10-22,260.851,266.233,257.501,266.233,76800
2009-10-23,265.746,265.746,262.368,263.257,67200
2009-10-26,263.44,266.903,262.65,262.798,41200
2009-10-27,262.798,265.739,258.679,258.679,48600
2009-10-28,257.431,265.309,257.431,262.756,48200
2009-10-29,266.437,267.178,260.337,265.824,59400
2009-10-30,280.705,280.705,268.976,272.997,64600
2009-11-02,271.537,272.827,266.684,268.363,78500
2009-11-03,268.285,269.731,265.118,268.899,69300
2009-11-04,268.01,271.304,265.266,265.266,68000
2009-11-05,265.267,269.773,263.193,269.773,52400
2009-11-06,268.01,274.71,268.01,272.587,41200
2009-11-09,270.133,272.595,267.777,268.857,37900
2009-11-10,267.312,271.255,264.554,271.255,52400
2009-11-11,270.817,273.497,265.401,265.401,52800
2009-11-12,264.484,266.324,263.115,264.371,58300
2009-11-13,264.392,266.67,262.579,264.413,63800
2009-11-16,265.894,265.894,258.912,258.912,95300
2009-11-17,261.486,268.476,259.208,265.189,35300
2009-11-18,265.189,271.889,264.194,270.211,36900
2009-11-19,268.01,272.517,266.6,270.457,38700
2009-11-20,268.793,273.617,268.793,273.3,21100
2009-11-23,271.6,272.947,267.777,268.081,27800
2009-11-24,267.312,267.834,264.484,264.484,31100
2009-11-25,265.549,265.549,258.841,259.201,60700
2009-11-26,259.638,260.971,258.841,259.547,9300
2009-11-27,258.136,263.066,257.431,260.605,17000
2009-11-30,263.778,265.26,258.933,265.26,51600
2009-12-01,265.267,266.028,261.698,262.368,30200
2009-12-02,261.853,264.131,261.853,261.853,22800
2009-12-03,261.853,266.028,261.853,264.533,25300
2009-12-04,265.365,265.365,262.699,264.202,19200
2009-12-07,265.013,267.037,263.68,266.621,24500
2009-12-08,265.252,267.848,265.252,266.853,29400
2009-12-09,267.989,267.989,263.066,265.161,29600
2009-12-10,265.161,265.676,260.689,263.757,34900
2009-12-11,263.694,264.131,259.899,263.073,41300
2009-12-14,262.361,263.038,256.902,257.72,29000
2009-12-15,257.72,258.954,256.726,257.466,30800
2009-12-16,258.143,265.027,257.917,263.778,44000
2009-12-17,262.368,267.284,260.506,267.284,34900
2009-12-18,266.945,272.242,265.894,271.537,174700
2009-12-21,269.773,272.221,267.354,270.86,27800
2009-12-22,269.421,276.918,269.421,276.749,30400
2009-12-23,276.749,288.993,276.749,288.097,44000
2009-12-24,289.021,294.353,289.021,294.353,17500
2009-12-29,292.688,292.688,289.345,290.579,16200
2009-12-30,288.118,289.599,288.118,289.451,9500
2009-12-31,288.471,289.867,288.471,289.169,14900
2010-01-04,289.169,289.395,286.453,287.046,22600
2010-01-05,287.067,288.83,286.044,286.693,23100
2010-01-06,286.693,288.181,284.789,284.796,21500
2010-01-07,285.642,286.63,280.705,283.717,23300
2010-01-08,284.683,284.944,278.519,278.519,43500
2010-01-11,278.597,283.668,278.597,279.295,14800
2010-01-12,278.639,283.527,278.639,281.46,159300
2010-01-13,282.821,284.055,279.295,280.705,41400
2010-01-14,280.882,282.116,276.685,278.582,18500
2010-01-15,281.244,281.244,275.557,281.244,47800
2010-01-18,280.338,280.99,278.238,278.238,3700
2010-01-19,277.832,277.832,272.66,275.992,19400
2010-01-20,272.37,276.564,269.11,270.552,20900
2010-01-21,270.856,270.856,264.778,266.676,35000
2010-01-22,268.096,268.096,264.481,265.742,21000
2010-01-25,265.851,266.836,265.126,265.488,19300
2010-01-26,268.024,268.024,261.193,262.504,17300
2010-01-27,262.214,266.575,261.874,266.43,49300
2010-01-28,266.488,266.691,265.488,265.778,20600
2010-01-29,266.213,266.213,262.229,262.815,21900
2010-02-01,263.677,264.402,258.063,258.911,15100
2010-02-02,259.338,265.822,259.338,265.814,22600
2010-02-03,263.677,267.806,263.308,267.806,39500
2010-02-04,270.342,271.653,265.119,265.771,33300
2010-02-05,265.612,271.356,265.612,271.356,12800
2010-02-08,272.529,273.645,271.284,272.544,10900
2010-02-09,272.24,272.356,269.835,271.03,19200
2010-02-10,271.646,273.094,269.48,270.016,23400
2010-02-11,270.921,274.224,270.632,274.224,15400
2010-02-12,274.225,274.225,269.038,270.117,28500
2010-02-16,270.929,270.929,265.851,269.465,16200
2010-02-17,269.465,270.443,266.358,266.358,27300
2010-02-18,266.358,271.638,266.213,271.638,11100
2010-02-19,268.016,274.797,266.213,269.472,74300
2010-02-22,269.777,271.356,268.024,269.994,63100
2010-02-23,269.878,269.878,263.17,265.756,44600
2010-02-24,264.865,267.988,264.815,267.299,55200
2010-02-25,267.147,267.147,263.192,264.547,40100
2010-02-26,264.083,264.909,261.591,261.591,24400
2010-03-01,261.707,263.431,258.788,261.917,25600
2010-03-02,261.859,265.068,260.468,262.229,18800
2010-03-03,262.265,264.293,261.866,263.134,29600
2010-03-04,264.402,270.197,263.315,269.472,29300
2010-03-05,268.256,270.197,266.213,268.922,44500
2010-03-08,270.378,275.811,268.821,270.117,45400
2010-03-09,269.4,272.124,268.024,269.118,20700
2010-03-10,270.559,270.921,268.857,269.27,29800
2010-03-11,270.197,274.449,268.748,274.449,16400
2010-03-12,273.312,274.942,272.044,273.312,36500
2010-03-15,273.312,276.716,272.203,275.268,14300
2010-03-16,276.354,277.803,273.659,274.478,25900
2010-03-17,274.761,275.246,270.595,270.595,26300
2010-03-18,271.667,274.543,271.392,274.543,23200
2010-03-19,272.008,273.674,269.473,269.661,44600
2010-03-22,269.473,272.841,269.473,272.515,14600
2010-03-23,270.921,274.304,270.921,274.029,26500
2010-03-24,274.029,274.543,271.827,272.406,18200
2010-03-25,272.884,276.173,272.551,274.688,27600
2010-03-26,274.688,276.716,270.921,270.994,18600
2010-03-29,270.385,271.972,270.385,271.102,7300
2010-03-30,270.429,270.921,269.473,269.603,12500
2010-03-31,270.762,277.26,269.118,276.644,24200
2010-04-01,275.702,275.702,271.428,272.949,14500
2010-04-05,272.363,274.978,270.921,270.921,9700
2010-04-06,270.921,274.326,270.921,271.341,11700
2010-04-07,271.653,272.08,269.473,269.48,31100
2010-04-08,270.407,270.407,263.359,265.126,44200
2010-04-09,265.126,271.646,262.808,271.646,26100
2010-04-12,271.638,271.704,268.748,268.748,18800
2010-04-13,267.067,275.181,264.989,268.748,18600
2010-04-14,268.748,269.531,266.017,269.219,28200
2010-04-15,269.219,269.219,263.033,264.96,32900
2010-04-16,265.119,265.162,264.04,264.554,8900
2010-04-19,264.554,271.262,264.554,271.255,20100
2010-04-20,271.254,273.094,269.473,271.718,26500
2010-04-21,271.646,272.189,270.61,272.059,40800
2010-04-22,272.051,274.905,270.965,274.905,21700
2010-04-23,274.464,278.049,273.717,274.543,37500
2010-04-26,274.543,275.68,269.472,270.552,16700
2010-04-27,270.074,271.407,266.988,267.017,20800
2010-04-28,269.473,269.617,266.575,266.575,29600
2010-04-29,267.343,268.437,266.51,266.51,64900
2010-04-30,271.283,278.89,271.283,278.89,49800
2010-05-03,278.89,280.693,273.094,273.167,34000
2010-05-04,273.739,274.905,270.921,272.08,24500
2010-05-05,271.638,276.173,270.798,273.688,24500
2010-05-06,273.826,277.144,270.929,275.833,83000
2010-05-07,274.898,274.898,264.8,269.422,58400
2010-05-10,273.087,277.803,271.284,277.644,33200
2010-05-11,273.102,281.563,273.102,278.216,44800
2010-05-12,278.281,285.749,278.281,285.749,33700
2010-05-13,285.771,287.763,283.294,287.763,48800
2010-05-14,287.495,287.763,277.129,277.129,38000
2010-05-17,279.179,284.228,278.245,281.599,25300
2010-05-18,283.229,283.229,279.614,279.976,12800
2010-05-19,280.338,280.99,278.419,279.237,22800
2010-05-20,279.237,285.242,277.521,285.242,82900
2010-05-21,283.649,291.248,283.236,288.596,72900
2010-05-25,286.133,286.133,277.513,285.083,83500
2010-05-26,286.141,293.015,286.141,288.278,59000
2010-05-27,288.988,292.465,287.655,289.256,30800
2010-05-28,289.886,290.871,286.22,286.923,15000
2010-05-31,289.755,289.755,281.244,284.685,14900
2010-06-01,284.685,288.285,281.302,285.597,22600
2010-06-02,284.192,292.255,282.562,291.19,52200
2010-06-03,291.762,296.079,282.519,282.874,28100
2010-06-04,282.504,286.561,278.89,282.924,16100
2010-06-07,286.054,293.385,282.591,290.675,37200
2010-06-08,293.993,296.688,292.291,294.826,78000
2010-06-09,292.899,294.819,289.755,290.48,23900
2010-06-10,290.48,292.943,290.48,292.653,11000
2010-06-11,289.314,291.958,285.09,285.373,22500
2010-06-14,285.858,287.589,285.409,287.358,10100
2010-06-15,285.489,286.126,279.614,284.308,20100
2010-06-16,286.858,286.93,283.055,283.055,14900
2010-06-17,283.098,286.423,283.098,285.163,18300
2010-06-18,284.685,284.859,281.577,281.577,30100
2010-06-21,281.794,285.967,281.794,283.96,15900
2010-06-22,284.916,284.916,281.258,283.236,20800
2010-06-23,282.512,283.975,279.592,280.338,49100
2010-06-24,280.085,282.49,280.085,281.106,14700
2010-06-25,281.635,286.814,281.635,286.814,11700
2010-06-28,286.807,286.807,280.338,280.338,10000
2010-06-29,279.621,286.133,278.89,283.105,34000
2010-06-30,285.525,285.764,281.983,282.425,40300
2010-07-02,283.786,286.423,281.787,286.104,11500
2010-07-05,283.967,286.496,283.967,286.133,14300
2010-07-06,284.685,293.377,284.685,289.755,33500
2010-07-07,290.799,291.204,288.307,289.683,27400
2010-07-08,290.61,294.094,290.255,293.696,32300
2010-07-09,294.384,296.275,293.377,295.913,17500
2010-07-12,294.935,298.086,294.935,298.079,23700
2010-07-13,297.738,300.621,297.383,300.259,31500
2010-07-14,300.621,301.23,299.89,300.295,30000
2010-07-15,300.281,300.455,299.419,299.897,30500
2010-07-16,299.853,300.621,299.419,299.781,18800
2010-07-19,300.302,302.324,300.259,302.324,20600
2010-07-20,302.316,302.794,295.239,301.491,18400
2010-07-21,301.49,301.708,295.55,299.527,19200
2010-07-22,299.527,299.89,294.725,298.441,14100
2010-07-23,294.899,296.999,294.899,295.442,20400
2010-07-26,295.543,296.681,293.377,296.347,13200
2010-07-27,297.412,298.086,295.377,295.732,18400
2010-07-28,295.732,295.732,290.675,293.015,36600
2010-07-29,292.653,294.812,292.124,293.892,35500
2010-07-30,295.514,298.448,295.514,296.637,17000
2010-08-03,296.637,300.368,295.608,298.499,52700
2010-08-04,298.071,300.621,298.042,299.752,35900
2010-08-05,298.448,303.874,297.738,303.519,39700
2010-08-06,303.432,303.432,299.643,301.556,64300
2010-08-09,301.7,302.577,300.331,301.997,132700
2010-08-10,299.882,301.903,296.13,298.52,22600
2010-08-11,298.513,299.897,290.494,291.929,27200
2010-08-12,291.929,296.956,283.96,283.96,16400
2010-08-13,284.04,292.291,284.04,289.755,12300
2010-08-16,290.255,292.573,289.755,292.407,8800
2010-08-17,292.936,293.501,291.465,291.929,13900
2010-08-18,293.232,294.703,292.653,293.747,16700
2010-08-19,294.746,300.259,294.746,299.194,59700
2010-08-20,300.31,300.621,297.434,298.448,56400
2010-08-23,299.824,300.259,298.441,300.006,12000
2010-08-24,299.882,299.89,293.385,299.172,14000
2010-08-25,299.498,299.904,296.825,297.217,10100
2010-08-26,298.441,299.882,297.593,299.882,19000
2010-08-27,298.499,299.89,296.999,298.006,17500
2010-08-30,298.006,300.223,296.999,300.223,35400
2010-08-31,298.955,306.337,298.955,306.337,52600
2010-09-01,305.612,308.046,301.527,305.757,51400
2010-09-02,304.939,304.946,301.527,303.171,37300
2010-09-03,304.605,304.968,302.975,304.098,9200
2010-09-07,302.432,307.865,302.425,307.865,8300
2010-09-08,305.692,307.865,301.548,302.432,27300
2010-09-09,303.852,304.968,301.657,303.142,23200
2010-09-10,302.468,306.822,302.07,305.692,31300
2010-09-13,305.518,307.865,302.237,306.018,22700
2010-09-14,305.54,305.605,302.07,303.309,10600
2010-09-15,302.99,303.099,296.311,296.456,18300
2010-09-16,297.499,301.527,297.014,299.846,10400
2010-09-17,299.477,300.1,289.763,290.625,44700
2010-09-20,294.095,297.412,292.653,296.804,17800
2010-09-21,298.057,298.057,294.486,296.637,14800
2010-09-22,296.927,298.803,295.449,297.724,16700
2010-09-23,297.716,302.613,297.716,302.077,18200
2010-09-24,300.991,303.157,300.983,302.439,22900
2010-09-27,302.056,304.214,300.694,302.2,23000
2010-09-28,304.229,304.287,301.157,302.794,16900
2010-09-29,302.425,303.483,301.664,303.309,23400
2010-09-30,302.164,303.519,302.07,303.519,14700
2010-10-01,304.671,304.671,302.505,303.157,11000
2010-10-04,303.33,304.946,300.694,300.694,19200
2010-10-05,300.991,301.795,299.716,299.897,41400
2010-10-06,299.824,299.926,299.143,299.897,7900
2010-10-07,299.897,304.591,299.897,304.591,23200
2010-10-08,304.584,304.584,301.606,301.606,14600
2010-10-12,302.954,302.954,300.455,300.455,17900
2010-10-13,300.694,302.179,300.201,300.694,31100
2010-10-14,302.063,303.693,301.382,302.468,31900
2010-10-15,302.794,302.794,301.346,301.889,17900
2010-10-18,301.874,304.25,301.874,302.432,28800
2010-10-19,302.57,303.301,301.273,302.432,33500
2010-10-20,302.787,303.301,301.346,303.222,5900
2010-10-21,303.062,303.157,301.107,301.107,16900
2010-10-22,303.084,303.084,301.092,301.346,14900
2010-10-25,301.346,302.063,300.281,300.281,65900
2010-10-26,300.694,302.179,299.904,300.621,24900
2010-10-27,299.172,300.621,295.811,295.811,24300
2010-10-28,296.999,300.686,292.653,299.846,19100
2010-10-29,297.419,302.208,297.419,302.208,18400
2010-11-01,302.106,302.324,293.377,295.746,19100
2010-11-02,295.746,295.746,292.291,292.609,18200
2010-11-03,293.464,295.543,293.45,294.573,38100
2010-11-04,296.688,296.854,293.74,295.13,38500
2010-11-05,295.007,296.55,294.935,295.551,27900
2010-11-08,295.666,296.55,293.776,293.776,18800
2010-11-09,296.514,297.543,294.826,296.036,38500
2010-11-10,296.079,297.166,294.102,296.275,15700
2010-11-11,295.55,295.55,291.639,292.798,20200
2010-11-12,293.015,293.754,291.313,291.313,20600
2010-11-15,292.573,292.581,290.552,291.204,17600
2010-11-16,291.204,291.204,286.938,290.11,37100
2010-11-17,291.849,291.849,288.698,289.748,16400
2010-11-18,289.755,290.538,288.604,289.103,20200
2010-11-19,289.103,290.48,288.756,289.031,22500
2010-11-22,289.038,291.501,289.038,290.487,24600
2010-11-23,289.763,290.929,288.307,288.307,9800
2010-11-24,288.459,289.929,287.582,289.676,14200
2010-11-25,289.205,289.755,288.538,288.538,2000
2010-11-26,288.183,290.494,288.183,290.074,4800
2010-11-29,290.074,290.842,288.452,289.466,41800
2010-11-30,288.422,290.842,287.908,287.988,47200
2010-12-01,289.755,293.921,289.712,293.558,16100
2010-12-02,291.936,291.936,288.85,289.828,20200
2010-12-03,289.828,290.48,289.212,289.639,14300
2010-12-06,290.118,290.118,289.031,289.755,30900
2010-12-07,289.755,290.118,287.51,289.748,28500
2010-12-08,289.067,289.755,286.133,287.589,21200
2010-12-09,288.705,290.48,286.133,287.727,30700
2010-12-10,289.748,296.999,288.314,289.379,19500
2010-12-13,288.93,293.435,288.452,293.435,28500
2010-12-14,293.008,296.927,292.291,293.74,45800
2010-12-15,293.74,295.543,289.618,289.748,29300
2010-12-16,290.48,291.624,289.031,290.48,18500
2010-12-17,291.211,293.739,286.133,286.133,46000
2010-12-20,287.423,291.161,286.133,290.48,19700
2010-12-21,290.48,291.921,289.755,291.921,14900
2010-12-22,291.921,293.602,291.921,292.885,21200
2010-12-23,292.943,292.943,289.444,290.284,11700
2010-12-24,290.661,290.661,288.749,289.219,1700
2010-12-29,291.704,294.717,291.704,294.29,16600
2010-12-30,293.935,295.094,293.616,294.899,17800
2010-12-31,294.102,296.268,293.377,296.268,8300
2011-01-04,296.999,301.693,296.999,299.897,21600
2011-01-05,299.897,299.897,294.645,295.014,16200
2011-01-06,296.094,296.391,294.102,295.659,33200
2011-01-07,296.333,296.333,291.204,293.877,15000
2011-01-10,295.007,296.999,291.255,296.999,17500
2011-01-11,296.999,296.999,292.725,293.015,19600
2011-01-12,293.385,295.876,293.341,295.333,14300
2011-01-13,295.333,295.898,290.06,291.204,23100
2011-01-14,291.197,293.377,290.393,293.008,74100
2011-01-17,299.226,299.226,294.51,295.824,5400
2011-01-18,297.057,297.072,291.123,291.123,29700
2011-01-19,291.138,291.873,288.576,290.016,26700
2011-01-20,290.247,291.873,287.417,288.16,18800
2011-01-21,289.645,291.866,280.681,281.149,52300
2011-01-24,282.211,288.531,282.203,287.387,21700
2011-01-25,286.763,288.902,285.917,287.001,13700
2011-01-26,287.001,288.902,283.392,283.704,13100
2011-01-27,284.877,286.578,284.075,285.189,22700
2011-01-28,285.196,286.08,284.454,285.189,58800
2011-01-31,287.306,287.306,282.211,283.704,17600
2011-02-01,285.189,286.674,284.283,285.932,49100
2011-02-02,284.573,285.189,283.109,283.704,11600
2011-02-03,282.924,285.189,281.661,282.218,19200
2011-02-04,282.099,283.161,279.619,281.906,20900
2011-02-07,283.696,288.888,281.943,285.716,26200
2011-02-08,287.298,293.173,285.189,292.252,45900
2011-02-09,291.88,292.801,289.029,289.088,12900
2011-02-10,290.365,290.796,288.16,290.016,32500
2011-02-11,290.128,294.955,289.199,290.514,20500
2011-02-14,289.652,292.593,287.053,287.603,9500
2011-02-15,288.583,290.915,288.583,289.942,15900
2011-02-16,289.162,289.162,285.932,286.667,17300
2011-02-17,286.674,295.579,285.902,293.358,28200
2011-02-18,283.05,285.932,281.312,282.218,91700
2011-02-22,282.211,282.961,281.594,282.218,30900
2011-02-23,282.211,283.288,276.277,276.73,48800
2011-02-24,279.693,282.144,277.019,277.109,59100
2011-02-25,278.505,279.99,274.049,279.99,30700
2011-02-28,282.218,282.218,277.131,279.604,33100
2011-03-01,277.175,279.359,277.175,278.653,17900
2011-03-02,278.497,280.621,276.314,280.621,28800
2011-03-03,279.857,281.483,275.163,275.304,33400
2011-03-04,275.549,276.871,274.049,275.17,11200
2011-03-07,275.17,276.277,271.464,272.615,15500
2011-03-08,271.167,272.237,266.332,268.211,45800
2011-03-09,269.964,269.964,262.909,265.144,83200
2011-03-10,264.409,268.107,260.814,261.03,35400
2011-03-11,261.431,263.057,257.71,262.619,113800
2011-03-14,262.574,262.574,258.972,258.972,25500
2011-03-15,258.965,261.795,256.967,261.015,37600
2011-03-16,261.802,269.593,261.802,267.372,83300
2011-03-17,268.115,270.514,266.986,269.919,33700
2011-03-18,269.452,274.049,269.452,272.563,56000
2011-03-21,275.534,278.505,271.085,271.821,39100
2011-03-22,270.722,272.133,268.531,269.674,15600
2011-03-23,270.506,276.618,269.704,276.351,23400
2011-03-24,275.326,277.673,263.733,270.261,39100
2011-03-25,267.402,276.923,267.365,275.549,21900
2011-03-28,276.277,276.656,272.942,272.942,47200
2011-03-29,273.967,275.051,270.484,272.823,23900
2011-03-30,272.823,275.542,272.014,275.296,37900
2011-03-31,275.296,276.277,269.593,272.192,23900
2011-04-01,274.041,276.128,273.38,275.467,12300
2011-04-04,277.354,277.354,272.393,273.016,15300
2011-04-05,273.885,275.512,271.724,274.791,22200
2011-04-06,277.02,277.02,271.123,274.985,19000
2011-04-07,274.985,276.552,273.685,275.2,8000
2011-04-08,274.42,280.725,274.405,280.725,16900
2011-04-11,280.725,284.446,280.191,282.218,26900
2011-04-12,281.587,284.008,281.06,282.664,15800
2011-04-13,282.664,288.085,282.664,288.085,30200
2011-04-14,289.645,289.645,282.396,282.396,25700
2011-04-15,285.189,286.897,282.211,283.414,22600
2011-04-18,281.401,285.189,277.881,285.189,15800
2011-04-19,285.932,287.417,282.961,285.412,22600
2011-04-20,286.043,286.741,282.619,285.189,12000
2011-04-21,287.417,287.417,282.961,283.867,11400
2011-04-25,285.56,286.34,283.704,285.932,6500
2011-04-26,285.241,286.526,284.446,285.182,12200
2011-04-27,285.182,285.932,283.213,283.213,21000
2011-04-28,284.936,285.241,281.476,282.597,20000
2011-04-29,277.012,285.635,267.142,283.778,61000
2011-05-02,282.218,289.645,279.99,289.266,38800
2011-05-03,288.16,289.645,281.134,281.134,16700
2011-05-04,280.733,291.962,280.718,290.67,27200
2011-05-05,290.67,291.435,286.437,289.972,38300
2011-05-06,290.388,293.707,289.459,293.358,15800
2011-05-09,291.331,292.616,289.645,290.388,12200
2011-05-10,288.167,292.616,287.417,288.672,30000
2011-05-11,289.385,292.801,289.237,292.571,27700
2011-05-12,289.645,296.886,288.902,293.358,35000
2011-05-13,294.718,294.844,291.702,292.564,12000
2011-05-16,294.019,296.478,290.663,290.663,23000
2011-05-17,290.388,292.749,289.14,292.749,16100
2011-05-18,292.749,296.322,290.38,292.861,11100
2011-05-19,291.881,293.73,289.645,289.645,7600
2011-05-20,289.645,289.645,282.961,284.818,12800
2011-05-24,283.704,287.9,281.847,286.214,11000
2011-05-25,287.61,287.907,284.461,286.303,10600
2011-05-26,284.766,284.766,281.268,282.597,20700
2011-05-27,281.736,282.619,277.02,278.49,29000
2011-05-30,278.49,278.69,275.155,278.431,4200
2011-05-31,279.248,279.248,273.455,277.391,43400
2011-06-01,277.391,283.852,276.091,282.218,29300
2011-06-02,282.953,283.681,281.476,281.476,7700
2011-06-03,279.255,283.577,278.757,283.518,9000
2011-06-06,281.995,284.357,279.99,283.919,21500
2011-06-07,283.05,285.092,278.988,282.968,16000
2011-06-08,281.104,283.013,277.517,281.995,16000
2011-06-09,282.218,283.369,280.362,283.369,12900
2011-06-10,282.218,282.701,277.034,280.183,14800
2011-06-13,280.139,281.476,276.656,280.696,13400
2011-06-14,280.718,282.805,276.47,281.468,37000
2011-06-15,280.428,280.428,272.088,278.512,38800
2011-06-16,278.512,279.196,271.902,274.175,30600
2011-06-17,274.598,278.23,273.67,273.67,25700
2011-06-20,274.212,282.047,274.212,281.617,31000
2011-06-21,283.243,283.243,279.069,281.26,21500
2011-06-22,281.438,285.092,281.193,282.151,28500
2011-06-23,280.25,283.659,278.505,282.924,23200
2011-06-24,282.218,283.466,280.057,281.765,15300
2011-06-27,281.765,283.124,279.248,282.783,12600
2011-06-28,282.901,283.147,277.695,279.203,10000
2011-06-29,281.238,285.3,279.894,283.102,58000
2011-06-30,284.617,287.41,282.968,286.674,41100
2011-07-04,285.196,285.924,283.704,283.704,13300
2011-07-05,284.825,284.825,279.99,281.654,42500
2011-07-06,280.733,281.609,279.99,280.362,13100
2011-07-07,280.74,282.181,279.47,281.624,10200
2011-07-08,281.624,284.565,281.624,282.961,11400
2011-07-11,285.768,285.768,284.112,285.189,22500
2011-07-12,281.602,293.604,281.602,293.604,29200
2011-07-13,292.749,295.587,291.212,294.844,43900
2011-07-14,294.005,294.836,288.613,289.303,9900
2011-07-15,291.13,293.358,286.31,286.31,8100
2011-07-18,285.189,287.892,282.954,282.954,8300
2011-07-19,282.968,284.446,281.03,281.736,13500
2011-07-20,281.728,283.005,280.703,281.208,13000
2011-07-21,281.023,282.515,280.733,281.795,7000
2011-07-22,283.518,287.714,283.481,287.32,30400
2011-07-25,284.781,285.456,281.253,281.253,5300
2011-07-26,281.104,283.325,281.104,281.624,3300
2011-07-27,282.218,282.218,267.379,276.277,26500
2011-07-28,275.579,278.015,274.799,274.814,8500
2011-07-29,275.022,280.659,275.022,279.248,13300
2011-08-02,277.97,284.409,275.742,279.626,34800
2011-08-03,279.626,286.942,279.626,285.932,30800
2011-08-04,290.388,291.13,284.394,291.13,50500
2011-08-05,288.36,290.388,283.072,285.078,27700
2011-08-08,282.189,282.189,273.781,279.166,35500
2011-08-09,280.362,282.968,277.086,277.874,26300
2011-08-10,278.215,282.218,271.828,273.93,39800
2011-08-11,275.504,285.649,275.504,283.124,43500
2011-08-12,285.82,290.759,284.892,286.593,23900
2011-08-15,285.338,291.13,285.323,288.902,29700
2011-08-16,287.424,291.524,287.424,289.645,27700
2011-08-17,289.281,289.645,285.152,285.152,19600
2011-08-18,285.152,285.152,272.326,272.326,41200
2011-08-19,273.559,284.781,272.415,273.314,27700
2011-08-22,281.097,282.82,275.193,276.477,21300
2011-08-23,280.733,280.733,276.737,278.334,11800
2011-08-24,280.725,282.961,278.587,281.268,7000
2011-08-25,287.863,289.831,285.523,285.969,22200
2011-08-26,287.254,288.16,280.881,282.879,25400
2011-08-29,287.365,291.457,282.396,288.821,17100
2011-08-30,288.813,292.876,287.885,292.876,11000
2011-08-31,294.844,294.844,288.308,293.284,25100
2011-09-01,296.292,300.525,296.292,298.617,62300
2011-09-02,298.557,301.565,298.557,299.3,11700
2011-09-06,298.572,299.3,290.96,290.96,47800
2011-09-07,295.111,295.587,291.962,294.019,13100
2011-09-08,294.844,295.586,293.344,293.982,8400
2011-09-09,292.653,295.586,290.388,290.388,11500
2011-09-12,290.388,297.258,284.038,284.038,21900
2011-09-13,285.939,291.673,282.753,282.961,20100
2011-09-14,285.286,286.674,282.954,284.075,27100
2011-09-15,284.075,285.924,280.243,282.961,36500
2011-09-16,282.218,283.332,279.092,279.248,18600
2011-09-19,279.255,286.266,277.391,277.391,13700
2011-09-20,279.433,286.674,279.433,285.932,16900
2011-09-21,288.16,288.16,282.627,282.627,36000
2011-09-22,280.027,299.671,280.027,297.072,59700
2011-09-23,297.072,302.271,297.072,300.926,43900
2011-09-26,299.894,302.271,292.935,302.271,21600
2011-09-27,300.785,302.04,293.67,294.443,33700
2011-09-28,295.772,298.765,295.49,298.765,11000
2011-09-29,297.748,300.25,295.215,295.601,22100
2011-09-30,297.064,300.785,295.913,298.401,30000
2011-10-03,296.701,296.701,294.175,294.368,25200
2011-10-04,294.844,298.929,293.366,293.366,84000
2011-10-05,297.072,298.557,289.831,289.853,19000
2011-10-06,291.101,294.094,290.388,293.41,21000
2011-10-07,293.366,294.175,288.212,288.212,15000
2011-10-11,292.527,293.247,292.111,293.24,14000
2011-10-12,294.101,295.943,292.252,294.45,15000
2011-10-13,291.873,293.15,289.274,289.831,15000
2011-10-14,289.883,290.625,288.68,289.051,13000
2011-10-17,290.313,292.683,286.674,292.683,9000
2011-10-18,289.66,292.616,287.417,292.616,5300
2011-10-19,291.197,298.55,288.977,298.55,33000
2011-10-20,299.196,301.379,297.102,300.785,27000
2011-10-21,300.548,304.268,300.295,303.013,33500
2011-10-24,300.897,309.697,300.087,309.697,39200
2011-10-25,306.897,309.512,304.491,304.491,11000
2011-10-26,303.088,308.242,303.088,307.469,7400
2011-10-27,306.927,308.583,305.249,305.731,12000
2011-10-28,306.727,311.183,302.969,302.969,23900
2011-10-31,301.907,313.693,301.907,309.452,31400
2011-11-01,306.14,317.095,306.14,315.639,27100
2011-11-02,315.639,317.755,313.411,317.755,19100
2011-11-03,314.896,320.169,314.035,316.367,16100
2011-11-04,313.916,317.347,313.916,314.896,6500
2011-11-07,312.334,315.921,311.925,315.639,8200
2011-11-08,315.639,318.61,312.289,314.154,12300
2011-11-09,312.668,317.496,311.019,316.382,10600
2011-11-10,315.631,317.124,308.212,308.212,9500
2011-11-11,311.183,314.896,311.183,314.124,7100
2011-11-14,315.067,317.577,314.228,314.904,10000
2011-11-15,315.639,320.734,315.639,318.966,11600
2011-11-16,318.09,321.803,318.09,321.803,14000
2011-11-17,321.796,321.796,315.49,315.891,11500
2011-11-18,316.389,320.838,311.042,313.017,17000
2011-11-21,315.416,318.313,312.349,316.916,14900
2011-11-22,318.06,320.087,313.411,314.896,8100
2011-11-23,314.896,318.238,312.676,312.906,13100
2011-11-24,315.631,317.867,309.036,311.175,5400
2011-11-25,309.705,312.104,309.705,310.745,6200
2011-11-28,313.403,317.132,311.213,311.554,25800
2011-11-29,312.683,314.153,309.103,309.512,22800
2011-11-30,309.72,310.069,308.413,309.697,24400
2011-12-01,309.697,311.138,305.999,305.999,23000
2011-12-02,305.977,313.411,303.845,308.925,12600
2011-12-05,310.44,315.639,310.44,313.039,10700
2011-12-06,313.411,316.382,310.44,310.44,24200
2011-12-07,309.385,309.385,306.563,307.061,13900
2011-12-08,305.806,308.212,300.043,301.602,79200
2011-12-09,304.959,309.638,298.565,298.565,25000
2011-12-12,301.535,310.945,301.528,310.945,19000
2011-12-13,308.212,313.151,305.241,307.759,19000
2011-12-14,307.536,307.603,301.528,307.44,11600
2011-12-15,308.026,311.925,307.997,310.834,20000
2011-12-16,311.888,315.943,307.67,315.943,44200
2011-12-19,315.631,315.631,310.425,310.425,17600
2011-12-20,311.925,320.05,311.19,317.496,23100
2011-12-21,319.36,319.36,315.624,319.345,9300
2011-12-22,319.337,320.838,317.867,320.83,12000
2011-12-23,319.649,322.702,319.345,321.863,24000
2011-12-28,321.209,323.058,314.896,322.323,25500
2011-12-29,322.323,323.066,318.558,319.768,23900
2011-12-30,317.718,328.264,317.718,324.558,15400
2012-01-03,323.816,328.264,318.61,328.264,11500
2012-01-04,325.264,325.264,316.382,318.78,17600
2012-01-05,320.793,321.981,318.535,319.352,26900
2012-01-06,317.124,320.31,315.639,319.345,40500
2012-01-09,318.082,324.922,316.419,317.184,23700
2012-01-10,317.199,320.986,317.199,319.716,23800
2012-01-11,318.424,320.518,316.018,320.518,12000
2012-01-12,319.352,319.352,318.134,319.337,7700
2012-01-13,319.256,319.352,318.431,319.033,9100
2012-01-16,318.29,320.83,318.29,320.83,4100
2012-01-17,325.316,325.316,316.195,318.764,23600
2012-01-18,320.626,327.209,319.236,326.358,33200
2012-01-19,325.559,325.559,317.715,318.475,22600
2012-01-20,320.756,321.326,314.675,315.047,22500
2012-01-23,317.715,320.201,315.435,320.201,13200
2012-01-24,320.201,323.028,317.244,320.429,7600
2012-01-25,321.189,323.036,319.676,320.961,27400
2012-01-26,322.329,323.644,317.373,317.449,9200
2012-01-27,318.217,319.638,309.59,312.022,41000
2012-01-30,311.543,316.955,311.543,316.575,14900
2012-01-31,317.153,318.149,306.808,309.354,18700
2012-02-01,311.825,315.663,311.809,314.272,19300
2012-02-02,315.435,315.815,309.681,312.273,17400
2012-02-03,311.331,311.331,308.268,308.982,20200
2012-02-06,310.647,310.647,304.034,304.802,19700
2012-02-07,305.919,313.155,305.341,311.566,35600
2012-02-08,310.289,313.155,309.605,313.155,14200
2012-02-09,313.406,315.329,312.608,315.329,23000
2012-02-10,315.329,319.228,315.329,319.213,14900
2012-02-13,319.942,319.942,316.689,318.475,14900
2012-02-14,318.475,319.045,317.328,317.951,13700
2012-02-15,318.247,318.726,316.963,316.963,22900
2012-02-16,317.525,318.027,315.618,317.715,7000
2012-02-17,308.518,308.518,292.602,304.034,101500
2012-02-21,300.56,310.145,300.233,304.718,56100
2012-02-22,304.193,304.999,300.233,300.233,34600
2012-02-23,300.233,300.993,296.418,300.355,58600
2012-02-24,299.853,300.993,298.28,299.086,18300
2012-02-27,300.667,300.667,296.524,296.524,8000
2012-02-28,298.219,303.274,296.433,300.963,22400
2012-02-29,300.963,312.547,298.713,310.859,65000
2012-03-01,304.323,306.474,303.585,306.314,38800
2012-03-02,304.193,305.706,304.193,304.976,17100
2012-03-05,306.306,309.772,305.554,307.371,30300
2012-03-06,308.268,308.268,306.101,306.398,22400
2012-03-07,306.694,308.032,306.694,307.735,25900
2012-03-08,306.322,306.322,303.715,304.034,24000
2012-03-09,304.756,304.794,301.754,302.696,15800
2012-03-12,302.696,305.288,301.769,304.611,21600
2012-03-13,305.554,307.074,305.014,307.074,13700
2012-03-14,307.074,307.074,302.559,303.973,47800
2012-03-15,304.072,306.314,303.456,304.642,32900
2012-03-16,302.514,305.174,302.096,302.096,26200
2012-03-19,302.514,304.862,302.134,304.862,7200
2012-03-20,303.281,304.429,303.274,304.33,7000
2012-03-21,303.737,306.033,302.947,302.947,15600
2012-03-22,304.034,306.314,304.034,306.314,10300
2012-03-23,307.834,307.834,304.034,307.074,14300
2012-03-26,307.834,307.834,303.274,305.554,22900
2012-03-27,305.546,305.546,303.654,303.661,16000
2012-03-28,304.034,306.01,302.666,303.274,33900
2012-03-29,303.274,305.296,303.274,304.034,23200
2012-03-30,303.487,306.314,303.365,306.002,21000
2012-04-02,306.732,310.875,304.9,304.923,31800
2012-04-03,305.227,309.56,303.274,304.475,44400
2012-04-04,304.475,304.703,301.001,301.009,13800
2012-04-05,301.069,301.297,299.078,299.078,18000
2012-04-09,298.721,299.853,298.713,299.481,12000
2012-04-10,300.233,303.449,300.233,301.518,27900
2012-04-11,300.636,301.411,299.473,300.834,21300
2012-04-12,300.993,305.166,296.524,300.165,12500
2012-04-13,300.613,301.305,299.101,299.473,13200
2012-04-16,299.473,299.853,296.319,297.337,15800
2012-04-17,297.626,303.266,295.673,302.331,13200
2012-04-18,302.514,302.704,298.774,299.07,14900
2012-04-19,300.994,301.427,299.413,301.427,8000
2012-04-20,300.857,302.726,299.283,302.726,6200
2012-04-23,302.886,302.886,299.473,300.074,12200
2012-04-24,300.173,302.514,299.922,301.176,6600
2012-04-25,300.993,301.754,299.907,301.085,10100
2012-04-26,300.993,302.886,300.993,302.696,8100
2012-04-27,303.304,305.486,303.274,304.794,14300
2012-04-30,305.379,307.827,304.657,307.827,27000
2012-05-01,307.834,307.834,306.314,306.694,13900
2012-05-02,305.554,305.98,304.794,305.554,13300
2012-05-03,305.546,306.664,304.992,305.174,36000
2012-05-04,304.801,307.036,304.801,305.562,19800
2012-05-07,305.63,310.783,305.63,310.031,23900
2012-05-08,310.51,312.395,310.145,311.635,27100
2012-05-09,312.098,312.744,310.647,312.706,15000
2012-05-10,314.675,316.119,314.675,314.675,9900
2012-05-11,315.344,316.955,314.379,316.279,12900
2012-05-14,316.279,319.235,311.635,311.635,37000
2012-05-15,312.577,315.96,312.577,315.96,7700
2012-05-16,315.96,316.195,313.748,315.435,14000
2012-05-17,315.427,315.427,311.559,311.855,7800
2012-05-18,312.015,313.375,309.354,309.362,10000
2012-05-22,307.834,315.435,307.834,310.563,11000
2012-05-23,311.635,315.45,310.563,310.563,16000
2012-05-24,313.573,313.915,309.598,310.236,6700
2012-05-25,310.115,312.068,308.541,310.419,8500
2012-05-28,310.115,310.472,306.922,307.325,1800
2012-05-29,307.834,307.834,303.654,304.041,7700
2012-05-30,307.067,307.067,303.745,305.128,15400
2012-05-31,305.554,309.354,304.034,309.354,16100
2012-06-01,310.723,310.723,304.034,304.125,20700
2012-06-04,304.072,313.915,304.034,313.915,11500
2012-06-05,313.915,313.915,303.851,304.041,32700
2012-06-06,304.475,305.524,302.21,302.392,19000
2012-06-07,302.886,305.554,302.567,304.034,11300
2012-06-08,304.034,304.703,303.593,304.125,9600
2012-06-11,303.281,305.402,301.191,305.402,10600
2012-06-12,305.402,305.653,301.754,304.193,9900
2012-06-13,306.306,306.306,303.616,304.201,10900
2012-06-14,305.326,305.402,299.473,299.967,27000
2012-06-15,300.249,301.016,296.448,296.448,25500
2012-06-18,296.897,297.185,296.053,296.501,23200
2012-06-19,296.007,297.026,292.8,297.026,25500
2012-06-20,296.539,298.386,295.262,298.386,11300
2012-06-21,298.713,299.473,293.453,294.297,14800
2012-06-22,294.297,294.343,293.051,293.651,15300
2012-06-25,292.625,295.247,285.032,288.072,39100
2012-06-26,288.072,293.545,288.072,292.64,35700
2012-06-27,292.693,302.514,292.557,301.936,48500
2012-06-28,301.936,304.984,300.241,304.034,25600
2012-06-29,304.057,310.114,301.373,306.42,16300
2012-07-03,307.416,307.416,303.737,305.554,12200
2012-07-04,305.569,306.633,304.041,304.938,5000
2012-07-05,305.554,306.2,302.704,302.704,15300
2012-07-06,300.826,304.421,298.166,298.918,12600
2012-07-09,299.086,299.998,294.533,294.913,14500
2012-07-10,293.803,297.778,293.803,296.957,23600
2012-07-11,296.775,300.233,295.673,298.706,13400
2012-07-12,298.706,300.233,295.825,300.233,10200
2012-07-13,300.233,300.241,297.953,300.226,4200
2012-07-16,298.683,298.766,295.62,295.62,7400
2012-07-17,295.027,298.713,295.027,298.706,9600
2012-07-18,297.193,300.233,296.433,297.193,15200
2012-07-19,298.85,299.139,296.433,298.462,9400
2012-07-20,297.953,299.907,291.872,291.872,12000
2012-07-23,291.88,294.586,288.87,294.153,15900
2012-07-24,292.222,292.222,282.014,285.412,31500
2012-07-25,285.412,287.494,285.26,286.225,10900
2012-07-26,285.412,288.832,282.866,288.832,11400
2012-07-27,289.205,289.205,282.751,287.304,10900
2012-07-30,287.32,289.121,286.172,287.844,19000
2012-07-31,289.212,289.265,283.481,286.932,33400
2012-08-01,286.917,287.624,284.272,287.624,12600
2012-08-02,287.312,288.27,282.014,282.029,7000
2012-08-03,282.767,284.705,281.269,283.884,10000
2012-08-07,284.272,285.442,283.131,284.705,18900
2012-08-08,285.784,286.225,282.751,285.693,26200
2012-08-09,286.324,290.839,286.172,290.839,19100
2012-08-10,292.298,292.61,286.97,288.992,14300
2012-08-13,290.519,291.667,288.832,289.737,9100
2012-08-14,289.577,290.367,288.125,289.022,10100
2012-08-15,290.003,291.112,285.07,286.932,10100
2012-08-16,288.452,289.972,286.324,287.266,15200
2012-08-17,288.148,290.025,287.312,288.809,10800
2012-08-20,288.444,289.585,285.799,286.597,10000
2012-08-21,286.757,288.156,286.248,287.882,13000
2012-08-22,287.312,287.312,285.792,286.734,12000
2012-08-23,286.423,286.552,283.702,284.264,15600
2012-08-24,284.644,286.362,283.831,283.831,32300
2012-08-27,285.374,285.404,282.037,283.854,14800
2012-08-28,284.234,284.272,281.923,282.037,8400
2012-08-29,282.037,286.552,281.224,285.784,13200
2012-08-30,284.378,284.484,282.067,282.067,30400
2012-08-31,282.744,283.641,281.687,282.121,24900
2012-09-04,282.121,284.234,278.191,279.384,27800
2012-09-05,279.856,284.272,278.746,279.415,16900
2012-09-06,280.806,280.897,277.963,278.191,15300
2012-09-07,278.723,280.471,278.191,278.571,9000
2012-09-10,278.579,280.904,277.971,278.655,32600
2012-09-11,278.951,278.951,273.957,274.39,27500
2012-09-12,274.391,280.471,274.391,280.471,14700
2012-09-13,279.612,280.008,277.431,278.639,17300
2012-09-14,279.772,286.073,275.227,286.073,27400
2012-09-17,284.849,287.418,283.512,285.032,23000
2012-09-18,283.724,285.032,281.505,282.189,27000
2012-09-19,282.204,285.032,282.204,282.523,15100
2012-09-20,280.775,282.341,278.191,280.464,18400
2012-09-21,281.102,281.231,270.94,273.623,56600
2012-09-24,273.63,288.072,273.63,287.608,41400
2012-09-25,288.042,288.042,283.512,285.944,18300
2012-09-26,283.952,289.493,283.952,285.815,26000
2012-09-27,287.069,288.072,281.991,281.991,6100
2012-09-28,283.512,288.923,283.512,288.627,23000
2012-10-01,287.662,288.072,283.557,284.272,11900
2012-10-02,285.252,286.172,284.18,285.419,7400
2012-10-03,287.654,289.182,285.032,288.824,12400
2012-10-04,288.574,288.832,287.396,287.396,11900
2012-10-05,287.836,288.08,283.595,286.476,14900
2012-10-09,286.522,291.021,286.522,290.436,29600
2012-10-10,290.763,290.763,283.892,283.892,11900
2012-10-11,284.538,286.172,282.47,282.569,13800
2012-10-12,282.371,282.919,278.039,282.919,28500
2012-10-15,282.751,282.934,279.331,281.3,15100
2012-10-16,281.148,281.148,276.884,278.237,25600
2012-10-17,277.332,277.97,274.36,275.865,32800
2012-10-18,276.443,284.066,276.443,282.751,27300
2012-10-19,283.131,287.312,281.269,282.797,26400
2012-10-22,284.332,285.784,279.559,284.272,13400
2012-10-23,284.272,288.505,284.272,288.505,26800
2012-10-24,288.087,288.087,279.225,281.216,31000
2012-10-25,281.14,284.272,279.818,281.056,16500
2012-10-26,281.155,281.155,275.135,275.135,21800
2012-10-29,275.158,277.621,274.254,277.621,11300
2012-10-30,278.183,279.369,277.051,277.552,10700
2012-10-31,278.791,282.66,278.791,281.619,75600
2012-11-01,280.342,281.231,268.006,277.051,47000
2012-11-02,277.431,281.231,277.431,280.471,14900
2012-11-05,278.845,281.383,278.138,278.404,13500
2012-11-06,280.198,280.866,277.948,279.863,19200
2012-11-07,278.89,279.574,276.025,278.571,9500
2012-11-08,278.571,278.951,273.63,275.835,22700
2012-11-09,276.595,276.595,274.391,275.493,16500
2012-11-12,275.5,278.943,275.151,278.943,20200
2012-11-13,278.951,280.319,278.138,279.483,15500
2012-11-14,279.627,281.855,278.366,281.665,30900
2012-11-15,271.411,274.649,254.628,264.768,299600
2012-11-16,269.055,269.678,265.429,268.918,84900
2012-11-19,269.154,271.647,269.078,270.4,41800
2012-11-20,270.392,276.101,269.093,275.85,66300
2012-11-21,273.767,281.984,272.141,279.711,152400
2012-11-22,279.711,281.611,279.711,280.281,12900
2012-11-23,280.889,281.999,277.651,280.403,27400
2012-11-26,278.966,279.992,269.838,270.02,88200
2012-11-27,270.605,275.151,268.31,272.68,108500
2012-11-28,268.431,274.337,267.945,269.838,46900
2012-11-29,270.142,271.639,268.302,269.07,121600
2012-11-30,268.766,268.766,259.326,259.326,1058400
2012-12-03,262.989,263.369,256.148,257.106,241300
2012-12-04,257.714,263.749,257.099,263.445,95300
2012-12-05,262.624,269.062,262.533,264.927,60000
2012-12-06,266.03,266.562,262.229,265.733,41300
2012-12-07,266.402,267.649,264.145,264.145,41800
2012-12-10,265.627,267.519,265.254,267.079,46700
2012-12-11,268.074,271.783,266.463,268.454,44800
2012-12-12,269.792,278.176,267.55,278.176,75400
2012-12-13,277.621,279.696,271.882,277.56,60900
2012-12-14,277.172,278.837,272.361,274.155,39000
2012-12-17,275.85,276.473,271.966,271.966,34200
2012-12-18,271.73,272.49,268.743,270.316,32000
2012-12-19,270.332,277.051,264.578,273.737,63500
2012-12-20,272.118,274.337,269.883,271.73,52700
2012-12-21,271.35,273.63,266.486,267.55,126000
2012-12-24,267.74,272.103,267.55,272.103,9100
2012-12-27,272.711,272.711,269.716,271.13,16500
2012-12-28,270.666,272.848,270.59,271.35,6200
2012-12-31,272.817,275.151,270.263,272.528,16400
2013-01-02,273.63,276.405,271.783,275.158,12800
2013-01-03,274.467,276.321,272.544,273.836,14300
2013-01-04,273.706,277.849,273.706,274.535,25600
2013-01-07,275.933,280.471,275.933,279.711,41900
2013-01-08,279.711,280.426,276.671,279.711,39100
2013-01-09,280.471,281.231,277.621,277.621,38300
2013-01-10,278.951,282.425,277.621,280.175,55600
2013-01-11,280.167,281.231,278.191,280.669,20800
2013-01-14,283.512,283.512,276.656,276.709,35500
2013-01-15,277.476,277.811,276.344,276.519,21200
2013-01-16,277.051,278.183,275.956,276.671,26600
2013-01-17,276.519,280.091,276.519,278.867,34000
2013-01-18,279.633,281.789,278.469,279.266,31800
2013-01-21,280.414,285.101,280.32,284.882,22000
2013-01-22,285.874,286.272,283.538,284.484,21800
2013-01-23,285.093,285.304,282.531,283.343,45600
2013-01-24,282.984,283.429,281.281,282.023,44300
2013-01-25,284.64,284.64,280.414,280.906,49900
2013-01-28,283.148,283.148,280.797,281.414,21500
2013-01-29,280.859,283.765,280.414,282.468,22200
2013-01-30,282.734,283.984,281.64,282.757,33800
2013-01-31,281.523,282.21,278.149,279.633,33400
2013-02-01,281.64,282.414,276.712,276.923,26200
2013-02-04,276.922,277.946,275.415,277.727,25400
2013-02-05,278.477,282.749,277.743,278.352,52100
2013-02-06,279.281,287.827,279.281,286.663,44200
2013-02-07,286.632,289.006,282.718,284.296,30600
2013-02-08,284.312,286.592,282.757,282.913,18100
2013-02-11,282.421,285.835,282.351,283.507,28500
2013-02-12,284.319,284.866,281.976,283.57,15800
2013-02-13,283.577,284.312,281.781,282.82,19100
2013-02-14,282.82,284.765,280.359,281.195,27900
2013-02-15,285.015,295.255,281.976,294.458,50500
2013-02-19,295.411,303.144,294.474,302.089,64700
2013-02-20,302.949,304.628,298.379,302.121,38300
2013-02-21,299.988,305.065,299.988,303.066,24700
2013-02-22,305.753,309.315,305.753,307.362,83800
2013-02-25,308.533,312.681,299.809,301.683,43200
2013-02-26,301.504,303.456,298.613,303.456,20500
2013-02-27,301.949,302.886,300.137,300.652,19900
2013-02-28,300.715,306.065,299.16,306.065,54300
2013-03-01,305.339,310.096,304.245,304.862,29900
2013-03-04,305.37,310.096,303.074,308.612,17400
2013-03-05,308.533,310.478,302.371,303.066,20400
2013-03-06,303.066,305.409,300.746,302.285,25000
2013-03-07,302.23,305.058,301.504,302.449,13200
2013-03-08,302.675,302.675,299.941,300.941,8600
2013-03-11,302.175,303.847,298.379,298.442,14200
2013-03-12,298.465,300.629,298.434,299.629,22700
2013-03-13,300.879,307.581,300.879,306.971,38100
2013-03-14,306.971,308.315,306.19,306.932,28100
2013-03-15,306.971,308.534,304.628,304.628,28000
2013-03-18,304.628,310.088,303.066,309.494,12700
2013-03-19,310.096,313.22,309.705,310.096,20000
2013-03-20,309.315,309.315,306.971,307.362,23700
2013-03-21,307.76,308.534,306.971,307.752,24000
2013-03-22,307.018,312.416,307.018,311.26,13000
2013-03-25,312.103,314.001,311.65,313.22,87600
2013-03-26,312.439,313.876,310.135,311.923,18900
2013-03-27,311.119,313.22,310.088,310.51,18900
2013-03-28,308.533,312.65,308.533,309.83,29500
2013-04-01,309.83,316.345,309.83,314.001,18200
2013-04-02,312.884,313.54,309.002,312.517,20700
2013-04-03,312.572,316.001,308.924,312.017,21600
2013-04-04,311.658,313.025,307.916,309.643,19200
2013-04-05,310.494,314.782,310.213,314.774,8000
2013-04-08,315.946,316.009,311.447,314.587,24300
2013-04-09,314.782,316.344,311.666,313.533,13900
2013-04-10,314.61,314.61,312.048,312.127,16200
2013-04-11,312.439,312.447,302.269,312.166,25600
2013-04-12,308.33,312.9,308.307,312.166,18500
2013-04-15,310.971,313.22,310.033,311.322,23500
2013-04-16,312.361,312.439,310.104,310.869,7800
2013-04-17,309.76,311.439,305.409,307.338,26300
2013-04-18,309.221,310.877,308.58,308.58,12900
2013-04-19,310.041,310.814,308.94,309.533,12100
2013-04-22,310.877,312.634,310.01,310.9,15100
2013-04-23,312.142,312.142,307.362,311.314,42900
2013-04-24,310.143,312.103,310.143,311.658,23100
2013-04-25,312.439,316.344,308.979,316.134,34700
2013-04-26,316.36,316.649,314.915,315.251,12400
2013-04-29,314.86,314.86,311.322,313.665,17100
2013-04-30,311.666,315.681,305.409,315.681,55000
2013-05-01,312.447,315.368,312.447,314.626,21000
2013-05-02,312.642,319.367,312.642,319.071,17500
2013-05-03,320.937,326.108,318.688,319.461,49100
2013-05-06,321.023,329.233,318.688,326.163,38300
2013-05-07,326.499,330.271,324.96,328.748,43500
2013-05-08,328.756,330.217,325.53,328.506,20500
2013-05-09,327.749,329.733,326.163,329.623,71500
2013-05-10,329.233,330.982,327.725,329.506,14600
2013-05-13,329.522,332.669,329.287,332.583,25100
2013-05-14,331.201,336.177,331.185,335.872,44100
2013-05-15,335.872,340.926,335.091,340.051,22400
2013-05-16,338.996,340.559,335.2,336.317,35100
2013-05-17,338.207,342.121,336.653,342.097,14800
2013-05-21,339.004,339.754,327.983,331.256,27400
2013-05-22,332.623,337.426,330.849,336.317,19300
2013-05-23,336.036,336.262,333.716,333.732,51300
2013-05-24,333.919,337.879,333.919,337.036,11800
2013-05-27,338.981,338.981,337.028,337.231,1600
2013-05-28,338.988,339.777,336.653,338.77,23100
2013-05-29,337.442,337.442,334.63,335.778,18600
2013-05-30,334.763,335.091,330.404,331.92,11400
2013-05-31,330.849,330.849,325.069,327.006,19600
2013-06-03,326.499,327.811,320.25,327.28,52500
2013-06-04,326.499,328.842,323.546,324.897,26200
2013-06-05,324.937,329.826,324.937,328.061,22200
2013-06-06,327.592,329.623,323.039,329.623,16700
2013-06-07,328.842,330.404,328.842,330.404,10100
2013-06-10,330.029,330.404,323.374,324.405,15900
2013-06-11,324.155,325.077,321.031,322.171,17200
2013-06-12,322.593,323.804,317.821,317.922,13900
2013-06-13,316.548,324.929,316.344,324.929,20800
2013-06-14,324.929,325.858,320.594,323.367,8000
2013-06-17,326.054,331.631,323.382,326.155,18700
2013-06-18,329.193,329.193,323.179,323.374,14000
2013-06-19,323.374,323.984,320.25,321.734,19800
2013-06-20,320.422,320.57,316.344,317.422,19700
2013-06-21,318.235,318.688,315.485,315.563,37000
2013-06-24,315.477,316.969,312.908,315.407,22700
2013-06-25,317.891,317.907,311.986,313.22,31300
2013-06-26,312.97,314.243,306.979,312.439,26400
2013-06-27,314.61,318.664,314.61,317.18,15400
2013-06-28,315.571,323.038,311.658,323.038,15700
2013-07-02,323.374,325.186,321.828,324.929,31400
2013-07-03,322.437,323.374,320.25,323.374,21700
2013-07-04,322.609,328.03,322.609,326.499,7500
2013-07-05,326.499,327.194,325.194,326.178,10000
2013-07-08,325.015,325.561,317.907,319.781,45200
2013-07-09,320.25,323.179,319.469,323.179,21600
2013-07-10,322.593,323.382,320.695,321.804,20700
2013-07-11,321.812,321.812,319,321.812,19000
2013-07-12,321.812,324.046,321.031,323.921,27900
2013-07-15,326.405,330.006,324.562,329.154,13200
2013-07-16,327.295,331.67,326.499,330.99,18200
2013-07-17,330.998,330.998,328.061,329.92,14900
2013-07-18,328.85,330.357,326.866,327.053,29300
2013-07-19,327.28,330.404,327.28,327.436,8600
2013-07-22,328.842,329.217,325.382,328.842,6300
2013-07-23,326.756,328.842,325.718,328.069,13500
2013-07-24,329.623,330.849,326.108,328.256,10700
2013-07-25,326.999,326.999,322.593,323.163,18600
2013-07-26,323.171,323.273,321.031,321.414,8800
2013-07-29,324.148,324.601,322.226,322.468,8200
2013-07-30,322.726,322.726,318.797,322.195,12600
2013-07-31,322.203,324.155,318.688,318.688,17800
2013-08-01,320.25,326.608,320.25,326.608,16100
2013-08-02,325.624,327.288,321.429,324.687,12800
2013-08-06,328.217,338.223,328.217,335.442,50300
2013-08-07,332.841,333.529,330.076,331.287,7700
2013-08-08,331.631,334.31,330.599,333.24,19500
2013-08-09,331.966,335.536,331.966,333.825,7600
2013-08-12,332.935,335.091,331.506,332.271,13900
2013-08-13,333.083,335.067,330.404,332.31,16600
2013-08-14,333.185,333.185,327.28,327.28,29300
2013-08-15,328.053,329.623,326.499,329.279,18200
2013-08-16,327.295,328.998,327.046,328.834,7800
2013-08-19,328.803,328.842,325.311,325.718,9500
2013-08-20,325.718,329.623,325.6,328.334,19400
2013-08-21,328.319,335.598,328.319,335.598,16000
2013-08-22,335.622,338.856,335.622,338.489,23100
2013-08-23,338.504,341.34,338.504,340.168,19700
2013-08-26,339.004,340.91,337.825,340.145,12500
2013-08-27,339.777,339.949,338.871,338.996,14700
2013-08-28,338.27,338.27,336.466,337.879,6500
2013-08-29,337.879,338.996,336.106,338.996,5400
2013-08-30,339.496,340.285,336.95,338.036,12100
2013-09-03,340.433,340.433,332.333,333.115,14600
2013-09-04,333.115,336.403,333.115,335.622,21600
2013-09-05,333.989,335.536,333.427,333.427,14500
2013-09-06,331.818,332.747,324.194,324.194,29300
2013-09-09,325.561,327.67,324.155,324.155,31600
2013-09-10,324.476,330.404,323.406,324.538,18600
2013-09-11,325.718,326.999,322.89,325.975,10000
2013-09-12,327.116,329.982,327.116,329.982,67100
2013-09-13,329.982,331.459,326.897,329.701,6000
2013-09-16,331.966,331.966,327.592,329.897,7700
2013-09-17,330.35,330.35,324.155,328.006,40200
2013-09-18,330.592,331.185,328.037,329.311,24100
2013-09-19,330.014,330.014,325.718,326.702,11100
2013-09-20,327.374,328.444,324.827,324.827,30900
2013-09-23,325.819,329.537,323.999,328.412,51900
2013-09-24,325.765,330.1,325.765,328.717,29800
2013-09-25,327.905,329.178,327.608,328.74,9900
2013-09-26,327.459,330.115,327.459,328.514,10200
2013-09-27,326.499,332.732,326.499,329.17,20200
2013-09-30,329.459,331.966,325.374,325.374,27500
2013-10-01,327.553,332.748,327.28,331.396,19600
2013-10-02,331.396,334.31,330.396,333.076,26100
2013-10-03,333.536,335.692,332.349,333.474,21200
2013-10-04,335.466,335.466,328.061,332.091,12600
2013-10-07,332.747,337.434,332.357,334.028,22800
2013-10-08,335.778,340.559,335.778,338.239,36000
2013-10-09,339.02,340.207,339.02,340.168,4300
2013-10-10,341.246,344.042,340.402,344.042,18800
2013-10-11,343.683,346.807,342.941,344.183,27600
2013-10-15,342.902,349.151,340.277,348.369,20600
2013-10-16,346.12,351.103,346.026,350.713,16500
2013-10-17,348.369,349.541,344.581,349.541,11300
2013-10-18,348.705,349.088,341.136,347.042,17300
2013-10-21,347.198,350.525,343.941,350.517,15100
2013-10-22,349.908,358.5,349.908,355.392,16500
2013-10-23,356.298,356.962,349.932,352.665,47700
2013-10-24,353.142,356.962,353.142,355.399,24600
2013-10-25,355.399,370.24,355.001,365.639,55000
2013-10-28,365.96,372.943,363.999,369.912,29300
2013-10-29,369.967,370.045,365.475,366.733,17000
2013-10-30,363.21,367.116,355.399,358.977,24600
2013-10-31,359.305,366.327,353.017,355.399,47200
2013-11-01,351.494,355.399,338.215,339.582,57700
2013-11-04,335.872,335.872,326.108,331.17,63500
2013-11-05,331.17,340.754,330.506,340.473,31200
2013-11-06,333.529,334.271,326.499,333.45,98200
2013-11-07,334.31,336.262,333.451,335.278,93700
2013-11-08,334.583,335.481,328.061,328.061,64200
2013-11-11,328.772,334.31,328.248,332.849,57000
2013-11-12,333.896,333.896,328.842,331.576,42800
2013-11-13,331.966,331.966,325.327,326.499,71000
2013-11-14,328.483,333.372,328.405,330.357,33400
2013-11-15,332.748,334.497,332.248,334.193,65800
2013-11-18,332.763,333.544,331.185,333.435,36500
2013-11-19,333.763,333.763,326.717,328.256,42900
2013-11-20,329.537,331.709,326.678,330.795,34400
2013-11-21,331.959,332.794,331.334,331.756,53600
2013-11-22,332.74,332.74,329.467,330.818,20000
2013-11-25,331.185,331.185,326.967,328.842,36500
2013-11-26,329.623,330.599,327.045,327.67,579000
2013-11-27,325.163,325.718,314.196,316.344,82300
2013-11-28,316.344,318.688,315.642,316.735,15600
2013-11-29,317.821,322.593,317.126,322.445,38000
2013-12-02,322.593,325.358,321.468,323.562,35400
2013-12-03,323.327,325.694,318.656,324.163,28800
2013-12-04,325.983,326.499,321.812,323.359,31900
2013-12-05,321.82,326.186,321.82,326.132,26100
2013-12-06,327.194,327.67,324.163,324.952,19600
2013-12-09,324.96,324.96,319.469,323.374,16700
2013-12-10,323.374,327.272,321.265,322.398,38600
2013-12-11,323.812,323.812,319.789,321.39,21600
2013-12-12,320.242,323.57,315.602,323.57,43400
2013-12-13,322.867,322.976,318.086,320.281,15600
2013-12-16,318.727,321.812,316.274,316.344,41500
2013-12-17,317.852,321.476,315.813,320.297,15800
2013-12-18,322.429,327.983,320.258,326.499,59400
2013-12-19,325.804,331.966,322.593,330.404,67800
2013-12-20,330.17,330.412,323.687,329.389,68600
2013-12-23,329.631,331.966,327.319,328.662,10700
2013-12-24,330.318,330.318,326.499,330.318,4100
2013-12-27,328.506,331.732,328.061,328.842,12300
2013-12-30,328.061,332.123,327.436,331.998,15300
2013-12-31,332.474,333.193,329.912,331.271,14600
2014-01-02,330.639,332.357,329.381,332.357,6700
2014-01-03,331.185,332.748,330.881,332.669,9700
2014-01-06,333.404,335.536,328.022,335.403,23900
2014-01-07,335.442,335.645,334.31,335.099,16300
2014-01-08,336.637,339.863,334.31,339.863,30000
2014-01-09,343.269,346.104,340.566,342.8,25400
2014-01-10,343.683,345.245,341.73,343.035,17000
2014-01-13,342.902,345.745,324.163,326.108,31900
2014-01-14,328.842,336.262,328.842,331.865,34500
2014-01-15,333.529,338.45,332.748,335.099,38300
2014-01-16,335.099,338.215,331.732,336.106,44000
2014-01-17,339.808,341.82,339.015,339.327,25800
2014-01-20,341.724,343.968,341.179,342.613,8300
2014-01-21,343.663,350.235,336.482,337.797,27200
2014-01-22,339.792,343.302,339.343,340.874,18600
2014-01-23,338.734,343.479,338.734,341.074,12100
2014-01-24,342.982,342.982,339.472,340.273,8500
2014-01-27,339.287,339.816,335.007,335.809,17000
2014-01-28,337.043,345.426,337.043,342.221,25500
2014-01-29,340.521,343.022,336.61,342.212,10700
2014-01-30,343.479,346.949,338.213,342.221,20300
2014-01-31,341.419,344.28,340.698,343.503,21800
2014-02-03,344.625,348.624,338.237,343.471,28200
2014-02-04,346.228,346.228,336.61,341.7,30700
2014-02-05,339.183,341.139,335.296,338.862,47400
2014-02-06,340.305,343.984,338.245,343.631,30900
2014-02-07,343.631,345.426,342.092,344.288,17000
2014-02-10,345.426,347.029,344.224,345.41,25300
2014-02-11,344.625,349.434,343.23,348.616,34800
2014-02-12,347.831,355.885,347.831,352.399,37900
2014-02-13,352.399,355.805,348.632,351.838,59700
2014-02-14,348.632,352.439,345.426,347.831,35800
2014-02-18,347.029,350.924,346.484,349.153,50100
2014-02-19,349.434,354.899,349.377,352.615,38000
2014-02-20,354.635,354.932,350.7,354.202,38500
2014-02-21,357.039,359.115,354.242,358.843,42000
2014-02-24,358.25,361.88,357.224,360.926,44200
2014-02-25,360.654,361.824,355.084,356.206,27400
2014-02-26,355.316,359.853,351.037,353.441,44600
2014-02-27,353.505,360.734,353.505,360.253,113800
2014-02-28,359.54,375.064,358.538,368.636,537000
2014-03-03,366.256,368.668,362.577,367.066,50800
2014-03-04,370.023,371.666,367.867,371.666,34700
2014-03-05,372.051,374.703,369.069,374.094,29000
2014-03-06,375.625,379.079,372.275,375.056,96800
2014-03-07,376.034,383.752,374.599,383.568,112500
2014-03-10,382.51,391.101,378.999,381.692,251300
2014-03-11,381.492,388.705,378.206,383.399,79300
2014-03-12,381.957,385.387,381.74,383.415,30700
2014-03-13,382.229,385.579,382.037,383.896,79200
2014-03-14,385.098,385.098,382.389,382.894,35100
2014-03-17,382.566,383.495,379.905,382.205,15000
2014-03-18,382.021,382.021,377.484,379.087,37400
2014-03-19,378.438,378.711,375.769,377.396,24300
2014-03-20,376.122,381.812,376.122,379.087,36600
2014-03-21,384.601,384.601,376.378,376.378,44500
2014-03-24,376.683,382.293,376.683,378.414,31000
2014-03-25,379.761,383.952,379.761,383.495,80100
2014-03-26,382.293,384.345,377.484,378.366,19600
2014-03-27,379.488,386.637,379.184,385.868,31900
2014-03-28,384.697,384.697,381.492,382.878,15500
2014-03-31,383.095,387.471,381.412,384.698,41700
2014-04-01,385.587,387.262,383.511,385.499,25800
2014-04-02,384.794,384.794,382.293,383.095,55200
2014-04-03,383.816,387.903,380.899,384.698,39900
2014-04-04,386.773,386.773,384.698,385.499,22200
2014-04-07,386.124,386.124,381.476,382.053,8200
2014-04-08,382.542,382.542,378.286,379.488,16500
2014-04-09,380.827,381.492,378.037,378.927,12600
2014-04-10,379.488,379.488,373.157,374.663,7800
2014-04-11,374.663,374.984,370.271,372.684,12100
2014-04-14,375.874,377.484,371.874,376.683,15400
2014-04-15,377.484,377.484,375.08,376.683,18300
2014-04-16,378.206,378.206,376.523,377.18,12300
2014-04-17,376.763,379.648,376.723,378.919,7400
2014-04-21,379.304,379.304,377.06,377.436,3600
2014-04-22,377.436,380.867,377.436,378.294,26700
2014-04-23,380.642,380.642,375.24,375.881,22600
2014-04-24,376.523,379.312,376.33,379.312,15200
2014-04-25,379.079,383.095,377.957,382.87,12600
2014-04-28,382.181,388.705,381.5,388.096,12100
2014-04-29,386.589,387.254,385.499,385.699,119900
2014-04-30,385.94,386.893,382.75,383.014,72400
2014-05-01,384.457,387.551,383.576,385.9,107100
2014-05-02,378.286,398.322,376.683,398.314,33300
2014-05-05,397.008,404.814,394.275,401.68,28600
2014-05-06,401.68,405.014,400.085,401.913,19600
2014-05-07,403.051,403.516,400.134,400.887,19500
2014-05-08,400.735,400.735,389.65,391.454,16800
2014-05-09,393.97,404.125,393.858,401.207,26800
2014-05-12,399.965,400.55,398.33,398.979,6800
2014-05-13,397.761,401.969,397.761,401.969,16900
2014-05-14,401.528,406.962,400.663,406.962,32800
2014-05-15,405.696,424.362,405.696,420.971,73000
2014-05-16,419.473,419.473,409.182,410.617,33300
2014-05-20,409.222,412.42,399.925,402.329,36100
2014-05-21,400.735,407.443,398.667,406.056,23500
2014-05-22,407.026,414.8,407.026,410.424,35000
2014-05-23,408.749,413.951,404.734,409.967,21300
2014-05-26,409.943,411.626,408.741,411.145,3100
2014-05-27,412.348,412.348,403.444,405.543,19400
2014-05-28,407.138,411.947,404.277,411.418,16800
2014-05-29,411.947,411.947,400.727,404.71,26300
2014-05-30,403.131,404.565,391.358,391.358,52900
2014-06-02,399.124,407.146,395.918,404.726,31200
2014-06-03,406.008,408.196,399.068,407.138,31900
2014-06-04,407.579,411.787,400.727,411.787,86500
2014-06-05,409.142,410.745,406.136,410.737,23700
2014-06-06,409.983,410.745,404.534,407.539,27300
2014-06-09,406.802,408.853,400.005,402.979,47700
2014-06-10,401.52,416.756,401.52,413.253,60300
2014-06-11,411.242,414.351,405.343,411.145,23200
2014-06-12,412.668,413.55,406.337,406.874,13200
2014-06-13,408.581,409.791,406.786,409.19,12900
2014-06-16,409.19,409.19,402.073,402.338,12700
2014-06-17,404.654,408.332,398.202,408.332,58300
2014-06-18,409.054,409.054,399.124,405.183,17100
2014-06-19,405.535,406.938,400.198,401.536,14400
2014-06-20,402.971,404.822,398.018,398.018,34700
2014-06-23,399.124,401.111,393.513,395.437,15700
2014-06-24,397.473,400.614,392.143,393.497,18100
2014-06-25,394.315,400.943,393.185,399.124,24500
2014-06-26,400.382,405.535,398.362,404.854,19700
2014-06-27,406.946,406.946,399.957,405.519,16500
2014-06-30,405.351,406.593,402.185,405.712,37000
2014-07-02,406.337,410.096,405.543,407.547,26400
2014-07-03,408.036,409.647,406.337,408.02,17600
2014-07-04,408.661,408.757,405.215,405.215,57900
2014-07-07,405.471,409.302,403.131,409.302,14600
2014-07-08,408.404,408.404,401.825,402.321,16600
2014-07-09,403.131,407.94,401.528,406.834,16600
2014-07-10,408.517,415.441,407.058,407.058,65200
2014-07-11,407.547,411.642,404.053,409.879,26800
2014-07-14,411.747,412.428,407.86,412.252,11000
2014-07-15,410.617,413.39,409.543,411.25,20900
2014-07-16,411.418,412.332,408.741,411.947,11300
2014-07-17,412.54,413.55,410.657,413.141,15200
2014-07-18,411.153,412.748,410.08,411.145,9200
2014-07-21,409.551,411.145,407.859,409.543,11500
2014-07-22,409.206,410.064,400.134,407.154,22200
2014-07-23,408.741,409.583,407.972,408.741,36600
2014-07-24,408.028,409.198,407.234,407.611,8500
2014-07-25,407.86,409.222,406.521,409.222,11200
2014-07-28,409.462,409.543,405.447,408.076,10200
2014-07-29,409.182,409.543,406.329,407.932,36900
2014-07-30,409.342,409.543,406.217,408.741,15800
2014-07-31,407.884,411.939,405.936,411.426,38400
2014-08-01,412.748,420.763,411.723,415.153,36900
2014-08-05,416.147,422.831,403.812,408.14,42200
2014-08-06,408.741,415.153,407.419,408.565,42600
2014-08-07,408.052,411.145,402.329,405.527,24700
2014-08-08,407.138,410.344,405.223,408.509,51300
2014-08-11,408.517,411.162,407.908,408.733,50500
2014-08-12,410.088,410.088,408.348,408.348,3700
2014-08-13,409.943,410.232,405.535,407.916,12300
2014-08-14,407.691,408.084,403.732,406.505,16600
2014-08-15,407.138,407.339,400.727,405.327,21100
2014-08-18,406.128,406.128,400.206,400.727,18600
2014-08-19,400.815,402.329,399.124,400.678,16900
2014-08-20,400.727,401.704,398.803,401.448,14600
2014-08-21,402.329,411.129,402.329,406.321,18500
2014-08-22,405.111,407.467,401.183,405.279,16300
2014-08-25,404.734,406.088,401.825,403.051,17900
2014-08-26,402.786,410.617,402.786,407.363,25300
2014-08-27,408.741,408.741,403.604,404.654,17000
2014-08-28,403.147,406.337,395.846,398.635,29800
2014-08-29,399.925,403.131,398.627,401.536,42700
2014-09-02,402.426,407.13,400.839,402.073,9300
2014-09-03,404.373,405.135,400.727,400.727,20000
2014-09-04,400.727,403.131,397.665,399.124,34100
2014-09-05,402.241,403.444,399.108,399.869,59100
2014-09-08,400.951,406.257,400.326,404.485,40700
2014-09-09,406.938,406.938,401.464,402.273,36300
2014-09-10,402.193,406.257,401.672,405.896,19000
2014-09-11,407.138,407.787,403.676,404.149,10600
2014-09-12,403.564,405.335,403.131,404.718,12700
2014-09-15,403.051,403.051,399.54,400.141,15800
2014-09-16,401.36,402.33,398.603,400.606,22700
2014-09-17,403.508,404.381,396.719,397.978,17000
2014-09-18,397.737,398.915,394.082,395.589,12300
2014-09-19,396.238,396.399,392.712,392.712,34200
2014-09-22,395.429,399.46,393.674,397.521,18800
2014-09-23,397.208,403.123,397.192,400.999,17000
2014-09-24,403.131,404.101,399.957,401.071,26000
2014-09-25,402.145,403.131,400.43,400.646,30300
2014-09-26,401.977,401.977,399.38,401.143,22800
2014-09-29,401.897,402.329,396.719,398.21,34200
2014-09-30,398.322,402.161,398.322,402.161,22700
2014-10-01,400.759,400.911,397.841,398.322,20200
2014-10-02,400.574,403.524,398.266,400.951,24700
2014-10-03,401.52,405.054,401.432,402.706,22100
2014-10-06,402.305,407.371,402.137,404.165,32600
2014-10-07,404.149,406.697,403.452,403.452,37200
2014-10-08,404.718,407.892,403.131,407.892,19300
2014-10-09,409.711,411.931,407.691,411.931,18700
2014-10-10,413.502,415.121,407.924,407.924,21300
2014-10-14,408.741,412.708,407.964,412.3,29000
2014-10-15,412.748,415.954,399.917,400.486,42100
2014-10-16,400.478,404.493,400.037,402.746,111600
2014-10-17,403.94,406.577,399.124,401.544,24700
2014-10-20,402.105,405.239,402.105,402.329,12500
2014-10-21,402.73,410.304,402.025,406.072,38300
2014-10-22,406.064,411.723,403.948,408.068,26000
2014-10-23,407.347,409.943,401.969,404.726,19600
2014-10-24,403.932,411.947,403.932,409.286,40000
2014-10-27,409.286,409.286,403.932,405.736,10000
2014-10-28,407.13,407.13,403.419,403.436,10700
2014-10-29,403.74,409.422,403.427,408.509,10600
2014-10-30,409.823,409.823,406.962,407.515,7800
2014-10-31,411.21,412.692,402.249,412.692,42600
2014-11-03,409.943,420.386,405.952,416.347,31300
2014-11-04,415.529,439.573,415.529,437.593,64800
2014-11-05,438.555,443.46,433.185,439.349,39300
2014-11-06,438.876,442.498,432.6,434.179,33000
2014-11-07,434.179,434.179,427.175,432.152,27600
2014-11-10,436.712,442.482,433.185,439.276,34100
2014-11-11,440.791,440.799,436.391,436.792,14700
2014-11-12,436.792,441.561,429.779,432.785,29100
2014-11-13,434.476,443.204,434.476,441.721,17700
2014-11-14,441.721,444.967,440.503,442.627,31900
2014-11-17,443.204,444.807,439.998,442.394,23300
2014-11-18,443.684,446.81,442.402,445.872,33600
2014-11-19,448.004,456.027,446.393,455.305,29800
2014-11-20,459.225,468.049,454.424,465.596,35800
2014-11-21,467.592,467.592,458.022,462.959,59000
2014-11-24,464.763,464.763,457.63,459.04,33400
2014-11-25,460.627,466.446,458.463,464.041,49400
2014-11-26,463.232,469.475,460.836,464.835,20200
2014-11-27,463.721,467.247,463.721,465.644,4200
2014-11-28,468.634,472.056,465.644,465.644,17300
2014-12-01,468.85,478.227,466.686,477.963,26100
2014-12-02,478.387,484.879,478.387,478.868,47300
2014-12-03,480.071,491.291,476.873,484.278,39600
2014-12-04,485.681,492.958,483.669,492.958,34500
2014-12-05,491.307,497.334,480.936,482.074,41900
2014-12-08,481.673,489.6,480.071,482.755,27300
2014-12-09,481.738,483.028,475.262,479.269,25500
2014-12-10,479.269,486.426,478.868,486.426,18100
2014-12-11,487.284,489.319,480.872,485.023,34500
2014-12-12,484.158,490.313,484.158,490.313,28900
2014-12-15,489.648,489.664,482.483,485.689,38900
2014-12-16,487.276,488.886,483.629,488.085,60200
2014-12-17,489.68,489.68,484.879,488.085,56200
2014-12-18,490.497,490.497,476.624,484.478,76100
2014-12-19,484.719,494.897,484.711,494.897,55400
2014-12-22,492.429,495.29,487.396,489.784,21300
2014-12-23,488.101,492.693,487.284,492.693,22300
2014-12-24,492.092,492.501,488.878,491.331,5500
2014-12-29,494.889,496.099,488.926,494.497,17900
2014-12-30,494.489,494.489,485.681,488.886,47200
2014-12-31,489.608,489.616,485.681,487.909,10900
2015-01-02,488.886,488.886,477.61,477.61,23700
2015-01-05,476.785,484.807,474.06,484.807,41800
2015-01-06,483.188,485.761,477.105,484.15,27700
2015-01-07,486.474,486.474,482.475,483.276,16700
2015-01-08,484.078,485.937,476.087,479.229,27500
2015-01-09,480.07,483.284,480.07,483.284,16400
2015-01-12,484.47,484.478,474.468,479.67,33400
2015-01-13,479.365,483.95,478.532,483.26,22300
2015-01-14,480.872,495.178,480.872,495.178,30000
2015-01-15,498.472,498.48,488.878,495.723,56600
2015-01-16,497.088,497.677,490.362,495.013,88900
2015-01-19,494.441,498.527,494.441,496.647,5700
2015-01-20,498.527,500.979,490.371,496.672,40300
2015-01-21,495.258,508.334,493.631,508.334,26500
2015-01-22,508.334,527.106,505.245,525.619,40100
2015-01-23,522.423,536.938,518.501,536.905,31200
2015-01-26,535.303,535.303,527.131,532.468,19300
2015-01-27,528.586,546.745,528.152,542.732,33900
2015-01-28,549.458,561.456,546.483,548.543,36900
2015-01-29,543.476,552.883,537.755,546.263,27400
2015-01-30,546.263,554.632,546.263,551.649,31600
2015-02-02,551.649,552.466,537.265,539.373,41600
2015-02-03,540.125,541.024,527.564,536.121,40300
2015-02-04,534.486,538.385,526.314,527.335,39900
2015-02-05,530.89,545.111,530.89,544.735,36000
2015-02-06,544.293,544.301,528.676,531.225,24000
2015-02-09,544.293,544.293,526.828,526.828,23400
2015-02-10,530.22,533.17,527.736,529.501,14300
2015-02-11,528.112,535.303,527.948,534.372,7400
2015-02-12,536.586,536.586,518.958,518.958,22800
2015-02-13,522.767,527.131,522.767,524.679,26900
2015-02-17,529.999,566.49,529.999,565.444,45000
2015-02-18,565.256,570.086,554.1,564.112,29100
2015-02-19,567.985,569.661,558.799,563.907,18000
2015-02-20,533.685,541.841,531.732,538.654,85500
2015-02-23,536.938,541.024,536.938,541.024,61800
2015-02-24,539.455,542.25,531.626,531.626,40100
2015-02-25,533.669,538.858,531.217,532.852,31200
2015-02-26,534.486,535.303,529.558,529.558,30500
2015-02-27,531.315,537.412,530.4,536.121,37000
2015-03-02,536.529,536.938,531.119,532.852,42400
2015-03-03,532.852,542.659,532.533,540.264,61400
2015-03-04,540.452,542.168,537.02,541.433,42000
2015-03-05,541.433,542.659,538.573,540.207,14500
2015-03-06,536.954,543.64,536.938,543.64,25400
2015-03-09,547.521,547.562,542.054,547.489,34200
2015-03-10,547.562,568.386,547.562,566.948,54500
2015-03-11,564.006,579.019,563.916,578.422,40200
2015-03-12,576.166,579.435,559.6,559.6,43800
2015-03-13,557.402,563.924,549.197,561.022,41400
2015-03-16,567.936,578.618,560.083,570.666,45500
2015-03-17,570.862,585.973,570.862,584.224,34000
2015-03-18,580.759,587.869,577.793,584.339,48500
2015-03-19,583.113,588.744,575.349,579.051,38400
2015-03-20,563.907,579.574,563.907,574.466,85700
2015-03-23,576.984,587.502,576.984,581.707,23300
2015-03-24,581.887,587.592,581.887,587.526,16300
2015-03-25,587.453,596.467,585.908,590.877,31700
2015-03-26,590.934,602.319,583.808,599.793,35700
2015-03-27,599.033,603.953,588.425,594.146,23400
2015-03-30,596.581,596.581,589.782,589.782,30900
2015-03-31,590.877,590.877,577.964,580.253,41800
2015-04-01,580.342,588.834,576.779,579.435,24100
2015-04-02,581.053,581.053,569.645,575.864,21700
2015-04-06,575.333,586.382,568.811,570.854,40300
2015-04-07,570.944,581.887,570.445,573.698,32600
2015-04-08,573.706,578.618,572.897,576.305,27800
2015-04-09,577.809,578.814,568.811,572.382,27700
2015-04-10,573.2,573.813,567.356,567.593,18600
2015-04-13,569.53,572.023,564.823,568.394,23800
2015-04-14,567.193,570.445,563.883,570.445,19600
2015-04-15,573.306,573.306,547.162,547.971,39400
2015-04-16,545.446,546.745,539.463,545.846,34900
2015-04-17,545.111,545.111,540.934,543.876,16700
2015-04-20,545.11,549.14,536.121,539.332,24600
2015-04-21,537.567,543.304,528.692,532.852,47800
2015-04-22,532.043,532.173,526.24,530.4,40400
2015-04-23,530.155,542.005,530.147,541.024,19100
2015-04-24,542.005,545.74,541.58,544.44,22600
2015-04-27,545.928,545.928,527.785,528.765,18400
2015-04-28,530.4,530.4,522.227,525.905,19700
2015-04-29,526.224,532.819,524.45,532.819,12600
2015-04-30,532.043,538.572,523.862,538.572,34100
2015-05-01,538.483,538.491,524.883,525.496,31000
2015-05-04,527.131,543.476,526.959,529.885,21700
2015-05-05,530.751,535.254,518.321,520.781,20500
2015-05-06,520.781,529.893,520.405,521.541,16900
2015-05-07,524.156,525.496,513.671,517.177,32000
2015-05-08,514.88,522.759,514.88,517.324,17500
2015-05-11,517.226,518.958,513.401,518.141,15000
2015-05-12,518.108,524.679,507.925,511.644,19300
2015-05-13,513.238,514.055,501.379,506.381,16500
2015-05-14,506.291,506.699,498.527,498.535,30000
2015-05-15,499.344,509.135,499.344,504.166,17700
2015-05-19,505.882,521.819,504.338,509.151,32600
2015-05-20,510.132,513.613,506.699,512.951,13400
2015-05-21,516.564,517.871,509.838,513.246,14500
2015-05-22,514.839,514.839,506.086,506.797,13200
2015-05-25,506.798,509.756,502.883,502.883,4000
2015-05-26,505.874,509.887,496.565,504.656,28600
2015-05-27,506.699,510.639,499.344,506.348,20700
2015-05-28,507.517,508.881,502.613,507.419,14300
2015-05-29,509.952,516.915,509.151,511.922,64800
2015-06-01,512.42,513.237,502.646,511.963,26900
2015-06-02,510.091,513.229,493.623,505.67,33900
2015-06-03,506.708,509.151,502.221,506.691,25100
2015-06-04,503.439,509.756,501.714,502.883,19000
2015-06-05,501.077,513.237,498.527,510.042,23300
2015-06-08,511.578,517.324,507.517,509.119,17200
2015-06-09,508.326,519.114,508.318,516.482,24400
2015-06-10,516.482,524.025,516.482,518.754,17500
2015-06-11,519.048,523.51,514.235,515.477,23900
2015-06-12,515.575,517.324,507.721,511.129,21400
2015-06-15,510.606,520.413,510.034,520.413,14000
2015-06-16,521.41,528.749,519.056,528.144,22900
2015-06-17,530.4,530.4,524.27,525.709,19600
2015-06-18,527.948,527.948,525.545,527.866,35000
2015-06-19,526.346,539.725,521.034,539.39,65900
2015-06-22,535.491,539.994,530.71,531.577,21700
2015-06-23,533.53,538,531.217,536.112,16100
2015-06-24,535.998,537.69,531.217,531.217,18100
2015-06-25,532.034,533.179,526.542,528.757,40900
2015-06-26,528.765,530.841,523.175,523.862,22000
2015-06-29,514.872,517.781,508.939,514.153,18700
2015-06-30,514.398,515.509,502.613,503.332,39900
2015-07-02,505.073,533.669,503.43,532.615,29400
2015-07-03,534.078,534.078,527.539,532.852,5800
2015-07-06,530.392,530.4,525.701,526.42,18600
2015-07-07,526.722,527.131,514.872,516.196,17100
2015-07-08,517.324,518.272,512.42,513.393,16400
2015-07-09,513.319,515.501,502.621,504.248,19400
2015-07-10,509.968,523.625,509.968,523.412,25700
2015-07-13,522.227,525.913,516.114,516.621,9800
2015-07-14,517.316,530.923,513.327,530.923,14500
2015-07-15,528.765,545.274,528.765,543.876,25700
2015-07-16,543.754,543.754,533.677,540.207,17600
2015-07-17,542.25,547.096,542.25,543.476,9800
2015-07-20,545.822,545.822,538.123,541,55900
2015-07-21,537.363,537.363,529.787,531.283,26500
2015-07-22,527.196,528.765,518.631,519.955,11900
2015-07-23,522.227,527.948,519.702,523.314,17500
2015-07-24,523.829,525.088,518.313,523.862,20600
2015-07-27,523.829,526.305,514.594,526.281,18400
2015-07-28,526.191,528.25,507.925,528.25,27700
2015-07-29,527.638,543.435,526.42,543.174,25900
2015-07-30,543.092,543.092,516.098,522.227,30300
2015-07-31,522.227,522.227,510.05,515.477,41900
2015-08-04,518.958,518.958,511.914,513.646,25100
2015-08-05,514.872,514.872,500.513,501.028,36200
2015-08-06,503.43,507.517,498.641,500.823,26300
2015-08-07,498.486,500.161,494.939,496.525,19300
2015-08-10,498.135,504.305,497.71,498.919,15100
2015-08-11,500.17,506.291,500.17,503.463,18800
2015-08-12,500.161,502.842,496.892,499.508,11800
2015-08-13,500.153,502.613,497.75,498.854,15400
2015-08-14,502.491,519.612,500.161,516.556,18000
2015-08-17,513.238,513.532,505.081,505.081,9300
2015-08-18,503.43,514.463,502.613,502.613,19600
2015-08-19,499.369,500.954,496.075,496.835,35400
2015-08-20,499.892,510.786,497.383,497.383,29200
2015-08-21,497.767,504.076,493.019,497.448,38100
2015-08-24,491.172,502.613,490.861,495.045,47900
2015-08-25,499.115,504.836,494.481,495.258,55500
2015-08-26,495.683,504.656,493.713,502,95700
2015-08-27,500.161,510.688,495.258,495.266,35700
2015-08-28,496.075,508.138,496.075,507.811,52400
2015-08-31,511.595,514.014,496.901,499.965,71400
2015-09-01,503.324,505.228,492.471,495.168,29200
2015-09-02,497.129,500.161,493.623,498.527,29300
2015-09-03,500.962,500.979,488.368,490.354,49000
2015-09-04,488.72,493.035,480.547,490.967,39000
2015-09-08,492.806,496.77,484.642,487.093,22100
2015-09-09,495.111,496.884,474.826,479.011,41300
2015-09-10,474.499,483.032,464.202,466.654,54000
2015-09-11,467.929,472.04,467.471,470.332,21900
2015-09-14,473.576,474.009,464.202,464.3,17900
2015-09-15,465.534,476.87,460.394,474.434,40800
2015-09-16,475.815,500.349,474.418,498.233,105800
2015-09-17,497.407,497.407,479.395,481.364,42900
2015-09-18,481.356,487.902,471.557,472.71,44400
2015-09-21,474.794,479.73,471.566,479.215,22500
2015-09-22,477.278,480.948,471.557,471.574,21800
2015-09-23,473.2,476.044,469.931,472.023,19600
2015-09-24,471.557,482.999,471.557,480.719,17300
2015-09-25,482.026,488.09,479.673,483.301,31200
2015-09-28,483.98,490.354,483.98,487.698,19900
2015-09-29,487.11,487.788,482.182,486.423,18100
2015-09-30,489.3,496.762,489.3,496.68,36600
2015-10-01,496.075,496.1,471.557,479.362,35000
2015-10-02,476.87,491.172,475.889,489.128,22400
2015-10-05,491.932,507.108,491.834,503.43,22200
2015-10-06,505.065,506.291,501.665,501.796,23700
2015-10-07,503.431,505.408,501.24,503.831,14100
2015-10-08,503.839,506.675,495.29,498.739,19500
2015-10-09,501.387,509.936,501.387,503.112,26400
2015-10-13,503.43,519.367,503.43,516.915,21500
2015-10-14,518.754,530.784,514.063,526.502,24200
2015-10-15,525.284,533.26,513.237,518.958,35400
2015-10-16,518.958,519.776,509.968,510.075,15500
2015-10-19,511.186,524.27,506.699,519.489,11700
2015-10-20,520.413,523.045,518.958,520.593,11200
2015-10-21,520.691,523.045,514.864,515.567,12700
2015-10-22,514.905,524.614,514.905,524.27,8600
2015-10-23,523.886,532.034,523.886,526.869,24300
2015-10-26,524.573,539.414,523.862,534.445,17000
2015-10-27,535.295,540.24,533.693,534.952,12600
2015-10-28,534.486,535.304,526.379,532.607,16000
2015-10-29,531.299,534.486,528.03,534.486,10900
2015-10-30,539.324,539.365,523.282,526.248,30700
2015-11-02,526.82,537.142,525.84,528.487,14200
2015-11-03,526.485,528.904,522.244,525.006,14600
2015-11-04,526.403,533.669,517.324,519.187,15400
2015-11-05,519.179,527.131,515.044,523.028,11700
2015-11-06,524.197,530.482,523.862,528.365,16500
2015-11-09,528.643,532.843,524.679,530.996,23300
2015-11-10,530.996,533.669,523.053,524.655,30000
2015-11-11,525.627,538.572,525.627,536.93,13600
2015-11-12,534.952,541.94,527.131,527.539,30400
2015-11-13,526.632,529.583,521.41,529.174,18600
2015-11-16,529.583,536.358,527.948,531.217,17800
2015-11-17,532.803,536.121,529.705,534.494,21700
2015-11-18,534.069,547.562,531.217,547.562,21200
2015-11-19,547.562,555.473,547.154,555.473,13900
2015-11-20,554.918,561.57,546.745,561.57,24200
2015-11-23,562.273,565.542,555.727,562.273,12100
2015-11-24,562.06,562.273,551.362,554.386,25100
2015-11-25,554.918,559.004,550.014,550.014,17600
2015-11-26,553.283,555.694,551.158,551.158,3300
2015-11-27,550.022,551.648,545.388,547.562,6700
2015-11-30,550.823,555.776,524.001,524.001,81500
2015-12-01,529.035,537.755,529.035,533.685,32300
2015-12-02,534.02,541.833,534.02,538.556,18700
2015-12-03,537.747,538.572,504.248,511.603,32900
2015-12-04,515.681,527.131,512.379,522.562,35600
2015-12-07,521.41,523.29,507.549,509.511,31800
2015-12-08,509.511,511.979,505.138,507.394,28600
2015-12-09,506.699,520.56,495.192,500.071,63100
2015-12-10,502.605,511.603,502.58,503.643,22700
2015-12-11,504.28,511.562,501.412,510.59,21200
2015-12-14,510.786,516.498,510.786,515.281,22200
2015-12-15,514.888,515.076,510.132,511.84,44500
2015-12-16,512.036,523.045,512.028,514.839,15900
2015-12-17,515.689,529.558,515.689,528.675,26800
2015-12-18,526.927,526.935,513.262,520.593,70700
2015-12-21,520.593,528.79,520.593,527.777,17500
2015-12-22,527.131,539.39,524.352,538.916,14300
2015-12-23,538.916,540.207,520.609,526.273,19800
2015-12-24,529.149,532.762,527.695,532.042,8800
2015-12-29,530.4,530.4,523.045,529.583,14900
2015-12-30,530.392,541.515,529.991,541,17200
2015-12-31,541.596,542.054,532.827,536.864,8600
2016-01-04,536.578,556.552,527.973,554.591,27500
2016-01-05,554.591,556.413,547.718,550.954,23900
2016-01-06,551.918,557.901,551.134,554.754,22400
2016-01-07,552.588,563.867,552.588,563.867,30300
2016-01-08,563.327,563.327,550.856,560.491,28000
2016-01-11,561.456,565.803,557.386,564.986,25100
2016-01-12,565.28,577.18,561.57,577.18,33900
2016-01-13,576.166,576.166,548.935,557.288,22300
2016-01-14,555.432,575.611,555.432,571.745,34700
2016-01-15,567.536,581.879,565.141,580.253,38600
2016-01-18,584.617,584.851,575.715,579.336,13300
2016-01-19,582.323,594.888,581.547,593.745,26400
2016-01-20,588.305,601.279,578.768,599.936,34500
2016-01-21,597.274,601.563,585.652,598.259,48000
2016-01-22,598.292,601.145,585.702,594.879,19900
2016-01-25,594.512,598.759,594.512,598.642,24000
2016-01-26,598.642,598.642,589.89,593.194,23800
2016-01-27,592.468,594.02,589.047,591.233,29200
2016-01-28,592.794,595.722,591.55,595.722,23600
2016-01-29,594.254,601.821,594.054,601.821,35200
2016-02-01,599.827,609.072,599.418,603.231,48100
2016-02-02,600.353,613.719,597.391,613.168,31100
2016-02-03,612.409,615.329,608.237,610.674,33700
2016-02-04,610.131,610.323,595.739,596.74,23900
2016-02-05,595.722,600.728,592.393,594.062,15300
2016-02-08,593.327,609.072,588.213,609.072,26300
2016-02-09,606.569,609.923,606.377,609.923,28300
2016-02-10,613.01,613.243,608.504,612.76,27100
2016-02-11,611.583,631.749,611.575,629.93,56600
2016-02-12,629.813,636.789,623.364,636.789,36700
2016-02-16,644.948,649.813,639.108,649.813,47900
2016-02-17,644.948,650.897,640.293,642.445,45200
2016-02-18,641.828,650.739,640.777,642.863,21100
2016-02-19,638.274,645.783,622.638,645.783,35000
2016-02-22,648.102,648.102,634.102,638.466,37500
2016-02-23,604.057,605.734,596.139,602.163,68400
2016-02-24,604.057,607.378,600.695,605.734,83600
2016-02-25,607.395,608.237,597.391,601.529,58400
2016-02-26,600.737,601.855,594.395,599.06,43200
2016-02-29,599.235,602.505,592.385,596.798,51800
2016-03-01,595.722,600.728,594.754,600.711,46100
2016-03-02,597.808,598.183,589.047,591.45,36700
2016-03-03,593.044,593.945,589.056,593.136,25200
2016-03-04,592.46,594.571,586.736,592.652,26700
2016-03-07,593.495,595.013,579.87,584.375,36500
2016-03-08,577.433,586.01,573.136,579.311,94300
2016-03-09,581.538,586.961,580.696,584.892,48300
2016-03-10,585.71,588.205,584.041,588.205,36800
2016-03-11,590.716,596.556,587.404,596.556,33100
2016-03-14,597.382,603.231,593.219,602.222,41600
2016-03-15,599.076,608.229,597.75,604.9,28300
2016-03-16,606.56,607.937,598.692,602.314,32700
2016-03-17,600.728,605.426,589.882,593.753,32100
2016-03-18,593.77,595.722,579.87,588.513,98400
2016-03-21,589.056,598.442,584.75,594.863,20300
2016-03-22,594.863,596.556,589.223,591.55,22300
2016-03-23,593.219,597.349,591.651,597.349,19300
2016-03-24,599.619,600.728,593.219,597.307,15400
2016-03-28,596.949,602.222,596.556,600.72,11300
2016-03-29,600.703,602.814,595.138,595.722,18800
2016-03-30,595.722,599.719,595.313,598.425,21200
2016-03-31,599.76,607.603,596.556,606.627,29700
2016-04-01,604.333,607.403,603.607,607.403,9600
2016-04-04,606.869,606.869,597.766,599.468,17100
2016-04-05,598.651,614.528,596.59,614.053,29600
2016-04-06,613.51,613.51,595.989,598.634,50000
2016-04-07,598.217,600.311,594.879,600.294,34200
2016-04-08,601.521,601.521,595.697,600.278,26700
2016-04-11,599.894,604.066,587.237,587.237,16400
2016-04-12,587.237,593.653,584.851,588.305,33200
2016-04-13,589.59,597.8,588.255,596.548,10400
2016-04-14,595.005,601.596,595.005,601.596,26100
2016-04-15,603.181,603.231,596.932,601.02,17300
2016-04-18,603.139,603.139,597.407,598.017,15700
2016-04-19,599.427,599.427,577.075,581.313,30500
2016-04-20,581.538,584.792,579.411,584.792,21500
2016-04-21,586.836,592.385,586.327,589.465,17000
2016-04-22,588.23,592.385,586.861,590.758,17600
2016-04-25,590.833,592.385,589.873,592.385,9600
2016-04-26,590.716,592.385,589.006,591.659,29500
2016-04-27,589.915,592.51,589.915,592.343,10400
2016-04-28,591.55,592.385,587.796,587.796,24300
2016-04-29,584.041,585.543,558.177,561.097,43900
2016-05-02,563.475,564.059,542.341,547.005,48900
2016-05-03,543.876,547.939,538.753,545.611,43900
2016-05-04,546.496,548.832,541.473,546.496,36900
2016-05-05,544.627,546.154,531.619,540.53,31900
2016-05-06,539.354,548.39,532.32,545.161,29200
2016-05-09,541.506,545.636,541.49,543.033,21400
2016-05-10,544.844,545.119,540.288,543.275,22300
2016-05-11,540.655,543.968,535.733,537.877,15800
2016-05-12,538.219,554.839,538.219,553.095,22200
2016-05-13,553.171,556.074,549.833,551.26,21100
2016-05-16,552.42,554.472,549.867,551.685,15300
2016-05-17,551.66,551.66,547.247,551.527,25200
2016-05-18,547.372,552.128,542.324,550.851,19000
2016-05-19,552.078,571.651,551.143,570.083,24000
2016-05-20,569.115,569.115,554.472,554.664,31800
2016-05-24,554.939,562.549,553.972,562.549,29000
2016-05-25,560.988,561.514,556.508,559.845,22100
2016-05-26,562.916,569.006,561.297,565.686,17000
2016-05-27,566.612,571.368,565.886,571.368,14900
2016-05-30,570.633,575.698,563.183,570.133,7400
2016-05-31,575.698,578.034,562.24,562.24,54700
2016-06-01,562.24,566.111,554.806,566.111,26600
2016-06-02,563.183,563.183,557.342,558.685,18100
2016-06-03,557.993,561.923,551.677,555.724,58700
2016-06-06,558.16,558.911,546.062,547.622,19700
2016-06-07,550,550,538.57,544.009,30300
2016-06-08,545.661,546.504,539.821,539.821,25100
2016-06-09,539.829,543.709,534.823,541.49,22700
2016-06-10,543.1,555.874,543.1,553.513,20000
2016-06-13,553.196,557.342,545.178,548.164,60700
2016-06-14,549.825,553.504,545.561,550.142,22500
2016-06-15,548.189,552.278,541.465,541.49,24300
2016-06-16,541.49,546.496,539.404,542.75,42000
2016-06-17,543.984,549.825,533.981,536.55,47000
2016-06-20,537.693,544.669,537.693,544.669,12600
2016-06-21,545.503,547.964,541.59,544.81,17100
2016-06-22,544.669,548.365,534.823,536.717,27000
2016-06-23,537.051,541.899,535.983,535.983,9300
2016-06-24,535.658,559.011,535.658,555.014,94400
2016-06-27,555.874,568.022,555.874,565.519,53500
2016-06-28,565.193,568.189,549.516,549.658,26700
2016-06-29,551.485,566.353,551.152,566.303,38100
2016-06-30,569.015,580.562,561.681,580.562,46700
2016-07-04,582.373,589.047,568.197,568.197,15100
2016-07-05,573.195,584.125,571.551,581.538,24600
2016-07-06,581.588,594.879,580.746,594.053,41500
2016-07-07,596.556,599.059,576.515,581.371,34600
2016-07-08,578.218,582.398,571.526,575.698,25300
2016-07-11,574.037,576.323,571.526,571.526,23100
2016-07-12,573.862,581.038,563.191,580.253,31700
2016-07-13,577.784,577.784,569.023,569.057,24500
2016-07-14,567.354,569.056,561.514,561.514,29400
2016-07-15,561.589,575.698,561.589,571.526,18600
2016-07-18,569.899,577.366,569.023,577.366,14400
2016-07-19,576.666,580.679,569.857,570.692,14000
2016-07-20,570.692,574.864,570.5,570.7,11200
2016-07-21,570.809,575.698,569.857,571.568,10600
2016-07-22,571.426,581.555,571.084,581.555,20100
2016-07-25,580.095,583.215,577.367,578.701,8900
2016-07-26,577.967,579.786,571.526,577.508,8200
2016-07-27,578.343,582.373,575.698,582.373,19100
2016-07-28,584.033,594.371,582.448,594.371,32900
2016-07-29,595.03,596.54,582.373,584.05,26300
2016-08-02,581.446,594.053,581.446,588.63,32300
2016-08-03,587.162,588.221,584.041,588.213,23500
2016-08-04,591.308,599.894,588.63,596.556,34800
2016-08-05,598.367,609.063,597.391,605.376,25500
2016-08-08,607.403,608.379,599.435,604.591,29700
2016-08-09,606.686,607.545,598.901,601.888,35200
2016-08-10,601.696,605.042,599.043,602.18,21000
2016-08-11,603.941,613.168,603.031,608.346,19400
2016-08-12,609.572,613.36,606.56,612.234,17100
2016-08-15,612.568,614.078,607.261,610.891,14500
2016-08-16,609.113,611.341,604.9,609.072,16600
2016-08-17,610.407,610.407,607.403,608.863,14600
2016-08-18,609.105,609.697,604.908,604.908,12200
2016-08-19,605.25,606.569,599.894,603.231,18600
2016-08-22,605.067,607.561,594.904,598.434,23200
2016-08-23,596.606,599.001,591.342,597.391,34500
2016-08-24,596.556,602.564,594.245,602.564,20300
2016-08-25,602.606,602.606,594.888,600.203,18900
2016-08-26,599.068,606.569,598.234,604.808,14000
2016-08-29,608.237,622.997,608.237,622.997,25600
2016-08-30,621.086,621.754,617.415,617.841,25700
2016-08-31,619.893,622.588,613.243,619.267,89500
2016-09-01,616.03,631.766,615.463,629.096,41300
2016-09-02,628.253,629.129,619.501,623.815,19500
2016-09-06,623.815,628.27,618.216,622.58,36700
2016-09-07,622.58,635.103,622.58,631.966,36500
2016-09-08,633.259,634.519,627.336,631.499,24300
2016-09-09,631.516,631.516,620.402,621.095,26600
2016-09-12,619.943,622.354,608.613,608.613,25300
2016-09-13,610.073,623.306,609.355,620.752,42600
2016-09-14,621.161,626.668,614.169,616.873,28200
2016-09-15,615.938,629.93,615.938,619.084,33900
2016-09-16,624.09,632.684,617.824,626.017,58100
2016-09-19,627.336,629.455,624.824,625.759,26200
2016-09-20,625.759,639.659,625.759,638.207,32900
2016-09-21,638.983,639.108,632.892,634.936,25400
2016-09-22,634.936,636.38,630.765,633.226,17200
2016-09-23,633.226,635.287,621.587,625.759,27700
2016-09-26,625.758,625.758,619.084,619.084,29200
2016-09-27,621.12,636.505,621.12,633.977,42100
2016-09-28,633.067,634.102,628.262,630.957,15000
2016-09-29,630.765,634.686,625.759,630.256,23400
2016-09-30,627.552,646.534,624.924,641.378,84400
2016-10-03,641.377,648.661,633.768,636.146,16800
2016-10-04,638.274,638.274,627.427,628.103,26000
2016-10-05,628.103,630.239,625.767,629.171,27300
2016-10-06,627.436,627.436,604.9,606.953,34500
2016-10-07,607.019,614.453,604.024,606.827,21500
2016-10-11,606.569,612.159,602.013,608.062,31600
2016-10-12,608.062,615.746,608.062,612.209,24500
2016-10-13,610.256,614.245,598.225,602.055,29500
2016-10-14,601.571,609.397,600.378,600.953,20900
2016-10-17,604.408,607.228,603.231,606.243,23400
2016-10-18,609.372,612.484,602.964,607.069,39200
2016-10-19,608.646,614.086,606.068,610.707,19400
2016-10-20,608.546,609.13,597.524,598.05,27900
2016-10-21,599.068,604.024,594.888,596.707,14700
2016-10-24,597.599,597.608,588.881,589.798,17300
2016-10-25,588.213,590.174,585.71,587.796,29600
2016-10-26,590.382,590.749,586.92,588.63,19800
2016-10-27,588.63,591.317,584.041,586.603,30200
2016-10-28,585.919,589.556,577.367,579.286,26700
2016-10-31,579.285,580.595,570.358,573.153,29400
2016-11-01,574.53,574.538,555.807,556.925,39800
2016-11-02,557.017,561.189,551.46,560.246,34100
2016-11-03,563.6,578.71,561.923,576.374,72300
2016-11-04,573.704,577.784,567.655,577.784,27800
2016-11-07,580.253,587.679,579.936,586.152,43300
2016-11-08,586.119,590.424,583.165,586.711,25400
2016-11-09,583.065,587.395,581.547,582.373,23500
2016-11-10,582.381,582.381,549.708,550.467,40000
2016-11-11,554.247,559.829,532.337,533.146,66600
2016-11-14,538.152,539.913,521.466,524.511,66500
2016-11-15,530.318,530.635,517.527,518.695,48500
2016-11-16,520.731,521.465,500.09,504.695,98500
2016-11-17,509.017,510.619,492.097,492.489,121200
2016-11-18,494.7,497.269,491.387,491.429,84200
2016-11-21,492.263,506.472,490.186,504.795,71300
2016-11-22,508.116,526.405,505.63,523.843,99400
2016-11-23,531.478,531.478,518.003,523.476,58800
2016-11-24,525.796,526.972,518.128,518.128,14100
2016-11-25,520.639,525.429,515.625,515.625,25900
2016-11-28,520.723,524.828,519.797,522.592,56000
2016-11-29,522.734,533.246,522.734,531.478,51700
2016-11-30,528.975,532.579,527.314,532.579,76700
2016-12-01,534.89,534.898,518.962,531.978,74700
2016-12-02,533.847,535.482,517.394,519.013,63500
2016-12-05,519.605,525.746,518.128,523.368,39600
2016-12-06,525.712,525.712,515.417,515.9,57800
2016-12-07,517.294,518.387,514.04,514.516,34400
2016-12-08,520.723,520.723,507.282,508.099,29400
2016-12-09,509.876,509.876,503.944,505.421,50400
2016-12-12,508.617,508.617,497.436,498.179,56100
2016-12-13,500.599,500.707,492.18,500.34,44700
2016-12-14,499.772,501.308,494.766,499.172,31900
2016-12-15,500.19,504.779,497.119,504.779,48600
2016-12-16,504.779,514.791,502.442,512.663,48800
2016-12-19,510.619,511.437,488.926,504.779,190200
2016-12-20,512.288,532.312,512.288,529.809,121400
2016-12-21,531.378,557.584,531.378,555.674,115500
2016-12-22,558.243,564.851,552.336,557.576,77600
2016-12-23,558.953,558.953,547.881,550.401,61800
2016-12-28,550.409,554.355,538.995,540.213,48900
2016-12-29,541.49,547.722,540.655,540.889,35300
2016-12-30,543.968,548.857,539.771,541.073,31500
2017-01-03,541.59,550.192,540.864,550.192,31500
2017-01-04,553.696,553.696,542.324,546.079,36800
2017-01-05,546.496,546.496,540.322,542.282,54800
2017-01-06,542.115,543.133,533.981,535.624,71400
2017-01-09,541.556,542.307,528.949,530.176,64400
2017-01-10,530.41,532.738,522.717,528.274,56800
2017-01-11,528.274,531.169,520.706,527.131,55900
2017-01-12,529.817,530.501,514.407,518.061,66500
2017-01-13,513.214,517.152,512.271,513.973,55800
2017-01-16,516.434,521.549,513.13,517.302,12700
2017-01-17,526.99,526.99,516.71,517.903,53900
2017-01-18,519.915,522.438,512.328,515.934,57100
2017-01-19,518.193,525.013,515.61,522.643,54600
2017-01-20,525.831,528.951,517.878,520.716,57300
2017-01-23,524.169,529.761,516.982,528.857,90100
2017-01-24,528.695,533.46,525.635,525.788,79300
2017-01-25,526.061,526.07,519.148,524.612,84000
2017-01-26,526.956,531.295,522.114,530.63,58800
2017-01-27,528.533,532.787,524.262,525.388,53600
2017-01-30,525.388,532.906,524.194,526.786,59000
2017-01-31,526.581,526.581,517.877,518.295,68900
2017-02-01,520,525.695,515.917,525.115,57600
2017-02-02,524.868,525.115,516.053,519.685,57800
2017-02-03,518.926,525.166,518.295,525.021,44900
2017-02-06,525.984,532.838,523.384,529.377,51600
2017-02-07,529.556,531.926,522.617,527.246,39600
2017-02-08,527.374,530.289,519.148,530.289,45600
2017-02-09,530.23,530.23,525.285,526.402,28800
2017-02-10,527.579,529.079,523.947,528.857,30200
2017-02-13,527.937,529.036,523.41,523.794,33300
2017-02-14,526.811,530.34,522.557,525.848,38500
2017-02-15,528.542,532.787,528.405,532.787,42100
2017-02-16,532.778,539.973,531.935,537.859,34400
2017-02-17,524.262,529.079,518.304,526.82,92000
2017-02-21,525.234,526.726,520.469,523.794,72200
2017-02-22,522.984,526.99,519.659,522.984,80300
2017-02-23,524.603,524.697,517.451,518.517,33200
2017-02-24,520.009,522.575,511.74,511.74,55600
2017-02-27,514.732,519.148,512.2,516.479,72500
2017-02-28,516.479,521.569,509.771,509.771,80900
2017-03-01,514.195,524.262,514.033,521.62,57300
2017-03-02,518.295,526.82,516.59,523.768,44000
2017-03-03,523.555,527.86,521.876,527.86,62500
2017-03-06,525.967,531.108,524.399,529.514,35200
2017-03-07,530.289,535.242,525.984,533.137,35800
2017-03-08,531.082,534.194,528.525,534.194,25200
2017-03-09,535.336,540.451,533.836,534.074,44700
2017-03-10,534.134,539.308,531.935,532.796,28300
2017-03-13,532.795,538.66,531.934,533.691,82700
2017-03-14,533.682,537.049,533.571,535.771,53900
2017-03-15,535.771,537.015,533.648,534.441,35200
2017-03-16,537.74,537.74,526.564,528.695,32500
2017-03-17,531.483,531.483,526.82,526.939,67700
2017-03-20,525.967,533.29,525.967,532.762,36100
2017-03-21,531.091,534.142,525.694,528.184,40400
2017-03-22,528.081,532.02,526.828,530.238,27500
2017-03-23,528.525,529.369,526.334,528.081,15200
2017-03-24,529.028,532.259,525.123,525.251,35100
2017-03-27,523.99,530.494,522.728,528.891,48600
2017-03-28,527.672,533.853,526.948,533.29,31700
2017-03-29,532.02,536.154,525.882,525.882,33900
2017-03-30,526.104,528.712,525.405,528.542,23200
2017-03-31,526.351,527.374,515.908,515.908,46400
2017-04-03,517.519,524.262,517.519,522.992,37500
2017-04-04,524.262,527.348,524.262,526.198,40800
2017-04-05,526.82,532.531,517.443,518.082,46400
2017-04-06,519.966,522.958,518.9,522.515,37400
2017-04-07,523.41,523.41,518.73,520.87,16600
2017-04-10,523.393,526.462,517.016,521.151,39700
2017-04-11,521.569,523.708,516.735,523.274,30100
2017-04-12,524.254,526.351,521.901,522.327,32600
2017-04-13,522.327,526.803,519.983,519.992,18000
2017-04-17,522.063,527.178,521.032,525.123,23800
2017-04-18,526.828,528.619,520.367,520.367,42400
2017-04-19,522.072,522.072,515.738,516.215,42400
2017-04-20,517.877,520.426,517.051,518.261,21500
2017-04-21,519.344,523.197,517.613,523.197,28100
2017-04-24,523.657,529.096,523.657,527.672,52600
2017-04-25,526.01,534.492,526.01,533.145,56500
2017-04-26,534.841,535.702,530.23,530.23,28200
2017-04-27,534.142,534.142,527.442,527.442,38500
2017-04-28,529.045,532.617,523.419,531.935,58600
2017-05-01,531.892,531.892,526.001,528.687,28800
2017-05-02,528.772,528.942,526.939,526.939,28200
2017-05-03,529.164,531.926,525.797,527.851,45400
2017-05-04,529.266,531.27,525.967,526.036,33500
2017-05-05,528.312,530.588,527.655,529.556,27500
2017-05-08,529.556,530.997,527.544,527.672,21300
2017-05-09,528.533,529.352,514.8,516.59,35100
2017-05-10,518.355,519.31,512.515,516.658,62500
2017-05-11,520.009,522.217,515.295,516.59,48700
2017-05-12,516.59,518.841,514.681,518.466,33300
2017-05-15,517.443,523.836,517.443,523.367,42700
2017-05-16,523.367,525.524,518.295,518.295,41200
2017-05-17,518.295,519.472,509.003,511.407,66700
2017-05-18,510.384,512.302,502.099,508.245,58500
2017-05-19,508.876,512.141,507.324,510.819,74500
2017-05-23,511.041,514.459,509.259,512.95,42600
2017-05-24,512.337,520.725,511.902,520.725,45900
2017-05-25,519.821,525.967,516.164,521.219,42300
2017-05-26,521.978,523.427,516.59,519.386,25500
2017-05-29,519.148,519.574,517.443,517.443,5600
2017-05-30,519.378,522.072,516.164,516.599,26100
2017-05-31,517.357,517.357,503.539,505.244,87000
2017-06-01,505.508,510.112,503.931,505.67,35000
2017-06-02,505.508,511.049,502.951,509.771,33200
2017-06-05,509.779,512.541,503.855,505.295,37300
2017-06-06,503.803,503.803,496.984,502.508,37700
2017-06-07,502.099,509.626,499.251,506.83,43800
2017-06-08,509.958,512.95,506.361,509.771,137100
2017-06-09,509.779,510.35,499.089,499.089,40100
2017-06-12,499.558,501.723,494.128,494.938,35000
2017-06-13,496.063,496.063,485.134,486.157,78900
2017-06-14,488.024,492.167,482.04,486.746,68100
2017-06-15,484.981,485.902,478.494,479.329,65000
2017-06-16,480.361,484.197,477.377,481.844,105100
2017-06-19,484.325,485.356,477.377,478.681,77200
2017-06-20,477.667,479.798,474.931,475.067,83400
2017-06-21,475.391,475.894,471.112,475.894,68500
2017-06-22,473.788,479.415,470.967,475.988,99000
2017-06-23,476.832,477.94,473.967,475.485,66800
2017-06-26,473.967,475.527,472.689,473.754,77900
2017-06-27,474.394,475.076,467.105,471.768,148300
2017-06-28,472.177,482.671,470.558,481.64,115000
2017-06-29,483.532,487.683,478.468,484.257,167400
2017-06-30,484.197,484.35,477.377,479.091,201800
2017-07-04,477.215,496.711,473.967,488.86,119600
2017-07-05,493.881,495.671,481.648,481.648,496200
2017-07-06,484.197,484.623,470.566,472.825,324500
2017-07-07,476.525,480.787,474.82,479.082,192200
2017-07-10,478.255,486.609,478.247,486.311,252900
2017-07-11,484.563,490.164,484.197,488.459,90100
2017-07-12,489.721,490.786,487.453,487.607,195900
2017-07-13,488.041,489.738,487.18,487.913,80400
2017-07-14,487.735,487.735,482.441,485.902,66700
2017-07-17,487.59,489.465,484.862,488.05,44000
2017-07-18,486.754,488.689,484.691,487.342,39300
2017-07-19,488.118,491.306,487.274,489.107,36400
2017-07-20,490.317,493.301,488.178,488.86,32500
2017-07-21,489.312,489.312,479.935,479.935,51800
2017-07-24,480.821,488.459,480.156,486.754,64900
2017-07-25,489.278,502.908,489.133,500.334,124800
2017-07-26,502.678,503.164,499.311,501.971,64900
2017-07-27,503.795,506.48,502.32,503.343,67700
2017-07-28,503.198,505.892,501.919,504.042,42000
2017-07-31,509.259,509.941,502.525,506.796,58500
2017-08-01,509.029,509.984,504.093,505.977,40900
2017-08-02,508.066,510.401,506.514,510.188,60000
2017-08-03,510.188,513.939,508.935,511.314,71400
2017-08-04,515.465,524.663,508.066,522.728,53000
2017-08-08,522.728,524.015,510.674,510.742,58900
2017-08-09,511.68,513.487,506.855,509.165,41300
2017-08-10,508.066,512.771,502.951,510.947,62000
2017-08-11,510.453,514.033,508.159,512.081,61200
2017-08-14,512.694,514.246,506.932,507.222,28700
2017-08-15,508.168,513.3,507.784,509.344,35100
2017-08-16,508.151,511.731,505.994,509.344,30600
2017-08-17,509.779,511.902,507.435,507.435,25600
2017-08-18,507.315,508.228,501.621,501.621,25700
2017-08-21,504.11,507.827,502.951,505.508,24700
2017-08-22,506.361,514.928,506.361,513.453,37500
2017-08-23,512.618,517.443,512.618,516.846,38000
2017-08-24,528.525,544.193,525.379,542.693,97100
2017-08-25,542.505,543.426,538.192,540.459,72600
2017-08-28,539.683,542.036,535.336,542.036,35400
2017-08-29,538.746,546.853,538.729,543.017,78700
2017-08-30,542.164,556.562,541.38,554.371,62100
2017-08-31,554.371,556.042,543.34,553.314,78900
2017-09-01,554.073,554.073,538.413,539.556,50500
2017-09-05,537.041,542.224,532.778,532.787,62500
2017-09-06,533.085,534.236,526.837,530.255,51600
2017-09-07,532.25,536.904,524.262,524.663,130100
2017-09-08,525.533,525.618,504.75,508.168,77700
2017-09-11,513.7,523.453,508.074,508.986,44200
2017-09-12,511.808,516.062,509.191,511.697,39500
2017-09-13,515.252,537.774,514.971,534.373,74600
2017-09-14,533.861,534.484,524.706,531.082,57000
2017-09-15,527.851,545.463,527.826,539.078,106300
2017-09-18,537.902,540.28,537.049,537.126,32300
2017-09-19,538.703,544.935,534.594,538.754,41400
2017-09-20,536.58,549.836,536.316,548.063,80800
2017-09-21,547.628,547.628,537.671,541.635,73400
2017-09-22,540.468,543.213,537.68,541.312,58800
2017-09-25,541.295,542.275,527.348,530.971,44700
2017-09-26,532.395,541.763,529.94,532.966,44700
2017-09-27,529.403,539.155,529.403,538.456,103500
2017-09-28,541.371,543.519,538.567,539.76,38600
2017-09-29,540.971,555.479,540.834,553.527,61000
2017-10-02,556.647,556.647,549.188,551.081,34400
2017-10-03,550.757,553.127,548.984,549.836,25000
2017-10-04,549.828,555.377,548.131,550.689,44000
2017-10-05,553.246,556.238,552.743,554.951,43000
2017-10-06,552.615,555.556,551.797,554.081,32900
2017-10-10,555.795,555.795,547.978,549.99,43600
2017-10-11,549.708,550.262,547.321,549.836,43000
2017-10-12,549.095,550.791,548.131,549.274,37800
2017-10-13,550.655,550.655,548.131,548.336,36400
2017-10-16,548.131,553.502,547.611,547.739,32800
2017-10-17,550.331,554.184,549.001,553.059,33000
2017-10-18,551.643,558.361,550.092,550.092,55100
2017-10-19,549.291,554.951,549.18,552.001,36700
2017-10-20,552.019,559.64,552.019,557.091,34600
2017-10-23,555.82,562.146,555.82,561.575,38100
2017-10-24,561.353,567.09,557.423,558.574,50400
2017-10-25,555.752,556.801,544.722,545.574,53700
2017-10-26,548.447,567.15,546.409,566.391,62700
2017-10-27,566.587,576.501,566.033,576.501,58200
2017-10-30,575.879,580.891,571.233,575.393,46900
2017-10-31,576.041,581.616,574.489,579.169,66900
2017-11-01,580.44,595.281,577.967,592.672,61400
2017-11-02,592.672,602.569,590.754,593.439,135600
2017-11-03,585.691,589.552,569.255,575.188,84200
2017-11-06,577.626,580.721,575.589,577.115,21900
2017-11-07,577.626,583.082,577.464,582.656,23400
2017-11-08,581.965,600.702,581.965,597.344,49300
2017-11-09,592.638,595.528,584.966,591.794,41600
2017-11-10,589.902,591.658,578.82,580.064,36700
2017-11-13,577.967,579.527,570.406,573.722,28100
2017-11-14,573.722,586.245,572.52,578.965,27900
2017-11-15,578.965,582.86,574.242,576.032,29900
2017-11-16,579.246,584.548,579.246,580.525,21800
2017-11-17,580.397,581.718,572.085,578.394,32500
2017-11-20,579.672,588.274,579.672,583.184,19200
2017-11-21,587.958,590.004,576.961,582.179,39300
2017-11-22,582.238,591.18,581.386,591.061,19500
2017-11-23,589.049,589.885,582.673,585.384,3200
2017-11-24,585.384,587.097,585.06,586.586,5700
2017-11-27,588.18,596.722,585.614,586.688,29600
2017-11-28,586.688,590.456,579.485,581.599,34000
2017-11-29,579.476,595.315,579.476,594.778,21100
2017-11-30,594.164,604.385,583.091,604.385,74100
2017-12-01,600.131,600.131,583.338,586.492,35300
2017-12-04,589.058,591.189,582.886,583.236,19700
2017-12-05,585.614,587.344,581.812,583.508,26100
2017-12-06,581.377,586.79,580.098,580.098,32900
2017-12-07,582.622,583.244,567.746,572.307,52100
2017-12-08,574.984,575.223,572,573.748,45400
2017-12-11,575.376,575.376,569.545,570.858,19300
2017-12-12,573.279,573.552,569.92,569.92,37600
2017-12-13,572.324,572.426,563.953,565.803,31600
2017-12-14,564.336,579.757,561.66,570.73,40600
2017-12-15,570.73,573.995,565.692,568.59,107600
2017-12-18,569.528,569.528,564.669,565.598,36300
2017-12-19,567.934,568.002,565.274,566.885,57400
2017-12-20,568.923,572.426,566.621,570.704,23700
2017-12-21,571.318,571.744,565.777,567.627,32400
2017-12-22,569.119,569.119,566.22,567.738,8800
2017-12-27,568.803,568.803,563.22,566.169,11500
2017-12-28,568.079,570.27,566.323,570.27,24100
2017-12-29,569.767,570.696,566.809,570.585,14900
2018-01-02,570.781,570.781,563.569,567.729,12400
2018-01-03,566.118,567.576,559.426,561.089,24600
2018-01-04,562.018,562.708,547.39,549.316,56000
2018-01-05,549.836,554.601,549.614,551.848,31100
2018-01-08,552.666,555.377,551.234,552.189,35800
2018-01-09,554.09,558.207,545.574,547.492,50900
2018-01-10,548.14,559.631,547.969,554.951,61700
2018-01-11,553.178,563.348,553.178,563.237,59800
2018-01-12,562.521,567.593,557.074,560.006,48700
2018-01-15,561.634,568.309,560.492,568.309,15900
2018-01-16,569.161,572.682,566.067,569.17,41400
2018-01-17,575.897,576.818,568.966,573.457,46100
2018-01-18,572.432,574.881,569.826,572.901,43200
2018-01-19,571.589,574.699,570.694,572.553,39200
2018-01-22,571.667,575.489,571.667,575.489,40500
2018-01-23,578.043,589.509,577.644,589.153,38900
2018-01-24,588.119,588.215,573.248,575.298,27700
2018-01-25,577.635,584.315,576.775,584.315,21500
2018-01-26,581.865,584.193,577.73,580.823,21400
2018-01-29,580.197,580.197,571.554,571.824,26500
2018-01-30,569.826,569.826,557.674,561.139,40400
2018-01-31,559.871,563.467,553.6,562.008,35000
2018-02-01,562.008,562.008,555.068,557.066,33200
2018-02-02,554.225,560.253,554.095,555.71,19400
2018-02-05,553.878,556.64,543.767,545.513,45800
2018-02-06,543.958,546.868,535.628,535.628,39500
2018-02-07,537.669,547.241,533.855,543.784,54100
2018-02-08,540.301,551.202,540.301,544.114,25900
2018-02-09,542.142,555.919,538.425,549.891,40400
2018-02-12,557.665,561.635,552.453,557.387,33800
2018-02-13,556.796,557.665,547.302,552.14,26100
2018-02-14,552.966,553.834,545.417,547.18,50600
2018-02-15,548.127,548.909,545.339,546.373,38600
2018-02-16,549.708,554.008,546.008,546.373,67400
2018-02-20,546.381,573.3,545.843,560.644,71800
2018-02-21,562.521,578.512,562.521,569.044,47000
2018-02-22,569.079,577.331,557.786,559.576,48700
2018-02-23,562.503,565.483,558.542,559.402,28200
2018-02-26,560.358,564.136,558.429,562.017,19800
2018-02-27,561.157,562.512,552.453,558.534,53300
2018-02-28,558.716,558.716,539.701,544.774,96300
2018-03-01,545.799,564.119,544.722,555.71,44600
2018-03-02,553.678,563.962,538.564,562.521,49700
2018-03-05,560.271,565.022,558.099,559.402,45600
2018-03-06,558.151,563.745,558.117,563.745,50800
2018-03-07,562.008,563.224,549.83,549.83,46500
2018-03-08,554.729,564.822,553.834,563.745,43600
2018-03-09,565.795,567.22,562.338,563.745,36500
2018-03-12,562.894,565.144,557.152,562.772,31300
2018-03-13,560.279,563.745,554.19,560.271,41200
2018-03-14,560.01,560.01,554.477,557.978,32500
2018-03-15,556.796,558.03,549.031,549.395,55400
2018-03-16,549.456,560.731,549.456,560.731,96700
2018-03-19,557.665,557.665,552.453,552.453,51100
2018-03-20,552.809,555.076,552.253,554.199,54000
2018-03-21,555.32,562.008,551.445,552.045,83900
2018-03-22,550.976,553.521,545.33,547.128,47500
2018-03-23,547.267,555.693,542.359,542.933,39500
2018-03-26,546.416,557.248,545.782,555.928,79300
2018-03-27,553.912,558.351,550.785,550.976,38200
2018-03-28,552.497,562.13,547.78,558.447,53100
2018-03-29,563.745,569.418,561.209,567.281,91300
2018-04-02,566.673,573.3,563.815,570.703,31100
2018-04-03,571.615,577.644,552.019,559.767,70700
2018-04-04,559.42,573.743,556.536,559.845,58300
2018-04-05,562.781,574.699,561.139,568.089,52700
2018-04-06,567.22,577.218,566.351,568.028,46400
2018-04-09,570.269,585.904,569.826,580.449,43800
2018-04-10,581.214,583.559,568.957,572.866,55200
2018-04-11,572.866,583.524,572.432,572.97,39400
2018-04-12,574.612,582.195,574.612,577.887,31200
2018-04-13,579.528,588.137,579.528,586.33,43100
2018-04-16,586.278,590.525,579.885,584.593,74400
2018-04-17,584.949,585.991,576.827,580.779,38200
2018-04-18,582.134,585.122,580.249,583.324,37000
2018-04-19,582.855,585.765,578.564,582.916,40300
2018-04-20,581.961,586.86,581.118,582.855,39800
2018-04-23,585.956,590.847,585.027,590.847,58400
2018-04-24,590.89,602.877,586.582,586.842,50900
2018-04-25,579.181,595.815,579.181,592.445,49100
2018-04-26,591.186,613.344,591.186,609.783,100300
2018-04-27,604.111,627.686,604.111,626.252,38300
2018-04-30,627.677,629.327,617.184,617.453,47800
2018-05-01,615.004,625.08,615.004,621.379,24800
2018-05-02,621.362,625.418,609.783,614.587,84700
2018-05-03,607.203,622.118,607.203,622.118,37200
2018-05-04,623.516,629.414,607.968,612.389,29400
2018-05-07,612.389,617.766,609.905,617.766,15400
2018-05-08,614.847,622.804,614.274,618.826,29100
2018-05-09,621.084,623.907,613.292,617.601,21600
2018-05-10,618.747,624.602,616.732,622.352,38100
2018-05-11,626.061,627.686,614.456,618.652,34000
2018-05-14,617.609,623.664,613.553,618.218,23200
2018-05-15,615.004,630.552,615.004,624.915,55800
2018-05-16,624.55,624.55,614.969,617.879,35100
2018-05-17,619.859,620.207,613.258,619.338,26100
2018-05-18,618.947,618.947,612.389,615.012,25600
2018-05-22,611.955,641.784,611.955,640.88,57900
2018-05-23,638.014,645.258,628.024,633.097,41800
2018-05-24,633.749,639.178,626.287,632.142,58800
2018-05-25,627.599,631.195,622.578,623.681,23000
2018-05-28,623.247,623.247,616.732,616.732,5600
2018-05-29,616.732,618.009,607.438,612.389,23500
2018-05-30,613.093,622.274,613.093,621.075,29700
2018-05-31,619.772,633.297,616.793,632.385,68100
2018-06-01,638.448,641.315,623.681,627.147,65300
2018-06-04,627.147,627.147,612.285,615.108,52100
2018-06-05,618.912,630.24,618.912,630.24,46600
2018-06-06,632.22,632.22,621.075,627.486,38600
2018-06-07,625.375,649.384,625.375,649.384,61400
2018-06-08,640.307,644.65,625.332,644.65,41400
2018-06-11,640.185,644.815,633.497,639.43,107000
2018-06-12,637.614,651.035,632.811,650.965,60200
2018-06-13,650.791,659.955,644.685,653.649,55300
2018-06-14,653.945,664.177,645.302,660.286,49700
2018-06-15,656.698,685.25,654.961,673.359,98500
2018-06-18,670.831,677.537,667.634,671.439,48000
2018-06-19,668.607,668.607,656.854,659.539,59600
2018-06-20,660.954,665.298,647.048,650.053,48400
2018-06-21,651.034,654.44,644.007,645.536,30000
2018-06-22,647.925,653.137,647.925,652.781,27100
2018-06-25,651.356,651.356,639.994,641.124,51100
2018-06-26,642.861,652.233,641.349,642.687,52100
2018-06-27,644.39,649.662,641.054,646.822,43200
2018-06-28,645.519,646.917,640.846,642.166,62400
2018-06-29,643.035,647.899,635.842,639.89,55300
2018-07-03,640.976,653.302,635.877,644.086,30500
2018-07-04,643.469,646.179,641.714,646.179,4300
2018-07-05,645.962,645.962,628.459,628.884,120600
2018-07-06,630.266,633.844,623.681,627.069,42300
2018-07-09,628.928,634.105,628.832,628.893,41000
2018-07-10,630.378,631.89,622.552,624.541,65000
2018-07-11,622.804,624.576,614.986,619.06,72400
2018-07-12,621.51,625.332,620.207,625.089,25200
2018-07-13,625.071,629.762,622.813,626.6,17200
2018-07-16,627.486,629.762,623.942,627.59,18400
2018-07-17,626.018,629.762,605.892,608.046,81200
2018-07-18,608.028,609.792,602.261,604.137,72400
2018-07-19,603.711,606.282,601.184,603.746,31000
2018-07-20,605.874,621.683,603.564,621.683,52100
2018-07-23,621.006,634.009,619.338,630.066,82000
2018-07-24,628.954,634.696,619.633,621.944,40000
2018-07-25,624.385,626.921,615.698,624.559,25000
2018-07-26,626.904,633.019,624.741,628.893,27200
2018-07-27,628.893,636.103,621.084,622.135,39500
2018-07-30,630.378,636.98,623.03,634.27,21400
2018-07-31,630.517,641.063,628.137,638.448,57400
2018-08-01,647.03,647.03,633.957,636.728,24200
2018-08-02,634.105,637.988,627.156,636.928,19800
2018-08-03,636.928,639.925,624.55,625.436,46800
2018-08-07,624.498,627.156,608.237,608.914,87500
2018-08-08,613.883,626.131,610.078,624.159,93600
2018-08-09,625.419,629.006,616.567,622.595,24500
2018-08-10,623.247,625.28,616.628,617.601,16600
2018-08-13,618.443,624.628,618.443,621.779,11800
2018-08-14,624.559,628.276,620.98,622.995,17400
2018-08-15,620.632,628.459,616.741,627.807,22400
2018-08-16,627.807,630.535,623.786,628.806,29500
2018-08-17,630.17,636.138,622.761,636.138,29000
2018-08-20,633.914,633.914,623.238,624.402,22300
2018-08-21,621.171,633.888,619.338,619.338,21300
2018-08-22,618.904,621.405,614.126,615.638,29200
2018-08-23,616.88,622.361,614.934,619.338,17100
2018-08-24,621.918,626.782,616.532,621.944,23200
2018-08-27,621.944,623.881,615.829,616.029,12700
2018-08-28,618.556,618.556,613.214,614.7,13000
2018-08-29,614.7,621.51,604.771,612.528,43800
2018-08-30,612.389,626.122,612.389,620.945,31000
2018-08-31,618.713,626.331,618.687,622.344,44000
2018-09-04,622.378,623.056,611.659,614.674,37400
2018-09-05,618,618,599.524,599.524,36600
2018-09-06,603.268,607.386,599.36,604.484,19000
2018-09-07,602.321,604.997,593.713,602.087,30000
2018-09-10,603.711,604.745,595.798,595.798,24200
2018-09-11,595.06,597.188,588.97,595.911,50800
2018-09-12,597.101,600.376,592.445,600.089,28600
2018-09-13,598.491,601.922,596.754,599.794,21000
2018-09-14,601.505,606.057,601.192,603.703,9800
2018-09-17,603.711,603.711,594.573,601.531,30400
2018-09-18,601.262,609.279,598.691,608.767,22200
2018-09-19,608.567,608.567,592.784,595.867,54700
2018-09-20,598.908,600.654,595.051,598.621,39200
2018-09-21,597.761,598.221,590.682,592.966,76400
2018-09-24,593.618,609.783,593.618,609.349,29400
2018-09-25,609.436,609.436,601.757,602.461,30400
2018-09-26,600.906,618.244,600.906,618.244,44400
2018-09-27,617.401,619.851,606.274,609.957,46100
2018-09-28,608.48,613.518,606.56,609.557,39300
2018-10-01,612.823,612.936,595.008,597.622,32300
2018-10-02,596.589,605.544,595.103,601.114,36100
2018-10-03,600.688,609.088,598.543,600.654,28900
2018-10-04,600.601,604.215,594.347,595.025,38900
2018-10-05,591.55,601.818,589.361,600.862,17300
2018-10-09,601.957,615.716,599.759,607.255,46500
2018-10-10,607.959,611.069,582.873,584.306,39900
2018-10-11,584.306,584.306,563.398,570.156,64900
2018-10-12,574.603,581.552,568.844,575.011,30800
2018-10-15,575.802,579.563,568.523,569.6,25700
2018-10-16,573.378,578.712,570.738,573.795,23600
2018-10-17,577.305,579.798,564.623,567.802,33800
2018-10-18,569.157,583.029,567.428,576.149,45300
2018-10-19,580.423,582.768,560.497,563.485,73300
2018-10-22,558.568,562.008,539.458,541.43,114100
2018-10-23,541.222,549.387,532.561,546.433,70500
2018-10-24,540.7,543.862,529.651,533.777,36400
2018-10-25,530.112,540.388,530.112,534.351,36100
2018-10-26,534.29,537.765,528.149,536.574,29100
2018-10-29,537.704,546.103,537.704,543.871,25700
2018-10-30,543.558,547.241,538.624,547.241,29700
2018-10-31,547.05,558.898,547.05,555.667,36700
2018-11-01,556.857,559.55,542.907,544.635,35800
2018-11-02,544.635,544.635,529.869,532.04,56700
2018-11-05,534.872,545.452,534.212,539.649,46200
2018-11-06,539.319,547.936,539.319,547.241,41800
2018-11-07,547.702,551.793,542.029,546.711,51900
2018-11-08,546.555,549.326,537.174,539.328,35700
2018-11-09,536.991,548.292,536.991,543.949,46200
2018-11-12,539.554,547.224,538.555,540.509,29700
2018-11-13,540.614,544.097,534.107,536.6,51200
2018-11-14,538.555,538.555,529.217,531.78,47900
2018-11-15,530.859,532.639,523.997,524.162,67300
2018-11-16,529.417,533.343,528.131,530.737,42300
2018-11-19,527.514,533.204,523.189,525.96,28300
2018-11-20,525.934,525.934,520.383,524.744,21100
2018-11-21,525.534,526.542,513.364,516.266,77900
2018-11-22,522.251,534.438,519.653,528.131,11200
2018-11-23,525.534,536.818,525.525,536.818,19000
2018-11-26,532.544,538.72,517.734,521.191,57100
2018-11-27,518.463,523.692,517.456,522.259,21600
2018-11-28,521.608,532.648,521.434,531.18,27600
2018-11-29,530.398,534.776,529.686,533.499,24200
2018-11-30,530.937,547.241,530.937,545.66,59900
2018-12-03,546.659,558.447,546.659,558.264,72700
2018-12-04,557.274,561.139,549.873,553.382,40700
2018-12-05,553.382,559.272,538.572,539.432,16900
2018-12-06,536.618,541.691,534.212,540.353,36700
2018-12-07,539.867,548.84,532.501,533.343,31700
2018-12-10,532.474,536.079,526.107,530.042,32500
2018-12-11,533.699,537.547,522.919,523.58,42200
2018-12-12,525.96,534.646,518.845,529.868,39900
2018-12-13,533.213,535.914,515.97,518.576,40800
2018-12-14,518.411,518.411,502.272,510.098,60800
2018-12-17,507.614,509.021,497.277,499.353,54900
2018-12-18,499.501,505.442,495.201,497.295,59400
2018-12-19,497.937,509.308,495.297,495.436,57000
2018-12-20,496.217,513.069,494.263,508.856,56500
2018-12-21,508.161,515.51,491.64,492.743,87600
2018-12-24,494.142,508.934,494.142,506.91,28400
2018-12-27,501.203,514.685,496.209,507.684,53300
2018-12-28,510.95,526.194,509.516,512.756,58700
2018-12-31,513.225,522.867,513.147,522.033,33800
2019-01-02,521.295,529.877,519.445,524.691,36500
2019-01-03,530.068,530.068,505.373,506.798,52200
2019-01-04,510.376,523.527,510.376,517.534,46200
2019-01-07,517.186,521.834,498.276,503.766,144700
2019-01-08,505.225,521.851,505.225,521.851,135300
2019-01-09,529.773,529.773,515.058,521.182,113400
2019-01-10,520.878,524.118,516.535,521.182,111600
2019-01-11,521.851,527.176,519.01,526.203,58700
2019-01-14,525.621,542.898,525.23,542.542,108600
2019-01-15,542.273,547.476,533.404,533.404,57700
2019-01-16,538.094,550.143,538.094,548.301,72000
2019-01-17,557.24,560.186,546.726,548.607,39500
2019-01-18,550.115,561.197,550.115,553.07,59600
2019-01-21,553.656,557.631,552.768,555.43,11900
2019-01-22,556.06,568.464,543.204,549.663,46400
2019-01-23,554.188,559.52,544.526,550.107,37600
2019-01-24,553.318,554.215,540.879,546.593,42500
2019-01-25,549.76,552.768,545.697,551.854,42900
2019-01-28,550.453,556.22,546.353,547.782,44000
2019-01-29,551.73,563.416,551.73,555.439,61200
2019-01-30,557.24,559.396,545.67,555.989,55800
2019-01-31,558.882,560.053,548.918,551.482,58300
2019-02-01,552.759,557.746,544.508,545.342,44700
2019-02-04,551.588,555.759,548.03,553.789,51300
2019-02-05,556.992,573.034,555.359,571.827,53600
2019-02-06,565.27,576.636,565.27,574.959,57100
2019-02-07,570.319,574.95,567.408,572.475,99800
2019-02-08,571.064,573.167,565.155,568.677,94200
2019-02-11,569.192,569.626,559.192,565.137,47000
2019-02-12,564.951,573.202,564.303,573.202,107300
2019-02-13,575.172,575.287,565.199,568.189,31500
2019-02-14,563.416,570.709,553.106,553.106,97100
2019-02-15,551.89,588.419,551.89,577.736,52200
2019-02-19,578.268,587.035,565.19,569.041,101400
2019-02-20,569.413,592.012,568.162,590.176,50000
2019-02-21,588.88,589.279,576.05,580.203,30600
2019-02-22,581.17,590.309,580.992,584.071,25400
2019-02-25,585.606,591.569,579.573,586.387,34400
2019-02-26,586.174,589.528,580.362,584.018,30600
2019-02-27,574.072,583.92,574.072,580.788,16400
2019-02-28,580.593,583.459,576.858,578.082,42600
2019-03-01,580.194,581.161,572.306,573.575,30600
2019-03-04,577.958,580.283,565.589,567.861,36900
2019-03-05,567.737,570.54,559.068,560.869,43500
2019-03-06,561.854,574.542,560.31,571.969,53000
2019-03-07,565.66,572.732,562.715,563.904,31400
2019-03-08,569.041,569.795,564.667,566.29,24600
2019-03-11,563.575,567.612,562.528,566.823,24300
2019-03-12,566.823,568.26,562.129,568.127,30900
2019-03-13,566.743,568.819,547.445,551.934,70000
2019-03-14,551.189,555.359,548.341,548.341,30200
2019-03-15,547.782,547.782,538.288,540.382,87900
2019-03-18,543.408,543.408,538.696,538.962,30200
2019-03-19,545.44,547.232,531.19,532.361,51100
2019-03-20,532.397,537.055,526.39,528.919,59100
2019-03-21,527.046,535.893,527.046,533.177,26200
2019-03-22,531.456,537.676,528.599,529.034,83900
2019-03-25,529.744,535.067,528.555,531.563,50500
2019-03-26,528.892,533.497,528.892,529.495,32200
2019-03-27,530.17,532.618,523.329,527.925,53500
2019-03-28,528.546,536.238,526.434,535.538,28300
2019-03-29,531.598,551.748,531.598,549.219,81300
2019-04-01,551.57,553.425,540.346,544.197,47500
2019-04-02,546.478,550.337,544.02,545.573,32700
2019-04-03,544.588,550.426,540.772,545.67,56000
2019-04-04,547.48,547.48,535.458,535.458,49500
2019-04-05,536.629,542.733,534.633,542.733,20700
2019-04-08,536.043,546.114,536.043,541.198,25800
2019-04-09,541.198,543.878,535.715,537.445,38400
2019-04-10,540.781,550.107,540.781,549.344,84100
2019-04-11,547.454,550.497,544.739,547.445,24200
2019-04-12,548.563,549.956,541.34,543.017,48600
2019-04-15,542.307,553.656,542.307,549.175,27000
2019-04-16,549.663,553.94,543.479,550.107,19900
2019-04-17,554.259,560.63,548.785,559.84,34000
2019-04-18,558.979,559.902,550.506,559.902,24600
2019-04-22,559.6,564.267,549.885,550.204,29400
2019-04-23,553.398,553.398,546.433,550.124,37000
2019-04-24,553.114,558.19,549.335,556.557,35500
2019-04-25,553.86,558.092,553.407,556.034,31200
2019-04-26,557.391,561.446,554.543,561.446,32600
2019-04-29,558.997,564.995,558.979,564.995,28600
2019-04-30,564.303,572.288,562.191,566.858,44400
2019-05-01,570.514,572.288,566.459,571.401,30100
2019-05-02,574.498,574.498,566.61,571.845,34100
2019-05-03,567.852,570.957,557.746,565.19,47300
2019-05-06,561.073,568.375,558.092,568.34,39100
2019-05-07,568.233,568.34,559.529,561.331,36900
2019-05-08,561.295,566.965,554.632,556.672,30500
2019-05-09,556.868,559.361,552.307,555.776,31100
2019-05-10,555.75,556.291,545.67,547.347,64200
2019-05-13,549.698,553.443,544.783,552.369,33700
2019-05-14,552.981,552.981,546.398,551.233,30200
2019-05-15,548.714,554.348,547.436,547.826,33400
2019-05-16,547.977,550.541,545.227,545.732,45500
2019-05-17,545.732,545.732,541.731,542.307,66700
2019-05-21,543.452,544.881,539.459,542.52,66100
2019-05-22,541.056,550.32,535.715,546.469,55000
2019-05-23,539.725,543.896,532.361,539.734,49000
2019-05-24,535.254,543.008,533.692,538.696,32500
2019-05-27,536.824,544.526,536.824,544.526,10100
2019-05-28,543.008,551.996,542.982,550.107,51800
2019-05-29,549.317,552.946,548.332,548.935,26700
2019-05-30,549.184,552.502,548.856,550.994,20400
2019-05-31,552.742,553.176,546.797,550.107,45200
2019-06-03,548.359,550.098,543.763,549.308,28900
2019-06-04,549.973,555.838,544.934,553.531,40000
2019-06-05,551.961,557.382,551.375,554.987,20000
2019-06-06,557.542,563.016,549.37,562.085,32200
2019-06-07,560.958,564.64,558.784,561.969,27600
2019-06-10,559.725,561.641,555.794,558.083,20600
2019-06-11,557.231,566.077,557.231,564.303,17800
2019-06-12,563.487,565.465,559.866,562.803,20000
2019-06-13,563.992,569.476,563.992,569.023,23100
2019-06-14,568.047,572.279,560.088,561.934,50100
2019-06-17,561.49,569.289,561.49,566.867,34500
2019-06-18,568.038,571.401,564.303,569.626,30200
2019-06-19,569.609,587.629,567.852,574.444,50100
2019-06-20,576.725,584.009,574.817,582.013,40700
2019-06-21,581.516,581.915,577.612,581.161,75300
2019-06-24,576.725,583.353,574.338,576.831,44900
2019-06-25,579.386,581.161,572.847,574.631,53500
2019-06-26,575.003,583.752,573.14,582.439,103700
2019-06-27,581.534,583.494,575.651,578.863,28100
2019-06-28,578.277,578.508,567.737,570.301,26300
2019-07-02,569.431,570.842,561.836,563.912,31400
2019-07-03,564.134,573.167,563.416,573.167,18600
2019-07-04,569.626,575.474,569.626,569.635,9300
2019-07-05,569.644,574.205,565.634,570.203,19500
2019-07-08,567.559,568.588,562.679,562.679,22500
2019-07-09,563.38,569.05,563.38,566.823,20900
2019-07-10,570.123,572.279,564.693,569.005,23700
2019-07-11,567.852,567.852,558.979,559.6,33500
2019-07-12,562.094,562.094,552.236,553.931,34000
2019-07-15,555.324,561.481,555.324,559.068,21500
2019-07-16,560.674,562.954,546.948,553.7,36200
2019-07-17,554.552,557.489,552.36,554.8,8800
2019-07-18,554.534,560.088,551.704,552.183,20000
2019-07-19,553.176,553.886,550.08,550.107,11000
2019-07-22,550.124,554.17,549.929,550.87,19400
2019-07-23,550.994,554.543,544.96,547.604,18600
2019-07-24,548.332,550.985,542.911,548.332,28300
2019-07-25,549.184,549.219,543.363,547.045,120600
2019-07-26,547.8,550.08,545.28,548.332,23600
2019-07-29,548.385,549.574,546.859,548.572,30600
2019-07-30,549.832,549.965,544.313,545.812,16900
2019-07-31,545.191,545.191,537.942,542.52,53100
2019-08-01,539.468,543,533.55,539.663,40600
2019-08-02,543.842,546.602,542.6,543.922,35600
2019-08-06,545.661,546.345,527.481,531.678,48700
2019-08-07,535.564,538.075,531.518,534.384,22300
2019-08-08,534.384,541.403,533.816,539.459,37400
2019-08-09,540.471,543.008,534.979,537.516,27600
2019-08-12,537.374,538.891,530.56,532.805,86700
2019-08-13,530.604,537.206,530.596,534.801,23100
2019-08-14,533.248,533.248,515.503,518.165,61200
2019-08-15,519.052,522.229,514.341,514.979,32400
2019-08-16,516.044,523.693,516.044,519.052,24100
2019-08-19,519.957,525.032,517.952,519.212,32700
2019-08-20,518.342,524.021,516.373,518.875,34700
2019-08-21,519.629,521.927,516.586,519.514,37500
2019-08-22,519.105,521.501,517.278,520.543,20600
2019-08-23,520.827,527.197,515.193,516.337,44300
2019-08-26,524.367,524.367,510.179,515.583,46400
2019-08-27,516.87,522.388,513.037,515.21,58600
2019-08-28,513.755,523.826,513.755,523.444,40000
2019-08-29,522.832,529.699,522.299,527.41,53000
2019-08-30,526.159,530.081,524.775,526.372,41400
2019-09-03,522.539,525.263,513.312,514.119,46900
2019-09-04,514.882,525.263,514.882,522.3,30700
2019-09-05,525.041,531.829,521.27,525.165,45600
2019-09-06,524.917,529.699,521.732,522.619,25800
2019-09-09,520.969,527.561,520.969,525.733,17200
2019-09-10,526.825,526.825,522.131,525.636,25300
2019-09-11,524.438,532.361,522.388,529.957,52900
2019-09-12,533.248,533.248,526.603,527.756,34900
2019-09-13,528.368,532.53,523.897,527.597,21000
2019-09-16,527.419,528.572,520.596,521.261,36600
2019-09-17,521.279,522.601,518.165,522.175,24900
2019-09-18,519.93,522.521,519.025,521.74,18500
2019-09-19,521.741,526.017,521.137,524.748,28400
2019-09-20,522.61,527.907,518.733,519.443,72300
2019-09-23,519.052,520.179,514.243,519.052,22600
2019-09-24,518.174,523.409,511.155,511.972,100100
2019-09-25,511.076,518.573,510.942,512.912,31400
2019-09-26,522.814,523.027,511.963,520.303,48800
2019-09-27,519.922,522.805,515.521,517.1,34700
2019-09-30,518.165,518.6,514.616,518.165,51100
2019-10-01,517.952,518.795,505.921,506.63,44200
2019-10-02,505.024,505.388,496.728,501.537,27700
2019-10-03,501.218,508.893,499.532,508.369,27800
2019-10-04,510.171,512.495,506.826,507.527,32200
2019-10-07,507.464,510.064,503.765,506.275,34200
2019-10-08,503.969,504.155,497.687,498.947,59000
2019-10-09,499.789,500.57,492.443,494.28,50300
2019-10-10,495.096,500.42,493.037,493.614,19900
2019-10-11,494.519,498.929,493.854,497.296,23400
2019-10-15,498.459,498.778,494.892,497.358,30300
2019-10-16,497.563,499.408,489.515,490.225,53900
2019-10-17,489.941,491.644,482.443,483.588,77200
2019-10-18,483.553,488.583,481.521,486.729,48000
2019-10-21,486.463,489.772,485.859,485.859,27100
2019-10-22,488.007,492.31,485.868,486.942,33800
2019-10-23,486.853,490.606,484.715,488.415,36900
2019-10-24,489.763,496.808,485.717,496.276,30600
2019-10-25,494.901,497.838,490.047,492.106,46500
2019-10-28,492.771,492.949,484.759,486.365,39400
2019-10-29,486.365,493.987,486.365,491.325,41500
2019-10-30,489.781,496.542,489.781,493.765,43800
2019-10-31,493.1,495.77,490.393,495.096,37300
2019-11-01,494.466,512.273,493.321,510.179,47800
2019-11-04,510.286,515.787,502.691,507.26,117200
2019-11-05,506.613,513.205,506.462,512.611,30000
2019-11-06,513.072,527.055,510.632,526.984,66600
2019-11-07,526.958,547.631,525.361,542.733,111000
2019-11-08,540.214,544.339,537.818,541.766,40500
2019-11-11,539.761,541.846,529.939,535.946,22600
2019-11-12,534.429,535.91,529.992,534.313,39500
2019-11-13,527.49,543.008,526.159,539.362,34800
2019-11-14,537.552,539.459,532.973,533.373,25700
2019-11-15,534.988,534.988,528.821,532.21,28100
2019-11-18,529.451,532.059,525.999,531.74,25400
2019-11-19,530.773,532.352,529.273,531.989,12300
2019-11-20,531.616,531.616,520.827,521.9,39500
2019-11-21,520.978,523.968,517.943,523.489,25500
2019-11-22,523.781,528.324,520.702,527.889,20800
2019-11-25,527.827,533.976,525.272,530.613,64500
2019-11-26,529.584,534.136,526.062,533.231,58100
2019-11-27,532.831,543.674,528.031,538.528,53000
2019-11-28,538.191,538.217,533.248,535.422,4200
2019-11-29,535.36,538.634,532.37,532.37,17400
2019-12-02,532.361,536.647,532.157,532.157,36900
2019-12-03,529.611,534.526,526.558,527.064,28900
2019-12-04,527.437,535.972,527.046,531.598,51000
2019-12-05,531.563,533.107,530.232,532.361,26500
2019-12-06,533.248,539.459,530.587,535.254,25700
2019-12-09,535.245,535.6,529.611,531.092,40800
2019-12-10,529.14,536.522,528.723,532.956,51700
2019-12-11,534.127,534.127,527.038,527.916,39400
2019-12-12,527.934,532.459,525.911,526.452,53800
2019-12-13,526.416,532.095,525.618,526.727,40800
2019-12-16,528.271,539.326,528.271,536.576,28900
2019-12-17,536.452,539.459,531.474,534.233,29500
2019-12-18,533.816,534.233,531.758,533.497,43800
2019-12-19,533.648,536.886,533.098,536.638,20800
2019-12-20,537.969,545.626,536.762,539.681,105200
2019-12-23,542.316,542.316,538.27,540.213,22400
2019-12-24,541.811,542.157,539.539,539.628,6400
2019-12-27,541.234,544.455,537.259,543.896,28000
2019-12-30,538.572,544.339,538.057,542.157,50900
2019-12-31,540.134,544.1,537.942,541.003,23700
2020-01-02,542.645,547.418,539.655,546.061,21500
2020-01-03,545.511,548.811,542.574,544.632,40000
2020-01-06,543.488,546.318,542.911,544.472,52300
2020-01-07,544.038,547.356,543.638,544.268,44500
2020-01-08,545.661,545.723,538.208,539.983,92400
2020-01-09,540.577,542.574,538.146,542.574,77800
2020-01-10,542.024,542.92,538.776,539.104,33900
2020-01-13,540.488,543.097,538.155,541.944,186100
2020-01-14,541.944,547.108,541.944,545.129,54800
2020-01-15,544.437,549.015,543.692,547.187,68500
2020-01-16,552.564,552.564,546.283,551.586,38700
2020-01-17,551.721,557.432,550.28,555.338,73100
2020-01-20,552.628,556.091,551.622,553.389,98000
2020-01-21,553.326,555.057,547.788,549.238,37300
2020-01-22,546.301,551.377,544.452,547.869,51100
2020-01-23,546.981,546.981,536.611,542.956,53400
2020-01-24,543.083,547.144,538.469,542.476,51200
2020-01-27,537.146,538.351,534.118,536.122,33400
2020-01-28,536.14,542.086,534.553,539.058,30200
2020-01-29,539.838,542.285,536.638,537.817,30400
2020-01-30,534.499,538.37,531.29,534.771,51900
2020-01-31,533.294,537.907,528.453,536.765,42000
2020-02-03,536.765,549.691,536.765,546.872,70700
2020-02-04,550.897,556.716,543.872,554.776,82300
2020-02-05,555.646,562.925,555.565,557.749,70500
2020-02-06,558.647,565.508,557.65,564.72,45300
2020-02-07,562.136,565.472,556.725,557.314,39100
2020-02-10,555.529,558.366,553.344,558.094,127200
2020-02-11,558.166,563.061,557.45,561.103,22400
2020-02-12,562.263,562.354,556.009,559.979,60400
2020-02-13,557.722,558.52,549.682,552.574,131400
2020-02-14,555.646,571.663,555.646,570.086,113500
2020-02-18,567.484,577.346,563.206,566.388,64700
2020-02-19,566.768,570.974,563.813,568.273,45500
2020-02-20,569.243,575.389,569.116,573.476,55800
2020-02-21,572.733,577.5,569.216,570.204,34400
2020-02-24,561.085,569.098,560.532,565.391,44200
2020-02-25,565.427,566.315,559.372,565.427,92600
2020-02-26,563.822,565.191,552.909,562.245,84300
2020-02-27,553.525,553.525,540.219,543.536,27900
2020-02-28,532.106,536.493,511.467,524.111,130200
2020-03-02,523.966,523.966,511.249,520.921,105900
2020-03-03,528.843,531.852,503.463,506.753,114900
2020-03-04,513.307,523.45,507.986,515.926,91400
2020-03-05,508.285,512.337,501.586,504.26,83400
2020-03-06,497.625,499.882,488.543,493.719,94300
2020-03-09,472.363,475.608,452.593,455.05,113600
2020-03-10,475.816,477.801,460.933,471.475,157600
2020-03-11,460.507,474.973,460.407,467.033,135700
2020-03-12,443.656,447.653,407.897,415.23,178800
2020-03-13,437.637,475.082,426.397,475.082,142000
2020-03-16,431.374,446.974,423.941,434.718,158100
2020-03-17,439.078,451.796,413.417,416.961,144800
2020-03-18,405.749,427.839,301.681,389.768,151000
2020-03-19,389.678,401.896,368.032,383.26,76500
2020-03-20,390.167,397.192,362.666,375.265,144200
2020-03-23,369.092,385.127,350.057,366.962,138400
2020-03-24,378.9,389.85,356.339,378.193,171100
2020-03-25,380.631,401.697,364.859,367.017,114100
2020-03-26,367.116,400.355,367.107,394.808,89700
2020-03-27,377.223,387.566,361.968,378.293,70600
2020-03-30,379.344,386.886,361.678,371.25,91400
2020-03-31,370.18,391.436,370.18,391.064,96900
2020-04-01,369.663,373.208,354.209,362.249,95000
2020-04-02,360.155,373.153,358.052,368.295,111800
2020-04-03,367.261,372.809,341.428,343.993,112100
2020-04-06,361.551,366.201,347.166,352.369,83400
2020-04-07,360.236,366.563,357.49,358.442,135400
2020-04-08,358.65,367.352,357.136,363.735,64100
2020-04-09,365.684,370.153,359.185,364.08,170800
2020-04-13,364.388,370.76,362.466,366.908,51100
2020-04-14,370.76,379.263,362.122,369.564,97700
2020-04-15,362.194,368.104,356.094,357.762,75300
2020-04-16,358.052,361.941,347.691,349.069,90500
2020-04-17,357.608,383.423,354.608,382.662,98400
2020-04-20,383.559,385.254,366.681,369.799,79300
2020-04-21,363.563,364.062,350.927,356.321,94400
2020-04-22,359.955,361.605,354.417,355.568,75600
2020-04-23,359.403,362.575,351.48,357.608,76900
2020-04-24,360.363,364.044,347.329,350.384,133700
2020-04-27,353.919,388.88,350.411,384.393,91600
2020-04-28,393.512,394.473,357.164,357.408,133700
2020-04-29,367.116,368.322,357.59,364.651,116300
2020-04-30,362.566,369.827,342.108,342.108,178600
2020-05-01,334.648,340.15,321.686,325.592,144400
2020-05-04,325.529,325.529,311.108,321.631,146800
2020-05-05,328.121,329.853,305.705,319.873,122600
2020-05-06,322.592,331.738,315.268,329.073,137400
2020-05-07,333.741,336.905,315.966,316.519,118400
2020-05-08,319.673,325.937,313.899,315.522,81200
2020-05-11,314.615,321.921,311.996,319.22,78900
2020-05-12,319.982,322.121,310.283,311.361,95100
2020-05-13,308.914,309.875,289.489,294.737,206500
2020-05-14,291.728,311.108,291.112,310.908,123000
2020-05-15,307.627,321.894,306.584,318.196,97500
2020-05-19,325.012,325.765,307.092,308.234,99200
2020-05-20,312.703,316.99,308.18,315.504,91300
2020-05-21,314.144,324.876,312.884,321.994,68400
2020-05-22,318.25,321.813,313.646,318.422,80600
2020-05-25,320.235,330.777,320.235,325.855,33800
2020-05-26,338.228,340.848,329.853,338.183,91500
2020-05-27,342.28,346.513,334.249,339.796,99300
2020-05-28,338.156,349.468,338.156,348.38,107600
2020-05-29,348.281,349.214,343.485,346.685,118900
2020-06-01,345.996,355.324,345.996,351.09,51700
2020-06-02,352.64,360.526,345.298,360.526,86600
2020-06-03,362.575,389.46,360.309,385.626,114500
2020-06-04,381.619,392.488,378.392,389.877,118900
2020-06-05,398.869,415.121,396.331,398.361,113200
2020-06-08,397.555,404.326,389.252,399.304,65300
2020-06-09,391.608,393.548,383.695,385.318,81800
2020-06-10,385.118,385.118,375.039,378.692,148500
2020-06-11,369.618,371.612,363.491,370.506,142600
2020-06-12,371.739,388.862,371.54,381.9,117100
2020-06-15,373.96,390.231,368.92,379.426,50100
2020-06-16,416.961,417.079,400.881,411.931,89800
2020-06-17,414.242,414.242,396.449,398.597,51200
2020-06-18,397.029,397.029,386.133,386.496,90900
2020-06-19,388.001,388.399,382.925,385.78,171400
2020-06-22,385.68,388.372,382.517,386.016,71900
2020-06-23,389.768,390.602,386.26,388.681,57100
2020-06-24,387.683,387.683,376.172,381.764,198200
2020-06-25,380.432,380.432,372.8,378.012,57900
2020-06-26,376.861,381.175,372.537,377.985,68500
2020-06-29,378.592,383.251,372.718,375.093,41700
2020-06-30,375.274,381.592,372.945,380.187,46700
2020-07-02,382.571,385.127,371.821,372.863,58800
2020-07-03,377.105,384.674,372.673,381.846,21600
2020-07-06,384.683,385.553,374.023,376.815,38000
2020-07-07,373.733,376.172,363.273,363.708,51100
2020-07-08,364.279,372.365,363.427,367.379,39900
2020-07-09,366.4,368.132,362.575,364.152,56200
2020-07-10,363.536,369.029,362.203,368.449,68000
2020-07-13,368.947,368.947,362.149,364.379,42400
2020-07-14,365.648,377.93,362.974,377.015,63700
2020-07-15,381.61,381.692,362.149,376.625,39700
2020-07-16,375.709,386.142,374.821,384.701,43100
2020-07-17,385.236,385.236,373.452,375.265,25000
2020-07-20,376.163,383.188,373.797,376.552,26400
2020-07-21,380.559,383.151,374.15,375.791,33300
2020-07-22,375.265,387.14,375.12,383.024,39900
2020-07-23,382.517,394.926,382.517,392.977,51400
2020-07-24,398.688,398.688,384.42,385.553,36900
2020-07-27,386.288,392.533,385.236,388.671,19100
2020-07-28,388.545,392.007,382.544,384.692,42200
2020-07-29,385.009,390.185,384.583,388.091,28800
2020-07-30,384.692,387.955,380.704,385.834,55400
2020-07-31,380.885,384.946,378.574,380.414,39100
2020-08-04,381.556,385.934,372.464,373.008,67500
2020-08-05,370.878,380.405,368.92,374.848,40500
2020-08-06,375.265,376.616,367.107,370.316,62100
2020-08-07,370.262,377.178,366.563,372.7,53400
2020-08-10,376.135,376.217,369.754,370.724,60600
2020-08-11,370.733,381.637,370.733,376.616,71800
2020-08-12,380.495,381.61,375.057,376.525,21000
2020-08-13,375.283,375.283,365.757,372.346,54800
2020-08-14,369.002,379.707,369.002,375.51,40800
2020-08-17,379.127,379.127,369.011,370.289,46700
2020-08-18,372.075,372.075,366.98,371.513,50200
2020-08-19,369.364,373.996,369.147,372.908,41400
2020-08-20,369.183,371.522,367.379,368.104,56400
2020-08-21,368.023,368.857,364.207,368.032,67400
2020-08-24,370.144,381.184,367.832,378.882,102400
2020-08-25,376.226,378.891,368.467,371.023,36400
2020-08-26,370.688,371.449,366.337,370.67,44800
2020-08-27,369.981,377.549,368.485,376.416,46100
2020-08-28,377.522,377.522,368.648,372.573,63800
2020-08-31,370.316,370.407,363.935,364.47,84700
2020-09-01,364.778,368.521,360.318,365.104,51400
2020-09-02,365.856,369.618,364.859,366.174,35000
2020-09-03,366.137,378.918,366.137,371.032,138500
2020-09-04,372.147,374.069,359.085,362.031,76100
2020-09-08,358.949,362.657,356.357,359.847,81200
2020-09-09,361.007,363.79,354.417,360.282,70500
2020-09-10,360.3,363.083,354.091,354.091,48000
2020-09-11,353.52,355.605,350.365,350.61,90200
2020-09-14,349.577,357.499,348.253,354.743,60500
2020-09-15,354.916,360.427,354.608,356.91,64900
2020-09-16,357,364.769,351.671,352.242,63000
2020-09-17,349.522,352.151,348.054,348.997,51400
2020-09-18,345.833,350.791,344.211,345.525,171100
2020-09-21,340.884,344.446,336.76,342.987,74000
2020-09-22,342.507,345.878,339.914,341.591,56500
2020-09-23,342.833,344.265,334.947,335.663,67100
2020-09-24,335.5,342.76,334.376,340.521,84700
2020-09-25,340.812,341.383,334.476,339.298,51800
2020-09-28,346.15,347.166,342.878,346.867,37000
2020-09-29,348.607,349.885,346.259,348.979,71500
2020-09-30,348.081,357.744,348.081,355.414,95700
2020-10-01,356.239,357.091,352.305,355.659,44600
2020-10-02,353.928,362.285,352.341,361.587,50100
2020-10-05,361.714,368.431,361.641,367.225,51800
2020-10-06,369.763,369.763,362.213,362.321,31500
2020-10-07,363.898,371.939,362.847,371.848,36300
2020-10-08,371.848,374.703,368.023,372.065,38800
2020-10-09,372.337,375.447,370.615,372.401,41000
2020-10-13,373.67,373.67,365.104,365.367,37700
2020-10-14,364.442,365.603,349.885,351.507,61200
2020-10-15,345.371,355.324,345.371,349.386,22800
2020-10-16,353.239,353.239,347.845,348.661,30000
2020-10-19,353.03,353.03,343.83,345.742,60400
2020-10-20,348.616,350.148,341.573,341.727,58500
2020-10-21,341.881,343.268,339.198,339.769,36900
2020-10-22,338.31,339.706,333.959,335.509,79200
2020-10-23,337.077,337.168,333.796,335.572,42000
2020-10-26,334.385,337.557,329.336,330.705,57800
2020-10-27,332.173,332.173,323.571,324.07,54100
2020-10-28,319.982,321.849,316.456,318.939,81800
2020-10-29,318.051,321.785,314.389,321.559,35300
2020-10-30,322.719,326.127,315.667,317.471,96900
2020-11-02,320,341.6,320,338.591,95800
2020-11-03,344.41,356.964,342.797,352.831,134300
2020-11-04,355.097,357.698,348.172,348.679,51800
2020-11-05,350.411,358.949,343.54,347.809,58200
2020-11-06,347.048,351.716,343.993,346.631,113900
2020-11-09,361.034,366.754,356.729,362.185,110000
2020-11-10,360.663,375.166,358.378,374.486,96100
2020-11-11,374.368,382.245,371.984,380.45,130900
2020-11-12,384.801,384.801,374.803,379,91200
2020-11-13,379.036,381.61,374.359,377.522,84300
2020-11-16,385.399,400.047,382.598,398.434,97500
2020-11-17,395.316,406.419,392.515,405.504,96200
2020-11-18,405.676,407.253,400.645,401.715,95100
2020-11-19,398.778,401.715,392.451,397.654,80000
2020-11-20,396.15,407.407,392.27,407,103300
2020-11-23,407.897,408.985,402.268,403.356,84500
2020-11-24,405.731,408.45,402.313,406.211,134800
2020-11-25,403.746,407.163,402.014,404.38,76700
2020-11-26,405.277,405.676,402.078,403.909,43100
2020-11-27,402.83,406.42,402.585,403.546,68400
2020-11-30,403.546,406.501,402.386,403.727,337100
2020-12-01,406.574,410.807,404.57,405.468,98500
2020-12-02,406.175,407.897,402.803,405.821,96200
2020-12-03,406.148,412.71,404.48,410.48,54800
2020-12-04,411.015,421.494,407.988,418.747,76100
2020-12-07,421.503,421.503,411.523,413.97,63600
2020-12-08,416.907,416.907,413.027,414.079,56400
2020-12-09,415.565,418.475,410.471,411.876,57000
2020-12-10,410.027,410.027,402.612,407.96,80800
2020-12-11,403.483,412.429,403.483,409.374,62300
2020-12-14,412.429,413.825,405.35,406.102,131200
2020-12-15,408.541,408.541,394.935,396.376,90000
2020-12-16,396.331,400.229,393.521,397.147,78000
2020-12-17,396.693,397.4,390.702,391.889,75900
2020-12-18,391.336,392.297,388.862,389.959,136300
2020-12-21,389.959,392.207,381.9,389.523,163100
2020-12-22,390.675,397.899,388.68,389.233,74900
2020-12-23,390.122,394.853,388.717,388.726,26300
2020-12-24,389.986,392.914,388.554,389.315,24700
2020-12-29,389.714,392.488,384.665,387.683,67300
2020-12-30,388.871,396.059,388.871,395.189,75000
2020-12-31,395.189,397.11,392.569,393.258,34600
2021-01-04,393.657,397.02,387.493,393.865,56600
2021-01-05,393.358,402.476,393.358,400.655,71700
2021-01-06,401.035,412.429,400.745,408.595,130200
2021-01-07,409.103,419.372,409.103,415.865,247100
2021-01-08,415.91,423.035,415.339,421.956,104800
2021-01-11,422.3,430.068,416.318,427.213,238300
2021-01-12,427.975,432.534,424.412,430.295,276600
2021-01-13,430.494,430.494,420.723,428.283,352500
2021-01-14,429.352,433.468,429.352,433.241,317300
2021-01-15,432.108,450.5,432.108,442.197,285500
2021-01-18,442.351,446.729,442.351,443.919,28300
2021-01-19,447.599,449.14,439.015,439.514,319900
2021-01-20,440.24,443.097,430.047,435.865,408700
2021-01-21,435.66,442.194,432.336,435.399,297400
2021-01-22,434.161,434.161,410.284,420.319,352400
2021-01-25,420.756,440.37,419.825,440.314,102300
2021-01-26,445.685,455.199,444.838,455.143,66900
2021-01-27,449.316,464.796,447.761,463.363,77000
2021-01-28,460.058,462.637,438.639,439.737,65300
2021-01-29,438.443,440.333,429.73,431.852,67000
2021-02-01,432.793,439.756,431.191,434.999,50000
2021-02-02,434.133,436.926,429.134,434.319,43800
2021-02-03,435.064,437.494,422.683,425.448,44700
2021-02-04,422.618,429.991,422.506,425.513,91800
2021-02-05,421.008,436.721,420.998,434.952,96600
2021-02-08,435.25,443.265,430.996,443.004,226400
2021-02-09,443.284,453.886,441.375,453.644,202500
2021-02-10,456.744,462.953,452.779,462.199,121200
2021-02-11,461.128,473.379,457.991,472.895,99100
2021-02-12,479.42,488.71,474.57,477.428,153000
2021-02-16,480.565,497.191,478.573,491.494,148900
2021-02-17,489.641,494.836,481.729,485.797,202600
2021-02-18,481.775,485.033,476.413,479.076,332600
2021-02-19,479.411,483.376,475.678,479.309,357900
2021-02-22,477.037,483.227,468.827,472.578,159900
2021-02-23,471.107,476.032,460.319,475.911,65100
2021-02-24,471.964,485.918,465.15,477.298,75200
2021-02-25,479.895,482.818,474.207,481.273,34600
2021-02-26,500.868,500.868,476.6,482.576,75600
2021-03-01,484.056,492.434,477.903,489.381,57000
2021-03-02,492.294,492.536,486.42,491.577,74700
2021-03-03,490.572,496.157,484.996,492.778,34400
2021-03-04,487.789,488.971,470.549,482.725,64200
2021-03-05,482.725,486.43,474.636,481.412,57500
2021-03-08,479.281,499.08,479.281,489.288,49100
2021-03-09,491.131,498.019,491.131,492.378,37400
2021-03-10,491.391,501.733,490.079,492.629,50000
2021-03-11,498.913,500.151,488.71,495.096,58800
2021-03-12,496.362,498.494,490.339,497.219,26400
2021-03-15,496.856,496.856,474.85,488.385,54200
2021-03-16,488.087,490.088,479.402,484.987,33200
2021-03-17,484.754,488.71,482.176,484.307,33000
2021-03-18,484.307,498.019,484.307,493.951,236300
2021-03-19,489.641,496.018,481.934,485.303,292900
2021-03-22,487.221,490.572,480.007,487.407,135000
2021-03-23,486.337,499.872,485.881,494.929,56500
2021-03-24,495.292,503.967,494.342,500.84,45700
2021-03-25,497.088,503.502,492.322,500.914,52500
2021-03-26,502.115,509.19,499.09,501.957,38000
2021-03-29,501.268,518.117,498.028,509.404,49600
2021-03-30,505.475,520.258,505.475,517.568,32300
2021-03-31,513.891,521.84,508.864,510.632,49600
2021-04-01,512.55,517.568,508.78,516.032,32300
2021-04-05,516.46,518.964,510.642,513.714,35800
2021-04-06,514.049,523.479,514.049,521.347,47100
2021-04-07,521.198,526.876,518.219,522.65,27700
2021-04-08,522.697,528.636,520.36,528.636,45400
2021-04-09,527.807,535.254,525.499,530.991,54400
2021-04-12,530.991,536.558,529.343,532.499,43700
2021-04-13,531.633,539.909,529.715,531.717,34200
2021-04-14,531.14,534.221,526.914,528.468,37000
2021-04-15,529.79,539.899,529.79,534.547,42700
2021-04-16,536.073,539.909,531.773,533.886,40300
2021-04-19,533.225,539.909,529.576,530.991,40300
2021-04-20,526.923,529.715,521.514,523.088,44500
2021-04-21,521.291,527.854,520.109,523.153,46100
2021-04-22,523.507,530.6,520.574,526.876,43200
2021-04-23,527.872,534.286,525.945,532.825,22100
2021-04-26,532.825,537.581,528.766,537.032,31600
2021-04-27,535.282,537.581,529.129,530.144,30000
2021-04-28,530.414,530.414,522.231,523.991,15600
2021-04-29,524.14,529.436,524.084,527.239,28600
2021-04-30,527.174,528.012,521.291,522.762,51000
2021-05-03,524.242,536.036,523.199,530.507,29600
2021-05-04,529.064,534.314,522.138,524.819,26700
2021-05-05,525.489,540.84,523.181,536.427,44800
2021-05-06,536.483,537.498,531.009,533.513,42600
2021-05-07,531.065,538.168,529.557,535.72,37300
2021-05-10,535.952,540.104,533.02,536.241,33900
2021-05-11,532.387,535.952,526.569,528.738,45400
2021-05-12,525.955,532.452,521.3,523.488,76600
2021-05-13,522.222,529.12,522.222,525.499,24400
2021-05-14,525.499,532.452,525.499,530.153,30800
2021-05-17,524.13,532.694,524.13,532.694,23200
2021-05-18,525.555,531.242,525.555,529.25,24300
2021-05-19,524.316,528.738,521.505,523.153,26800
2021-05-20,524.084,530.488,523.916,525.257,29700
2021-05-21,527.872,528.747,524.326,525.443,17500
2021-05-25,525.024,529.492,523.925,526.653,67500
2021-05-26,526.038,526.038,515.184,521.291,47900
2021-05-27,523.153,529.529,519.131,524.307,147400
2021-05-28,528.719,531.801,525.685,528.18,52500
2021-05-31,530.963,530.963,524.866,524.866,14000
2021-06-01,524.093,529.706,524.084,525.238,24400
2021-06-02,524.102,530.144,520.854,521.431,55200
2021-06-03,522.185,536.25,522.185,535.096,131800
2021-06-04,533.588,539.238,530.395,530.395,32400
2021-06-07,531.94,531.94,524.968,525.899,19500
2021-06-08,525.918,531.317,523.153,529.38,66200
2021-06-09,528.561,528.561,523.879,523.879,24300
2021-06-10,524.735,526.402,519.737,520.919,36100
2021-06-11,523.404,523.581,519.159,520.444,26800
2021-06-14,520.491,523.153,517.298,517.344,25100
2021-06-15,516.627,518.703,514.775,516.302,41000
2021-06-16,515.808,520.816,513.835,514.794,35300
2021-06-17,515.939,523.125,514.114,516.627,37300
2021-06-18,514.654,515.585,501.193,504.219,120300
2021-06-21,501.743,509.124,501.743,507.347,30500
2021-06-22,509.199,515.864,505.811,513.611,40400
2021-06-23,512.55,516.637,504.2,506.965,47700
2021-06-24,507.44,514.654,507.328,512.494,33000
2021-06-25,511.992,522.222,511.992,521.44,35000
2021-06-28,520.081,525.908,515.678,515.957,25600
2021-06-29,515.957,515.957,508.724,510.539,21700
2021-06-30,507.961,513.835,504.759,506.025,48100
2021-07-02,501.752,505.541,498.233,499.881,49200
2021-07-05,511.982,525.936,511.982,520.556,35900
2021-07-06,520.602,527.258,519.56,521.84,59500
2021-07-07,521.691,521.691,512.96,514.486,50600
2021-07-08,511.973,512.848,501.389,509.869,48500
2021-07-09,509.869,515.752,508.278,510.577,56900
2021-07-12,510.558,514.533,506.257,507.849,36700
2021-07-13,507.84,509.413,502.953,505.336,37300
2021-07-14,501.808,508.929,501.808,506.053,27700
2021-07-15,504.433,509.003,500.309,501.771,29400
2021-07-16,502.869,505.364,499.397,503.092,38800
2021-07-19,499.76,499.769,491.447,492.685,40100
2021-07-20,493.374,502.357,491.447,491.503,69000
2021-07-21,495.906,500.681,492.378,494.519,84600
2021-07-22,494.519,498.931,489.576,490.982,45000
2021-07-23,491.028,493.691,489.827,490.209,40700
2021-07-26,490.209,491.289,482.436,482.585,47600
2021-07-27,478.527,482.008,474.514,479.923,71900
2021-07-28,480.156,481.552,473.342,475.12,84400
2021-07-29,477.856,483.125,473.63,482.166,110500
2021-07-30,493.486,499.574,485.918,489.213,99100
2021-08-03,491.829,495.99,487.78,495.99,95500
2021-08-04,495.329,521.272,494.77,519.299,118300
2021-08-05,520.928,531.317,520.928,522.939,52800
2021-08-06,525.694,527.798,521.245,525.648,60800
2021-08-09,525.005,532.136,521.691,527.677,50300
2021-08-10,525.834,526.718,516.441,522.492,43200
2021-08-11,523.162,525.07,521.086,524.27,26500
2021-08-12,523.562,523.693,518.564,520.239,39400
2021-08-13,520.36,526.681,520.36,522.436,25500
2021-08-16,520.444,530.898,519.243,527.965,44800
2021-08-17,525.433,534.5,523.283,526.82,36600
2021-08-18,526.681,528.505,523.451,527.547,25700
2021-08-19,524.894,528.04,514.44,526.606,45300
2021-08-20,523.311,532.759,522.315,530.553,27900
2021-08-23,529.064,538.047,525.601,531.978,48400
2021-08-24,533.16,535.254,527.714,528.133,37700
2021-08-25,529.669,529.669,525.945,527.556,24200
2021-08-26,528.598,533.15,526.038,527.463,49300
2021-08-27,526.541,529.017,523.516,524.67,38800
2021-08-30,521.3,521.3,511.582,515.492,36900
2021-08-31,515.669,524.074,514.421,519.867,128200
2021-09-01,516.841,524.763,516.125,524.028,42200
2021-09-02,520.36,536.176,516.953,534.323,40900
2021-09-03,531.391,539.508,526.997,527.826,26900
2021-09-07,529.055,529.055,519.969,523.795,30800
2021-09-08,525.927,528.738,520.965,527.109,67400
2021-09-09,526.867,531.149,522.492,522.78,25900
2021-09-10,522.222,524.521,518.489,519.401,34200
2021-09-13,522.389,522.389,505.68,507.979,61800
2021-09-14,509.236,512.913,504.433,506.639,32300
2021-09-15,504.572,507.477,501.333,506.164,39800
2021-09-16,506.397,507.226,501.054,503.977,41700
2021-09-17,503.94,507.132,497.461,499.602,168900
2021-09-20,494.296,495.227,481.561,486.821,51200
2021-09-21,490.879,492.341,481.98,485.322,40200
2021-09-22,486.011,493.691,486.011,490.684,20700
2021-09-23,490.926,495.264,489.641,490.19,23000
2021-09-24,490.191,492.332,485.946,487.333,20500
2021-09-27,488.878,491.131,482.492,483.432,51600
2021-09-28,482.176,484.056,472.653,473.77,70400
2021-09-29,473.1,483.023,473.1,477.577,35200
2021-09-30,476.991,480.332,473.854,475.967,51600
2021-10-01,475.659,477.614,460.226,462.739,97200
2021-10-04,460.682,470.102,458.922,466.751,44200
2021-10-05,468.333,474.719,461.668,472.187,66000
2021-10-06,470.447,474.589,464.024,468.045,59100
2021-10-07,471.024,479.867,471.024,479.169,41000
2021-10-08,479.765,491.503,478.797,489.167,93300
2021-10-12,493.867,496.12,478.731,481.645,46500
2021-10-13,484.214,484.214,465.168,469.516,62700
2021-10-14,469.264,489.483,469.264,482.241,59700
2021-10-15,483.488,485.303,477.074,480.09,32400
2021-10-18,475.836,479.467,473.667,479.132,29600
2021-10-19,479.755,484.912,478.322,484.763,44500
2021-10-20,482.362,482.418,472.839,474.784,43200
2021-10-21,475.408,476.609,470.838,472.885,33200
2021-10-22,471.899,474.431,470.67,471.955,21300
2021-10-25,472.932,476.6,471.741,475.25,32200
2021-10-26,475.957,477.624,473.835,473.835,33000
2021-10-27,474.738,474.738,464.145,468.082,37300
2021-10-28,467.337,473.286,467.3,469.925,33400
2021-10-29,469.162,472.681,466.286,466.602,45600
2021-11-01,469.283,471.768,465.327,469.953,46200
2021-11-02,470.009,473.602,466.835,466.835,35000
2021-11-03,466.583,482.194,464.508,480.165,49600
2021-11-04,477.158,481.198,469.888,474.859,36600
2021-11-05,484.112,508.454,484.112,501.249,108600
2021-11-08,501.203,508.259,495.766,503.474,62100
2021-11-09,498.419,504.2,488.44,490.163,116600
2021-11-10,491.41,496.008,489.027,493.532,61300
2021-11-11,498.01,499.118,489.278,497.451,49900
2021-11-12,498.028,507.021,496.269,502.394,44300
2021-11-15,500.086,501.342,493.849,494.659,20000
2021-11-16,495.226,506.397,493.365,505.876,48300
2021-11-17,535.254,566.904,535.254,539.909,171500
2021-11-18,539.015,541.566,529.474,538.261,72700
2021-11-19,538.522,540.7,534.984,539.722,48800
2021-11-22,538.121,538.978,521.291,535.254,67600
2021-11-23,533.02,541.296,533.02,537.079,68400
2021-11-24,535.291,542.822,533.495,539.89,20600
2021-11-25,539.89,545.252,539.89,542.701,17900
2021-11-26,530.6,534.696,527.547,530.106,40600
2021-11-29,533.932,535.245,524.223,527.565,42900
2021-11-30,521.375,531.782,521.142,527.761,153600
2021-12-01,533.392,539.145,525.145,525.145,43400
2021-12-02,524.568,540.681,524.503,532.322,45900
2021-12-03,533.532,540.551,529.036,532.815,48100
2021-12-06,532.927,548.687,532.099,544.098,52400
2021-12-07,543.632,559.392,543.632,549.525,56900
2021-12-08,550.539,551.684,542.701,543.223,70800
2021-12-09,539.909,545.81,539.909,541.594,56000
2021-12-10,541.603,542.701,535.431,537.572,67000
2021-12-13,536.409,540.709,533.299,536.39,87700
2021-12-14,534.277,540.886,532.294,534.37,93500
2021-12-15,534.37,544.256,534.37,542.748,81800
2021-12-16,543.381,553.853,543.232,552.243,89200
2021-12-17,548.817,552.261,539.909,543.195,70900
2021-12-20,536.287,541.947,530.6,536.055,69600
2021-12-21,536.557,547.626,536.557,543.986,67000
2021-12-22,544.703,549.618,544.023,548.845,63900
2021-12-23,548.845,555.873,546.434,552.987,30400
2021-12-24,563.181,579.927,563.181,577.144,33600
2021-12-29,577.618,592.112,577.618,585.187,102300
2021-12-30,585.187,585.522,575.906,580.113,73800
2021-12-31,578.093,583.027,576.688,579.229,141600
2022-01-04,577.144,586.685,574.481,580.132,98500
2022-01-05,580.141,591.274,579.006,579.815,151900
2022-01-06,580.476,593.406,580.476,587.141,68500
2022-01-07,590.288,593.899,586.276,588.426,82700
2022-01-10,588.426,590.26,584.861,587.458,157500
2022-01-11,587.281,591.758,579.285,589.264,137000
2022-01-12,592.317,595.082,586.648,592.987,253300
2022-01-13,595.715,602.203,593.862,594.951,198900
2022-01-14,592.168,597.372,588.147,593.425,509300
2022-01-17,593.518,602.045,593.518,600.844,216600
2022-01-18,604.605,604.605,578.372,587.16,295200
2022-01-19,586.92,592.713,583.007,591.63,222200
2022-01-20,591.668,591.668,585.077,585.913,168300
2022-01-21,579.122,583.32,567.602,570.974,466300
2022-01-24,565.048,572.19,555.921,570.727,73800
2022-01-25,569.502,572.342,558.476,567.916,239100
2022-01-26,571.724,575.637,566.662,568.999,81700
2022-01-27,587.945,588.819,566.51,569.777,301200
2022-01-28,579.322,586.996,576.672,579.246,124200
2022-01-31,576.691,585.467,576.691,582.931,97700
2022-02-01,584.051,592.219,580.291,588.819,87500
2022-02-02,588.819,595.837,585.97,592.247,100100
2022-02-03,593.074,599.247,587.964,596.588,89800
2022-02-04,593.083,602.951,593.083,599.057,37000
2022-02-07,598.183,600.215,594.631,595.685,86500
2022-02-08,599.608,610.026,596.417,608.506,47700
2022-02-09,612.514,622.6,611.042,616.693,109400
2022-02-10,612.562,627.178,612.562,619.409,88800
2022-02-11,664.796,664.796,620.112,625.915,70200
2022-02-14,625.972,629.619,614.452,616.123,80900
2022-02-15,619.343,622.524,616.104,618.754,28100
2022-02-16,618.231,624.917,615.202,622.049,22900
2022-02-17,622.059,629.305,609.684,615.715,50400
2022-02-18,612.201,618.298,608.725,613.198,30200
2022-02-22,607.823,613.673,600.548,608.753,47400
2022-02-23,606.911,610.539,598.316,600.947,55000
2022-02-24,570.993,591.44,570.908,584.118,90400
2022-02-25,581.972,593.948,579.692,590.529,64500
2022-02-28,582.485,586.929,576.321,583.548,81900
2022-03-01,579.322,582.38,561.743,566.995,64900
2022-03-02,567.004,571.534,559.824,569.825,44700
2022-03-03,569.977,576.501,566.624,567.679,22000
2022-03-04,563.747,567.299,555.779,559.929,64600
2022-03-07,557.574,560.328,542.502,547.63,115700
2022-03-08,543.575,562.683,540.973,554.497,78000
2022-03-09,550.831,566.026,550.698,561.154,42300
2022-03-10,553.946,562.902,549.682,559.644,57100
2022-03-11,557.479,568.106,557.479,562.807,40000
2022-03-14,566.814,577.574,561.41,561.41,61200
2022-03-15,563.756,574.573,561.278,567.755,51100
2022-03-16,569.986,582.057,569.958,582.057,39500
2022-03-17,581.782,591.07,579.17,583.71,35800
2022-03-18,577.48,579.322,571.686,574.573,186300
2022-03-21,575.219,577.252,571.325,573.614,27600
2022-03-22,568.077,588.885,568.077,584.973,34900
2022-03-23,583.453,591.288,577.337,588.999,51300
2022-03-24,590.453,605.581,590.453,604.423,66800
2022-03-25,606.056,618.241,605.914,618.241,54900
2022-03-28,614.556,626.019,613.483,625.383,41900
2022-03-29,624.528,635.792,624.528,634.832,59000
2022-03-30,633.873,638.717,630.625,638.679,46300
2022-03-31,642.924,651.481,641.053,647.729,119900
2022-04-01,645.878,663.029,645.365,661.605,99900
2022-04-04,663.02,663.466,648.964,658.214,65300
2022-04-05,658.167,660.569,639.989,641.214,92600
2022-04-06,637.254,647.872,635.811,643.684,52300
2022-04-07,640.597,652.117,638.289,650.949,41200
2022-04-08,655.935,662.896,653.437,654.52,44600
2022-04-11,655.669,660.57,650.075,651.224,27100
2022-04-12,651.547,654.368,648.233,650.921,39500
2022-04-13,650.768,665.489,650.768,661.291,39600
2022-04-14,661.111,664.739,657.625,663.2,28800
2022-04-18,660.057,671.444,660.057,671.444,27600
2022-04-19,671.444,680.551,671.434,675.708,48900
2022-04-20,675.841,675.993,663.257,665.214,38600
2022-04-21,665.831,676.097,663.884,664.311,46000
2022-04-22,661.51,661.947,649.61,652.782,47200
2022-04-25,649.344,649.6,632.952,646.77,37300
2022-04-26,644.301,647.824,636.001,636.656,38200
2022-04-27,633.712,653.836,633.655,650.474,43800
2022-04-28,650.531,662.991,649.648,662.858,54300
2022-04-29,647.72,674.283,647.72,670.37,73400
2022-05-02,664.815,664.815,621.299,627.852,58200
2022-05-03,623.037,654.596,623.037,649.088,112800
2022-05-04,651.737,674.226,645.934,663.4,63600
2022-05-05,659.003,659.344,640.217,643.237,74100
2022-05-06,642.478,648.404,636.437,641.784,28700
2022-05-09,639.733,642.126,632.762,634.206,90100
2022-05-10,633.484,636.323,622.334,631.052,47500
2022-05-11,631.1,638.574,621.85,633.873,44000
2022-05-12,623.863,631.556,620.159,626.333,35600
2022-05-13,626.409,644.387,626.409,639.496,35700
2022-05-16,634.415,652.981,634.415,649.98,37000
2022-05-17,655.299,662.545,650.265,661.358,57600
2022-05-18,656.068,660.997,651.158,653.703,36300
2022-05-19,645.839,660.75,645.232,655.707,45900
2022-05-20,659.981,661.709,633.408,639.723,30800
2022-05-24,634.13,643.655,626.703,641.385,32200
2022-05-25,636.38,655.299,636.38,652.582,25500
2022-05-26,651.044,668.11,650.55,666.828,37100
2022-05-27,669.022,671.681,657.236,660.997,32700
2022-05-30,661.006,670.408,660.997,668.594,6100
2022-05-31,662.621,670.38,662.051,666.667,85400
2022-06-01,664.805,668.595,657.673,664.349,24600
2022-06-02,664.796,664.796,650.55,654.254,23100
2022-06-03,651.737,651.737,636.684,636.684,21700
2022-06-06,637.34,646.856,637.34,642.952,26700
2022-06-07,639.647,646.466,627.757,645.745,34400
2022-06-08,640.854,657.189,638.394,654.824,38700
2022-06-09,653.076,660.18,649.923,650.484,18600
2022-06-10,642.364,645.802,631.318,632.439,25300
2022-06-13,622.002,623.009,609.276,613.341,56400
2022-06-14,613.416,626.057,613.416,626.057,38700
2022-06-15,630.369,634.842,616.199,622.03,49700
2022-06-16,611.47,612.761,604.138,610.871,45900
2022-06-17,608.791,613.265,598.421,601.735,141200
2022-06-20,603.074,614.936,603.074,611.166,22400
2022-06-21,618.564,620.131,611.574,612.913,38100
2022-06-22,605.629,619.609,596.236,616.047,60000
2022-06-23,613.53,613.606,592.181,592.827,44200
2022-06-24,602.808,610.453,599.313,604.746,73500
2022-06-27,609.884,616.294,605.467,612.989,29900
2022-06-28,613.084,625.858,613.084,625.525,49800
2022-06-29,624.898,636.979,623.398,635.763,43500
2022-06-30,631.917,648.461,621.375,647.796,60900
2022-07-04,642.724,656.353,637.14,648.033,24800
2022-07-05,641.006,643.465,622.828,623.749,34000
2022-07-06,618.431,651.329,618.431,651.329,46700
2022-07-07,656.21,668.034,648.204,665.679,46400
2022-07-08,665.679,672.308,660.37,672.308,32400
2022-07-11,672.279,672.279,652.45,657.844,29600
2022-07-12,652.829,664.15,652.829,654.843,52500
2022-07-13,649.591,654.634,639.866,651.547,34500
2022-07-14,645.631,649.22,635.497,646.704,33600
2022-07-15,649.173,654.055,645.764,646.314,15600
2022-07-18,646.409,653.38,641.718,644.975,48900
2022-07-19,648.679,652.82,643.494,645.013,27200
2022-07-20,642.791,665.802,641.965,664.615,28300
2022-07-21,660.949,662.953,655.099,662.953,24000
2022-07-22,656.828,662.222,646.048,646.048,20800
2022-07-25,650.778,663.846,646.846,662.63,25900
2022-07-26,663.751,663.751,648.176,650.56,19700
2022-07-27,652.383,657.416,649.173,654.643,22100
2022-07-28,657.445,657.587,647.483,655.84,29800
2022-07-29,655.802,661.481,646.723,655.109,49100
2022-08-02,654.757,655.299,607.813,627.757,77700
2022-08-03,631.261,646.751,631.261,637.311,41300
2022-08-04,637.254,641.889,631.556,640.341,46900
2022-08-05,635.659,640.103,621.347,636.504,39000
2022-08-08,638.935,658.936,638.508,652.184,41500
2022-08-09,652.753,657.217,644.32,645.925,30900
2022-08-10,646.409,658.699,634.405,635.336,47200
2022-08-11,637.653,637.653,617.31,632.221,64000
2022-08-12,632.316,632.316,618.839,621.157,67800
2022-08-15,621.033,634.405,615.506,630.796,40800
2022-08-16,631.091,640.426,625.953,638.099,28500
2022-08-17,634.794,649.201,632.895,647.986,33300
2022-08-18,642.962,645.954,637.805,639.961,23400
2022-08-19,635.421,645.346,632.924,634.025,27500
2022-08-22,629.163,634.405,620.606,621.109,22700
2022-08-23,622.182,623.968,618.184,621.821,23800
2022-08-24,619.694,642.288,619.694,638.441,41100
2022-08-25,638.441,646.086,629.913,633.484,26900
2022-08-26,634.196,634.196,618.611,621.498,33800
2022-08-29,616.19,622.04,613.806,619.523,35500
2022-08-30,617.348,623.949,617.348,621.613,24300
2022-08-31,620.283,630.644,617.31,621.812,135300
2022-09-01,620.539,620.539,598.031,610.786,93800
2022-09-02,617.329,619.628,604.48,605.695,61700
2022-09-06,612.552,618.241,601.963,610.33,44900
2022-09-07,610.311,621.147,605.04,618.725,27300
2022-09-08,615.981,631.129,614.737,619.105,34600
2022-09-09,625.753,625.753,617.31,620.938,38600
2022-09-12,621.109,627.738,621.109,625.924,15500
2022-09-13,610.52,621.109,610.52,617.31,30800
2022-09-14,619.21,620.406,614.737,616.256,37000
2022-09-15,616.256,619.305,607.87,608.526,46000
2022-09-16,608.525,619.21,605.439,616.949,100100
2022-09-19,608.867,623.341,608.867,620.549,23700
2022-09-20,621.375,621.375,610.567,619.58,45000
2022-09-21,617.31,625.772,616.418,617.31,20500
2022-09-22,617.367,617.367,597.993,599.266,33000
2022-09-23,594.992,598.421,581.221,596.825,50700
2022-09-26,595.79,610.501,593.966,602.637,37700
2022-09-27,600.215,603.587,594.27,595.647,42800
2022-09-28,595.723,614.48,591.611,613.977,52300
2022-09-29,611.232,611.916,599.95,600.434,30400
2022-09-30,604.936,611.004,598.554,599.161,46000
2022-10-03,598.345,603.34,589.769,598.867,36900
2022-10-04,599.902,628.897,599.902,628.802,39500
2022-10-05,618.269,627.757,618.269,622.866,25200
2022-10-06,622.439,623.312,609.713,621.366,33300
2022-10-07,617.149,617.149,603.539,606.132,17300
2022-10-11,603.065,607.025,585.97,589.094,40800
2022-10-12,589.655,595.002,581.221,592.428,45800
2022-10-13,585.229,603.112,583.121,594.755,40800
2022-10-14,599.095,605.914,586.92,588.116,42300
2022-10-17,591.763,601.222,591.507,592.352,29400
2022-10-18,598.079,601.545,592.722,593.577,25900
2022-10-19,590.718,599.332,589.056,591.051,29200
2022-10-20,594.451,597.119,588.762,592.485,28400
2022-10-21,593.881,593.881,587.632,589.664,19800
2022-10-24,589.664,604.309,589.664,603.407,31000
2022-10-25,603.293,620.938,603.293,614.357,36700
2022-10-26,612.989,621.166,607.509,611.906,25700
2022-10-27,610.007,631.556,610.007,628.517,34300
2022-10-28,625.354,644.244,624.908,641.765,33200
2022-10-31,641.756,642.003,635.345,635.44,38000
2022-11-01,635.469,644.823,631.281,636.304,37700
2022-11-02,640.008,646.476,634.69,636.428,30200
2022-11-03,630.549,633.588,624.547,628.84,34800
2022-11-04,636.314,664.131,636.257,657.331,52300
2022-11-07,663.941,683.79,655.527,682.555,64200
2022-11-08,675.299,705.538,674.017,703.401,70600
2022-11-09,693.334,697.466,669.991,675.052,71900
2022-11-10,679.678,698.026,679.678,689.83,27800
2022-11-11,693.933,700.818,690.01,697.209,34200
2022-11-14,696.725,701.16,682.983,685.737,38300
2022-11-15,686.098,687.589,673.343,673.343,46800
2022-11-16,678.633,699.356,678.633,697.504,34600
2022-11-17,696.032,709.736,690.704,707.533,33600
2022-11-18,709.432,713.231,702.746,710.059,24700
2022-11-21,700.809,719.879,700.809,719.727,32000
2022-11-22,718.929,725.406,712.765,720.496,23900
2022-11-23,723.602,725.444,715.586,716.232,30500
2022-11-24,717.039,721.769,717.039,721.769,3400
2022-11-25,719.223,726.08,718.169,725.577,12200
2022-11-28,723.621,740.279,722.538,738.93,52000
2022-11-29,739.68,746.471,730.041,746.471,34600
2022-11-30,745.977,745.977,724.551,732.966,95400
2022-12-01,733.08,744.647,733.08,736.366,43000
2022-12-02,736.271,752.112,733.555,746.964,50200
2022-12-05,745.046,757.953,742.016,742.016,32800
2022-12-06,742.016,742.016,725.33,733.707,38500
2022-12-07,732.121,741.38,731.285,732.291,32600
2022-12-08,732.367,753.764,730.639,749.329,46400
2022-12-09,752.34,756.765,748.294,751.684,23000
2022-12-12,748.408,753.755,748.38,751.457,20300
2022-12-13,757.012,757.012,749.557,750.269,32700
2022-12-14,751.96,755.559,745.056,751.723,34600
2022-12-15,748.266,768.941,745.521,764.24,74400
2022-12-16,756.936,761.656,752.568,756.3,85000
2022-12-19,757.554,757.554,747.724,756.186,40000
2022-12-20,754.201,760.764,748.408,749.158,62500
2022-12-21,745.559,766.272,745.559,762.663,34800
2022-12-22,759.111,768.456,753.46,764.961,59200
2022-12-23,768.067,773.509,762.008,772.217,37800
2022-12-28,774.003,774.022,758.551,759.804,36700
2022-12-29,759.804,768.304,755.274,762.787,57000
2022-12-30,756.405,766.111,755.569,761.732,17600
2023-01-03,761.723,773.813,760.716,766.994,64700
2023-01-04,770.688,773.528,763.09,766.319,57400
2023-01-05,764.705,764.705,754.315,760.716,125200
2023-01-06,765.36,782.417,765.36,767.203,134500
2023-01-09,769.501,776.88,765.74,766.272,163100
2023-01-10,766.272,777.346,755.654,776.32,60700
2023-01-11,778.286,792.294,777.574,787.479,283700
2023-01-12,788.353,794.944,782.389,786.814,357800
2023-01-13,783.034,789.046,783.034,786.615,335600
2023-01-16,787.308,793.956,782.787,788.258,86700
2023-01-17,783.614,788.847,775.285,776.852,137600
2023-01-18,772.013,783.879,770.902,774.339,47700
2023-01-19,779.698,780.432,769.937,770.584,537900
2023-01-20,773.741,792.665,771.086,783.84,304600
2023-01-23,776.937,802.108,776.937,796.131,218000
2023-01-24,796.073,813.925,796.073,812.023,49200
2023-01-25,808.161,825.927,808.161,824.894,70100
2023-01-26,824.633,849.63,824.633,844.165,41100
2023-01-27,841.597,841.597,817.507,822.132,32500
2023-01-30,840.96,847.718,830.774,845.42,43900
2023-01-31,840.052,860.859,837.078,850.489,82400
2023-02-01,871.943,871.943,835.794,848.027,73200
2023-02-02,859.295,866.526,851.551,861.583,96300
2023-02-03,854.149,859.189,832.502,833.1,89600
2023-02-06,830.619,842.91,828.563,840.651,65100
2023-02-07,844.764,855.133,835.997,850.122,77300
2023-02-08,850.122,861.564,839.878,842.775,48300
2023-02-09,844.822,856.408,844.822,850.586,45500
2023-02-10,843.895,847.718,832.222,837.513,64700
2023-02-13,841.916,845.459,837.735,840.854,144200
2023-02-14,838.073,844.368,836.132,842.167,57000
2023-02-15,837.58,840.873,831.305,840.873,76500
2023-02-16,834.124,853.077,834.124,838.865,35200
2023-02-17,867.55,909.916,857.151,900.532,105800
2023-02-21,888.279,902.357,872.86,877.215,42000
2023-02-22,877.215,901.575,875.11,898.263,54400
2023-02-23,897.79,901.159,883.172,888.695,60300
2023-02-24,888.579,899.856,873.999,899.228,35400
2023-02-27,900.821,916.27,900.821,906.199,77400
2023-02-28,906.199,923.028,893.001,921.068,93500
2023-03-01,919.176,922.256,912.157,917.206,28300
2023-03-02,919.581,919.581,904.577,907.58,32500
2023-03-03,902.772,907.812,894.903,900.541,27500
2023-03-06,898.746,898.746,888.27,896.554,48000
2023-03-07,897.201,899.856,885.557,885.605,66700
2023-03-08,884.997,905.775,884.997,896.737,37700
2023-03-09,890.259,893.001,882.969,885.074,46500
2023-03-10,882.689,882.834,870.997,873.797,22400
2023-03-13,867.502,867.502,839.125,850.528,44400
2023-03-14,849.678,878.518,849.678,873.729,64900
2023-03-15,859.295,864.122,847.631,857.045,64200
2023-03-16,856.833,885.315,856.562,865.686,43700
2023-03-17,860.28,860.28,833.767,849.649,110300
2023-03-20,853.917,876.462,853.917,859.304,55500
2023-03-21,869.539,883.896,861.351,875.631,42500
2023-03-22,879.937,888.067,876.722,878.412,52000
2023-03-23,885.383,886.339,865.793,871.518,40600
2023-03-24,860.202,872.609,855.095,868.979,35500
2023-03-27,871.875,877.871,867.424,870.669,17000
2023-03-28,868.573,879.87,864.566,878.711,26300
2023-03-29,878.711,879.821,861.737,869.037,53800
2023-03-30,872.822,880.517,869.993,879.928,23000
2023-03-31,878.615,887.372,866.237,867.83,42500
2023-04-03,867.83,868.969,859.314,862.133,25800
2023-04-04,861.718,864.219,848.433,854.284,45200
2023-04-05,847.738,855.027,846.772,851.619,54400
2023-04-06,851.484,853.029,842.823,843.972,29200
2023-04-10,840.294,858.493,840.294,852.893,38400
2023-04-11,853.405,853.946,842.514,844.822,25800
2023-04-12,846.791,855.944,841.761,843.972,22200
2023-04-13,842.282,851.58,842.282,847.342,32300
2023-04-14,845.797,850.75,841.056,849.678,19100
2023-04-17,853.627,853.627,841.945,844.822,19000
2023-04-18,848.954,883.017,848.954,878.731,49900
2023-04-19,877.437,900.908,874.289,897.925,31900
2023-04-20,895.588,897.925,873.401,880.15,63400
2023-04-21,879.918,900.416,873.729,898.958,48100
2023-04-24,896.641,897.095,882.39,888.27,23200
2023-04-25,878.982,893.097,877.958,892.132,19100
2023-04-26,890.616,909.762,887.439,908.005,49000
2023-04-27,915.845,922.854,908.314,908.314,26100
2023-04-28,906.547,917.351,900.619,914.145,45300
2023-05-01,917.216,921.696,903.718,904.886,24500
2023-05-02,903.139,911.094,898.166,908.372,34000
2023-05-03,909.801,915.053,901.227,902.115,26800
2023-05-04,897.152,897.152,887.304,894.324,14600
2023-05-05,896.554,897.365,889.148,897.365,17000
2023-05-08,905.05,905.05,879.039,884.311,24700
2023-05-09,879.6,897.925,879.6,894.285,26000
2023-05-10,901.15,901.15,883.471,893.87,24600
2023-05-11,890.143,909.694,889.457,905.176,32900
2023-05-12,917.235,938.071,900.532,902.463,53300
2023-05-15,911.384,920.412,902.752,919.166,22300
2023-05-16,919.166,922.053,899.856,919.234,34900
2023-05-17,925.925,933.494,919.205,931.505,34400
2023-05-18,933.581,937.887,926.523,937.887,22000
2023-05-19,931.718,950.912,931.718,936.024,25700
2023-05-23,937.8,950.584,931.718,939.857,39900
2023-05-24,937.125,938.476,920.132,923.82,26400
2023-05-25,925.114,933.282,920.991,929.304,22100
2023-05-26,929.323,958.318,929.323,958.192,22400
2023-05-29,952.428,954.089,945.64,953.635,4200
2023-05-30,952.949,952.949,936.468,944.028,18500
2023-05-31,937.762,951.617,932.365,940.774,67800
2023-06-01,935.406,946.036,932.973,935.744,22600
2023-06-02,942.995,954.436,939.703,952.476,28200
2023-06-05,956.811,959.785,950.381,950.931,25500
2023-06-06,950.922,958.8,944.269,956.116,31800
2023-06-07,960.731,986.259,959.312,986.047,55900
2023-06-08,976.17,983.315,954.678,956.493,58100
2023-06-09,953.2,953.895,928.203,944.781,47900
2023-06-12,934.228,953.809,933.803,947.436,33600
2023-06-13,951.018,957.352,946.78,947.745,23600
2023-06-14,943.7,953.413,943.7,946.982,23400
2023-06-15,939.654,958.607,939.654,955.662,18100
2023-06-16,957.304,965.511,937.491,939.374,82900
2023-06-19,941.392,947.234,940.417,945.814,8700
2023-06-20,938.582,948.035,932.065,934.209,21700
2023-06-21,933.465,955.489,933.465,951.878,33500
2023-06-22,945.65,947.707,939.847,941.749,26200
2023-06-23,941.373,944.81,926.687,931.785,32400
2023-06-26,936.545,947.678,933.909,945.216,17200
2023-06-27,939.645,965.511,939.645,957.902,29900
2023-06-28,963.049,974.133,960.384,960.838,26200
2023-06-29,963.946,964.091,949.251,953.355,25500
2023-06-30,953.49,961.224,952.988,958.067,42600
2023-07-04,957.786,962.653,948.373,957.748,6400
2023-07-05,957.7,958.752,948.778,951.974,18700
2023-07-06,944.038,959.351,930.723,931.235,36600
2023-07-07,928.821,929.767,917.66,929.372,46500
2023-07-10,932.867,934.836,922.13,925.664,26000
2023-07-11,936.545,936.545,920.75,934.595,32500
2023-07-12,944.173,944.173,932.152,933.446,25600
2023-07-13,937.047,937.047,914.686,916.733,26800
2023-07-14,906.663,931.718,906.663,922.738,25600
2023-07-17,922.903,943.072,922.903,939.316,17300
2023-07-18,945.312,955.093,942.754,947.987,21000
2023-07-19,952.032,963.57,950.227,958.752,33300
2023-07-20,955.952,968.282,954.06,968.282,26700
2023-07-21,959.747,984.251,959.747,982.011,35100
2023-07-24,978.931,987.167,974.393,977.55,22200
2023-07-25,973.447,992.323,970.946,987.978,46900
2023-07-26,982.504,1003.31,982.504,991.232,31600
2023-07-27,993.037,1012.8,992.545,1009.48,20000
2023-07-28,1013.79,1021.18,1005.51,1020.17,19300
2023-07-31,1019.7,1027.59,1010.74,1015.76,34700
2023-08-01,1004.7,1027.4,1001.2,1026.06,26700
2023-08-02,1028.6,1043.21,1022.19,1042.75,70500
2023-08-03,1041.72,1055.3,1027.21,1044.34,30300
2023-08-04,1023.45,1094.43,1023.45,1089.08,55400
2023-08-08,1091.27,1107.13,1050.58,1065.38,60100
2023-08-09,1058.22,1093.01,1058.03,1087.16,40700
2023-08-10,1091.88,1101.59,1079.38,1087.85,37500
2023-08-11,1066.52,1090.41,1061.4,1089.12,36800
2023-08-14,1089.08,1093.35,1086.39,1091.51,22000
2023-08-15,1087.16,1097.34,1086.6,1094.3,26700
2023-08-16,1091.99,1102.51,1091.99,1096.82,28100
2023-08-17,1096.82,1096.99,1077.98,1078.31,30700
2023-08-18,1070.24,1087.14,1062.34,1083.27,29600
2023-08-21,1083.27,1084.43,1064.96,1077.36,26900
2023-08-22,1071.72,1088.8,1064.49,1086.59,39800
2023-08-23,1082.35,1101.12,1080.31,1096.84,30900
2023-08-24,1086.69,1102.98,1085.89,1099.23,40300
2023-08-25,1099.25,1112.45,1093.1,1093.86,26700
2023-08-28,1085.57,1101.25,1085.57,1092.45,37200
2023-08-29,1076.58,1092.28,1068.6,1082.18,49600
2023-08-30,1089.74,1092.96,1080.52,1082.95,31600
2023-08-31,1082.96,1085.23,1068.84,1075.84,110400
2023-09-01,1076.57,1095.68,1076.57,1086.22,22100
2023-09-05,1086.2,1087.16,1071.72,1080.06,20600
2023-09-06,1077.99,1092.29,1077.83,1077.83,19100
2023-09-07,1082.81,1095.52,1080.41,1082.96,26700
2023-09-08,1084.78,1084.78,1073.45,1075.74,14500
2023-09-11,1069.8,1088.12,1069.8,1081.37,14700
2023-09-12,1081.34,1096.34,1081.34,1090.09,19000
2023-09-13,1084.76,1099.46,1084.75,1090.78,34700
2023-09-14,1090.81,1102.62,1089.13,1096.45,23900
2023-09-15,1091.99,1108.12,1091.99,1107.63,63400
2023-09-18,1100.37,1109.85,1099.49,1101.65,12300
2023-09-19,1106.46,1112.36,1100.68,1105.97,23000
2023-09-20,1113.22,1119.99,1107.45,1111.79,18100
2023-09-21,1108.41,1115.77,1102.09,1107.78,26200
2023-09-22,1107,1120.29,1107,1119.18,23600
2023-09-25,1119.13,1119.13,1091.58,1099.34,27100
2023-09-26,1099.31,1105.24,1094.76,1100.12,17000
2023-09-27,1100.15,1100.73,1075.59,1077.95,30400
2023-09-28,1074.85,1094.42,1074.85,1094.42,24900
2023-09-29,1098.74,1098.74,1065.92,1070.53,34400
2023-10-02,1072.93,1104.82,1072.93,1101.63,32700
2023-10-03,1099.6,1115.23,1092.76,1101.18,46100
2023-10-04,1100.68,1121.92,1091.75,1117.14,30500
2023-10-05,1113.25,1127.72,1108.62,1121.37,23400
2023-10-06,1119.97,1129.76,1114.19,1126.06,20900
2023-10-10,1126.77,1135.02,1087.98,1088.15,33200
2023-10-11,1086.21,1108.63,1086.21,1100.22,31800
2023-10-12,1100.23,1110.07,1097.25,1101.21,18600
2023-10-13,1106.38,1109.85,1092.17,1093.92,10300
2023-10-16,1093.93,1101.66,1086.87,1089.6,19600
2023-10-17,1081.45,1105.72,1081.29,1092.68,26400
2023-10-18,1094.6,1095.85,1082.25,1082.25,27300
2023-10-19,1079.83,1082.39,1062.61,1070.65,29200
2023-10-20,1073.64,1076.53,1033.1,1046.71,41500
2023-10-23,1044.31,1056.29,1044.19,1047.32,17900
2023-10-24,1042.72,1061.77,1042.72,1056.85,32100
2023-10-25,1049.73,1090.14,1049.73,1084.2,38900
2023-10-26,1076.55,1110.34,1076.55,1109.37,31300
2023-10-27,1105.51,1105.51,1081.66,1082.4,27500
2023-10-30,1077.52,1112.27,1077.52,1107.05,31900
2023-10-31,1099.15,1134.67,1099.15,1114.23,85000
2023-11-01,1114.21,1125.19,1099.7,1120.66,55100
2023-11-02,1120.82,1154.37,1112.78,1115.92,69600
2023-11-03,1148.96,1205.39,1144.09,1181.28,75500
2023-11-06,1173.1,1227.21,1173.1,1210.09,81000
2023-11-07,1197.66,1214.34,1165.95,1182.97,43700
2023-11-08,1168.33,1206.68,1168.33,1204.56,58100
2023-11-09,1208.94,1212.52,1183.36,1192.41,30200
2023-11-10,1188.97,1211.72,1188.97,1199.91,20200
2023-11-13,1196.76,1209.65,1192.39,1196.75,26900
2023-11-14,1202.06,1216.9,1192.76,1202.84,300900
2023-11-15,1217.49,1217.49,1139.73,1186.49,57200
2023-11-16,1185.6,1190.49,1168.26,1178.79,29600
2023-11-17,1173.67,1184.02,1155.79,1157.22,24000
2023-11-20,1163.4,1185.2,1163.4,1180.89,28600
2023-11-21,1180.89,1192.01,1180.89,1184,22000
2023-11-22,1184,1198.19,1184,1195.04,27900
2023-11-23,1198.36,1215.67,1198.36,1206.41,5900
2023-11-24,1205.92,1217.87,1189.69,1194.22,25900
2023-11-27,1197.4,1202.21,1184.94,1196.55,40100
2023-11-28,1191.87,1213.33,1179.79,1191.38,51100
2023-11-29,1184.72,1194.12,1182.28,1186.95,37300
2023-11-30,1203.95,1213.63,1186.88,1204.25,102300
2023-12-01,1193.46,1206.35,1190.47,1204.75,21300
2023-12-04,1192.15,1207.98,1172.08,1176.29,63600
2023-12-05,1170.21,1187.08,1164.49,1167.57,41000
2023-12-06,1175.84,1175.84,1152.63,1157.34,36200
2023-12-07,1168.25,1194.34,1168.25,1182.87,42400
2023-12-08,1192.37,1204.76,1180.85,1194.59,53100
2023-12-11,1198.2,1220.44,1198.2,1212.4,65200
2023-12-12,1212.39,1221.68,1204.6,1205.67,39800
2023-12-13,1197.25,1202.97,1178.88,1182.45,48700
2023-12-14,1185.25,1187.07,1135.97,1157.89,77500
2023-12-15,1164.21,1169.06,1131.29,1139.97,75300
2023-12-18,1146.6,1165.51,1137.38,1160.45,57500
2023-12-19,1158.61,1162.52,1144.42,1146.49,51200
2023-12-20,1153.74,1156.78,1136.45,1141.54,63700
2023-12-21,1143.29,1157.04,1135.85,1144.65,98100
2023-12-22,1144.65,1155.86,1142.7,1153.79,63000
2023-12-27,1153.79,1169.03,1153.79,1168.27,29900
2023-12-28,1160.09,1196.44,1160.09,1182.43,36500
2023-12-29,1174.32,1186.52,1172.03,1180.35,28500
2024-01-02,1180.33,1185.65,1164.7,1168.95,49800
2024-01-03,1181.3,1188.95,1169.09,1177.64,51400
2024-01-04,1182.21,1200.06,1182.21,1198.15,34500
2024-01-05,1204.43,1243.4,1204.43,1238,75400
2024-01-08,1228.69,1254.96,1228.69,1252.86,52000
2024-01-09,1244.63,1244.67,1227.17,1237.61,97600
2024-01-10,1224.33,1256.12,1200.57,1207.71,125500
2024-01-11,1206.23,1218.65,1199.65,1209.6,146200
2024-01-12,1217.68,1217.68,1192.65,1208.94,305300
2024-01-15,1197.23,1226.83,1197.23,1219.13,52900
2024-01-16,1226.2,1232.3,1211.05,1221.96,121500
2024-01-17,1221.31,1232.29,1219.97,1226.39,132900
2024-01-18,1221.15,1258.45,1221.15,1255.83,188600
2024-01-19,1257.54,1286.42,1250.07,1279.38,245000
2024-01-22,1274.13,1299.7,1274.13,1298.37,150600
2024-01-23,1296.64,1314.09,1292.71,1312.91,106400
2024-01-24,1306.96,1321.22,1301.07,1304.58,160500
2024-01-25,1302.81,1315.76,1293.65,1311.89,147800
2024-01-26,1316.72,1341.29,1316.72,1340.19,46900
2024-01-29,1340.19,1368.88,1340.19,1366.56,76200
2024-01-30,1373.64,1401.17,1373.64,1395.35,54600
2024-01-31,1381.15,1392.82,1374.74,1375.12,85000
2024-02-01,1375.12,1383.2,1360.03,1371.32,102400
2024-02-02,1357.98,1381.2,1357.69,1363.67,69400
2024-02-05,1374.37,1380.28,1367.8,1373.18,99200
2024-02-06,1352.8,1379.02,1352.8,1376.54,71800
2024-02-07,1378.93,1388.33,1372.56,1378,92200
2024-02-08,1226.5,1305,1190.21,1214.28,314400
2024-02-09,1206.88,1258.14,1192.16,1237.46,149600
2024-02-12,1260.69,1307.33,1241.71,1298.52,176500
2024-02-13,1298.13,1304.61,1272.64,1293.45,138700
2024-02-14,1293.67,1336.49,1293.67,1328.83,82700
2024-02-15,1341.15,1378.16,1341.15,1374.31,86700
2024-02-16,1378.63,1393.27,1324.92,1349.12,92800
2024-02-20,1339.6,1354.06,1323.13,1336.13,72500
2024-02-21,1330.84,1344.84,1318.24,1320.03,49700
2024-02-22,1327.2,1348.95,1320.75,1344.24,68900
2024-02-23,1340.09,1387.66,1340.09,1383.49,52000
2024-02-26,1377.65,1407.27,1375.01,1398.52,55600
2024-02-27,1386.95,1406.26,1385.95,1387.01,74000
2024-02-28,1391.35,1417.83,1391.34,1409.27,51000
2024-02-29,1402.24,1422.74,1402.23,1421.36,84700
2024-03-01,1415.05,1438.37,1415.05,1422.9,42500
2024-03-04,1438.96,1453.83,1427.14,1445.63,53200
2024-03-05,1445.63,1452.55,1422.76,1429.54,50400
2024-03-06,1439.9,1456.81,1432.43,1443.74,54100
2024-03-07,1437.61,1461.36,1430.87,1454.11,48800
2024-03-08,1447.28,1455.89,1428.94,1438.16,71700
2024-03-11,1438.01,1459.21,1437.61,1459.21,44800
2024-03-12,1453.49,1464.71,1447.15,1463.12,50700
2024-03-13,1454.16,1468.2,1449.69,1465.23,47300
2024-03-14,1453.16,1486.66,1453.16,1484.17,50800
2024-03-15,1487.56,1504.9,1481.92,1491.33,85900
2024-03-18,1494.86,1510.15,1488.42,1508.62,34300
2024-03-19,1502.16,1521.66,1501.24,1519.82,41900
2024-03-20,1534.1,1534.1,1489.9,1491.57,48800
2024-03-21,1508.04,1512.85,1491.12,1497.85,42300
2024-03-22,1494.65,1506.14,1473.74,1476.18,59000
2024-03-25,1471.8,1492.67,1457.47,1468.35,178000
2024-03-26,1462.28,1469.52,1440.19,1454.92,176600
2024-03-27,1462.01,1462.01,1440.49,1440.5,48600
2024-03-28,1440.51,1465.56,1432.55,1432.65,54500
2024-04-01,1441.44,1447.47,1420.79,1430.03,33500
2024-04-02,1425.06,1443.95,1425.04,1425.92,44300
2024-04-03,1425.91,1447.66,1425.91,1442.6,46800
2024-04-04,1442.6,1473.76,1439.41,1460.9,54400
2024-04-05,1465.03,1491.42,1465.03,1487.9,31900
2024-04-08,1491.39,1491.39,1468.18,1473.03,41500
2024-04-09,1476.75,1479.73,1445.31,1453.04,46000
2024-04-10,1440.9,1482.23,1440.9,1473.37,36500
2024-04-11,1472.11,1485.78,1461.55,1463.86,41700
2024-04-12,1463.86,1463.86,1421.12,1449.29,38200
2024-04-15,1462.71,1477.37,1434.13,1434.76,53100
2024-04-16,1430.29,1455.07,1421.76,1453.68,62000
2024-04-17,1453.68,1467.07,1440.31,1455.32,46200
2024-04-18,1447.84,1476.3,1447.84,1476.3,46200
2024-04-19,1471.05,1491.42,1468.42,1485.33,28400
2024-04-22,1476.61,1481.96,1454.06,1454.14,41900
2024-04-23,1458.14,1467.43,1446.44,1452.87,54700
2024-04-24,1455.83,1463.95,1449.48,1449.48,34100
2024-04-25,1440.95,1459.01,1428.14,1458.58,38300
2024-04-26,1457.08,1466.62,1434.82,1458.26,62800
2024-04-29,1453.74,1480.58,1447.57,1479.68,28500
2024-04-30,1466.95,1481.01,1464.6,1468.57,42600
2024-05-01,1460.03,1508.16,1460.03,1499.61,32100
2024-05-02,1499.61,1504.08,1482.79,1495.33,21600
2024-05-03,1481.61,1520.87,1461.94,1514.32,66200
2024-05-06,1516.95,1523.47,1484.86,1522.36,30300
2024-05-07,1517.45,1533.08,1503.79,1532.91,33100
2024-05-08,1520.06,1534.27,1505.77,1523.05,45800
2024-05-09,1523.67,1545.69,1523.67,1533.08,38100
2024-05-10,1531.4,1550.31,1530.45,1541.48,22500
2024-05-13,1545.7,1553.93,1515.53,1518.85,30400
2024-05-14,1520.86,1536.25,1509.94,1518.85,41200
2024-05-15,1507.72,1530.66,1507.72,1523.86,33200
2024-05-16,1520.86,1529.79,1518.48,1527.2,17900
2024-05-17,1527.2,1527.2,1516.93,1521.99,121400
2024-05-21,1517.92,1522.82,1513.65,1520.86,126700
2024-05-22,1536.14,1536.14,1517.38,1521.73,32600
2024-05-23,1525.11,1533.3,1518.95,1520.86,23100
2024-05-24,1515.95,1534.86,1496.97,1534.63,37600
2024-05-27,1533.86,1540.07,1518.51,1540.07,10000
2024-05-28,1539.44,1540.48,1520.86,1533.62,25100
2024-05-29,1532.99,1538.52,1493.49,1493.57,37500
2024-05-30,1486.71,1499.08,1473.58,1480.22,60500
2024-05-31,1480.22,1508.79,1461.1,1505.46,108200
2024-06-03,1488.2,1508.96,1484.66,1502.5,41900
2024-06-04,1501.18,1503.86,1484.09,1503.86,45200
2024-06-05,1507.51,1525.77,1504.63,1525.03,41800
2024-06-06,1525.03,1540.48,1518.78,1527.08,37300
2024-06-07,1517.75,1533.61,1517.75,1532.45,27800
2024-06-10,1531.83,1544.78,1520.86,1521.38,39100
2024-06-11,1521.35,1524.32,1515.1,1517.04,28800
2024-06-12,1523.52,1526.76,1509.14,1518.28,38500
2024-06-13,1513.04,1517.74,1491.54,1492.21,32500
2024-06-14,1486.54,1500.43,1486.54,1497.86,35000
2024-06-17,1497.25,1506.14,1475.03,1492.45,42400
2024-06-18,1493.93,1507.61,1489.65,1502.82,34600
2024-06-19,1507.33,1508.74,1484.31,1485.12,38100
2024-06-20,1485.12,1496.28,1463.24,1473.76,39200
2024-06-21,1471.8,1489,1455.68,1465.79,115500
2024-06-24,1465.79,1496.38,1465.79,1496.38,42600
2024-06-25,1495.77,1499.93,1479.42,1498.68,49400
2024-06-26,1496.1,1499.34,1475.88,1492.01,33000
2024-06-27,1488.11,1526.91,1488.11,1520.86,37200
2024-06-28,1509.65,1533.91,1509.65,1527.07,24800
2024-07-02,1533.61,1542.45,1515.44,1541.59,30700
2024-07-03,1546.37,1560.93,1524.62,1537.51,41300
2024-07-04,1535.15,1547.35,1532.13,1540.48,10300
2024-07-05,1532.65,1540.25,1515.23,1520.86,30600
2024-07-08,1520.86,1560.11,1520.86,1560.11,33200
2024-07-09,1546.12,1556.86,1528.32,1528.42,25700
2024-07-10,1538.07,1538.07,1522.82,1522.82,20200
2024-07-11,1521.47,1552.25,1519.68,1546.97,43500
2024-07-12,1550.29,1571.2,1544.03,1551.17,20900
2024-07-15,1557.25,1564.94,1549.72,1552.92,12100
2024-07-16,1553.24,1571.76,1553.24,1554.37,31500
2024-07-17,1560.11,1569.92,1550.3,1554.68,22800
2024-07-18,1567.45,1575.76,1561.89,1575.62,21600
2024-07-19,1577.09,1593.94,1554.06,1563.15,32200
2024-07-22,1576.15,1577.08,1557.71,1568.09,24000
2024-07-23,1572.3,1572.3,1556.18,1558.14,26500
2024-07-24,1559.42,1569.28,1550.3,1562.21,12200
2024-07-25,1560.1,1560.1,1517.44,1520.86,31600
2024-07-26,1535.29,1558.41,1535.29,1546.09,21400
2024-07-29,1554.63,1568.75,1544.41,1557.28,29300
2024-07-30,1567.26,1583.55,1561.76,1564.28,24600
2024-07-31,1574.1,1597.62,1571.07,1597.62,35500
2024-08-01,1592.5,1593.91,1534.93,1543.4,49100
2024-08-02,1550.27,1550.27,1445.47,1463.93,75100
2024-08-06,1462.97,1466.86,1427.59,1452.62,77200
2024-08-07,1453.21,1470.77,1398.21,1420.06,45000
2024-08-08,1411.14,1447.84,1411.14,1434.98,43400
2024-08-09,1432.22,1476.69,1432.22,1471.81,37800
2024-08-12,1465.92,1484.13,1457.67,1481,32900
2024-08-13,1481,1498.25,1476.88,1494.3,48900
2024-08-14,1539.5,1539.5,1501.07,1507.54,45700
2024-08-15,1519.88,1539.46,1511.58,1530.88,34900
2024-08-16,1532.24,1532.63,1519.61,1532.63,21000
2024-08-19,1524.28,1534.81,1508.56,1511.96,33200
2024-08-20,1520.25,1546.4,1512.03,1546.36,28900
2024-08-21,1546.36,1572.85,1528.56,1569.92,31100
2024-08-22,1570.76,1570.76,1554.82,1557.22,19600
2024-08-23,1561.58,1571.67,1552.64,1559.83,15000
2024-08-26,1556.67,1579.28,1556.67,1574.83,25200
2024-08-27,1559.75,1580.67,1559.75,1574.83,29300
2024-08-28,1579.73,1580.96,1572.59,1576.8,28700
2024-08-29,1577.54,1591.61,1574.83,1588.56,36000
2024-08-30,1580.36,1598.72,1579.74,1596.37,61900
2024-09-03,1609.17,1609.17,1588.53,1602.54,40600
2024-09-04,1602.19,1602.19,1591.56,1594.45,31700
2024-09-05,1591.51,1619.18,1588.56,1612.85,47200
2024-09-06,1619.31,1619.31,1567.1,1572.52,45900
2024-09-09,1577.44,1599.51,1574.1,1580.71,53400
2024-09-10,1580.7,1618.51,1573.46,1618.51,38000
2024-09-11,1612.65,1623.05,1594.47,1616.62,37500
2024-09-12,1622.7,1637.25,1615.24,1637.25,38900
2024-09-13,1636.63,1637.62,1617.9,1625.51,24800
2024-09-16,1620.93,1654.85,1620.93,1653.3,22300
2024-09-17,1657.74,1667.95,1644.18,1656.83,24300
2024-09-18,1653.68,1665.27,1640.27,1657.57,16700
2024-09-19,1679.23,1679.23,1642.05,1662.15,57600
2024-09-20,1669.92,1669.92,1638.58,1658.23,127600
2024-09-23,1666.69,1667.31,1632.12,1639.67,36500
2024-09-24,1633.7,1638.6,1608.64,1614.71,102100
2024-09-25,1622.32,1652.67,1608.43,1647.67,30000
2024-09-26,1661.58,1669.48,1645.84,1647.86,36000
2024-09-27,1648.25,1661.05,1644.6,1652.16,21500
2024-09-30,1647.42,1675.57,1636.76,1675.57,32900
2024-10-01,1655.45,1685.43,1655.45,1685.43,32100
2024-10-02,1681.47,1705,1670.65,1676.57,33600
2024-10-03,1671.18,1706.31,1666.25,1696.65,27900
2024-10-04,1709.97,1724.06,1704.09,1712.99,28900
2024-10-07,1704.79,1711.94,1674.31,1674.31,29000
2024-10-08,1685.49,1685.66,1658.52,1667.06,41200
2024-10-09,1665.96,1665.96,1625.01,1626.34,77200
2024-10-10,1637.75,1711.34,1637.75,1689.06,39600
2024-10-11,1696.73,1724.72,1685.65,1721.33,31100
2024-10-15,1711.05,1729.25,1705.33,1727.3,33600
2024-10-16,1735.95,1735.95,1699.77,1709.54,27200
2024-10-17,1703.07,1731.82,1703.07,1726.91,21700
2024-10-18,1723.45,1723.45,1696.04,1696.04,25300
2024-10-21,1686.04,1711.81,1686.04,1707.28,33600
2024-10-22,1705.8,1717.1,1693.55,1702.79,26500
2024-10-23,1694.53,1704.28,1682.76,1701.68,19700
2024-10-24,1694.86,1723.17,1694.86,1709.52,22600
2024-10-25,1699.13,1716.21,1699.13,1704.05,15000
2024-10-28,1708.27,1717.1,1698.78,1717.09,20200
2024-10-29,1717.11,1737.71,1717.11,1735.77,42700
2024-10-30,1725.22,1730.25,1707.8,1719.63,26500
2024-10-31,1724.26,1724.26,1682.81,1697.72,36600
2024-11-01,1717.1,1852.54,1683.26,1852.54,70100
2024-11-04,1829.94,1854.82,1766.16,1781.09,47600
2024-11-05,1760.92,1803.38,1760.92,1788.4,25700
2024-11-06,1788.39,1829.88,1768.79,1776.39,26500
2024-11-07,1766.16,1790.64,1763.26,1787.19,49500
2024-11-08,1785.77,1801.17,1767.99,1801.17,31400
2024-11-11,1815.22,1845.06,1805.39,1826.15,27400
2024-11-12,1826.15,1861.8,1824.77,1844.16,34000
2024-11-13,1839.75,1871.53,1839.75,1861.66,37200
2024-11-14,1861.48,1894.51,1861.48,1887.48,40800
2024-11-15,1871.52,1886.33,1871.52,1879,27600
2024-11-18,1864.71,1890.77,1864.7,1881.93,26100
2024-11-19,1881.17,1902.94,1876.58,1886.58,23600
2024-11-20,1887.35,1916.28,1875.52,1913.73,42800
2024-11-21,1925.27,1932.05,1909.63,1922.4,58700
2024-11-22,1937.9,1950.76,1922.62,1932.97,49900
2024-11-25,1933.76,1941.49,1909.29,1918.33,72400
2024-11-26,1926.5,1943.76,1916.72,1933.79,34300
2024-11-27,1924.11,1942.72,1923.15,1935,17800
2024-11-28,1934.22,1951.85,1917.27,1936.77,9500
2024-11-29,1945.9,1954.02,1930.82,1948.96,279000
2024-12-02,1969.11,1981.53,1959.3,1969.29,30500
2024-12-03,1972.22,1983.99,1939.83,1963.59,37500
2024-12-04,1972.31,1996.37,1967,1977.11,43200
2024-12-05,1973.2,2000.86,1970.93,1995.4,22700
2024-12-06,2012.52,2032.55,2007.52,2013.02,38800
2024-12-09,1986.93,1986.93,1934.34,1973.19,80200
2024-12-10,1973.19,1983.53,1955.13,1960.49,35100
2024-12-11,1959.45,1973.43,1947.68,1970.51,58700
2024-12-12,1967.35,1967.35,1944.13,1945.85,42700
2024-12-13,1947.7,1958.11,1943.84,1954.75,36500
2024-12-16,1956.86,1972.24,1950.11,1962.4,42900
2024-12-17,1948.5,1969.76,1948.5,1956.2,46900
2024-12-18,1961.83,1971.52,1944.32,1952.66,40000
2024-12-19,1942.78,1963.73,1916.3,1958.57,40000
2024-12-20,1940.86,1980.53,1936.85,1960.4,289200
2024-12-23,1950.64,1972.21,1950.64,1965.35,43000
2024-12-24,1971.23,1972.59,1962.41,1971.23,6300
2024-12-27,1975.26,1975.26,1953.45,1963.12,48600
2024-12-30,1947.48,1964.29,1946.7,1955.09,34600
2024-12-31,1955.09,1968.48,1954.92,1962.4,27400
2025-01-02,1962.4,1967.31,1940.19,1940.8,33900
2025-01-03,1949.91,1967.31,1934.52,1958.48,35300
2025-01-06,1967.31,1967.31,1927.57,1932.96,63200
2025-01-07,1925.76,1942.78,1912.54,1925.87,68600
2025-01-08,1911.85,1934.53,1911.85,1924.09,56000
2025-01-09,1918.25,1924.64,1912.41,1913.34,20500
2025-01-10,1919.27,1928.94,1903.54,1915.1,169700
2025-01-13,1900.92,1916.42,1893.72,1899.11,123000
2025-01-14,1904.29,1951.47,1888.81,1944.53,390400
2025-01-15,1944.55,1961.42,1929.3,1954.38,129200
2025-01-16,1964.15,1971.91,1949.1,1957.35,62800
2025-01-17,1972.79,1992.25,1966.62,1979.41,102200
2025-01-20,1977.18,1977.18,1959.96,1967.47,29700
2025-01-21,1936.1,1993.22,1936.1,1990.11,299600
2025-01-22,1990.11,2011.39,1983.82,2003.18,47000
2025-01-23,1990.58,2011.9,1990.58,1999.78,38600
2025-01-24,2002.1,2010.23,1995.82,1998.27,36200
2025-01-27,1991.11,1999.69,1979.96,1982.19,41300
2025-01-28,1995.89,1995.89,1958.03,1960.48,31700
2025-01-29,1959.02,1975.21,1949.1,1949.83,35700
2025-01-30,1949.44,1966.44,1949.08,1954.43,18800
2025-01-31,1954.64,1961.5,1940.43,1940.43,34000
2025-02-03,1889.6,1967.9,1884.67,1952.37,45000
2025-02-04,1954.07,1981.61,1945.63,1969.09,58600
2025-02-05,1979.85,2003.62,1967.99,1981.82,36800
2025-02-06,1997.67,2019.75,1992.58,2008.91,51400
2025-02-07,2018.53,2018.53,1989.79,1993.74,85500
2025-02-10,1994.54,1999.26,1980.84,1982.84,102800
2025-02-11,1982.84,1983.81,1963.17,1963.98,72100
2025-02-12,1978.83,1993.78,1975.19,1984.71,48200
2025-02-13,1988.98,1992.25,1968.78,1983.82,59000
2025-02-14,1983.83,2102.49,1983.83,2053.44,90900
2025-02-18,2033.41,2092.88,2033.35,2063.17,87800
2025-02-19,2063.17,2069.29,2046.85,2054.77,75500
2025-02-20,2041.17,2056.65,2029.71,2030.41,37100
2025-02-21,2022.33,2046.07,1988.35,1989.77,46900
2025-02-24,1995.55,2035.16,1988.18,2025.49,51900
2025-02-25,2022.49,2050.07,2017.54,2048.61,38700
2025-02-26,2038.19,2048.31,2016.89,2031.19,55800
2025-02-27,2041.36,2043.33,2016.27,2023.48,48300
2025-02-28,2018.53,2065.44,2013.58,2063.2,103200
2025-03-03,2082.14,2082.14,2039.9,2049.29,74200
2025-03-04,2048.46,2051.86,1994.15,2031.24,58500
2025-03-05,2028.45,2060.62,2012.75,2056.39,65500
2025-03-06,2030.77,2044.4,2000.32,2012.41,49800
2025-03-07,2005.45,2031.72,1996.09,2029.05,41300
2025-03-10,1999.69,1999.69,1910,1948.48,130500
2025-03-11,1938.73,1964.74,1936.94,1943.51,66100
2025-03-12,1950.37,1950.37,1917.52,1929.49,58400
2025-03-13,1920.73,1929.66,1906.97,1910.53,54400
2025-03-14,1907.44,1963.56,1907.44,1960.38,54800
2025-03-17,1966.01,2000.16,1963.91,1990.5,44000
2025-03-18,1975.47,1990.83,1961.71,1968.84,44400
2025-03-19,1981.83,1987.29,1966.42,1987.29,24700
2025-03-20,1987.72,2010.09,1981.09,1983.14,30400
2025-03-21,1983.14,1992.29,1968.94,1973.33,145300
2025-03-24,1990.86,2012.32,1990.86,2010.18,35100
2025-03-25,2021.49,2035.08,2010.2,2014.23,27000
2025-03-26,2022.58,2027.86,1994.89,2020.35,28500
2025-03-27,2026.93,2044.62,2026.23,2035.01,41300
2025-03-28,2032.43,2035.4,2016.53,2020.25,35800
2025-03-31,2019.44,2072.74,1998.7,2063.01,52400
2025-04-01,2045.14,2129.94,2045.14,2126.08,47100
2025-04-02,2126.08,2136.53,2110.68,2122.64,51800
2025-04-03,2112.73,2119.68,2043.74,2054.36,63800
2025-04-04,2009.12,2024.72,1922.08,1922.08,65700
2025-04-07,1877.17,1939.88,1822.06,1880.78,75800
2025-04-08,1908.49,1952.27,1864.66,1881.97,65500
2025-04-09,1877.46,2000.48,1858.52,1962.27,83400
2025-04-10,1934.38,1961.92,1915.23,1921.07,63700
2025-04-11,1921.07,1981.5,1921.07,1973.92,40400
2025-04-14,1984.93,2012.58,1984.93,2007.1,35700
2025-04-15,1989.57,2035.51,1989.57,2029.17,33500
2025-04-16,2026.05,2043.31,2015.56,2041.06,42000
2025-04-17,2030.95,2048.29,2021.28,2038.01,27900
2025-04-21,2011.4,2030.14,2006.14,2013.6,13800
2025-04-22,2029.67,2064.74,2029.67,2043.34,22400
2025-04-23,2078.05,2085.35,2064.15,2079.24,19400
2025-04-24,2083.01,2118.26,2057.1,2073.07,48100
2025-04-25,2068.97,2107.29,2068.97,2105.89,21200
2025-04-28,2101.24,2139.43,2092,2107.24,24400
2025-04-29,2094.76,2122.97,2088.26,2117.65,26700
2025-04-30,2117.65,2136.81,2093.58,2134.89,48000
2025-05-01,2128.64,2150.46,2114.75,2136.58,42900
2025-05-02,2183.2,2187.16,2128.69,2177.65,45100
2025-05-05,2177.65,2202.04,2152.44,2171.18,45400
2025-05-06,2148.38,2181.94,2148.38,2177.2,239200
2025-05-07,2185.17,2215.25,2183.77,2212.97,42400
2025-05-08,2213.86,2226.82,2186.15,2205.76,53600
2025-05-09,2219.99,2219.99,2165.83,2181.55,39500
2025-05-12,2234.7,2234.7,2172.06,2183.2,31000
2025-05-13,2206.1,2215.91,2188.84,2197.42,30100
2025-05-14,2208.42,2217.45,2190.44,2209.95,24600
2025-05-15,2211,2238.74,2211,2224.21,26100
2025-05-16,2208.98,2242.15,2208.98,2236.65,27900
2025-05-20,2229.96,2273.12,2229.96,2260.84,39400
2025-05-21,2268.27,2268.64,2246.67,2259.79,37300
2025-05-22,2262.54,2280.42,2239.35,2279.37,34500
2025-05-23,2276.85,2284.58,2260.46,2279.42,25800
2025-05-26,2296.27,2311.18,2285.35,2304.19,9000
2025-05-27,2322.05,2366.36,2318.41,2331.59,52000
2025-05-28,2331.59,2348.84,2307.56,2311.37,58900
2025-05-29,2338.91,2338.91,2281.4,2283.36,43400
2025-05-30,2287.75,2330.99,2259.14,2316.19,146500
2025-06-02,2309.17,2311.12,2251.63,2273.33,68000
2025-06-03,2288.61,2288.63,2246.67,2286.95,50700
2025-06-04,2304.16,2307.37,2275.55,2285.18,57500
2025-06-05,2289.33,2291.3,2260.47,2269.73,41900
2025-06-06,2274.53,2275.79,2254.53,2263.36,24400
2025-06-09,2263.36,2285.3,2239.89,2246.39,47600
2025-06-10,2246.39,2293.28,2223.86,2290.9,54700
2025-06-11,2291.82,2302.62,2271.49,2273.04,39400
2025-06-12,2273.04,2317.09,2262.11,2316.14,34400
2025-06-13,2295.48,2339.2,2294.48,2336.49,37500
2025-06-16,2336.49,2397.86,2336.49,2381.58,50200
2025-06-17,2375.59,2401.5,2370.86,2396.29,33100
2025-06-18,2396.29,2427.5,2383.08,2396.24,33200
2025-06-19,2396.24,2398.38,2384.55,2396.46,11200
2025-06-20,2400.42,2415.87,2386.73,2406.58,106000
2025-06-23,2401.5,2464.88,2399.86,2461.91,45800
2025-06-24,2451,2488.27,2451,2486.57,57800
2025-06-25,2472.23,2484.2,2421.04,2422.4,65700
2025-06-26,2439.12,2451.11,2401.24,2415.86,41400
2025-06-27,2410.36,2436.7,2399.76,2419.25,47800
2025-06-30,2429.2,2446.03,2419.5,2438.11,29400
2025-07-02,2402.41,2424.16,2376.9,2384.89,65000
2025-07-03,2390.86,2414.22,2390.25,2409.82,21900
2025-07-04,2413.02,2417.54,2408.97,2410.47,4500
2025-07-07,2401.63,2448.31,2401.63,2433.24,45000
2025-07-08,2452.99,2455.16,2428.62,2448.58,39900
2025-07-09,2442.13,2466.03,2437.71,2439.19,27800
2025-07-10,2432.72,2457.92,2432.36,2451.27,64300
2025-07-11,2444.06,2453.68,2434.14,2446.9,32200
2025-07-14,2449.31,2453.48,2444.56,2450.08,30400
2025-07-15,2450.01,2450.01,2425.77,2429.68,21900
2025-07-16,2436.15,2437.11,2414.95,2428.26,30800
2025-07-17,2411.3,2430.37,2393.8,2394.46,39200
2025-07-18,2401.52,2433.56,2395.28,2428.68,45300
2025-07-21,2411.3,2433.03,2409.44,2426.04,31100
2025-07-22,2426.04,2428.08,2414.62,2414.98,34000
2025-07-23,2402.9,2427.8,2400.42,2415.45,31600
2025-07-24,2407.55,2418.68,2402.19,2416.24,28800
2025-07-25,2416.24,2440.68,2416.24,2423.55,20400
2025-07-28,2423.55,2448.93,2423.55,2447.89,27200
2025-07-29,2464.86,2491.34,2458.91,2489.22,52500
2025-07-30,2501.54,2501.54,2433.52,2441.21,51800
2025-07-31,2441.21,2450.99,2425.34,2430.93,65200
2025-08-01,2430.93,2443.84,2361.68,2382.39,56100
2025-08-05,2400.46,2420.26,2382.88,2399.06,69200
2025-08-06,2411.84,2411.84,2361.47,2371.86,64900
2025-08-07,2371.86,2402.69,2364.28,2383.55,71000
2025-08-08,2400.38,2400.38,2340.9,2346.15,56000
2025-08-11,2346.14,2352.01,2321.07,2327,32900
2025-08-12,2327,2338.09,2316.07,2319.17,54400
2025-08-13,2332.98,2347.97,2318.56,2336.13,57200
2025-08-14,2347.67,2363.88,2337.45,2344.43,50700
2025-08-15,2349.63,2364.59,2341.31,2364.59,45900
2025-08-18,2379.6,2383.18,2366.56,2380.23,49700
2025-08-19,2380.23,2393.28,2358.1,2359.75,36100
2025-08-20,2361.76,2377.54,2348.32,2348.32,55300
2025-08-21,2363.59,2403.59,2357.73,2401.13,45200
2025-08-22,2408.65,2429.33,2399.46,2408.25,50500
2025-08-25,2404.79,2424.7,2351.99,2363.72,46800
2025-08-26,2363.72,2364.27,2325.66,2330.85,110800
2025-08-27,2336.72,2346.51,2316.59,2336.59,49500
2025-08-28,2322.28,2360.24,2319.94,2358.5,54600
2025-08-29,2333.17,2361.88,2332,2345.19,48500
2025-09-02,2340.84,2371.08,2331.02,2357.77,55500
2025-09-03,2357.77,2398.55,2357.77,2380.29,45700
2025-09-04,2381.49,2398.15,2364.71,2366.67,25500
2025-09-05,2374.63,2381.18,2354.89,2357.62,56000
2025-09-08,2360.81,2360.81,2330.42,2345.44,31600
2025-09-09,2352.02,2403.05,2345.86,2396.9,43700
2025-09-10,2402.43,2414.68,2390.8,2401.41,47700
2025-09-11,2414.56,2422.68,2401.41,2418.6,38600
2025-09-12,2406.5,2425.53,2405.2,2421.09,116700
2025-09-15,2421.09,2421.09,2380.37,2398.14,34100
2025-09-16,2396.93,2401.54,2346.17,2357.06,70200
2025-09-17,2357.06,2374.81,2356.05,2365.83,37100
2025-09-18,2363.96,2421.58,2363.96,2408.49,48300
2025-09-19,2408.34,2454.97,2402.39,2446.78,112400
2025-09-22,2446.05,2449.23,2413.03,2435.37,79300
2025-09-23,2443.83,2443.83,2407.77,2411.44,62500
2025-09-24,2417.06,2417.06,2363.72,2370.12,55100
2025-09-25,2368.93,2387.46,2333.98,2379.27,44800
2025-09-26,2379.27,2390.5,2375.97,2379.01,25300
2025-09-29,2380.58,2414.58,2380.58,2398.1,23400
2025-09-30,2410.1,2426,2390.54,2415.1,40200
2025-10-01,2418.27,2436.86,2405.37,2410.12,22100
2025-10-02,2438.88,2438.88,2405.13,2428.45,27900
2025-10-03,2438.39,2441.96,2426.9,2430.26,17400
2025-10-06,2445.03,2445.03,2416.42,2425.23,26800
2025-10-07,2443.83,2443.83,2410.95,2422.9,23300
2025-10-08,2440.1,2456.78,2434.13,2448.31,32900
2025-10-09,2452.89,2452.89,2418.23,2438.15,17200
2025-10-10,2441.96,2445.16,2417.13,2427.16,18600
2025-10-14,2457.02,2500.46,2449.49,2484.44,40100
2025-10-15,2501.88,2501.92,2407.86,2411.69,36500
2025-10-16,2429.17,2429.17,2320.11,2324.35,73600
2025-10-17,2336.08,2336.08,2296.24,2308.51,77000
2025-10-20,2309.67,2331.21,2286.39,2293.48,72600
2025-10-21,2304.04,2305.19,2222.12,2227.75,73100
2025-10-22,2240.44,2301.97,2240.44,2279.57,71700
2025-10-23,2300.08,2317.77,2281.85,2306.37,128200
2025-10-24,2306.19,2320.83,2286.87,2293.55,28200
2025-10-27,2302.66,2314.34,2291.66,2307.24,21000
2025-10-28,2317.61,2324.79,2299.43,2305.61,36300
2025-10-29,2298.42,2315.52,2219.96,2235.63,64000
2025-10-30,2236.75,2262.87,2236.74,2259.6,39100
2025-10-31,2243.49,2266.28,2241.68,2258.67,47000
2025-11-03,2224.97,2246.69,2182.2,2220.68,51500
2025-11-04,2182.2,2228.8,2172.34,2226.83,71500
2025-11-05,2227.96,2252.57,2207.06,2209.2,52700
2025-11-06,2210.31,2210.31,2165.46,2195,71200
2025-11-07,2235.76,2235.76,2130.67,2192.74,66900
2025-11-10,2133.67,2210.19,2127.64,2202.01,97700
2025-11-11,2210.15,2236.01,2184.41,2186.13,45000
2025-11-12,2188.33,2236.69,2188.33,2234.54,53800
2025-11-13,2236.44,2243.53,2210.88,2231.15,47300
2025-11-14,2214.89,2290.98,2214.89,2273.3,105900
2025-11-17,2270.27,2339.52,2270.27,2337.99,62400
2025-11-18,2330.39,2365.7,2317.94,2337.7,57700
2025-11-19,2319.14,2360.37,2295.1,2333.98,59400
2025-11-20,2367.68,2384.7,2339.33,2345.07,48300
2025-11-21,2354.2,2385.03,2338.76,2383.48,54100
2025-11-24,2384.68,2389.25,2359.51,2381.71,142500
2025-11-25,2380.54,2434.04,2380.54,2418.06,46300
2025-11-26,2428.96,2429.25,2380.57,2408.13,43400
2025-11-27,2391.8,2405.22,2387.16,2394.94,46200
2025-11-28,2420.23,2420.23,2379.76,2386.86,41900
2025-12-01,2386.86,2398.26,2374.52,2378.31,30900
2025-12-02,2351.84,2379.56,2342.73,2349.92,46300
2025-12-03,2346.88,2367.05,2344.08,2351.25,43700
2025-12-04,2346.87,2382.47,2346.87,2363.65,53100
2025-12-05,2374.42,2385.25,2299.03,2302.59,48500
2025-12-08,2380.58,2419.86,2371.16,2411.54,110300
2025-12-09,2386.87,2410.87,2376.19,2381.78,48200
2025-12-10,2381.78,2446.67,2381.78,2425.65,56500
2025-12-11,2412.97,2450.05,2411.43,2413.52,152000
2025-12-12,2413.53,2437.52,2410.88,2429.89,50100
2025-12-15,2422.91,2479.77,2422.91,2476.52,33700
2025-12-16,2469.29,2498.5,2457.37,2468.18,81000
2025-12-17,2461.61,2486.83,2413.74,2465.72,47900
2025-12-18,2480.11,2496.63,2457.27,2466.74,67600
2025-12-19,2467.98,2520.44,2467.98,2520.41,656200
2025-12-22,2523.15,2553.04,2506.87,2532.81,99900
2025-12-23,2521.68,2561.83,2520.41,2547.93,83100
2025-12-24,2563.17,2571.03,2545.95,2563.37,30500
2025-12-29,2563.59,2614.01,2563.59,2597.01,93300
2025-12-30,2592.16,2638.48,2592.16,2603.25,32100
2025-12-31,2590.89,2635.06,2589.91,2594.72,26700
2026-01-02,2595.87,2605.97,2576.65,2584.76,32500
2026-01-05,2678.15,2678.15,2547.45,2557.11,88400
2026-01-06,2575.94,2576.78,2499.71,2527.14,93900
2026-01-07,2527.14,2539.8,2474.81,2518.61,88500
2026-01-08,2527.83,2561.19,2519.42,2554.37,56000
2026-01-09,2565.17,2594.04,2556.59,2592.59,109900
2026-01-12,2627.11,2627.11,2578.96,2588.83,236200
2026-01-13,2588.83,2608.72,2523.1,2529.37,172900
2026-01-14,2495.6,2565.22,2495.6,2551.93,271700
2026-01-15,2572.75,2594.44,2566.3,2570.25,34400
2026-01-16,2567.07,2575.89,2436.42,2436.42,119800
2026-01-19,2471.01,2471.02,2399.98,2399.98,87900
2026-01-20,2434.32,2443.38,2396.78,2408.12,112900
2026-01-21,2408.86,2431,2385.14,2422.35,296400
2026-01-22,2381.1,2400,2191.2,2308.41,148800
2026-01-23,2320,2340.72,2282.77,2286.04,86400
2026-01-26,2287.19,2330.8,2287.19,2310.73,84300
2026-01-27,2290.15,2329.38,2239.27,2250.96,73000
2026-01-28,2249.19,2279.45,2216.43,2221.68,91300
2026-01-29,2235.02,2291.85,2208.93,2224.76,175900
2026-01-30,2260.01,2260.01,2188.74,2247.13,119300
2026-02-02,2248.88,2292.33,2235.7,2270.43,61700
2026-02-03,2286.96,2286.96,2233.85,2238.98,110100
2026-02-04,2255.98,2332.42,2250,2299.53,75700
2026-02-05,2253.54,2342.36,2253.53,2315.21,73000
2026-02-06,2332.3,2362.91,2324.29,2337.1,51800
2026-02-09,2321.16,2345.73,2307.31,2318.21,141900
2026-02-10,2315.63,2368.01,2315.63,2346.03,71600
2026-02-11,2347.21,2349.9,2300.35,2305.68,56400
2026-02-12,2325.99,2349.93,2293.4,2316.44,78300
2026-02-13,2334.01,2379.27,2331.19,2356.86,35500
2026-02-17,2346,2380,2346,2365,74200
2026-02-18,2346.23,2388,2319.5,2380.98,41900
2026-02-19,2353.35,2368.68,2322.56,2325.98,36300
2026-02-20,2363.5,2380,2315.2,2337.89,73600
2026-02-23,2337.89,2363.91,2313.04,2336.59,82700
2026-02-24,2314.04,2330.14,2264.69,2322.87,68800
2026-02-25,2311.56,2363.07,2306.86,2326.23,71800
2026-02-26,2363.82,2387.96,2322.23,2337.66,73500
2026-02-27,2322.17,2371,2320.28,2347.75,168500
2026-03-02,2300.34,2379.45,2300.34,2338.16,61700
2026-03-03,2338,2347.18,2289.35,2339.66,87000
2026-03-04,2335.46,2373,2300.91,2337.23,64500
2026-03-05,2290.48,2351.96,2274.17,2280.01,49900
2026-03-06,2280.01,2283.4,2206.65,2214.37,86400
2026-03-09,2214.38,2256.33,2151.07,2242.19,134000
2026-03-10,2291,2306.94,2247.27,2266.81,107800
2026-03-11,2236.32,2302.12,2235.2,2272.66,98400
2026-03-12,2271.51,2310.59,2221.56,2262.93,81000
2026-03-13,2264.07,2295.49,2248.72,2266.72,138600
2026-03-16,2261.66,2369.3,2260.12,2348.98,86500
2026-03-17,2344.15,2390.57,2331.42,2370.61,64100
2026-03-18,2369.41,2427.88,2357.2,2409.22,62300
2026-03-19,2422.95,2422.95,2360,2370.99,55700
2026-03-20,2371.01,2412.62,2371.01,2383.93,254200
2026-03-23,2409.98,2424.22,2371.65,2379.99,81600
2026-03-24,2379.64,2391.35,2328.88,2344.86,75500
2026-03-25,2359.31,2359.32,2318.91,2336.96,87000
2026-03-26,2344.83,2399.98,2318.86,2335.21,55700
2026-03-27,2329.82,2335.11,2296.71,2308.98,51700
2026-03-30,2300.38,2352.48,2299.39,2313.68,124300
2026-03-31,2315.6,2372.88,2315.6,2370.32,203100
2026-04-01,2400.9,2400.9,2341.89,2346.72,84200
2026-04-02,2345.54,2375.07,2344.95,2363.41,39600
2026-04-06,2349.28,2401.7,2349.28,2381.44,39700
2026-04-07,2374.5,2378.5,2350,2373.99,55900
2026-04-08,2418.79,2418.79,2381.95,2400.74,53100
2026-04-09,2384.7,2421.1,2382.95,2408.28,34900
2026-04-10,2423.99,2424.94,2376.03,2388.98,30300
2026-04-13,2359.06,2428.81,2359.06,2424.2,28400
2026-04-14,2415.21,2429.45,2379.01,2394.98,43600
2026-04-15,2396.19,2419.97,2385.81,2395.82,37700
2026-04-16,2395.82,2428.08,2370.95,2390.89,42100
2026-04-17,2392.1,2460.16,2392.1,2456.84,43800
2026-04-20,2447.94,2488.13,2443.2,2482.09,59000
2026-04-21,2481.33,2487.1,2455.97,2465.48,83100
2026-04-22,2467,2474.87,2444.81,2472.36,31300
2026-04-23,2483.63,2483.98,2464.05,2474.17,42300
2026-04-24,2457.23,2494.41,2424.57,2424.67,25200
2026-04-27,2408.5,2424.71,2354,2361.03,45300
2026-04-28,2368.04,2375.05,2339.13,2340.98,36600
2026-04-29,2373.58,2373.58,2333.37,2346.41,78400
2026-04-30,2363.74,2365.01,2340.9,2350.67,64400
2026-05-01,2330,2335.02,2168.14,2170.28,168800
2026-05-04,2210.01,2273,2207.19,2210.02,124300
2026-05-05,2211.28,2275,2210.15,2256.81,59500
2026-05-06,2254.24,2267.42,2200,2215.31,70700
2026-05-07,2193.22,2243.75,2193.16,2211.71,54200
2026-05-08,2211.71,2261.39,2194.77,2247.48,54600
2026-05-11,2247.47,2282.08,2243.78,2257.83,57800
2026-05-12,2286.85,2286.85,2216.11,2219.84,51400
2026-05-13,2227.06,2235,2194.01,2213.45,45000
2026-05-14,2191.85,2224,2185.9,2194.47,42600
2026-05-15,2212.41,2212.41,2164.9,2170.9,45700
2026-05-19,2180.43,2225.42,2180.43,2206.99,60900
2026-05-20,2207.01,2251.05,2207.01,2248.15,40200
2026-05-21,2248.15,2276.71,2226.73,2257.54,47400
2026-05-22,2277.79,2277.79,2223.81,2230.97,34100
2026-05-25,2264.7,2274,2225,2250.09,25800
2026-05-26,2227.16,2244.64,2216.5,2226.9,67300
2026-05-27,2200.01,2218.95,2165,2171.33,125400
2026-05-28,2165.63,2192.12,2149.75,2153.17,72900
2026-05-29,2152.55,2178.67,2142.37,2145.7,189200
2026-06-01,2146.01,2202.71,2066.16,2111.76,110100
2026-06-02,2136.92,2191.39,2136.92,2165.99,75800
2026-06-03,2158.9,2230.16,2157.09,2169.45,53900
2026-06-04,2170.55,2209.73,2170.55,2195.73,34000
2026-06-05,2195.74,2222.77,2195.73,2220.71,24600
2026-06-08,2222.46,2255.58,2222.46,2252.77,28700
2026-06-09,2252.78,2273.95,2242.5,2252.14,32000
2026-06-10,2252.14,2290.29,2248.46,2279.69,22800
2026-06-11,2279.69,2288.51,2230.36,2279.88,39700
2026-06-12,2290.94,2292.09,2250,2263.69,91800
2026-06-15,2290,2290,2260,2268.53,27000
2026-06-16,2269.67,2285.53,2256.37,2283.18,34200
2026-06-17,2251.14,2286.33,2250.51,2266.52,36200
2026-06-18,2283.8,2291.97,2256.11,2266.05,45800
2026-06-19,2277,2288.04,2200,2239.92,130500
2026-06-22,2170.53,2272,2170.53,2234.93,51800
2026-06-23,2233.8,2265.01,2229.66,2250.14,78000
2026-06-24,2235.45,2324.49,2235.45,2319.96,478700
2026-06-25,2334.83,2354.09,2323,2340.67,54100
2026-06-26,2326.61,2350.21,2292.32,2347.02,39400
2026-06-29,2360,2360.06,2323.24,2332.22,60700
2026-06-30,2348.27,2355.4,2329.37,2332.74,42200
2026-07-02,2335,2397.74,2329,2394.19,156300
2026-07-03,2396.88,2434.99,2396.88,2423.61,26100
2026-07-06,2456.76,2456.76,2412.11,2437.34,57800
2026-07-07,2411.23,2454.04,2407.82,2411.97,31700
2026-07-08,2393.59,2407.58,2362.09,2395.62,34600
2026-07-09,2384.79,2391.44,2361.3,2371.52,52000
2026-07-10,2353.49,2375,2322.39,2352.99,35700
2026-07-13,2337.92,2367.83,2337.92,2364.73,31700
2026-07-14,2364.74,2364.74,2312.72,2320.94,35200
2026-07-15,2316.17,2332.26,2285,2326.8,66800
2026-07-16,2304.64,2338,2282.02,2330.26,49600
2026-07-17,2329.99,2339.68,2304.4,2317.75,44100
2026-07-20,2326.74,2335.4,2302.66,2307.61,29900
2026-07-21,2336.82,2336.82,2278,2289.56,55200
2026-07-22,2294.99,2294.99,2250,2274.3,51200
2026-07-23,2265.21,2286.92,2235.06,2283.64,68400
2026-07-24,2298.84,2325.17,2268.83,2324.03,81800
2026-07-27,2327.25,2398.58,2327.25,2390.56,52000
2026-07-28,2390.56,2474.64,2390.56,2448.73,84000
2026-07-29,2419.22,2435,2355.63,2410.93,88000
2026-07-30,2393.06,2409.99,2344.32,2360.58,79600
2026-07-31,2329,2372.36,2224.87,2347.56,106700
2026-08-04,2360.02,2421.29,2308.72,2407.07,70400
2026-08-05,2439.97,2450,2371.97,2410.68,55800
2026-08-06,2391.35,2422.03,2375.4,2377.57,38500
2026-08-07,2399.24,2400,2357.85,2370.05,35200
2026-08-10,2362.48,2375.36,2313.63,2336.33,66900
2026-08-11,2345.35,2351.73,2284.84,2292.7,48600
2026-08-12,2307.84,2307.84,2276.55,2304.02,67600
2026-08-13,2310.82,2330.05,2287.19,2307.93,73000
2026-08-14,2316.83,2318.51,2260,2272.17,30800
2026-08-17,2284.57,2290,2250.75,2253.56,40500
2026-08-18,2277.84,2303.22,2258.48,2292.2,58100
2026-08-19,2284.29,2286.18,2243.87,2243.97,40000
2026-08-20,2250.01,2287.98,2224.9,2237.33,45200
2026-08-21,2266.75,2266.75,2233.44,2241.47,55200
2026-08-24,2267.81,2282.6,2246.08,2272.09,29900
2026-08-25,2263.13,2304.72,2263.13,2279.87,35200
2026-08-26,2297.91,2305.59,2235.91,2238.49,51800
2026-08-27,2242.4,2285.15,2220.19,2280.8,63900
2026-08-28,2280.8,2309.67,2263.13,2271.4,63100
2026-08-31,2231.11,2289.21,2231.11,2259.83,43700
2026-09-01,2266.44,2291.12,2263.41,2275,84500
2026-09-02,2281.44,2317.38,2281.44,2311.81,42200
2026-09-03,2321.24,2341.51,2302.92,2313.21,28800
2026-09-04,2313.21,2313.21,2275.97,2297.34,52200
2026-09-08,2247.01,2270,2216.25,2218.12,32200
2026-09-09,2218.12,2218.12,2178.4,2204.2,62700
2026-09-10,2237.08,2246.47,2200,2220.53,30400
2026-09-11,2221.65,2252.74,2211.4,2248.17,49700
2026-09-14,2192.19,2280,2192.19,2267.54,39000
2026-09-15,2264.32,2264.32,2232.59,2254.68,28700
2026-09-16,2255.82,2312.36,2253,2306.07,36400
2026-09-17,2308.89,2343.18,2289.75,2303.82,69300
2026-09-18,2273.02,2304.61,2237.9,2244.95,143200
2026-09-21,2246.08,2262.13,2225.05,2245.45,32600
2026-09-22,2256.61,2261.69,2223.87,2259.88,40600
2026-09-23,2253.44,2263.1,2219.68,2222.71,37000
2026-09-24,2238.86,2245.95,2210.55,2218.32,49500
2026-09-25,2221.54,2236.79,2203.3,2227.46,50100
2026-09-28,2186.22,2236.98,2186.22,2209.09,28800
2026-09-29,2216.13,2228.25,2198.91,2225.32,31300
2026-09-30,2209.16,2243.4,2200,2219.06,48900
2026-10-01,2206.37,2216.1,2199.34,2203.31,29300
2026-10-02,2204.42,2230.95,2202.62,2219.23,39500
2026-10-05,2219.23,2228.92,2208.06,2211,25700
2026-10-06,2206.9,2230.48,2200,2212.13,48400
2026-10-07,2205.33,2230.1,2199.4,2199.92,41000
2026-10-08,2179.14,2273.86,2179.14,2223.45,91600
2026-10-09,2216.81,2252.05,2211.65,2250.89,30786
