date,open,high,low,close,volume
2004-01-01,2.60547,2.60547,2.60547,2.60547,0
2004-01-02,10.4818,10.4818,2.62044,2.77018,2300
2004-01-05,11.6797,11.6797,2.78516,2.99479,55329
2004-01-06,12.2786,12.2786,2.88997,2.97982,34850
2004-01-07,11.9792,11.9792,2.91992,2.94987,17840
2004-01-08,11.8594,11.8594,2.875,2.96484,10793
2004-01-09,11.9792,11.9792,2.84505,2.91992,15487
2004-01-12,11.6797,11.6797,2.91992,2.99479,9500
2004-01-13,11.9792,11.9792,2.94987,3.06966,112925
2004-01-14,12.8776,12.8776,3.17448,3.26432,41920
2004-01-15,14.375,14.375,3.32422,3.41406,54169
2004-01-16,13.3568,13.3568,3.33919,3.53385,45131
2004-01-19,14.2552,14.2552,3.51888,3.74349,106302
2004-01-20,15.5729,15.5729,3.81836,3.9681,97317
2004-01-21,16.112,16.112,3.41406,3.47396,62183
2004-01-22,14.375,14.375,3.51888,3.5638,30728
2004-01-23,14.6745,14.6745,3.60872,3.60872,9268
2004-01-26,14.8542,14.8542,3.63867,3.71354,8412
2004-01-27,14.974,14.974,3.63867,3.72851,8656
2004-01-28,14.974,14.974,3.71354,3.89323,35177
2004-01-29,15.5729,15.5729,3.81836,3.93815,18480
2004-01-30,15.8724,15.8724,3.81836,3.81836,14000
2004-02-02,15.5729,15.5729,3.87825,3.89323,15927
2004-02-03,15.7526,15.7526,3.9082,4.01302,37358
2004-02-04,16.112,16.112,3.9681,4.04297,18086
2004-02-05,16.1719,16.1719,3.89323,3.89323,9302
2004-02-06,15.7526,15.7526,3.89323,4.01302,10854
2004-02-09,16.1719,16.1719,3.81836,4.01302,29077
2004-02-10,16.0521,16.0521,3.89323,3.89323,9058
2004-02-11,15.9323,15.9323,3.89323,4.01302,13587
2004-02-12,15.9922,15.9922,3.95312,3.95312,6675
2004-02-13,16.0521,16.0521,3.93815,4.01302,2775
2004-02-16,16.0521,16.0521,3.87826,3.9681,12170
2004-02-17,15.6927,15.6927,3.92318,4.01302,16725
2004-02-18,16.0521,16.0521,3.89323,4.01302,4200
2004-02-19,15.9922,15.9922,3.92318,4.01302,6595
2004-02-20,16.0521,16.0521,3.81836,3.83333,7412
2004-02-23,15.2734,15.2734,3.36914,3.66862,46064
2004-02-24,14.974,14.974,3.60872,3.65365,10950
2004-02-25,14.375,14.375,3.36914,3.47396,15000
2004-02-26,13.5365,13.5365,3.2194,3.47396,23739
2004-02-27,13.237,13.237,3.29427,3.44401,106517
2004-03-01,13.6563,13.6563,3.36914,3.44401,21072
2004-03-02,13.4766,13.4766,3.36914,3.65365,43162
2004-03-03,14.974,14.974,3.59375,3.66862,7325
2004-03-04,14.6745,14.6745,3.51888,3.51888,3750
2004-03-05,14.375,14.375,3.44401,3.44401,7175
2004-03-08,13.8359,13.8359,3.36914,3.42904,10225
2004-03-09,13.776,13.776,3.2194,3.26432,10362
2004-03-10,12.5781,12.5781,3.06966,3.11458,92276
2004-03-11,12.2786,12.2786,2.99479,3.51888,35389
2004-03-12,14.375,14.375,3.36914,3.39909,24143
2004-03-15,12.8776,12.8776,3.11458,3.2194,67875
2004-03-16,13.0573,13.0573,3.2194,3.42904,19200
2004-03-17,13.776,13.776,3.29427,3.36914,36297
2004-03-18,13.6563,13.6563,3.30925,3.41406,1800
2004-03-19,13.4766,13.4766,3.29427,3.29427,87962
2004-03-22,13.776,13.776,3.29427,3.32422,4540
2004-03-23,12.8776,12.8776,3.2194,3.29427,5125
2004-03-24,13.2969,13.2969,3.32422,3.44401,7790
2004-03-25,13.8359,13.8359,3.29427,3.29427,12440
2004-03-26,13.237,13.237,3.30925,3.41406,4946
2004-03-29,13.6563,13.6563,3.29427,3.36914,15875
2004-03-30,13.6563,13.6563,3.36914,3.36914,1854
2004-03-31,13.2969,13.2969,3.32422,3.48893,9525
2004-04-01,13.8359,13.8359,3.44401,3.69857,75262
2004-04-02,14.974,14.974,3.59375,3.71354,31872
2004-04-05,14.974,14.974,3.71354,3.72851,15593
2004-04-06,14.974,14.974,3.71354,3.74349,5925
2004-04-07,14.9141,14.9141,3.68359,3.68359,5875
2004-04-08,14.7344,14.7344,3.68359,3.74349,6900
2004-04-09,3.74349,3.74349,3.74349,3.74349,0
2004-04-12,14.974,14.974,3.66862,3.68359,9587
2004-04-13,14.8542,14.8542,3.66862,3.71354,16262
2004-04-14,14.8542,14.8542,3.66862,3.69857,10417
2004-04-15,14.7943,14.7943,3.44401,3.51888,19489
2004-04-16,13.8958,13.8958,3.39909,3.42904,15333
2004-04-19,14.0156,14.0156,3.38411,3.38411,8823
2004-04-20,13.7761,13.7761,3.38412,3.41406,6325
2004-04-21,13.776,13.776,3.20443,3.2194,35375
2004-04-22,13.0573,13.0573,3.17448,3.2194,21871
2004-04-23,13.1771,13.1771,3.24935,3.36914,11095
2004-04-26,14.0156,14.0156,3.45898,3.59375,15495
2004-04-27,14.6146,14.6146,3.51888,3.54883,10990
2004-04-28,13.8359,13.8359,3.44401,3.44401,52204
2004-04-29,14.1953,14.1953,3.47396,3.51888,4306
2004-04-30,14.1354,14.1354,3.39909,3.51888,4825
2004-05-03,13.9557,13.9557,3.36914,3.36914,3750
2004-05-04,13.776,13.776,3.32422,3.36914,16787
2004-05-05,13.4766,13.4766,3.23437,3.29427,25809
2004-05-06,12.8776,12.8776,3.1595,3.23438,23640
2004-05-07,12.8776,12.8776,3.14453,3.1595,11007
2004-05-10,12.4583,12.4583,2.62044,2.80013,51564
2004-05-11,11.5599,11.5599,2.77018,2.94987,14415
2004-05-12,11.6797,11.6797,2.72526,2.72526,20945
2004-05-13,11.1406,11.1406,2.69531,2.91992,16225
2004-05-14,11.4401,11.4401,2.77018,2.8151,6775
2004-05-17,11.0807,11.0807,2.72526,2.9349,23733
2004-05-18,11.7396,11.7396,2.9349,2.96484,2107
2004-05-19,11.6797,11.6797,2.84505,2.96484,67162
2004-05-20,11.9193,11.9193,2.88997,2.9349,2875
2004-05-21,11.4401,11.4401,2.86003,2.86003,250
2004-05-24,2.86003,2.86003,2.86003,2.86003,0
2004-05-25,11.4401,11.4401,2.84505,2.84505,4393
2004-05-26,11.1406,11.1406,2.69531,2.69531,15514
2004-05-27,10.7812,10.7812,2.69531,2.69531,9575
2004-05-28,10.7812,10.7812,2.62044,2.94987,23236
2004-05-31,12.638,12.638,2.875,2.88997,15419
2004-06-01,11.6797,11.6797,2.83008,2.83008,3900
2004-06-02,11.4401,11.4401,2.62044,2.75521,19000
2004-06-03,11.3203,11.3203,2.71029,2.77018,5250
2004-06-04,10.9609,10.9609,2.69531,2.74023,6487
2004-06-07,11.2604,11.2604,2.71028,2.72526,17225
2004-06-08,10.901,10.901,2.69531,2.83008,20725
2004-06-09,11.0807,11.0807,2.77018,2.84505,20700
2004-06-10,11.3802,11.3802,2.84505,2.91992,16700
2004-06-11,11.8594,11.8594,2.94987,2.97982,13162
2004-06-14,11.8594,11.8594,2.91992,2.96484,6225
2004-06-15,11.6797,11.6797,2.91992,2.96484,22766
2004-06-16,11.9193,11.9193,2.94987,2.99479,10806
2004-06-17,12.099,12.099,3.02474,3.20443,210237
2004-06-18,12.6979,12.6979,3.14453,3.14453,19650
2004-06-21,12.4583,12.4583,3.11458,3.18945,43757
2004-06-22,12.5781,12.5781,3.14453,3.14453,17025
2004-06-23,12.5781,12.5781,3.11458,3.2194,4575
2004-06-24,12.8776,12.8776,3.2194,3.2194,400
2004-06-25,12.8177,12.8177,3.14453,3.14453,11165
2004-06-28,12.8776,12.8776,3.17448,3.24935,675
2004-06-29,12.5781,12.5781,3.06966,3.17448,40588
2004-06-30,12.3984,12.3984,2.99479,3.09961,4712
2004-07-01,3.09961,3.09961,3.09961,3.09961,0
2004-07-02,12.5182,12.5182,3.11458,3.11458,850
2004-07-05,12.2786,12.2786,3.06966,3.06966,126375
2004-07-06,12.5781,12.5781,2.99479,2.99479,11900
2004-07-07,12.099,12.099,3.02474,3.12956,2837
2004-07-08,12.5781,12.5781,3.14453,3.14453,3162
2004-07-09,12.4583,12.4583,3.06966,3.20443,10025
2004-07-12,12.8776,12.8776,3.14453,3.2194,4600
2004-07-13,12.8776,12.8776,3.08464,3.08464,9250
2004-07-14,12.5781,12.5781,3.14453,3.2194,24025
2004-07-15,12.5781,12.5781,3.06966,3.14453,34610
2004-07-16,12.1589,12.1589,3.00977,3.05469,3400
2004-07-19,12.2188,12.2188,2.99479,2.99479,103516
2004-07-20,11.9792,11.9792,2.91992,3.02474,55610
2004-07-21,12.2187,12.2187,2.90495,2.97982,5075
2004-07-22,11.3802,11.3802,2.84505,2.97982,2725
2004-07-23,11.9193,11.9193,2.97982,2.99479,5986
2004-07-26,11.9792,11.9792,2.96485,2.99479,1800
2004-07-27,11.7396,11.7396,2.88997,2.91992,3875
2004-07-28,11.6198,11.6198,2.84505,2.86003,49675
2004-07-29,11.4401,11.4401,2.86003,2.94987,2000
2004-07-30,11.6198,11.6198,2.90495,2.99479,12608
2004-08-02,2.99479,2.99479,2.99479,2.99479,0
2004-08-03,11.9792,11.9792,2.90495,2.90495,575
2004-08-04,11.3802,11.3802,2.84505,3.09961,3512
2004-08-05,13.4766,13.4766,3.02474,3.02474,11370
2004-08-06,11.9792,11.9792,2.91992,2.91992,57475
2004-08-09,11.9193,11.9193,2.88997,2.90495,2450
2004-08-10,11.5,11.5,2.77018,2.86003,4816
2004-08-11,11.6797,11.6797,2.8151,2.8151,2000
2004-08-12,11.7995,11.7995,2.8151,2.84505,91187
2004-08-13,11.2604,11.2604,2.81511,2.86003,1250
2004-08-16,11.2604,11.2604,2.8151,2.8151,13837
2004-08-17,11.6797,11.6797,2.84505,2.84505,28475
2004-08-18,11.2005,11.2005,2.80013,2.84505,13337
2004-08-19,11.6797,11.6797,2.84505,2.84505,5055
2004-08-20,11.3802,11.3802,2.84505,2.84505,25084
2004-08-23,11.5,11.5,2.80013,2.80013,15137
2004-08-24,11.3802,11.3802,2.84505,2.91992,7875
2004-08-25,11.6797,11.6797,2.84505,2.86003,4521
2004-08-26,11.3802,11.3802,2.84505,2.84505,4720
2004-08-27,11.2005,11.2005,2.80013,2.875,2925
2004-08-30,11.5599,11.5599,2.88997,2.96484,3950
2004-08-31,11.6797,11.6797,2.91992,2.96484,3075
2004-09-01,11.8594,11.8594,2.96485,2.99479,36750
2004-09-02,11.9792,11.9792,2.99479,2.99479,3750
2004-09-03,11.9792,11.9792,2.99479,2.99479,5727
2004-09-06,2.99479,2.99479,2.99479,2.99479,0
2004-09-07,11.9792,11.9792,2.96485,2.99479,19475
2004-09-08,11.9792,11.9792,2.96484,2.96484,1102
2004-09-09,12.0391,12.0391,2.99479,2.99479,3125
2004-09-10,11.9792,11.9792,2.99479,2.99479,11037
2004-09-13,11.9792,11.9792,2.99479,3.06966,2000
2004-09-14,11.9792,11.9792,2.99479,2.99479,4225
2004-09-15,11.9792,11.9792,2.96484,2.96484,20412
2004-09-16,11.9792,11.9792,2.99479,3.06966,28013
2004-09-17,12.2786,12.2786,3.02474,3.06966,1562
2004-09-20,12.099,12.099,2.99479,3.06966,14700
2004-09-21,12.4583,12.4583,3.06966,3.06966,19100
2004-09-22,12.3385,12.3385,3.06966,3.17448,12137
2004-09-23,12.5182,12.5182,3.06966,3.14453,32756
2004-09-24,12.3385,12.3385,3.00977,3.06966,13225
2004-09-27,12.5182,12.5182,3.00977,3.06966,6775
2004-09-28,11.9792,11.9792,2.84505,2.91992,22950
2004-09-29,11.8594,11.8594,2.86003,2.97982,2812
2004-09-30,11.6797,11.6797,2.84505,2.84505,4721
2004-10-01,11.3802,11.3802,2.80013,2.8151,6312
2004-10-04,11.0807,11.0807,2.77018,2.83008,18667
2004-10-05,11.5,11.5,2.84505,2.97982,10200
2004-10-06,11.5599,11.5599,2.88998,2.99479,20762
2004-10-07,11.9792,11.9792,2.91992,2.99479,57500
2004-10-08,11.7995,11.7995,2.91992,2.9349,6325
2004-10-11,2.9349,2.9349,2.9349,2.9349,0
2004-10-12,11.7396,11.7396,2.91992,2.91992,5062
2004-10-13,11.6797,11.6797,2.91992,2.91992,22525
2004-10-14,11.5599,11.5599,2.88997,2.94987,500
2004-10-15,11.8594,11.8594,2.94987,3.06966,9350
2004-10-18,12.2786,12.2786,3.05469,3.14453,11887
2004-10-19,12.3984,12.3984,3.08464,3.11458,2100
2004-10-20,12.5781,12.5781,2.91992,2.9349,10675
2004-10-21,12.4583,12.4583,3.06966,3.11458,9187
2004-10-22,12.5182,12.5182,3.06966,3.06966,9800
2004-10-25,11.9792,11.9792,2.99479,3.06966,4700
2004-10-26,12.2188,12.2188,2.99479,2.99479,21262
2004-10-27,11.6797,11.6797,2.90495,2.99479,18675
2004-10-28,11.9792,11.9792,2.91992,2.91992,1950
2004-10-29,11.6797,11.6797,2.91992,2.99479,925
2004-11-01,11.9792,11.9792,2.90495,2.91992,119500
2004-11-02,11.6797,11.6797,2.88997,2.91992,7425
2004-11-03,11.6797,11.6797,2.91992,3.06966,14851
2004-11-04,12.2188,12.2188,2.99479,2.99479,12121
2004-11-05,11.8594,11.8594,2.96484,2.97982,2137
2004-11-08,11.9193,11.9193,2.97982,2.99479,3262
2004-11-09,11.6797,11.6797,2.91992,2.9349,14587
2004-11-10,11.8594,11.8594,2.94987,2.96484,5912
2004-11-11,11.7396,11.7396,2.9349,2.96484,1675
2004-11-12,11.7995,11.7995,2.91992,2.96484,3837
2004-11-15,12.1589,12.1589,2.91992,2.91992,9200
2004-11-16,11.9792,11.9792,2.91992,2.91992,4412
2004-11-17,11.6797,11.6797,2.91992,2.91992,6137
2004-11-18,11.9193,11.9193,2.91992,2.9349,72815
2004-11-19,11.7995,11.7995,2.9349,2.94987,10874
2004-11-22,11.7396,11.7396,2.91992,2.9349,6845
2004-11-23,11.6797,11.6797,2.91992,2.99479,31357
2004-11-24,11.9792,11.9792,2.91992,2.99479,10400
2004-11-25,11.9792,11.9792,2.91992,2.94987,140008
2004-11-26,11.7995,11.7995,2.91992,2.91992,7875
2004-11-29,11.6797,11.6797,2.91992,2.94987,9230
2004-11-30,11.9792,11.9792,2.9349,2.94987,3575
2004-12-01,11.9792,11.9792,2.91992,2.99479,6434
2004-12-02,11.6797,11.6797,2.91992,2.91992,9905
2004-12-03,11.6797,11.6797,2.91992,2.91992,14062
2004-12-06,11.6797,11.6797,2.91992,2.9349,3425
2004-12-07,11.6797,11.6797,2.91992,2.91992,19862
2004-12-08,11.9193,11.9193,2.91992,2.91992,18800
2004-12-09,11.8594,11.8594,2.91992,2.91992,42692
2004-12-10,11.7396,11.7396,2.86003,2.91992,86525
2004-12-13,11.5599,11.5599,2.88997,3.06966,10903
2004-12-14,11.9792,11.9792,2.91992,2.99479,8931
2004-12-15,11.6797,11.6797,2.91992,2.94987,3400
2004-12-16,11.6797,11.6797,2.91992,2.9349,5308
2004-12-17,11.7396,11.7396,2.9349,2.99479,40540
2004-12-20,11.7396,11.7396,2.9349,2.99479,16500
2004-12-21,11.9792,11.9792,2.99479,2.99479,462
2004-12-22,11.9792,11.9792,2.96484,3.05469,12987
2004-12-23,12.2786,12.2786,2.99479,3.06966,9650
2004-12-24,12.099,12.099,3.02474,3.02474,775
2004-12-27,3.02474,3.02474,3.02474,3.02474,0
2004-12-28,3.02474,3.02474,3.02474,3.02474,0
2004-12-29,12.2786,12.2786,3.06966,3.12956,7766
2004-12-30,12.1589,12.1589,2.99479,3.12956,3837
2004-12-31,12.5182,12.5182,3.03971,3.06966,28825
2005-01-04,12.1589,12.1589,3.03971,3.06966,3566
2005-01-05,12.1589,12.1589,3.03971,3.09961,6436
2005-01-06,12.638,12.638,3.12956,3.29427,24133
2005-01-07,13.1771,13.1771,3.18945,3.2793,7087
2005-01-10,13.1172,13.1172,3.23438,3.36914,53119
2005-01-11,13.4766,13.4766,3.17448,3.36914,3741
2005-01-12,13.4167,13.4167,3.29427,3.29427,5431
2005-01-13,13.237,13.237,3.29427,3.36914,2150
2005-01-14,13.1771,13.1771,3.29427,3.42904,6725
2005-01-17,13.776,13.776,3.35417,3.39909,5825
2005-01-18,13.7161,13.7161,3.36914,3.39909,19081
2005-01-19,13.5964,13.5964,3.35417,3.41406,38132
2005-01-20,13.776,13.776,3.36914,3.39909,5200
2005-01-21,13.5964,13.5964,3.36914,3.39909,16253
2005-01-24,13.4766,13.4766,3.36914,3.36914,3480
2005-01-25,13.4766,13.4766,3.36914,3.41406,7868
2005-01-26,13.4766,13.4766,3.36914,3.38411,28063
2005-01-27,13.4766,13.4766,3.36914,3.38411,52365
2005-01-28,13.5964,13.5964,3.36914,3.36914,11358
2005-01-31,13.4766,13.4766,3.33919,3.35417,4470
2005-02-01,13.1771,13.1771,3.29427,3.41406,4562
2005-02-02,13.776,13.776,3.38411,3.51888,16258
2005-02-03,14.0755,14.0755,3.41406,3.50391,13188
2005-02-04,13.5365,13.5365,3.38412,3.41406,3685
2005-02-07,13.5365,13.5365,3.38411,3.38411,7440
2005-02-08,13.5365,13.5365,3.38411,3.47396,5641
2005-02-09,13.8958,13.8958,3.41406,3.45898,17932
2005-02-10,14.0156,14.0156,3.44401,3.44401,16875
2005-02-11,14.0156,14.0156,3.44401,3.66862,39607
2005-02-14,14.6745,14.6745,3.66862,3.74349,9863
2005-02-15,14.6745,14.6745,3.66862,3.74349,93027
2005-02-16,14.974,14.974,3.66862,3.77344,23174
2005-02-17,14.974,14.974,3.74349,3.77344,3166
2005-02-18,15.0937,15.0937,3.74349,3.75846,90046
2005-02-21,15.0339,15.0339,3.74349,3.9681,33549
2005-02-22,16.0521,16.0521,3.9681,4.11784,55871
2005-02-23,16.7708,16.7708,4.11784,4.34245,78603
2005-02-24,17.0703,17.0703,4.04297,4.04297,297834
2005-02-25,16.4714,16.4714,4.04297,4.25261,11712
2005-02-28,17.0703,17.0703,3.98307,4.01302,22347
2005-03-01,15.9922,15.9922,3.9681,3.9681,28627
2005-03-02,16.0521,16.0521,3.9681,3.99804,675
2005-03-03,16.4115,16.4115,3.9681,3.98308,20011
2005-03-04,16.4714,16.4714,3.9681,4.17774,16506
2005-03-07,16.7708,16.7708,4.19271,4.3125,21245
2005-03-08,17.3099,17.3099,4.20768,4.32747,2992
2005-03-09,16.8307,16.8307,4.20768,4.26758,29815
2005-03-10,17.1901,17.1901,4.19271,4.22266,37025
2005-03-11,17.0703,17.0703,4.19271,4.25261,32896
2005-03-14,16.8307,16.8307,4.04297,4.08789,16992
2005-03-15,16.4115,16.4115,3.9681,4.10286,11700
2005-03-16,16.1719,16.1719,3.93815,4.04297,7275
2005-03-17,15.9323,15.9323,3.83333,3.89323,11035
2005-03-18,15.3333,15.3333,3.77344,3.81836,13043
2005-03-21,15.0338,15.0338,3.51888,3.81836,24170
2005-03-22,15.2135,15.2135,3.74349,3.87825,8730
2005-03-23,15.513,15.513,3.75846,3.92318,12897
2005-03-24,16.1719,16.1719,3.9082,4.04297,4605
2005-03-28,16.4115,16.4115,3.89323,3.89323,4965
2005-03-29,15.5729,15.5729,3.81836,3.92318,5025
2005-03-30,15.6927,15.6927,3.92318,3.9681,4612
2005-03-31,16.1719,16.1719,3.9681,3.98308,3700
2005-04-01,15.9323,15.9323,3.93815,3.93815,4562
2005-04-04,16.1719,16.1719,3.93815,3.9681,4850
2005-04-05,16.1719,16.1719,3.89323,3.89323,11800
2005-04-06,15.8724,15.8724,3.89323,4.04297,11750
2005-04-07,16.1719,16.1719,3.9082,3.9082,2612
2005-04-08,15.8724,15.8724,3.93815,3.9681,2425
2005-04-11,15.8724,15.8724,3.89323,3.93815,35150
2005-04-12,15.8724,15.8724,3.89323,4.05794,135823
2005-04-13,16.4714,16.4714,3.89323,3.93815,6661
2005-04-14,15.5729,15.5729,3.89323,3.9082,275
2005-04-15,15.8724,15.8724,3.59375,3.83333,8397
2005-04-18,15.3333,15.3333,3.83333,4.04297,53900
2005-04-19,15.9922,15.9922,3.9681,4.028,8550
2005-04-20,16.1719,16.1719,3.9681,4.028,207475
2005-04-21,16.112,16.112,4.028,4.04297,1395
2005-04-22,16.1719,16.1719,3.89323,4.01302,289065
2005-04-25,16.3516,16.3516,3.89323,3.9681,6725
2005-04-26,15.8724,15.8724,3.95313,3.9681,8733
2005-04-27,16.112,16.112,3.95312,4.10286,11416
2005-04-28,16.4714,16.4714,3.92318,3.9681,5065
2005-04-29,15.7526,15.7526,3.92318,3.9681,12575
2005-05-02,16.1719,16.1719,3.9681,4.04297,1118
2005-05-03,16.4714,16.4714,4.04297,4.04297,5575
2005-05-04,16.0521,16.0521,3.93815,3.9681,1975
2005-05-05,15.8724,15.8724,3.9681,3.9681,5708
2005-05-06,15.8724,15.8724,3.9681,3.9681,1500
2005-05-09,15.8724,15.8724,3.9681,3.9681,15620
2005-05-10,15.8724,15.8724,3.9681,3.9681,5250
2005-05-11,15.8724,15.8724,3.89323,4.11784,11506
2005-05-12,16.4714,16.4714,4.04297,4.08789,1050
2005-05-13,16.4115,16.4115,4.04297,4.04297,5837
2005-05-16,16.4714,16.4714,4.04297,4.07292,7568
2005-05-17,16.4115,16.4115,4.10286,4.26758,21860
2005-05-18,17.3698,17.3698,4.26758,4.32747,8641
2005-05-19,17.1901,17.1901,4.29753,4.32747,18250
2005-05-20,17.3099,17.3099,4.11784,4.32747,6075
2005-05-24,17.0703,17.0703,4.26758,4.32747,6487
2005-05-25,17.0703,17.0703,3.9681,4.08789,7525
2005-05-26,16.1719,16.1719,3.89323,3.9082,4635
2005-05-27,15.8724,15.8724,3.9681,3.98308,1925
2005-05-30,15.8724,15.8724,3.9681,4.11784,8450
2005-05-31,16.4714,16.4714,4.04297,4.11784,24212
2005-06-01,16.4714,16.4714,4.04297,4.11784,12006
2005-06-02,16.2318,16.2318,4.05795,4.11784,19637
2005-06-03,16.4714,16.4714,4.05794,4.05794,2787
2005-06-06,16.2917,16.2917,4.07292,4.19271,7087
2005-06-07,16.4714,16.4714,4.07292,4.19271,3700
2005-06-08,16.2917,16.2917,4.07292,4.10286,1625
2005-06-09,16.2917,16.2917,4.04297,4.04297,4925
2005-06-10,16.1719,16.1719,4.028,4.11784,2425
2005-06-13,16.4714,16.4714,4.04297,4.11784,7575
2005-06-14,16.4714,16.4714,4.07292,4.08789,7000
2005-06-15,16.1719,16.1719,3.98307,4.04297,4832
2005-06-16,16.4714,16.4714,3.92318,3.9681,57284
2005-06-17,15.8724,15.8724,3.83333,3.83333,39030
2005-06-20,15.8724,15.8724,3.93815,3.9681,9475
2005-06-21,15.8724,15.8724,3.9681,3.9681,251600
2005-06-22,15.8724,15.8724,3.9681,4.028,1125
2005-06-23,15.9323,15.9323,3.9681,3.9681,19075
2005-06-24,16.112,16.112,4.028,4.04297,4250
2005-06-27,16.4115,16.4115,3.9681,4.01302,3125
2005-06-28,16.0521,16.0521,3.9681,4.04297,2493
2005-06-29,16.1719,16.1719,3.9681,4.028,3922
2005-06-30,16.112,16.112,4.01302,4.07292,1625
2005-07-04,16.4714,16.4714,4.04297,4.04297,3977
2005-07-05,16.4115,16.4115,4.10286,4.26758,26647
2005-07-06,17.0703,17.0703,4.11784,4.11784,9093
2005-07-07,17.1901,17.1901,4.29753,4.32747,4998
2005-07-08,17.3698,17.3698,4.28255,4.3125,4583
2005-07-11,17.25,17.25,4.26758,4.26758,2591
2005-07-12,17.5495,17.5495,4.13282,4.25261,4318
2005-07-13,16.7708,16.7708,4.19271,4.19271,3365
2005-07-14,16.5912,16.5912,4.14779,4.19271,2525
2005-07-15,16.7708,16.7708,4.14779,4.19271,4175
2005-07-18,17.0104,17.0104,4.11784,4.17774,3753
2005-07-19,16.2318,16.2318,4.05794,4.08789,25666
2005-07-20,16.711,16.711,4.11784,4.16276,97450
2005-07-21,16.5911,16.5911,4.05794,4.14779,110987
2005-07-22,16.5912,16.5912,4.10287,4.11784,3722
2005-07-25,16.711,16.711,4.04297,4.11784,60712
2005-07-26,16.4714,16.4714,4.04297,4.04297,3500
2005-07-27,16.4714,16.4714,4.04297,4.11784,3525
2005-07-28,16.1719,16.1719,3.9681,4.04297,13250
2005-07-29,16.1719,16.1719,4.04297,4.11784,7725
2005-08-02,16.5313,16.5313,4.11784,4.14779,3725
2005-08-03,16.4714,16.4714,4.04297,4.04297,16625
2005-08-04,16.3516,16.3516,3.98308,3.98308,6661
2005-08-05,15.9323,15.9323,3.9681,3.9681,61850
2005-08-08,15.9323,15.9323,3.84831,3.89323,60900
2005-08-09,15.9922,15.9922,3.99805,4.04297,15221
2005-08-10,15.9323,15.9323,3.89323,3.9681,33450
2005-08-11,15.8724,15.8724,3.9681,4.04297,28875
2005-08-12,16.4714,16.4714,3.84831,4.04297,4350
2005-08-15,16.1719,16.1719,3.92318,3.92318,20400
2005-08-16,15.9922,15.9922,3.89323,3.89323,5987
2005-08-17,16.112,16.112,4.028,4.028,858
2005-08-18,15.8724,15.8724,3.92318,4.04297,202300
2005-08-19,16.1719,16.1719,3.95313,4.04297,44189
2005-08-22,16.2318,16.2318,3.9681,4.01302,5990
2005-08-23,15.9922,15.9922,3.99805,4.04297,1500
2005-08-24,15.8724,15.8724,3.9681,4.028,5150
2005-08-25,15.7526,15.7526,3.89323,4.04297,74675
2005-08-26,15.5729,15.5729,3.89323,4.028,3325
2005-08-29,16.0521,16.0521,3.9681,4.01302,1875
2005-08-30,16.1719,16.1719,4.04297,4.08789,5887
2005-08-31,16.2917,16.2917,3.98307,4.04297,6018
2005-09-01,16.2318,16.2318,3.9681,3.9681,2038
2005-09-02,15.8724,15.8724,3.9681,3.9681,625
2005-09-06,15.8724,15.8724,3.89323,3.9681,13112
2005-09-07,15.8724,15.8724,3.9082,3.9681,6450
2005-09-08,15.8724,15.8724,3.9681,3.98308,18587
2005-09-09,15.9323,15.9323,3.9681,3.9681,8488
2005-09-12,15.8724,15.8724,3.9681,3.9681,6875
2005-09-13,16.1719,16.1719,3.9681,3.98308,16178
2005-09-14,16.1719,16.1719,3.98307,4.04297,7050
2005-09-15,16.1719,16.1719,3.9681,3.99804,66275
2005-09-16,16.1719,16.1719,3.98308,3.98308,56737
2005-09-19,16.1719,16.1719,3.98307,4.05794,55875
2005-09-20,16.2318,16.2318,4.04297,4.05794,3792
2005-09-21,16.2917,16.2917,4.04297,4.04297,3477
2005-09-22,16.1719,16.1719,3.9681,4.04297,104662
2005-09-23,15.8724,15.8724,3.89323,3.89323,63187
2005-09-26,15.5729,15.5729,3.89323,3.89323,7640
2005-09-27,16.112,16.112,3.81836,3.89323,25750
2005-09-28,15.4531,15.4531,3.59375,3.60872,73952
2005-09-29,14.4349,14.4349,3.59375,4.04297,229602
2005-09-30,16.1719,16.1719,3.9082,4.04297,5637
2005-10-03,15.9922,15.9922,3.99805,4.11784,4258
2005-10-04,16.2917,16.2917,4.07292,4.07292,11437
2005-10-05,16.2917,16.2917,4.04297,4.11784,129300
2005-10-06,16.5912,16.5912,4.04297,4.04297,5124
2005-10-07,15.8724,15.8724,3.95313,4.11784,6012
2005-10-11,15.6328,15.6328,3.9082,3.9681,300
2005-10-12,16.4714,16.4714,3.9681,4.04297,138335
2005-10-13,16.4714,16.4714,3.9681,4.04297,23088
2005-10-14,15.8724,15.8724,3.9681,3.9681,111018
2005-10-17,15.6328,15.6328,3.81836,3.83333,10763
2005-10-18,15.3333,15.3333,3.83333,3.89323,6332
2005-10-19,15.3333,15.3333,3.81836,3.81836,5535
2005-10-20,15.0937,15.0937,3.74349,3.74349,18137
2005-10-21,14.974,14.974,3.74349,3.74349,19325
2005-10-24,14.6745,14.6745,3.59375,3.74349,21338
2005-10-25,14.9141,14.9141,3.51888,3.59375,6605
2005-10-26,14.6745,14.6745,3.66862,3.66862,1550
2005-10-27,14.375,14.375,3.59375,3.74349,10626
2005-10-28,14.974,14.974,3.66862,3.74349,2500
2005-10-31,14.6745,14.6745,3.59375,3.74349,21925
2005-11-01,14.974,14.974,3.66862,3.74349,1400
2005-11-02,14.974,14.974,3.74349,3.81836,3062
2005-11-03,15.0339,15.0339,3.74349,3.77344,7400
2005-11-04,15.2734,15.2734,3.74349,3.74349,9825
2005-11-07,15.5729,15.5729,3.66862,3.69857,19500
2005-11-08,14.6745,14.6745,3.66862,3.95312,15569
2005-11-09,14.7344,14.7344,3.68359,3.9681,35000
2005-11-10,15.8125,15.8125,3.89323,4.19271,27867
2005-11-11,16.1719,16.1719,3.89323,3.89323,4125
2005-11-14,16.4714,16.4714,4.11784,4.16276,12137
2005-11-15,16.5912,16.5912,4.04297,4.38737,97865
2005-11-16,16.8307,16.8307,4.19271,4.20768,15192
2005-11-17,17.0703,17.0703,4.20768,4.26758,14650
2005-11-18,17.0104,17.0104,4.2526,4.32747,3425
2005-11-21,17.3099,17.3099,4.19271,4.40234,147000
2005-11-22,17.6693,17.6693,4.34245,4.34245,44770
2005-11-23,17.3698,17.3698,4.34245,4.34245,3500
2005-11-24,17.3698,17.3698,4.19271,4.19271,6262
2005-11-25,17.25,17.25,4.19271,4.34245,2312
2005-11-28,17.0703,17.0703,4.26758,4.26758,33665
2005-11-29,17.0703,17.0703,4.26758,4.34245,137650
2005-11-30,17.3698,17.3698,4.26758,4.34245,37350
2005-12-01,17.3698,17.3698,4.34245,4.34245,53575
2005-12-02,17.3698,17.3698,4.34245,4.44727,15800
2005-12-05,17.4297,17.4297,4.35742,4.40234,2250
2005-12-06,17.25,17.25,4.3125,4.41732,10723
2005-12-07,17.5495,17.5495,4.32747,4.32747,7750
2005-12-08,17.5495,17.5495,4.34245,4.34245,6995
2005-12-09,17.25,17.25,4.3125,4.34245,1302
2005-12-12,17.7891,17.7891,4.34245,4.34245,2850
2005-12-13,17.3698,17.3698,4.26758,4.26758,3117
2005-12-14,17.0703,17.0703,4.26758,4.26758,27502
2005-12-15,17.0703,17.0703,4.26758,4.40234,5695
2005-12-16,17.6693,17.6693,4.3125,4.46224,12075
2005-12-19,17.6693,17.6693,4.3125,4.47721,6595
2005-12-20,17.9089,17.9089,4.28256,4.28256,10887
2005-12-21,17.3099,17.3099,4.25261,4.25261,10785
2005-12-22,17.0703,17.0703,4.05795,4.19271,17607
2005-12-23,17.3698,17.3698,4.19271,4.32747,7162
2005-12-28,17.3698,17.3698,4.3125,4.3125,775
2005-12-29,17.0104,17.0104,4.2526,4.26758,2275
2005-12-30,17.0104,17.0104,4.19271,4.3125,10175
2006-01-03,16.8307,16.8307,4.20768,4.29753,4162
2006-01-04,16.8906,16.8906,4.20769,4.25261,3706
2006-01-05,17.0104,17.0104,4.2526,4.32747,8815
2006-01-06,16.9505,16.9505,4.19271,4.35742,50524
2006-01-09,17.6693,17.6693,4.41732,4.41732,2157
2006-01-10,17.3698,17.3698,4.19271,4.26758,11917
2006-01-11,17.25,17.25,4.19271,4.26758,13325
2006-01-12,17.3698,17.3698,4.19271,4.19271,12694
2006-01-13,16.8307,16.8307,4.20768,4.32747,16712
2006-01-16,17.3698,17.3698,4.16276,4.19271,17877
2006-01-17,16.5911,16.5911,4.07292,4.10286,26172
2006-01-18,17.0703,17.0703,4.05795,4.19271,76091
2006-01-19,16.7708,16.7708,4.11784,4.16276,8525
2006-01-20,16.2917,16.2917,3.90821,4.11784,162700
2006-01-23,16.1719,16.1719,4.028,4.028,58601
2006-01-24,16.4714,16.4714,4.01302,4.01302,3303
2006-01-25,16.1719,16.1719,4.04297,4.04297,1480
2006-01-26,16.4714,16.4714,4.04297,4.04297,5431
2006-01-27,16.1719,16.1719,4.04297,4.10286,5350
2006-01-30,16.4713,16.4713,4.04297,4.13281,41950
2006-01-31,16.4714,16.4714,4.04297,4.11784,10939
2006-02-01,16.1719,16.1719,3.98307,4.05794,48826
2006-02-02,16.2318,16.2318,4.04297,4.11784,6352
2006-02-03,17.0703,17.0703,4.17774,4.19271,14025
2006-02-06,17.1901,17.1901,4.20768,4.22266,5038
2006-02-07,17.0104,17.0104,4.19271,4.26758,9931
2006-02-08,16.7109,16.7109,4.16276,4.26758,2598
2006-02-09,16.7109,16.7109,4.17774,4.19271,5207
2006-02-10,17.0104,17.0104,4.13281,4.22266,5537
2006-02-13,16.4714,16.4714,4.11784,4.26758,5005
2006-02-14,16.7708,16.7708,4.04297,4.11784,3737
2006-02-15,16.3516,16.3516,4.08789,4.26758,15356
2006-02-16,17.1901,17.1901,4.26758,4.34245,49987
2006-02-17,17.6094,17.6094,4.28255,4.64192,267497
2006-02-20,19.1667,19.1667,4.77669,4.92643,48253
2006-02-21,19.4062,19.4062,4.59701,4.76172,10362
2006-02-22,19.1068,19.1068,4.61198,4.62695,45705
2006-02-23,18.5078,18.5078,4.62695,4.64192,5618
2006-02-24,18.5677,18.5677,4.56706,4.70183,40008
2006-02-27,18.8073,18.8073,4.61198,4.64192,18407
2006-02-28,18.8672,18.8672,4.56706,4.56706,6506
2006-03-01,18.5677,18.5677,4.50716,4.53711,3950
2006-03-02,18.5078,18.5078,4.53711,4.64192,85787
2006-03-03,18.5677,18.5677,4.59701,4.59701,24650
2006-03-06,18.5677,18.5677,4.58203,4.64192,2837
2006-03-07,18.5677,18.5677,4.50716,4.64192,8492
2006-03-08,18.5677,18.5677,4.3724,4.41732,37405
2006-03-09,17.7292,17.7292,4.35742,4.49219,9884
2006-03-10,17.9687,17.9687,4.34245,4.34245,7425
2006-03-13,17.9688,17.9688,4.41732,4.49219,6495
2006-03-14,17.9688,17.9688,4.41732,4.49219,8533
2006-03-15,17.9688,17.9688,4.34245,4.46224,9375
2006-03-16,17.9089,17.9089,4.26758,4.28256,67878
2006-03-17,17.1302,17.1302,4.26758,4.26758,32942
2006-03-20,17.6693,17.6693,4.23763,4.25261,7427
2006-03-21,17.0703,17.0703,4.2526,4.34245,38860
2006-03-22,17.6094,17.6094,4.26758,4.26758,9300
2006-03-23,17.0703,17.0703,4.26758,4.28256,249582
2006-03-24,17.1302,17.1302,4.28255,4.41732,7536
2006-03-27,17.6693,17.6693,4.34245,4.44727,4980
2006-03-28,17.7891,17.7891,4.34245,4.34245,4190
2006-03-29,17.3698,17.3698,4.34245,4.34245,33335
2006-03-30,17.3698,17.3698,4.34245,4.38737,32525
2006-03-31,17.6693,17.6693,4.41732,4.44727,11241
2006-04-03,17.9089,17.9089,4.41732,4.49219,16520
2006-04-04,17.9688,17.9688,4.41732,4.41732,3556
2006-04-05,17.4297,17.4297,4.26758,4.29753,11637
2006-04-06,17.6094,17.6094,4.3724,4.41732,2476
2006-04-07,17.8489,17.8489,4.26758,4.47721,55717
2006-04-10,17.849,17.849,4.26758,4.26758,7267
2006-04-11,17.0703,17.0703,4.26758,4.26758,7148
2006-04-12,17.1302,17.1302,4.26758,4.26758,4290
2006-04-13,17.1302,17.1302,4.26758,4.26758,861
2006-04-17,17.0703,17.0703,4.26758,4.32747,4750
2006-04-18,17.3698,17.3698,4.26758,4.34245,16072
2006-04-19,17.3698,17.3698,4.26758,4.26758,4500
2006-04-20,17.0703,17.0703,4.26758,4.26758,22084
2006-04-21,17.3099,17.3099,4.26758,4.26758,97792
2006-04-24,17.4896,17.4896,4.26758,4.41732,13712
2006-04-25,17.6693,17.6693,4.26758,4.29753,8625
2006-04-26,17.0703,17.0703,4.26758,4.28256,4052
2006-04-27,17.1302,17.1302,4.26758,4.26758,3077
2006-04-28,17.0703,17.0703,4.26758,4.34245,2375
2006-05-01,17.3698,17.3698,4.34245,4.34245,6175
2006-05-02,17.6693,17.6693,4.34245,4.41732,1925
2006-05-03,17.3698,17.3698,3.87826,4.19271,78625
2006-05-04,16.1719,16.1719,4.04297,4.11784,19245
2006-05-05,16.4714,16.4714,4.11784,4.11784,5775
2006-05-08,16.2318,16.2318,4.04297,4.05794,8785
2006-05-09,15.9323,15.9323,3.98307,4.10286,13575
2006-05-10,16.4115,16.4115,3.98307,4.10286,5913
2006-05-11,16.2917,16.2917,4.04297,4.04297,15575
2006-05-12,16.2917,16.2917,3.99805,4.04297,5829
2006-05-15,15.7526,15.7526,3.92318,4.04297,11794
2006-05-16,16.1719,16.1719,4.04297,4.04297,4475
2006-05-17,15.8724,15.8724,3.89323,4.028,11490
2006-05-18,15.7526,15.7526,3.89323,3.89323,2327
2006-05-19,15.9922,15.9922,3.89323,4.10286,13337
2006-05-23,15.6328,15.6328,3.9082,4.05794,3984
2006-05-24,15.8724,15.8724,3.9681,3.9681,500
2006-05-25,15.8125,15.8125,3.95312,3.99804,1625
2006-05-26,16.2917,16.2917,4.01302,4.04297,9012
2006-05-29,16.1719,16.1719,4.04297,4.11784,3452
2006-05-30,16.1719,16.1719,4.04297,4.04297,15000
2006-05-31,15.8724,15.8724,3.9681,4.11784,2500
2006-06-01,16.7708,16.7708,4.11784,4.11784,3459
2006-06-02,16.2318,16.2318,4.04297,4.11784,10025
2006-06-05,16.1719,16.1719,4.04297,4.04297,2375
2006-06-06,16.2318,16.2318,4.04297,4.04297,1000
2006-06-07,16.1719,16.1719,3.9681,3.9681,48504
2006-06-08,16.112,16.112,3.9681,4.19271,60800
2006-06-09,16.7708,16.7708,4.19271,4.19271,7212
2006-06-12,16.7708,16.7708,4.19271,4.19271,6413
2006-06-13,17.0703,17.0703,4.11784,4.11784,17025
2006-06-14,16.4714,16.4714,4.11784,4.11784,28712
2006-06-15,16.4714,16.4714,4.11784,4.26758,10437
2006-06-16,16.6511,16.6511,4.11784,4.11784,5951
2006-06-19,15.2734,15.2734,3.81836,4.23763,5250
2006-06-20,16.4714,16.4714,4.11784,4.19271,7000
2006-06-21,16.4714,16.4714,4.04297,4.11784,23750
2006-06-22,15.7526,15.7526,3.93815,3.9681,2900
2006-06-23,15.6328,15.6328,3.89323,3.89323,5625
2006-06-26,14.6146,14.6146,3.65364,3.89323,3105
2006-06-27,15.5729,15.5729,3.81836,3.81836,24398
2006-06-28,14.974,14.974,3.66862,3.71354,5150
2006-06-29,14.5547,14.5547,3.63867,3.81836,238437
2006-06-30,15.3932,15.3932,3.74349,3.9681,2125
2006-07-04,3.9681,3.9681,3.9681,3.9681,0
2006-07-05,15.3333,15.3333,3.75846,3.77344,7500
2006-07-06,15.1536,15.1536,3.71354,3.81836,26825
2006-07-07,15.2734,15.2734,3.75846,3.75846,1463
2006-07-10,15.1536,15.1536,3.78841,3.81836,1475
2006-07-11,15.3333,15.3333,3.81836,3.87825,9575
2006-07-12,15.513,15.513,3.68359,3.74349,7725
2006-07-13,14.974,14.974,3.66862,3.66862,7182
2006-07-14,14.6745,14.6745,3.66862,3.74349,1730
2006-07-17,15.5729,15.5729,3.74349,3.74349,3475
2006-07-18,15.0339,15.0339,3.66862,3.74349,5450
2006-07-19,14.974,14.974,3.59375,3.59375,11399
2006-07-20,14.6745,14.6745,3.66862,3.74349,267112
2006-07-21,14.6745,14.6745,3.59375,3.59375,10725
2006-07-24,14.375,14.375,3.59375,3.59375,5937
2006-07-25,14.0755,14.0755,3.51888,3.59375,1675
2006-07-26,14.6745,14.6745,3.51888,3.66862,47500
2006-07-27,14.375,14.375,3.54883,3.5638,7062
2006-07-28,14.2552,14.2552,3.35417,3.5638,8925
2006-07-31,14.2552,14.2552,3.5638,3.59375,2675
2006-08-01,14.0755,14.0755,3.44401,3.5638,4003
2006-08-02,14.2552,14.2552,3.53385,3.69857,576230
2006-08-03,14.8542,14.8542,3.65365,3.87825,2975
2006-08-04,15.513,15.513,3.74349,3.74349,675
2006-08-08,14.974,14.974,3.59375,3.66862,6650
2006-08-09,14.375,14.375,3.5638,3.5638,1400
2006-08-10,14.2552,14.2552,3.51888,3.51888,650
2006-08-11,14.0755,14.0755,3.47396,3.47396,1725
2006-08-14,14.0755,14.0755,3.51888,3.5638,1957
2006-08-15,14.375,14.375,3.48893,3.59375,825
2006-08-16,14.3151,14.3151,3.53385,3.59375,2025
2006-08-17,13.8958,13.8958,3.36914,3.36914,130695
2006-08-18,13.4766,13.4766,3.35417,3.44401,3443
2006-08-21,13.5365,13.5365,3.24935,3.44401,31075
2006-08-22,13.3568,13.3568,3.33919,3.44401,4125
2006-08-23,13.776,13.776,3.38411,3.38411,27200
2006-08-24,13.4167,13.4167,3.35417,3.51888,3933
2006-08-25,13.8359,13.8359,3.44401,3.51888,7062
2006-08-28,14.0755,14.0755,3.51888,3.51888,6727
2006-08-29,13.776,13.776,3.38411,3.51888,4112
2006-08-30,13.5365,13.5365,3.36914,3.5638,3100
2006-08-31,14.2552,14.2552,3.5638,3.59375,57735
2006-09-01,14.375,14.375,3.59375,3.59375,1458
2006-09-05,13.8958,13.8958,3.47396,3.65365,17662
2006-09-06,14.375,14.375,3.57878,3.63867,6450
2006-09-07,3.66862,3.66862,3.59375,3.66862,8170
2006-09-08,3.59375,3.6237,3.41406,3.60872,11208
2006-09-11,3.48893,3.59375,3.48893,3.51888,3316
2006-09-12,3.59375,3.59375,3.44401,3.51888,7525
2006-09-13,3.44401,3.44401,3.41406,3.44401,20825
2006-09-14,3.45899,3.47396,3.41406,3.41406,82912
2006-09-15,3.51888,3.57878,3.51888,3.57878,675
2006-09-18,3.39909,3.57878,3.39909,3.57878,672
2006-09-19,3.39909,3.51888,3.39909,3.44401,15825
2006-09-20,3.51888,3.59375,3.51888,3.59375,14325
2006-09-21,3.59375,3.65365,3.51888,3.59375,11041
2006-09-22,3.45898,3.59375,3.45898,3.51888,7750
2006-09-25,3.51888,3.51888,3.44401,3.51888,13962
2006-09-26,3.51888,3.57878,3.45899,3.57878,3811
2006-09-27,3.59375,3.59375,3.54883,3.59375,3237
2006-09-28,3.44401,3.59375,3.44401,3.51888,38175
2006-09-29,3.44401,3.6237,3.44401,3.6237,111700
2006-10-02,3.45899,3.48893,3.44401,3.44401,33730
2006-10-03,3.44401,3.59375,3.36914,3.59375,51208
2006-10-04,3.47396,3.47396,3.47396,3.47396,394
2006-10-05,3.44401,3.47396,3.36914,3.45898,18193
2006-10-06,3.51888,3.51888,3.51888,3.51888,1100
2006-10-10,3.44401,3.51888,3.44401,3.51888,525
2006-10-11,3.45899,3.59375,3.36914,3.36914,3175
2006-10-12,3.50391,3.50391,3.44401,3.44401,3025
2006-10-13,3.44401,3.44401,3.35417,3.35417,2250
2006-10-16,3.51888,3.6237,3.41406,3.6237,2636
2006-10-17,3.59375,3.6237,3.45898,3.45898,49950
2006-10-18,3.53385,3.66862,3.51888,3.59375,432200
2006-10-19,3.72852,3.72852,3.59375,3.59375,1200
2006-10-20,3.63867,3.66862,3.63867,3.66862,11300
2006-10-23,3.60872,3.74349,3.60872,3.74349,26750
2006-10-24,3.81836,3.81836,3.71354,3.74349,19082
2006-10-25,3.81836,3.81836,3.74349,3.74349,5700
2006-10-26,3.74349,3.89323,3.66862,3.81836,163314
2006-10-27,3.81836,3.81836,3.74349,3.81836,14400
2006-10-30,3.80338,3.81836,3.80338,3.81836,4150
2006-10-31,3.81836,3.86328,3.74349,3.86328,5550
2006-11-01,3.80338,3.81836,3.44401,3.81836,5145
2006-11-02,3.78841,3.81836,3.75846,3.77344,24050
2006-11-03,3.74349,3.86328,3.74349,3.86328,3675
2006-11-06,3.78841,4.07292,3.78841,4.07292,65137
2006-11-07,4.11784,4.19271,3.9681,4.11784,6243
2006-11-08,4.34245,4.46224,4.11784,4.17774,65103
2006-11-09,4.17774,4.17774,3.9681,3.9681,8956
2006-11-10,3.9681,3.9681,3.74349,3.77344,36475
2006-11-13,3.9681,3.9681,3.74349,3.89323,11075
2006-11-14,3.84831,3.92318,3.74349,3.74349,9287
2006-11-15,3.74349,3.89323,3.74349,3.86328,1635
2006-11-16,3.9681,3.9681,3.81836,3.81836,2165
2006-11-17,3.86328,3.86328,3.74349,3.74349,1662
2006-11-20,3.75846,3.89323,3.75846,3.89323,2100
2006-11-21,3.89323,3.89323,3.74349,3.89323,6725
2006-11-22,3.89323,3.89323,3.74349,3.81836,13375
2006-11-23,3.80339,3.86328,3.74349,3.78841,17287
2006-11-24,3.78841,3.78841,3.6237,3.74349,36381
2006-11-27,3.63867,3.78841,3.63867,3.74349,4668
2006-11-28,3.6237,3.74349,3.60873,3.66862,142212
2006-11-29,3.66862,3.74349,3.66862,3.74349,7826
2006-11-30,3.66862,3.74349,3.63867,3.63867,202887
2006-12-01,3.86328,3.86328,3.63867,3.69857,5655
2006-12-04,3.71354,3.74349,3.66862,3.74349,192250
2006-12-05,3.66862,3.80339,3.66862,3.74349,2075
2006-12-06,3.81836,3.89323,3.68359,3.89323,4437
2006-12-07,3.89323,3.89323,3.75846,3.77344,7855
2006-12-08,3.74349,3.74349,3.74349,3.74349,425
2006-12-11,3.74349,3.75846,3.68359,3.69857,13567
2006-12-12,3.66862,3.80339,3.66862,3.68359,2143
2006-12-13,3.66862,3.69857,3.60872,3.69857,130518
2006-12-14,3.59375,3.66862,3.59375,3.59375,8900
2006-12-15,3.59375,3.66862,3.54883,3.54883,19156
2006-12-18,3.59375,3.59375,3.5638,3.59375,22812
2006-12-19,3.59375,3.65365,3.57878,3.57878,107366
2006-12-20,3.5638,3.59375,3.53385,3.59375,539643
2006-12-21,3.60872,3.6237,3.54883,3.59375,14581
2006-12-22,3.59375,3.80338,3.59375,3.80338,11203
2006-12-27,3.68359,3.78841,3.68359,3.69857,3280
2006-12-28,3.74349,3.74349,3.74349,3.74349,615
2006-12-29,3.75846,3.80339,3.60872,3.78841,4975
2007-01-02,3.74349,3.77344,3.74349,3.77344,1075
2007-01-03,3.78841,3.80339,3.69857,3.74349,20268
2007-01-04,3.74349,3.74349,3.63867,3.66862,9500
2007-01-05,3.77344,3.78841,3.72851,3.72851,44772
2007-01-08,3.78841,3.78841,3.69857,3.78841,37390
2007-01-09,3.74349,3.74349,3.66862,3.74349,19458
2007-01-10,3.74349,3.74349,3.66862,3.66862,6884
2007-01-11,3.6237,3.65365,3.57878,3.59375,42862
2007-01-12,3.59375,3.66862,3.59375,3.66862,261100
2007-01-15,3.66862,3.66862,3.59375,3.66862,25100
2007-01-16,3.66862,3.66862,3.53386,3.6237,137394
2007-01-17,3.54883,3.6237,3.54883,3.6237,10477
2007-01-18,3.5638,3.6237,3.53385,3.59375,38337
2007-01-19,3.53385,3.59375,3.51888,3.54883,7155
2007-01-22,3.59375,3.63867,3.57878,3.6237,111866
2007-01-23,3.6237,3.6237,3.59375,3.6237,24450
2007-01-24,3.60872,3.66862,3.57878,3.59375,73872
2007-01-25,3.6237,3.6237,3.51888,3.54883,32693
2007-01-26,3.57878,3.57878,3.50391,3.51888,59762
2007-01-29,3.5638,3.74349,3.48893,3.48893,781438
2007-01-30,3.54883,3.59375,3.51888,3.51888,324877
2007-01-31,3.59375,3.59375,3.50391,3.51888,157062
2007-02-01,3.57878,3.59375,3.53385,3.59375,83956
2007-02-02,3.51888,3.59375,3.44401,3.51888,752567
2007-02-05,3.57877,3.59375,3.45898,3.47396,114600
2007-02-06,3.47396,3.57878,3.44401,3.51888,128110
2007-02-07,3.53385,3.59375,3.47396,3.51888,50037
2007-02-08,3.57878,3.60872,3.53385,3.59375,13229
2007-02-09,3.59375,3.59375,3.51888,3.59375,21550
2007-02-12,3.59375,3.59375,3.51888,3.5638,29880
2007-02-13,3.57878,3.59375,3.54883,3.57878,11800
2007-02-14,3.5638,3.59375,3.51888,3.51888,25406
2007-02-15,3.5638,3.5638,3.53386,3.5638,15860
2007-02-16,3.54883,3.60872,3.51888,3.59375,232633
2007-02-19,3.59375,3.66862,3.59375,3.65365,18893
2007-02-20,3.65365,3.66862,3.60873,3.66862,33122
2007-02-21,3.66862,3.80339,3.59375,3.74349,59925
2007-02-22,3.74349,3.74349,3.6237,3.72851,44497
2007-02-23,3.78841,3.80339,3.69857,3.75846,99770
2007-02-26,15.1536,15.1536,3.69857,3.69857,99770
2007-02-27,3.69857,3.72852,3.51888,3.51888,131050
2007-02-28,3.51888,3.65365,3.51888,3.65365,60006
2007-03-01,3.69857,3.69857,3.57878,3.59375,38162
2007-03-02,3.69857,3.71354,3.5638,3.59375,60505
2007-03-05,3.59375,3.66862,3.51888,3.53385,21668
2007-03-06,3.65365,3.66862,3.57878,3.66862,155392
2007-03-07,3.66862,3.80338,3.6237,3.80338,103775
2007-03-08,3.78841,3.78841,3.72852,3.75846,30875
2007-03-09,3.77344,3.84831,3.74349,3.78841,75233
2007-03-12,3.80338,3.95312,3.80338,3.8483,60833
2007-03-13,3.86328,3.86328,3.75846,3.80338,18625
2007-03-14,3.77344,3.81836,3.75846,3.80338,14095
2007-03-15,3.78841,3.86328,3.77344,3.86328,24700
2007-03-16,3.86328,3.92318,3.81836,3.83333,38837
2007-03-19,3.83333,3.89323,3.83333,3.89323,11000
2007-03-20,3.87826,3.92318,3.83334,3.86328,19237
2007-03-21,3.87826,4.04297,3.87826,3.9681,81985
2007-03-22,3.98308,4.028,3.90821,3.93815,42963
2007-03-23,3.9681,3.9681,3.87825,3.89323,28873
2007-03-26,4.01302,4.01302,3.83333,3.83333,28925
2007-03-27,3.87825,3.87825,3.74349,3.83333,15453
2007-03-28,3.86593,3.86593,3.77568,3.8208,10550
2007-03-29,3.79072,3.88097,3.77567,3.77567,12786
2007-03-30,3.76063,3.86593,3.74559,3.86593,16056
2007-04-02,3.83584,3.85089,3.76063,3.77567,13442
2007-04-03,3.79072,3.88097,3.77567,3.83584,51581
2007-04-04,3.83584,3.89601,3.83584,3.83584,64925
2007-04-05,3.83584,3.89601,3.83584,3.83584,46378
2007-04-09,3.83584,3.88097,3.83584,3.88097,116300
2007-04-10,3.85089,3.85089,3.79072,3.83584,74851
2007-04-11,3.83584,3.85088,3.77567,3.85088,165350
2007-04-12,3.85089,3.89602,3.77568,3.89602,258818
2007-04-13,3.85089,3.89602,3.85089,3.89602,36875
2007-04-16,3.85089,3.94114,3.85089,3.91106,76946
2007-04-17,3.91106,4.0314,3.91106,4.01636,155434
2007-04-18,4.01635,4.12165,3.95618,4.12165,58115
2007-04-19,4.12166,4.12166,3.95619,4.06149,50620
2007-04-20,3.98627,4.10661,3.97123,4.10661,31372
2007-04-23,4.12165,4.15174,4.00131,4.15174,66106
2007-04-24,4.06149,4.15174,4.06149,4.06149,101892
2007-04-25,4.0314,4.10661,4.0314,4.10661,21501
2007-04-26,4.10913,4.21488,4.09403,4.15445,30537
2007-04-27,4.13935,4.13935,4.12424,4.13935,20764
2007-04-30,4.16956,4.19978,4.07892,4.13935,108870
2007-05-01,4.15445,4.21488,4.10913,4.15445,27972
2007-05-02,4.12424,4.19977,4.07892,4.16956,136235
2007-05-03,4.15446,4.22999,4.10913,4.12424,153645
2007-05-04,4.13935,4.13935,4.07892,4.13935,25740
2007-05-07,4.13935,4.13935,4.09403,4.13935,15401
2007-05-08,4.15446,4.15446,4.09403,4.12424,370100
2007-05-09,4.12424,4.15446,4.09403,4.12424,30557
2007-05-10,4.09403,4.13935,4.0336,4.06381,25193
2007-05-11,3.98828,4.07892,3.98828,4.0185,9568
2007-05-14,4.07892,4.07892,4.0336,4.06381,7750
2007-05-15,4.0336,4.07892,4.00338,4.07892,7011
2007-05-16,4.07892,4.07892,4.00339,4.04871,6844
2007-05-17,4.0487,4.0487,4.00338,4.00338,10847
2007-05-18,4.00338,4.07892,4.00338,4.07892,9450
2007-05-22,4.07892,4.07892,4.00339,4.0336,15180
2007-05-23,4.0185,4.0336,4.00339,4.0185,17988
2007-05-24,4.01849,4.08647,3.9354,3.95429,40352
2007-05-25,3.95806,3.99583,3.95806,3.99206,50495
2007-05-28,3.95806,4.00716,3.95806,3.99206,120350
2007-05-29,3.89216,3.89595,3.86181,3.88836,144875
2007-05-30,3.89216,3.89216,3.88457,3.89216,48871
2007-05-31,3.8694,3.88836,3.8694,3.88836,37179
2007-06-01,3.88457,3.89216,3.88078,3.89216,65075
2007-06-04,3.87319,3.87699,3.87319,3.87699,688
2007-06-05,3.87698,3.89216,3.86181,3.8694,18400
2007-06-06,3.86181,3.88837,3.86181,3.88457,56825
2007-06-07,3.86181,3.88457,3.83146,3.85043,77474
2007-06-08,3.8694,3.8694,3.83146,3.84284,45769
2007-06-11,3.83905,3.8656,3.83146,3.83146,36250
2007-06-12,3.79732,3.79732,3.64558,3.77835,74017
2007-06-13,3.75559,3.83146,3.75559,3.82767,128695
2007-06-14,3.80491,3.82008,3.80111,3.81249,15950
2007-06-15,3.79353,3.82008,3.79353,3.81249,47301
2007-06-18,3.79732,3.81249,3.75559,3.75559,94915
2007-06-19,3.77835,3.82767,3.76318,3.77456,104250
2007-06-20,3.77456,3.79353,3.76318,3.78594,150254
2007-06-21,3.76318,3.77456,3.74042,3.7518,136735
2007-06-22,3.73663,3.73663,3.60385,3.67593,131578
2007-06-25,3.65696,3.65696,3.58488,3.61144,180156
2007-06-26,3.62282,3.65317,3.47108,3.49005,300295
2007-06-27,3.52309,3.52309,3.49259,3.50402,72288
2007-06-28,3.5269,3.5269,3.48877,3.52309,24033
2007-06-29,3.52309,3.54215,3.50784,3.5269,69254
2007-07-03,3.5269,3.5269,3.51165,3.52309,13140
2007-07-04,3.51165,3.5269,3.4964,3.50784,51360
2007-07-05,3.50021,3.52309,3.47352,3.50021,64718
2007-07-06,3.50784,3.50784,3.45827,3.46971,90871
2007-07-09,3.47352,3.47352,3.39345,3.41252,85755
2007-07-10,3.41252,3.43158,3.35914,3.42777,134836
2007-07-11,3.39345,3.47734,3.39345,3.45065,145835
2007-07-12,3.45446,3.54597,3.43539,3.54215,333385
2007-07-13,3.51928,3.54597,3.51928,3.54215,81275
2007-07-16,3.49259,3.53834,3.47352,3.48877,43482
2007-07-17,3.52309,3.52309,3.48877,3.50402,55925
2007-07-18,3.46971,3.48877,3.45446,3.4659,287950
2007-07-19,3.4659,3.48877,3.43921,3.45827,25579
2007-07-20,3.45446,3.45827,3.39345,3.45065,63778
2007-07-23,3.43158,3.43158,3.39345,3.42014,59994
2007-07-24,3.40489,3.45827,3.39727,3.4087,115243
2007-07-25,3.42014,3.45827,3.36295,3.36676,82466
2007-07-26,3.3477,3.3477,3.25619,3.33626,166576
2007-07-27,3.25831,3.33115,3.25831,3.31198,45750
2007-07-30,3.30048,3.41548,3.28898,3.31198,29280
2007-07-31,3.35031,3.35031,3.17015,3.25831,70650
2007-08-01,3.24298,3.25448,3.16248,3.24298,27476
2007-08-02,3.24298,3.25832,3.18165,3.23915,56553
2007-08-03,3.21615,3.25831,3.16248,3.25831,117763
2007-08-07,3.25831,3.34265,3.24298,3.25831,28495
2007-08-08,3.22381,3.33881,3.21998,3.22381,58600
2007-08-09,3.23915,3.23915,3.07048,3.08582,38980
2007-08-10,3.07048,3.12798,2.98998,3.03982,299808
2007-08-13,3.04748,3.07048,2.98998,3.00915,54133
2007-08-14,3.02832,3.04748,2.98998,2.98998,53680
2007-08-15,3.00148,3.06665,2.97082,3.06665,193350
2007-08-16,3.02832,3.08582,2.98999,3.02832,242257
2007-08-17,3.14332,3.25831,3.07815,3.12032,76621
2007-08-20,3.08965,3.24682,3.08965,3.19698,109325
2007-08-21,3.20465,3.33115,3.18165,3.21615,76560
2007-08-22,3.25449,3.25449,3.20082,3.21999,504399
2007-08-23,3.29665,3.44998,3.23531,3.33498,83629
2007-08-24,3.38482,3.44232,3.29665,3.40782,69489
2007-08-27,3.44998,3.46915,3.41165,3.44998,189748
2007-08-28,3.44998,3.44998,3.37331,3.38481,30346
2007-08-29,3.41051,3.41051,3.27948,3.31416,39056
2007-08-30,3.34499,3.37197,3.31416,3.33729,169265
2007-08-31,3.3527,3.42978,3.3527,3.42978,98407
2007-09-04,3.29875,3.64173,3.29875,3.64173,739268
2007-09-05,3.6687,3.7766,3.63402,3.64173,92286
2007-09-06,3.64173,3.64173,3.51456,3.58007,39225
2007-09-07,3.57622,3.57622,3.47217,3.53382,23750
2007-09-10,3.57622,3.57622,3.46831,3.51456,22326
2007-09-11,3.54538,3.54924,3.48373,3.52226,27165
2007-09-12,3.51456,3.54539,3.47602,3.47987,28470
2007-09-13,3.52226,3.52226,3.46831,3.49143,20187
2007-09-14,3.47987,3.50685,3.47217,3.47602,19875
2007-09-17,3.47602,3.50299,3.37197,3.40665,49469
2007-09-18,3.42207,3.44904,3.39895,3.42592,21365
2007-09-19,3.42592,3.44519,3.41436,3.42207,33786
2007-09-20,3.39895,3.44904,3.37197,3.37197,27018
2007-09-21,3.37582,3.41051,3.3527,3.39509,14796
2007-09-24,3.42977,3.42977,3.38738,3.38738,14994
2007-09-25,3.37968,3.40665,3.37197,3.37582,23119
2007-09-26,3.37066,3.44427,3.37066,3.44427,33990
2007-09-27,3.42877,3.47914,3.33191,3.42877,70747
2007-09-28,3.43652,3.56437,3.43652,3.48689,44478
2007-10-01,3.48689,3.51401,3.48689,3.49076,19292
2007-10-02,3.54888,3.54888,3.47526,3.48689,68829
2007-10-03,3.49076,3.51788,3.46752,3.46752,58150
2007-10-04,3.47527,3.51788,3.46364,3.46364,64200
2007-10-05,3.46364,3.52175,3.4094,3.4094,75117
2007-10-09,3.4094,3.46364,3.37066,3.41328,51533
2007-10-10,3.3939,3.44814,3.39003,3.44427,20230
2007-10-11,3.4249,3.44427,3.34354,3.4094,76443
2007-10-12,3.37453,3.4094,3.37066,3.3939,39865
2007-10-15,3.38615,3.47914,3.37066,3.45202,21294
2007-10-16,3.48301,3.48301,3.39778,3.45202,186450
2007-10-17,3.41327,3.51401,3.4094,3.49463,52538
2007-10-18,3.50626,3.50626,3.47914,3.48689,13275
2007-10-19,3.49851,3.53338,3.49851,3.52176,31603
2007-10-22,3.51013,3.51013,3.45589,3.45977,51223
2007-10-23,3.52176,3.52176,3.44815,3.46752,8012
2007-10-24,3.52176,3.52176,3.45202,3.45977,5883
2007-10-25,3.45977,3.46364,3.35903,3.35903,161449
2007-10-26,3.33966,3.41715,3.29705,3.40553,116820
2007-10-29,3.4237,3.4276,3.34191,3.40033,72715
2007-10-30,3.47824,3.47824,3.36138,3.40812,66553
2007-10-31,3.45097,3.5016,3.40812,3.4276,151586
2007-11-01,3.4276,3.44318,3.38475,3.44318,17763
2007-11-02,3.44707,3.52497,3.41981,3.5055,136302
2007-11-05,3.5055,3.56392,3.5055,3.52497,59048
2007-11-06,3.52498,3.54445,3.5055,3.52108,76493
2007-11-07,3.53666,3.54445,3.5055,3.52497,93302
2007-11-08,3.52498,3.52498,3.44708,3.48213,40160
2007-11-09,3.48213,3.5055,3.4315,3.43929,33955
2007-11-12,3.4276,3.54834,3.4237,3.5055,81900
2007-11-13,3.48602,3.56392,3.48602,3.48992,14306
2007-11-14,3.48992,3.49771,3.44318,3.47044,14175
2007-11-15,3.46655,3.47434,3.4276,3.47434,8743
2007-11-16,3.46655,3.47044,3.4276,3.47044,7028
2007-11-19,3.48602,3.48602,3.3497,3.40812,21550
2007-11-20,3.37696,3.39644,3.31464,3.36917,29524
2007-11-21,3.37307,3.37307,3.31075,3.31075,48427
2007-11-22,3.2718,3.29128,3.21338,3.21338,210645
2007-11-23,3.31465,3.31465,3.18611,3.26791,29430
2007-11-26,3.27569,3.29127,3.25622,3.29127,47100
2007-11-27,3.31075,3.3458,3.27959,3.31075,60736
2007-11-28,3.32511,3.32903,3.28986,3.30944,22925
2007-11-29,3.3212,3.34861,3.3212,3.34469,121200
2007-11-30,3.34469,3.42694,3.28986,3.42694,94952
2007-12-03,3.39169,3.41519,3.33294,3.40735,13200
2007-12-04,3.35644,3.36036,3.33294,3.34861,9240
2007-12-05,3.38777,3.38777,3.27419,3.36036,28772
2007-12-06,3.36036,3.37994,3.33294,3.37994,23552
2007-12-07,3.1802,3.37211,3.1802,3.36036,15055
2007-12-10,3.33686,3.40736,3.32903,3.35644,19114
2007-12-11,3.41911,3.42302,3.32511,3.36819,23398
2007-12-12,3.32903,3.37211,3.32903,3.36428,20291
2007-12-13,3.32903,3.3447,3.32903,3.33295,21962
2007-12-14,3.33686,3.36819,3.32903,3.35253,13709
2007-12-17,3.40736,3.43086,3.36819,3.37211,21523
2007-12-18,3.32903,3.44261,3.32903,3.36819,32867
2007-12-19,3.41519,3.46219,3.32903,3.42694,35990
2007-12-20,3.37602,3.44652,3.32902,3.40735,120700
2007-12-21,3.42302,3.52485,3.42302,3.4661,38419
2007-12-24,3.5601,3.5601,3.44652,3.50527,22461
2007-12-27,3.40947,3.5827,3.40947,3.52364,14237
2007-12-28,3.61813,3.61813,3.57482,3.57482,850
2007-12-31,3.51577,3.62601,3.51577,3.62601,56470
2008-01-02,3.62207,3.64175,3.5827,3.62207,47471
2008-01-03,3.64176,3.65357,3.60239,3.64569,35283
2008-01-04,3.60632,3.62207,3.59845,3.60238,24600
2008-01-07,3.54333,3.62207,3.52758,3.52758,10476
2008-01-08,3.48427,3.5512,3.38585,3.45278,13700
2008-01-09,3.45278,3.54333,3.40553,3.40553,32366
2008-01-10,3.40947,3.43309,3.40553,3.40553,22519
2008-01-11,3.40553,3.42521,3.35041,3.36616,107229
2008-01-14,3.50789,3.50789,3.34647,3.3701,30999
2008-01-15,3.36616,3.37403,3.34647,3.36616,88750
2008-01-16,3.36616,3.42522,3.36616,3.40947,28157
2008-01-17,3.4449,3.4449,3.34648,3.34648,51688
2008-01-18,3.36616,3.36616,3.34648,3.34648,21802
2008-01-21,3.34647,3.34647,3.14962,3.14962,47590
2008-01-22,3.49608,3.49608,3.22836,3.26773,26063
2008-01-23,3.26773,3.26773,3.16931,3.24805,50900
2008-01-24,3.22837,3.24805,3.22837,3.24018,60810
2008-01-25,3.24018,3.24018,3.22837,3.24018,40368
2008-01-28,3.26773,3.26773,3.24017,3.24805,40642
2008-01-29,3.26653,3.26653,3.23881,3.24673,56700
2008-01-30,3.24673,3.24673,3.20714,3.21505,13032
2008-01-31,3.21506,3.24673,3.16754,3.19922,42752
2008-02-01,3.20318,3.24673,3.20318,3.24673,23323
2008-02-04,3.24673,3.24673,3.2111,3.2111,7800
2008-02-05,3.20714,3.21901,3.15566,3.15962,86225
2008-02-06,3.1517,3.16754,3.08835,3.09231,41510
2008-02-07,3.12003,3.12399,3.05668,3.0646,13259
2008-02-08,3.08043,3.10023,2.97749,3.07648,19475
2008-02-11,3.0448,3.04876,3.00916,3.02896,13491
2008-02-12,3.02104,3.14775,3.01708,3.04876,18675
2008-02-13,3.04876,3.06856,2.98937,3.02104,10893
2008-02-14,3.00917,3.07252,2.99333,3.0646,47032
2008-02-15,3.02896,3.0448,2.95769,2.96957,133862
2008-02-19,2.96957,3.08836,2.96957,3.08836,22524
2008-02-20,3.08835,3.08835,3.02896,3.04876,10773
2008-02-21,3.05272,3.05272,3.04084,3.04876,35103
2008-02-22,3.06856,3.06856,2.98541,2.98541,39532
2008-02-25,3.01312,3.0646,3.01312,3.04084,23260
2008-02-26,3.04876,3.04876,3.02896,3.04876,73269
2008-02-27,3.05938,3.06735,3.02752,3.04345,8542
2008-02-28,3.04345,3.13507,3.0076,3.13507,97850
2008-02-29,3.11515,3.11515,3.0076,3.02353,53482
2008-03-03,3.13906,3.13906,3.07134,3.10719,13925
2008-03-04,3.1271,3.1271,3.06735,3.08727,9076
2008-03-05,3.1032,3.1271,3.06735,3.08727,31834
2008-03-06,3.09523,3.1271,3.06735,3.08727,14925
2008-03-07,3.08727,3.09922,3.04743,3.08329,18200
2008-03-10,3.18686,3.18686,3.04743,3.06735,13000
2008-03-11,3.05142,3.07532,3.04743,3.05142,14100
2008-03-12,3.05142,3.08727,3.04743,3.07532,9478
2008-03-13,3.05938,3.07532,3.0554,3.07133,10572
2008-03-14,3.04743,3.05142,3.02751,3.0315,57350
2008-03-17,3.17889,3.17889,3.02751,3.04743,18207
2008-03-18,3.04743,3.04743,3.02751,3.04743,19877
2008-03-19,3.04743,3.04743,3.02751,3.04743,22240
2008-03-20,3.03548,3.03947,3.0076,3.02353,24007
2008-03-24,3.03548,3.08328,2.98768,3.02751,13401
2008-03-25,3.05141,3.05141,3.02751,3.04743,27700
2008-03-26,3.04743,3.07133,3.02353,3.03947,278600
2008-03-27,3.05015,3.08623,3.04615,3.04615,55335
2008-03-28,3.17841,3.17841,3.04615,3.05416,12000
2008-03-31,3.09825,3.15837,3.0742,3.14234,14000
2008-04-01,3.14234,3.19845,3.1223,3.14635,10731
2008-04-02,3.15837,3.28262,3.14234,3.28262,19968
2008-04-03,3.28262,3.29064,3.20246,3.21048,23402
2008-04-04,3.22651,3.24254,3.20647,3.20647,30100
2008-04-07,3.20647,3.25457,3.20647,3.23453,26595
2008-04-08,3.23853,3.29465,3.23853,3.26659,9544
2008-04-09,3.20647,3.2225,3.15436,3.16238,22675
2008-04-10,3.12631,3.18643,3.10627,3.16238,11375
2008-04-11,3.15036,3.16639,3.14635,3.16639,15071
2008-04-14,3.16639,3.1704,3.13432,3.14234,17900
2008-04-15,3.17842,3.18242,3.11429,3.1223,15695
2008-04-16,3.20246,3.20246,3.11028,3.1704,7838
2008-04-17,3.16639,3.20246,3.13432,3.15437,10165
2008-04-18,3.20246,3.20246,3.12631,3.16639,78512
2008-04-21,3.14635,3.24655,3.14635,3.23052,37314
2008-04-22,3.20647,3.21849,3.18242,3.20647,104437
2008-04-23,3.23853,3.23853,3.1704,3.22651,9606
2008-04-24,3.19044,3.24655,3.18643,3.20647,35928
2008-04-25,3.20647,3.24655,3.18643,3.24655,38850
2008-04-28,3.26536,3.26536,3.24118,3.24521,6333
2008-04-29,3.24521,3.24521,3.22908,3.24521,36780
2008-04-30,3.22505,3.22908,3.20893,3.22102,64916
2008-05-01,3.20489,3.24521,3.20489,3.24521,27825
2008-05-02,3.24521,3.24521,3.22505,3.24118,11641
2008-05-05,3.28149,3.28149,3.24924,3.26537,21354
2008-05-06,3.24118,3.24924,3.20086,3.20086,54800
2008-05-07,3.21296,3.26537,3.21296,3.26537,24780
2008-05-08,3.26536,3.34599,3.26536,3.3218,43332
2008-05-09,3.31777,3.3863,3.31777,3.36615,40604
2008-05-12,3.41049,3.42258,3.34599,3.37824,24042
2008-05-13,3.36615,3.37421,3.3218,3.3218,24948
2008-05-14,3.34599,3.35002,3.24924,3.26939,9725
2008-05-15,3.2694,3.36212,3.2573,3.34196,3900
2008-05-16,3.31374,3.31374,3.24924,3.30568,12675
2008-05-20,3.31374,3.31374,3.24924,3.30165,27689
2008-05-21,3.28149,3.32583,3.26536,3.29358,29595
2008-05-22,3.30568,3.30568,3.20893,3.24118,25015
2008-05-23,3.25327,3.29358,3.24924,3.26133,18504
2008-05-26,3.30165,3.32584,3.30165,3.30165,11142
2008-05-27,3.30568,3.30568,3.24521,3.24521,22008
2008-05-28,3.28441,3.30468,3.26819,3.26819,12726
2008-05-29,3.26413,3.29657,3.26413,3.26413,22100
2008-05-30,3.30873,3.31279,3.26413,3.28441,2725
2008-06-02,3.25602,3.30063,3.25602,3.28035,10827
2008-06-03,3.24385,3.24385,3.17087,3.1952,213110
2008-06-04,3.24386,3.24386,3.16276,3.20331,43130
2008-06-05,3.20331,3.26818,3.20331,3.24385,14064
2008-06-06,3.18709,3.25602,3.18709,3.24385,41400
2008-06-09,3.17087,3.24386,3.17087,3.23575,14025
2008-06-10,3.2398,3.2398,3.19114,3.1952,7725
2008-06-11,3.22764,3.24386,3.16276,3.18709,18818
2008-06-12,3.16276,3.21953,3.16276,3.21953,28050
2008-06-13,3.18303,3.21953,3.18303,3.18709,18200
2008-06-16,3.1952,3.20331,3.17898,3.19925,7356
2008-06-17,3.17492,3.21953,3.17492,3.21142,90900
2008-06-18,3.21142,3.21142,3.1952,3.21142,22327
2008-06-19,3.21142,3.21953,3.18303,3.18709,27991
2008-06-20,3.21142,3.21142,3.09383,3.18303,61761
2008-06-23,3.09383,3.20331,3.09383,3.10599,76897
2008-06-24,3.14248,3.1587,3.12221,3.12626,32142
2008-06-25,3.18709,3.18709,3.10194,3.10194,30743
2008-06-26,3.12098,3.14137,3.05978,3.05978,40480
2008-06-27,3.03938,3.18217,3.03938,3.04346,14980
2008-06-30,3.05978,3.10874,2.91699,3.01898,29780
2008-07-02,3.10058,3.10466,2.8558,3.01898,64528
2008-07-03,3.01898,3.06386,2.97819,3.04754,13632
2008-07-04,3.0761,3.08018,3.01083,3.0353,3850
2008-07-07,3.04346,3.0761,2.98227,2.98227,16736
2008-07-08,2.97819,3.01082,2.89659,2.89659,49970
2008-07-09,2.91291,2.99042,2.91291,2.94147,19800
2008-07-10,2.94147,3.01082,2.94147,2.97819,7734
2008-07-11,2.93739,2.99451,2.91699,2.91699,15715
2008-07-14,2.95779,2.95779,2.91699,2.91699,15963
2008-07-15,2.95779,2.95779,2.90067,2.93739,54476
2008-07-16,2.92923,2.93331,2.91699,2.92107,15797
2008-07-17,2.93331,2.96187,2.93331,2.95779,26162
2008-07-18,2.95779,3.01898,2.95779,2.96187,67848
2008-07-21,2.95779,3.01898,2.92515,2.93739,16663
2008-07-22,2.90883,2.93331,2.90883,2.93331,1136
2008-07-23,2.92923,2.93331,2.87619,2.93331,26811
2008-07-24,2.93739,2.93739,2.89659,2.90067,29238
2008-07-25,2.97411,2.97819,2.93739,2.93739,14314
2008-07-28,2.97411,2.97411,2.90475,2.90883,20175
2008-07-29,2.91978,3.03477,2.91568,2.93621,5975
2008-07-30,2.92389,2.95674,2.92389,2.92389,775
2008-07-31,2.93621,2.94853,2.91568,2.91568,12014
2008-08-01,2.91568,2.9937,2.91568,2.91568,4050
2008-08-05,2.92389,2.9937,2.91568,2.95674,16450
2008-08-06,2.97727,3.01013,2.96085,2.97727,44537
2008-08-07,2.96085,3.00191,2.91568,2.91568,11850
2008-08-08,2.88282,2.89104,2.87461,2.87461,32432
2008-08-11,2.88693,2.95674,2.85818,2.87461,33426
2008-08-12,2.87461,2.87461,2.85408,2.86229,17393
2008-08-13,2.88282,2.89104,2.84176,2.84997,24614
2008-08-14,2.85408,2.91568,2.82944,2.87461,125295
2008-08-15,2.85818,2.91568,2.85818,2.87461,22340
2008-08-18,2.87461,2.91568,2.87461,2.88282,59722
2008-08-19,2.91157,2.91157,2.88693,2.89514,20714
2008-08-20,2.88693,2.90746,2.88282,2.88282,20002
2008-08-21,2.87872,2.91157,2.87872,2.91157,32127
2008-08-22,2.89514,2.93621,2.89104,2.91978,21415
2008-08-25,2.89104,2.93621,2.89104,2.93621,13590
2008-08-26,2.97317,2.97317,2.91157,2.95674,13880
2008-08-27,2.9223,2.9471,2.9223,2.92643,5389
2008-08-28,2.9347,2.93883,2.89336,2.91403,31364
2008-08-29,2.8975,2.9347,2.8975,2.9347,6600
2008-09-02,2.9347,2.96363,2.91403,2.93056,19906
2008-09-03,2.9347,2.9347,2.89337,2.89337,87255
2008-09-04,2.9719,2.97603,2.89336,2.91403,6284
2008-09-05,2.89337,2.89337,2.8727,2.89337,159111
2008-09-08,2.9347,2.9347,2.85203,2.85203,24921
2008-09-09,2.89337,2.89337,2.83136,2.8355,21750
2008-09-10,2.83137,2.8603,2.8107,2.83137,22846
2008-09-11,2.8355,2.85203,2.83137,2.83137,24758
2008-09-12,2.8355,2.88923,2.83136,2.8355,16713
2008-09-15,2.93056,2.93056,2.71976,2.71976,39439
2008-09-16,2.7859,2.7859,2.72803,2.7487,24738
2008-09-17,2.76936,2.78176,2.52136,2.74456,31270
2008-09-18,2.58336,2.76523,2.58336,2.72803,39495
2008-09-19,2.73216,2.77763,2.60816,2.6867,42928
2008-09-22,2.76936,2.80243,2.68669,2.80243,15558
2008-09-23,2.71563,2.85203,2.6867,2.7983,16709
2008-09-24,2.7983,2.80243,2.76936,2.76936,25234
2008-09-25,2.76936,2.76936,2.66603,2.6867,32276
2008-09-26,2.70612,2.70612,2.58123,2.66449,30700
2008-09-29,2.68115,2.68115,2.49796,2.49796,73398
2008-09-30,2.39804,2.58123,2.39804,2.44384,37685
2008-10-01,2.45633,2.53127,2.45633,2.49796,269584
2008-10-02,2.53543,2.53543,2.45633,2.51461,52400
2008-10-03,2.49796,2.53959,2.46049,2.49796,37280
2008-10-06,2.49796,2.49796,2.06498,2.39388,35754
2008-10-07,2.29396,2.47298,2.18988,2.20653,54248
2008-10-08,2.2898,2.2898,1.93592,2.25649,115953
2008-10-09,2.26898,2.2898,2.20653,2.2898,16425
2008-10-10,1.45714,2.08163,1.45714,2.06082,41201
2008-10-14,2.1649,2.2898,2.13576,2.1649,60713
2008-10-15,2.0858,2.12327,2.07331,2.08164,31747
2008-10-16,2.08163,2.08163,1.836,2.06082,23239
2008-10-17,2.08996,2.18572,2.06498,2.18572,19604
2008-10-20,2.20653,2.24817,2.18572,2.24817,20350
2008-10-21,2.24817,2.35225,2.23151,2.2898,115475
2008-10-22,2.29396,2.37306,2.2898,2.2898,28684
2008-10-23,2.29396,2.29396,2.2898,2.2898,8750
2008-10-24,2.20653,2.31478,2.09412,2.09412,52143
2008-10-27,2.30645,2.31062,2.04,2.04,47251
2008-10-28,2.14408,2.18572,1.81102,2.08164,91542
2008-10-29,2.20211,2.20211,2.10125,2.16428,50175
2008-10-30,2.15168,2.20211,2.14327,2.16428,57231
2008-10-31,2.15168,2.17689,2.10125,2.10125,161258
2008-11-03,2.12226,2.12226,2.09704,2.12226,24225
2008-11-04,2.12226,2.31137,2.09284,2.16848,48980
2008-11-05,2.33239,2.5215,2.33239,2.39122,25400
2008-11-06,2.39122,2.5215,2.28195,2.46266,9395
2008-11-07,2.55932,2.55932,2.26935,2.46686,75686
2008-11-10,2.39542,2.5215,2.39542,2.5215,73560
2008-11-11,2.52149,2.52149,2.31137,2.35339,90918
2008-11-12,2.3534,2.366,2.14747,2.24833,21008
2008-11-13,2.29036,2.35339,2.24413,2.35339,148331
2008-11-14,2.3534,2.39542,2.3534,2.39542,28900
2008-11-17,2.39542,2.39542,2.31137,2.31137,52684
2008-11-18,2.41223,2.41643,2.29036,2.29456,21770
2008-11-19,2.31137,2.31557,2.24833,2.26935,73456
2008-11-20,2.16428,2.1853,2.14327,2.16008,98075
2008-11-21,2.16428,2.1853,2.03401,2.12226,48589
2008-11-24,2.18109,2.18109,1.91634,2.04661,76115
2008-11-25,2.04661,2.04661,1.95416,1.95416,91688
2008-11-26,1.95274,1.99519,1.76171,1.99095,65308
2008-11-27,1.99095,2.09283,1.99095,2.05887,115967
2008-11-28,2.10981,2.10981,1.97397,2.03765,42350
2008-12-01,1.96124,2.03765,1.96124,1.98246,38383
2008-12-02,1.9952,2.02067,1.95274,1.95274,70450
2008-12-03,1.93152,1.99519,1.91029,1.91029,45025
2008-12-04,1.92727,1.99095,1.86784,1.86784,95373
2008-12-05,1.87209,1.91029,1.80417,1.90605,32250
2008-12-08,1.88058,1.95274,1.86784,1.88058,22748
2008-12-09,1.89756,1.89756,1.80417,1.86784,52124
2008-12-10,1.88907,1.89756,1.82964,1.89756,61831
2008-12-11,1.9018,1.91029,1.82539,1.88907,62901
2008-12-12,1.84662,1.91029,1.84662,1.87209,31636
2008-12-15,1.85511,1.91029,1.85511,1.86784,142294
2008-12-16,1.79568,1.88907,1.79568,1.87633,61076
2008-12-17,1.87633,1.87633,1.87633,1.87633,0
2008-12-18,1.88907,1.88907,1.80417,1.85935,131486
2008-12-19,1.85935,1.85935,1.81266,1.8169,45847
2008-12-22,1.80841,1.83388,1.76596,1.77445,109893
2008-12-23,1.77445,1.80417,1.69804,1.69804,84825
2008-12-24,1.75747,1.80417,1.72351,1.74474,28894
2008-12-29,1.88071,1.88071,1.77766,1.80342,30366
2008-12-30,1.80342,1.84636,1.79483,1.83348,108955
2008-12-31,1.88071,1.91935,1.84636,1.91935,60432
2009-01-02,1.94512,2.12546,1.94512,2.03958,55390
2009-01-05,2.07393,2.25427,2.07393,2.21563,20572
2009-01-06,2.24139,2.34444,2.20275,2.26715,44541
2009-01-07,2.27574,2.27574,2.14263,2.14693,53122
2009-01-08,2.14693,2.14693,2.08252,2.14263,22125
2009-01-09,2.10399,2.19416,2.05676,2.14693,31118
2009-01-12,2.19845,2.19845,2.15551,2.1684,5845
2009-01-13,2.14693,2.23281,2.14693,2.18987,10414
2009-01-14,2.20704,2.2328,2.15122,2.22851,9300
2009-01-15,2.17698,2.18986,2.11258,2.14693,30033
2009-01-16,2.21563,2.2328,2.14263,2.18557,30852
2009-01-19,2.35733,2.35733,2.21134,2.21134,20310
2009-01-20,2.24998,2.24998,2.18557,2.2328,29899
2009-01-21,2.27145,2.27574,2.2328,2.25427,14100
2009-01-22,2.22851,2.24998,2.18986,2.24998,29856
2009-01-23,2.2328,2.25427,2.21133,2.24998,7205
2009-01-26,2.25427,2.3058,2.21563,2.3058,27844
2009-01-27,2.27574,2.31009,2.24568,2.24568,66405
2009-01-28,2.27457,2.31356,2.27457,2.27457,38617
2009-01-29,2.2529,2.29623,2.16625,2.27023,40926
2009-01-30,2.29623,2.38288,2.24857,2.37855,72104
2009-02-02,2.39588,2.39588,2.32656,2.32656,6551
2009-02-03,2.33956,2.41754,2.27457,2.2919,9219
2009-02-04,2.26157,2.30056,2.26157,2.27457,10125
2009-02-05,2.27457,2.31356,2.23558,2.24424,33154
2009-02-06,2.25291,2.3179,2.20958,2.3179,36088
2009-02-09,2.33089,2.38288,2.32223,2.33522,15600
2009-02-10,2.33522,2.33522,2.27457,2.29623,14342
2009-02-11,2.31789,2.31789,2.20958,2.25291,16837
2009-02-12,2.27457,2.28323,2.23558,2.28323,20355
2009-02-13,2.31789,2.41754,2.31789,2.41754,12772
2009-02-17,2.38288,2.38288,2.31789,2.36988,3872
2009-02-18,2.38288,2.49553,2.2789,2.49553,28654
2009-02-19,2.46953,2.46953,2.45653,2.46953,5222
2009-02-20,2.39155,2.46087,2.30923,2.37855,64142
2009-02-23,2.46087,2.46087,2.27457,2.36122,16879
2009-02-24,2.26157,2.34389,2.20958,2.25291,20651
2009-02-25,2.29517,2.29517,2.22959,2.2908,10617
2009-02-26,2.23396,2.34326,2.22959,2.33889,19990
2009-02-27,2.30391,2.35637,2.30391,2.30391,2158
2009-03-02,2.30828,2.31703,2.24708,2.29517,17036
2009-03-03,2.27331,2.27331,2.22959,2.27331,16014
2009-03-04,2.22959,2.27331,2.22522,2.22522,243397
2009-03-05,2.26894,2.26894,2.09844,2.15964,60929
2009-03-06,2.07658,2.20336,2.01538,2.16839,22288
2009-03-09,2.10281,2.13778,1.98914,2.011,16535
2009-03-10,2.06347,2.17713,2.06347,2.15964,7901
2009-03-11,2.15964,2.16402,2.08095,2.16402,4521
2009-03-12,2.16401,2.20773,2.12467,2.20773,5332
2009-03-13,2.1203,2.14216,2.05472,2.05472,19229
2009-03-16,2.14216,2.20773,2.08095,2.18587,29193
2009-03-17,2.10281,2.18587,2.10281,2.1815,7830
2009-03-18,2.1815,2.18587,2.1203,2.1815,23087
2009-03-19,2.1815,2.18587,2.14216,2.14216,80119
2009-03-20,2.13778,2.16402,2.1203,2.16402,9461
2009-03-23,2.16402,2.16402,2.14216,2.16402,18465
2009-03-24,2.16402,2.16402,2.13778,2.16402,80633
2009-03-25,2.17713,2.17713,2.16401,2.17713,24393
2009-03-26,2.18587,2.18587,2.12467,2.16402,21389
2009-03-27,2.1802,2.19785,2.14048,2.19785,16965
2009-03-30,2.18461,2.18461,2.14489,2.14489,9700
2009-03-31,2.18461,2.18461,2.16254,2.16254,23770
2009-04-01,2.1802,2.20226,2.14048,2.20226,50100
2009-04-02,2.20668,2.20668,2.16254,2.16254,47638
2009-04-03,2.18461,2.20227,2.16254,2.16254,27961
2009-04-06,2.16255,2.20227,2.14048,2.14489,16585
2009-04-07,2.18461,2.18461,2.13606,2.16254,18250
2009-04-08,2.16254,2.2464,2.13606,2.16254,89288
2009-04-09,2.18461,2.20227,2.16696,2.16696,58665
2009-04-13,2.16696,2.20668,2.14489,2.16254,35355
2009-04-14,2.16255,2.19785,2.15372,2.19785,42950
2009-04-15,2.16696,2.20226,2.16696,2.19344,42108
2009-04-16,2.20227,2.20227,2.17137,2.18461,34598
2009-04-17,2.26846,2.27288,2.16696,2.22433,80959
2009-04-20,2.25964,2.25964,2.18461,2.18461,22978
2009-04-21,2.25081,2.25523,2.20226,2.20668,77112
2009-04-22,2.25523,2.26847,2.21992,2.26847,77470
2009-04-23,2.21992,2.27288,2.2155,2.25964,15800
2009-04-24,2.25081,2.31701,2.25081,2.31701,70375
2009-04-27,2.38321,2.38321,2.2464,2.2464,217539
2009-04-28,2.25828,2.40081,2.25828,2.28055,15981
2009-04-29,2.32063,2.33845,2.27164,2.33845,24266
2009-04-30,2.33845,2.33845,2.31618,2.31618,69675
2009-05-01,2.33845,2.33845,2.285,2.29391,58850
2009-05-04,2.334,2.33845,2.31173,2.31618,175371
2009-05-05,2.31618,2.334,2.30282,2.31618,60428
2009-05-06,2.36072,2.49435,2.36072,2.41863,178878
2009-05-07,2.48544,2.57007,2.44981,2.45872,94005
2009-05-08,2.52553,2.52998,2.45426,2.47653,39267
2009-05-11,2.51217,2.52998,2.47653,2.47653,44057
2009-05-12,2.49435,2.51662,2.45426,2.45426,67657
2009-05-13,2.44981,2.44981,2.41863,2.44981,67940
2009-05-14,2.42308,2.51662,2.42308,2.42308,64548
2009-05-15,2.42754,2.42754,2.38299,2.42308,54677
2009-05-19,2.42308,2.44981,2.40972,2.42754,85992
2009-05-20,2.43199,2.49435,2.43199,2.44981,163200
2009-05-21,2.44981,2.49435,2.38745,2.44981,50033
2009-05-22,2.43199,2.44981,2.42308,2.44981,74461
2009-05-25,2.44981,2.52553,2.44981,2.52553,18149
2009-05-26,2.52107,2.60125,2.52107,2.55671,51788
2009-05-27,2.57766,2.58216,2.57317,2.57317,57672
2009-05-28,2.63605,2.63605,2.58216,2.60461,77747
2009-05-29,2.66299,2.66299,2.58216,2.59563,27729
2009-06-01,2.67646,2.67646,2.5597,2.60461,156537
2009-06-02,2.62257,2.69442,2.58216,2.60461,32285
2009-06-03,2.62257,2.67197,2.60461,2.60461,87636
2009-06-04,2.66299,2.71239,2.64054,2.64952,66644
2009-06-05,2.67197,2.74831,2.67197,2.68993,55710
2009-06-08,2.7528,2.87405,2.7079,2.78424,143816
2009-06-09,2.76628,2.93243,2.76178,2.78873,68794
2009-06-10,2.86507,2.8965,2.84262,2.8516,116196
2009-06-11,2.76178,2.76178,2.71688,2.75729,748289
2009-06-12,2.77526,2.84711,2.74382,2.78873,109534
2009-06-15,2.80669,2.80669,2.78424,2.78424,75855
2009-06-16,2.78424,2.82465,2.74831,2.76628,71592
2009-06-17,2.79322,2.80669,2.76178,2.76628,62099
2009-06-18,2.76178,2.81118,2.76178,2.78424,64115
2009-06-19,2.78424,2.79322,2.77526,2.78424,50554
2009-06-22,2.78424,2.78424,2.71688,2.74382,112075
2009-06-23,2.76178,2.76178,2.7034,2.72137,231877
2009-06-24,2.76178,2.76627,2.71688,2.73933,89522
2009-06-25,2.73484,2.73933,2.72137,2.73484,61315
2009-06-26,2.72881,2.76049,2.71523,2.73786,120500
2009-06-29,2.75596,2.76048,2.71523,2.73333,49728
2009-06-30,2.73786,2.73786,2.7107,2.71523,146900
2009-07-02,2.71523,2.71523,2.6383,2.66998,214868
2009-07-03,2.67903,2.73333,2.6745,2.73333,23586
2009-07-06,2.73333,2.73333,2.62472,2.68355,65471
2009-07-07,2.68808,2.6926,2.63377,2.6564,89134
2009-07-08,2.66998,2.6926,2.62472,2.62925,92200
2009-07-09,2.66998,2.66998,2.62472,2.64735,40874
2009-07-10,2.66998,2.66998,2.64735,2.66093,54606
2009-07-13,2.66998,2.66998,2.60662,2.66998,36914
2009-07-14,2.67903,2.6926,2.64735,2.66998,97715
2009-07-15,2.6926,2.74238,2.6745,2.70618,83841
2009-07-16,2.71523,2.73333,2.67903,2.68808,273764
2009-07-17,2.6745,2.6745,2.64735,2.66093,95354
2009-07-20,2.68355,2.75596,2.68355,2.74691,122623
2009-07-21,2.76048,2.78311,2.75143,2.78311,100696
2009-07-22,2.78311,2.80574,2.76048,2.78311,68330
2009-07-23,2.80121,2.89172,2.79216,2.87362,93285
2009-07-24,2.85552,2.91435,2.83289,2.89625,42320
2009-07-27,2.89624,2.98675,2.86909,2.9415,104964
2009-07-28,2.93697,2.98223,2.90077,2.92792,51300
2009-07-29,2.95831,2.97655,2.91729,2.94008,53522
2009-07-30,2.94008,2.98566,2.94008,2.98566,43225
2009-07-31,2.96743,3.05404,2.96743,3.05404,45439
2009-08-04,3.05404,3.07683,2.99478,3.03125,39605
2009-08-05,3.03124,3.04948,2.96743,3.0358,52395
2009-08-06,3.05404,3.06315,3.04036,3.04036,72175
2009-08-07,3.06315,3.17711,3.06315,3.16799,100772
2009-08-10,3.1452,3.1452,2.97199,3.05404,36512
2009-08-11,3.0905,3.0905,2.98566,3.04948,36869
2009-08-12,3.05859,3.0905,3.00845,3.02669,28752
2009-08-13,3.04036,3.05404,3.03125,3.03125,42272
2009-08-14,3.05403,3.05403,3.00845,3.02213,98076
2009-08-17,3.00389,3.04948,2.96743,3.04492,39701
2009-08-18,3.07227,3.07227,3.0039,3.03125,60991
2009-08-19,3.0586,3.0586,2.98566,3.03125,38080
2009-08-20,3.04492,3.05404,2.99478,3.05404,65407
2009-08-21,3.0586,3.09962,3.02669,3.09962,98210
2009-08-24,3.09962,3.09962,3.05859,3.08594,96842
2009-08-25,3.07682,3.0905,3.06315,3.07682,43737
2009-08-26,3.07683,3.17711,3.07683,3.1452,87665
2009-08-27,3.16662,3.16662,3.0886,3.14367,75327
2009-08-28,3.20792,3.23546,3.12073,3.23546,121860
2009-08-31,3.21251,3.23546,3.09319,3.11614,63010
2009-09-01,3.12072,3.1712,3.0886,3.0886,83274
2009-09-02,3.07483,3.09778,3.05647,3.05647,35620
2009-09-03,3.07483,3.12072,3.07483,3.12072,246453
2009-09-04,3.14367,3.15744,3.09778,3.10696,28400
2009-09-08,3.12072,3.15744,3.09778,3.09778,64311
2009-09-09,3.09778,3.09778,3.08401,3.09778,23550
2009-09-10,3.09778,3.09778,3.06106,3.0886,57391
2009-09-11,3.09778,3.09778,3.03812,3.07483,65025
2009-09-14,3.09778,3.11614,3.05189,3.09778,60367
2009-09-15,3.12072,3.12072,3.05189,3.07483,58152
2009-09-16,3.0886,3.0886,3.02894,3.07024,81560
2009-09-17,3.07942,3.09778,3.05648,3.08401,40671
2009-09-18,3.09778,3.12072,3.05647,3.09778,32659
2009-09-21,3.12073,3.20792,3.09778,3.18957,163118
2009-09-22,3.18957,3.20333,3.15285,3.17121,41497
2009-09-23,3.18956,3.20333,3.16662,3.18039,32398
2009-09-24,3.20333,3.20333,3.14367,3.17121,40172
2009-09-25,3.17121,3.18957,3.15744,3.17121,26233
2009-09-28,3.18815,3.23436,3.18353,3.21125,76290
2009-09-29,3.23436,3.23436,3.18815,3.21125,84073
2009-09-30,3.21125,3.22973,3.18815,3.20201,56707
2009-10-01,3.22974,3.22974,3.12808,3.15581,131635
2009-10-02,3.13733,3.21125,3.09574,3.19277,30977
2009-10-05,3.18815,3.22511,3.18815,3.22511,42644
2009-10-06,3.23436,3.23436,3.20201,3.20663,261351
2009-10-07,3.23435,3.23435,3.21125,3.23435,66197
2009-10-08,3.23436,3.23436,3.21125,3.22511,78980
2009-10-09,3.22511,3.22511,3.20201,3.22511,63413
2009-10-13,3.23435,3.23435,3.18815,3.22973,107501
2009-10-14,3.23435,3.23435,3.20663,3.23435,64833
2009-10-15,3.22511,3.23435,3.21125,3.23435,174190
2009-10-16,3.23436,3.28056,3.22511,3.28056,158266
2009-10-19,3.28056,3.32676,3.26208,3.2898,76194
2009-10-20,3.29904,3.32676,3.2898,3.29442,54744
2009-10-21,3.29442,3.32677,3.23436,3.28056,121273
2009-10-22,3.25284,3.31752,3.2436,3.30366,51444
2009-10-23,3.32214,3.38221,3.30366,3.34987,70568
2009-10-26,3.40993,3.41917,3.34525,3.36835,49208
2009-10-27,3.34987,3.37297,3.34525,3.34525,40735
2009-10-28,3.35765,3.35765,3.29719,3.3251,71134
2009-10-29,3.3251,3.39485,3.32045,3.35765,55175
2009-10-30,3.39485,3.41811,3.34835,3.41811,83438
2009-11-02,3.40416,3.40416,3.3251,3.37625,44050
2009-11-03,3.3344,3.40416,3.3065,3.40416,35325
2009-11-04,3.42276,3.58087,3.42276,3.50647,167038
2009-11-05,3.51112,3.54832,3.48786,3.51577,53982
2009-11-06,3.55297,3.60413,3.53437,3.59483,51525
2009-11-09,3.59017,3.60413,3.52042,3.55762,61929
2009-11-10,3.54832,3.58087,3.48786,3.55762,25028
2009-11-11,3.58087,3.60413,3.55762,3.57157,35346
2009-11-12,3.51112,3.58087,3.51112,3.56227,46623
2009-11-13,3.58087,3.58087,3.38555,3.52041,57050
2009-11-16,3.51577,3.57622,3.51112,3.57622,61608
2009-11-17,3.56227,3.68783,3.56227,3.65063,51744
2009-11-18,3.62738,3.69249,3.59017,3.69249,83436
2009-11-19,3.66458,3.69713,3.65063,3.66458,42632
2009-11-20,3.66458,3.69713,3.62738,3.67388,68536
2009-11-23,3.65528,3.65528,3.52042,3.57157,123286
2009-11-24,3.58087,3.58552,3.46926,3.58552,164725
2009-11-25,3.68783,3.83665,3.60412,3.74364,195267
2009-11-26,3.76547,3.76547,3.67192,3.7374,59272
2009-11-27,3.71869,3.72337,3.6766,3.71869,73737
2009-11-30,3.70466,3.76547,3.70466,3.75144,72921
2009-12-01,3.76547,3.83563,3.76547,3.81692,81917
2009-12-02,3.78886,3.83563,3.7795,3.78418,39831
2009-12-03,3.83563,3.85434,3.78886,3.78886,41706
2009-12-04,3.85434,3.85902,3.79821,3.80757,26488
2009-12-07,3.81693,3.83564,3.78886,3.83564,49169
2009-12-08,3.83096,3.83096,3.79353,3.79821,17985
2009-12-09,3.81224,3.83095,3.79353,3.80289,27943
2009-12-10,3.82628,3.83563,3.80289,3.82628,41038
2009-12-11,3.8216,3.8216,3.78886,3.8216,28384
2009-12-14,3.79353,3.87305,3.79353,3.8637,72103
2009-12-15,3.85434,3.92918,3.85434,3.89176,45754
2009-12-16,3.93854,3.97596,3.88241,3.95258,76424
2009-12-17,3.9666,3.97128,3.88241,3.9666,177269
2009-12-18,3.91515,4.44372,3.88241,4.44372,574911
2009-12-21,4.0929,4.19581,4.04612,4.12097,78732
2009-12-22,4.20048,4.20048,4.06951,4.13968,135985
2009-12-23,4.0929,4.1771,4.0929,4.13968,56213
2009-12-24,4.10693,4.10693,3.9058,4.0929,51354
2009-12-29,4.11485,4.22301,4.08663,4.14777,48802
2009-12-30,4.11485,4.15717,4.08663,4.15717,18202
2009-12-31,4.15717,4.15717,4.08663,4.13836,44783
2010-01-04,4.09133,4.11485,4.00198,4.09133,31099
2010-01-05,4.07252,4.10074,3.98317,4.00198,79284
2010-01-06,3.99728,4.0349,3.8609,3.90793,197139
2010-01-07,3.86561,3.89852,3.83739,3.8609,93874
2010-01-08,3.84679,3.95966,3.81858,3.92674,130853
2010-01-11,3.95496,4.0255,3.92204,3.95025,97769
2010-01-12,3.94555,3.99728,3.94555,3.94555,44786
2010-01-13,3.95025,3.99728,3.90323,3.99258,53016
2010-01-14,3.99258,3.99258,3.93615,3.98788,37908
2010-01-15,3.94555,3.97847,3.90793,3.95025,49004
2010-01-18,3.98788,3.98788,3.90793,3.94555,37307
2010-01-19,3.94555,3.98317,3.91263,3.95025,17371
2010-01-20,3.95495,3.98317,3.91263,3.98317,27655
2010-01-21,3.95496,3.95966,3.89852,3.89852,31495
2010-01-22,3.89852,3.95966,3.88912,3.91263,75636
2010-01-25,3.90323,3.95966,3.87971,3.94555,16201
2010-01-26,3.94555,3.96436,3.87501,3.96436,44912
2010-01-27,3.9486,3.9486,3.90131,3.9486,14202
2010-01-28,3.98643,3.98643,3.90131,3.9817,46725
2010-01-29,3.9817,3.98643,3.91077,3.9486,40468
2010-02-01,3.91077,3.9486,3.91077,3.93914,35282
2010-02-02,3.93441,3.94387,3.91077,3.92023,150988
2010-02-03,3.92496,3.93914,3.9155,3.92969,32980
2010-02-04,3.92023,3.92969,3.85402,3.85402,56678
2010-02-05,3.92023,3.92496,3.83511,3.87767,30271
2010-02-08,3.86821,3.89658,3.85402,3.85402,56581
2010-02-09,3.87767,3.88713,3.83038,3.85402,16153
2010-02-10,3.89658,3.93441,3.85402,3.92969,231126
2010-02-11,3.94387,3.94387,3.8493,3.87767,44466
2010-02-12,3.83511,3.87767,3.83038,3.87767,22307
2010-02-16,3.86348,3.86348,3.81619,3.83038,68319
2010-02-17,3.8351,3.87766,3.81619,3.82092,43422
2010-02-18,3.83038,3.87767,3.80673,3.83038,41717
2010-02-19,3.83038,3.85875,3.83038,3.84457,18481
2010-02-22,3.84456,3.85402,3.80673,3.82092,20501
2010-02-23,3.83511,3.87767,3.83038,3.83038,20473
2010-02-24,3.83355,3.89062,3.80026,3.85257,99382
2010-02-25,3.82879,3.86208,3.82879,3.85733,13864
2010-02-26,3.88587,3.89538,3.8716,3.89538,44474
2010-03-01,3.87636,3.90014,3.86684,3.90014,26970
2010-03-02,3.92392,3.95721,3.9049,3.9477,103439
2010-03-03,3.95721,3.96197,3.89538,3.93343,39838
2010-03-04,3.96197,3.98099,3.91916,3.98099,312591
2010-03-05,3.92392,3.95246,3.87636,3.92392,1012234
2010-03-08,3.9049,3.93819,3.9049,3.92392,149653
2010-03-09,3.92392,3.92868,3.91441,3.92392,92398
2010-03-10,3.91441,3.92392,3.9049,3.91916,258753
2010-03-11,3.91441,3.92392,3.89063,3.91916,141934
2010-03-12,3.92392,3.92392,3.89063,3.9049,44041
2010-03-15,3.9049,3.91916,3.87636,3.91916,26390
2010-03-16,3.92392,3.94294,3.91916,3.93343,128906
2010-03-17,3.93343,3.93343,3.90014,3.92392,83056
2010-03-18,3.90965,3.93819,3.90965,3.92392,27662
2010-03-19,3.94294,3.94294,3.90489,3.94294,70121
2010-03-22,3.93819,3.93819,3.88112,3.89538,102417
2010-03-23,3.92392,3.92868,3.89538,3.91441,119832
2010-03-24,3.91441,3.94295,3.89063,3.93819,169426
2010-03-25,3.92392,3.93819,3.90014,3.92392,159712
2010-03-26,3.90489,4.00477,3.90489,4.00002,199490
2010-03-29,4.02234,4.04147,3.93625,3.9506,194667
2010-03-30,3.94581,3.97929,3.9219,3.96973,131798
2010-03-31,3.98408,3.98408,3.87408,3.91234,104818
2010-04-01,3.9219,3.96973,3.91234,3.95538,41666
2010-04-05,3.96016,4.01277,3.96016,3.99843,43188
2010-04-06,4.00321,4.00321,3.96016,3.96016,55084
2010-04-07,4.00321,4.00799,3.94581,3.96495,86296
2010-04-08,3.98886,4.05582,3.98886,4.02712,320463
2010-04-09,4.04147,4.11322,4.02234,4.08452,172617
2010-04-12,4.11321,4.11321,4.03191,4.04147,46352
2010-04-13,4.08451,4.08451,4.00321,4.02712,38786
2010-04-14,4.0606,4.11321,4.03668,4.06538,63822
2010-04-15,4.05582,4.0893,3.99365,4.06061,200261
2010-04-16,4.08451,4.09886,4.02712,4.06538,72539
2010-04-19,4.02712,4.10843,3.99364,4.07495,188070
2010-04-20,4.02712,4.09886,4.01755,4.06538,82476
2010-04-21,4.08452,4.09887,4.04626,4.06061,119259
2010-04-22,4.08452,4.08452,4.03191,4.04147,49174
2010-04-23,4.07974,4.1467,4.04626,4.12756,197484
2010-04-26,4.12278,4.15626,4.10843,4.13235,42945
2010-04-27,4.18496,4.18496,4.06061,4.06061,131751
2010-04-28,4.08786,4.08786,4.01572,4.03976,30380
2010-04-29,4.03976,4.13594,4.01571,4.08785,96686
2010-04-30,4.13595,4.13595,4.08305,4.10228,45515
2010-05-03,4.10709,4.17442,4.04457,4.15519,105164
2010-05-04,4.13595,4.16961,4.08786,4.15519,64406
2010-05-05,4.09747,4.20328,4.03976,4.20328,101999
2010-05-06,4.19366,4.20809,4.06381,4.09747,107609
2010-05-07,4.15037,4.15999,3.99648,4.04938,145416
2010-05-10,4.18885,4.18885,4.08785,4.08785,32594
2010-05-11,4.1119,4.13595,4.06381,4.13114,35754
2010-05-12,4.12633,4.13595,4.07343,4.12633,45477
2010-05-13,4.11671,4.15519,4.11671,4.13595,45609
2010-05-14,4.15519,4.15519,4.06862,4.08305,37913
2010-05-17,4.06381,4.08305,4.02053,4.03495,41894
2010-05-18,4.01572,4.11671,4.01572,4.02052,37352
2010-05-19,4.03977,4.03977,3.97725,4.02534,75416
2010-05-20,3.98205,3.99648,3.87144,3.92434,143589
2010-05-21,3.84739,3.96762,3.55884,3.86182,174540
2010-05-25,3.84739,3.97243,3.72716,3.91953,87139
2010-05-26,3.98686,4.05419,3.96762,3.96762,83032
2010-05-27,4.03372,4.03856,3.97085,4.01438,163878
2010-05-28,4.0047,4.03856,3.99019,4.0047,100090
2010-05-31,4.0434,4.11111,4.0434,4.10627,37435
2010-06-01,4.05307,4.06275,4.03373,4.04824,27548
2010-06-02,4.01438,4.03372,3.9902,4.01438,169849
2010-06-03,3.99987,4.13529,3.99987,4.10144,214109
2010-06-04,4.06274,4.07725,4.03856,4.06274,144502
2010-06-07,4.10627,4.11111,4.01922,4.06274,51645
2010-06-08,4.10627,4.10627,4.02889,4.03856,117174
2010-06-09,4.0966,4.0966,3.9902,4.04824,68517
2010-06-10,4.05307,4.0966,4.02889,4.0434,39678
2010-06-11,4.02405,4.06758,3.9902,4.06758,15229
2010-06-14,4.07242,4.09176,4.06274,4.06274,10870
2010-06-15,4.06274,4.10627,4.05307,4.10144,84777
2010-06-16,4.06274,4.16915,4.06274,4.16915,47160
2010-06-17,4.17399,4.17399,4.12562,4.15948,32576
2010-06-18,4.13529,4.17399,4.11111,4.16915,39554
2010-06-21,4.15948,4.19333,4.13529,4.18366,42668
2010-06-22,4.19817,4.22719,4.16915,4.20301,39940
2010-06-23,4.18366,4.18366,4.13529,4.15948,74406
2010-06-24,4.15464,4.20301,4.14013,4.20301,26837
2010-06-25,4.20784,4.20784,4.13529,4.1498,33247
2010-06-28,4.18222,4.18222,4.11901,4.18222,80984
2010-06-29,4.16764,4.16764,4.06065,4.0801,24523
2010-06-30,4.08496,4.119,4.06551,4.08983,17582
2010-07-02,4.08982,4.10928,4.06551,4.10441,12948
2010-07-05,4.12873,4.12873,4.07038,4.09469,19134
2010-07-06,4.10442,4.13359,4.08496,4.08496,20861
2010-07-07,4.09955,4.12873,4.07524,4.09469,28029
2010-07-08,4.08496,4.12387,4.07524,4.08983,102439
2010-07-09,4.08983,4.10928,4.08983,4.09955,19500
2010-07-12,4.10928,4.11414,4.08983,4.08983,35700
2010-07-13,4.12873,4.16277,4.09469,4.16277,40714
2010-07-14,4.10928,4.18223,4.10928,4.16277,105538
2010-07-15,4.15791,4.19681,4.14332,4.19681,31241
2010-07-16,4.20168,4.25031,4.16763,4.20654,110401
2010-07-19,4.24545,4.25031,4.18709,4.21627,54204
2010-07-20,4.19682,4.3038,4.19682,4.3038,75210
2010-07-21,4.25517,4.3038,4.25031,4.3038,32808
2010-07-22,4.34757,4.34757,4.25517,4.30867,33524
2010-07-23,4.33298,4.3427,4.28435,4.33784,20207
2010-07-26,4.33784,4.34757,4.29407,4.34757,25657
2010-07-27,4.32812,4.33298,4.29894,4.31839,24646
2010-07-28,4.28743,4.32654,4.28743,4.32165,29230
2010-07-29,4.33631,4.33631,4.24343,4.26298,37436
2010-07-30,4.29232,4.31676,4.29232,4.30209,62692
2010-08-03,4.32165,4.35098,4.30209,4.35098,21640
2010-08-04,4.32654,4.36076,4.30209,4.36076,15108
2010-08-05,4.35587,4.37543,4.35098,4.37543,30253
2010-08-06,4.32654,4.3852,4.32654,4.35098,50041
2010-08-09,4.38031,4.38031,4.33631,4.33631,28289
2010-08-10,4.3852,4.3852,4.31187,4.37054,18618
2010-08-11,4.34121,4.37543,4.3021,4.37543,17373
2010-08-12,4.35098,4.35098,4.30209,4.34609,10636
2010-08-13,4.33143,4.35098,4.29232,4.35098,38323
2010-08-16,4.35098,4.39498,4.35098,4.39498,80101
2010-08-17,4.39498,4.57098,4.39498,4.54653,80086
2010-08-18,4.51231,4.54164,4.44876,4.47809,47614
2010-08-19,4.53676,4.53676,4.43898,4.44876,13094
2010-08-20,4.4732,4.4732,4.37543,4.43409,21875
2010-08-23,4.4732,4.54164,4.45853,4.52209,35574
2010-08-24,4.52209,4.52209,4.46342,4.49764,61447
2010-08-25,4.51231,4.5172,4.43409,4.49764,70015
2010-08-26,4.49764,4.52209,4.45853,4.48787,44842
2010-08-27,4.52554,4.52554,4.45183,4.45675,36479
2010-08-30,4.50588,4.52062,4.45183,4.4764,18579
2010-08-31,4.45675,4.5452,4.45675,4.5452,37261
2010-09-01,4.5108,4.55994,4.50097,4.54028,61304
2010-09-02,4.60907,4.75157,4.57468,4.66804,96161
2010-09-03,4.66804,4.71717,4.6533,4.66804,117388
2010-09-07,4.68278,4.6877,4.59434,4.6533,101203
2010-09-08,4.66804,4.72209,4.64347,4.72209,74823
2010-09-09,4.72209,4.7614,4.71226,4.7614,49687
2010-09-10,4.71717,4.76631,4.66804,4.76631,50470
2010-09-13,4.76631,4.77122,4.727,4.76631,75023
2010-09-14,4.76631,4.76631,4.70735,4.74175,43424
2010-09-15,4.74174,4.77614,4.6926,4.73191,46883
2010-09-16,4.76631,4.76631,4.69261,4.69261,46850
2010-09-17,4.71717,4.76631,4.69261,4.69261,202131
2010-09-20,4.71718,4.71718,4.63364,4.67787,56603
2010-09-21,4.69261,4.69261,4.61399,4.63856,74144
2010-09-22,4.66804,4.66804,4.63856,4.6533,90563
2010-09-23,4.63856,4.66312,4.6189,4.66312,52339
2010-09-24,4.68278,4.71718,4.64347,4.71718,55743
2010-09-27,4.71717,4.76631,4.71717,4.76631,93580
2010-09-28,4.78442,4.78935,4.73998,4.78935,28648
2010-09-29,4.7696,4.8881,4.7696,4.86342,71655
2010-09-30,4.87823,4.87823,4.79429,4.79429,52235
2010-10-01,4.85354,4.85847,4.79922,4.82391,38218
2010-10-04,4.82392,5.06092,4.82392,5.04117,239229
2010-10-05,5.06585,5.0856,5.01154,5.04117,109930
2010-10-06,5.01154,5.03623,5.00167,5.02142,60358
2010-10-07,5.02142,5.10042,5.02142,5.06092,119796
2010-10-08,5.03623,5.03623,4.93748,5.0066,82523
2010-10-12,4.98685,5.02635,4.94242,5.02635,36358
2010-10-13,5.02635,5.03622,4.95723,5.00166,151326
2010-10-14,4.98685,5.0066,4.93254,4.94735,58656
2010-10-15,4.96216,4.96216,4.8881,4.9276,44717
2010-10-18,4.91279,4.96217,4.90292,4.96217,47418
2010-10-19,4.97698,4.98192,4.90292,4.93748,40869
2010-10-20,4.93748,5.02141,4.90291,4.99673,59646
2010-10-21,5.01648,5.05598,4.94735,4.98192,120641
2010-10-22,5.03129,5.03129,4.91279,4.92267,50982
2010-10-25,4.91773,4.95723,4.91773,4.93748,49762
2010-10-26,4.93748,4.93748,4.89798,4.91279,35647
2010-10-27,4.93595,4.93595,4.89626,4.93595,57097
2010-10-28,4.96074,4.96074,4.89625,4.89625,30033
2010-10-29,4.88137,4.88633,4.79704,4.85657,101680
2010-11-01,4.84665,5.01035,4.76728,4.96075,152311
2010-11-02,4.88138,4.98555,4.88138,4.93098,73914
2010-11-03,4.96075,4.98555,4.91114,4.98555,76117
2010-11-04,4.98555,5.14925,4.96074,5.10461,142878
2010-11-05,5.06492,5.11949,5.05996,5.09469,80105
2010-11-08,5.13437,5.13437,5.04508,5.08972,68935
2010-11-09,5.13437,5.13437,5.05996,5.13437,35901
2010-11-10,5.13437,5.13437,5.05996,5.13437,29993
2010-11-11,5.10957,5.10957,5.04012,5.05996,19197
2010-11-12,5.02027,5.02027,4.91114,4.96571,52762
2010-11-15,4.96075,5.055,4.91114,4.98555,58915
2010-11-16,5.00539,5.00539,4.92106,4.96075,31106
2010-11-17,4.93098,4.98555,4.92106,4.96075,38396
2010-11-18,5.09468,5.12941,5.055,5.08476,109673
2010-11-19,5.10957,5.12445,5.06988,5.10957,101197
2010-11-22,5.14925,5.14925,5.09469,5.09469,102838
2010-11-23,5.10957,5.10957,5.03515,5.06988,66851
2010-11-24,5.13437,5.13437,5.07484,5.10957,59448
2010-11-25,5.12941,5.18398,5.10957,5.18398,32758
2010-11-26,5.14744,5.20724,5.13249,5.20724,39030
2010-11-29,5.17236,5.21222,5.10758,5.18232,59418
2010-11-30,5.20225,5.44143,5.16239,5.25208,464876
2010-12-01,5.25208,5.31188,5.2172,5.25706,94168
2010-12-02,5.23713,5.23713,5.20723,5.23215,55591
2010-12-03,5.23215,5.26703,5.1873,5.26703,60381
2010-12-06,5.28696,5.35174,5.277,5.33679,31596
2010-12-07,5.33679,5.33679,5.1574,5.17733,72171
2010-12-08,5.28696,5.28696,5.08266,5.11255,73932
2010-12-09,5.11256,5.15242,5.08266,5.09262,29202
2010-12-10,5.06771,5.08266,5.02286,5.03781,94707
2010-12-13,5.22218,5.22218,5.09761,5.10757,43912
2010-12-14,5.16737,5.20724,5.06771,5.1873,71693
2010-12-15,5.14246,5.20225,5.09761,5.16239,48354
2010-12-16,5.1574,5.1574,5.11255,5.14245,29157
2010-12-17,5.10757,5.13249,5.07269,5.07269,75667
2010-12-20,5.12751,5.19229,5.07768,5.1873,76011
2010-12-21,5.17734,5.19228,5.1574,5.16737,29370
2010-12-22,5.1574,5.19726,5.1275,5.1275,39763
2010-12-23,5.18232,5.18232,5.13747,5.17733,11733
2010-12-24,5.20225,5.20225,5.16737,5.18232,10395
2010-12-29,5.2257,5.2257,5.20067,5.21569,13530
2010-12-30,5.21569,5.2257,5.17565,5.2257,32380
2010-12-31,5.17565,5.23071,5.17565,5.23071,22284
2011-01-04,5.25073,5.30078,5.19567,5.28577,36915
2011-01-05,5.28577,5.39088,5.24072,5.28076,53622
2011-01-06,5.35084,5.35084,5.25574,5.29578,51263
2011-01-07,5.30579,5.32081,5.25573,5.26575,46519
2011-01-10,5.32081,5.32081,5.24572,5.26575,21907
2011-01-11,5.30579,5.30579,5.2257,5.25073,40860
2011-01-12,5.25574,5.27576,5.20568,5.23071,53119
2011-01-13,5.2257,5.26574,5.2257,5.25573,42311
2011-01-14,5.21068,5.25573,5.21068,5.25573,44854
2011-01-17,5.2257,5.26574,5.2257,5.25073,39302
2011-01-18,5.24572,5.25574,5.2257,5.23071,39765
2011-01-19,5.25573,5.25573,5.21068,5.2257,37743
2011-01-20,5.2257,5.2257,5.11558,5.15562,70773
2011-01-21,5.15562,5.15562,5.11057,5.11558,78362
2011-01-24,5.11057,5.11057,5.01547,5.08555,73955
2011-01-25,5.08054,5.08054,5.02048,5.07053,61465
2011-01-26,5.10056,5.1306,5.06052,5.1306,125571
2011-01-27,5.12389,5.16412,5.12389,5.16412,51199
2011-01-28,5.10378,5.16915,5.09876,5.16915,112586
2011-01-31,5.16412,5.20937,5.12892,5.18926,124303
2011-02-01,5.21943,5.2496,5.18423,5.2496,44599
2011-02-02,5.21943,5.26469,5.18926,5.22949,98203
2011-02-03,5.24457,5.24457,5.19931,5.20434,25850
2011-02-04,5.22446,5.22446,5.15909,5.18926,57708
2011-02-07,5.17418,5.22949,5.15406,5.22949,128436
2011-02-08,5.22446,5.31497,5.19932,5.30491,104528
2011-02-09,5.2496,5.30491,5.2496,5.27977,170273
2011-02-10,5.28983,5.28983,5.2144,5.24457,35470
2011-02-11,5.24457,5.24457,5.13897,5.15909,116529
2011-02-14,5.2144,5.2144,5.16412,5.1792,39238
2011-02-15,5.20434,5.2144,5.15909,5.15909,60884
2011-02-16,5.15909,5.1792,5.15406,5.1792,109186
2011-02-17,5.1792,5.20435,5.16412,5.18423,83909
2011-02-18,5.17921,5.23452,5.17921,5.22446,276741
2011-02-22,5.22949,5.24457,5.15909,5.16412,53097
2011-02-23,5.16915,5.20434,5.15406,5.18926,36064
2011-02-24,5.26335,5.2684,5.16737,5.17747,119851
2011-02-25,5.22799,5.24819,5.19263,5.21788,54408
2011-02-28,5.22799,5.31386,5.21283,5.2987,94725
2011-03-01,5.30375,5.31891,5.25324,5.30375,43974
2011-03-02,5.30375,5.32396,5.25324,5.29365,99560
2011-03-03,5.30881,5.32396,5.27345,5.29365,93968
2011-03-04,5.30375,5.30375,5.26334,5.30375,48866
2011-03-07,5.34417,5.34417,5.2684,5.27345,25054
2011-03-08,5.22799,5.30881,5.22799,5.30375,161747
2011-03-09,5.2886,5.30376,5.2583,5.2785,18254
2011-03-10,5.25324,5.2684,5.18758,5.20273,71501
2011-03-11,5.17748,5.23809,5.10676,5.23809,58472
2011-03-14,5.23809,5.28355,5.16232,5.25324,36169
2011-03-15,5.17748,5.25324,5.14212,5.19263,39454
2011-03-16,5.19263,5.2583,5.19263,5.22294,57806
2011-03-17,5.20273,5.25324,5.20273,5.24819,125386
2011-03-18,5.25324,5.2886,5.20778,5.27345,52034
2011-03-21,5.27345,5.30376,5.23304,5.23304,37426
2011-03-22,5.22799,5.23809,5.18758,5.23809,46998
2011-03-23,5.20778,5.2886,5.20778,5.26335,26173
2011-03-24,5.27345,5.27345,5.23304,5.23304,42552
2011-03-25,5.22294,5.29365,5.22294,5.29365,37003
2011-03-28,5.25324,5.29365,5.25324,5.2785,25882
2011-03-29,5.24129,5.32754,5.24129,5.26666,67040
2011-03-30,5.30725,5.30725,5.22607,5.27681,64748
2011-03-31,5.23622,5.29203,5.22607,5.27173,175466
2011-04-01,5.29711,5.30218,5.25144,5.25652,61758
2011-04-04,5.25144,5.28696,5.24129,5.27681,44455
2011-04-05,5.28188,5.31233,5.25144,5.30218,30034
2011-04-06,5.30218,5.38336,5.30218,5.38336,170294
2011-04-07,5.32755,5.37829,5.28696,5.37322,136074
2011-04-08,5.37321,5.40365,5.3174,5.40365,84470
2011-04-11,5.37828,5.39858,5.3174,5.33262,34670
2011-04-12,5.28188,5.32247,5.27681,5.29203,36509
2011-04-13,5.29203,5.39351,5.27681,5.39351,62424
2011-04-14,5.37829,5.42903,5.35799,5.4138,46826
2011-04-15,5.4138,5.42902,5.39858,5.39858,30083
2011-04-18,5.44425,5.44425,5.37829,5.4138,15590
2011-04-19,5.41888,5.44425,5.35799,5.37829,59838
2011-04-20,5.35799,5.47976,5.35292,5.45439,265664
2011-04-21,5.50513,5.50513,5.44932,5.50006,43362
2011-04-25,5.52543,5.54065,5.49498,5.50513,16486
2011-04-26,5.50513,5.5102,5.47468,5.48991,33847
2011-04-27,5.48312,5.52898,5.48312,5.5035,21198
2011-04-28,5.5035,5.53917,5.48312,5.52388,30606
2011-04-29,5.52388,5.56974,5.51369,5.55446,63779
2011-05-02,5.58503,5.59522,5.48311,5.59522,34630
2011-05-03,5.60032,5.60542,5.53408,5.60542,23113
2011-05-04,5.56974,5.6207,5.52898,5.56974,41968
2011-05-05,5.68185,5.68185,5.4984,5.56974,32800
2011-05-06,5.56975,5.57484,5.5035,5.51879,39018
2011-05-09,5.5086,5.55955,5.46273,5.53917,55122
2011-05-10,5.54427,5.57994,5.52898,5.52898,17808
2011-05-11,5.55446,5.55446,5.49331,5.5035,44420
2011-05-12,5.5035,5.5035,5.3863,5.40668,108845
2011-05-13,5.44744,5.45254,5.39649,5.41687,37886
2011-05-16,5.45254,5.45254,5.36082,5.3812,153499
2011-05-17,5.41687,5.43216,5.36591,5.36591,87371
2011-05-18,5.35062,5.36591,5.29967,5.34043,182499
2011-05-19,5.35062,5.35062,5.27928,5.29966,120704
2011-05-20,5.32515,5.3863,5.29967,5.3863,172194
2011-05-24,5.35062,5.44235,5.29966,5.42196,30302
2011-05-25,5.40668,5.44235,5.36082,5.44235,69655
2011-05-26,5.44235,5.49331,5.41687,5.48821,25309
2011-05-27,5.48139,5.48139,5.44045,5.47627,43441
2011-05-30,5.47627,5.47627,5.43021,5.44556,33021
2011-05-31,5.46603,5.56328,5.43021,5.56328,111777
2011-06-01,5.56328,5.56328,5.4558,5.47627,24502
2011-06-02,5.48139,5.50186,5.43533,5.47627,20698
2011-06-03,5.51722,5.51722,5.43533,5.46092,19329
2011-06-06,5.43021,5.50186,5.37903,5.3995,37056
2011-06-07,5.42509,5.46092,5.38415,5.43021,35349
2011-06-08,5.39438,5.3995,5.33297,5.37903,26139
2011-06-09,5.36368,5.40462,5.32785,5.32785,24026
2011-06-10,5.34832,5.36367,5.25619,5.26643,21057
2011-06-13,5.24596,5.32785,5.24596,5.27155,124088
2011-06-14,5.32273,5.39438,5.29202,5.32273,15371
2011-06-15,5.30738,5.41997,5.30226,5.3432,29554
2011-06-16,5.3432,5.3432,5.24596,5.29714,69956
2011-06-17,5.29714,5.44044,5.29714,5.37391,36369
2011-06-20,5.3995,5.45068,5.38415,5.42509,14714
2011-06-21,5.43532,5.4865,5.37903,5.4865,48133
2011-06-22,5.4558,5.53768,5.4558,5.52233,39333
2011-06-23,5.52233,5.5428,5.42509,5.43533,44566
2011-06-24,5.43021,5.48651,5.43021,5.47627,17903
2011-06-27,5.4865,5.51721,5.42509,5.45068,14819
2011-06-28,5.49609,5.53208,5.39327,5.5218,27665
2011-06-29,5.51152,5.51152,5.48581,5.4961,8340
2011-06-30,5.48582,5.54237,5.46525,5.54237,29844
2011-07-04,5.50637,5.59378,5.50637,5.59378,9441
2011-07-05,5.59892,5.68118,5.59892,5.6709,80880
2011-07-06,5.67604,5.69661,5.61949,5.61949,31466
2011-07-07,5.64519,5.68118,5.64519,5.6709,20317
2011-07-08,5.65547,5.65547,5.58864,5.63491,16386
2011-07-11,5.61948,5.61948,5.51151,5.60406,24073
2011-07-12,5.55265,5.62463,5.54751,5.56293,21839
2011-07-13,5.57322,5.62977,5.57322,5.5835,20040
2011-07-14,5.61435,5.62977,5.57322,5.5835,15005
2011-07-15,5.61434,5.61948,5.56807,5.60406,19453
2011-07-18,5.57321,5.60406,5.55779,5.58864,22433
2011-07-19,5.55779,5.58864,5.55779,5.57321,22567
2011-07-20,5.57836,5.59378,5.5218,5.55265,24560
2011-07-21,5.54751,5.7326,5.54237,5.7326,82977
2011-07-22,5.68633,5.86627,5.61949,5.86113,61159
2011-07-25,5.78401,5.95882,5.74288,5.84057,63365
2011-07-26,5.73259,5.78401,5.69146,5.70175,25988
2011-07-27,5.69056,5.72154,5.63892,5.68539,19653
2011-07-28,5.67507,5.67507,5.59761,5.62343,28783
2011-07-29,5.58728,5.62859,5.47884,5.62859,38007
2011-08-02,5.61826,5.77318,5.59761,5.76801,37615
2011-08-03,5.64925,5.6699,5.51499,5.51499,36443
2011-08-04,5.52531,5.54597,5.05024,5.18966,180916
2011-08-05,5.16901,5.33942,5.16901,5.2413,85433
2011-08-08,5.16385,5.16385,4.8127,4.96246,151526
2011-08-09,4.96762,5.26712,4.96762,5.2413,94940
2011-08-10,5.29811,5.29811,5.00893,5.16901,58749
2011-08-11,5.16901,5.56663,5.16901,5.48401,81530
2011-08-12,5.53565,5.56663,5.45302,5.46852,52347
2011-08-15,5.4995,5.63892,5.4995,5.62859,30831
2011-08-16,5.62859,5.62859,5.52531,5.53564,43383
2011-08-17,5.5563,5.62343,5.55114,5.59761,19510
2011-08-18,5.52015,5.52015,5.3704,5.47884,58696
2011-08-19,5.42204,5.44786,5.3136,5.39622,35605
2011-08-22,5.4995,5.53048,5.41171,5.46852,24933
2011-08-23,5.4995,5.58728,5.4272,5.47884,53127
2011-08-24,5.40138,5.52531,5.40138,5.52531,38252
2011-08-25,5.49433,5.49433,5.39106,5.45819,31143
2011-08-26,5.45819,5.47368,5.34975,5.46852,19645
2011-08-29,5.49877,5.49877,5.44171,5.46246,14022
2011-08-30,5.49878,5.50396,5.45728,5.47284,42336
2011-08-31,5.47284,5.59215,5.45209,5.59215,53688
2011-09-01,5.56102,5.56102,5.4884,5.4884,19954
2011-09-02,5.4469,5.53509,5.43652,5.44171,36424
2011-09-06,5.39502,5.51433,5.36908,5.40021,55657
2011-09-07,5.46765,5.54027,5.42096,5.49877,17480
2011-09-08,5.49877,5.55065,5.49358,5.53508,32679
2011-09-09,5.47283,5.59215,5.47283,5.49877,33139
2011-09-12,5.49877,5.49877,5.38465,5.38465,21878
2011-09-13,5.47802,5.47802,5.38465,5.4469,31064
2011-09-14,5.4469,5.47802,5.4054,5.46246,23657
2011-09-15,5.49358,5.52471,5.42096,5.49877,50220
2011-09-16,5.46765,5.54546,5.37946,5.43652,127732
2011-09-19,5.42615,5.49358,5.3224,5.34833,68269
2011-09-20,5.35871,5.42615,5.33796,5.4054,21761
2011-09-21,5.4054,5.46765,5.3639,5.38984,50965
2011-09-22,5.33277,5.36389,5.21346,5.36389,123517
2011-09-23,5.34315,5.4469,5.34315,5.4469,59994
2011-09-26,5.43652,5.47283,5.38464,5.45727,29407
2011-09-27,5.49877,5.54027,5.4469,5.49877,44758
2011-09-28,5.51874,5.62297,5.48227,5.60212,80597
2011-09-29,5.59171,5.59171,5.48227,5.51354,32616
2011-09-30,5.42494,5.5917,5.42494,5.57607,56219
2011-10-03,5.57086,5.58649,5.41973,5.50311,56533
2011-10-04,5.43016,5.43016,5.27903,5.31551,65763
2011-10-05,5.35198,5.47184,5.32072,5.34156,94319
2011-10-06,5.34156,5.38325,5.2686,5.28424,45296
2011-10-07,5.29466,5.33114,5.21128,5.21128,59860
2011-10-11,5.29987,5.38846,5.2686,5.37283,125913
2011-10-12,5.41452,5.41452,5.32593,5.34156,58807
2011-10-13,5.31551,5.33635,5.27903,5.31551,26779
2011-10-14,5.36241,5.36241,5.29466,5.31029,17476
2011-10-17,5.29987,5.34156,5.26861,5.28945,44629
2011-10-18,5.3103,5.3103,5.25297,5.26861,94502
2011-10-19,5.27903,5.32072,5.27382,5.31029,45701
2011-10-20,5.36241,5.47185,5.3103,5.41974,272038
2011-10-21,5.45621,5.45621,5.42495,5.44579,100542
2011-10-24,5.45621,5.5448,5.44058,5.51875,71455
2011-10-25,5.47705,5.5448,5.47705,5.53959,33870
2011-10-26,5.53438,5.57607,5.52396,5.55522,31058
2011-10-27,5.6067,5.69046,5.57529,5.67999,129386
2011-10-28,5.65381,5.71663,5.56482,5.65381,141980
2011-10-31,5.60147,5.62764,5.52818,5.6067,69171
2011-11-01,5.54912,5.62241,5.46012,5.47059,112971
2011-11-02,5.51247,5.67999,5.51247,5.65381,46773
2011-11-03,5.6067,5.70093,5.54912,5.67999,49196
2011-11-04,5.63811,5.67476,5.6067,5.67476,22875
2011-11-07,5.66952,5.72187,5.61717,5.72187,21919
2011-11-08,5.73234,5.80563,5.71664,5.73758,81555
2011-11-09,5.73757,5.74804,5.61193,5.71663,37077
2011-11-10,5.71664,5.75852,5.67999,5.70617,52997
2011-11-11,5.62764,5.62764,5.60147,5.6067,160332
2011-11-14,5.61717,5.61717,5.57529,5.6067,41006
2011-11-15,5.6067,5.6067,5.54912,5.55959,27511
2011-11-16,5.60146,5.6067,5.56482,5.60146,64730
2011-11-17,5.60147,5.62764,5.55959,5.57006,85357
2011-11-18,5.57529,5.63811,5.56482,5.63288,97876
2011-11-21,5.57006,5.63288,5.56482,5.63288,91442
2011-11-22,5.60147,5.63811,5.60147,5.6067,203583
2011-11-23,5.61194,5.63811,5.57529,5.591,43103
2011-11-24,5.60147,5.63288,5.53341,5.591,75562
2011-11-25,5.57529,5.6067,5.56482,5.58576,25239
2011-11-28,5.63747,5.63747,5.54807,5.58488,77435
2011-11-29,5.57436,5.62695,5.54807,5.60592,41059
2011-11-30,5.62169,5.69006,5.60066,5.69006,315568
2011-12-01,5.69006,5.71109,5.65851,5.69006,48533
2011-12-02,5.65851,5.70058,5.65851,5.69006,166537
2011-12-05,5.69531,5.76894,5.69006,5.74264,138225
2011-12-06,5.73739,5.7742,5.70583,5.74264,118517
2011-12-07,5.76368,5.83731,5.71635,5.83731,99267
2011-12-08,5.80575,5.83731,5.73739,5.80049,69398
2011-12-09,5.78472,5.81628,5.72688,5.77947,61212
2011-12-12,5.78472,5.83205,5.75317,5.82679,61178
2011-12-13,5.8373,5.91093,5.82679,5.91093,117407
2011-12-14,5.91093,5.91093,5.78998,5.79524,69207
2011-12-15,5.85834,5.91093,5.83205,5.85834,51478
2011-12-16,5.88989,6.0687,5.8636,6.0687,124673
2011-12-19,6.02663,6.02663,5.953,5.98981,71503
2011-12-20,5.99508,6.01611,5.95826,6.00559,74804
2011-12-21,6.03188,6.06344,5.9793,6.02662,71296
2011-12-22,6.04766,6.05292,5.95826,6.03714,35773
2011-12-23,6.06869,6.06869,5.97403,5.97403,41512
2011-12-28,6.00484,6.03653,5.97315,5.99956,28470
2011-12-29,5.97843,6.16328,5.96259,6.12631,70947
2011-12-30,6.09991,6.14744,6.0735,6.11047,22260
2012-01-03,6.1316,6.17913,6.06822,6.08935,64350
2012-01-04,6.09463,6.12631,5.95731,5.99428,128082
2012-01-05,5.99428,6.20553,5.99428,6.20553,65465
2012-01-06,6.20554,6.20554,6.16329,6.20025,32863
2012-01-09,6.18441,6.18441,6.09462,6.14215,36587
2012-01-10,6.14216,6.18969,6.08406,6.08406,102070
2012-01-11,6.11575,6.19497,6.0735,6.16328,59323
2012-01-12,6.18969,6.28475,6.18441,6.2425,95197
2012-01-13,6.30059,6.31644,6.25834,6.31644,56149
2012-01-16,6.27947,6.33228,6.25306,6.30588,42787
2012-01-17,6.3006,6.37982,6.3006,6.37982,100406
2012-01-18,6.36397,6.45375,6.327,6.43791,70395
2012-01-19,6.41678,6.53825,6.36925,6.496,121547
2012-01-20,6.52241,6.5805,6.46959,6.5805,243329
2012-01-23,6.57523,6.57523,6.44319,6.48016,56887
2012-01-24,6.4696,6.49072,6.42735,6.44319,55276
2012-01-25,6.42734,6.42734,6.30059,6.31644,47176
2012-01-26,6.31644,6.33756,6.28475,6.32172,63261
2012-01-27,6.34205,6.38447,6.21478,6.38447,232452
2012-01-30,6.36326,6.37916,6.33144,6.35795,38782
2012-01-31,6.37917,6.39508,6.35796,6.37917,40100
2012-02-01,6.41628,6.4428,6.39507,6.41628,79857
2012-02-02,6.45871,6.45871,6.29963,6.33674,70835
2012-02-03,6.40038,6.40038,6.28902,6.28902,60855
2012-02-06,6.28902,6.35265,6.27842,6.33674,66873
2012-02-07,6.37386,6.37386,6.31023,6.35795,60471
2012-02-08,6.38977,6.40037,6.33674,6.36856,104974
2012-02-09,6.36326,6.36326,6.32083,6.35795,39265
2012-02-10,6.29962,6.33674,6.29432,6.31023,35518
2012-02-13,6.32614,6.35796,6.31554,6.32084,107102
2012-02-14,6.34204,6.4534,6.34204,6.41098,132796
2012-02-15,6.46931,6.53825,6.4481,6.52234,95762
2012-02-16,6.50113,6.54885,6.47461,6.48522,64106
2012-02-17,6.54885,6.55946,6.52764,6.53825,51630
2012-02-21,6.54355,6.57006,6.47461,6.49583,75212
2012-02-22,6.50113,6.51704,6.4428,6.49583,51959
2012-02-23,6.51704,6.52234,6.49583,6.50643,45047
2012-02-24,6.50643,6.52234,6.49583,6.50643,48013
2012-02-27,6.50022,6.54281,6.48957,6.52151,86249
2012-02-28,6.52151,6.6759,6.52151,6.61202,171153
2012-02-29,6.61734,6.7664,6.60137,6.70252,95990
2012-03-01,6.71849,6.75575,6.67057,6.70784,103780
2012-03-02,6.70784,6.75576,6.69187,6.75043,99261
2012-03-05,6.75576,6.80367,6.73446,6.7877,70173
2012-03-06,6.80367,6.81432,6.76108,6.79835,71912
2012-03-07,6.77705,6.7877,6.70784,6.71316,49717
2012-03-08,6.71849,6.73978,6.61734,6.68655,154522
2012-03-09,6.6759,6.70784,6.65461,6.68123,85937
2012-03-12,6.68122,6.7451,6.67057,6.70784,87863
2012-03-13,6.70784,6.75043,6.68122,6.72914,122057
2012-03-14,6.75575,6.80367,6.70784,6.80367,96747
2012-03-15,6.81431,6.81431,6.70784,6.79302,120697
2012-03-16,6.77173,6.77173,6.70784,6.76108,118322
2012-03-19,6.79302,6.79302,6.64928,6.64928,127863
2012-03-20,6.60669,6.63863,6.46828,6.50022,181978
2012-03-21,6.50022,6.59604,6.4736,6.58007,130233
2012-03-22,6.60137,6.66525,6.49489,6.59072,79356
2012-03-23,6.60669,6.7877,6.58007,6.73978,55962
2012-03-26,6.77173,6.77705,6.66525,6.71316,126949
2012-03-27,6.72381,6.7664,6.6546,6.6546,43771
2012-03-28,6.69112,6.70715,6.63768,6.68578,18760
2012-03-29,6.69112,6.7125,6.54683,6.59492,40322
2012-03-30,6.63234,6.63234,6.54683,6.55752,35070
2012-04-02,6.54682,6.7125,6.54682,6.6163,32903
2012-04-03,6.58958,6.62699,6.53079,6.54683,29124
2012-04-04,6.54682,6.63233,6.5201,6.63233,54820
2012-04-05,6.57889,6.64836,6.57354,6.6163,20744
2012-04-09,6.63768,6.63768,6.5201,6.56286,48677
2012-04-10,6.54683,6.55752,6.53614,6.55752,39883
2012-04-11,6.55217,6.68578,6.54682,6.68578,32497
2012-04-12,6.68578,6.77128,6.6163,6.73387,42712
2012-04-13,6.73388,6.79801,6.61096,6.70181,74205
2012-04-16,6.68043,6.85145,6.68043,6.83542,63641
2012-04-17,6.83542,6.84076,6.76594,6.78732,35205
2012-04-18,6.75525,6.78197,6.68577,6.77128,52120
2012-04-19,6.76594,6.78198,6.70716,6.78198,34798
2012-04-20,6.77663,6.78732,6.72318,6.72853,44500
2012-04-23,6.72853,6.7606,6.67509,6.7606,28122
2012-04-24,6.75526,6.75526,6.62699,6.69647,30507
2012-04-25,6.71785,6.81405,6.70182,6.81405,88709
2012-04-26,6.86679,7.18867,6.86679,7.07065,271095
2012-04-27,7.1404,7.24232,7.08675,7.11357,107898
2012-04-30,7.19404,7.27451,7.18331,7.22086,89227
2012-05-01,7.23159,7.29597,7.13503,7.23159,110278
2012-05-02,7.22622,7.23695,7.04383,7.1243,87553
2012-05-03,7.14039,7.24232,7.1243,7.15648,91601
2012-05-04,7.19404,7.27451,7.0331,7.03847,69228
2012-05-07,6.97946,7.14576,6.97946,7.03847,44144
2012-05-08,7.05456,7.19404,7.00628,7.19404,72330
2012-05-09,7.18868,7.18868,6.9419,7.0331,107355
2012-05-10,7.05992,7.16722,7.00628,7.00628,42058
2012-05-11,7.07065,7.19404,7.05455,7.1243,41360
2012-05-14,7.09747,7.16185,7.02773,7.09747,36431
2012-05-15,6.99018,7.06528,6.8507,6.86679,64962
2012-05-16,6.89361,7.01164,6.84533,6.93117,47507
2012-05-17,6.96872,7.04383,6.86679,6.90435,35279
2012-05-18,7.017,7.017,6.80241,6.88288,34775
2012-05-22,6.97409,7.01701,6.86679,6.91508,48787
2012-05-23,6.91508,6.91508,6.78096,6.81315,42619
2012-05-24,6.88825,6.95263,6.8507,6.9419,64984
2012-05-25,6.92044,6.958,6.88289,6.93654,38162
2012-05-28,6.92044,6.93117,6.83997,6.83997,40571
2012-05-29,6.866,6.96293,6.85522,6.86061,150337
2012-05-30,6.8283,6.88215,6.76907,6.83369,88729
2012-05-31,6.91446,6.91446,6.77983,6.89292,41575
2012-06-01,6.8283,6.93062,6.79599,6.90908,71655
2012-06-04,6.87138,6.88754,6.59674,6.59674,78973
2012-06-05,6.69906,6.90908,6.66136,6.71521,108295
2012-06-06,6.73137,6.94139,6.65598,6.90369,178081
2012-06-07,6.90369,6.90369,6.69906,6.69906,77571
2012-06-08,6.68829,6.76368,6.62905,6.7206,44876
2012-06-11,6.72598,6.76368,6.70444,6.73137,44227
2012-06-12,6.71521,6.75829,6.69906,6.70444,106030
2012-06-13,6.71521,6.80676,6.71521,6.74214,40090
2012-06-14,6.7206,6.7906,6.66136,6.73137,38470
2012-06-15,6.73137,6.73676,6.62367,6.72598,50007
2012-06-18,6.67752,6.82291,6.65059,6.73137,103812
2012-06-19,6.75829,6.80676,6.67752,6.80676,29880
2012-06-20,6.87676,6.87676,6.73137,6.78522,32141
2012-06-21,6.81214,6.84984,6.75829,6.79599,50034
2012-06-22,6.81215,6.866,6.7583,6.8283,58082
2012-06-25,6.82292,6.87677,6.78522,6.866,45812
2012-06-26,6.84445,6.87677,6.81214,6.84445,75354
2012-06-27,6.88139,6.88139,6.7949,6.82734,57385
2012-06-28,6.7895,7.00032,6.78409,6.97329,75297
2012-06-29,7.00572,7.09762,6.91923,7.09762,59932
2012-07-03,7.13546,7.1787,7.06518,7.13546,57718
2012-07-04,7.03275,7.10843,6.99491,7.02734,21345
2012-07-05,7.07059,7.21655,6.96789,7.13006,76310
2012-07-06,7.16249,7.16249,7.09222,7.10843,59631
2012-07-09,7.13005,7.13545,6.97329,7.02734,51257
2012-07-10,7.00031,7.05437,6.9841,7.00031,49614
2012-07-11,7.01113,7.05437,6.96248,7.03275,108424
2012-07-12,6.96248,7.04356,6.91923,7.03275,62685
2012-07-13,7.03815,7.13546,7.01113,7.13546,72077
2012-07-16,7.12465,7.12465,7.0814,7.10843,105376
2012-07-17,7.09762,7.09762,7.01113,7.0814,56551
2012-07-18,6.99491,7.13546,6.99491,7.11384,62836
2012-07-19,7.10303,7.12465,7.04356,7.10843,42687
2012-07-20,7.11383,7.13546,7.06518,7.13546,29878
2012-07-23,7.12465,7.12465,7.02194,7.11924,36080
2012-07-24,7.09762,7.11384,7.04897,7.0814,44838
2012-07-25,7.0814,7.09762,7.00572,7.02194,40910
2012-07-26,7.02735,7.10843,7.00032,7.10302,122562
2012-07-27,7.06414,7.11839,7.06414,7.10212,61421
2012-07-30,7.08042,7.13467,7.05329,7.13467,42064
2012-07-31,7.1184,7.13467,7.04786,7.08042,46681
2012-08-01,7.08042,7.10755,7.02616,7.10755,53955
2012-08-02,7.10755,7.1184,7.07499,7.09669,47859
2012-08-03,7.08584,7.13467,7.08041,7.08584,51333
2012-08-07,7.05328,7.10211,7.04786,7.08584,50715
2012-08-08,7.09669,7.1401,7.05871,7.09127,90329
2012-08-09,7.08584,7.1618,7.05329,7.12382,92258
2012-08-10,7.09669,7.13467,7.07499,7.1184,85904
2012-08-13,7.08585,7.09127,7.05329,7.07499,83275
2012-08-14,7.05329,7.09669,7.05329,7.05871,36361
2012-08-15,7.08584,7.15638,7.08042,7.1401,262100
2012-08-16,7.13467,7.18893,7.11297,7.1618,86640
2012-08-17,7.12924,7.1618,7.12924,7.1618,134485
2012-08-20,7.16723,7.17808,7.12382,7.12382,43535
2012-08-21,7.11839,7.1618,7.11839,7.14552,41513
2012-08-22,7.14552,7.1618,7.12382,7.14552,44723
2012-08-23,7.12925,7.18893,7.12925,7.17265,157966
2012-08-24,7.22691,7.23233,7.17265,7.17808,67142
2012-08-27,7.21063,7.26488,7.21063,7.24861,67411
2012-08-28,7.22691,7.27031,7.18893,7.18893,53957
2012-08-29,7.21524,7.23702,7.19346,7.23158,56400
2012-08-30,7.17713,7.21525,7.11179,7.18258,28776
2012-08-31,7.19347,7.19347,7.06278,7.06278,48402
2012-09-04,7.07367,7.12812,7.07367,7.09545,23515
2012-09-05,7.09,7.11178,7.07366,7.11178,44312
2012-09-06,7.12812,7.14446,7.06277,7.09,51101
2012-09-07,7.10634,7.10634,7.06277,7.09,30943
2012-09-10,7.07367,7.11723,7.06278,7.09545,46540
2012-09-11,7.07366,7.10089,7.04644,7.04644,180765
2012-09-12,7.09545,7.09545,7.02465,7.0301,43098
2012-09-13,7.04099,7.05188,6.94842,7.04644,57228
2012-09-14,7.06822,7.07911,6.92119,6.93208,51925
2012-09-17,6.94842,7.00832,6.94297,6.97564,42138
2012-09-18,6.99198,7.05188,6.94297,7.05188,48374
2012-09-19,7.0301,7.06822,6.99743,7.05188,45223
2012-09-20,7.09,7.09,7.0301,7.05188,40704
2012-09-21,7.10089,7.10089,6.99743,7.00287,43780
2012-09-24,6.9702,7.11178,6.9702,7.09,35058
2012-09-25,7.06278,7.10089,7.06278,7.06278,27839
2012-09-26,7.08919,7.20943,7.07825,7.1985,68230
2012-09-27,7.18757,7.19304,7.06186,7.14931,12690
2012-09-28,7.14932,7.15478,7.07826,7.13292,21588
2012-10-01,7.12745,7.12745,7.05639,7.08919,39800
2012-10-02,7.05639,7.11105,7.05639,7.07826,28757
2012-10-03,7.0564,7.09466,6.99627,6.99627,32709
2012-10-04,6.99627,7.0236,6.95255,6.99627,83499
2012-10-05,7.00173,7.05639,6.95254,7.00173,26435
2012-10-09,7.03453,7.04,6.96894,6.99627,24880
2012-10-10,7.0236,7.0728,6.93069,7.05093,37328
2012-10-11,7.05093,7.05093,6.94708,6.94708,20083
2012-10-12,7.0072,7.04,6.98534,7.00173,15578
2012-10-15,7.03453,7.10559,7.03453,7.09466,38020
2012-10-16,7.10559,7.16025,7.09466,7.13292,57514
2012-10-17,7.15478,7.18757,7.11652,7.18757,64987
2012-10-18,7.18757,7.20397,7.09465,7.17118,18773
2012-10-19,7.13291,7.16024,7.06732,7.06732,49414
2012-10-22,7.09465,7.10559,7.04,7.07826,22850
2012-10-23,7.07826,7.11105,7.07826,7.10559,35736
2012-10-24,7.10558,7.13291,7.09465,7.12745,32878
2012-10-25,7.12745,7.14932,7.07826,7.10012,28042
2012-10-26,7.10559,7.11105,7.04546,7.07279,32225
2012-10-29,7.12674,7.12674,7.03896,7.07188,15958
2012-10-30,7.05542,7.07737,7.00056,7.07737,12956
2012-10-31,7.06913,7.09931,7.01153,7.07188,48193
2012-11-01,7.08834,7.08834,7.02799,7.04445,20111
2012-11-02,7.03347,7.04445,7.01153,7.03347,21797
2012-11-05,7.0225,7.0225,6.95666,7.01701,42688
2012-11-06,6.99506,6.99506,6.92923,6.92923,36218
2012-11-07,6.91826,6.9402,6.89083,6.92374,35941
2012-11-08,6.89083,6.96764,6.87985,6.93472,42292
2012-11-09,6.93472,6.9457,6.89083,6.89632,39162
2012-11-12,6.91277,6.91277,6.8634,6.8634,19139
2012-11-13,6.86339,6.87985,6.63297,6.74818,130705
2012-11-14,6.72075,6.75367,6.59457,6.64943,107309
2012-11-15,6.5836,6.61651,6.45192,6.53971,66127
2012-11-16,6.50678,6.64394,6.5013,6.63845,37739
2012-11-19,6.66589,6.81951,6.63846,6.72624,39227
2012-11-20,6.58359,6.64394,6.58359,6.622,368778
2012-11-21,6.64943,6.6604,6.61103,6.63297,63260
2012-11-22,6.6604,6.66589,6.60554,6.64943,24083
2012-11-23,6.67137,6.6988,6.63297,6.6604,65971
2012-11-26,6.65492,6.65492,6.58359,6.63297,46837
2012-11-27,6.63845,6.70429,6.63297,6.63845,79117
2012-11-28,6.66508,6.68161,6.55492,6.63203,135563
2012-11-29,6.62652,6.64855,6.5439,6.60449,177359
2012-11-30,6.62101,6.68711,6.52737,6.62101,126415
2012-12-03,6.59898,6.64855,6.51635,6.60449,60200
2012-12-04,6.55491,6.61551,6.48881,6.53288,61755
2012-12-05,6.52186,6.6155,6.52186,6.60999,147298
2012-12-06,6.61,6.61,6.56042,6.56593,123686
2012-12-07,6.56042,6.57144,6.53288,6.57144,76762
2012-12-10,6.52186,6.62101,6.52186,6.6155,156785
2012-12-11,6.63754,6.76974,6.6155,6.76974,299580
2012-12-12,6.77524,6.85236,6.71465,6.74219,103071
2012-12-13,6.76423,6.76423,6.71466,6.73118,39440
2012-12-14,6.72017,6.81381,6.63203,6.63203,93035
2012-12-17,6.68711,6.72016,6.64855,6.65957,91893
2012-12-18,6.67058,6.70914,6.65957,6.68711,105678
2012-12-19,6.69262,6.8083,6.6761,6.73669,74947
2012-12-20,6.72016,6.83584,6.72016,6.83584,94959
2012-12-21,6.80278,6.94049,6.79728,6.91846,70560
2012-12-24,6.91295,6.946,6.83033,6.946,19349
2012-12-27,6.90637,6.93955,6.82896,6.88426,32350
2012-12-28,6.91743,6.96167,6.85661,6.93402,27880
2012-12-31,6.88425,6.93955,6.87319,6.90637,23266
2013-01-02,6.96167,7.01696,6.9119,7.01143,51113
2013-01-03,7.01143,7.02249,6.92849,6.93955,354313
2013-01-04,6.98379,6.98379,6.88978,6.93402,394968
2013-01-07,6.9119,6.9119,6.84002,6.84555,261325
2013-01-08,6.84555,6.9672,6.77366,6.92296,141771
2013-01-09,6.92296,7.03355,6.90637,7.00037,132852
2013-01-10,7.05014,7.0612,6.93955,6.93955,94279
2013-01-11,6.93955,7.03908,6.93955,6.9672,72353
2013-01-14,6.97272,6.99484,6.95614,6.9672,84275
2013-01-15,6.94508,6.9672,6.88978,6.93955,72948
2013-01-16,6.95061,7.01696,6.92296,6.98378,150892
2013-01-17,7.01696,7.04461,6.93402,6.9672,61044
2013-01-18,6.98379,6.98379,6.9119,6.92296,26070
2013-01-21,6.9119,6.95614,6.88978,6.95614,48773
2013-01-22,6.95613,7.01696,6.93402,7.00037,38463
2013-01-23,6.9672,7.0059,6.9119,6.97273,82196
2013-01-24,6.99484,7.14414,6.97272,7.00037,130407
2013-01-25,7.03908,7.05014,6.97825,7.00037,165308
2013-01-28,7.00037,7.01696,6.93402,6.94508,71112
2013-01-29,6.9386,7.03297,6.9386,7.03297,73428
2013-01-30,7.04407,7.14954,7.02187,7.13843,76733
2013-01-31,7.07737,7.21614,7.07737,7.21614,132869
2013-02-01,7.21615,7.26611,7.20227,7.25501,129637
2013-02-04,7.255,7.30496,7.23835,7.27166,123584
2013-02-05,7.29386,7.32161,7.19394,7.19394,133967
2013-02-06,7.255,7.27165,7.2328,7.24945,216581
2013-02-07,7.24945,7.32161,7.2439,7.32161,426524
2013-02-08,7.32161,7.32161,7.14953,7.28275,50762
2013-02-11,7.27721,7.27721,7.18284,7.2328,42974
2013-02-12,7.26055,7.2772,7.21059,7.2772,38723
2013-02-13,7.2661,7.29386,7.22724,7.24945,48042
2013-02-14,7.27165,7.27165,7.22169,7.22724,39103
2013-02-15,7.23835,7.2439,7.13288,7.18284,53448
2013-02-19,7.19394,7.24945,7.19394,7.23835,64775
2013-02-20,7.21615,7.2328,7.18839,7.19394,68650
2013-02-21,7.21059,7.21059,7.16064,7.19394,157510
2013-02-22,7.18839,7.21615,7.13843,7.20504,128722
2013-02-25,7.18284,7.19949,7.14954,7.17174,90035
2013-02-26,7.15967,7.18753,7.10395,7.11509,44161
2013-02-27,7.11509,7.18195,7.11509,7.14852,22338
2013-02-28,7.10952,7.20981,7.07052,7.18752,91599
2013-03-01,7.18195,7.18195,7.05937,7.12623,42946
2013-03-04,7.11509,7.13181,7.08166,7.10952,38536
2013-03-05,7.08723,7.15966,7.06494,7.10952,82083
2013-03-06,7.14295,7.15967,6.96465,7.04266,75583
2013-03-07,7.04265,7.07608,6.99808,7.0148,75557
2013-03-08,7.02595,7.03152,6.85322,6.87551,105803
2013-03-11,6.86994,6.87551,6.80865,6.86437,100354
2013-03-12,6.83651,6.83651,6.75293,6.7975,83704
2013-03-13,6.75293,6.80865,6.72507,6.7975,199720
2013-03-14,6.75293,6.80865,6.74179,6.78079,117661
2013-03-15,6.8365,6.87551,6.80307,6.84208,114898
2013-03-18,6.81422,6.81422,6.70835,6.74178,73714
2013-03-19,6.7195,6.75293,6.69721,6.7195,57594
2013-03-20,6.69721,6.72507,6.68607,6.71393,86405
2013-03-21,6.73622,6.74179,6.70279,6.70836,28139
2013-03-22,6.70835,6.76407,6.66935,6.74178,54076
2013-03-25,6.71393,6.73064,6.67493,6.68607,81296
2013-03-26,6.7187,6.76345,6.69073,6.70751,41037
2013-03-27,6.69632,6.70751,6.65716,6.70751,45461
2013-03-28,6.70751,6.7187,6.65716,6.71311,123614
2013-04-01,6.74108,6.74108,6.66835,6.67395,36702
2013-04-02,6.68513,6.70751,6.67954,6.69073,48797
2013-04-03,6.70751,6.70751,6.67394,6.70751,54042
2013-04-04,6.68514,6.70752,6.65157,6.66836,50042
2013-04-05,6.65157,6.68513,6.62919,6.68513,339580
2013-04-08,6.64597,6.79702,6.64597,6.79142,248951
2013-04-09,6.78583,6.82499,6.76905,6.82499,50251
2013-04-10,6.82499,6.83059,6.75786,6.80262,117121
2013-04-11,6.82499,6.82499,6.73548,6.78024,54780
2013-04-12,6.79143,6.82499,6.7187,6.82499,65784
2013-04-15,6.8194,6.8194,6.68513,6.69073,40042
2013-04-16,6.75227,6.75786,6.67954,6.73548,24291
2013-04-17,6.74108,6.75786,6.69632,6.70751,46577
2013-04-18,6.70751,6.79702,6.70192,6.77464,60851
2013-04-19,6.77464,6.9145,6.76905,6.82499,430475
2013-04-22,6.82499,6.84177,6.78024,6.83059,58383
2013-04-23,6.82499,6.87534,6.79702,6.85296,105097
2013-04-24,6.85856,6.94806,6.85296,6.93687,122839
2013-04-25,6.94247,6.94247,6.88653,6.93128,29701
2013-04-26,6.94719,6.96404,6.93034,6.95281,44871
2013-04-29,6.94719,7.0539,6.94157,7.00897,142092
2013-04-30,7.00336,7.19992,6.99212,7.11568,218897
2013-05-01,7.05951,7.07636,7.00335,7.0539,55229
2013-05-02,7.00897,7.10444,7.00897,7.05952,110038
2013-05-03,7.07075,7.12691,7.05952,7.12691,86767
2013-05-06,7.13253,7.13253,7.04828,7.10445,70364
2013-05-07,7.06513,7.08759,7.01458,7.01458,19730
2013-05-08,6.99212,7.02582,6.8798,6.93596,83245
2013-05-09,6.92473,6.93034,6.87418,6.90226,50366
2013-05-10,6.91349,6.93596,6.85172,6.90226,35742
2013-05-13,6.87979,7.00897,6.85171,7.00897,61107
2013-05-14,7.0202,7.0202,6.89665,6.93034,41970
2013-05-15,6.95281,6.96404,6.85172,6.86295,42988
2013-05-16,6.87418,6.93034,6.86295,6.93034,43168
2013-05-17,6.99212,6.99212,6.90226,6.90788,132642
2013-05-21,6.89103,6.97527,6.89103,6.95281,45628
2013-05-22,6.95281,6.99773,6.90788,6.90788,47680
2013-05-23,6.93596,6.93596,6.85733,6.89103,54940
2013-05-24,6.86295,6.95281,6.85171,6.90788,49164
2013-05-27,6.88541,6.98089,6.88541,6.94157,22067
2013-05-28,6.94719,6.96404,6.87979,6.89103,32658
2013-05-29,6.907,6.9352,6.8337,6.84498,94994
2013-05-30,6.87881,6.87881,6.72094,6.72094,103117
2013-05-31,6.73785,6.84498,6.55742,6.8337,192305
2013-06-03,6.7886,6.79987,6.62508,6.72657,55498
2013-06-04,6.65892,6.73785,6.62508,6.67019,47306
2013-06-05,6.68147,6.68147,6.53487,6.57434,63702
2013-06-06,6.51232,6.5687,6.41646,6.55742,164415
2013-06-07,6.5236,6.57434,6.46157,6.53487,71388
2013-06-10,6.54051,6.54051,6.32061,6.36008,85946
2013-06-11,6.34881,6.36572,6.11763,6.20221,240176
2013-06-12,6.17966,6.25295,6.06689,6.07816,161421
2013-06-13,6.06689,6.20784,6.00486,6.18529,111468
2013-06-14,6.22476,6.31497,6.11763,6.21348,70157
2013-06-17,6.25859,6.30934,6.1571,6.2304,126565
2013-06-18,6.2304,6.29806,6.2304,6.24731,57304
2013-06-19,6.26986,6.28678,6.17401,6.19656,54855
2013-06-20,6.14582,6.17965,6.10072,6.12891,73751
2013-06-21,6.12327,6.15147,6.03306,6.03306,262884
2013-06-24,5.98231,5.99359,5.86954,5.90901,82553
2013-06-25,5.88646,6.17402,5.88646,6.17402,60810
2013-06-26,6.21838,6.21838,6.17874,6.21838,47565
2013-06-27,6.2297,6.24103,6.14475,6.1674,71382
2013-06-28,6.14476,6.17307,6.05981,6.05981,49167
2013-07-02,6.15608,6.3543,6.03148,6.3543,161209
2013-07-03,6.30899,6.32031,6.18439,6.30332,49791
2013-07-04,6.31465,6.3543,6.24669,6.27501,22474
2013-07-05,6.32598,6.32598,6.07679,6.08812,87115
2013-07-08,6.04282,6.1221,6.04282,6.05981,36121
2013-07-09,6.07679,6.17873,6.04847,6.13909,39330
2013-07-10,6.17307,6.17874,6.09945,6.11078,38839
2013-07-11,6.17873,6.25235,6.09944,6.1674,89024
2013-07-12,6.20139,6.23537,6.13343,6.16174,49809
2013-07-15,6.17307,6.2297,6.12776,6.14475,68411
2013-07-16,6.17307,6.22404,6.17307,6.17307,40955
2013-07-17,6.19006,6.21837,6.17307,6.21271,30656
2013-07-18,6.21837,6.21837,6.14475,6.19006,57716
2013-07-19,6.20705,6.21837,6.17307,6.21271,30105
2013-07-22,6.2297,6.2297,6.15041,6.17873,44075
2013-07-23,6.1844,6.22971,6.1844,6.22971,121236
2013-07-24,6.20139,6.2297,6.17307,6.20705,37987
2013-07-25,6.15608,6.18439,6.15608,6.1674,37254
2013-07-26,6.13909,6.17307,6.02016,6.14475,36584
2013-07-29,6.16656,6.16656,6.06416,6.0926,76265
2013-07-30,6.05279,6.17794,6.05279,6.14381,40688
2013-07-31,6.16656,6.16656,5.93901,5.97314,82752
2013-08-01,6.01296,6.01296,5.77972,5.77972,96804
2013-08-02,5.83093,5.88212,5.79679,5.86506,38851
2013-08-06,5.97314,6.0414,5.83092,5.8935,78521
2013-08-07,5.88781,5.88781,5.65457,5.76266,113965
2013-08-08,5.75697,5.85368,5.7399,5.84799,91108
2013-08-09,5.80248,5.92763,5.7911,5.87643,62283
2013-08-12,5.90488,5.9447,5.8935,5.91625,59206
2013-08-13,5.92194,5.9447,5.77972,5.85368,36984
2013-08-14,5.85368,5.91057,5.68871,5.75697,65112
2013-08-15,5.71715,5.76835,5.66595,5.71715,59714
2013-08-16,5.65457,5.80248,5.65457,5.66595,99955
2013-08-19,5.71146,5.80817,5.68586,5.75128,50488
2013-08-20,5.81386,5.87074,5.78541,5.85368,59265
2013-08-21,5.83092,5.87075,5.77404,5.77404,40247
2013-08-22,5.80248,5.87074,5.76266,5.82523,28027
2013-08-23,5.85368,5.90487,5.80248,5.81954,30041
2013-08-26,5.83092,5.92763,5.83092,5.87643,22729
2013-08-27,5.85937,5.86506,5.80248,5.82523,25645
2013-08-28,5.86429,5.87572,5.80142,5.80142,40067
2013-08-29,5.85286,5.86429,5.80142,5.81285,25207
2013-08-30,5.83,5.83,5.74426,5.78427,33373
2013-09-03,5.80142,5.81857,5.66424,5.76712,55947
2013-09-04,5.71569,5.87001,5.70425,5.7957,40407
2013-09-05,5.72711,5.88144,5.72711,5.85858,53731
2013-09-06,5.83,5.89858,5.81857,5.85858,22468
2013-09-09,5.86429,6.01861,5.86429,6.00718,165277
2013-09-10,6.03004,6.11006,5.96717,6.07005,260011
2013-09-11,6.01862,6.15579,5.92717,6.00147,287901
2013-09-12,6.0129,6.08149,5.99004,6.05291,38425
2013-09-13,6.05291,6.09864,6.00147,6.05863,307203
2013-09-16,6.11578,6.20723,6.0872,6.18437,347631
2013-09-17,6.17294,6.24724,6.15008,6.18437,42815
2013-09-18,6.15008,6.24153,6.1215,6.20723,244902
2013-09-19,6.23009,6.2701,6.1958,6.25867,49776
2013-09-20,6.2301,6.25867,6.09863,6.09863,81169
2013-09-23,6.11006,6.23009,6.05862,6.23009,41888
2013-09-24,6.21294,6.3444,6.1615,6.29296,101867
2013-09-25,6.29297,6.36727,6.29297,6.31011,99084
2013-09-26,6.36082,6.36082,6.22879,6.28045,64960
2013-09-27,6.24026,6.28045,6.20582,6.22878,59575
2013-09-30,6.26897,6.30342,6.25175,6.26323,66166
2013-10-01,6.26323,6.28045,6.04508,6.14267,161662
2013-10-02,6.14842,6.24027,6.13693,6.21731,25508
2013-10-03,6.27471,6.33786,6.22304,6.30341,178785
2013-10-04,6.26897,6.28619,6.22304,6.23452,241848
2013-10-07,6.23452,6.28045,6.18286,6.22878,47101
2013-10-08,6.20008,6.22879,6.14267,6.22305,178324
2013-10-09,6.246,6.26897,6.13119,6.16563,186790
2013-10-10,6.22304,6.22304,6.14267,6.20008,32316
2013-10-11,6.20008,6.20008,6.16563,6.17138,54782
2013-10-15,6.17712,6.2173,6.14267,6.20582,33782
2013-10-16,6.22879,6.25175,6.16564,6.21156,52128
2013-10-17,6.20008,6.29768,6.17138,6.26323,43938
2013-10-18,6.26897,6.40101,6.25174,6.39527,68510
2013-10-21,6.39527,6.40101,6.24601,6.26323,95258
2013-10-22,6.3149,6.3149,6.26897,6.28619,54992
2013-10-23,6.26897,6.40675,6.26897,6.40675,87395
2013-10-24,6.38379,6.40101,6.32064,6.32064,42657
2013-10-25,6.32638,6.38952,6.32064,6.3723,22016
2013-10-28,6.38379,6.38953,6.3436,6.36656,18183
2013-10-29,6.39443,6.42326,6.3829,6.4175,25542
2013-10-30,6.42326,6.42326,6.31947,6.3656,46117
2013-10-31,6.4002,6.4002,6.30794,6.3483,51799
2013-11-01,6.34254,6.37137,6.29064,6.31371,52449
2013-11-04,6.3656,6.37137,6.29641,6.3656,362527
2013-11-05,6.33677,6.37137,6.28488,6.29064,19844
2013-11-06,6.34254,6.38867,6.30218,6.38867,787615
2013-11-07,6.3656,6.37137,6.1292,6.24452,628489
2013-11-08,6.22721,6.22721,6.11766,6.19262,98988
2013-11-11,6.16956,6.16956,6.06577,6.14073,37904
2013-11-12,6.1119,6.13496,6.07154,6.1292,68508
2013-11-13,6.1292,6.14649,6.06577,6.14649,67456
2013-11-14,6.16956,6.21569,6.14073,6.18686,61464
2013-11-15,6.21569,6.26181,6.17532,6.26181,203487
2013-11-18,6.25029,6.30794,6.22722,6.23875,36891
2013-11-19,6.22722,6.25605,6.19839,6.24452,46934
2013-11-20,6.22721,6.27911,6.19262,6.19262,42029
2013-11-21,6.19262,6.26758,6.19262,6.26758,32182
2013-11-22,6.27911,6.27911,6.14073,6.25605,593572
2013-11-25,6.23875,6.26758,6.17532,6.19839,61104
2013-11-26,6.19839,6.20415,6.08307,6.1119,95527
2013-11-27,6.1341,6.19782,6.08197,6.19203,42986
2013-11-28,6.2094,6.21519,6.12831,6.15148,34748
2013-11-29,6.12252,6.19203,6.09935,6.19203,78069
2013-12-02,6.16306,6.16306,6.03563,6.07617,62430
2013-12-03,6.05301,6.05301,5.89662,5.89662,178382
2013-12-04,5.88503,5.96612,5.87924,5.96612,103176
2013-12-05,5.96612,6.02404,5.9082,6.01246,83771
2013-12-06,6.03563,6.09935,5.9835,6.09356,46676
2013-12-09,6.08776,6.08776,5.93716,5.94875,50248
2013-12-10,5.93716,5.98929,5.90241,5.94295,100202
2013-12-11,5.93137,5.95454,5.9082,5.9082,75102
2013-12-12,5.9082,5.91978,5.85607,5.86765,62055
2013-12-13,5.90241,5.9082,5.84448,5.85028,56009
2013-12-16,5.85607,5.88503,5.80394,5.8329,84687
2013-12-17,5.80973,5.89661,5.80394,5.89082,65002
2013-12-18,5.9082,5.94295,5.82131,5.89082,125742
2013-12-19,5.87924,5.88503,5.80973,5.84448,80936
2013-12-20,5.85028,5.87924,5.82711,5.85028,140952
2013-12-23,5.87923,5.93137,5.8329,5.91399,268953
2013-12-24,5.91399,5.99509,5.91399,5.99509,36338
2013-12-27,6.03485,6.04067,5.99411,5.99411,30949
2013-12-30,5.98248,6.09887,5.98248,6.09887,39983
2013-12-31,6.09305,6.15706,6.06395,6.09887,48307
2014-01-02,6.07559,6.1105,6.02321,6.08723,19643
2014-01-03,6.08723,6.13378,6.05231,6.08141,33140
2014-01-06,6.11632,6.11632,6.0203,6.11632,51134
2014-01-07,6.12796,6.12796,6.05813,6.10468,37621
2014-01-08,6.1105,6.1105,5.9301,5.9592,134484
2014-01-09,5.97083,6.05813,5.97083,6.04067,65621
2014-01-10,6.05231,6.07558,6.02321,6.04067,21696
2014-01-13,6.06394,6.08722,6.02321,6.02903,44342
2014-01-14,6.02322,6.06395,5.97666,5.99994,89619
2014-01-15,6.00575,6.02903,5.96502,5.97666,59612
2014-01-16,5.96502,5.98829,5.95338,5.98248,42245
2014-01-17,5.96501,6.01739,5.94173,5.97083,66513
2014-01-20,5.97665,6.08722,5.97665,6.06977,39971
2014-01-21,6.04649,6.1105,6.04649,6.05813,51096
2014-01-22,6.03485,6.19198,6.03485,6.1105,81807
2014-01-23,6.13378,6.16288,6.04067,6.1105,53196
2014-01-24,6.08141,6.12214,6.05231,6.06977,57628
2014-01-27,6.08141,6.13378,6.02321,6.06977,72148
2014-01-28,6.10468,6.16288,6.06395,6.15124,58111
2014-01-29,6.17463,6.17463,6.09862,6.12785,69561
2014-01-30,6.13955,6.22141,6.11031,6.15709,68837
2014-01-31,6.16294,6.18632,6.13955,6.18632,28989
2014-02-03,6.20971,6.20971,6.13954,6.15124,91211
2014-02-04,6.16294,6.19217,6.15124,6.16294,31848
2014-02-05,6.13955,6.19217,6.13955,6.16878,101610
2014-02-06,6.15709,6.28573,6.15124,6.2331,64546
2014-02-07,6.19802,6.27988,6.18048,6.27988,42273
2014-02-10,6.27403,6.27988,6.22725,6.25064,27607
2014-02-11,6.25649,6.28573,6.2331,6.25064,27689
2014-02-12,6.2331,6.27988,6.2331,6.27988,24529
2014-02-13,6.25064,6.26818,6.20971,6.24479,123322
2014-02-14,6.2448,6.32081,6.22725,6.32081,51935
2014-02-18,6.27988,6.36759,6.26818,6.32081,40644
2014-02-19,6.32666,6.35004,6.27403,6.29742,36510
2014-02-20,6.29157,6.29157,6.12785,6.18048,191299
2014-02-21,6.16878,6.19802,6.15124,6.16878,154619
2014-02-24,6.18048,6.19802,6.15124,6.19217,215274
2014-02-25,6.19217,6.21556,6.15124,6.16878,44040
2014-02-26,6.15703,6.19816,6.06891,6.10416,70226
2014-02-27,6.13353,6.15703,6.08653,6.11003,42018
2014-02-28,6.11003,6.11003,5.9984,6.08653,117459
2014-03-03,6.03365,6.06009,5.99253,6.01015,87955
2014-03-04,6.01603,6.13353,6.01603,6.11591,125919
2014-03-05,6.15116,6.16878,5.98665,6.03366,172975
2014-03-06,6.01015,6.08065,6.01015,6.08065,24442
2014-03-07,6.08065,6.09828,6.05715,6.06303,46171
2014-03-10,6.06303,6.06303,5.98078,6.01603,52139
2014-03-11,6.06303,6.06303,5.94553,5.96316,38859
2014-03-12,5.97491,6.01016,5.91028,5.93966,66734
2014-03-13,5.93966,5.96316,5.93966,5.96316,104954
2014-03-14,5.97491,5.97491,5.92203,5.94553,91233
2014-03-17,5.96316,5.96316,5.92791,5.93378,54465
2014-03-18,5.96316,5.97491,5.93378,5.93966,49377
2014-03-19,5.93378,5.94553,5.90441,5.92791,97466
2014-03-20,5.91028,5.93378,5.89266,5.91028,71750
2014-03-21,5.92791,5.95728,5.88678,5.91028,89948
2014-03-24,5.93378,5.95728,5.89266,5.89266,41888
2014-03-25,5.90441,5.95141,5.88678,5.93378,41961
2014-03-26,5.93966,6.03366,5.93966,5.97491,44274
2014-03-27,6.01624,6.02214,5.93949,5.94539,49403
2014-03-28,5.94539,5.99262,5.92177,5.99262,38877
2014-03-31,5.99262,6.03395,5.95129,6.02214,92538
2014-04-01,5.99262,6.01623,5.9631,5.98081,46394
2014-04-02,6.01033,6.03985,5.969,6.03395,38351
2014-04-03,5.99852,6.05166,5.99852,6.03985,37769
2014-04-04,6.03395,6.06937,5.98081,6.03395,83338
2014-04-07,6.05166,6.05166,6.00443,6.03395,34420
2014-04-08,6.05757,6.05757,5.98081,6.05166,29648
2014-04-09,6.06346,6.06346,6.01623,6.03985,27179
2014-04-10,6.03985,6.06347,5.99852,6.03395,40688
2014-04-11,5.99852,6.02804,5.99262,5.99262,76270
2014-04-14,5.99262,6.02214,5.99262,6.00443,31043
2014-04-15,6.00443,6.06347,6.00443,6.05166,34601
2014-04-16,6.05166,6.13432,6.05166,6.12251,52650
2014-04-17,6.12842,6.12842,6.08118,6.1048,41528
2014-04-21,6.08708,6.1166,6.08118,6.09298,25509
2014-04-22,6.1166,6.15203,6.08118,6.12251,61138
2014-04-23,6.12251,6.14612,6.1107,6.12251,53234
2014-04-24,6.1107,6.14022,6.1107,6.14022,20865
2014-04-25,6.1107,6.14612,6.1107,6.13432,72639
2014-04-28,6.14025,6.15211,6.06905,6.14618,162419
2014-04-29,6.14618,6.16991,6.11652,6.16991,80810
2014-04-30,6.14025,6.2233,6.14025,6.19957,192345
2014-05-01,6.18178,6.28263,6.18178,6.22924,55378
2014-05-02,6.22924,6.2767,6.22924,6.2767,27265
2014-05-05,6.28856,6.28856,6.19957,6.22924,166448
2014-05-06,6.2589,6.26483,6.18178,6.19957,40387
2014-05-07,6.14025,6.21144,6.06906,6.11652,92604
2014-05-08,6.09872,6.15211,6.08092,6.08685,189739
2014-05-09,6.11059,6.11652,6.08092,6.10465,216729
2014-05-12,6.22924,6.2589,6.15805,6.24704,137885
2014-05-13,6.2589,6.2589,6.13431,6.15805,119832
2014-05-14,6.15804,6.16991,6.14025,6.14025,39656
2014-05-15,6.12838,6.19364,6.12838,6.18771,163215
2014-05-16,6.18771,6.31823,6.18178,6.27077,206445
2014-05-20,6.31229,6.31229,6.26483,6.2945,48287
2014-05-21,6.27077,6.30636,6.21144,6.24704,57777
2014-05-22,6.22924,6.30043,6.21737,6.30043,63655
2014-05-23,6.28856,6.30636,6.24703,6.28263,41955
2014-05-26,6.25297,6.28857,6.23517,6.27077,16345
2014-05-27,6.24704,6.33009,6.24704,6.33009,158408
2014-05-28,6.29433,6.33009,6.23472,6.28837,56081
2014-05-29,6.30029,6.32413,6.22876,6.27645,141751
2014-05-30,6.24068,6.27049,6.2228,6.26453,72997
2014-06-02,6.23473,6.32413,6.22877,6.32413,114759
2014-06-03,6.32413,6.33605,6.24665,6.28241,54904
2014-06-04,6.28241,6.28241,6.12147,6.13936,334234
2014-06-05,6.13936,6.22876,6.13936,6.2228,450345
2014-06-06,6.21088,6.26453,6.20492,6.24664,70072
2014-06-09,6.24664,6.25857,6.21088,6.24664,61597
2014-06-10,6.21684,6.23472,6.193,6.22876,52316
2014-06-11,6.20492,6.23472,6.18108,6.22876,68947
2014-06-12,6.19896,6.21684,6.15724,6.19896,51542
2014-06-13,6.20492,6.2526,6.17512,6.21684,35795
2014-06-16,6.193,6.27048,6.18704,6.24068,64280
2014-06-17,6.24665,6.24665,6.19896,6.23472,39487
2014-06-18,6.23472,6.28241,6.22876,6.27049,123344
2014-06-19,6.27049,6.30625,6.25261,6.30029,75250
2014-06-20,6.25856,6.35989,6.25856,6.35393,164182
2014-06-23,6.33605,6.35393,6.30625,6.31817,45070
2014-06-24,6.29433,6.32413,6.28837,6.31817,27331
2014-06-25,6.31221,6.34797,6.30029,6.34797,57025
2014-06-26,6.35396,6.35995,6.30007,6.32402,46701
2014-06-27,6.28809,6.31803,6.24617,6.28809,60068
2014-06-30,6.31803,6.31803,6.2821,6.31803,24211
2014-07-02,6.31803,6.31803,6.27012,6.28809,81812
2014-07-03,6.27012,6.28809,6.25216,6.25814,150254
2014-07-04,6.2821,6.2821,6.21622,6.24617,49767
2014-07-07,6.2282,6.24017,6.20424,6.21622,67866
2014-07-08,6.19826,6.23419,6.16832,6.22221,109708
2014-07-09,6.2282,6.24617,6.18628,6.19227,39030
2014-07-10,6.1743,6.20424,6.10842,6.19825,46530
2014-07-11,6.21024,6.2282,6.1743,6.22221,51661
2014-07-14,6.19227,6.21323,6.18029,6.19227,26230
2014-07-15,6.19227,6.19826,6.16831,6.1743,24894
2014-07-16,6.21024,6.24018,6.18029,6.23419,22668
2014-07-17,6.24018,6.24018,6.1743,6.18628,30268
2014-07-18,6.21023,6.2282,6.16831,6.2282,12048
2014-07-21,6.2282,6.24018,6.13837,6.24018,58867
2014-07-22,6.19826,6.27012,6.19826,6.25814,92338
2014-07-23,6.26413,6.34199,6.23419,6.34199,81644
2014-07-24,6.31803,6.34798,6.28809,6.34798,39200
2014-07-25,6.31803,6.336,6.31803,6.31803,23145
2014-07-28,6.336,6.336,6.27611,6.29408,32606
2014-07-29,6.30611,6.3362,6.26399,6.26399,34857
2014-07-30,6.26399,6.30009,6.21585,6.22187,71981
2014-07-31,6.2339,6.27001,6.21585,6.22788,207099
2014-08-01,6.20983,6.26399,6.20983,6.2339,18138
2014-08-05,6.21585,6.28204,6.20983,6.22788,49941
2014-08-06,6.25195,6.30009,6.22788,6.25797,50565
2014-08-07,6.27,6.27,6.15567,6.16169,92775
2014-08-08,6.17373,6.2339,6.16771,6.2339,48641
2014-08-11,6.20983,6.31213,6.20983,6.31213,65152
2014-08-12,6.28204,6.3362,6.28204,6.30611,32459
2014-08-13,6.28806,6.46858,6.28204,6.40239,153397
2014-08-14,6.38433,6.4084,6.36026,6.38433,56754
2014-08-15,6.36628,6.43849,6.36628,6.42645,301606
2014-08-18,6.43849,6.46256,6.40238,6.4445,114453
2014-08-19,6.42645,6.45654,6.40238,6.42645,156934
2014-08-20,6.39637,6.43849,6.37832,6.42044,896487
2014-08-21,6.38434,6.45654,6.38434,6.45654,56965
2014-08-22,6.45654,6.45654,6.40239,6.43849,45757
2014-08-25,6.42043,6.43247,6.39035,6.4084,35763
2014-08-26,6.39035,6.42043,6.39035,6.4084,20977
2014-08-27,6.39631,6.44467,6.38422,6.44467,30861
2014-08-28,6.42049,6.42049,6.36004,6.36004,48319
2014-08-29,6.36608,6.39027,6.34795,6.37213,36612
2014-09-02,6.34795,6.39027,6.32981,6.36609,30095
2014-09-03,6.36609,6.39632,6.33586,6.36609,36706
2014-09-04,6.34795,6.39027,6.23912,6.26331,221464
2014-09-05,6.28749,6.29958,6.25121,6.29958,46912
2014-09-08,6.28749,6.29353,6.25726,6.26331,50370
2014-09-09,6.29958,6.39631,6.28145,6.32377,172117
2014-09-10,6.31772,6.3419,6.30563,6.31167,112232
2014-09-11,6.31772,6.36004,6.2754,6.36004,115324
2014-09-12,6.36004,6.36608,6.22703,6.25726,298070
2014-09-15,6.24517,6.30563,6.22703,6.25726,227146
2014-09-16,6.26331,6.29353,6.25121,6.25726,70409
2014-09-17,6.27539,6.35399,6.23912,6.29958,89646
2014-09-18,6.28749,6.34794,6.2633,6.3419,292120
2014-09-19,6.31772,6.35399,6.24517,6.25726,87698
2014-09-22,6.28749,6.30563,6.20285,6.23308,50613
2014-09-23,6.26331,6.2754,6.16053,6.26331,142406
2014-09-24,6.22099,6.26935,6.19076,6.26331,413425
2014-09-25,6.28145,6.34795,6.17867,6.28145,101882
2014-09-26,6.26322,6.30574,6.20854,6.25714,55118
2014-09-29,6.20854,6.28752,6.20854,6.27537,55760
2014-09-30,6.26322,6.29967,6.20854,6.28752,84703
2014-10-01,6.26322,6.29967,6.23285,6.23892,91850
2014-10-02,6.22677,6.245,6.14172,6.245,97155
2014-10-03,6.2207,6.27537,6.1721,6.2693,55824
2014-10-06,6.23892,6.31182,6.22677,6.30574,44932
2014-10-07,6.31182,6.31182,6.24499,6.29359,58557
2014-10-08,6.25107,6.29967,6.22069,6.28752,37830
2014-10-09,6.26322,6.39687,6.26322,6.35434,137478
2014-10-10,6.34827,6.36042,6.29359,6.33612,39563
2014-10-14,6.32397,6.34219,6.27537,6.29967,37606
2014-10-15,6.27537,6.27841,6.19032,6.245,58231
2014-10-16,6.24499,6.30574,6.20854,6.28144,69475
2014-10-17,6.32397,6.32397,6.20855,6.22677,158958
2014-10-20,6.26929,6.29967,6.23892,6.26322,113131
2014-10-21,6.29967,6.39079,6.29359,6.39079,60089
2014-10-22,6.35434,6.48191,6.35434,6.44547,204269
2014-10-23,6.40902,6.53052,6.36042,6.49407,105874
2014-10-24,6.45762,6.56697,6.45762,6.56089,52573
2014-10-27,6.51836,6.60341,6.51836,6.59126,77801
2014-10-28,6.57911,6.68239,6.53052,6.65809,136482
2014-10-29,6.6764,6.6764,6.58486,6.60927,35096
2014-10-30,6.57875,6.62147,6.47501,6.60927,252412
2014-10-31,6.62147,6.73743,6.60317,6.73743,62007
2014-11-03,6.71301,6.74353,6.6825,6.6947,72876
2014-11-04,6.6886,6.74353,6.65809,6.6703,61874
2014-11-05,6.63978,6.6886,6.62757,6.63978,18907
2014-11-06,6.64588,6.6825,6.59095,6.62147,84500
2014-11-07,6.62757,6.73742,6.59096,6.65809,291401
2014-11-10,6.60926,6.67334,6.57875,6.60316,64761
2014-11-11,6.42618,6.4567,6.39567,6.43228,901064
2014-11-12,6.40788,6.52383,6.40788,6.49331,467575
2014-11-13,6.51162,6.52383,6.43839,6.50552,136446
2014-11-14,6.50552,6.57875,6.50552,6.51162,94083
2014-11-17,6.54824,6.56655,6.51163,6.56655,90813
2014-11-18,6.53603,6.66419,6.53603,6.64588,148549
2014-11-19,6.62758,6.65809,6.55434,6.59096,102313
2014-11-20,6.56044,6.65198,6.55434,6.61537,35921
2014-11-21,6.61537,6.61537,6.56044,6.57265,39867
2014-11-24,6.57265,6.57265,6.4689,6.54824,64589
2014-11-25,6.54824,6.54824,6.4689,6.50552,65115
2014-11-26,6.51778,6.53004,6.47486,6.53004,48538
2014-11-27,6.52391,6.52391,6.46873,6.49939,52698
2014-11-28,6.46873,6.54844,6.46873,6.53618,96763
2014-12-01,6.47486,6.59749,6.47486,6.54231,123004
2014-12-02,6.49326,6.54231,6.46873,6.51165,82513
2014-12-03,6.52391,6.54231,6.44421,6.45647,51645
2014-12-04,6.49326,6.49326,6.32771,6.35223,100157
2014-12-05,6.3461,6.41968,6.33384,6.37676,85378
2014-12-08,6.33384,6.39515,6.29705,6.30318,114567
2014-12-09,6.28479,6.33384,6.26026,6.31544,65454
2014-12-10,6.33997,6.3461,6.22347,6.27252,224423
2014-12-11,6.25413,6.36449,6.21121,6.30318,171315
2014-12-12,6.26026,6.26026,6.15602,6.19281,114604
2014-12-15,6.18055,6.19281,6.12537,6.1315,67654
2014-12-16,6.14989,6.24799,6.14989,6.18055,88972
2014-12-17,6.16829,6.22347,6.14989,6.21121,433416
2014-12-18,6.21734,6.27252,6.21121,6.21121,110342
2014-12-19,6.25413,6.26639,6.21734,6.26639,92342
2014-12-22,6.25413,6.29092,6.2296,6.26026,43661
2014-12-23,6.24799,6.29705,6.24186,6.29091,38424
2014-12-24,6.29705,6.30931,6.27252,6.30931,25159
2014-12-29,6.34628,6.35244,6.30315,6.32779,26002
2014-12-30,6.30931,6.34628,6.30931,6.33396,16952
2014-12-31,6.34011,6.34628,6.30315,6.32163,18739
2015-01-02,6.31547,6.3586,6.31547,6.35244,39346
2015-01-05,6.3586,6.3586,6.26618,6.32163,82854
2015-01-06,6.32163,6.34012,6.30315,6.32779,141389
2015-01-07,6.34628,6.56193,6.30315,6.5188,675509
2015-01-08,6.5188,6.64203,6.38325,6.54345,193521
2015-01-09,6.53728,6.59274,6.50032,6.54961,200448
2015-01-12,6.48183,6.48799,6.43254,6.48183,54203
2015-01-13,6.48183,6.53112,6.46951,6.50031,88188
2015-01-14,6.49415,6.60506,6.45718,6.51264,143273
2015-01-15,6.53112,6.53728,6.48183,6.53112,84289
2015-01-16,6.53728,6.54345,6.50648,6.53728,29872
2015-01-19,6.53113,6.58042,6.50032,6.55577,40042
2015-01-20,6.53728,6.5989,6.53728,6.58041,82316
2015-01-21,6.56809,6.74061,6.55577,6.63587,91850
2015-01-22,6.61122,6.85767,6.61122,6.82071,144503
2015-01-23,6.80839,6.90697,6.79606,6.82687,77460
2015-01-26,6.85768,6.88233,6.679,6.85768,51735
2015-01-27,6.82071,6.88233,6.78374,6.83303,50415
2015-01-28,6.89492,6.9073,6.78352,6.78971,32814
2015-01-29,6.80208,6.8516,6.66592,6.81446,50007
2015-01-30,6.80828,6.88255,6.78352,6.87636,60841
2015-02-02,6.86398,6.86398,6.76495,6.78352,37293
2015-02-03,6.76495,6.87636,6.76495,6.80828,60639
2015-02-04,6.78352,6.80209,6.72162,6.78352,62229
2015-02-05,6.80209,6.95682,6.78971,6.92587,124099
2015-02-06,6.90731,6.94444,6.82684,6.83303,42667
2015-02-09,6.8516,6.87017,6.72782,6.83303,41073
2015-02-10,6.82684,6.92587,6.82684,6.92587,22983
2015-02-11,6.88255,6.88255,6.7959,6.84541,59494
2015-02-12,6.83303,6.87017,6.80827,6.87017,35997
2015-02-13,6.8516,6.87017,6.82065,6.83922,24943
2015-02-17,6.82065,6.94444,6.7959,6.91349,111143
2015-02-18,6.95682,6.95682,6.7959,6.88255,79155
2015-02-19,6.90111,6.9073,6.83922,6.9073,45611
2015-02-20,6.87636,6.91349,6.80827,6.83922,58974
2015-02-23,6.82066,6.83922,6.7959,6.83303,53286
2015-02-24,6.7959,6.8516,6.77114,6.7959,70682
2015-02-25,6.85186,6.85186,6.73372,6.77103,88324
2015-02-26,6.77724,6.81455,6.69019,6.77724,41716
2015-02-27,6.74615,6.8332,6.74615,6.7648,83349
2015-03-02,6.76481,6.83942,6.76481,6.82077,41699
2015-03-03,6.83942,6.84564,6.73372,6.75237,78613
2015-03-04,6.75859,6.80211,6.66532,6.72128,73548
2015-03-05,6.74615,6.77724,6.6902,6.7275,45237
2015-03-06,6.73994,6.73994,6.57828,6.63424,91870
2015-03-09,6.61559,6.66533,6.55963,6.65289,88539
2015-03-10,6.65289,6.65289,6.56584,6.56584,47455
2015-03-11,6.59072,6.67155,6.57828,6.67155,41146
2015-03-12,6.67776,6.70263,6.63424,6.66533,95249
2015-03-13,6.66533,6.6902,6.53476,6.65289,68194
2015-03-16,6.67154,6.85186,6.67154,6.77103,253900
2015-03-17,6.80211,6.80211,6.73994,6.75237,106559
2015-03-18,6.7959,6.80211,6.72129,6.77103,137045
2015-03-19,6.80211,6.85185,6.69641,6.75237,158882
2015-03-20,6.77103,6.9016,6.68398,6.83942,1972881
2015-03-23,6.78968,6.85807,6.73993,6.84563,125260
2015-03-24,6.80833,6.9016,6.7959,6.89538,239663
2015-03-25,6.87051,6.9016,6.83942,6.9016,94110
2015-03-26,6.88294,6.88294,6.7959,6.82077,37195
2015-03-27,6.83951,6.85825,6.78329,6.83951,37817
2015-03-30,6.85825,6.88948,6.78954,6.85825,49022
2015-03-31,6.80203,6.90821,6.80203,6.90197,191603
2015-04-01,6.90197,6.90821,6.84575,6.90197,47852
2015-04-02,6.88947,6.90197,6.76455,6.88323,96542
2015-04-06,6.89572,6.90197,6.87074,6.88947,50305
2015-04-07,6.89572,6.90821,6.852,6.87074,43242
2015-04-08,6.87073,6.90197,6.86449,6.88323,89364
2015-04-09,6.87698,6.90821,6.87698,6.89572,28391
2015-04-10,6.88323,6.90197,6.88323,6.88947,19738
2015-04-13,6.88323,6.90197,6.78954,6.78954,88449
2015-04-14,6.77705,6.87074,6.77705,6.85825,120996
2015-04-15,6.82702,6.88323,6.80203,6.85825,64471
2015-04-16,6.85825,6.87698,6.82701,6.87074,30557
2015-04-17,6.81452,6.87698,6.79578,6.87074,36759
2015-04-20,6.87074,6.88948,6.82077,6.83951,36336
2015-04-21,6.84575,6.87074,6.76455,6.852,432465
2015-04-22,6.8395,6.90197,6.78329,6.84575,45005
2015-04-23,6.87074,6.87698,6.80203,6.81452,36949
2015-04-24,6.81452,6.82077,6.78954,6.80203,64926
2015-04-27,6.78329,6.81452,6.75206,6.79578,70244
2015-04-28,6.80833,6.90246,6.75813,6.85853,55039
2015-04-29,6.85853,6.85853,6.77696,6.81461,31492
2015-04-30,6.7895,6.85853,6.72676,6.7895,40077
2015-05-01,6.77696,6.77696,6.73303,6.76441,29020
2015-05-04,6.80206,6.80206,6.73931,6.77696,53896
2015-05-05,6.77696,6.77696,6.64519,6.67029,63962
2015-05-06,6.71421,6.71421,6.48831,6.56361,272327
2015-05-07,6.61381,6.74559,6.56989,6.70166,108045
2015-05-08,6.70166,6.77696,6.70166,6.73304,75578
2015-05-11,6.74558,6.74558,6.62009,6.65146,24866
2015-05-12,6.65146,6.68283,6.62636,6.62636,87195
2015-05-13,6.69538,6.70166,6.61381,6.62008,23065
2015-05-14,6.63263,6.68283,6.60753,6.63891,23302
2015-05-15,6.66401,6.70166,6.65146,6.70166,30485
2015-05-19,6.67028,6.72048,6.67028,6.67656,75739
2015-05-20,6.68911,6.73931,6.61381,6.62008,62640
2015-05-21,6.62635,6.68283,6.5887,6.63263,155859
2015-05-22,6.63263,6.65773,6.60126,6.62008,33633
2015-05-25,6.65146,6.65146,6.60126,6.62636,17262
2015-05-26,6.62008,6.63891,6.45066,6.51341,78966
2015-05-27,6.58277,6.6206,6.55755,6.57016,32733
2015-05-28,6.55124,6.59538,6.51971,6.53863,35981
2015-05-29,6.53863,6.57646,6.5008,6.55755,77176
2015-06-01,6.55755,6.55755,6.48819,6.52602,43520
2015-06-02,6.51341,6.55124,6.4945,6.4945,89441
2015-06-03,6.53863,6.53863,6.45666,6.48819,75947
2015-06-04,6.44405,6.46927,6.43144,6.43775,70778
2015-06-05,6.41252,6.46927,6.41252,6.46297,33121
2015-06-08,6.45666,6.45666,6.36208,6.36208,61887
2015-06-09,6.38731,6.43144,6.32425,6.39361,71123
2015-06-10,6.40622,6.52602,6.39361,6.45666,51263
2015-06-11,6.5071,6.54493,6.45666,6.48819,36003
2015-06-12,6.48189,6.48189,6.34947,6.39992,45778
2015-06-15,6.39991,6.42513,6.33055,6.33055,35374
2015-06-16,6.33686,6.36839,6.27381,6.28642,36859
2015-06-17,6.30534,6.381,6.29272,6.36208,75904
2015-06-18,6.39992,6.53863,6.39992,6.52602,169732
2015-06-19,6.55124,6.60799,6.4945,6.58908,49651
2015-06-22,6.57646,6.6143,6.53233,6.57016,83509
2015-06-23,6.60799,6.6143,6.55124,6.57016,46566
2015-06-24,6.56385,6.6269,6.51971,6.53863,33415
2015-06-25,6.54494,6.57646,6.51972,6.55755,65531
2015-06-26,6.55124,6.55124,6.44405,6.46927,37102
2015-06-29,6.44405,6.45666,6.31795,6.36839,75583
2015-06-30,6.36839,6.42514,6.33056,6.42514,36118
2015-07-02,6.43144,6.47558,6.32425,6.36208,50198
2015-07-03,6.40622,6.46297,6.34317,6.36839,30942
2015-07-06,6.36208,6.46297,6.33055,6.44405,46874
2015-07-07,6.46927,6.49449,6.41883,6.48819,32220
2015-07-08,6.41883,6.44405,6.37469,6.39992,34436
2015-07-09,6.44405,6.44405,6.37469,6.37469,23479
2015-07-10,6.39991,6.40622,6.35578,6.381,44841
2015-07-13,6.41883,6.46927,6.36208,6.46297,29630
2015-07-14,6.43775,6.51341,6.39361,6.4945,26475
2015-07-15,6.43775,6.54494,6.40622,6.48188,15112
2015-07-16,6.48188,6.58277,6.47558,6.51972,35687
2015-07-17,6.47558,6.53863,6.43144,6.52602,25665
2015-07-20,6.48819,6.52917,6.40622,6.43144,16333
2015-07-21,6.43144,6.46927,6.381,6.43144,52380
2015-07-22,6.39992,6.42514,6.39992,6.39992,25919
2015-07-23,6.3747,6.41253,6.28642,6.32425,100811
2015-07-24,6.31794,6.33686,6.30533,6.31164,29701
2015-07-27,6.32425,6.32425,6.24228,6.24858,45971
2015-07-28,6.29903,6.33055,6.28011,6.33055,28662
2015-07-29,6.36224,6.41927,6.34323,6.41927,20811
2015-07-30,6.4573,6.4573,6.33689,6.43195,34051
2015-07-31,6.38759,6.43828,6.30521,6.33689,85983
2015-08-04,6.34323,6.40026,6.34323,6.37491,111265
2015-08-05,6.41294,6.48264,6.4066,6.44462,41075
2015-08-06,6.44462,6.46363,6.3559,6.44462,40025
2015-08-07,6.45729,6.47631,6.41294,6.45096,126185
2015-08-10,6.45729,6.52066,6.45729,6.49531,37751
2015-08-11,6.49532,6.5777,6.48581,6.55869,73663
2015-08-12,6.527,6.57769,6.4763,6.49531,36569
2015-08-13,6.49532,6.527,6.46997,6.527,56244
2015-08-14,6.46996,6.53967,6.46363,6.49531,33524
2015-08-17,6.50165,6.53967,6.36858,6.53967,57888
2015-08-18,6.51432,6.6474,6.50165,6.5967,72956
2015-08-19,6.60304,6.60938,6.52066,6.55235,44879
2015-08-20,6.48264,6.5967,6.46363,6.48264,27436
2015-08-21,6.43829,6.44462,6.26085,6.33056,100370
2015-08-24,6.29887,6.32422,5.83628,6.12777,92085
2015-08-25,6.21649,6.33689,6.21016,6.21649,81608
2015-08-26,6.32422,6.32422,6.22283,6.31154,58343
2015-08-27,6.36886,6.36886,6.29881,6.34976,59388
2015-08-28,6.35612,6.36886,6.30517,6.32428,64503
2015-08-31,6.3625,6.36887,6.30518,6.33702,58669
2015-09-01,6.28607,6.33065,6.24149,6.31791,44100
2015-09-02,6.32429,6.36887,6.32429,6.3625,42090
2015-09-03,6.36886,6.43255,6.35613,6.35613,128280
2015-09-04,6.38797,6.38797,6.33065,6.33702,94957
2015-09-08,6.39434,6.45166,6.3816,6.3816,50294
2015-09-09,6.43256,6.43256,6.34339,6.3625,78653
2015-09-10,6.36249,6.40708,6.35612,6.3816,40320
2015-09-11,6.3816,6.40708,6.35613,6.35613,58458
2015-09-14,6.35613,6.39434,6.31154,6.31154,32005
2015-09-15,6.3625,6.40708,6.31155,6.3625,44366
2015-09-16,6.40071,6.44529,6.34976,6.3816,51494
2015-09-17,6.39434,6.41344,6.35612,6.37523,72989
2015-09-18,6.34339,6.42619,6.33702,6.33702,109773
2015-09-21,6.36886,6.42618,6.35613,6.39434,59125
2015-09-22,6.3625,6.41981,6.3625,6.36886,63771
2015-09-23,6.36887,6.36887,6.3625,6.3625,30187
2015-09-24,6.33702,6.35613,6.27333,6.27333,54099
2015-09-25,6.34976,6.3625,6.29881,6.31154,38987
2015-09-28,6.34996,6.36916,6.27314,6.27954,26973
2015-09-29,6.35635,6.36916,6.27314,6.32435,89120
2015-09-30,6.36916,6.37556,6.29234,6.36916,50852
2015-10-01,6.36275,6.36275,6.31154,6.31154,20830
2015-10-02,6.29874,6.35635,6.27954,6.35635,42960
2015-10-05,6.34355,6.42677,6.34355,6.42037,66272
2015-10-06,6.45877,6.46517,6.35635,6.38196,101964
2015-10-07,6.44597,6.52278,6.44597,6.47798,85718
2015-10-08,6.51638,6.55479,6.49078,6.53558,64444
2015-10-09,6.52919,6.55479,6.49718,6.51638,57265
2015-10-13,6.52919,6.52919,6.46517,6.49718,75020
2015-10-14,6.52918,6.55479,6.49078,6.50998,64603
2015-10-15,6.52918,6.54199,6.52278,6.53558,39774
2015-10-16,6.54198,6.638,6.53558,6.56759,47841
2015-10-19,6.59319,6.638,6.59319,6.6188,42200
2015-10-20,6.66361,6.69561,6.6444,6.66361,35738
2015-10-21,6.68922,6.72762,6.66361,6.70842,55631
2015-10-22,6.71482,6.81723,6.70841,6.73402,48687
2015-10-23,6.69561,6.80443,6.69561,6.75963,49656
2015-10-26,6.77243,6.96446,6.67641,6.86205,78637
2015-10-27,6.84924,6.84924,6.68281,6.77243,28819
2015-10-28,6.81745,6.81745,6.72098,6.766,24751
2015-10-29,6.70811,6.7467,6.67595,6.71454,66104
2015-10-30,6.75314,6.75314,6.68239,6.69525,138270
2015-11-02,6.74027,6.75314,6.59878,6.69525,36654
2015-11-03,6.65666,6.74027,6.65023,6.68238,48644
2015-11-04,6.71454,6.7467,6.68882,6.7467,59572
2015-11-05,6.75313,6.86247,6.70811,6.82388,89386
2015-11-06,6.84961,6.87533,6.77243,6.80459,85609
2015-11-09,6.80458,6.80458,6.7467,6.75313,69553
2015-11-10,6.77243,6.82388,6.75313,6.75956,38328
2015-11-11,6.78529,6.81101,6.71454,6.73384,38684
2015-11-12,6.72098,6.75957,6.68239,6.70811,47082
2015-11-13,6.68881,6.73383,6.6245,6.66309,47890
2015-11-16,6.68239,6.79815,6.63093,6.75956,65582
2015-11-17,6.77886,6.80459,6.75314,6.77886,51719
2015-11-18,6.79172,6.81102,6.75956,6.79172,34524
2015-11-19,6.80459,6.84318,6.766,6.79816,44443
2015-11-20,6.79815,6.84961,6.79815,6.83674,45731
2015-11-23,6.81102,6.84961,6.78529,6.79816,61997
2015-11-24,6.82388,6.90106,6.80458,6.87533,119189
2015-11-25,6.88176,6.95894,6.79172,6.92035,94729
2015-11-26,6.88158,6.97204,6.8105,6.92035,35190
2015-11-27,6.92682,6.97205,6.87512,6.97205,20688
2015-11-30,6.97851,6.97851,6.8622,6.89451,76779
2015-12-01,6.86866,6.9462,6.82343,6.85574,63455
2015-12-02,6.84282,6.87513,6.75236,6.75236,552394
2015-12-03,6.76528,6.82989,6.76528,6.82343,35191
2015-12-04,6.82343,6.84928,6.78466,6.82343,36218
2015-12-07,6.81697,6.87512,6.79112,6.83635,54678
2015-12-08,6.78466,6.84928,6.76528,6.81051,71385
2015-12-09,6.76528,6.79758,6.70066,6.71358,43380
2015-12-10,6.70712,6.82343,6.70712,6.78466,34409
2015-12-11,6.7265,6.82989,6.72004,6.76527,44503
2015-12-14,6.73297,6.78466,6.67481,6.68774,53095
2015-12-15,6.66189,6.7782,6.64251,6.72004,40987
2015-12-16,6.74589,6.86866,6.73943,6.84928,50483
2015-12-17,6.80405,6.86866,6.79759,6.84928,45345
2015-12-18,6.8622,6.97205,6.71359,6.95913,119264
2015-12-21,6.91389,6.98497,6.80405,6.92682,127844
2015-12-22,6.88804,6.93974,6.81697,6.90743,19444
2015-12-23,6.91389,6.93974,6.8622,6.88158,54402
2015-12-24,6.93328,6.93328,6.83636,6.84928,8474
2015-12-29,6.85577,6.88174,6.83629,6.86875,45976
2015-12-30,6.9142,6.95315,6.86226,6.88823,21894
2015-12-31,6.94017,6.96614,6.81682,6.82331,54865
2016-01-04,6.75839,6.80383,6.68697,6.73242,87510
2016-01-05,6.7454,6.7454,6.65127,6.73242,48276
2016-01-06,6.7454,6.75189,6.56362,6.61556,489312
2016-01-07,6.58959,6.62205,6.55713,6.62205,95538
2016-01-08,6.62205,6.65451,6.55713,6.55713,80315
2016-01-11,6.55713,6.57011,6.36236,6.36885,127540
2016-01-12,6.36885,6.59608,6.36885,6.47273,207030
2016-01-13,6.48571,6.64802,6.48571,6.64802,198534
2016-01-14,6.64152,6.65451,6.44027,6.53116,83545
2016-01-15,6.42728,6.52467,6.39482,6.47922,102107
2016-01-18,6.4922,6.56362,6.44676,6.45974,102715
2016-01-19,6.47273,6.55713,6.46624,6.53116,56453
2016-01-20,6.54414,6.71943,6.50519,6.68047,234169
2016-01-21,6.66101,6.72593,6.64153,6.67399,76934
2016-01-22,6.69996,6.84279,6.68048,6.80384,110100
2016-01-25,6.82331,6.95964,6.81682,6.9142,171745
2016-01-26,6.90771,7.01158,6.90122,6.94666,116080
2016-01-27,6.91405,7.14886,6.86839,7.05755,143179
2016-01-28,7.01189,7.09668,7.01189,7.03145,147606
2016-01-29,7.05102,7.10321,7.01189,7.09668,519257
2016-02-01,7.10973,7.11625,6.95971,6.96623,59169
2016-02-02,6.94014,7.07712,6.90753,7.07712,73924
2016-02-03,7.07712,7.12277,7.01841,7.07712,82650
2016-02-04,7.05102,7.14234,6.96623,6.97927,60960
2016-02-05,7.05102,7.09668,6.97927,7.03798,79928
2016-02-08,7.0445,7.0445,6.83578,6.91405,76972
2016-02-09,6.92709,6.92709,6.80316,6.82273,98086
2016-02-10,6.85534,6.89448,6.77707,6.84882,62020
2016-02-11,6.81621,6.81621,6.71837,6.75098,59846
2016-02-12,6.70532,6.78359,6.70532,6.75098,72937
2016-02-16,6.76402,6.88795,6.76402,6.88795,61117
2016-02-17,6.92057,7.07059,6.90752,7.07059,196326
2016-02-18,7.07711,7.27279,7.07711,7.22714,200888
2016-02-19,7.188,7.2467,7.1293,7.14234,70592
2016-02-22,7.25322,7.27279,7.07059,7.1032,239275
2016-02-23,7.13582,7.16843,7.09016,7.11625,154281
2016-02-24,7.10973,7.18148,7.07711,7.09016,108708
2016-02-25,7.07705,7.17535,7.07705,7.11637,57057
2016-02-26,7.10326,7.195,7.10326,7.16879,111438
2016-02-29,7.10982,7.32606,7.10982,7.17535,142186
2016-03-01,7.2933,7.3064,7.22122,7.22122,54623
2016-03-02,7.22122,7.33917,7.21466,7.31951,52207
2016-03-03,7.33261,7.43091,7.26053,7.4047,90397
2016-03-04,7.35882,7.45712,7.35227,7.39814,56516
2016-03-07,7.31951,7.45056,7.31951,7.39814,51455
2016-03-08,7.35882,7.43746,7.35227,7.36538,52429
2016-03-09,7.45712,7.53575,7.43746,7.50299,111879
2016-03-10,7.50299,7.51609,7.39159,7.43746,268257
2016-03-11,7.48333,7.50299,7.37848,7.43091,108566
2016-03-14,7.35882,7.43091,7.28019,7.33917,237357
2016-03-15,7.31951,7.40469,7.2933,7.35227,193963
2016-03-16,7.37848,7.38504,7.26709,7.33261,355692
2016-03-17,7.35227,7.42435,7.29985,7.38504,210345
2016-03-18,7.42435,7.66681,7.34572,7.63404,1456988
2016-03-21,7.66025,7.7651,7.6537,7.69957,233490
2016-03-22,7.66026,7.71268,7.54886,7.61439,133504
2016-03-23,7.60128,7.75199,7.55541,7.58162,261497
2016-03-24,7.61439,7.66026,7.5423,7.61439,99565
2016-03-28,7.64715,7.67336,7.58817,7.67336,118762
2016-03-29,7.71285,7.77865,7.60755,7.75233,112030
2016-03-30,7.79839,7.8313,7.64045,7.71284,158772
2016-03-31,7.73917,7.82472,7.64704,7.70627,101268
2016-04-01,7.67336,7.726,7.60097,7.6931,101112
2016-04-04,7.66678,7.81814,7.66678,7.76549,73797
2016-04-05,7.61413,7.76549,7.61413,7.75891,358749
2016-04-06,7.7655,7.86421,7.73917,7.81156,152447
2016-04-07,7.8313,7.8642,7.78523,7.82472,121656
2016-04-08,7.84447,7.88395,7.78524,7.84447,98808
2016-04-11,7.87079,7.91685,7.8313,7.86421,192730
2016-04-12,7.83788,7.94318,7.81814,7.85763,221435
2016-04-13,7.85104,7.94318,7.76549,7.7984,97533
2016-04-14,7.8313,7.8313,7.6931,7.73259,91275
2016-04-15,7.81156,7.85763,7.71285,7.81156,64687
2016-04-18,7.81156,7.99582,7.81156,7.92343,102943
2016-04-19,8.02215,8.02215,7.84446,7.87737,91255
2016-04-20,7.90369,7.94318,7.81814,7.86421,130951
2016-04-21,7.8642,7.94975,7.81814,7.82472,89609
2016-04-22,7.87737,7.91028,7.8313,7.84447,36695
2016-04-25,7.90369,7.93002,7.82472,7.93002,76707
2016-04-26,7.92343,7.94318,7.85104,7.85763,57744
2016-04-27,7.8378,7.93032,7.8378,7.9171,77402
2016-04-28,7.89067,7.94353,7.85101,7.85762,31345
2016-04-29,7.87084,7.87084,7.77832,7.77832,51701
2016-05-02,7.83119,7.95675,7.78493,7.95675,78840
2016-05-03,7.92371,7.96336,7.82458,7.93032,225981
2016-05-04,7.91711,7.92371,7.85763,7.90389,34639
2016-05-05,7.86423,7.98318,7.86423,7.95675,69086
2016-05-06,7.9171,7.96997,7.89067,7.93032,60383
2016-05-09,7.93693,8.05588,7.93693,8.02284,72566
2016-05-10,7.99641,8.08232,7.95676,7.98319,76703
2016-05-11,8.01623,8.4524,8.01623,8.24092,268365
2016-05-12,8.26736,8.33344,8.19466,8.19466,122873
2016-05-13,7.95014,8.10875,7.94354,8.06249,505830
2016-05-16,8.04927,8.22771,8.04267,8.19466,151332
2016-05-17,8.24093,8.24093,8.16162,8.20128,128371
2016-05-18,8.18805,8.25414,8.13519,8.19466,150863
2016-05-19,8.16162,8.21449,8.12197,8.21449,52469
2016-05-20,8.23432,8.23432,8.18145,8.22771,62574
2016-05-24,8.25415,8.26076,8.19467,8.22771,64666
2016-05-25,8.22771,8.25414,8.19466,8.19466,75452
2016-05-26,8.20127,8.26075,8.08232,8.15501,412522
2016-05-27,8.228,8.228,8.08202,8.14838,135553
2016-05-30,8.15501,8.19482,8.08866,8.10856,71312
2016-05-31,8.16165,8.17492,7.88296,7.89623,339376
2016-06-01,7.89623,7.95594,7.83651,7.94267,141555
2016-06-02,7.96258,7.98913,7.92941,7.95595,276588
2016-06-03,7.96258,8.03557,7.94931,8.03557,523565
2016-06-06,8.04221,8.10856,8.00903,8.10856,446175
2016-06-07,8.12184,8.12847,8.04221,8.06875,331910
2016-06-08,8.03558,8.16165,8.03558,8.15502,249217
2016-06-09,8.10857,8.19483,8.08202,8.12184,117040
2016-06-10,8.12847,8.18155,8.05548,8.14838,136966
2016-06-13,8.14838,8.2081,8.13511,8.15502,126860
2016-06-14,8.16165,8.19483,8.02894,8.18156,143826
2016-06-15,8.16828,8.20146,8.10193,8.12847,107077
2016-06-16,8.12183,8.21473,8.10856,8.18819,112565
2016-06-17,8.18819,8.27445,8.13511,8.26781,195609
2016-06-20,8.28108,8.30099,8.20809,8.28108,173399
2016-06-21,8.25455,8.33417,8.14175,8.14175,154356
2016-06-22,8.16829,8.27446,8.16829,8.26119,103605
2016-06-23,8.17492,8.30099,8.17492,8.28772,627429
2016-06-24,8.19483,8.40053,8.16165,8.24791,99805
2016-06-27,8.27445,8.34081,8.18155,8.31426,55451
2016-06-28,8.35408,8.44697,8.34081,8.39389,491161
2016-06-29,8.40716,8.49342,8.38062,8.42706,150419
2016-06-30,8.42707,8.47352,8.38726,8.42043,202087
2016-07-04,8.46024,8.5266,8.4337,8.49342,61609
2016-07-05,8.49342,8.59296,8.47352,8.56641,467245
2016-07-06,8.55977,8.68585,8.5266,8.62613,310892
2016-07-07,8.62613,8.72567,8.6195,8.66595,699619
2016-07-08,8.65268,8.72567,8.63277,8.69912,469445
2016-07-11,8.69249,8.72566,8.67258,8.67258,69904
2016-07-12,8.70576,8.77875,8.67258,8.7323,322400
2016-07-13,8.75885,8.78539,8.73231,8.74558,165537
2016-07-14,8.77875,8.77875,8.7124,8.74558,113579
2016-07-15,8.72566,8.72566,8.64604,8.69248,78889
2016-07-18,8.67258,8.73893,8.66594,8.69248,88521
2016-07-19,8.71239,8.77211,8.68585,8.77211,258958
2016-07-20,8.77211,8.79202,8.71903,8.77211,66046
2016-07-21,8.77211,8.77211,8.70576,8.75884,57653
2016-07-22,8.76548,8.76548,8.72566,8.75884,106513
2016-07-25,8.77875,8.77875,8.72566,8.75884,1181919
2016-07-26,8.78538,8.8252,8.74557,8.78538,213387
2016-07-27,8.77206,8.81203,8.49898,8.5789,259585
2016-07-28,8.55226,8.63885,8.49898,8.62553,146531
2016-07-29,8.62553,8.74542,8.61887,8.70545,127328
2016-08-02,8.74542,8.75208,8.58556,8.74542,300660
2016-08-03,8.75208,8.75208,8.65217,8.65883,96564
2016-08-04,8.6988,8.78538,8.65883,8.78538,133669
2016-08-05,8.79204,8.82535,8.64551,8.67215,134127
2016-08-08,8.68548,8.68548,8.5123,8.5123,186699
2016-08-09,8.53228,8.59222,8.48565,8.5789,109833
2016-08-10,8.59223,8.63885,8.49232,8.53894,211057
2016-08-11,8.52562,8.52562,8.38574,8.41239,77233
2016-08-12,8.45235,8.49898,8.39241,8.49232,58273
2016-08-15,8.46568,8.62553,8.46568,8.62553,69937
2016-08-16,8.63219,8.65884,8.49898,8.55893,132698
2016-08-17,8.53894,8.57224,8.43903,8.51896,57957
2016-08-18,8.47233,8.61887,8.46567,8.47233,108691
2016-08-19,8.46567,8.56558,8.44569,8.56558,40654
2016-08-22,8.59223,8.59223,8.44569,8.5456,73632
2016-08-23,8.5456,8.63219,8.53894,8.62553,82159
2016-08-24,8.62553,8.63219,8.52562,8.52562,125137
2016-08-25,8.53894,8.55892,8.39906,8.49897,77706
2016-08-26,8.52562,8.63885,8.44569,8.47233,88462
2016-08-29,8.3854,8.55258,8.37203,8.37203,88969
2016-08-30,8.39878,8.44559,8.35197,8.40547,109710
2016-08-31,8.37203,8.42553,8.26838,8.27173,196135
2016-09-01,8.29179,8.39209,8.29179,8.32522,437705
2016-09-02,8.35866,8.45896,8.34528,8.39878,114895
2016-09-06,8.45896,8.47902,8.33859,8.39878,155941
2016-09-07,8.39209,8.42552,8.35197,8.42552,155459
2016-09-08,8.39878,8.49239,8.39209,8.49239,206375
2016-09-09,8.4924,8.49908,8.11793,8.17142,174987
2016-09-12,8.05775,8.17811,8.05775,8.16474,70374
2016-09-13,8.17142,8.17142,7.96413,7.96413,104878
2016-09-14,7.95075,7.95744,7.89057,7.94407,135941
2016-09-15,7.94407,7.99757,7.92067,7.99757,122221
2016-09-16,7.99756,7.99756,7.95744,7.99087,97667
2016-09-19,7.99087,8.05774,7.94406,8.05105,100730
2016-09-20,8.06443,8.16473,8.06443,8.15804,122794
2016-09-21,8.1313,8.19817,7.99756,8.17142,103176
2016-09-22,8.16473,8.2316,8.15136,8.1848,109083
2016-09-23,8.16473,8.27172,8.15805,8.19148,496845
2016-09-26,8.21823,8.29179,8.16474,8.22492,345872
2016-09-27,8.26504,8.26504,8.15136,8.15804,136552
2016-09-28,8.19833,8.19833,8.02376,8.06405,258909
2016-09-29,8.0439,8.17819,8.0439,8.13791,105395
2016-09-30,8.15805,8.21177,8.05734,8.11777,76038
2016-10-03,8.11776,8.1379,8.06404,8.10433,65684
2016-10-04,8.12448,8.12448,7.98348,7.99019,98091
2016-10-05,8.05062,8.05062,7.78876,7.80219,142336
2016-10-06,7.78876,7.89619,7.78876,7.8559,1005282
2016-10-07,7.88275,7.97004,7.82232,7.96333,100975
2016-10-11,7.96333,8.01704,7.92304,7.97676,102373
2016-10-12,7.97676,8.19162,7.89619,8.17148,186740
2016-10-13,8.13119,8.17148,7.97004,8.05733,326928
2016-10-14,8.07748,8.20505,8.05062,8.16477,459453
2016-10-17,8.19162,8.19162,8.10433,8.15805,108448
2016-10-18,8.15805,8.25205,8.12448,8.21176,166161
2016-10-19,8.22519,8.25876,8.20505,8.20505,61173
2016-10-20,8.20505,8.25205,8.09761,8.12447,123774
2016-10-21,8.11105,8.16477,8.07748,8.14462,161363
2016-10-24,8.19162,8.21176,8.14462,8.19162,75174
2016-10-25,8.19162,8.30576,8.1849,8.25876,162373
2016-10-26,8.25877,8.31248,8.17819,8.18491,146072
2016-10-27,8.24559,8.24559,8.01635,8.02984,132492
2016-10-28,8.06355,8.12423,7.96242,7.96916,108531
2016-10-31,7.98938,8.03658,7.96242,7.99613,85786
2016-11-01,8.02983,8.02983,7.86802,7.90847,118523
2016-11-02,7.9287,7.9287,7.77363,7.80734,101345
2016-11-03,7.8478,7.96916,7.79387,7.79387,138863
2016-11-04,7.80735,8.13771,7.78038,8.09726,279808
2016-11-07,8.1512,8.2321,8.11074,8.1512,161417
2016-11-08,8.19165,8.35346,8.14445,8.33323,69475
2016-11-09,8.29278,8.33997,8.17816,8.19165,96337
2016-11-10,8.20513,8.20513,7.88825,7.88825,242893
2016-11-11,7.88151,7.96241,7.87476,7.91522,72153
2016-11-14,7.91522,8.01635,7.90173,7.93545,59571
2016-11-15,7.99613,8.06355,7.94219,7.99613,67144
2016-11-16,8.00287,8.06355,7.9287,8.00287,93675
2016-11-17,8.02984,8.17817,8.00961,8.13771,149152
2016-11-18,8.1512,8.21862,8.09052,8.09726,106484
2016-11-21,8.13097,8.14445,8.01635,8.09051,110275
2016-11-22,8.11074,8.13097,8.01635,8.02984,110044
2016-11-23,7.99613,8.03658,7.96242,7.98939,66372
2016-11-24,7.99612,8.12422,7.98264,8.00961,79132
2016-11-25,8.00286,8.11748,7.95567,8.06354,67138
2016-11-28,8.08386,8.14479,8.04662,8.06355,60490
2016-11-29,8.12448,8.20573,8.05678,8.19219,57967
2016-11-30,8.17864,8.25312,8.02292,8.14479,203251
2016-12-01,8.12448,8.14818,7.99585,8.05001,59115
2016-12-02,8.04324,8.16511,8.00262,8.01616,82973
2016-12-05,8.05678,8.08386,7.87398,7.96876,98151
2016-12-06,7.94168,8.0974,7.92814,8.03646,75729
2016-12-07,8.03646,8.05677,7.97553,8.03646,108707
2016-12-08,8.00261,8.04323,7.93491,7.93491,87881
2016-12-09,7.94845,7.98231,7.90783,7.98231,96548
2016-12-12,7.97553,8.05677,7.95522,8.00938,93293
2016-12-13,8.01616,8.13802,8.00939,8.08386,181648
2016-12-14,8.11094,8.11094,7.92137,7.962,428609
2016-12-15,7.94845,7.97553,7.83335,7.85366,176826
2016-12-16,7.83335,8.01615,7.83335,7.93491,175520
2016-12-19,7.97554,8.00939,7.89429,7.98908,129887
2016-12-20,7.9823,8.0974,7.9823,8.06355,71217
2016-12-21,8.06355,8.17864,8.06355,8.10417,162943
2016-12-22,8.11094,8.15156,8.07709,8.11771,37625
2016-12-23,8.0974,8.15833,8.07032,8.11771,46165
2016-12-28,8.15851,8.15851,7.94095,8.00893,205545
2016-12-29,8.00893,8.01573,7.92055,8.01573,240992
2016-12-30,8.01573,8.11771,8.00893,8.11771,145045
2017-01-03,8.12451,8.1789,8.09052,8.1585,110716
2017-01-04,8.1585,8.1857,8.11771,8.11771,124925
2017-01-05,8.1517,8.1687,8.13131,8.1585,192735
2017-01-06,8.13131,8.1789,8.13131,8.1789,159161
2017-01-09,8.1857,8.1925,8.14491,8.1653,72455
2017-01-10,8.1925,8.1925,8.11092,8.17211,86907
2017-01-11,8.1857,8.1857,8.11092,8.17211,121159
2017-01-12,8.1857,8.27408,8.1653,8.26048,250091
2017-01-13,8.26728,8.26728,8.1653,8.1653,126770
2017-01-16,8.1721,8.1721,8.13811,8.1585,91507
2017-01-17,8.1517,8.20609,8.13131,8.1585,115404
2017-01-18,8.1789,8.1857,8.12451,8.13131,87081
2017-01-19,8.1585,8.1653,8.11091,8.12451,150604
2017-01-20,8.13811,8.13811,8.04972,8.05652,154544
2017-01-23,8.09052,8.13131,8.06332,8.10411,390512
2017-01-24,8.10411,8.27408,8.10411,8.25369,175366
2017-01-25,8.28088,8.28088,8.13131,8.1925,158388
2017-01-26,8.21969,8.24009,8.1993,8.22649,82007
2017-01-27,8.2538,8.27428,8.21283,8.24697,88884
2017-01-30,8.2538,8.33572,8.19236,8.24015,88672
2017-01-31,8.24697,8.29476,8.1787,8.28793,75712
2017-02-01,8.29476,8.29476,8.20601,8.23332,69850
2017-02-02,8.2538,8.45178,8.23332,8.37669,118874
2017-02-03,8.39034,8.51322,8.37668,8.48591,162118
2017-02-06,8.64294,8.64294,8.45861,8.49957,234981
2017-02-07,8.51322,8.54053,8.47226,8.53371,130496
2017-02-08,8.56101,8.60197,8.5337,8.54053,127185
2017-02-09,8.55418,8.67707,8.5337,8.59515,96088
2017-02-10,8.6088,8.62928,8.51323,8.56784,84969
2017-02-13,8.56784,8.66341,8.56784,8.66341,105655
2017-02-14,8.63611,8.65659,8.5064,8.51323,127606
2017-02-15,8.56101,8.69755,8.56101,8.67024,188886
2017-02-16,8.68389,8.69755,8.64976,8.67024,102961
2017-02-17,8.70438,8.73851,8.65659,8.69755,136728
2017-02-21,8.73851,8.90919,8.73851,8.86823,422443
2017-02-22,8.63611,8.67707,8.57467,8.66341,788820
2017-02-23,8.66341,8.69755,8.64293,8.69755,243694
2017-02-24,8.69755,8.71811,8.65643,8.67014,104845
2017-02-27,8.68384,8.68384,8.57418,8.63587,172145
2017-02-28,8.66328,8.71126,8.65643,8.69069,143622
2017-03-01,8.67699,8.7044,8.62216,8.69069,76280
2017-03-02,8.6907,8.6907,8.61531,8.67014,116943
2017-03-03,8.63586,8.67698,8.57418,8.65642,127614
2017-03-06,8.66328,8.66328,8.58104,8.58789,98207
2017-03-07,8.58789,8.6016,8.49879,8.53991,122678
2017-03-08,8.49193,8.58103,8.47823,8.51935,188011
2017-03-09,8.54677,8.56733,8.49879,8.52621,291760
2017-03-10,8.53306,8.59475,8.51935,8.56733,88064
2017-03-13,8.56733,8.56733,8.46452,8.49879,118850
2017-03-14,8.51935,8.51935,8.37542,8.47137,194707
2017-03-15,8.47138,8.56733,8.43025,8.56733,147969
2017-03-16,8.55362,8.66328,8.55362,8.63587,150286
2017-03-17,8.64272,8.65643,8.56733,8.64272,128280
2017-03-20,8.63587,8.65643,8.56733,8.62216,97159
2017-03-21,8.65642,8.65642,8.58103,8.64957,85862
2017-03-22,8.60845,8.73867,8.56733,8.73182,152795
2017-03-23,8.73867,8.90317,8.73182,8.84148,200260
2017-03-24,8.84148,8.8826,8.7935,8.84148,93467
2017-03-27,8.85519,8.85519,8.7935,8.82777,76056
2017-03-28,8.82778,8.84834,8.67699,8.83463,100670
2017-03-29,8.8289,8.8289,8.73255,8.80137,103181
2017-03-30,8.81513,8.8289,8.67062,8.69815,123567
2017-03-31,8.72567,8.74632,8.61557,8.72567,96257
2017-04-03,8.73944,8.76008,8.67751,8.73256,123622
2017-04-04,8.73256,8.76008,8.68439,8.74632,62456
2017-04-05,8.73944,8.79449,8.72567,8.78072,88840
2017-04-06,8.77385,8.85642,8.7532,8.84266,54480
2017-04-07,8.84266,8.88395,8.80825,8.8289,56528
2017-04-10,8.87707,8.91148,8.8289,8.89771,51763
2017-04-11,8.91147,8.91147,8.80825,8.8633,65806
2017-04-12,8.87019,8.94588,8.85642,8.93212,96630
2017-04-13,8.93212,8.94588,8.89771,8.94588,66597
2017-04-17,8.94588,8.94588,8.89083,8.92524,55865
2017-04-18,8.939,9.04222,8.92524,9.04222,143372
2017-04-19,9.01469,9.10415,9.00781,9.0491,104237
2017-04-20,9.04222,9.04222,8.92524,9.00093,143512
2017-04-21,9.00093,9.0147,8.91836,8.98717,163197
2017-04-24,8.98717,9.00093,8.92524,9.00093,60205
2017-04-25,9.01469,9.02157,8.93211,8.9734,187045
2017-04-26,8.98838,9.0022,8.83638,8.87784,178051
2017-04-27,8.87784,8.87784,8.80875,8.84329,142296
2017-04-28,8.88475,8.93311,8.85711,8.87784,74792
2017-05-01,8.87784,8.89857,8.82257,8.87093,68405
2017-05-02,8.87784,8.89857,8.82948,8.87093,75019
2017-05-03,8.87093,8.87093,8.72584,8.78802,166415
2017-05-04,8.76729,8.84329,8.73966,8.84329,74594
2017-05-05,8.89165,8.89165,8.7742,8.86402,119906
2017-05-08,8.87784,8.9262,8.83638,8.86402,127744
2017-05-09,8.87784,8.88474,8.82256,8.86402,96078
2017-05-10,8.89165,8.89165,8.75348,8.78802,152629
2017-05-11,8.80183,8.81565,8.69129,8.72584,147675
2017-05-12,8.74658,8.82948,8.69821,8.69821,73793
2017-05-15,8.70512,8.8502,8.70512,8.78111,72316
2017-05-16,8.78111,8.78802,8.70512,8.73275,83354
2017-05-17,8.73966,8.74657,8.64294,8.68439,121936
2017-05-18,8.67057,8.74657,8.60839,8.73275,45427
2017-05-19,8.74657,8.74657,8.64985,8.70512,183128
2017-05-23,8.71893,8.83638,8.71893,8.83638,318298
2017-05-24,8.84329,8.9262,8.80875,8.83638,115357
2017-05-25,8.87093,8.87093,8.79493,8.81566,141241
2017-05-26,8.81566,8.82947,8.74657,8.76729,56060
2017-05-29,8.78927,8.81008,8.74765,8.77539,34739
2017-05-30,8.82395,8.82395,8.74071,8.74071,58274
2017-05-31,8.77539,8.81008,8.71989,8.81008,669076
2017-06-01,8.80314,8.87251,8.76152,8.8517,153571
2017-06-02,8.87944,8.97656,8.83782,8.97656,186952
2017-06-05,8.98351,8.99044,8.90026,8.92801,66101
2017-06-06,8.94882,8.94882,8.80314,8.82395,93247
2017-06-07,8.83782,8.88638,8.78233,8.78233,121547
2017-06-08,8.78233,8.85864,8.77539,8.83089,51058
2017-06-09,8.83783,8.87251,8.76846,8.7962,171534
2017-06-12,8.83089,8.83782,8.70602,8.73377,122927
2017-06-13,8.7407,8.78233,8.71296,8.74764,91092
2017-06-14,8.76845,8.87251,8.75458,8.87251,110062
2017-06-15,8.86557,8.93494,8.83782,8.90719,86467
2017-06-16,8.91413,8.96963,8.82395,8.93494,328267
2017-06-19,8.96269,8.96269,8.8517,8.89332,56628
2017-06-20,8.88638,9.01125,8.88638,8.97656,79847
2017-06-21,8.99738,8.99738,8.87945,8.90026,151463
2017-06-22,8.91413,8.97656,8.87251,8.95575,124737
2017-06-23,8.92107,9.27486,8.91413,9.07368,114568
2017-06-26,9.08062,9.08062,8.928,8.97656,75320
2017-06-27,8.9835,9.02513,8.94882,8.96963,85517
2017-06-28,8.97776,9.09616,8.97079,9.05437,108121
2017-06-29,9.0683,9.0683,8.86632,8.92204,162278
2017-06-30,8.93597,8.94293,8.80363,8.87328,62171
2017-07-04,8.85935,8.89418,8.76184,8.80363,90355
2017-07-05,8.8315,8.8315,8.72006,8.73399,76777
2017-07-06,8.71309,8.73398,8.62255,8.66434,77216
2017-07-07,8.65738,8.6713,8.61559,8.6713,59024
2017-07-10,8.6713,8.6713,8.532,8.58076,120513
2017-07-11,8.58076,8.58076,8.38574,8.44842,182155
2017-07-12,8.46235,8.58076,8.46235,8.56683,154285
2017-07-13,8.58772,8.64344,8.53897,8.63648,105574
2017-07-14,8.66433,8.66433,8.58772,8.59469,36583
2017-07-17,8.63648,8.63648,8.50415,8.53201,81141
2017-07-18,8.52504,8.54594,8.50415,8.51808,89907
2017-07-19,8.5529,8.5529,8.49022,8.53201,117311
2017-07-20,8.532,8.58772,8.532,8.54593,60274
2017-07-21,8.53201,8.64344,8.47629,8.51808,136749
2017-07-24,8.54593,8.55986,8.49718,8.5529,52403
2017-07-25,8.5529,8.60862,8.532,8.57379,81716
2017-07-26,8.60862,8.60862,8.532,8.56683,51836
2017-07-27,8.55401,8.59597,8.53302,8.58198,38353
2017-07-28,8.561,8.58898,8.54002,8.58898,52161
2017-07-31,8.58199,8.58898,8.51904,8.57499,133216
2017-08-01,8.58199,8.62395,8.53302,8.53302,45747
2017-08-02,8.53302,8.61695,8.53302,8.59597,45657
2017-08-03,8.60297,8.63094,8.56799,8.63094,80445
2017-08-04,8.61696,8.63095,8.568,8.568,75560
2017-08-08,8.56799,8.61695,8.56799,8.59597,38410
2017-08-09,8.62395,8.65892,8.5715,8.63794,70347
2017-08-10,8.65193,8.65193,8.57499,8.60297,47154
2017-08-11,8.568,8.83378,8.568,8.82679,108122
2017-08-14,8.84077,8.95268,8.8128,8.95268,80835
2017-08-15,8.94569,9.06459,8.91072,9.0576,80979
2017-08-16,9.07158,9.19048,9.03661,9.14852,111436
2017-08-17,9.14152,9.14852,9.09956,9.14852,72629
2017-08-18,9.14852,9.21847,9.02962,9.1765,355851
2017-08-21,9.18349,9.22546,9.09956,9.16251,82977
2017-08-22,9.19049,9.19049,9.07159,9.07159,54368
2017-08-23,9.07159,9.09257,8.85476,9.02262,138033
2017-08-24,9.04361,9.13454,9.02962,9.09257,87071
2017-08-25,9.09257,9.19748,9.09257,9.14153,47826
2017-08-28,9.16251,9.16251,9.09257,9.12055,74733
2017-08-29,9.12873,9.17789,9.11469,9.12171,121997
2017-08-30,9.17087,9.19896,9.09363,9.19896,129050
2017-08-31,9.19896,9.22003,9.14278,9.14278,117688
2017-09-01,9.16385,9.18492,9.12172,9.18492,55518
2017-09-05,9.13576,9.19194,9.1147,9.12874,158683
2017-09-06,9.14278,9.22003,9.12874,9.15683,316781
2017-09-07,9.12874,9.29025,9.12874,9.19194,178961
2017-09-08,9.22002,9.25513,9.19193,9.23407,128002
2017-09-11,9.23407,9.39558,9.23407,9.26216,381856
2017-09-12,9.29727,9.31834,9.23407,9.25514,150882
2017-09-13,9.27621,9.28323,9.17087,9.21301,82219
2017-09-14,9.19896,9.36047,9.19896,9.3043,208064
2017-09-15,9.31132,9.37452,9.1147,9.37452,3822783
2017-09-18,9.35345,9.36047,9.24812,9.26918,81810
2017-09-19,9.2762,9.34643,9.2762,9.29727,170245
2017-09-20,9.33238,9.34642,9.25514,9.25514,123394
2017-09-21,9.26216,9.31131,9.26216,9.29727,40474
2017-09-22,9.3394,9.3394,9.26216,9.2762,38544
2017-09-25,9.2762,9.3394,9.24109,9.29727,196043
2017-09-26,9.26918,9.31131,9.20598,9.20598,60558
2017-09-27,9.22003,9.26216,9.12874,9.24812,70796
2017-09-28,9.27749,9.29864,9.18584,9.29159,46074
2017-09-29,9.29159,9.34094,9.21404,9.29864,106746
2017-10-02,9.31274,9.31274,9.24929,9.30569,34166
2017-10-03,9.31979,9.35504,9.29864,9.34094,73441
2017-10-04,9.31979,9.37618,9.29864,9.36208,56480
2017-10-05,9.36914,9.41144,9.33389,9.39734,64006
2017-10-06,9.40439,9.43964,9.36209,9.41144,90185
2017-10-10,9.41848,9.46783,9.40438,9.46078,526175
2017-10-11,9.49604,9.50308,9.40439,9.41144,210066
2017-10-12,9.41848,9.53833,9.41848,9.51718,189084
2017-10-13,9.51718,9.55243,9.51013,9.54538,102915
2017-10-16,9.55243,9.58063,9.52423,9.54538,247988
2017-10-17,9.53834,9.56653,9.51719,9.55243,76297
2017-10-18,9.55243,9.55948,9.53128,9.54538,91452
2017-10-19,9.55243,9.55243,9.45373,9.46783,89325
2017-10-20,9.47488,9.60883,9.47488,9.58768,53721
2017-10-23,9.56654,9.65818,9.55244,9.65113,66797
2017-10-24,9.64408,9.64408,9.55243,9.58768,81178
2017-10-25,9.52423,9.60178,9.52423,9.57358,51319
2017-10-26,9.58063,9.58063,9.46784,9.55243,75766
2017-10-27,9.56653,9.62293,9.47489,9.59473,65444
2017-10-30,9.44022,9.46853,9.3553,9.43314,190435
2017-10-31,9.44023,9.46146,9.327,9.34823,119377
2017-11-01,9.33408,9.43315,9.31285,9.41192,80695
2017-11-02,9.43315,9.51099,9.42607,9.48269,60449
2017-11-03,9.46853,9.51099,9.4473,9.47561,50710
2017-11-06,9.46145,9.55345,9.4473,9.55345,74200
2017-11-07,9.61714,9.73037,9.59591,9.69498,83964
2017-11-08,9.69499,9.8719,9.68084,9.80114,118172
2017-11-09,9.80113,9.97805,9.79405,9.9002,157008
2017-11-10,9.62422,9.73037,9.62422,9.65253,382058
2017-11-13,9.6596,9.73037,9.6596,9.71621,136925
2017-11-14,9.73744,9.74452,9.6596,9.72329,112673
2017-11-15,9.69499,9.85775,9.67376,9.85775,261083
2017-11-16,9.87898,9.98513,9.81529,9.94975,149459
2017-11-17,9.93559,10.0559,9.92144,9.9922,107307
2017-11-20,9.97805,10.0276,9.91436,9.97805,181069
2017-11-21,9.97097,10.0134,9.90021,9.98513,109906
2017-11-22,9.9922,10.1125,9.97805,10.0984,92935
2017-11-23,10.1125,10.155,10.07,10.1479,76060
2017-11-24,10.1196,10.1762,10.0559,10.1762,131226
2017-11-27,10.155,10.1903,10.0488,10.07,67451
2017-11-28,10.063,10.063,9.94266,9.97097,162371
2017-11-29,9.97926,10.0041,9.87272,9.90823,247253
2017-11-30,9.95085,10.0574,9.86562,10.0503,228846
2017-12-01,10.0148,10.0929,9.95796,10.0361,105066
2017-12-04,10.0503,10.0858,9.97216,9.99347,81344
2017-12-05,10.0006,10.0006,9.89402,9.95795,102104
2017-12-06,9.97926,9.97926,9.90823,9.95795,94502
2017-12-07,9.97216,10.1,9.95086,10.0858,148887
2017-12-08,10.0787,10.2847,10.0716,10.2421,180985
2017-12-11,10.2634,10.4551,10.2634,10.4196,471979
2017-12-12,10.4338,10.4622,10.3628,10.4338,415099
2017-12-13,10.4409,10.4836,10.3841,10.4196,447483
2017-12-14,10.3202,10.4054,10.2314,10.2918,828274
2017-12-15,10.2918,10.3415,9.91534,10.0503,7150371
2017-12-18,10.0858,10.1568,10.0006,10.0574,265831
2017-12-19,10.0432,10.0574,9.95085,9.96506,114031
2017-12-20,9.96506,10.0858,9.95796,10.029,234407
2017-12-21,10.029,10.0716,9.99347,10.0503,163162
2017-12-22,10.0503,10.0929,10.0325,10.0929,185601
2017-12-27,10.0645,10.0716,10.0148,10.0361,58814
2017-12-28,10.0587,10.0943,10.0587,10.0872,238041
2017-12-29,10.0872,10.1371,10.0587,10.1371,86223
2018-01-02,10.1228,10.1228,10.0587,10.1086,63590
2018-01-03,10.1371,10.1371,10.0016,10.0373,72800
2018-01-04,10.0373,10.0373,9.98738,9.98738,73125
2018-01-05,10.0016,10.0016,9.95173,9.98024,103693
2018-01-08,10.0088,10.1014,9.9945,10.0943,87164
2018-01-09,10.1299,10.1442,10.0444,10.1086,82455
2018-01-10,10.1086,10.2868,10.0016,10.2583,205502
2018-01-11,10.0088,10.0088,9.81629,9.83767,952682
2018-01-12,9.83767,9.9553,9.82341,9.87331,285982
2018-01-15,9.8448,9.87331,9.66658,9.75925,120440
2018-01-16,9.77351,9.80915,9.68797,9.73787,166309
2018-01-17,9.72361,9.91609,9.72361,9.88757,193493
2018-01-18,9.88757,9.8947,9.78776,9.8448,106645
2018-01-19,9.8448,9.93747,9.77351,9.90896,130779
2018-01-22,9.92322,9.92322,9.78064,9.83767,119321
2018-01-23,9.78063,9.81628,9.76638,9.78063,145382
2018-01-24,9.78777,9.7949,9.73074,9.745,145495
2018-01-25,9.76638,9.8947,9.76638,9.88757,132272
2018-01-26,9.87331,9.88757,9.80915,9.85906,110583
2018-01-29,9.85906,9.86619,9.70935,9.72361,98535
2018-01-30,9.76058,9.76058,9.61746,9.6604,84037
2018-01-31,9.64609,9.74627,9.64609,9.68902,227874
2018-02-01,9.6604,9.68187,9.55306,9.63894,285822
2018-02-02,9.56022,9.56022,9.23821,9.26683,462783
2018-02-05,9.24536,9.3527,9.16665,9.3527,341463
2018-02-06,9.24536,9.3527,9.16665,9.25968,244459
2018-02-07,9.2883,9.43141,9.24536,9.36701,225321
2018-02-08,9.40995,9.40995,9.15234,9.15234,273173
2018-02-09,9.15234,9.2883,9.00922,9.11656,495544
2018-02-12,9.20958,9.46719,9.18095,9.44572,369667
2018-02-13,9.49582,9.49582,9.30619,9.34555,201691
2018-02-14,9.34554,9.56022,9.30261,9.55306,186497
2018-02-15,9.58884,9.83214,9.58884,9.83214,232149
2018-02-16,9.83214,9.88224,9.83214,9.86077,135011
2018-02-20,9.86077,9.94664,9.86077,9.87508,99774
2018-02-21,9.87507,9.94663,9.85361,9.88939,326853
2018-02-22,9.93232,9.93232,9.76058,9.81783,151567
2018-02-23,9.82498,9.89654,9.73911,9.80351,173971
2018-02-26,9.85361,9.87508,9.7248,9.78205,149150
2018-02-27,9.79044,9.84072,9.7617,9.79044,796386
2018-02-28,9.81916,9.83353,9.71142,9.78325,160657
2018-03-01,9.8048,9.8048,9.64677,9.69705,107890
2018-03-02,9.68269,9.79762,9.62522,9.73297,120290
2018-03-05,9.73297,9.78325,9.66114,9.69705,89084
2018-03-06,9.72579,9.77607,9.64678,9.77607,102482
2018-03-07,9.74734,9.84072,9.64678,9.83353,77965
2018-03-08,9.83353,9.94127,9.78325,9.92691,89420
2018-03-09,9.94128,9.94128,9.83353,9.891,101282
2018-03-12,9.88382,9.91255,9.81917,9.90537,124051
2018-03-13,9.891,9.91254,9.85508,9.89818,120560
2018-03-14,9.91254,9.91254,9.84071,9.89818,82995
2018-03-15,9.891,9.91255,9.8479,9.90537,110702
2018-03-16,9.891,9.91254,9.58931,9.58931,528345
2018-03-19,9.67551,9.81198,9.67551,9.81198,165880
2018-03-20,9.79762,9.99874,9.79762,9.87663,258182
2018-03-21,9.87663,10.0131,9.8048,9.86227,132985
2018-03-22,9.84071,9.91973,9.82635,9.91973,119299
2018-03-23,9.91973,9.91973,9.71142,9.74734,138733
2018-03-26,9.84072,9.86227,9.65396,9.74734,176488
2018-03-27,9.76888,9.89818,9.7186,9.82635,241800
2018-03-28,9.82154,10.0451,9.77106,10.009,142119
2018-03-29,10.0379,10.0523,9.9874,10.009,124380
2018-04-02,9.95134,10.0523,9.9297,10.0379,131548
2018-04-03,10.0235,10.1533,9.98019,10.0523,137026
2018-04-04,10.0667,10.0956,10.0018,10.0884,189114
2018-04-05,10.0883,10.1244,10.0379,10.1172,145189
2018-04-06,10.11,10.1244,10.009,10.0162,72410
2018-04-09,10.0307,10.1244,10.0234,10.1244,94911
2018-04-10,10.1244,10.1244,10.0234,10.0811,155819
2018-04-11,10.0667,10.0883,9.94413,10.0379,266730
2018-04-12,10.0451,10.1208,10.0018,10.0595,67212
2018-04-13,10.0883,10.0883,9.94413,9.97297,100159
2018-04-16,9.98739,10.0379,9.94413,9.95134,289457
2018-04-17,9.98018,10.0739,9.98018,10.0162,151851
2018-04-18,10.1244,10.2758,10.11,10.2254,244736
2018-04-19,10.1965,10.2542,10.1749,10.2542,183051
2018-04-20,10.2542,10.2542,10.1605,10.247,162076
2018-04-23,10.2181,10.247,10.146,10.1821,192157
2018-04-24,10.2109,10.2109,10.1316,10.1316,209245
2018-04-25,10.1028,10.1316,10.0162,10.0451,117131
2018-04-26,10.0811,10.1172,10.0234,10.0811,126472
2018-04-27,10.0691,10.2066,10.0691,10.2066,66301
2018-04-30,10.2356,10.279,10.2283,10.2645,87158
2018-05-01,10.2718,10.3731,10.2645,10.2935,60342
2018-05-02,10.308,10.3876,10.2862,10.2862,72780
2018-05-03,10.3152,10.3224,10.1994,10.2211,74990
2018-05-04,10.2356,10.3007,10.2211,10.2573,77298
2018-05-07,10.2718,10.4093,10.2718,10.4093,123110
2018-05-08,10.3514,10.3876,10.279,10.279,142447
2018-05-09,10.3441,10.4672,10.3152,10.4382,75383
2018-05-10,10.4527,10.7206,10.4527,10.7133,149008
2018-05-11,10.7206,10.9956,10.6988,10.9812,196455
2018-05-14,10.8581,11.1332,10.8581,10.9956,288919
2018-05-15,11.0029,11.1259,11.0029,11.0608,318654
2018-05-16,11.0029,11.097,10.9812,10.9884,91469
2018-05-17,11.0246,11.0753,10.887,10.9015,124248
2018-05-18,10.916,11.0463,10.916,10.945,134417
2018-05-22,10.9956,11.1911,10.9305,10.9739,106643
2018-05-23,10.9594,11.2345,10.9594,11.2345,166834
2018-05-24,11.1549,11.3359,11.1549,11.2707,239442
2018-05-25,11.2707,11.3938,11.2562,11.3286,363172
2018-05-28,11.2997,11.3359,11.2056,11.249,49675
2018-05-29,11.1983,11.2707,11.1476,11.1838,130884
2018-05-30,11.179,11.2879,11.1717,11.1863,299311
2018-05-31,11.208,11.2298,11.0482,11.0555,219407
2018-06-01,11.1064,11.1427,11.041,11.1281,119067
2018-06-04,11.0918,11.1645,10.9683,11.1499,201662
2018-06-05,11.1717,11.3097,11.0482,11.2226,112013
2018-06-06,11.2444,11.2952,11.0991,11.1427,89872
2018-06-07,10.7867,10.8594,10.7286,10.794,595019
2018-06-08,10.8013,10.8303,10.765,10.8231,136880
2018-06-11,10.8085,10.8521,10.8013,10.8303,233051
2018-06-12,10.8376,10.8957,10.8303,10.8594,399055
2018-06-13,10.8812,10.8812,10.8231,10.8666,190989
2018-06-14,10.8594,10.8957,10.8449,10.8884,335846
2018-06-15,10.8739,11.0047,10.7359,10.7359,1680786
2018-06-18,10.794,10.9393,10.794,10.9102,411009
2018-06-19,10.8812,10.9538,10.8449,10.8812,158870
2018-06-20,10.8812,10.9974,10.8449,10.9248,170240
2018-06-21,10.9102,10.9611,10.8812,10.8957,116508
2018-06-22,10.8957,10.8957,10.8085,10.8303,156501
2018-06-25,10.8231,10.8884,10.8231,10.8231,311752
2018-06-26,10.794,10.8739,10.6269,10.7359,410189
2018-06-27,10.7504,10.8085,10.6996,10.6996,303605
2018-06-28,10.6874,10.9645,10.6874,10.9645,300048
2018-06-29,10.9207,10.9863,10.8697,10.9207,240803
2018-07-03,10.877,10.9134,10.7385,10.7603,170715
2018-07-04,10.7239,10.8551,10.7166,10.8551,62868
2018-07-05,10.7968,11.0082,10.7968,10.979,175535
2018-07-06,11.0374,11.2488,10.9353,11.154,392690
2018-07-09,11.1686,11.2196,11.0301,11.1467,195624
2018-07-10,11.2561,11.2706,11.0884,11.2706,189895
2018-07-11,11.2415,11.2415,10.9936,11.0592,145312
2018-07-12,11.0738,11.2925,11.0009,11.205,263870
2018-07-13,11.2415,11.2415,11.0374,11.0884,93706
2018-07-16,11.1103,11.2488,11.0446,11.2415,121045
2018-07-17,11.205,11.2779,11.1832,11.2415,70020
2018-07-18,11.2634,11.2706,11.1394,11.205,239995
2018-07-19,11.1977,11.2962,11.1467,11.1686,113356
2018-07-20,11.1394,11.2196,11.0811,11.1394,120548
2018-07-23,11.1103,11.2342,11.0301,11.1977,114828
2018-07-24,11.1977,11.329,11.1904,11.1904,151299
2018-07-25,11.2123,11.2779,11.1176,11.1248,83237
2018-07-26,11.1175,11.1832,11.103,11.1321,56419
2018-07-27,11.1467,11.154,11.0155,11.0957,69026
2018-07-30,11.0908,11.1201,10.9664,11.025,48597
2018-07-31,11.0396,11.1932,11.003,11.164,92858
2018-08-01,11.1347,11.1347,11.0103,11.0981,66098
2018-08-02,11.0615,11.1566,10.9957,11.1274,66552
2018-08-03,11.142,11.3103,11.0908,11.2737,109757
2018-08-07,11.2956,11.3103,11.1786,11.1859,94971
2018-08-08,11.2005,11.3469,11.1932,11.303,78956
2018-08-09,11.5224,11.5517,11.3981,11.4932,112230
2018-08-10,11.6907,11.6907,11.4712,11.4859,214206
2018-08-13,11.5297,11.6907,11.5297,11.6249,97192
2018-08-14,11.6614,11.6614,11.4639,11.5371,153709
2018-08-15,11.5224,11.6322,11.303,11.581,214695
2018-08-16,11.6468,11.7053,11.559,11.6834,86865
2018-08-17,11.7053,11.9029,11.6468,11.8882,114491
2018-08-20,11.859,11.8882,11.7419,11.7931,155344
2018-08-21,11.8151,11.8151,11.698,11.7419,88258
2018-08-22,11.7639,11.7821,11.6468,11.6761,73098
2018-08-23,11.7126,11.8151,11.6834,11.7492,113103
2018-08-24,11.7639,11.8151,11.6687,11.6907,69373
2018-08-27,11.7419,11.7565,11.6468,11.7126,135888
2018-08-28,11.7712,11.7931,11.6029,11.7053,65786
2018-08-29,11.7419,11.7419,11.6688,11.698,166757
2018-08-30,11.7151,11.7298,11.605,11.6271,48192
2018-08-31,11.6344,11.7151,11.561,11.6491,116963
2018-09-04,11.6344,11.6454,11.4362,11.5903,125905
2018-09-05,11.583,11.6344,11.4656,11.605,126344
2018-09-06,11.5977,11.7225,11.5977,11.6711,87809
2018-09-07,11.6491,11.7518,11.6344,11.7445,108249
2018-09-10,11.7078,11.884,11.7078,11.7812,185872
2018-09-11,11.7445,11.928,11.7298,11.884,97434
2018-09-12,11.8473,11.8766,11.7151,11.7812,124406
2018-09-13,11.7665,11.928,11.7518,11.8693,170067
2018-09-14,11.8693,12.0528,11.8326,11.9647,100735
2018-09-17,12.0308,12.1849,11.9574,12.1335,94179
2018-09-18,12.1335,12.2216,12.0198,12.1482,153840
2018-09-19,12.1335,12.1335,11.9427,11.9427,148057
2018-09-20,11.972,12.0601,11.8546,11.9794,130232
2018-09-21,11.9941,12.1629,11.8986,11.8986,566744
2018-09-24,11.9207,12.0822,11.906,12.0014,158599
2018-09-25,12.0161,12.0748,11.95,12.0748,165903
2018-09-26,12.1262,12.1409,11.9427,11.9941,120148
2018-09-27,12.0039,12.0923,11.864,11.8787,93986
2018-09-28,11.8861,11.9155,11.7903,11.8787,230232
2018-10-01,11.9155,12.0481,11.8934,11.945,164919
2018-10-02,11.9597,12.0186,11.805,11.9008,136257
2018-10-03,11.8934,11.9597,11.8492,11.864,121462
2018-10-04,11.864,11.8713,11.7314,11.7535,143997
2018-10-05,11.7535,11.7682,11.5399,11.6062,116120
2018-10-09,11.5547,11.7609,11.5252,11.6725,237017
2018-10-10,11.6283,11.7903,11.4957,11.6946,226690
2018-10-11,11.5694,11.6725,11.4516,11.4884,295753
2018-10-12,11.562,11.5694,11.4295,11.5694,146042
2018-10-15,11.562,11.7682,11.562,11.643,163830
2018-10-16,11.6578,11.8198,11.6541,11.7977,143323
2018-10-17,11.8492,11.8787,11.724,11.7682,106317
2018-10-18,11.7535,11.7609,11.6725,11.7019,93045
2018-10-19,11.724,11.7756,11.6799,11.6799,291930
2018-10-22,11.7093,11.783,11.6872,11.7093,187726
2018-10-23,11.6725,11.7314,11.481,11.7019,242573
2018-10-24,11.7461,11.9376,11.7019,11.8566,447276
2018-10-25,11.8934,12.3058,11.8934,12.0702,197839
2018-10-26,12.026,12.0886,11.9229,12.0628,92305
2018-10-29,12.1291,12.1291,11.7682,11.8271,146000
2018-10-30,11.7779,12.0217,11.6966,11.9848,133809
2018-10-31,12.103,12.103,11.9109,11.9478,152611
2018-11-01,11.97,12.1769,11.9404,12.0513,160164
2018-11-02,11.9922,12.0734,11.8296,11.8592,132931
2018-11-05,11.8296,12.1695,11.8296,12.0808,299189
2018-11-06,12.1326,12.2434,12.0734,12.1843,111480
2018-11-07,12.2286,12.2655,12.0365,12.1325,447265
2018-11-08,12.1769,12.2508,12.1178,12.1843,268146
2018-11-09,12.0808,12.3985,12.0808,12.2877,161406
2018-11-12,12.332,12.4355,12.2064,12.2434,182593
2018-11-13,12.2212,12.3764,12.1843,12.3025,433314
2018-11-14,12.3025,12.4429,12.2212,12.2729,195585
2018-11-15,12.2729,12.3247,12.1252,12.2286,174732
2018-11-16,12.1843,12.2877,12.1473,12.2803,188443
2018-11-19,12.2434,12.2803,11.9294,11.9478,147947
2018-11-20,11.9257,11.9626,11.7483,11.8222,197882
2018-11-21,11.8518,11.9848,11.8074,11.9331,146310
2018-11-22,11.9404,11.9995,11.8887,11.9404,55334
2018-11-23,11.9331,11.9922,11.837,11.9331,111134
2018-11-26,11.9404,12.0439,11.8296,11.8296,204030
2018-11-27,11.8222,11.9848,11.8,11.9626,251249
2018-11-28,11.9478,12.1695,11.9478,12.1473,166237
2018-11-29,12.1276,12.3499,12.1201,12.2165,178687
2018-11-30,12.2536,12.2758,12.0831,12.2091,196048
2018-12-03,12.2313,12.298,12.0089,12.1201,125622
2018-12-04,12.0831,12.1869,11.9719,12.1127,186042
2018-12-05,12.1276,12.2165,12.0831,12.1276,92742
2018-12-06,12.0238,12.2981,12.0089,12.2536,293853
2018-12-07,12.2536,12.5353,12.2387,12.5056,422372
2018-12-10,12.5056,12.6168,12.4018,12.5279,432730
2018-12-11,12.6168,12.6168,12.1127,12.2462,299117
2018-12-12,12.2462,12.3944,12.1572,12.1943,174046
2018-12-13,12.2462,12.3722,12.0831,12.3055,291429
2018-12-14,12.2239,12.2239,12.0979,12.1572,174326
2018-12-17,12.2462,12.2906,11.8829,11.8903,283233
2018-12-18,11.8829,12.0979,11.8829,12.0089,578210
2018-12-19,12.0164,12.0608,11.8014,11.8014,296775
2018-12-20,11.8014,12.0831,11.8014,11.9422,417948
2018-12-21,11.9274,12.046,11.8607,12.0164,1275480
2018-12-24,11.9274,11.9719,11.49,11.5493,304724
2018-12-27,11.5197,11.9348,11.5197,11.8829,366050
2018-12-28,11.9375,11.9895,11.7069,11.7664,316204
2018-12-31,11.7664,11.93,11.7664,11.8557,213491
2019-01-02,11.8036,11.878,11.5805,11.8036,321491
2019-01-03,11.7887,11.8333,11.4094,11.4466,391434
2019-01-04,11.454,11.6846,11.4466,11.64,230220
2019-01-07,11.5879,11.7887,11.5284,11.7292,303036
2019-01-08,11.8631,11.9821,11.7143,11.9375,227845
2019-01-09,12.0118,12.0713,11.8705,12.0118,194156
2019-01-10,11.9672,12.0416,11.8705,12.0044,203633
2019-01-11,12.0639,12.235,12.0639,12.2052,381399
2019-01-14,12.1978,12.3874,12.1234,12.3837,173346
2019-01-15,12.4209,12.5399,12.3763,12.3986,302310
2019-01-16,12.4432,12.5176,12.354,12.5102,110105
2019-01-17,12.4655,12.5548,12.3763,12.4581,205889
2019-01-18,12.4953,12.5176,12.2722,12.3391,240309
2019-01-21,12.354,12.4135,12.2275,12.2424,137728
2019-01-22,12.2201,12.3465,12.2052,12.3019,283356
2019-01-23,12.2945,12.4432,12.287,12.4432,111510
2019-01-24,12.4804,12.6069,12.4209,12.5994,155870
2019-01-25,12.644,12.7556,12.5845,12.7035,181275
2019-01-28,12.7035,12.8895,12.7035,12.7482,163476
2019-01-29,12.7407,12.7407,12.4953,12.4953,264783
2019-01-30,12.5276,12.5724,12.2814,12.5052,248149
2019-01-31,12.5276,12.5649,12.3486,12.4978,237806
2019-02-01,12.4978,12.4978,12.3112,12.4605,175265
2019-02-04,12.4903,12.6321,12.3859,12.6172,203744
2019-02-05,12.6246,12.6619,12.5351,12.6619,125838
2019-02-06,12.6545,12.744,12.5351,12.7067,160436
2019-02-07,12.6395,12.8559,12.6097,12.841,257385
2019-02-08,12.8261,13.0052,12.8112,12.9455,168562
2019-02-11,12.9305,13.0723,12.9007,13.0723,210886
2019-02-12,13.0723,13.1693,13.0425,13.1021,346736
2019-02-13,13.0947,13.4006,12.9977,13.1245,495709
2019-02-14,13.229,13.4155,13.1096,13.2439,771332
2019-02-15,12.8261,13.4976,12.8261,13.3111,776953
2019-02-19,13.2812,13.3484,13.2066,13.229,249570
2019-02-20,13.2514,13.4305,13.2215,13.3335,649252
2019-02-21,13.3633,13.3857,13.2663,13.3036,323463
2019-02-22,13.3782,13.4155,13.3036,13.3111,401972
2019-02-25,13.4678,13.4678,13.1768,13.1917,214060
2019-02-26,13.2141,13.2215,13.1096,13.1544,298127
2019-02-27,13.1943,13.2167,13.0895,13.1644,290357
2019-02-28,13.1419,13.4862,13.1419,13.3964,514852
2019-03-01,13.3964,13.4413,13.3589,13.4338,223593
2019-03-04,13.4488,13.4488,13.2691,13.3215,348516
2019-03-05,13.3365,13.5311,13.3365,13.4862,471849
2019-03-06,13.4188,13.6882,13.3889,13.6059,375863
2019-03-07,13.6209,13.8005,13.6134,13.6433,345062
2019-03-08,13.6209,13.6658,13.5386,13.546,232765
2019-03-11,13.5984,13.6733,13.3964,13.6433,391657
2019-03-12,13.6882,13.793,13.576,13.6882,250856
2019-03-13,13.6957,13.7331,13.5311,13.5685,196185
2019-03-14,13.5835,13.5835,13.3739,13.4562,181919
2019-03-15,13.5011,13.6583,13.3589,13.6583,808057
2019-03-18,13.5984,13.6583,13.4413,13.5311,250393
2019-03-19,13.5685,13.5984,13.4562,13.4936,159360
2019-03-20,13.5011,13.793,13.5011,13.7406,327094
2019-03-21,13.7182,13.9202,13.7182,13.8753,140574
2019-03-22,13.8903,14.04,13.8753,13.9876,433417
2019-03-25,14.0026,14.2046,13.9801,14.1822,289471
2019-03-26,14.2121,14.4366,14.2121,14.3019,495074
2019-03-27,14.3319,14.4666,14.2944,14.4591,485108
2019-03-28,14.4553,14.5529,14.4553,14.5304,261280
2019-03-29,14.5679,14.6054,14.3953,14.5604,330447
2019-04-01,14.6355,14.7105,14.5004,14.6505,404518
2019-04-02,14.6955,14.6955,14.5379,14.5979,283621
2019-04-03,14.5979,14.6355,14.5079,14.5379,222054
2019-04-04,14.5454,14.5679,14.3803,14.4103,239598
2019-04-05,14.3728,14.4929,14.3503,14.4253,442407
2019-04-08,14.4253,14.4628,14.3052,14.4403,287922
2019-04-09,14.4703,14.6054,14.4478,14.5229,233946
2019-04-10,14.5529,14.643,14.5229,14.5754,524307
2019-04-11,14.5454,14.6054,14.4778,14.5304,272948
2019-04-12,14.5604,14.5792,14.4703,14.5604,320931
2019-04-15,14.5604,14.5754,14.4553,14.4854,157068
2019-04-16,14.4853,14.5229,14.2977,14.2977,459745
2019-04-17,14.2977,14.3353,14.0951,14.1851,616900
2019-04-18,14.2001,14.2977,14.0801,14.2977,371717
2019-04-22,14.2827,14.2902,14.0425,14.1026,202808
2019-04-23,14.1551,14.2077,13.9825,14.0125,240406
2019-04-24,14.0125,14.1401,13.99,14.0575,262832
2019-04-25,14.0425,14.0425,13.9149,13.9525,465067
2019-04-26,13.9525,14.1776,13.9525,14.1551,325237
2019-04-29,14.1514,14.2191,14.046,14.1062,202176
2019-04-30,14.1137,14.2567,14.0384,14.2492,554605
2019-05-01,14.1815,14.2342,14.1288,14.189,498646
2019-05-02,14.2567,14.2567,13.8578,13.9858,605151
2019-05-03,13.9557,14.061,13.8277,14.0535,430423
2019-05-06,13.7976,14.1664,13.775,14.1589,273215
2019-05-07,13.9782,14.0987,13.8841,14.0083,664442
2019-05-08,13.9481,14.1288,13.9481,14.1288,261638
2019-05-09,14.0836,14.1815,14.0761,14.1288,274352
2019-05-10,14.1062,14.317,14.0686,14.2116,322652
2019-05-13,14.189,14.268,14.0008,14.2643,591849
2019-05-14,14.2417,14.2793,14.0535,14.1137,270284
2019-05-15,14.1062,14.2041,14.0911,14.1288,239157
2019-05-16,14.1438,14.2417,14.061,14.1739,347629
2019-05-17,14.1438,14.1965,14.1137,14.189,278781
2019-05-21,14.2116,14.2718,14.1363,14.2341,324504
2019-05-22,14.2492,14.4035,14.1965,14.3922,183045
2019-05-23,14.3621,14.4299,14.3395,14.4223,178099
2019-05-24,14.4826,14.5578,14.3546,14.3621,135610
2019-05-27,14.3772,14.46,14.3019,14.46,122045
2019-05-28,14.4223,14.4826,14.2191,14.3395,1170256
2019-05-29,14.317,14.3847,14.2567,14.3019,230569
2019-05-30,14.3434,14.4038,14.283,14.3434,214109
2019-05-31,14.3359,14.3887,14.2,14.3208,343669
2019-06-03,14.3359,14.3661,14.2528,14.3661,246970
2019-06-04,14.3661,14.4642,14.2981,14.434,293191
2019-06-05,14.4718,14.6076,14.3963,14.5774,200483
2019-06-06,14.5699,14.7209,14.5246,14.7209,129848
2019-06-07,14.7209,14.8341,14.7058,14.7511,158674
2019-06-10,14.7888,14.8794,14.7209,14.8417,208144
2019-06-11,14.8719,14.8794,14.6794,14.8039,239376
2019-06-12,14.819,14.8719,14.7284,14.7737,134562
2019-06-13,14.8115,14.8417,14.736,14.8115,91171
2019-06-14,14.8115,14.8492,14.7586,14.8266,152493
2019-06-17,14.7888,14.9549,14.7813,14.9323,207004
2019-06-18,14.8945,15.087,14.8945,15.0153,342184
2019-06-19,14.9927,14.9927,14.7888,14.9021,271558
2019-06-20,14.9096,14.9776,14.7511,14.7964,171887
2019-06-21,14.8039,14.8794,14.7435,14.8341,352410
2019-06-24,14.8719,14.8719,14.736,14.7737,133188
2019-06-25,14.7511,14.7586,14.6831,14.6831,172562
2019-06-26,14.6831,14.736,14.2302,14.2302,208663
2019-06-27,14.2415,14.34,14.1431,14.3173,233933
2019-06-28,14.3021,14.3475,14.1885,14.2264,257729
2019-07-02,14.2718,14.446,14.234,14.4005,258813
2019-07-03,14.4157,14.6882,14.4157,14.605,121319
2019-07-04,14.6125,14.6125,14.5671,14.605,86644
2019-07-05,14.5747,14.5747,14.4611,14.5368,104149
2019-07-08,14.552,14.6125,14.5368,14.5747,258402
2019-07-09,14.552,14.6731,14.552,14.6504,209614
2019-07-10,14.6807,14.8472,14.6504,14.8094,233580
2019-07-11,14.8094,14.8927,14.7602,14.764,227705
2019-07-12,14.7564,14.9002,14.6882,14.6882,158457
2019-07-15,14.6882,14.8699,14.6882,14.7412,169698
2019-07-16,14.711,14.8018,14.692,14.7034,143314
2019-07-17,14.7185,14.8472,14.7185,14.7942,95813
2019-07-18,14.7791,14.8245,14.7412,14.7564,134529
2019-07-19,14.764,14.8245,14.6277,14.7185,146910
2019-07-22,14.711,14.8094,14.6655,14.764,185927
2019-07-23,14.7942,14.9608,14.6352,14.9457,192677
2019-07-24,14.923,14.9835,14.9078,14.976,171017
2019-07-25,14.976,15.0592,14.9078,14.9911,164293
2019-07-26,15.0214,15.135,15.0062,15.0971,139268
2019-07-29,15.0668,15.1577,15.0214,15.0517,111296
2019-07-30,15.0327,15.1314,14.9416,14.9871,233248
2019-07-31,14.9568,14.9568,14.7442,14.8884,274544
2019-08-01,14.896,15.1921,14.8732,15.101,247098
2019-08-02,15.0631,15.139,14.9644,15.0555,151818
2019-08-06,14.8049,15.0555,14.6948,14.7442,278197
2019-08-07,14.6607,15.0175,14.5164,14.9947,324244
2019-08-08,14.9947,15.0403,14.9112,14.9644,166943
2019-08-09,14.934,15.0669,14.896,14.9568,138642
2019-08-12,14.8884,15.0631,14.8884,14.9871,327685
2019-08-13,15.0327,15.1086,14.8201,15.0023,319692
2019-08-14,15.0099,15.0099,14.6303,14.8808,382237
2019-08-15,14.972,15.5566,14.972,15.2377,319264
2019-08-16,15.306,15.5262,15.2529,15.4579,185972
2019-08-19,15.4806,15.8375,15.4806,15.7464,213069
2019-08-20,15.8906,15.8906,15.5945,15.6021,186982
2019-08-21,15.5945,15.7084,15.5641,15.6325,151003
2019-08-22,15.6325,15.6932,15.6021,15.6097,103391
2019-08-23,15.5641,15.6173,15.3971,15.4275,258587
2019-08-26,15.4578,15.6097,15.3667,15.4503,196084
2019-08-27,15.4882,15.6401,15.4882,15.5641,185681
2019-08-28,15.6173,15.6704,15.473,15.5717,146026
2019-08-29,15.5755,15.6441,15.4461,15.5451,305236
2019-08-30,15.5375,15.6745,15.4309,15.6136,332669
2019-09-03,15.5679,15.7506,15.4842,15.6821,201688
2019-09-04,15.7506,15.7506,15.5223,15.5451,353861
2019-09-05,15.5451,15.6212,15.4766,15.5375,292758
2019-09-06,15.5222,15.5603,15.2634,15.3167,133249
2019-09-09,15.3472,15.3624,15.2254,15.2482,199416
2019-09-10,15.2177,15.271,15.0503,15.2025,313136
2019-09-11,15.2025,15.2254,14.997,15.1264,160767
2019-09-12,15.1873,15.2482,14.997,14.997,268015
2019-09-13,14.9818,15.1492,14.9437,15.0046,330134
2019-09-16,15.0883,15.0883,14.8676,14.9741,361311
2019-09-17,14.9741,15.1645,14.9741,15.1112,392160
2019-09-18,15.0731,15.2254,15.0427,15.1645,334501
2019-09-19,15.1949,15.2482,15.0959,15.1721,190221
2019-09-20,15.1645,15.3015,15.0731,15.1112,476705
2019-09-23,15.134,15.2101,15.1036,15.134,124926
2019-09-24,15.1036,15.2254,15.0503,15.0731,274092
2019-09-25,15.0655,15.37,15.0579,15.2863,286186
2019-09-26,15.3015,15.4994,15.2939,15.4081,278164
2019-09-27,15.3966,15.4958,15.2439,15.3279,150931
2019-09-30,15.4042,15.4729,15.2897,15.2897,245862
2019-10-01,15.305,15.305,14.9386,15.0684,296747
2019-10-02,15.0378,15.1905,14.8623,15.16,416309
2019-10-03,15.1295,15.6638,15.1295,15.6485,376952
2019-10-04,15.6409,15.847,15.5951,15.7935,300173
2019-10-07,15.7325,15.9233,15.7096,15.8317,322296
2019-10-08,15.8088,16.1752,15.7172,16.0302,481049
2019-10-09,16.0302,16.1905,15.9729,16.1065,299323
2019-10-10,16.1065,16.1142,15.8546,15.9081,400732
2019-10-11,15.9386,15.9768,15.6867,15.7019,197178
2019-10-15,15.7249,15.8394,15.6791,15.763,229669
2019-10-16,15.1065,15.2363,15.076,15.221,646221
2019-10-17,15.221,15.2363,15.1447,15.1981,354578
2019-10-18,15.1905,15.221,15.1371,15.1752,248656
2019-10-21,15.2058,15.2134,15.1447,15.1523,136646
2019-10-22,15.1829,15.2897,15.1523,15.1676,537060
2019-10-23,15.1447,15.1638,15.0684,15.1065,324817
2019-10-24,15.1065,15.2134,15.0607,15.2058,216723
2019-10-25,15.1829,15.2134,15.0226,15.0302,233654
2019-10-28,15.0684,15.076,14.8394,14.8623,357062
2019-10-29,14.8546,14.8775,14.7401,14.7936,490401
2019-10-30,14.8357,14.8663,14.6673,14.7515,435774
2019-10-31,14.7362,14.9352,14.7132,14.9352,310103
2019-11-01,14.9352,15.0424,14.828,15.0117,378823
2019-11-04,15.05,15.0653,14.8357,14.8433,529474
2019-11-05,14.851,14.9046,14.6826,14.7438,381861
2019-11-06,14.7744,14.8816,14.7285,14.8663,1204611
2019-11-07,15.0577,15.0653,14.828,14.8357,681627
2019-11-08,14.851,14.8969,14.7132,14.874,891936
2019-11-11,14.9046,15.0806,14.8893,14.9888,359083
2019-11-12,14.9888,15.0271,14.8663,14.9505,275975
2019-11-13,14.9275,15.0806,14.8816,15.0653,224761
2019-11-14,15.0806,15.2184,15.0347,15.2031,279100
2019-11-15,15.2184,15.2184,15.0117,15.1419,470510
2019-11-18,15.1189,15.2644,15.1036,15.1878,488673
2019-11-19,15.1878,15.1878,14.9888,14.9964,267005
2019-11-20,15.0117,15.1036,14.8969,15.0347,483978
2019-11-21,15.0424,15.1113,14.9735,15.0041,647827
2019-11-22,15.0424,15.1266,14.9275,15.0806,212174
2019-11-25,15.0883,15.1725,15.073,15.1266,135071
2019-11-26,15.1419,15.1572,15.05,15.073,303174
2019-11-27,15.1036,15.3868,15.0577,15.3715,431667
2019-11-28,15.3754,15.3907,15.314,15.3447,81258
2019-11-29,15.3216,15.3907,15.2756,15.2833,149047
2019-12-02,15.3293,15.3293,15.1029,15.1528,188532
2019-12-03,15.1144,15.2219,15.0223,15.2142,225288
2019-12-04,15.2219,15.2219,15.0299,15.0299,227261
2019-12-05,15.053,15.1451,15.0146,15.1297,325261
2019-12-06,15.1451,15.2065,15.0299,15.0914,339018
2019-12-09,15.1144,15.1988,15.0223,15.1988,379081
2019-12-10,15.1528,15.2449,15.1221,15.2065,460838
2019-12-11,15.1835,15.2295,15.0607,15.076,499087
2019-12-12,15.0837,15.1374,14.6999,14.7229,797138
2019-12-13,14.7766,14.8457,14.6385,14.6615,441328
2019-12-16,14.6845,14.7075,14.5387,14.7075,392021
2019-12-17,14.7075,14.7766,14.4235,14.4849,544126
2019-12-18,14.4773,14.6461,14.4619,14.6461,361123
2019-12-19,14.6078,14.6692,14.5156,14.6308,293779
2019-12-20,14.6001,14.7613,14.5924,14.7229,351753
2019-12-23,14.6308,14.7306,14.5464,14.6001,319758
2019-12-24,14.5924,14.6385,14.4926,14.6001,238273
2019-12-27,14.5847,14.769,14.5847,14.7075,116891
2019-12-30,14.696,14.7499,14.6113,14.6267,253849
2019-12-31,14.5882,14.696,14.5305,14.5805,249486
2020-01-02,14.5574,14.5882,14.2187,14.2572,458458
2020-01-03,14.2418,14.5651,14.1802,14.4651,247921
2020-01-06,14.4266,14.4804,14.2803,14.3188,221202
2020-01-07,14.2803,14.4266,14.2803,14.4112,371316
2020-01-08,14.3958,14.4805,14.3342,14.3727,282014
2020-01-09,14.3727,14.4881,14.3265,14.4266,168831
2020-01-10,14.4573,14.4997,14.3496,14.4727,249214
2020-01-13,14.4959,14.5497,14.4189,14.5497,444960
2020-01-14,14.5497,14.619,14.5035,14.619,285508
2020-01-15,14.619,14.9808,14.619,14.9346,626413
2020-01-16,14.9808,15.2272,14.9654,15.181,387643
2020-01-17,15.1964,15.2426,15.0963,15.2041,196592
2020-01-20,15.1656,15.3119,15.1656,15.2195,95141
2020-01-21,15.2349,15.4581,15.2272,15.4504,266063
2020-01-22,15.435,15.7584,15.435,15.6737,1112074
2020-01-23,15.6968,15.7738,15.5351,15.5736,489860
2020-01-24,15.6044,15.743,15.5043,15.5736,174225
2020-01-27,15.4581,15.5813,15.4273,15.5274,98374
2020-01-28,15.5274,15.5813,15.4543,15.4735,296484
2020-01-29,15.5043,15.6583,15.4658,15.5736,239617
2020-01-30,15.5852,15.6933,15.5543,15.6547,336142
2020-01-31,15.6701,15.7782,15.5389,15.562,248325
2020-02-03,15.5775,15.7087,15.4385,15.6701,337805
2020-02-04,15.701,15.7318,15.5775,15.6006,312933
2020-02-05,15.6469,15.7241,15.6161,15.701,347569
2020-02-06,15.6624,15.8554,15.6624,15.809,323197
2020-02-07,15.809,16.002,15.809,15.9017,121191
2020-02-10,15.9017,16.0869,15.894,16.0329,339865
2020-02-11,16.0561,16.1641,16.0483,16.0715,352129
2020-02-12,16.1255,16.141,15.9248,16.1101,785894
2020-02-13,16.1101,16.2182,16.0329,16.2104,509487
2020-02-14,16.2876,17.0287,16.2182,16.9283,515248
2020-02-18,16.9361,17.1831,16.9361,17.1136,396116
2020-02-19,17.0904,17.1368,16.9669,17.0673,328476
2020-02-20,17.2757,17.6771,17.2757,17.4532,458584
2020-02-21,17.4455,17.5536,17.295,17.3683,217524
2020-02-24,17.1831,17.3297,17.1059,17.1985,325875
2020-02-25,17.2217,17.3992,17.0904,17.1908,348634
2020-02-26,17.1599,17.4224,17.1445,17.268,430950
2020-02-27,17.1403,17.2409,16.8308,17.179,207391
2020-02-28,16.8772,16.9468,16.2581,16.6064,807607
2020-03-02,16.5754,17.2022,16.5754,17.1248,401147
2020-03-03,17.1867,17.6897,17.179,17.5117,461115
2020-03-04,17.6897,18.0844,17.682,18.0689,414732
2020-03-05,17.8832,18.0302,17.798,17.9683,319940
2020-03-06,17.6123,17.9528,17.5504,17.7439,263776
2020-03-09,17.2641,17.4498,16.5444,16.9778,1146740
2020-03-10,17.2099,17.4421,16.7224,17.0397,762562
2020-03-11,16.8695,16.9623,16.3123,16.4052,515551
2020-03-12,15.8635,16.0956,13.395,15.2676,1072122
2020-03-13,15.67,15.9409,15.0123,15.848,653774
2020-03-16,14.7879,15.02,13.542,14.7801,500797
2020-03-17,14.8498,16.1266,14.2926,15.6391,1152481
2020-03-18,15.1129,15.4766,13.0777,13.5188,874285
2020-03-19,13.2557,13.3408,11.5455,12.4122,929502
2020-03-20,12.7295,15.2444,12.4122,13.8593,2120940
2020-03-23,13.689,14.0295,10.7562,10.7794,933059
2020-03-24,11.3211,11.9015,10.88,11.2979,1375621
2020-03-25,11.6074,12.389,11.205,11.739,802111
2020-03-26,11.9247,12.2574,11.5765,11.6693,519105
2020-03-27,11.6384,12.5283,11.4759,12.1646,531337
2020-03-30,12.2319,12.2474,11.6494,11.9911,378270
2020-03-31,11.9989,12.2863,11.7271,12.2552,566312
2020-04-01,11.6494,12.1775,11.6494,11.8979,502734
2020-04-02,11.8591,12.0999,11.7814,12.0533,547737
2020-04-03,12.03,12.3562,11.8941,12.1698,385198
2020-04-06,12.3795,12.7755,11.7659,11.7892,491138
2020-04-07,12.1309,13.0241,12.061,12.1931,538073
2020-04-08,12.294,13.5832,12.263,13.4279,674623
2020-04-09,13.7774,14.0647,13.2027,13.9405,465467
2020-04-13,14.2201,14.3055,13.0124,13.3269,342367
2020-04-14,13.5444,13.9055,13.2803,13.4434,307197
2020-04-15,13.226,13.3968,13.0085,13.1638,404323
2020-04-16,13.2027,13.2726,12.8454,12.9852,434994
2020-04-17,13.2803,13.5444,13.1871,13.3502,351346
2020-04-20,13.257,13.257,12.7988,13.125,385328
2020-04-21,12.892,13.0629,12.3173,12.3484,526016
2020-04-22,12.5348,12.7522,12.3561,12.395,373119
2020-04-23,12.426,12.8066,12.395,12.7911,429057
2020-04-24,12.8066,13.1638,12.5969,13.0085,1314089
2020-04-27,13.1949,13.5366,13.0008,13.5211,684643
2020-04-28,13.591,13.7463,13.3813,13.4823,429561
2020-04-29,13.6121,13.768,13.355,13.4485,389988
2020-04-30,13.316,13.3472,12.8407,13.0355,497978
2020-05-01,12.8407,13.0979,12.6615,13.0278,245622
2020-05-04,12.9031,12.9187,12.4745,12.7005,197766
2020-05-05,12.755,12.9187,12.5914,12.8875,256789
2020-05-06,12.9187,13.1758,12.8407,13.0355,207071
2020-05-07,13.1524,13.2615,12.9498,13.1758,290589
2020-05-08,13.2927,13.6121,13.1914,13.542,406853
2020-05-11,13.4875,13.4875,13.207,13.3472,226372
2020-05-12,13.3394,13.3394,12.9031,12.9265,263429
2020-05-13,12.8719,13.129,12.5369,12.646,318337
2020-05-14,12.5135,12.9187,12.2953,12.8018,211624
2020-05-15,12.7239,12.981,12.5758,12.8485,185612
2020-05-19,13.1992,13.1992,12.9187,12.9498,246140
2020-05-20,13.0901,13.1602,12.7395,13.0979,211712
2020-05-21,13.1914,13.4173,12.8719,13.1057,146012
2020-05-22,13.129,13.129,12.8953,12.942,173674
2020-05-25,13.02,13.5342,12.9732,13.3706,185092
2020-05-26,13.4719,13.6121,13.3316,13.4719,236959
2020-05-27,13.5342,13.5498,12.9187,13.1914,403415
2020-05-28,13.2904,13.3842,13.2122,13.2748,223912
2020-05-29,13.2044,13.3139,12.9738,13.2279,592111
2020-06-01,13.1497,13.3608,13.0324,13.1419,129324
2020-06-02,13.1575,13.2513,12.8448,12.923,212606
2020-06-03,12.9464,13.3764,12.8448,13.3373,412453
2020-06-04,13.3139,13.8767,13.134,13.7126,507904
2020-06-05,14.0097,14.1269,13.7595,14.1191,517084
2020-06-08,14.2364,14.3536,14.0331,14.1582,306105
2020-06-09,14.0253,14.1738,13.7048,14.1191,280526
2020-06-10,14.1504,14.2285,13.7047,13.9158,222978
2020-06-11,13.564,13.6422,13.306,13.5015,201053
2020-06-12,13.8142,14.0018,13.564,13.9393,247457
2020-06-15,13.6813,14.1269,13.4859,14.0722,155014
2020-06-16,14.2598,14.3615,13.9237,13.994,182772
2020-06-17,14.0096,14.0487,13.6109,13.6657,359414
2020-06-18,13.5484,13.8533,13.3959,13.7438,500919
2020-06-19,13.8377,13.908,13.22,13.6813,1419618
2020-06-22,13.6578,13.8924,13.4311,13.7673,222954
2020-06-23,13.8846,13.8846,13.6657,13.7595,180263
2020-06-24,13.7204,13.8611,13.3686,13.4468,239084
2020-06-25,13.4077,13.7204,13.2904,13.6578,177879
2020-06-26,13.6109,13.6813,13.4468,13.5171,226435
2020-06-29,13.5929,13.6165,13.342,13.4282,192122
2020-06-30,13.4282,13.7969,13.4282,13.742,325909
2020-07-02,13.7969,13.9773,13.5851,13.7106,244075
2020-07-03,13.6635,13.7106,13.5537,13.6479,41315
2020-07-06,13.8361,13.8439,13.5067,13.6243,183158
2020-07-07,13.538,13.8126,13.4204,13.7812,171048
2020-07-08,13.7655,13.8439,13.5694,13.6557,254486
2020-07-09,13.6086,13.6871,13.2635,13.4047,156722
2020-07-10,13.389,13.5851,13.3498,13.491,178894
2020-07-13,13.4361,13.5459,13.3263,13.3263,124389
2020-07-14,13.342,13.4204,13.1066,13.3184,152288
2020-07-15,13.4204,13.7577,13.4125,13.742,160363
2020-07-16,13.7106,13.8675,13.64,13.742,143992
2020-07-17,13.7655,13.789,13.6322,13.7106,112134
2020-07-20,13.7028,13.8126,13.6557,13.7812,93882
2020-07-21,13.538,13.8361,13.5067,13.7184,420199
2020-07-22,13.7106,13.8204,13.5302,13.5694,272381
2020-07-23,13.5537,13.6243,13.4204,13.4988,194385
2020-07-24,13.4753,13.5224,13.2243,13.2792,232457
2020-07-27,13.3655,13.3655,13.0204,13.0596,388133
2020-07-28,13.0753,13.4047,13.0674,13.287,620706
2020-07-29,13.287,13.6871,13.2086,13.5773,302455
2020-07-30,13.433,13.7005,13.433,13.6848,206129
2020-07-31,13.6533,13.7005,13.4802,13.6927,203506
2020-08-04,13.6927,13.6927,13.3936,13.5196,265394
2020-08-05,13.5589,13.5825,13.3622,13.4645,468405
2020-08-06,13.5274,13.6455,13.3307,13.6219,417895
2020-08-07,13.6533,14.1255,13.6376,13.8343,302011
2020-08-10,13.8658,14.3458,13.8658,14.2829,219606
2020-08-11,14.3852,14.5504,14.1491,14.2435,266286
2020-08-12,14.2829,14.3222,14.0547,14.1648,518297
2020-08-13,14.1806,14.2435,14.0625,14.1019,167459
2020-08-14,14.0625,14.0625,13.795,13.9445,261872
2020-08-17,13.9051,14.2042,13.9051,14.1491,116829
2020-08-18,14.1727,14.2121,14.0153,14.094,150561
2020-08-19,14.0704,14.0783,13.8107,14.0075,246231
2020-08-20,13.976,14.3852,13.9445,14.2435,223732
2020-08-21,14.2435,14.2514,14.0311,14.2278,121139
2020-08-24,14.2435,14.2829,14.0704,14.1648,180773
2020-08-25,14.1648,14.1648,14.0625,14.157,153506
2020-08-26,14.1491,14.1727,13.9838,14.0783,235178
2020-08-27,14.0783,14.3222,14.0468,14.1648,279135
2020-08-28,14.1622,14.2569,14.1148,14.1306,109955
2020-08-31,14.0912,14.0991,13.6017,13.7043,258541
2020-09-01,13.6807,13.7044,13.4596,13.5859,364656
2020-09-02,13.578,13.7596,13.4438,13.6412,264759
2020-09-03,13.6254,13.9096,13.6017,13.657,296455
2020-09-04,13.6333,13.7122,13.4517,13.6017,286502
2020-09-08,13.6017,13.6807,13.4675,13.6017,197489
2020-09-09,13.657,13.878,13.6175,13.7675,289029
2020-09-10,13.657,13.7754,13.5228,13.5938,400529
2020-09-11,13.6096,13.6649,13.4675,13.4912,162517
2020-09-14,13.5622,13.7833,13.5622,13.728,131849
2020-09-15,13.7596,13.9017,13.6728,13.8149,158500
2020-09-16,13.8464,14.1385,13.7754,14.0043,297808
2020-09-17,13.8859,14.0122,13.807,13.9964,198646
2020-09-18,13.9412,13.957,13.7201,13.8859,592996
2020-09-21,13.728,13.7991,13.4991,13.7359,202150
2020-09-22,13.7675,13.8938,13.6491,13.7043,226769
2020-09-23,13.6728,13.7833,13.2939,13.3175,212046
2020-09-24,13.3412,13.4123,13.2386,13.3254,210077
2020-09-25,13.3254,13.5859,13.2386,13.5701,252612
2020-09-28,13.4991,13.7438,13.4754,13.5701,314271
2020-09-29,13.5358,13.6071,13.322,13.3537,136209
2020-09-30,13.4091,13.7972,13.3616,13.7497,759640
2020-10-01,13.7418,14.1338,13.6863,14.0744,440828
2020-10-02,13.9318,14.1417,13.8764,14.0823,142762
2020-10-05,14.1299,14.1299,13.7734,13.9635,231676
2020-10-06,14.019,14.0903,13.8526,13.9556,180109
2020-10-07,14.0269,14.0704,13.821,13.8526,113222
2020-10-08,13.9081,14.0269,13.8922,13.9714,105731
2020-10-09,14.0506,14.0506,13.8289,13.916,184390
2020-10-13,13.9398,13.9794,13.7734,13.821,178410
2020-10-14,13.821,13.821,13.6626,13.7338,237381
2020-10-15,13.615,13.9794,13.615,13.8289,129928
2020-10-16,13.821,13.8764,13.6626,13.6942,169781
2020-10-19,13.6863,13.8289,13.5596,13.5992,242330
2020-10-20,13.5992,13.6784,13.5279,13.5438,112860
2020-10-21,13.5517,13.6784,13.4883,13.6784,98029
2020-10-22,13.6625,13.7576,13.5833,13.6625,106129
2020-10-23,13.6705,13.7338,13.5754,13.6942,91069
2020-10-26,13.6388,13.6467,13.2507,13.322,205491
2020-10-27,13.3378,13.417,13.1596,13.1636,175782
2020-10-28,13.0685,13.0685,12.7042,12.823,271581
2020-10-29,12.8363,12.9316,12.717,12.8919,197476
2020-10-30,12.876,12.9078,12.6137,12.725,358648
2020-11-02,12.7965,12.9555,12.6773,12.876,286623
2020-11-03,12.9475,13.0667,12.8839,12.9475,166557
2020-11-04,13.0032,13.1701,12.8362,13.1542,367456
2020-11-05,13.4165,13.5913,13.0191,13.0508,390400
2020-11-06,13.0826,13.329,13.0032,13.0906,223780
2020-11-09,13.5675,13.9172,13.2972,13.8695,361288
2020-11-10,13.8536,13.9569,13.6946,13.79,204999
2020-11-11,13.8457,14.1477,13.5993,14.1238,193904
2020-11-12,14.0285,14.0523,13.798,13.8139,288320
2020-11-13,13.8616,14.1159,13.7582,14.0603,190607
2020-11-16,14.2272,14.2908,14.1159,14.1397,200995
2020-11-17,14.1477,14.4497,14.1397,14.4259,179833
2020-11-18,14.4497,14.4656,14.0364,14.0603,204758
2020-11-19,14.0682,14.108,13.798,13.8139,259263
2020-11-20,13.8298,14.0364,13.79,13.9251,443921
2020-11-23,14.0046,14.2113,13.941,14.0523,238224
2020-11-24,14.1397,14.1397,13.9808,14.0285,223518
2020-11-25,14.0205,14.108,13.8616,14.0126,325065
2020-11-26,13.9649,14.2669,13.8695,14.2272,133290
2020-11-27,14.1926,14.1926,13.9773,14.0252,216796
2020-11-30,14.1049,14.1049,13.6265,14.0491,698699
2020-12-01,13.9773,14.0651,13.7142,13.7381,286669
2020-12-02,13.7302,13.7621,13.467,13.6026,300993
2020-12-03,13.6106,13.8019,13.6106,13.7302,217718
2020-12-04,13.6425,13.9215,13.6425,13.8418,169748
2020-12-07,13.8657,14.0013,13.7381,13.8657,396413
2020-12-08,13.8657,13.9295,13.8019,13.8418,125207
2020-12-09,13.8817,13.8817,13.6823,13.6823,203007
2020-12-10,13.6664,13.8737,13.6185,13.8657,161950
2020-12-11,13.8418,13.9295,13.77,13.9295,153628
2020-12-14,13.9853,14.089,13.786,13.794,486731
2020-12-15,13.9375,14.1049,13.778,14.089,652502
2020-12-16,14.1129,14.3202,14.081,14.1288,198970
2020-12-17,14.1288,14.1528,13.8976,13.9455,297130
2020-12-18,13.9136,13.9295,13.7142,13.7621,619087
2020-12-21,13.7142,13.7302,13.483,13.6265,228308
2020-12-22,13.6345,13.8179,13.5229,13.786,174879
2020-12-23,13.8179,13.8179,13.5946,13.6185,255176
2020-12-24,13.6106,13.77,13.5627,13.7541,85718
2020-12-29,13.7541,13.9933,13.7541,13.8338,348885
2020-12-30,13.8632,13.9112,13.6712,13.7192,130857
2020-12-31,13.7272,13.7352,13.5912,13.6872,188339
2021-01-04,13.6872,13.7272,13.4792,13.4952,253820
2021-01-05,13.5032,13.7832,13.4952,13.7832,255475
2021-01-06,13.7512,13.7992,13.5912,13.6152,313885
2021-01-07,13.6392,13.6872,13.5192,13.6632,271644
2021-01-08,13.6712,13.8792,13.6072,13.7992,179496
2021-01-11,13.7272,13.7512,13.6312,13.7432,141803
2021-01-12,13.7432,13.8472,13.7032,13.7752,257904
2021-01-13,13.7672,13.7912,13.6792,13.7832,293664
2021-01-14,13.7992,13.9672,13.7912,13.9352,199525
2021-01-15,13.9272,14.1591,13.8552,14.1351,318290
2021-01-18,14.0951,14.3511,14.0951,14.3191,93990
2021-01-19,14.3191,14.4551,14.2231,14.3511,189325
2021-01-20,14.3751,14.6471,14.3191,14.6391,213508
2021-01-21,14.5911,14.5911,14.4071,14.5191,185052
2021-01-22,14.4471,14.5911,14.4071,14.5191,252232
2021-01-25,14.4951,14.5991,14.4231,14.5351,186098
2021-01-26,14.5511,14.6311,14.5111,14.5751,141459
2021-01-27,14.5991,14.5991,14.2871,14.3751,190301
2021-01-28,14.3725,14.5891,14.3002,14.3644,257064
2021-01-29,14.2842,14.3323,14.0274,14.0916,331858
2021-02-01,14.3564,14.3564,13.9632,14.2681,401127
2021-02-02,14.2762,14.3644,14.1718,14.3323,344536
2021-02-03,14.3323,14.3965,14.0595,14.1558,245315
2021-02-04,14.212,14.2762,14.0755,14.1718,245064
2021-02-05,14.212,14.2601,14.0595,14.1317,193858
2021-02-08,14.1879,14.1879,14.0434,14.1076,139622
2021-02-09,14.1076,14.1959,14.0916,14.1478,213738
2021-02-10,14.2441,14.2441,14.0836,14.236,129228
2021-02-11,14.2922,14.2922,14.1277,14.2681,175713
2021-02-12,14.2842,14.4607,14.2601,14.4206,194368
2021-02-16,14.4848,14.5249,14.236,14.2922,239916
2021-02-17,14.2842,14.7175,14.2842,14.6694,588609
2021-02-18,14.5811,14.6373,14.3765,14.4527,187609
2021-02-19,14.4688,14.6373,14.1558,14.3885,195228
2021-02-22,14.3805,14.4206,14.2601,14.3243,200018
2021-02-23,14.3243,14.3564,14.0675,14.1076,226293
2021-02-24,14.1397,14.4688,14.1397,14.4367,154764
2021-02-25,14.3696,14.5306,14.3052,14.3937,142711
2021-02-26,14.4581,14.5346,14.3132,14.4581,280941
2021-03-01,14.5386,14.8848,14.5145,14.8445,411792
2021-03-02,14.8526,14.8687,14.6191,14.6996,189029
2021-03-03,14.6996,14.8284,14.5225,14.6513,236142
2021-03-04,14.6513,14.8365,14.3454,14.4823,243654
2021-03-05,14.5708,14.6594,14.4259,14.6433,305166
2021-03-08,14.6433,15.0297,14.5708,14.9894,248867
2021-03-09,15.1021,15.1263,14.9572,14.9572,122631
2021-03-10,15.0055,15.1746,14.764,15.1021,367477
2021-03-11,15.1665,15.3919,15.0538,15.1182,361170
2021-03-12,15.0619,15.0941,14.9572,15.0538,114899
2021-03-15,15.086,15.2953,15.0619,15.2068,155415
2021-03-16,15.1907,15.3114,15.1907,15.2792,93932
2021-03-17,15.2309,15.3436,15.2148,15.239,191017
2021-03-18,15.2068,15.239,14.9733,15.0538,176417
2021-03-19,15.1263,15.1907,15.0216,15.0458,436795
2021-03-22,15.0699,15.2792,14.9975,15.2229,137684
2021-03-23,15.2309,15.2551,15.078,15.086,100954
2021-03-24,15.1343,15.3275,15.0458,15.247,134906
2021-03-25,15.1907,15.2309,15.0619,15.1424,92935
2021-03-26,15.1585,15.2309,15.0458,15.1504,95874
2021-03-29,15.1182,15.1826,15.0538,15.1021,238079
2021-03-30,15.0025,15.2529,14.9702,15.0348,106479
2021-03-31,15.164,15.164,14.938,14.946,192125
2021-04-01,15.0591,15.0672,14.8734,14.9783,169589
2021-04-05,15.0429,15.156,14.8976,15.0671,91885
2021-04-06,15.0591,15.1398,14.938,15.1398,186617
2021-04-07,15.1398,15.4467,15.0591,15.3094,379793
2021-04-08,15.3336,15.6647,15.3336,15.6081,222442
2021-04-09,15.6485,15.7171,15.5839,15.697,119546
2021-04-12,15.6647,15.6647,15.3821,15.5839,146757
2021-04-13,15.6243,15.6647,15.4547,15.6243,177440
2021-04-14,15.5758,15.6727,15.4224,15.479,114720
2021-04-15,15.5274,15.7131,15.3901,15.6808,119980
2021-04-16,15.7373,15.7454,15.6081,15.6485,96215
2021-04-19,15.6647,15.705,15.3175,15.4144,180147
2021-04-20,15.3417,15.5112,15.3175,15.4628,182935
2021-04-21,15.4386,15.5193,15.3013,15.4144,259501
2021-04-22,15.4063,15.4709,15.3659,15.4305,163257
2021-04-23,15.4467,15.5678,15.3821,15.5274,99411
2021-04-26,15.5193,15.5274,15.4305,15.4547,117502
2021-04-27,15.4628,15.5758,15.4063,15.5516,88580
2021-04-28,15.5193,15.6243,15.4467,15.4951,96450
2021-04-29,15.5329,15.6301,15.3709,15.3709,261695
2021-04-30,15.4357,15.4681,15.3223,15.3385,309249
2021-05-03,15.4195,15.8244,15.3466,15.7678,271342
2021-05-04,15.7273,15.8163,15.5815,15.6301,144029
2021-05-05,15.7111,15.7111,15.3507,15.4519,187784
2021-05-06,15.4276,15.4438,15.2494,15.4114,141001
2021-05-07,15.4357,15.6868,15.4195,15.6058,240947
2021-05-10,15.6706,15.873,15.6625,15.6868,198409
2021-05-11,15.5653,15.5815,15.2576,15.4924,275654
2021-05-12,15.4195,15.4924,15.2778,15.298,169161
2021-05-13,15.3142,15.4843,15.2575,15.4276,167315
2021-05-14,15.4924,15.6382,15.3871,15.6139,188722
2021-05-17,15.5572,15.703,15.5248,15.6544,138229
2021-05-18,15.6544,15.7111,15.541,15.6949,127526
2021-05-19,15.5329,15.5977,15.4762,15.5734,173145
2021-05-20,15.5329,15.5815,15.4114,15.4519,180115
2021-05-21,15.4843,15.5977,15.4033,15.4357,126558
2021-05-25,15.5086,15.5086,15.2818,15.4033,227498
2021-05-26,15.0227,15.4195,15.0146,15.3547,595942
2021-05-27,15.379,15.4114,15.2818,15.3628,338772
2021-05-28,15.3764,15.4413,15.287,15.3926,230560
2021-05-31,15.5551,15.7581,15.482,15.5063,167059
2021-06-01,15.5957,15.8394,15.5307,15.7825,346375
2021-06-02,15.7988,15.9693,15.6769,15.9368,282965
2021-06-03,15.9206,15.9612,15.8231,15.8475,202157
2021-06-04,15.9044,15.9044,15.7094,15.8069,97326
2021-06-07,15.8069,16.0668,15.7581,16.0018,226707
2021-06-08,16.0587,16.1805,15.9856,16.1237,281061
2021-06-09,16.2211,16.2536,16.1155,16.148,217350
2021-06-10,16.2049,16.2374,16.1318,16.2211,244257
2021-06-11,16.2455,16.3876,16.083,16.3186,256879
2021-06-14,16.3267,16.5542,16.2861,16.343,892809
2021-06-15,16.343,16.6516,16.2699,16.2699,248982
2021-06-16,16.3186,16.4973,16.2942,16.4892,222928
2021-06-17,16.4242,16.741,16.4242,16.7166,336782
2021-06-18,16.6922,16.9116,16.6435,16.7329,2422364
2021-06-21,16.7247,16.8872,16.5785,16.8547,230472
2021-06-22,16.8953,16.9278,16.7491,16.9034,125211
2021-06-23,16.8953,16.9197,16.6029,16.6841,252658
2021-06-24,16.7247,16.7247,16.343,16.3998,249540
2021-06-25,16.3511,16.3673,16.1318,16.3267,210505
2021-06-28,16.3024,16.4486,16.3024,16.3836,172286
2021-06-29,16.3564,16.7474,16.3564,16.7149,296812
2021-06-30,16.7963,16.7963,16.3972,16.5112,235478
2021-07-02,16.5031,16.6986,16.4542,16.666,148081
2021-07-05,16.6823,16.8044,16.6252,16.7556,79506
2021-07-06,16.7474,17.228,16.6578,17.1058,406297
2021-07-07,17.0733,17.114,16.9104,16.9674,139689
2021-07-08,16.8289,16.9918,16.6741,16.9918,152615
2021-07-09,16.8941,17.1629,16.8859,17.1629,129982
2021-07-12,17.1058,17.2606,16.9918,17.1791,100636
2021-07-13,17.1303,17.2036,17.0488,17.114,242333
2021-07-14,17.1058,17.3991,17.0814,17.3665,202917
2021-07-15,17.3013,17.4642,17.2117,17.3909,103937
2021-07-16,17.4235,17.5701,17.2606,17.3013,200740
2021-07-19,17.2769,17.3013,16.894,16.9511,204732
2021-07-20,17,17.0651,16.9022,17.0162,237558
2021-07-21,17.0244,17.1303,17.0162,17.0488,86983
2021-07-22,17.0244,17.0488,16.9022,16.9511,71956
2021-07-23,16.9674,17.0244,16.9185,16.9837,85079
2021-07-26,17.0081,17.0407,16.9022,16.9511,183611
2021-07-27,16.9348,17.171,16.9348,17.0407,123026
2021-07-28,17.0814,17.0814,16.9552,16.9674,67786
2021-07-29,16.9565,16.981,16.834,16.8911,95125
2021-07-30,16.8666,17.1035,16.7931,16.9075,259518
2021-08-03,16.9075,16.9279,16.6624,16.6951,191155
2021-08-04,16.6624,16.7605,16.6134,16.6951,157947
2021-08-05,16.7768,17.1362,16.7523,17.0708,275719
2021-08-06,17.1117,17.373,17.0872,17.2587,241281
2021-08-09,17.2342,17.2995,17.0872,17.1688,112993
2021-08-10,17.1525,17.1933,16.9728,17.0136,138798
2021-08-11,17.03,17.3322,16.9728,17.2995,175651
2021-08-12,17.3077,17.3485,17.1525,17.275,75830
2021-08-13,17.275,17.3812,17.1852,17.2587,82594
2021-08-16,17.2342,17.3322,17.1607,17.2424,191967
2021-08-17,17.2097,17.3812,17.1525,17.2587,148640
2021-08-18,17.2832,17.3894,17.1933,17.2995,148888
2021-08-19,17.2342,17.2669,17.0872,17.226,136946
2021-08-20,17.2015,17.5201,17.2015,17.4956,233624
2021-08-23,17.5037,17.6017,17.3404,17.3894,132665
2021-08-24,17.3894,17.3894,17.1117,17.3077,186446
2021-08-25,17.2832,17.4506,17.226,17.373,128074
2021-08-26,17.3649,17.5772,17.3649,17.5691,257746
2021-08-27,17.5854,17.6998,17.5609,17.6181,144668
2021-08-30,17.599,17.7464,17.5498,17.7382,149791
2021-08-31,17.73,17.7873,17.5335,17.6153,259511
2021-09-01,17.6563,17.7873,17.6235,17.7464,134165
2021-09-02,17.771,17.8119,17.6645,17.7791,96316
2021-09-03,17.7955,17.8283,17.6809,17.8119,76532
2021-09-07,17.7382,17.9266,17.5253,17.7791,170691
2021-09-08,17.73,18.0166,17.6645,18.0084,136738
2021-09-09,17.9511,18.2132,17.9347,18.0658,164971
2021-09-10,18.0821,18.0821,17.8119,17.8365,97602
2021-09-13,17.861,17.9429,17.7054,17.8446,133445
2021-09-14,17.8446,17.9839,17.73,17.8938,148757
2021-09-15,17.8365,18.0903,17.8365,18.0412,177720
2021-09-16,18.0412,18.2091,18.0412,18.164,131575
2021-09-17,18.0903,18.3114,17.9921,18.205,575293
2021-09-20,18.0658,18.0658,17.6481,17.7218,279257
2021-09-21,17.7873,18.0002,17.73,17.9265,119065
2021-09-22,17.9593,18.1722,17.8528,18.1231,166570
2021-09-23,18.0821,18.2623,18.033,18.0739,124969
2021-09-24,17.992,18.0002,17.8405,17.8528,104658
2021-09-27,17.8528,17.8733,17.5744,17.6153,108521
2021-09-28,17.5647,17.5647,17.1952,17.2445,198754
2021-09-29,17.2937,17.5976,17.2855,17.4744,90583
2021-09-30,17.3923,17.5072,17.3184,17.4497,241735
2021-10-01,17.458,17.6632,17.4169,17.655,137819
2021-10-04,17.614,17.8111,17.4826,17.6058,107881
2021-10-05,17.6058,17.6961,17.4087,17.614,209352
2021-10-06,17.5319,17.655,17.3348,17.5975,168193
2021-10-07,17.6386,17.9342,17.5483,17.7946,174756
2021-10-08,17.77,17.8603,17.6879,17.7782,95628
2021-10-12,17.77,17.9753,17.7207,17.8521,134858
2021-10-13,17.7946,18.3859,17.7946,18.3448,222099
2021-10-14,18.4434,18.4516,18.2873,18.3284,134472
2021-10-15,18.353,18.353,18.1559,18.2134,261210
2021-10-18,18.1559,18.2791,18.082,18.2791,127322
2021-10-19,18.1888,18.5912,18.1888,18.5912,314020
2021-10-20,18.6076,18.8868,18.5173,18.8868,174204
2021-10-21,18.8047,18.8621,18.7143,18.7472,222620
2021-10-22,18.7225,19.0182,18.6569,18.9032,134588
2021-10-25,18.9196,18.9689,18.8047,18.8047,100292
2021-10-26,18.8375,18.8375,18.6158,18.7308,82290
2021-10-27,18.6651,18.8047,18.5665,18.6733,123833
2021-10-28,18.6801,18.6801,18.4825,18.606,370153
2021-10-29,18.5319,18.7707,18.5319,18.7213,342520
2021-11-01,18.6225,18.7789,18.4414,18.5978,128665
2021-11-02,18.606,18.7378,18.4578,18.5649,189553
2021-11-03,18.4908,18.886,18.4908,18.853,123556
2021-11-04,18.9189,19.1082,18.6472,19.0588,172831
2021-11-05,19.1165,19.3141,18.9765,19.0506,145497
2021-11-08,19.1576,19.1576,18.606,18.6307,145003
2021-11-09,18.7954,19.0136,18.7295,18.9353,231516
2021-11-10,18.9354,19.0094,18.7048,18.7789,102093
2021-11-11,18.8201,19.0218,18.606,18.9847,214818
2021-11-12,19.0259,19.1082,18.9024,18.9107,190381
2021-11-15,18.9518,19.1165,18.9189,19.0177,205032
2021-11-16,19.0918,19.1576,18.9477,19.0177,111452
2021-11-17,19.0506,19.207,18.9436,18.9436,108375
2021-11-18,18.96,19.0588,18.9354,18.9518,101765
2021-11-19,18.9436,19.1988,18.9354,19.0094,256216
2021-11-22,19.1082,19.1576,18.7872,18.7872,138351
2021-11-23,18.7707,18.8448,18.5978,18.8119,182710
2021-11-24,18.8448,19.1494,18.746,19.1329,112219
2021-11-25,19.1823,19.2235,19.0753,19.1659,45779
2021-11-26,18.9847,19.0835,18.7625,18.7954,142607
2021-11-29,18.794,18.9838,18.7486,18.9508,116669
2021-11-30,18.9013,18.9839,18.142,18.1915,309005
2021-12-01,18.3483,18.7693,18.1172,18.3813,259126
2021-12-02,18.4391,19.1819,18.4391,19.1077,303583
2021-12-03,19.1489,19.1489,18.7858,18.8353,109125
2021-12-06,18.8518,19.2727,18.7858,19.1159,153690
2021-12-07,19.2727,19.3388,18.8807,18.9756,154483
2021-12-08,19.1407,19.1407,18.8023,18.8518,147776
2021-12-09,18.8848,18.8848,18.6207,18.7362,158360
2021-12-10,18.7693,18.7693,18.4886,18.6207,114412
2021-12-13,18.6207,18.695,18.4226,18.695,128141
2021-12-14,18.8023,18.9013,18.4556,18.5712,126694
2021-12-15,18.5794,18.6702,18.3896,18.6537,152970
2021-12-16,18.7197,18.728,18.4721,18.5464,153606
2021-12-17,18.4886,18.7445,18.4474,18.7032,334239
2021-12-20,18.5629,18.6124,18.3318,18.5216,129178
2021-12-21,18.5959,18.8765,18.5959,18.7775,108262
2021-12-22,18.7775,19.0664,18.6537,19.0251,126538
2021-12-23,19.0416,19.1407,18.9839,19.0499,81271
2021-12-24,19.0664,19.1324,19.0004,19.0004,12215
2021-12-29,19.1407,19.3057,19.0004,19.3057,87894
2021-12-30,19.354,19.4699,19.3375,19.3706,86194
2021-12-31,19.3788,19.5443,19.354,19.5195,69342
2022-01-04,19.6933,19.9829,19.1968,19.1968,134916
2022-01-05,19.1554,19.2216,18.7831,18.8824,202061
2022-01-06,18.8906,19.0892,18.7831,18.9734,133268
2022-01-07,18.9817,19.0396,18.7748,18.841,132815
2022-01-10,18.8079,18.9899,18.7252,18.9651,163793
2022-01-11,18.9734,19.1141,18.7293,18.841,232217
2022-01-12,18.8907,18.9817,18.6176,18.75,196706
2022-01-13,18.7169,18.8327,18.6672,18.8162,142124
2022-01-14,18.7334,18.7831,18.3611,18.4107,265302
2022-01-17,18.4852,18.6921,18.3942,18.6921,132307
2022-01-18,18.5017,18.7252,18.4852,18.6093,233555
2022-01-19,18.6672,18.7748,18.5183,18.659,168004
2022-01-20,18.6672,18.7913,18.5183,18.5348,167395
2022-01-21,18.4935,18.51,18.179,18.179,185213
2022-01-24,18.0384,18.0384,17.3433,17.8729,250813
2022-01-25,17.9639,18.2121,17.6495,18.0797,387062
2022-01-26,18.2783,18.4107,17.7239,17.8067,322127
2022-01-27,17.3764,18.1294,17.3764,17.8563,948104
2022-01-28,17.8384,18.0956,17.6973,18.0956,261953
2022-01-31,18.1205,18.2532,17.9711,18.1453,796717
2022-02-01,18.1536,18.1536,17.8881,18.0873,242173
2022-02-02,18.0873,18.4357,18.079,18.3196,292287
2022-02-03,18.2532,18.4855,18.1495,18.3694,197189
2022-02-04,18.3362,18.3445,17.9545,18.1536,245317
2022-02-07,18.1453,18.2366,17.9711,18.1039,138416
2022-02-08,18.1122,18.1453,17.8715,18.1039,159495
2022-02-09,18.1785,18.3528,18.1039,18.2449,210577
2022-02-10,18.1702,18.4689,18.0873,18.303,354529
2022-02-11,18.2947,18.4108,17.9462,18.1039,200257
2022-02-14,17.9877,18.1039,17.855,18.0043,181099
2022-02-15,18.0541,18.1868,18.0292,18.1453,140734
2022-02-16,18.2283,18.2283,18.0375,18.1287,149463
2022-02-17,18.0043,18.2449,17.8881,17.9379,200099
2022-02-18,18.0707,18.0707,17.7388,17.7969,224135
2022-02-22,17.7803,17.8135,17.5812,17.7554,243894
2022-02-23,17.8135,17.913,17.6226,17.6807,197890
2022-02-24,17.4816,17.7305,17.1746,17.5977,374341
2022-02-25,17.638,17.8626,17.5298,17.8127,138819
2022-02-28,17.6879,18.004,17.6463,17.7461,273261
2022-03-01,17.796,17.796,17.43,17.7711,331546
2022-03-02,17.8293,17.9957,17.7295,17.8959,167019
2022-03-03,17.9125,18.1455,17.9042,18.1205,211737
2022-03-04,17.9957,18.1871,17.9708,18.1704,123297
2022-03-07,18.1787,18.2952,17.8792,17.9042,156895
2022-03-08,18.0207,18.0207,17.6629,17.8376,179749
2022-03-09,18.0123,18.2287,17.8959,18.0623,288372
2022-03-10,18.0623,18.2703,17.8626,18.2287,246256
2022-03-11,18.2952,18.4367,18.1954,18.3951,185772
2022-03-14,18.4367,18.4699,17.9707,17.9707,131155
2022-03-15,17.9707,18.0789,17.8127,17.9707,133015
2022-03-16,18.0623,18.237,17.9541,18.1371,241235
2022-03-17,18.1205,18.4949,18.0872,18.445,239446
2022-03-18,18.42,18.628,18.42,18.4699,779925
2022-03-21,18.4783,18.4783,18.2536,18.3618,160238
2022-03-22,18.395,18.5448,18.3784,18.445,225080
2022-03-23,18.4367,18.4367,18.1954,18.2453,281265
2022-03-24,18.445,18.445,17.9333,18.0456,292742
2022-03-25,18.0789,18.1621,17.9125,17.9874,169392
2022-03-28,18.0207,18.1538,17.846,18.0373,166924
2022-03-29,18.0955,18.3119,18.0456,18.2536,231212
2022-03-30,18.2439,18.319,18.1188,18.2272,185029
2022-03-31,18.2189,18.2689,17.8435,17.8685,315677
2022-04-01,17.8768,18.0186,17.7517,17.9603,328402
2022-04-04,17.9603,17.9603,17.6099,17.6433,238673
2022-04-05,17.6599,17.735,17.5181,17.5181,214585
2022-04-06,17.4347,17.5014,17.1344,17.2345,328272
2022-04-07,17.1761,17.2762,17.026,17.2679,427149
2022-04-08,17.2929,17.5515,17.2679,17.3847,416397
2022-04-11,17.3596,17.4097,17.101,17.2512,812870
2022-04-12,17.3096,17.4514,17.2512,17.3263,271734
2022-04-13,17.3346,17.5265,17.3346,17.4848,168108
2022-04-14,17.4764,17.6516,17.4681,17.5932,133721
2022-04-18,17.5849,17.6516,17.4347,17.4431,106163
2022-04-19,17.4848,17.6683,17.4597,17.5849,133860
2022-04-20,17.6433,17.9019,17.6349,17.7601,163973
2022-04-21,17.8435,17.9185,17.71,17.7684,130397
2022-04-22,17.71,17.8101,17.5765,17.6349,163767
2022-04-25,17.5598,17.5932,17.3596,17.4764,178341
2022-04-26,17.4764,17.5849,17.2178,17.2345,224485
2022-04-27,17.2679,17.3096,17.0009,17.0093,277492
2022-04-28,17.0664,17.5851,17.0664,17.468,174789
2022-04-29,17.4931,17.4931,16.8908,16.9075,424130
2022-05-02,16.8489,16.874,15.9538,16.0123,313371
2022-05-03,16.0207,16.188,15.8701,15.9621,314872
2022-05-04,16.1295,16.2131,15.8115,16.1629,236747
2022-05-05,16.1545,16.1545,15.3263,15.6526,737575
2022-05-06,15.5271,15.7363,15.4769,15.661,407608
2022-05-09,15.6024,15.6442,15.318,15.3682,431368
2022-05-10,15.4769,15.6108,15.2176,15.4351,637588
2022-05-11,15.4769,15.6442,15.0503,15.0754,232677
2022-05-12,15.0335,15.4769,14.9331,15.251,392646
2022-05-13,15.3765,15.7655,15.2092,15.7195,213391
2022-05-16,15.7195,15.8617,15.7112,15.7948,130983
2022-05-17,15.9872,16.0542,15.845,16.0123,216955
2022-05-18,15.9872,16.0123,15.753,15.8116,184944
2022-05-19,15.7948,15.9119,15.7363,15.845,152369
2022-05-20,15.9287,15.9705,15.6777,15.845,153821
2022-05-24,15.937,15.9872,15.6777,15.9621,182240
2022-05-25,15.9454,15.9872,15.7112,15.8785,140224
2022-05-26,15.8785,15.9454,15.7446,15.7697,138828
2022-05-27,15.8283,15.9914,15.7697,15.9287,167914
2022-05-30,16.0196,16.1119,15.9608,16.0364,61468
2022-05-31,16.0364,16.1287,15.8853,16.1119,299645
2022-06-01,16.1371,16.1371,15.9021,16.1203,153471
2022-06-02,16.0951,16.2629,16.028,16.1622,164109
2022-06-03,16.1035,16.1287,15.9189,15.9944,115229
2022-06-06,16.0867,16.0867,15.3818,15.3818,360913
2022-06-07,15.3231,15.4909,15.214,15.3818,250854
2022-06-08,15.3147,15.5664,15.214,15.2559,266195
2022-06-09,15.2308,15.3063,15.1049,15.1301,164004
2022-06-10,15.0545,15.4322,14.5427,14.5511,548621
2022-06-13,14.2825,14.3077,13.9301,14.1147,288476
2022-06-14,14.1818,14.3748,14.1147,14.2406,462991
2022-06-15,14.3497,14.6098,14.2322,14.5175,253576
2022-06-16,14.2657,14.3161,13.8294,13.8881,382768
2022-06-17,13.9217,14.207,13.8965,14.0308,456262
2022-06-20,14.0643,14.3832,14.0643,14.2741,199895
2022-06-21,14.3329,14.442,14.2657,14.3496,244827
2022-06-22,14.1902,14.3496,14.1566,14.1986,301766
2022-06-23,14.2322,14.3329,14.0727,14.2238,228771
2022-06-24,14.2741,14.3916,14.1902,14.358,268298
2022-06-27,14.358,14.4671,14.2825,14.3832,348194
2022-06-28,14.4252,14.6098,14.2657,14.2909,295232
2022-06-29,14.2306,14.2769,14.0874,14.1632,170752
2022-06-30,14.1043,14.4495,13.9274,14.4411,481406
2022-07-04,14.5169,14.5505,14.2474,14.4411,180152
2022-07-05,14.34,14.4158,14.0622,14.4158,337707
2022-07-06,14.3905,14.5926,14.2727,14.3232,302356
2022-07-07,14.4074,14.6347,14.239,14.3569,360273
2022-07-08,14.3905,14.4326,14.18,14.2221,237435
2022-07-11,14.2221,14.2811,14.02,14.2558,221681
2022-07-12,14.1969,14.4663,14.1716,14.2053,119010
2022-07-13,14.1043,14.239,13.9274,14.2137,211160
2022-07-14,14.0285,14.0874,13.8348,13.8769,286182
2022-07-15,14.02,14.0453,13.7927,13.8095,184913
2022-07-18,13.8937,14.1632,13.8727,14.0032,119061
2022-07-19,14.0958,14.3316,14.079,14.3316,151557
2022-07-20,14.3148,14.3148,14.1885,14.2979,154248
2022-07-21,14.2811,14.4916,14.2221,14.4832,102959
2022-07-22,14.5337,14.7779,14.5337,14.7526,159960
2022-07-25,14.7947,14.921,14.7274,14.9126,157806
2022-07-26,14.9463,14.9463,14.4832,14.6853,534264
2022-07-27,14.7274,14.9126,14.7189,14.7526,115571
2022-07-28,14.8526,15.0976,14.7512,15.0131,122581
2022-07-29,15.0638,15.2328,15.0131,15.199,159448
2022-08-02,15.1821,15.1821,14.7174,14.7428,189620
2022-08-03,14.7935,15.0385,14.7935,14.8526,182742
2022-08-04,14.8948,15.0385,14.8019,14.9962,105804
2022-08-05,14.9033,14.9117,14.616,14.8019,200126
2022-08-08,14.9033,15.0554,14.8357,15.0385,92735
2022-08-09,15.03,15.123,14.7512,14.785,179312
2022-08-10,14.8948,15.1905,14.6921,15.1483,155986
2022-08-11,15.2835,15.3933,15.0976,15.2581,315994
2022-08-12,15.4947,15.5116,15.1905,15.3088,150918
2022-08-15,15.1905,15.3004,15.0385,15.2666,177418
2022-08-16,15.2074,15.3426,15.199,15.3257,164834
2022-08-17,15.2412,15.2919,15.0216,15.1736,159146
2022-08-18,15.1905,15.275,15.1145,15.2159,172213
2022-08-19,15.2581,15.2581,14.9371,15.0047,119398
2022-08-22,14.9117,14.9117,14.7428,14.8273,129495
2022-08-23,14.8104,14.8273,14.4724,14.5485,212317
2022-08-24,14.5484,14.8357,14.54,14.6414,170229
2022-08-25,15.0385,15.0892,14.6583,14.9033,203197
2022-08-26,14.9286,14.9286,14.4048,14.4302,158251
2022-08-29,14.3457,14.5316,14.2274,14.4555,104290
2022-08-30,14.5134,14.5728,14.3778,14.4117,99542
2022-08-31,14.4117,14.4371,14.2422,14.293,237327
2022-09-01,14.1998,14.1998,13.9031,14.0641,219802
2022-09-02,14.1998,14.3185,14.0302,14.1998,136546
2022-09-06,14.1574,14.3693,14.1404,14.3524,205174
2022-09-07,14.3185,14.4626,14.2422,14.4202,134726
2022-09-08,14.4032,14.4711,14.293,14.3948,179286
2022-09-09,14.4965,14.8186,14.4456,14.8017,228443
2022-09-12,14.9458,15.0306,14.8017,14.9119,290170
2022-09-13,14.6745,14.6915,14.3693,14.4117,183970
2022-09-14,14.3948,14.3948,14.1065,14.115,215873
2022-09-15,14.0896,14.3863,14.0896,14.1913,141096
2022-09-16,14.0811,14.2591,14.0472,14.2252,297855
2022-09-19,14.0557,14.2252,14.0557,14.1235,112804
2022-09-20,14.0726,14.115,13.5131,13.5724,334790
2022-09-21,13.6064,13.8098,13.5301,13.547,294459
2022-09-22,13.564,13.5894,13.157,13.2588,316256
2022-09-23,13.1316,13.1316,12.9493,13.1147,291605
2022-09-26,13.0214,13.0977,12.7162,12.8349,313278
2022-09-27,12.9366,12.9705,12.606,12.6738,224547
2022-09-28,12.7405,13.0128,12.6128,12.9362,229667
2022-09-29,12.8682,12.9192,12.5788,12.5788,165501
2022-09-30,12.6043,12.9873,12.6043,12.9788,396432
2022-10-03,13.1235,13.349,12.9958,13.3107,706246
2022-10-04,13.4894,13.8639,13.4894,13.7703,921070
2022-10-05,13.566,13.6171,13.2171,13.4128,395070
2022-10-06,13.3277,13.3958,12.9873,13.0554,233567
2022-10-07,12.9533,13.0043,12.7448,12.8086,185701
2022-10-11,12.5448,12.7745,12.4809,12.6639,172094
2022-10-12,12.6128,12.8511,12.5277,12.749,166929
2022-10-13,12.4596,13.0299,12.4426,12.9192,199851
2022-10-14,13.0043,13.0554,12.7745,12.8171,159929
2022-10-17,12.9788,13.2171,12.9618,13.115,167599
2022-10-18,13.3107,13.3107,12.949,13.0809,182437
2022-10-19,12.9448,12.9448,12.532,12.7065,224888
2022-10-20,12.7575,12.8086,12.5958,12.6469,257381
2022-10-21,12.6213,12.9448,12.5618,12.9107,168599
2022-10-24,12.9618,13.0639,12.8426,13.0299,142892
2022-10-25,13.0128,13.4724,12.9703,13.4299,336839
2022-10-26,13.4213,13.6511,13.3873,13.6256,162112
2022-10-27,13.6171,13.7788,13.4299,13.4554,148929
2022-10-28,13.454,13.659,13.454,13.5992,211423
2022-10-31,13.5308,13.565,13.4198,13.4881,239076
2022-11-01,13.6761,13.6761,13.454,13.4967,145769
2022-11-02,13.5052,13.6163,13.3515,13.4113,350626
2022-11-03,13.2404,13.4454,13.1464,13.3344,328379
2022-11-04,13.5821,13.5821,13.2831,13.5052,130776
2022-11-07,13.6248,14.0263,13.565,13.9665,175377
2022-11-08,13.975,14.1886,13.8896,14.069,362665
2022-11-09,14.1971,14.1971,13.7401,13.8725,206747
2022-11-10,14.1544,14.4705,14.0519,14.4192,290974
2022-11-11,14.4705,14.5645,14.3338,14.5047,201462
2022-11-14,14.4705,14.5303,14.1459,14.1801,169367
2022-11-15,14.3253,14.3851,14.0775,14.1117,196526
2022-11-16,14.0861,14.2313,14.0263,14.1459,220720
2022-11-17,13.9665,14.1373,13.8213,13.9494,180403
2022-11-18,14.0177,14.1032,13.8725,14.0775,189196
2022-11-21,14.0348,14.2484,14.0348,14.163,172692
2022-11-22,14.2313,14.274,14.069,14.2569,117272
2022-11-23,14.2057,14.3167,14.1715,14.2057,109115
2022-11-24,14.3594,14.3594,14.1886,14.2826,79237
2022-11-25,14.2313,14.4022,14.2228,14.3936,176824
2022-11-28,14.274,14.3424,13.9836,14.0092,380544
2022-11-29,14.0506,14.3764,13.8106,14.3421,304681
2022-11-30,14.3335,14.6079,14.2735,14.5736,399586
2022-12-01,14.7107,14.7707,14.4964,14.5821,184922
2022-12-02,14.4107,14.4793,14.2392,14.265,105479
2022-12-05,14.2221,14.2221,13.9821,13.9906,138162
2022-12-06,14.0164,14.2221,13.9906,14.1192,172573
2022-12-07,14.1364,14.3678,14.1364,14.2307,141271
2022-12-08,14.2821,14.3335,14.1192,14.1535,202508
2022-12-09,14.1449,14.325,14.1278,14.2049,103267
2022-12-12,14.1878,14.2478,13.9563,14.2392,253045
2022-12-13,14.5393,14.5993,14.2735,14.3936,138591
2022-12-14,14.3507,14.6336,14.2992,14.3078,182326
2022-12-15,14.1621,14.3078,14.0935,14.1964,120633
2022-12-16,14.1021,14.2135,13.9135,14.0935,299314
2022-12-19,14.0421,14.1021,13.742,13.7849,183315
2022-12-20,13.7506,13.7849,13.622,13.7077,137330
2022-12-21,13.7077,14.0935,13.6563,14.0421,134077
2022-12-22,13.9049,13.9478,13.6734,13.7849,166450
2022-12-23,13.7677,14.0421,13.7506,13.9992,209342
2022-12-28,13.8363,14.0678,13.682,13.7249,143059
2022-12-29,13.8525,14.102,13.8525,13.9988,108112
2022-12-30,13.9299,14.0848,13.8611,13.9471,104275
2023-01-03,14.0418,14.3085,13.973,14.0246,190191
2023-01-04,14.1795,14.3429,14.0418,14.3171,140223
2023-01-05,14.2655,14.2655,14.0418,14.2311,148011
2023-01-06,14.2827,14.2827,14.0891,14.2225,186891
2023-01-09,14.2225,14.4462,14.1967,14.3946,82828
2023-01-10,14.3085,14.5838,14.3085,14.4462,126915
2023-01-11,14.4548,14.8764,14.2827,14.8248,224582
2023-01-12,14.8678,15.1431,14.7817,15.0399,146379
2023-01-13,14.9624,15.2378,14.9452,15.2033,161034
2023-01-16,15.2119,15.5733,15.1689,15.4442,151674
2023-01-17,15.4873,15.7626,15.3324,15.7454,228387
2023-01-18,15.8228,15.9433,15.5733,15.6421,231810
2023-01-19,15.6163,15.6938,15.4012,15.5045,253351
2023-01-20,15.4959,15.5819,15.3152,15.5389,154761
2023-01-23,15.5303,15.7282,15.4313,15.6938,145572
2023-01-24,15.6421,15.8314,15.6163,15.7368,156338
2023-01-25,15.6249,15.7798,15.5819,15.7196,123791
2023-01-26,15.7884,15.8658,15.6938,15.7884,111152
2023-01-27,15.754,16.0121,15.7196,15.9519,120232
2023-01-30,15.8728,16.1058,15.8728,15.9332,119529
2023-01-31,15.9504,16.1231,15.7778,15.8814,665338
2023-02-01,15.8728,16.2784,15.8296,16.1835,272420
2023-02-02,16.3216,16.5028,16.2439,16.3043,294409
2023-02-03,16.1058,16.2353,16.0368,16.1749,257208
2023-02-06,16.0626,16.0713,15.8123,15.9504,157953
2023-02-07,15.89,15.89,15.5793,15.7347,429088
2023-02-08,15.7174,15.7692,15.5793,15.6311,239476
2023-02-09,15.6138,15.726,15.5793,15.6915,194008
2023-02-10,15.6052,15.6829,15.5448,15.6397,119621
2023-02-13,15.657,15.7778,15.6052,15.7001,130023
2023-02-14,15.6915,15.7778,15.6225,15.7433,109353
2023-02-15,15.657,15.89,15.6052,15.8469,188021
2023-02-16,15.6397,16.0022,15.6397,15.8987,175930
2023-02-17,15.9332,16.4942,15.7088,16.3302,661521
2023-02-21,16.3561,16.4079,15.9677,16.0799,181962
2023-02-22,16.054,16.1144,15.8641,15.89,138761
2023-02-23,15.9504,16.0195,15.8555,15.8814,136558
2023-02-24,15.726,15.8987,15.6311,15.8641,145878
2023-02-27,15.9579,16.1225,15.8887,15.932,179156
2023-02-28,15.9493,16.1831,15.8021,15.906,362989
2023-03-01,15.8367,15.9493,15.4904,15.551,225980
2023-03-02,15.4557,15.6635,15.3691,15.551,505190
2023-03-03,15.6202,15.8021,15.6116,15.6635,189032
2023-03-06,15.7415,15.8107,15.6116,15.6289,121293
2023-03-07,15.6289,15.7588,15.5163,15.5943,465757
2023-03-08,15.577,15.7068,15.4904,15.499,112434
2023-03-09,15.5163,15.6376,15.4298,15.4557,144181
2023-03-10,15.4557,15.4557,15.0315,15.144,222137
2023-03-13,15.1267,15.1873,14.9102,15.0747,242673
2023-03-14,15.118,15.3605,15.118,15.2393,153031
2023-03-15,15.0228,15.2912,14.9449,15.0055,265194
2023-03-16,14.9016,15.1787,14.7284,15.0228,189696
2023-03-17,15.0055,15.0228,14.7544,14.8063,551739
2023-03-20,14.8236,14.8929,14.6678,14.841,201029
2023-03-21,14.9276,15.0055,14.6245,14.6591,147956
2023-03-22,14.5899,14.6591,14.4427,14.4513,178383
2023-03-23,14.434,14.7544,14.3561,14.5033,193332
2023-03-24,14.4253,14.7024,14.4253,14.6072,165949
2023-03-27,14.7284,14.7977,14.6418,14.7717,210118
2023-03-28,14.7024,14.7024,14.46,14.5033,183974
2023-03-29,14.5899,14.7717,14.5293,14.5899,286312
2023-03-30,14.6492,14.9186,14.6492,14.8751,123443
2023-03-31,14.9273,14.9881,14.7796,14.9099,491585
2023-04-03,14.9099,14.9099,14.6753,14.823,371565
2023-04-04,14.8404,14.8404,14.558,14.684,164088
2023-04-05,14.5623,14.6579,14.545,14.5971,161906
2023-04-06,14.6405,14.7014,14.545,14.6927,215487
2023-04-10,14.6319,14.684,14.4755,14.6666,121120
2023-04-11,14.5971,14.7883,14.571,14.7448,169572
2023-04-12,14.8143,14.9099,14.7535,14.823,282800
2023-04-13,14.8491,14.9533,14.7709,14.8665,213352
2023-04-14,14.8143,14.8578,14.7014,14.823,193225
2023-04-17,14.8404,14.8578,14.7448,14.8056,145078
2023-04-18,14.8404,14.9099,14.7101,14.7709,144616
2023-04-19,14.6753,14.7274,14.6145,14.7274,123722
2023-04-20,14.6666,14.7969,14.6666,14.7101,111689
2023-04-21,14.7101,14.8404,14.6666,14.7709,78739
2023-04-24,14.823,14.823,14.6666,14.7535,151828
2023-04-25,14.7187,14.7709,14.6492,14.7448,117710
2023-04-26,14.7274,14.7883,14.5537,14.571,234544
2023-04-27,14.5696,14.7004,14.5609,14.6568,150741
2023-04-28,14.587,14.7701,14.587,14.6742,268856
2023-05-01,14.6393,14.8311,14.6393,14.805,168356
2023-05-02,14.7614,14.7614,14.4911,14.5696,230169
2023-05-03,14.5696,14.6611,14.5173,14.5609,140477
2023-05-04,14.2993,14.9576,14.2993,14.9358,1778889
2023-05-05,14.9358,15.4676,14.9358,15.4589,304860
2023-05-08,15.4066,15.6507,15.4066,15.4764,181139
2023-05-09,15.424,15.4328,15.2497,15.3892,166628
2023-05-10,15.3979,15.5287,15.3804,15.4764,172799
2023-05-11,15.4328,15.6595,15.3194,15.581,178268
2023-05-12,15.581,15.6682,15.4153,15.4676,83590
2023-05-15,15.5025,15.8687,15.5025,15.8513,216194
2023-05-16,15.8251,15.8251,15.2409,15.2584,368404
2023-05-17,15.3281,15.4589,15.1712,15.4066,374088
2023-05-18,15.4023,15.4502,15.2584,15.2758,140572
2023-05-19,15.3369,15.4328,15.1886,15.2758,124815
2023-05-23,15.1886,15.3543,15.0491,15.2497,452115
2023-05-24,15.1538,15.2497,15.084,15.1363,199875
2023-05-25,15.1102,15.1538,15.0055,15.0317,186421
2023-05-26,15.0055,15.1799,14.9794,15.0578,646820
2023-05-29,15.0143,15.2758,15.0143,15.2584,69819
2023-05-30,15.1869,15.3619,15.1257,15.1257,392852
2023-05-31,15.082,15.3794,15.0645,15.3094,378305
2023-06-01,15.3182,15.4844,15.1432,15.3444,425058
2023-06-02,15.4144,15.7118,15.3488,15.6156,393751
2023-06-05,15.6069,15.6418,15.4494,15.4844,250840
2023-06-06,15.5281,15.6331,15.4144,15.6156,165194
2023-06-07,15.6243,15.7468,15.5544,15.6593,443482
2023-06-08,15.6593,15.6593,15.4581,15.5456,119257
2023-06-09,15.4931,15.6156,15.4494,15.4931,153626
2023-06-12,15.4669,15.5412,15.4144,15.4844,112374
2023-06-13,15.5544,15.6025,15.4056,15.4669,181481
2023-06-14,15.4669,15.6506,15.4406,15.5806,138663
2023-06-15,15.5281,15.5369,15.4056,15.5369,145218
2023-06-16,15.5281,15.6506,15.2394,15.2744,1581037
2023-06-19,15.2307,15.3882,15.2307,15.3094,80885
2023-06-20,15.3094,15.3707,15.1869,15.2744,228634
2023-06-21,15.1869,15.2307,15.0295,15.082,156838
2023-06-22,15.082,15.082,15.082,15.082,0
2023-06-23,14.697,14.8545,14.662,14.8108,147667
2023-06-26,14.7495,14.9682,14.6795,14.9245,93036
2023-06-27,14.9245,15.1344,14.9245,15.117,249637
2023-06-28,15.1432,15.2044,15.0295,15.1869,178506
2023-06-29,15.0889,15.2469,15.0889,15.2294,86926
2023-06-30,15.282,15.5015,15.0801,15.5015,263072
2023-07-04,15.519,15.7209,15.5103,15.6331,108290
2023-07-05,15.6331,15.7209,15.5849,15.6244,164236
2023-07-06,15.5278,15.5278,15.1591,15.3435,121363
2023-07-07,15.2908,15.3522,15.1855,15.2206,107154
2023-07-10,15.1855,15.282,15.045,15.2645,81449
2023-07-11,15.3347,15.361,15.2294,15.3171,107161
2023-07-12,15.4225,15.5717,15.3171,15.4927,87298
2023-07-13,15.4927,15.5015,15.3435,15.4137,111003
2023-07-14,15.4049,15.5717,15.282,15.5629,206917
2023-07-17,15.519,15.6683,15.4751,15.5893,194460
2023-07-18,15.6244,15.6507,15.4225,15.5015,158510
2023-07-19,15.598,15.677,15.5454,15.6507,207563
2023-07-20,15.6331,15.6419,15.4839,15.5717,94312
2023-07-21,15.5892,15.7736,15.4839,15.677,120718
2023-07-24,15.677,15.8438,15.677,15.8175,183904
2023-07-25,15.7648,15.9316,15.7209,15.8438,100004
2023-07-26,15.9052,16.1335,15.8262,16.0369,264791
2023-07-27,16.1247,16.1247,15.7911,15.8175,171016
2023-07-28,15.8688,15.9921,15.8336,15.9657,257610
2023-07-31,15.9305,16.0097,15.86,15.9393,265490
2023-08-01,15.8776,15.9921,15.7015,15.9569,171627
2023-08-02,15.9041,15.9041,15.7544,15.8072,112350
2023-08-03,15.8072,15.8336,15.5958,15.7544,138505
2023-08-04,15.7456,15.8776,15.6751,15.8424,137498
2023-08-08,15.8424,15.86,15.6839,15.7191,78452
2023-08-09,15.7367,15.7367,15.6046,15.7103,121823
2023-08-10,15.8512,16.1506,15.772,16.1506,205116
2023-08-11,16.1418,16.3884,16.0626,16.2299,151081
2023-08-14,15.9041,16.089,15.86,16.0626,124272
2023-08-15,16.0097,16.0626,15.9481,16.0273,108625
2023-08-16,16.0273,16.0273,15.7896,15.86,94428
2023-08-17,15.8512,15.9833,15.7896,15.8072,95398
2023-08-18,15.7456,15.8865,15.7191,15.8512,137313
2023-08-21,15.816,15.8336,15.5518,15.5518,110075
2023-08-22,15.543,15.6575,15.543,15.587,89104
2023-08-23,15.6135,15.86,15.5914,15.8248,106483
2023-08-24,15.8336,15.9041,15.6399,15.6575,79075
2023-08-25,15.6927,15.9393,15.6487,15.7456,80943
2023-08-28,15.7279,15.9129,15.7279,15.9129,164991
2023-08-29,15.8424,16.0978,15.816,16.0362,146041
2023-08-30,16.1319,16.1937,16.07,16.1407,79503
2023-08-31,16.0965,16.0965,15.9728,15.9993,350301
2023-09-01,16.0259,16.2644,15.9905,16.2556,237742
2023-09-05,16.176,16.3969,15.9993,16.176,195061
2023-09-06,16.1495,16.282,16.1054,16.2202,121587
2023-09-07,16.2379,16.3174,16.207,16.3085,178983
2023-09-08,16.3174,16.3174,16.1142,16.123,90636
2023-09-11,16.1319,16.3174,16.0523,16.1495,102739
2023-09-12,16.1054,16.1937,16.0435,16.0789,94283
2023-09-13,16.07,16.2644,16.0258,16.229,393909
2023-09-14,16.2644,16.8033,16.2644,16.7768,403564
2023-09-15,16.6973,16.8563,16.4411,16.6443,1536299
2023-09-18,16.5736,16.7238,16.5117,16.6266,77646
2023-09-19,16.6443,16.6443,16.3527,16.3881,130174
2023-09-20,16.5029,16.6001,16.4676,16.5206,106742
2023-09-21,16.3969,16.5206,16.2025,16.2202,189659
2023-09-22,16.2025,16.2555,16.0435,16.0612,107448
2023-09-25,16.0258,16.0612,15.7255,15.7608,137296
2023-09-26,15.7078,15.7785,15.3368,15.4251,180000
2023-09-27,15.4516,15.5311,15.0982,15.1954,231572
2023-09-28,15.1319,15.4776,15.1319,15.451,153299
2023-09-29,15.6371,15.6903,15.4067,15.4421,323178
2023-10-02,15.3712,15.3712,14.9989,15.0166,185784
2023-10-03,14.9546,14.9546,14.272,14.6089,360777
2023-10-04,14.6266,14.9812,14.6266,14.9723,649182
2023-10-05,14.9723,15.0787,14.8925,14.9989,244008
2023-10-06,14.8925,15.1319,14.6443,15.1053,189891
2023-10-10,15.256,15.4067,15.1407,15.2914,128594
2023-10-11,15.3092,15.5042,15.2471,15.4776,173158
2023-10-12,15.3535,15.4333,15.2471,15.3092,178649
2023-10-13,15.318,15.318,15.0255,15.0964,99738
2023-10-16,15.1939,15.318,15.0964,15.2826,126401
2023-10-17,15.1585,15.3801,15.1585,15.3269,113474
2023-10-18,15.2826,15.2826,14.9812,14.9989,141178
2023-10-19,14.9723,15.0078,14.6798,14.6798,137384
2023-10-20,14.7507,14.7596,14.3872,14.3872,144895
2023-10-23,14.2631,14.5645,14.0947,14.4582,271333
2023-10-24,14.5468,14.6354,14.4227,14.4936,75787
2023-10-25,14.3606,14.467,14.1656,14.1745,93942
2023-10-26,14.1302,14.3075,13.9795,14.0947,91154
2023-10-27,14.1302,14.1302,13.8288,13.8731,98117
2023-10-30,13.8805,14.0763,13.836,13.8894,166877
2023-10-31,13.925,14.0674,13.8271,13.9428,205398
2023-11-01,13.9695,14.361,13.667,14.3432,223079
2023-11-02,14.5656,14.9171,14.5122,14.9037,215019
2023-11-03,15.0639,15.3842,15.0372,15.2686,175662
2023-11-06,15.2241,15.2241,14.7347,14.9749,84621
2023-11-07,14.9838,14.9927,14.7347,14.7881,149554
2023-11-08,14.8326,15.2241,14.8148,15.0372,227366
2023-11-09,15.144,15.1618,14.9037,14.9482,158842
2023-11-10,15.0105,15.2419,14.8415,15.2241,124225
2023-11-13,15.0906,15.1084,14.8682,14.9838,125080
2023-11-14,15.2597,15.58,15.0372,15.5533,186837
2023-11-15,15.5978,15.7134,15.4554,15.4643,111963
2023-11-16,15.402,15.4198,15.2864,15.3041,99132
2023-11-17,15.3753,15.5266,15.2196,15.3308,81508
2023-11-20,15.2419,15.3264,14.9749,15.3041,155669
2023-11-21,15.2863,15.2863,15.0906,15.1351,208560
2023-11-22,15.144,15.3219,15.0817,15.1974,131413
2023-11-23,15.3041,15.3397,15.1796,15.2241,28291
2023-11-24,15.1618,15.1885,15.055,15.0906,57051
2023-11-27,14.9038,15.1974,14.9038,15.1262,141040
2023-11-28,15.144,15.2419,15.015,15.1351,129276
2023-11-29,15.2407,15.3122,15.1068,15.2675,160337
2023-11-30,15.1693,15.3479,15.1604,15.2854,304721
2023-12-01,15.2675,15.58,15.2675,15.5711,159796
2023-12-04,15.455,15.6782,15.4282,15.6247,149656
2023-12-05,15.6336,15.7854,15.5532,15.6514,208260
2023-12-06,15.7675,15.9996,15.6693,15.9461,273939
2023-12-07,15.9104,16.0086,15.8121,15.8657,209008
2023-12-08,15.7497,16.0979,15.7497,16.0264,150551
2023-12-11,16.0443,16.1425,15.9371,15.9907,171040
2023-12-12,15.9996,16.2675,15.9461,16.205,227100
2023-12-13,16.2496,16.955,16.1782,16.8925,295766
2023-12-14,17.1336,17.33,16.8121,16.8746,938405
2023-12-15,16.8389,16.8389,16.1604,16.2764,435140
2023-12-18,16.3746,16.3746,15.9818,16.0264,192441
2023-12-19,15.9907,16.1514,15.9729,15.9996,156284
2023-12-20,15.955,16.08,15.8211,15.83,181104
2023-12-21,15.9639,16.0711,15.7407,15.7764,103552
2023-12-22,15.7675,16.2407,15.7675,16.08,163635
2023-12-27,16.0443,16.2318,16.0175,16.0711,115162
2023-12-28,16.0337,16.186,15.989,16.0337,122906
2023-12-29,15.989,16.1144,15.98,16.0875,100902
2024-01-02,15.9979,16.0785,15.8994,16.0069,127899
2024-01-03,15.8904,15.8904,15.7382,15.8188,147078
2024-01-04,15.765,16.0875,15.7292,15.9711,568314
2024-01-05,15.8815,16.1412,15.8636,16.1144,239948
2024-01-08,16.1412,16.3562,16.0875,16.3473,261589
2024-01-09,16.2577,16.4727,16.1592,16.4279,198142
2024-01-10,16.3652,16.5712,16.3114,16.4547,221738
2024-01-11,16.5085,16.5085,16.3114,16.401,172749
2024-01-12,16.4906,16.6876,16.4548,16.6608,139465
2024-01-15,16.6697,16.6697,16.5085,16.6518,47193
2024-01-16,16.6249,16.6608,16.3831,16.4995,493932
2024-01-17,16.3473,16.4144,16.1233,16.1412,714268
2024-01-18,16.186,16.4727,16.1502,16.3204,308725
2024-01-19,16.3562,16.7683,16.3025,16.6966,168642
2024-01-22,16.6518,16.9026,16.6249,16.831,461947
2024-01-23,16.8937,16.9205,16.6608,16.8578,255436
2024-01-24,16.9116,16.9295,16.5622,16.5802,169489
2024-01-25,16.7145,16.7414,16.5175,16.5891,208673
2024-01-26,16.616,16.822,16.607,16.8041,112831
2024-01-29,16.8668,16.9385,16.6876,16.9116,123741
2024-01-30,16.8921,16.937,16.7394,16.9191,304624
2024-01-31,16.9011,16.964,16.8023,16.8292,277547
2024-02-01,16.8741,17.2335,16.6585,17.1617,284866
2024-02-02,17.0359,17.0808,16.7394,17.0089,183680
2024-02-05,16.8741,16.9101,16.645,16.7753,184624
2024-02-06,16.7394,16.928,16.7124,16.9191,121418
2024-02-07,16.8921,17.1078,16.8202,17.0628,109868
2024-02-08,17.0269,17.2156,16.9101,17.1437,146630
2024-02-09,17.1527,17.3683,17.0988,17.3414,107594
2024-02-12,17.2964,17.6019,17.2425,17.593,276129
2024-02-13,17.1976,17.3863,16.9191,17.0718,347273
2024-02-14,17.1796,17.6469,17.1437,17.6379,620913
2024-02-15,17.0089,17.584,16.982,17.539,291728
2024-02-16,17.3953,17.7098,17.3953,17.6379,204832
2024-02-20,17.2964,17.4761,17.1976,17.4582,312669
2024-02-21,17.5121,17.6738,17.4761,17.557,220485
2024-02-22,17.6648,17.7816,17.539,17.7727,285390
2024-02-23,17.8176,18.0871,17.7816,17.9164,235092
2024-02-26,17.8805,17.8805,17.5211,17.5211,412394
2024-02-27,17.6109,17.7008,17.4132,17.4851,113191
2024-02-28,17.4025,17.6008,17.3394,17.3575,146259
2024-02-29,17.4386,17.4926,17.1141,17.1502,228415
2024-03-01,17.1322,17.3755,17.015,17.3575,227136
2024-03-04,17.3034,17.4386,17.1502,17.3845,186839
2024-03-05,17.2854,17.4296,17.1502,17.2042,120110
2024-03-06,17.3394,17.4025,17.1592,17.2133,210602
2024-03-07,17.2313,17.4656,17.1682,17.4476,185894
2024-03-08,17.4746,17.5918,17.4296,17.5557,97491
2024-03-11,17.5647,17.5647,17.2313,17.4566,87144
2024-03-12,17.4115,17.4296,17.2944,17.3214,131446
2024-03-13,17.2854,17.3575,17.1051,17.1231,151909
2024-03-14,17.051,17.1141,16.8798,17.0781,172870
2024-03-15,16.997,17.1502,16.7807,16.9429,1789918
2024-03-18,17.0961,17.2944,17.0691,17.2854,209547
2024-03-19,17.2313,17.4296,17.2313,17.3394,102665
2024-03-20,17.3394,17.4836,17.2583,17.3394,136832
2024-03-21,17.4386,17.4386,17.3394,17.3845,85097
2024-03-22,17.3484,17.4746,16.8618,16.9068,164367
2024-03-25,16.9068,16.9159,16.632,16.6635,99426
2024-03-26,16.6545,16.8077,16.6275,16.6725,169862
2024-03-27,16.5173,16.9332,16.5173,16.8157,108938
2024-03-28,16.8066,16.9422,16.662,16.7976,240380
2024-04-01,16.8066,16.8744,16.4269,16.4721,131088
2024-04-02,16.3908,16.3908,16.1015,16.1376,216718
2024-04-03,15.6133,16.0834,15.6133,15.776,306381
2024-04-04,15.9749,16.011,15.7941,15.8845,187560
2024-04-05,15.8212,16.011,15.7398,15.8664,108539
2024-04-08,15.8393,15.9568,15.8302,15.9297,284140
2024-04-09,15.9658,16.1647,15.8845,16.0653,241819
2024-04-10,15.7941,15.8302,15.5048,15.6404,183102
2024-04-11,15.6946,15.8664,15.5319,15.7941,201964
2024-04-12,15.7308,15.7579,15.5409,15.6042,131217
2024-04-15,15.7217,15.7217,15.3059,15.3601,115148
2024-04-16,15.2697,15.6313,15.1793,15.2516,241293
2024-04-17,15.2787,15.3872,15.116,15.1974,239619
2024-04-18,15.2426,15.3149,15.0979,15.2336,116443
2024-04-19,15.2064,15.4053,15.2064,15.333,171951
2024-04-22,15.3963,15.8483,15.3827,15.8031,286985
2024-04-23,15.8212,15.9026,15.7398,15.7489,163782
2024-04-24,15.6856,15.776,15.5771,15.6223,154108
2024-04-25,15.4776,15.6856,15.3511,15.5681,129174
2024-04-26,15.6223,15.8664,15.5907,15.6133,75588
2024-04-29,15.639,15.8567,15.512,15.6027,119825
2024-04-30,15.5392,15.7297,15.5392,15.5936,294082
2024-05-01,15.5845,15.6027,15.3577,15.4847,673190
2024-05-02,15.5755,15.5755,15.3033,15.3305,679394
2024-05-03,15.4938,15.6843,15.4122,15.5755,268738
2024-05-06,15.5482,15.5845,15.3668,15.5301,702711
2024-05-07,15.639,15.648,15.3668,15.3759,439809
2024-05-08,15.2761,15.6752,15.2217,15.6027,796067
2024-05-09,15.6843,15.8295,15.5573,15.7841,957564
2024-05-10,15.8385,15.8385,15.639,15.6934,229884
2024-05-13,15.7387,15.8385,15.6027,15.7478,549084
2024-05-14,15.7841,15.8567,15.6752,15.8204,550066
2024-05-15,15.9565,16.283,15.9565,16.1379,412975
2024-05-16,16.1469,16.41,16.1469,16.3919,600505
2024-05-17,16.3374,16.3919,16.2286,16.283,227524
2024-05-21,16.2377,16.4009,16.1968,16.2286,165876
2024-05-22,16.1832,16.2649,15.9746,16.0562,142537
2024-05-23,16.0744,16.0925,15.7478,15.7841,188278
2024-05-24,15.8476,15.9655,15.7387,15.893,138205
2024-05-27,15.8295,16.0562,15.775,15.8476,66265
2024-05-28,15.8022,15.8385,15.4711,15.4757,156106
2024-05-29,15.4575,15.5301,15.3124,15.4212,238947
2024-05-30,15.4666,15.5392,15.4031,15.4938,182867
2024-05-31,15.5196,15.7836,15.4923,15.7017,266669
2024-06-03,15.6835,15.82,15.5651,15.647,469787
2024-06-04,15.6197,15.7927,15.5105,15.7199,280285
2024-06-05,15.8109,16.1659,15.7381,16.1477,319673
2024-06-06,16.0749,16.2114,16.0111,16.0749,187610
2024-06-07,15.9929,16.0657,15.8109,15.8564,113362
2024-06-10,15.8109,15.911,15.6834,15.8382,161176
2024-06-11,15.7563,15.9383,15.647,15.6561,307933
2024-06-12,15.7836,15.9201,15.7198,15.7654,103701
2024-06-13,15.7381,15.7381,15.5378,15.647,261659
2024-06-14,15.5469,15.7016,15.4741,15.6106,132655
2024-06-17,15.4923,15.6379,15.4286,15.5378,118993
2024-06-18,15.465,15.647,15.4286,15.4923,174932
2024-06-19,15.5196,15.5287,15.3102,15.3558,101690
2024-06-20,15.3011,15.6197,15.3011,15.4923,399316
2024-06-21,15.4104,15.5651,15.1282,15.2283,449144
2024-06-24,15.2465,15.6197,15.2465,15.5651,179031
2024-06-25,15.5196,15.5196,15.3649,15.4559,195525
2024-06-26,15.4286,15.4832,15.1464,15.1828,262390
2024-06-27,15.1828,15.4559,15.1828,15.4286,168225
2024-06-28,15.5001,15.6097,15.3905,15.5641,327526
2024-07-02,15.4727,15.6554,15.354,15.6463,475010
2024-07-03,15.7102,15.902,15.6006,15.6919,247031
2024-07-04,15.6645,15.8289,15.6645,15.7193,88374
2024-07-05,15.7102,15.8472,15.5549,15.6645,139988
2024-07-08,15.6737,16.0025,15.6006,15.9568,280758
2024-07-09,15.9659,16.0116,15.8107,15.9751,152772
2024-07-10,16.0482,16.0664,15.9477,15.9659,139731
2024-07-11,16.0847,16.4226,16.0847,16.3496,263841
2024-07-12,16.3952,16.4729,16.3039,16.3222,215230
2024-07-15,16.3587,16.7058,16.3496,16.6236,181635
2024-07-16,16.6784,16.788,16.5871,16.6601,162285
2024-07-17,16.6145,16.8063,16.5779,16.7606,273190
2024-07-18,16.7515,16.9159,16.5779,16.651,162462
2024-07-19,16.6145,16.8702,16.5779,16.8154,124924
2024-07-22,16.8337,17.2264,16.8245,17.2173,142267
2024-07-23,17.1716,17.4456,17.0985,17.3178,163760
2024-07-24,17.3269,17.5826,17.2082,17.2538,157808
2024-07-25,17.2173,17.4502,17.1351,17.1442,96445
2024-07-26,17.1899,17.4274,17.1899,17.3908,140089
2024-07-29,17.5096,17.5096,17.2812,17.3908,118242
2024-07-30,17.4639,17.5187,17.3178,17.3634,152630
2024-07-31,17.3894,17.3894,16.9588,16.9771,281154
2024-08-01,17.0504,17.1832,16.9588,17.087,221732
2024-08-02,16.9954,17.0962,16.7755,17.0321,109669
2024-08-06,16.7022,17.1328,16.5648,17.0779,164863
2024-08-07,17.1237,17.2611,16.8855,17.0046,119626
2024-08-08,17.0137,17.2428,16.8946,16.9404,166639
2024-08-09,17.0596,17.3344,16.8213,17.3344,156471
2024-08-12,17.3527,17.3894,17.0275,17.197,141182
2024-08-13,17.3436,17.4352,17.1603,17.2886,94207
2024-08-14,17.2794,17.3436,17.1237,17.2061,94279
2024-08-15,17.2336,17.3802,17.0779,17.1603,160443
2024-08-16,17.1237,17.2886,17.0046,17.2336,134789
2024-08-19,17.2428,17.4993,17.2428,17.4077,146701
2024-08-20,17.3802,17.426,17.2886,17.4077,85596
2024-08-21,17.3985,17.8062,17.3711,17.6917,420206
2024-08-22,17.6368,17.765,17.5451,17.7284,146370
2024-08-23,17.7559,18.0582,17.7192,17.9574,167446
2024-08-26,17.9941,18.1498,17.9574,18.0399,206651
2024-08-27,17.9941,18.4522,17.9208,18.388,306107
2024-08-28,18.4247,18.4888,18.0674,18.2323,228225
2024-08-29,18.214,18.2231,17.875,18.104,503222
2024-08-30,18.1852,18.3598,18.0473,18.3138,309399
2024-09-03,18.1117,18.4149,18.1117,18.3965,209047
2024-09-04,18.3598,18.8652,18.3598,18.7365,422859
2024-09-05,18.7825,19.0581,18.3873,18.856,526148
2024-09-06,19.0122,19.1317,18.663,18.9019,720457
2024-09-09,18.9295,19.1225,18.856,18.9203,480929
2024-09-10,18.9571,19.2419,18.9295,19.2235,352724
2024-09-11,19.1776,19.5819,19.003,19.5727,414547
2024-09-12,19.5635,19.6279,19.3614,19.4349,232983
2024-09-13,19.4441,19.9587,19.3889,19.9403,388008
2024-09-16,19.8484,19.8484,19.5727,19.7106,243391
2024-09-17,19.7381,19.7565,19.4671,19.6003,150461
2024-09-18,19.6003,19.6003,19.343,19.4165,278579
2024-09-19,19.5819,19.5819,19.3292,19.49,232319
2024-09-20,19.4441,19.6095,19.3706,19.5544,461358
2024-09-23,19.6371,19.6371,19.3706,19.4441,196377
2024-09-24,19.4441,19.5819,19.3614,19.4165,250970
2024-09-25,19.4165,19.4992,19.3062,19.3246,147512
2024-09-26,19.3522,19.5268,19.3154,19.389,227338
2024-09-27,19.4427,19.4796,19.157,19.2031,329282
2024-09-30,19.2123,19.4058,19.1478,19.3413,276908
2024-10-01,19.3506,19.3782,19.1294,19.1939,224267
2024-10-02,19.0741,19.24,18.9728,18.9728,205927
2024-10-03,18.9451,18.9451,18.5028,18.6134,470943
2024-10-04,18.5673,18.6318,18.337,18.3922,178166
2024-10-07,18.2448,18.4567,18.125,18.4567,229577
2024-10-08,18.5028,18.5028,18.1803,18.2264,204606
2024-10-09,18.2448,18.2448,18.1342,18.2172,170722
2024-10-10,18.1527,18.254,18.0144,18.0974,179568
2024-10-11,18.0789,18.383,18.0144,18.0974,323006
2024-10-15,18.0974,18.4752,18.0605,18.4199,231724
2024-10-16,18.4752,18.9175,18.4752,18.724,326883
2024-10-17,18.724,18.724,18.2817,18.4291,158624
2024-10-18,18.3922,18.5581,18.3646,18.4199,102717
2024-10-21,18.3738,18.5212,17.996,18.0882,146311
2024-10-22,18.0329,18.4015,18.0329,18.3277,338224
2024-10-23,18.3185,18.466,18.1619,18.1803,258480
2024-10-24,18.2079,18.2079,17.867,17.9131,483996
2024-10-25,17.9592,18.0052,17.7196,17.7472,570883
2024-10-28,17.8302,18.0789,17.761,17.7841,250520
2024-10-29,17.738,17.8947,17.6551,17.7104,372761
2024-10-30,17.7196,17.7657,17.5169,17.6366,216866
2024-10-31,17.5981,17.6906,17.2746,17.2839,420272
2024-11-01,17.3301,17.5796,16.9789,17.0528,337323
2024-11-04,17.099,17.2007,17.0066,17.136,335418
2024-11-05,17.1268,17.136,16.9419,17.0158,287582
2024-11-06,16.9511,16.9511,16.5953,16.7293,333653
2024-11-07,16.8772,17.3208,16.7293,17.0251,247164
2024-11-08,16.9327,17.173,16.7848,17.0066,307188
2024-11-11,17.0528,17.1545,16.7663,16.8495,361702
2024-11-12,16.8217,16.9327,16.7894,16.831,209326
2024-11-13,16.8033,16.8772,16.6831,16.8587,178575
2024-11-14,16.8957,17.0158,16.8033,16.9234,160142
2024-11-15,16.8957,16.9142,16.7386,16.8033,115794
2024-11-18,16.757,17.0251,16.7478,16.9511,438787
2024-11-19,16.8864,16.9742,16.6877,16.8864,167689
2024-11-20,16.868,16.9604,16.7201,16.8125,244542
2024-11-21,16.8495,16.9696,16.7848,16.8587,174660
2024-11-22,16.831,16.9696,16.7201,16.757,337948
2024-11-25,16.868,17.1268,16.8217,17.0158,292384
2024-11-26,16.9049,17.1915,16.5907,16.6646,457611
2024-11-27,16.7108,17.0066,16.6923,17.0066,250460
2024-11-28,16.9327,17.099,16.9327,16.9696,69652
2024-11-29,16.9325,17.2107,16.9325,17.2015,200735
2024-12-02,17.1922,17.1922,16.9882,17.1644,295507
2024-12-03,17.1087,17.2896,17.0995,17.1736,373631
2024-12-04,17.1551,17.3591,17.1551,17.1551,217131
2024-12-05,17.1551,17.1829,16.8676,16.9882,335389
2024-12-06,16.9511,17.0345,16.7517,16.7842,333706
2024-12-09,16.7656,16.9325,16.5431,16.6265,443765
2024-12-10,16.6358,16.6358,16.4318,16.4782,263039
2024-12-11,16.5431,16.608,16.3391,16.5431,257385
2024-12-12,16.5245,16.5245,16.3854,16.4503,123376
2024-12-13,16.4596,16.4596,16.2741,16.2927,241197
2024-12-16,16.2742,16.4735,16.2278,16.2742,220085
2024-12-17,16.2278,16.4503,16.1722,16.3669,246784
2024-12-18,16.3669,16.4503,15.9171,15.9311,440990
2024-12-19,16.0238,16.0238,15.4859,15.4952,658548
2024-12-20,15.5601,15.9681,15.4859,15.9218,1765624
2024-12-23,15.8476,15.8569,15.6436,15.8012,230530
2024-12-24,15.7734,15.9125,15.7641,15.8476,79480
2024-12-27,15.7456,15.9821,15.7456,15.8661,152097
2024-12-30,15.7363,15.8198,15.5972,15.6899,297834
2024-12-31,15.7737,16.0157,15.7458,15.9133,306723
2025-01-02,15.9319,16.1832,15.8668,15.9598,299793
2025-01-03,15.9877,16.1273,15.9226,16.0994,292749
2025-01-06,16.1552,16.1925,15.8295,16.0808,232776
2025-01-07,16.0994,16.2018,15.8109,15.8202,648057
2025-01-08,15.8202,15.8668,15.5457,15.8202,314552
2025-01-09,15.783,15.8109,15.6853,15.7644,78529
2025-01-10,15.7272,15.7458,15.5038,15.6248,262161
2025-01-13,15.5597,15.8016,15.4387,15.5597,170175
2025-01-14,15.5783,15.6527,15.4387,15.6248,302912
2025-01-15,15.8109,15.9412,15.69,15.7272,312041
2025-01-16,15.7365,15.783,15.5224,15.7458,415004
2025-01-17,15.7086,15.7737,15.5178,15.6062,499758
2025-01-20,15.6341,15.7318,15.5969,15.7179,102826
2025-01-21,15.7272,15.783,15.5224,15.5597,203556
2025-01-22,15.5597,15.5876,15.3829,15.448,365415
2025-01-23,15.4573,15.4759,15.2991,15.3549,633806
2025-01-24,15.327,15.5131,15.3084,15.4573,170822
2025-01-27,15.448,15.6527,15.4108,15.5876,282997
2025-01-28,15.5876,15.7086,15.4852,15.5876,194424
2025-01-29,15.5783,15.6341,15.2433,15.2619,791754
2025-01-30,15.4294,15.4945,15.3084,15.4201,743136
2025-01-31,15.364,15.5789,15.3454,15.4388,686742
2025-02-03,15.0838,15.2987,14.785,15.2146,511465
2025-02-04,15.2146,15.4668,15.1679,15.4388,614109
2025-02-05,15.5508,15.8497,15.5508,15.8123,341008
2025-02-06,15.8404,15.9338,15.5041,15.5415,490872
2025-02-07,15.5415,15.5695,15.3173,15.4574,279070
2025-02-10,15.4574,15.6536,15.3173,15.6536,241319
2025-02-11,15.6162,15.7376,15.4855,15.5508,217868
2025-02-12,15.4107,15.6069,15.4107,15.4574,299108
2025-02-13,15.4388,15.859,15.1586,15.5695,772173
2025-02-14,15.5228,15.803,15.0465,15.0932,836861
2025-02-18,15.1305,15.2987,15.0745,15.1305,541112
2025-02-19,15.2239,15.2847,14.9998,15.2706,334522
2025-02-20,15.3173,15.3547,15.0558,15.1492,311012
2025-02-21,15.1305,15.2333,15.0091,15.1212,347106
2025-02-24,15.1586,15.308,14.9998,15.0652,456980
2025-02-25,15.1212,15.4341,15.1212,15.336,462443
2025-02-26,15.2987,15.6162,15.2987,15.5135,375292
2025-02-27,15.4481,15.5602,15.252,15.2706,489917
2025-02-28,15.3081,15.5425,15.2331,15.2988,654682
2025-03-03,15.28,15.6456,15.2425,15.4206,406001
2025-03-04,15.28,15.8284,15.0925,15.7206,545987
2025-03-05,15.6737,15.9081,15.6503,15.8331,311134
2025-03-06,15.7487,15.7581,15.4863,15.6362,284796
2025-03-07,15.6269,15.8518,15.5706,15.7206,271642
2025-03-10,15.6081,15.73,15.3269,15.4019,343522
2025-03-11,15.4019,15.4956,15.2425,15.3831,390172
2025-03-12,15.4113,15.73,15.3175,15.6925,372002
2025-03-13,15.7019,15.8518,15.5706,15.58,264385
2025-03-14,15.6737,15.73,15.4675,15.6925,203318
2025-03-17,15.6925,16.0675,15.6925,15.9925,593255
2025-03-18,15.955,16.1284,15.88,16.1049,634128
2025-03-19,16.1049,16.4049,16.1049,16.2831,370885
2025-03-20,16.2174,16.419,16.1424,16.3768,813881
2025-03-21,16.3393,16.5549,16.2081,16.5268,1012217
2025-03-24,16.4612,16.6393,16.4143,16.4143,339113
2025-03-25,16.4143,16.7705,16.3768,16.3768,351128
2025-03-26,16.4424,16.583,16.1143,16.1612,210372
2025-03-27,16.1237,16.5737,16.1237,16.4424,324091
2025-03-28,16.4518,16.4987,16.1799,16.2643,174930
2025-03-31,16.1796,16.65,16.1796,16.4713,688018
2025-04-01,16.4524,16.5465,16.3207,16.4524,280838
2025-04-02,16.2267,16.396,16.2267,16.3772,195482
2025-04-03,16.3113,16.6218,16.2173,16.2831,318496
2025-04-04,16.095,16.1044,15.493,15.6247,424561
2025-04-07,15.0602,15.587,14.8157,15.2766,661816
2025-04-08,15.5306,15.6999,14.8345,14.938,363599
2025-04-09,14.7686,15.6435,14.5617,15.5964,544137
2025-04-10,15.493,15.493,14.9003,15.0696,363878
2025-04-11,15.0226,15.239,14.9003,15.1355,317181
2025-04-14,15.2578,15.4365,15.1449,15.333,257178
2025-04-15,15.4177,15.5964,15.333,15.4177,451481
2025-04-16,15.3613,15.9445,15.3519,15.7093,342942
2025-04-17,15.8316,15.8786,15.7187,15.794,224018
2025-04-21,15.7563,15.8786,15.4271,15.7187,168679
2025-04-22,15.8034,16.0197,15.7752,15.8222,351226
2025-04-23,16.0197,16.0762,15.8034,15.841,153960
2025-04-24,15.8128,16.2737,15.8128,16.1138,418094
2025-04-25,16.1232,16.2502,16.0009,16.1608,168775
2025-04-28,16.095,16.1702,15.8974,16.0385,305093
2025-04-29,15.9539,16.0856,15.841,16.048,195175
2025-04-30,16.0196,16.4727,16.0008,16.4444,482589
2025-05-01,16.435,16.8976,16.2745,16.7843,381327
2025-05-02,16.8315,17.0627,16.7182,16.9353,186334
2025-05-05,16.8504,17.0864,16.6804,16.8504,371525
2025-05-06,16.8881,16.8881,16.3925,16.6332,265256
2025-05-07,16.6144,17.0014,16.4256,16.9919,260586
2025-05-08,16.5388,17.0675,16.4444,16.8126,318754
2025-05-09,16.7748,17.058,16.671,16.9542,128548
2025-05-12,17.1241,17.1241,16.6804,16.7748,249791
2025-05-13,16.7937,16.8787,16.6427,16.8409,197483
2025-05-14,16.8409,16.8409,16.5388,16.5672,167157
2025-05-15,16.5577,16.8315,16.5577,16.7843,148246
2025-05-16,16.8032,17.0864,16.8032,17.058,129966
2025-05-20,17.0392,17.3979,17.0297,17.3129,443502
2025-05-21,17.294,17.3412,16.8267,16.9731,332646
2025-05-22,16.8315,16.8787,16.7276,16.7937,150678
2025-05-23,16.7843,16.8787,16.7276,16.756,177127
2025-05-26,16.7843,17.1335,16.7748,17.0769,108615
2025-05-27,17.9359,18.5779,17.7943,18.3513,724700
2025-05-28,18.3513,18.5259,18.0492,18.4363,359603
2025-05-29,18.4646,18.6817,18.3135,18.4363,358434
2025-05-30,18.3605,18.5878,18.3605,18.4268,257368
2025-06-02,18.4741,18.6919,18.3889,18.3984,265331
2025-06-03,18.4079,18.6067,18.3321,18.4931,321999
2025-06-04,18.4457,18.5215,18.3416,18.37,130020
2025-06-05,18.3321,18.5025,18.2753,18.4173,234915
2025-06-06,18.4647,18.4647,18.2564,18.4363,162562
2025-06-09,18.4647,18.6541,18.4079,18.4173,445563
2025-06-10,18.4741,18.6541,18.4268,18.6446,129372
2025-06-11,18.6635,18.7487,18.5878,18.6067,352006
2025-06-12,18.5688,18.7109,18.5594,18.6825,177009
2025-06-13,18.5783,18.673,18.4552,18.5026,116499
2025-06-16,18.5499,18.5972,18.37,18.37,138631
2025-06-17,18.3605,18.3605,18.1238,18.3416,198588
2025-06-18,18.3889,18.5878,18.3889,18.4836,127033
2025-06-19,18.4647,18.5594,18.4457,18.4741,45121
2025-06-20,18.3984,18.5688,18.1427,18.4836,365812
2025-06-23,18.4931,18.6256,18.3984,18.4173,151251
2025-06-24,18.3889,18.4836,18.3132,18.3889,132381
2025-06-25,18.3132,18.3416,18.1806,18.1995,140201
2025-06-26,18.2185,18.2374,18.0007,18.1143,268636
2025-06-27,18.0196,18.5783,18.0196,18.4647,339053
2025-06-30,18.5217,18.7211,18.4077,18.6261,299325
2025-07-02,18.5787,18.7496,18.2747,18.4837,358768
2025-07-03,18.3792,18.5217,18.3222,18.4077,205767
2025-07-04,18.3887,18.6641,18.3222,18.5881,228150
2025-07-07,18.5122,18.5407,18.1987,18.2557,371305
2025-07-08,18.2842,18.2842,18.0657,18.1417,525009
2025-07-09,18.1892,18.3032,18.0562,18.0752,446804
2025-07-10,18.0562,18.3032,17.9803,18.0183,305546
2025-07-11,18.0183,18.0467,17.8568,18.0278,200521
2025-07-14,18.0562,18.4267,18.0088,18.4172,164768
2025-07-15,18.3887,18.5122,18.1417,18.2557,157483
2025-07-16,18.2937,18.3887,18.1607,18.2842,169952
2025-07-17,18.2842,18.3602,18.1417,18.1892,152638
2025-07-18,18.1417,18.1892,17.9708,18.0562,145773
2025-07-21,18.0562,18.1987,18.0277,18.1987,118024
2025-07-22,18.1987,18.2652,18.0847,18.1037,206205
2025-07-23,18.1607,18.3127,18.1227,18.2462,133636
2025-07-24,18.2082,18.2082,18.0183,18.0657,145287
2025-07-25,18.1322,18.1322,17.9138,17.9613,125861
2025-07-28,17.8948,17.8948,17.6003,17.6573,396467
2025-07-29,17.6858,17.8758,17.6668,17.8188,186017
2025-07-30,17.7713,18.0088,17.7143,17.7903,244272
2025-07-31,17.7617,17.8189,17.4282,17.4568,330753
2025-08-01,17.3139,17.3901,17.209,17.3139,246797
2025-08-05,17.3043,17.5473,17.2281,17.371,357993
2025-08-06,17.3615,17.5711,17.19,17.2662,311103
2025-08-07,17.2948,17.533,16.9422,17.0756,610193
2025-08-08,17.0375,17.2043,16.8279,16.9803,363673
2025-08-11,17.0089,17.0089,16.5801,16.7517,549450
2025-08-12,16.7326,17.0852,16.5801,16.9422,391630
2025-08-13,16.9422,17.0756,16.9232,17.047,204635
2025-08-14,16.9327,16.9327,16.6373,16.7802,504421
2025-08-15,16.7707,16.8517,16.7231,16.8088,308672
2025-08-18,16.7707,16.9136,16.6659,16.7135,282763
2025-08-19,16.7421,16.9613,16.7421,16.8851,299150
2025-08-20,16.9422,17.0566,16.8184,16.8279,386934
2025-08-21,16.866,16.9994,16.8184,16.9232,215388
2025-08-22,16.9232,17.2281,16.9232,17.1614,374860
2025-08-25,17.1614,17.1614,16.8946,16.8946,230969
2025-08-26,16.8946,16.9327,16.7707,16.8184,243209
2025-08-27,16.8469,17.047,16.8184,17.047,187886
2025-08-28,17.0185,17.1137,16.9232,17.0375,319999
2025-08-29,17.114,17.2479,16.9419,17.1809,332250
2025-09-02,17.1044,17.114,16.9037,16.961,208452
2025-09-03,16.9323,17.3148,16.9323,17.2861,325897
2025-09-04,17.2861,17.3913,17.2765,17.3626,201941
2025-09-05,17.3626,17.6207,17.3052,17.506,247648
2025-09-08,17.5156,17.5156,17.2861,17.353,138753
2025-09-09,17.2765,17.4486,17.0949,17.1522,169344
2025-09-10,17.1522,17.2574,17.0088,17.028,202191
2025-09-11,17.114,17.3339,17.0662,17.267,163259
2025-09-12,17.2861,17.4486,17.2479,17.3435,196953
2025-09-15,17.3721,17.3913,17.2383,17.2765,217227
2025-09-16,17.2383,17.3626,17.1236,17.267,168981
2025-09-17,17.2765,17.506,17.1044,17.1236,299218
2025-09-18,17.1331,17.2861,17.0758,17.0949,188458
2025-09-19,17.114,17.2861,17.0853,17.1714,1943590
2025-09-22,17.1809,17.267,17.114,17.1905,151808
2025-09-23,17.2096,17.4295,17.1905,17.3148,229279
2025-09-24,17.353,17.353,16.9993,17.0184,274097
2025-09-25,17.028,17.0758,16.7316,16.8559,321006
2025-09-26,16.961,17.1523,16.8845,16.9802,283580
2025-09-29,17.0761,17.1432,16.9802,17.1145,151474
2025-09-30,17.1336,17.2584,17.0569,17.2392,394580
2025-10-01,17.22,17.3255,17.1912,17.2584,201499
2025-10-02,17.268,17.4023,17.2488,17.3255,174441
2025-10-03,17.3063,17.3735,17.1672,17.2871,232614
2025-10-06,17.2679,17.2775,17.0185,17.0473,123414
2025-10-07,17.0569,17.0569,16.8458,16.865,189999
2025-10-08,16.8746,16.9897,16.7691,16.961,220486
2025-10-09,17.0185,17.1145,16.7979,16.8363,250127
2025-10-10,16.8554,16.9466,16.7211,16.913,273751
2025-10-14,16.8842,17.1912,16.8842,17.0089,178066
2025-10-15,16.9993,17.2008,16.9897,17.0377,158829
2025-10-16,17.0761,17.172,16.7787,16.7979,220675
2025-10-17,16.7211,16.9802,16.6924,16.961,211426
2025-10-20,16.9897,17.0473,16.8267,16.8938,172750
2025-10-21,16.8746,17.0377,16.8363,16.8842,179478
2025-10-22,16.8842,17.0953,16.8842,17.0089,140907
2025-10-23,17.0089,17.172,16.8746,16.9993,157258
2025-10-24,16.9802,17.0665,16.913,16.961,186272
2025-10-27,16.9226,16.9897,16.865,16.9418,157602
2025-10-28,17.0089,17.0089,16.7019,16.7115,145368
2025-10-29,16.7019,16.7115,16.3854,16.5005,309946
2025-10-30,16.4525,16.6156,16.4429,16.5005,164485
2025-10-31,16.4812,16.7315,16.3946,16.6834,182486
2025-11-03,16.6641,16.6834,16.5101,16.5294,205190
2025-11-04,16.6256,16.6256,16.3657,16.462,141597
2025-11-05,16.462,16.5294,16.1539,16.3176,617728
2025-11-06,16.2598,16.332,16.101,16.1443,277575
2025-11-07,16.1347,16.1443,15.7785,16.0673,363136
2025-11-10,16.125,16.1635,15.8362,15.9036,417746
2025-11-11,15.9036,16.1732,15.8459,16.125,302813
2025-11-12,16.125,16.2791,16.0673,16.2213,519082
2025-11-13,16.2309,16.2406,15.9614,15.971,184533
2025-11-14,15.9518,16.1732,15.8266,16.1635,244479
2025-11-17,16.0576,16.1347,15.9132,15.971,175701
2025-11-18,15.9036,16.1924,15.894,16.125,227000
2025-11-19,16.1347,16.1828,15.9229,15.9325,140960
2025-11-20,15.9325,16.1058,15.9036,15.9132,120238
2025-11-21,15.9518,16.1347,15.894,16.1347,285544
2025-11-24,16.125,16.2021,15.9036,15.9132,199792
2025-11-25,15.9999,16.125,15.9518,15.9806,312569
2025-11-26,15.9806,16.125,15.9036,15.9229,328672
2025-11-27,15.9229,16.0962,15.8844,16.0191,102182
2025-11-28,15.9805,16.1834,15.9129,16.1544,175172
2025-12-01,16.0868,16.1061,15.9129,15.9129,311137
2025-12-02,15.8742,15.9225,15.7196,15.8452,267757
2025-12-03,15.8452,16.1351,15.7969,15.8742,333181
2025-12-04,15.8839,15.9612,15.7776,15.8066,233224
2025-12-05,15.8259,15.8259,15.623,15.6906,366028
2025-12-08,15.7003,15.8066,15.3911,15.6713,496893
2025-12-09,15.6713,15.8646,15.652,15.7776,364548
2025-12-10,15.7776,15.9805,15.6955,15.7776,462222
2025-12-11,15.71,15.8452,15.565,15.6327,238193
2025-12-12,15.6037,15.7776,15.594,15.6037,205428
2025-12-15,15.594,15.7293,15.5167,15.652,396950
2025-12-16,15.6133,15.8162,15.6133,15.7486,311554
2025-12-17,15.7003,15.9418,15.7003,15.9418,276579
2025-12-18,15.9708,16.0868,15.9225,16.0095,266059
2025-12-19,15.9612,16.0675,15.8646,15.9032,1871621
2025-12-22,15.8452,15.9322,15.7873,15.8356,239359
2025-12-23,15.7969,15.8935,15.71,15.7293,250146
2025-12-24,15.7293,15.7873,15.6617,15.7196,140785
2025-12-29,15.71,15.8839,15.71,15.8162,213101
2025-12-30,15.8162,15.8935,15.8162,15.8356,178718
2025-12-31,15.8162,15.9035,15.7725,15.9035,170475
2026-01-02,15.9131,15.9713,15.8162,15.9422,162651
2026-01-05,16.1944,16.7859,16.0101,16.6598,987554
2026-01-06,16.6113,16.8926,16.6113,16.7859,485190
2026-01-07,16.8926,16.9604,16.6598,16.6889,384725
2026-01-08,16.6695,17.0477,16.6695,16.8538,467842
2026-01-09,16.815,16.9604,16.7762,16.7859,486209
2026-01-12,16.8344,17.1253,16.7277,16.9992,382169
2026-01-13,16.9798,17.1059,16.912,16.9411,277727
2026-01-14,16.9604,17.2029,16.9411,16.9798,298464
2026-01-15,16.9895,17.1835,16.9895,17.0768,270597
2026-01-16,17.0574,17.2611,17.0186,17.2126,373156
2026-01-19,17.1059,17.1738,16.9701,17.0671,145437
2026-01-20,17.1059,17.1059,16.8926,16.9507,302660
2026-01-21,16.9604,17.0962,16.9217,17.0283,244593
2026-01-22,17.0671,17.2223,16.9701,16.9701,242513
2026-01-23,16.9701,17.0477,16.8344,16.9895,425225
2026-01-26,17.1059,17.1059,16.815,16.8732,262084
2026-01-27,16.8635,17.0962,16.7859,16.7859,336273
2026-01-28,16.8344,17.038,16.7956,16.8344,361687
2026-01-29,16.9023,16.9798,16.6695,16.912,561995
2026-01-30,16.8925,17.1163,16.766,17.0677,415601
2026-02-02,17.1066,17.1844,17.0093,17.0482,477942
2026-02-03,17.0287,17.1747,16.9314,17.019,262517
2026-02-04,17.0774,17.4472,17.0774,17.1942,306753
2026-02-05,17.2331,17.3693,17.1066,17.1844,231682
2026-02-06,17.2525,17.4861,17.0239,17.0968,245491
2026-02-09,17.0774,17.3498,17.0774,17.3401,394210
2026-02-10,17.3109,17.418,17.2233,17.3401,246096
2026-02-11,17.3304,17.3693,17.1601,17.2428,374906
2026-02-12,16.9509,17.2233,16.2989,16.5617,1046901
2026-02-13,16.5033,16.6395,16.3184,16.4546,679092
2026-02-17,16.4935,16.62,16.406,16.5617,346578
2026-02-18,16.5227,16.8536,16.5227,16.6882,336521
2026-02-19,16.6687,16.6687,16.4449,16.5325,341415
2026-02-20,16.4935,16.6687,16.3962,16.659,461748
2026-02-23,16.659,16.659,16.3816,16.4838,410539
2026-02-24,16.5422,16.5422,16.2697,16.2697,334785
2026-02-25,16.3087,16.3719,16.2114,16.3379,195165
2026-02-26,16.2989,16.5033,16.2795,16.4838,503143
2026-02-27,16.4936,16.6303,16.3569,16.5033,586538
2026-03-02,16.4838,16.6498,16.2787,16.5717,253554
2026-03-03,16.3959,16.5815,16.2201,16.4838,360846
2026-03-04,16.5326,16.6303,16.3862,16.5619,241463
2026-03-05,16.4643,16.6205,16.4155,16.4447,376260
2026-03-06,16.4448,16.4448,16.103,16.1127,495076
2026-03-09,15.9272,16.2494,15.7026,16.2299,571165
2026-03-10,16.1908,16.2983,16.1127,16.2104,318068
2026-03-11,16.1518,16.2446,15.8393,15.8784,443074
2026-03-12,15.8295,15.8979,15.5073,15.644,569361
2026-03-13,15.7514,15.8588,15.6733,15.7416,355737
2026-03-16,15.8198,15.9955,15.8002,15.8979,212741
2026-03-17,15.9955,16.1616,15.9467,15.9662,203182
2026-03-18,15.81,15.9955,15.7221,15.7319,418880
2026-03-19,15.7026,15.7709,15.5756,15.7026,352570
2026-03-20,15.6342,15.9077,15.2827,15.351,2431587
2026-03-23,15.478,15.6342,15.3022,15.4389,202569
2026-03-24,15.5366,15.7905,15.3217,15.6538,318156
2026-03-25,15.8588,15.9662,15.6635,15.8686,559807
2026-03-26,15.81,15.9077,15.7124,15.7124,357760
2026-03-27,15.6342,15.6635,15.5268,15.6049,458481
2026-03-30,15.6245,15.8393,15.5463,15.5756,301900
2026-03-31,15.7521,15.7619,15.5952,15.6345,548539
2026-04-01,15.6835,16.0167,15.6345,15.9383,346836
2026-04-02,15.8403,16.154,15.8305,16.0559,308318
2026-04-06,16.105,16.2324,16.0069,16.0265,188258
2026-04-07,15.9775,16.0854,15.9481,16.0461,138058
2026-04-08,16.1148,16.3892,16.0657,16.3402,442063
2026-04-09,16.2618,16.3696,16.1442,16.1442,470612
2026-04-10,16.154,16.3402,16.0657,16.1246,249578
2026-04-13,16.0854,16.3304,15.9971,16.3304,308781
2026-04-14,16.3304,16.6147,16.3304,16.5951,248484
2026-04-15,16.5264,16.8499,16.5264,16.6637,502772
2026-04-16,16.7127,16.9675,16.6245,16.6441,398600
2026-04-17,16.6833,16.9479,16.6441,16.7421,946250
2026-04-20,16.6735,16.7813,16.5559,16.6833,256061
2026-04-21,16.6833,16.8009,16.5068,16.5657,746796
2026-04-22,16.6245,16.6931,16.4382,16.4676,301424
2026-04-23,16.5264,16.7813,16.4872,16.6931,445812
2026-04-24,16.7225,16.796,16.6539,16.6637,317075
2026-04-27,16.6833,16.7617,16.6441,16.7127,233735
2026-04-28,16.6343,16.8009,16.6049,16.6735,248176
2026-04-29,16.6735,16.8401,16.5755,16.5755,306032
2026-04-30,16.723,16.8509,16.723,16.7525,408407
2026-05-01,16.7624,16.9001,16.7329,16.7329,183541
2026-05-04,16.723,16.8607,16.6542,16.8017,257691
2026-05-05,16.782,16.9985,16.782,16.9493,280219
2026-05-06,17.028,17.205,16.9788,16.9985,206977
2026-05-07,17.2542,17.9723,17.1952,17.933,1196229
2026-05-08,17.9133,18.0215,17.5444,17.5493,527433
2026-05-11,17.451,17.7067,17.451,17.6969,348206
2026-05-12,17.6772,17.7166,17.51,17.6772,453306
2026-05-13,17.569,17.7756,17.4018,17.451,363114
2026-05-14,17.5985,17.7854,17.51,17.6772,521377
2026-05-15,17.6674,17.687,17.51,17.6477,354547
2026-05-19,17.6084,17.6477,17.2247,17.2641,229801
2026-05-20,17.2739,17.7854,17.2739,17.6379,343678
2026-05-21,17.5297,17.8936,17.5297,17.8248,310952
2026-05-22,17.8641,17.9231,17.6575,17.7067,171929
2026-05-25,17.7559,17.8444,17.687,17.7854,115231
2026-05-26,17.8149,17.992,17.751,17.9625,223971
2026-05-27,17.9231,18.2576,17.9231,18.2084,765259
2026-05-28,18.2379,18.3363,18.1297,18.2183,441734
2026-05-29,18.1886,18.3762,18.085,18.0998,273260
2026-06-01,18.1294,18.2775,17.9222,18.09,531843
2026-06-02,18.0801,18.2182,17.9222,17.9222,354511
2026-06-03,17.8728,18.011,17.8038,17.863,301118
2026-06-04,17.8827,17.9518,17.8235,17.9123,242123
2026-06-05,17.9419,18.3367,17.8926,18.2479,878624
2026-06-08,18.238,18.2577,18.0307,18.1097,250105
2026-06-09,18.159,18.7561,18.159,18.7117,771384
2026-06-10,18.6031,18.8696,18.3268,18.6821,273840
2026-06-11,18.7018,18.8893,18.5439,18.5834,263214
2026-06-12,18.6722,18.8203,18.6525,18.692,264691
2026-06-15,18.7117,18.8203,18.4748,18.5735,261023
2026-06-16,18.6031,18.7512,18.4847,18.4946,208882
2026-06-17,18.5538,18.761,18.3071,18.3564,528766
2026-06-18,18.3564,18.6722,18.3564,18.613,343398
2026-06-19,18.5538,18.8005,18.5538,18.7709,340932
2026-06-22,18.6821,18.7216,18.5045,18.6031,448731
2026-06-23,18.5538,18.8005,18.4255,18.4255,331586
2026-06-24,18.6031,18.6327,18.1492,18.2972,489548
2026-06-25,18.2676,18.4748,18.1294,18.1492,259649
2026-06-26,18.159,18.6426,18.1393,18.613,322006
2026-06-29,18.6426,18.6722,18.2479,18.3959,268445
2026-06-30,18.5048,18.6038,18.3662,18.3662,462568
2026-07-02,18.386,18.8414,18.3612,18.7721,338107
2026-07-03,18.782,18.9107,18.6236,18.7919,115626
2026-07-06,18.5741,18.7919,18.5147,18.6038,227914
2026-07-07,18.6137,18.7622,18.6137,18.6731,235954
2026-07-08,18.6236,18.6236,18.4652,18.6236,263955
2026-07-09,18.6137,18.7424,18.584,18.7325,274901
2026-07-10,18.8117,18.9503,18.5642,18.6137,239084
2026-07-13,18.6533,18.8711,18.584,18.8018,387610
2026-07-14,18.7523,18.8513,18.5345,18.6632,186284
2026-07-15,18.6632,18.9701,18.6632,18.8018,254526
2026-07-16,18.7919,19.0196,18.7721,18.8117,279645
2026-07-17,18.8414,18.9602,18.7028,18.8216,235173
2026-07-20,18.8216,18.8612,18.4751,18.485,249747
2026-07-21,18.4751,18.5494,18.3167,18.4553,141820
2026-07-22,18.5048,18.7424,18.4454,18.6632,174554
2026-07-23,18.5345,18.782,18.4058,18.5345,622363
2026-07-24,18.5642,18.7028,18.5147,18.6731,155724
2026-07-27,18.7226,18.8513,18.3662,18.4256,238315
2026-07-28,18.4949,18.7375,18.4949,18.6236,172537
2026-07-29,18.6038,18.7919,18.5246,18.7325,200810
2026-07-30,18.683,18.7226,18.4355,18.5939,331819
2026-07-31,18.574,18.6436,18.3953,18.4648,467469
2026-08-04,18.3953,18.6237,18.3853,18.4251,215245
2026-08-05,18.5045,18.5045,18.3357,18.4251,182576
2026-08-06,18.3754,18.7429,18.2165,18.5641,590197
2026-08-07,18.6634,18.8621,18.4847,18.7429,515465
2026-08-10,18.6833,18.7032,18.2264,18.4449,237796
2026-08-11,18.4449,18.5144,18.3059,18.3158,283506
2026-08-12,18.4648,18.4648,18.1569,18.3655,494422
2026-08-13,18.4648,18.7032,18.4648,18.4847,348770
2026-08-14,18.5442,18.6535,18.4549,18.5045,272352
2026-08-17,18.4747,18.6138,18.2016,18.2761,137372
2026-08-18,18.3357,18.3555,18.2562,18.2959,216359
2026-08-19,18.435,18.733,18.435,18.6734,278357
2026-08-20,18.6734,18.8224,18.5045,18.584,337627
2026-08-21,18.723,18.723,18.4052,18.5343,255943
2026-08-24,18.5343,18.7727,18.4747,18.7727,237589
2026-08-25,18.723,18.7628,18.435,18.5343,211039
2026-08-26,18.5542,18.6237,18.3555,18.3655,223326
2026-08-27,18.3853,18.3853,18.1668,18.1767,187288
2026-08-28,18.2065,18.2661,18.1171,18.1767,223526
2026-08-31,18.2066,18.2066,17.7781,17.8678,361255
2026-09-01,17.9276,18.107,17.4792,17.5689,274469
2026-09-02,17.6087,17.7881,17.519,17.6386,314222
2026-09-03,17.6585,17.7383,17.529,17.5788,309333
2026-09-04,17.4692,17.9276,17.4692,17.818,325627
2026-09-08,17.6984,17.7383,17.519,17.5988,235163
2026-09-09,17.5489,17.5888,17.3048,17.3098,326654
2026-09-10,17.3895,17.4493,17.0606,17.1304,269374
2026-09-11,17.25,17.4293,17.1304,17.3197,328398
2026-09-14,17.24,17.539,17.2101,17.4393,234821
2026-09-15,17.3695,17.4393,16.961,17.0606,392423
2026-09-16,17.0407,17.3695,16.9111,17.0407,231965
2026-09-17,17.0905,17.1304,16.961,17.0507,106847
2026-09-18,16.941,17.1005,16.9012,16.951,840378
2026-09-21,16.9211,17.1403,16.9111,17.1304,130192
2026-09-22,17.0806,17.2599,17.0806,17.1603,140739
2026-09-23,17.0208,17.2101,17.0108,17.1304,127743
2026-09-24,17.0606,17.2201,16.9709,17.2101,389487
2026-09-25,17.2101,17.3197,17.0706,17.3098,208765
2026-09-28,17.24,17.3546,17.1802,17.24,142150
2026-09-29,17.3,17.39,17.215,17.37,151656
2026-09-30,17.43,17.56,17.35,17.48,222571
2026-10-01,17.5,17.5,17.12,17.33,272209
2026-10-02,17.42,17.48,17.23,17.3,275318
2026-10-05,17.31,17.49,17.21,17.38,226514
2026-10-06,17.37,17.58,17.3,17.44,252215
2026-10-07,17.43,17.46,17.13,17.16,253555
2026-10-08,17.1,17.11,16.79,17,586748
