date,open,high,low,close,volume
2014-06-10,13,13.15,12.92,13.02,608400
2014-06-11,13.04,13.04,12.95,13.01,183700
2014-06-12,13.01,13.03,13,13.03,30400
2014-06-13,13.07,13.07,13,13,7700
2014-06-16,12.97,13,12.95,13,13000
2014-06-17,12.95,13,12.95,12.95,18300
2014-06-18,12.95,13,12.95,13,17400
2014-06-19,12.96,12.98,12.96,12.98,2400
2014-06-20,12.98,13,12.97,12.98,7100
2014-06-23,12.96,13.04,12.95,12.95,20500
2014-06-24,12.95,13.06,12.95,13.05,19200
2014-06-25,13.02,13.06,13.02,13.05,13500
2014-06-26,13.15,13.35,13.15,13.35,33000
2014-06-27,13.23,13.35,13.2,13.3,8700
2014-06-30,13.3,13.5,13.29,13.35,9700
2014-07-02,13.45,13.76,13.45,13.76,4100
2014-07-03,13.7,14.24,13.63,14.14,15700
2014-07-04,14.25,14.3,14.15,14.25,11000
2014-07-07,14.49,14.5,14.31,14.37,6200
2014-07-08,14.45,14.5,14.1,14.5,25400
2014-07-09,14.5,14.5,14.1,14.25,6400
2014-07-10,14.25,14.25,14.25,14.25,900
2014-07-11,14.39,14.39,14.1,14.1,2200
2014-07-14,14.4,14.55,14.3,14.45,54500
2014-07-15,14.5,14.57,14.45,14.57,46000
2014-07-16,14.99,15.45,14.98,15.3,20400
2014-07-17,15.43,15.95,15.39,15.45,26400
2014-07-18,15.59,15.7,15.59,15.7,2100
2014-07-21,16,16.49,15.99,16,13000
2014-07-22,16.39,16.4,16.19,16.2,3600
2014-07-23,16.47,16.48,16,16,8800
2014-07-24,15.84,16,15.75,15.95,211500
2014-07-25,15.8,16,15.8,15.99,3200
2014-07-28,15.85,15.85,15.8,15.82,2600
2014-07-29,15.85,15.85,15.51,15.6,5300
2014-07-30,15.51,15.85,15,15.65,8100
2014-07-31,15.41,15.41,14.9,15,4500
2014-08-01,14.91,15,14.55,15,7200
2014-08-05,15.15,15.15,15,15,2600
2014-08-06,15.09,15.25,15.09,15.15,1800
2014-08-07,15.01,15.28,15.01,15.25,3200
2014-08-08,15.3,15.3,15.3,15.3,2000
2014-08-11,15.5,15.99,15.5,15.85,6700
2014-08-12,15.6,16.15,15.6,16.15,53700
2014-08-13,16.15,16.25,16.15,16.2,18900
2014-08-14,16.43,17.35,16.43,16.95,25100
2014-08-15,16.75,17,16.75,16.95,2900
2014-08-18,16.96,17,16.64,16.93,14600
2014-08-19,17,17,17,17,12100
2014-08-20,17,17,16.75,16.81,6600
2014-08-21,16.97,17,16.82,16.82,10600
2014-08-22,17.005,17.005,17,17,2000
2014-08-25,17,17.05,17,17.05,400
2014-08-26,17.28,17.28,17,17.25,21800
2014-08-27,17.25,17.25,17.205,17.205,1600
2014-08-28,17.15,17.25,17.15,17.15,1800
2014-08-29,17.06,17.48,17.06,17.48,200
2014-09-02,17.4,17.58,17.4,17.58,6000
2014-09-03,17.65,17.92,17.16,17.16,10200
2014-09-04,17.34,17.79,16.5,17.11,5000
2014-09-05,16.88,17.09,16.5,16.5,5900
2014-09-08,16.6,17.08,16.6,17.08,2800
2014-09-09,17.1,17.88,16.98,17.29,4800
2014-09-10,17.08,17.08,17.06,17.07,1600
2014-09-11,17,17,16.6,17,6900
2014-09-12,17,17,16.71,16.99,6400
2014-09-15,17,17,16.8,16.95,8000
2014-09-16,16.85,17,16.85,16.91,15000
2014-09-17,16.9,16.9,16.54,16.74,1300
2014-09-18,16.83,17.49,16.83,17.49,3000
2014-09-19,17.39,17.49,17.39,17.47,12000
2014-09-22,17.3,17.3,17,17,7400
2014-09-23,16.9,16.91,16.25,16.34,3900
2014-09-24,16.25,16.27,16,16,7300
2014-09-25,16.01,16.01,16,16,5000
2014-09-26,16,16,15.8,15.8,900
2014-09-29,15.8,15.8,15.75,15.75,7100
2014-09-30,15.75,15.94,15.65,15.94,5100
2014-10-01,16.03,16.25,16.03,16.23,2000
2014-10-02,15.57,16.32,15.57,16.32,1700
2014-10-03,16.32,16.32,16.32,16.32,39000
2014-10-06,15.76,16.32,15.76,16.3,11000
2014-10-07,16.3,16.3,15.87,15.87,13500
2014-10-08,15.78,15.78,15.01,15.75,15000
2014-10-09,15.07,15.5,15.05,15.5,8000
2014-10-10,15.59,16,15.51,16,2000
2014-10-14,15.99,16,15.69,15.85,4200
2014-10-15,15.75,15.89,15.14,15.89,45000
2014-10-16,15.74,15.79,15.74,15.79,700
2014-10-17,15.61,15.88,15.26,15.26,2100
2014-10-20,15.36,15.46,15.36,15.46,500
2014-10-21,15.55,15.56,15.55,15.55,700
2014-10-22,15.71,16,15.71,16,1400
2014-10-23,15.96,16,15.68,16,9300
2014-10-24,15.91,15.91,15.69,15.69,1900
2014-10-27,15.78,15.79,15.78,15.79,400
2014-10-28,15.81,15.91,15.8,15.91,5600
2014-10-29,15.9,15.9,15.9,15.9,700
2014-10-30,15.91,16.1,15.9,16.1,6700
2014-10-31,16.2,16.85,16.2,16.75,9000
2014-11-03,16.84,17.19,16.84,17,12400
2014-11-04,17,17.09,17,17.075,32100
2014-11-05,17.02,17.18,16.95,17.17,15600
2014-11-06,17.27,18.03,17.2,17.82,22900
2014-11-07,17.92,17.97,17.29,17.9,21000
2014-11-10,17.88,17.92,17.46,17.8,44300
2014-11-11,17.9,17.9,17.4,17.5,50900
2014-11-12,17.6,17.75,17.51,17.51,2600
2014-11-13,17.62,17.62,17.62,17.62,400
2014-11-14,17.62,17.73,17.62,17.73,500
2014-11-17,17.73,17.73,17.73,17.73,0
2014-11-18,17.63,17.82,17.6,17.82,2600
2014-11-19,17.92,18.27,17.92,18.27,800
2014-11-20,18.36,19.5,18.36,19.18,6200
2014-11-21,19.19,19.5,19.19,19.4,119600
2014-11-24,19.31,19.33,18.41,19.11,29400
2014-11-25,18.71,18.71,18.15,18.3,77300
2014-11-26,18.3,18.36,18.3,18.35,15300
2014-11-27,18.3,18.36,18.3,18.31,1400
2014-11-28,18.36,18.36,18.25,18.25,7200
2014-12-01,18.25,18.42,18.15,18.15,39600
2014-12-02,18.27,18.4,18.16,18.16,9400
2014-12-03,18.39,18.51,18.3,18.51,42600
2014-12-04,18.5,18.87,18.42,18.65,8900
2014-12-05,18.6,18.7,18.5,18.68,3000
2014-12-08,18.51,18.66,18.35,18.56,19800
2014-12-09,18.46,18.7,18.45,18.6,84000
2014-12-10,18.6,18.63,18.52,18.63,15700
2014-12-11,18.56,18.8,18.55,18.6,15100
2014-12-12,18.6,19.4,18.6,19.4,20500
2014-12-15,19.25,19.25,18.7,19,17000
2014-12-16,18.64,19.05,18.64,18.86,60700
2014-12-17,19,19,18.6,18.9,53100
2014-12-18,17.8,18.49,17.34,18.24,51200
2014-12-19,18.58,18.59,17.74,18.48,9300
2014-12-22,18.38,18.58,18.37,18.54,14800
2014-12-23,18.54,18.54,18.54,18.54,0
2014-12-24,18.36,18.36,18.35,18.35,800
2014-12-29,18.35,18.47,18.21,18.27,16400
2014-12-30,18.1,18.39,18.1,18.33,2900
2014-12-31,18.12,18.5,18.12,18.5,11700
2015-01-02,18.5,18.5,18.5,18.5,0
2015-01-05,18.65,18.65,18.3,18.3,15300
2015-01-06,18.65,18.65,18.3,18.47,6900
2015-01-07,18.5,18.5,17.78,18.15,2700
2015-01-08,18.47,18.52,18.47,18.48,3000
2015-01-09,18.53,18.53,18.27,18.45,700
2015-01-12,18.47,18.47,18.02,18.4,9500
2015-01-13,18.4,18.5,18.39,18.5,16900
2015-01-14,18.49,19.35,18.27,18.72,131400
2015-01-15,18.89,18.89,18.61,18.71,8500
2015-01-16,18.83,18.83,18.69,18.72,2400
2015-01-19,18.75,18.79,18.64,18.69,8100
2015-01-20,18.72,18.99,18.5,18.98,15700
2015-01-21,18.98,19.1,18.7,19.1,28800
2015-01-22,19.22,19.22,18.89,19.14,44400
2015-01-23,19.15,19.15,18.86,18.86,2400
2015-01-26,18.72,18.79,18.5,18.65,100000
2015-01-27,18.64,18.85,18.64,18.85,28300
2015-01-28,18.85,18.9,18.79,18.85,19200
2015-01-29,18.85,18.85,18.75,18.75,1300
2015-01-30,18.75,19,18.75,19,2700
2015-02-02,19.1,19.75,19.05,19.36,35500
2015-02-03,19.52,19.7,18.75,19.2,473900
2015-02-04,19.29,19.48,19.26,19.32,8300
2015-02-05,19.22,19.52,19.22,19.48,15900
2015-02-06,19.45,19.5,19.39,19.5,19200
2015-02-09,19.49,19.75,19.49,19.75,33900
2015-02-10,19.89,20.81,19.89,20.7,22300
2015-02-11,20.84,21.45,20.8,20.82,16200
2015-02-12,21,21.87,21,21.87,6800
2015-02-13,21.75,21.875,21.4,21.41,14700
2015-02-17,22.34,22.34,21.56,21.81,16900
2015-02-18,22,22,21.65,21.99,12200
2015-02-19,21.97,21.97,21.82,21.97,2600
2015-02-20,21.97,21.97,21.91,21.91,102500
2015-02-23,21.97,22,21.65,21.8,17200
2015-02-24,21.97,21.97,21.65,21.805,26400
2015-02-25,22,24.2,22,24.01,294100
2015-02-26,24.32,25.55,24.32,25.49,134900
2015-02-27,25.26,25.3,24,24.99,222000
2015-03-02,24.82,24.83,23.85,24,62000
2015-03-03,23.83,24.5,23.8,24.41,48600
2015-03-04,24.31,24.65,24.3,24.65,12400
2015-03-05,24.65,25,24.09,25,125900
2015-03-06,24.95,24.95,24.11,24.39,39700
2015-03-09,24.44,24.44,23.85,24.01,16100
2015-03-10,24,24.35,23.98,24.35,59100
2015-03-11,24.2,25.21,24.2,25,83400
2015-03-12,25,25.21,24.48,24.5,123500
2015-03-13,24.58,24.58,24.32,24.36,1800
2015-03-16,24.65,24.65,24,24.12,8600
2015-03-17,24.08,24.2,22.63,23.31,55300
2015-03-18,23.88,24.91,23.88,24.91,710900
2015-03-19,24.94,26.63,24.61,26.23,87700
2015-03-20,26.44,26.81,26,26.46,41500
2015-03-23,26.74,27.28,26.4,26.96,18600
2015-03-24,27.22,28.25,27.22,28.06,38300
2015-03-25,28.19,29.42,28.19,28.45,61700
2015-03-26,28.6,28.6,26.5,27.52,42900
2015-03-27,27.54,27.55,26.83,27.3,20100
2015-03-30,27.26,27.3,26.5,26.53,29900
2015-03-31,26.58,26.68,26.42,26.5,56700
2015-04-01,26.77,27,26.77,26.87,15800
2015-04-02,26.75,26.85,26.2,26.28,8400
2015-04-06,26.43,26.59,26.32,26.43,8300
2015-04-07,26.68,26.75,26.5,26.61,23400
2015-04-08,26.53,26.61,26.25,26.61,10300
2015-04-09,26.75,26.75,25.7,26.17,10300
2015-04-10,26.2,27.08,26.2,27.07,50200
2015-04-13,27.09,27.34,26.74,27.34,8900
2015-04-14,27.08,27.41,26.9,27.07,17400
2015-04-15,27.13,28.46,27,28.31,59300
2015-04-16,28.31,31.72,28.31,30.9,71000
2015-04-17,30.44,30.89,29.38,29.8,203900
2015-04-20,30,30.06,29.33,29.8,313400
2015-04-21,29.95,29.95,28.54,28.96,17500
2015-04-22,29,29,28.54,28.87,6600
2015-04-23,28.95,29.1,28.95,29.05,5500
2015-04-24,29,29,28.75,29,16800
2015-04-27,29,29,28.06,28.1,202900
2015-04-28,28.27,28.27,26.98,27.18,55300
2015-04-29,27.01,27.55,26.99,27.15,64900
2015-04-30,27.88,27.88,27,27.71,16800
2015-05-01,27.71,28.05,27.43,27.95,20400
2015-05-04,27.96,28,27.4,27.55,63000
2015-05-05,27.56,28.94,27.45,28.73,21100
2015-05-06,28.99,28.99,28.25,28.44,2900
2015-05-07,28.41,29.21,27.65,27.65,92500
2015-05-08,27.93,28.95,27.85,28.58,37200
2015-05-11,27.9,28.67,27.67,28.25,98200
2015-05-12,28.25,28.36,28.2,28.29,31800
2015-05-13,28.13,28.35,27.99,28.05,106500
2015-05-14,27.77,28.98,27.755,28.68,47700
2015-05-15,28.79,29.44,28.55,29.43,111600
2015-05-19,29.25,29.75,29.01,29.5,38500
2015-05-20,29.25,29.35,29.16,29.25,65500
2015-05-21,29.06,29.37,28.98,29.315,66700
2015-05-22,29.39,29.58,29.26,29.48,42700
2015-05-25,29.33,30.2,29.33,30.2,21200
2015-05-26,30.2,31.49,30.2,31.17,103500
2015-05-27,31.2,32.18,30.65,31.1,42000
2015-05-28,31.12,31.2,30.8,30.8,46700
2015-05-29,30.81,31.15,30.81,30.95,26900
2015-06-01,30.68,31.29,30.68,30.95,63400
2015-06-02,31,31.1,30.95,31.02,35700
2015-06-03,31.2,31.98,30.95,31.92,37800
2015-06-04,31.95,31.95,30.95,30.95,27900
2015-06-05,31,31.49,31,31.45,7800
2015-06-08,31.25,31.5,31.2,31.49,6900
2015-06-09,31.5,31.5,31.25,31.35,46600
2015-06-10,31.25,31.65,31.24,31.39,80600
2015-06-11,30.95,31.19,30.43,31.06,16700
2015-06-12,31,31.1,30.75,30.86,7600
2015-06-15,30.55,30.98,29.85,30,30300
2015-06-16,30.5,30.75,30.1,30.29,63400
2015-06-17,30.46,30.58,30.17,30.25,12100
2015-06-18,30.33,30.38,30.17,30.25,8400
2015-06-19,30.25,30.4,30.15,30.24,13100
2015-06-22,30.11,30.11,29.35,29.51,13800
2015-06-23,29.36,29.66,29.03,29.2,8600
2015-06-24,28.97,28.97,28.09,28.4,20700
2015-06-25,28.32,29.52,28.29,29.22,15700
2015-06-26,29.05,29.42,28.5,29.25,13100
2015-06-29,28.86,28.86,28.1,28.25,7800
2015-06-30,28.17,28.17,27.73,27.84,12400
2015-07-02,27.76,27.84,26.64,26.96,27300
2015-07-03,27.01,27.01,26.79,26.79,1700
2015-07-06,26.22,26.5,26.22,26.29,18400
2015-07-07,26.27,26.5,25.79,26.45,25000
2015-07-08,26.5,27.89,26.49,27.56,34200
2015-07-09,28,28.47,27.67,28.47,24100
2015-07-10,28.4,29.15,28.36,29.08,19300
2015-07-13,29.45,29.51,28.98,29,12100
2015-07-14,28.44,29.73,28.44,29.4,8500
2015-07-15,28.44,30,28.44,29.68,17400
2015-07-16,29.68,30.22,29.22,29.58,14600
2015-07-17,29.45,29.62,27.26,28.87,21100
2015-07-20,28.91,29.18,28.85,28.88,8400
2015-07-21,28.77,28.86,28.49,28.73,9700
2015-07-22,28.86,29.75,28.73,28.73,7500
2015-07-23,28.72,29.75,28.72,28.97,8600
2015-07-24,29.14,29.53,28.74,29.46,6700
2015-07-27,29.48,29.48,29.12,29.27,12900
2015-07-28,29.08,29.64,28.88,29.5,3700
2015-07-29,29.61,29.61,29.14,29.25,4400
2015-07-30,29.62,29.99,29.35,29.98,18000
2015-07-31,30,30.44,29.8,30.32,9200
2015-08-04,30.74,31.38,30.15,31.3,17800
2015-08-05,31.45,34.27,31.45,34,43900
2015-08-06,34,34,32.13,33.16,35800
2015-08-07,35.46,38.81,35.29,38.11,132400
2015-08-10,37.84,38.31,37.69,38.05,21700
2015-08-11,37.64,37.68,36.57,36.57,37800
2015-08-12,35.02,36.13,33.7,34.97,73300
2015-08-13,34.8,36.26,34.8,35.54,47500
2015-08-14,35.35,37.53,34.85,37.1,121700
2015-08-17,37.07,38.2,36.35,36.35,41900
2015-08-18,36.36,37.8,36.36,36.9,36300
2015-08-19,37.13,37.89,36.44,37.25,20500
2015-08-20,37.24,37.24,36.26,36.72,32000
2015-08-21,36.06,36.6,33.26,33.5,71600
2015-08-24,31,33.81,29.99,32.68,91600
2015-08-25,36.93,36.93,33.35,34.55,46600
2015-08-26,35.21,36.5,33.98,36.5,29600
2015-08-27,37.05,37.95,36.03,36.88,67600
2015-08-28,36.87,37.47,36.57,36.72,29500
2015-08-31,36,36.66,34.52,36.45,74700
2015-09-01,35.72,36.83,35.72,35.97,13300
2015-09-02,35.8,36.25,35.55,36.25,28500
2015-09-03,36.25,39.34,35.91,37.56,67800
2015-09-04,37.32,37.73,36.5,36.65,18300
2015-09-08,36.67,36.96,36.36,36.72,8100
2015-09-09,36.65,36.75,36.13,36.18,39100
2015-09-10,35.8,36.57,35.8,36.57,18400
2015-09-11,36.64,36.95,35.92,36.67,29200
2015-09-14,36.64,37.36,36.38,37.2,20000
2015-09-15,37.06,38.5,36.9,38.2,62200
2015-09-16,38.45,38.45,36.8,37.75,49300
2015-09-17,37.45,38.25,37.45,38,43000
2015-09-18,37.17,38.2,37.17,38,65900
2015-09-21,38.02,38.46,37.66,37.91,28800
2015-09-22,37.46,40.7,37.46,40.7,86500
2015-09-23,40.4,41.14,39.66,40.81,37000
2015-09-24,41,41.24,39.46,40.99,33700
2015-09-25,41.07,41.85,39.98,40.06,46200
2015-09-28,39.9,40.46,39.41,39.65,45800
2015-09-29,39.3,39.76,39.1,39.6,44900
2015-09-30,39.7,41.6,39.7,41.24,52200
2015-10-01,41.51,43.57,41.07,42.92,33200
2015-10-02,42.92,43.05,42.4,43,40600
2015-10-05,43.15,43.33,42,43.15,40900
2015-10-06,43.25,43.3,40.3,41.05,63200
2015-10-07,41.59,41.61,40.43,40.82,23800
2015-10-08,41,41.4,39.18,40.51,42000
2015-10-09,40.79,40.79,38.22,38.89,32300
2015-10-13,38.01,40.34,38.01,40.24,43200
2015-10-14,40.26,40.45,39.45,39.59,15200
2015-10-15,39.26,39.84,39.1,39.55,8400
2015-10-16,39.56,39.6,38.6,39.07,17900
2015-10-19,39.35,39.35,38.53,38.93,17200
2015-10-20,38.74,39.2,38.3,39,28100
2015-10-21,38.9,39.3,38.24,38.51,18300
2015-10-22,38.86,39.05,38.52,38.68,47300
2015-10-23,38.6,39.38,38.48,39.38,46500
2015-10-26,39.77,41.88,39.66,41.265,41400
2015-10-27,41.31,41.465,40.54,41.1,19400
2015-10-28,41.8,43.15,41.5,43.15,25900
2015-10-29,47.69,47.69,44.82,46.19,135000
2015-10-30,46.74,46.75,45.27,45.68,55700
2015-11-02,45.62,46.87,43.75,44.49,71700
2015-11-03,43.05,45.65,41.5,45.04,87700
2015-11-04,45.04,45.31,44,44.3,44000
2015-11-05,44.26,45,43.83,43.89,26900
2015-11-06,43.75,43.75,42.17,43.41,68600
2015-11-09,44.01,45.13,43.71,45,94000
2015-11-10,44.29,46.41,44.29,45.95,78900
2015-11-11,45.53,45.75,44.26,44.86,45000
2015-11-12,44.8,44.99,43.79,43.9,17400
2015-11-13,43.75,45.49,43.75,44.82,64900
2015-11-16,44.82,44.83,44.1,44.63,28000
2015-11-17,44.51,44.98,43.75,44.35,47400
2015-11-18,44.35,44.78,43.83,44,40600
2015-11-19,44.19,44.5,43.55,43.99,49400
2015-11-20,43.99,45.25,43.85,44.75,60200
2015-11-23,44.96,46.03,44.96,45.27,42600
2015-11-24,45.46,45.845,44.8,45.21,47200
2015-11-25,45.54,45.55,44.92,45.49,34200
2015-11-26,45.68,45.84,45.14,45.6,19100
2015-11-27,45.6,45.89,45.06,45.53,22000
2015-11-30,45.74,46.71,45.62,46.71,214500
2015-12-01,47.3,49.01,46.8,47.29,94800
2015-12-02,47.81,47.81,47,47.55,85000
2015-12-03,47.6,47.7,46.45,46.85,41800
2015-12-04,46.98,47.1,46.74,47.01,44900
2015-12-07,47.01,47.25,46.78,46.95,49200
2015-12-08,46.95,47,46.6,46.7,85400
2015-12-09,46.7,46.7,45.54,45.74,124200
2015-12-10,46.02,47.66,45.63,46.47,129200
2015-12-11,46.51,46.51,45.3,45.8,459300
2015-12-14,46.5,47.2,46.37,46.7,181700
2015-12-15,47,47.63,46.8,46.93,285300
2015-12-16,46.95,46.95,45.63,45.93,131300
2015-12-17,45.99,46.46,45.78,45.92,434000
2015-12-18,45.92,46,44.92,45.31,1086700
2015-12-21,45.56,46.63,45.56,46.19,111500
2015-12-22,46.25,46.65,45,45.78,62000
2015-12-23,46.11,46.52,45.1,45.48,49500
2015-12-24,45.51,45.53,44,44.8,24000
2015-12-29,44.85,48,44.85,47.67,89400
2015-12-30,47.82,48,46.96,47.7,62900
2015-12-31,47.7,48.19,46.79,46.92,103500
2016-01-04,46.69,47.58,45.39,46.04,128500
2016-01-05,46.12,48.29,46.12,48.21,107300
2016-01-06,48,48.25,47.2,47.98,39600
2016-01-07,46.66,49.4,46.46,47.95,112600
2016-01-08,48.21,52.01,48.21,51.4,190000
2016-01-11,52.29,52.29,47.03,47.87,190000
2016-01-12,47.93,49.61,47.57,49,152900
2016-01-13,49.55,49.88,48,48.3,73800
2016-01-14,47.56,47.8,45.68,46.3,159300
2016-01-15,45.24,46.08,43.75,45,118800
2016-01-18,43.77,45.7,43.21,43.75,23000
2016-01-19,43.57,45.1,42.84,43.5,115400
2016-01-20,42,43.6,38.84,42.92,268800
2016-01-21,43.18,44.02,42.81,43.5,181900
2016-01-22,43.96,47.53,43.96,46.95,148600
2016-01-25,47.77,47.77,45.27,46.53,51200
2016-01-26,46.81,47.275,46.1,47.01,85400
2016-01-27,47.21,47.42,45.99,46.48,60500
2016-01-28,46.58,46.99,45.33,45.83,65500
2016-01-29,46.1,47.5,46.1,47.02,89200
2016-02-01,47.59,47.59,46.41,46.56,36600
2016-02-02,47.17,47.25,45.58,46.54,49400
2016-02-03,47.33,47.33,44.46,45.11,46200
2016-02-04,45.01,45.21,43.22,43.64,81600
2016-02-05,43.16,43.16,37.4,37.915,423700
2016-02-08,35,36.36,33.86,34.67,311700
2016-02-09,34.08,36.34,33.91,34.49,81800
2016-02-10,35.01,35.72,34.16,34.26,61300
2016-02-11,35.01,35.01,32.79,33.12,60800
2016-02-12,33.22,33.97,32.605,33.46,92400
2016-02-16,36.38,37.92,35,37.38,128900
2016-02-17,36.38,38.5,36.19,37.3,137800
2016-02-18,37.31,39.73,35.1,38.47,161400
2016-02-19,38.08,39.75,38.04,39.41,112900
2016-02-22,39.99,40.52,39.28,40.22,90300
2016-02-23,40.36,40.36,39.6,39.8,137700
2016-02-24,39.74,40.33,38.62,38.97,86500
2016-02-25,38.83,39.08,37.6,38.42,89100
2016-02-26,38.4,39.36,38.24,39.14,44500
2016-02-29,39.14,39.84,39.07,39.4,63300
2016-03-01,39.43,40.46,38.82,39.27,68600
2016-03-02,39.05,39.41,38.24,38.57,52700
2016-03-03,38.5,38.5,36.33,36.38,163200
2016-03-04,36.33,36.395,34.56,35.09,152000
2016-03-07,35.1,36.5,34.66,36.23,121100
2016-03-08,36.01,37.51,35.52,36.75,180500
2016-03-09,37.01,37.15,36.11,36.15,53000
2016-03-10,36.36,36.36,34.55,35.6,97500
2016-03-11,35.75,36.59,35.55,35.82,268000
2016-03-14,35.94,36.49,35.22,35.73,73200
2016-03-15,35.7,35.7,33.53,33.87,178100
2016-03-16,33.95,34.95,33.75,33.87,110200
2016-03-17,33.86,34.15,33.5,33.94,83100
2016-03-18,34.1,35.12,34,34.88,216300
2016-03-21,34.99,35.04,34.77,34.95,77700
2016-03-22,34.85,35.62,34.77,35.52,336000
2016-03-23,35.51,37.69,35.51,36.8,108000
2016-03-24,36.79,38.2,36.56,38.03,93300
2016-03-28,38.08,38.54,38.08,38.25,41100
2016-03-29,38.33,39.64,38.07,39.48,132800
2016-03-30,39.99,41.34,39.71,41.21,159200
2016-03-31,41.75,43.15,41,43.15,145800
2016-04-01,42.79,44.8,42.39,44.47,181200
2016-04-04,44.98,44.98,42.97,43.59,129600
2016-04-05,43.21,44.32,43.17,44,178300
2016-04-06,44,45.81,43.91,45.64,400000
2016-04-07,45.35,45.67,43.17,44.7,456200
2016-04-08,44.75,45.86,43.92,45.25,118900
2016-04-11,45.55,46.38,45.38,46,151000
2016-04-12,46,46,44.61,45.04,86700
2016-04-13,45.15,46.29,44.11,45.95,110600
2016-04-14,45.88,46,45.26,45.97,30900
2016-04-15,46.01,46.24,45.55,45.99,52000
2016-04-18,45.87,46.1,45.73,45.97,45300
2016-04-19,45.87,46.03,44.39,46,82900
2016-04-20,46,46,44.8,45.01,40200
2016-04-21,45.42,45.42,44.33,44.62,92400
2016-04-22,44.56,44.56,42.71,43.29,100100
2016-04-25,43.11,43.79,43.07,43.48,41700
2016-04-26,43.61,43.77,43.15,43.27,16900
2016-04-27,43.24,43.36,42.78,43.24,62400
2016-04-28,42.93,43.17,41.15,41.38,122400
2016-04-29,41.27,41.93,40.76,41.63,81100
2016-05-02,41.91,41.91,40.21,40.28,61900
2016-05-03,40.5,42.955,40.5,42.92,48500
2016-05-04,42.51,42.93,41.84,42.11,66000
2016-05-05,45,48.47,44.01,46.85,297200
2016-05-06,46.93,49.62,46.87,48.94,184500
2016-05-09,48.26,48.26,46.15,47.19,241400
2016-05-10,47.59,49.87,47.27,49.31,236300
2016-05-11,49.47,50.47,48.8,49.61,161800
2016-05-12,49.87,50.41,49.11,49.76,128900
2016-05-13,49.17,49.17,47.68,48.67,103300
2016-05-16,48.49,49.75,48.49,48.92,27100
2016-05-17,48.85,49.42,48.35,48.53,35500
2016-05-18,48.3,48.78,47.62,48.03,32800
2016-05-19,48.02,48.35,47.53,47.91,35200
2016-05-20,48.26,49.52,48,49.1,79600
2016-05-24,49.15,50.4,48.5,48.97,75000
2016-05-25,49.16,49.2,48.74,48.89,14000
2016-05-26,48.98,50.13,48.84,50.07,57000
2016-05-27,50.04,51.18,49.9,51.02,83900
2016-05-30,51.89,51.89,50.46,50.54,22000
2016-05-31,50.52,51.83,50.52,51.77,67500
2016-06-01,51.7,52.21,51.28,52.13,55400
2016-06-02,52.02,52.03,51.3,51.62,44100
2016-06-03,51.62,52,50.7,51.37,40200
2016-06-06,51.37,51.99,51.37,51.79,35100
2016-06-07,51.93,52,50.5,50.67,50200
2016-06-08,50.99,50.99,49.47,49.63,82100
2016-06-09,49.48,50.5,48.82,50.09,19100
2016-06-10,49.63,49.93,47.43,48.55,78400
2016-06-13,47.33,50.61,47.33,50,65500
2016-06-14,49.58,49.88,48.55,48.76,23900
2016-06-15,48.78,50.25,48.55,49.91,38500
2016-06-16,49.26,50.21,48.94,50,70100
2016-06-17,50.12,50.22,49.05,49.52,81300
2016-06-20,49.98,52,49.98,51.25,130100
2016-06-21,51.9,52.21,51.44,51.8,129900
2016-06-22,51.8,52.74,51.69,52.25,63000
2016-06-23,52.52,54.31,51.98,53.81,223400
2016-06-24,50,53.48,49.25,51.41,100700
2016-06-27,50.55,50.94,49.44,49.67,103100
2016-06-28,50.5,52.65,50.5,51.16,61900
2016-06-29,51.89,51.89,51.3,51.53,46200
2016-06-30,51.56,52.58,51.34,51.88,56000
2016-07-04,52,53.07,51.26,51.57,20800
2016-07-05,51.57,52.21,51.32,51.93,22600
2016-07-06,51.67,51.75,50.67,51.07,73000
2016-07-07,51.02,51.73,50.83,51.53,14400
2016-07-08,51.95,53.2,51.48,52.66,132800
2016-07-11,53.1,53.44,52.73,52.88,65000
2016-07-12,53,53.1,52.72,53.1,42400
2016-07-13,53.24,53.25,52.66,52.8,58100
2016-07-14,53.25,53.25,52.48,53.04,51600
2016-07-15,52.9,52.9,50.77,51.71,51300
2016-07-18,51.84,51.84,50.8,50.98,78900
2016-07-19,51.01,52.715,51.01,52.53,102100
2016-07-20,52.53,53.69,52.45,53.12,75300
2016-07-21,53.1,53.33,52.94,53.12,40700
2016-07-22,53.25,53.7,53.08,53.59,34400
2016-07-25,53.59,53.59,52.51,52.87,25400
2016-07-26,52.92,55.67,52.92,54.18,147800
2016-07-27,55.43,60.15,55.31,59.19,260200
2016-07-28,60.02,61.81,58.54,61.51,145800
2016-07-29,61.23,62.65,60.93,61.79,70000
2016-08-02,62.09,63.03,61.59,62.74,101800
2016-08-03,63.28,63.69,61.45,61.75,79300
2016-08-04,61.6,64.07,61.6,61.76,75800
2016-08-05,62.27,62.27,61.665,61.81,35400
2016-08-08,61.9,61.9,59.54,59.94,84000
2016-08-09,60,61,59.61,60.76,113600
2016-08-10,60.95,60.95,59.02,59.51,40500
2016-08-11,59.7,60.35,59,59.53,40400
2016-08-12,59.23,60.31,58.21,58.86,68000
2016-08-15,58.88,60,58.52,59.26,33000
2016-08-16,59.7,59.76,58.51,58.78,89300
2016-08-17,58.64,58.88,57.56,57.85,52100
2016-08-18,57.58,58.34,57.58,58.34,52400
2016-08-19,58.1,59.3,58.02,58.96,32400
2016-08-22,58.9,59.51,58.83,59.42,71100
2016-08-23,59.76,60.72,59.5,60.71,138900
2016-08-24,60.55,63.64,60.55,63.05,247900
2016-08-25,63.13,63.13,61.29,62.21,68600
2016-08-26,62.82,62.82,60.92,61.65,38700
2016-08-29,61.65,62.03,60.87,61.33,25900
2016-08-30,61.5,61.89,61.17,61.8,17000
2016-08-31,61.77,63.25,61.58,62.14,53400
2016-09-01,62.3,64,62.3,62.77,51200
2016-09-02,62.63,63.62,62.35,62.55,57800
2016-09-06,62.85,64.56,62.85,63.94,68500
2016-09-07,63.85,64.1,62.96,63.86,42200
2016-09-08,63.6,64.34,63.32,64.29,65900
2016-09-09,63.98,63.98,61.4,61.98,107300
2016-09-12,61.66,63.55,61.04,63.23,119600
2016-09-13,62.87,63.25,62.23,62.6,76300
2016-09-14,62.7,63.48,62.6,63.25,102200
2016-09-15,63.29,63.84,61.88,62.27,96900
2016-09-16,62.19,62.45,60.82,61.69,306200
2016-09-19,62.13,64,61.79,61.79,68000
2016-09-20,61.85,63.3,61.76,63.03,150800
2016-09-21,63.32,63.43,62.75,63,43500
2016-09-22,63.79,63.79,62.79,63.25,40900
2016-09-23,63.1,63.22,61.56,61.67,38000
2016-09-26,61.55,62.47,61.34,62.16,34100
2016-09-27,61.92,64,61.5,63.41,104700
2016-09-28,63.99,65.46,63.485,64.88,56100
2016-09-29,64.68,67.91,64.41,66.17,100500
2016-09-30,66.1,67.69,66,66.83,58500
2016-10-03,66.85,67.71,66.35,66.57,84300
2016-10-04,66.55,67.49,66.02,66.5,57100
2016-10-05,67.01,69.85,66.62,66.93,67200
2016-10-06,66.89,67.51,66.64,66.85,25600
2016-10-07,66.99,66.99,65.51,66.49,28700
2016-10-11,66.75,66.81,64.2,64.26,127500
2016-10-12,64.3,66.09,63.74,65.39,63200
2016-10-13,64.01,65.24,62.31,63.34,73100
2016-10-14,63.88,66.5,63.88,66.17,59100
2016-10-17,66.15,67,65.2,65.42,50600
2016-10-18,66.2,67.1,65,67,46700
2016-10-19,66.97,67,65.5,66,39000
2016-10-20,65.7,65.76,64.8,65.64,106100
2016-10-21,65.52,66.62,65.42,66.23,26200
2016-10-24,66.78,66.89,65.88,66.19,29200
2016-10-25,66,66.46,64.14,65.98,43900
2016-10-26,65.66,66,63.16,63.63,92500
2016-10-27,63.75,64,62.63,62.93,382800
2016-10-28,62.75,63.18,61.06,62.09,113700
2016-10-31,61.66,65.77,61.66,65.54,72800
2016-11-01,66,67.58,65.73,66.12,134700
2016-11-02,66.42,66.57,65.14,65.49,44900
2016-11-03,64,65.74,63.47,64.85,95700
2016-11-04,64.81,65.26,63.4,65.03,78400
2016-11-07,64.75,67.54,64.75,67.1,214800
2016-11-08,66.8,67.05,65.95,66.35,106700
2016-11-09,65.33,68.04,65,68.02,78000
2016-11-10,68.14,69.18,68.14,68.45,130100
2016-11-11,68.77,68.77,64.86,65.01,55600
2016-11-14,65,65.06,61.64,63.44,172000
2016-11-15,63.6,64.26,61.66,61.75,102100
2016-11-16,62.07,62.95,60.05,62.51,64700
2016-11-17,62.5,62.72,61.86,62.34,46400
2016-11-18,62.5,64.3,62.17,63.68,64600
2016-11-21,64.04,64.44,62.81,63,50700
2016-11-22,62.9,64.14,62.71,64.14,78600
2016-11-23,64,65.21,63.7,64.01,50100
2016-11-24,63.7,64.62,63.7,64.05,19400
2016-11-25,64.37,64.8,63.945,64.13,26200
2016-11-28,64.15,64.75,63.9,64.03,47900
2016-11-29,63.9,64.45,63.37,64.35,220900
2016-11-30,64.42,64.42,61.4,62.02,70300
2016-12-01,61.2,61.38,57.81,59.26,147300
2016-12-02,59.31,59.43,57.96,58.1,94800
2016-12-05,57.96,59.51,57.81,58.06,95300
2016-12-06,58.1,58.1,56.54,57.29,63000
2016-12-07,57.11,57.61,56.49,57.38,57100
2016-12-08,57.33,57.99,56.47,57.73,72400
2016-12-09,57.88,58.54,57.48,58.3,146700
2016-12-12,58.18,60.93,58.1,60.35,149500
2016-12-13,60.4,60.97,59.91,59.99,70500
2016-12-14,59.99,60.25,59.7,60.18,174800
2016-12-15,59.25,60.45,59.25,60.34,53500
2016-12-16,60.46,61.25,60.1,60.27,52500
2016-12-19,60,60.8,59.96,60.52,35500
2016-12-20,60.76,63.11,60.5,62.01,144500
2016-12-21,61.81,62.27,61.28,61.99,30700
2016-12-22,61.81,62.35,60.7,61.5,58400
2016-12-23,61.31,62.39,61.31,61.87,30000
2016-12-28,62.2,62.85,61.59,61.82,48700
2016-12-29,62.04,62.56,61.64,61.83,42700
2016-12-30,62.07,63.77,62.07,62.5,94100
2017-01-03,62.76,62.76,60.5,61.12,81600
2017-01-04,61.11,61.4,60.26,61.1,54500
2017-01-05,60.87,60.94,58.91,60.44,61100
2017-01-06,60.76,61.68,60.2,60.86,40300
2017-01-09,60.92,61.69,60.69,61.39,43100
2017-01-10,61.39,62.44,61.39,62.01,50500
2017-01-11,62.08,63.56,62.08,63.47,93800
2017-01-12,64,64.36,62.73,63.51,43400
2017-01-13,63.46,65.41,63.46,64.92,62400
2017-01-16,64.82,64.82,63.99,64.4,23500
2017-01-17,64.25,65,63.99,64.96,79300
2017-01-18,64.96,65.46,63.8,64.5,70000
2017-01-19,64.5,65.71,64.27,64.44,42800
2017-01-20,64.72,65,64.14,64.76,41100
2017-01-23,64.74,65.96,64.6,65.65,82700
2017-01-24,65.9,65.97,65.06,65.73,40600
2017-01-25,65.7,66.31,65.32,65.95,135900
2017-01-26,66.04,66.135,65,65.3,67200
2017-01-27,65.19,67,65.19,66.8,57000
2017-01-30,66.99,67.2,65.15,65.43,66500
2017-01-31,65.43,66.19,65.24,65.69,61000
2017-02-01,65.78,65.99,64.88,64.92,52400
2017-02-02,64.98,66.21,64.52,65.58,31600
2017-02-03,65.87,66.14,65.3,66.05,66300
2017-02-06,66.01,66.43,65.3,66.19,34600
2017-02-07,66,67.62,65.98,66.73,37600
2017-02-08,66.8,69.265,66.65,68.91,94100
2017-02-09,69.08,70.3,68.9,69.78,99300
2017-02-10,69.46,71.63,69.46,71.39,135200
2017-02-13,71.15,72.19,70.68,71,46400
2017-02-14,71.1,71.5,70,70.91,90100
2017-02-15,71,72.44,70.74,72.37,65600
2017-02-16,72.4,74.6,72.24,74.6,82200
2017-02-17,74.31,74.31,73.36,74.21,59200
2017-02-21,74.99,76.05,73.94,75.22,113000
2017-02-22,75.1,76.17,73.57,75.29,65500
2017-02-23,75.29,75.51,73.8,73.86,53300
2017-02-24,73.99,74,71.96,72.2,134800
2017-02-27,72.21,72.68,71.35,71.81,112100
2017-02-28,72.41,74.045,72.15,72.38,132800
2017-03-01,72.02,74.06,68.25,73.87,240500
2017-03-02,73.99,75.95,73.85,75.62,170000
2017-03-03,74.14,74.23,71.16,72.65,118000
2017-03-06,72.26,72.49,70.9,71.62,142700
2017-03-07,71.27,71.98,70.22,70.41,176100
2017-03-08,70.46,72.55,70.31,72.44,109300
2017-03-09,72.43,74.5,72.17,73.04,153100
2017-03-10,73.71,74.24,72.5,72.7,86400
2017-03-13,72.55,73.95,72.55,73.52,42500
2017-03-14,73.51,73.86,72.71,73.18,39600
2017-03-15,73.36,74.24,73,73.98,56800
2017-03-16,74,74.28,73.09,73.43,48200
2017-03-17,73.29,73.72,72.545,72.6,74700
2017-03-20,72.68,73.84,72.38,73.47,47800
2017-03-21,73.8,75.38,72.71,72.79,109600
2017-03-22,71.95,72.57,71.4,72.26,57900
2017-03-23,72.1,73.07,71.85,72.54,87200
2017-03-24,72.22,73.4,72,72.39,46700
2017-03-27,72.12,73.87,72,73.27,52600
2017-03-28,73.36,74.25,72.9,73.38,51900
2017-03-29,73.55,74.39,73.43,74.06,29500
2017-03-30,74.08,75.21,74,74.21,67100
2017-03-31,74,74.39,73.76,74.17,41400
2017-04-03,74.12,76.22,74.12,75.72,74700
2017-04-04,75.5,77.36,75.45,76.56,78500
2017-04-05,77.47,77.61,75.25,75.64,67600
2017-04-06,75.79,76.52,75.22,76.24,58300
2017-04-07,76.23,76.71,75.81,76.33,40000
2017-04-10,76.47,77.9,76.47,77.2,59100
2017-04-11,77.12,78.04,75.71,76.08,58100
2017-04-12,76.18,76.22,75.27,75.49,47800
2017-04-13,75.52,76.85,75.52,76.25,112900
2017-04-17,76.5,76.82,75.07,76.61,26700
2017-04-18,76.6,76.94,76.39,76.69,68200
2017-04-19,76.73,77.11,76.59,76.71,24700
2017-04-20,77.5,78.52,76.36,78.06,73900
2017-04-21,78.2,78.24,77.44,77.68,34100
2017-04-24,78.87,79.69,78.12,79.24,63400
2017-04-25,79.24,81.95,79.24,81.12,99500
2017-04-26,81.29,81.43,80.38,80.6,65800
2017-04-27,80.99,80.99,78.9,79.87,43500
2017-04-28,80.02,81.95,79.8,81.85,33100
2017-05-01,81.87,85.06,81.87,84.09,117300
2017-05-02,84.25,86.36,84.25,85.75,108400
2017-05-03,86.5,86.87,82.75,83,155900
2017-05-04,84,86.4,82.7,85.4,143400
2017-05-05,86.32,86.69,83.65,86.1,95800
2017-05-08,86.01,86.82,85.18,85.75,117400
2017-05-09,86.15,86.5,85.43,85.76,56800
2017-05-10,85.76,86.26,85.32,86.13,48800
2017-05-11,85.74,86.4,84.67,84.73,57400
2017-05-12,84.55,85.16,83.88,84.4,43500
2017-05-15,84.44,84.6,83.95,84.53,49500
2017-05-16,84.4,87.45,84.4,86.84,70700
2017-05-17,86.38,86.38,82.85,83.37,126800
2017-05-18,82.9,85.33,82.25,85.15,92300
2017-05-19,85.52,86.7,84.55,85.95,60600
2017-05-23,85.95,89.66,85.95,88.29,124900
2017-05-24,89.12,89.97,87.5,89.66,86000
2017-05-25,89.93,90.64,88.6,89.55,82700
2017-05-26,89.01,90.845,89,90.08,50300
2017-05-29,90.86,91.2,89.94,90.97,37000
2017-05-30,91.98,91.98,89.9,90.03,35300
2017-05-31,90.12,90.22,89.07,90,128600
2017-06-01,89.37,91.01,89,90.62,52300
2017-06-02,90.75,91.2,90.33,90.79,44500
2017-06-05,90.85,90.85,88.97,89.39,48600
2017-06-06,89.43,89.8,88.02,88.14,59400
2017-06-07,88.13,89.25,88,88.86,49000
2017-06-08,88,89.1,87.52,88.99,167900
2017-06-09,89.49,90.1,85.09,85.44,120000
2017-06-12,85,85,78.5,81.88,177500
2017-06-13,82.46,83,80.04,80.73,122800
2017-06-14,81.17,82.51,80.32,80.66,96600
2017-06-15,79.75,84.17,79.31,83.68,119000
2017-06-16,83.96,84.87,82.95,84.06,179800
2017-06-19,84.71,86.73,84.5,85.44,74500
2017-06-20,85.89,87.66,84.23,85,53000
2017-06-21,85.35,87.42,85.32,86.35,61600
2017-06-22,86.62,87,85.76,86.15,44100
2017-06-23,86.04,87.64,86,86.69,23400
2017-06-26,87.05,87.05,85,85.26,67900
2017-06-27,84.93,85.54,81.88,82.39,80400
2017-06-28,83.27,83.58,82.41,82.45,58100
2017-06-29,82.44,83.02,79.49,79.76,101000
2017-06-30,79.63,80.92,78.81,80.74,75800
2017-07-04,80.33,81.24,78.65,78.67,35900
2017-07-05,78.27,79.54,77.76,78.4,77500
2017-07-06,78.07,78.69,77.29,77.48,122700
2017-07-07,77.55,78.94,77.5,78.53,42100
2017-07-10,78.62,79.97,78.5,79.52,41900
2017-07-11,80.12,80.48,78.67,79.29,28600
2017-07-12,80.21,81.94,79.75,81.2,67600
2017-07-13,81,81.87,80.02,80.02,34100
2017-07-14,80.3,81.325,79.84,80.24,30300
2017-07-17,80.4,81.78,79.5,80.05,34500
2017-07-18,79.68,80.65,79.6,80.45,26600
2017-07-19,80.57,80.78,79.78,80.66,24600
2017-07-20,80.7,81.45,80.28,81.25,43000
2017-07-21,81.65,81.94,80.64,80.71,53100
2017-07-24,79.58,82.24,79.58,81.95,23300
2017-07-25,83.91,83.91,81.03,82.73,41800
2017-07-26,82.8,82.8,80.24,81.4,34700
2017-07-27,82.2,82.36,79.7,79.98,55600
2017-07-28,80.19,81.27,79.84,81.14,61900
2017-07-31,80.91,81.52,80.03,80.19,58900
2017-08-01,80,80.71,79.7,80.43,85900
2017-08-02,80.43,81,79.99,80.57,75100
2017-08-03,80.565,80.79,79.09,79.85,46100
2017-08-04,80.34,80.75,79,80.34,130800
2017-08-08,80.85,80.85,77.7,79.69,80300
2017-08-09,68,70,66.25,66.5,781400
2017-08-10,65.89,66.25,63.66,64.73,266300
2017-08-11,63.81,65.99,63.26,65.79,190400
2017-08-14,65.25,69.67,65.25,68,165100
2017-08-15,68.92,69.12,67.25,68.19,95100
2017-08-16,68.22,70.74,68.22,69.56,159500
2017-08-17,69.58,71,69.26,70.12,90200
2017-08-18,70.35,70.65,69.75,70.22,76300
2017-08-21,69.92,72.01,69.92,70.41,113300
2017-08-22,71.05,71.99,70.88,71.54,66800
2017-08-23,71.2,71.33,69.36,69.95,109500
2017-08-24,69.53,70.15,69.53,69.82,109300
2017-08-25,69.85,69.855,67.82,68.18,89300
2017-08-28,68.01,68.92,67.21,68.77,84400
2017-08-29,68.07,68.61,67.89,67.95,47500
2017-08-30,68.22,69.81,68.05,69.38,54300
2017-08-31,69.94,73.97,69.91,73.28,221400
2017-09-01,73.63,73.63,71.3,72.78,99900
2017-09-05,72.86,73.75,71.9,73.44,95200
2017-09-06,73.71,74.22,72.8,73.52,104500
2017-09-07,73.96,75.03,73.41,74.64,87100
2017-09-08,74.84,75.73,73.48,74.2,108600
2017-09-11,75.01,75.93,74.06,75.46,104300
2017-09-12,75.87,78.15,75.87,77.49,167900
2017-09-13,77.5,78.66,76.7,77.56,143300
2017-09-14,77.52,77.99,76.74,77.08,133000
2017-09-15,76.92,76.92,73.47,73.47,585700
2017-09-18,74.02,75.1,74.02,74.81,105000
2017-09-19,75.04,76.29,74.85,75.57,62400
2017-09-20,75.79,76.48,75.46,76.13,69200
2017-09-21,76.26,76.26,74.57,75,79700
2017-09-22,74.99,77.39,74.97,76.42,107700
2017-09-25,76.33,76.35,73.52,73.94,91000
2017-09-26,73.97,74.14,73.34,74.07,88600
2017-09-27,74.02,74.91,72.99,74.06,85900
2017-09-28,74.01,74.57,73.5,73.81,66000
2017-09-29,73.82,74.3,73.52,73.7,77300
2017-10-02,73.83,74.48,72.91,73.71,71600
2017-10-03,73.95,74,72.5,72.78,103200
2017-10-04,72.6,73.08,70.14,71.87,169000
2017-10-05,71.86,71.91,69.85,71.28,163500
2017-10-06,71.19,72.65,70.83,72.12,120500
2017-10-10,72.32,72.32,71.43,71.61,96900
2017-10-11,71.99,72,70.97,71.36,84400
2017-10-12,71.05,72.3,70.96,71.3,88500
2017-10-13,71.24,72.05,70.94,71.17,84200
2017-10-16,71.17,71.4,69.92,70.22,82200
2017-10-17,70.01,70.24,68.71,68.95,95300
2017-10-18,69,69,67.21,67.42,115700
2017-10-19,67.13,67.39,66.28,67.17,141900
2017-10-20,67.5,68.25,66.88,67.37,83000
2017-10-23,67.44,68.56,67.1,67.8,69000
2017-10-24,67.77,68.07,66.17,67.11,85100
2017-10-25,67.04,67.67,66,66.51,77100
2017-10-26,66.84,68.03,66.78,67.46,55900
2017-10-27,67.81,67.81,66.52,66.9,55300
2017-10-30,66.82,67.22,65.57,66.22,78600
2017-10-31,66.27,66.27,63.98,64.33,192800
2017-11-01,64.5,65.11,63.15,63.28,104600
2017-11-02,66.03,71.05,66.03,70.96,412300
2017-11-03,72.39,73.68,71.53,72.51,208100
2017-11-06,73.14,73.14,70.4,72.07,151200
2017-11-07,72.38,72.4,71.33,71.6,99300
2017-11-08,71.73,72.39,70.97,71.37,92600
2017-11-09,71.06,72.13,70.56,70.93,62400
2017-11-10,70.86,70.88,69.88,69.94,46700
2017-11-13,69.73,71.02,69.59,70.7,41000
2017-11-14,70.64,71.42,69.83,70.85,62700
2017-11-15,70.69,72,69.59,71.67,72300
2017-11-16,71.99,74.5,71.84,72.99,133900
2017-11-17,72.99,74.2,72.99,74,72300
2017-11-20,74,75.47,73.25,75.11,68800
2017-11-21,75.27,76.33,73.78,74.94,84100
2017-11-22,75.22,76.15,74.92,75.9,62000
2017-11-23,75.8,75.8,75,75.55,21900
2017-11-24,75.85,76.07,75.34,75.75,31400
2017-11-27,76.2,76.2,75.27,75.51,77200
2017-11-28,75.43,75.55,74.34,74.53,42800
2017-11-29,74.78,74.78,71.44,72.05,69500
2017-11-30,72.38,73.44,72,73.2,71900
2017-12-01,73.2,73.67,71.85,73.21,76700
2017-12-04,73.87,73.87,72.43,72.48,50600
2017-12-05,72.51,73.92,72.46,72.88,40400
2017-12-06,72.71,74.75,72.71,74.16,80600
2017-12-07,73.98,75.31,73.89,74.66,58000
2017-12-08,74.64,75.64,74.11,75.11,57200
2017-12-11,75.04,75.7,74.18,75.22,65200
2017-12-12,75.22,75.31,74.2,74.63,33300
2017-12-13,74.56,75.5,74.49,74.87,38900
2017-12-14,74.93,75.91,74.55,74.98,43600
2017-12-15,75.36,76.33,75.21,75.21,83100
2017-12-18,75.78,76.46,75.43,76.14,55400
2017-12-19,76.62,77.68,76.1,77.15,60300
2017-12-20,77.4,77.4,76.3,77.01,51300
2017-12-21,77.4,77.45,76.21,76.31,59100
2017-12-22,76.35,77.66,76.15,76.64,91800
2017-12-27,76.54,76.96,76.54,76.79,23300
2017-12-28,76.79,76.79,75.22,76.54,33600
2017-12-29,76.58,77.5,75.36,76.79,64900
2018-01-02,77.12,77.12,75.65,75.98,24300
2018-01-03,75.91,77.49,75.91,76.71,39900
2018-01-04,76.75,76.84,75.67,76.39,31800
2018-01-05,76.45,77.5,76.45,77.33,33600
2018-01-08,77.4,77.93,76.61,77,74900
2018-01-09,77.18,77.73,76.85,77.3,114000
2018-01-10,77.16,77.73,76.86,77.69,38600
2018-01-11,77.52,78.82,77.14,78.28,55400
2018-01-12,78.51,78.83,76.7,78.56,55500
2018-01-15,78.5,78.5,76.98,78.22,114800
2018-01-16,78.43,79.39,77.47,77.66,50500
2018-01-17,77.73,78.66,77.51,78.17,55200
2018-01-18,78.4,79,77.6,78.79,62100
2018-01-19,78.69,78.8,77.13,77.7,41100
2018-01-22,77.51,77.51,75.75,76.12,36500
2018-01-23,78,86.42,77.96,84.18,209900
2018-01-24,84.59,85.41,82.78,85.12,118400
2018-01-25,85.5,85.5,82.8,83.22,90700
2018-01-26,83.56,85.81,83.38,85.44,82000
2018-01-29,85.59,85.59,84.73,85.07,25000
2018-01-30,84.64,84.68,82.5,82.58,51500
2018-01-31,82.95,84.18,82.56,82.83,54700
2018-02-01,82.86,84.42,82.51,84.27,42200
2018-02-02,84.06,84.395,82.1,83.07,69700
2018-02-05,82.24,82.24,79.76,80.32,70800
2018-02-06,79.07,80.78,78.87,79.88,116800
2018-02-07,79.83,81.75,79.83,80.55,42300
2018-02-08,80.75,81.6,78.51,78.53,58000
2018-02-09,78.88,80.39,76.69,78.03,80100
2018-02-12,78.26,82.07,78.26,81.09,57100
2018-02-13,80.93,83.48,80.93,82.8,87300
2018-02-14,82.06,83.05,80.8,82.61,55700
2018-02-15,83.19,83.69,82.02,83.23,25200
2018-02-16,83.295,84.37,82.47,83.37,24500
2018-02-20,83.2,83.98,82.7,83.19,26200
2018-02-21,83.7,83.77,82.02,82.64,30700
2018-02-22,83.01,83.3,81.44,81.64,30400
2018-02-23,82.1,83.48,81.74,83.35,50300
2018-02-26,83.68,86.22,83.55,85.9,57500
2018-02-27,85.5,86.69,83.65,84.58,49200
2018-02-28,85.08,89.05,84.85,86.93,106000
2018-03-01,80.06,84.83,79.985,84.25,220600
2018-03-02,84,86.88,84,86.27,98300
2018-03-05,85.67,85.9,84.5,85.1,59400
2018-03-06,85.56,85.96,83.5,84.27,85400
2018-03-07,84.34,84.71,83.41,83.85,63000
2018-03-08,83.87,85.02,83.66,84.86,50800
2018-03-09,85.28,85.49,84.1,85,34400
2018-03-12,84.88,85.5,84.58,85.12,29000
2018-03-13,85.35,85.5,84.94,85.34,19300
2018-03-14,85.47,86.155,84.34,85.86,45500
2018-03-15,86.1,87.31,85.27,86.38,24200
2018-03-16,86.38,86.66,84.75,84.8,45900
2018-03-19,84.93,85.75,83.37,83.67,27500
2018-03-20,83.6,86.5,83.6,86.28,52400
2018-03-21,86.28,87.31,86.1,86.36,65200
2018-03-22,85.78,86.5,84.02,84.68,47200
2018-03-23,84.87,85.85,82.42,82.47,42300
2018-03-26,84.14,84.51,83.24,84.13,78100
2018-03-27,84.11,85.29,81.68,81.98,47200
2018-03-28,81.78,82.98,80.04,81.76,66000
2018-03-29,82.03,83.46,81.85,82.84,40500
2018-04-02,82.37,82.37,81.17,81.19,28600
2018-04-03,81.38,82.18,80.72,82.02,36400
2018-04-04,80.1,81.86,80.1,81.02,40800
2018-04-05,81.4,82.2,81.02,82.03,34200
2018-04-06,81.78,82.34,81.11,81.69,28900
2018-04-09,82.2,82.42,80.88,81.68,56900
2018-04-10,82.22,82.22,80.5,80.81,27200
2018-04-11,80.6,81.78,79.41,79.8,38200
2018-04-12,79.9,81.39,79.62,81.26,24200
2018-04-13,81.22,81.98,81.22,81.51,17700
2018-04-16,81.85,82.85,81.49,82.77,27200
2018-04-17,83.13,84.55,82.65,84.14,24400
2018-04-18,84.67,85.97,84.4,85.08,32300
2018-04-19,84.87,84.87,81.91,82.41,26500
2018-04-20,82.47,83.74,82.05,83.43,29300
2018-04-23,83.66,84.62,83.28,84.59,40000
2018-04-24,84.95,85.775,83.28,83.96,56000
2018-04-25,83.99,84.54,82.17,82.24,37100
2018-04-26,82.24,83.07,81.6,82.58,54600
2018-04-27,82.71,83.91,82.4,82.56,21500
2018-04-30,82.6,83.48,82.4,82.99,51800
2018-05-01,83.02,83.77,82.56,83.46,52800
2018-05-02,83.52,84.25,81.55,82.05,36900
2018-05-03,80.84,81.34,79.08,80.6,128100
2018-05-04,80.5,82.15,80.2,81.24,29700
2018-05-07,82,82.84,81.8,82.82,44200
2018-05-08,82.18,82.76,80.93,81.69,39900
2018-05-09,81.5,81.5,80.22,81.49,50200
2018-05-10,81.33,83,81.33,82.41,50900
2018-05-11,82.29,82.29,80.9,81.1,47800
2018-05-14,81.26,81.5,80.21,80.83,34600
2018-05-15,80.58,82.88,80.58,82.86,52400
2018-05-16,82.62,83.25,81.85,81.85,57300
2018-05-17,81.85,81.85,79.5,79.53,49300
2018-05-18,79.31,80.53,79.31,80.31,19700
2018-05-22,80.47,82.06,80.17,81.88,53600
2018-05-23,81,82.17,80.53,81.65,30000
2018-05-24,81.5,82.25,81.21,81.6,40400
2018-05-25,81.51,83.48,81.51,83,37900
2018-05-28,83,83.86,82.35,83.86,49000
2018-05-29,83.51,84.74,83.28,83.67,80900
2018-05-30,83.91,84.41,83.64,84.07,72800
2018-05-31,84.11,86.27,83.86,85.26,151000
2018-06-01,85.13,85.74,84.39,84.47,76800
2018-06-04,84.59,85.9,83.66,85.79,79500
2018-06-05,85.8,87.9,85.65,87.82,94700
2018-06-06,87.8,88.1,85.8,86.29,83100
2018-06-07,86.31,86.91,85.2,85.47,49800
2018-06-08,85.46,87.08,85.46,86.01,72000
2018-06-11,86.19,87.22,85.04,85.44,29100
2018-06-12,85.51,85.74,84.39,84.85,65800
2018-06-13,85.06,86.79,84.98,85.25,46500
2018-06-14,85.49,86.89,85.07,85.95,61300
2018-06-15,85.88,87.69,85.56,87.11,52300
2018-06-18,86.89,88.245,86.05,87.79,63300
2018-06-19,87.13,88.38,85.58,86.22,74800
2018-06-20,86.08,89.13,84.88,89,73400
2018-06-21,89.13,89.48,87.5,89.13,103200
2018-06-22,89.82,90.24,88.79,90.11,63700
2018-06-25,89.75,89.8,87.77,88.06,103700
2018-06-26,88.06,90.42,87.65,89.66,128200
2018-06-27,90,91.55,88.56,88.56,143000
2018-06-28,88.56,89.55,87.41,87.89,99800
2018-06-29,88.34,89.07,87.6,88.5,86400
2018-07-03,88.74,89.43,88.35,88.97,26500
2018-07-04,89,89.23,88.5,88.5,9500
2018-07-05,88.84,88.84,87.74,88.05,41900
2018-07-06,88.05,88.55,87.8,88,98000
2018-07-09,88.37,89.02,88.28,88.74,57600
2018-07-10,88.89,88.89,87.32,87.66,70800
2018-07-11,87.41,88.24,87.3,87.84,34100
2018-07-12,88.27,89.5,87.66,89.03,71100
2018-07-13,89,89.83,88.83,89.02,37400
2018-07-16,88.89,89.08,88.03,88.33,21300
2018-07-17,88.25,89.22,87.51,89.18,68200
2018-07-18,89.18,91.14,88.92,90.77,47100
2018-07-19,90.59,93.85,90.42,93.32,85400
2018-07-20,93.32,95.85,92.02,92.79,75600
2018-07-23,92.77,93.42,92.42,93.4,123700
2018-07-24,93.39,94.85,93.31,94.66,107300
2018-07-25,94.47,96.55,94.4,96.12,64500
2018-07-26,95.79,95.85,94.53,95.06,61600
2018-07-27,95.02,95.2,92.47,93.18,89900
2018-07-30,93.35,93.35,87.57,87.71,133800
2018-07-31,87.73,88.37,86.835,87.78,58800
2018-08-01,88.14,89.41,88.14,89.15,44600
2018-08-02,88.95,89.59,88.65,89.22,47700
2018-08-03,90,93,88.2,92.65,82000
2018-08-07,93.39,95.08,93.39,94.66,70000
2018-08-08,94.22,97.25,92.66,96.84,123400
2018-08-09,96.9,98.4,96.9,97.04,140800
2018-08-10,97.01,97.18,95.17,95.6,83600
2018-08-13,95.94,99.555,95.93,99.12,101800
2018-08-14,98.83,100.18,98.83,99.98,79000
2018-08-15,100.28,100.68,99.25,99.66,75200
2018-08-16,99.84,100,99.1,99.7,46200
2018-08-17,99.56,99.56,95.53,95.7,82000
2018-08-20,96.2,96.75,95.52,95.91,32900
2018-08-21,96.4,97.69,96.31,96.86,45300
2018-08-22,97.08,97.08,95.58,95.71,45300
2018-08-23,95.62,96.12,94.65,94.7,37600
2018-08-24,94.96,96.88,94.56,96.2,36800
2018-08-27,96.25,98.78,96.21,98.07,42900
2018-08-28,98.69,99.45,97.3,97.55,56600
2018-08-29,97.8,98.99,96.85,98.15,42000
2018-08-30,98.1,99.02,98.04,98.4,33100
2018-08-31,98.69,99,97.77,98.47,40200
2018-09-04,98.61,98.99,96.96,98.54,58600
2018-09-05,98.64,98.64,96.8,97.48,39900
2018-09-06,95.94,95.94,92.58,95.13,182800
2018-09-07,94.31,96.23,94.19,95.27,289500
2018-09-10,95.66,97,95.66,96.2,44300
2018-09-11,95.98,97.34,95.91,97.12,109600
2018-09-12,97,97,94.62,95.23,67500
2018-09-13,95.25,95.61,93.98,94.18,60200
2018-09-14,94.18,95,93.6,94.52,35900
2018-09-17,94.59,95.3,92.27,92.35,45900
2018-09-18,92.35,93.6,92.2,92.78,44300
2018-09-19,92.73,94.47,92.61,93.67,94300
2018-09-20,93.73,94.9,92.83,93.47,21800
2018-09-21,93.58,93.86,92.86,92.86,48300
2018-09-24,92.97,95.76,92.97,94.92,76800
2018-09-25,95.16,95.16,93.58,94.36,51900
2018-09-26,94.36,98.22,94.36,97.82,123300
2018-09-27,97.98,98.38,97.18,97.48,41600
2018-09-28,97.33,99,96.85,97.13,46100
2018-10-01,97.74,98.4,96,96.29,43600
2018-10-02,96.39,96.495,92.19,93.17,83800
2018-10-03,93.35,93.85,92.19,92.91,37800
2018-10-04,92.91,93.25,91.01,91.2,45200
2018-10-05,91.11,91.75,89.52,90.64,70400
2018-10-09,90.35,90.35,85.9,86,163700
2018-10-10,85.77,85.77,79.63,81.54,265400
2018-10-11,81.14,83.98,80.85,82.08,191500
2018-10-12,83.02,86.11,83,84.77,110900
2018-10-15,84.85,84.97,83.38,83.94,58700
2018-10-16,84.32,86.86,84.32,86.25,122200
2018-10-17,86.52,87.32,84.84,87.11,103600
2018-10-18,87.02,90.39,87.02,90.37,157700
2018-10-19,90.64,91.51,88.27,88.44,141500
2018-10-22,89.15,91.88,89.04,91.38,169600
2018-10-23,88.11,89.09,86.64,87.41,119400
2018-10-24,87.86,88.02,85.18,85.25,73400
2018-10-25,85.27,86.39,84.71,86.06,89600
2018-10-26,85.07,86.31,84.57,84.99,102200
2018-10-29,85.79,87.01,83.12,83.77,72000
2018-10-30,83.87,86.57,83.33,85.55,27100
2018-10-31,86.79,89.76,86.63,88.88,59900
2018-11-01,89.31,89.88,87.64,89.55,73100
2018-11-02,89.75,91.11,87.89,88.37,41100
2018-11-05,88.21,88.21,86.26,86.77,85600
2018-11-06,86.85,88.25,86.8,87.77,29200
2018-11-07,88.15,90.46,87.83,89.16,39000
2018-11-08,89.43,89.87,88.31,88.63,42500
2018-11-09,81.93,81.93,73,74.03,415100
2018-11-12,74.06,74.06,67.29,68.34,345400
2018-11-13,68.88,70,66.97,67.31,198300
2018-11-14,67.56,68.51,63.54,64.9,292200
2018-11-15,64.44,68.47,64.43,67.33,168000
2018-11-16,66.8,67.93,66,67.72,99200
2018-11-19,67.62,67.62,64.41,64.99,160100
2018-11-20,64.84,65.875,63.4,65,153400
2018-11-21,65.78,66.47,64.9,65.52,169000
2018-11-22,66.9,68.5,66.78,66.9,53500
2018-11-23,67.65,69.01,67.61,68.53,84600
2018-11-26,69.07,69.54,68.39,68.93,128700
2018-11-27,68.56,69.14,67.37,67.54,76900
2018-11-28,67.82,72.91,67.54,72.78,179100
2018-11-29,72.69,73.52,71.59,73.27,107100
2018-11-30,73.5,75.6,73.26,74.3,166900
2018-12-03,75.92,76.42,73.15,74.24,110500
2018-12-04,74.07,74.51,71.59,71.73,173700
2018-12-05,72,73.04,70.97,71.61,32800
2018-12-06,70,71.81,68.22,71.7,147600
2018-12-07,72.01,72.01,68.6,69.39,91500
2018-12-10,69.46,70.67,66.63,68.97,187100
2018-12-11,69.98,71.13,68.68,69.38,101400
2018-12-12,70.1,71.11,69.25,70.03,124100
2018-12-13,70.52,71.11,68.73,69.1,58600
2018-12-14,68.38,68.42,64.83,65.12,86500
2018-12-17,65,65,62.3,62.75,127500
2018-12-18,62.63,66.21,62.55,65.3,253900
2018-12-19,65.53,66.83,64.69,65.21,122000
2018-12-20,64.7,65.74,63.7,64.74,190900
2018-12-21,65.07,65.15,61.09,61.14,236700
2018-12-24,61.08,63.1,60.01,61.89,42900
2018-12-27,63.78,65.18,63.04,64.97,85800
2018-12-28,65.22,65.69,64.58,64.86,58600
2018-12-31,65.49,66.87,65.09,65.9,48900
2019-01-02,65.11,65.79,64.4,65.03,81700
2019-01-03,64.62,64.975,62.76,63.33,71800
2019-01-04,64.17,65.1,63.22,64.61,66700
2019-01-07,65.01,66.7,64.61,66.23,73600
2019-01-08,67.14,70,67.14,69.49,74700
2019-01-09,69.78,71.26,69.6,69.96,83300
2019-01-10,69.66,71.56,69.255,71.25,67300
2019-01-11,70.61,72.5,70.61,71.53,83500
2019-01-14,70.38,71.04,68.45,68.48,75000
2019-01-15,68.45,70.69,68.45,70.11,85900
2019-01-16,70.21,70.56,69.21,69.78,47700
2019-01-17,69.8,71.03,69.64,70.81,47100
2019-01-18,70.67,72.54,70.37,71.75,132300
2019-01-21,72.05,73.6,72.05,73.21,54300
2019-01-22,73.1,74.23,71.97,72.47,145800
2019-01-23,72.78,75.21,72.78,75.21,112300
2019-01-24,75.44,78.03,75.04,77.7,171900
2019-01-25,78.06,78.37,76.89,77.65,109800
2019-01-28,77.19,77.43,75.84,76.6,97300
2019-01-29,77.3,77.5,76.36,77.42,143100
2019-01-30,77.71,77.79,76.68,77.5,93600
2019-01-31,77.46,79.5,77.45,78.13,131200
2019-02-01,78.42,78.72,77.17,78.31,76400
2019-02-04,78.32,80.05,78.3,80,96600
2019-02-05,80.32,80.39,79.65,79.94,68000
2019-02-06,80,80.29,77.68,78.54,77500
2019-02-07,78.31,78.97,76.6,77.29,86000
2019-02-08,76.99,77.04,76.04,76.75,105500
2019-02-11,76.78,80.25,76.66,79.38,110100
2019-02-12,79.84,81.78,79,81.54,92000
2019-02-13,81.91,82.55,80.07,80.77,79700
2019-02-14,79.82,82.78,79.82,82.64,61500
2019-02-15,82.41,82.49,80.65,81.62,74400
2019-02-19,83.06,84,81.38,81.67,67700
2019-02-20,82.32,82.9,80.36,81.25,131700
2019-02-21,81.61,83.18,81.54,82.84,119400
2019-02-22,83.1,84.03,82.61,83.57,85800
2019-02-25,84.39,84.82,83.6,83.71,93500
2019-02-26,83.73,84,82.31,82.55,86800
2019-02-27,82.3,82.695,81.17,81.66,79800
2019-02-28,81.46,83.41,81.21,82.73,121100
2019-03-01,75.1,77,75.1,76.32,564000
2019-03-04,76.19,77,74.52,76.48,220900
2019-03-05,76.48,77.65,76.46,76.69,149600
2019-03-06,76.72,77.6,75.92,76.55,89100
2019-03-07,76.4,76.98,75.08,76.62,87900
2019-03-08,75.1,76.5,75,75.62,62400
2019-03-11,75.69,77.07,74.6,76.2,78400
2019-03-12,76.09,76.09,74.81,75.44,82500
2019-03-13,75.48,75.48,74.1,74.26,80400
2019-03-14,74.22,74.35,72.75,74.1,66000
2019-03-15,74.1,75,73.75,73.99,67500
2019-03-18,73.79,74.23,72.77,73.86,78800
2019-03-19,74.45,75.91,74.45,74.66,157700
2019-03-20,74.65,77.26,74.31,76.45,68500
2019-03-21,76.12,80.07,76.12,79.62,129400
2019-03-22,79.13,79.405,78.15,78.32,174100
2019-03-25,77.95,78.96,77.48,78.49,91100
2019-03-26,79.11,79.44,77.79,78.21,89800
2019-03-27,78.31,78.73,77.72,78,126400
2019-03-28,77.76,78.95,77.74,78.76,89100
2019-03-29,78.95,78.96,77.76,77.97,63700
2019-04-01,78.55,79.25,78.09,79.16,80000
2019-04-02,78.93,78.93,78.04,78.73,54300
2019-04-03,78.65,81.08,78.65,80.67,112900
2019-04-04,80.71,80.71,78.39,78.52,76100
2019-04-05,79.01,80.24,78.57,80.04,51200
2019-04-08,80.03,80.03,78.39,78.6,42800
2019-04-09,78.21,78.73,77.82,78.38,48900
2019-04-10,77.59,79.27,77.28,77.82,114900
2019-04-11,78.01,78.31,77.69,78,51500
2019-04-12,78,78.25,77.11,77.98,32000
2019-04-15,77.68,78.23,77.23,77.45,43700
2019-04-16,77.85,79.96,77.2,77.73,100900
2019-04-17,77.94,78.445,76.13,77.15,122000
2019-04-18,77.03,77.15,75.35,75.67,62200
2019-04-22,75.45,75.76,75.03,75.37,88300
2019-04-23,75.47,75.86,74.91,75.16,63200
2019-04-24,75.03,75.25,72.98,73.04,74200
2019-04-25,73.5,73.5,72.06,72.15,132000
2019-04-26,72.54,74.26,72.44,73.91,70200
2019-04-29,73.88,74.175,73.38,73.58,58100
2019-04-30,73.85,74.3,73.04,73.21,71900
2019-05-01,73.42,73.75,72.31,72.49,78200
2019-05-02,72.41,73.77,72,72.77,79400
2019-05-03,72.98,72.98,71.89,72.63,82500
2019-05-06,71.62,72.94,71.21,72.5,76800
2019-05-07,72,72.28,71.33,71.52,128200
2019-05-08,71.34,72.38,71.26,71.45,76800
2019-05-09,71.03,73.42,70.81,73.29,150800
2019-05-10,75,82.14,74.62,76.11,555400
2019-05-13,74.89,76.515,74.89,75.63,110600
2019-05-14,75.9,76.23,74.48,75,99800
2019-05-15,74.55,75.56,74.51,74.82,89800
2019-05-16,74.92,76.17,74.68,76.09,97100
2019-05-17,75.83,77.65,75.69,77.2,84600
2019-05-21,77.17,77.62,76.82,77.15,55600
2019-05-22,76.94,79.27,76.94,79,84700
2019-05-23,78.3,78.3,76.3,77.81,98600
2019-05-24,78.12,78.83,77.47,78.01,64700
2019-05-27,78.61,79.8,77.9,78.95,57000
2019-05-28,78.94,80,78.92,79.22,73000
2019-05-29,78.67,79.33,77.51,78.14,113300
2019-05-30,78.14,78.81,77.23,78.78,54500
2019-05-31,78.31,78.83,77.93,78.31,103100
2019-06-03,77.96,78.87,76.6,77.14,135300
2019-06-04,77.21,77.46,76.34,76.63,97400
2019-06-05,76.91,78.01,76.91,77.99,69600
2019-06-06,77.99,79.54,77.41,79.38,55000
2019-06-07,79.31,81.68,78.9,80.64,107500
2019-06-10,80.83,82.8,80.59,82.01,93200
2019-06-11,82.3,84.01,81.5,83.91,145800
2019-06-12,83.68,84.6,83.11,83.41,81400
2019-06-13,83.53,84.33,82.97,83.51,66500
2019-06-14,83.49,84.47,82.98,84.23,50200
2019-06-17,84.36,85.55,84.36,84.67,70900
2019-06-18,85.11,86,84.045,84.11,107900
2019-06-19,84.25,84.64,83.36,84.57,68800
2019-06-20,84.69,84.91,81.925,82.8,78100
2019-06-21,82.59,82.66,81.9,82.18,80500
2019-06-24,82.18,84,81.89,83.64,65700
2019-06-25,83.42,83.42,81.36,81.83,87500
2019-06-26,81.73,82,79.05,79.09,76000
2019-06-27,79.08,81.12,78.5,80.7,68600
2019-06-28,80.68,81.84,79.17,81.67,136700
2019-07-02,82.26,83.69,81.24,83.05,121700
2019-07-03,83.14,84,82.73,82.85,77300
2019-07-04,82.86,83.7,82.73,83.1,35300
2019-07-05,82.51,82.66,81.23,81.84,62900
2019-07-08,81.7,81.7,80.17,80.9,49100
2019-07-09,80.05,81.39,80,80.44,91600
2019-07-10,80.6,81.29,79.91,80.16,46400
2019-07-11,80.2,80.6,79.95,80.16,83300
2019-07-12,80.16,80.285,78.11,78.6,50700
2019-07-15,78.49,80.15,78.02,79.99,30400
2019-07-16,79.71,80.6,79.39,79.51,60900
2019-07-17,79.07,81.91,78.54,80.88,79900
2019-07-18,80.65,81.39,80.65,81.25,41800
2019-07-19,81.47,81.47,79.8,80.58,47400
2019-07-22,81.13,81.27,80.67,81.17,28800
2019-07-23,81.25,81.27,79.84,81.15,38300
2019-07-24,81.14,84.1,81.14,83.97,91300
2019-07-25,84.23,85.99,83.75,84.26,104300
2019-07-26,84.61,85.86,83.845,85.52,43800
2019-07-29,86,86.04,83.85,84.64,82100
2019-07-30,84.5,84.89,84,84.15,32500
2019-07-31,84.08,84.08,81.74,83.02,74700
2019-08-01,82.8,84.7,82.6,83.53,69900
2019-08-02,79.76,82.86,78.92,82.36,191600
2019-08-06,82.83,85.01,79.3,81.26,115900
2019-08-07,80.53,83.02,80.5,82.73,87300
2019-08-08,83.33,84.63,82.71,84.05,81600
2019-08-09,83.33,83.33,81.41,81.73,68800
2019-08-12,81.34,81.81,79.08,79.27,89700
2019-08-13,78.96,79.85,78.39,78.61,80100
2019-08-14,77.85,78.02,75.15,75.77,101800
2019-08-15,75.33,76.72,75.33,75.93,87700
2019-08-16,76.39,78.4,76.31,78.24,81400
2019-08-19,78.71,79.25,77.45,78.49,26700
2019-08-20,78.19,78.71,77.9,78.02,40500
2019-08-21,78.34,80.1,78.34,79.29,37800
2019-08-22,79.31,79.31,77.65,78.5,26400
2019-08-23,77.82,79.64,76.85,77.09,65800
2019-08-26,77.56,78.21,76.94,77.17,34300
2019-08-27,77.04,78.07,77,77.86,58800
2019-08-28,77.56,77.65,75.51,75.82,64100
2019-08-29,76.03,77.19,75.97,76.54,48500
2019-08-30,76.66,77.66,75.25,77.56,67400
2019-09-03,77.71,78.66,76.175,78.42,80100
2019-09-04,78.82,79.5,78.69,79.07,51200
2019-09-05,79.61,81.44,78.97,80.9,85700
2019-09-06,81.39,81.39,79.48,79.88,48900
2019-09-09,80,80.37,79.82,79.99,76100
2019-09-10,79.01,79.62,76.715,77.75,100300
2019-09-11,77.51,78.925,77.12,78.82,79600
2019-09-12,78.9,79.88,78.4,79.16,83700
2019-09-13,80,84,80,82.8,203800
2019-09-16,82.29,83.39,81.69,82.72,52900
2019-09-17,82.72,84.84,81.93,82.85,89600
2019-09-18,82.89,85.09,82.46,84,110500
2019-09-19,83.89,84.27,83.37,83.82,31700
2019-09-20,83.73,84.34,83.37,84.11,79500
2019-09-23,84.01,84.53,83.6,83.78,37500
2019-09-24,83.92,84.08,83.25,83.73,50500
2019-09-25,83.54,83.54,81.84,83.39,57300
2019-09-26,83.61,86.39,83.61,86.24,172100
2019-09-27,86.17,86.71,84.75,85.29,100300
2019-09-30,84.99,86.69,84.9,86.22,81600
2019-10-01,86.5,86.79,83.63,84.01,104100
2019-10-02,83.45,83.45,81.19,81.24,90000
2019-10-03,81.24,81.61,80.1,80.79,93600
2019-10-04,80.75,81.87,80.06,81.65,66300
2019-10-07,81.65,82.57,80.98,81.39,69800
2019-10-08,81.07,81.105,80.44,80.76,92800
2019-10-09,80.85,81.31,80.09,80.84,33100
2019-10-10,80.8,82.34,80.8,82.01,32600
2019-10-11,82.83,84.04,82.55,82.6,79100
2019-10-15,82.84,85.87,82.84,85.43,108700
2019-10-16,85.97,85.97,84.34,85,67800
2019-10-17,85.28,85.85,84.78,85.16,53600
2019-10-18,85.2,85.2,80.63,81.69,214000
2019-10-21,82.17,83.35,81.87,82.74,85700
2019-10-22,82.86,83.46,81.93,82.27,91400
2019-10-23,82.29,83.41,80.21,80.78,97000
2019-10-24,81.05,81.82,80.14,80.28,88500
2019-10-25,80.45,80.61,79.54,79.58,81800
2019-10-28,79.85,81.59,79.31,81.25,110100
2019-10-29,81.61,82.39,80.14,80.63,63900
2019-10-30,80.79,83.37,80.79,83.3,56200
2019-10-31,83.31,84.87,83.24,84.11,131900
2019-11-01,89.12,98.25,88,95.77,651300
2019-11-04,96.37,98.355,94.055,98.2,214900
2019-11-05,98.39,98.61,96.24,97.39,158500
2019-11-06,95.23,98.72,95.23,97.65,117600
2019-11-07,97.9,98.54,97.16,97.63,67600
2019-11-08,97.77,98.85,97.415,98.56,62600
2019-11-11,98.5,100.8,98.35,100.06,72200
2019-11-12,100.1,100.69,99.14,99.86,93900
2019-11-13,99.67,101.67,99.09,101.6,97100
2019-11-14,100,102.64,99.99,102.26,85000
2019-11-15,102.2,102.84,101.645,102.55,54300
2019-11-18,102.37,102.83,101.89,102.65,64800
2019-11-19,102.68,104.27,102.53,103.83,117300
2019-11-20,103.49,105.55,103.18,105.12,86500
2019-11-21,105.09,105.61,104.45,105.06,62400
2019-11-22,105.21,106.44,104.55,106.17,63600
2019-11-25,106.07,107.2,105.76,106.62,85400
2019-11-26,106.65,107.19,106.17,106.83,50800
2019-11-27,106.63,107.89,105.85,107.11,69200
2019-11-28,107.99,109,107.35,107.5,29200
2019-11-29,107.41,107.41,105.22,105.8,69600
2019-12-02,105.86,107.185,104.18,106.95,102600
2019-12-03,106,106.3,103.84,105.92,62700
2019-12-04,106.24,106.5,104.94,106.22,70100
2019-12-05,106.14,106.64,105.26,105.44,74100
2019-12-06,105.84,106.61,105.62,106.16,31500
2019-12-09,106.38,106.38,104.45,105.12,64400
2019-12-10,105.01,106.31,104.35,104.83,98000
2019-12-11,104.83,105.42,104.43,104.91,41800
2019-12-12,104.28,105.04,103.415,103.95,81300
2019-12-13,103.78,104.7,103.45,104.24,63500
2019-12-16,104.67,105.335,103.41,103.86,71900
2019-12-17,103.99,104.67,103.41,104.09,52600
2019-12-18,104,104.65,103.62,104.47,56800
2019-12-19,104.36,104.36,103.53,104.07,65500
2019-12-20,104.23,104.34,103.75,104.1,61000
2019-12-23,104.65,105.45,103.54,103.6,31300
2019-12-24,103.28,103.28,100.77,101.27,26600
2019-12-27,101.55,101.55,100.28,100.64,45700
2019-12-30,100.64,102.24,98.54,101.44,37800
2019-12-31,100.8,100.96,99.155,100.02,66000
2020-01-02,100.32,104.1,100.32,103.59,71200
2020-01-03,102.94,103.42,100.49,101.86,73700
2020-01-06,101,103.62,100.75,103.52,49300
2020-01-07,103.61,105.41,103.25,105,50700
2020-01-08,105.99,106.11,104.5,104.91,58800
2020-01-09,105.1,108.05,104.91,107.81,101900
2020-01-10,108.16,109.69,107.735,108.3,73700
2020-01-13,108.5,109.22,107.24,107.64,89300
2020-01-14,107.96,108.09,106.79,107.14,57400
2020-01-15,107.07,109.3,107.07,107.85,48000
2020-01-16,108.35,108.94,106.79,106.85,37300
2020-01-17,107.19,107.61,106.5,107.05,33900
2020-01-20,107.29,108.39,107.2,107.72,16700
2020-01-21,107.55,108.9,107.23,108.7,35200
2020-01-22,108.75,111.28,108.55,110.12,63800
2020-01-23,109.98,112.9,109.5,111.46,109400
2020-01-24,112.16,113.14,110.34,110.93,62200
2020-01-27,109.08,110.29,106.99,108.09,64500
2020-01-28,108.51,111.33,107.4,111.03,49600
2020-01-29,111.25,111.5,108.63,109.94,104000
2020-01-30,108.9,110.01,108.4,109.25,72100
2020-01-31,109.02,110.69,108.7,109.88,80600
2020-02-03,109.82,114.28,109.33,114.27,105800
2020-02-04,114.65,116.52,113.32,115.41,182500
2020-02-05,116.18,116.71,115.04,115.38,76600
2020-02-06,115.84,115.84,113.84,114.6,99300
2020-02-07,114.29,114.29,113.39,113.99,30700
2020-02-10,113.95,114.57,113.84,114.48,65500
2020-02-11,114.95,115.49,113.45,113.5,55000
2020-02-12,114.01,116,112.95,115.5,76300
2020-02-13,115.45,117.35,114.94,116.31,60300
2020-02-14,116.31,117.25,116.23,116.3,70200
2020-02-18,116.24,116.24,113.47,113.92,49500
2020-02-19,114.5,114.9,110.53,110.71,90100
2020-02-20,110.66,110.91,106.92,108.81,137700
2020-02-21,108.87,110.51,108.45,109.44,67500
2020-02-24,106.89,109.1,103.63,107.82,129300
2020-02-25,107.85,108.67,99.46,100.5,198600
2020-02-26,110,116.68,108.22,113.09,454700
2020-02-27,109.87,113.38,108.39,112.17,122900
2020-02-28,109.29,113.12,106.79,112.85,202000
2020-03-02,112.52,113.99,110.51,113.55,155400
2020-03-03,115.04,115.8,112.1,112.6,128700
2020-03-04,113.95,118.97,113.7,118.88,142000
2020-03-05,117.09,119.37,115.37,118.94,156500
2020-03-06,117.03,117.03,113.52,116.28,104200
2020-03-09,105,114.13,105,109.42,207800
2020-03-10,112.93,116.49,110.94,116.08,220600
2020-03-11,114.21,115.05,110.56,111.73,180500
2020-03-12,106.81,108.68,95.18,106.23,263800
2020-03-13,109.81,113.71,105.95,111.89,301000
2020-03-16,98.9,110.43,98.9,101.52,151600
2020-03-17,101.7,106.77,98.42,102.79,231600
2020-03-18,90.13,101.12,86.53,93.21,198500
2020-03-19,92.49,101,89.02,100.05,98300
2020-03-20,101.09,102.39,95.37,96.41,106800
2020-03-23,94.59,97.1,91.54,92.33,147300
2020-03-24,95.98,102.3,95.98,102.02,129600
2020-03-25,102.36,109.03,102,106.92,124300
2020-03-26,107,108.59,105.02,106.99,138900
2020-03-27,103.55,106.92,99,104.93,94600
2020-03-30,105.99,108.52,102.46,104.28,110500
2020-03-31,103.85,111.44,103.66,108.89,127800
2020-04-01,105.08,109.05,103.5,104.91,114600
2020-04-02,104.51,105.13,98.04,99.25,110000
2020-04-03,100.11,101.72,98.76,101.47,88900
2020-04-06,103.21,106.25,102.86,105.54,64700
2020-04-07,108.49,110.94,106.96,109,89500
2020-04-08,109.99,117.33,108.83,116.9,149900
2020-04-09,119.09,120.47,115.68,118.47,117400
2020-04-13,117.96,120.47,116.36,119.29,145800
2020-04-14,119.36,122.515,119.36,121.35,173200
2020-04-15,119.6,121.63,118.52,120,79600
2020-04-16,121.99,123.6,120.95,122.63,110400
2020-04-17,125.01,125.44,121.56,122.47,100600
2020-04-20,122.47,127.97,121.43,125.48,238500
2020-04-21,124.71,128.99,123.83,125.73,239600
2020-04-22,127.49,131.11,127.21,128.8,100600
2020-04-23,128.51,133.15,128.51,132.73,148700
2020-04-24,132.2,137.42,130.65,136.28,104900
2020-04-27,138.99,142.66,137.25,141.08,152500
2020-04-28,142.89,144.5,139.78,142.09,154300
2020-04-29,144,148.41,139.5,141.95,218700
2020-04-30,141.17,141.49,137.97,139.92,156400
2020-05-01,136.8,143.01,135.09,142.5,160500
2020-05-04,141.05,147.33,141.05,146.59,178800
2020-05-05,149.52,152.69,145.11,146.46,188400
2020-05-06,147.36,153.72,147.36,152.39,167600
2020-05-07,157.5,169.27,157.5,167.68,307000
2020-05-08,171.85,172.76,165.09,171.72,176900
2020-05-11,169.54,173.34,168.22,169.28,156700
2020-05-12,169.01,170.25,162.61,163.18,165200
2020-05-13,164.34,164.89,159.3,160.91,165900
2020-05-14,157.78,162.48,156.23,162.16,132900
2020-05-15,160.02,170,160.02,169.28,89800
2020-05-19,173.34,173.91,161.7,162.34,170800
2020-05-20,164.94,166.09,161.59,163.44,93100
2020-05-21,164.48,167.81,161.83,164.99,103200
2020-05-22,165,176.24,165,173.62,157200
2020-05-25,174.49,181.9,173.63,177.29,91800
2020-05-26,179.11,180.22,166.34,167.36,200100
2020-05-27,169.15,170.18,158.38,165.03,148400
2020-05-28,164.85,172.1,161.05,170.29,120900
2020-05-29,171.97,178.42,171.51,177.78,171900
2020-06-01,176,176.35,171.3,173.65,89900
2020-06-02,173.65,173.65,167.87,170.23,83300
2020-06-03,170.36,175.56,170.36,174.37,59000
2020-06-04,173.56,176.91,171.21,172.49,94800
2020-06-05,172.62,173.04,169,170,78400
2020-06-08,170,170.4,160.92,164.4,230900
2020-06-09,163,172.24,161.97,170.17,119000
2020-06-10,170.57,179.25,170.43,178.32,119400
2020-06-11,175.04,178.74,172.66,174.65,89100
2020-06-12,178.4,180.62,175.19,178.74,74900
2020-06-15,176.64,183.9,175.51,182.09,80700
2020-06-16,189.33,190,179.4,179.93,104700
2020-06-17,181.62,186.14,180.53,182.67,118500
2020-06-18,180.72,187.25,180.5,185.59,136000
2020-06-19,186.99,196.89,184.42,196.56,445400
2020-06-22,195.34,200.67,193,196.68,149800
2020-06-23,199.84,199.99,192.75,193.36,94800
2020-06-24,191.05,194.35,187.84,193.94,87500
2020-06-25,192.35,196.98,188,196.73,68200
2020-06-26,196.09,198.32,192.53,193.41,54700
2020-06-29,194,194,188.9,191.08,80100
2020-06-30,190.52,195.98,190.04,194.06,133400
2020-07-02,195.06,205.8,195,203.06,143000
2020-07-03,202.92,204.95,201.5,202,32600
2020-07-06,204.97,209.58,201.73,207.99,79400
2020-07-07,206.98,212.21,205.74,207.09,113600
2020-07-08,207.33,211.3,205.87,207.91,85900
2020-07-09,209.34,211.17,206.86,208.35,111200
2020-07-10,208.9,210.7,205.5,208.96,92100
2020-07-13,211.4,211.4,193.16,194.91,142800
2020-07-14,193.57,193.8,184.69,192.88,223800
2020-07-15,193.8,193.91,187.03,191.07,101100
2020-07-16,190.51,191.5,186.55,189.63,96800
2020-07-17,191.17,193,188.5,190.76,155300
2020-07-20,192.13,201.58,192.13,199.16,76200
2020-07-21,201.47,201.47,195.84,197.54,130400
2020-07-22,200.67,200.67,193.43,195.27,48500
2020-07-23,195,200.59,192.34,192.87,58100
2020-07-24,191.01,193.35,186.6,193.16,106600
2020-07-27,194.99,195.43,189.75,194.59,72300
2020-07-28,194.57,194.57,191.5,192.26,53000
2020-07-29,192.48,203.36,192.48,201.18,101100
2020-07-30,199.96,203.78,196.8,202.31,58000
2020-07-31,203.01,204.74,200,203.4,85900
2020-08-04,205,215.15,202.87,215.14,183400
2020-08-05,214.9,217.39,211.6,216.49,131600
2020-08-06,221.99,224.98,213.49,223.7,166600
2020-08-07,222.57,223.08,208.2,209.2,200000
2020-08-10,209,209,196.5,196.97,188000
2020-08-11,195.77,198.1,189.02,193.08,115400
2020-08-12,195.33,196.34,191.29,192.24,75200
2020-08-13,192.25,197,192.08,192.94,51100
2020-08-14,195,195,192.36,194.07,56400
2020-08-17,195.09,199.6,194.63,195.87,67100
2020-08-18,195.74,197.42,194.46,195.24,116700
2020-08-19,197.27,198.54,194.38,196.75,64300
2020-08-20,195.76,202.17,195.75,202.04,54800
2020-08-21,200.99,204.01,199.2,201.46,55400
2020-08-24,201.3,203.88,198.95,199.57,58300
2020-08-25,200,201.62,198.28,199.92,38600
2020-08-26,198.62,205.07,197,204.79,105700
2020-08-27,203.31,205.11,198.84,203.65,73600
2020-08-28,203.63,203.63,199.28,199.76,49800
2020-08-31,201.92,201.92,195.9,198.93,67300
2020-09-01,198.25,215.15,198.16,214.68,173700
2020-09-02,213.54,216.15,208.01,213.73,112500
2020-09-03,210.91,211.14,200.83,204.07,121200
2020-09-04,203.13,205,186.82,190.65,246100
2020-09-08,183.01,192.3,178,189.71,113500
2020-09-09,191.21,194.21,187.46,192.46,56900
2020-09-10,193.01,193.01,182.82,184.82,106400
2020-09-11,184,188.74,181.03,182.5,106200
2020-09-14,183.28,183.45,180.255,181.08,105200
2020-09-15,182.99,188.23,181.31,187.64,90700
2020-09-16,188.14,188.14,179,182.99,167000
2020-09-17,176.99,181.91,175.02,180.71,87400
2020-09-18,183.52,185.98,177.69,181.32,199400
2020-09-21,179.21,182.94,175.41,182.83,94700
2020-09-22,183.17,188.08,179.8,187.49,66400
2020-09-23,187.43,187.5,180.3,180.3,66500
2020-09-24,179.98,186.03,178.37,181.81,62200
2020-09-25,182.53,186.16,181.29,185.11,54100
2020-09-28,186.67,188.7,182.73,185.07,68700
2020-09-29,184.27,197.34,184,196.6,119100
2020-09-30,196.7,201.45,193.5,196.01,149000
2020-10-01,199.92,204.08,198.9,200.76,91500
2020-10-02,197.55,201.12,196.02,200.33,181400
2020-10-05,197.94,202.5,197.94,200.81,50700
2020-10-06,198.28,202,198.28,200.36,96900
2020-10-07,200.62,204.28,199.6,201.04,72000
2020-10-08,201.18,202.9,199.42,202.66,59100
2020-10-09,204.48,206.03,201.77,201.84,40200
2020-10-13,205.84,206.57,200.64,204.4,89500
2020-10-14,204.68,206.5,202.63,203.8,59900
2020-10-15,202.13,205.19,198.48,204.88,60200
2020-10-16,205.98,211.38,205.97,209.53,81200
2020-10-19,210.4,214,209.71,210.47,71700
2020-10-20,210.31,211.25,206.35,209.85,45000
2020-10-21,210.23,213.03,206.54,209.15,60800
2020-10-22,210,212.89,208.27,210.27,41500
2020-10-23,210.3,214.07,209.9,213.71,59600
2020-10-26,211.73,215.47,201.51,209.15,100000
2020-10-27,209.98,213.89,207.02,209.24,60100
2020-10-28,206.53,209.18,199.67,200.39,67500
2020-10-29,201.96,205.52,201.96,203.31,47000
2020-10-30,201.23,203.98,196.8,203.38,78200
2020-11-02,202.17,208.56,201.74,204.18,86800
2020-11-03,205.08,210.57,205,209.54,70700
2020-11-04,212.8,220.64,212.79,218.26,90800
2020-11-05,219.52,223,210.91,217.88,216900
2020-11-06,217.05,217.05,200.94,211.16,163500
2020-11-09,211.35,211.35,190.23,191.27,157500
2020-11-10,191.82,192.16,169.66,170,357600
2020-11-11,172.78,177.05,172,176.2,203100
2020-11-12,178.97,179.05,171.53,173.12,203200
2020-11-13,173.17,176.25,172.36,174.61,77100
2020-11-16,174.39,175,164,166,209000
2020-11-17,165.53,168.61,162.56,166.96,178600
2020-11-18,167.07,169.2,163.1,163.44,126800
2020-11-19,163.44,170.02,163.44,169.93,118200
2020-11-20,169.53,182.28,169.35,181.2,188300
2020-11-23,179.26,182.59,178.96,179.52,95100
2020-11-24,176.77,180.14,174.59,175.87,68100
2020-11-25,176.7,185.22,176.7,184.34,85700
2020-11-26,184.34,191,182.75,188.87,73300
2020-11-27,190.56,191.15,185.65,188.1,94000
2020-11-30,189.42,197.71,186.51,195.79,197100
2020-12-01,195.42,196,189.41,190.38,173900
2020-12-02,189.61,192.43,184.99,189.02,103600
2020-12-03,188.33,195.21,188.33,189.86,70400
2020-12-04,189.9,190.035,184.84,185.52,50200
2020-12-07,185,187.13,183.78,186.49,161400
2020-12-08,186.28,186.5,182.39,184.02,70900
2020-12-09,183.75,184.53,176.05,179.86,185800
2020-12-10,178.1,180.98,174.37,175,242100
2020-12-11,174.5,176.25,169.4,175,195500
2020-12-14,175.41,179.24,174.28,175.5,171600
2020-12-15,176.53,178.3,170.67,171.13,154600
2020-12-16,171.48,173.75,165.68,171.79,201700
2020-12-17,172.28,176.75,171.72,174.91,80200
2020-12-18,175.03,175.07,168.17,169.99,91300
2020-12-21,168.5,181.54,168.25,180.65,128200
2020-12-22,179.6,185.81,179.6,183.69,86500
2020-12-23,183.38,183.96,175.98,176.25,152200
2020-12-24,175.98,179.93,175.93,179.48,31800
2020-12-29,179.56,182.31,177.18,179.13,71400
2020-12-30,180.05,183.34,179.45,181.15,90000
2020-12-31,182.51,182.98,178.55,180.34,82400
2021-01-04,181.8,186.16,178,181.51,86400
2021-01-05,180.99,182.4,178.45,178.98,58500
2021-01-06,178.01,178.06,171,172.1,156900
2021-01-07,173.39,178,173.39,177.37,166400
2021-01-08,178.49,181.25,176,178.67,42300
2021-01-11,180.42,180.42,174.725,175.22,92900
2021-01-12,175.22,175.7,172.1,172.1,65400
2021-01-13,171.31,172.96,169.21,170.64,69200
2021-01-14,170.64,172.58,163.86,165.8,125400
2021-01-15,164.19,168.21,162.58,167.07,67500
2021-01-18,166.98,171,166.98,170.19,27200
2021-01-19,171.95,180.26,171.6,180,131500
2021-01-20,181.59,185.5,180.07,184.19,98900
2021-01-21,183.67,183.81,181.35,182.61,68300
2021-01-22,182.43,182.68,180.05,181.61,37400
2021-01-25,183.44,187.25,183.04,185.21,97300
2021-01-26,185.2,185.55,182,182.56,109300
2021-01-27,182.66,182.7,178.67,179.9,109400
2021-01-28,181.41,182.58,179.1,181.14,112800
2021-01-29,180.02,181.58,176.42,177.51,101300
2021-02-01,179,189.01,179,188.11,126700
2021-02-02,189,189.8,185.5,188.86,116500
2021-02-03,188.86,189.6,185.53,186.62,50600
2021-02-04,187.96,187.96,184.56,185.71,33500
2021-02-05,185.45,188,185.27,186.22,53400
2021-02-08,186.22,189,185.22,188.09,49500
2021-02-09,187.92,190,183.18,184.64,41800
2021-02-10,183.38,184.38,177,178.81,101900
2021-02-11,179.99,179.99,174.43,177.77,48600
2021-02-12,177.99,177.99,173.63,176.6,63600
2021-02-16,177.05,178.015,172.8,172.99,60100
2021-02-17,171.99,172.63,165.5,168.43,109500
2021-02-18,167.59,171.78,167.06,170.31,49800
2021-02-19,172.78,176.43,169.95,176.24,86100
2021-02-22,172.04,173.44,170.28,170.97,57100
2021-02-23,167.32,172.17,166.01,169.9,67100
2021-02-24,168.01,170.14,163.88,169.3,100100
2021-02-25,168.59,173.52,166.14,167.49,56300
2021-02-26,168.52,172.84,168,172,65400
2021-03-01,171.34,176.5,168.76,175.3,75300
2021-03-02,174.74,174.74,168.05,168.99,60100
2021-03-03,167.01,167.01,161,163.16,177900
2021-03-04,140,141.5,129.03,135.49,1483400
2021-03-05,138.23,138.93,124.05,132.88,371400
2021-03-08,132.06,136.26,128.4,132.08,218200
2021-03-09,135.36,136.32,131.37,134.59,132300
2021-03-10,136.98,137.33,130.68,132.45,132500
2021-03-11,135.15,138.35,134,136.19,238200
2021-03-12,136,138.085,133.15,136.43,125100
2021-03-15,137.65,145.61,137.65,144.09,197100
2021-03-16,144.88,153.54,142.76,151.65,235200
2021-03-17,151,151.06,146.3,149.87,217800
2021-03-18,147.99,150.42,145.5,145.88,130000
2021-03-19,145.54,149.21,145.51,148.29,143900
2021-03-22,148.27,150.4,147.08,148.7,45800
2021-03-23,148.51,149.99,147.85,148.5,74400
2021-03-24,149.29,149.29,146,147.22,221900
2021-03-25,146.8,148.84,144.73,147.77,283800
2021-03-26,147.46,150.11,146.26,148.61,91600
2021-03-29,148,148.61,145.655,146.76,119100
2021-03-30,146.7,147.4,145,146.21,67400
2021-03-31,146.2,147.6,146,146.66,133400
2021-04-01,149.39,156.65,148.15,156.16,115800
2021-04-05,156.49,157,151.5,152.4,103000
2021-04-06,153.31,156.56,151.55,153.94,67400
2021-04-07,153.93,155.81,151.61,152.05,43700
2021-04-08,153.73,156.28,152.76,155.92,62100
2021-04-09,155.85,156.33,151.59,154.97,46200
2021-04-12,155.2,157.77,153.65,156.37,51500
2021-04-13,157.51,159.22,156,156.6,51600
2021-04-14,157.45,159.92,156.52,157.36,52300
2021-04-15,158.56,160.49,157.08,159.96,49600
2021-04-16,158.51,159.27,157.31,158.65,49600
2021-04-19,158.08,159.68,157.8,158.56,66400
2021-04-20,159.81,159.98,155.5,155.91,90000
2021-04-21,156,156.35,150.86,153,61600
2021-04-22,153.2,153.78,149.35,150,86400
2021-04-23,150,151.99,145.42,150.5,63700
2021-04-26,150.64,154.63,150.64,154.14,43800
2021-04-27,154.82,156.66,152.5,156.15,44700
2021-04-28,157.65,160.3,155.5,159.79,56600
2021-04-29,160.02,160.47,158.71,158.71,67100
2021-04-30,158.4,161.9,156.85,158.54,120400
2021-05-03,161,161,154.51,156.97,97000
2021-05-04,155.92,156.55,152.52,154.63,73200
2021-05-05,154.48,155.1,145,146.6,404300
2021-05-06,147.59,150,144.19,148.19,114500
2021-05-07,151.16,152.51,148.59,149.39,181100
2021-05-10,149,149,140.26,140.62,139100
2021-05-11,139.7,140.49,134,140.23,221300
2021-05-12,139.34,141.09,135,138.15,71800
2021-05-13,139.78,139.78,136.05,136.71,58700
2021-05-14,135.99,139.87,135.99,139.44,49000
2021-05-17,137.4,141.53,137.4,141.1,70700
2021-05-18,141.3,144.41,141.3,141.91,41800
2021-05-19,140.22,146.01,138.45,145.84,82900
2021-05-20,145.84,147.75,143.12,143.42,89500
2021-05-21,143.4,143.4,141.12,141.57,61800
2021-05-25,142.88,142.88,140.84,141.85,201900
2021-05-26,143.65,144.35,139.6,140.07,162100
2021-05-27,140.36,140.36,136.49,137.6,144500
2021-05-28,138.49,138.49,135.88,136.99,120800
2021-05-31,136.44,137.7,136.44,137.14,35200
2021-06-01,138.28,139.62,135.18,135.31,106300
2021-06-02,135.01,135.68,132.6,133.14,83200
2021-06-03,132.7,134.37,130.88,133.08,98300
2021-06-04,133.69,137.95,133.69,135.5,55800
2021-06-07,135.53,135.53,132.7,133.01,52300
2021-06-08,133.98,134.43,131.18,133.71,59300
2021-06-09,133.7,136.68,133.05,135.69,51100
2021-06-10,135.69,143.5,135.69,142.84,129700
2021-06-11,142.7,142.73,140.49,141.64,54000
2021-06-14,144.3,152.8,144.3,151.99,205700
2021-06-15,152.2,152.21,147.49,147.75,102300
2021-06-16,147.4,151.03,147.4,148.35,53400
2021-06-17,148.39,154.89,148.01,154.28,83700
2021-06-18,154.47,155.87,152.35,152.82,269100
2021-06-21,154.24,154.24,146.32,147.04,86500
2021-06-22,147.04,152.44,147.04,150.76,83500
2021-06-23,150.62,154.55,149,153.39,75400
2021-06-24,154.84,158.13,154.47,156.5,108400
2021-06-25,157.19,157.28,155.16,155.5,97300
2021-06-28,156.69,161.27,155.6,159.86,68200
2021-06-29,159.01,165.36,159.01,164.84,131500
2021-06-30,166.13,166.13,162,163.07,151900
2021-07-02,165.69,166.78,163.01,165.1,113700
2021-07-05,163.67,164.04,162.18,163.04,21800
2021-07-06,163.27,167.7,163.27,167.67,41700
2021-07-07,167.94,168.105,165.34,166.47,42600
2021-07-08,164.31,167.12,162.47,166.05,57300
2021-07-09,164.73,169.54,164.73,169.07,95000
2021-07-12,168.19,168.22,162.83,162.91,52700
2021-07-13,163,163.22,159.74,161.89,55200
2021-07-14,161.31,162.92,160,161.61,32200
2021-07-15,161.61,161.61,153.83,157.66,80000
2021-07-16,157.47,160.45,156.28,157.52,58900
2021-07-19,155.93,160.83,151.89,160.41,62000
2021-07-20,161.04,165.15,159.04,162.57,27900
2021-07-21,162.3,164.05,161.65,163.79,23700
2021-07-22,165.19,166.5,162.94,164.78,25800
2021-07-23,164.78,166.22,163.495,164.9,19900
2021-07-26,164.9,164.9,162.01,163.27,63500
2021-07-27,165.33,165.33,161.92,165.01,48300
2021-07-28,164.02,167.7,164.02,164.48,32700
2021-07-29,164.48,165.36,162.8,163.87,32300
2021-07-30,161.61,162.74,161.1,161.86,40500
2021-08-03,162.7,165.68,162.2,165.22,53600
2021-08-04,166,168.69,165.39,168,46000
2021-08-05,167.52,169.44,167.49,168.56,58500
2021-08-06,165.99,171.97,161.39,170.99,71300
2021-08-09,171.55,179.45,171.55,176.91,115500
2021-08-10,175.29,179.94,175.29,176.82,119400
2021-08-11,174.89,180.21,174.89,179.63,95200
2021-08-12,178.98,180.86,178.02,178.68,38700
2021-08-13,181.99,183.12,178.84,182.57,113600
2021-08-16,181.5,183.49,178.48,179.33,58500
2021-08-17,178.76,179.46,176.7,178.82,20000
2021-08-18,179.29,182.21,178.345,181.91,29800
2021-08-19,181.87,187,180,186,66200
2021-08-20,186.22,188.65,186.11,188.09,39700
2021-08-23,188,191.79,187.805,191.59,65700
2021-08-24,191.59,195.7,190.24,194.39,81800
2021-08-25,194.5,199.025,194.5,197.62,108200
2021-08-26,195.71,197.88,195,197.61,108800
2021-08-27,196.62,199.93,196.62,199.63,78700
2021-08-30,199.35,204.25,197.655,203.78,75800
2021-08-31,203.99,204.72,201.58,204.68,62900
2021-09-01,204.97,207.32,203.74,205.63,70400
2021-09-02,207,207.25,202.82,204.33,44000
2021-09-03,204.01,204.86,201.66,204.65,33100
2021-09-07,202.66,204.8,198.95,200.92,71200
2021-09-08,200.93,203.36,198.57,199,108500
2021-09-09,199,202.42,197.14,200.78,55900
2021-09-10,201.36,205.09,199.2,205.05,54700
2021-09-13,205,205,195.45,196.75,77000
2021-09-14,197.02,199.5,191.62,199.37,45400
2021-09-15,197.9,200.99,195.63,199.93,43000
2021-09-16,199.35,200.99,195.61,200.31,37600
2021-09-17,200.27,201.03,195.71,196.79,101900
2021-09-20,193.8,197.13,188.86,193.5,86700
2021-09-21,193.68,195.995,192.52,194.78,40100
2021-09-22,195,198.56,193.37,198.33,44800
2021-09-23,198.56,198.56,193.58,193.97,34800
2021-09-24,192.85,193.73,191,193.05,21700
2021-09-27,193.37,193.37,185.37,186.5,60800
2021-09-28,183.61,183.73,179.49,181.48,79200
2021-09-29,185.73,185.9,181.03,182.13,46000
2021-09-30,182.17,185.52,181.38,182.74,55500
2021-10-01,182.74,182.92,177.93,182.54,43100
2021-10-04,182.5,182.5,171.32,174.75,74200
2021-10-05,175.24,179.4,174.98,177.53,37600
2021-10-06,175.37,178.65,174.39,178.48,40200
2021-10-07,179.6,186.26,179.47,185.65,63000
2021-10-08,185.65,189.11,185.05,186.96,65800
2021-10-12,186.96,188.4,186.48,187.99,26300
2021-10-13,186.94,191.5,186.94,188.81,35100
2021-10-14,190.84,193.3,188.04,190.47,26600
2021-10-15,189.04,191.4,187.8,189.22,20200
2021-10-18,188.64,191.96,188.54,191.89,39500
2021-10-19,192.46,195.3,191.5,195.08,65800
2021-10-20,195.03,196.5,190.2,191.54,26600
2021-10-21,191.84,194.65,191.84,193.87,25400
2021-10-22,193.95,194.04,191.07,191.37,20300
2021-10-25,191.43,192.05,189.1,190.8,27500
2021-10-26,191.4,191.615,184.99,184.99,63100
2021-10-27,184.67,190.26,183.865,189.38,66100
2021-10-28,189.48,193.79,186.02,192.01,37200
2021-10-29,192.55,193.54,189.26,192.08,61100
2021-11-01,194.92,196,191.77,195,54800
2021-11-02,195.3,197.87,192.33,197.08,59600
2021-11-03,197.88,197.88,193.64,196.98,31700
2021-11-04,196.46,199,193.77,196.55,99400
2021-11-05,199.59,201.67,194.87,201.49,81900
2021-11-08,202.02,210.12,201.49,210.12,80300
2021-11-09,209.18,210.63,206.51,208.32,84700
2021-11-10,206.37,210,204.41,206.01,47300
2021-11-11,207.3,210.12,206.95,208.06,29100
2021-11-12,207.74,211.88,207.67,211.29,38300
2021-11-15,213.96,214.06,208.35,213.35,87300
2021-11-16,213,220,213,218.73,64300
2021-11-17,220.48,224.17,220.4,222.35,84000
2021-11-18,223.55,225.88,222.27,224.78,63500
2021-11-19,224.78,229.88,223.84,229.1,49400
2021-11-22,229.2,229.98,217.88,218.59,78500
2021-11-23,217.31,217.31,203.61,203.8,131300
2021-11-24,204.57,205.82,199.51,200.02,76100
2021-11-25,200.5,202.73,200,202.39,25500
2021-11-26,201.19,206.1,201.17,201.7,65200
2021-11-29,204.01,206,203,204.89,56100
2021-11-30,204,205.66,193.02,195.25,124800
2021-12-01,196.66,197.04,187.25,187.8,54000
2021-12-02,186.26,194.46,186.02,193.74,58300
2021-12-03,194.72,194.72,179.17,182.2,140800
2021-12-06,182.2,186.28,178.77,185.44,93300
2021-12-07,188.2,194.48,188.04,188.73,74000
2021-12-08,188.73,188.73,184.38,185.51,44000
2021-12-09,185.51,187.73,182.25,182.9,38100
2021-12-10,183.9,185.12,182.41,183.19,27600
2021-12-13,183.18,183.18,174.99,178.75,150600
2021-12-14,178.19,179.39,174.57,175.48,60600
2021-12-15,175.54,176.89,172.06,176.74,79400
2021-12-16,177.04,179.23,168.03,170.47,74600
2021-12-17,167.81,173.2,167.12,171.1,75000
2021-12-20,168.01,169.5,164.375,168.48,53100
2021-12-21,170.66,174.08,170.66,173.46,39100
2021-12-22,172.02,174.49,171.315,173.47,97400
2021-12-23,173.88,177.22,171.98,176.63,71300
2021-12-24,177.17,177.6,176.46,177.6,4000
2021-12-29,177.6,180.22,176.25,178.57,57200
2021-12-30,179.8,182.79,178.8,180.99,45800
2021-12-31,182.07,182.09,177.28,177.33,39000
2022-01-04,177.34,179.98,165.81,170.71,107400
2022-01-05,172.13,172.13,163.07,165.18,80100
2022-01-06,164.79,167.55,162.07,162.3,71100
2022-01-07,162.3,163.6,157.02,158.69,64700
2022-01-10,156.58,157.12,150.29,157.12,56500
2022-01-11,157.39,160.65,156.01,159.25,73000
2022-01-12,161.34,161.4,157.43,159.18,44500
2022-01-13,159.87,160.88,158.05,158.55,60600
2022-01-14,157.12,159.89,154.64,157.05,60600
2022-01-17,159.69,160.15,158.09,158.52,11000
2022-01-18,155.68,157.23,154.09,155.31,42700
2022-01-19,155.67,159.87,153.39,153.55,54200
2022-01-20,154.64,160.02,154.64,156.77,38800
2022-01-21,156,156.42,152.26,152.5,48800
2022-01-24,150,156.18,145.46,155.78,79000
2022-01-25,153.26,154.48,146.51,149.88,93200
2022-01-26,151.88,155.5,150.08,150.45,87700
2022-01-27,152.17,152.17,148.44,149.52,78200
2022-01-28,149.9,160.92,149.26,160.59,102900
2022-01-31,160.52,165.35,159.795,164.88,88800
2022-02-01,165.06,167.79,163.35,167.12,78000
2022-02-02,169.22,169.22,161.765,163.37,67000
2022-02-03,166,166,157.5,158.4,89100
2022-02-04,159.99,165.57,158.33,163.99,48700
2022-02-07,164.61,166.34,162.17,164.73,80400
2022-02-08,162.9,165.13,161.83,162.51,70100
2022-02-09,165.14,167.59,164.47,166.82,43700
2022-02-10,163.57,165.87,159.73,160.38,74400
2022-02-11,159.7,164.3,158,159.51,84100
2022-02-14,159.47,163.38,158.88,160.24,74400
2022-02-15,163.21,164.7,161.44,163.49,57700
2022-02-16,164.21,166.54,156.3,160.25,70400
2022-02-17,157.89,159.75,154.26,154.26,39000
2022-02-18,153.25,156.47,150.99,150.99,86900
2022-02-22,150.83,150.83,146.99,147.37,88900
2022-02-23,148.05,149.07,141.75,142.04,155500
2022-02-24,139.4,146.16,139.4,145.49,158800
2022-02-25,146.19,146.19,141.66,145.75,57000
2022-02-28,144.72,146.4,142.6,145.31,49700
2022-03-01,145.31,147.99,143.13,143.98,41100
2022-03-02,144.08,152.06,143,152.03,146700
2022-03-03,150.68,150.72,146.98,147.2,150800
2022-03-04,149.03,149.03,142,143.34,129800
2022-03-07,143.29,147.7,140.75,146.77,174200
2022-03-08,145.19,149.76,144.87,146.75,71600
2022-03-09,149.59,158.53,149.59,157.79,75300
2022-03-10,154.01,157.9,152.59,157.35,61600
2022-03-11,157.17,158.02,154.54,155.93,100700
2022-03-14,155.47,160.69,154.26,154.26,55800
2022-03-15,154.85,160.84,154.85,160.69,61900
2022-03-16,161,166.33,160.85,165.59,78900
2022-03-17,163.91,171,162.59,169.49,70900
2022-03-18,167.99,171.72,167.99,170.21,86800
2022-03-21,169.53,170.57,165,167,43000
2022-03-22,167.47,170.26,166.23,170.08,50200
2022-03-23,167.93,172.68,167,167.1,83300
2022-03-24,167.2,167.48,163.77,166.28,70900
2022-03-25,166.32,166.32,162.6,164.32,66100
2022-03-28,166.13,169.45,163.11,165.74,66200
2022-03-29,167.99,169.08,164.57,166.6,52700
2022-03-30,165.18,166.7,163.08,165.05,31300
2022-03-31,165.23,167.62,163.33,163.62,65000
2022-04-01,164.73,165.97,159.72,161.5,44700
2022-04-04,162.08,167.94,162.08,167.91,53000
2022-04-05,167.84,170.49,165.87,169.08,46800
2022-04-06,165.79,169.21,161.98,168.33,59700
2022-04-07,168.34,169.84,166,168.9,62800
2022-04-08,167.41,167.82,159.49,159.51,62000
2022-04-11,159.51,159.75,153.86,154.06,60800
2022-04-12,154.51,156.58,148.53,150.36,82300
2022-04-13,150.06,153.98,150,150.65,30000
2022-04-14,151.52,151.52,145.81,146.53,42200
2022-04-18,146.47,146.48,142.58,144.81,48700
2022-04-19,143.87,148.79,143.87,148.33,92300
2022-04-20,148.64,150.88,142.53,143.2,53100
2022-04-21,144.19,144.7,136.72,138.01,125300
2022-04-22,137.97,140.7,137.55,138.35,44400
2022-04-25,136.98,146.9,136.69,145.54,158600
2022-04-26,145.37,145.37,138.78,141.13,55300
2022-04-27,139.91,144.28,139.91,142,65600
2022-04-28,143.57,144.98,142,143.31,64900
2022-04-29,141.22,144.56,141.22,142.16,33600
2022-05-02,142.65,144.68,141.48,141.93,113700
2022-05-03,141.88,142.245,138.47,141.08,115800
2022-05-04,141.07,141.07,132.59,140.34,105300
2022-05-05,136.78,136.78,127.24,129.21,80600
2022-05-06,133.64,140.45,128.41,138.39,137000
2022-05-09,136.76,139.43,131.34,132.19,104800
2022-05-10,136.11,136.11,130,132.68,85600
2022-05-11,131.41,134.35,129.88,130.19,106500
2022-05-12,130,132.88,129.54,131.73,79000
2022-05-13,133.88,138.2,133.87,136.55,80900
2022-05-16,136.46,138.4,135.2,137,55200
2022-05-17,140.61,141.75,137.97,141.62,67300
2022-05-18,140.92,143.32,139.02,143.26,78200
2022-05-19,143.14,146.81,139.05,140.65,76100
2022-05-20,141.53,147.48,141.53,146,95600
2022-05-24,145.66,145.66,131.365,131.65,83700
2022-05-25,131.97,133.81,130.05,131.72,67900
2022-05-26,132,133.89,130.87,132.65,57300
2022-05-27,132.73,138.34,132.7,137.01,88000
2022-05-30,137.08,139.44,137.08,138.65,24800
2022-05-31,138.66,142.28,135.83,140.47,99100
2022-06-01,142.04,143.27,137.75,138.54,61900
2022-06-02,138.58,144.7,137.105,144.7,52600
2022-06-03,144.42,145.75,138.57,140.54,47100
2022-06-06,142.47,143.14,140.03,140.29,21000
2022-06-07,139.47,140.5,137,138.68,40900
2022-06-08,137.44,139.8,137.31,138.18,27900
2022-06-09,137.43,138.05,135.89,136.72,29500
2022-06-10,135.59,135.59,130.21,130.39,97800
2022-06-13,127.46,128.12,123.2,127.43,88800
2022-06-14,127.03,127.03,120.89,121.85,54500
2022-06-15,123.07,127.03,121.43,126.44,95000
2022-06-16,123.28,124.19,119.48,120.03,50200
2022-06-17,121.19,127.44,121.03,125.65,56400
2022-06-20,126.24,127.43,124.91,126.72,24200
2022-06-21,125.97,129.51,125.97,127.29,52500
2022-06-22,126.7,136,126.08,132.5,94400
2022-06-23,133.91,138.07,132.95,137.01,44000
2022-06-24,139.88,145.39,139.88,144.94,78800
2022-06-27,144.8,146.5,139.83,140.6,40000
2022-06-28,142.18,143.12,140.96,142.39,36400
2022-06-29,141.53,142.38,135.28,137.74,49700
2022-06-30,136.44,139.63,133.01,138.96,51800
2022-07-04,141.69,141.73,136.18,137.22,30500
2022-07-05,137.46,141.63,136.71,140.81,28900
2022-07-06,141.8,142.29,139.29,141.37,24600
2022-07-07,142.04,147.09,142.03,146.82,40500
2022-07-08,147.04,148.76,145.06,145.61,26400
2022-07-11,144.91,144.91,139.51,140.27,29100
2022-07-12,140.27,142.46,138.69,140.26,34300
2022-07-13,138.43,140.73,136.71,139.09,24000
2022-07-14,137.85,142.18,137.85,140.66,29800
2022-07-15,141.53,146.05,141.06,145.4,42100
2022-07-18,145.01,150.07,144.89,146.24,36000
2022-07-19,147.05,154.32,145.25,151.65,77300
2022-07-20,152.37,156.52,150.33,154.04,52500
2022-07-21,154.04,156.48,152.84,154.17,35600
2022-07-22,155.16,155.16,151.65,152.04,54700
2022-07-25,152.98,153.78,150.745,152.44,37200
2022-07-26,152.36,152.36,147.42,147.97,52300
2022-07-27,148.57,152.15,147.69,150.73,38800
2022-07-28,150.89,153.88,149.84,153.02,38000
2022-07-29,153.21,155,152.35,153.08,33000
2022-08-02,152.01,153.53,144.84,145.57,93200
2022-08-03,146.83,159.62,146.82,159.39,76500
2022-08-04,159.49,163.29,159,161.95,44800
2022-08-05,159.56,159.56,155.69,158.47,49600
2022-08-08,158.55,164.53,158.55,162.38,54000
2022-08-09,161.2,161.2,157.36,157.71,68200
2022-08-10,160,173.45,160,169.57,167000
2022-08-11,170.01,170.46,163.99,165.86,95100
2022-08-12,163.49,165.72,162.25,164.58,56000
2022-08-15,163.6,167.87,163.6,167.65,37100
2022-08-16,168,168.99,163.23,165.85,40700
2022-08-17,164.03,165,162.27,164.42,55800
2022-08-18,163.37,169.49,162.19,167.77,102000
2022-08-19,166.36,166.36,160.44,160.61,40700
2022-08-22,159.88,159.99,155.31,157.31,72900
2022-08-23,156.66,159.97,155.7,159.21,24800
2022-08-24,158.73,162.36,158.73,160.12,28700
2022-08-25,160.22,162.9,159.5,160.75,29600
2022-08-26,160.48,160.48,155.115,155.68,38100
2022-08-29,154.8,157.33,153.21,153.42,24400
2022-08-30,153.04,155.5,152.53,153.21,23400
2022-08-31,153,155.48,151.28,151.44,50500
2022-09-01,151.44,151.82,145.01,146.2,51400
2022-09-02,146.86,147.02,142.88,145.05,37900
2022-09-06,145.05,145.84,142.62,142.85,35300
2022-09-07,143.74,144.67,140.86,144.39,56500
2022-09-08,143.19,145.67,142.28,144.55,82200
2022-09-09,144.96,145.45,141.065,142.4,41500
2022-09-12,143,145.34,142.84,143.47,56600
2022-09-13,140.91,140.91,137.53,139.07,47800
2022-09-14,139.19,143.6,137.89,143.6,49200
2022-09-15,142.18,143.47,141.81,142.87,41700
2022-09-16,139.96,142.46,134.9,136.01,121200
2022-09-19,134.4,138.075,134.1,137.78,98600
2022-09-20,137.1,138.155,135.89,137.26,89300
2022-09-21,137.05,139.55,135.7,137.96,64900
2022-09-22,136.97,137.33,131.57,131.57,61400
2022-09-23,131.96,132.27,124.9,131.12,74900
2022-09-26,130.91,141.99,130.91,139.22,106100
2022-09-27,139.36,140.68,136.775,137.91,84900
2022-09-28,138.14,140.25,137.2,139.19,74900
2022-09-29,137.74,138.34,134.63,135.61,64400
2022-09-30,135.61,138.11,135.41,137.07,92600
2022-10-03,137.79,140.41,135.88,138.69,54500
2022-10-04,142.185,142.23,139.485,140.78,59400
2022-10-05,139.67,143.21,138.81,143.13,60700
2022-10-06,142.41,144.32,141.36,142.31,41300
2022-10-07,139.63,139.83,136.62,138,66000
2022-10-11,135.33,138.8,132.21,132.46,47800
2022-10-12,132.46,135.15,129.65,134.74,46600
2022-10-13,131.58,139.37,131.44,137.08,40200
2022-10-14,138.06,141.76,137.01,139.19,68100
2022-10-17,140.38,145.68,140.38,144.49,74500
2022-10-18,147.99,150.63,146.88,147.31,67400
2022-10-19,145.94,146.47,143.325,146.12,35700
2022-10-20,145.69,147.13,142.84,143.82,51100
2022-10-21,142.9,144.34,141.665,143.11,51500
2022-10-24,142.85,142.85,138.09,141.52,83600
2022-10-25,143.12,146.04,141.25,142.05,52000
2022-10-26,141.23,141.61,138.5,140.04,56000
2022-10-27,140.16,143.04,138.26,142.79,108700
2022-10-28,143.07,150.28,142.86,149.39,37500
2022-10-31,148.98,150.365,145,145.41,46000
2022-11-01,146.4,151.55,146.25,149.7,51500
2022-11-02,150.1,150.1,143.99,145.55,76200
2022-11-03,143.56,148.33,143.1,144.35,44500
2022-11-04,142.04,148.22,139.88,142.18,114700
2022-11-07,143.06,145.06,139.59,141.92,56400
2022-11-08,142.07,144.39,139.915,143.53,55300
2022-11-09,141.53,142.22,139.75,141.54,53800
2022-11-10,145.09,154.575,145.08,150.77,100900
2022-11-11,150.77,157.99,149.43,156.18,95000
2022-11-14,153.12,156.18,152.78,152.78,77100
2022-11-15,156.05,160.91,154.46,158.63,64600
2022-11-16,157.09,159.39,154.82,156,35200
2022-11-17,155.17,155.81,149.72,151.15,61800
2022-11-18,153.98,153.98,148.475,148.67,23900
2022-11-21,148.47,149.65,146.66,147.2,28700
2022-11-22,147.05,148.42,143.53,148.3,24700
2022-11-23,148.5,151.72,148.5,150.12,40200
2022-11-24,150.63,151.75,150.02,151.48,7000
2022-11-25,150.65,151.12,148.77,150.73,12900
2022-11-28,149.19,152,147.34,148.03,49300
2022-11-29,148.07,148.46,142.15,143.73,32300
2022-11-30,143.87,152.9,143.87,152.2,63900
2022-12-01,152.46,158.47,152.46,156.25,69000
2022-12-02,154.01,159.72,154.01,157.49,53400
2022-12-05,156.6,157.72,150.57,151.09,40300
2022-12-06,151.17,154.34,149.86,152.27,66200
2022-12-07,152,152.28,145.55,146.39,39800
2022-12-08,146.98,148.03,143.57,146.33,68900
2022-12-09,146,150.63,146,148.42,60700
2022-12-12,149.02,157.35,149.02,154.46,50700
2022-12-13,156.99,160.92,152.6,154,157400
2022-12-14,154.01,155.09,151.29,153.28,37400
2022-12-15,151.14,152,147.93,151.86,49500
2022-12-16,151,152.8,149,150.01,70500
2022-12-19,148.42,148.97,145.3,147.04,42000
2022-12-20,146.74,148.33,146,147.43,27200
2022-12-21,147.67,150.9,146,149.03,49900
2022-12-22,147.98,148.4,145.79,148.4,21800
2022-12-23,147.87,147.87,144.52,147,47200
2022-12-28,147,149.58,146.15,148.42,23500
2022-12-29,148.78,153.42,148.78,151.82,32400
2022-12-30,150.55,152.93,150.55,151.91,37800
2023-01-03,154.98,156,152.5,154.66,35800
2023-01-04,155.99,156,153.235,153.9,37000
2023-01-05,153.09,153.09,148,148.25,37100
2023-01-06,148.93,148.93,143.17,145.92,52600
2023-01-09,146.31,149.4,145.99,149.21,26200
2023-01-10,149.39,152.16,148.93,152,33600
2023-01-11,152.24,152.85,148,150,37300
2023-01-12,151,151.01,140.01,140.5,104900
2023-01-13,140.42,144.5,140.42,141.7,77200
2023-01-16,141.7,142.24,140.87,142,32500
2023-01-17,140.64,142.18,139,140.24,155600
2023-01-18,141.55,147.61,141.34,146.54,84500
2023-01-19,142.47,147.98,142.21,147.3,74900
2023-01-20,147.42,150.64,145.96,150.14,62400
2023-01-23,150.14,150.93,144.68,147.16,60700
2023-01-24,147.02,147.77,145.79,146,66700
2023-01-25,144.08,146.25,141.63,143.33,110100
2023-01-26,146.83,150.765,145.06,148.66,69200
2023-01-27,148,150.07,147.05,149.2,32400
2023-01-30,147.59,150.21,147.59,148,69700
2023-01-31,148.4,155.1,148.4,154.65,59700
2023-02-01,154.65,158.96,154.65,156.15,95900
2023-02-02,157.14,162,157.14,159,52200
2023-02-03,157.98,163.57,157.95,162.06,41300
2023-02-06,161.49,164.56,161.37,162.44,51100
2023-02-07,162.96,164.85,161.16,164.27,36100
2023-02-08,163.28,167,163.08,164.24,20000
2023-02-09,165.59,168.075,163.5,164.37,37300
2023-02-10,163.22,164.375,159.1,161.23,27100
2023-02-13,162,163.25,160.995,162.44,90400
2023-02-14,162.28,167.7,162.28,165.04,62800
2023-02-15,163.22,167.95,163.22,165.95,46100
2023-02-16,163.01,163.92,160.25,162.34,43600
2023-02-17,160.6,163.62,156.43,159.02,30300
2023-02-21,156.25,160.09,155.64,158.69,35700
2023-02-22,159,159.64,154.94,156.72,49300
2023-02-23,156.71,159.2,155.6,156.26,42700
2023-02-24,156.29,156.29,153.3,156.04,146500
2023-02-27,157.65,158.9,155.05,155.59,29100
2023-02-28,156.06,159.01,156,158.57,65600
2023-03-01,158.59,160.31,156.42,159.02,62600
2023-03-02,161.98,169.01,161.25,167.4,99900
2023-03-03,167.01,170.34,166.98,169.35,86000
2023-03-06,169.28,173,168.91,171.1,96100
2023-03-07,170.51,173,170.15,170.53,97800
2023-03-08,170.11,173.5,170,172.88,46800
2023-03-09,171.39,173.25,167.47,168.2,59500
2023-03-10,168.2,171.15,165.03,167.68,54200
2023-03-13,166.55,168.97,164.75,167.46,54200
2023-03-14,169.05,171.44,166.92,171.44,98200
2023-03-15,169.68,171.56,166.46,169.17,49800
2023-03-16,167.48,171.62,167.47,171.62,75500
2023-03-17,172.43,179.4,172.38,175.09,155400
2023-03-20,175.09,180.99,172.98,178.76,104000
2023-03-21,179.99,184.27,178.56,183.09,95700
2023-03-22,182.51,184.49,179.52,181.83,47700
2023-03-23,182.11,187.01,182.11,185.23,67100
2023-03-24,185.43,186.12,182.32,182.8,120400
2023-03-27,182.8,185.85,182.4,183.18,199100
2023-03-28,181.32,181.79,177.23,179.68,98200
2023-03-29,180.34,181.69,179.24,179.39,47700
2023-03-30,180.865,182.71,178.21,182.32,25500
2023-03-31,182.93,185.89,182.93,185.56,64800
2023-04-03,185.03,185.03,182.5,184.63,50500
2023-04-04,184.01,185.75,184.01,185.57,35200
2023-04-05,185.2,185.2,182.83,183.45,37700
2023-04-06,183.01,183.29,180,182.94,67500
2023-04-10,183,184.7,181.5,183.14,33100
2023-04-11,183.52,184.23,180.32,182.04,32100
2023-04-12,183.7,185.48,181.8,182.13,35300
2023-04-13,184.98,185.1,181.51,181.53,31400
2023-04-14,180.08,184.53,178.19,183.64,37500
2023-04-17,183.31,183.82,181.01,182.88,14800
2023-04-18,183.05,183.69,178.54,178.99,30300
2023-04-19,176.7,181.84,176.7,179.52,27700
2023-04-20,176.41,180.7,175.99,179,31700
2023-04-21,179.14,183.52,179.14,181.88,61100
2023-04-24,183.65,183.65,178.76,180.96,17000
2023-04-25,179.78,180.75,177.81,179.76,25500
2023-04-26,180.77,183.08,180.73,181.9,54500
2023-04-27,181.01,184.21,181.01,183.77,32600
2023-04-28,183.99,186.8,182.97,186.06,80300
2023-05-01,186.68,188.48,185.71,188.02,53200
2023-05-02,188.02,190.31,185.01,185.16,68400
2023-05-03,186.12,186.12,177.17,177.47,66300
2023-05-04,179.89,179.97,173.46,173.6,71700
2023-05-05,175.27,183.14,175.27,180.82,65700
2023-05-08,180.8,181.2,175,179,64500
2023-05-09,178.52,182.91,178.05,179.04,40500
2023-05-10,180.08,185.45,179.2,184.17,53900
2023-05-11,184.53,186.11,180.69,183,39600
2023-05-12,180.73,184.76,180.72,183.4,29000
2023-05-15,182.75,186.65,182.015,186.1,61000
2023-05-16,185.7,186.14,183.62,184.62,48400
2023-05-17,184.14,185.05,180.695,182.48,34200
2023-05-18,181.01,184.32,180.71,182.88,37800
2023-05-19,182.43,185.1,181.96,184.65,61000
2023-05-23,183.51,184.53,180,180.99,42000
2023-05-24,181.14,181.79,178.3,180.48,40100
2023-05-25,179.69,184.92,179.69,184,32000
2023-05-26,183.02,188.83,183.02,188.82,57000
2023-05-29,187.19,187.94,186.45,186.6,9200
2023-05-30,184.04,187,183.48,183.75,41300
2023-05-31,183.02,183.02,179.14,181.6,97700
2023-06-01,175.95,182.04,175.95,181.07,36900
2023-06-02,181.6,183.86,178.345,181.26,35700
2023-06-05,181.24,187.38,180.15,186.15,82600
2023-06-06,184.71,190.97,184.71,190.42,70200
2023-06-07,190.42,191.8,177.96,179.28,109200
2023-06-08,178.48,178.77,174.98,176.21,70400
2023-06-09,177.84,179.27,175.25,177.03,38800
2023-06-12,178.3,182.21,178.165,182.13,36400
2023-06-13,182.43,183.04,179.53,182.41,29200
2023-06-14,181.57,184.98,181.57,184.08,26000
2023-06-15,182.78,184.9,180.58,184,49500
2023-06-16,184.97,184.97,179.1,180.3,70600
2023-06-19,179.96,180.96,178.85,180.79,25700
2023-06-20,178.65,183,178.34,180.41,47900
2023-06-21,178.87,180.46,174.5,176.99,46800
2023-06-22,175.89,176,172.58,173.96,107200
2023-06-23,172.54,177.51,171.55,176.74,81000
2023-06-26,176.3,176.68,173.3,175.53,62500
2023-06-27,175.55,177.95,174.05,177.32,72500
2023-06-28,177.29,179.72,176.51,179.56,45600
2023-06-29,178.99,183.54,178.76,183.34,41400
2023-06-30,184.32,190,184.3,189.3,65900
2023-07-04,188.01,188.57,186.76,187.64,29500
2023-07-05,185.43,189.15,185.26,187.79,28300
2023-07-06,185.76,187.005,183.78,185.25,39300
2023-07-07,186.01,186.82,182.81,183,21900
2023-07-10,183.99,188.8,183.27,185.1,63500
2023-07-11,186.34,187.13,184.64,185.42,20200
2023-07-12,184.74,185.2,182.8,183.54,17700
2023-07-13,183.93,185.27,183.45,184.73,48200
2023-07-14,184.03,187.34,183.29,185.93,25200
2023-07-17,185.36,189.21,185.36,187.91,20400
2023-07-18,187.31,191.51,185.6,189.36,51800
2023-07-19,189.37,190.65,185.68,187.82,44400
2023-07-20,188.01,188.22,186.11,187.07,25900
2023-07-21,187.43,187.71,185.04,186.6,32900
2023-07-24,185.27,185.27,181.05,184.46,43700
2023-07-25,185.015,186.51,182.23,183.5,43600
2023-07-26,183.13,183.13,179.84,180.16,28500
2023-07-27,180.36,181.7,174.1,175.03,59400
2023-07-28,175.83,179.28,174.335,175.89,54700
2023-07-31,176.51,180.06,176.02,179.05,114400
2023-08-01,177.46,178.71,176.52,177.01,38600
2023-08-02,175.22,175.27,167.46,170.62,61900
2023-08-03,168.86,171.44,167.72,169.44,27400
2023-08-04,170.35,171.39,167.38,169.73,21400
2023-08-08,169,169,160.04,160.34,93600
2023-08-09,160.34,161.11,156.91,158.44,135000
2023-08-10,166,166,152.61,159,119000
2023-08-11,157.37,160.61,157.37,160,136800
2023-08-14,159,164.925,159,164.21,82900
2023-08-15,164.21,165.59,163.84,165,64200
2023-08-16,164.76,165.65,163.62,165.29,98200
2023-08-17,165.09,165.48,162.07,163.51,94300
2023-08-18,161.74,164.17,161.3,163.63,96700
2023-08-21,163.38,167.58,163.38,167,32800
2023-08-22,167.51,168.96,165.37,167.67,59200
2023-08-23,167.68,171.66,167.68,170.5,36400
2023-08-24,170.74,170.74,164.055,166.13,45900
2023-08-25,165.01,167.14,164.34,165.54,46600
2023-08-28,165.48,167.13,164.69,165.79,23900
2023-08-29,164.78,169.34,164.72,167.03,47700
2023-08-30,165.4,168.39,165.4,166.48,28200
2023-08-31,164.92,167.58,163.04,166.57,110300
2023-09-01,166.13,167.38,163.995,165.67,26600
2023-09-05,165.61,166.91,163.75,164.14,25700
2023-09-06,163.01,165.64,160.31,160.78,41200
2023-09-07,160,162.06,159.26,161.35,51600
2023-09-08,161.5,162.15,160.3,161.52,45800
2023-09-11,162.28,165.23,160.76,164.3,47000
2023-09-12,162.56,165.28,161.85,163.67,41600
2023-09-13,163.67,164.67,161.98,163.59,59900
2023-09-14,162.98,166.7,162.98,165.65,47300
2023-09-15,165.65,167.27,164.65,165.42,64400
2023-09-18,165.4,167.19,164.5,165.4,45900
2023-09-19,164.33,164.35,159.16,160.74,56600
2023-09-20,161.1,161.88,159.13,159.43,37500
2023-09-21,158.22,158.47,153.57,154.21,40800
2023-09-22,154.99,155.85,151.9,153.7,51900
2023-09-25,153.69,154.17,151.91,152.16,26500
2023-09-26,152.12,152.695,147.67,147.85,57900
2023-09-27,148.6,148.84,147.08,148.12,67900
2023-09-28,148.5,149.86,147.39,148.54,54900
2023-09-29,150.08,153.29,148.53,153.18,101900
2023-10-02,153.8,153.8,149.37,150,39600
2023-10-03,149.43,149.44,145.78,149.14,32900
2023-10-04,149.15,151.12,149,149.84,30500
2023-10-05,149.97,151.36,149.35,151.2,16700
2023-10-06,148.37,152.76,147.94,148.7,93100
2023-10-10,148.7,148.7,145.195,146.66,56100
2023-10-11,146.74,148.98,145,145.7,47500
2023-10-12,145.34,146.02,141.78,142.58,58500
2023-10-13,143.82,143.82,136.68,137.98,57600
2023-10-16,138.64,138.64,133.4,136.55,61600
2023-10-17,136.38,139.9,135.62,137.87,107800
2023-10-18,136.98,139.32,135.62,138.53,62000
2023-10-19,138.16,140.43,137.7,139.76,33800
2023-10-20,138.23,138.825,134.2,134.25,89600
2023-10-23,133.96,134.46,131.85,133.38,69500
2023-10-24,134.01,136.9,134.01,136.04,56700
2023-10-25,136.04,136.92,133.52,134.52,40400
2023-10-26,134.01,135.92,132.08,132.72,48100
2023-10-27,132.98,133.64,129.13,131.12,87200
2023-10-30,132.4,134.91,132,133.95,46100
2023-10-31,133.58,135.99,133.075,135.42,87900
2023-11-01,135.42,136.32,134.24,134.53,55900
2023-11-02,140.87,146.94,139.58,143.69,97100
2023-11-03,144.51,149.27,143.48,146.37,195000
2023-11-06,147.52,151.78,147.29,148.49,116800
2023-11-07,147.36,152.105,146.2,149.85,98600
2023-11-08,150.27,150.41,148.96,149.74,83200
2023-11-09,149.58,152.56,148.85,149.19,373900
2023-11-10,149.01,151.05,149,149.82,143300
2023-11-13,149.22,151.52,148.78,149.26,42000
2023-11-14,150.29,154.98,150.29,150.84,56500
2023-11-15,150.01,152.87,150.01,151.53,66300
2023-11-16,151.53,153.3,151.47,151.95,141800
2023-11-17,152.26,152.83,150.87,151.8,89600
2023-11-20,152.39,153.78,151.52,152.06,112600
2023-11-21,151.62,152.68,149.69,152,155400
2023-11-22,150.29,154.62,150.29,151.4,348900
2023-11-23,151.9,152.58,151.26,151.28,15000
2023-11-24,149.29,151.46,149.29,150.53,45600
2023-11-27,150.54,153.265,150.54,151.76,70900
2023-11-28,152.06,152.74,151,151.27,79600
2023-11-29,152.73,153.96,150.87,151.39,80900
2023-11-30,151.09,151.465,148.53,151,131400
2023-12-01,150.93,155.34,149.55,154.65,171900
2023-12-04,153.07,156.93,152.45,152.75,84200
2023-12-05,152.14,155.29,151.84,152.5,154300
2023-12-06,153.89,154.6,151.39,151.6,89200
2023-12-07,151.98,154.54,151.51,154.45,87400
2023-12-08,152.39,156.34,152.39,154.47,98300
2023-12-11,154.27,154.55,151.9,152.38,73300
2023-12-12,152.35,152.35,150.01,151.46,63400
2023-12-13,151.48,155.13,151.48,154.63,77100
2023-12-14,154.15,155.76,153,155.29,108400
2023-12-15,154.32,155.29,153.14,153.14,136000
2023-12-18,153.54,154,151.84,153.59,71400
2023-12-19,155,155,153.55,154,79300
2023-12-20,153.65,153.79,148.01,148.47,106700
2023-12-21,149.55,151.71,149.55,150.5,81000
2023-12-22,150.61,151.22,149.48,151.01,68100
2023-12-27,150.91,151.19,148.11,149,68200
2023-12-28,149.43,149.43,148.17,148.62,101000
2023-12-29,148.96,149.38,147.52,148.71,41700
2024-01-02,147.96,147.96,141.46,142.37,93900
2024-01-03,140.03,140.48,138.73,139.02,56700
2024-01-04,139.01,139.91,137.18,137.65,61000
2024-01-05,137.64,138.33,134.75,136.75,86200
2024-01-08,137.02,141.785,137.02,141.16,80800
2024-01-09,139.93,144.77,139.75,143,61000
2024-01-10,143,144.38,142.63,143.36,71600
2024-01-11,142.98,144.69,142.86,143.95,72400
2024-01-12,143.77,148.56,143.75,148.13,81900
2024-01-15,146.9,148.77,146.9,148.77,22500
2024-01-16,147.35,155.36,147.23,155.35,84300
2024-01-17,153.1,159.86,152.99,159.45,107500
2024-01-18,159.93,165.19,159.93,163.32,103200
2024-01-19,163.68,166.61,162.01,165.78,95600
2024-01-22,166.01,167.53,161.01,164.59,59200
2024-01-23,163.45,166.24,163.45,165.53,41100
2024-01-24,166.47,168.18,163.51,163.7,42900
2024-01-25,164.22,165.95,162.14,162.66,31900
2024-01-26,161.17,166.48,161.03,164.52,37200
2024-01-29,163.95,165.31,163.095,165.31,31200
2024-01-30,163.97,166.97,163.95,166.06,45800
2024-01-31,165.26,166.32,163.565,163.72,30700
2024-02-01,163.73,165.88,163.73,164.21,47400
2024-02-02,163.01,166.69,162.18,165.81,26000
2024-02-05,165.82,165.82,161.5,161.59,30800
2024-02-06,161.07,161.46,155.88,158.05,69400
2024-02-07,157.94,158.94,156.9,157.48,29500
2024-02-08,157.06,157.73,155.98,156.5,41800
2024-02-09,157.29,161.31,155.97,160.29,55900
2024-02-12,159.68,161.01,159,160.71,108400
2024-02-13,157.08,160.68,157,159.43,47200
2024-02-14,159.44,162.95,159.44,161.88,26500
2024-02-15,160.92,162.175,158.82,162.13,36700
2024-02-16,161.49,162.5,159.95,160.38,30400
2024-02-20,159.44,159.44,153.08,153.97,50800
2024-02-21,152.4,152.4,147.8,150,68200
2024-02-22,152,152.52,148.24,148.72,110400
2024-02-23,148.79,154.73,147.67,154.33,75100
2024-02-26,155.07,155.92,153.94,154.88,54300
2024-02-27,153.3,155.59,151.05,151.76,82000
2024-02-28,150.76,155,150.76,154.38,63300
2024-02-29,146,150.75,138.43,140.68,317000
2024-03-01,140.38,151.05,140.25,149.07,120100
2024-03-04,149.07,155.78,149.07,153.8,88500
2024-03-05,152.5,154.24,142.2,143.85,157100
2024-03-06,145.45,147.36,144.37,146,158300
2024-03-07,148.15,149.92,147.33,148,69500
2024-03-08,147.99,147.99,145.71,146.27,44800
2024-03-11,146.36,148.39,145.49,147.06,27000
2024-03-12,147.73,151.92,146.61,151.17,74900
2024-03-13,150.37,151.11,148.93,150.48,97100
2024-03-14,151.23,151.77,149.59,151.66,63200
2024-03-15,150.54,151.73,149.04,149.42,78800
2024-03-18,149.95,149.95,145.46,147.44,32800
2024-03-19,145.72,148.23,145.72,147.54,51300
2024-03-20,147.55,152.66,147.55,152.1,65300
2024-03-21,152.91,154.87,151.67,153.78,61100
2024-03-22,153.02,153.02,149.39,150.52,44300
2024-03-25,149.97,151.15,149.5,150.26,27600
2024-03-26,151.65,151.99,150.28,150.33,54800
2024-03-27,151.86,153.04,150.51,152.94,54200
2024-03-28,153.5,154.42,153.395,154,57200
2024-04-01,154,155.13,153,153.37,45700
2024-04-02,153,153.01,150.51,152.52,52000
2024-04-03,151.79,152.79,149.13,150,47700
2024-04-04,151.91,151.91,146.78,146.91,60800
2024-04-05,146.93,153.81,146.93,152.46,57200
2024-04-08,152.54,152.57,150.28,151.89,21600
2024-04-09,151.76,153.14,151.6,153.1,40900
2024-04-10,151.04,152.75,150.89,151.39,28400
2024-04-11,151.57,153.04,150.93,153.01,48600
2024-04-12,152.92,153.5,151.37,151.37,42400
2024-04-15,150.41,152.15,149.71,150.25,40300
2024-04-16,149.41,152.71,149.41,150.31,38100
2024-04-17,150.6,151.93,149.49,151.68,22400
2024-04-18,150.62,152,149.8,151.57,61400
2024-04-19,151.57,153.2,147.98,148.79,62200
2024-04-22,148.93,151.715,148.17,150.92,34700
2024-04-23,151.64,154,150.95,152.51,54600
2024-04-24,153.33,155.8,150.16,151.71,51200
2024-04-25,151.04,151.27,149.33,149.56,48900
2024-04-26,149.67,151.19,149.6,150.21,32500
2024-04-29,150.37,150.6,148.23,148.75,75400
2024-04-30,148.64,148.95,145.93,146.59,55300
2024-05-01,146.57,153.83,145.72,152.49,62600
2024-05-02,153.89,153.89,149.93,150.88,41700
2024-05-03,152.08,152.88,150.87,151.38,22300
2024-05-06,151.38,152.29,149.67,151.59,123900
2024-05-07,151.58,151.58,145.5,145.59,77300
2024-05-08,145.11,145.99,142.245,144.31,133000
2024-05-09,146.06,151.71,146.06,150.04,132800
2024-05-10,151.67,153.47,148.56,149.47,63500
2024-05-13,149.65,151.605,148.71,149.62,43800
2024-05-14,149.57,151.66,149.33,151.09,34000
2024-05-15,150.37,152.19,149.33,152,76900
2024-05-16,152.01,157.82,152.01,157.81,81800
2024-05-17,156.95,157.22,154.51,156.22,41800
2024-05-21,155.76,156.22,154.64,154.7,44300
2024-05-22,154.71,155.92,154.71,155.12,22200
2024-05-23,155.45,155.72,150.31,150.83,26400
2024-05-24,151.32,152.4,149.66,149.71,26700
2024-05-27,149.71,150.1,149.01,149.05,12200
2024-05-28,150.04,150.04,147.82,148.85,71300
2024-05-29,148.08,151.09,147.83,150.77,58500
2024-05-30,149.47,151.58,143.39,144.14,94900
2024-05-31,144.92,146.78,143.42,146.45,135100
2024-06-03,145.57,147,143.04,145.23,76000
2024-06-04,146.36,146.36,142.82,145.28,65400
2024-06-05,146.46,151,146,150.75,58700
2024-06-06,149.9,151.61,149.9,151.24,33900
2024-06-07,150.43,150.79,147.39,147.45,59700
2024-06-10,146.37,150.24,146.31,149.67,60100
2024-06-11,149.28,149.49,147.26,148.72,41100
2024-06-12,150.58,151.88,149.585,150.25,57200
2024-06-13,148.89,150.47,148.89,149.24,50000
2024-06-14,148.2,150.1,148.2,149.05,39700
2024-06-17,148.3,150.71,148.3,150.29,44200
2024-06-18,149.79,150.96,149.655,150.5,93800
2024-06-19,150.39,151.25,148.84,150.62,40100
2024-06-20,149.58,151.88,147.65,148.71,84300
2024-06-21,147.35,150.42,145.29,150.16,110900
2024-06-24,148.6,151.16,148.6,150.58,67000
2024-06-25,150.58,152.6,150.02,150.84,45700
2024-06-26,150.65,152.46,148.62,148.84,52400
2024-06-27,148,151.1,148,151.1,63300
2024-06-28,151.92,157.93,151.91,157.76,77400
2024-07-02,156.6,162.81,156.6,161.83,53700
2024-07-03,161.82,162,160.03,160.8,21400
2024-07-04,160.53,162.29,160.53,160.99,6400
2024-07-05,160.54,160.54,157.39,157.79,63000
2024-07-08,157.8,159.81,157.6,159.81,18000
2024-07-09,159.49,159.49,154.69,157.09,28300
2024-07-10,157.27,160.63,154.8,160.27,49700
2024-07-11,160.33,160.33,156.16,156.55,34400
2024-07-12,157.07,159.645,156.5,158.54,22300
2024-07-15,158.06,166.7,158.06,166.47,65500
2024-07-16,165.01,168.52,165.01,167.75,34800
2024-07-17,165.64,166.43,164.71,166.01,60400
2024-07-18,166.96,167.41,162.86,164.65,56500
2024-07-19,164.48,166.02,164.34,164.93,31800
2024-07-22,166.36,168.27,165.73,167.53,30500
2024-07-23,168.82,170.7,168.41,170.35,48300
2024-07-24,168.82,170.09,167.95,168.92,38000
2024-07-25,169.28,169.45,166.04,167.46,27200
2024-07-26,169.2,170.5,167.06,169.41,48300
2024-07-29,170.82,170.98,168.9,169.78,34700
2024-07-30,169.46,171.66,166.14,167.38,46000
2024-07-31,169.21,172.83,169.21,169.86,57800
2024-08-01,169.86,169.86,153.01,154.55,191600
2024-08-02,150.02,152.45,145.3,146.26,136600
2024-08-06,144.39,147.63,143.5,143.62,127300
2024-08-07,146.63,147.79,142.21,145.65,109300
2024-08-08,147.34,153.49,147.34,151.75,71800
2024-08-09,152,154.86,152,154.71,89100
2024-08-12,153.47,155.34,148.915,149.14,54600
2024-08-13,149.79,152.98,149.79,152.82,44600
2024-08-14,152.25,152.25,148.92,151.58,48800
2024-08-15,152.93,155.34,152.19,153.83,36800
2024-08-16,153.7,154.78,152.5,153.9,23800
2024-08-19,154.25,155.37,153.67,154.45,33700
2024-08-20,153.27,153.96,151.1,151.77,41600
2024-08-21,152.54,152.54,149.8,152.02,52100
2024-08-22,152.62,152.62,150.02,150.58,22700
2024-08-23,149.45,153.42,149.43,151.2,21100
2024-08-26,151.2,155.48,151.2,154.2,55100
2024-08-27,154.2,157.11,154.2,156.74,36500
2024-08-28,149.05,149.52,132.93,133.95,622000
2024-08-29,136.21,144.84,134,143.65,418600
2024-08-30,144.28,147.48,143.485,147.32,122100
2024-09-03,146.92,150.18,146.8,148.19,92200
2024-09-04,146.92,150.19,146.37,147.96,104300
2024-09-05,147.37,149.46,145.07,145.8,73100
2024-09-06,146.3,149.11,142,144.65,88200
2024-09-09,146.01,150.6,146.01,150.36,86500
2024-09-10,150.81,153.29,149.62,152.58,71500
2024-09-11,151.81,153.97,151.17,151.95,41200
2024-09-12,151.95,152.58,150.63,151.07,14500
2024-09-13,151.98,156.87,151.98,155.71,67300
2024-09-16,155.73,156.1,153.935,154.47,28500
2024-09-17,156.49,156.49,151.92,153.25,52000
2024-09-18,154.73,158.66,153.26,156.71,88600
2024-09-19,159.19,164.41,158.4,163.91,82900
2024-09-20,163.9,165.82,162.22,162.8,128900
2024-09-23,162.8,162.8,159.06,159.57,183400
2024-09-24,159.6,159.6,153.61,154.32,77600
2024-09-25,154.32,156.95,153.87,156.29,52600
2024-09-26,156.95,159.47,156.95,158.25,52200
2024-09-27,158.18,159.84,156.97,156.97,37900
2024-09-30,156.98,160.72,156.98,160.67,66600
2024-10-01,160.67,160.67,156.97,158.77,31300
2024-10-02,158.33,161.255,157.51,160.03,42000
2024-10-03,159.96,160.66,157.92,158.5,77500
2024-10-04,160.39,161.38,159.63,160.46,31700
2024-10-07,159.17,161.92,159.16,160.3,41600
2024-10-08,160.13,162.63,160.13,161.7,41900
2024-10-09,163.19,166.85,162.51,165,76600
2024-10-10,164.95,164.95,158.91,158.96,99300
2024-10-11,159.24,159.595,157.14,158.07,69500
2024-10-15,160.11,160.11,156.71,157.72,78900
2024-10-16,158.28,158.66,156.06,156.95,79200
2024-10-17,158.17,159.23,155,156.82,52400
2024-10-18,156.89,156.89,154.93,155.45,39700
2024-10-21,155.08,156.08,153.04,155.23,82600
2024-10-22,155.73,157.27,155.5,157.05,42200
2024-10-23,157.05,157.05,154.05,156.07,38300
2024-10-24,155.55,161.17,155.55,159.28,68500
2024-10-25,159.01,160.19,156.51,157.05,82500
2024-10-28,156.35,157.63,155.27,156.08,41900
2024-10-29,156.08,157.06,155.45,157,131100
2024-10-30,156.9,159.92,155.97,157.35,116300
2024-10-31,157.84,159.5,151.34,154.64,181000
2024-11-01,155.18,167.3,155.18,166,135800
2024-11-04,164.46,164.46,161.04,162.91,43800
2024-11-05,161.71,166.49,161.71,165.93,46800
2024-11-06,166.88,172.51,166.01,171.25,63600
2024-11-07,170.82,172.65,166.47,167.97,78100
2024-11-08,167.41,170.54,167.41,169.28,39600
2024-11-11,169.9,171.13,169,170.99,47400
2024-11-12,169.35,172.96,169.35,170.99,45500
2024-11-13,170.47,174.25,170.47,173,74900
2024-11-14,171.86,171.86,166.06,166.37,97500
2024-11-15,164.69,166.58,162.93,165.15,120600
2024-11-18,164.93,168,162.73,166.25,72800
2024-11-19,165.72,168.11,164.8,168,51600
2024-11-20,168,168.62,165.86,168.57,40600
2024-11-21,168.78,169.87,166.9,168.68,29100
2024-11-22,168.04,170.88,167.8,170.59,40500
2024-11-25,171.45,172.56,169.59,171.66,126400
2024-11-26,173.62,178.35,171.65,177.2,98500
2024-11-27,177.02,179.63,175,179.43,107400
2024-11-28,179.17,182.05,178.86,179.11,27200
2024-11-29,178.01,184.19,178.01,183.47,102100
2024-12-02,182.5,186.5,182.14,182.66,69800
2024-12-03,181.7,183.155,179.24,179.95,103800
2024-12-04,180.59,187.29,180.59,184.56,113400
2024-12-05,185.61,185.85,183.1,183.41,45500
2024-12-06,182.96,190.17,182.96,185.48,67200
2024-12-09,185.5,186.47,183.39,184.07,52500
2024-12-10,184.07,186.17,184.07,185.47,57300
2024-12-11,186.69,187.43,184.91,185.98,61000
2024-12-12,184.18,186.17,184.125,184.67,43600
2024-12-13,184.75,186.14,181.76,181.9,63400
2024-12-16,181.54,184.74,181.53,181.9,63100
2024-12-17,180.87,183.24,180.5,181.25,56500
2024-12-18,181.16,184.54,176.08,176.19,64500
2024-12-19,178.78,181.15,175.86,176.5,77900
2024-12-20,174.86,180.57,174.4,177.35,81900
2024-12-23,176.89,180,176.22,177.33,60100
2024-12-24,178.61,180.28,177.09,178.61,30800
2024-12-27,177.93,177.93,173.97,175.85,30500
2024-12-30,174.23,174.26,171.97,173.71,41600
2024-12-31,173.71,173.76,172.12,173.14,15600
2025-01-02,173.56,175.67,172.47,173.19,24800
2025-01-03,173.19,173.72,171.895,173.65,23000
2025-01-06,174,174.58,172.5,173.22,30400
2025-01-07,175,175.36,169.815,170.4,38100
2025-01-08,169.42,171.5,168.25,171.31,42400
2025-01-09,170.58,171.51,170.57,170.99,12900
2025-01-10,164.87,171.25,164.87,170.64,53600
2025-01-13,170.2,171.14,168.7,170.25,54800
2025-01-14,169.52,172.7,169.52,171,39100
2025-01-15,172.63,173.98,172.01,173.23,39500
2025-01-16,173.23,174.37,172.59,174,29300
2025-01-17,175,176.29,174.5,175.65,62500
2025-01-20,176.54,176.54,171.33,172.41,16000
2025-01-21,173.32,174.56,171.27,174.41,45400
2025-01-22,174.42,176.28,173.02,176.17,51000
2025-01-23,175.21,177.11,173.93,176.78,27200
2025-01-24,177.09,180.5,174.98,176.33,54400
2025-01-27,170.94,176.78,170.94,174.55,40600
2025-01-28,173.44,177.89,173.44,177.55,63100
2025-01-29,176.19,176.33,165.1,170.04,145700
2025-01-30,170.5,172.57,169.03,170,47800
2025-01-31,170.09,170.94,166.81,167.33,55800
2025-02-03,162.43,172.67,162.43,171.05,86300
2025-02-04,168.68,171.99,168.68,170.65,33100
2025-02-05,171.9,174.05,171.23,173.72,37500
2025-02-06,172.91,173.71,170.6,171.05,55200
2025-02-07,171.91,171.91,163.66,165.4,158900
2025-02-10,167.33,171.16,165.25,170.07,59100
2025-02-11,168.59,169.12,167.11,167.64,74900
2025-02-12,166.4,168.74,166,167.43,82400
2025-02-13,168.55,169.39,163.71,163.82,136200
2025-02-14,164.8,165.15,162.99,163.13,107800
2025-02-18,163.13,163.13,160.46,161.98,154200
2025-02-19,161.94,161.94,158.63,159.96,163800
2025-02-20,159.15,159.57,156.79,157.42,110700
2025-02-21,158.47,158.47,154.25,155.11,102000
2025-02-24,155.95,155.95,151.3,151.4,221500
2025-02-25,151.39,154.52,149.96,153.75,114400
2025-02-26,154.01,156.36,151.61,152.66,110900
2025-02-27,154.11,162.48,154,160.59,175500
2025-02-28,160.59,163.22,154.575,157.69,209800
2025-03-03,156,161.22,156,161.07,236200
2025-03-04,158.95,161.77,155.95,156.1,187500
2025-03-05,154.89,160.98,154.89,160.17,110700
2025-03-06,157.79,159.37,154.25,157.86,186900
2025-03-07,157.58,162.31,157.58,162.05,155100
2025-03-10,159.04,161.31,158.23,160.84,135500
2025-03-11,159.59,161.65,158.39,158.99,107600
2025-03-12,160.81,161.67,157.93,158.48,165800
2025-03-13,157.35,158.57,155.04,155.66,107900
2025-03-14,156.82,160.52,156.82,159.52,85600
2025-03-17,158.74,161.37,158.74,159.59,90500
2025-03-18,158.52,158.72,155.25,156.78,51000
2025-03-19,157.68,159.99,157.35,159.38,48600
2025-03-20,159.06,159.31,156.29,157.56,51400
2025-03-21,156.48,161.2,155,159.84,71600
2025-03-24,161,161.2,158.25,158.82,92400
2025-03-25,158.76,162.32,157.98,159.87,128400
2025-03-26,159.79,160.56,158.03,158.3,37200
2025-03-27,158.13,158.13,155.27,156.63,43200
2025-03-28,156.25,156.25,154.48,155.24,101400
2025-03-31,154.95,158.74,153.2,158.66,79300
2025-04-01,157.6,158.37,154.6,156.55,69800
2025-04-02,156,160.89,156,160.89,87400
2025-04-03,155.62,163.84,155.62,163.21,168500
2025-04-04,160.25,161.705,156.74,158.26,154100
2025-04-07,152.77,160.8,151.16,155.75,104100
2025-04-08,160.79,163.76,158.85,160.54,219500
2025-04-09,159.77,171.55,159.03,171.22,142800
2025-04-10,168.07,168.07,160,162.12,97600
2025-04-11,160.75,164.04,160.75,163.75,48200
2025-04-14,164.23,167.2,163.265,166.26,77000
2025-04-15,166.38,172.63,166.38,172.6,157000
2025-04-16,171.02,173.98,169.77,173.79,116000
2025-04-17,173.87,173.87,170.855,172.65,92200
2025-04-21,171.99,173.79,170.23,173.65,44700
2025-04-22,174.5,175.93,173.24,174.5,105800
2025-04-23,177.94,182.13,176.4,177,91300
2025-04-24,176.55,181.24,175.65,180.66,76100
2025-04-25,180.62,181.37,177.97,180.85,35900
2025-04-28,180.93,183.04,180.715,182.5,43100
2025-04-29,182.49,186.44,181.16,186.28,55400
2025-04-30,183.4,186.94,182.9,186.15,75500
2025-05-01,186.2,187.35,184.64,186.59,58600
2025-05-02,188.02,188.1,184.86,186.91,67100
2025-05-05,184.72,189.46,184.72,188.12,60500
2025-05-06,187.93,188.47,184.32,188.04,41400
2025-05-07,188.61,190,187.57,188.58,95000
2025-05-08,190,199.67,187.3,196.34,127000
2025-05-09,196.32,196.32,189.84,192.44,104100
2025-05-12,194.26,197.99,190.01,197.17,116800
2025-05-13,196.7,201.44,195.77,201.35,111000
2025-05-14,200.53,201,196.5,199.15,100300
2025-05-15,198.33,200.01,197.85,199.94,89600
2025-05-16,199.85,199.85,197.9,197.98,79900
2025-05-20,198.32,199.98,197.95,199.2,81600
2025-05-21,198.41,198.84,195.86,196.65,50000
2025-05-22,196.18,199,194.27,196.51,46100
2025-05-23,194.12,196.99,193.5,195.68,47000
2025-05-26,196.49,198.3,195.46,197.88,11300
2025-05-27,193.92,197.44,193.88,196.81,92600
2025-05-28,196.33,198.24,196.03,196.8,38300
2025-05-29,197.41,197.8,194.3,195.24,67000
2025-05-30,194.96,196.78,194.8,195.43,218000
2025-06-02,195.94,198.36,194.85,197.12,78100
2025-06-03,197.92,198.99,195.6,198.99,44900
2025-06-04,198.8,200,197.85,199.14,64900
2025-06-05,198.33,200,196.41,196.89,66600
2025-06-06,197.9,199.53,197.42,198.11,44700
2025-06-09,198.37,200,196.5,199.51,71300
2025-06-10,199.51,200,195.85,196.46,61100
2025-06-11,196.55,199.69,195.39,199.65,50700
2025-06-12,198.95,200.98,198.18,200.9,66900
2025-06-13,198.84,201.35,198.84,200.63,69700
2025-06-16,201,202.91,196.89,200.53,86300
2025-06-17,200.44,201.3,199.51,200.7,44400
2025-06-18,201,201.32,199.57,201.25,56000
2025-06-19,201.16,202,199.54,201.3,24200
2025-06-20,204.42,204.57,197.34,198.2,100400
2025-06-23,198.16,200.02,196.67,199.29,39200
2025-06-24,200.14,204.79,198.89,204.27,62400
2025-06-25,205,205,201.68,202.34,68500
2025-06-26,202.34,202.34,198.35,199.4,75600
2025-06-27,198.91,201.53,198.51,200.65,40900
2025-06-30,200.74,202.535,199.41,202.52,46400
2025-07-02,198.58,200.755,196.6,198.07,57300
2025-07-03,197.77,202.26,197.77,201.15,26000
2025-07-04,199.99,201.56,199.91,201.07,25100
2025-07-07,202.65,202.65,200.12,201.63,16200
2025-07-08,201.63,202,199.49,201.38,28500
2025-07-09,200.42,202.48,198,200.13,43800
2025-07-10,199.54,200.02,195.71,199.42,33300
2025-07-11,199.19,199.19,195.305,195.99,43400
2025-07-14,196.63,199.29,192.96,199.29,30400
2025-07-15,199.92,199.92,196.92,197.15,27700
2025-07-16,197.85,201.08,197.52,201,46900
2025-07-17,200.72,202.13,199.475,202.13,29000
2025-07-18,201.57,202.33,200,201.24,19500
2025-07-21,200.05,202.5,199.71,201.27,22500
2025-07-22,200,200.21,198.48,199.23,47900
2025-07-23,199.23,203.63,199.23,203.19,35800
2025-07-24,202.88,205,202.235,204.3,65400
2025-07-25,204.28,208.76,203.86,208.47,72200
2025-07-28,208.45,212.45,205.65,206.79,58400
2025-07-29,208.63,208.63,204.57,205.52,33700
2025-07-30,204.66,205.8,203.385,205.03,39800
2025-07-31,206.04,207.38,203.73,205.64,56800
2025-08-01,202.46,205.53,202.46,203.51,24800
2025-08-05,204.07,207.61,203.57,206.76,60700
2025-08-06,198.81,203.17,193.88,194.1,55700
2025-08-07,202,204.07,195.5,195.77,120800
2025-08-08,198,204.85,198,199.65,85200
2025-08-11,199.9,200.79,196.01,196.15,36800
2025-08-12,196.64,199.83,196.64,197.91,112800
2025-08-13,199.89,201,196.5,199.95,44000
2025-08-14,198.63,200.22,196.23,196.5,36100
2025-08-15,198.25,199.15,197.04,197.97,40800
2025-08-18,197.97,199.705,197.22,198.61,51100
2025-08-19,198.61,199.185,196,196.39,66600
2025-08-20,196.63,196.63,193.73,194,45300
2025-08-21,194,195.89,193.24,194.71,84700
2025-08-22,195.51,196.63,194.44,194.59,65700
2025-08-25,195.08,195.08,191.44,192.21,29400
2025-08-26,193.48,193.48,188.43,190.03,91200
2025-08-27,191.94,191.94,187.89,189,43900
2025-08-28,190.03,190.17,188.12,189.99,50800
2025-08-29,190.18,190.43,187.46,189.57,57300
2025-09-02,188.51,188.8,185.72,188.12,42300
2025-09-03,188.12,189.38,186,188.69,51200
2025-09-04,188.05,190.75,188.05,189.9,60300
2025-09-05,190,192.14,189.31,190.8,82400
2025-09-08,190.59,192.08,189.71,190.18,32900
2025-09-09,189.84,190.18,188.51,189.65,35200
2025-09-10,189.69,190.6,186.05,186.58,39300
2025-09-11,186.47,186.47,182.9,183.18,73700
2025-09-12,183.7,189.96,183.7,187,64700
2025-09-15,186.77,188.11,186,187,32800
2025-09-16,188.51,188.51,184,184.28,55800
2025-09-17,185,188.26,184.96,184.98,47200
2025-09-18,185.18,187.41,184.38,185.13,66300
2025-09-19,184.4,184.5,181.97,183.29,134200
2025-09-22,182.76,183.09,181.3,181.67,49900
2025-09-23,180.77,181.5,179.32,180.55,54900
2025-09-24,180.45,181.35,178.625,179.26,43100
2025-09-25,178.39,179.855,176.92,178.63,79500
2025-09-26,178.45,181.22,174.655,175.17,82700
2025-09-29,176.94,178.21,176.31,177.8,72300
2025-09-30,177.74,181.62,177.65,179.65,68600
2025-10-01,178.75,181.65,178.05,179,59000
2025-10-02,179.66,181.82,178.46,181.59,65000
2025-10-03,181.9,184.62,181.9,183.5,52200
2025-10-06,185.01,185.8,181.35,185.65,46900
2025-10-07,185.82,186.62,183.78,184.85,48300
2025-10-08,186,186.68,184.485,186.06,44300
2025-10-09,185.81,186.61,183.3,185.61,27600
2025-10-10,186.65,186.98,181.86,182.12,32900
2025-10-14,180.99,182.46,178.01,181.36,52700
2025-10-15,182.19,182.99,178.05,180.51,58100
2025-10-16,181.91,183.39,176.49,182.11,107100
2025-10-17,181.17,182.5,180.22,180.42,46300
2025-10-20,180.46,181.15,178.07,178.31,63600
2025-10-21,177.09,180.67,177.09,180.07,54600
2025-10-22,179.87,180.12,178.05,178.56,71100
2025-10-23,178.47,178.6,175.97,176.14,44100
2025-10-24,177.33,179.62,176.01,178.27,41300
2025-10-27,179.77,180.35,177.75,178.46,31000
2025-10-28,178.83,180.51,176.5,178.35,76100
2025-10-29,178.96,178.97,169.3,170.17,72200
2025-10-30,169.67,172.1,168.34,168.66,42600
2025-10-31,168.81,170.79,167.62,169.84,75000
2025-11-03,169.29,173.12,169.28,170.36,52700
2025-11-04,168.44,170.41,167.06,168.08,57700
2025-11-05,168.17,170.71,167.64,170.63,68200
2025-11-06,173,182.51,172.99,180.4,170500
2025-11-07,180.41,180.41,172.88,177.95,104200
2025-11-10,178.33,178.62,175.59,177.18,71200
2025-11-11,176.02,177.07,173.615,174.96,51200
2025-11-12,176.84,176.84,173.75,176.73,47400
2025-11-13,176.27,179.005,174.65,176.14,74100
2025-11-14,172.22,174.39,171.18,172.71,133200
2025-11-17,172.62,173.29,170,170.89,69400
2025-11-18,170.32,171.17,170,170.26,55900
2025-11-19,170.47,170.545,169.66,170.27,106500
2025-11-20,172.12,173.09,169.73,171.71,58700
2025-11-21,171.81,177.45,171.81,176.3,84300
2025-11-24,174.97,176.88,174.97,175.83,75900
2025-11-25,177.01,180.08,175,179.62,67700
2025-11-26,179.72,179.72,175.7,176.66,41400
2025-11-27,175.72,176.7,175.28,176.4,20000
2025-11-28,175.96,176.95,173.99,174.61,44100
2025-12-01,173.83,174.62,171,173.12,44900
2025-12-02,174.4,174.4,172.3,173.77,43000
2025-12-03,173,174.09,171.88,173.56,44600
2025-12-04,175.09,179.45,172.98,178.88,82800
2025-12-05,177.99,177.99,175.43,176.3,24800
2025-12-08,178.19,178.19,174.77,176.6,34600
2025-12-09,176.71,178.69,175.01,176.87,71300
2025-12-10,176.75,178.04,175.82,176,47600
2025-12-11,176.51,177.48,173.32,173.32,21500
2025-12-12,172.65,173.6,170.98,171.57,83900
2025-12-15,173.44,175,172.56,174.59,60100
2025-12-16,174.81,176.38,174.16,176.38,55200
2025-12-17,176.92,176.97,174.905,175.4,45300
2025-12-18,177.33,177.49,175.94,177.21,42900
2025-12-19,177.41,177.41,175,176.95,81700
2025-12-22,176.45,176.88,174.99,176.88,41200
2025-12-23,175.22,176.01,174.89,174.92,14500
2025-12-24,174.24,175.6,174.2,175.27,6000
2025-12-29,175.18,176.57,172.62,176.53,32000
2025-12-30,176.43,176.89,173.72,173.95,63000
2025-12-31,175.22,175.22,173.01,173.08,44800
2026-01-02,174.54,174.54,170.26,171.94,37500
2026-01-05,172.62,173.69,166,166.53,91500
2026-01-06,167.18,169.13,166.21,168.37,64000
2026-01-07,168.78,172.79,168.78,170.15,83700
2026-01-08,169.08,177.09,169.08,175.48,68800
2026-01-09,174.93,177.86,174.305,177.44,35700
2026-01-12,176.63,181.7,176.21,180.66,33900
2026-01-13,180.99,180.99,173.01,174,55800
2026-01-14,173.89,174.775,167.05,167.89,92700
2026-01-15,170.04,170.05,166.68,166.87,73600
2026-01-16,167.45,167.45,163.39,163.6,68300
2026-01-19,162.98,163.435,161.54,161.97,43400
2026-01-20,161.97,161.97,153.23,155.38,190300
2026-01-21,156.3,156.36,147.92,149.15,306700
2026-01-22,151.77,151.95,147.81,148.69,123800
2026-01-23,148.62,150.215,147.06,149.09,86600
2026-01-26,149.44,149.5,146.65,147.66,96600
2026-01-27,149,149,145.4,146.06,99800
2026-01-28,146.43,147,143.02,144.46,206800
2026-01-29,142.94,143.76,139.1,141.5,196700
2026-01-30,140.62,141.6,137.14,137.5,118400
2026-02-02,137.57,138.7,133.4,133.66,156900
2026-02-03,133.21,133.21,121.94,123,239000
2026-02-04,124,125.26,119.83,120.08,346400
2026-02-05,122.48,124.09,120,123.31,173100
2026-02-06,124.49,128.59,124.49,127.42,281700
2026-02-09,126.59,126.96,125.1,126.5,177400
2026-02-10,126.24,128.6,126.24,128.05,184000
2026-02-11,128.12,128.12,120.25,123.1,202400
2026-02-12,124,125.33,120.57,125.12,172400
2026-02-13,125.05,126.2,121.74,123.77,88600
2026-02-17,122.9,124,120.65,122.59,128100
2026-02-18,122.05,125.7,121.66,123.5,98700
2026-02-19,123.49,124.53,121.35,123.37,93000
2026-02-20,122.58,126.335,122.23,124.2,156600
2026-02-23,124.49,124.49,118.22,119.08,192500
2026-02-24,118.9,119.86,117.22,118.75,269900
2026-02-25,119.34,123.15,119.25,122.8,173800
2026-02-26,123.31,130.12,123.28,129.45,176200
2026-02-27,127.79,129.61,126.81,129.51,223100
2026-03-02,126.01,129.88,125.16,129,173000
2026-03-03,128.33,134.22,127.03,133.56,201000
2026-03-04,133.56,134.71,129.38,130.09,176700
2026-03-05,145,147.6,134.46,134.64,344900
2026-03-06,134.64,138.04,134.64,135.23,355000
2026-03-09,134.59,144.81,132.215,143.64,215900
2026-03-10,143.88,143.91,139.58,143.16,161900
2026-03-11,143,145.19,138.6,139.05,150800
2026-03-12,138.53,142.29,135.4,135.94,119400
2026-03-13,136.45,138.49,133.99,135.02,97800
2026-03-16,135.1,137.13,135,135.43,61400
2026-03-17,135.74,138.42,134.84,135.49,61500
2026-03-18,134.93,137.87,134.93,136.38,140700
2026-03-19,135.53,137,134.06,136.55,128300
2026-03-20,135.29,138.635,134,137.72,186100
2026-03-23,139.49,141.94,138.93,140.14,146800
2026-03-24,139.2,139.2,133.71,133.99,149600
2026-03-25,135.96,139.43,135.71,138.78,175100
2026-03-26,136.26,142.63,136.26,139.61,118200
2026-03-27,138.96,139.45,134.59,136.07,158200
2026-03-30,136.44,138.11,134.51,137.39,112400
2026-03-31,138.41,142.56,138.38,140.4,71100
2026-04-01,140.4,142.6,137.99,140.43,117000
2026-04-02,137.83,144.58,137.83,143.27,189600
2026-04-06,143.04,144.96,141.31,142.45,138300
2026-04-07,142.15,142.15,137.85,139.66,98100
2026-04-08,143,146,140.33,141.02,263800
2026-04-09,141.43,143.15,135.33,136.28,187500
2026-04-10,136.54,136.985,133.61,134.02,216300
2026-04-13,134.08,141.14,134.08,140.06,109900
2026-04-14,139.95,142.04,139.33,140.02,84200
2026-04-15,139.51,147.93,139.51,145.66,98000
2026-04-16,147.66,149.62,146.05,146.61,94200
2026-04-17,148.18,150.58,146,147.02,96200
2026-04-20,147,149.1,146.71,147.33,76600
2026-04-21,147,150.6,146.73,147.49,100400
2026-04-22,148.91,149.09,146.44,147.39,80600
2026-04-23,146.74,146.74,138.6,139.76,90000
2026-04-24,141.68,141.68,137,139.37,91900
2026-04-27,141.39,142.88,140.22,140.33,62700
2026-04-28,138.56,142.76,138.405,138.97,94100
2026-04-29,138.97,139.38,135.29,138.22,92100
2026-04-30,138.43,140.42,134,140.34,89100
2026-05-01,140.43,146.41,140.34,144.74,141500
2026-05-04,145.3,148.2,144.01,144.7,76400
2026-05-05,143.87,145.1,141.07,142.64,65800
2026-05-06,142.64,142.64,138.34,139.67,80000
2026-05-07,151,155,145.44,152.96,195700
2026-05-08,152.96,159.78,152,158.73,158800
2026-05-11,156.52,157.37,146.92,148.02,119600
2026-05-12,147.63,149.26,142.64,143.9,197900
2026-05-13,144.95,144.95,136.83,137.99,105900
2026-05-14,138.5,139.22,136.04,137.69,66700
2026-05-15,136.67,139.63,136.67,138.89,100900
2026-05-19,140.8,145.81,138.99,140.35,180900
2026-05-20,140.59,147.24,139.89,146.41,123100
2026-05-21,145.2,147.71,142.63,146.05,124800
2026-05-22,146.14,149,145.21,146.19,59600
2026-05-25,146.84,148.99,145.74,146.15,40900
2026-05-26,146.2,146.2,141.635,143.64,72200
2026-05-27,144.24,145.34,141.21,141.33,75400
2026-05-28,142.25,148.82,141.18,148.63,69000
2026-05-29,148.67,158.35,148.11,156.89,229300
2026-06-01,160,170.57,158.62,170.2,294400
2026-06-02,170,170.75,166.97,170.13,179300
2026-06-03,168.7,168.71,159.275,161.1,179500
2026-06-04,160.62,170.28,160.02,167.81,175700
2026-06-05,166.57,169.54,166,166.78,154000
2026-06-08,167.07,170.1,163.18,166.49,80400
2026-06-09,168.28,168.66,163.33,166.3,77600
2026-06-10,164.4,166.73,162.89,164,84700
2026-06-11,164.53,168.1,163.49,167.31,103800
2026-06-12,166.29,167.34,163.14,163.53,127100
2026-06-15,165.03,166.27,155.35,155.59,91000
2026-06-16,155.58,158,152.51,155.73,75300
2026-06-17,156.03,156.03,152.29,152.42,59600
2026-06-18,153,153,145.52,146.43,179300
2026-06-19,146.68,148.4,145.79,146.46,67800
2026-06-22,145.07,148.05,142.18,142.25,100400
2026-06-23,140.83,147.51,140.83,146.4,70500
2026-06-24,146.91,152.08,146.85,149.9,94400
2026-06-25,151.67,152.97,148.7,149.65,70700
2026-06-26,148.83,155.55,148.77,154.74,95500
2026-06-29,155.04,157.75,153.44,153.83,50900
2026-06-30,153.74,155.07,152.16,152.27,147500
2026-07-02,151.69,158,151.69,157.49,70000
2026-07-03,158.14,158.3,156.18,156.28,10600
2026-07-06,156.37,156.54,153.83,153.97,56600
2026-07-07,154.19,158.44,153.83,157.14,59700
2026-07-08,154.1,154.1,151.01,152.56,79300
2026-07-09,151.09,154,148.08,153.04,77000
2026-07-10,153.02,155.46,150.8,154.81,72800
2026-07-13,154.72,160.22,154.72,157.16,61200
2026-07-14,157.5,157.72,153,154.36,35000
2026-07-15,154.34,156.92,152.43,153.58,42900
2026-07-16,152.08,157.93,152.08,156.17,60600
2026-07-17,154.09,155.65,152.34,154.54,49300
2026-07-20,154.09,155.82,150.53,154.74,54300
2026-07-21,154.56,154.67,147.37,150.74,108600
2026-07-22,150.42,150.67,143.25,146.44,97700
2026-07-23,145.9,145.9,141.14,142.82,88100
2026-07-24,144.88,147.79,143.34,147.6,60500
2026-07-27,148.62,157.39,148.62,157.27,72700
2026-07-28,156.28,167,156.28,166.74,134300
2026-07-29,164.79,173.65,164.79,170.67,157800
2026-07-30,170.78,170.78,159.15,162.41,122300
2026-07-31,162.58,168.5,162,168,104900
2026-08-04,173.63,175.65,170.9,174.71,125200
2026-08-05,176.21,177.69,168.27,168.51,80500
2026-08-06,168.72,170.15,164.69,169.96,61700
2026-08-07,170.86,177.21,170.48,173.43,138300
2026-08-10,173.43,178.57,173.105,175.64,91800
2026-08-11,176.13,176.13,170.28,170.74,106800
2026-08-12,170.65,171.5,166.1,170.92,133000
2026-08-13,170.73,175.94,169.99,175.11,76000
2026-08-14,174.54,175.62,170.89,173.22,47500
2026-08-17,173.13,173.13,168.05,170.7,65100
2026-08-18,170.7,173.61,170,172.34,70700
2026-08-19,173.52,178.48,167.82,177.15,71700
2026-08-20,176.35,178,173.78,177.54,85400
2026-08-21,177.39,181,175.64,179.75,128400
2026-08-24,179.58,180.405,177.35,180.19,107300
2026-08-25,181,181.97,175.16,175.51,93700
2026-08-26,173.59,175,171.42,171.89,168300
2026-08-27,173,178.85,173,177.34,204600
2026-08-28,177.31,180.2,176.04,178.68,242200
2026-08-31,177.76,179.87,175.37,177.09,383400
2026-09-01,177.09,178.96,173.56,174,115700
2026-09-02,174,174.26,169.2,173.15,137300
2026-09-03,174.01,179.48,174.01,177.14,80000
2026-09-04,175.74,177.6,171.5,177.17,141000
2026-09-08,175.3,175.31,165.23,165.8,110200
2026-09-09,166.24,168.35,162.52,164.71,166200
2026-09-10,163.64,166.78,163.17,165,185600
2026-09-11,166.55,172.31,166.55,171.66,69800
2026-09-14,171.65,177.98,171.65,176.72,245300
2026-09-15,175.62,180,173.75,176.71,141100
2026-09-16,177.8,179.25,176.11,178.14,105200
2026-09-17,179.51,180.16,177.12,179.79,111900
2026-09-18,178.74,178.74,175.04,176.73,340000
2026-09-21,177.42,177.42,171.97,173.9,89200
2026-09-22,174.95,178.63,172.5,175.78,94500
2026-09-23,175.33,176.98,173.3,175.19,89200
2026-09-24,173.83,177.93,172.34,176.66,103700
2026-09-25,178.7,178.7,174.26,176.22,89200
2026-09-28,175.36,175.94,171.21,174.72,92700
2026-09-29,175.34,175.67,173.23,175.27,72500
2026-09-30,174.29,180,174.29,178.5,79200
2026-10-01,179.6,181.54,177,177.65,137100
2026-10-02,177.75,178.18,174.01,175.04,81700
2026-10-05,175.03,177.42,171.8,176.26,75300
2026-10-06,176.28,177.99,172.26,174.2,65700
2026-10-07,174.22,177.66,173.51,175.74,65025
