date,open,high,low,close,volume
2014-12-05,13.4127,13.4392,13.0867,13.0955,263300
2014-12-08,13.2717,13.4304,13.069,13.2189,171500
2014-12-09,13.3951,13.6595,13.2189,13.6595,407100
2014-12-10,13.7564,13.9415,13.3422,13.5273,208300
2014-12-11,13.5625,13.7388,13.1836,13.21,116300
2014-12-12,13.3863,13.3863,13.1307,13.1484,151100
2014-12-15,13.2012,13.3599,12.2671,12.3023,506800
2014-12-16,12.4257,12.7958,12.32,12.5138,227200
2014-12-17,12.5843,13.069,12.5227,12.8575,395400
2014-12-18,13.0867,13.5361,12.9016,13.5361,211300
2014-12-19,13.5714,13.7035,13.2629,13.6595,497000
2014-12-22,13.8798,13.8798,13.4127,13.4127,231000
2014-12-23,13.492,13.5097,13.2894,13.351,0
2014-12-29,13.9239,14.1882,13.9239,14.0384,0
2014-12-30,14.1177,14.4086,14.0208,14.3204,234500
2014-12-31,14.3909,14.4967,14.1618,14.435,318500
2015-01-02,14.4262,14.6289,14.2675,14.6289,179900
2015-01-05,14.8844,14.999,14.5584,14.9197,474400
2015-01-06,15.0342,15.2457,14.8756,15.1841,321500
2015-01-07,15.2017,15.2017,14.9814,14.9814,490000
2015-01-08,14.9814,15.1136,14.4879,14.4967,468400
2015-01-09,14.6289,14.9637,14.6289,14.8492,273500
2015-01-12,14.9373,15.0519,14.8932,14.9549,417100
2015-01-13,14.9902,15.184,14.479,14.576,158100
2015-01-14,14.6729,14.761,14.3204,14.6729,154100
2015-01-15,14.717,15.5013,14.717,15.3779,1623500
2015-01-16,15.5542,16.1711,15.3162,15.8186,245500
2015-01-19,16.0653,16.0653,15.7481,15.9243,45100
2015-01-20,16.1887,16.6117,15.9067,16.5324,171400
2015-01-21,15.8626,15.8626,14.9725,15.1929,1526300
2015-01-22,15.3074,15.4044,15.2017,15.2545,1327200
2015-01-23,15.3162,15.3779,15.1488,15.2457,221700
2015-01-26,15.281,15.281,14.858,14.858,335100
2015-01-27,14.9373,15.0519,14.6817,14.999,454500
2015-01-28,14.9637,15.0695,14.6994,14.7346,223400
2015-01-29,14.7082,14.717,14.3645,14.6553,279800
2015-01-30,14.6817,15.0695,14.6024,15.0607,360000
2015-02-02,15.0078,15.14,14.8492,15.1224,227000
2015-02-03,15.0166,15.0166,14.2499,14.2764,353600
2015-02-04,14.3821,14.4702,14.2323,14.294,130400
2015-02-05,14.197,14.479,14.1001,14.3645,522200
2015-02-06,14.2587,14.2587,13.7035,14.0296,318800
2015-02-09,14.1001,14.2323,14.056,14.1089,243000
2015-02-10,13.9767,14.1794,13.8798,14.0296,84600
2015-02-11,14.0384,14.2323,13.8622,14.1706,121000
2015-02-12,14.3292,14.7082,14.1882,14.479,209400
2015-02-13,14.4879,14.717,14.3733,14.3733,213300
2015-02-17,14.2411,14.2587,14.0384,14.1001,93300
2015-02-18,14.0737,14.5231,14.012,14.4085,244300
2015-02-19,14.4879,15.1752,14.4438,14.6729,474800
2015-02-20,14.9461,14.9461,14.3821,14.7611,224400
2015-02-23,14.8227,15.0078,14.5407,14.9021,206800
2015-02-24,14.9726,15.281,14.8668,15.2457,1058700
2015-02-25,15.1135,15.2369,15.0166,15.1135,417900
2015-02-26,15.0254,15.4661,15.0254,15.3515,615300
2015-02-27,15.3339,15.7745,15.3339,15.7216,1086600
2015-03-02,15.7921,16.0213,15.5366,15.7481,619600
2015-03-03,15.8626,15.8891,15.3691,15.4308,385000
2015-03-04,15.4308,15.5542,15.2281,15.3515,193900
2015-03-05,15.3956,16.0212,15.3603,15.8186,365300
2015-03-06,15.5101,15.5366,14.62,14.9814,486800
2015-03-09,14.9637,14.9814,14.056,14.2059,526400
2015-03-10,14.153,14.2675,13.589,13.6595,770500
2015-03-11,13.6595,13.7388,13.492,13.7212,695400
2015-03-12,13.8269,14.0032,13.5978,13.871,547400
2015-03-13,13.9062,14.4879,13.9062,14.435,718300
2015-03-16,15.0078,15.2017,14.4879,14.8756,1958200
2015-03-17,14.8756,14.9505,14.5936,14.7963,1147000
2015-03-18,14.8051,15.0783,14.4702,14.9814,1118200
2015-03-19,14.8932,14.9902,14.6553,14.9725,1141600
2015-03-20,14.9902,15.4661,14.761,15.0695,14365300
2015-03-23,14.9902,15.3339,14.8448,15.0695,494200
2015-03-24,15.0959,15.3339,15.0695,15.2898,356400
2015-03-25,15.1752,15.3867,15.1488,15.2898,308400
2015-03-26,15.2281,15.4308,14.761,14.8668,283000
2015-03-27,14.8491,15.1934,14.6902,15.0257,383500
2015-03-30,15.0081,15.0963,14.7697,14.8756,277000
2015-03-31,14.8668,14.9286,14.4166,14.7785,609800
2015-04-01,14.7609,15.3435,14.5931,15.2906,483700
2015-04-02,15.2199,15.2464,14.7167,15.1846,227200
2015-04-06,15.3347,15.6084,15.3259,15.5642,318600
2015-04-07,15.4936,15.4936,15.1008,15.317,139800
2015-04-08,15.2729,15.2906,14.8845,15.061,217600
2015-04-09,15.0081,15.4759,14.9727,15.4583,281400
2015-04-10,15.4936,15.8203,15.4936,15.6525,315600
2015-04-13,15.5466,15.679,15.2199,15.5113,143700
2015-04-14,15.4495,15.5731,14.9551,15.1228,209000
2015-04-15,15.1405,15.2817,14.9463,15.0699,213800
2015-04-16,15.1052,15.1581,14.7609,15.1228,189900
2015-04-17,15.2023,16.4382,15.0169,16.0498,1248000
2015-04-20,15.8556,15.8556,15.0169,15.4671,329800
2015-04-21,15.37,15.6613,15.2729,15.5819,412800
2015-04-22,15.4936,15.5113,14.3989,14.4077,290400
2015-04-23,14.4519,14.6814,14.3812,14.4872,207600
2015-04-24,14.443,14.496,13.9487,14.1164,307700
2015-04-27,14.1694,14.6461,13.8604,14.5755,354500
2015-04-28,14.549,14.7256,14.24,14.5225,312600
2015-04-29,14.3371,14.4607,14.0987,14.2135,278800
2015-04-30,14.1517,14.3812,13.7898,14.2753,201200
2015-05-01,14.1429,14.5402,13.9487,14.5402,136200
2015-05-04,14.5313,14.8315,14.3724,14.5755,156100
2015-05-05,14.6373,14.6373,13.8251,14.0369,237500
2015-05-06,14.0458,14.0723,13.6926,13.878,136200
2015-05-07,13.8516,14.6461,13.8516,14.6461,296100
2015-05-08,14.6991,14.7962,14.4607,14.6991,119700
2015-05-11,14.6196,14.7785,14.2312,14.5755,47100
2015-05-12,14.6108,14.7962,14.496,14.7785,81900
2015-05-13,14.8403,14.9816,14.5225,14.9727,256300
2015-05-14,14.9904,15.1934,14.7344,14.7873,144200
2015-05-15,14.6373,15.1758,13.8339,15.0522,524700
2015-05-19,14.7255,15.6437,14.7167,15.3965,413600
2015-05-20,15.5377,15.8909,15.423,15.8644,280800
2015-05-21,15.8114,15.9703,15.6172,15.7585,124100
2015-05-22,15.7585,15.9439,15.6613,15.6702,97200
2015-05-25,15.6613,15.8291,15.4406,15.732,25100
2015-05-26,15.5907,15.8909,15.5201,15.7673,182900
2015-05-27,15.7231,15.935,15.4671,15.8997,91200
2015-05-28,15.732,16.0851,15.6967,15.8291,277600
2015-05-29,15.8026,16.1557,15.8026,15.9174,305800
2015-06-01,15.9703,16.3235,15.9703,16.3058,207500
2015-06-02,16.3146,16.3323,16.1469,16.2528,268700
2015-06-03,16.2882,16.4559,16.0674,16.0851,148600
2015-06-04,16.0851,16.1999,15.7055,15.7055,278400
2015-06-05,15.6967,15.935,15.4848,15.5024,224400
2015-06-08,15.4936,15.8909,15.3965,15.7143,216300
2015-06-09,15.7143,15.7761,14.8491,14.8491,350000
2015-06-10,14.9551,15.3524,14.8756,14.9021,258600
2015-06-11,14.858,15.1581,14.6991,14.8403,134800
2015-06-12,14.9021,14.9021,14.5313,14.7697,157500
2015-06-15,14.7079,15.3347,14.2841,14.3812,340100
2015-06-16,14.3018,15.167,14.3018,14.6196,395500
2015-06-17,14.5137,14.9463,14.0899,14.9021,563400
2015-06-18,14.9286,15.1052,14.8227,14.9286,179800
2015-06-19,14.9816,15.7938,14.5755,15.626,2479500
2015-06-22,15.3347,15.5201,15.1405,15.2464,606300
2015-06-23,15.1228,15.3877,14.6108,14.6549,205900
2015-06-24,14.6461,14.8756,14.4342,14.5666,153900
2015-06-25,14.6814,14.7697,14.1252,14.1782,183400
2015-06-26,14.2932,14.5143,14.2136,14.3728,187600
2015-06-29,14.3816,14.5674,13.8863,13.9748,150400
2015-06-30,13.9659,14.2313,13.7271,13.904,229400
2015-07-02,13.8332,14.5497,13.8332,14.1251,293500
2015-07-03,14.2932,14.2932,14.0898,14.1163,25600
2015-07-06,14.1782,14.762,14.1163,14.762,171000
2015-07-07,14.5762,14.5762,13.276,13.3379,504400
2015-07-08,13.4795,13.8244,13.4441,13.7094,508700
2015-07-09,13.7183,13.9571,13.5414,13.8863,233200
2015-07-10,13.9659,14.2843,13.5856,13.9836,242600
2015-07-13,13.9748,14.0367,13.6475,13.8067,179300
2015-07-14,13.7536,13.8244,13.5502,13.6829,168600
2015-07-15,13.5679,13.7183,13.4883,13.4883,141100
2015-07-16,13.3822,13.8598,13.3822,13.674,222000
2015-07-17,13.5944,13.5944,12.5684,12.8338,483500
2015-07-20,12.5154,12.71,10.9587,11.2771,716400
2015-07-21,11.967,12.5508,11.4982,12.0024,661600
2015-07-22,12.0112,12.3385,11.8078,12.1262,246100
2015-07-23,12.365,12.3739,11.7636,12.1174,370800
2015-07-24,11.8343,12.6569,11.6309,12.5861,555900
2015-07-27,12.5508,13.0372,12.3208,12.5154,538200
2015-07-28,12.7984,12.8073,12.6038,12.7011,288000
2015-07-29,12.7453,12.8957,12.1793,12.8161,256200
2015-07-30,12.7011,12.7984,12.4269,12.6392,257500
2015-07-31,12.7365,12.9399,12.6127,12.7807,182300
2015-08-04,12.595,12.6657,12.3827,12.595,496700
2015-08-05,12.5861,12.7807,12.3473,12.4092,195700
2015-08-06,12.4269,12.7011,12.2677,12.3827,313900
2015-08-07,12.2943,12.9134,12.082,12.1616,355300
2015-08-10,12.3296,12.6834,12.1527,12.48,360400
2015-08-11,12.6834,13.1787,12.648,13.1434,310200
2015-08-12,13.1964,13.8863,13.1876,13.8067,632700
2015-08-13,13.7625,14.0367,13.4529,13.5944,311000
2015-08-14,13.7006,13.7979,13.1787,13.391,202700
2015-08-17,13.7006,14.0455,13.5237,13.8333,252700
2015-08-18,13.621,13.8421,13.4175,13.6475,192200
2015-08-19,13.8598,14.1517,13.7625,14.0721,290300
2015-08-20,14.187,14.5939,14.1428,14.4878,430300
2015-08-21,14.6293,14.7177,13.6298,13.8244,268300
2015-08-24,13.2849,14.3197,13.1345,13.2583,438800
2015-08-25,13.161,13.4441,12.5596,13.161,287800
2015-08-26,13.0284,13.0284,12.5596,12.7542,402400
2015-08-27,12.648,13.223,12.564,12.9576,376500
2015-08-28,12.8426,13.6829,12.8426,13.4795,262000
2015-08-31,13.1168,13.506,12.9576,13.506,307700
2015-09-01,13.5325,13.7448,13.223,13.276,158500
2015-09-02,13.1964,13.6387,12.9841,13.2495,170900
2015-09-03,13.161,13.3114,12.6038,12.7807,253300
2015-09-04,12.7011,13.2937,12.6746,13.1345,284000
2015-09-08,13.1257,13.3556,12.9134,13.0991,133100
2015-09-09,13.0903,13.0903,12.595,12.763,149900
2015-09-10,12.9045,13.1522,12.6834,12.7453,182700
2015-09-11,12.5861,12.9576,12.5375,12.7719,242000
2015-09-14,12.7719,13.4883,12.6569,13.1434,397000
2015-09-15,13.0372,13.2495,12.6746,12.8692,346700
2015-09-16,12.9576,13.1787,12.878,13.0107,225700
2015-09-17,12.8692,13.5502,12.8426,13.4264,429600
2015-09-18,13.621,13.8421,13.1345,13.2672,1067600
2015-09-21,13.4264,13.4264,13.0195,13.2672,229500
2015-09-22,13.161,13.2318,12.7807,12.8073,164400
2015-09-23,12.8515,12.993,12.8073,12.8426,84000
2015-09-24,13.0284,13.5591,13.0018,13.391,288900
2015-09-25,13.0638,13.2937,12.8338,13.0726,160700
2015-09-28,12.8599,13.1258,12.5851,12.7624,211500
2015-09-29,12.9219,12.9219,12.5142,12.5763,194200
2015-09-30,12.4522,12.5851,12.1686,12.4965,164800
2015-10-01,12.4699,12.594,12.2661,12.3813,218400
2015-10-02,12.4699,12.7535,12.2749,12.6826,521100
2015-10-05,12.6826,13.2321,12.6826,13.0815,333500
2015-10-06,13.1346,13.2233,12.7624,12.8865,330900
2015-10-07,12.9042,12.9042,12.4256,12.7269,306500
2015-10-08,12.4788,13.0637,12.4788,12.6472,242500
2015-10-09,12.8865,13.0371,12.5674,12.6295,332600
2015-10-13,12.6206,12.6206,12.2927,12.3636,373700
2015-10-14,12.4256,12.8422,12.4256,12.7801,782800
2015-10-15,12.6472,12.7181,12.4168,12.594,304900
2015-10-16,12.594,12.6915,12.4877,12.5586,382000
2015-10-19,12.5497,12.5497,11.8495,11.9913,331900
2015-10-20,12.0091,12.7801,12.0091,12.6383,416500
2015-10-21,12.6206,12.6915,12.3902,12.5231,212400
2015-10-22,12.5231,12.8865,12.4611,12.594,146800
2015-10-23,12.6738,13.2144,12.4256,13.108,405600
2015-10-26,13.0283,13.0903,12.6649,12.7801,154300
2015-10-27,12.789,12.8333,12.5497,12.6295,183800
2015-10-28,12.7624,13.0992,12.2749,12.4877,292800
2015-10-29,12.4522,12.6295,12.1952,12.3459,316400
2015-10-30,12.2749,12.3458,11.9647,12.0357,402100
2015-11-02,12.0091,12.0977,11.7875,12.0622,174600
2015-11-03,11.9293,12.1686,11.7786,12.0711,209100
2015-11-04,12.1154,12.3902,11.9116,12.1154,258200
2015-11-05,12.142,12.5497,11.7077,11.9825,469200
2015-11-06,11.7343,12.3015,11.7166,12.0002,290100
2015-11-09,11.9913,12.1952,11.7698,12.142,358500
2015-11-10,11.947,12.0179,11.7255,11.8939,486400
2015-11-11,11.9116,12.3193,11.9027,12.204,227800
2015-11-12,12.0445,12.337,11.9647,12.0977,179400
2015-11-13,12.08,12.4877,12.08,12.3902,181300
2015-11-16,12.3193,12.594,12.2572,12.3636,252500
2015-11-17,12.3015,12.3636,11.8141,12.1597,251200
2015-11-18,12.1331,12.399,12.0622,12.3015,202100
2015-11-19,12.3104,12.4168,12.2306,12.337,167100
2015-11-20,12.337,12.4965,12.2218,12.4345,265800
2015-11-23,12.3813,12.4655,12.1154,12.4611,122800
2015-11-24,12.5497,12.7713,12.4877,12.656,233700
2015-11-25,12.6738,12.6915,12.5142,12.6206,221400
2015-11-26,12.5851,12.7092,12.5851,12.7092,12900
2015-11-27,12.3724,12.532,12.1331,12.4433,74500
2015-11-30,12.2395,12.7447,12.0445,12.5497,191300
2015-12-01,12.5851,12.6472,12.0888,12.142,253500
2015-12-02,12.0534,12.1775,11.9648,12.0179,123400
2015-12-03,11.9736,12.1686,11.8318,11.9913,146700
2015-12-04,12.0002,12.3636,11.8584,12.2749,415800
2015-12-07,12.1154,12.3902,11.9559,12.1952,205500
2015-12-08,12.1952,12.3813,12.0534,12.1066,200500
2015-12-09,12.1863,12.6029,12.1509,12.3459,226200
2015-12-10,12.2395,12.5231,12.2129,12.3459,139700
2015-12-11,12.2661,12.6738,12.204,12.6472,256600
2015-12-14,12.5497,12.656,11.9559,12.0268,395300
2015-12-15,12.0445,12.275,11.8407,12.0268,159600
2015-12-16,12.1597,12.6383,12.0622,12.4965,292000
2015-12-17,12.3281,12.7181,12.08,12.142,205000
2015-12-18,12.1686,12.4345,12.0977,12.1509,486200
2015-12-21,12.2218,12.4965,12.1952,12.3104,199600
2015-12-22,12.2306,12.5142,12.142,12.142,82500
2015-12-23,12.204,12.4877,12.1509,12.4788,119500
2015-12-24,12.6383,12.7713,12.4522,12.6383,50400
2015-12-29,12.6739,12.6739,12.3717,12.4428,79900
2015-12-30,12.3539,12.3895,12.1584,12.3361,97400
2015-12-31,12.2917,12.3006,12.0517,12.1495,101700
2016-01-04,12.3539,12.6472,12.1762,12.6117,297300
2016-01-05,12.665,12.7894,12.5761,12.6472,175300
2016-01-06,12.7983,12.9761,12.7272,12.8961,283300
2016-01-07,12.8427,13.1449,12.7628,12.9938,402200
2016-01-08,12.825,13.0827,12.7361,12.9672,301100
2016-01-11,13.0027,13.0027,12.6205,12.7627,280600
2016-01-12,12.7716,12.9849,12.265,12.8427,315300
2016-01-13,12.7005,13.1805,12.6383,12.745,231300
2016-01-14,12.6383,12.7539,12.3717,12.4428,286400
2016-01-15,12.6828,12.6828,12.2917,12.3717,257100
2016-01-18,12.2117,12.345,12.0606,12.0873,66400
2016-01-19,12.185,12.1939,11.6296,11.7762,396400
2016-01-20,11.9273,11.9806,11.4829,11.6429,234500
2016-01-21,11.6429,11.7495,11.3763,11.6784,187000
2016-01-22,11.5362,11.9273,11.3585,11.6784,251400
2016-01-25,11.7762,12.2473,11.7496,12.2295,182300
2016-01-26,12.425,12.5494,12.0606,12.4072,242100
2016-01-27,12.345,12.7539,12.1228,12.7272,303700
2016-01-28,12.5672,12.6294,12.2473,12.3273,178500
2016-01-29,12.3717,12.7094,12.1495,12.6561,252400
2016-02-01,13.0383,13.056,12.6783,12.8605,393300
2016-02-02,12.8961,13.0294,12.4961,12.7094,190900
2016-02-03,12.7094,12.8872,12.5317,12.7272,679800
2016-02-04,12.8694,13.5538,12.7539,13.456,561600
2016-02-05,13.3493,13.9981,12.8961,13.9004,317200
2016-02-08,14.0515,14.3536,13.7671,14.0248,444600
2016-02-09,12.5317,12.7539,12.345,12.5317,1664600
2016-02-10,12.4339,12.4339,11.8829,12.2028,568500
2016-02-11,12.7539,12.9583,12.4428,12.745,1366500
2016-02-12,12.6383,12.9494,12.4517,12.8338,640600
2016-02-16,12.5494,12.905,12.0251,12.0962,807600
2016-02-17,12.1317,12.345,11.9984,12.1317,362100
2016-02-18,12.1495,12.8694,11.9806,12.7539,784600
2016-02-19,12.7183,12.8605,12.6383,12.7094,412000
2016-02-22,12.6205,12.8605,12.425,12.6828,309300
2016-02-23,12.7183,12.9316,12.5317,12.6828,441300
2016-02-24,12.7094,13.0649,12.2828,12.4339,681300
2016-02-25,12.4339,12.745,12.3717,12.6117,358100
2016-02-26,12.4428,12.6205,12.1051,12.3539,534300
2016-02-29,12.3539,12.4872,12.2739,12.4161,390700
2016-03-01,12.3895,12.4428,11.9984,12.1051,534500
2016-03-02,12.1939,12.2384,12.0873,12.1495,369600
2016-03-03,12.1317,12.3539,12.0162,12.265,762700
2016-03-04,12.3095,12.8872,12.1406,12.3984,1622200
2016-03-07,12.5494,13.1982,12.5494,13.1982,1004600
2016-03-08,13.296,13.5093,12.5761,12.6028,586700
2016-03-09,12.5494,12.6472,12.2739,12.3628,580700
2016-03-10,12.4783,12.9583,12.3539,12.8694,649000
2016-03-11,12.825,12.905,12.5583,12.6828,440900
2016-03-14,13.0116,13.0649,12.2473,12.4961,528100
2016-03-15,12.4428,12.4783,11.9362,12.3628,783000
2016-03-16,12.265,12.7094,11.8207,12.6828,949600
2016-03-17,12.7539,12.7983,12.0073,12.0873,1022000
2016-03-18,12.1495,12.2384,11.7318,11.8918,2325600
2016-03-21,11.8473,12.1584,11.7673,12.0606,724400
2016-03-22,12.1673,12.2206,11.8384,12.0428,536200
2016-03-23,11.7318,11.874,11.554,11.6162,566400
2016-03-24,11.6162,11.6785,11.4118,11.4651,365600
2016-03-28,11.5629,11.5896,11.1807,11.4651,267300
2016-03-29,11.5543,12.3121,11.5543,12.3121,670300
2016-03-30,12.2497,12.4458,12.1249,12.1962,716100
2016-03-31,12.3299,12.4815,12.1605,12.3656,408800
2016-04-01,12.2586,12.3032,11.8307,12.3032,596300
2016-04-04,12.2764,12.2854,11.9644,12.1695,529700
2016-04-05,12.2497,12.4993,12.107,12.4904,476200
2016-04-06,12.4191,12.6152,12.3389,12.5528,314800
2016-04-07,12.6598,12.6687,12.4369,12.4904,505200
2016-04-08,12.4458,12.7133,12.4191,12.7133,424300
2016-04-11,12.8738,13.1412,12.8559,13.0967,727200
2016-04-12,13.1501,13.1858,12.8738,13.0699,416700
2016-04-13,12.8559,13.1501,12.8559,12.9451,403600
2016-04-14,12.9273,13.0699,12.7222,12.8738,295000
2016-04-15,12.8114,12.9986,12.6687,12.9629,239400
2016-04-18,13.1501,13.1858,12.9317,13.0253,195400
2016-04-19,13.1769,13.5959,13.1769,13.4978,594100
2016-04-20,13.4533,14.0684,13.4087,13.6494,576400
2016-04-21,13.8455,14.006,13.6405,13.9347,725600
2016-04-22,13.9347,14.1576,13.5424,13.7118,472700
2016-04-25,13.7742,13.8455,13.2839,13.3552,274700
2016-04-26,13.3552,13.7653,13.2482,13.7564,333600
2016-04-27,13.8634,14.0506,13.6405,13.8099,300700
2016-04-28,13.7921,14.6301,13.7921,14.4874,642200
2016-04-29,14.5588,15.0669,14.5588,14.9778,929900
2016-05-02,15.0224,15.0491,14.5855,14.8797,431400
2016-05-03,15.058,15.058,14.5766,14.6123,485800
2016-05-04,14.5944,14.8886,14.006,14.22,466600
2016-05-05,14.4161,14.6301,14.1932,14.5944,325200
2016-05-06,14.7282,15.3522,14.6925,15.0937,665900
2016-05-09,14.9065,14.9065,14.2111,14.2467,630800
2016-05-10,14.1754,14.5231,13.9347,14.3359,505600
2016-05-11,14.6212,14.6212,13.7564,14.3715,652700
2016-05-12,14.3002,14.6658,14.113,14.1932,228200
2016-05-13,14.2467,14.5677,14.0149,14.2467,252700
2016-05-16,14.532,14.7906,14.3537,14.5142,285000
2016-05-17,14.532,15.2007,14.3805,14.8976,481400
2016-05-18,14.8976,15.272,14.1308,14.1487,640500
2016-05-19,14.0149,14.5766,13.7831,14.5409,421400
2016-05-20,14.6925,14.7638,14.2556,14.6568,440100
2016-05-24,14.4785,14.4785,13.5959,13.6583,516400
2016-05-25,13.5603,13.908,13.2839,13.7653,287900
2016-05-26,13.8455,14.0773,13.3819,13.5424,501400
2016-05-27,13.4889,13.7118,13.168,13.2571,525900
2016-05-30,13.1145,13.5692,13.1145,13.3463,87100
2016-05-31,13.3552,13.8723,13.3285,13.7296,558800
2016-06-01,13.7653,13.9614,13.5692,13.801,378300
2016-06-02,13.587,13.8099,13.5513,13.6851,193900
2016-06-03,14.0417,15.2274,14.0417,15.165,814800
2016-06-06,15.1561,15.2453,14.7727,15.2007,416900
2016-06-07,15.1026,15.1828,14.8797,14.8886,384600
2016-06-08,15.1561,15.3701,14.7371,14.9154,650300
2016-06-09,14.8441,15.272,14.8441,15.1918,301400
2016-06-10,15.1383,15.2987,14.6301,14.7638,439100
2016-06-13,14.9511,15.1739,14.5409,14.7638,450200
2016-06-14,14.8084,15.0045,14.2111,14.3715,604800
2016-06-15,14.3181,15.0224,14.2378,14.8262,624700
2016-06-16,15.2007,15.2453,14.5588,14.5588,849700
2016-06-17,14.746,14.9154,14.2556,14.8262,1923900
2016-06-20,14.5855,15.0491,14.3715,14.9778,296700
2016-06-21,14.7727,14.9778,14.5855,14.639,280900
2016-06-22,14.5677,14.7638,14.5142,14.6301,237800
2016-06-23,14.5231,14.6033,14.3716,14.4429,177500
2016-06-24,15.3968,15.7356,14.6568,14.951,715400
2016-06-27,15.0759,15.2274,14.7549,14.9867,555000
2016-06-28,14.8705,15.1922,14.7365,14.8258,404900
2016-06-29,15.085,15.3263,14.9242,15.1833,305400
2016-06-30,15.1386,15.2637,14.9867,15.0939,286600
2016-07-04,15.4425,15.6838,15.4246,15.5944,355100
2016-07-05,15.6123,15.6838,15.228,15.4693,290100
2016-07-06,15.7106,15.8178,15.5229,15.7642,458100
2016-07-07,15.8625,15.8625,15.4067,15.4067,744400
2016-07-08,15.505,15.9876,15.1118,15.8893,431100
2016-07-11,15.8446,15.9965,15.5676,15.6748,306000
2016-07-12,15.6391,15.7642,15.0939,15.2101,261800
2016-07-13,15.4335,15.7999,15.3889,15.514,371200
2016-07-14,15.4157,15.7106,15.2101,15.6659,266200
2016-07-15,15.4067,15.5944,15.2548,15.3263,249500
2016-07-18,15.3084,15.5676,15.1923,15.3978,190600
2016-07-19,15.362,15.5587,14.9912,15.2101,192800
2016-07-20,14.9778,15.1208,14.6471,14.6739,369700
2016-07-21,14.7275,15.0135,14.7275,14.9063,639700
2016-07-22,14.808,14.8616,14.6784,14.7365,514200
2016-07-25,14.5846,14.6024,14.1645,14.2092,380300
2016-07-26,14.4416,14.9152,14.3254,14.7722,422200
2016-07-27,14.8973,15.1833,14.4505,15.1565,509300
2016-07-28,15.2012,15.4335,14.9867,15.371,421700
2016-07-29,15.5497,15.6391,15.4246,15.4961,272800
2016-08-02,15.9966,16.6579,15.9697,16.3004,612400
2016-08-03,16.3719,16.3719,15.8178,15.9429,248300
2016-08-04,15.9876,16.2378,15.7553,15.8536,284000
2016-08-05,15.7821,16.2378,15.4425,15.5229,508900
2016-08-08,15.5497,15.5944,15.3799,15.4067,352100
2016-08-09,15.5497,15.6301,15.3442,15.4335,192200
2016-08-10,15.7106,15.7106,15.371,15.3978,325000
2016-08-11,15.4514,15.514,15.085,15.1118,283700
2016-08-12,15.2548,15.371,15.0493,15.1476,240100
2016-08-15,15.2637,15.371,15.085,15.085,185200
2016-08-16,15.085,15.1922,14.5578,14.6561,336400
2016-08-17,14.6561,14.8348,14.3969,14.5578,399700
2016-08-18,14.5488,14.8348,14.4237,14.7901,293000
2016-08-19,14.7544,14.9688,14.4863,14.5756,379100
2016-08-22,14.5756,14.8616,14.4505,14.6918,224800
2016-08-23,14.7544,14.9688,14.5041,14.5131,330100
2016-08-24,14.4952,14.6739,13.9143,13.9322,410600
2016-08-25,13.9322,14.4594,13.7624,14.0305,423600
2016-08-26,14.1914,14.4058,13.6998,13.9143,505900
2016-08-29,13.8339,14.1288,13.7624,13.9501,260100
2016-08-30,13.9054,14.2003,13.2977,13.3781,501500
2016-08-31,13.3334,13.3334,12.967,13.2441,403500
2016-09-01,13.2262,14.2092,13.11,14.1824,664900
2016-09-02,14.2986,14.5578,14.1645,14.3165,596300
2016-09-06,14.5667,14.6784,14.4237,14.5488,833100
2016-09-07,14.5756,14.6561,14.1645,14.2986,493600
2016-09-08,14.2897,14.2897,13.7624,13.8696,427600
2016-09-09,13.7981,14.0752,13.2441,13.3424,596300
2016-09-12,13.3602,14.102,13.2351,14.0126,913700
2016-09-13,13.9858,14.1914,13.5926,13.7713,587400
2016-09-14,13.8071,14.0037,13.5747,13.6194,588300
2016-09-15,13.6283,14.0037,13.5032,13.7713,486200
2016-09-16,13.673,13.9501,12.8866,13.0475,3541700
2016-09-19,13.1815,13.2887,13.0385,13.1994,513100
2016-09-20,13.1815,13.4586,13.1368,13.2173,300700
2016-09-21,13.3602,13.8964,13.3424,13.7535,514500
2016-09-22,13.8518,13.9858,13.5032,13.6462,291000
2016-09-23,13.5926,13.7177,13.2888,13.3781,225600
2016-09-26,13.396,13.5211,13.1994,13.2887,225500
2016-09-27,13.1904,13.2887,12.9492,13.0206,372200
2016-09-28,12.9581,13.1994,12.824,13.0028,305200
2016-09-29,12.9402,12.9849,12.7526,12.9581,397300
2016-09-30,13.0028,13.2709,12.7347,12.833,410300
2016-10-03,12.8151,12.833,12.0644,12.2521,582800
2016-10-04,11.9751,11.9751,11.3495,11.4657,1117800
2016-10-05,11.6176,11.7517,11.0278,11.5819,931400
2016-10-06,11.4121,11.7517,11.2601,11.7159,608400
2016-10-07,11.8589,12.1985,11.7606,12.0287,738100
2016-10-11,12.0466,12.1091,11.7606,11.85,334000
2016-10-12,11.9214,12.0644,11.7248,12.0287,295800
2016-10-13,12.0912,12.5381,11.8857,12.1717,472400
2016-10-14,12.1002,12.2253,11.7427,11.7695,349000
2016-10-17,11.9125,12.1002,11.8231,12.0734,305400
2016-10-18,12.0734,12.2789,11.8857,12.261,438400
2016-10-19,12.3862,12.6185,12.0823,12.404,516200
2016-10-20,12.413,12.4934,12.06,12.1806,447600
2016-10-21,12.1627,12.3057,12.0644,12.2164,184800
2016-10-24,12.3415,12.404,11.8589,12.0644,314600
2016-10-25,12.1091,12.5649,12.0823,12.5291,411200
2016-10-26,12.5291,12.69,12.4219,12.5917,517400
2016-10-27,12.6453,12.69,12.4576,12.5023,261500
2016-10-28,12.5113,12.8687,12.3325,12.5381,405300
2016-10-31,12.6006,12.6543,12.3593,12.6185,218700
2016-11-01,12.7347,13.1011,12.7257,12.8866,509900
2016-11-02,13.0475,13.3066,12.6185,12.7615,466600
2016-11-03,12.7347,12.8062,12.5023,12.6989,334500
2016-11-04,12.7526,12.9313,12.4576,12.4845,419700
2016-11-07,12.2432,12.4308,12.0197,12.2521,335100
2016-11-08,12.2521,12.3772,11.9036,11.9125,473800
2016-11-09,12.3772,12.413,11.6623,11.8589,699500
2016-11-10,11.9393,12.2342,11.4299,11.4836,611200
2016-11-11,11.4746,11.6712,11.0546,11.2601,750800
2016-11-14,11.3048,11.7963,11.0546,11.5282,574100
2016-11-15,11.5461,12.2789,11.4031,12.1091,599300
2016-11-16,12.1359,12.3236,11.8231,11.984,509400
2016-11-17,11.9751,12.1806,11.555,11.698,583100
2016-11-18,11.6444,11.9572,11.5997,11.85,371200
2016-11-21,12.0019,12.0198,11.564,11.6444,445800
2016-11-22,11.564,11.8768,11.4925,11.7159,497900
2016-11-23,11.4925,11.698,11.2601,11.5104,508500
2016-11-24,11.5282,11.555,11.4836,11.5104,64200
2016-11-25,11.5729,11.6265,11.3942,11.5282,259000
2016-11-28,11.6891,11.8142,11.4746,11.7695,456000
2016-11-29,11.6534,11.8857,11.5819,11.8231,422200
2016-11-30,11.7248,11.9214,11.5819,11.7606,467600
2016-12-01,11.6712,11.8678,11.6712,11.7427,599200
2016-12-02,11.841,12.0376,11.7159,11.8857,336500
2016-12-05,11.7963,12.0644,11.6712,11.8768,477300
2016-12-06,11.8768,12.1627,11.8231,11.984,376100
2016-12-07,12.1717,12.3236,11.85,11.984,386200
2016-12-08,11.9661,12.0376,11.9125,12.0108,267800
2016-12-09,11.9661,12.0287,11.7159,11.7695,575300
2016-12-12,11.7785,11.7963,11.6176,11.6265,870100
2016-12-13,11.6087,11.6444,11.2869,11.5282,1222100
2016-12-14,11.5729,11.707,11.0993,11.1797,1153900
2016-12-15,10.992,11.0814,10.7329,10.858,1040600
2016-12-16,10.9116,11.1618,10.6346,10.9563,4539900
2016-12-19,10.9295,11.0546,10.858,10.9474,461000
2016-12-20,10.8222,10.9384,10.6346,10.9027,632900
2016-12-21,10.9027,10.9116,10.6793,10.7776,405400
2016-12-22,10.7508,10.9206,10.7418,10.8222,358000
2016-12-23,10.8759,11.0367,10.8312,10.9384,217400
2016-12-28,10.9831,11.4478,10.9295,11.4121,617400
2016-12-29,11.5282,11.9751,11.3674,11.9393,742200
2016-12-30,11.9393,12.1091,11.6355,11.698,551400
2017-01-03,11.7874,11.9393,11.5908,11.9214,665100
2017-01-04,12.0198,12.0198,11.7517,11.9214,522700
2017-01-05,12.0287,12.7168,11.9751,12.6453,1024500
2017-01-06,12.4666,12.7883,12.1985,12.3415,820800
2017-01-09,12.5113,12.7257,12.3772,12.5649,796800
2017-01-10,12.6096,12.8419,12.5381,12.6274,682700
2017-01-11,12.6721,12.8062,12.4845,12.7972,794000
2017-01-12,12.9223,12.9223,12.5023,12.547,512900
2017-01-13,12.5113,12.5828,12.2744,12.4845,572800
2017-01-16,12.547,12.5738,12.4845,12.5649,90000
2017-01-17,12.7436,12.7794,12.4845,12.547,657200
2017-01-18,12.5202,12.5828,12.3415,12.4487,436700
2017-01-19,12.3593,12.5917,12.27,12.4666,481600
2017-01-20,12.4934,12.5917,12.3772,12.5113,411100
2017-01-23,12.5917,12.6989,12.5113,12.6274,216000
2017-01-24,12.6185,12.7883,12.404,12.4755,475700
2017-01-25,12.404,12.5202,12.3057,12.5113,363000
2017-01-26,12.3057,12.5738,12.3057,12.4576,340000
2017-01-27,12.4576,12.6632,12.3862,12.6453,261600
2017-01-30,12.6632,12.7972,12.5828,12.6453,312600
2017-01-31,12.8062,12.8598,12.6677,12.7615,484000
2017-02-01,12.69,13.0653,12.6185,13.0206,423200
2017-02-02,13.2262,13.2262,13.0028,13.0921,415600
2017-02-03,13.0653,13.2262,13.0117,13.1994,428000
2017-02-06,13.2709,13.7177,13.2083,13.7088,607200
2017-02-07,13.6462,13.9501,13.6462,13.9054,495900
2017-02-08,13.9769,14.2092,13.9501,13.9858,748700
2017-02-09,13.959,13.9858,13.5926,13.6105,408500
2017-02-10,13.4049,13.7892,13.396,13.682,399500
2017-02-13,13.5926,13.673,13.53,13.5658,303400
2017-02-14,13.6373,13.7177,13.3156,13.5122,762000
2017-02-15,13.3871,13.6283,13.3424,13.5837,394000
2017-02-16,13.5837,13.9501,13.5837,13.8964,428300
2017-02-17,13.9143,13.9679,13.6552,13.6909,286700
2017-02-21,13.5926,13.8071,13.4764,13.5479,339900
2017-02-22,13.6552,13.6998,13.2888,13.4228,653000
2017-02-23,13.5658,13.7177,13.4049,13.4049,796700
2017-02-24,13.6015,13.6015,13.1368,13.1904,484900
2017-02-27,13.2262,13.3513,12.6364,12.7079,1071500
2017-02-28,12.8509,13.2173,12.8062,13.0117,690900
2017-03-01,12.9938,13.53,12.9134,13.3513,1073900
2017-03-02,13.3156,13.3602,12.9402,13.0028,720500
2017-03-03,12.9402,13.1904,12.8062,13.0921,965400
2017-03-06,13.0743,13.0921,12.48,12.69,1281400
2017-03-07,12.5917,12.9223,12.3415,12.6096,808300
2017-03-08,12.4576,12.7347,12.4308,12.5559,431900
2017-03-09,12.547,12.6632,12.4487,12.5113,286400
2017-03-10,12.5559,12.9849,12.5291,12.833,674200
2017-03-13,12.8866,13.1904,12.7883,13.0564,1230600
2017-03-14,13.0921,13.2262,12.8598,12.9045,1262500
2017-03-15,12.9313,13.4049,12.7704,13.253,1564600
2017-03-16,13.5658,13.6283,13.2262,13.4764,916000
2017-03-17,13.5122,13.6015,13.0653,13.2083,1501000
2017-03-20,13.2262,13.539,13.1905,13.4764,529300
2017-03-21,13.5032,13.816,13.3602,13.5837,560900
2017-03-22,13.6462,13.6998,13.4854,13.5479,354600
2017-03-23,13.5479,13.6998,13.1011,13.3871,707900
2017-03-24,13.3513,13.539,13.2351,13.3781,445000
2017-03-27,13.5926,13.7937,13.4585,13.7535,532800
2017-03-28,13.7445,13.816,13.2262,13.3871,493300
2017-03-29,13.3781,13.4675,13.2619,13.3871,385000
2017-03-30,13.2798,13.3513,13.1904,13.2351,182100
2017-03-31,13.3066,13.3602,13.1279,13.2083,300600
2017-04-03,13.1904,13.5568,13.1904,13.253,460400
2017-04-04,13.3245,13.4049,13.2351,13.3781,291400
2017-04-05,13.3156,13.5479,13.1547,13.5032,446000
2017-04-06,13.5032,13.5658,13.3871,13.5122,283200
2017-04-07,13.6283,13.6283,13.2351,13.3692,368100
2017-04-10,13.2709,13.3871,13.1726,13.3781,235100
2017-04-11,13.4854,13.7088,13.3692,13.5122,606500
2017-04-12,13.5032,13.6194,13.3692,13.6105,402000
2017-04-13,13.53,13.5568,13.2888,13.4228,498100
2017-04-17,13.4496,13.5926,13.2441,13.3602,480600
2017-04-18,13.4049,13.816,13.3692,13.7088,863200
2017-04-19,13.6283,13.6998,13.2619,13.5032,559100
2017-04-20,13.53,13.53,13.3334,13.4228,246100
2017-04-21,13.4049,13.5747,13.3513,13.396,330200
2017-04-24,13.2083,13.2351,13.0385,13.1904,509000
2017-04-25,13.0921,13.1815,12.5291,12.6721,623400
2017-04-26,12.6632,12.9134,12.413,12.7079,896500
2017-04-27,12.6721,12.8151,12.4666,12.7972,439300
2017-04-28,12.8509,13.0832,12.7168,12.9938,497900
2017-05-01,12.976,13.0653,12.6721,12.8687,416900
2017-05-02,12.8151,13.1011,12.7347,12.824,478000
2017-05-03,12.8151,12.9223,12.6721,12.7615,314900
2017-05-04,12.6274,12.6721,12.3147,12.413,509900
2017-05-05,12.4666,12.6989,12.3504,12.5291,379400
2017-05-08,12.547,12.5828,12.3593,12.5738,331400
2017-05-09,12.5113,12.6096,12.3727,12.5113,415500
2017-05-10,12.547,12.6721,12.4219,12.5023,608800
2017-05-11,12.5738,13.0296,12.547,13.0117,1028900
2017-05-12,13.0921,13.3602,13.0921,13.2887,455700
2017-05-15,13.3871,13.3871,13.0564,13.2977,385900
2017-05-16,13.4317,13.539,13.3871,13.4675,338200
2017-05-17,13.6105,13.816,13.4764,13.5747,545300
2017-05-18,13.5122,13.539,13.253,13.3156,473000
2017-05-19,13.4407,13.4496,13.3334,13.4049,531100
2017-05-23,13.8607,13.9233,13.2083,13.3066,459900
2017-05-24,13.2888,13.3424,12.7972,12.976,692000
2017-05-25,12.9313,12.9581,12.7168,12.8598,331800
2017-05-26,12.976,13.0028,12.6989,12.7436,208500
2017-05-29,12.8062,12.8062,12.6453,12.6721,103300
2017-05-30,12.6543,12.6811,12.5559,12.6453,237600
2017-05-31,12.6364,12.8419,12.6274,12.7436,355800
2017-06-01,12.6543,12.8509,12.5649,12.8509,206500
2017-06-02,12.967,13.0743,12.833,12.8687,318400
2017-06-05,13.4139,14.7097,13.4139,14.6114,2150000
2017-06-06,14.6829,14.9331,14.5846,14.8884,1327100
2017-06-07,14.9331,15.5318,14.8884,15.4693,1002300
2017-06-08,15.4335,15.4693,15.1297,15.2369,692200
2017-06-09,15.1297,15.2906,15.0046,15.1476,910700
2017-06-12,15.1744,15.3978,15.0225,15.1118,627400
2017-06-13,15.1208,15.1208,14.9331,15.0046,400700
2017-06-14,15.1833,15.1833,14.2986,14.388,1193800
2017-06-15,14.2539,14.5309,14.236,14.4952,1395100
2017-06-16,14.4773,14.5578,14.2807,14.4058,1132500
2017-06-19,14.2986,14.6203,14.2986,14.4058,334000
2017-06-20,14.4326,14.5756,14.2986,14.5488,408100
2017-06-21,14.5488,14.7275,14.4773,14.7275,558000
2017-06-22,14.8169,14.8527,14.6024,14.7097,251000
2017-06-23,14.8169,14.8258,14.5309,14.7454,337500
2017-06-26,14.6114,14.6203,14.3969,14.4952,344400
2017-06-27,14.5399,14.6382,14.3433,14.522,1025800
2017-06-28,14.5488,14.5846,14.2628,14.5846,349500
2017-06-29,14.4505,14.4773,14.2003,14.2986,357000
2017-06-30,14.2628,14.2897,14.0662,14.1645,487600
2017-07-04,14.0126,14.1645,13.7624,13.7624,202700
2017-07-05,13.8249,14.0796,13.7088,14.0752,992300
2017-07-06,13.9947,14.1645,13.8696,13.9769,246600
2017-07-07,13.8875,13.9232,13.6998,13.7892,207600
2017-07-10,13.7266,14.245,13.6998,14.2092,681900
2017-07-11,14.1645,14.236,13.9635,14.2182,398000
2017-07-12,14.2807,14.3165,13.9769,13.9858,314900
2017-07-13,13.9679,14.0305,13.7445,13.7803,204500
2017-07-14,13.9411,14.0037,13.8384,13.8518,255500
2017-07-17,14.0305,14.093,13.9411,13.9858,181400
2017-07-18,14.1109,14.2182,13.9858,14.1377,240600
2017-07-19,14.1645,14.2092,14.0126,14.1467,146500
2017-07-20,14.1913,14.3075,14.0841,14.2718,212900
2017-07-21,14.2986,14.3522,14.1556,14.1913,275600
2017-07-24,14.236,14.236,14.0573,14.1645,170400
2017-07-25,14.1377,14.2271,13.8339,14.0037,228200
2017-07-26,13.9769,14.2092,13.9322,14.102,169200
2017-07-27,14.1467,14.1824,13.8875,14.0037,196800
2017-07-28,13.9947,14.2003,13.8964,14.0752,243400
2017-07-31,14.0752,14.522,14.0752,14.3075,194500
2017-08-01,14.0216,14.5309,14.0216,14.2092,186100
2017-08-02,14.245,14.2986,14.1467,14.2003,111200
2017-08-03,14.2271,14.3611,14.1109,14.2539,157400
2017-08-04,14.093,14.3969,14.0394,14.093,272500
2017-08-08,13.9858,14.2003,13.9143,14.0484,160500
2017-08-09,14.1824,14.388,14.093,14.245,352300
2017-08-10,14.3254,14.3969,14.1735,14.388,227100
2017-08-11,14.3343,14.5935,14.0216,14.3969,319100
2017-08-14,14.3343,14.4326,14.2092,14.4148,262100
2017-08-15,14.2986,14.4863,14.245,14.3165,208900
2017-08-16,14.3075,14.5578,14.2897,14.4058,290000
2017-08-17,14.4594,14.522,14.2539,14.3701,185600
2017-08-18,14.4773,14.4863,14.2003,14.2986,345800
2017-08-21,14.3165,14.4863,14.236,14.2807,148500
2017-08-22,14.2628,14.388,14.1824,14.2718,277900
2017-08-23,14.3522,14.379,14.1199,14.2271,203200
2017-08-24,14.1735,14.6561,14.1467,14.5041,549100
2017-08-25,14.5131,15.1565,14.4505,15.1029,747900
2017-08-28,15.1565,15.3531,15.0314,15.3084,332900
2017-08-29,15.4872,15.5229,15.2101,15.4157,331100
2017-08-30,15.3531,15.5229,15.2816,15.3799,214400
2017-08-31,15.4246,15.7106,15.3889,15.6033,443000
2017-09-01,15.6659,15.6748,15.2101,15.2727,563300
2017-09-05,15.3352,15.5855,15.2459,15.5497,434900
2017-09-06,15.5497,15.6838,15.2369,15.4067,353900
2017-09-07,15.4961,15.5944,15.3978,15.5408,256000
2017-09-08,15.5765,15.5765,15.2816,15.4603,288800
2017-09-11,15.2995,15.4425,15.0314,15.0493,353700
2017-09-12,15.0582,15.2548,15.0225,15.1476,310000
2017-09-13,15.1297,15.1297,14.8884,14.9063,316400
2017-09-14,14.8705,15.0403,14.799,14.8705,183400
2017-09-15,14.8616,14.9063,14.3075,14.6024,2785100
2017-09-18,14.6024,14.7454,14.3433,14.4594,1224900
2017-09-19,14.4058,14.5756,14.3433,14.5488,461100
2017-09-20,14.5846,14.8527,14.4416,14.6024,652500
2017-09-21,14.388,14.5488,14.3701,14.4148,311100
2017-09-22,14.4952,14.5488,14.4148,14.4952,128800
2017-09-25,14.4326,14.7275,14.388,14.6739,341000
2017-09-26,14.5578,14.6024,14.4148,14.4684,231200
2017-09-27,14.3701,14.4684,14.3343,14.379,178400
2017-09-28,14.3433,14.4148,14.2807,14.3343,100700
2017-09-29,14.388,14.4684,14.3075,14.388,315500
2017-10-02,14.388,14.4505,14.3165,14.3701,154900
2017-10-03,14.4058,14.5131,14.3611,14.5041,215700
2017-10-04,14.5399,14.7275,14.5131,14.6561,231600
2017-10-05,14.6561,14.7633,14.4326,14.4326,208600
2017-10-06,14.4237,14.6382,14.3254,14.6114,306100
2017-10-10,14.7007,14.8795,14.6203,14.6292,294700
2017-10-11,14.6829,14.8169,14.522,14.7275,250100
2017-10-12,14.7454,14.8437,14.6829,14.7722,150000
2017-10-13,14.8437,14.8795,14.7186,14.7901,140700
2017-10-16,14.8258,14.8527,14.5578,14.6114,220000
2017-10-17,14.5131,14.5309,14.1645,14.3969,662600
2017-10-18,14.3611,14.4416,14.2807,14.3343,295100
2017-10-19,14.4148,14.4684,14.3343,14.4326,319900
2017-10-20,14.388,14.4952,14.2986,14.3254,358900
2017-10-23,14.2628,14.4863,14.2539,14.3343,157000
2017-10-24,14.2718,14.4058,14.2539,14.3969,159200
2017-10-25,14.3611,14.5578,14.3611,14.4416,161300
2017-10-26,14.4416,14.4952,14.1735,14.2092,224100
2017-10-27,14.1914,14.4952,14.1735,14.4416,159500
2017-10-30,14.4326,14.6292,14.4326,14.5131,122400
2017-10-31,14.522,14.5488,14.4416,14.5131,90100
2017-11-01,14.5578,14.7097,14.5041,14.5667,207600
2017-11-02,14.5756,14.6203,14.4237,14.4505,207200
2017-11-03,14.4505,14.4863,14.1467,14.1735,310600
2017-11-06,14.1645,14.3969,14.1109,14.2539,357800
2017-11-07,14.2539,14.3254,14.1377,14.2807,133600
2017-11-08,14.3433,14.3611,13.9143,13.9858,393100
2017-11-09,13.9054,13.9143,13.6641,13.7892,434900
2017-11-10,13.7892,13.8428,13.5837,13.7266,206100
2017-11-13,13.7445,13.8696,13.682,13.7803,306200
2017-11-14,13.7266,13.8964,13.6909,13.7803,254700
2017-11-15,13.8786,13.9679,13.7177,13.7713,299600
2017-11-16,13.7803,13.9411,13.7713,13.8696,288300
2017-11-17,13.9501,13.9858,13.7981,13.9143,815800
2017-11-20,13.9501,13.959,13.6998,13.7356,215100
2017-11-21,13.7981,13.8518,13.7088,13.7713,151600
2017-11-22,13.816,13.8786,13.6998,13.7981,177300
2017-11-23,13.7445,13.8607,13.7445,13.8339,47800
2017-11-24,13.8339,13.8696,13.6552,13.7892,236500
2017-11-27,13.825,13.825,13.6283,13.7535,121700
2017-11-28,13.7445,13.7981,13.6552,13.6552,253200
2017-11-29,13.6283,13.6283,13.4541,13.5122,220800
2017-11-30,13.5032,13.682,13.463,13.682,400500
2017-12-01,13.5747,13.6105,13.3245,13.3871,333800
2017-12-04,13.3424,13.3602,13.1726,13.2173,462700
2017-12-05,13.1815,13.2709,12.9045,13.119,659300
2017-12-06,13.0385,13.11,12.976,13.0206,144900
2017-12-07,12.9223,12.9849,12.7794,12.8151,303800
2017-12-08,12.824,12.9492,12.7972,12.8419,250900
2017-12-11,12.9045,12.9134,12.5738,12.6453,511400
2017-12-12,12.5828,12.6274,12.4308,12.5381,258600
2017-12-13,12.5291,12.9045,12.4576,12.7526,456500
2017-12-14,12.7347,12.7347,12.4845,12.5291,336900
2017-12-15,12.5828,12.6096,12.3862,12.4487,325500
2017-12-18,12.5381,12.5649,12.4308,12.4576,204600
2017-12-19,12.4308,12.5023,12.404,12.4308,127900
2017-12-20,12.4666,12.7615,12.404,12.69,308700
2017-12-21,12.6811,12.7615,12.5917,12.6721,152300
2017-12-22,12.7347,13.119,12.7347,13.0385,462700
2017-12-27,13.2709,13.2977,12.824,12.967,313400
2017-12-28,12.967,13.0653,12.7883,12.9581,351100
2017-12-29,13.0207,13.0743,12.8419,12.976,274100
2018-01-02,13.0028,13.1011,12.8151,12.9134,249600
2018-01-03,12.9402,12.9402,12.547,12.7615,435200
2018-01-04,12.7883,12.9581,12.7436,12.8955,283700
2018-01-05,12.7972,12.8598,12.6811,12.6989,230500
2018-01-08,12.6811,12.7168,12.4442,12.4934,215800
2018-01-09,12.4219,12.5649,12.1449,12.4934,307900
2018-01-10,12.5559,12.7257,12.4845,12.6543,290800
2018-01-11,12.6543,12.8598,12.6185,12.833,360400
2018-01-12,12.9134,13.4049,12.8777,13.2798,815500
2018-01-15,13.3066,13.5568,13.2798,13.4407,719400
2018-01-16,13.4139,13.4317,13.1904,13.3156,607100
2018-01-17,13.2619,13.2619,13.0072,13.1368,1343800
2018-01-18,13.1815,13.2709,12.9223,13.0206,703000
2018-01-19,13.1279,13.1547,12.9849,13.0832,437800
2018-01-22,13.0921,13.0921,12.6632,12.8687,349300
2018-01-23,12.7972,12.8955,12.5738,12.8509,474600
2018-01-24,13.0207,13.2709,12.9134,13.1458,1361400
2018-01-25,13.1815,13.2262,12.6632,12.7972,545700
2018-01-26,12.8151,12.8151,12.5828,12.6364,309600
2018-01-29,12.6096,12.6096,12.2342,12.2968,393600
2018-01-30,12.3504,12.3951,12.2476,12.3147,668700
2018-01-31,12.404,12.4398,12.1091,12.3504,579300
2018-02-01,12.2968,12.5828,12.2968,12.4487,462900
2018-02-02,12.3147,12.4219,12.127,12.2432,456500
2018-02-05,12.261,12.4576,12.203,12.3683,576500
2018-02-06,12.27,12.3325,11.7963,11.8053,498400
2018-02-07,11.7427,11.9483,11.6533,11.8589,440100
2018-02-08,11.85,12.1985,11.85,11.9125,344100
2018-02-09,11.9125,11.9751,11.5506,11.6355,591800
2018-02-12,11.6355,12.2253,11.6087,11.9661,483200
2018-02-13,11.9661,12.0287,11.8231,11.9304,203900
2018-02-14,11.9393,12.3325,11.9393,12.1002,512100
2018-02-15,12.1449,12.1717,11.9483,12.0734,243600
2018-02-16,12.0644,12.1359,11.7338,11.9483,368300
2018-02-20,11.6176,11.6533,10.7239,10.9831,1496400
2018-02-21,11.135,11.4121,10.9474,11.0367,1696000
2018-02-22,11.0814,11.2244,10.9742,11.0367,681500
2018-02-23,11.0188,11.1886,10.9652,11.1708,384100
2018-02-26,11.2512,11.3942,11.1618,11.3942,312400
2018-02-27,11.2869,11.4299,11.144,11.1708,450700
2018-02-28,11.144,11.2869,11.1082,11.1172,348100
2018-03-01,11.0546,11.4567,10.9742,11.3763,398800
2018-03-02,11.4925,11.5461,11.3316,11.3942,296100
2018-03-05,11.4031,11.5729,11.3674,11.5461,232000
2018-03-06,11.6623,11.7159,11.5372,11.5908,321200
2018-03-07,11.5729,11.5729,11.2065,11.2065,287100
2018-03-08,11.2601,11.2601,11.0099,11.1529,281100
2018-03-09,11.135,11.3584,11.0814,11.278,236400
2018-03-12,11.1797,11.4657,11.1797,11.421,225900
2018-03-13,11.4567,11.5908,11.3227,11.4925,240300
2018-03-14,11.555,11.555,11.2512,11.2691,215600
2018-03-15,11.2512,11.3048,11.1172,11.1797,180700
2018-03-16,11.1797,11.2869,11.0903,11.1261,304000
2018-03-19,11.0814,11.2244,10.9831,11.1172,370600
2018-03-20,11.0814,11.135,11.0278,11.0725,581400
2018-03-21,11.1529,11.2155,11.0367,11.1529,1070000
2018-03-22,11.1171,11.1886,11.001,11.0099,467900
2018-03-23,11.135,11.3048,11.0725,11.0814,668500
2018-03-26,11.1618,11.1976,11.0725,11.1976,311900
2018-03-27,11.0903,11.1797,11.0367,11.0903,223900
2018-03-28,11.0545,11.1352,10.9288,11.0365,582100
2018-03-29,11.0275,11.1801,11.0275,11.1621,226400
2018-04-02,11.216,11.5749,11.216,11.4134,205100
2018-04-03,11.3416,11.3416,11.1352,11.2698,303400
2018-04-04,11.4044,11.4044,10.6776,10.8032,383000
2018-04-05,10.7673,11.0186,10.7135,10.9827,487000
2018-04-06,11.0096,11.1173,10.9737,11.0724,189800
2018-04-09,11.0814,11.1621,10.9558,11.0455,158100
2018-04-10,11.0993,11.0993,10.9288,10.9378,267300
2018-04-11,11.0455,11.2788,10.9109,11.0634,544200
2018-04-12,10.9916,11.0724,10.9468,10.9827,163100
2018-04-13,11.0724,11.4223,11.0545,11.3416,589000
2018-04-16,11.3236,11.5031,11.3236,11.3864,354500
2018-04-17,11.3775,11.4403,11.2877,11.3595,300500
2018-04-18,11.4134,11.5838,11.3326,11.3416,397500
2018-04-19,11.3775,11.3864,11.1173,11.198,261500
2018-04-20,11.1532,11.3057,11.0545,11.2877,271300
2018-04-23,11.2429,11.2608,11.0814,11.0814,171100
2018-04-24,11.1173,11.216,11.0634,11.189,234300
2018-04-25,11.1083,11.1801,11.0186,11.1173,311000
2018-04-26,11.1262,11.2877,11.0993,11.2249,203000
2018-04-27,11.207,11.5121,11.207,11.4851,132900
2018-04-30,11.3326,11.3954,11.2249,11.2429,287500
2018-05-01,11.189,11.2788,11.0634,11.2698,211700
2018-05-02,11.3236,11.4403,11.1711,11.3147,393900
2018-05-03,11.4582,11.4941,11.1442,11.3057,1210200
2018-05-04,11.2788,11.6467,11.2698,11.6377,414700
2018-05-07,11.6467,11.9517,11.5928,11.8979,382800
2018-05-08,11.9338,12.1312,11.9069,12.0953,472500
2018-05-09,12.0684,12.185,12.0056,12.1312,418300
2018-05-10,12.194,12.3196,12.1222,12.2658,408600
2018-05-11,12.2837,12.3465,12.1222,12.1312,185100
2018-05-14,12.1491,12.203,11.9786,12.0235,202800
2018-05-15,11.871,11.9966,11.8261,11.853,239000
2018-05-16,11.7992,11.8979,11.6556,11.6646,347300
2018-05-17,11.6646,11.6646,11.53,11.5569,168300
2018-05-18,11.5749,11.862,11.5749,11.7812,673700
2018-05-22,11.7812,11.8171,11.6108,11.6108,169400
2018-05-23,11.5928,11.7992,11.5928,11.7633,220100
2018-05-24,11.7992,12.0504,11.7992,11.9338,280700
2018-05-25,11.8979,12.2209,11.8979,12.0235,319800
2018-05-28,11.9428,11.9876,11.7992,11.7992,84600
2018-05-29,11.8351,12.0504,11.8351,11.9248,222300
2018-05-30,11.9517,11.9876,11.7364,11.8082,299400
2018-05-31,11.7812,11.9517,11.7812,11.9069,209400
2018-06-01,11.8441,12.0056,11.7723,11.853,276700
2018-06-04,11.9158,11.9158,11.7454,11.7723,122000
2018-06-05,11.8082,11.8979,11.7633,11.7902,147200
2018-06-06,11.7812,11.853,11.7184,11.7633,152500
2018-06-07,11.7633,11.8082,11.6556,11.6556,165500
2018-06-08,11.6377,11.6825,11.4896,11.5121,159700
2018-06-11,11.5031,11.5569,11.3236,11.3506,284200
2018-06-12,11.3326,11.3326,11.1487,11.189,257800
2018-06-13,11.198,11.2967,11.1532,11.189,219500
2018-06-14,11.2429,11.2967,11.0634,11.1621,180500
2018-06-15,11.0724,11.3595,11.0724,11.2877,478100
2018-06-18,11.2608,11.5121,11.2608,11.3057,156600
2018-06-19,11.3236,11.4672,11.1711,11.1711,210300
2018-06-20,11.216,11.2249,10.9378,11.0186,303900
2018-06-21,10.9916,11.0814,10.9199,10.9827,218800
2018-06-22,11.0096,11.189,11.0096,11.1711,211200
2018-06-25,11.1173,11.2249,11.0365,11.0634,215400
2018-06-26,11.0275,11.1532,11.0096,11.0903,187200
2018-06-27,11.0545,11.216,11.0455,11.1442,175500
2018-06-28,11.1352,11.1532,11,11.1262,156400
2018-06-29,11.0901,11.2703,11.0811,11.2163,196100
2018-07-03,11.2613,11.4865,11.2613,11.4325,220400
2018-07-04,11.4415,11.5496,11.4325,11.4595,36700
2018-07-05,11.4865,11.4865,11.3063,11.3154,235000
2018-07-06,11.3154,11.437,11.2613,11.3604,174600
2018-07-09,11.4235,11.4595,11.2973,11.3604,165800
2018-07-10,11.3334,11.3604,11.2253,11.2613,131000
2018-07-11,11.2072,11.3694,11.1172,11.1442,195200
2018-07-12,11.1892,11.2253,11.0811,11.1712,209100
2018-07-13,11.1442,11.2883,11.0811,11.1442,218600
2018-07-16,11.1532,11.2883,11.0991,11.1442,195000
2018-07-17,11.1081,11.3154,11.1081,11.2163,156100
2018-07-18,11.1892,11.3424,11.1712,11.2343,260100
2018-07-19,11.1892,11.4415,11.1892,11.3244,321000
2018-07-20,11.3604,11.3604,11.2433,11.2973,320300
2018-07-23,11.2973,11.4235,11.2703,11.2973,271500
2018-07-24,11.3153,11.3874,11.2253,11.2703,191400
2018-07-25,11.3154,11.4865,11.3063,11.3694,332700
2018-07-26,11.3063,11.4865,11.3063,11.3874,312400
2018-07-27,11.4054,11.4685,11.2523,11.2523,258100
2018-07-30,11.2613,11.2973,11.1532,11.1622,146700
2018-07-31,11.1262,11.1712,11.0811,11.1262,206100
2018-08-01,11.1442,11.1442,11.0451,11.0631,170400
2018-08-02,11.0361,11.0901,10.6847,10.7027,231100
2018-08-03,10.7298,10.8289,10.6217,10.7388,322100
2018-08-07,10.7658,10.7658,10.4955,10.5586,418100
2018-08-08,10.5406,10.6217,10.3334,10.4144,314900
2018-08-09,10.4415,10.5676,10.4054,10.4775,213000
2018-08-10,10.4685,10.5676,10.4505,10.4685,227600
2018-08-13,10.4144,10.4865,10.2523,10.3063,233600
2018-08-14,10.2703,10.3063,10.0361,10.0361,216300
2018-08-15,9.964,9.964,9.50454,9.63066,578100
2018-08-16,9.67571,9.79283,9.37841,9.39643,459300
2018-08-17,9.45949,9.65769,9.36039,9.48652,268300
2018-08-20,9.54057,9.72075,9.43247,9.63066,246500
2018-08-21,9.64868,9.68472,9.47751,9.62165,149100
2018-08-22,9.6667,9.6667,9.53156,9.62165,152000
2018-08-23,9.55859,9.59462,9.25228,9.29732,230000
2018-08-24,9.39643,9.74778,9.39643,9.57661,290700
2018-08-27,9.60363,9.79282,9.60363,9.71174,181100
2018-08-28,9.7658,9.78382,9.33337,9.39643,228000
2018-08-29,9.41444,9.47751,9.30634,9.44147,173700
2018-08-30,9.39643,9.45048,9.33337,9.39643,199100
2018-08-31,9.41444,9.53156,9.30633,9.32435,162300
2018-09-04,9.28832,9.34237,9.02706,9.09913,233800
2018-09-05,9.13517,9.15318,8.8739,8.8739,480300
2018-09-06,8.94597,9.04507,8.81084,8.85588,332100
2018-09-07,8.8739,9.18021,8.78381,9.0721,189000
2018-09-10,9.06309,9.18021,9.00003,9.01805,270700
2018-09-11,8.94598,9.02706,8.8649,8.90994,234400
2018-09-12,8.88291,9.1712,8.82886,9.15318,403400
2018-09-13,9.20724,9.25228,8.91895,8.95498,205900
2018-09-14,8.94597,8.96399,8.71174,8.71174,247000
2018-09-17,8.76579,8.80183,8.54958,8.78381,515800
2018-09-18,8.78381,8.82886,8.56759,8.69372,370400
2018-09-19,8.69372,8.90093,8.63066,8.84687,766000
2018-09-20,8.90994,8.92795,8.76579,8.90093,529100
2018-09-21,8.7748,8.87841,8.72075,8.81084,1994400
2018-09-24,8.90994,9.18922,8.83787,8.90994,699500
2018-09-25,8.973,9.14417,8.93697,9.06309,336400
2018-09-26,9.00904,9.05408,8.78832,8.79282,470300
2018-09-27,8.78377,8.82904,8.68416,8.7566,257800
2018-09-28,8.7566,8.89243,8.74754,8.87432,360500
2018-10-01,8.8381,8.89243,8.74754,8.81093,149200
2018-10-02,8.91054,9.14598,8.90149,9.10071,293100
2018-10-03,9.14598,9.14598,8.97393,9.01015,290200
2018-10-04,9.03732,9.1822,9.0011,9.01921,188400
2018-10-05,9.02826,9.1007,8.9694,9.01015,262900
2018-10-09,9.05543,9.10071,8.86527,8.86527,217800
2018-10-10,8.87432,9.11881,8.76565,9.10976,261400
2018-10-11,9.22748,9.73459,9.05543,9.65309,643600
2018-10-12,9.62592,9.72553,9.35426,9.70742,601900
2018-10-15,9.82514,9.91569,9.53537,9.61686,599100
2018-10-16,9.61686,9.63498,9.39953,9.49009,473200
2018-10-17,9.48103,9.70742,9.43576,9.5897,288500
2018-10-18,9.57159,9.77081,9.36331,9.39048,663200
2018-10-19,9.47198,9.51726,9.38142,9.40859,192900
2018-10-22,9.40859,9.64403,9.25465,9.59876,316600
2018-10-23,9.78892,9.92475,9.54442,9.65309,429000
2018-10-24,9.65308,9.84325,9.5897,9.6712,303800
2018-10-25,9.6712,9.68931,9.01468,9.06448,431600
2018-10-26,8.98298,9.33615,8.98298,9.12787,319000
2018-10-29,9.11882,9.24559,8.95582,9.05543,229100
2018-10-30,9.02826,9.22748,9.02826,9.20032,297200
2018-10-31,9.1007,9.1822,9.02826,9.12787,271300
2018-11-01,9.23654,9.49914,9.21843,9.40859,303900
2018-11-02,9.39048,9.57159,9.27276,9.56253,202400
2018-11-05,9.49914,9.71647,9.37237,9.40859,343600
2018-11-06,9.44481,9.5082,9.27276,9.31804,141300
2018-11-07,9.13693,9.35426,8.66604,8.72038,684000
2018-11-08,8.62077,8.91054,8.62077,8.81999,293400
2018-11-09,8.70227,8.95582,8.6751,8.84716,235800
2018-11-12,8.80188,8.80188,8.39438,8.4306,279300
2018-11-13,8.44872,8.65699,8.42155,8.5121,354600
2018-11-14,8.53927,8.84715,8.47588,8.68415,323600
2018-11-15,8.72943,8.91054,8.72943,8.89243,202000
2018-11-16,8.95582,9.13693,8.95582,9.04637,226500
2018-11-19,9.04637,9.23654,9.04637,9.08259,178100
2018-11-20,9.10976,9.13693,8.87432,9.06448,200800
2018-11-21,9.10976,9.38142,9.10976,9.32709,251000
2018-11-22,9.3452,9.36331,9.17315,9.27276,39200
2018-11-23,9.17315,9.29087,9.0011,9.04637,144800
2018-11-26,9.06448,9.19126,9.02826,9.06448,241800
2018-11-27,9.08259,9.08259,8.81093,8.81093,243200
2018-11-28,8.80188,9.09165,8.78377,9.0011,249500
2018-11-29,9.03732,9.11882,8.95582,8.99204,126900
2018-11-30,8.97393,9.10976,8.80188,9.02826,194100
2018-12-03,9.10071,9.20032,8.86527,9.05543,266000
2018-12-04,8.66605,8.85621,8.46683,8.82904,435500
2018-12-05,8.8381,8.94676,8.77471,8.91054,129800
2018-12-06,8.87432,9.15504,8.85621,9.02826,326500
2018-12-07,9.02826,9.56253,9.01921,9.54442,396000
2018-12-10,9.5082,9.97002,9.5082,9.72553,634700
2018-12-11,9.76175,9.80703,9.49915,9.57159,475700
2018-12-12,9.59875,9.77986,9.57159,9.68931,377700
2018-12-13,9.5897,9.74364,9.5897,9.68931,355200
2018-12-14,9.58064,9.60781,9.41765,9.5082,406300
2018-12-17,9.56253,9.86136,9.54442,9.71648,432000
2018-12-18,9.73459,10.1783,9.72553,10.1059,842400
2018-12-19,10.1692,10.6492,10.0696,10.0696,808700
2018-12-20,10.287,10.5496,10.1874,10.2145,691100
2018-12-21,10.2236,10.4319,10.1511,10.3413,595600
2018-12-24,10.4681,10.8122,10.459,10.8122,398800
2018-12-27,10.8575,10.8575,10.6039,10.7216,391400
2018-12-28,10.6943,10.9035,10.6489,10.7034,689700
2018-12-31,10.7489,10.8853,10.5034,10.8853,404900
2019-01-02,10.9126,11.0945,10.8126,10.9944,576900
2019-01-03,11.0672,11.2945,11.0399,11.1854,462300
2019-01-04,11.0672,11.1945,10.8762,11.1218,415900
2019-01-07,10.9581,10.9581,10.5397,10.7853,501000
2019-01-08,10.6762,11.0763,10.6307,10.9763,850600
2019-01-09,10.9944,11.1945,10.9581,11.0763,483300
2019-01-10,11.0581,11.0763,10.8308,10.9035,477500
2019-01-11,10.9308,11.0399,10.8126,10.8489,361100
2019-01-14,10.9126,10.949,10.758,10.8217,369000
2019-01-15,10.8308,10.9035,10.658,10.8308,385300
2019-01-16,10.8308,10.8398,10.6853,10.758,248000
2019-01-17,10.7307,10.8853,10.7216,10.758,229400
2019-01-18,10.6762,10.7216,10.2669,10.4397,608900
2019-01-21,10.3306,10.5579,10.3306,10.4761,87800
2019-01-22,10.5579,10.758,10.3852,10.6762,424200
2019-01-23,10.6671,10.7398,10.4579,10.6853,344700
2019-01-24,10.658,10.7216,10.567,10.6762,199600
2019-01-25,10.7944,10.949,10.7216,10.8489,742100
2019-01-28,10.8853,11.2764,10.8489,11.2582,449200
2019-01-29,11.3309,11.5219,11.2854,11.4491,542100
2019-01-30,11.4128,11.6765,11.3582,11.4673,508900
2019-01-31,11.5855,11.7765,11.4855,11.6947,1139600
2019-02-01,11.6583,11.6947,11.4582,11.6856,310700
2019-02-04,11.6037,11.7856,11.5855,11.6219,280000
2019-02-05,11.6401,11.6674,11.4855,11.6674,300400
2019-02-06,11.6037,11.9311,11.6037,11.6492,354600
2019-02-07,11.6492,11.8038,11.631,11.6674,257200
2019-02-08,11.6856,12.0039,11.6583,11.8947,312600
2019-02-11,11.7765,12.0039,11.7492,11.8674,191500
2019-02-12,11.9038,11.9038,11.5219,11.6947,262100
2019-02-13,11.6765,11.9948,11.6583,11.8038,525500
2019-02-14,11.822,12.1494,11.822,12.1403,327000
2019-02-15,12.1948,12.304,12.0584,12.2858,259800
2019-02-19,12.3858,12.7223,12.3858,12.5677,330200
2019-02-20,12.5859,12.8405,12.4676,12.5768,386600
2019-02-21,12.6404,13.4043,12.5677,13.3679,1335300
2019-02-22,13.3407,13.759,13.3316,13.6771,889900
2019-02-25,13.6589,13.6862,13.4316,13.4862,462500
2019-02-26,13.4316,13.7408,13.2497,13.7317,562600
2019-02-27,13.668,13.7226,13.3952,13.4771,411400
2019-02-28,13.4407,13.5225,13.2952,13.4134,405000
2019-03-01,13.2588,13.5043,13.2497,13.3861,597200
2019-03-04,13.3407,13.377,12.9587,13.377,346100
2019-03-05,13.3134,13.5134,13.2588,13.377,283100
2019-03-06,13.3497,13.3952,13.0769,13.086,360300
2019-03-07,13.0678,13.377,13.0315,13.2406,508300
2019-03-08,13.3952,14.1955,13.3952,14.1318,738000
2019-03-11,14.1318,14.1955,13.9408,14.0954,441100
2019-03-12,14.1227,14.4592,14.1227,14.4592,436500
2019-03-13,14.4956,14.6229,14.3773,14.4865,391600
2019-03-14,14.2682,14.3137,14.1045,14.1864,402900
2019-03-15,14.2682,14.3955,13.8954,14.0318,865500
2019-03-18,14.0227,14.0591,13.7772,13.8408,356100
2019-03-19,13.8863,14.0863,13.7681,13.859,311700
2019-03-20,13.9136,14.1955,13.7135,14.1409,414200
2019-03-21,14.2137,14.25,13.9954,14.1318,554900
2019-03-22,14.1045,14.3046,14.0863,14.2409,422800
2019-03-25,14.2773,14.5592,14.2409,14.4501,263400
2019-03-26,14.3864,14.5047,14.2228,14.4501,205800
2019-03-27,14.4319,14.5683,14.1955,14.4592,261500
2019-03-28,14.2676,14.2676,13.8206,13.848,344600
2019-03-29,13.9301,13.9301,13.6655,13.6929,374000
2019-04-01,13.6929,13.7659,13.2824,13.5378,369400
2019-04-02,13.5561,13.9392,13.5561,13.8571,369600
2019-04-03,13.8754,13.921,13.6655,13.775,344400
2019-04-04,13.6473,13.9483,13.5105,13.9392,264800
2019-04-05,13.8936,14.0304,13.8662,14.0031,169600
2019-04-08,14.1582,14.222,13.8662,13.9575,166600
2019-04-09,14.0304,14.222,13.9666,14.0943,227900
2019-04-10,14.0943,14.1308,13.8571,13.8845,142300
2019-04-11,13.8115,13.848,13.5652,13.6747,285700
2019-04-12,13.5104,13.5287,13.3006,13.4557,180300
2019-04-15,13.8115,14.1034,13.5287,13.9939,512300
2019-04-16,13.8389,13.9575,13.7066,13.7385,294200
2019-04-17,13.7203,13.7476,13.401,13.5378,382200
2019-04-18,13.5104,13.6929,13.4329,13.4557,254400
2019-04-22,13.4557,13.5834,13.3827,13.3827,211000
2019-04-23,13.3371,13.4557,13.0908,13.1091,351200
2019-04-24,13.1182,13.7385,13.0817,13.5652,529800
2019-04-25,13.5926,13.9939,13.5926,13.7841,614200
2019-04-26,13.8571,14.1217,13.7932,13.9757,352700
2019-04-29,13.9666,14.0669,13.6017,13.7111,328600
2019-04-30,13.7111,13.9483,13.702,13.8115,237300
2019-05-01,13.8115,13.8571,12.4431,12.6164,948000
2019-05-02,12.4431,12.5617,12.2789,12.4157,448600
2019-05-03,12.507,12.507,12.0782,12.1968,435300
2019-05-06,12.1238,12.3519,12.0326,12.1694,277800
2019-05-07,12.1786,12.2972,11.9687,12.2151,655700
2019-05-08,12.2789,12.3519,11.9049,12.0417,380800
2019-05-09,12.0417,12.2151,11.9596,12.0235,288400
2019-05-10,12.0326,12.1421,11.914,11.9779,229300
2019-05-13,12.1147,12.6985,12.0509,12.6073,454300
2019-05-14,12.5982,12.6073,12.3519,12.4796,328400
2019-05-15,12.507,12.6529,12.3154,12.3884,249100
2019-05-16,12.3336,12.3336,12.0417,12.1512,253400
2019-05-17,12.1603,12.2515,12.0144,12.2333,228100
2019-05-21,12.2333,12.3245,12.1238,12.3063,352100
2019-05-22,12.2151,12.3701,12.0144,12.06,347700
2019-05-23,12.1421,12.4249,12.1056,12.1147,446200
2019-05-24,12.1238,12.1421,11.914,12.06,327900
2019-05-27,12.0508,12.0873,11.987,11.987,45900
2019-05-28,11.9596,12.2515,11.9596,12.1694,387200
2019-05-29,12.1968,12.3701,12.1421,12.1512,252300
2019-05-30,12.1786,12.4979,12.0782,12.4066,302100
2019-05-31,12.6256,12.954,12.5617,12.8445,329800
2019-06-03,13.0087,13.1684,12.8992,13.0634,337100
2019-06-04,12.9722,13.2185,12.9266,13.1364,322300
2019-06-05,13.255,13.3919,12.9813,13.1182,352100
2019-06-06,13.1364,13.1364,12.9403,13.0543,207500
2019-06-07,13.0999,13.1912,12.6803,12.7533,326500
2019-06-10,12.5708,12.6438,12.2972,12.4796,449600
2019-06-11,12.434,12.4796,12.2151,12.361,357600
2019-06-12,12.361,12.434,12.1877,12.288,529400
2019-06-13,12.3154,12.6621,12.3063,12.5343,455600
2019-06-14,12.6712,12.9905,12.5891,12.7168,550400
2019-06-17,12.7715,13.182,12.7715,13.0543,529900
2019-06-18,13.1364,13.2368,12.9631,13.1729,494300
2019-06-19,13.1091,13.3371,13.0452,13.2003,298400
2019-06-20,13.4831,13.775,13.3554,13.4557,411200
2019-06-21,13.474,13.5652,13.2915,13.4831,357800
2019-06-24,13.5652,13.7932,13.4648,13.7476,365300
2019-06-25,13.1364,13.3919,12.9449,13.0178,1452800
2019-06-26,12.8719,13.027,12.8354,12.8719,543700
2019-06-27,12.8169,12.8719,12.3134,12.4416,868000
2019-06-28,12.4599,12.5148,12.2768,12.4965,638200
2019-07-02,12.3684,12.6888,12.2951,12.6064,516500
2019-07-03,12.6522,12.6888,12.3867,12.4233,414700
2019-07-04,12.3867,12.4233,12.3226,12.4141,121700
2019-07-05,12.3409,12.4233,11.9747,12.3592,654200
2019-07-08,12.2768,12.3958,12.2219,12.2402,255600
2019-07-09,12.2402,12.3317,12.1853,12.286,278900
2019-07-10,12.3867,12.5057,12.3409,12.4141,395200
2019-07-11,12.4233,12.4782,12.3226,12.3684,398300
2019-07-12,12.4141,12.8581,12.3684,12.7346,641800
2019-07-15,12.762,12.8627,12.6155,12.762,422500
2019-07-16,12.6613,12.936,12.5606,12.8169,367700
2019-07-17,12.8627,13.1831,12.8627,13.1374,495800
2019-07-18,13.1191,13.8698,13.0733,13.7782,1115200
2019-07-19,13.7324,13.943,13.5677,13.7874,922300
2019-07-22,13.8331,14.181,13.8331,13.9888,541400
2019-07-23,13.9888,14.4099,13.9888,14.0895,619100
2019-07-24,14.1627,14.6662,14.1536,14.5289,636500
2019-07-25,14.4648,14.5564,14.3275,14.3916,476100
2019-07-26,14.4374,14.6113,14.3,14.4831,1734400
2019-07-29,14.5198,14.7029,14.3733,14.6937,432700
2019-07-30,14.6846,15.005,14.6662,14.7486,368900
2019-07-31,14.6846,14.7853,14.2268,14.2543,817100
2019-08-01,14.0712,14.6846,13.8515,14.6388,1164900
2019-08-02,14.5655,14.8036,14.4831,14.6205,382200
2019-08-06,15.3895,15.7191,14.7944,14.9226,1153200
2019-08-07,15.3803,15.5634,15.0416,15.124,1034400
2019-08-08,15.0324,15.4261,14.95,15.2339,717900
2019-08-09,15.2522,15.5543,15.1789,15.3529,632400
2019-08-12,15.5177,15.6092,15.2796,15.2888,501300
2019-08-13,15.4444,15.481,14.5198,14.9409,608300
2019-08-14,15.1423,15.2613,14.7303,14.7486,337800
2019-08-15,14.712,15.0691,14.5564,14.9317,275900
2019-08-16,14.8127,15.005,14.6846,14.7395,293300
2019-08-19,14.5015,14.9592,14.4099,14.7761,324000
2019-08-20,14.831,15.2796,14.8036,15.1881,348000
2019-08-21,15.0691,15.1515,14.831,15.0691,332700
2019-08-22,14.9592,15.0691,14.8219,14.9867,910500
2019-08-23,15.5817,15.6367,15.5085,15.536,650200
2019-08-26,15.5817,15.5909,15.2155,15.3712,440800
2019-08-27,15.3895,15.8381,15.3346,15.7557,781800
2019-08-28,15.8198,15.9846,15.536,15.7374,305400
2019-08-29,15.7465,15.7465,15.2979,15.5268,449800
2019-08-30,15.417,15.6458,15.2796,15.5268,260400
2019-09-03,15.7191,15.9205,15.6001,15.8747,562500
2019-09-04,15.9113,15.9937,15.7053,15.9205,411800
2019-09-05,15.5817,15.6916,15.1286,15.4627,462700
2019-09-06,15.4993,15.6824,15.1606,15.1789,491200
2019-09-09,15.2064,15.3803,14.6846,14.7303,449800
2019-09-10,14.712,14.9775,14.5472,14.6754,380800
2019-09-11,14.712,14.9684,14.6022,14.7212,332800
2019-09-12,15.005,15.0874,14.3458,14.3824,454700
2019-09-13,14.4557,14.5564,13.9979,14.0162,509400
2019-09-16,14.8127,14.8127,14.0346,14.3733,499200
2019-09-17,14.4648,14.5564,14.2726,14.5106,363800
2019-09-18,14.474,14.6846,14.1444,14.3092,714400
2019-09-19,14.4557,14.6479,14.3733,14.593,267800
2019-09-20,14.6296,14.8951,14.3458,14.886,568800
2019-09-23,14.7486,14.886,13.3571,13.4029,2334800
2019-09-24,13.1008,13.1282,12.6155,12.8169,1465900
2019-09-25,12.7895,12.9268,12.35,12.4507,713700
2019-09-26,12.4782,12.7071,12.1486,12.1761,475900
2019-09-27,12.0658,12.1669,11.6891,11.7901,624500
2019-09-30,11.5788,11.6799,11.1836,11.3123,623300
2019-10-01,11.3123,11.6799,11.2296,11.349,724500
2019-10-02,11.5696,11.7809,11.5053,11.6982,454700
2019-10-03,11.6982,11.8637,11.588,11.6431,697600
2019-10-04,11.6339,11.9555,11.588,11.8545,347900
2019-10-07,11.8453,11.8545,11.5512,11.6063,288100
2019-10-08,11.7074,11.7718,11.3582,11.6615,504800
2019-10-09,11.6615,11.7442,11.3674,11.4226,494400
2019-10-10,11.4317,11.4777,11.1469,11.3582,371300
2019-10-11,11.2571,11.2939,11.055,11.1377,369200
2019-10-15,11.3674,11.4042,11.0366,11.055,399500
2019-10-16,11.1561,11.2571,11.0182,11.2388,249400
2019-10-17,11.2204,11.5236,11.1836,11.3858,313600
2019-10-18,11.3766,11.4777,11.3123,11.395,144700
2019-10-21,11.4317,11.4593,11.1193,11.248,319100
2019-10-22,11.2663,11.2755,11.0917,11.2571,416400
2019-10-23,11.2847,11.4134,11.2663,11.3215,285700
2019-10-24,11.349,11.5604,11.3307,11.5328,379400
2019-10-25,11.7166,11.8545,11.4134,11.4869,564600
2019-10-28,11.4777,11.4961,11.3582,11.4042,188900
2019-10-29,11.3582,11.6063,11.2755,11.5236,244100
2019-10-30,11.5328,11.6247,11.4042,11.6247,275600
2019-10-31,11.7534,11.9464,11.6799,11.9096,417500
2019-11-01,11.882,12.0107,11.781,11.882,310700
2019-11-04,11.882,11.9372,11.7074,11.7626,214400
2019-11-05,11.4593,11.4961,11.0642,11.1744,448900
2019-11-06,11.2112,11.2755,10.9906,11.0182,475100
2019-11-07,10.5679,10.8436,10.1039,10.2279,1071900
2019-11-08,10.2004,10.522,10.2004,10.3106,543700
2019-11-11,10.3566,10.4577,10.1406,10.2279,285000
2019-11-12,10.2187,10.4577,10.2004,10.4485,336300
2019-11-13,10.5128,10.6506,10.4668,10.5128,368900
2019-11-14,10.522,10.5955,10.4301,10.4852,277600
2019-11-15,10.4117,10.5587,10.3979,10.4117,212500
2019-11-18,10.4117,10.522,10.3014,10.4301,228200
2019-11-19,10.4117,10.8528,10.375,10.8344,633600
2019-11-20,10.8528,11.0642,10.7977,10.8804,422900
2019-11-21,10.9355,11.009,10.6231,10.6874,403500
2019-11-22,10.6782,10.6782,10.3658,10.3933,468000
2019-11-25,10.3382,10.6369,10.2095,10.5128,612500
2019-11-26,10.5128,10.6506,10.4485,10.5955,414900
2019-11-27,10.522,10.5496,10.3658,10.476,297500
2019-11-28,10.476,10.6047,10.4485,10.5679,102800
2019-11-29,10.522,10.7701,10.5128,10.7333,231800
2019-12-02,10.7425,10.9355,10.6874,10.715,907700
2019-12-03,10.8528,11.1974,10.7977,10.9631,459100
2019-12-04,10.9539,10.9631,10.6966,10.7517,320800
2019-12-05,10.6782,10.8161,10.5679,10.6874,376500
2019-12-06,10.5771,10.7609,10.476,10.5496,318500
2019-12-09,10.5496,10.5863,10.4209,10.4852,343200
2019-12-10,10.522,10.5587,10.2922,10.4209,471800
2019-12-11,10.4209,10.7425,10.3933,10.6506,682200
2019-12-12,10.7609,10.8161,10.5312,10.5955,645400
2019-12-13,10.5863,11.0825,10.5863,10.9815,864200
2019-12-16,10.9998,10.9998,10.7333,10.7977,662800
2019-12-17,10.8252,10.9998,10.816,10.8804,645400
2019-12-18,10.8436,10.9355,10.8161,10.9079,314400
2019-12-19,10.9447,11.055,10.9079,10.9447,501600
2019-12-20,10.9355,10.9723,10.7425,10.8069,1211100
2019-12-23,10.8344,11.4134,10.8344,11.395,466900
2019-12-24,11.4685,11.6431,11.4317,11.5236,423400
2019-12-27,11.8728,11.9372,11.5328,11.5604,439300
2019-12-30,11.5789,11.7449,11.4958,11.7172,298000
2019-12-31,11.7726,11.7726,11.6065,11.6434,273400
2020-01-02,11.8003,11.8556,11.5604,11.625,316100
2020-01-03,11.7634,11.8464,11.505,11.5327,382300
2020-01-06,11.7357,11.7634,11.3297,11.4497,481300
2020-01-07,11.4589,11.9018,11.3943,11.8925,509800
2020-01-08,11.828,11.8556,11.1083,11.136,550000
2020-01-09,11.0991,11.3574,11.0806,11.2836,323100
2020-01-10,11.3113,11.422,11.1729,11.3205,301300
2020-01-13,11.2559,11.2559,11.0068,11.0068,238500
2020-01-14,10.9884,11.1637,10.8777,11.1637,364300
2020-01-15,11.2006,11.3759,11.0899,11.3482,482000
2020-01-16,11.3113,11.4589,11.2467,11.3943,248300
2020-01-17,11.4405,11.5512,11.3297,11.4405,270700
2020-01-20,11.4405,11.5327,11.4405,11.4589,81300
2020-01-21,11.4128,11.7357,11.2283,11.7357,598100
2020-01-22,11.7265,11.828,11.4774,11.5143,317400
2020-01-23,11.4589,11.7726,11.422,11.5973,219800
2020-01-24,11.6158,11.8187,11.5604,11.7634,198200
2020-01-27,11.9664,12.0033,11.6065,11.7265,245000
2020-01-28,11.8095,12.0863,11.4681,11.5327,472500
2020-01-29,11.5696,11.9479,11.4774,11.8464,374900
2020-01-30,11.8464,12.0402,11.708,11.8741,454100
2020-01-31,11.911,12.2339,11.8741,12.1786,775600
2020-02-03,12.1417,12.1509,11.6527,11.8095,634300
2020-02-04,11.625,11.6711,11.4497,11.625,726800
2020-02-05,11.6158,11.708,11.4405,11.4774,450500
2020-02-06,11.5327,11.8833,11.4681,11.8556,298600
2020-02-07,11.911,12.0309,11.7265,11.8095,321500
2020-02-10,11.8556,12.0863,11.7726,11.9664,257000
2020-02-11,11.9664,12.6399,11.9479,12.6214,2267400
2020-02-12,12.5753,12.5845,11.9756,11.9756,589300
2020-02-13,12.0309,12.4,11.9756,12.3815,551600
2020-02-14,12.3446,12.6214,12.3169,12.5845,570700
2020-02-18,12.7044,12.8336,12.5845,12.7506,404800
2020-02-19,12.8336,12.9997,12.5568,12.9628,490000
2020-02-20,12.8336,13.1658,12.1878,12.8336,1347300
2020-02-21,12.9074,12.972,12.4461,12.7229,731500
2020-02-24,13.2119,13.2303,12.3538,12.5291,816300
2020-02-25,12.3354,12.5937,11.9018,11.9387,895500
2020-02-26,11.8003,12.0955,11.625,11.9664,495100
2020-02-27,12.0309,12.0402,11.0899,11.0991,697400
2020-02-28,10.6101,10.6655,10.0104,10.1765,1747300
2020-03-02,10.4071,10.4717,10.0473,10.361,858300
2020-03-03,10.4994,11.2098,10.3702,10.7946,1256100
2020-03-04,10.8315,10.8869,10.5178,10.7946,635400
2020-03-05,10.933,11.0714,10.7854,11.0253,883100
2020-03-06,10.9515,11.0068,10.3979,10.7024,880400
2020-03-09,10.1396,10.3979,9.55832,9.82588,814300
2020-03-10,9.99195,10.0658,9.35534,9.85356,808500
2020-03-11,9.68748,9.91814,9.07856,9.09701,773300
2020-03-12,8.32201,8.66338,7.65773,7.85148,1397000
2020-03-13,7.98987,8.09136,6.6982,6.78124,1957000
2020-03-16,5.85862,8.02677,5.85862,7.69463,1562700
2020-03-17,7.71308,9.98272,7.68541,9.91814,2227400
2020-03-18,9.60445,10.2134,8.9863,9.13392,1317800
2020-03-19,9.21695,10.4994,7.84225,9.33689,1405600
2020-03-20,9.49374,9.54909,8.50653,8.73719,1301400
2020-03-23,8.82023,9.77975,8.34969,9.3738,1030200
2020-03-24,10.1488,10.2503,9.22618,9.59522,1663500
2020-03-25,9.36457,10.7854,9.31844,10.5547,1241500
2020-03-26,10.4625,11.1821,9.95505,10.4533,789200
2020-03-27,10.2134,10.5271,9.18927,9.31844,896600
2020-03-30,9.55024,10.3013,9.27208,9.68932,923700
2020-03-31,9.75423,10.3106,9.40189,9.73568,1045400
2020-04-01,9.74496,10.0417,9.49461,9.8284,605600
2020-04-02,9.93967,10.4311,9.93967,10.1251,589100
2020-04-03,10.1344,10.2735,9.74496,9.89331,402700
2020-04-06,10.2364,10.5609,10.0324,10.2735,709000
2020-04-07,10.3291,10.3847,10.0324,10.1715,398500
2020-04-08,10.1622,10.4218,9.89331,9.90258,372400
2020-04-09,10.3013,10.9225,10.1993,10.6536,1385800
2020-04-13,10.6629,11.1821,10.0602,11.043,1419600
2020-04-14,11.1172,11.5159,10.6443,11.0152,1685700
2020-04-15,10.8391,11.145,10.5609,11.0709,780300
2020-04-16,11.1265,11.2841,10.8391,11.1265,1315200
2020-04-17,10.8576,11.0523,10.6351,10.7742,732800
2020-04-20,10.7927,11.3027,10.7556,11.1172,1018700
2020-04-21,10.7742,11.1358,10.7185,11.0152,858800
2020-04-22,11.247,11.8775,11.247,11.8683,1109000
2020-04-23,12.0073,12.8418,11.8683,12.1279,1112400
2020-04-24,12.369,12.4709,11.655,12.1001,927700
2020-04-27,12.0815,12.2391,11.6828,12.1372,622100
2020-04-28,12.1093,12.304,11.8404,12.063,511100
2020-04-29,11.9424,12.3226,11.9053,12.2299,758000
2020-04-30,12.1186,12.3133,11.7848,11.7848,631300
2020-05-01,11.6643,12.267,11.5159,12.2021,663300
2020-05-04,12.369,12.5915,12.0583,12.2577,393000
2020-05-05,12.1557,12.3319,11.9424,12.2391,398200
2020-05-06,12.2113,12.2299,11.9703,12.0537,391000
2020-05-07,12.1279,12.4617,11.9517,12.369,446100
2020-05-08,12.3411,12.6378,12.2577,12.3504,594100
2020-05-11,12.4246,12.4709,11.961,12.1557,430100
2020-05-12,12.2391,12.7862,12.2299,12.4709,573500
2020-05-13,12.4617,12.5637,11.7848,11.9424,629600
2020-05-14,11.8775,12.61,11.8775,12.5173,564200
2020-05-15,12.9716,13.667,12.814,13.4816,803800
2020-05-19,13.3054,13.7134,12.9531,13.6763,718400
2020-05-20,13.7412,13.871,13.2962,13.4723,737700
2020-05-21,13.1664,13.2869,12.9067,13.1571,405400
2020-05-22,13.2776,13.6578,13.2034,13.3889,352500
2020-05-25,13.222,13.5558,13.1664,13.5094,137900
2020-05-26,13.2869,13.2869,12.4153,12.4617,580700
2020-05-27,12.0537,12.5544,12.0537,12.5173,813400
2020-05-28,12.7584,12.9624,12.3968,12.508,356500
2020-05-29,12.5729,12.9346,12.508,12.6657,1217900
2020-06-01,12.6842,12.814,12.4617,12.6657,341000
2020-06-02,12.6842,12.7213,11.9981,12.1093,547900
2020-06-03,11.8312,11.961,11.4788,11.5716,745100
2020-06-04,11.6828,12.0352,11.6272,11.8683,393700
2020-06-05,11.4603,11.6921,11.247,11.655,587300
2020-06-08,11.9239,11.9239,11.5066,11.7106,260400
2020-06-09,11.8497,12.063,11.5994,11.6921,383400
2020-06-10,11.859,11.9981,11.3583,11.9517,614900
2020-06-11,12.0444,12.0908,11.3676,11.5066,685500
2020-06-12,11.6828,11.7106,11.1265,11.2656,518500
2020-06-15,10.9781,11.7755,10.8576,11.7385,578300
2020-06-16,11.8034,11.8868,11.4047,11.4232,329000
2020-06-17,11.451,11.655,11.3954,11.5252,225000
2020-06-18,11.4696,11.6179,11.2517,11.2748,287500
2020-06-19,11.3954,12.1279,11.3768,11.8868,1087800
2020-06-22,12.0722,12.5173,11.9517,12.1557,593700
2020-06-23,12.2948,12.508,12.2021,12.3968,420700
2020-06-24,12.304,12.508,11.9424,12.1928,470400
2020-06-25,12.165,12.3875,12.0166,12.3597,268000
2020-06-26,12.2391,12.304,11.8034,12.2762,452200
2020-06-29,12.3321,12.3879,12.1087,12.2948,639900
2020-06-30,12.2762,12.6951,12.1366,12.6206,702600
2020-07-02,12.5927,12.844,12.4624,12.5741,431700
2020-07-03,12.5648,12.6113,12.3879,12.6113,82100
2020-07-06,12.6858,13.1697,12.6858,13.0394,591300
2020-07-07,13.0301,13.4815,12.9557,13.4303,603200
2020-07-08,13.6723,13.7654,13.4117,13.5141,644100
2020-07-09,13.5327,13.6165,13.0767,13.6072,464100
2020-07-10,13.6816,13.6909,13.3186,13.3838,399200
2020-07-13,13.5234,13.7375,13.0115,13.0394,711300
2020-07-14,12.9464,13.4862,12.8254,13.4769,513500
2020-07-15,13.4396,13.7375,13.179,13.7282,460600
2020-07-16,13.663,13.9143,13.3652,13.4117,645400
2020-07-17,13.5513,13.7654,13.4396,13.6165,451300
2020-07-20,13.7282,14.1377,13.7282,13.9981,808900
2020-07-21,14.2959,14.4262,13.9003,14.2866,615200
2020-07-22,14.4262,14.6403,14.2308,14.2866,707900
2020-07-23,14.3052,14.4076,13.8026,13.9701,689600
2020-07-24,14.1005,14.2866,14.0167,14.268,338900
2020-07-27,14.7147,14.8823,14.5193,14.724,533000
2020-07-28,14.51,15.1289,14.4262,14.8357,505400
2020-07-29,14.9195,14.9288,14.2959,14.5937,637600
2020-07-30,14.3238,14.5565,14.0353,14.2494,444400
2020-07-31,14.4727,14.631,14.2959,14.6123,479900
2020-08-04,14.482,15.2732,14.2587,15.2732,883900
2020-08-05,15.6454,15.6827,15.0777,15.4128,601000
2020-08-06,15.7292,15.7385,14.4169,14.724,1435200
2020-08-07,14.5658,14.6123,14.1935,14.3517,699900
2020-08-10,14.4727,14.8357,14.1842,14.1935,683200
2020-08-11,13.421,13.8864,13.3745,13.6444,991000
2020-08-12,13.8305,13.9608,13.2814,13.3093,735700
2020-08-13,13.5234,13.7933,13.3745,13.6909,509500
2020-08-14,13.5886,13.6723,13.2256,13.4955,390300
2020-08-17,13.8957,14.3704,13.8119,14.3704,725300
2020-08-18,14.6589,14.7333,14.2587,14.4448,588800
2020-08-19,14.3331,14.4355,13.9981,14.1098,469700
2020-08-20,14.1284,14.6403,14.1284,14.4541,398000
2020-08-21,14.3611,14.3611,14.0539,14.147,447500
2020-08-24,14.2494,14.3704,14.0632,14.1749,297700
2020-08-25,14.1377,14.2028,13.8492,14.1004,350700
2020-08-26,13.9515,14.5193,13.905,14.4076,536000
2020-08-27,14.6217,14.6217,14.0446,14.2587,622700
2020-08-28,14.3704,14.7659,14.3424,14.7333,444300
2020-08-31,14.724,15.0684,14.6682,14.8916,431800
2020-09-01,15.1708,15.1801,14.6682,14.8357,740900
2020-09-02,14.6868,14.7892,14.3145,14.7799,487700
2020-09-03,14.6868,14.8823,14.3936,14.8357,495400
2020-09-04,14.7426,14.8171,14.0725,14.3611,753000
2020-09-08,14.1191,14.7613,14.026,14.5193,476100
2020-09-09,14.6496,15.2545,14.6496,15.2452,505800
2020-09-10,15.3197,15.4919,15.1987,15.3476,763300
2020-09-11,15.3476,15.7478,15.3197,15.5896,1001800
2020-09-14,15.7385,16.2877,15.7292,15.9433,1107400
2020-09-15,16.1201,16.1853,15.8223,16.055,603000
2020-09-16,16.1946,16.2225,15.9247,16.1015,489300
2020-09-17,15.813,16.148,15.6827,16.0829,789700
2020-09-18,16.1108,16.2783,15.9526,15.9526,1129700
2020-09-21,15.692,15.9433,15.4872,15.571,1235900
2020-09-22,15.571,15.7106,15.2918,15.3569,580000
2020-09-23,15.0963,15.1894,14.2121,14.3145,787800
2020-09-24,14.1842,14.6961,14.0353,14.6496,807000
2020-09-25,14.5007,14.6449,14.2866,14.5937,403000
2020-09-28,14.6775,14.7799,14.4169,14.724,570300
2020-09-29,14.7894,14.9995,14.7147,14.8734,408700
2020-09-30,14.7707,14.9014,14.6027,14.7054,404500
2020-10-01,14.8081,15.0602,14.6493,14.8267,402700
2020-10-02,14.752,14.8921,14.5373,14.612,417500
2020-10-05,14.64,15.0602,14.64,14.752,710300
2020-10-06,15.2282,15.9005,14.9481,14.9668,1028600
2020-10-07,15.1162,15.1348,14.584,14.612,718000
2020-10-08,14.7054,14.8454,14.5373,14.7334,388300
2020-10-09,14.9481,15.3776,14.9248,15.3589,635200
2020-10-13,15.2095,15.2095,14.4439,14.9761,672800
2020-10-14,15.1162,15.3963,14.9995,15.2656,411500
2020-10-15,15.1068,15.3309,15.0321,15.1722,316100
2020-10-16,15.1909,15.1909,14.752,14.8081,302600
2020-10-19,14.9388,14.9388,14.5466,14.5746,768300
2020-10-20,14.556,14.6774,14.3879,14.5746,584000
2020-10-21,14.696,15.0041,14.6493,14.9201,356300
2020-10-22,14.752,14.9108,14.556,14.7894,334400
2020-10-23,14.7801,14.8454,14.6027,14.6307,271800
2020-10-26,14.528,14.9761,14.528,14.6027,276300
2020-10-27,14.6587,14.8641,14.5,14.8454,407600
2020-10-28,14.4813,14.5653,13.6877,13.7343,621800
2020-10-29,13.6503,13.9678,13.5663,13.8464,351600
2020-10-30,13.9864,14.0798,13.5196,13.9117,439800
2020-11-02,14.4066,14.4533,13.9631,14.3972,541500
2020-11-03,14.6213,14.6213,14.2759,14.3692,364400
2020-11-04,14.4346,14.4533,13.9584,14.0891,573700
2020-11-05,14.5186,15.0228,14.4346,14.9388,719100
2020-11-06,15.0041,15.1722,14.752,15.1068,851800
2020-11-09,14.0425,14.3272,13.8931,14.1545,822100
2020-11-10,14.4813,14.4813,13.655,13.7063,578700
2020-11-11,13.7624,13.7997,13.5569,13.6877,437100
2020-11-12,13.9678,14.2945,13.837,14.0518,540600
2020-11-13,14.2852,14.2852,13.9584,14.0331,223700
2020-11-16,13.9211,14.0144,13.6737,13.697,453100
2020-11-17,13.5943,13.7624,13.5009,13.6503,327800
2020-11-18,13.5943,13.5943,13.1648,13.1928,414500
2020-11-19,13.1555,13.2208,12.9127,13.0341,453100
2020-11-20,13.1741,13.4449,13.1648,13.3142,592500
2020-11-23,13.1461,13.1835,12.74,12.9407,427400
2020-11-24,12.5953,12.8754,12.5672,12.7166,506400
2020-11-25,12.7727,13.0247,12.6139,12.8193,314300
2020-11-26,12.9314,13.0901,12.866,13.0901,143900
2020-11-27,12.7446,13.0994,12.67,13.0714,257700
2020-11-30,13.0154,13.2021,12.824,13.1741,661400
2020-12-01,13.5756,13.5849,13.1368,13.5196,547000
2020-12-02,13.5756,13.6596,13.4262,13.5663,315800
2020-12-03,13.7437,13.7437,13.3795,13.4262,337800
2020-12-04,13.4076,13.5103,13.2021,13.2768,286200
2020-12-07,13.2582,13.9771,13.2582,13.837,460200
2020-12-08,13.8744,13.9351,13.7343,13.8837,278900
2020-12-09,13.7437,13.781,13.3235,13.5103,347000
2020-12-10,13.5663,13.753,13.2862,13.3609,266700
2020-12-11,13.3889,13.5009,13.2208,13.4262,286300
2020-12-14,13.8557,14.1825,13.4169,13.4262,700800
2020-12-15,13.809,13.9584,13.5896,13.8184,499100
2020-12-16,13.9491,14.1358,13.7437,14.0144,375900
2020-12-17,14.2572,14.724,14.2572,14.6867,628300
2020-12-18,14.7147,14.7894,14.3506,14.4253,581600
2020-12-21,14.4533,14.8174,14.3972,14.7427,513700
2020-12-22,14.8081,14.8641,14.4673,14.6493,463200
2020-12-23,14.7427,14.8734,14.5653,14.6493,294900
2020-12-24,14.6027,14.9108,14.4999,14.7987,227900
2020-12-29,14.7707,14.8081,14.3786,14.4906,584900
2020-12-30,14.6405,15.3805,14.6218,15.3617,620500
2020-12-31,15.3711,15.4741,15.0714,15.1088,378000
2021-01-04,15.6896,15.8394,15.2119,15.7645,781000
2021-01-05,15.9331,15.9706,15.4929,15.7739,392400
2021-01-06,15.8113,16.0736,15.6053,15.8582,611600
2021-01-07,15.9238,15.9612,15.5397,15.7551,458400
2021-01-08,15.4554,15.4741,14.8747,15.0995,825700
2021-01-11,14.9871,15.1182,14.8559,14.9402,376700
2021-01-12,14.9683,14.9683,14.5468,14.6967,516300
2021-01-13,14.7529,14.7623,14.4906,14.5374,345000
2021-01-14,14.5187,14.6873,14.425,14.4812,335300
2021-01-15,14.5562,14.5656,14.0878,14.1253,522200
2021-01-18,14.144,14.3407,14.1253,14.1909,169000
2021-01-19,14.2471,14.3126,14.041,14.1347,314400
2021-01-20,14.2564,14.5,14.1909,14.4157,291000
2021-01-21,14.4063,14.4063,14.0878,14.2845,423400
2021-01-22,14.0597,14.3126,13.7694,14.2283,353900
2021-01-25,14.2939,14.3407,13.8818,14.0129,354300
2021-01-26,13.9848,14.1721,13.8068,14.0597,548200
2021-01-27,13.9192,13.9286,13.3198,13.376,793700
2021-01-28,13.7319,14.1815,13.376,13.7413,830600
2021-01-29,14.0785,14.0785,13.2823,13.3853,1128300
2021-02-01,13.9754,14.1253,13.5352,14.0878,783500
2021-02-02,13.76,13.76,13.4275,13.479,490600
2021-02-03,13.5165,13.5633,13.376,13.4134,275200
2021-02-04,13.2261,13.2261,12.8233,12.9263,677100
2021-02-05,13.0575,13.123,12.842,13.1137,399000
2021-02-08,13.2542,13.5633,13.198,13.4603,566000
2021-02-09,13.5352,13.5352,13.2354,13.3385,357100
2021-02-10,13.479,13.479,13.1886,13.3479,258300
2021-02-11,13.3572,13.3853,12.9357,13.0575,396900
2021-02-12,13.0949,13.5118,12.8608,13.4884,482500
2021-02-16,13.2916,13.7787,13.1511,13.6851,552900
2021-02-17,13.6195,13.6195,13.1839,13.3104,563300
2021-02-18,13.301,13.3947,13.0294,13.1886,489900
2021-02-19,13.2261,13.2635,12.9544,13.1137,354300
2021-02-22,13.2636,13.5305,13.198,13.4696,479100
2021-02-23,13.3666,13.3947,12.8514,13.0856,392100
2021-02-24,12.9638,13.3104,12.8233,13.198,232000
2021-02-25,12.917,13.0013,12.1302,12.2332,936300
2021-02-26,12.1114,12.1302,11.6337,11.896,926300
2021-03-01,11.9803,12.0927,11.6056,11.7086,479900
2021-03-02,11.7461,12.636,11.7086,12.5517,777300
2021-03-03,12.3081,12.4486,11.9615,12.4205,682000
2021-03-04,12.3737,12.5236,12.1583,12.28,560100
2021-03-05,12.2707,12.739,12.1583,12.7296,681300
2021-03-08,12.6547,12.7484,12.5329,12.636,379700
2021-03-09,12.9544,13.1137,12.7577,12.7952,396200
2021-03-10,12.8514,13.123,12.739,13.0481,325200
2021-03-11,13.1511,13.3385,13.0668,13.123,232100
2021-03-12,12.8982,13.2167,12.8795,13.1699,254100
2021-03-15,13.1324,13.3666,13.1043,13.2823,230900
2021-03-16,13.2917,13.3198,13.1043,13.1605,289000
2021-03-17,13.0668,13.5539,13.02,13.4041,381800
2021-03-18,13.2167,13.4884,13.0856,13.3291,334700
2021-03-19,13.3947,13.5446,13.2448,13.5165,396300
2021-03-22,13.4509,13.6195,13.4509,13.5633,171700
2021-03-23,13.4884,13.5633,13.198,13.2167,218100
2021-03-24,13.2261,13.2682,12.9544,13.0013,253700
2021-03-25,12.9919,13.0668,12.7484,12.9451,224900
2021-03-26,12.9076,13.2635,12.8889,13.2448,317700
2021-03-29,13.123,13.2261,12.917,13.1418,217100
2021-03-30,12.9068,12.9867,12.7282,12.7658,299700
2021-03-31,12.794,13.1888,12.7846,13.0102,354300
2021-04-01,13.1794,13.5319,13.1794,13.5272,226500
2021-04-05,13.546,13.6494,13.358,13.4614,261500
2021-04-06,13.6306,14.0442,13.6165,13.9784,319700
2021-04-07,13.9784,14.1382,13.8844,14.063,275800
2021-04-08,14.2322,14.2792,14.11,14.2228,370000
2021-04-09,14.0066,14.3356,13.875,14.2698,247000
2021-04-12,14.3262,14.3356,14.0724,14.1288,188800
2021-04-13,14.298,14.5048,14.2792,14.298,263700
2021-04-14,14.2886,14.3544,14.0536,14.0724,175700
2021-04-15,14.251,14.533,14.251,14.4296,430200
2021-04-16,14.5706,14.5988,14.3356,14.4578,243200
2021-04-19,14.4202,14.4202,14.2134,14.345,162600
2021-04-20,14.2228,14.5706,14.1852,14.533,234900
2021-04-21,14.5894,14.8151,14.5048,14.7681,360100
2021-04-22,14.7022,14.8151,14.5612,14.5988,244400
2021-04-23,14.7022,14.7775,14.4766,14.4954,141400
2021-04-26,14.4296,14.4578,14.2651,14.345,172400
2021-04-27,14.345,14.4108,14.0912,14.11,168200
2021-04-28,14.0348,14.3732,13.8468,14.2416,350700
2021-04-29,14.1758,14.1946,13.9502,14.0066,331700
2021-04-30,13.9784,14.1006,13.8938,13.9502,290200
2021-05-03,14.157,14.7116,14.1288,14.5894,393400
2021-05-04,14.627,14.8809,14.3638,14.4296,241800
2021-05-05,14.5048,14.5142,14.2698,14.5142,108800
2021-05-06,14.5894,15.2475,14.4578,15.1347,425300
2021-05-07,15.3039,15.7363,15.2381,15.4167,710900
2021-05-10,15.6141,15.6987,15.1065,15.1441,269000
2021-05-11,14.8715,15.5154,14.8433,15.4167,470400
2021-05-12,15.5765,15.8585,15.3415,15.4919,608700
2021-05-13,15.4825,15.8162,15.4449,15.4731,487200
2021-05-14,15.6423,15.7175,15.3885,15.6423,411100
2021-05-17,15.7739,16.1593,15.6705,16.1217,547800
2021-05-18,16.0935,16.2251,15.8115,15.9807,239900
2021-05-19,15.9431,16.2251,15.6235,15.7645,381800
2021-05-20,15.8021,15.9431,15.6893,15.8867,229100
2021-05-21,15.9431,16.0371,15.6987,15.9713,275600
2021-05-25,16.0183,16.1969,15.9431,16.1405,349500
2021-05-26,16.1969,16.4225,16.0747,16.1969,226800
2021-05-27,16.1499,16.2063,16.0089,16.0841,474800
2021-05-28,15.9431,16.2439,15.9431,16.2063,338900
2021-05-31,16.2533,16.2721,16.1593,16.1593,76800
2021-06-01,16.1969,16.4225,16.1687,16.4037,192500
2021-06-02,16.4037,16.6951,16.3003,16.5259,296600
2021-06-03,16.2157,16.4366,16.1123,16.2815,174600
2021-06-04,16.3661,16.6951,16.3661,16.6763,240200
2021-06-07,16.7891,16.8549,16.5823,16.7139,239400
2021-06-08,16.6951,16.8455,16.5729,16.6011,130700
2021-06-09,16.6105,16.7797,16.5447,16.6011,226200
2021-06-10,16.6293,16.7609,16.5353,16.7609,267300
2021-06-11,16.7327,16.7797,16.54,16.6575,222900
2021-06-14,16.4507,17.0994,16.4507,16.9959,521400
2021-06-15,16.9959,17.2545,16.8314,17.2122,300500
2021-06-16,17.2498,17.2968,16.9865,17.0053,341700
2021-06-17,16.5541,16.5635,16.1311,16.4225,386200
2021-06-18,16.5259,16.5729,16.2439,16.3285,347300
2021-06-21,16.3755,16.4977,16.2157,16.4413,149700
2021-06-22,16.4131,16.4695,16.2815,16.3285,104000
2021-06-23,16.4413,16.5541,16.1593,16.1969,295800
2021-06-24,16.2157,16.3097,16.0277,16.0935,590000
2021-06-25,16.1593,16.1593,15.8961,15.9619,188600
2021-06-28,15.9807,16.0465,15.6047,15.8021,245700
2021-06-29,15.5381,15.8398,15.491,15.7078,547600
2021-06-30,15.6795,16.0944,15.6795,16.019,892000
2021-07-02,16.1038,16.349,16.085,16.2924,452900
2021-07-05,16.3112,16.3584,16.1745,16.2358,159400
2021-07-06,16.4904,16.6601,16.0567,16.1698,1690600
2021-07-07,16.2452,16.2452,15.9435,16.0095,583000
2021-07-08,16.0378,16.0567,15.491,15.623,326700
2021-07-09,15.623,15.7361,15.5475,15.689,187300
2021-07-12,15.7267,15.9247,15.5664,15.7738,307700
2021-07-13,15.8681,16.0378,15.8304,15.8681,718100
2021-07-14,16.0284,16.1604,15.8587,16.0378,846100
2021-07-15,16.1038,16.1698,15.9152,16.019,1175500
2021-07-16,16.0095,16.0849,15.7078,15.7172,326500
2021-07-19,15.6418,15.8021,15.3401,15.5287,348400
2021-07-20,15.5947,15.8021,15.3872,15.5287,344300
2021-07-21,15.4438,15.7172,15.425,15.6418,277900
2021-07-22,15.5664,15.6512,15.2647,15.5192,202200
2021-07-23,15.5004,15.5475,15.3401,15.4155,169900
2021-07-26,15.3684,15.8115,15.3684,15.689,211800
2021-07-27,15.7172,15.7172,15.5287,15.6512,184300
2021-07-28,15.5852,15.8257,15.5852,15.7927,190800
2021-07-29,16.0095,16.0284,15.887,15.9435,542600
2021-07-30,15.8021,16.1132,15.8021,16.0378,1084600
2021-08-03,15.9341,16.1038,15.9341,16.0567,282700
2021-08-04,16.1887,16.3395,15.8964,15.9247,384100
2021-08-05,15.8964,15.8964,15.425,15.4532,282900
2021-08-06,15.2552,15.2552,14.9158,15.1044,285200
2021-08-09,14.8593,14.9724,14.5764,14.6518,361000
2021-08-10,14.4915,14.633,14.0673,14.4067,469200
2021-08-11,14.4161,14.633,14.3548,14.4444,254100
2021-08-12,14.369,14.3925,14.1615,14.3218,290400
2021-08-13,14.4538,14.7744,14.4538,14.7178,427400
2021-08-16,14.6613,14.7933,14.6141,14.7273,426900
2021-08-17,14.7084,14.7744,14.5858,14.6613,357500
2021-08-18,14.6895,14.6895,14.2841,14.4633,648900
2021-08-19,14.4538,14.4538,14.1333,14.1521,525000
2021-08-20,14.0955,14.2464,14.0295,14.1238,164900
2021-08-23,14.2935,14.4255,14.105,14.3501,284200
2021-08-24,14.4067,14.4727,14.1898,14.3501,270000
2021-08-25,14.2841,14.303,14.0767,14.2181,331900
2021-08-26,14.1427,14.369,14.0861,14.3124,179300
2021-08-27,14.2653,14.6801,14.2653,14.6235,307100
2021-08-30,14.6141,14.6613,14.237,14.3878,277100
2021-08-31,14.3973,14.6047,14.3973,14.5293,188100
2021-09-01,14.699,14.699,14.3313,14.3784,229300
2021-09-02,14.3784,14.3973,14.1898,14.2935,151800
2021-09-03,14.501,14.7555,14.4161,14.6707,323400
2021-09-07,14.6518,14.6801,14.3407,14.4067,174600
2021-09-08,14.435,14.567,14.3407,14.4727,142300
2021-09-09,14.501,14.5104,14.1993,14.3218,177100
2021-09-10,14.2841,14.3784,14.1333,14.1427,214600
2021-09-13,14.1427,14.567,14.105,14.4067,335300
2021-09-14,14.369,14.6613,14.3501,14.5104,197200
2021-09-15,14.4255,14.6424,14.4067,14.5575,167000
2021-09-16,14.303,14.3784,14.0955,14.303,476700
2021-09-17,14.237,14.3501,14.105,14.2275,694300
2021-09-20,14.1521,14.2087,13.94,14.2087,300500
2021-09-21,14.2747,14.4727,14.1427,14.2464,364900
2021-09-22,14.3407,14.5104,14.0107,14.0201,496200
2021-09-23,13.9541,13.9541,13.4544,13.511,517700
2021-09-24,13.4356,13.6524,13.3036,13.4827,365000
2021-09-27,13.4638,13.7373,13.4167,13.4638,256700
2021-09-28,13.355,13.6768,13.2793,13.5916,936500
2021-09-29,13.6957,13.7336,13.3077,13.3929,489800
2021-09-30,13.478,13.7052,13.3928,13.4686,421400
2021-10-01,13.5348,13.5443,13.2982,13.355,237000
2021-10-04,13.2887,13.4402,13.1941,13.3929,222400
2021-10-05,13.213,13.5632,13.1089,13.5632,510500
2021-10-06,13.5064,13.8945,13.497,13.8661,368200
2021-10-07,13.8661,14.0459,13.7431,13.762,190500
2021-10-08,13.9986,14.0838,13.6815,13.7431,241200
2021-10-12,13.6863,13.9324,13.62,13.9229,232300
2021-10-13,13.9986,14.3204,13.9891,14.2163,295300
2021-10-14,14.3109,14.4813,14.2021,14.4719,237600
2021-10-15,14.2163,14.5381,14.1217,14.4151,229700
2021-10-18,14.3961,14.4529,14.2636,14.3015,343400
2021-10-19,14.5192,14.5286,14.1027,14.2447,428800
2021-10-20,14.3393,14.4624,14.2258,14.3677,321500
2021-10-21,14.3488,14.5381,14.1974,14.5002,308900
2021-10-22,14.6611,15.0019,14.5286,14.557,586000
2021-10-25,14.6706,14.8504,14.576,14.7653,461900
2021-10-26,14.6706,14.8315,14.6044,14.8126,238400
2021-10-27,14.8031,15.1439,14.6801,14.983,306000
2021-10-28,15.0965,15.248,14.8978,14.983,280600
2021-10-29,14.8126,14.964,14.7558,14.7937,383500
2021-11-01,14.841,14.8599,14.6801,14.7179,189500
2021-11-02,14.6895,14.6895,14.4151,14.5002,231200
2021-11-03,14.3488,14.6328,14.1784,14.5854,573900
2021-11-04,14.8126,15.0965,14.4245,14.4529,671800
2021-11-05,14.576,14.7937,14.3772,14.7937,631200
2021-11-08,14.9735,14.9735,14.6706,14.7937,354900
2021-11-09,14.8221,14.9451,14.699,14.9167,421300
2021-11-10,15.0681,15.3805,14.9546,15.0871,790600
2021-11-11,15.371,15.8916,15.2764,15.8159,503400
2021-11-12,15.7402,16.0241,15.6644,15.9294,370200
2021-11-15,15.9389,16.185,15.8253,16.1377,334500
2021-11-16,16.1661,16.1945,16.0241,16.0525,221000
2021-11-17,16.1945,16.2229,15.8537,15.9389,231200
2021-11-18,15.9011,15.9768,15.7496,15.8159,237700
2021-11-19,15.7401,16.0052,15.7212,15.8064,308000
2021-11-22,15.4751,15.7307,15.229,15.6455,374700
2021-11-23,15.4183,15.4751,15.0871,15.248,266600
2021-11-24,15.1912,15.3616,15.0397,15.1628,284100
2021-11-25,15.2196,15.2196,15.0397,15.0681,39400
2021-11-26,15.2669,15.371,14.8788,14.9451,278700
2021-11-29,14.9546,15.0114,14.7747,14.8883,297400
2021-11-30,14.8978,15.1533,14.6895,14.7747,388900
2021-12-01,14.8315,14.8883,14.1595,14.1974,358600
2021-12-02,14.169,14.1974,13.5538,13.62,381900
2021-12-03,13.6011,13.6579,13.2603,13.6295,284900
2021-12-06,13.6768,13.904,13.355,13.8472,264900
2021-12-07,13.8566,14.1122,13.7998,14.027,245900
2021-12-08,13.9229,14.1217,13.7809,14.0838,523100
2021-12-09,13.9702,14.0365,13.6768,13.7904,430100
2021-12-10,13.9891,13.9891,13.7904,13.9324,417800
2021-12-13,13.9797,14.0459,13.8188,13.9229,315900
2021-12-14,13.7147,13.9134,13.6389,13.6579,211400
2021-12-15,13.5443,13.7147,13.3455,13.6295,336800
2021-12-16,13.8188,14.1737,13.7714,14.1311,644700
2021-12-17,14.1311,14.4056,14.1122,14.1595,427100
2021-12-20,14.1974,14.2542,13.9797,14.1784,209300
2021-12-21,14.3015,14.3961,14.2163,14.3204,172800
2021-12-22,14.2542,14.4435,14.0649,14.4245,131900
2021-12-23,14.4245,14.6422,14.3204,14.5476,164600
2021-12-24,14.576,14.6612,14.5286,14.5854,19000
2021-12-29,14.434,14.6138,14.2542,14.3772,228400
2021-12-30,14.3915,14.6479,14.3915,14.6194,168700
2021-12-31,14.6764,14.7429,14.5434,14.7049,93000
2022-01-04,14.5624,14.7334,14.363,14.4389,232800
2022-01-05,14.5149,14.7239,14.059,14.135,456600
2022-01-06,13.8975,13.9735,13.603,13.622,312100
2022-01-07,13.641,13.679,13.356,13.4985,256900
2022-01-10,13.4605,13.945,13.3845,13.945,386800
2022-01-11,13.9545,14.4104,13.7645,14.382,1397900
2022-01-12,14.4579,14.4674,14.173,14.3915,259100
2022-01-13,14.344,14.4009,14.0685,14.078,245100
2022-01-14,14.1065,14.1587,13.888,13.9355,206900
2022-01-17,14.173,14.173,13.9165,13.945,45200
2022-01-18,13.9165,13.9735,13.622,13.66,308100
2022-01-19,13.7835,14.5909,13.755,14.4864,437000
2022-01-20,14.5719,14.6859,13.9735,14.0115,397400
2022-01-21,13.9925,14.1445,13.7645,13.85,455700
2022-01-24,13.774,13.945,13.527,13.926,504900
2022-01-25,13.7835,13.9307,13.6125,13.7835,487200
2022-01-26,13.6695,13.9165,13.223,13.3465,572500
2022-01-27,13.09,13.451,13.071,13.0995,465900
2022-01-28,13.0805,13.147,12.9191,13.147,283500
2022-01-31,13.242,13.356,13.0805,13.337,250400
2022-02-01,13.432,13.584,13.3085,13.3845,196100
2022-02-02,13.413,13.7265,13.28,13.4985,312300
2022-02-03,13.375,13.565,13.1945,13.394,373500
2022-02-04,13.3085,13.5745,13.3085,13.413,220000
2022-02-07,13.489,13.869,13.4035,13.831,193000
2022-02-08,13.8405,14.344,13.8405,14.23,540600
2022-02-09,14.2585,14.401,14.1255,14.2205,212400
2022-02-10,14.211,14.4389,13.964,14.021,279000
2022-02-11,14.0685,14.8569,14.0115,14.7334,573400
2022-02-14,14.7809,15.1419,14.7714,15.0089,314000
2022-02-15,14.6384,15.0089,14.5054,14.8664,258700
2022-02-16,14.9424,15.1894,14.8949,15.1134,233200
2022-02-17,15.2274,15.4269,15.0849,15.2084,619900
2022-02-18,15.1514,15.1989,14.8379,14.9234,438400
2022-02-22,14.9709,15.1134,14.6289,14.7334,296300
2022-02-23,14.6859,15.0279,14.6194,14.9804,268700
2022-02-24,15.4934,15.5314,14.6669,14.8949,500700
2022-02-25,14.382,14.8759,14.382,14.8569,420300
2022-02-28,14.9804,15.0184,14.6574,14.8664,403800
2022-03-01,15.0089,15.8828,14.8664,15.8733,510800
2022-03-02,15.5884,15.9683,15.5599,15.8638,270800
2022-03-03,15.8733,16.1773,15.8543,16.1678,429500
2022-03-04,16.3103,16.5953,16.2818,16.5193,560500
2022-03-07,16.6523,17.0703,16.3198,17.0133,654600
2022-03-08,17.1083,17.5262,16.6333,17.0323,889200
2022-03-09,16.3293,17.1557,16.1868,17.0323,956400
2022-03-10,16.9848,17.6592,16.9278,17.5262,600200
2022-03-11,17.0798,17.5072,17.0323,17.2887,504500
2022-03-14,17.0418,17.0988,16.5098,16.6808,544900
2022-03-15,16.3293,16.9563,16.2913,16.8043,461100
2022-03-16,16.6238,16.8898,16.4623,16.8328,385100
2022-03-17,16.8613,17.2792,16.8043,16.9943,900400
2022-03-18,15.9113,16.0823,15.5979,15.7119,2296700
2022-03-21,15.7784,16.0063,15.6359,15.8258,1253100
2022-03-22,15.8543,15.8543,15.4839,15.5979,579300
2022-03-23,15.7214,15.9208,15.3936,15.8733,1159900
2022-03-24,15.9113,16.0158,15.7404,15.8163,1076000
2022-03-25,15.7024,15.8258,15.6074,15.6644,460000
2022-03-28,15.5314,15.5599,15.3319,15.3889,262600
2022-03-29,15.0849,15.4364,14.8759,15.4269,809700
2022-03-30,15.4126,15.7938,15.384,15.6413,763200
2022-03-31,15.6413,16.1465,15.6413,15.7176,1946700
2022-04-01,15.6318,16.2418,15.6318,16.2228,555400
2022-04-04,16.2037,16.3276,16.0512,16.1274,371400
2022-04-05,16.1465,16.4706,15.7843,15.8129,780100
2022-04-06,15.8034,16.0131,15.7081,15.9559,244700
2022-04-07,15.9654,16.2418,15.8987,16.2418,836700
2022-04-08,16.28,16.6517,16.2704,16.4801,238900
2022-04-11,16.7279,16.7661,16.2609,16.5754,624500
2022-04-12,16.7089,16.8709,16.4992,16.6136,535100
2022-04-13,16.7184,16.9281,16.4515,16.6612,335300
2022-04-14,16.6707,16.9567,16.5278,16.9567,420500
2022-04-18,17.0711,17.1569,16.6517,16.6803,431800
2022-04-19,16.5754,16.7375,16.4801,16.6612,307800
2022-04-20,16.6136,16.9567,16.3371,16.9567,710800
2022-04-21,16.7756,16.8137,16.0131,16.2609,395800
2022-04-22,15.994,16.3467,15.9368,16.0512,451900
2022-04-25,15.6127,15.8034,15.2696,15.527,531300
2022-04-26,15.6699,15.689,15.1838,15.2601,407300
2022-04-27,15.2982,15.3363,14.9646,14.9837,229900
2022-04-28,15.0599,15.2219,14.8788,15.2124,249800
2022-04-29,15.2791,15.3268,14.9837,15.0694,353400
2022-05-02,14.8216,14.9074,14.5452,14.8597,317700
2022-05-03,14.8121,15.2887,14.8121,15.1457,472000
2022-05-04,15.1362,15.4221,14.9837,15.384,303100
2022-05-05,15.5746,15.6413,14.7835,15.0313,357800
2022-05-06,15.0123,15.1362,14.8597,14.9741,775900
2022-05-09,14.6119,14.774,14.1735,14.2307,454800
2022-05-10,14.3832,14.488,13.7922,13.9924,391700
2022-05-11,14.04,14.345,13.8685,13.9447,431000
2022-05-12,13.7731,13.9161,12.677,13.1917,877100
2022-05-13,13.1822,13.5349,13.0011,13.1441,624200
2022-05-16,13.125,13.2584,12.9439,13.1345,495900
2022-05-17,13.3347,13.4109,13.1155,13.2203,436000
2022-05-18,13.1441,13.2394,12.8915,13.1155,272900
2022-05-19,13.4014,14.0496,13.3156,13.9352,465100
2022-05-20,13.9542,14.0686,13.7541,13.9733,367400
2022-05-24,14.1258,14.6501,14.0114,14.4975,466100
2022-05-25,14.2974,14.4022,13.9733,14.1258,330200
2022-05-26,14.0496,14.183,13.8399,14.0686,338300
2022-05-27,14.1735,14.2021,13.878,14.1068,302300
2022-05-30,14.1735,14.1735,14.021,14.0782,92500
2022-05-31,14.0591,14.1925,13.4586,13.6016,686200
2022-06-01,13.6969,13.8399,13.5349,13.7827,260400
2022-06-02,13.9257,14.469,13.8971,14.3736,392600
2022-06-03,14.2021,14.4022,14.0496,14.1068,205500
2022-06-06,14.2402,14.2974,13.9542,14.1163,258200
2022-06-07,14.0972,14.2021,13.9447,14.0972,157200
2022-06-08,14.0114,14.1925,13.8494,14.0114,332600
2022-06-09,13.9638,13.9638,13.592,13.6683,277600
2022-06-10,13.5444,14.3832,13.43,14.2974,354100
2022-06-13,13.8303,14.0114,13.4491,13.6206,550400
2022-06-14,13.6778,13.735,13.4491,13.5444,333200
2022-06-15,13.8589,13.9161,13.4109,13.6397,364600
2022-06-16,13.4491,14.0686,13.4491,14.0019,422900
2022-06-17,13.9733,14.1163,13.7827,13.8399,780600
2022-06-20,13.9638,13.9733,13.6588,13.7922,138200
2022-06-21,13.735,14.04,13.6206,13.8017,446800
2022-06-22,13.7541,14.0686,13.5158,13.592,424300
2022-06-23,13.5253,13.6492,12.982,13.0773,366000
2022-06-24,13.125,13.3252,12.9439,13.2298,266900
2022-06-27,13.2108,13.3633,13.0964,13.2584,663200
2022-06-28,13.3156,13.3442,12.982,13.0487,318500
2022-06-29,13.1492,13.1971,12.7951,13.044,319900
2022-06-30,12.9674,12.9961,12.4076,12.4219,446400
2022-07-04,12.642,12.8908,12.6324,12.8621,129100
2022-07-05,12.6994,12.7473,12.0391,12.2975,665800
2022-07-06,12.2784,12.4698,11.953,12.2592,398700
2022-07-07,12.3358,12.6803,12.2784,12.3741,368000
2022-07-08,12.4028,12.508,12.1061,12.3453,300500
2022-07-11,12.2305,12.6037,12.2305,12.3358,226600
2022-07-12,12.2975,12.4602,12.1061,12.2018,242000
2022-07-13,12.1061,12.7377,12.1061,12.5942,377300
2022-07-14,12.3262,12.4028,12.0008,12.3358,378300
2022-07-15,12.4123,12.4123,11.9817,12.1157,302100
2022-07-18,12.3166,12.4793,12.2496,12.3071,330700
2022-07-19,12.3741,12.6037,12.2975,12.441,271500
2022-07-20,12.4219,12.5176,11.9051,11.9051,446900
2022-07-21,11.9338,12.0295,11.752,11.9147,447200
2022-07-22,12.0104,12.2784,11.7042,11.7424,582700
2022-07-25,11.7329,11.7329,11.3883,11.5797,295300
2022-07-26,11.5893,12.0391,11.5893,12.02,376700
2022-07-27,12.0391,12.3453,11.8381,12.3262,394900
2022-07-28,12.6803,12.9483,12.4889,12.7281,315900
2022-07-29,12.8047,12.9483,12.5176,12.8334,195400
2022-08-02,12.91,13.0822,12.6037,12.6133,245100
2022-08-03,12.642,12.642,12.2688,12.3932,334300
2022-08-04,12.4793,12.9865,12.4219,12.7856,383100
2022-08-05,12.6133,12.7856,12.4793,12.7569,264000
2022-08-08,12.9195,13.1205,12.8621,12.9578,215800
2022-08-09,13.0344,13.1397,12.8239,13.044,259000
2022-08-10,13.0152,13.1349,12.6133,12.6612,438000
2022-08-11,12.7281,12.9578,12.6229,12.7281,215900
2022-08-12,12.7664,13.0344,12.7664,12.9291,154000
2022-08-15,12.7473,12.9004,12.6516,12.8717,148000
2022-08-16,12.776,12.8717,12.6803,12.8526,111400
2022-08-17,12.7569,12.9291,12.4123,12.4506,307700
2022-08-18,12.4793,12.6612,12.4602,12.575,108700
2022-08-19,12.4889,12.575,12.2975,12.3166,129600
2022-08-22,12.2209,12.5272,12.1731,12.5272,175400
2022-08-23,12.5367,12.8908,12.5272,12.6324,195100
2022-08-24,12.5846,12.7951,12.5272,12.7951,139300
2022-08-25,12.8621,12.8621,12.6133,12.8334,154900
2022-08-26,12.7951,12.843,12.4123,12.441,292300
2022-08-29,12.3549,12.5415,12.3071,12.4315,251200
2022-08-30,12.4123,12.4315,12.1827,12.2496,297400
2022-08-31,12.2018,12.2688,12.0104,12.1635,263100
2022-09-01,11.9721,12.0965,11.5893,11.6659,233100
2022-09-02,11.886,12.3071,11.7329,12.2209,277900
2022-09-06,12.3836,12.6037,12.1539,12.1731,387900
2022-09-07,12.1539,12.709,12.1061,12.6133,225700
2022-09-08,12.5367,12.7186,12.4315,12.5942,193200
2022-09-09,12.7856,12.8526,12.642,12.7377,209300
2022-09-12,13.1588,13.465,13.0918,13.1875,323500
2022-09-13,12.8813,13.0631,12.8143,12.8908,334700
2022-09-14,12.9578,13.2449,12.9483,12.9578,210600
2022-09-15,13.0057,13.0057,12.4698,12.5559,390800
2022-09-16,12.441,12.843,12.3549,12.5463,1357400
2022-09-19,12.4602,12.8526,12.4602,12.7856,248800
2022-09-20,12.6516,12.6707,12.4602,12.5942,212200
2022-09-21,12.7186,13.044,12.5463,12.776,324600
2022-09-22,12.8238,13.0631,12.6229,12.6707,259800
2022-09-23,12.3453,12.4315,12.1157,12.2975,436100
2022-09-26,12.3071,12.4698,12.1157,12.2592,440800
2022-09-27,12.441,12.5559,12.2592,12.3071,451800
2022-09-28,12.5329,12.9366,12.4657,12.927,293400
2022-09-29,12.8405,13.0808,12.7828,13.0327,191600
2022-09-30,13.0423,13.5805,12.9943,13.5229,342500
2022-10-03,13.6767,13.8593,13.5517,13.7824,220900
2022-10-04,14.0323,14.2725,13.9265,14.0323,218000
2022-10-05,13.8112,13.9362,13.6959,13.9073,168200
2022-10-06,13.8785,14.0611,13.7247,14.0515,181900
2022-10-07,13.792,13.8785,13.2249,13.2249,241600
2022-10-11,13.1769,13.3595,13.0519,13.1673,363000
2022-10-12,13.1577,13.4652,13.0712,13.3403,297800
2022-10-13,12.975,13.3114,12.5714,13.2538,364000
2022-10-14,13.1865,13.1961,12.9847,12.9847,372700
2022-10-17,13.2538,13.3787,13.1577,13.1961,192300
2022-10-18,13.3595,13.4172,13.1769,13.3114,121000
2022-10-19,13.0904,13.2057,12.9847,12.9943,149800
2022-10-20,13.0615,13.4652,12.9943,13.2153,173800
2022-10-21,13.2442,13.8304,13.2345,13.792,261900
2022-10-24,13.5037,13.8497,13.5037,13.8208,264900
2022-10-25,13.8497,14.0995,13.7824,14.013,212700
2022-10-26,14.0803,14.3398,14.0803,14.1957,194900
2022-10-27,14.2437,14.3783,13.9746,14.0323,165500
2022-10-28,13.9458,14.1957,13.9073,14.1764,138000
2022-10-31,14.1188,14.2149,14.0227,14.0419,170600
2022-11-01,14.311,14.3879,14.1476,14.2053,130900
2022-11-02,14.2245,14.311,13.5517,13.5517,657400
2022-11-03,13.4364,13.5037,13.1673,13.4844,282100
2022-11-04,13.9362,14.6282,13.9362,14.6282,445300
2022-11-07,14.657,14.6762,14.4071,14.6089,203500
2022-11-08,14.6378,15.9929,14.5705,15.743,623000
2022-11-09,15.7527,16.0602,15.5797,15.6277,439600
2022-11-10,16.2332,16.8003,16.0891,16.214,593100
2022-11-11,16.2428,16.56,16.1371,16.5504,497900
2022-11-14,16.4447,16.5216,16.1083,16.3101,550600
2022-11-15,16.3774,16.4158,15.9929,16.1948,349500
2022-11-16,16.0602,16.3293,16.0602,16.1467,336100
2022-11-17,15.9353,16.2428,15.8007,16.1756,325600
2022-11-18,16.1467,16.3389,16.0891,16.3389,414400
2022-11-21,16.2236,16.3389,16.0794,16.0987,541600
2022-11-22,16.214,16.3582,16.1659,16.3197,760400
2022-11-23,16.3389,16.4927,16.2428,16.3966,641100
2022-11-24,16.4351,16.4831,16.3005,16.4543,220000
2022-11-25,16.4062,16.4447,16.1371,16.3774,238500
2022-11-28,16.2909,16.2909,15.6469,15.8199,921500
2022-11-29,15.9641,16.3582,15.8968,16.3005,474400
2022-11-30,16.4735,16.5119,16.1467,16.3101,811100
2022-12-01,16.4831,16.5792,16.1083,16.5023,998000
2022-12-02,16.214,16.5216,16.1756,16.4831,564100
2022-12-05,16.3582,16.4254,16.0506,16.1467,259500
2022-12-06,16.2909,16.387,16.1467,16.2044,269000
2022-12-07,16.3293,16.4927,16.2236,16.4351,433100
2022-12-08,16.5792,16.7522,16.2909,16.3101,446400
2022-12-09,16.4639,16.56,16.0506,16.0698,313200
2022-12-12,16.041,16.041,15.7815,15.9833,337200
2022-12-13,16.3678,16.4158,15.8968,16.0698,423100
2022-12-14,16.0698,16.1179,15.8488,16.041,407700
2022-12-15,15.6566,15.9929,15.6566,15.7719,283700
2022-12-16,15.7431,15.9545,15.6277,15.8776,708200
2022-12-19,15.8488,15.9641,15.4739,15.5508,248800
2022-12-20,15.7623,15.9545,15.7623,15.9064,283400
2022-12-21,15.9929,16.0987,15.8584,15.8968,314500
2022-12-22,15.7911,16.0122,15.7623,16.0122,158500
2022-12-23,16.0506,16.1083,15.7623,15.9449,399200
2022-12-28,16.0602,16.1083,15.7527,15.8392,188800
2022-12-29,16.0561,16.0561,15.7765,15.7958,196800
2022-12-30,15.7861,15.7958,15.6318,15.7379,134900
2023-01-03,16.114,16.4419,16.0368,16.1429,322900
2023-01-04,16.2201,16.3937,16.0417,16.3454,584700
2023-01-05,16.1333,16.5576,16.1236,16.5383,554200
2023-01-06,16.5672,16.5865,16.3647,16.4804,1171800
2023-01-09,16.5383,16.7022,16.1911,16.249,411500
2023-01-10,16.3261,16.5672,16.2586,16.384,595000
2023-01-11,16.4419,16.4612,16.2201,16.3261,423800
2023-01-12,16.4129,16.8324,16.3165,16.7408,683900
2023-01-13,16.7215,17.2616,16.7215,17.0783,635800
2023-01-16,17.0687,17.0783,16.9144,16.9819,109100
2023-01-17,16.9819,17.0301,16.6637,16.7601,413600
2023-01-18,17.0301,17.1073,16.8951,16.9433,279400
2023-01-19,16.9915,17.8112,16.953,17.7919,1140100
2023-01-20,17.6087,17.7534,17.493,17.5894,396800
2023-01-23,17.4641,17.6473,17.3146,17.493,315500
2023-01-24,17.4255,17.8112,17.358,17.7341,275000
2023-01-25,17.6569,18.1102,17.6569,17.9848,353200
2023-01-26,17.9077,17.9269,17.5894,17.6569,542200
2023-01-27,17.6087,17.6087,17.3483,17.3773,327400
2023-01-30,17.3194,17.6569,17.2712,17.2808,458000
2023-01-31,17.2133,17.3001,17.0108,17.1748,363900
2023-02-01,17.2423,17.4158,17.0976,17.3291,534800
2023-02-02,17.3291,17.4255,16.7505,16.953,607800
2023-02-03,16.7022,16.8276,16.5094,16.6444,745000
2023-02-06,16.6154,16.7408,16.4226,16.6058,217200
2023-02-07,16.654,16.8276,16.5383,16.7505,490000
2023-02-08,16.7794,16.8662,16.6058,16.654,278000
2023-02-09,16.7312,16.818,16.3647,16.4708,295000
2023-02-10,16.4515,16.6444,16.3744,16.4322,384700
2023-02-13,16.384,16.5335,16.3069,16.4419,433300
2023-02-14,16.4033,16.7408,16.3744,16.7408,501000
2023-02-15,16.4901,16.7022,16.4033,16.7022,769500
2023-02-16,16.5865,16.789,16.4033,16.7215,222800
2023-02-17,16.5287,16.6781,16.3165,16.6058,246600
2023-02-21,16.5672,16.7987,16.4997,16.5576,471300
2023-02-22,16.5383,16.5383,16.2201,16.4129,547800
2023-02-23,16.4419,16.5287,16.2345,16.3454,334000
2023-02-24,16.2586,17.0301,16.2008,16.9915,1291600
2023-02-27,16.9723,17.358,16.953,16.9819,532400
2023-02-28,16.9819,17.3483,16.9047,17.2423,477900
2023-03-01,17.3773,17.7968,17.3194,17.7437,495200
2023-03-02,17.6955,17.7678,17.5509,17.6666,255200
2023-03-03,17.7919,17.898,17.5701,17.8305,403500
2023-03-06,17.7534,18.0619,17.5894,17.7437,622300
2023-03-07,17.5991,17.8209,17.1458,17.2423,587700
2023-03-08,17.2808,17.3676,16.9337,16.953,369000
2023-03-09,17.059,17.2423,17.0205,17.0687,261600
2023-03-10,17.3098,17.8305,17.2423,17.3966,636800
2023-03-13,17.8787,18.2548,17.8016,18.1777,683600
2023-03-14,18.0716,18.602,18.0234,18.5827,760900
2023-03-15,19.007,19.142,18.4284,18.6405,1033600
2023-03-16,18.6213,18.6598,18.0812,18.5538,428400
2023-03-17,18.8045,19.8749,18.6116,19.8749,2383900
2023-03-20,19.846,19.9713,19.3445,19.547,428900
2023-03-21,19.1902,19.2577,18.6791,19.0552,404800
2023-03-22,19.1034,19.6531,19.1034,19.412,438400
2023-03-23,19.5084,20.0581,19.4217,19.846,466900
2023-03-24,19.9328,20.1931,19.817,19.8653,291900
2023-03-27,19.5181,20.0437,19.3349,19.981,618100
2023-03-28,20.0581,20.4246,19.846,20.386,407800
2023-03-29,20.1835,20.386,20.087,20.2896,284700
2023-03-30,20.4491,20.5458,20.188,20.4781,313800
2023-03-31,20.5071,20.7585,20.4152,20.6521,359700
2023-04-03,20.5554,21.2419,20.5168,21.1452,645100
2023-04-04,21.1356,21.8607,21.0582,21.7447,529900
2023-04-05,22.0154,22.1121,21.3966,21.648,636800
2023-04-06,21.5706,21.88,21.3193,21.6287,328000
2023-04-10,21.4643,21.5126,20.9422,21.1549,346700
2023-04-11,21.2226,21.7834,21.2129,21.4353,557600
2023-04-12,21.7157,21.8897,21.3289,21.4159,352000
2023-04-13,21.6867,21.793,21.4546,21.4933,422300
2023-04-14,21.2903,21.4256,20.8648,21.3289,282000
2023-04-17,21.2806,21.2903,20.7488,20.8842,270500
2023-04-18,20.9132,21.4256,20.8745,21.0195,260000
2023-04-19,20.7005,20.9615,20.6038,20.9132,288700
2023-04-20,21.0679,21.3386,21.063,21.1356,267200
2023-04-21,21.0485,21.2129,20.8165,21.0002,351800
2023-04-24,20.9519,21.2274,20.8648,21.1742,334700
2023-04-25,21.0872,21.677,20.9615,21.6673,479700
2023-04-26,21.7447,21.8414,21.4788,21.5126,457400
2023-04-27,21.3193,21.4546,21.0389,21.4353,407700
2023-04-28,21.474,21.5706,21.1162,21.2903,218000
2023-05-01,21.6093,22.0444,21.4933,21.5223,618400
2023-05-02,21.6093,22.9629,21.6093,22.8856,784700
2023-05-03,22.9339,23.4028,22.8372,23.1466,353300
2023-05-04,23.253,23.6059,23.0209,23.0209,650900
2023-05-05,22.4118,22.7405,22.1314,22.6535,385300
2023-05-08,22.4988,22.7502,22.3248,22.6632,215700
2023-05-09,22.6825,22.7599,22.2571,22.4312,346500
2023-05-10,22.4505,22.4795,21.9574,22.2861,299100
2023-05-11,22.7019,22.7695,21.9284,22.2378,403300
2023-05-12,22.1991,22.6052,21.9961,22.5085,736400
2023-05-15,22.5085,22.8469,22.4988,22.6729,228000
2023-05-16,22.5182,22.5665,21.9574,22.0637,335000
2023-05-17,21.9574,21.9864,21.4643,21.5997,311600
2023-05-18,21.4256,21.4256,20.3911,20.8745,577700
2023-05-19,20.9809,21.3289,20.8262,21.2419,437400
2023-05-23,20.9132,21.2709,20.8262,21.0872,311000
2023-05-24,21.2419,21.2516,20.4926,20.5264,211500
2023-05-25,20.4974,20.5264,20.2461,20.3524,246500
2023-05-26,20.4781,20.5651,20.0817,20.2364,798700
2023-05-29,20.1107,20.2557,20.1107,20.1784,44800
2023-05-30,20.3331,20.4007,20.0237,20.246,210200
2023-05-31,20.3234,21.0099,20.3137,20.8358,573000
2023-06-01,20.8842,21.2709,20.8262,21.1066,240900
2023-06-02,21.0872,21.1839,20.5748,20.7295,462400
2023-06-05,20.5941,21.0292,20.5941,20.9035,231300
2023-06-06,20.8938,21.0002,20.6908,20.9228,189300
2023-06-07,20.9809,21.2999,20.3814,20.5071,228600
2023-06-08,20.7682,21.0582,20.7488,20.9035,353000
2023-06-09,20.8455,21.0002,20.6618,20.7391,236400
2023-06-12,20.6908,20.6908,20.101,20.5361,454600
2023-06-13,20.5844,20.7681,20.0237,20.1687,248900
2023-06-14,20.3041,20.4588,19.9367,20.1784,235400
2023-06-15,20.072,20.0914,19.6659,19.6949,322100
2023-06-16,19.782,20.0817,19.5596,19.956,717900
2023-06-19,19.898,20.0914,19.8593,19.9173,60000
2023-06-20,19.8013,19.8013,19.1051,19.1148,434400
2023-06-21,19.0471,19.2212,18.8344,19.1728,323400
2023-06-22,19.0181,19.2937,18.9601,19.2308,214100
2023-06-23,19.4339,19.5596,19.1342,19.1825,332400
2023-06-26,19.2695,19.5112,19.1632,19.3275,194200
2023-06-27,19.3372,19.4242,19.0471,19.2889,426100
2023-06-28,19.1825,19.3759,19.0181,19.1148,400800
2023-06-29,19.0178,19.4155,18.9306,19.3864,216200
2023-06-30,19.4446,19.784,19.3088,19.7452,260900
2023-07-04,20.0652,20.1428,19.6482,19.8325,164700
2023-07-05,19.2118,19.3379,17.0685,17.8832,4333900
2023-07-06,17.8832,18.4263,17.4031,18.3681,1930300
2023-07-07,18.436,18.7996,18.2323,18.4263,614000
2023-07-10,18.3584,18.6493,18.145,18.562,559500
2023-07-11,18.6396,18.7269,18.3293,18.3875,356600
2023-07-12,18.5814,19.1342,18.5523,18.9694,745100
2023-07-13,18.9984,19.2894,18.9887,19.1342,577800
2023-07-14,19.2021,19.3476,18.9693,19.3185,657800
2023-07-17,19.1439,19.3718,19.0954,19.2506,256800
2023-07-18,19.3961,19.4445,19.2409,19.3476,250000
2023-07-19,19.27,19.3379,19.0857,19.2118,226500
2023-07-20,19.1924,19.3767,18.9112,18.9112,375200
2023-07-21,18.9015,18.9403,18.6105,18.7851,254400
2023-07-24,18.7463,18.8627,18.5426,18.8239,166800
2023-07-25,18.8433,19.2312,18.8433,19.1827,253300
2023-07-26,19.2797,19.2797,18.7366,18.9112,351700
2023-07-27,18.7366,18.7366,18.2323,18.2517,255800
2023-07-28,18.3875,18.562,18.242,18.5135,194000
2023-07-31,18.5038,19.0712,18.5038,18.9597,365800
2023-08-01,18.7172,18.7463,18.5135,18.6396,252400
2023-08-02,18.5911,18.6202,18.0868,18.1353,205700
2023-08-03,18.1159,18.3875,18.0141,18.1935,222300
2023-08-04,18.3293,18.4651,18.2905,18.3875,136900
2023-08-08,18.1838,18.339,18.048,18.1644,295900
2023-08-09,18.2323,18.3099,18.1159,18.242,169200
2023-08-10,18.3875,18.4747,17.8832,18.1547,313400
2023-08-11,18.1256,18.3244,18.0335,18.1062,179700
2023-08-14,17.9899,18.0092,17.5922,17.922,254300
2023-08-15,17.9026,17.9511,17.5243,17.534,182100
2023-08-16,17.5534,17.5534,17.3352,17.3789,365200
2023-08-17,17.3886,17.5243,17.2722,17.4177,123200
2023-08-18,17.4371,17.4371,17.2625,17.3401,144100
2023-08-21,17.3595,17.4856,17.2092,17.4565,164100
2023-08-22,17.4662,17.534,17.3401,17.5049,161400
2023-08-23,17.6407,18.048,17.6407,17.9511,254900
2023-08-24,17.9026,18.082,17.6601,17.8347,636000
2023-08-25,17.825,17.9123,17.4759,17.5631,171200
2023-08-28,17.6019,17.825,17.5001,17.7765,149400
2023-08-29,17.7765,17.9705,17.6892,17.9414,220600
2023-08-30,17.9802,18.0965,17.6892,17.7571,188700
2023-08-31,17.7571,17.7862,17.4274,17.5146,606700
2023-09-01,17.6698,17.7668,17.3498,17.3789,282700
2023-09-05,17.2334,17.2722,16.6612,16.797,294500
2023-09-06,16.7291,16.8115,16.5642,16.603,155300
2023-09-07,16.5642,16.7388,16.3169,16.7097,173000
2023-09-08,16.6806,16.9716,16.6079,16.7485,219100
2023-09-11,16.9328,17.0588,16.797,16.8746,157900
2023-09-12,16.7,16.9134,16.6806,16.7388,109000
2023-09-13,16.7679,16.8649,16.5351,16.5836,272300
2023-09-14,16.5836,16.7873,16.5351,16.6806,271600
2023-09-15,16.8649,17.2334,16.8552,17.0007,1607100
2023-09-18,17.02,17.1364,16.9037,16.9716,231900
2023-09-19,16.9716,17.0491,16.6515,16.6709,150900
2023-09-20,16.6612,16.8649,16.6321,16.7194,216800
2023-09-21,16.4479,16.6418,16.1666,16.477,309400
2023-09-22,16.5739,16.6418,16.38,16.3897,233700
2023-09-25,16.3024,16.4285,16.186,16.1957,375100
2023-09-26,16.1181,16.2054,15.6914,15.6914,191500
2023-09-27,15.6235,15.6429,15.1095,15.255,278900
2023-09-28,15.2647,15.5179,15.1625,15.5081,472900
2023-09-29,15.6931,15.7807,15.4546,15.5276,780200
2023-10-02,15.3816,15.5325,15.1479,15.2258,176500
2023-10-03,15.1479,15.401,15.0116,15.2842,255100
2023-10-04,15.3718,15.3718,15.1284,15.3329,182800
2023-10-05,15.3037,15.4789,15.3037,15.4789,118100
2023-10-06,15.5081,15.6834,15.4886,15.6152,153700
2023-10-10,15.8002,15.8975,15.6834,15.8099,215400
2023-10-11,15.9559,16.0143,15.7758,15.8781,132100
2023-10-12,15.8781,15.9559,15.3426,15.4886,245700
2023-10-13,15.9559,16.1117,15.844,15.9462,464600
2023-10-16,15.8294,16.0046,15.7223,15.7418,184900
2023-10-17,15.7904,16.1701,15.7418,16.1701,323700
2023-10-18,16.4135,16.4232,16.1312,16.2188,279200
2023-10-19,16.1798,16.394,16.0728,16.3551,182800
2023-10-20,16.3551,16.8126,16.3064,16.5206,579400
2023-10-23,16.3648,16.8126,16.1506,16.6958,260000
2023-10-24,16.6277,16.725,16.54,16.6861,442900
2023-10-25,16.6569,16.91,16.3356,16.3453,181100
2023-10-26,16.2772,16.5595,16.102,16.5206,515500
2023-10-27,16.5498,16.7348,16.2285,16.6763,375900
2023-10-30,16.6958,16.7834,16.5011,16.5498,224600
2023-10-31,16.4719,16.6374,16.3843,16.5011,577700
2023-11-01,16.5498,16.6569,16.3356,16.5303,531400
2023-11-02,16.6569,16.9002,16.5206,16.8516,384100
2023-11-03,17.0073,17.2702,16.8808,17.056,628400
2023-11-06,17.095,17.3189,16.9684,17.1242,212600
2023-11-07,17.0171,17.1728,16.6763,17.0463,318100
2023-11-08,17.0171,17.1242,16.5839,16.8418,469700
2023-11-09,16.6277,17.7277,16.6277,17.718,733300
2023-11-10,17.6304,17.7472,16.91,17.0852,658000
2023-11-13,16.9976,17.056,16.1701,16.1896,312800
2023-11-14,16.3356,16.4573,15.8975,16.2577,372200
2023-11-15,16.3064,16.3356,15.8878,16.2188,270800
2023-11-16,16.2383,16.8613,16.2383,16.7542,402100
2023-11-17,16.7542,16.9441,16.4476,16.4524,273800
2023-11-20,16.3356,17.6401,16.3161,17.5233,628900
2023-11-21,17.6985,18.3897,17.6985,18.0393,725800
2023-11-22,18.1171,18.5844,18.1171,18.5552,602800
2023-11-23,18.526,18.7889,18.4579,18.7402,138500
2023-11-24,18.6331,18.9641,18.6088,18.6526,453500
2023-11-27,19.0712,19.1199,18.8083,19.0712,1046200
2023-11-28,19.1101,19.3924,19.1101,19.2951,432000
2023-11-29,19.2659,19.4898,19.1393,19.4801,343200
2023-11-30,19.3535,19.4314,19.1101,19.3535,317400
2023-12-01,19.3243,19.4898,19.1783,19.4314,422300
2023-12-04,19.1491,19.2172,18.7402,18.8181,310200
2023-12-05,18.7013,18.8083,18.3508,18.565,216200
2023-12-06,18.7012,18.7402,18.4384,18.5942,204600
2023-12-07,18.7207,18.7207,18.3021,18.3411,250600
2023-12-08,18.0782,18.4092,18.0003,18.1171,275200
2023-12-11,17.8932,18.1269,17.6693,18.0879,327600
2023-12-12,18.1561,18.1756,17.3091,17.6109,561900
2023-12-13,17.5622,18.2729,17.5038,18.2632,300600
2023-12-14,18.6915,19.373,18.5455,18.8083,519000
2023-12-15,18.7889,18.7986,18.526,18.711,734100
2023-12-18,18.8083,18.93,18.565,18.8375,328000
2023-12-19,18.8862,19.4606,18.7694,19.2756,228000
2023-12-20,19.373,19.4703,18.7694,18.7694,223800
2023-12-21,18.8862,19.1296,18.8668,18.9738,175900
2023-12-22,19.2172,19.5872,18.9349,19.003,249800
2023-12-27,19.0322,19.2562,18.9544,18.9836,195400
2023-12-28,18.8469,18.9347,18.5051,18.5246,127000
2023-12-29,18.466,18.5441,18.3293,18.466,81800
2024-01-02,18.4172,18.6809,18.2219,18.3391,205600
2024-01-03,17.8215,18.0754,17.8117,17.9485,310800
2024-01-04,17.968,18.1731,17.8899,18.1633,120300
2024-01-05,18.0949,18.3049,17.5579,17.7629,320600
2024-01-08,17.5676,17.924,17.5383,17.8703,224000
2024-01-09,18.0363,18.1242,17.7824,18.0461,143900
2024-01-10,18.0461,18.1535,17.9289,18.1242,121600
2024-01-11,18.0949,18.2121,17.8215,18.1242,225900
2024-01-12,18.466,19.0031,18.466,18.9933,461400
2024-01-15,19.1886,19.423,19.1886,19.2668,134100
2024-01-16,19.0129,19.3546,18.8078,19.1984,271600
2024-01-17,18.8957,19.0031,18.6125,18.7101,160900
2024-01-18,18.8371,19.0226,18.6711,18.6906,152400
2024-01-19,18.798,18.9347,18.3098,18.6125,144100
2024-01-22,18.5148,18.7883,18.4074,18.7492,109000
2024-01-23,18.8957,19.1008,18.7248,19.0324,178100
2024-01-24,19.3742,19.3839,18.759,18.9445,234900
2024-01-25,19.1789,19.1886,18.6516,18.7101,181600
2024-01-26,18.7394,18.798,18.4465,18.466,97000
2024-01-29,18.5637,18.8371,18.427,18.798,215600
2024-01-30,18.8762,18.964,18.7004,18.9347,196300
2024-01-31,18.9836,19.3937,18.9445,19.13,488700
2024-02-01,19.2765,19.6476,19.2619,19.6183,286600
2024-02-02,19.4621,19.55,18.9738,19.5109,279000
2024-02-05,19.257,19.5402,19.0812,19.4132,308800
2024-02-06,19.5988,20.1749,19.5304,19.7453,1221900
2024-02-07,19.6769,19.8917,19.6085,19.8527,226000
2024-02-08,19.7648,19.8527,19.1252,19.2277,278600
2024-02-09,19.2668,19.3839,19.1398,19.2375,138700
2024-02-12,19.0715,19.6476,19.0715,19.5597,223400
2024-02-13,19.1691,19.2765,18.5978,18.8273,422500
2024-02-14,18.8371,18.8859,18.5832,18.6027,259700
2024-02-15,18.7492,19.1398,18.6125,18.6418,218800
2024-02-16,18.5832,18.7932,18.4855,18.6418,185600
2024-02-20,18.798,18.8273,18.3732,18.6125,345100
2024-02-21,18.1633,18.7199,17.0012,18.2707,692100
2024-02-22,18.2707,18.2707,17.9582,18.1145,293300
2024-02-23,18.1731,18.7883,17.9778,18.7394,570900
2024-02-26,18.6027,18.6027,18.2609,18.5539,318500
2024-02-27,18.5734,18.7199,18.3488,18.3977,276500
2024-02-28,18.3977,18.4074,18.1242,18.2414,126100
2024-02-29,18.4465,19.3546,18.4465,19.3546,394600
2024-03-01,19.4425,20.4288,19.3156,20.0675,574600
2024-03-04,20.2628,20.7706,20.2238,20.3898,548100
2024-03-05,20.5851,20.6339,20.0577,20.5558,539700
2024-03-06,20.5265,21.2198,20.5265,21.171,873800
2024-03-07,21.1222,21.2589,20.8097,20.878,341500
2024-03-08,20.9073,21.3565,20.9073,21.2979,972000
2024-03-11,21.3077,21.7374,21.1026,21.2003,424500
2024-03-12,20.8585,21.3175,20.7511,21.1514,310700
2024-03-13,21.2589,21.4346,21.0343,21.2979,348700
2024-03-14,21.2198,21.2979,20.7999,20.9757,325700
2024-03-15,20.9073,21.1612,20.8683,21.1222,334800
2024-03-18,21.0343,21.4151,20.878,20.9659,282400
2024-03-19,20.7999,21.1124,20.4679,20.5362,235700
2024-03-20,20.4874,21.0831,20.4191,21.0636,278900
2024-03-21,21.3077,21.3858,20.7706,20.8292,223100
2024-03-22,20.7315,20.9757,20.6339,20.7315,212900
2024-03-25,20.8097,21.1514,20.8097,20.9366,175700
2024-03-26,21.2198,21.2296,20.7462,20.7706,222200
2024-03-27,20.9469,21.2407,20.8392,21.2407,270900
2024-03-28,21.4757,21.9555,21.1721,21.7695,348300
2024-04-01,22.1416,22.2787,21.7989,22.0143,237100
2024-04-02,22.0926,22.1857,21.7401,21.7989,234900
2024-04-03,21.7205,21.936,21.5932,21.8478,220500
2024-04-04,21.936,21.936,21.4169,21.4855,318800
2024-04-05,21.4757,22.0633,21.4659,21.7793,327600
2024-04-08,21.9066,21.9947,21.4267,21.6618,228500
2024-04-09,21.9164,21.9947,21.4365,21.7401,424600
2024-04-10,21.3973,21.7695,21.2113,21.7597,205200
2024-04-11,21.887,22.0535,21.6128,22.0045,201700
2024-04-12,22.3864,22.6312,21.6813,21.7499,383300
2024-04-15,21.8282,21.838,21.3876,21.5932,241600
2024-04-16,21.3973,21.7499,21.2798,21.3973,367400
2024-04-17,21.5149,21.8968,21.4953,21.7695,374800
2024-04-18,21.9066,21.9849,21.5736,21.8086,317900
2024-04-19,21.7401,22.0045,21.6324,21.6715,175200
2024-04-22,20.9469,21.2309,20.6139,20.7021,363000
2024-04-23,20.565,21.1036,20.5552,21.1036,216000
2024-04-24,21.0448,21.3288,20.9077,21.0938,193000
2024-04-25,21.1329,21.4169,20.8783,21.3288,221200
2024-04-26,21.5149,21.5442,21.2113,21.4757,154100
2024-04-29,21.4659,21.5736,21.2309,21.5247,194100
2024-04-30,21.084,21.3386,20.7119,20.7119,238500
2024-05-01,20.8098,21.1134,20.6433,20.8685,225900
2024-05-02,20.7412,21.1525,20.5747,20.9077,209800
2024-05-03,20.9665,20.9665,20.6335,20.6629,159500
2024-05-06,20.9371,21.0546,20.7412,20.9077,131100
2024-05-07,20.8979,21.2505,20.8587,21.1917,93800
2024-05-08,21.0448,21.4071,21.0448,21.368,171600
2024-05-09,21.2113,21.7009,21.1525,21.6226,272800
2024-05-10,21.7891,22.1024,21.6275,21.8478,231900
2024-05-13,21.7891,21.936,21.3582,21.5344,156100
2024-05-14,21.5736,21.8674,21.5344,21.8478,206800
2024-05-15,21.9947,22.0535,21.603,21.936,100900
2024-05-16,21.8674,21.8674,21.5344,21.7597,150500
2024-05-17,21.9849,22.2787,21.8478,22.1808,195800
2024-05-21,22.171,22.3081,22.0241,22.1906,117200
2024-05-22,22.0241,22.1024,21.5344,21.652,265500
2024-05-23,21.554,21.7499,21.5344,21.6226,246100
2024-05-24,21.7597,21.9262,21.6618,21.6813,574000
2024-05-27,21.7793,22.0143,21.5932,21.7401,85000
2024-05-28,21.9066,22.1318,21.7989,21.9066,149600
2024-05-29,21.7891,22.0731,21.7499,21.8184,144200
2024-05-30,21.8086,22.3277,21.8086,22.0828,161800
2024-05-31,22.1416,22.406,21.7989,22.406,1582000
2024-06-03,22.3179,22.4648,22.0437,22.4354,196500
2024-06-04,22.1122,22.171,21.6128,21.9947,286700
2024-06-05,22.0828,22.406,21.9653,22.2983,127400
2024-06-06,22.406,23.258,22.2787,23.1699,245800
2024-06-07,22.5823,22.8173,22.4648,22.5235,416600
2024-06-10,22.5235,23.023,22.2199,23.0132,350700
2024-06-11,22.8467,22.974,22.406,22.5039,120600
2024-06-12,22.6508,22.7879,22.4452,22.5627,197000
2024-06-13,22.406,22.6117,22.0828,22.1122,153200
2024-06-14,22.2004,22.3668,21.9115,22.0143,199600
2024-06-17,21.8674,21.9751,21.4659,21.9653,243500
2024-06-18,21.8968,22.3766,21.838,22.2199,272500
2024-06-19,22.2983,22.4844,22.2199,22.3962,105600
2024-06-20,22.4158,22.4158,22.0926,22.1514,290300
2024-06-21,22.1514,22.1514,21.887,22.0045,340200
2024-06-24,22.2101,22.2101,20.5258,20.8196,601600
2024-06-25,20.5062,20.9812,20.2418,20.7021,465600
2024-06-26,20.4964,20.8392,20.4572,20.6041,169600
2024-06-27,20.7412,21.0252,20.7412,20.8392,124800
2024-06-28,20.9325,21.178,20.8342,20.9423,290100
2024-07-02,21.07,21.0995,20.6967,20.9619,308500
2024-07-03,21.1388,21.4433,21.0503,21.3057,195400
2024-07-04,21.3156,21.571,21.2959,21.5317,49200
2024-07-05,21.6004,21.954,21.5317,21.7969,317700
2024-07-08,21.6397,21.6692,21.3156,21.5906,195400
2024-07-09,21.6102,21.6987,21.237,21.345,233200
2024-07-10,21.4825,21.6004,21.2861,21.4629,184700
2024-07-11,21.7183,22.4943,21.1682,22.4157,448200
2024-07-12,22.4943,23.1524,22.4452,23.0444,297500
2024-07-15,23.2212,23.6534,23.0542,23.4864,376700
2024-07-16,23.6141,24.3508,23.6043,23.9972,420600
2024-07-17,23.9874,24.616,23.9874,24.4687,356100
2024-07-18,24.5276,24.5866,24.1937,24.3999,401300
2024-07-19,23.8204,24.7437,23.8007,24.3705,246100
2024-07-22,24.3115,24.4392,24.1052,24.1151,128700
2024-07-23,24.1151,24.3312,23.8597,24.2624,126800
2024-07-24,24.4392,24.449,23.6239,23.6436,178400
2024-07-25,23.2408,23.4668,23.0346,23.2212,185300
2024-07-26,23.3784,23.7909,23.3391,23.5846,138800
2024-07-29,23.7025,23.9972,23.5159,23.9972,135900
2024-07-30,23.9677,24.1052,23.4569,23.6436,386000
2024-07-31,23.8891,23.9284,23.5355,23.7811,238000
2024-08-01,23.8204,23.9383,23.2408,23.5061,216000
2024-08-02,23.6632,24.0856,23.0837,23.29,295800
2024-08-06,22.2291,22.6908,21.8558,22.3764,548900
2024-08-07,22.4943,22.5287,21.2861,21.5808,449100
2024-08-08,21.8263,22.3175,21.6102,21.7969,272800
2024-08-09,22.0916,22.0916,21.7576,21.9835,215400
2024-08-12,22.2586,23.1033,22.2487,22.8577,360500
2024-08-13,22.8381,23.3489,22.8086,23.0346,242800
2024-08-14,22.8872,23.064,22.5139,23.0051,228500
2024-08-15,23.0739,23.2261,22.8872,22.9953,184200
2024-08-16,23.2408,23.4766,22.9167,23.2408,262700
2024-08-19,23.1721,23.4373,23.0542,23.2507,199500
2024-08-20,23.4177,23.4962,23.2114,23.3391,172500
2024-08-21,23.3292,23.6436,23.1328,23.5159,176200
2024-08-22,23.3784,23.398,23.0935,23.1917,148200
2024-08-23,23.29,23.7418,23.1721,23.6632,180000
2024-08-26,23.7909,23.8499,23.5061,23.7222,155400
2024-08-27,23.5355,23.5355,23.1426,23.2703,102100
2024-08-28,23.0149,23.2212,22.8381,22.9854,83300
2024-08-29,22.9756,23.29,22.9756,23.0739,80800
2024-08-30,23.0051,23.0542,22.73,22.8676,317600
2024-09-03,22.7497,22.7497,22.013,22.2094,263600
2024-09-04,22.1112,22.2487,21.9148,21.9344,189300
2024-09-05,22.1996,22.5041,22.1996,22.3175,117400
2024-09-06,22.3666,22.4354,21.9933,21.9933,111100
2024-09-09,22.0719,22.4747,22.0719,22.4255,148900
2024-09-10,22.455,22.9854,22.347,22.9756,150800
2024-09-11,22.8185,22.8479,22.5238,22.622,267000
2024-09-12,22.897,23.84,22.897,23.7025,193200
2024-09-13,23.9284,24.341,23.9088,24.2133,177600
2024-09-16,24.1249,24.2526,23.673,24.0561,140600
2024-09-17,23.9677,24.2231,23.8106,23.9677,127000
2024-09-18,24.0168,24.7732,23.6338,23.899,229500
2024-09-19,24.2722,24.2821,23.7909,23.9579,98700
2024-09-20,24.2231,24.6553,23.9481,24.5866,302300
2024-09-23,24.5767,24.9107,24.341,24.3508,136900
2024-09-24,24.5473,24.675,24.2428,24.5178,188700
2024-09-25,24.5178,24.7732,24.4589,24.7241,303400
2024-09-26,24.8027,25.1661,24.7928,25.1465,346100
2024-09-27,25.1612,25.2302,24.4423,24.531,308400
2024-09-30,24.2651,24.7476,24.2651,24.6688,198800
2024-10-01,24.915,25.0825,24.6098,24.856,141900
2024-10-02,24.8461,25.1317,24.6885,24.984,163000
2024-10-03,24.7476,25.3483,24.7476,25.1908,459100
2024-10-04,25.2696,25.3976,24.8363,24.8658,235400
2024-10-07,24.8363,25.0923,24.6787,24.9938,175600
2024-10-08,24.9249,25.1908,24.8757,25.1711,143300
2024-10-09,25.112,25.4764,24.5802,25.4567,192200
2024-10-10,25.5158,25.821,25.2006,25.7718,282100
2024-10-11,25.9392,26.4858,25.9294,26.1854,439600
2024-10-15,26.2248,26.8206,26.2248,26.7074,325000
2024-10-16,26.9142,27.4656,26.7172,26.8452,249200
2024-10-17,26.9634,27.4755,26.9634,27.2293,260900
2024-10-18,27.377,28.3126,27.377,28.0565,261600
2024-10-21,28.4406,28.7656,28.3027,28.5292,382200
2024-10-22,28.6277,28.8542,28.5194,28.7163,269900
2024-10-23,28.4701,28.7065,28.1747,28.4701,289600
2024-10-24,28.4898,28.4898,27.7217,28.155,294500
2024-10-25,28.1353,28.6474,28.1353,28.3618,613800
2024-10-28,28.283,28.5292,28.1648,28.4307,306900
2024-10-29,28.6178,29.1201,28.5292,28.8049,489800
2024-10-30,28.8148,28.8542,28.3421,28.7951,459300
2024-10-31,28.3618,28.539,27.574,27.5937,4225800
2024-11-01,27.7906,28.2387,27.6626,28.027,358200
2024-11-04,28.0073,28.0762,27.6035,27.7315,264100
2024-11-05,27.83,28.0467,27.7118,27.8694,395400
2024-11-06,27.249,27.8694,26.9634,27.8202,559900
2024-11-07,27.6331,28.1944,27.1899,28.0368,296000
2024-11-08,28.0861,28.48,27.5247,27.7118,214600
2024-11-11,26.5498,26.8452,25.3976,26.2445,478400
2024-11-12,25.8407,26.1657,25.3188,25.4961,663500
2024-11-13,25.821,25.821,25.2499,25.4173,266000
2024-11-14,25.2302,25.8407,25.2006,25.7127,249100
2024-11-15,25.7817,25.9392,25.5256,25.7127,286000
2024-11-18,26.3627,26.6581,26.1362,26.4218,218600
2024-11-19,26.4809,27.1407,26.3725,27.1308,344600
2024-11-20,27.1013,27.4656,27.1013,27.3081,308700
2024-11-21,27.4755,27.505,27.0717,27.2982,285800
2024-11-22,27.3967,27.7512,27.2096,27.6823,241000
2024-11-25,26.8255,27.1013,26.5399,26.5793,595900
2024-11-26,26.7467,26.9732,26.599,26.9142,293700
2024-11-27,27.0422,27.1702,26.5793,26.6778,206000
2024-11-28,26.6483,26.8157,26.6384,26.727,24200
2024-11-29,26.8255,26.9929,26.668,26.7664,112200
2024-12-02,26.727,26.727,26.4021,26.4809,252900
2024-12-03,26.5793,26.9339,26.5793,26.7172,513500
2024-12-04,26.5892,27.0225,26.5793,26.9339,313700
2024-12-05,26.8058,27.1505,26.6581,27.0225,333700
2024-12-06,26.6877,27.0668,26.6384,26.7369,272300
2024-12-09,27.4164,28.0467,27.1801,27.3869,323100
2024-12-10,27.4361,27.8989,27.2687,27.3179,341900
2024-12-11,27.3376,28.1156,27.1111,28.1057,531000
2024-12-12,27.6035,27.8399,27.1948,27.2391,336100
2024-12-13,27.0323,27.1111,26.4809,26.7074,250900
2024-12-16,26.6877,26.9732,26.5892,26.599,217700
2024-12-17,26.3233,26.9831,26.3233,26.7664,406000
2024-12-18,26.6778,26.8748,26.1066,26.1953,172900
2024-12-19,26.1756,26.343,25.9491,26.146,147600
2024-12-20,26.1756,26.3824,25.693,25.7817,551500
2024-12-23,25.7521,26.2248,25.6438,25.8407,127400
2024-12-24,25.9983,26.018,25.7423,25.9983,39000
2024-12-27,25.8407,26.0771,25.6832,26.0574,90500
2024-12-30,25.7521,25.7521,25.3287,25.5158,171100
2024-12-31,25.4516,25.7675,25.3825,25.6984,245700
2025-01-02,25.9946,26.5968,25.9946,26.508,127800
2025-01-03,26.5178,26.5869,26.3204,26.4685,138800
2025-01-06,26.3796,26.4092,25.6885,25.728,245300
2025-01-07,25.8564,26.508,25.8564,26.2513,280000
2025-01-08,26.3303,26.5771,26.2118,26.4191,149700
2025-01-09,26.4389,27.357,26.0143,27.2682,217000
2025-01-10,27.5347,27.5742,26.4783,26.6067,225000
2025-01-13,26.2414,26.3895,25.8564,25.965,216600
2025-01-14,26.1032,26.6857,26.0341,26.5573,333500
2025-01-15,26.8338,26.8338,25.7478,26.4981,673700
2025-01-16,26.6462,26.972,26.3895,26.7054,712100
2025-01-17,26.5968,26.8831,26.3895,26.7054,200200
2025-01-20,26.6363,27.1102,26.6363,27.0707,53100
2025-01-21,27.1596,27.3768,26.8831,26.9917,366700
2025-01-22,27.1793,27.5248,26.7647,27.1398,321300
2025-01-23,26.9226,27.0164,26.5573,26.6462,292100
2025-01-24,26.9226,26.9621,26.1624,26.5376,267300
2025-01-27,26.3006,26.3006,25.5602,26.1229,209100
2025-01-28,26.1723,26.7449,26.0242,26.5376,194700
2025-01-29,26.5869,26.9424,26.1032,26.2611,192300
2025-01-30,26.7153,26.9127,26.4389,26.5968,363500
2025-01-31,26.6955,26.8436,26.4487,26.5376,515900
2025-02-03,26.5869,27.0904,26.3994,26.8634,340700
2025-02-04,26.9325,27.742,26.6264,27.4459,544500
2025-02-05,27.6532,28.1073,27.5545,27.7519,176300
2025-02-06,27.742,27.8803,27.5939,27.7815,146600
2025-02-07,28.0382,28.2357,27.8111,27.9691,183200
2025-02-10,28.443,28.6306,28.1764,28.2554,253800
2025-02-11,28.2752,28.2752,27.6927,27.8901,475600
2025-02-12,27.7519,29.2131,27.7519,28.7984,399700
2025-02-13,28.7984,28.7984,28.285,28.6306,154300
2025-02-14,28.4825,28.6898,27.515,27.5939,268200
2025-02-18,27.8309,27.8901,27.5347,27.6927,356500
2025-02-19,27.4755,27.6532,26.5376,27.3965,454300
2025-02-20,27.4261,27.5248,26.2019,26.656,981000
2025-02-21,26.5475,26.5475,25.6194,26.1229,591100
2025-02-24,26.4981,26.4981,25.9354,26.1427,237800
2025-02-25,26.1328,26.2315,25.4022,25.9255,1138700
2025-02-26,25.8564,26.4882,25.7182,26.3796,556500
2025-02-27,26.2019,26.35,25.4713,25.5701,338700
2025-02-28,25.2147,26.1822,25.0271,26.1427,700400
2025-03-03,26.3697,26.4092,25.5602,25.7379,327100
2025-03-04,25.965,26.4586,25.2344,26.3401,432300
2025-03-05,26.0637,27.0411,26.0538,26.7153,429700
2025-03-06,26.5376,26.8732,26.1822,26.3895,243000
2025-03-07,26.735,27.1398,25.9354,25.9847,638000
2025-03-10,26.1525,26.2315,25.1554,25.5799,702200
2025-03-11,25.7971,27.3866,25.7971,27.1102,647200
2025-03-12,26.9917,27.2385,26.7054,26.9424,384200
2025-03-13,27.1102,28.0678,27.0904,27.6631,545000
2025-03-14,27.9691,28.058,27.3373,28.0086,328400
2025-03-17,27.9099,28.5713,27.9099,28.4825,347300
2025-03-18,28.8774,29.0452,28.2258,28.3344,744800
2025-03-19,28.3541,28.3838,27.9592,28.2653,240600
2025-03-20,28.2258,28.5318,28.0481,28.2949,205400
2025-03-21,28.0876,28.7984,27.9987,28.7688,409700
2025-03-24,28.6898,29.3809,28.6898,29.065,475500
2025-03-25,29.3118,30.0522,29.2328,29.8252,304700
2025-03-26,29.7166,29.8252,29.1637,29.292,169100
2025-03-27,29.5092,30.072,29.4599,29.8745,305700
2025-03-28,29.9338,30.0621,29.3315,29.5783,167400
2025-03-31,29.7812,30.1769,29.2568,30.0483,253600
2025-04-01,30.0582,30.1077,29.1578,29.6427,337000
2025-04-02,29.7713,30.0285,29.2271,29.7812,383200
2025-04-03,28.5048,29.7317,28.2575,29.2667,649500
2025-04-04,28.8808,28.9006,27.7628,27.8914,467900
2025-04-07,27.2285,28.5543,26.7932,27.4561,325600
2025-04-08,28.2476,28.2575,26.8921,27.1493,267600
2025-04-09,27.7925,28.8017,27.1691,28.485,698600
2025-04-10,28.7324,30.355,28.3366,30.2066,455100
2025-04-11,30.5727,30.919,30.2215,30.7706,674700
2025-04-14,30.6617,32.3141,30.4441,31.2455,386900
2025-04-15,31.4928,32.2844,31.3049,32.136,221800
2025-04-16,32.8978,33.1155,32.2052,32.5218,562700
2025-04-17,32.4427,32.5614,31.661,31.9678,330300
2025-04-21,32.8384,33.1254,31.6413,32.1953,156600
2025-04-22,32.3239,32.4922,31.4137,31.483,276600
2025-04-23,30.4837,31.6215,30.454,31.4434,405300
2025-04-24,31.76,32.2052,31.3444,32.0568,303300
2025-04-25,31.2257,32.3536,31.2158,32.0469,496100
2025-04-28,32.0073,32.413,31.6808,32.3437,363900
2025-04-29,32.2151,32.7692,32.2151,32.3734,373200
2025-04-30,32.1162,32.9176,32.1162,32.69,1338100
2025-05-01,31.9876,32.4031,31.6314,32.1459,236100
2025-05-02,32.4921,32.4921,31.4434,31.5522,264800
2025-05-05,32.4724,32.4724,31.5918,32.2646,191600
2025-05-06,32.8187,32.977,32.2646,32.9572,420900
2025-05-07,32.5515,32.9275,32.3042,32.8285,484500
2025-05-08,32.9473,33.9466,32.6307,32.6999,557000
2025-05-09,33.1649,33.6794,32.601,33.5409,551200
2025-05-12,32.4921,32.4921,31.0179,31.0971,547900
2025-05-13,31.2455,32.0865,31.1564,32.0271,323500
2025-05-14,31.4434,31.6858,31.1663,31.3345,282600
2025-05-15,31.7204,32.0271,31.3642,31.9579,365400
2025-05-16,31.3345,32.3141,31.1861,32.2844,344900
2025-05-20,32.6307,33.6695,32.5317,33.6498,363500
2025-05-21,33.8476,34.4611,33.531,34.2434,502800
2025-05-22,34.3028,34.4413,33.6695,34.0851,595100
2025-05-23,34.5798,34.8272,34.1544,34.5105,404100
2025-05-26,34.2533,34.7777,34.184,34.7381,88800
2025-05-27,33.9565,34.5798,33.9169,33.9861,288800
2025-05-28,34.0851,34.471,33.8773,34.4017,315100
2025-05-29,34.4314,34.6293,34.0851,34.471,250400
2025-05-30,34.3028,35.025,34.2632,34.6985,938200
2025-06-02,35.1734,36.7862,35.0498,36.6674,410700
2025-06-03,36.4992,36.6674,35.8561,36.4399,371400
2025-06-04,36.4993,36.7565,36.1035,36.3904,382200
2025-06-05,36.618,37.2611,35.589,35.777,405800
2025-06-06,35.9254,36.0045,34.8766,35.1339,364500
2025-06-09,34.837,35.3416,34.6293,35.1833,291400
2025-06-10,35.2427,35.6187,34.6491,34.7579,356700
2025-06-11,34.8074,35.0547,34.6886,34.9855,206200
2025-06-12,35.3317,35.8215,35.3219,35.5593,240200
2025-06-13,35.9551,36.2024,35.6879,36.0441,357000
2025-06-16,35.6286,36.0837,35.2625,35.4208,289800
2025-06-17,35.3614,35.3713,34.8568,35.2823,127500
2025-06-18,35.0448,35.4406,34.9657,35.2427,276900
2025-06-19,34.9953,35.1537,34.9756,34.9953,71200
2025-06-20,35.4109,35.4109,34.6787,35.0349,642700
2025-06-23,35.0052,35.8759,35.0052,35.2328,233200
2025-06-24,34.2731,34.8272,33.6003,34.6095,436800
2025-06-25,34.4611,34.8272,34.3621,34.56,261400
2025-06-26,34.4314,34.7183,34.283,34.6985,177200
2025-06-27,33.7487,34.0851,33.5013,33.9367,292500
2025-06-30,34.0706,34.725,33.7433,34.7052,163300
2025-07-02,34.7052,34.8638,33.9615,34.4672,307200
2025-07-03,34.2193,34.9828,34.2193,34.8638,129500
2025-07-04,34.7746,35.3199,34.6853,35.082,135600
2025-07-07,35.072,36.9511,34.5366,36.9065,464000
2025-07-08,36.6784,36.9263,34.7448,35.0324,427800
2025-07-09,34.9035,36.2024,34.8539,36.133,315400
2025-07-10,36.133,36.4404,35.5083,36.3214,287300
2025-07-11,36.6784,37.8484,36.609,37.8187,417100
2025-07-14,37.789,38.2649,37.2039,37.2634,369400
2025-07-15,37.2337,37.5906,36.7181,37.4122,277000
2025-07-16,37.4122,37.908,36.9461,37.432,374300
2025-07-17,36.9461,37.1246,36.5991,36.8965,206700
2025-07-18,37.4022,37.5311,36.7875,37.2634,329000
2025-07-21,37.6997,38.1856,37.4419,37.779,423000
2025-07-22,37.9972,38.9739,37.8584,38.6814,384800
2025-07-23,38.4831,38.7458,38.0666,38.2748,325500
2025-07-24,37.8286,38.1757,37.5807,37.7195,193100
2025-07-25,37.5906,38.1162,37.432,37.9774,286900
2025-07-28,37.7394,37.8385,37.313,37.6105,225700
2025-07-29,37.5212,38.2352,37.5212,38.0369,175200
2025-07-30,37.7989,38.1459,37.5906,37.9774,411800
2025-07-31,38.1757,38.7805,37.9377,38.0567,297300
2025-08-01,38.5921,38.5921,37.8484,38.2054,253600
2025-08-05,38.9491,40.2877,38.7111,40.2084,622400
2025-08-06,40.6546,40.8926,38.6913,40.4563,516100
2025-08-07,40.6546,41.4181,40.3671,41.3983,415900
2025-08-08,41.5867,41.9337,41.2496,41.5173,385000
2025-08-11,40.5951,42.0825,40.0597,41.8643,370200
2025-08-12,41.9536,42.3155,41.547,41.9932,333500
2025-08-13,42.1618,42.4791,41.7354,42.0626,183600
2025-08-14,42.0329,42.7369,41.6561,41.9437,306300
2025-08-15,42.1221,42.1221,41.4776,41.8346,363800
2025-08-18,41.8743,42.2015,41.8148,42.1717,192900
2025-08-19,42.1717,42.2907,41.1405,41.2297,264300
2025-08-20,41.5867,41.7949,41.4578,41.5371,290300
2025-08-21,41.5371,42.261,41.4974,42.251,451600
2025-08-22,41.8544,42.6973,41.8048,42.3502,300700
2025-08-25,42.4791,42.5535,42.0726,42.2907,208700
2025-08-26,42.3205,42.9253,42.3205,42.5783,875100
2025-08-27,42.3304,42.4989,41.8445,42.4791,288900
2025-08-28,42.5089,42.8262,42.1221,42.608,344200
2025-08-29,42.5188,43.8574,42.5188,43.7582,235600
2025-09-02,44.9085,45.2754,43.7781,44.4722,424200
2025-09-03,44.9481,45.6323,44.7399,45.4935,816200
2025-09-04,45.2059,46.0389,45.0572,45.9298,431900
2025-09-05,46.7627,47.6254,46.2471,47.1891,335000
2025-09-08,47.6254,48.1509,47.2783,47.9625,342700
2025-09-09,48.0121,48.5773,47.3775,47.556,607800
2025-09-10,48.0419,48.964,47.7741,48.8649,357300
2025-09-11,48.6864,49.321,48.4385,49.202,205000
2025-09-12,49.6879,49.7176,49.0533,49.3805,359500
2025-09-15,49.3904,51.0067,49.2615,50.3919,396600
2025-09-16,50.62,50.62,47.903,47.903,424100
2025-09-17,47.3775,48.7954,47.3775,48.4186,294600
2025-09-18,48.0518,48.9144,47.794,48.8847,274100
2025-09-19,49.3507,51.0364,49.3507,50.8877,886200
2025-09-22,51.6809,52.1271,50.8183,50.9075,467600
2025-09-23,51.1951,51.9189,50.2729,51.6115,600600
2025-09-24,51.6809,52.4742,50.6695,50.8381,536500
2025-09-25,51.205,52.028,50.8877,51.9387,552200
2025-09-26,52.1965,53.1286,51.7206,53.0592,269300
2025-09-29,53.8705,54.2478,53.4435,54.2181,379100
2025-09-30,53.7911,55.8466,53.4435,55.3898,533300
2025-10-01,55.3302,56.7502,55.2309,55.6381,402300
2025-10-02,55.8962,55.926,53.801,54.9727,720800
2025-10-03,55.0025,55.4097,54.4465,54.6451,525800
2025-10-06,54.8734,56.5516,54.7344,55.9657,612500
2025-10-07,56.3332,56.7701,55.4593,56.6112,541600
2025-10-08,57.4155,58.4284,55.8962,56.4523,614000
2025-10-09,56.5417,56.7701,52.3314,52.381,761900
2025-10-10,52.0732,52.8279,51.4476,52.3512,786400
2025-10-14,53.513,54.7344,53.0265,53.4534,638300
2025-10-15,54.0095,54.4167,53.5527,53.94,492500
2025-10-16,54.6153,56.3729,54.0592,55.8863,638000
2025-10-17,54.794,54.9628,51.5568,52.4307,692900
2025-10-20,53.9003,54.1088,52.2618,52.3512,541500
2025-10-21,50.0673,50.0673,47.0982,47.4358,964000
2025-10-22,46.7705,48.4288,46.4428,48.1409,762400
2025-10-23,48.4288,48.7565,46.6414,46.7606,639400
2025-10-24,46.562,46.7606,45.8272,46.3237,795900
2025-10-27,45.1619,45.1817,42.8084,44.0298,673300
2025-10-28,43.4737,44.3575,43.3645,44.0596,508100
2025-10-29,44.6852,44.7547,43.6426,44.2086,570900
2025-10-30,44.437,45.3803,44.3575,45.3108,520200
2025-10-31,45.4399,45.4399,44.149,44.6852,2074300
2025-11-03,44.8342,44.9037,43.871,44.4568,328400
2025-11-04,43.7617,43.8809,43.1262,43.1957,433300
2025-11-05,44.01,44.5859,43.8114,43.8511,253700
2025-11-06,42.9772,44.2284,42.4212,43.5532,679800
2025-11-07,43.8908,44.5958,43.4539,44.5263,650600
2025-11-10,45.9265,46.0258,44.437,44.9732,1140700
2025-11-11,45.4995,45.4995,44.2384,45.0626,560200
2025-11-12,45.2214,46.6216,44.854,46.4031,748600
2025-11-13,46.2939,46.4329,45.0824,45.569,333600
2025-11-14,43.9007,45.43,43.7021,45.1221,590100
2025-11-17,45.1321,45.1817,44.2185,44.4767,237500
2025-11-18,44.7051,45.6484,44.6058,45.0328,308700
2025-11-19,45.6087,46.4428,45.5591,46.2244,377000
2025-11-20,46.5421,47.5153,45.1321,45.1519,671200
2025-11-21,45.1023,46.1549,45.0526,45.1221,367800
2025-11-24,45.6286,47.1876,45.6286,47.1578,511800
2025-11-25,47.1379,47.4458,46.7705,46.989,240000
2025-11-26,47.2273,47.8728,47.0883,47.6841,325900
2025-11-27,48.0614,48.0614,47.5153,47.694,64700
2025-11-28,48.2203,48.6572,47.9572,48.3693,287300
2025-12-01,48.9551,48.9551,47.7238,47.982,415700
2025-12-02,47.6841,48.0019,46.284,47.2174,325600
2025-12-03,47.5252,48.1707,47.0883,47.1975,235300
2025-12-04,46.8599,47.9125,46.8599,47.4458,259300
2025-12-05,47.7834,47.843,46.562,46.6315,281900
2025-12-08,47.3564,47.3663,46.1549,46.1648,446000
2025-12-09,46.5322,47.7635,46.1251,47.7437,560300
2025-12-10,47.6046,48.7466,47.0287,48.2998,404100
2025-12-11,48.0118,49.4219,47.9919,49.114,511500
2025-12-12,49.9581,50.0673,48.7764,49.2928,807300
2025-12-15,49.5708,49.7595,47.3961,47.4557,555600
2025-12-16,47.3266,49.4119,47.1677,48.9253,505600
2025-12-17,49.5013,49.5509,47.9919,48.4586,855900
2025-12-18,48.2302,49.1339,47.9621,48.6771,537700
2025-12-19,48.7863,50.812,48.7863,50.6631,1479900
2025-12-22,51.5072,51.527,50.3553,50.4446,689400
2025-12-23,50.6234,51.0901,49.9283,50.8518,239600
2025-12-24,50.6035,50.6035,49.6502,50.3851,74600
2025-12-29,49.4516,49.8985,48.27,48.3991,291300
2025-12-30,49.1438,49.4914,48.7565,48.9253,482300
2025-12-31,48.7215,49.2088,48.3336,48.3535,177500
2026-01-02,48.9005,49.1392,46.8319,48.1347,343100
2026-01-05,48.8209,50.81,48.6519,48.6717,525300
2026-01-06,49.2685,50.6011,48.9999,50.5912,639200
2026-01-07,49.8055,53.0775,48.6817,52.8885,635000
2026-01-08,52.5802,52.61,51.4564,52.4609,333100
2026-01-09,52.7294,54.2212,52.5653,53.4156,382500
2026-01-12,54.3405,55.6135,54.2311,55.3847,764400
2026-01-13,55.7726,57.1252,55.5439,56.4887,560500
2026-01-14,57.0257,57.0356,55.2057,56.2997,448500
2026-01-15,55.7726,57.1252,55.5439,56.3793,422500
2026-01-16,55.882,57.0257,55.345,56.9959,530000
2026-01-19,57.6821,58.4379,57.0655,58.4081,111100
2026-01-20,59.701,60.7353,59.323,60.1783,538100
2026-01-21,61.143,61.6403,59.0744,59.5617,1068300
2026-01-22,59.3131,62.3563,59.3131,62.058,442800
2026-01-23,62.0381,62.784,61.0336,61.5905,442100
2026-01-26,63.0525,64.7432,61.9585,62.0878,476200
2026-01-27,62.3066,62.3165,59.5816,62.1674,387400
2026-01-28,63.2017,63.9376,62.1773,63.1221,460600
2026-01-29,63.4006,63.6094,60.1187,61.3121,760300
2026-01-30,58.3385,59.2733,52.9581,53.3957,846500
2026-02-02,54.2709,55.5936,52.2818,52.6498,540300
2026-02-03,55.693,55.7229,52.8587,54.6786,577500
2026-02-04,55.5339,56.0411,53.4156,55.8223,450500
2026-02-05,53.7836,55.0367,52.5404,52.7194,346700
2026-02-06,53.8234,55.2455,53.5051,54.3803,388000
2026-02-09,54.798,56.9959,54.798,56.8566,296200
2026-02-10,56.3793,58.1992,56.1107,57.9208,266400
2026-02-11,58.7064,59.6114,57.9307,59.2833,389600
2026-02-12,58.1793,58.8357,54.4797,54.5195,815300
2026-02-13,55.4743,57.9506,55.2555,57.8512,295400
2026-02-17,55.8919,57.4533,54.8974,57.3638,302800
2026-02-18,57.5727,59.8899,57.5727,59.3131,409500
2026-02-19,58.3882,59.1042,56.6876,57.1053,415300
2026-02-20,57.5528,59.8004,56.976,59.4026,614900
2026-02-23,60.7054,61.322,59.5816,60.9242,368400
2026-02-24,59.8302,62.5552,59.3529,61.9685,277500
2026-02-25,62.6746,62.9431,61.5209,62.3165,141500
2026-02-26,61.7894,64.1266,61.4712,64.0072,304000
2026-02-27,64.1862,65.1807,63.4105,64.2757,583000
2026-03-02,64.5045,65.0017,62.1872,64.8923,264000
2026-03-03,62.4458,62.5851,58.6468,59.8501,421900
2026-03-04,61.2524,61.6602,59.2236,59.7606,373000
2026-03-05,58.6567,58.6567,57.0356,58.5175,384800
2026-03-06,57.4533,59.0446,56.1306,58.1992,501500
2026-03-09,56.8566,59.0744,55.5836,58.6368,511100
2026-03-10,59.3529,60.2479,58.239,59.0048,251300
2026-03-11,58.0799,58.1893,56.4041,58.0202,328700
2026-03-12,58.4379,58.4578,56.9064,57.0257,444300
2026-03-13,56.6378,56.9362,53.9029,55.0665,545300
2026-03-16,53.9327,56.0809,53.4852,54.7582,437900
2026-03-17,54.9869,56.0013,53.704,54.1018,258800
2026-03-18,52.6299,52.6896,50.0541,50.2729,453000
2026-03-19,48.3933,48.3933,45.8374,47.2396,792600
2026-03-20,47.18,47.3291,44.3257,44.8727,956200
2026-03-23,45.2009,47.3093,45.2009,46.9015,507700
2026-03-24,46.1059,47.6374,45.6086,47.4286,346200
2026-03-25,49.3679,49.6265,47.4286,47.7468,506600
2026-03-26,46.8021,48.6717,46.6429,47.0407,323600
2026-03-27,47.0507,48.98,46.8418,48.5922,285900
2026-03-30,49.0795,49.7558,48.2938,48.8706,395600
2026-03-31,49.9833,53.1707,49.9833,52.7623,531100
2026-04-01,53.7684,56.3383,53.619,55.5613,555500
2026-04-02,52.7125,56.2287,52.7026,55.8502,392400
2026-04-06,55.3721,55.9,54.7644,55.1828,469300
2026-04-07,55.3521,55.6709,53.9028,55.5713,593300
2026-04-08,58.4898,58.4898,55.1131,55.4617,776200
2026-04-09,55.4617,56.5076,54.3162,54.5951,240900
2026-04-10,54.7146,55.4816,53.9875,54.3461,441500
2026-04-13,53.4994,54.8541,53.4994,54.2266,301600
2026-04-14,54.8541,55.2226,54.1568,55.0533,310000
2026-04-15,54.9537,55.4816,54.1021,54.9039,324300
2026-04-16,55.2525,55.9448,54.9437,55.8303,355700
2026-04-17,56.8761,59.4161,56.4179,58.2009,695000
2026-04-20,57.5834,58.4898,57.0256,58.191,307600
2026-04-21,57.6531,57.8623,53.8182,53.9277,403300
2026-04-22,55.133,55.631,54.3361,55.123,399200
2026-04-23,54.2664,55.4119,53.2006,54.6947,591800
2026-04-24,55.2824,55.5713,54.5055,54.9836,431300
2026-04-27,54.7047,54.7047,52.8221,52.9117,528600
2026-04-28,51.6567,51.7961,49.9833,51.2582,462300
2026-04-29,50.4514,51.2383,49.6346,49.7741,645100
2026-04-30,51.4077,51.5322,49.7841,49.8339,1068400
2026-05-01,49.9633,49.9633,49.0569,49.6944,215000
2026-05-04,49.2262,49.794,48.6386,48.9573,352900
2026-05-05,49.5948,49.8189,48.788,49.0071,201000
2026-05-06,51.2483,52.6826,51.2483,52.6229,343600
2026-05-07,53.7783,55.2725,50.8001,50.9096,529700
2026-05-08,51.4973,52.6129,51.1985,52.3639,461400
2026-05-11,52.7623,55.0683,52.7623,54.2664,391100
2026-05-12,53.1508,54.5055,52.0551,54.1369,294000
2026-05-13,53.6389,54.2664,52.7922,53.5194,155500
2026-05-14,53.5293,53.5293,51.567,52.3938,375400
2026-05-15,50.6208,50.6208,49.0669,49.8837,332800
2026-05-19,49.2462,49.276,47.6823,48.5888,355000
2026-05-20,49.1366,49.7442,48.2302,49.286,369800
2026-05-21,48.4891,49.7342,48.3099,48.8477,172100
2026-05-22,48.9075,49.3657,48.0708,48.9872,178100
2026-05-25,49.4055,52.0352,49.4055,51.2383,96200
2026-05-26,50.053,51.1686,49.9335,50.7901,209100
2026-05-27,49.6247,50.4016,49.1565,49.2462,436300
2026-05-28,48.9374,50.5112,48.3099,49.2561,366400
2026-05-29,50.043,51.3977,49.2561,51.1786,1663900
2026-06-01,49.4155,49.7044,47.8019,49.535,199000
2026-06-02,49.6944,50.9893,48.9971,50.82,250700
2026-06-03,50.063,50.2821,48.5589,48.8876,406800
2026-06-04,49.4653,50.9096,49.4653,50.053,214100
2026-06-05,48.8577,48.8577,46.756,46.9353,342900
2026-06-08,47.0946,47.9313,46.746,46.9153,568300
2026-06-09,47.5528,47.5628,44.7837,45.8794,359100
2026-06-10,44.4451,45.5408,43.5984,43.688,557200
2026-06-11,44.2359,45.8894,43.9769,45.4511,335600
2026-06-12,45.979,47.3138,45.3814,47.1146,395100
2026-06-15,49.7841,51.1885,49.7841,50.3717,354800
2026-06-16,50.8299,51.6268,50.4315,51.3678,365200
2026-06-17,50.9495,53.4098,50.6606,50.7004,327200
2026-06-18,50.6008,51.7463,47.762,49.0569,618800
2026-06-19,48.2501,48.2501,47.0946,47.2938,278700
2026-06-22,47.3835,48.2202,47.1245,47.772,700400
2026-06-23,45.8794,46.5667,45.3814,45.5706,457600
2026-06-24,43.7179,44.9033,43.7179,44.4749,486600
2026-06-25,45.5109,45.6902,44.0715,44.455,350100
2026-06-26,44.7937,45.9193,44.6144,45.5009,389700
2026-06-29,45.481,45.73,44.5945,45.1822,434400
2026-06-30,45.1742,45.4137,44.0463,44.8248,522200
2026-07-02,44.8248,45.8329,42.8087,44.3757,699700
2026-07-03,45.0045,45.6233,44.9546,45.0844,114000
2026-07-06,45.2441,45.2441,43.3477,43.7868,769900
2026-07-07,43.3177,43.9565,42.1499,42.629,822900
2026-07-08,41.7806,42.0801,40.5729,41.3015,458400
2026-07-09,41.9703,42.6989,41.4513,42.0501,625400
2026-07-10,41.3714,41.7956,40.8823,41.4013,260300
2026-07-13,40.8025,40.8724,39.994,40.5729,551600
2026-07-14,41.2217,41.5461,40.3034,40.513,498800
2026-07-15,40.4831,40.8025,39.7345,40.3533,472500
2026-07-16,39.7345,39.7345,38.966,39.3453,566100
2026-07-17,38.7464,39.9541,38.5068,39.5748,209200
2026-07-20,39.5449,40.0339,39.2953,39.3952,141300
2026-07-21,40.4032,41.2716,40.3733,41.1019,620500
2026-07-22,41.9303,42.3895,41.2217,41.4313,328700
2026-07-23,40.5629,40.9322,40.1338,40.8224,547300
2026-07-24,41.082,41.6708,40.6128,41.052,306200
2026-07-27,41.5311,42.0451,40.543,41.6609,443400
2026-07-28,40.8823,41.5012,40.3583,41.4313,486300
2026-07-29,41.1818,42.4693,40.3683,41.4213,330600
2026-07-30,42.2897,42.9284,41.6858,42.8785,311300
2026-07-31,41.9403,42.4494,41.3315,41.581,525600
2026-08-04,43.4774,44.1362,43.0183,43.2179,518800
2026-08-05,45.1243,46.1723,44.6202,45.1143,326000
2026-08-06,44.6951,45.2341,44.3158,44.9845,289500
2026-08-07,46.9109,47.6495,45.274,45.9926,569800
2026-08-10,45.8329,47.2103,45.6034,46.9508,444000
2026-08-11,46.7711,47.0406,46.3719,46.7612,332800
2026-08-12,47.8591,47.9489,46.6314,46.841,351900
2026-08-13,46.2322,46.2422,45.3738,45.6333,208400
2026-08-14,45.8629,46.4218,45.5634,46.2022,175000
2026-08-17,46.4019,46.8011,45.9727,46.1523,227100
2026-08-18,45.5036,45.6233,44.6452,44.8049,322800
2026-08-19,46.6015,48.3182,46.4318,48.1186,449200
2026-08-20,47.4998,49.2015,47.4998,48.6276,405700
2026-08-21,49.6157,49.7655,48.6975,49.5359,430500
2026-08-24,50.1447,52.2807,49.9052,51.8216,884200
2026-08-25,50.9532,53.7878,50.9432,53.678,497800
2026-08-26,52.8696,54.1372,52.8696,53.2089,725500
2026-08-27,52.9694,54.0124,52.8895,53.4485,281700
2026-08-28,53.5882,53.9575,51.3225,51.8615,395500
2026-08-31,51.4822,51.5022,50.3244,51.0929,406200
2026-09-01,49.5359,51.3475,49.2365,49.3363,307600
2026-09-02,50.4541,51.3524,50.1248,50.7735,332100
2026-09-03,52.1709,52.1709,51.2427,51.9114,244200
2026-09-04,50.8734,52.101,50.8634,51.5321,153300
2026-09-08,51.1029,52.1409,50.6937,50.7735,545600
2026-09-09,51.7716,52.4005,50.9931,51.2526,221400
2026-09-10,49.9052,50.1847,49.2564,49.3962,281100
2026-09-11,50.4641,50.6039,49.3862,49.8154,254600
2026-09-14,48.7374,49.456,48.1485,49.3063,511300
2026-09-15,49.3662,49.5559,48.3881,49.3463,535100
2026-09-16,50.1647,50.4042,48.7873,49.456,506600
2026-09-17,50.8634,51.8116,50.0948,51.6619,209500
2026-09-18,51.7617,51.7617,50.7186,51.2726,594600
2026-09-21,51.4822,51.4822,49.9252,50.6338,273700
2026-09-22,50.8434,52.9993,50.539,52.7897,179100
2026-09-23,51.4423,51.4423,50.3743,50.7037,176500
2026-09-24,50.2046,50.5839,49.7655,50.3543,201000
2026-09-25,50.4641,50.6538,49.8753,50.534,112200
2026-09-28,48.6576,49.3662,47.9988,48.428,462400
2026-09-29,48.73,48.86,48.17,48.61,188700
2026-09-30,48.89,49.24,48.45,48.8,265500
2026-10-01,49.04,49.14,48.17,48.27,166500
2026-10-02,48.9,49.36,48.38,49.1,150500
2026-10-05,49.32,49.32,48.36,49.12,145500
2026-10-06,49.34,49.66,48.83,49,165200
