date,open,high,low,close,volume
2004-01-02,19.5351,19.5351,19.2262,19.2605,196200
2004-01-05,19.312,19.5122,19.312,19.5065,347100
2004-01-06,19.7353,20.313,19.6838,20.2673,807700
2004-01-07,20.1643,20.3016,20.0213,20.2272,737200
2004-01-08,20.5075,20.6563,20.2787,20.6563,507200
2004-01-09,20.7649,20.7649,20.3988,20.6105,432100
2004-01-12,20.5819,20.9938,20.4789,20.9766,360200
2004-01-13,20.8794,21.52,20.8507,21.4514,924700
2004-01-14,21.4514,21.6058,21.1253,21.1596,450600
2004-01-15,21.2226,21.5658,21.1482,21.48,455600
2004-01-16,21.623,21.6687,21.3827,21.4228,429900
2004-01-20,21.2226,21.4171,21.1139,21.4171,341200
2004-01-21,21.48,21.6859,21.3427,21.5658,918900
2004-01-22,21.5658,21.5658,21.2569,21.337,425000
2004-01-23,21.2798,21.4228,21.2798,21.337,648400
2004-01-26,21.3656,21.3942,21.1825,21.1882,829500
2004-01-27,21.2512,21.3656,21.0224,21.194,747300
2004-01-28,21.1368,21.2569,20.9194,20.948,561900
2004-01-29,20.9537,21.1654,20.6963,21.1196,427000
2004-01-30,20.9365,21.1768,20.7478,21.051,332800
2004-02-02,21.051,21.1082,20.4046,20.7649,499900
2004-02-03,20.8507,20.8851,20.5361,20.6277,522300
2004-02-04,20.3931,20.5476,20.3359,20.4846,285500
2004-02-05,20.6219,20.6391,20.2787,20.3359,585200
2004-02-06,20.3931,21.1539,20.3931,21.0223,501900
2004-02-09,21.0738,21.3885,21.0738,21.2226,374300
2004-02-10,20.8793,20.9766,20.5819,20.7192,681700
2004-02-11,20.7363,21.2226,20.6677,21.194,465000
2004-02-12,21.194,21.194,20.9995,21.0738,393300
2004-02-13,21.051,21.2226,20.5075,20.7363,434800
2004-02-17,20.8794,20.9137,20.6963,20.7649,282600
2004-02-18,20.6219,20.9709,20.6105,20.9251,301700
2004-02-19,20.9136,21.1204,20.6092,20.6437,297500
2004-02-20,20.6666,21.1376,20.4254,20.7987,507200
2004-02-23,20.7987,20.9136,20.569,20.5805,341100
2004-02-24,20.5805,20.592,20.2703,20.3909,335900
2004-02-25,20.3622,20.6034,20.1669,20.5345,375900
2004-02-26,20.5403,20.8734,20.2473,20.8504,252300
2004-02-27,20.7643,21.3214,20.7413,21.1606,549200
2004-03-01,21.2812,21.6086,21.1836,21.4823,387000
2004-03-02,21.3961,21.7752,21.1951,21.2525,556000
2004-03-03,21.2525,21.4306,21.1089,21.3961,363000
2004-03-04,21.31,21.5971,21.1664,21.5914,318700
2004-03-05,21.5971,21.8269,21.4306,21.7522,320700
2004-03-08,21.7522,21.7522,21.4019,21.4019,216300
2004-03-09,21.2812,21.511,21.1664,21.3904,379200
2004-03-10,21.3961,21.488,21.04,21.04,378300
2004-03-11,21.0457,21.4995,20.8907,21.1664,583300
2004-03-12,21.1836,21.7178,21.1836,21.7005,342900
2004-03-15,21.7063,21.7465,21.3961,21.4421,519100
2004-03-16,21.5282,21.6948,21.2238,21.4248,358000
2004-03-17,21.6546,21.8958,21.6374,21.8556,444000
2004-03-18,21.7695,21.7695,21.1836,21.287,1027800
2004-03-19,21.5972,21.6086,20.9538,20.994,605000
2004-03-22,20.9653,20.9653,20.6437,20.8447,302700
2004-03-23,20.7758,20.8045,20.5575,20.6207,438200
2004-03-24,20.6207,20.6494,20.3622,20.6264,433800
2004-03-25,20.77,21.2927,20.6781,21.287,420800
2004-03-26,21.3214,21.4995,21.063,21.1549,395500
2004-03-29,21.0974,21.5569,21.0974,21.4191,256300
2004-03-30,21.534,22.1141,21.534,22.0911,584400
2004-03-31,21.9992,22.3956,21.9303,22.2462,565800
2004-04-01,22.1715,22.8666,22.1715,22.8493,697000
2004-04-02,22.947,22.9757,22.654,22.8493,464300
2004-04-05,22.6885,22.8723,22.6138,22.8436,291400
2004-04-06,22.8321,22.9183,22.7459,22.8838,253800
2004-04-07,22.8608,22.8895,22.4702,22.6598,271900
2004-04-08,22.9642,22.9642,22.654,22.8378,278300
2004-04-12,22.7459,22.9183,22.7459,22.8378,174900
2004-04-13,22.3898,22.3956,21.6833,21.7867,689900
2004-04-14,21.7293,22.0624,21.6546,21.7522,384200
2004-04-15,21.7465,21.9705,21.6776,21.9648,309400
2004-04-16,22.8034,23.2916,22.5449,22.7115,1657300
2004-04-19,22.7115,22.9182,22.453,22.8895,612700
2004-04-20,22.8895,22.9527,22.4013,22.407,473200
2004-04-21,22.4415,22.9355,22.3726,22.878,320900
2004-04-22,22.9183,23.2284,22.8149,23.0619,603300
2004-04-23,23.0618,23.5099,22.901,23.4065,587400
2004-04-26,23.2629,23.4639,22.252,22.5966,923500
2004-04-27,21.8269,21.8269,20.9653,21.5225,1175200
2004-04-28,21.5799,21.8097,21.241,21.4708,687700
2004-04-29,21.5857,21.5914,20.8504,21.04,570900
2004-04-30,20.9825,21.287,20.7413,21.1319,526800
2004-05-03,21.0802,21.7867,21.0802,21.7867,732700
2004-05-04,21.7005,21.9705,21.6489,21.7293,533700
2004-05-05,21.7293,21.8729,21.6431,21.7924,293900
2004-05-06,21.758,21.7982,21.2812,21.6316,324800
2004-05-07,21.6144,21.7637,21.017,21.017,439200
2004-05-10,20.9079,20.9366,20.1784,20.4943,741200
2004-05-11,20.4656,21.017,20.4656,20.9251,497800
2004-05-12,20.8964,20.9136,20.368,20.7298,569400
2004-05-13,20.7068,20.8734,20.5001,20.7126,615000
2004-05-14,20.7528,20.8504,20.4771,20.6609,461800
2004-05-17,20.5632,20.6494,20.2875,20.299,587800
2004-05-18,20.374,20.5932,20.374,20.5009,400300
2004-05-19,20.5644,21.0259,20.4894,20.8124,579300
2004-05-20,20.9105,21.1701,20.7201,21.0778,517600
2004-05-21,21.6315,21.6604,21.2104,21.2681,716000
2004-05-24,21.3085,21.4296,21.2681,21.3143,428100
2004-05-25,21.1124,21.4354,21.0835,21.4008,715300
2004-05-26,21.4469,21.4469,21.2566,21.3662,359100
2004-05-27,21.4296,21.7181,21.3489,21.4931,226400
2004-05-28,21.5046,21.5162,21.2739,21.4296,246800
2004-06-01,21.47,21.5162,21.3316,21.4585,288900
2004-06-02,21.4585,21.5392,21.3316,21.4816,415100
2004-06-03,21.4585,21.4585,21.0143,21.0316,506900
2004-06-04,21.1239,21.1816,20.9105,21.0893,297300
2004-06-07,21.1758,21.7238,21.1758,21.7238,236400
2004-06-08,21.718,22.0065,21.62,22.0065,469700
2004-06-09,22.018,22.018,21.7007,21.7584,247800
2004-06-10,21.7469,21.8161,21.5335,21.7411,272800
2004-06-14,21.7411,21.9776,21.7181,21.8046,361800
2004-06-15,22.0353,22.3757,22.0122,22.2084,523700
2004-06-16,22.2891,22.3122,22.0584,22.2718,225300
2004-06-17,22.3122,22.7852,22.2026,22.7217,380500
2004-06-18,22.7218,22.8025,22.5256,22.5718,410900
2004-06-21,22.5718,22.641,22.3583,22.4103,311000
2004-06-22,22.4391,22.5141,22.2199,22.393,425600
2004-06-23,22.4679,22.9986,22.3987,22.9237,473500
2004-06-24,22.9294,22.9871,22.6468,22.6756,637600
2004-06-25,22.7737,23.0448,22.641,22.9525,450300
2004-06-28,22.9871,23.0736,22.6352,22.7448,405100
2004-06-29,22.6122,23.0736,22.6122,23.0736,460300
2004-06-30,23.0044,23.2409,22.8602,23.114,442100
2004-07-01,23.0736,23.0736,22.6756,22.7852,512600
2004-07-02,22.814,22.814,22.318,22.416,413700
2004-07-06,22.4218,22.6525,22.3872,22.393,339900
2004-07-07,22.393,22.5949,22.393,22.5026,261400
2004-07-08,22.5026,22.6352,21.9949,21.9949,339900
2004-07-09,22.0815,22.1795,21.8738,22.0872,273300
2004-07-12,22.1622,22.168,21.9949,22.0699,305500
2004-07-13,22.1853,22.3064,22.0757,22.2718,231800
2004-07-14,22.2545,22.6698,22.1565,22.4622,279700
2004-07-15,22.4564,22.9813,22.4564,22.8775,368500
2004-07-16,23.189,23.189,22.7852,22.814,339500
2004-07-19,22.814,23.0967,22.7852,23.0217,494500
2004-07-20,22.9006,23.2005,22.9006,23.114,850000
2004-07-21,23.1602,23.6447,23.1255,23.4255,747100
2004-07-22,23.4313,23.4313,22.8025,22.9871,691400
2004-07-23,23.2467,23.6389,23.2236,23.3332,898900
2004-07-26,23.2755,23.7082,23.2755,23.6793,779000
2004-07-27,23.7139,24.3888,23.6908,24.3369,944700
2004-07-28,24.3369,24.585,24.1812,24.4869,957100
2004-07-29,24.6138,25.0118,24.5157,24.9945,953300
2004-07-30,25.0003,25.0753,24.7176,24.7465,691900
2004-08-02,24.7465,25.456,24.5446,25.3983,865000
2004-08-03,25.4041,25.7848,25.3406,25.5887,1164700
2004-08-04,25.4675,25.5483,25.306,25.3925,491500
2004-08-05,25.4156,25.5425,25.0868,25.0868,632700
2004-08-06,25.0926,25.0926,24.4177,24.4753,863200
2004-08-09,24.5157,24.7407,24.4927,24.608,500800
2004-08-10,24.6311,25.2022,24.6311,25.2022,479200
2004-08-11,25.1503,25.1733,24.8042,24.8503,733800
2004-08-12,24.8618,24.9195,24.4119,24.4696,591500
2004-08-13,24.4811,24.6138,24.1985,24.2908,351200
2004-08-16,24.2908,24.8618,24.2908,24.8157,422700
2004-08-17,24.8157,25.1503,24.6888,24.8099,390900
2004-08-18,24.8099,25.1804,24.7405,25.1514,415900
2004-08-19,25.1514,25.3309,24.8331,24.9778,350500
2004-08-20,25.1804,25.2904,25.0646,25.1804,372600
2004-08-23,25.1225,25.4004,24.9083,24.9488,337800
2004-08-24,25.0646,25.2093,24.891,25.0878,275600
2004-08-25,25.0646,25.2093,24.9951,25.1572,387700
2004-08-26,25.0357,25.3888,25.0357,25.3425,427400
2004-08-27,25.4409,25.4409,25.053,25.0762,400100
2004-08-30,25.0936,25.0936,24.6131,24.8389,386300
2004-08-31,24.9546,25.3598,24.9546,25.3598,437000
2004-09-01,25.4119,25.5393,25.2904,25.4409,412400
2004-09-02,25.3946,25.9561,25.3425,25.9213,364000
2004-09-03,25.9329,26.1355,25.8635,25.9619,225600
2004-09-07,25.9619,26.1066,25.794,25.9271,330000
2004-09-08,25.9445,26.0082,25.7014,25.7592,290200
2004-09-09,25.684,25.9561,25.684,25.9155,335600
2004-09-10,25.8577,26.0313,25.7129,25.9445,447800
2004-09-13,25.9908,26.1181,25.8577,26.0429,275300
2004-09-14,26.0429,26.4249,25.8576,26.3728,488300
2004-09-15,26.2281,26.4249,26.1239,26.3786,715300
2004-09-16,26.3844,26.616,26.3844,26.5986,441000
2004-09-17,26.8591,27.1485,26.6218,27.108,890200
2004-09-20,26.9112,27.0038,26.7317,26.7665,456300
2004-09-21,26.7665,27.0617,26.697,27.0617,444600
2004-09-22,27.0385,27.0385,26.5523,26.5754,545400
2004-09-23,26.5812,27.1717,26.367,26.616,456700
2004-09-24,26.5118,26.9343,26.5118,26.8649,231900
2004-09-27,26.8649,26.8707,26.4134,26.5118,526500
2004-09-28,26.5812,26.917,26.5697,26.8475,299100
2004-09-29,26.8533,27.079,26.7433,26.9517,246900
2004-09-30,27.0385,27.2874,26.9691,27.2295,366600
2004-10-01,27.1832,27.6,27.1369,27.5827,391100
2004-10-04,27.6405,27.7389,27.2469,27.4206,407400
2004-10-05,27.5653,27.9936,27.5306,27.9589,333100
2004-10-06,28.0052,28.3294,27.9879,28.3178,388300
2004-10-07,28.3178,28.3294,28.092,28.1962,537700
2004-10-08,28.202,28.231,27.9647,28.0863,467900
2004-10-11,28.1615,28.1789,27.7853,27.9473,320200
2004-10-12,27.8894,27.9242,27.4727,27.6116,452800
2004-10-13,27.8431,27.8489,27.0327,27.0675,656300
2004-10-14,27.108,27.4611,26.9806,27.3048,564400
2004-10-15,26.9749,27.6405,26.8822,27.5769,776200
2004-10-18,27.5074,28.1036,27.4264,28.092,520100
2004-10-19,28.0284,28.4625,27.9589,27.9821,550600
2004-10-20,27.9821,27.9821,27.7621,27.9705,424500
2004-10-21,28.0052,28.3641,27.7505,28.2773,374400
2004-10-22,28.2831,28.5957,27.4669,27.4669,535900
2004-10-25,27.4669,27.5769,26.917,27.4669,586600
2004-10-26,27.7563,27.9416,27.4727,27.9358,484700
2004-10-27,27.9358,28.2831,27.9242,28.2657,581300
2004-10-28,28.2657,28.6767,28.1326,28.6767,633600
2004-10-29,28.4799,29.5218,28.4799,29.0009,470600
2004-11-01,28.9719,29.2903,28.7693,29.0587,619300
2004-11-02,29.0587,29.0645,28.5088,28.6825,709200
2004-11-03,29.0877,29.2035,28.943,29.2035,442100
2004-11-04,29.1745,30.2512,29.1456,30.2107,647200
2004-11-05,30.2223,30.3843,30.1296,30.2396,343000
2004-11-08,30.2744,30.639,30.1586,30.5059,438900
2004-11-09,30.5059,30.6738,30.2743,30.4191,425400
2004-11-10,30.5638,30.8417,30.3612,30.6854,334700
2004-11-11,30.7664,30.9806,30.6796,30.94,364700
2004-11-12,30.778,31.0848,30.4364,31.0674,540900
2004-11-15,31.2121,31.5189,30.9111,31.4899,526300
2004-11-16,31.5131,31.5594,31.3453,31.4205,601000
2004-11-17,31.7514,32.2448,31.6353,31.9197,782700
2004-11-18,31.8617,31.972,31.6063,31.8675,464000
2004-11-19,31.8733,31.9081,30.8458,30.869,912800
2004-11-22,30.9271,31.3683,30.811,30.8923,690800
2004-11-23,30.8923,31.0954,30.5962,30.6949,666800
2004-11-24,30.7704,31.0838,30.7123,31.0722,395900
2004-11-26,31.1419,31.2464,30.8807,30.8923,83200
2004-11-29,30.8981,31.0838,30.4511,30.8284,608200
2004-11-30,30.9097,31.1477,30.7123,31.1361,634400
2004-12-01,31.1129,32.0706,31.1129,31.9894,706500
2004-12-02,31.8442,32.0184,31.6411,31.6643,549700
2004-12-03,31.5192,31.5192,31.1303,31.2406,612300
2004-12-06,31.2405,31.2405,30.811,30.8516,665600
2004-12-07,30.9851,30.9851,30.3408,30.3873,681800
2004-12-08,30.1261,30.5324,29.9461,30.0274,1000400
2004-12-09,29.9577,30.0506,29.8068,30.0448,730400
2004-12-10,30.0448,30.2596,29.9229,30.039,411600
2004-12-13,30.0854,30.3234,30.0274,30.2886,635900
2004-12-14,30.2886,31.3857,30.2886,31.2522,689600
2004-12-15,31.374,31.554,31.0258,31.4495,652900
2004-12-16,31.5772,31.5772,31.078,31.3799,413100
2004-12-17,31.3799,31.6411,31.2754,31.6353,801400
2004-12-20,31.0548,31.1825,28.3092,28.4253,2840700
2004-12-21,28.4427,28.4717,26.8232,27.2528,3027200
2004-12-22,27.4559,27.6301,27.2818,27.3747,1270100
2004-12-23,27.3747,27.5372,27.2818,27.3631,542400
2004-12-27,27.3282,27.4791,27.0844,27.2005,517500
2004-12-28,27.247,27.4095,27.2179,27.3224,661200
2004-12-29,27.3398,27.6707,27.3398,27.6068,730500
2004-12-30,27.543,27.7984,27.4037,27.7171,365800
2004-12-31,27.7752,27.9957,27.7171,27.7287,335500
2005-01-03,27.7287,27.7578,26.9567,27.1193,1037200
2005-01-04,27.1076,27.2644,26.7884,26.8464,915800
2005-01-05,26.8464,27.1367,26.8174,26.9915,767700
2005-01-06,26.9451,27.3805,26.9451,27.1541,607300
2005-01-07,27.1541,27.1831,26.8407,26.9277,561300
2005-01-10,26.7594,27.4443,26.7594,27.2818,582700
2005-01-11,27.1367,27.2237,26.7652,26.7768,559400
2005-01-12,26.6781,26.9393,26.3763,26.8523,489500
2005-01-13,26.8522,27.1018,26.4111,26.4401,507000
2005-01-14,26.5098,26.7303,26.4401,26.6433,596900
2005-01-18,26.3937,26.9741,26.0396,26.9335,721600
2005-01-19,26.8,26.8697,26.3821,26.4517,469500
2005-01-20,26.2428,26.533,26.0802,26.0802,676100
2005-01-21,26.1325,26.2311,25.6971,25.6971,535100
2005-01-24,25.761,25.8887,25.5462,25.5462,468900
2005-01-25,25.6275,26.0106,25.6275,25.8248,573400
2005-01-26,25.79,26.1673,25.7261,26.1093,574900
2005-01-27,26.1615,26.4285,25.9119,26.0918,273400
2005-01-28,26.1499,26.1499,25.552,25.7726,496200
2005-01-31,26.0454,26.4749,26.0048,26.4401,319200
2005-02-01,26.353,26.6201,26.2486,26.4401,301900
2005-02-02,26.4401,26.6723,26.3588,26.6317,278000
2005-02-03,26.6433,26.7594,26.4401,26.6607,615700
2005-02-04,26.4111,26.4111,25.9757,26.1325,863500
2005-02-07,26.0802,26.3879,26.0106,26.2718,330500
2005-02-08,26.1789,26.7652,26.1499,26.7478,541200
2005-02-09,26.6433,26.6433,25.9642,25.9642,451800
2005-02-10,25.9641,26.2486,25.8596,26.0686,368900
2005-02-11,26.0744,26.3182,25.8945,26.057,444900
2005-02-14,25.999,26.0628,25.5694,25.7726,406900
2005-02-15,25.7726,25.848,25.4243,25.8248,526700
2005-02-16,25.7957,25.8365,25.5277,25.7433,358400
2005-02-17,25.7782,25.9413,25.3704,25.3996,453100
2005-02-18,25.4695,25.5685,25.0384,25.0908,527100
2005-02-22,25.0966,25.1083,24.6306,24.6481,615900
2005-02-23,24.7587,25.0325,24.5199,24.817,1016000
2005-02-24,24.8345,24.8986,24.5956,24.8112,797200
2005-02-25,24.8694,25.2539,24.6422,25.05,865100
2005-02-28,25.1083,25.1083,24.584,24.7354,838700
2005-03-01,24.817,24.9859,24.7704,24.9044,436400
2005-03-02,24.8986,24.8986,24.351,24.5548,865000
2005-03-03,24.5956,24.7296,24.4092,24.5548,650800
2005-03-04,24.6131,25.1665,24.549,25.1141,667400
2005-03-07,25.1083,25.1491,24.8578,24.9044,372800
2005-03-08,24.8694,25.551,24.852,25.5219,1255000
2005-03-09,25.4229,25.5219,25.1199,25.3646,688500
2005-03-10,25.2947,25.4403,25.1782,25.3413,330100
2005-03-11,25.3996,25.6967,25.3996,25.6617,571700
2005-03-14,25.7141,25.8656,25.586,25.8423,727800
2005-03-15,25.8656,26.0986,25.784,25.8132,409800
2005-03-16,25.7141,25.72,25.1898,25.4462,790700
2005-03-17,25.4462,25.452,25.0151,25.1025,402800
2005-03-18,25.1083,25.1316,24.4849,24.7238,668500
2005-03-21,24.7937,24.9743,24.6014,24.8461,715400
2005-03-22,24.8286,25.1607,24.6014,24.6189,495800
2005-03-23,24.5549,24.5549,24.1878,24.45,511200
2005-03-24,24.4209,24.8053,24.3859,24.7005,880000
2005-03-28,24.7005,24.8345,24.6422,24.7529,469400
2005-03-29,24.7238,24.7879,24.0538,24.1878,771800
2005-03-30,24.1471,24.4616,24.1412,24.45,434800
2005-03-31,24.4092,24.6073,24.1937,24.2927,645000
2005-04-01,24.3568,24.6131,24.1179,24.1937,448200
2005-04-04,24.1762,24.1762,23.8383,24.1179,548200
2005-04-05,24.1121,24.4383,24.1121,24.3801,299800
2005-04-06,24.3742,24.549,24.3742,24.4675,405400
2005-04-07,24.4733,24.6364,24.2344,24.5199,336400
2005-04-08,24.5723,24.5723,24.1587,24.182,816600
2005-04-11,24.2286,24.4558,24.0888,24.3335,437100
2005-04-12,24.2752,24.683,23.9781,24.6772,481100
2005-04-13,24.6539,24.6772,24.0072,24.0655,605000
2005-04-14,24.1354,24.2694,23.2033,23.413,785000
2005-04-15,23.215,23.5354,22.7897,22.9412,926800
2005-04-18,23.4946,23.4946,22.8072,22.9645,386600
2005-04-19,22.9645,23.1392,22.7373,22.8013,468600
2005-04-20,22.7722,22.8363,22.2246,22.277,706200
2005-04-21,22.4402,22.7198,22.3877,22.6499,777800
2005-04-22,22.5916,22.6615,22.2887,22.4868,318800
2005-04-25,22.4868,22.7314,22.3411,22.4518,441600
2005-04-26,22.446,22.446,21.9916,22.0557,556800
2005-04-27,21.9392,22.0615,21.6421,21.9159,632700
2005-04-28,22.4868,22.4868,21.543,21.5896,784500
2005-04-29,21.7061,21.9625,21.211,21.5139,863700
2005-05-02,21.5256,21.8693,21.3683,21.6013,548800
2005-05-03,21.5372,21.776,21.409,21.5314,577600
2005-05-04,21.5547,21.8459,21.3799,21.7178,811400
2005-05-05,21.7586,21.9508,21.409,21.4556,823000
2005-05-06,21.5721,21.5721,21.211,21.31,712200
2005-05-09,21.2051,21.543,21.1993,21.543,415800
2005-05-10,21.5547,21.5547,21.0944,21.2459,814800
2005-05-11,21.3216,21.5547,21.2634,21.4265,579400
2005-05-12,21.4556,21.4731,20.9721,21.0071,525200
2005-05-13,21.0595,21.0886,20.6867,20.7682,797400
2005-05-16,20.8148,21.2634,20.8148,21.2459,606900
2005-05-17,21.1644,21.1877,20.7973,21.042,868300
2005-05-18,21.1298,22.1245,21.1298,21.9724,951700
2005-05-19,22.0602,22.066,21.5043,21.6857,644200
2005-05-20,21.6974,21.7091,21.516,21.6623,301500
2005-05-23,21.6564,21.8905,21.6564,21.8788,329600
2005-05-24,21.8495,21.8495,21.4867,21.7852,527800
2005-05-25,21.6974,21.7032,21.5394,21.6857,768900
2005-05-26,21.7032,21.8027,21.557,21.7266,446800
2005-05-27,21.7383,21.8788,21.6272,21.7852,332300
2005-05-31,21.7676,21.791,21.4633,21.4984,602600
2005-06-01,21.4633,21.6857,21.3756,21.6857,440300
2005-06-02,21.7676,21.8846,21.5745,21.5979,301900
2005-06-03,21.5979,21.6213,21.2527,21.475,364300
2005-06-06,21.4165,21.6623,21.2702,21.633,281100
2005-06-07,21.674,21.7325,21.3697,21.4633,476300
2005-06-08,21.5277,21.5628,21.2,21.2878,636900
2005-06-09,21.2936,21.6213,21.2468,21.4575,508300
2005-06-10,21.4458,21.4516,21.2644,21.3756,597300
2005-06-13,21.3053,21.5687,21.2995,21.3931,415300
2005-06-14,21.3931,21.4458,21.2293,21.2936,367300
2005-06-15,21.2936,21.4107,20.9777,21.0186,653200
2005-06-16,21.0362,21.1942,21.0362,21.083,330000
2005-06-17,21.5628,21.5628,21.0128,21.2176,471100
2005-06-20,21.0186,21.1415,20.8431,21.0479,599600
2005-06-21,20.9601,21.0245,20.7143,20.8431,735400
2005-06-22,20.9484,21.1591,20.9191,21.1122,533900
2005-06-23,21.1122,21.1239,20.726,20.7319,619400
2005-06-24,20.7143,20.7553,20.5095,20.5095,906800
2005-06-27,20.4803,20.4803,20.1994,20.2462,567700
2005-06-28,20.3281,20.5505,20.2521,20.5037,855800
2005-06-29,21.0654,21.7325,21.0362,21.4165,1555000
2005-06-30,21.5921,21.7618,21.358,21.4165,1110000
2005-07-01,21.475,21.7501,21.4575,21.5453,473400
2005-07-05,21.3112,22.0953,21.2819,22.0485,593300
2005-07-06,22.0309,22.0894,21.7091,21.7676,754400
2005-07-07,21.4458,21.9607,21.4282,21.7793,468500
2005-07-08,21.7442,21.8554,21.5511,21.8378,519600
2005-07-11,21.7969,22.4113,21.7969,22.3879,811200
2005-07-12,22.3996,22.6102,22.2591,22.2767,602400
2005-07-13,22.382,22.8677,22.3703,22.7916,761600
2005-07-14,22.7975,23.0257,22.5693,22.7741,718700
2005-07-15,22.8209,22.9964,22.6278,22.7273,718600
2005-07-18,22.6746,22.8852,22.5693,22.6395,424900
2005-07-19,22.6512,22.7565,22.4347,22.5459,651500
2005-07-20,22.4698,23.3241,22.4698,23.2246,699400
2005-07-21,23.3475,23.3651,22.7155,22.856,619500
2005-07-22,22.9086,23.1017,22.6687,22.8969,411800
2005-07-25,22.8852,23.0023,22.6161,22.6804,366300
2005-07-26,22.6921,22.7507,22.3411,22.3645,356600
2005-07-27,22.3996,22.6746,22.382,22.5985,468100
2005-07-28,22.7448,23.2539,22.6336,23.2539,573400
2005-07-29,23.2948,23.2948,22.7331,22.815,530900
2005-08-01,22.8209,22.8443,22.5049,22.5517,475800
2005-08-02,22.6453,22.9262,22.5459,22.6219,407700
2005-08-03,22.5634,22.5634,21.8671,21.9431,886900
2005-08-04,21.9432,21.9432,21.6506,21.6564,1287500
2005-08-05,21.6798,21.7149,21.1532,21.2,603800
2005-08-08,21.2936,21.5804,21.2468,21.3287,517200
2005-08-09,21.3287,21.4458,21.0244,21.0654,481800
2005-08-10,21.1239,21.3404,21.0303,21.1005,518300
2005-08-11,21.042,21.2702,21.0011,21.2117,644400
2005-08-12,21.1825,21.6038,21.0713,21.475,679200
2005-08-15,21.4399,22.0368,21.2644,21.7735,710600
2005-08-16,21.7383,21.7442,21.3638,21.3638,544500
2005-08-17,21.3288,21.4809,21.2117,21.4458,521100
2005-08-18,21.3697,21.475,20.9074,20.966,606700
2005-08-19,21.3068,21.4009,21.107,21.154,359400
2005-08-22,21.2305,21.3892,21.0835,21.1893,258700
2005-08-23,21.2187,21.2187,20.5604,20.5663,486200
2005-08-24,20.4311,20.966,20.3547,20.3958,475600
2005-08-25,20.4898,20.7955,20.4546,20.6838,301800
2005-08-26,20.8131,20.8131,20.3488,20.578,375600
2005-08-29,20.5486,20.8073,20.3841,20.7602,375400
2005-08-30,20.725,20.9895,20.4781,20.5663,414100
2005-08-31,20.484,20.7132,20.2489,20.625,716300
2005-09-01,20.5721,20.5721,20.1783,20.4487,768400
2005-09-02,20.4487,20.9895,20.4487,20.866,1270400
2005-09-06,20.8954,21.1599,20.8367,20.9836,800900
2005-09-07,20.9307,21.0071,20.6427,20.7543,393900
2005-09-08,20.6603,20.7543,20.3664,20.4193,373500
2005-09-09,20.4369,20.5663,20.2489,20.2547,536000
2005-09-12,20.3311,20.5486,20.2077,20.3253,646400
2005-09-13,20.1019,20.2724,19.8257,19.8257,713800
2005-09-14,19.8727,20.0373,19.6141,19.6141,700800
2005-09-15,19.7199,19.7199,19.3848,19.4789,554200
2005-09-16,19.6493,19.6493,19.4025,19.4848,651100
2005-09-19,19.5318,19.6082,19.4083,19.4848,763800
2005-09-20,19.5318,19.8198,19.4025,19.426,619300
2005-09-21,19.4554,19.5435,18.8147,18.8617,756000
2005-09-22,18.8793,19.4671,18.8088,19.4495,527600
2005-09-23,19.4083,19.5729,19.2496,19.5494,721400
2005-09-26,19.5847,19.808,19.2085,19.3613,466800
2005-09-27,19.2908,19.5435,19.2026,19.3378,335300
2005-09-28,19.3966,19.6434,19.3437,19.6199,447400
2005-09-29,19.5435,19.9256,19.1615,19.8433,693600
2005-09-30,19.8374,20.1607,19.7786,20.1137,766700
2005-10-03,20.0431,20.1431,19.6493,19.7434,491700
2005-10-04,19.761,20.1254,19.761,19.8315,445100
2005-10-05,19.7728,19.7728,19.1732,19.2203,590400
2005-10-06,19.232,19.5259,19.0733,19.279,326800
2005-10-07,19.3378,19.714,19.2967,19.4436,367900
2005-10-10,19.5435,19.7669,19.3672,19.5435,447300
2005-10-11,19.8609,20.5486,19.8609,20.2371,941600
2005-10-12,20.1254,20.3664,19.6435,19.6905,737200
2005-10-13,19.6964,19.7904,19.1615,19.5141,466300
2005-10-14,19.5141,19.7493,19.3613,19.714,374400
2005-10-17,19.6905,19.8433,19.4083,19.5553,447400
2005-10-18,19.5553,19.5553,19.138,19.2555,368600
2005-10-19,19.3672,19.4612,18.9322,19.4025,339700
2005-10-20,19.3084,19.955,19.3084,19.6552,909100
2005-10-21,19.8022,19.8844,19.1732,19.4083,456200
2005-10-24,19.5553,20.0431,19.4965,20.0431,312100
2005-10-25,19.9785,20.2606,19.7199,19.955,338800
2005-10-26,20.4252,21.8241,20.4252,21.783,1544800
2005-10-27,21.8946,22.0239,21.2892,21.7065,1149400
2005-10-28,21.9534,22.6117,21.9005,22.4883,1241400
2005-10-31,22.6294,23.4052,22.5941,23.3171,1083200
2005-11-01,23.2583,23.7931,23.2406,23.5228,1313500
2005-11-02,23.464,24.0988,23.464,24.0283,1293500
2005-11-03,24.0283,24.4221,23.9989,24.4221,815500
2005-11-04,24.5984,24.7747,23.946,24.3457,1131700
2005-11-07,24.328,24.7101,24.1223,24.6924,787400
2005-11-08,24.5925,24.6513,24.0224,24.4515,621600
2005-11-09,24.5396,24.9922,24.2927,24.6807,649200
2005-11-10,24.6631,25.2214,24.5044,25.1509,687100
2005-11-11,25.1215,25.4859,25.0392,25.4859,431600
2005-11-14,25.433,25.6094,25.0569,25.1333,660300
2005-11-15,25.1098,25.2979,24.6572,24.7747,766600
2005-11-16,24.81,25.1156,24.5337,24.6278,742000
2005-11-17,24.8041,25.1627,24.8041,25.098,869500
2005-11-18,25.5582,26.4019,25.5582,25.7411,696600
2005-11-21,25.6762,25.7293,25.334,25.6762,467700
2005-11-22,25.6644,25.7647,25.3635,25.5995,480500
2005-11-23,25.5405,25.7175,25.3045,25.4756,515200
2005-11-25,25.5641,25.7588,25.4815,25.6644,188800
2005-11-28,25.8709,25.8709,25.098,25.2042,434900
2005-11-29,25.5464,25.8886,25.4284,25.4815,497300
2005-11-30,25.4048,25.4992,24.9564,25.0331,568500
2005-12-01,25.0685,25.4048,25.0685,25.2632,535500
2005-12-02,25.1747,25.1747,24.6496,24.9033,699200
2005-12-05,24.7558,24.7558,24.0773,24.3841,631400
2005-12-06,24.6083,24.9269,24.5906,24.5965,472500
2005-12-07,24.6732,24.7322,24.1481,24.1953,600800
2005-12-08,23.9888,24.331,23.8236,23.8354,651000
2005-12-09,23.9534,24.1009,23.7528,24.0301,349500
2005-12-12,24.2248,24.6142,23.8649,23.9593,447500
2005-12-13,24.0891,24.4962,23.8,24.3841,706700
2005-12-14,24.2897,24.8502,24.2897,24.7499,655800
2005-12-15,24.6614,24.8325,24.4313,24.6378,422700
2005-12-16,24.8089,24.8974,24.4844,24.4844,528800
2005-12-19,24.3251,24.4844,24.1894,24.2307,325700
2005-12-20,24.2189,24.3192,23.8472,24.1304,361000
2005-12-21,24.3369,24.8738,24.2956,24.626,506300
2005-12-22,24.6083,24.6083,24.39,24.5611,335600
2005-12-23,24.567,24.9387,24.5375,24.8915,231000
2005-12-27,24.8384,24.862,24.1953,24.3192,416900
2005-12-28,24.2425,24.4608,24.2071,24.4018,226200
2005-12-29,24.4667,24.7558,24.3428,24.5847,218800
2005-12-30,24.5847,24.5847,24.0006,24.2012,326100
2006-01-03,24.2071,24.2189,23.3694,24.036,513700
2006-01-04,24.0065,24.7204,24.0065,24.7204,628700
2006-01-05,24.7204,25.1806,24.6201,25.1216,883100
2006-01-06,25.1452,25.3989,24.8561,25.3458,766500
2006-01-09,25.2337,25.7057,25.1275,25.6703,558700
2006-01-10,25.4284,25.4284,24.8207,25.0331,946000
2006-01-11,25.0626,25.0744,24.6673,24.7735,657200
2006-01-12,24.6496,24.7204,24.1304,24.1894,665000
2006-01-13,24.2602,24.4136,24.1481,24.1894,537000
2006-01-17,24.1599,24.1658,23.5699,23.7882,749300
2006-01-18,23.5758,24.2484,23.5522,24.095,730100
2006-01-19,24.1363,25.2514,24.1186,25.0567,824700
2006-01-20,25.5877,25.806,24.6201,24.6378,914600
2006-01-23,24.7971,24.7971,24.2012,24.4844,485300
2006-01-24,24.6614,25.7824,24.6614,25.7116,861000
2006-01-25,25.5759,25.7706,25.2632,25.5405,629500
2006-01-26,25.6703,25.9535,25.6585,25.8355,481200
2006-01-27,25.9063,26.5494,25.7883,26.4019,607700
2006-01-30,26.4609,26.691,26.0951,26.2131,550400
2006-01-31,26.0479,26.4963,25.8296,26.3724,505500
2006-02-01,26.2603,26.2603,25.6349,25.9653,546200
2006-02-02,25.9653,25.9948,25.5582,25.8119,458800
2006-02-03,25.3694,25.4579,24.0832,24.1894,1639200
2006-02-06,24.3369,24.6968,23.8295,24.6968,1434300
2006-02-07,24.4844,24.7322,24.2189,24.2779,772200
2006-02-08,24.3369,25.1865,24.3015,25.1216,755500
2006-02-09,25.1511,25.5759,24.9092,25.393,657800
2006-02-10,25.3517,25.5287,24.9977,25.452,617800
2006-02-13,25.4992,25.4992,24.9151,25.1039,331800
2006-02-14,25.1216,25.6526,24.8443,25.6526,1073900
2006-02-15,25.6171,25.7178,25.3208,25.6881,306900
2006-02-16,25.6881,25.8896,25.5934,25.8718,277800
2006-02-17,26.0021,26.0081,25.3682,25.6289,549400
2006-02-21,25.5934,25.8718,25.4275,25.5282,639400
2006-02-22,25.6763,26.4168,25.4275,26.3754,626000
2006-02-23,26.3339,26.5709,26.2391,26.4228,604100
2006-02-24,26.4168,26.5294,26.1266,26.5116,637100
2006-02-27,26.4642,26.7901,26.3872,26.7308,331000
2006-02-28,26.6005,26.7308,26.2213,26.2687,658600
2006-03-01,26.2332,26.9086,26.2332,26.8908,499000
2006-03-02,26.8138,26.8967,26.4642,26.5294,502800
2006-03-03,26.3813,26.9856,26.2806,26.7249,453800
2006-03-06,26.8078,26.8967,26.3635,26.4702,415300
2006-03-07,26.3517,26.4939,26.0495,26.2154,424500
2006-03-08,26.091,26.1799,25.7059,26.0851,740000
2006-03-09,26.0732,26.2095,25.5815,25.6585,521100
2006-03-10,25.7711,26.2213,25.4808,26.1384,450400
2006-03-13,26.1265,26.4524,25.9725,26.0791,273200
2006-03-14,26.0495,26.4287,25.9547,26.3932,340600
2006-03-15,26.482,26.6301,26.1799,26.5768,426400
2006-03-16,26.6598,26.8256,26.3695,26.4465,309100
2006-03-17,26.719,26.9441,26.565,26.8375,606500
2006-03-20,26.7605,27.0922,26.4642,26.6005,422000
2006-03-21,26.6597,26.9441,26.3694,26.8197,347900
2006-03-22,26.8849,27.2759,26.7072,27.1989,498000
2006-03-23,26.956,26.9915,26.251,26.3991,675300
2006-03-24,26.4346,26.956,26.3754,26.8197,549200
2006-03-27,26.719,26.8078,26.5768,26.636,425500
2006-03-28,26.5235,26.8256,26.2984,26.6953,433400
2006-03-29,26.7131,27.2463,26.6657,26.9915,371700
2006-03-30,26.956,27.0211,26.4109,26.5176,479500
2006-03-31,26.5768,26.8316,26.3221,26.5294,383500
2006-04-03,26.6183,27.0863,26.3457,26.6479,520800
2006-04-04,26.642,27.3411,26.3932,27.0389,498000
2006-04-05,27.1515,28.0283,27.1159,27.9157,665300
2006-04-06,27.8742,28.0697,27.6728,27.9276,463000
2006-04-07,27.9749,28.283,27.8209,27.9157,374700
2006-04-10,27.9276,28.1112,27.661,27.8979,306600
2006-04-11,27.9098,27.9987,27.2996,27.3588,464700
2006-04-12,27.4299,27.6432,27.2759,27.424,281900
2006-04-13,27.4714,27.7143,27.2818,27.5603,284400
2006-04-17,27.4595,27.6076,27.1455,27.2166,369700
2006-04-18,27.3114,28.6977,27.3114,28.6207,630300
2006-04-19,28.6207,29.1006,28.6089,28.8814,403500
2006-04-20,29.0295,29.3257,28.911,29.2724,461100
2006-04-21,29.5568,29.7997,29.1954,29.3672,522600
2006-04-24,29.3672,29.3672,28.6622,29.0177,423300
2006-04-25,29.0887,29.2013,28.674,29.1421,615700
2006-04-26,29.0887,29.4738,28.5792,29.1421,407300
2006-04-27,28.9939,29.9122,28.2475,29.7463,602300
2006-04-28,29.8056,31.3933,29.8056,30.8957,1018600
2006-05-01,30.5698,30.6054,29.776,29.7938,1396700
2006-05-02,29.8708,30.5817,29.5094,30.5817,642000
2006-05-03,30.6765,31.2275,30.6765,30.949,774700
2006-05-04,31.0912,31.3637,30.9608,31.3578,568800
2006-05-05,31.3815,32.3175,31.3163,32.2701,566500
2006-05-08,32.5367,32.8804,32.2109,32.2464,634900
2006-05-09,32.2287,32.282,31.8377,32.122,813900
2006-05-10,32.0509,33.4254,31.9147,32.8981,1162100
2006-05-11,32.9574,32.9574,32.1872,32.2998,688300
2006-05-12,32.282,32.7145,32.0035,32.1102,593900
2006-05-15,32.0332,32.2405,31.3756,31.9147,678400
2006-05-16,31.891,32.1398,31.3222,31.4348,434800
2006-05-17,30.9016,31.2215,30.4987,30.5698,565800
2006-05-18,30.9028,31.0573,30.4985,30.5936,412000
2006-05-19,31.099,31.4973,30.5163,30.7422,658200
2006-05-22,30.7779,30.9682,30.2845,30.766,852400
2006-05-23,31.2119,32.0918,31.2119,31.4735,960500
2006-05-24,31.4081,31.64,30.8552,31.3368,795400
2006-05-25,31.4795,32.1394,31.3665,32.1096,549600
2006-05-26,32.3534,32.395,32.1037,32.3534,401600
2006-05-30,32.1453,32.288,31.2714,31.5567,542000
2006-05-31,31.5448,32.1215,31.3784,32.1215,818700
2006-06-01,32.2999,32.3831,31.9848,32.2642,914000
2006-06-02,32.5555,33.0014,32.4366,32.716,1459700
2006-06-05,32.6387,32.6685,31.9372,31.955,744400
2006-06-06,32.609,32.8468,31.8837,32.4782,1089300
2006-06-07,32.502,33.3284,32.502,32.936,1225500
2006-06-08,32.6387,32.9657,31.8361,32.8349,1282600
2006-06-09,33.0133,33.1738,32.722,32.8052,418000
2006-06-12,32.7755,33.1322,32.181,32.2523,567500
2006-06-13,32.2464,32.4604,31.6519,31.8897,844000
2006-06-14,31.7707,31.9253,31.1822,31.307,972500
2006-06-15,31.4557,32.6685,31.4557,32.615,1036900
2006-06-16,32.5555,32.6506,32.3593,32.4485,577600
2006-06-19,32.4604,32.4842,31.7945,32.0145,547600
2006-06-20,32.1037,32.5496,32.0977,32.3891,737200
2006-06-21,32.5615,33.0906,32.4842,32.9122,773100
2006-06-22,32.8884,33.1679,32.6804,32.9895,536600
2006-06-23,33.0906,33.7089,32.6982,33.5008,792700
2006-06-26,33.5246,33.9645,33.257,33.483,685300
2006-06-27,33.4711,33.8872,33.0014,33.0727,611100
2006-06-28,33.2927,33.3046,32.7933,33.156,612900
2006-06-29,33.2927,34.8682,33.257,34.8147,933400
2006-06-30,35.0762,35.6291,34.5709,34.7374,782500
2006-07-03,34.5947,34.666,34.3569,34.4817,725700
2006-07-05,34.1726,34.232,33.3759,33.7445,1239800
2006-07-06,33.9288,34.0953,33.6494,33.905,737500
2006-07-07,33.8932,33.9288,33.2749,33.4354,662500
2006-07-10,33.5662,34.2558,33.5186,34.1131,586500
2006-07-11,34.0061,34.0656,33.2927,33.9764,729100
2006-07-12,33.9229,33.9764,33.364,33.4889,582300
2006-07-13,33.4889,33.5246,32.5496,32.6388,1078400
2006-07-14,32.5139,32.5258,30.7958,31.4378,1358100
2006-07-17,31.4319,31.8599,31.2238,31.4081,813400
2006-07-18,31.4913,31.9134,31.4616,31.8659,603800
2006-07-19,31.8064,32.2761,31.6281,32.181,779100
2006-07-20,32.181,32.4188,30.8968,30.9801,728900
2006-07-21,31.0752,31.0752,30.1002,30.6174,1069900
2006-07-24,30.8195,31.3011,30.7363,31.1941,654600
2006-07-25,30.665,31.5092,30.2131,31.4854,801700
2006-07-26,31.3308,31.4141,29.9872,30.4153,1178400
2006-07-27,29.1311,29.9694,28.2393,28.5366,1866800
2006-07-28,28.6555,29.8564,28.5663,29.7137,1140400
2006-07-31,29.7078,30.1893,29.5057,29.9634,812300
2006-08-01,29.583,29.6781,28.7447,29.0479,873900
2006-08-02,29.363,29.8564,29.363,29.6127,784900
2006-08-03,29.1311,30.5401,29.1311,30.4093,1074200
2006-08-04,30.7244,31.3605,29.797,29.9813,941600
2006-08-07,29.8743,29.9932,29.5711,29.7078,581900
2006-08-08,29.5948,30.0764,29.4581,29.6067,635300
2006-08-09,29.6662,29.6662,28.5366,28.5723,1109300
2006-08-10,28.4772,28.8517,28.168,28.6852,781200
2006-08-11,28.5544,28.5961,28.2988,28.4712,607400
2006-08-14,28.7447,29.3868,28.7031,28.7328,480000
2006-08-15,29.0301,29.7078,29.0301,29.6543,437900
2006-08-16,29.6365,30.5044,29.25,30.338,689100
2006-08-17,30.2425,30.4335,30.0218,30.2366,454900
2006-08-18,30.3678,30.5945,29.9502,30.4812,526800
2006-08-21,30.2544,30.2544,29.628,29.8905,427100
2006-08-22,29.8905,30.3797,29.8607,30.0456,352400
2006-08-23,29.974,30.0934,29.2641,29.4073,342300
2006-08-24,29.5445,29.5803,28.7211,29.0732,465300
2006-08-25,28.9538,28.9896,28.6376,28.9061,362800
2006-08-28,28.8166,29.6877,28.8166,29.4132,380900
2006-08-29,29.3297,29.7056,28.8405,29.6161,493800
2006-08-30,29.6757,29.8309,29.5445,29.7414,392500
2006-08-31,29.6519,29.8249,29.3237,29.4848,439900
2006-09-01,29.634,30.0695,29.5504,29.98,294500
2006-09-05,29.9382,30.0993,29.8667,29.9382,334000
2006-09-06,29.6817,30.2724,29.3416,29.3834,786100
2006-09-07,29.1447,29.4669,28.9359,29.0791,599900
2006-09-08,29.2283,29.4132,29.1507,29.2163,262400
2006-09-11,29.1984,29.4967,28.8464,29.2641,350700
2006-09-12,29.2939,31.0957,29.2939,31.0718,1071700
2006-09-13,31.1733,31.8415,30.9525,31.7937,687300
2006-09-14,31.74,31.74,31.0539,31.1255,625700
2006-09-15,31.8295,31.8295,31.0241,31.1255,778100
2006-09-18,31.036,31.573,30.869,31.1136,439200
2006-09-19,30.9943,31.0599,30.4871,30.8451,697500
2006-09-20,30.9048,31.6028,30.9048,31.2866,452600
2006-09-21,31.3463,31.5193,30.3917,30.4692,750000
2006-09-22,30.511,30.6244,29.986,30.3499,405600
2006-09-25,30.4871,30.9644,29.8547,30.7795,452900
2006-09-26,30.7795,31.5372,30.7496,31.4417,449400
2006-09-27,31.3701,32.1278,31.3582,32.0682,577200
2006-09-28,32.098,32.3247,31.6386,31.752,722200
2006-09-29,31.3821,31.4358,30.6482,30.8332,1155400
2006-10-02,30.9346,30.9346,30.4275,30.7258,713100
2006-10-03,30.6661,30.8749,30.4991,30.7019,666400
2006-10-04,30.6005,31.7102,30.5229,31.6386,846400
2006-10-05,31.5909,32.1398,31.3821,32.1219,735100
2006-10-06,32.0085,32.0622,31.4715,31.7579,436000
2006-10-09,31.6804,31.9906,31.4,31.8653,261800
2006-10-10,31.9489,33.0049,31.919,32.9929,991700
2006-10-11,32.6409,32.6767,32.0741,32.2591,694800
2006-10-12,32.3367,32.456,32.0383,32.1815,578000
2006-10-13,32.1219,32.4142,31.919,32.2651,659100
2006-10-16,32.3426,32.7782,32.3426,32.6469,580700
2006-10-17,32.1577,32.2173,31.0837,31.4059,775500
2006-10-18,31.7997,32.1696,30.7496,30.9644,833100
2006-10-19,30.9048,31.7341,30.9048,31.388,666100
2006-10-20,31.7102,31.74,31.0539,31.3463,613700
2006-10-23,31.2508,31.2866,30.7258,30.8451,534200
2006-10-24,30.696,31.0659,30.4513,31.0599,715600
2006-10-25,32.0682,32.629,31.6267,31.9787,913000
2006-10-26,32.2293,32.635,32.1696,32.1696,750600
2006-10-27,32.1099,32.3307,31.752,31.8295,470500
2006-10-30,31.8056,32.6946,31.7937,32.6767,607300
2006-10-31,32.6946,32.7244,31.3582,31.4119,1148100
2006-11-01,31.3284,31.7818,31.0539,31.1494,876000
2006-11-02,31.0837,31.4775,30.9823,31.2508,598600
2006-11-03,31.3582,31.4417,30.6303,30.696,549500
2006-11-06,30.8749,31.2747,30.8511,31.1434,579700
2006-11-07,31.2329,31.9071,31.1494,31.3522,438900
2006-11-08,31.3105,31.9608,31.1911,31.7818,613700
2006-11-09,31.8713,31.8713,31.2627,31.2806,536600
2006-11-10,31.3821,31.6863,31.3045,31.6088,274300
2006-11-13,31.561,31.8713,31.4059,31.6267,557600
2006-11-14,31.74,32.2114,31.4298,32.1099,605200
2006-11-15,32.0085,32.2651,31.74,31.9846,464900
2006-11-16,32.1343,32.715,31.9427,32.6731,741200
2006-11-17,32.6072,32.685,32.1942,32.4516,669100
2006-11-20,32.4755,32.6551,32.248,32.5414,511400
2006-11-21,32.4217,32.691,32.0445,32.1523,414600
2006-11-22,32.2001,32.685,32.1762,32.5593,460100
2006-11-24,32.266,32.4635,32.1403,32.2001,78300
2006-11-27,32.0265,32.2061,31.6315,31.7991,434300
2006-11-28,31.6554,32.3139,31.2304,32.26,1113300
2006-11-29,32.3199,32.3498,31.3381,31.5656,788600
2006-11-30,31.5716,31.6973,31.1286,31.2304,758700
2006-12-01,31.1945,31.2483,30.542,30.949,677500
2006-12-04,30.5898,31.6614,30.5599,31.2483,610500
2006-12-05,31.2483,31.386,30.6497,31.3381,611100
2006-12-06,31.3501,31.386,31.0807,31.1466,727200
2006-12-07,31.1705,31.2663,30.7455,31.1286,528300
2006-12-08,31.0687,31.1945,30.4282,30.506,620300
2006-12-11,30.3624,30.8772,30.2307,30.7156,936900
2006-12-12,30.9251,31.1107,30.5898,30.8173,1201000
2006-12-13,30.7694,30.7874,30.1469,30.2666,1385700
2006-12-14,30.2726,31.0448,30.2726,30.9311,547500
2006-12-15,31.0268,31.1286,30.6617,30.7574,793600
2006-12-18,30.8293,31.2184,30.6018,30.7215,460100
2006-12-19,30.6557,31.0149,30.536,30.8532,401000
2006-12-20,30.7754,31.2364,30.7036,31.1226,629700
2006-12-21,31.0388,31.2483,30.7036,30.8293,367600
2006-12-22,30.8233,30.8712,30.4701,30.53,237200
2006-12-26,30.53,30.7934,30.4821,30.7934,222300
2006-12-27,30.8772,31.2783,30.8532,31.2783,349600
2006-12-28,31.1406,31.2603,30.8293,31.1466,284300
2006-12-29,31.0268,31.1885,30.5599,30.5659,432700
2007-01-03,30.8592,31.9787,30.8592,31.6674,885300
2007-01-04,31.3321,32.1463,31.3321,32.0804,578300
2007-01-05,32.0505,32.0744,31.398,31.4997,605300
2007-01-08,31.404,31.6315,31.1765,31.2244,619200
2007-01-09,31.3082,31.5357,31.1286,31.2603,617500
2007-01-10,31.2483,31.416,30.979,31.3501,405700
2007-01-11,31.386,31.8769,31.2723,31.4219,599000
2007-01-12,31.3681,31.6614,31.1346,31.5117,587300
2007-01-16,31.6075,31.7691,31.392,31.6853,619000
2007-01-17,31.6674,31.9008,31.4698,31.5836,464800
2007-01-18,31.6614,31.9068,31.3621,31.7213,433600
2007-01-19,31.9667,32.0505,31.7931,32.0445,581900
2007-01-22,31.9248,32.1283,31.7392,31.8948,431500
2007-01-23,31.9188,32.2181,31.7572,32.1702,532400
2007-01-24,32.248,32.6252,32.2121,32.6192,796100
2007-01-25,32.6192,32.6192,31.8769,31.9427,390700
2007-01-26,31.9427,32.0026,31.4279,31.6793,540000
2007-01-29,31.7931,32.4157,31.5237,32.3378,741100
2007-01-30,32.3438,32.3857,32.0924,32.3318,368300
2007-01-31,32.1762,32.7748,32.0625,32.6491,500400
2007-02-01,32.6371,33.2956,32.5533,33.1879,967800
2007-02-02,32.7569,33.0801,31.8889,32.1822,1169700
2007-02-05,32.1822,32.1882,31.6075,31.8769,640800
2007-02-06,31.8769,32.0146,31.6075,31.9308,494600
2007-02-07,31.9846,32.1582,31.7332,31.823,417800
2007-02-08,31.841,31.8769,31.5357,31.6314,474400
2007-02-09,31.6374,31.6793,31.1526,31.2244,355000
2007-02-12,31.2783,31.41,31.1346,31.2783,310800
2007-02-13,31.398,31.829,31.3561,31.817,359900
2007-02-14,31.841,31.9786,31.398,31.8649,651300
2007-02-15,31.7988,32.4779,31.7988,32.2676,667300
2007-02-16,32.4118,32.4419,32.0512,32.4419,422400
2007-02-20,32.2796,32.3277,31.889,32.2856,544200
2007-02-21,32.2135,32.3577,31.9911,32.3277,476200
2007-02-22,32.3036,32.3878,31.7207,32.0212,739000
2007-02-23,32.4539,33.145,32.3637,32.9347,1211700
2007-02-26,32.9407,33.115,32.0572,32.1594,1076300
2007-02-27,31.883,31.913,31.2639,31.3721,1244600
2007-02-28,31.318,31.3901,30.7711,30.9454,1099700
2007-03-01,30.6509,30.9514,30.11,30.8432,918400
2007-03-02,30.7711,30.8853,30.2362,30.2663,480500
2007-03-05,30.0499,30.2182,29.5931,29.6352,927100
2007-03-06,29.6112,30.2903,29.485,30.116,738000
2007-03-07,30.1881,30.6149,30.0139,30.4105,618500
2007-03-08,30.5608,30.687,30.2002,30.2663,696300
2007-03-09,30.5307,30.5908,30.0619,30.1941,380500
2007-03-12,30.1941,30.2482,29.9537,30.14,787500
2007-03-13,29.9357,30.0499,29.2025,29.2025,613100
2007-03-14,29.2866,29.4549,28.7758,29.3107,771100
2007-03-15,29.3167,29.8997,29.2386,29.7494,846300
2007-03-16,29.9898,30.1461,29.5992,29.7975,1319600
2007-03-19,30.08,30.3925,29.527,29.6593,675300
2007-03-20,29.533,30.0559,29.503,29.9297,443200
2007-03-21,29.8876,30.4706,29.7614,30.4285,657300
2007-03-22,30.8673,30.8673,30.2723,30.4345,424400
2007-03-23,30.5307,30.6329,30.2182,30.3023,654900
2007-03-26,30.2242,30.2843,29.7494,29.9117,497800
2007-03-27,29.8756,29.9237,29.521,29.6412,354400
2007-03-28,29.5451,29.6052,29.2506,29.3948,426900
2007-03-29,29.5451,29.6713,29.0462,29.2746,449500
2007-03-30,29.3227,29.6893,29.2806,29.6532,746500
2007-04-02,29.7434,29.9598,29.5931,29.7554,523000
2007-04-03,29.9597,30.2903,29.7674,30.0799,639700
2007-04-04,29.9658,30.0199,29.6713,29.7374,699900
2007-04-05,29.6653,30.0739,29.6052,30.0739,378500
2007-04-09,30.1701,30.5307,30.1641,30.3624,472000
2007-04-10,30.3143,30.4586,30.0499,30.0799,385000
2007-04-11,30.1821,30.8312,30.098,30.8012,1063900
2007-04-12,30.7711,31.0776,30.4466,31.0656,649000
2007-04-13,30.9754,30.9754,30.6689,30.8072,575800
2007-04-16,30.8432,31.2218,30.8312,31.1798,463000
2007-04-17,31.1738,31.294,31.0175,31.1016,479300
2007-04-18,31.0115,31.7868,30.9574,31.6185,615900
2007-04-19,31.5524,31.5644,31.1798,31.2519,599000
2007-04-20,31.6245,31.7928,31.33,31.5884,414200
2007-04-23,31.6486,31.7567,31.3721,31.4623,253700
2007-04-24,31.4382,31.4863,30.9514,31.2279,453500
2007-04-25,31.5524,32.5741,31.3541,32.502,1261300
2007-04-26,32.4238,32.4839,32.1294,32.4178,706500
2007-04-27,32.3637,32.4539,32.1534,32.3457,751100
2007-04-30,32.1774,32.3277,31.5825,31.6365,920600
2007-05-01,31.6365,31.6966,31.318,31.4382,594700
2007-05-02,31.4442,31.7868,31.4142,31.6365,528300
2007-05-03,31.6786,32.0392,31.6245,31.7147,606400
2007-05-04,31.4322,31.6305,31.306,31.4743,403300
2007-05-07,31.5464,31.6365,31.2579,31.3841,394300
2007-05-08,31.3901,32.2736,31.3841,32.1474,810300
2007-05-09,32.1714,32.3036,31.9851,32.1895,446100
2007-05-10,32.1053,32.2195,31.6726,31.7688,461200
2007-05-11,31.8228,32.1354,31.7327,32.1173,365600
2007-05-14,32.0512,32.1414,31.6366,31.7027,437700
2007-05-15,31.8168,32.0933,31.5524,31.5704,627900
2007-05-16,31.6666,32.2556,31.4983,32.2315,589800
2007-05-17,32.1591,32.3884,32.0384,32.2617,542400
2007-05-18,32.4548,32.6539,32.3522,32.5332,681200
2007-05-21,32.4427,32.847,32.2315,32.7323,543800
2007-05-22,32.7022,32.9073,32.5513,32.7625,430300
2007-05-23,32.853,33.0038,32.5694,32.6177,713400
2007-05-24,32.6237,32.7384,31.9057,31.9721,719000
2007-05-25,32.1169,32.2798,31.9057,31.954,519000
2007-05-29,32.1169,32.3462,31.8876,32.2074,723500
2007-05-30,32.1591,32.672,32.0384,32.4427,755800
2007-05-31,32.5211,32.7323,32.2677,32.5332,828800
2007-06-01,32.6116,32.8771,32.4125,32.6237,659700
2007-06-04,32.6237,32.678,32.4487,32.491,617800
2007-06-05,32.4306,32.7263,32.2858,32.3401,495700
2007-06-06,32.2798,32.2979,31.6644,31.7971,736400
2007-06-07,31.3023,31.7911,31.3023,31.417,699200
2007-06-08,31.3748,31.6885,31.2541,31.5859,577000
2007-06-11,31.5135,31.7126,31.3084,31.4653,408100
2007-06-12,31.423,31.6161,31.2843,31.2903,955500
2007-06-13,31.3868,31.5437,31.2299,31.4834,774600
2007-06-14,31.5015,31.8937,31.1817,31.2782,971200
2007-06-15,31.7066,32.0988,31.4653,31.5558,1054400
2007-06-18,31.7066,31.8755,31.417,31.4653,578700
2007-06-19,31.5075,31.6101,31.2722,31.3204,632600
2007-06-20,31.3386,31.7669,31.3325,31.3567,652300
2007-06-21,31.3204,31.6583,31.2661,31.6161,352500
2007-06-22,32.2677,32.8831,32.2557,32.6901,1368100
2007-06-25,32.7625,33.7218,32.7323,33.4503,1460700
2007-06-26,33.4563,33.6736,32.8047,32.9194,1087800
2007-06-27,32.7987,32.853,32.5392,32.7564,911300
2007-06-28,32.6901,33.2271,32.5815,32.9133,766800
2007-06-29,32.8289,32.9676,32.4005,32.4608,607700
2007-07-02,32.6961,32.9375,32.2798,32.5815,664600
2007-07-03,32.5875,32.9616,32.5815,32.8409,191400
2007-07-05,32.8168,32.9797,32.6358,32.7927,536600
2007-07-06,32.7746,32.8832,32.503,32.7444,591600
2007-07-09,32.5151,32.9254,32.4548,32.9013,879100
2007-07-10,32.865,32.9374,32.6056,32.6539,805000
2007-07-11,32.6297,33.1124,32.6116,33.1004,671100
2007-07-12,33.1728,33.5408,33.1004,33.5408,750300
2007-07-13,33.5469,33.6012,33.3477,33.5589,371500
2007-07-16,33.4865,33.6072,33.2391,33.3598,567500
2007-07-17,33.2995,33.4503,33.1305,33.2572,668900
2007-07-18,33.2572,33.4986,33.0219,33.3236,470700
2007-07-19,33.4564,33.5951,33.0038,33.028,500700
2007-07-20,33.1607,33.2934,32.4668,32.5935,788700
2007-07-23,32.6901,32.8228,32.2436,32.316,551800
2007-07-24,32.2255,32.3281,31.604,31.6644,627800
2007-07-25,31.6583,32.0083,31.411,31.6945,876400
2007-07-26,32.316,32.3944,31.6463,32.0747,1845400
2007-07-27,32.1712,32.7021,31.6945,32.147,1805300
2007-07-30,32.1651,32.9314,32.0083,32.7564,1070500
2007-07-31,32.9435,33.5589,32.7565,32.8047,1369200
2007-08-01,32.8409,33.5408,32.7383,33.3598,1242700
2007-08-02,33.4503,33.8365,33.1547,33.6555,1666100
2007-08-03,33.5288,33.752,32.8047,32.8952,1595100
2007-08-06,32.9374,33.6977,32.6177,33.6494,1212100
2007-08-07,33.5951,34.5726,33.5468,34.2769,1517400
2007-08-08,34.3855,34.8139,33.3296,33.7399,1691700
2007-08-09,33.1909,33.4563,32.5634,32.5634,1752700
2007-08-10,32.31,32.7625,31.9781,32.5392,1529800
2007-08-13,32.7565,33.5891,32.7021,33.3658,1075900
2007-08-14,33.1848,33.3357,31.7609,31.785,1379800
2007-08-15,31.8152,32.4608,31.3747,31.3747,1026300
2007-08-16,31.4535,32.1078,31.0476,32.0169,1562300
2007-08-17,32.4107,33.3679,32.0351,32.3562,1273100
2007-08-20,32.4834,32.9801,32.2289,32.3865,750400
2007-08-21,32.4046,32.5621,31.9321,32.344,554500
2007-08-22,32.4834,33.1074,32.4834,33.0771,562400
2007-08-23,33.2346,33.2952,32.2895,32.4591,540300
2007-08-24,32.4894,32.8711,32.447,32.8711,412700
2007-08-27,32.8893,32.9498,32.55,32.7015,581800
2007-08-28,32.6833,32.865,32.0048,32.0048,744900
2007-08-29,32.1987,32.75,32.0896,32.75,659700
2007-08-30,32.5682,33.0104,32.4349,32.756,679600
2007-08-31,33.0104,33.4042,32.9741,33.1679,775900
2007-09-04,33.2588,33.2649,32.8529,33.1801,479500
2007-09-05,32.9377,32.9377,32.1623,32.235,862000
2007-09-06,32.2895,32.5016,32.0109,32.338,563200
2007-09-07,32.0775,32.0775,31.399,31.6777,708100
2007-09-10,31.6958,31.92,30.7811,30.8356,991700
2007-09-11,30.9507,31.3263,30.7508,30.9143,729900
2007-09-12,30.8477,30.8538,30.3691,30.4903,637800
2007-09-13,30.5085,30.8538,30.4115,30.4963,817300
2007-09-14,30.2964,30.8356,30.2964,30.5387,659800
2007-09-17,30.4782,30.6417,30.4115,30.4418,697200
2007-09-18,30.5448,31.7685,30.4903,31.6595,1007500
2007-09-19,31.7625,31.8836,31.1082,31.1324,725900
2007-09-20,30.9749,31.0052,30.1934,30.1934,875100
2007-09-21,30.4054,30.5751,30.145,30.2055,898400
2007-09-24,30.1207,30.2722,29.5876,29.6603,917700
2007-09-25,29.4543,29.624,29.1939,29.2787,709000
2007-09-26,29.2787,30.0541,29.2787,29.7694,625100
2007-09-27,29.9511,30.0359,29.6179,29.7573,440800
2007-09-28,29.7027,30.0359,29.63,29.6845,544800
2007-10-01,29.5755,30.1934,29.5755,29.9875,472500
2007-10-02,29.939,30.2479,29.5452,29.727,500000
2007-10-03,29.6785,29.6785,28.9636,29.1696,921800
2007-10-04,29.1757,29.3332,28.6426,28.7213,629100
2007-10-05,28.8425,29.8905,28.8425,29.836,646000
2007-10-08,28.4487,29.2847,27.4128,27.8187,2599500
2007-10-09,27.8671,28.9576,27.7157,28.6486,1784800
2007-10-10,28.685,28.7334,27.9277,28.5517,1237800
2007-10-11,28.7274,28.9636,28.3397,28.4669,1087300
2007-10-12,28.4426,29.0303,28.2973,28.9818,964400
2007-10-15,28.9879,29.1393,28.6729,28.8728,1061700
2007-10-16,28.7758,28.8304,28.1519,28.3699,1430900
2007-10-17,28.691,28.6971,28.1579,28.5214,1313700
2007-10-18,28.4366,28.7456,28.273,28.5578,835600
2007-10-19,28.5638,28.794,28.1458,28.2973,1164800
2007-10-22,28.067,28.479,27.9277,28.4184,907000
2007-10-23,28.5699,28.794,28.3275,28.6971,1158000
2007-10-24,28.6244,28.6789,27.6733,28.4487,1461700
2007-10-25,28.3881,28.5699,27.8611,28.2488,1297700
2007-10-26,28.5032,28.8243,28.17,28.7092,814200
2007-10-29,28.7516,28.8606,28.4305,28.5759,576900
2007-10-30,28.5093,28.7274,28.3275,28.479,809300
2007-10-31,28.5275,29.2484,28.4972,28.9879,1325500
2007-11-01,28.7758,28.8304,28.4063,28.7334,1017000
2007-11-02,28.7698,29.0545,28.5093,29.0545,958100
2007-11-05,28.685,28.9091,28.4184,28.7213,761200
2007-11-06,28.9697,28.9697,28.2124,28.7032,1049700
2007-11-07,28.4123,28.4366,27.958,28.0792,987700
2007-11-08,28.0792,28.4184,27.7217,28.2488,1932800
2007-11-09,27.9459,28.0852,27.5885,27.6914,1595900
2007-11-12,27.7641,28.4124,27.7278,28.2003,1849500
2007-11-13,28.3215,28.8364,28.267,28.8183,964700
2007-11-14,28.9333,29.2908,28.3154,28.3154,813500
2007-11-15,28.2972,28.4736,27.6217,27.7434,1061200
2007-11-16,27.6886,27.6886,26.216,26.4959,1802300
2007-11-19,26.3803,26.4959,25.0171,25.0232,1796600
2007-11-20,25.0232,25.3153,24.2991,24.5668,1849600
2007-11-21,24.3173,24.4573,23.794,23.9948,1451400
2007-11-23,24.1469,24.3417,24.0009,24.2808,421700
2007-11-26,24.1591,24.5912,23.7027,23.727,673900
2007-11-27,23.7757,24.5364,23.7331,24.4877,1838300
2007-11-28,24.6155,25.8752,24.5303,25.8326,1549200
2007-11-29,25.65,25.6683,25.1693,25.2971,905900
2007-11-30,25.5587,26.435,25.5587,26.3863,1635300
2007-12-03,26.1612,26.5446,25.8934,26.2951,1141500
2007-12-04,26.3377,26.3377,25.7717,25.8873,1075800
2007-12-05,26.1247,26.7697,26.1125,26.7028,793800
2007-12-06,26.9279,28.7597,26.9279,28.7353,1728200
2007-12-07,28.9361,29.6116,28.784,29.3925,1452500
2007-12-10,29.1856,29.8855,29.1856,29.6968,865000
2007-12-11,29.5751,30.0985,28.9544,29.0396,1696200
2007-12-12,29.6299,30.1897,28.8023,29.137,1621400
2007-12-13,28.9605,29.1856,28.5528,29.0822,842900
2007-12-14,29.07,29.782,28.145,28.2607,1272200
2007-12-17,28.0903,28.784,27.8834,27.9929,836300
2007-12-18,28.1389,28.4858,27.8042,28.3884,578200
2007-12-19,28.5588,28.5588,27.6825,27.7556,634500
2007-12-20,27.5121,27.6765,26.8367,27.5913,877200
2007-12-21,27.8407,28.5588,27.8225,28.4736,1004800
2007-12-24,28.6014,29.5751,28.5406,29.4777,495100
2007-12-26,29.3926,29.496,28.8935,29.1978,408300
2007-12-27,29.1491,29.2769,28.6075,28.7353,518600
2007-12-28,29.0213,29.2039,28.7962,28.9118,539000
2007-12-31,28.7657,28.8023,28.4493,28.6075,544300
2008-01-02,28.7232,28.8388,27.786,27.9381,694600
2008-01-03,27.9625,28.0842,26.4411,26.4898,1037100
2008-01-04,26.2829,26.2829,25.1997,25.6257,1220800
2008-01-07,25.7109,26.648,25.6622,26.3072,882300
2008-01-08,26.4837,26.7454,25.3275,25.3275,716600
2008-01-09,25.2119,25.4553,24.5303,25.4553,860500
2008-01-10,25.4188,27.2383,25.078,26.9645,1416000
2008-01-11,26.7697,26.7697,25.8508,26.3133,981700
2008-01-14,26.6358,28.0537,26.5689,27.9929,877000
2008-01-15,27.8164,28.1694,27.3235,27.932,928700
2008-01-16,27.713,29.1248,27.3661,28.7049,1036300
2008-01-17,28.7049,29.0213,27.719,27.7982,1029800
2008-01-18,28.1146,28.8023,27.9381,28.3276,1032800
2008-01-22,27.1349,28.5467,26.7089,28.0538,1626400
2008-01-23,26.9827,30.5001,26.9827,30.3114,1805200
2008-01-24,30.2871,30.4514,29.3134,29.356,1295500
2008-01-25,29.35,30.2628,28.9727,29.6421,1172400
2008-01-28,29.6238,30.1958,29.1309,30.0985,875000
2008-01-29,30.3966,30.4088,29.6725,29.9463,1011600
2008-01-30,29.8794,30.9261,29.6481,30.2323,1055000
2008-01-31,30.3662,32.0762,29.9159,31.6441,1516100
2008-02-01,32.2527,34.2609,31.8267,33.6158,2404500
2008-02-04,33.6158,35.2041,33.2081,34.699,2509500
2008-02-05,34.2974,35.2163,34.1331,34.6382,2261500
2008-02-06,34.5469,36.4699,34.3217,35.7396,2703300
2008-02-07,35.5084,36.1109,35.0642,35.8005,1457500
2008-02-08,35.5388,36.1717,34.9972,35.5449,1333000
2008-02-11,35.6058,35.8248,35.052,35.7518,1279900
2008-02-12,35.9039,36.5612,35.3076,35.7336,1276000
2008-02-13,36.0804,36.5003,35.697,36.3177,1206500
2008-02-14,36.2204,36.8046,35.9222,36.0317,1119200
2008-02-15,35.9096,36.1112,35.207,36.0073,1471300
2008-02-19,36.1356,36.2578,34.9015,35.2559,1452400
2008-02-20,34.9993,36.6488,34.8832,36.5632,1243500
2008-02-21,36.7648,36.7648,35.7263,35.934,1293600
2008-02-22,36.1661,36.1661,34.9443,35.9156,776800
2008-02-25,35.8668,37.3818,35.3842,37.3208,1648700
2008-02-26,36.3555,36.5022,35.3536,36.1356,2199000
2008-02-27,35.989,37.2047,35.8668,37.0153,1545700
2008-02-28,36.6549,36.997,36.1173,36.215,1271000
2008-02-29,35.9401,36.0623,35.0298,35.1948,1270800
2008-03-03,35.1398,35.9951,34.5228,35.653,1226200
2008-03-04,34.9199,36.2394,34.5655,36.1539,1412500
2008-03-05,36.1845,36.3555,35.3536,35.6774,1391200
2008-03-06,35.4391,35.5002,34.1684,34.3456,1248500
2008-03-07,34.1379,35.0848,33.6492,33.9119,1571800
2008-03-10,34.0279,34.4495,33.5697,33.9791,1194600
2008-03-11,34.8221,36.0928,34.48,36.0928,1821800
2008-03-12,36.0195,36.4716,35.1948,35.207,1351000
2008-03-13,34.7794,36.9603,34.4739,36.4105,1748800
2008-03-14,36.8504,37.3024,35.488,36.4044,1891000
2008-03-17,35.6041,36.3555,35.1703,35.7996,1889200
2008-03-18,36.4044,38.1088,36.1722,38.0783,1646600
2008-03-19,38.1821,38.3776,36.2944,36.3433,1851500
2008-03-20,36.4105,38.1944,36.2578,38.0416,1249500
2008-03-24,38.2799,39.8622,38.0416,38.8541,1482300
2008-03-25,39.239,39.239,38.1699,38.3227,1104900
2008-03-26,38.2616,38.8297,37.7606,38.5059,826900
2008-03-27,38.6709,38.677,37.669,37.9867,1140100
2008-03-28,38.1821,38.3776,37.1008,37.1619,895600
2008-03-31,37.4002,37.5162,36.4655,37.2108,1099200
2008-04-01,37.6995,39.4529,37.4979,39.239,1231700
2008-04-02,39.459,40.131,39.0924,39.5812,837500
2008-04-03,39.2329,39.404,38.5609,39.294,952000
2008-04-04,39.459,39.5506,38.3288,38.4632,1138700
2008-04-07,38.0294,40.131,38.0294,39.3734,1031000
2008-04-08,39.1047,39.5873,38.7564,39.1535,1344500
2008-04-09,38.9275,39.4284,37.3085,37.4429,1452600
2008-04-10,37.5163,38.6037,37.3941,38.2677,867100
2008-04-11,37.8461,38.4082,36.8259,37.0275,1045400
2008-04-14,37.2902,38.231,36.9176,37.9867,830600
2008-04-15,37.8706,38.8908,37.8706,38.7992,1369200
2008-04-16,39.0069,40.7724,39.0008,40.7358,1087800
2008-04-17,40.302,40.3998,38.5548,39.1413,1221600
2008-04-18,40.5281,41.0046,39.8133,41.0046,1179300
2008-04-21,39.8683,40.0699,39.575,39.6972,1807500
2008-04-22,39.5262,40.2348,37.9622,38.8175,1800200
2008-04-23,39.9538,40.7969,39.2329,39.8499,2449900
2008-04-24,39.6056,40.5403,39.5017,40.1493,1093200
2008-04-25,40.2654,41.5116,39.795,41.3039,1110100
2008-04-28,41.2612,42.6785,41.2612,42.4158,1410900
2008-04-29,41.9515,42.764,41.4322,42.0309,1315900
2008-04-30,42.092,42.764,41.6583,41.8293,1341100
2008-05-01,41.7866,43.5643,41.701,43.5643,1666300
2008-05-02,43.8575,43.9553,43.1122,43.7415,1332000
2008-05-05,43.381,43.7293,43.0695,43.3199,948000
2008-05-06,43.0695,44.0103,42.6968,43.6743,1351400
2008-05-07,43.9125,44.334,43.1611,43.1611,1400300
2008-05-08,43.3688,43.9675,43.2405,43.3933,1137900
2008-05-09,43.2283,43.491,42.6357,43.3016,1195400
2008-05-12,43.2466,44.3219,42.593,44.3219,1048800
2008-05-13,44.3524,44.8594,43.7842,44.7128,961200
2008-05-14,45.0733,46.0446,44.7128,45.5376,1409100
2008-05-15,45.5498,46.132,45.1576,45.9726,1032500
2008-05-16,46.3036,46.5242,45.5008,46.2239,1138900
2008-05-19,46.1504,46.9654,45.8991,46.0769,1197400
2008-05-20,45.7582,45.8685,44.9615,45.0902,1443200
2008-05-21,45.2618,45.5927,43.6624,43.8033,1445300
2008-05-22,43.6256,44.2874,43.1415,43.742,992600
2008-05-23,43.8156,43.8156,42.7922,43.0863,871800
2008-05-27,43.0986,44.2323,43.0496,44.0056,727600
2008-05-28,44.1342,45.0412,44.1342,44.8941,882800
2008-05-29,44.6061,45.4824,44.2507,45.3537,972500
2008-05-30,45.6295,45.6295,44.7777,44.9983,1614500
2008-06-02,44.9186,45.1576,44.2936,44.7654,927100
2008-06-03,45.1638,45.7766,44.0056,44.459,1013100
2008-06-04,44.4406,44.6367,43.8952,44.1097,1201500
2008-06-05,44.3487,44.7287,43.9381,44.5693,1485800
2008-06-06,44.2078,44.22,42.9699,42.9699,1188700
2008-06-09,43.3376,43.4172,42.4429,43.1108,1109800
2008-06-10,42.688,42.7003,41.6278,41.8117,2188100
2008-06-11,41.683,41.9833,40.1755,40.2,1665800
2008-06-12,40.6842,41.8607,40.6842,41.1376,1393000
2008-06-13,41.6401,42.4061,41.4318,41.9955,1750400
2008-06-16,41.4747,42.4797,41.4747,42.3142,911300
2008-06-17,42.4306,43.5521,42.4306,42.8841,1285600
2008-06-18,42.5042,43.9626,42.2345,43.0618,1361900
2008-06-19,43.1721,45.4027,43.1476,45.2618,1282000
2008-06-20,44.3487,45.7888,44.1649,44.3487,1419900
2008-06-23,44.7777,44.9922,43.785,43.834,769500
2008-06-24,43.4663,43.6256,42.7125,42.7248,1234600
2008-06-25,42.8351,43.6133,42.5226,43.264,985600
2008-06-26,42.5838,42.7677,41.7566,41.8852,971300
2008-06-27,41.7688,43.0925,41.3643,42.7861,1086200
2008-06-30,42.9515,42.9515,41.7198,42.21,1243600
2008-07-01,41.7565,42.0997,40.7393,41.9097,2000800
2008-07-02,42.2713,42.4368,41.0089,41.0396,1185800
2008-07-03,41.205,41.205,40.0775,40.249,721600
2008-07-07,40.5371,41.7014,40.1817,41.1254,2104900
2008-07-08,41.4318,43.0557,40.9354,42.9454,1963300
2008-07-09,42.8719,42.8841,41.3215,41.3705,975900
2008-07-10,41.4563,42.4184,41.3766,41.9465,782900
2008-07-11,40.9844,41.3644,39.9243,40.3287,1552100
2008-07-14,41.4869,42.4061,39.5137,39.7588,1543700
2008-07-15,39.2195,39.9304,37.9449,39.3176,1877200
2008-07-16,39.3482,41.6708,39.2073,41.5727,1399300
2008-07-17,41.7688,43.503,41.4501,43.4663,1716800
2008-07-18,43.3866,43.9259,43.1109,43.5643,974300
2008-07-21,43.8033,44.0423,42.8351,43.4724,1027100
2008-07-22,42.9025,46.0155,42.8535,46.0155,1535900
2008-07-23,45.2005,45.7153,41.2786,41.4134,2586500
2008-07-24,41.1438,41.4134,39.1705,39.2196,1533100
2008-07-25,39.3789,40.1265,38.9377,39.2931,1742500
2008-07-28,39.2195,39.8323,39.0541,39.6117,1193300
2008-07-29,39.6117,42.1487,39.5872,41.8852,1830900
2008-07-30,42.4,42.4368,40.5677,41.1254,983800
2008-07-31,40.6106,41.5237,40.3103,40.4206,950900
2008-08-01,40.6351,40.9905,39.7956,40.5371,846100
2008-08-04,40.6719,40.966,39.4585,40.0897,994800
2008-08-05,40.1694,41.7565,40.1632,41.6524,1171100
2008-08-06,41.5788,41.824,40.5861,41.5421,657200
2008-08-07,40.9844,41.5605,40.6535,40.9906,843500
2008-08-08,41.0579,43.3376,40.9476,42.6451,1158900
2008-08-11,42.2774,43.8952,41.8669,43.3315,1073300
2008-08-12,43.454,43.7482,42.5164,42.7861,910600
2008-08-13,42.7861,43.405,41.9404,43.0557,958000
2008-08-14,42.9143,44.2361,42.779,43.8796,1141600
2008-08-15,44.3591,44.5251,43.2156,43.4246,723300
2008-08-18,43.6398,43.6398,41.6847,41.8384,941000
2008-08-19,41.6232,41.6232,40.621,41.0145,598200
2008-08-20,41.3219,41.8322,40.3628,41.2112,821900
2008-08-21,40.4304,41.1867,40.3136,41.0145,673800
2008-08-22,41.4941,42.5393,41.3219,42.5024,607800
2008-08-25,42.2687,42.2687,39.2254,39.791,2480400
2008-08-26,39.6373,39.9632,38.5183,39.004,1196500
2008-08-27,39.084,39.4098,38.7274,39.2869,870300
2008-08-28,39.6004,40.6149,39.5512,40.455,1383300
2008-08-29,40.2337,40.6518,39.5943,39.6681,771500
2008-09-02,40.2152,41.4387,39.3975,39.9324,1424200
2008-09-03,39.9324,40.6149,39.6619,39.9632,1006100
2008-09-04,39.7787,39.9939,38.506,39.0286,1115900
2008-09-05,38.7581,38.7581,37.344,38.4876,900300
2008-09-08,40.2398,40.4796,38.838,39.4467,1173700
2008-09-09,39.625,39.9693,38.3401,38.4569,1321200
2008-09-10,38.7397,40.5964,38.5491,40.0677,1226000
2008-09-11,39.6619,40.4612,38.8995,40.4612,979900
2008-09-12,39.9816,41.1621,39.3975,40.8301,998800
2008-09-15,39.3176,41.0391,38.8442,39.4713,1236500
2008-09-16,38.4384,40.4673,38.1494,40.0431,1290100
2008-09-17,39.0286,42.3056,38.5491,40.7809,2153700
2008-09-18,41.3404,43.2217,39.3483,42.7729,2512000
2008-09-19,43.0373,44.0763,41.8322,41.9306,1670000
2008-09-22,41.3834,41.4449,39.0594,39.2131,1042400
2008-09-23,39.4406,40.2029,37.8912,37.9957,1163300
2008-09-24,37.9711,38.1679,36.4218,36.8891,1348200
2008-09-25,37.258,38.2847,36.2866,38.0511,1256200
2008-09-26,37.4485,38.0511,36.0037,37.4916,976800
2008-09-29,36.9997,37.9404,35.6717,35.7701,563100
2008-09-30,36.8214,38.1187,36.4402,38.1187,572400
2008-10-01,38.2355,38.2355,35.5549,35.9484,995200
2008-10-02,35.5365,36.0652,32.862,33.815,852100
2008-10-03,33.9503,35.3213,32.942,33.3354,798200
2008-10-06,32.2042,34.0978,31.3803,32.9788,818200
2008-10-07,33.3539,34.2146,30.6487,31.159,919700
2008-10-08,30.1322,33.3416,30.1322,32.2718,474600
2008-10-09,32.1796,32.696,28.2816,28.2816,1302000
2008-10-10,26.929,31.3065,26.3388,30.4458,1736600
2008-10-13,31.7553,32.4439,30.0953,30.538,1291300
2008-10-14,33.5936,33.5936,29.6281,30.7102,1570600
2008-10-15,28.7919,29.7326,27.3778,27.427,1415200
2008-10-16,27.427,28.8473,25.6256,28.6075,1814000
2008-10-17,28.1648,28.8288,26.9782,27.1073,1279800
2008-10-20,27.4332,28.3308,27.1442,28.005,1173300
2008-10-21,27.9558,28.0541,27.0335,27.0704,1025100
2008-10-22,25.9822,25.9822,22.9819,23.7135,2444000
2008-10-23,23.3692,24.5312,22.3855,23.2094,1753600
2008-10-24,21.5186,23.4553,21.3342,22.8528,1042900
2008-10-27,22.6007,24.0947,22.2441,22.6683,1100300
2008-10-28,23.0864,23.2463,20.996,23.2463,1289600
2008-10-29,22.9204,25.0231,22.6499,23.7996,1385700
2008-10-30,24.3406,24.5312,22.6991,23.111,1399800
2008-10-31,22.9204,24.648,22.6191,24.3591,1697500
2008-11-03,24.3345,24.6542,23.7934,24.4574,1180200
2008-11-04,24.9001,25.4719,24.3345,25.1583,1810400
2008-11-05,24.7218,25.3182,23.8549,24.2177,1839400
2008-11-06,24.0332,24.3406,23.1725,23.4737,1276600
2008-11-07,23.4615,24.0209,22.9757,23.7689,1494600
2008-11-10,24.1193,24.3099,23.4061,23.7258,1672200
2008-11-11,23.4369,23.8734,22.4655,22.7114,1687900
2008-11-12,22.3486,22.7975,21.8752,22.2257,1101900
2008-11-13,22.5041,24.0324,21.545,24.0324,1519600
2008-11-14,23.5127,23.8963,22.7825,22.8382,1447000
2008-11-17,22.6341,22.8754,21.7121,21.7616,1188700
2008-11-18,21.8049,21.8297,20.1776,20.7159,1491900
2008-11-19,20.7407,21.0686,18.5688,18.7545,1538100
2008-11-20,18.5874,19.1938,17.1457,17.6036,1569500
2008-11-21,17.8325,18.9586,17.3994,18.9277,1045300
2008-11-24,19.398,21.4151,18.9215,21.149,1509400
2008-11-25,21.5636,21.6131,19.9053,20.7407,1016400
2008-11-26,20.289,22.1762,20.289,22.0462,1096400
2008-11-28,22.0277,22.3247,21.9163,22.2195,366300
2008-12-01,22.2195,22.3061,20.6355,20.8087,874300
2008-12-02,21.05,21.4213,20.3261,21.3594,553800
2008-12-03,20.9325,22.0895,20.5055,22.0091,638700
2008-12-04,21.6935,22.9434,21.4955,21.9905,731200
2008-12-05,21.4832,22.0462,19.9301,21.8544,960700
2008-12-08,22.337,23.2714,22.1267,22.9063,805400
2008-12-09,22.5969,22.665,21.3285,21.5945,709800
2008-12-10,21.8235,22.8939,21.5141,22.6774,1499100
2008-12-11,22.5289,22.5289,19.565,19.7692,1313700
2008-12-12,19.2123,21.0377,18.9834,20.7778,1051600
2008-12-15,20.9201,21.1923,19.8868,20.2271,1271000
2008-12-16,20.4003,21.5884,20.1776,21.4399,1119600
2008-12-17,21.2913,23.2466,21.18,22.6464,1510300
2008-12-18,22.0153,22.665,21.3718,21.9534,1466300
2008-12-19,22.2937,23.3518,22.0339,22.733,1952100
2008-12-22,22.8259,22.8259,21.1305,21.4151,1387200
2008-12-23,21.7616,22.0215,20.982,21.7183,1288400
2008-12-24,21.7059,22.3865,21.5636,22.3309,382000
2008-12-26,22.4298,22.4917,21.9039,22.2628,282900
2008-12-29,22.2752,22.3618,21.4399,21.7554,789900
2008-12-30,21.7802,22.9372,21.4708,22.8506,1010100
2008-12-31,22.9805,24.3604,22.9805,23.9953,704800
2009-01-02,24.4594,25.1771,23.8716,25.0101,616800
2009-01-05,24.9977,25.1214,24.3047,24.8121,594700
2009-01-06,25.0658,25.5174,24.8121,25.2514,954600
2009-01-07,24.7378,24.8244,23.655,23.9396,1356000
2009-01-08,23.9829,24.2428,23.5251,23.952,370100
2009-01-09,24.1747,24.2614,23.0672,23.6364,950600
2009-01-12,23.5498,23.5869,22.1823,22.5289,728700
2009-01-13,22.3494,22.9063,21.7245,22.17,900600
2009-01-14,21.842,22.1267,20.8335,21.0562,813000
2009-01-15,21.1243,22.0772,20.4189,21.7492,996500
2009-01-16,22.1885,22.2566,20.6355,21.5017,885200
2009-01-20,21.3594,21.7183,19.7383,19.9548,1070500
2009-01-21,20.1961,21.081,19.8806,21.0191,1109200
2009-01-22,20.7716,21.0067,19.961,20.5117,760800
2009-01-23,19.7692,20.7468,19.7692,20.3632,643100
2009-01-26,20.3694,21.0067,20.2952,20.7716,1014600
2009-01-27,20.8211,21.4213,20.5117,21.347,851500
2009-01-28,21.743,23.1105,21.743,22.7145,1420800
2009-01-29,22.4422,22.6279,21.6255,21.7368,1070900
2009-01-30,22.1081,22.1081,20.654,20.9015,1314200
2009-02-02,20.5922,20.8211,20.0043,20.5674,1245200
2009-02-03,20.753,21.7121,20.7097,21.3656,1738800
2009-02-04,19.3732,21.0067,18.4265,18.5626,3340400
2009-02-05,18.5688,19.6021,17.9872,19.4351,2032400
2009-02-06,19.6516,21.1676,19.3113,21.0624,1863600
2009-02-09,20.9015,21.4089,20.3261,20.9015,1437000
2009-02-10,20.6788,20.9015,18.9215,19.1814,1480000
2009-02-11,19.3237,20.0353,19.0762,19.5465,1291100
2009-02-12,19.3034,19.7459,18.8546,19.6773,1342500
2009-02-13,19.534,19.6587,18.9356,18.973,942200
2009-02-17,18.3186,18.6988,17.5021,17.6454,2061000
2009-02-18,17.5893,17.6205,16.4612,16.804,2404000
2009-02-19,16.9723,17.7202,16.2368,16.3303,1713600
2009-02-20,15.6197,16.4674,15.5512,16.2679,2102400
2009-02-23,16.3926,16.5422,15.5761,15.6446,1186100
2009-02-24,15.7568,16.4736,14.9279,16.324,1723800
2009-02-25,16.349,16.349,14.9777,15.2644,1733400
2009-02-26,15.4764,15.5262,14.2547,14.2983,2180900
2009-02-27,14.1487,14.6536,13.7249,14.2485,1465500
2009-03-02,14.0116,14.0615,13.033,13.0891,1450900
2009-03-03,13.2512,13.2948,12.6154,12.9333,1390900
2009-03-04,13.3322,14.2547,13.0891,13.9368,1967500
2009-03-05,13.6439,13.7124,12.5469,12.6965,1380700
2009-03-06,12.8087,13.0642,11.8426,12.0981,1634100
2009-03-09,11.9859,12.7027,11.8987,12.0109,1432400
2009-03-10,12.148,13.5005,12.148,13.4818,2100100
2009-03-11,13.5691,14.6411,13.3634,14.3856,2796100
2009-03-12,14.4105,14.5601,13.7,14.3357,1946800
2009-03-13,14.6474,14.9154,14.1924,14.7346,1004300
2009-03-16,14.8905,16.6544,14.8032,15.4577,1773900
2009-03-17,15.4265,15.975,15.2956,15.9625,1194400
2009-03-18,15.9501,17.0408,15.6197,16.9349,1484600
2009-03-19,17.1655,17.2527,16.7229,16.9286,1654100
2009-03-20,17.0533,17.0969,15.5636,15.707,1319100
2009-03-23,16.0934,17.5457,15.6633,17.5145,1131400
2009-03-24,16.8975,17.2527,16.4986,16.5484,1377800
2009-03-25,16.6481,17.4522,16.2243,17.0159,2063000
2009-03-26,17.2278,18.8359,17.0034,18.6115,1321200
2009-03-27,18.3809,18.3809,17.5395,17.6766,1151400
2009-03-30,17.3899,17.3899,16.4549,16.7853,1170300
2009-03-31,16.9536,18.0879,16.6793,17.6454,1312800
2009-04-01,17.6143,18.4432,17.3088,18.1877,1804000
2009-04-02,18.7985,20.5001,18.2375,19.7334,2124900
2009-04-03,19.3158,19.8394,19.0478,19.6275,1711300
2009-04-06,19.4156,19.5091,18.6427,19.2971,1593300
2009-04-07,18.8982,18.998,18.356,18.4245,1152300
2009-04-08,16.7666,16.8102,14.7222,15.1148,5485500
2009-04-09,15.5823,16.2243,15.4016,15.8503,2668300
2009-04-13,15.6633,15.7693,14.8967,15.0151,2227600
2009-04-14,15.0525,15.7693,14.878,15.1273,2009700
2009-04-15,15.1024,15.5636,14.959,15.2831,1261400
2009-04-16,15.3205,15.7444,15.1148,15.601,1408100
2009-04-17,15.8441,15.9376,15.4016,15.7693,1233900
2009-04-20,15.52,15.5574,14.7783,14.8468,1764200
2009-04-21,14.8531,15.4265,14.6287,15.1398,1825800
2009-04-22,15.1336,17.0782,15.1149,15.9812,3039500
2009-04-23,15.8129,16.2368,15.3205,16.0311,1879400
2009-04-24,16.0747,17.1281,16.0747,16.7603,2520200
2009-04-27,16.5671,16.5671,15.7381,16.056,1408500
2009-04-28,15.7007,16.3614,15.6446,15.7942,1488200
2009-04-29,15.7942,16.7105,15.4888,16.3864,1534500
2009-04-30,16.5921,17.9695,16.5921,17.259,1892100
2009-05-01,17.2216,18.1316,16.779,17.8885,2227200
2009-05-04,17.9446,18.998,17.9446,18.7112,1698300
2009-05-05,18.5866,19.2473,18.1503,18.4245,1086500
2009-05-06,18.7362,19.2473,18.4619,19.0977,1360300
2009-05-07,19.2223,19.7708,18.1316,18.4121,1309100
2009-05-08,18.8047,19.1226,18.0256,18.6614,1073100
2009-05-11,17.3961,17.7202,16.5734,17.0284,1738000
2009-05-12,17.072,17.2714,16.4674,17.0533,1693700
2009-05-13,16.6544,17.0533,15.8129,15.9875,1917300
2009-05-14,15.8868,16.6793,15.7925,16.3837,1055000
2009-05-15,16.5158,17.0504,16.3334,16.4529,1275000
2009-05-18,16.6604,16.956,16.4214,16.8428,1127400
2009-05-19,16.8302,17.7673,16.8302,17.2768,1057800
2009-05-20,17.4026,18.151,17.2327,17.2894,1178700
2009-05-21,16.9372,17.0504,16.3271,16.5535,857500
2009-05-22,16.5912,16.6981,16.2327,16.4026,702600
2009-05-26,16.1636,16.9812,16.1447,16.8868,886400
2009-05-27,16.8617,17.1824,16.5409,16.6164,912900
2009-05-28,16.4592,17.107,16.2453,16.8868,1102000
2009-05-29,16.9371,17.7485,16.9371,17.7233,1434500
2009-06-01,18.0818,18.8617,18.0378,18.5912,1232400
2009-06-02,18.673,19.0629,18.4151,18.6038,1209700
2009-06-03,18.4592,18.4592,17.7044,17.9309,1124400
2009-06-04,18.1699,19.0441,17.7044,18.9623,1482800
2009-06-05,19.1258,19.1761,18.4088,18.6038,1371100
2009-06-08,18.6541,19.0692,18.2076,18.8868,1488500
2009-06-09,19.0629,19.4717,18.7799,19.0755,886800
2009-06-10,19.2705,19.3774,18.4529,18.9246,631500
2009-06-11,19.0818,19.8302,19.0504,19.5598,1055100
2009-06-12,19.3963,19.6101,18.5724,19.1133,1011800
2009-06-15,18.8365,18.956,18.0944,18.1573,1262300
2009-06-16,18.195,18.5409,17.7233,17.9057,1144300
2009-06-17,17.868,18.0189,17.2705,17.6919,872200
2009-06-18,17.8177,18.2768,17.5158,18.0881,612400
2009-06-19,18.4466,18.6919,18.2768,18.4529,876400
2009-06-22,18.1573,18.3334,17.1007,17.1698,769500
2009-06-23,17.2139,17.4717,16.6164,16.9875,789300
2009-06-24,17.1447,17.5346,16.9371,17.0315,832700
2009-06-25,17.0378,18.1321,16.7233,18.1133,1127100
2009-06-26,18.0755,18.3837,17.629,17.8365,958400
2009-06-29,17.8743,18.1824,17.673,17.9875,995500
2009-06-30,17.9623,18.1636,17.4088,17.5598,614900
2009-07-01,17.5598,18.3082,17.5221,17.8302,661000
2009-07-02,17.5661,17.5661,16.5095,16.6353,1120500
2009-07-06,16.5535,16.7107,16.1258,16.3774,654900
2009-07-07,16.3963,16.5409,15.629,15.6478,854900
2009-07-08,15.6856,15.8931,15.151,15.5849,889300
2009-07-09,15.673,15.9875,15.5158,15.7359,713500
2009-07-10,15.6478,15.9749,15.5661,15.8302,444700
2009-07-13,15.956,16.0315,15.3648,16.0189,787000
2009-07-14,15.9497,16.2139,15.6416,15.9183,864900
2009-07-15,16.1007,16.4151,15.8302,16.3963,717500
2009-07-16,16.3648,16.8868,16.0692,16.8239,690900
2009-07-17,16.7548,17.3963,16.6667,17.0504,905900
2009-07-20,17.1195,17.4655,17.0755,17.4277,697900
2009-07-21,17.5975,17.5975,16.7296,17.0504,733700
2009-07-22,16.9749,17.4717,16.8302,17.3145,890700
2009-07-23,17.5158,19.8491,17.5095,19.6164,1955000
2009-07-24,19.6164,20.6038,19.6164,20.2831,1214400
2009-07-27,20.107,21.4717,19.8805,21.2453,1475100
2009-07-28,20.9246,21.7107,20.7233,21.2768,1147900
2009-07-29,21.1573,21.3019,20.6541,20.9686,978100
2009-07-30,21.4151,21.8994,21.2328,21.6353,899600
2009-07-31,21.7925,22.2768,21.3963,22.0944,834900
2009-08-03,22.4969,22.9497,21.8931,22.8743,1030300
2009-08-04,22.9623,23.7673,22.5724,23.5975,1189900
2009-08-05,23.7233,23.9623,22.8428,23.5158,925600
2009-08-06,23.629,23.629,22.7611,22.9623,908100
2009-08-07,23.4592,24.5787,23.1887,24.3963,1052900
2009-08-10,23.9812,24.6479,23.9434,24.5975,909400
2009-08-11,24.5221,25.0504,24.346,24.8994,935700
2009-08-12,24.7988,25.434,24.4969,25.2391,844700
2009-08-13,25.4152,25.4152,24.5284,25.2076,582300
2009-08-14,25.0755,25.1573,24.2894,24.6856,590400
2009-08-17,24.4655,24.4655,23.3397,23.7674,840400
2009-08-18,23.8303,24.3963,23.6542,23.8303,959800
2009-08-19,23.5535,24.4655,23.5221,24.39,628300
2009-08-20,24.5103,24.6495,24.2634,24.428,560200
2009-08-21,24.8141,25.3205,24.4786,25.2572,752500
2009-08-24,25.3902,25.7003,24.8584,24.985,620900
2009-08-25,25.3142,25.9029,25.0293,25.4661,595000
2009-08-26,25.3965,25.4788,24.6242,24.7508,731900
2009-08-27,24.7635,25.0357,24.0418,24.8394,603700
2009-08-28,25.099,25.4091,24.3837,24.7445,470700
2009-08-31,24.352,24.6369,23.7316,24.0545,657500
2009-09-01,23.9342,24.6432,23.2126,23.3012,802700
2009-09-02,23.1936,23.7696,22.8961,23.6241,687000
2009-09-03,23.5861,23.8203,23.0986,23.7443,615400
2009-09-04,23.7443,24.276,23.4784,24.1304,351200
2009-09-08,24.3077,24.5925,24.0988,24.5609,519500
2009-09-09,24.4913,25.7256,24.4596,25.6434,891500
2009-09-10,25.7383,26.6435,25.5547,26.6245,1138100
2009-09-11,26.8841,27.0423,26.2637,26.9094,872200
2009-09-14,26.5549,27.1563,26.3966,27.1056,730800
2009-09-15,27.1816,27.3335,26.6942,26.922,644600
2009-09-16,27.1246,27.1246,25.9535,26.3776,1287100
2009-09-17,26.3397,27.0613,25.7763,25.9915,725000
2009-09-18,26.2257,26.4346,25.77,26.0738,550800
2009-09-21,25.8586,26.2954,25.3712,26.1751,498600
2009-09-22,26.3207,26.5802,25.8712,26.1688,449000
2009-09-23,26.1688,26.2384,25.4661,25.4978,620000
2009-09-24,25.656,25.6623,24.2381,24.4216,1391800
2009-09-25,24.371,24.7445,23.9975,24.4976,809900
2009-09-28,24.5609,25.1623,24.4406,25.004,468900
2009-09-29,25.2066,25.599,24.9787,25.2129,548200
2009-09-30,25.2572,25.3458,24.371,24.7255,648300
2009-10-01,24.6242,24.7318,23.143,23.5608,1122100
2009-10-02,23.3265,23.3519,22.7315,23.124,594600
2009-10-05,23.2886,23.9406,23.1303,23.9279,550900
2009-10-06,24.2507,24.5229,23.8139,23.9469,437700
2009-10-07,23.9152,24.2887,23.7696,24.0482,602400
2009-10-08,24.4343,24.6179,24.0039,24.2128,646400
2009-10-09,24.2571,24.5356,23.9912,24.4786,391400
2009-10-12,24.7318,27.2829,24.6558,26.8904,2506700
2009-10-13,26.6182,27.055,26.0232,26.3333,913900
2009-10-14,26.8841,27.9728,26.7828,27.8399,1220500
2009-10-15,27.6627,28.0361,27.4221,27.65,1116900
2009-10-16,27.631,28.4856,27.1689,28.3273,1339200
2009-10-19,28.4413,29.2958,27.5361,28.6185,1930800
2009-10-20,28.6185,29.4858,28.283,29.2769,1658600
2009-10-21,29.2072,29.2389,28.4729,28.6565,1595800
2009-10-22,27.9412,28.4539,27.2322,28.1944,1760000
2009-10-23,28.4539,29.0806,28.0868,28.1628,1533300
2009-10-26,28.2957,29.1123,27.7893,27.9982,1256100
2009-10-27,27.9349,28.378,26.9664,27.112,1807500
2009-10-28,27.1942,27.2702,25.9029,25.9535,1581600
2009-10-29,26.1498,26.5296,25.9788,26.403,1280000
2009-10-30,26.5486,26.9284,25.5611,25.6687,1158100
2009-11-02,25.808,26.4156,25.4598,25.751,1306400
2009-11-03,25.8079,26.3776,25.5231,26.3207,1110400
2009-11-04,26.4599,26.5802,25.9978,26.0738,818400
2009-11-05,26.4663,26.7828,26.0991,26.7828,889900
2009-11-06,26.27,26.9031,26.27,26.7511,707800
2009-11-09,26.9664,27.631,26.8398,27.5487,654400
2009-11-10,27.3145,27.7766,26.9727,27.5994,644900
2009-11-11,27.9918,28.5172,27.5867,28.1628,728800
2009-11-12,28.15,28.3283,27.3352,27.3734,790600
2009-11-13,27.4752,27.8126,27.2015,27.5898,802400
2009-11-16,27.7553,28.1628,27.6344,27.9399,1120000
2009-11-17,27.7108,27.889,27.1506,27.4689,867600
2009-11-18,27.5262,27.6598,27.2843,27.5516,775300
2009-11-19,27.3225,27.3925,26.6795,26.8768,772800
2009-11-20,26.7368,27.036,26.062,26.202,1057700
2009-11-23,26.6922,27.3225,26.5777,26.705,934700
2009-11-24,26.8004,26.8004,26.1575,26.4503,642100
2009-11-25,26.3166,26.6031,26.3039,26.4821,543600
2009-11-27,25.5018,26.0875,25.5018,25.8456,473900
2009-11-30,25.7819,26.2466,25.5464,25.8074,1008100
2009-12-01,26.1002,26.3612,26.0302,26.1893,523900
2009-12-02,26.1511,26.4822,26.1002,26.3676,345900
2009-12-03,26.3612,26.6986,25.922,25.9665,476800
2009-12-04,26.5203,27.1824,26.4185,27.0742,1012100
2009-12-07,27.0742,27.0933,26.6477,26.7559,488100
2009-12-08,26.5776,26.6349,25.9983,26.4567,562800
2009-12-09,26.393,26.5076,26.0556,26.4949,370000
2009-12-10,26.6413,26.9914,26.4185,26.463,409400
2009-12-11,26.4949,26.7113,26.3421,26.5458,382800
2009-12-14,26.7877,27.437,26.6286,27.367,655500
2009-12-15,27.1378,27.6853,27.1378,27.3734,517000
2009-12-16,27.6408,27.6408,27.2206,27.2843,368700
2009-12-17,27.0869,27.6025,26.8004,27.2333,510400
2009-12-18,27.4625,27.8381,27.367,27.4116,497400
2009-12-21,27.5707,28.1691,27.5707,27.9845,408700
2009-12-22,28.1182,28.1182,27.3925,27.5134,387900
2009-12-23,27.5198,27.628,27.2015,27.5771,179400
2009-12-24,27.6917,27.9208,27.6089,27.6662,56500
2009-12-28,27.7044,27.7362,27.0232,27.3352,303800
2009-12-29,27.3543,27.5007,27.0933,27.2079,449900
2009-12-30,27.0805,27.2461,26.1957,26.8832,668000
2009-12-31,26.7814,26.8959,26.1639,26.2084,353100
2010-01-04,26.444,26.7877,26.183,26.4503,640700
2010-01-05,26.3867,26.5331,25.7437,25.9729,805400
2010-01-06,25.9411,26.1893,25.5846,25.6164,762200
2010-01-07,25.5655,25.5655,25.0817,25.1453,821500
2010-01-08,25.0435,25.7755,24.9989,25.6801,885200
2010-01-11,25.731,26.2084,25.731,26.1575,1040700
2010-01-12,25.9219,26.1257,24.757,24.8588,1358800
2010-01-13,25.0435,25.6291,24.5724,25.6037,1247500
2010-01-14,25.4509,25.9792,25.4,25.8137,748900
2010-01-15,25.9029,25.9601,25.0053,25.3872,613700
2010-01-19,25.2217,25.6291,25.2217,25.54,499200
2010-01-20,25.3681,25.3681,24.5851,25.2153,593000
2010-01-21,25.1899,25.4954,24.4896,24.6042,681800
2010-01-22,24.4387,24.636,23.6939,23.8276,823700
2010-01-25,24.1713,24.1713,23.522,23.6302,526600
2010-01-26,23.7766,23.9676,23.452,23.4965,484500
2010-01-27,23.3883,23.6939,23.0382,23.6811,755400
2010-01-28,23.7957,23.7957,22.9745,23.2483,665900
2010-01-29,23.3629,23.7639,23,23.1719,821800
2010-02-01,23.4074,23.8403,23.2865,23.6175,1355300
2010-02-02,23.6366,23.8339,23.0764,23.7703,1752800
2010-02-03,21.5804,22.5035,21.0138,21.9305,3191500
2010-02-04,21.6695,21.7396,20.6764,20.721,2342700
2010-02-05,20.6573,21.2175,20.2818,21.0966,1329500
2010-02-08,21.0202,21.3512,20.5873,20.7974,867600
2010-02-09,21.2239,21.5486,21.0329,21.2621,687900
2010-02-10,21.2303,21.2557,20.7401,21.1412,499100
2010-02-11,21.2239,21.8223,21.0839,21.6695,987700
2010-02-12,21.3512,21.7587,21.0966,21.7396,861700
2010-02-16,21.9942,22.0897,21.6186,22.0897,693300
2010-02-17,22.2297,22.2297,21.8096,22.0515,666600
2010-02-18,21.9624,22.1215,21.8287,22.0833,387100
2010-02-19,21.9743,22.4424,21.9487,22.3462,835700
2010-02-22,22.4232,22.6091,22.2436,22.5193,609700
2010-02-23,22.468,22.545,21.814,22.0769,1233000
2010-02-24,22.2564,22.3719,21.9102,22.3526,752700
2010-02-25,21.9166,22.3334,21.705,22.2757,908200
2010-02-26,22.3334,22.6732,22.1346,22.6283,694400
2010-03-01,22.7822,23.0772,22.577,22.6283,628200
2010-03-02,22.8335,22.9169,22.4488,22.4937,663800
2010-03-03,22.6412,22.7309,22.4039,22.5129,841400
2010-03-04,22.6027,22.7566,22.359,22.6283,519900
2010-03-05,22.7951,23.1285,22.7951,23.0259,638400
2010-03-08,23.0259,23.3786,22.9618,23.09,343800
2010-03-09,23.0131,23.6158,22.9874,23.4747,694900
2010-03-10,23.5132,23.6799,23.2503,23.3593,779300
2010-03-11,23.2247,23.3722,22.7758,23.058,796500
2010-03-12,23.1605,23.6992,23.0708,23.5966,834400
2010-03-15,23.5004,23.7505,23.3593,23.6992,537700
2010-03-16,23.7697,24.2314,23.6863,24.1672,726400
2010-03-17,24.2891,24.9688,24.2057,24.6802,1160900
2010-03-18,24.7123,24.988,24.6097,24.7059,654100
2010-03-19,24.8085,25.2573,24.6097,24.8085,1358400
2010-03-22,24.6482,25.0137,24.5263,24.8598,466500
2010-03-23,24.8726,24.9623,24.6033,24.9367,538300
2010-03-24,24.8021,24.9367,24.5712,24.7123,530800
2010-03-25,24.9495,25.0521,24.475,24.5327,584600
2010-03-26,24.6097,25.0072,24.5648,24.7251,524700
2010-03-29,24.8469,25.1996,24.7892,24.9175,306600
2010-03-30,24.9944,25.097,24.7059,25.0137,344400
2010-03-31,24.8597,25.1098,24.7828,24.8533,599300
2010-04-01,25.0136,25.2509,24.7315,25.1291,654400
2010-04-05,25.2958,25.4497,25.1034,25.4048,474200
2010-04-06,25.3022,26.7193,24.9367,26.6487,1305700
2010-04-07,26.4628,26.995,26.4564,26.7577,915200
2010-04-08,26.6039,26.9501,26.4179,26.8283,494700
2010-04-09,26.7449,27.2194,26.7129,27.213,498300
2010-04-12,27.1681,27.4246,27.1361,27.3925,517100
2010-04-13,27.3605,27.6234,27.3476,27.54,600500
2010-04-14,27.6683,28.1171,27.5721,28.0402,450900
2010-04-15,27.9825,28.3415,27.9761,28.1748,589300
2010-04-16,28.2133,28.5852,27.5016,27.7965,761000
2010-04-19,27.726,27.8799,27.0655,27.8029,772500
2010-04-20,27.976,28.2133,27.6298,27.976,726900
2010-04-21,28.38,29.874,28.3736,29.329,1851600
2010-04-22,29.5278,30.8294,29.1495,30.6242,1098900
2010-04-23,30.7333,30.7333,29.9894,30.3614,1216600
2010-04-26,30.4255,30.8615,30.3165,30.5473,715200
2010-04-27,30.4703,30.5152,29.8099,30.0023,846600
2010-04-28,30.1369,30.4447,29.2456,30.0472,1178200
2010-04-29,30.2972,30.5216,30.1369,30.4319,1114200
2010-04-30,30.4768,31.0923,29.8163,29.8291,843300
2010-05-03,30.0087,30.7653,30.0023,30.6563,486700
2010-05-04,30.2588,30.2908,29.2392,29.4508,636900
2010-05-05,29.2777,30.2459,29.0853,29.6752,1277700
2010-05-06,29.4893,30.1241,26.9822,29.002,1417700
2010-05-07,29.0469,29.2841,27.0912,27.2258,1969900
2010-05-10,28.6493,28.893,28.3544,28.7327,1513100
2010-05-11,28.38,29.9317,28.3351,29.5214,1161300
2010-05-12,29.6368,30.5794,29.5214,30.2652,883700
2010-05-13,30.1369,30.4062,29.7009,29.7971,657900
2010-05-14,29.4829,29.5534,28.5147,28.8481,1057400
2010-05-17,28.925,29.5149,28.5082,29.22,1073800
2010-05-18,29.5406,29.8933,28.9571,29.002,1031500
2010-05-19,28.9122,29.2585,28.162,28.8545,861100
2010-05-20,27.9696,28.1556,26.809,27.1104,1240900
2010-05-21,26.6911,28.3295,26.6718,28.0457,1803900
2010-05-24,27.8006,28.6262,27.6651,28.0715,993800
2010-05-25,27.0588,28.1231,26.6524,28.0586,1320800
2010-05-26,28.5488,29.039,28.3682,28.4714,1265600
2010-05-27,28.9745,29.3293,28.6069,29.3293,1383100
2010-05-28,29.3035,29.3745,28.6391,28.9874,930100
2010-06-01,28.6714,29.0261,28.0135,28.0393,900600
2010-06-02,28.207,28.7036,27.9876,28.7036,716600
2010-06-03,28.9229,29.2648,28.4327,28.9681,851500
2010-06-04,28.2521,28.4456,26.7105,26.8782,1476200
2010-06-07,26.9427,26.9879,25.8978,25.9107,942100
2010-06-08,26.0655,26.3235,25.4592,26.2203,1124700
2010-06-09,26.446,27.5361,26.388,26.6395,1108500
2010-06-10,27.2523,28.136,27.2523,28.1231,1074600
2010-06-11,27.6974,28.3553,27.6264,28.3102,665900
2010-06-14,28.7939,29.1487,28.2456,28.2908,928000
2010-06-15,28.7552,29.3164,28.4134,29.297,735500
2010-06-16,29.0648,29.1422,28.4843,28.7036,671900
2010-06-17,28.9552,29.0326,28.0457,28.7939,733300
2010-06-18,28.8133,29.0068,28.523,28.6972,598100
2010-06-21,29.5873,29.5873,28.3489,28.5166,700600
2010-06-22,28.4908,28.7423,27.1878,27.3104,516100
2010-06-23,27.1491,27.7167,26.704,27.4523,568400
2010-06-24,27.3684,27.6329,26.8008,27.1362,559200
2010-06-25,27.3426,27.5039,26.8395,27.4458,927800
2010-06-28,27.4071,27.62,27.0588,27.1169,512400
2010-06-29,26.704,26.7234,25.8655,26.0397,530600
2010-06-30,26.0268,26.4654,25.8591,25.9494,592300
2010-07-01,25.9816,26.2848,24.8399,25.9236,1094000
2010-07-02,25.9365,26.0655,24.8786,25.0528,916000
2010-07-06,25.4591,25.7946,24.5561,24.7561,702000
2010-07-07,24.8786,25.9558,24.7496,25.9171,707900
2010-07-08,26.1751,26.5557,26.0074,26.4331,626300
2010-07-09,26.3815,26.5686,26.1171,26.5234,594700
2010-07-12,26.4267,26.6911,26.2332,26.3428,472500
2010-07-13,26.704,27.0201,26.5299,26.8589,1011300
2010-07-14,26.7556,27.0846,26.4847,26.846,671700
2010-07-15,26.8589,26.9492,26.13,26.5557,619800
2010-07-16,26.3364,26.5299,25.6462,25.6914,469900
2010-07-19,26.0074,26.2461,25.5623,26.1042,561200
2010-07-20,25.7494,26.8782,25.4398,26.8072,732500
2010-07-21,27.0782,27.3362,26.4267,26.6524,805000
2010-07-22,27.1943,27.9683,27.1814,27.8586,750300
2010-07-23,28.7552,28.8842,27.6071,27.8973,1108100
2010-07-26,28.0973,28.3231,27.8328,28.0264,1072400
2010-07-27,28.2908,28.6907,28.007,28.3553,769800
2010-07-28,28.1166,28.523,28.0199,28.1747,551600
2010-07-29,28.4456,28.5875,27.7683,28.265,818400
2010-07-30,27.8006,28.3553,27.6651,28.1683,844000
2010-08-02,28.6327,28.6714,28.0392,28.4069,515100
2010-08-03,28.2328,28.2328,27.5942,27.8264,492800
2010-08-04,27.8651,28.5101,27.8328,28.4908,418300
2010-08-05,28.1295,28.5617,28.0844,28.4972,376200
2010-08-06,28.0715,28.5101,27.6135,28.0715,393900
2010-08-09,28.2392,28.594,28.1747,28.5553,290000
2010-08-10,28.207,28.3102,27.6458,27.8264,484700
2010-08-11,27.2136,27.233,26.3106,26.4009,497500
2010-08-12,25.8655,26.4202,25.8204,26.2783,495900
2010-08-13,26.1558,26.3493,25.8849,26.0139,469000
2010-08-16,25.7946,26.1235,25.5817,26.0268,419700
2010-08-17,26.3815,26.7879,26.1106,26.5299,495000
2010-08-18,26.4525,26.775,26.2461,26.5492,583000
2010-08-19,26.4908,26.4908,25.6078,25.7441,1093100
2010-08-20,25.5558,25.7571,25.0429,25.5299,615500
2010-08-23,25.7376,25.7636,24.952,24.9975,776900
2010-08-24,24.465,24.939,24.2378,24.6144,642800
2010-08-25,24.3482,24.8221,24.0235,24.7183,598100
2010-08-26,24.8092,25.1857,24.6274,24.7053,675500
2010-08-27,24.9131,25.5234,24.4391,25.452,558100
2010-08-30,25.3091,25.4779,24.8741,24.8806,357800
2010-08-31,24.7053,25.2312,24.5494,24.913,555500
2010-09-01,25.374,25.7766,25.0559,25.6792,1072500
2010-09-02,25.8155,26.3609,25.8026,26.296,840200
2010-09-03,26.6791,27.0038,26.1986,26.6142,601600
2010-09-07,26.4583,26.5687,25.9064,26.0688,380000
2010-09-08,26.1597,26.7245,26.0882,26.5557,450700
2010-09-09,26.9583,27.0297,26.6791,26.9908,516600
2010-09-10,27.0297,27.179,26.8154,26.9908,286100
2010-09-13,27.3868,27.7114,27.2505,27.4193,330000
2010-09-14,27.3284,27.692,27.1855,27.5297,380600
2010-09-15,27.3024,27.5297,27.0687,27.4453,348500
2010-09-16,27.2894,27.4582,26.9518,27.2375,364100
2010-09-17,27.4193,27.4777,26.9518,27.3349,510800
2010-09-20,27.4452,27.8478,27.3998,27.8218,397700
2010-09-21,27.7764,28.5685,27.7374,28.2893,625200
2010-09-22,28.2049,28.6399,28.0556,28.1595,756900
2010-09-23,27.8543,28.0166,27.2245,27.3154,561600
2010-09-24,27.8024,28.2569,27.8024,28.088,598000
2010-09-27,28.1595,28.1789,27.7894,27.8024,399300
2010-09-28,27.8738,28.114,27.5556,28.0101,542300
2010-09-29,27.8933,28.0101,27.7634,27.8803,423400
2010-09-30,28.101,28.5036,27.5881,27.7699,453400
2010-10-01,28.0166,28.114,27.5167,27.6011,514500
2010-10-04,27.5556,27.7959,26.8998,27.1855,513800
2010-10-05,27.5621,28.3737,27.5297,28.114,1266200
2010-10-06,28.127,28.2309,27.8803,28.1205,370600
2010-10-07,28.3348,28.3932,27.6011,28.0166,458000
2010-10-08,28.088,28.5685,27.8608,28.4516,319200
2010-10-11,28.3802,29.01,28.3218,28.8087,332900
2010-10-12,28.7373,28.8607,28.2374,28.7114,488200
2010-10-13,28.9776,30.1722,28.9061,29.7502,720300
2010-10-14,29.7372,29.7892,29.3087,29.5035,462500
2010-10-15,29.9125,30.2112,29.3022,29.4645,553600
2010-10-18,29.4515,29.7502,29.2438,29.6853,290500
2010-10-19,29.3866,29.5879,29.0944,29.2438,473300
2010-10-20,29.3671,30.0684,29.2697,29.9515,430200
2010-10-21,30.0424,30.3865,28.6659,28.997,1139200
2010-10-22,29.062,29.3996,28.9256,29.1334,529600
2010-10-25,29.2178,29.6398,28.9321,29.01,703300
2010-10-26,28.8607,28.8607,28.4451,28.6334,796300
2010-10-27,28.2893,28.4192,28.0621,28.3283,566100
2010-10-28,28.5945,28.7438,28.1984,28.3218,412100
2010-10-29,28.1854,28.6269,28.1724,28.4062,399000
2010-11-01,28.5231,28.8087,28.3997,28.5555,465700
2010-11-02,28.8607,29.0555,28.7049,28.8347,378400
2010-11-03,28.9451,29.3217,28.7049,29.01,714500
2010-11-04,29.3671,29.6398,29.1983,29.3736,709500
2010-11-05,29.471,29.5165,29.1529,29.3671,538700
2010-11-08,29.2308,29.5619,29.075,29.2632,414100
2010-11-09,29.3282,29.4126,28.7373,28.8217,502800
2010-11-10,28.8217,28.9905,28.536,28.9451,273300
2010-11-11,28.627,28.9581,28.4127,28.8672,433100
2010-11-12,28.588,28.9061,28.101,28.2633,416700
2010-11-15,28.3737,28.8737,28.2569,28.2893,419700
2010-11-16,28.0166,28.1854,27.4777,27.692,545900
2010-11-17,27.692,28.088,27.5297,27.9582,489300
2010-11-18,28.396,28.8533,28.3306,28.507,343600
2010-11-19,28.4744,28.6965,28.3175,28.6246,280600
2010-11-22,28.4417,28.7226,28.1281,28.4809,276800
2010-11-23,28.0889,28.3698,27.9059,28.0758,445700
2010-11-24,28.2914,29.0755,28.2849,28.9579,319500
2010-11-26,28.6769,29.0036,28.6704,28.6704,143600
2010-11-29,28.4547,28.788,28.1477,28.7096,340900
2010-11-30,28.3371,28.5724,28.0693,28.1673,527300
2010-12-01,28.8729,29.3629,28.6769,29.0363,461800
2010-12-02,29.0363,29.6635,28.9709,29.5328,395300
2010-12-03,29.3695,29.6831,29.1996,29.5328,425300
2010-12-06,29.4871,29.755,29.3041,29.6439,283800
2010-12-07,30.0098,30.1993,29.6243,29.9314,497700
2010-12-08,30.0033,30.1274,29.6766,29.8465,261700
2010-12-09,30.049,30.6044,30.0098,30.5586,840900
2010-12-10,30.6436,31.1532,30.4345,31.1467,961400
2010-12-13,31.2578,31.2578,30.428,30.4476,477800
2010-12-14,30.4802,30.8527,30.4802,30.7351,632000
2010-12-15,31.2055,32.656,31.0748,32.1986,1684800
2010-12-16,32.1986,32.7475,31.8589,32.6887,757000
2010-12-17,32.7867,33.1199,32.6103,33.0742,864000
2010-12-20,33.1656,33.329,32.8847,33.2898,549400
2010-12-21,33.3355,33.9824,33.2506,33.5446,421000
2010-12-22,33.4923,33.6753,33.1264,33.4793,415300
2010-12-23,33.4793,33.6361,33.2179,33.2833,332100
2010-12-27,33.231,33.5119,33.1199,33.4597,323900
2010-12-28,33.5185,33.6165,33.231,33.5773,297300
2010-12-29,33.623,33.6949,33.427,33.5903,274400
2010-12-30,33.5119,33.8713,33.4008,33.8125,226900
2010-12-31,33.7145,34.4985,33.5707,34.394,589400
2011-01-03,34.688,35.0408,34.3352,34.3483,469600
2011-01-04,34.4136,34.4463,33.4597,33.9432,573500
2011-01-05,33.8452,34.113,33.5642,33.9628,530700
2011-01-06,34.015,34.296,33.7994,34.0738,448600
2011-01-07,34.1653,34.6292,33.4858,33.917,477000
2011-01-10,33.7798,34.2764,33.5381,34.2698,613500
2011-01-11,34.3483,34.4332,33.6165,33.6818,400700
2011-01-12,33.9301,34.0934,33.6491,33.8321,515400
2011-01-13,33.7537,33.9497,33.5446,33.6557,406400
2011-01-14,33.6034,33.7079,33.3878,33.6034,343900
2011-01-18,33.6361,33.819,33.1787,33.3159,318000
2011-01-19,33.3747,33.6099,32.7932,33.0154,686800
2011-01-20,32.9958,33.0807,32.4731,32.4992,583300
2011-01-21,32.7605,32.7605,32.2248,32.3358,345400
2011-01-24,32.3816,32.5384,32.2574,32.4273,701600
2011-01-25,32.2836,32.3424,31.7543,31.9634,478000
2011-01-26,32.0875,32.6691,31.9634,32.3162,609100
2011-01-27,32.3685,32.6298,32.0483,32.2901,1048400
2011-01-28,32.277,32.5188,31.1794,31.1859,747400
2011-01-31,31.2774,31.6106,31.1924,31.4146,743600
2011-02-01,31.8131,32.5449,31.6759,32.3358,809300
2011-02-02,32.1267,32.5318,31.8066,31.8458,866000
2011-02-03,31.8589,34.113,31.8197,33.1526,1094100
2011-02-04,32.9827,33.1591,32.6691,32.9239,680700
2011-02-07,32.8847,33.231,32.6103,32.6952,610000
2011-02-08,32.7475,32.8259,32.4077,32.5384,642700
2011-02-09,32.4469,32.4861,32.0418,32.2313,572500
2011-02-10,32.0288,32.6299,32.0288,32.5449,659200
2011-02-11,32.375,32.4404,32.1006,32.2182,887800
2011-02-14,32.1268,32.277,31.97,31.9961,646900
2011-02-15,31.9307,31.9438,31.3492,31.6367,596300
2011-02-16,31.787,32.7017,31.7021,32.179,772500
2011-02-17,32.2184,32.6455,32.0411,32.5075,541200
2011-02-18,32.9411,32.9411,32.3301,32.4615,596700
2011-02-22,32.1922,32.2382,31.3381,31.4366,395500
2011-02-23,31.4169,31.6403,30.3198,30.7928,911000
2011-02-24,30.7994,31.1344,30.1752,30.7797,829800
2011-02-25,30.9308,31.3184,30.7928,31.187,368100
2011-02-28,31.279,31.6863,31.2198,31.4235,523200
2011-03-01,31.5615,31.5812,30.3986,30.5497,609600
2011-03-02,30.5629,30.9242,30.3263,30.7862,460000
2011-03-03,31.0687,32.0148,31.0687,31.9819,556100
2011-03-04,31.8768,31.9425,31.3512,31.5746,528200
2011-03-07,31.6863,31.8046,30.5366,30.8979,938600
2011-03-08,31.0293,31.9097,30.7271,31.8374,467800
2011-03-09,31.6929,32.1265,31.5483,31.7717,564700
2011-03-10,31.2855,31.6797,30.8453,31.1935,610200
2011-03-11,31.1804,31.5746,30.6942,31.4366,324000
2011-03-14,31.095,31.3578,30.6351,31.0096,554900
2011-03-15,30.4709,31.7454,30.4183,31.4235,1065700
2011-03-16,31.233,31.7651,30.8125,30.9899,819300
2011-03-17,31.568,31.6994,30.9702,31.0162,762600
2011-03-18,31.5023,31.6535,31.1673,31.4104,616200
2011-03-21,31.9031,32.501,31.7783,32.455,480100
2011-03-22,32.4615,32.6455,31.9754,32.0082,358100
2011-03-23,31.9294,32.1593,31.5352,32.0805,335600
2011-03-24,32.2316,32.4155,31.9819,32.3039,504100
2011-03-25,32.4484,32.7375,32.2579,32.6192,387400
2011-03-28,32.7243,32.8229,32.3433,32.4221,374200
2011-03-29,32.3301,32.8689,32.1987,32.7506,528200
2011-03-30,32.9149,33.3025,32.9149,32.9674,681200
2011-03-31,32.8754,33.4142,32.8754,33.2433,849800
2011-04-01,33.447,33.8018,33.2499,33.2828,853700
2011-04-04,33.3485,33.4733,33.02,33.1251,510500
2011-04-05,33.8215,33.9989,33.4799,33.585,1074600
2011-04-06,33.7821,34.0251,33.6441,33.6967,823900
2011-04-07,33.6704,34.2025,33.3879,33.4339,519500
2011-04-08,33.677,33.7229,32.5272,32.6652,658400
2011-04-11,32.7178,32.9674,32.5929,32.8294,606500
2011-04-12,32.8163,33.3945,32.7178,33.2433,963200
2011-04-13,33.4076,33.6244,32.8097,32.974,721900
2011-04-14,32.7769,33.2171,32.6324,32.9411,530900
2011-04-15,33.066,33.6244,33.066,33.4799,509800
2011-04-18,32.9149,33.0068,32.4024,32.5798,620200
2011-04-19,32.6324,32.9149,32.4812,32.7769,640100
2011-04-20,33.2368,33.4076,32.7769,33.2368,631900
2011-04-21,33.493,33.8412,33.2959,33.5916,499600
2011-04-25,33.6375,33.8675,33.0594,33.1514,868000
2011-04-26,33.8543,35.3457,33.6507,34.7938,2100000
2011-04-27,34.6559,35.2471,34.6559,35.2143,769800
2011-04-28,34.9384,35.9238,34.8464,35.5099,1094200
2011-04-29,35.5034,35.5822,35.0238,35.1486,623000
2011-05-02,35.418,35.6348,35.1157,35.2274,671700
2011-05-03,35.2012,35.2931,34.8201,35.0763,616900
2011-05-04,35.0829,35.2734,33.966,34.4982,817700
2011-05-05,34.3339,35.0238,34.2025,34.5442,561800
2011-05-06,35.0698,35.1486,34.3734,34.5113,670300
2011-05-09,34.4785,34.8464,34.3274,34.7873,599400
2011-05-10,34.9581,35.2471,34.8332,35.234,562100
2011-05-11,35.188,35.372,34.9252,35.0501,907000
2011-05-12,35.0566,35.188,34.4325,35.142,1119300
2011-05-13,35.3982,36.5742,35.3457,36.1669,1896400
2011-05-16,35.5625,36.3312,35.5625,35.8713,1117600
2011-05-17,35.8319,35.9501,35.4968,35.7136,772800
2011-05-18,35.7662,36.3049,35.5625,36.2918,632100
2011-05-19,36.5294,36.7209,36.2059,36.4634,367800
2011-05-20,36.437,36.437,35.7834,36.0805,450200
2011-05-23,35.5919,35.8758,35.3014,35.757,420600
2011-05-24,35.8164,35.9616,35.3146,35.3344,601500
2011-05-25,35.2156,35.9616,35.1826,35.7768,447800
2011-05-26,35.5787,36.3116,35.3543,36.1795,388700
2011-05-27,36.3115,36.3512,35.8164,35.9484,316500
2011-05-31,36.4172,36.4634,35.7834,36.3116,521800
2011-06-01,36.1069,36.2455,34.8987,34.8987,456800
2011-06-02,35.044,35.5127,34.7667,35.1628,515300
2011-06-03,34.6412,34.9383,34.3309,34.3903,492000
2011-06-06,34.3837,34.43,33.5849,33.816,637700
2011-06-07,34.047,34.0668,33.433,33.4726,515700
2011-06-08,33.4792,33.5519,33.0303,33.3076,527400
2011-06-09,33.5321,34.1659,33.2284,33.8556,672300
2011-06-10,33.7433,33.915,33.2548,33.3076,466800
2011-06-13,33.9348,34.1461,33.3076,33.6047,379100
2011-06-14,33.9876,34.3837,33.8952,34.08,452900
2011-06-15,33.7829,34.0206,33.3736,33.5519,436800
2011-06-16,33.5453,33.8424,33.2812,33.6377,661700
2011-06-17,33.9216,34.5092,33.8688,34.0008,603100
2011-06-20,33.981,34.8327,33.7829,34.7336,427000
2011-06-21,35.077,35.6778,35.077,35.6183,439500
2011-06-22,35.4269,35.955,35.2816,35.308,443300
2011-06-23,34.7667,35.5919,34.5224,35.5391,523400
2011-06-24,35.5127,35.8626,34.7271,34.8261,902700
2011-06-27,34.8261,35.4005,34.7271,35.1232,471500
2011-06-28,35.341,36.0078,35.2156,35.9682,402400
2011-06-29,36.1465,36.5756,36.1069,36.3116,598400
2011-06-30,36.371,37.6584,36.2719,37.5329,780700
2011-07-01,37.7508,39.1174,37.5329,38.6883,899200
2011-07-05,38.5233,38.6223,37.9225,38.0941,489500
2011-07-06,38.0347,38.3318,37.797,38.2592,562200
2011-07-07,38.5959,39.3023,38.4176,39.1835,551900
2011-07-08,38.2262,38.4638,37.4933,38.345,661000
2011-07-11,37.7838,38.2196,37.6518,37.9885,575100
2011-07-12,37.9885,38.0941,37.3481,37.3481,538900
2011-07-13,37.4537,38.0677,37.2821,37.5131,271700
2011-07-14,37.6848,37.9225,37.0576,37.3745,422000
2011-07-15,37.6452,37.665,37.0576,37.6452,488100
2011-07-18,37.5924,37.5924,37.117,37.3877,368400
2011-07-19,37.698,38.1667,37.5131,38.0017,378900
2011-07-20,38.3516,38.8005,38.1865,38.3252,471300
2011-07-21,38.8996,39.3419,38.6949,38.7873,501700
2011-07-22,38.7279,38.8005,38.3516,38.7081,281700
2011-07-25,38.2988,39.058,38.0677,38.6751,382300
2011-07-26,38.411,38.411,37.4999,38.0611,702900
2011-07-27,39.5202,39.8635,37.8499,38.213,1347000
2011-07-28,39.3683,39.4871,37.5725,37.7244,950500
2011-07-29,37.2689,37.4141,36.5162,37.183,1170400
2011-08-01,37.731,37.9885,36.2587,36.8859,923000
2011-08-02,36.5426,36.7275,34.7799,34.8393,1508700
2011-08-03,34.8063,35.0704,33.7037,34.43,1500900
2011-08-04,33.948,34.0404,32.2777,32.3107,1335300
2011-08-05,32.8388,32.9907,30.9771,31.9938,1551400
2011-08-08,30.9573,31.2081,28.158,28.158,2070900
2011-08-09,28.6267,29.7887,27.511,29.7425,1339800
2011-08-10,28.9304,30.066,28.455,28.7521,1428800
2011-08-11,28.9304,30.5479,28.3626,30.1056,1451600
2011-08-12,30.4753,31.2147,30.2904,30.5083,919700
2011-08-15,30.7658,31.0959,30.5215,30.9837,686600
2011-08-16,30.5215,30.7922,30.0396,30.2046,790000
2011-08-17,30.2112,30.9044,29.8811,30.3234,981600
2011-08-18,29.3268,29.3268,27.7987,28.1309,1155200
2011-08-19,27.5728,28.41,27.0214,27.1476,974100
2011-08-22,27.9382,27.9715,26.7423,26.9815,670500
2011-08-23,26.915,27.9515,26.6958,27.9449,555300
2011-08-24,27.7721,28.6093,27.6791,28.5628,474900
2011-08-25,28.7555,29.2272,27.9781,28.1376,621600
2011-08-26,27.9183,29.5328,27.5064,29.4863,1090500
2011-08-29,29.978,30.4231,29.7454,30.1972,810100
2011-08-30,30.0909,31.2071,29.9647,31.0078,1059100
2011-08-31,31.2735,31.8914,30.9879,31.2802,671200
2011-09-01,31.3267,31.6456,30.6158,30.6424,519100
2011-09-02,30.0178,30.2171,29.2405,29.4664,596400
2011-09-06,28.3369,28.6691,27.7256,28.5827,733600
2011-09-07,29.2936,29.9713,29.1873,29.9314,631500
2011-09-08,29.6325,30.051,29.2737,29.4331,564100
2011-09-09,29.0478,29.3401,28.0777,28.4033,511400
2011-09-12,27.9116,28.5694,27.5662,28.2638,630200
2011-09-13,28.4166,29.3135,28.3302,29.2272,576800
2011-09-14,29.3999,30.37,28.4897,29.9182,625300
2011-09-15,30.2437,30.835,30.1175,30.3965,719600
2011-09-16,30.2703,30.6689,29.9248,30.1175,767400
2011-09-19,29.4664,29.9115,29.1807,29.6856,443400
2011-09-20,29.7986,29.9846,28.7621,28.7621,448900
2011-09-21,28.7488,28.8352,27.028,27.0546,832000
2011-09-22,26.2706,26.4765,25.3537,25.9052,1045500
2011-09-23,25.7656,26.1709,25.6261,25.852,909400
2011-09-26,26.1643,26.244,25.1876,26.1576,924000
2011-09-27,26.8087,27.6525,26.5363,26.9416,758000
2011-09-28,27.1077,27.1542,25.7125,25.7523,663700
2011-09-29,26.2174,26.4832,25.5597,26.2108,505200
2011-09-30,25.646,25.8055,24.9218,24.9218,610100
2011-10-03,24.5896,25.1544,23.5399,23.5532,818200
2011-10-04,23.0216,24.9218,22.7758,24.8953,1100000
2011-10-05,24.9019,25.7922,24.4567,25.6128,892800
2011-10-06,25.5397,26.3437,25.1145,26.2972,731100
2011-10-07,26.3769,26.8087,25.646,25.8985,973400
2011-10-10,26.45,27.2871,26.4035,27.214,544200
2011-10-11,26.9948,27.6525,26.7689,27.4731,805400
2011-10-12,27.6459,29.194,27.6459,28.7488,1103200
2011-10-13,28.5893,29.2006,28.2837,28.9215,901300
2011-10-14,29.4464,29.9713,29.3069,29.8783,606200
2011-10-17,29.7388,29.8451,28.5694,28.6624,601000
2011-10-18,28.7621,30.556,28.297,30.2437,862400
2011-10-19,30.5228,30.5427,29.6391,30.0976,923300
2011-10-20,30.2171,30.8018,29.8783,30.6291,665200
2011-10-21,30.9413,31.7121,30.8483,31.2868,492200
2011-10-24,31.6722,32.4296,31.4197,32.0243,914200
2011-10-25,31.9579,31.9579,30.4563,31.1274,1104800
2011-10-26,31.6523,32.7153,31.6523,32.4894,1327900
2011-10-27,33.7451,34.5424,33.3531,34.0973,703100
2011-10-28,34.2169,34.7949,34.1903,34.4162,671600
2011-10-31,33.9046,34.5956,33.6255,33.8448,802000
2011-11-01,32.4296,33.3266,31.6456,32.6422,1071200
2011-11-02,33.6455,33.9312,32.7087,33.28,637600
2011-11-03,33.7916,34.3697,33.1206,34.2235,503700
2011-11-04,33.8448,34.2833,33.1272,34.2302,485800
2011-11-07,34.1039,34.3232,33.2468,33.9245,403100
2011-11-08,34.0242,34.4494,33.2601,34.3365,369300
2011-11-09,33.6654,33.7717,32.8482,32.9744,740600
2011-11-10,33.4727,33.692,32.6954,33.3332,541300
2011-11-11,33.9378,35.3663,33.8847,35.2866,672000
2011-11-14,35.0474,35.539,34.8082,35.2068,667900
2011-11-15,34.9809,35.7915,34.848,35.5722,553000
2011-11-16,35.0939,35.8048,34.7949,34.8281,552500
2011-11-17,34.6544,35.0619,33.8928,34.1533,624200
2011-11-18,34.6143,34.9617,34.1333,34.1667,888200
2011-11-21,33.4919,33.8327,32.8372,33.4786,563700
2011-11-22,33.4919,33.6389,32.6434,32.8372,959800
2011-11-23,32.3628,32.6768,31.7214,31.7482,735300
2011-11-25,31.521,31.8217,31.227,31.227,284500
2011-11-28,32.6434,32.6434,31.8818,32.1958,968900
2011-11-29,32.296,32.9374,31.9686,32.6902,768600
2011-11-30,34.307,35.0219,33.5721,34.9283,1441800
2011-12-01,34.9417,35.0953,34.5007,34.7747,575300
2011-12-02,35.2691,35.5363,34.9818,35.3092,547900
2011-12-05,35.9171,36.3113,35.4294,35.8236,771000
2011-12-06,35.6833,35.9171,35.0953,35.3826,899600
2011-12-07,35.0953,35.7434,34.5341,35.4428,563600
2011-12-08,35.0553,35.4695,34.4941,34.5876,600800
2011-12-09,34.8348,35.5964,34.7346,35.4227,367600
2011-12-12,34.9617,35.1889,34.307,35.1421,376300
2011-12-13,35.4428,35.6766,34.1667,34.4273,384400
2011-12-14,34.474,34.4874,33.3316,33.4451,637500
2011-12-15,33.8594,34.0398,33.4585,33.5988,276400
2011-12-16,34.6344,34.6344,33.7992,33.9128,886900
2011-12-19,34.2535,34.4339,33.1044,33.218,474500
2011-12-20,33.9462,34.8548,33.9061,34.7079,423900
2011-12-21,34.7079,35.3492,34.2803,35.2691,408300
2011-12-22,35.2958,35.8503,34.9617,35.6833,396700
2011-12-23,35.7367,35.9104,35.376,35.8704,163900
2011-12-27,35.7434,36.2846,35.5296,36.024,250200
2011-12-28,35.9372,35.9505,35.1622,35.2089,352000
2011-12-29,35.4227,35.7768,35.1755,35.7234,285600
2011-12-30,35.6432,35.7635,35.3826,35.5029,300200
2012-01-03,36.5184,36.799,36.2779,36.3313,938500
2012-01-04,36.1242,36.4182,35.8436,36.3113,248300
2012-01-05,36.191,36.8658,35.8236,36.6921,438100
2012-01-06,36.6186,36.8725,36.4249,36.5117,205600
2012-01-09,36.5852,36.7188,36.151,36.5184,388300
2012-01-10,37.1598,37.6675,37.0729,37.5206,424400
2012-01-11,37.2199,37.6007,37.1531,37.3803,398200
2012-01-12,38.0484,38.0751,36.9594,37.1731,648700
2012-01-13,37.0729,37.0796,36.1109,36.779,601000
2012-01-17,37.0796,37.24,36.7723,36.779,339700
2012-01-18,36.9326,37.4738,36.6186,37.4604,302300
2012-01-19,37.554,38.055,37.427,37.8012,289800
2012-01-20,37.7811,37.7811,36.9527,37.0729,507100
2012-01-23,37.0462,37.3134,36.5785,36.7723,401000
2012-01-24,36.4449,36.6921,36.1777,36.4382,384800
2012-01-25,36.2779,37.4938,36.171,37.4203,525700
2012-01-26,37.741,38.2956,37.5206,37.7477,572000
2012-01-27,37.574,38.3089,37.3936,38.202,465900
2012-01-30,37.9281,38.1285,37.574,38.0283,432300
2012-01-31,38.2421,38.3022,37.28,37.6007,494700
2012-02-01,38.0083,38.5027,37.7811,38.0417,570600
2012-02-02,35.3759,36.5318,34.4072,35.4227,2931400
2012-02-03,35.6833,35.8035,34.641,35.1555,1598200
2012-02-06,34.7747,35.3359,34.7479,35.0753,805200
2012-02-07,34.8615,35.7635,34.8014,35.4495,732700
2012-02-08,35.4494,36.0574,35.4494,35.7969,575800
2012-02-09,35.8637,36.2712,35.7635,36.1777,528000
2012-02-10,35.5497,36.2779,35.3826,35.9438,516100
2012-02-13,36.2044,36.7456,35.8637,36.6453,627700
2012-02-14,36.6053,36.6186,35.8971,36.1576,556100
2012-02-15,36.3046,36.3046,35.5296,35.7434,351600
2012-02-16,35.73,36.2607,35.4008,36.2203,448600
2012-02-17,36.5428,36.7107,35.777,36.0726,398400
2012-02-21,36.0994,36.1062,35.3605,35.4882,569200
2012-02-22,35.4344,35.6561,34.8567,34.9172,468900
2012-02-23,34.9776,35.6292,34.5343,35.5822,471500
2012-02-24,35.6561,35.7703,35.112,35.1456,378200
2012-02-27,34.6888,35.3202,34.5343,34.8702,565100
2012-02-28,35.0179,35.3001,34.85,35.2127,545100
2012-02-29,35.3874,36.039,35.2598,35.7569,680200
2012-03-01,35.8778,36.7779,35.7367,36.4084,700300
2012-03-02,36.348,36.4689,35.9114,35.9517,518500
2012-03-05,35.7165,35.7233,35.1724,35.4344,576700
2012-03-06,35.0381,35.0381,34.6082,34.8366,565000
2012-03-07,34.9306,35.159,34.6821,35.0314,356000
2012-03-08,35.3471,35.7837,34.9911,35.562,409900
2012-03-09,35.6695,36.1935,35.4478,35.9382,275600
2012-03-12,35.9181,36.1129,35.5822,35.9785,335600
2012-03-13,36.2338,36.9324,36.0121,36.8854,428800
2012-03-14,36.7779,36.8451,36.2741,36.3816,362900
2012-03-15,36.4555,37.5235,36.3211,37.2884,841400
2012-03-16,37.3422,37.584,36.9324,37.1944,519700
2012-03-19,37.0399,37.4832,36.8585,37.3153,463400
2012-03-20,36.9727,37.0533,36.61,36.6973,372400
2012-03-21,36.6771,36.9122,36.5428,36.7712,460300
2012-03-22,36.5629,36.5629,35.9382,36.133,338200
2012-03-23,36.3009,36.4622,35.871,36.4151,204500
2012-03-26,36.8451,37.1944,35.7636,36.1263,1047900
2012-03-27,36.1062,36.1801,35.5217,35.6427,888800
2012-03-28,35.6023,35.7165,35.112,35.4747,892500
2012-03-29,35.1456,35.562,34.8769,35.4143,758300
2012-03-30,35.6628,35.9248,35.3471,35.468,416500
2012-04-02,35.3471,36.4622,35.3471,36.2069,780900
2012-04-03,36.0994,36.2674,35.7031,35.824,698400
2012-04-04,35.4949,36.0927,35.3605,35.8845,533700
2012-04-05,35.683,36.0726,35.6091,35.871,293000
2012-04-09,35.2933,35.2933,34.6418,34.8702,478100
2012-04-10,34.7291,34.8836,33.567,33.6744,751000
2012-04-11,34.0708,34.2589,33.8088,33.8558,635800
2012-04-12,33.8961,34.3395,33.8424,34.2589,778200
2012-04-13,34.0842,34.1514,33.4057,33.4125,918800
2012-04-16,33.708,33.8625,33.305,33.5468,1039600
2012-04-17,33.7886,34.0036,33.7013,33.7685,1261600
2012-04-18,33.6274,33.8424,33.043,33.3319,1434000
2012-04-19,33.4998,33.7013,32.7004,32.9355,1157900
2012-04-20,33.1371,33.3386,32.9557,33.0497,830600
2012-04-23,32.5392,32.6937,32.3175,32.4989,873800
2012-04-24,33.6073,33.7954,32.331,32.5191,1512300
2012-04-25,33.0833,33.5871,32.687,32.9019,1173400
2012-04-26,32.8482,32.9826,32.4788,32.9355,858100
2012-04-27,32.9758,33.1169,32.6601,33.0632,682400
2012-04-30,33.0229,33.09,32.6265,32.7273,741100
2012-05-01,32.8079,33.3721,32.5929,33.137,904900
2012-05-02,32.8818,33.7618,32.7743,33.5267,823200
2012-05-03,33.4595,33.7618,32.734,32.7676,654400
2012-05-04,32.4586,32.4855,31.4913,31.7466,753700
2012-05-07,31.6391,31.9615,31.2629,31.3099,979400
2012-05-08,31.1285,31.5719,30.5979,31.4913,1028400
2012-05-09,31.095,31.2831,30.8464,30.9875,644600
2012-05-10,31.3166,31.4174,30.4837,30.5508,622100
2012-05-11,30.2956,30.8599,30.2284,30.3762,547700
2012-05-14,30.0336,30.1142,29.8254,29.8388,718000
2012-05-15,29.7582,30.1209,29.6373,29.7246,821600
2012-05-16,29.9597,30.1142,29.2544,29.2678,556800
2012-05-17,29.3625,29.5586,28.4225,28.4699,891100
2012-05-18,28.5172,28.6051,27.6786,27.7936,675200
2012-05-21,27.9627,28.808,27.868,28.7201,848700
2012-05-22,28.8959,28.9906,28.4766,28.6795,564800
2012-05-23,28.4022,29.4098,28.2061,29.3422,1052600
2012-05-24,29.4166,29.8223,29.3016,29.8088,1162900
2012-05-25,29.7547,29.8967,29.3692,29.4774,603200
2012-05-29,29.5721,30.0861,29.5586,29.9508,757900
2012-05-30,29.5586,29.5586,28.8283,29.0379,992800
2012-05-31,29.0514,29.4504,28.5307,29.2205,664900
2012-06-01,28.5442,28.5983,28.1452,28.1926,1069900
2012-06-04,28.2805,28.3414,27.6651,28.0776,744400
2012-06-05,27.9356,28.2873,27.8139,28.1723,999800
2012-06-06,28.4563,28.9906,28.4225,28.9703,476100
2012-06-07,29.4031,29.6803,28.8147,28.9026,669500
2012-06-08,28.7065,29.1529,28.4563,29.0108,467800
2012-06-11,29.3219,29.3625,28.3076,28.3684,565400
2012-06-12,28.3752,28.578,28.1047,28.5239,429700
2012-06-13,28.3819,28.5578,27.6651,27.8815,630000
2012-06-14,27.9153,28.125,27.327,27.8207,809600
2012-06-15,27.9356,28.5104,27.9356,28.4969,639100
2012-06-18,28.409,28.7133,28.1317,28.6051,408600
2012-06-19,28.8891,29.0988,28.6998,28.7742,474200
2012-06-20,28.693,28.8012,28.3549,28.6795,449500
2012-06-21,28.5713,28.7065,27.5231,27.5569,494900
2012-06-22,24.3583,24.9872,23.6685,23.9661,5665500
2012-06-25,23.5806,23.6415,22.9585,23.2222,1542800
2012-06-26,23.229,23.8376,23.2019,23.3913,1274800
2012-06-27,23.2695,23.7159,23.2695,23.5062,720600
2012-06-28,23.256,23.6888,23.2425,23.655,785800
2012-06-29,24.1419,24.3583,23.7226,24.3515,1165300
2012-07-02,24.2501,24.3109,23.5941,23.8782,1220900
2012-07-03,23.9187,23.9796,23.6077,23.8443,871800
2012-07-05,23.8376,23.8646,23.4521,23.7226,932600
2012-07-06,23.4724,23.6347,23.0329,23.2154,1098400
2012-07-09,23.2628,23.3236,22.9923,23.2493,1067200
2012-07-10,23.3845,23.4115,22.5933,22.7218,923200
2012-07-11,22.7015,22.7894,22.4107,22.6068,819900
2012-07-12,22.4919,22.6474,22.1537,22.5865,1222600
2012-07-13,22.6406,23.5197,22.573,23.4589,1141200
2012-07-16,23.3236,23.4115,22.9449,23.2695,745700
2012-07-17,23.1951,23.5738,23.1005,23.5603,777300
2012-07-18,23.4183,23.9593,23.3304,23.8917,895100
2012-07-19,23.9323,24.2095,23.8782,24.2028,1126900
2012-07-20,24.0404,24.2095,23.6482,23.7632,996500
2012-07-23,23.2154,23.7091,22.9449,23.4386,993500
2012-07-24,25.7243,25.7243,24.6085,24.8317,1892600
2012-07-25,25.021,25.6093,25.021,25.3591,1270200
2012-07-26,25.7378,26.0759,25.6161,25.7581,1200300
2012-07-27,25.9339,26.9077,25.9001,26.6372,751300
2012-07-30,26.644,26.8401,26.3194,26.5628,797800
2012-07-31,26.5628,26.8807,26.4073,26.671,601100
2012-08-01,26.7589,26.8063,25.9069,26.1909,868400
2012-08-02,26.0557,26.4005,25.5214,26.0218,552900
2012-08-03,26.3938,26.9821,26.2382,26.6305,412100
2012-08-06,26.7657,27.0024,26.644,26.8063,343700
2012-08-07,26.9483,27.3879,26.8604,27.0294,354500
2012-08-08,26.8401,27.2797,26.8401,27.2729,325400
2012-08-09,27.3473,27.7463,27.2526,27.4284,405600
2012-08-10,27.2594,27.6584,27.0835,27.611,411500
2012-08-13,27.611,27.8342,27.5096,27.7666,298900
2012-08-14,27.9356,28.0235,27.5907,27.6516,395000
2012-08-15,27.6313,27.9491,27.5907,27.9086,366200
2012-08-16,27.9699,28.4196,27.9358,28.3446,603600
2012-08-17,28.4877,29.135,28.4877,29.0192,900100
2012-08-20,28.917,28.9579,28.3855,28.5831,510000
2012-08-21,28.6989,28.8216,28.4128,28.5899,328400
2012-08-22,28.6036,28.6036,27.8813,28.0653,508000
2012-08-23,28.0312,28.1334,27.5134,27.6769,524000
2012-08-24,27.6224,27.7314,27.3907,27.5883,441700
2012-08-27,27.7246,27.7859,27.5202,27.6769,395100
2012-08-28,27.6088,27.7859,27.5406,27.5543,463100
2012-08-29,27.5474,27.7246,27.2749,27.3635,375900
2012-08-30,27.1795,27.3022,27.016,27.125,452700
2012-08-31,27.3635,27.6292,27.05,27.2613,361100
2012-09-04,27.2749,27.5338,26.8525,27.2613,419700
2012-09-05,27.2545,27.4112,26.9479,27.125,301400
2012-09-06,27.3021,27.9563,27.2749,27.9494,372600
2012-09-07,27.9494,28.4468,27.9494,28.3923,422300
2012-09-10,28.1266,29.0464,27.9903,28.8761,625400
2012-09-11,28.7943,29.2032,28.7943,29.135,473600
2012-09-12,28.9647,29.2372,28.9238,29.0737,311500
2012-09-13,29.0873,29.4008,28.4264,29.3122,466300
2012-09-14,29.2985,29.5438,29.1555,29.2917,437700
2012-09-17,29.2508,29.2508,28.3378,28.406,356200
2012-09-18,28.3378,28.406,27.8745,28.1198,436500
2012-09-19,28.1539,28.515,28.0108,28.4537,249800
2012-09-20,28.2561,28.3378,27.527,27.6088,426200
2012-09-21,27.7518,27.7859,27.1931,27.2613,604900
2012-09-24,27.1591,27.5543,27.1591,27.4112,656600
2012-09-25,27.4589,27.4998,26.4845,26.614,813700
2012-09-26,26.6208,26.6208,26.1302,26.3687,276000
2012-09-27,26.4641,26.6685,26.2937,26.6208,346600
2012-09-28,26.6208,26.6685,26.2937,26.614,401200
2012-10-01,26.6276,27.016,26.5186,26.7707,463700
2012-10-02,26.7775,26.7775,26.4164,26.5118,424800
2012-10-03,26.5663,26.7911,26.3619,26.7162,345200
2012-10-04,27.2817,28.5354,27.2681,28.3174,908000
2012-10-05,28.5286,28.9374,28.3651,28.6308,629600
2012-10-08,28.5354,28.7535,28.3514,28.6989,354200
2012-10-09,28.7466,28.808,28.5013,28.6649,471900
2012-10-10,28.6649,28.7875,28.3991,28.5899,662400
2012-10-11,28.7671,29.1009,28.624,28.8897,340100
2012-10-12,28.9919,29.2577,28.5627,28.8148,238100
2012-10-15,28.8625,29.2236,28.624,29.2168,233700
2012-10-16,29.2508,30.048,29.1418,30.0344,604600
2012-10-17,30.0276,30.307,29.7891,30.3001,258600
2012-10-18,30.1911,30.5045,29.9867,30.2116,263000
2012-10-19,30.2184,30.3478,29.5438,29.6529,323100
2012-10-22,29.5575,29.9663,29.1691,29.5915,435000
2012-10-23,30.8112,31.7106,30.8112,31.22,1356600
2012-10-24,31.5947,32.024,30.3751,30.3819,919700
2012-10-25,30.7158,30.8725,29.9867,30.3001,649500
2012-10-26,30.3342,30.6749,30.2661,30.525,387800
2012-10-31,30.3001,31.2336,30.3001,30.743,578700
2012-11-01,30.5659,31.6288,30.416,31.6084,639000
2012-11-02,31.7242,32.024,31.0973,31.1655,607400
2012-11-05,30.8929,31.1382,30.7839,30.8725,438400
2012-11-06,31.2132,32.6985,31.1042,32.3715,996700
2012-11-07,31.8877,31.9899,31.2609,31.4585,522300
2012-11-08,31.438,31.6833,31.0019,31.0088,498000
2012-11-09,30.8248,31.0565,30.5863,30.7771,458100
2012-11-12,30.8521,31.1655,30.6953,31.0701,262400
2012-11-13,30.8657,31.329,30.7158,30.9951,362800
2012-11-14,31.1723,31.2404,29.8981,29.9867,594300
2012-11-15,30.021,30.2406,29.3554,30.0348,628400
2012-11-16,29.9867,30.419,29.7809,30.3435,506300
2012-11-19,30.7484,31.1327,30.6592,31.1327,282500
2012-11-20,31.1121,31.3179,30.9886,31.1738,602700
2012-11-21,31.1601,31.3179,30.9405,31.2905,264600
2012-11-23,31.3797,31.6061,31.1189,31.5787,127000
2012-11-26,31.3934,31.6953,31.2905,31.6473,271100
2012-11-27,32.2306,33.1089,31.1807,31.7914,475500
2012-11-28,31.6748,32.0041,31.3385,31.9767,319300
2012-11-29,32.1688,32.6835,32.1688,32.6286,575500
2012-11-30,32.6011,32.7932,32.0384,32.2992,546600
2012-12-03,32.6492,32.903,32.059,32.5256,749500
2012-12-04,32.457,32.8344,32.2306,32.7246,353100
2012-12-05,32.8138,33.1569,32.6491,32.9785,540600
2012-12-06,32.8344,33.2324,32.8276,33.2324,442600
2012-12-07,33.3216,33.5275,33.1295,33.3422,338700
2012-12-10,33.2805,33.8912,33.1364,33.8569,490200
2012-12-11,33.8157,34.0696,33.4932,33.7059,382000
2012-12-12,33.7745,34.2068,33.6647,33.7951,507400
2012-12-13,33.9529,34.0696,33.5275,33.8088,490800
2012-12-14,33.7951,34.5911,33.7951,34.0353,743500
2012-12-17,34.1794,34.2343,33.3491,33.5,645900
2012-12-18,33.8569,34.9959,33.5824,34.9548,644200
2012-12-19,34.893,34.9891,34.5568,34.8793,424200
2012-12-20,34.9822,35.0028,34.6803,34.8518,361000
2012-12-21,33.7814,34.6803,33.5138,34.5979,487200
2012-12-24,34.5636,34.8107,34.3921,34.6185,107800
2012-12-26,34.6871,34.7763,34.1039,34.1176,262100
2012-12-27,34.049,34.0764,33.4108,33.7059,543500
2012-12-28,33.4589,33.7745,33.3765,33.4108,302600
2012-12-31,33.3765,34.3372,33.205,34.2617,433100
2013-01-02,34.9959,35.1812,34.5911,35.0577,519700
2013-01-03,35.0577,36.1144,35.0097,35.6547,608800
2013-01-04,35.7439,35.7439,35.2979,35.6341,391500
2013-01-07,35.2704,35.4969,34.8587,35.442,430100
2013-01-08,35.3665,35.4214,34.7969,35.2636,317700
2013-01-09,35.4008,35.7645,35.1949,35.6959,261500
2013-01-10,36.0321,36.8143,36.0321,36.5124,669100
2013-01-11,36.5399,36.7046,36.2036,36.4507,247700
2013-01-14,36.3271,36.5673,36.2036,36.5536,277800
2013-01-15,36.3272,37.3565,36.3272,37.2741,468500
2013-01-16,37.2673,37.3908,36.9859,37.3084,413100
2013-01-17,37.4594,37.8299,37.4251,37.6035,552200
2013-01-18,37.7613,37.7819,37.4868,37.7407,421200
2013-01-22,37.6721,38.0015,37.4319,37.9877,265400
2013-01-23,37.8917,38.0083,37.48,37.8711,234800
2013-01-24,37.9466,38.6877,37.8505,38.6396,356600
2013-01-25,38.571,38.6602,37.8025,38.4132,477200
2013-01-28,38.077,38.3377,37.8299,38.0976,567700
2013-01-29,37.9397,38.1113,37.727,38.0632,336200
2013-01-30,37.9191,37.9877,37.0614,37.2329,520800
2013-01-31,37.679,39.3601,37.6103,38.9621,1219500
2013-02-01,39.6483,40.3277,39.168,39.7307,918700
2013-02-04,39.5042,39.6483,38.5436,38.9278,784200
2013-02-05,39.6964,40.4992,39.12,40.3826,1276200
2013-02-06,40.1836,40.7257,40.1012,40.4237,461400
2013-02-07,40.5267,40.7188,39.6964,40.0257,363700
2013-02-08,40.0258,40.3963,39.8542,39.9434,386300
2013-02-11,39.6003,39.9297,39.2641,39.3601,611200
2013-02-12,39.4768,39.7238,39.1886,39.6827,595100
2013-02-13,39.7307,39.9777,39.2984,39.5797,668900
2013-02-14,39.4211,40.1455,39.3107,40.0489,446900
2013-02-15,40.4007,40.5318,39.3452,39.6142,646300
2013-02-19,39.8005,40.1661,39.6211,39.7315,588200
2013-02-20,39.6556,39.7039,38.8277,38.9657,726000
2013-02-21,38.8898,38.945,38.0205,38.3517,732300
2013-02-22,38.5035,38.9933,38.4966,38.6622,455400
2013-02-25,38.9588,39.1037,37.5376,37.5376,430100
2013-02-26,37.6894,37.8343,37.2823,37.3375,1214200
2013-02-27,37.4272,38.5863,37.4272,38.4621,797000
2013-02-28,38.5035,39.014,38.4897,38.7725,452900
2013-03-01,38.538,38.6691,38.0137,38.2413,426100
2013-03-04,38.0481,38.3448,37.5652,38.3448,469400
2013-03-05,38.5656,39.7384,38.5656,39.1175,660800
2013-03-06,39.3866,40.2144,39.3866,39.9799,553800
2013-03-07,40.1041,40.2558,39.6832,40.1937,597700
2013-03-08,40.4766,40.9802,40.2903,40.6008,464600
2013-03-11,40.5939,41.1872,40.4214,40.925,356200
2013-03-12,40.925,41.0147,40.1524,40.4352,376600
2013-03-13,40.587,41.6839,40.518,41.6425,594600
2013-03-14,41.8702,42.5532,41.8081,42.3738,561800
2013-03-15,42.3462,42.36,41.6908,42.0841,553400
2013-03-18,41.5666,42.3393,41.1596,41.9461,307600
2013-03-19,42.1117,42.2359,40.7319,41.2907,502500
2013-03-20,41.3597,41.608,40.8008,41.1113,568400
2013-03-21,40.8974,40.9802,39.7177,40.1592,640800
2013-03-22,41.2424,41.4907,40.7319,41.4494,795600
2013-03-25,41.5459,41.9599,40.9526,41.4701,556600
2013-03-26,41.6563,41.8978,41.1596,41.5253,511200
2013-03-27,41.1251,41.1872,40.5801,40.9802,664500
2013-03-28,41.3873,41.7115,40.9802,41.2217,839200
2013-04-01,41.2217,41.3459,40.0144,40.4766,623700
2013-04-02,40.5318,40.856,40.0903,40.2213,561100
2013-04-03,40.0695,40.3938,39.766,39.9523,689700
2013-04-04,39.9661,40.0144,39.4693,39.6694,570700
2013-04-05,39.2624,39.9868,38.3517,39.8971,1186400
2013-04-08,39.8695,40.8491,39.8695,40.8353,720000
2013-04-09,40.925,41.0285,40.2075,40.6008,620000
2013-04-10,40.6974,42.5463,40.6974,42.4083,763900
2013-04-11,42.3531,42.5877,41.6632,41.7736,602900
2013-04-12,41.5115,42.3393,41.5115,42.3393,429900
2013-04-15,41.953,42.3117,39.1451,39.2072,979600
2013-04-16,39.6004,40.5525,39.6004,40.4559,558100
2013-04-17,40.0144,40.1661,38.5863,39.0554,844100
2013-04-18,39.1589,39.3451,38.1309,38.6897,843800
2013-04-19,38.8415,39.7108,38.5311,39.4279,574200
2013-04-22,39.4072,39.5659,38.4,39.5107,662100
2013-04-23,39.221,39.8074,36.2751,36.7787,3050300
2013-04-24,37.9516,39.7177,37.9516,39.2831,1960700
2013-04-25,39.3038,39.7936,38.807,39.4073,889700
2013-04-26,39.3383,39.5038,39.0002,39.2348,648900
2013-04-29,39.3176,39.8143,38.8622,39.6694,492600
2013-04-30,39.6625,40.0627,39.2279,40.0627,648600
2013-05-01,39.8695,39.9523,39.0209,39.1037,543200
2013-05-02,39.3038,39.5383,39.0209,39.1658,658100
2013-05-03,39.8074,41.2493,39.4072,40.3317,939600
2013-05-06,40.3179,41.4011,40.3179,41.2217,739100
2013-05-07,41.3942,42.0772,41.2286,42.0082,765600
2013-05-08,41.7667,42.1531,41.6494,42.0841,896100
2013-05-09,41.9806,42.36,41.6563,41.9461,508200
2013-05-10,41.953,42.3117,41.6011,42.2221,484200
2013-05-13,42.0082,42.16,41.4908,41.5873,414800
2013-05-14,41.5597,42.5049,41.5597,42.4566,600800
2013-05-15,42.3738,42.9947,42.1048,42.974,550700
2013-05-16,42.7868,43.1751,42.2183,42.3847,413600
2013-05-17,42.8492,43.3485,42.7868,43.3485,543500
2013-05-20,43.709,44.7213,43.6813,44.2013,803000
2013-05-21,44.3608,44.8461,44.2776,44.3885,579600
2013-05-22,44.4232,44.749,43.1682,43.5495,544700
2013-05-23,42.5996,43.9378,42.461,43.7437,582300
2013-05-24,43.4871,43.6605,42.6066,43.397,342300
2013-05-28,44.2776,44.6866,43.6397,44.0695,638800
2013-05-29,43.7298,44.1319,43.3762,43.7853,451700
2013-05-30,43.8546,44.3191,43.7714,43.9239,625200
2013-05-31,43.7991,44.3677,43.6813,43.709,644400
2013-06-03,43.7853,44.0141,42.565,43.3485,497600
2013-06-04,43.2445,43.7021,42.5927,42.8215,511100
2013-06-05,42.5858,42.7452,41.4348,41.7537,893000
2013-06-06,41.7676,42.4332,41.7607,42.4055,482000
2013-06-07,42.7383,43.9655,42.6066,43.5287,349100
2013-06-10,43.7853,44.125,43.293,43.4525,371000
2013-06-11,42.8354,43.2514,42.4124,42.662,333400
2013-06-12,43.0087,43.2445,42.454,42.5372,430600
2013-06-13,42.5372,43.2999,42.3639,43.1959,679000
2013-06-14,43.1405,43.8061,42.8908,43.0503,417200
2013-06-17,43.4386,43.6466,42.5026,42.8701,314800
2013-06-18,42.9325,43.085,42.7383,43.085,510600
2013-06-19,43.0919,43.3068,42.6343,42.6551,496400
2013-06-20,42.149,42.2946,41.4071,41.6705,581000
2013-06-21,42.0311,42.4402,41.1991,41.941,696800
2013-06-24,41.4417,41.4556,40.4641,40.8038,448900
2013-06-25,41.2684,42.0172,40.9356,41.8508,419400
2013-06-26,42.2183,42.4471,41.5943,42.1143,252300
2013-06-27,42.461,42.7244,42.2807,42.6343,284900
2013-06-28,42.5095,42.662,42.1351,42.149,431600
2013-07-01,42.1212,42.565,41.8647,41.9756,431000
2013-07-02,42.2391,42.6204,41.4764,41.6359,486600
2013-07-03,41.4695,41.7815,41.1644,41.4695,329900
2013-07-05,41.9132,42.0103,41.3863,41.7676,569500
2013-07-08,41.8369,41.9617,41.4625,41.6844,499500
2013-07-09,41.3932,42.3084,41.3308,42.0796,748100
2013-07-10,42.1351,42.253,41.6705,41.7676,600100
2013-07-11,42.3708,42.4887,42.0519,42.2322,525700
2013-07-12,42.1212,42.4055,41.9617,42.1698,443400
2013-07-15,41.9409,42.877,41.7953,42.5511,554700
2013-07-16,42.7868,43.2445,41.8092,41.8716,738100
2013-07-17,42.0103,42.3292,41.7468,42.246,335200
2013-07-18,42.3847,43.293,42.246,43.0919,457900
2013-07-19,43.3346,43.5703,42.877,43.4525,667700
2013-07-22,43.5495,43.8893,43.4663,43.7021,674600
2013-07-23,43.6674,43.6674,42.2391,43.4178,975600
2013-07-24,43.5426,44.0279,42.7383,42.7522,725500
2013-07-25,42.7869,43.0642,42.3154,42.7453,619400
2013-07-26,42.5303,42.7868,42.2876,42.7383,516800
2013-07-29,42.6066,42.7036,41.8647,41.9756,494200
2013-07-30,42.1906,42.6066,41.9479,42.2252,335600
2013-07-31,42.1975,43.1821,41.9548,42.877,414700
2013-08-01,43.3346,44.8946,42.877,44.8392,986700
2013-08-02,44.7698,45.061,44.4509,44.9224,376800
2013-08-05,44.7629,44.9154,44.1111,44.3677,316500
2013-08-06,44.2498,44.4093,42.8423,43.1127,687500
2013-08-07,42.8908,42.9948,42.142,42.2807,813300
2013-08-08,42.5026,42.8492,42.0103,42.2599,1221900
2013-08-09,42.2738,42.4887,41.934,42.045,536900
2013-08-12,41.9618,42.0935,41.6359,42.0172,664300
2013-08-13,42.149,42.1628,41.4071,41.4972,747400
2013-08-14,41.622,41.941,41.4625,41.4972,602600
2013-08-15,41.1416,41.4414,40.9463,41.1276,569500
2013-08-16,41.1555,41.6576,40.8069,41.0649,544200
2013-08-19,41.037,41.0928,40.3815,40.4373,446100
2013-08-20,40.5698,41.2531,40.3885,40.9742,887400
2013-08-21,40.8487,40.8487,40.2072,40.5489,582700
2013-08-22,40.6395,41.6785,40.6395,41.5042,371900
2013-08-23,41.5251,41.56,40.8696,41.3508,332100
2013-08-26,41.4135,41.6297,41.037,41.1207,277100
2013-08-27,40.5628,40.8138,39.6493,39.8097,578400
2013-08-28,39.74,39.984,39.217,39.2449,855500
2013-08-29,39.2379,39.9492,39.203,39.5447,462800
2013-08-30,39.6354,39.6633,38.7149,38.7777,721800
2013-09-03,39.3285,39.8515,38.5894,38.6731,955600
2013-09-04,38.4709,39.4401,38.4709,39.217,695800
2013-09-05,39.3007,39.7748,39.3007,39.3983,564500
2013-09-06,39.5726,40.1514,38.7916,39.733,705700
2013-09-09,39.7469,40.3815,39.7051,40.256,459700
2013-09-10,40.7092,41.1695,40.5419,41.0091,483800
2013-09-11,40.9115,42.2852,40.6814,42.0132,871800
2013-09-12,42.0132,42.0829,41.4833,41.546,419100
2013-09-13,41.5879,41.9574,41.1974,41.4623,346200
2013-09-16,41.8877,42.1875,41.6785,42.1248,442600
2013-09-17,42.1318,42.2224,41.7343,41.9156,537900
2013-09-18,41.9853,42.7872,41.7761,42.578,357400
2013-09-19,42.6896,43.2544,42.4386,42.8291,640900
2013-09-20,43.0104,43.0104,42.0969,42.1178,531100
2013-09-23,42.0272,42.1457,41.4833,41.56,338500
2013-09-24,41.4902,41.9853,41.1416,41.3299,688800
2013-09-25,41.4623,41.8319,41.0788,41.539,457100
2013-09-26,41.7064,42.0969,41.5251,41.7971,455600
2013-09-27,41.56,41.825,41.3926,41.6297,240000
2013-09-30,40.9742,41.9644,40.8557,41.6297,450800
2013-10-01,41.6088,42.6129,41.4693,42.5153,495800
2013-10-02,42.0829,42.4804,41.9435,42.3758,352500
2013-10-03,42.2085,42.3967,40.9951,41.3856,615500
2013-10-04,41.3368,41.9574,41.1695,41.7901,235400
2013-10-07,41.3717,41.4833,41.0091,41.023,394100
2013-10-08,40.9742,41.1625,40.0259,40.1444,429900
2013-10-09,40.1583,40.249,39.6981,40.0468,463300
2013-10-10,40.6395,41.6227,40.6395,41.4066,595800
2013-10-11,41.2601,41.5879,41.0579,41.5739,374900
2013-10-14,41.3159,42.055,41.1555,42.055,404600
2013-10-15,42.7803,42.7803,41.1834,41.4484,542800
2013-10-16,41.6018,42.1248,41.4623,41.7482,401000
2013-10-17,41.4972,42.3479,41.3508,42.334,338700
2013-10-18,42.7036,43.2963,42.5223,43.2614,692100
2013-10-21,43.2335,43.3521,42.5223,43.0731,640100
2013-10-22,43.2335,44.4957,43.2335,44.0982,854500
2013-10-23,44.0145,44.6979,43.9727,44.677,943100
2013-10-24,44.6979,45.6044,44.6979,45.5207,980600
2013-10-25,45.5277,45.7508,45.1232,45.5625,738700
2013-10-28,45.5137,46.1901,45.2627,46.1553,621000
2013-10-29,46.2041,46.3784,45.9391,46.3714,518000
2013-10-30,46.3296,46.3714,45.8136,45.9112,545800
2013-10-31,45.9391,46.3854,45.7508,45.9042,471400
2013-11-01,46.0995,46.3714,45.9112,46.218,641400
2013-11-04,46.4272,46.7689,46.2529,46.7201,432800
2013-11-05,46.476,46.6643,46.2877,46.3366,484900
2013-11-06,46.5179,46.7201,46.0646,46.1832,505800
2013-11-07,46.3505,46.5109,44.7885,44.9559,686600
2013-11-08,44.9768,45.2627,44.6212,45.0326,826700
2013-11-11,45.1581,45.8903,45.0674,45.4649,503900
2013-11-12,45.437,45.6532,45.0675,45.6253,450000
2013-11-13,45.437,46.0646,45.4231,46.0158,501200
2013-11-14,45.9948,46.5135,45.7915,46.3452,371500
2013-11-15,46.5765,47.698,46.5765,47.691,706400
2013-11-18,47.7681,48.1887,47.4106,47.7751,715200
2013-11-19,47.677,47.8943,47.3125,47.663,523100
2013-11-20,47.663,47.9504,47.3546,47.5228,491900
2013-11-21,47.5859,48.6233,47.5859,48.2728,618500
2013-11-22,48.2588,48.392,47.8943,48.3709,307500
2013-11-25,48.3919,48.5602,48.0765,48.2097,609800
2013-11-26,48.1536,48.427,48.0205,48.3429,361000
2013-11-27,48.5251,48.8545,48.469,48.7494,510700
2013-11-29,48.6373,49.3101,48.5251,48.9527,266200
2013-12-02,48.9457,49.1419,48.5672,48.7845,508200
2013-12-03,48.5111,48.8125,48.3289,48.427,461500
2013-12-04,48.1887,48.6303,47.67,48.2307,447400
2013-12-05,48.1536,48.4831,47.9363,47.9854,349900
2013-12-06,48.5181,48.5742,48.0625,48.1887,305200
2013-12-09,48.3008,48.5181,47.705,47.8312,423900
2013-12-10,47.684,48.5742,47.4597,47.5648,471700
2013-12-11,47.6419,47.6419,46.7027,47.0812,505500
2013-12-12,46.9621,47.3966,46.3733,46.8219,750100
2013-12-13,46.962,47.5859,46.899,47.4457,347200
2013-12-16,47.8592,49.0508,47.684,48.8966,700000
2013-12-17,48.8966,49.0788,48.6653,48.9246,512000
2013-12-18,49.2401,49.5905,48.6863,49.5485,850300
2013-12-19,49.7377,50.2915,49.5415,50.1092,605100
2013-12-20,50.3265,50.3966,49.969,50.0391,531900
2013-12-23,50.698,51.5111,50.5228,51.2167,699000
2013-12-24,51.3849,51.434,51.1466,51.3849,110600
2013-12-26,51.5111,51.7213,51.1676,51.3779,220000
2013-12-27,51.3709,51.6022,51.1326,51.448,179200
2013-12-30,51.6933,51.8335,51.3989,51.6372,314700
2013-12-31,51.5952,51.8475,51.4971,51.7143,255100
2014-01-02,51.2447,51.3849,50.684,50.9153,453500
2014-01-03,51.0555,51.3358,50.8382,51.0204,303500
2014-01-06,51.2657,51.448,50.1863,50.1863,609800
2014-01-07,50.4807,51.2447,50.2284,50.698,440800
2014-01-08,50.684,50.9153,50.3615,50.8732,468900
2014-01-09,50.8732,50.9994,50.2143,50.5788,505700
2014-01-10,50.5368,51.2307,50.4667,51.1676,588700
2014-01-13,51.1256,51.2868,50.3265,50.4597,551500
2014-01-14,50.5999,50.9223,50.5228,50.8031,456600
2014-01-15,50.8872,51.8265,50.8872,51.5531,474700
2014-01-16,51.2517,51.6793,51.1676,51.4199,257900
2014-01-17,51.6022,52.1839,51.0625,52.0788,580500
2014-01-21,52.2611,52.6676,51.9106,52.3732,589300
2014-01-22,52.4924,52.6396,52.2751,52.4643,394900
2014-01-23,52.6466,52.7096,51.3779,51.9807,413900
2014-01-24,51.5742,51.8545,50.2845,50.3826,622600
2014-01-27,50.2914,50.4807,49.0438,49.6396,632400
2014-01-28,49.7728,50.4456,49.7728,50.0812,285600
2014-01-29,49.5835,50.5017,49.4503,49.8569,515500
2014-01-30,50.2003,50.3896,49.8569,50.3055,558800
2014-01-31,49.5204,50.4386,49.4153,49.8989,501700
2014-02-03,49.8359,50.1443,47.9714,48.1957,1040000
2014-02-04,48.2167,49.2471,45.1116,48.7284,1176200
2014-02-05,48.5742,48.7354,47.5999,48.2307,671300
2014-02-06,48.4901,49.3873,48.2237,49.2541,715400
2014-02-07,49.4503,50.1513,49.212,50.0672,528200
2014-02-10,49.8358,50.0461,49.4363,49.6045,614800
2014-02-11,49.4293,50.3195,49.3242,50.0461,514100
2014-02-12,50.2915,50.663,49.9901,50.1583,354500
2014-02-13,49.6512,50.447,49.5174,50.0245,613200
2014-02-14,50.0174,50.6231,49.8836,50.4963,443400
2014-02-18,50.3555,50.5667,50.0949,50.3695,381200
2014-02-19,50.3836,51.2217,49.8695,49.9611,667000
2014-02-20,49.9892,50.6513,49.7005,50.5738,427600
2014-02-21,50.6301,51.3415,50.5527,51.2288,634200
2014-02-24,51.2992,52.8064,51.2429,51.9683,718200
2014-02-25,51.926,52.0316,51.3415,51.595,351300
2014-02-26,51.588,52.25,51.2922,51.433,646400
2014-02-27,51.2992,52.3908,51.109,52.3767,615500
2014-02-28,52.419,53.4613,52.3274,53.0458,705700
2014-03-03,52.4331,52.7007,52.088,52.419,540800
2014-03-04,53.0106,54.2008,53.0106,53.7923,487100
2014-03-05,53.7923,54.3487,53.7219,54.2571,537300
2014-03-06,54.4684,54.7572,54.2924,54.6022,718900
2014-03-07,54.8206,55.1797,54.5882,54.8487,643100
2014-03-10,54.6586,55.0952,54.1656,54.736,364600
2014-03-11,54.9614,55.4826,54.0388,54.1515,905300
2014-03-12,53.8134,54.5247,53.6374,54.3628,714700
2014-03-13,54.6304,54.7713,53.5881,53.905,842800
2014-03-14,53.7782,54.5741,53.7078,54.3909,667900
2014-03-17,54.8558,55.3558,54.6938,54.898,337200
2014-03-18,54.9121,55.4685,54.8206,55.1938,517100
2014-03-19,55.1375,55.5671,54.722,55.1516,453300
2014-03-20,55.0952,55.3136,54.7572,55.215,400100
2014-03-21,55.6516,55.9403,55.2783,55.4262,785200
2014-03-24,55.8418,55.9967,54.722,55.5248,594800
2014-03-25,55.7854,55.9404,55.2431,55.5037,622500
2014-03-26,55.7432,55.9052,54.8769,54.884,448600
2014-03-27,54.8487,55.7009,54.0247,54.4402,727300
2014-03-28,54.567,55.7361,54.4896,55.4333,444300
2014-03-31,56.0108,56.7784,55.8206,56.2854,651500
2014-04-01,56.3911,57.2855,56.1657,57.2362,953500
2014-04-02,57.2996,57.9053,57.2081,57.5813,743900
2014-04-03,57.6165,58.0391,57.3207,57.5391,579000
2014-04-04,57.9053,58.0743,56.3207,56.6587,627000
2014-04-07,56.546,56.6094,54.884,55.0741,589700
2014-04-08,55.2149,56.3488,55.0389,56.1094,723700
2014-04-09,56.5601,57.5602,56.3136,57.4757,525600
2014-04-10,57.37,57.6517,55.6305,55.7995,545300
2014-04-11,55.4826,55.9263,55.0107,55.1164,659100
2014-04-14,55.722,56.1798,55.1586,55.7009,560500
2014-04-15,55.877,56.2995,55.1093,55.6798,763700
2014-04-16,56.0108,57.0038,55.884,56.7644,486200
2014-04-17,56.8277,56.8489,56.1728,56.4052,837700
2014-04-21,56.3418,56.9756,56.0812,56.9334,535200
2014-04-22,57.0461,57.5813,56.6728,57.3489,827000
2014-04-23,58.1025,59.4406,58.1025,58.3771,1105800
2014-04-24,58.7504,58.7856,57.525,58.5391,783100
2014-04-25,58.3278,58.7574,57.694,57.7362,835500
2014-04-28,58.0039,58.0884,57.0883,57.6729,971200
2014-04-29,57.9475,57.9545,57.0672,57.1517,850000
2014-04-30,57.0883,58.0461,56.8489,57.8771,635900
2014-05-01,57.8419,58.5884,57.5883,57.8982,574300
2014-05-02,57.9968,58.5673,57.6236,57.7503,444400
2014-05-05,57.4616,57.8771,56.7996,57.6024,394900
2014-05-06,57.4123,58.3631,57.2785,57.8912,646600
2014-05-07,58.0391,58.6236,57.5813,58.1095,466600
2014-05-08,58.0039,59.1589,57.7785,57.8489,667600
2014-05-09,57.8701,58.1729,57.3982,58.1658,576900
2014-05-12,58.4053,59.7575,58.4053,59.5674,647800
2014-05-13,59.6167,59.7927,59.2856,59.4688,553100
2014-05-14,59.4194,59.4194,58.2222,58.3982,368400
2014-05-15,58.073,58.2215,57.3163,58.1225,651500
2014-05-16,58.3134,58.4195,57.8113,58.4195,283300
2014-05-19,58.3417,59.2327,58.2003,58.964,497500
2014-05-20,58.9145,59.0984,58.073,58.2922,595700
2014-05-21,58.469,59.1055,58.2781,58.4619,349300
2014-05-22,58.4761,58.6599,58.1791,58.4478,432800
2014-05-23,58.5539,59.4732,58.5114,59.2398,434700
2014-05-27,59.5368,59.8692,59.36,59.3954,359900
2014-05-28,59.6146,60.9582,59.4661,60.4632,946600
2014-05-29,60.4632,61.531,60.2227,61.5027,806600
2014-05-30,61.4108,61.524,61.0431,61.3755,477200
2014-06-02,61.4533,61.6866,61.0007,61.5523,487400
2014-06-03,61.4674,61.4674,60.2369,60.6824,576500
2014-06-04,60.5198,60.9724,60.2298,60.6895,398900
2014-06-05,60.7107,61.3825,60.442,61.1775,436200
2014-06-06,61.2128,62.316,61.2128,62.2099,413300
2014-06-09,62.217,63.1151,62.0543,62.5989,621000
2014-06-10,62.4433,62.6059,61.6654,62.4503,298900
2014-06-11,62.1321,62.2877,61.5734,61.7856,315400
2014-06-12,61.722,61.8351,60.4773,60.8309,436600
2014-06-13,61.0077,61.3825,60.7249,61.2694,366900
2014-06-16,61.2057,61.8493,60.8451,60.9936,407600
2014-06-17,60.8946,61.4037,60.5764,61.0784,282200
2014-06-18,61.6654,62.3443,61.4108,62.1463,643300
2014-06-19,62.1251,62.3938,61.7361,62.0685,329600
2014-06-20,62.0119,62.2241,61.8422,61.92,501800
2014-06-23,61.9624,62.0756,61.4957,61.7078,425300
2014-06-24,61.524,62.1251,60.8451,60.9017,398500
2014-06-25,60.8168,61.432,60.7602,61.2694,353900
2014-06-26,61.326,61.5805,60.5269,61.5735,356900
2014-06-27,61.4533,61.7078,61.0148,61.6018,477800
2014-06-30,61.5735,62.5565,61.3472,62.2948,503100
2014-07-01,62.4362,63.0019,62.3443,62.8817,431000
2014-07-02,62.8605,63.3414,62.4574,62.7403,253100
2014-07-03,62.9029,63.2777,62.7615,63.1151,240500
2014-07-07,63.0161,63.0161,62.3089,62.7615,278100
2014-07-08,62.7262,62.7474,62.0614,62.4999,369200
2014-07-09,62.6201,62.8464,62.217,62.4362,375400
2014-07-10,61.9765,62.1321,61.5027,61.6371,414500
2014-07-11,61.6725,61.9058,61.3472,61.7856,302200
2014-07-14,62.4574,63.5394,62.4433,62.5352,614800
2014-07-15,62.5989,63.002,62.4009,62.5777,531500
2014-07-16,62.9383,63.1292,62.6908,63.0302,351600
2014-07-17,63.009,63.6879,62.2877,62.415,492200
2014-07-18,62.514,63.4828,62.3443,63.2494,387500
2014-07-21,62.9666,63.4192,62.8039,63.1787,361600
2014-07-22,63.596,64.1829,63.3202,63.9637,1051900
2014-07-23,64.3526,64.5153,61.5098,63.4333,1910000
2014-07-24,63.3131,64.8194,63.1646,64.7769,1007800
2014-07-25,64.586,64.9962,64.2041,64.5719,783200
2014-07-28,64.5012,64.876,63.3485,63.6101,551800
2014-07-29,63.1363,63.405,62.118,62.1604,656000
2014-07-30,62.3443,62.6484,61.8493,62.1604,455300
2014-07-31,61.5452,61.722,60.3359,60.9087,1032400
2014-08-01,60.8168,61.5169,60.6117,61.3047,875200
2014-08-04,61.63,61.63,60.8309,61.3542,473700
2014-08-05,60.9936,61.5593,60.5268,60.5905,457100
2014-08-06,60.0672,60.6753,59.848,60.2935,548000
2014-08-07,60.5127,60.6188,59.7914,59.9823,500500
2014-08-08,60.0884,60.7178,59.5439,60.7178,554100
2014-08-11,61.2128,61.6654,61.0572,61.1138,400800
2014-08-12,61.1633,61.432,60.9299,61.3401,301600
2014-08-13,61.5381,62.2523,61.4815,61.7997,256000
2014-08-14,61.8921,62.1052,61.6009,62.0625,215400
2014-08-15,62.375,62.5525,61.0896,61.9276,480500
2014-08-18,62.3963,63.2201,62.1406,63.2201,343000
2014-08-19,63.5113,64.4345,63.4758,64.1221,483100
2014-08-20,64.0794,64.9956,64.0155,64.4984,584900
2014-08-21,64.5127,64.7967,64.2854,64.3209,300000
2014-08-22,64.3209,64.676,64.0297,64.4771,285500
2014-08-25,64.6973,65.0595,64.2712,64.5979,388900
2014-08-26,64.6405,64.9245,64.3777,64.4416,279000
2014-08-27,64.4913,64.541,64.257,64.3351,183700
2014-08-28,64.0368,64.4132,63.774,64.328,208600
2014-08-29,64.4132,64.5624,63.8948,64.1576,546200
2014-09-02,64.4487,65.9046,64.2996,65.7839,734900
2014-09-03,66.0466,66.6503,65.8762,65.9614,700800
2014-09-04,65.9259,66.3875,65.4927,65.7057,441700
2014-09-05,65.6915,66.2952,65.443,66.2668,457800
2014-09-08,66.3165,66.3733,65.7484,65.9969,229000
2014-09-09,65.9898,66.0324,65.3151,65.3578,309600
2014-09-10,65.6418,65.6418,64.7612,65.2441,285300
2014-09-11,65.024,65.5211,64.9245,65.4643,309400
2014-09-12,65.4714,66.0111,65.3507,65.8336,455700
2014-09-15,65.8762,66.1958,64.8677,65.166,623400
2014-09-16,65.0808,66.1034,64.7754,65.8407,304300
2014-09-17,66.1673,66.4017,65.4572,65.9898,392200
2014-09-18,66.0253,66.6005,65.8335,66.4656,235900
2014-09-19,66.5793,66.6645,65.6205,65.862,421900
2014-09-22,65.6418,65.7696,64.328,64.4913,323700
2014-09-23,64.3706,64.7967,64.0439,64.0439,379400
2014-09-24,64.0794,64.6973,63.8806,64.6476,445100
2014-09-25,64.4487,64.4487,63.4261,63.5468,471700
2014-09-26,63.5468,64.5481,63.4403,64.3422,441300
2014-09-29,63.6959,64.6831,63.5965,64.5126,335100
2014-09-30,64.5837,65.095,63.8735,63.8948,450900
2014-10-01,63.8593,63.9303,61.9773,62.2188,683600
2014-10-02,62.2188,62.4886,61.0328,62.1549,631500
2014-10-03,62.5951,63.5184,62.375,63.3692,435200
2014-10-06,63.7102,64.2428,62.9574,63.0639,366200
2014-10-07,63.0355,63.0355,61.3381,61.3594,483000
2014-10-08,61.3594,62.375,59.6621,62.3111,1139700
2014-10-09,62.2614,62.3182,59.3141,59.584,1232000
2014-10-10,59.4562,59.5485,57.1836,57.5671,1076600
2014-10-13,57.7162,58.3767,54.7832,54.9039,969500
2014-10-14,55.0602,57.1907,55.0602,56.9492,961400
2014-10-15,56.6865,57.4038,54.8116,57.0132,826500
2014-10-16,55.9834,58.9946,55.813,58.1779,791500
2014-10-17,58.9448,60.0953,58.7673,59.5343,669200
2014-10-20,59.2147,59.9249,58.7318,59.6124,565000
2014-10-21,59.9533,61.9276,59.9249,61.8282,823300
2014-10-22,60.9902,61.7856,57.5245,57.6452,2545000
2014-10-23,58.8099,60.6635,58.5898,59.8681,1208000
2014-10-24,60.2019,60.4362,59.4207,60.2516,693100
2014-10-27,60.0669,60.4007,59.7757,60.3155,835300
2014-10-28,60.6564,61.9347,60.216,61.8424,622100
2014-10-29,62.0128,62.5952,60.8978,61.5867,669300
2014-10-30,61.331,62.9218,61.1109,62.1406,774300
2014-10-31,62.8437,62.9786,61.9276,62.8295,920200
2014-11-03,62.9574,63.49,62.3608,63.0568,811200
2014-11-04,63.1846,63.8664,62.9005,63.6533,653000
2014-11-05,64.1931,64.6689,63.6391,64.3706,585700
2014-11-06,64.5127,64.9672,63.98,64.9175,497500
2014-11-07,64.7044,65.308,64.5624,64.953,528700
2014-11-10,65.1447,66.2597,65.1092,66.2526,514100
2014-11-11,66.2881,66.5296,65.443,65.8336,315800
2014-11-12,65.656,65.7768,65.1731,65.5637,395100
2014-11-13,65.6635,65.9559,64.4371,65.1145,621800
2014-11-14,65.086,65.5922,64.8935,65.1074,531700
2014-11-17,64.9933,65.0575,64.5155,64.6653,398100
2014-11-18,64.7295,65.8418,64.4371,65.1929,340900
2014-11-19,65.0503,65.4496,64.3872,64.5655,497000
2014-11-20,63.9736,64.9719,63.9594,64.7009,530300
2014-11-21,65.3213,66.0842,65.2215,65.471,477600
2014-11-24,65.5566,66.4336,65.5566,66.3766,501000
2014-11-25,66.562,68.1663,66.4408,67.7385,686500
2014-11-26,67.8312,67.9452,66.7901,67.0112,418500
2014-11-28,66.9755,68.3232,66.783,68.1093,525200
2014-12-01,67.9667,68.3018,65.1216,65.5851,1026800
2014-12-02,65.9416,66.5334,65.5209,66.127,511500
2014-12-03,66.4693,67.5174,66.3195,67.168,493800
2014-12-04,67.1895,67.1895,66.0272,66.291,488000
2014-12-05,66.1983,67.0825,66.0557,66.7688,411100
2014-12-08,66.6618,66.8187,65.2714,65.5637,432600
2014-12-09,64.6867,65.2286,64.1234,65.1715,452600
2014-12-10,65.143,65.2571,63.1537,63.3248,627200
2014-12-11,63.5315,64.0449,62.9754,63.1109,512200
2014-12-12,62.8185,63.446,62.4549,62.5404,582700
2014-12-15,63.0111,63.3177,61.7062,62.4192,579700
2014-12-16,62.4121,64.2802,62.298,62.3764,730400
2014-12-17,62.3265,63.4531,61.3996,63.2606,596300
2014-12-18,64.1305,64.8435,63.7312,64.8293,731300
2014-12-19,65.2001,65.6635,64.8649,65.2927,587300
2014-12-22,65.5994,66.562,65.5494,66.0201,353600
2014-12-23,66.1199,67.0611,66.1199,66.6832,317000
2014-12-24,66.7616,66.9898,66.4692,66.5762,162800
2014-12-26,66.7117,67.3677,66.7117,67.0611,157700
2014-12-29,66.8685,67.1252,66.5833,66.8685,300100
2014-12-30,66.5548,67.1253,66.4764,66.7973,411700
2014-12-31,66.6618,67.5032,66.1698,66.2054,305500
2015-01-02,66.4835,66.7687,64.6082,65.799,604200
2015-01-05,65.0931,65.307,63.5743,63.6884,576000
2015-01-06,64.0449,64.2089,62.4549,62.9897,689900
2015-01-07,63.4959,63.7954,62.9397,63.3177,450500
2015-01-08,63.995,64.9434,63.8096,64.8364,674800
2015-01-09,64.8578,64.8578,63.6671,63.7027,413600
2015-01-12,63.9166,63.9237,62.5832,62.847,578100
2015-01-13,63.4816,64.6296,62.3907,63.0966,461500
2015-01-14,61.97,62.7829,61.6277,62.4335,414800
2015-01-15,62.8256,63.0752,61.9201,61.9985,633200
2015-01-16,61.7133,63.0467,61.7133,62.9897,454900
2015-01-20,63.446,63.9237,62.4548,63.1679,336700
2015-01-21,63.0253,64.4015,62.8756,63.4389,640900
2015-01-22,64.2446,64.6154,63.6599,64.5797,585400
2015-01-23,64.3872,65.1074,64.1091,64.6082,404200
2015-01-26,64.4656,65.0432,64.102,64.4656,552300
2015-01-27,63.2963,64.3516,63.0538,64.1376,610700
2015-01-28,64.8507,64.9291,62.6403,62.7686,397500
2015-01-29,62.4477,63.011,61.1357,61.4923,1365200
2015-01-30,60.7864,61.2498,58.6758,59.0323,1347100
2015-02-02,59.4387,60.2872,59.1036,59.9165,1345100
2015-02-03,59.0252,63.7027,58.9325,63.1322,2073900
2015-02-04,62.4691,63.4745,61.5351,63.0752,1295500
2015-02-05,63.446,63.995,63.0823,63.3604,739200
2015-02-06,63.3533,64.9719,63.3105,64.4086,747800
2015-02-09,63.9594,64.9077,63.7241,64.43,656400
2015-02-10,65.0432,65.0432,63.8952,64.6225,740600
2015-02-11,64.9505,66.1698,64.7508,65.799,682700
2015-02-12,65.8418,66.8044,65.8418,66.6761,478100
2015-02-13,66.7046,66.9969,66.562,66.9684,405700
2015-02-17,66.6048,67.1253,66.3552,67.111,457100
2015-02-18,67.0254,67.3463,66.7759,66.8971,462400
2015-02-19,66.9902,67.8349,66.9902,67.3123,254000
2015-02-20,67.076,67.9995,66.625,67.8349,470200
2015-02-23,67.8563,67.9422,67.3624,67.7132,319700
2015-02-24,67.5628,68.336,67.3696,68.0711,468400
2015-02-25,67.8921,68.565,67.8492,67.9709,320100
2015-02-26,68.1141,68.336,67.3338,67.57,272100
2015-02-27,67.434,67.6917,67.0904,67.2837,394800
2015-03-02,67.527,67.9566,67.4626,67.8134,353900
2015-03-03,67.6416,67.7919,66.7181,67.0617,316700
2015-03-04,66.7682,67.255,66.0237,67.0402,362000
2015-03-05,67.1047,67.298,66.6465,67.1906,343300
2015-03-06,66.8469,67.2049,65.2935,65.4868,496600
2015-03-09,65.537,66.1097,65.537,65.9021,248800
2015-03-10,65.2578,65.3723,64.5777,64.7996,332000
2015-03-11,64.9213,66.5248,64.7209,66.2313,535400
2015-03-12,66.6179,67.5127,66.396,67.4411,446000
2015-03-13,67.2693,67.5056,66.0094,66.6609,287100
2015-03-16,67.0761,67.8778,67.0761,67.8205,307700
2015-03-17,67.6201,68.114,67.3481,67.9709,372600
2015-03-18,67.7132,69.0447,67.2837,68.9874,598200
2015-03-19,68.9588,69.6174,68.6939,69.4312,765300
2015-03-20,69.7963,70.6983,69.467,70.1542,975100
2015-03-23,70.4692,71.0992,69.6603,69.6675,901100
2015-03-24,69.7104,69.7104,68.8514,69.0232,481100
2015-03-25,69.152,69.3453,67.8349,67.8635,470200
2015-03-26,67.4769,67.5915,66.8899,67.4053,460900
2015-03-27,67.3481,67.6273,66.9472,67.57,282000
2015-03-30,68.0711,69.1162,67.9709,68.9516,282900
2015-03-31,68.5937,68.5937,67.8062,67.9279,316500
2015-04-01,67.7633,68.2644,67.1405,67.8778,355200
2015-04-02,67.8993,68.6223,67.5271,67.57,306400
2015-04-06,67.3624,68.0926,66.9544,67.3409,323000
2015-04-07,67.5199,67.9064,66.983,67.1476,602000
2015-04-08,67.1476,67.3838,66.6966,67.0903,778700
2015-04-09,66.9329,67.8778,66.9329,67.6631,724000
2015-04-10,67.8778,68.4219,67.7132,68.3145,360000
2015-04-13,68.0568,69.1807,68.0568,68.2572,634600
2015-04-14,67.6917,68.2501,67.1906,68.0568,352100
2015-04-15,68.2429,68.8371,67.9422,68.2715,674300
2015-04-16,68.1856,68.2,67.6416,67.9065,323200
2015-04-17,67.4268,67.7633,67.2121,67.6344,374300
2015-04-20,67.9423,68.9659,67.8206,68.6867,502700
2015-04-21,68.8084,69.4026,68.4004,69.2952,679900
2015-04-22,70.1543,70.4979,69.6174,70.1185,1564800
2015-04-23,70.1543,72.0441,69.9252,71.2853,1315000
2015-04-24,71.5502,71.5502,70.1972,70.7556,564600
2015-04-27,70.7341,70.8343,68.9659,69.825,741400
2015-04-28,69.6746,70.4621,69.4455,70.1542,649900
2015-04-29,69.3453,69.6746,68.7583,69.5171,793800
2015-04-30,69.0733,69.3811,68.0067,68.2644,795200
2015-05-01,68.5937,69.4599,68.157,69.2451,356300
2015-05-04,69.2666,70.0397,69.0375,69.3739,355400
2015-05-05,69.0948,69.6031,68.4577,68.5651,455100
2015-05-06,68.7225,68.8013,67.434,67.8563,930100
2015-05-07,67.8134,68.7082,67.6058,68.3359,412300
2015-05-08,69.0375,69.4885,68.5865,68.6724,298300
2015-05-11,68.6867,69.2952,68.5149,69.1162,407400
2015-05-12,68.6295,68.6295,67.5485,67.6487,433500
2015-05-13,67.6702,68.0067,66.2242,67.2121,767100
2015-05-14,67.5642,68.4195,67.0827,68.3476,686000
2015-05-15,68.5776,69.0304,68.3907,68.7357,637700
2015-05-18,68.6997,69.6915,68.4769,69.5981,376800
2015-05-19,69.7131,69.7993,68.786,68.9225,456900
2015-05-20,68.9441,69.3106,67.5354,67.6576,440800
2015-05-21,67.7295,68.4482,67.3127,68.2901,391100
2015-05-22,68.2254,68.4913,67.0036,67.6936,630000
2015-05-26,69.6197,69.6269,67.1761,67.2767,706600
2015-05-27,67.6577,68.3117,67.0396,68.1104,442800
2015-05-28,68.0314,68.0314,66.3784,67.3343,858300
2015-05-29,67.0611,67.0611,65.4872,65.8681,1101800
2015-06-01,66.0406,66.3927,65.3794,66.0621,653100
2015-06-02,65.6022,66.6299,65.4153,66.2131,410200
2015-06-03,66.0622,67.6792,66.0622,67.2767,639400
2015-06-04,66.7593,67.6505,66.7593,67.0468,746700
2015-06-05,66.7809,68.4842,66.7018,68.1104,681400
2015-06-08,68.0745,68.3189,67.4133,67.4708,489800
2015-06-09,67.1761,67.7798,67.0396,67.3486,485200
2015-06-10,67.5858,68.3188,67.3989,67.8086,649200
2015-06-11,68.1104,68.6279,68.1104,68.2757,487000
2015-06-12,68.0457,68.1895,67.1905,67.442,519900
2015-06-15,66.9821,67.1833,66.3353,66.6874,486600
2015-06-16,66.7018,67.4492,66.055,66.1987,452300
2015-06-17,66.1412,66.6443,65.4153,66.0981,506900
2015-06-18,66.1915,67.7655,66.1915,67.1761,543900
2015-06-19,67.1186,67.8589,66.9533,67.1617,460600
2015-06-22,67.5067,67.787,67.2767,67.557,336700
2015-06-23,67.5283,67.8445,66.9605,67.0683,388400
2015-06-24,67.0683,67.2767,65.5591,65.8465,489300
2015-06-25,66.1125,66.2562,64.2726,64.4523,830000
2015-06-26,64.4595,64.4667,63.633,64.0211,1032700
2015-06-29,64.172,64.4523,62.3465,62.4471,1113900
2015-06-30,62.9718,63.5395,62.3968,62.7921,644200
2015-07-01,63.2664,64.2079,63.1443,63.3239,709500
2015-07-02,63.3886,63.7839,63.0796,63.5036,605500
2015-07-06,63.1083,63.8845,62.749,62.9574,638300
2015-07-07,63.1946,63.7048,61.9656,63.6689,601300
2015-07-08,63.0509,63.2449,62.2244,62.6915,714900
2015-07-09,63.3886,63.7767,63.0221,63.1083,424400
2015-07-10,64.1073,64.7613,63.942,64.6822,627000
2015-07-13,65.1207,66.2778,64.7182,65.9687,849600
2015-07-14,65.7962,66.1843,65.401,65.7316,549000
2015-07-15,65.7962,65.8825,64.6823,64.8619,378200
2015-07-16,65.1638,65.5159,64.8907,65.4944,354500
2015-07-17,65.7819,66.479,65.3794,65.7531,485600
2015-07-20,65.8321,66.3065,65.7746,65.9112,783000
2015-07-21,65.7603,67.4421,65.7316,67.0324,1043800
2015-07-22,67.2552,67.4564,65.9615,66.8958,1392600
2015-07-23,65.3866,66.2131,63.2161,63.5467,2310100
2015-07-24,63.3096,64.2295,62.6412,63.0437,951100
2015-07-27,62.6053,63.1515,62.3609,62.7562,759000
2015-07-28,63.0796,64.4954,62.5549,63.9492,666400
2015-07-29,63.9492,66.4431,63.9492,66.2418,933900
2015-07-30,65.9903,66.2059,65.2357,66.0981,459800
2015-07-31,66.1915,66.3425,64.9841,65.056,802000
2015-08-03,65.1854,66.0766,64.4883,65.825,792400
2015-08-04,65.6669,66.3353,65.5303,65.8609,546500
2015-08-05,66.1915,67.248,66.0334,66.055,553500
2015-08-06,66.2706,66.6156,65.3075,65.7963,794000
2015-08-07,65.6597,65.6597,64.7469,65.0416,1745800
2015-08-10,65.1925,66.3353,65.1925,65.9687,553100
2015-08-11,65.4153,65.94,64.3948,64.9841,804700
2015-08-12,64.4738,64.7973,63.1443,64.3229,850600
2015-08-13,64.6391,64.6391,63.712,63.7839,348800
2015-08-14,63.5899,64.2582,63.4317,64.1145,320800
2015-08-17,63.8917,64.2798,63.1299,63.8845,539400
2015-08-18,63.9061,64.1576,63.4677,63.5395,512800
2015-08-19,62.9286,63.2808,61.9512,62.1884,909400
2015-08-20,61.8057,62.0801,59.9137,60.0004,1017100
2015-08-21,59.3216,60.0582,57.9568,58.484,1577600
2015-08-24,55.5377,58.3973,54.5629,56.1154,1237000
2015-08-25,57.7185,58.0507,54.9673,54.9962,1225800
2015-08-26,56.4043,57.1914,55.2633,57.0686,959300
2015-08-27,57.6752,59.1555,57.6752,58.7223,1105200
2015-08-28,58.9389,59.9354,58.8956,59.2422,1198900
2015-08-31,58.8956,59.6827,58.715,59.1916,670500
2015-09-01,57.9641,58.3034,56.9025,57.1336,947300
2015-09-02,57.8485,58.4912,57.2492,58.4912,700600
2015-09-03,58.8161,59.5166,58.5201,58.6284,505500
2015-09-04,57.8124,58.78,57.5813,57.8918,469800
2015-09-08,59.0689,59.9137,58.9028,59.8704,519300
2015-09-09,59.6466,59.8704,58.3684,58.5056,970700
2015-09-10,58.6861,59.4516,58.419,58.9389,472600
2015-09-11,58.4984,59.1266,58.4479,59.1266,472700
2015-09-14,59.0472,59.4733,58.5417,58.7439,494700
2015-09-15,59.0472,60.7731,58.91,60.5853,632500
2015-09-16,60.3831,60.8958,59.921,60.5997,744500
2015-09-17,60.6359,61.4374,60.3831,60.5781,482700
2015-09-18,59.9138,60.4915,58.159,58.3901,898500
2015-09-21,58.9317,59.3938,58.3973,58.6356,488100
2015-09-22,57.8629,57.8629,55.906,56.3898,825200
2015-09-23,56.527,56.527,54.8734,55.4439,711500
2015-09-24,54.9167,54.9817,53.6386,54.1657,945100
2015-09-25,54.6134,54.7218,53.8336,54.2524,793100
2015-09-28,54.0213,54.0213,52.7865,53.1331,1127300
2015-09-29,53.1692,54.5918,52.4688,53.0898,716400
2015-09-30,53.7974,54.6207,53.0609,53.4653,682800
2015-10-01,53.4653,53.8263,51.6311,51.8766,1780500
2015-10-02,51.0967,51.6744,50.223,51.6672,1652900
2015-10-05,52.1583,53.8119,52.1583,53.4436,1120900
2015-10-06,53.2559,53.8047,52.5699,52.8443,755900
2015-10-07,53.1692,54.0935,52.7648,53.5303,684900
2015-10-08,53.292,54.3463,53.2559,54.2524,566000
2015-10-09,54.3607,55.1189,54.274,54.7939,643100
2015-10-12,54.7362,54.9384,53.8986,54.6279,483000
2015-10-13,51.4939,51.7394,49.277,49.5586,5169800
2015-10-14,49.6958,51.4939,49.5514,51.3567,2523200
2015-10-15,51.5806,52.9742,51.0029,52.9237,1314600
2015-10-16,52.9959,53.5736,51.3495,51.9561,1436000
2015-10-19,51.6889,52.1727,51.6095,52.0788,830900
2015-10-20,51.7611,52.6059,51.6528,52.1871,983500
2015-10-21,52.5482,52.7071,51.8622,51.9922,917700
2015-10-22,51.6672,52.9598,51.039,51.5372,1241600
2015-10-23,51.8261,52.3027,49.6958,50.7862,1593300
2015-10-26,50.7212,51.3784,50.6635,51.0173,753200
2015-10-27,50.4685,50.5335,48.9232,49.277,951800
2015-10-28,49.5586,50.1652,49.1542,50.1291,1023900
2015-10-29,50.1291,51.79,50.1147,51.725,1049000
2015-10-30,51.6383,52.2232,51.2701,51.8333,511600
2015-11-02,51.8261,53.0176,51.7828,52.6999,670600
2015-11-03,52.4688,52.837,51.5661,52.2738,682800
2015-11-04,52.2738,52.2738,51.4433,51.6528,688300
2015-11-05,51.8405,52.1077,51.4217,51.9127,346200
2015-11-06,51.8478,52.0427,51.4217,51.9055,450300
2015-11-09,51.7611,51.9488,50.2807,51.0895,732000
2015-11-10,51.0029,51.2628,49.2915,49.7969,1057900
2015-11-11,49.8764,50.2735,49.667,49.9053,547000
2015-11-12,49.5153,49.797,48.0855,48.1505,961600
2015-11-13,48.0639,48.6199,47.3345,47.4356,743100
2015-11-16,47.1251,47.7173,46.8291,47.6811,655000
2015-11-17,47.9194,48.3599,47.2045,47.6667,795200
2015-11-18,48.0205,48.3888,47.154,48.0567,710200
2015-11-19,48.0712,49.3572,47.9404,49.132,705400
2015-11-20,49.3282,49.4008,48.5653,48.6452,525700
2015-11-23,48.667,48.9285,47.5626,47.6788,725100
2015-11-24,47.3083,48.1802,47.0176,48.0712,556000
2015-11-25,48.1221,48.34,47.7515,48.093,508900
2015-11-27,48.2383,48.6307,48.0567,48.3618,172000
2015-11-30,48.3909,48.7396,47.875,47.9259,676800
2015-12-01,48.0421,48.6815,47.6207,48.6089,564500
2015-12-02,48.3763,48.3763,46.4073,46.865,952200
2015-12-03,46.836,46.945,44.8451,45.252,1137300
2015-12-04,44.9105,45.3901,43.639,44.0677,1737200
2015-12-07,43.9514,44.0459,42.7235,43.0723,1119900
2015-12-08,42.7307,42.8615,41.9315,42.1567,1287000
2015-12-09,41.8225,42.738,41.6045,41.946,1186700
2015-12-10,42.1931,42.6871,42.0332,42.1277,929200
2015-12-11,41.5755,41.8734,40.7036,40.8489,1741300
2015-12-14,40.9433,41.1322,39.7081,40.0496,1113000
2015-12-15,40.3475,41.4592,40.2676,41.0451,999000
2015-12-16,41.234,43.1594,41.234,43.0577,1455400
2015-12-17,43.3774,43.53,41.154,41.1758,1009100
2015-12-18,40.6745,40.7108,38.9016,39.294,2016200
2015-12-21,39.5992,40.1659,39.0978,39.2577,865100
2015-12-22,39.4974,40.7617,39.4974,40.6091,830600
2015-12-23,40.6672,42.3021,40.5147,42.0042,755100
2015-12-24,41.8952,42.2366,41.8661,41.9024,275500
2015-12-28,41.5973,41.808,40.6818,41.0015,496600
2015-12-29,41.3648,41.6481,41.0523,41.5755,483700
2015-12-30,41.4519,41.699,40.9433,41.0959,360000
2015-12-31,40.798,41.7789,40.7762,41.2921,511000
2016-01-04,40.6527,41.5609,40.1441,41.343,1119900
2016-01-05,41.4447,41.6917,40.6018,41.1323,650000
2016-01-06,40.4711,40.5146,38.9597,39.294,648000
2016-01-07,37.2959,38.1823,37.1578,37.8117,1673000
2016-01-08,37.9498,38.0297,36.671,36.7364,1203900
2016-01-11,36.9979,37.1142,35.988,36.6637,1278800
2016-01-12,37.0633,37.4557,36.1406,37.1142,994600
2016-01-13,37.2959,37.7027,36.0679,36.3077,1248400
2016-01-14,36.453,37.136,35.523,36.5983,842700
2016-01-15,35.334,35.9299,34.6583,35.7845,748700
2016-01-19,36.2641,36.4457,34.3386,34.7237,1040500
2016-01-20,34.1206,35.7046,32.7837,35.1088,1685200
2016-01-21,35.1016,36.9108,34.6947,35.9807,969300
2016-01-22,36.6419,37.7536,36.2568,36.7945,996100
2016-01-25,36.5983,36.7872,35.443,35.5448,561900
2016-01-26,35.8645,38.2477,35.661,38.1823,897200
2016-01-27,38.0297,39.0469,37.3903,37.5938,1092900
2016-01-28,37.8844,38.0152,36.4022,36.9834,1157800
2016-01-29,37.1723,38.6909,37.0851,38.6328,829700
2016-02-01,38.146,40.3039,38.146,39.7445,2520400
2016-02-02,39.1559,40.1005,37.1287,37.4339,3189300
2016-02-03,37.5284,37.9425,35.9081,37.7463,1585500
2016-02-04,37.819,41.3284,37.819,41.2049,1766200
2016-02-05,41.1976,41.6336,40.4492,41.5028,1242600
2016-02-08,41.0233,41.0233,39.9334,40.6672,892200
2016-02-09,39.9624,40.9506,39.6718,40.4347,1108300
2016-02-10,40.689,41.2194,39.8752,40.1949,770400
2016-02-11,39.3521,39.5991,37.136,38.1242,1551100
2016-02-12,38.4947,39.6791,37.5211,39.3376,956200
2016-02-16,39.6863,41.3212,38.7636,40.8997,1067800
2016-02-17,41.481,42.7162,41.0669,42.2367,1091900
2016-02-18,42.3684,42.4781,41.5269,42.4123,809400
2016-02-19,42.0976,42.1489,40.7146,41.0878,767600
2016-02-22,41.622,42.8586,41.622,42.8221,714200
2016-02-23,42.3464,42.4782,41.0951,41.4391,722600
2016-02-24,40.6854,41.3512,39.7121,41.2634,752800
2016-02-25,41.4098,41.922,40.1146,41.1463,794100
2016-02-26,41.4464,42.6977,41.2122,42.2074,667500
2016-02-29,42.2586,42.3903,41.4976,41.5049,563500
2016-03-01,41.8854,43.0635,41.5634,42.8001,680500
2016-03-02,42.6684,43.5684,42.4708,42.8221,1026600
2016-03-03,42.5586,44.1099,42.5586,44.0148,884600
2016-03-04,44.1977,45.471,43.5538,45.0319,1148000
2016-03-07,44.8637,46.1515,44.7393,45.9686,1203700
2016-03-08,45.5149,46.0052,43.6709,43.7367,850200
2016-03-09,44.0148,44.6295,43.5245,44.527,684900
2016-03-10,44.871,45.0246,43.0562,43.7367,772800
2016-03-11,44.3587,45.4052,44.227,44.9295,698200
2016-03-14,44.4904,45.1563,44.0807,44.8563,434800
2016-03-15,44.4392,44.9661,43.5831,43.9343,713000
2016-03-16,43.788,45.2661,43.605,45.1417,712200
2016-03-17,45.0759,47.1979,44.8417,46.9418,926200
2016-03-18,47.2053,48.4931,46.9418,47.6077,1661700
2016-03-21,47.6004,48.559,47.3662,48.5444,897900
2016-03-22,47.9809,48.4273,47.2638,47.9297,550500
2016-03-23,47.6443,47.9004,46.8613,47.3296,508100
2016-03-24,46.693,47.4101,46.0784,47.3736,468300
2016-03-28,47.4028,47.5711,45.9905,46.8321,521000
2016-03-29,46.4662,47.454,45.8222,47.4248,974800
2016-03-30,47.8419,48.4053,46.7589,47.1614,786200
2016-03-31,47.2492,47.7248,46.8833,47.4028,606600
2016-04-01,46.8613,47.0516,45.7491,46.9784,565900
2016-04-04,46.9052,47.7175,46.4881,46.554,703800
2016-04-05,45.8954,46.0198,45.5515,45.7271,1065800
2016-04-06,45.632,45.8588,43.9856,45.2003,1026700
2016-04-07,44.9002,45.1198,44.0807,44.2563,1111200
2016-04-08,44.7832,46.3345,44.7832,45.332,663800
2016-04-11,45.2442,46.4955,45.1783,45.5076,618500
2016-04-12,45.61,46.0784,45.1125,45.8003,522600
2016-04-13,46.2247,48.1346,46.1588,47.937,694000
2016-04-14,48.0614,48.6322,47.7102,48.2663,633900
2016-04-15,48.2224,48.8005,48.0907,48.4565,471700
2016-04-18,48.2077,49.0712,47.8199,48.7639,457300
2016-04-19,49.1737,50.1396,49.0419,49.4517,530300
2016-04-20,49.3639,50.0298,49.3273,49.8103,689800
2016-04-21,49.2542,49.7664,48.0614,48.2443,852600
2016-04-22,48.5005,49.342,48.3907,49.159,630000
2016-04-25,48.9688,49.0712,47.4614,47.7467,802200
2016-04-26,49.3859,51.1494,47.9297,50.8201,1473800
2016-04-27,51.164,52.6129,50.9664,52.2616,1655200
2016-04-28,51.6836,52.4592,51.4055,51.7128,1103400
2016-04-29,51.2738,51.9616,49.6273,50.4323,937900
2016-05-02,50.7835,50.9006,49.8761,50.2932,781600
2016-05-03,49.5395,49.7151,48.537,49.6493,718500
2016-05-04,49.4298,50.0444,49.02,49.4664,1278400
2016-05-05,49.7298,50.1469,49.2468,49.4664,954700
2016-05-06,49.2102,50.4542,49.2102,50.3445,543900
2016-05-09,50.0664,50.6079,49.7152,50.2347,553000
2016-05-10,50.4762,51.8226,50.3225,51.625,490200
2016-05-11,51.5153,51.8738,50.9957,51.3031,725600
2016-05-12,51.5299,52.0787,49.9713,50.081,880000
2016-05-13,49.7225,50.242,47.6736,47.959,1295000
2016-05-16,47.915,48.7053,46.8979,47.7321,836400
2016-05-17,47.6955,49.4883,47.5711,48.2151,703300
2016-05-18,48.0907,48.5956,47.4321,47.8931,1008700
2016-05-19,47.4734,49.2627,47.3114,49.1081,1055100
2016-05-20,49.3585,50.6029,49.3585,50.0875,759100
2016-05-23,49.977,50.0948,49.2627,49.5426,570600
2016-05-24,49.8666,50.544,49.3879,50.0212,536800
2016-05-25,50.1685,51.0889,50.139,50.9785,628500
2016-05-26,51.1699,51.678,50.9122,50.9564,643300
2016-05-27,51.0153,51.3467,50.7723,51.192,355100
2016-05-31,51.1699,51.8105,50.8754,51.2656,415500
2016-06-01,50.8901,51.1184,49.8224,51.0006,443700
2016-06-02,50.6986,51.0742,50.1684,50.8017,483900
2016-06-03,50.7944,50.7944,49.5941,50.0727,1213300
2016-06-06,50.4335,51.3319,50.1684,51.1184,700600
2016-06-07,51.354,51.6854,51.0374,51.4055,420800
2016-06-08,51.6117,52.1051,51.3393,51.3982,556800
2016-06-09,50.8238,51.1773,49.4836,49.8224,1021700
2016-06-10,49.3364,49.3437,48.1361,48.3865,813800
2016-06-13,48.3865,48.7767,47.9373,48.0698,780200
2016-06-14,47.9741,48.4085,46.6781,47.2525,921600
2016-06-15,47.4513,48.519,47.3187,47.4365,461100
2016-06-16,46.8327,47.0978,45.9565,46.98,588000
2016-06-17,47.142,48.3128,47.0315,48.0404,737100
2016-06-20,48.8062,49.7708,48.7988,48.843,578700
2016-06-21,47.8121,48.2686,46.7591,47.9446,890600
2016-06-22,48.0256,48.6,47.6133,48.0109,437200
2016-06-23,48.6221,48.8651,48.276,48.4896,690900
2016-06-24,45.9859,46.8401,44.8445,44.9697,1185200
2016-06-27,44.2996,44.4396,41.958,42.0979,1499300
2016-06-28,43.0552,43.5412,42.8122,43.4455,978300
2016-06-29,44.1892,44.8666,43.7106,44.5058,703200
2016-06-30,44.7194,45.0655,43.6516,45.0213,508700
2016-07-01,44.9255,46.3983,44.9255,45.6766,661500
2016-07-05,45.2864,45.2864,44.0419,44.5795,744000
2016-07-06,44.3144,45.2496,43.8652,45.1317,786500
2016-07-07,45.4336,46.6045,45.3453,45.7429,841600
2016-07-08,46.2584,47.7974,46.17,47.5986,692300
2016-07-11,47.9594,48.5043,47.6648,48.2834,590100
2016-07-12,48.924,49.6825,48.7915,49.3806,754200
2016-07-13,49.4542,49.9402,48.7473,49.7856,639500
2016-07-14,50.5661,50.5661,49.5941,49.9034,400800
2016-07-15,50.0727,50.2495,49.5499,50.0506,467700
2016-07-18,49.653,50.382,49.329,50.1022,504300
2016-07-19,49.7414,50.1169,49.3364,49.5867,439500
2016-07-20,49.6825,50.382,49.4247,49.9402,488000
2016-07-21,49.8297,50.139,49.3511,49.7266,866300
2016-07-22,49.8076,51.0079,49.7119,50.9932,905800
2016-07-25,50.868,51.0963,50.5293,50.7207,726000
2016-07-26,50.868,51.3835,50.6324,51.3687,1112400
2016-07-27,50.5293,50.6839,47.2672,47.5102,2043100
2016-07-28,46.9653,48.5337,46.1626,48.3202,1049900
2016-07-29,48.0846,48.9608,47.8121,48.5264,667700
2016-08-01,48.4527,48.7252,47.6354,47.9741,782900
2016-08-02,47.9373,47.9373,45.8092,46.2142,1301800
2016-08-03,46.2878,46.8696,46.2068,46.8254,1047300
2016-08-04,46.4204,47.0242,46.1185,46.9947,810200
2016-08-05,47.4955,48.4601,47.4955,48.3644,821300
2016-08-08,48.4675,49.1081,48.4675,48.6,721800
2016-08-09,48.6,48.6589,47.9373,48.1582,593800
2016-08-10,48.2318,48.9093,48.0183,48.2613,791800
2016-08-11,48.4454,48.7031,48.1729,48.4527,235000
2016-08-12,48.4527,48.4527,47.8931,48.0698,485100
2016-08-15,48.2539,48.7031,48.1508,48.1656,378300
2016-08-16,48.1508,48.1803,47.5028,47.8636,435900
2016-08-17,47.7974,48.0772,47.3114,47.8268,372400
2016-08-18,47.9232,48.672,47.8639,48.6646,630900
2016-08-19,48.4718,49.0501,48.4273,49.0279,513400
2016-08-22,48.6646,48.7091,48.1679,48.4199,618100
2016-08-23,48.6794,48.887,48.3384,48.5756,439300
2016-08-24,48.5608,49.0056,48.5608,48.6794,363200
2016-08-25,48.5682,48.7387,47.7972,47.8713,916700
2016-08-26,47.9084,48.3606,47.3894,47.597,460700
2016-08-29,47.6563,47.9603,47.4932,47.8787,479300
2016-08-30,47.901,48.761,47.723,48.7165,580200
2016-08-31,48.6349,48.8722,47.8194,48.5756,805100
2016-09-01,48.7313,49.3318,47.8861,48.887,583600
2016-09-02,49.5469,49.5913,48.9982,49.3318,437400
2016-09-06,49.6062,49.6062,48.8277,49.4505,489000
2016-09-07,49.3912,50.3772,49.2799,50.3698,670500
2016-09-08,50.3475,50.6367,50.0287,50.1177,512100
2016-09-09,49.621,49.8211,48.1382,48.153,612100
2016-09-12,47.2634,48.9241,47.2634,48.6349,577400
2016-09-13,47.9455,48.3087,47.3153,47.6341,715300
2016-09-14,47.7156,48.5608,47.6118,48.2494,699100
2016-09-15,48.2346,49.0872,47.7527,49.0056,621200
2016-09-16,48.5015,49.1316,48.4125,49.013,571200
2016-09-19,49.4801,49.7099,48.1753,48.3829,914500
2016-09-20,48.5979,48.6349,46.9891,46.9965,847400
2016-09-21,47.4635,48.027,47.1077,47.723,765800
2016-09-22,48.3013,48.4792,47.7898,47.8639,754800
2016-09-23,47.7304,47.9603,47.2115,47.2411,670100
2016-09-26,46.9891,47.4932,46.4849,47.1967,405900
2016-09-27,47.1003,47.5822,46.8037,47.5599,711300
2016-09-28,47.597,48.3161,47.1892,48.242,398300
2016-09-29,48.1901,48.5608,47.5377,47.7749,533400
2016-09-30,48.4422,49.0798,48.0492,48.8944,812700
2016-10-03,48.6349,49.1613,48.5237,49.102,404600
2016-10-04,49.3022,49.873,48.4941,48.6201,881500
2016-10-05,48.7981,50.3105,48.5979,49.6136,1034600
2016-10-06,49.5617,49.9175,49.1984,49.7915,599200
2016-10-07,49.6729,49.6729,48.8722,49.2873,441700
2016-10-10,49.6803,50.0287,49.5172,49.9842,453000
2016-10-11,49.8063,49.962,48.7091,48.9686,585700
2016-10-12,48.9315,49.2355,48.5608,48.887,328600
2016-10-13,48.2865,48.2865,46.8482,47.1077,997000
2016-10-14,47.6563,47.7823,46.4997,46.5665,701300
2016-10-17,46.2996,46.5442,46.0698,46.3811,733900
2016-10-18,46.9372,47.1077,46.5887,46.6628,354200
2016-10-19,46.8334,47.0928,46.6777,46.9149,559000
2016-10-20,46.6554,47.4265,46.6554,46.8185,504700
2016-10-21,46.2254,47.8417,45.9882,47.7675,778800
2016-10-24,48.2049,48.9315,48.116,48.5979,1402400
2016-10-25,46.433,49.6506,46.433,48.9834,1843800
2016-10-26,48.4941,51.3484,48.4199,51.3187,2070400
2016-10-27,51.556,51.556,50.7775,51.2891,1080600
2016-10-28,51.43,51.8896,50.6218,51.1112,899200
2016-10-31,51.215,51.7562,51.0667,51.4448,936600
2016-11-01,51.467,51.897,50.9184,51.3187,758900
2016-11-02,51.1186,51.645,50.8146,50.9925,693500
2016-11-03,51.2891,51.6005,51.037,51.1705,825100
2016-11-04,51.2372,51.897,50.7998,51.126,664800
2016-11-07,52.0305,53.0091,51.7117,52.9646,866600
2016-11-08,52.5791,54.4252,52.2232,54.1286,994300
2016-11-09,53.2908,56.716,52.8905,56.6567,1503500
2016-11-10,57.0793,59.3183,56.9829,58.9105,1594200
2016-11-11,58.6807,59.2516,57.1757,57.6576,1456300
2016-11-14,58.1543,59.4221,58.006,58.8586,1466700
2016-11-15,57.7095,58.9847,57.4723,58.8512,766700
2016-11-16,58.1543,58.9254,57.7243,58.4286,655300
2016-11-17,58.6896,59.0549,57.4743,58.6747,602500
2016-11-18,58.6747,59.0325,58.4361,58.7194,401100
2016-11-21,59.2413,59.4202,58.3839,58.6747,638600
2016-11-22,58.958,59.2637,58.2274,58.9058,566600
2016-11-23,58.6299,60.2925,58.6299,60.0838,458500
2016-11-25,60.3149,60.8442,60.0167,60.8069,351700
2016-11-28,60.6504,60.7026,58.9505,59.0623,785400
2016-11-29,58.958,59.1518,58.5479,58.5778,487000
2016-11-30,59.122,59.6141,58.2721,58.3765,901000
2016-12-01,58.7418,59.4277,58.4137,59.3755,768400
2016-12-02,59.4128,59.4724,58.8983,59.0847,388000
2016-12-05,59.5693,60.2329,59.3531,59.8526,659800
2016-12-06,59.711,61.2095,59.4202,61.135,551800
2016-12-07,61.2915,63.1629,60.7995,63.051,648600
2016-12-08,63.1331,63.6848,62.1191,63.1405,391200
2016-12-09,63.0212,63.4387,60.9859,61.3139,659800
2016-12-12,61.5749,61.5898,60.0241,60.6131,480000
2016-12-13,61.0754,61.0754,59.3382,60.2478,472100
2016-12-14,60.0092,60.8144,59.2786,59.6663,761800
2016-12-15,58.697,59.3308,57.4594,57.7055,1494700
2016-12-16,57.9962,58.1901,56.8555,57.1388,1294800
2016-12-19,57.2805,58.2721,56.7437,57.5638,463300
2016-12-20,57.7726,58.5107,57.5265,57.8248,383900
2016-12-21,57.8322,58.0037,56.863,57.37,408500
2016-12-22,57.3551,57.6011,56.3187,56.6319,400100
2016-12-23,56.7064,56.945,56.3709,56.7661,271000
2016-12-27,56.9599,57.6384,56.6021,57.206,357700
2016-12-28,57.2208,57.2805,55.8267,56.0503,325800
2016-12-29,56.1845,56.7288,55.9982,56.2144,280500
2016-12-30,56.4008,56.438,55.2974,55.4987,409700
2017-01-03,55.9385,56.781,55.0811,56.1771,808800
2017-01-04,56.4529,56.7884,55.6552,56.7511,598500
2017-01-05,56.5126,56.9525,55.4017,56.2218,521000
2017-01-06,56.2069,56.8481,55.8938,56.6841,564500
2017-01-09,56.4082,56.5797,55.6254,56.1473,555700
2017-01-10,56.2591,56.945,56.0503,56.3858,352600
2017-01-11,56.535,57.0717,56.1995,57.0196,374400
2017-01-12,56.9823,57.2059,55.9012,56.8182,378200
2017-01-13,57.2059,57.7278,56.9823,57.4296,449400
2017-01-17,56.863,57.4296,55.7223,55.9161,396900
2017-01-18,55.9162,56.6393,55.6179,56.4828,451100
2017-01-19,56.8705,57.0568,55.096,55.2377,571700
2017-01-20,55.3793,55.8565,55.275,55.6701,378700
2017-01-23,55.6179,56.0652,55.1035,55.7894,449800
2017-01-24,56.028,57.3774,55.6552,57.0121,566600
2017-01-25,57.2581,58.5181,57.2581,58.369,590100
2017-01-26,58.1677,58.4883,57.4594,57.6533,429200
2017-01-27,57.6309,58.2199,57.1388,58.1975,315100
2017-01-30,57.6384,58.2795,57.0718,58.1901,747300
2017-01-31,58.026,58.1677,56.9524,57.8546,564400
2017-02-01,58.1528,59.0922,57.1612,58.0335,1008900
2017-02-02,55.2079,55.9162,52.8892,53.5378,3022600
2017-02-03,53.6124,55.4315,53.5677,55.178,1655400
2017-02-06,54.7158,56.0652,54.7158,55.3421,1118500
2017-02-07,55.4912,56.0205,55.0662,55.4166,747000
2017-02-08,55.2824,55.6328,54.3729,55.4017,722000
2017-02-09,55.4017,56.6543,55.4017,56.2591,663500
2017-02-10,56.6319,57.3103,56.453,57.027,539000
2017-02-13,57.0643,58.0782,57.0643,57.534,616200
2017-02-14,57.2358,57.7875,57.0345,57.109,609500
2017-02-15,57.2432,59.0251,57.2432,58.4957,946400
2017-02-16,58.9081,58.9081,57.2661,57.9334,907400
2017-02-17,57.5286,58.1434,57.3936,57.8585,603700
2017-02-21,58.0084,58.4807,57.6185,57.7235,689500
2017-02-22,57.2812,58.1134,57.0337,57.5586,573700
2017-02-23,58.1434,58.1434,55.3843,56.224,971600
2017-02-24,55.4967,56.9737,55.1893,56.8838,947100
2017-02-27,56.8838,57.6335,56.8838,57.2812,776100
2017-02-28,57.2212,57.3412,56.8088,57.0937,480200
2017-03-01,57.7835,58.8481,57.7835,58.3233,575500
2017-03-02,58.1508,58.3533,57.3561,57.4461,501200
2017-03-03,57.1987,57.791,56.8163,57.626,412200
2017-03-06,57.0337,57.9634,57.0337,57.5886,678000
2017-03-07,57.2437,57.8885,57.0112,57.0337,620000
2017-03-08,57.2586,57.2811,56.5389,56.7038,533800
2017-03-09,56.6439,57.2886,55.7441,56.224,499500
2017-03-10,56.7113,57.2362,56.4339,57.1087,419800
2017-03-13,57.1087,57.566,56.179,56.3589,580400
2017-03-14,55.9841,56.1115,54.9719,55.9691,611900
2017-03-15,56.1415,57.5286,55.9166,57.2512,599500
2017-03-16,57.3636,57.6335,56.3964,56.7113,490600
2017-03-17,56.8688,56.9513,56.0366,56.4039,672300
2017-03-20,56.4489,56.4489,55.4217,55.5942,541200
2017-03-21,55.8716,55.8716,53.6973,54.4771,654200
2017-03-22,54.4996,55.1444,54.1772,54.7245,574000
2017-03-23,54.7395,55.2568,54.4771,54.612,485600
2017-03-24,54.612,54.9869,53.8548,54.2746,420600
2017-03-27,53.3,54.7095,53.15,54.6645,623200
2017-03-28,54.4621,56.6963,54.4621,56.209,724500
2017-03-29,55.9766,56.5539,55.7367,56.3365,282100
2017-03-30,56.3964,56.8988,56.3664,56.6664,311700
2017-03-31,56.4489,57.0562,56.374,56.5614,285300
2017-04-03,56.5914,57.0487,55.6992,55.8191,434700
2017-04-04,55.7966,56.2615,55.4593,56.0516,292900
2017-04-05,56.3065,57.1537,56.2165,56.314,692600
2017-04-06,56.2165,57.4686,55.8941,57.0487,567700
2017-04-07,56.9063,57.0112,56.3815,56.5539,438800
2017-04-10,56.8613,58.3533,56.8613,58.0684,542000
2017-04-11,57.8434,57.8434,56.8913,57.4986,499700
2017-04-12,57.3936,57.3936,55.7816,55.8641,542900
2017-04-13,55.7517,56.164,55.0619,55.1818,429400
2017-04-17,55.3768,56.2765,55.1668,56.239,489400
2017-04-18,55.9091,56.2465,55.6617,56.0665,298500
2017-04-19,56.4414,56.8763,56.104,56.2015,339100
2017-04-20,56.6963,57.5735,56.4039,57.4536,470000
2017-04-21,57.2661,58.2933,57.0337,58.2183,714800
2017-04-24,59.1405,59.7028,58.9606,59.4404,980800
2017-04-25,54.0947,54.3496,51.1332,51.1931,4073300
2017-04-26,51.1557,51.4706,50.4209,51.0507,1764000
2017-04-27,51.0132,51.808,50.5859,51.4556,1032500
2017-04-28,51.4855,51.553,50.5259,50.9157,829600
2017-05-01,51.1032,51.3281,50.4584,51.0357,694700
2017-05-02,51.1107,51.5905,50.5784,51.5455,625200
2017-05-03,51.4781,51.5755,50.7508,51.3431,673300
2017-05-04,51.4781,51.643,50.8633,51.2606,416200
2017-05-05,51.3656,51.598,51.1632,51.508,427700
2017-05-08,51.493,51.5455,50.5184,50.7808,595300
2017-05-09,50.6983,51.0132,50.4359,50.5708,415400
2017-05-10,50.4209,50.6533,50.0835,50.2859,443900
2017-05-11,50.1585,50.316,49.4612,49.9036,479400
2017-05-12,49.7761,49.7911,48.7714,48.9889,626300
2017-05-15,49.1238,49.8736,49.1238,49.4462,650800
2017-05-16,49.4312,49.4837,48.9064,49.2363,493300
2017-05-17,49.2363,49.2363,47.2944,47.6843,706600
2017-05-18,47.5258,48.1902,47.2011,47.5937,522400
2017-05-19,47.7749,48.3713,47.556,47.9485,452300
2017-05-22,48.3185,48.4846,47.7673,48.2656,454500
2017-05-23,48.3185,48.8545,48.1222,48.7413,1074400
2017-05-24,48.9829,50.1984,48.477,50.0323,1065100
2017-05-25,50.1531,50.9383,50.0549,50.4702,684000
2017-05-26,50.3192,50.4551,49.2698,49.685,511800
2017-05-30,49.6321,50.3645,49.1943,49.9794,358400
2017-05-31,49.9794,50.1833,49.466,50.1455,544100
2017-06-01,50.2588,50.7193,49.7227,50.2965,601100
2017-06-02,50.3947,50.7873,50.0247,50.3569,460400
2017-06-05,50.2059,50.9458,50.0549,50.289,507800
2017-06-06,50.1229,50.44,49.7303,49.8964,313000
2017-06-07,50.1455,50.5759,49.7907,50.1304,458500
2017-06-08,50.1304,50.1304,49.1037,49.1565,1718700
2017-06-09,49.3604,49.534,48.394,49.4057,1580500
2017-06-12,49.4812,50.6363,49.4812,50.3418,1242500
2017-06-13,50.5004,51.3233,50.1455,51.0742,1398200
2017-06-14,51.2629,51.4592,50.6438,50.9458,896800
2017-06-15,50.5759,51.2629,50.5079,51.1421,990300
2017-06-16,51.0288,51.0968,50.1833,50.6966,9940400
2017-06-19,51.1799,51.5875,50.5079,51.4516,939700
2017-06-20,51.1421,51.1799,50.6514,50.8854,671700
2017-06-21,51.0213,51.0968,50.2965,50.8552,612100
2017-06-22,50.8477,51.2402,50.0323,51.0892,534400
2017-06-23,51.1798,51.8669,50.8854,51.7234,956800
2017-06-26,51.9424,52.5766,51.6932,52.3954,487500
2017-06-27,52.4029,52.871,52.0481,52.5463,575000
2017-06-28,52.9918,54.0941,52.9238,53.9431,1179600
2017-06-29,54.3205,54.5923,53.626,54.245,644200
2017-06-30,54.2904,54.6301,53.7996,54.3432,580400
2017-07-03,54.5999,55.4077,54.5017,55.2341,296800
2017-07-05,55.2643,55.5285,54.7584,55.0453,787100
2017-07-06,54.8792,55.302,54.3658,54.766,1265500
2017-07-07,55,55.7927,54.8415,55.6493,807900
2017-07-10,55.4832,56.0796,55.2416,55.8833,680700
2017-07-11,55.8078,55.8682,54.9245,55.5587,813100
2017-07-12,55.9287,56.8271,55.6342,55.6871,725400
2017-07-13,55.8607,56.1853,55.4983,55.7248,641200
2017-07-14,56.0419,56.2005,55.453,55.5285,693500
2017-07-17,55.4379,55.5512,54.8717,55.2114,1163500
2017-07-18,55.1284,55.2945,54.766,55.0755,645000
2017-07-19,55.1057,55.2945,54.8943,55.1812,488800
2017-07-20,55.3926,55.3926,54.2677,54.698,701200
2017-07-21,54.3658,55.1586,53.8223,54.7207,669800
2017-07-24,54.7207,54.8792,54.3507,54.615,856000
2017-07-25,55.1963,56.4345,55.1133,55.521,1537600
2017-07-26,57.0007,58.405,55.8985,57.7255,1399200
2017-07-27,58.1256,58.1256,55.0227,55.2416,1064200
2017-07-28,55.1586,55.4228,54.5018,54.8943,695500
2017-07-31,55.1208,55.1888,54.6225,54.9321,713700
2017-08-01,55.1812,55.1812,53.2032,53.4448,1631200
2017-08-02,53.256,54.0714,53.0295,53.7996,1117100
2017-08-03,53.8072,54.2828,53.7166,54.1846,522900
2017-08-04,54.3583,55.0302,54.1394,54.8264,1692200
2017-08-07,54.9396,55.4983,54.6452,55.3549,486500
2017-08-08,55.2039,55.8607,54.7811,54.8188,468900
2017-08-09,54.547,54.917,54.2224,54.9019,381500
2017-08-10,54.6678,54.9245,53.9204,53.9657,629700
2017-08-11,53.6637,55.2567,53.6411,54.9925,550900
2017-08-14,55.4228,56.2608,55.2945,55.8984,379600
2017-08-15,55.9211,56.1853,55.5738,55.9135,483200
2017-08-16,56.1854,56.5175,55.6342,55.7097,564600
2017-08-17,55.5882,55.968,54.8816,54.9272,423900
2017-08-18,54.8284,55.2919,54.5322,54.6537,421400
2017-08-21,54.6309,54.9652,54.5017,54.6765,697000
2017-08-22,55.0412,55.7325,54.8664,55.6641,406800
2017-08-23,55.3147,55.8693,55.1551,55.6717,327400
2017-08-24,55.9072,56.0516,55.3071,55.4742,353200
2017-08-25,55.8009,56.9329,55.5958,56.4467,425900
2017-08-28,56.6973,57.3507,56.629,57.1684,386400
2017-08-29,56.7961,58.9689,56.7961,58.7941,735200
2017-08-30,58.7941,59.9565,58.665,59.6678,827900
2017-08-31,59.7362,59.9489,58.5434,58.9537,791200
2017-09-01,59.4247,59.7894,58.9689,59.4171,654600
2017-09-05,59.4171,59.797,58.9385,59.6678,577100
2017-09-06,59.8197,60.154,59.2652,59.5614,1367400
2017-09-07,59.6526,60.116,59.5615,60.0173,531100
2017-09-08,59.9413,60.2072,59.6754,60.0932,600700
2017-09-11,60.4199,60.4199,59.6526,60.0932,457400
2017-09-12,60.2528,60.625,59.9565,60.5643,377700
2017-09-13,60.5111,60.5111,59.5767,59.7438,495000
2017-09-14,60.9289,61.681,60.2908,60.3895,861700
2017-09-15,60.3591,60.5719,59.8653,60.3667,581400
2017-09-18,60.625,61.1037,60.5491,60.6402,670000
2017-09-19,60.7694,60.8682,60.2376,60.6478,410100
2017-09-20,60.701,61.6735,60.663,61.5899,541300
2017-09-21,61.6431,62.2736,61.4,62.1065,423400
2017-09-22,62.1141,62.7902,61.9697,62.7294,335700
2017-09-25,62.5547,62.8814,62.3648,62.6763,310500
2017-09-26,62.6687,63.7323,62.6687,63.2688,414100
2017-09-27,63.6259,63.9982,63.2157,63.8386,342800
2017-09-28,63.7627,63.9602,63.4132,63.8234,302200
2017-09-29,64.059,64.568,63.8386,64.2337,393200
2017-10-02,64.5755,64.9554,63.7854,64.492,602200
2017-10-03,64.5604,64.8187,64.1577,64.4616,398700
2017-10-04,64.3248,64.3932,63.0257,63.0485,844900
2017-10-05,63.0105,63.5727,62.7902,63.322,466500
2017-10-06,63.2005,63.7626,63.1549,63.3372,393400
2017-10-09,63.4056,63.7475,62.8206,63.2461,233000
2017-10-10,63.7323,63.8538,63.3828,63.6563,330500
2017-10-11,63.8007,64.021,63.2613,63.3752,342700
2017-10-12,63.1549,63.9526,62.9802,63.7095,366800
2017-10-13,64.1957,64.2413,61.4,61.5595,736400
2017-10-16,61.6962,61.9697,59.759,60.4807,730600
2017-10-17,60.3592,60.7998,59.7742,60.6251,806300
2017-10-18,60.9745,62.1445,60.8529,62.0381,787800
2017-10-19,61.5671,62.9574,61.21,62.8814,799600
2017-10-20,63.1929,63.7323,62.7902,63.5499,615600
2017-10-23,63.474,63.6031,62.5623,63.0105,857400
2017-10-24,63.869,64.3856,61.5443,62.2205,1415300
2017-10-25,62.4711,63.3448,61.7114,61.9166,787700
2017-10-26,62.1521,63.3828,62.1521,63.1549,633500
2017-10-27,63.2081,64.3857,62.8282,64.021,839600
2017-10-30,63.6943,63.7702,62.1445,62.4028,662600
2017-10-31,62.2736,62.4332,61.5747,61.5975,1126000
2017-11-01,62.1521,62.6155,61.9317,62.0913,736400
2017-11-02,62.1293,63.0181,61.7494,62.9725,742900
2017-11-03,63.0561,63.284,62.2508,62.5547,435500
2017-11-06,62.5395,62.8282,62.0989,62.7522,431800
2017-11-07,62.5927,62.7598,61.3316,61.4076,649300
2017-11-08,61.172,61.2632,60.5643,60.9365,737400
2017-11-09,60.6326,60.8757,59.8425,59.9489,659600
2017-11-10,59.5083,60.1009,59.4703,59.9565,386600
2017-11-13,59.6678,60.5111,59.6222,60.2832,603100
2017-11-14,60.2528,60.6251,60.1312,60.2452,574700
2017-11-15,60.0249,60.0553,59.1664,59.2348,326100
2017-11-16,59.2652,61.1264,58.9081,60.9821,921300
2017-11-17,60.6077,60.6077,58.155,58.3384,1066600
2017-11-20,58.3766,58.9267,58.2008,58.5599,570500
2017-11-21,58.8809,59.3317,58.5141,59.2706,439400
2017-11-22,59.324,59.6297,59.1177,59.24,343700
2017-11-24,59.4463,59.5762,58.9955,59.0643,190500
2017-11-27,59.049,59.3852,58.7662,59.1101,582100
2017-11-28,59.1483,60.9897,59.049,60.8981,522100
2017-11-29,60.9745,62.0442,60.5924,61.9449,462800
2017-11-30,62.2887,63.2515,61.9372,63.0222,665300
2017-12-01,62.8618,62.9382,60.6077,62.9229,647500
2017-12-04,63.2285,63.9315,62.2428,62.2811,967500
2017-12-05,62.3269,62.5714,61.3871,61.4482,620200
2017-12-06,61.5246,62.0595,61.303,61.494,363100
2017-12-07,61.7233,62.9764,61.4941,62.7013,486600
2017-12-08,63.1139,63.3967,62.7166,63.0222,348400
2017-12-11,63.0452,63.1674,62.2505,62.4492,614800
2017-12-12,62.7166,62.8465,62.2505,62.4721,437500
2017-12-13,62.2199,63.2973,62.2199,62.6707,601500
2017-12-14,63.0987,63.0987,61.7921,61.9449,517700
2017-12-15,62.0518,62.984,61.9449,62.3193,699500
2017-12-18,62.5943,63.3966,62.4721,63.3049,681600
2017-12-19,63.3202,64.3059,63.1598,64.1913,572400
2017-12-20,64.6803,65.3298,64.176,64.176,448300
2017-12-21,64.3365,64.3365,63.3737,63.9773,433800
2017-12-22,64.1684,64.8866,63.6412,64.7949,204200
2017-12-26,64.7949,65.4062,64.4205,64.5046,207100
2017-12-27,64.581,64.9783,64.2448,64.963,256800
2017-12-28,64.8026,64.9783,64.1913,64.9248,242500
2017-12-29,65.1006,65.5361,64.2906,64.3135,232400
2018-01-02,64.9478,66.3308,64.6192,66.0175,647300
2018-01-03,66.2009,67.0184,66.0786,66.7892,541600
2018-01-04,67.24,67.4387,66.1856,66.6746,409700
2018-01-05,67.1254,67.3164,66.1856,66.4377,371000
2018-01-08,66.3766,66.9267,66.2849,66.8427,287700
2018-01-09,66.8427,67.5609,66.8274,67.2859,333200
2018-01-10,67.133,67.133,66.4835,66.6058,489600
2018-01-11,67.24,68.4702,66.5371,68.2333,562600
2018-01-12,68.6918,68.7758,68.0881,68.6307,350600
2018-01-16,68.7071,68.7835,67.2324,67.6373,416100
2018-01-17,68.0117,68.0499,67.2018,67.9888,417100
2018-01-18,67.9048,68.4779,67.5457,67.9354,416500
2018-01-19,67.7596,68.0194,67.24,67.8666,741500
2018-01-22,67.5915,68.7453,66.8503,68.4626,322800
2018-01-23,68.6689,68.9668,67.5074,67.622,610200
2018-01-24,67.6679,68.1722,67.0414,67.6908,382200
2018-01-25,67.7673,67.7749,67.0949,67.3929,312100
2018-01-26,67.6297,68.0423,67.1101,67.9583,549600
2018-01-29,67.6144,68.3632,67.5839,67.943,403000
2018-01-30,65.1388,67.4845,65.1388,66.2696,598200
2018-01-31,66.6746,67.8207,66.1703,66.4988,558900
2018-02-01,66.1321,67.3393,66.1091,66.644,367200
2018-02-02,66.1168,66.2314,63.9697,64.2677,575500
2018-02-05,63.7405,64.8026,61.7156,61.7156,507800
2018-02-06,60.5007,63.5571,59.9353,63.4119,576400
2018-02-07,63.3966,65.0012,62.9687,64.2295,486400
2018-02-08,64.2142,64.2677,60.8828,60.9133,581200
2018-02-09,61.3641,62.1435,59.538,61.6392,575900
2018-02-12,62.1512,63.5113,61.5705,63.0299,562300
2018-02-13,62.7471,64.1225,62.2734,63.7557,529400
2018-02-14,63.0452,64.6803,63.0146,64.5581,342000
2018-02-15,64.9478,65.0471,63.0528,64.7491,1182800
2018-02-16,63.0193,63.0193,58.7447,58.7601,2034900
2018-02-20,57.9912,58.491,57.2916,57.7375,1067000
2018-02-21,57.8836,59.1445,57.4223,57.4454,824300
2018-02-22,57.3685,58.9061,57.1148,57.1609,769700
2018-02-23,57.5377,57.9067,56.6843,57.307,537300
2018-02-26,57.5838,58.5909,57.3301,58.491,583200
2018-02-27,58.6524,59.2905,57.1379,57.1379,621200
2018-02-28,57.1763,57.3762,55.6233,55.6387,847800
2018-03-01,55.8924,56.9995,55.3312,56.2691,757100
2018-03-02,55.7924,56.3383,54.7699,56.2153,434000
2018-03-05,55.8078,56.3306,54.9468,55.9231,729600
2018-03-06,56.0923,56.4767,55.7771,56.3921,699700
2018-03-07,55.7617,56.5151,55.3158,55.4081,631900
2018-03-08,55.6233,57.1686,55.3542,57.1148,828500
2018-03-09,57.6376,58.8754,57.2839,58.8139,674500
2018-03-12,58.6909,59.1983,58.1835,58.4756,494500
2018-03-13,58.5909,59.4827,58.3526,58.5371,499300
2018-03-14,58.9446,59.0753,57.3993,57.6299,466500
2018-03-15,57.676,57.9682,56.9918,57.43,758000
2018-03-16,57.2532,58.1758,57.2532,57.8144,757000
2018-03-19,57.5607,58.3833,57.4685,58.0066,545800
2018-03-20,58.0758,58.5141,57.9144,58.3757,350600
2018-03-21,58.3987,59.5289,58.3987,58.6524,454900
2018-03-22,57.9913,58.3526,55.8002,55.8232,735300
2018-03-23,55.8463,56.2461,54.6854,54.7776,483900
2018-03-26,55.7387,55.8078,53.8474,55.139,594500
2018-03-27,55.4542,55.5695,53.832,54.0703,481600
2018-03-28,54.1703,55.139,53.4168,54.7161,381800
2018-03-29,55.1467,56.4613,55.1467,55.9616,464300
2018-04-02,55.977,56.4459,54.1472,54.8314,391200
2018-04-03,55.6771,56.692,55.0621,56.4152,683600
2018-04-04,55.4388,56.1999,54.9698,56.1154,756400
2018-04-05,54.9083,56.223,53.9627,55.9539,914100
2018-04-06,55.4158,55.6387,52.8556,53.7628,582300
2018-04-09,54.1626,54.67,53.7705,53.8935,412600
2018-04-10,54.078,55.6848,54.078,55.1774,476300
2018-04-11,54.8622,55.2927,54.4855,54.6854,364700
2018-04-12,55.016,55.9309,54.7623,55.5541,420600
2018-04-13,56.0154,56.0538,55.1851,55.4234,312300
2018-04-16,55.8463,57.3762,55.3773,57.0149,609900
2018-04-17,57.4915,57.8606,56.5151,57.1302,510000
2018-04-18,57.653,58.9907,57.6145,58.6986,811400
2018-04-19,58.3833,58.7985,57.43,57.653,523200
2018-04-20,57.8529,58.1988,56.7688,56.9303,543200
2018-04-23,57.1763,57.9067,57.0149,57.53,709500
2018-04-24,57.6606,58.1757,51.9868,52.5788,2313100
2018-04-25,52.6019,53.3784,51.7947,52.3098,1138700
2018-04-26,52.2483,52.279,50.6722,51.5486,967200
2018-04-27,51.7331,52.3021,51.0182,52.1637,603200
2018-04-30,52.0714,52.8479,51.5948,51.8408,707400
2018-05-01,51.5948,51.9869,50.7568,51.3949,470200
2018-05-02,51.564,52.1329,50.9028,51.664,492200
2018-05-03,51.5717,51.9638,50.5415,51.6947,441200
2018-05-04,51.3026,52.5173,51.0797,52.1483,641000
2018-05-07,52.3636,52.8479,52.0484,52.3021,556600
2018-05-08,52.0483,53.2169,52.0483,52.402,915300
2018-05-09,52.6711,52.9171,52.1099,52.525,613500
2018-05-10,52.502,52.8864,52.3789,52.771,461000
2018-05-11,52.8863,53.2631,52.2405,52.5019,421600
2018-05-14,52.5558,52.8095,52.2098,52.5097,621400
2018-05-15,52.2098,52.8787,51.9715,52.5327,472500
2018-05-16,52.5019,53.0709,52.3021,52.3866,442000
2018-05-17,52.3866,53.2477,52.3866,52.7633,524500
2018-05-18,52.7633,53.0345,51.8027,52.1281,695900
2018-05-21,52.2598,53.1352,52.2598,53.081,409300
2018-05-22,53.3444,53.4838,52.5077,52.5929,615500
2018-05-23,52.1978,52.9028,51.9035,52.8098,548400
2018-05-24,52.7866,54.2352,52.7246,53.9719,517800
2018-05-25,53.7472,54.0028,53.4528,53.5768,321200
2018-05-29,53.2747,53.6465,52.5697,53.0035,314400
2018-05-30,53.4915,54.119,53.019,53.7085,366800
2018-05-31,53.7162,54.0493,51.888,51.9655,559400
2018-06-01,52.4845,53.2127,52.0894,52.4302,357800
2018-06-04,52.2985,52.8641,50.9429,51.3844,470700
2018-06-05,51.3689,52.3915,50.9351,51.3302,524700
2018-06-06,51.6478,52.0739,50.8576,51.7098,488300
2018-06-07,51.9654,52.5774,51.7563,52.469,723400
2018-06-08,52.3295,53.1584,52.0429,53.1429,1088600
2018-06-11,53.1817,55.3818,53.1817,55.0332,778200
2018-06-12,55.1804,56.0867,54.7001,55.6219,561500
2018-06-13,55.5522,55.6994,54.4599,54.5296,372000
2018-06-14,54.7155,55.4747,54.6613,55.3585,813500
2018-06-15,55.1416,56.7219,54.5916,56.6445,1116200
2018-06-18,56.1719,57.2332,55.7923,57.0473,552300
2018-06-19,56.2959,56.7762,55.436,56.11,503000
2018-06-20,56.3579,57.5276,55.8233,57.303,582600
2018-06-21,57.1867,57.3882,56.1797,56.6057,334700
2018-06-22,56.6832,57.3494,55.893,56.048,715500
2018-06-25,55.6529,55.7846,54.7543,55.2191,507000
2018-06-26,55.3275,55.5987,53.9951,55.1339,501200
2018-06-27,55.1261,55.7923,54.5064,54.5451,483900
2018-06-28,54.2275,54.5839,53.5148,54.367,417700
2018-06-29,55.0564,56.691,54.8627,55.6684,580200
2018-07-02,54.9402,56.4741,54.9402,56.4043,447900
2018-07-03,56.6445,57.1093,55.6374,55.7304,274500
2018-07-05,56.1487,56.1487,55.2191,56.017,402300
2018-07-06,56.0402,57.1093,55.6606,56.7297,289300
2018-07-09,57.2875,58.5657,56.8769,58.527,447200
2018-07-10,58.6974,58.8988,57.4812,58.2481,394100
2018-07-11,58.0544,58.3101,57.2333,57.3804,609300
2018-07-12,57.791,57.791,56.6677,57.4579,330100
2018-07-13,57.5586,58.4727,57.4811,57.8607,514900
2018-07-16,58.4805,58.8213,56.0248,56.6213,542000
2018-07-17,56.3966,57.179,56.3966,56.9853,383700
2018-07-18,57.3262,58.1009,57.0551,57.915,496600
2018-07-19,57.4192,58.4727,57.1558,58.2171,425100
2018-07-20,57.8995,58.2636,57.76,57.8685,372400
2018-07-23,57.8685,58.3953,57.698,58.372,422400
2018-07-24,58.9918,59.3481,56.5205,56.7297,1013400
2018-07-25,57.915,60.8742,55.9241,60.6728,1424300
2018-07-26,60.9207,61.2228,59.7664,60.8665,891400
2018-07-27,60.7658,61.2925,59.5805,59.8594,625800
2018-07-30,59.8826,60.8665,59.4566,59.5495,379700
2018-07-31,59.7045,60.9982,59.7045,60.6573,416600
2018-08-01,60.3629,60.5876,59.5418,59.9601,313400
2018-08-02,59.5805,60.5411,59.5805,60.2545,261000
2018-08-03,60.3939,60.6341,59.596,59.7819,307700
2018-08-06,59.8826,60.4482,59.3946,60.2622,274600
2018-08-07,60.7425,60.8433,60.146,60.5566,275000
2018-08-08,60.4327,61.3468,60.2313,60.8355,340400
2018-08-09,60.7348,61.339,59.7355,59.8362,400000
2018-08-10,59.658,59.7897,58.4882,59.3249,403100
2018-08-13,59.5728,59.7742,58.8911,59.2552,189700
2018-08-14,59.5186,60.2467,59.3791,59.9989,178000
2018-08-15,59.8981,60.4637,58.6122,59.7277,300300
2018-08-16,60.2313,60.8433,59.9369,60.4249,337700
2018-08-17,60.4015,60.8462,60.3157,60.6356,196400
2018-08-20,60.776,61.1816,60.5887,60.932,169400
2018-08-21,61.2518,62.2893,61.2518,61.634,438000
2018-08-22,61.634,61.9305,61.1114,61.3688,403700
2018-08-23,61.283,61.673,60.3157,60.4951,287800
2018-08-24,60.9008,61.0256,60.5965,60.7525,171400
2018-08-27,61.1738,62.0319,61.1348,61.5951,168100
2018-08-28,61.9071,62.1411,61.127,61.4,214800
2018-08-29,61.4936,61.5872,60.5965,61.2752,212300
2018-08-30,61.0412,61.0412,59.9335,60.0193,302700
2018-08-31,59.6683,60.2221,59.481,59.9413,326500
2018-09-04,60.1441,60.6667,59.559,59.7931,428900
2018-09-05,59.754,60.7135,59.5902,60.3781,383100
2018-09-06,60.62,60.932,59.6761,60.3079,392500
2018-09-07,59.8321,60.4795,59.3484,59.5434,341000
2018-09-10,59.559,61.6184,59.4576,61.478,487900
2018-09-11,61.3064,61.6964,60.8852,61.0022,420000
2018-09-12,61.0022,62.1333,60.8383,61.4156,483200
2018-09-13,61.6106,61.6575,60.9242,61.2752,459700
2018-09-14,61.361,62.3673,60.9632,61.0724,542100
2018-09-17,61.1036,61.1036,57.7727,58.6229,708600
2018-09-18,58.8336,59.247,57.8975,59.0442,396500
2018-09-19,59.4576,59.6917,58.4669,58.8492,457600
2018-09-20,59.3562,59.4342,58.1081,58.3187,463200
2018-09-21,58.4981,58.6619,57.7102,57.7337,681400
2018-09-24,57.8663,58.0925,56.3373,56.8054,322500
2018-09-25,56.9302,56.9848,56.2827,56.7195,361300
2018-09-26,56.4309,57.7337,56.3373,57.2032,533900
2018-09-27,57.5074,57.8273,56.9224,57.1408,328800
2018-09-28,56.9614,57.4528,56.6883,57.0004,381100
2018-10-01,57.6556,57.7024,56.899,57.1174,337200
2018-10-02,56.6806,56.9926,55.37,55.4636,565000
2018-10-03,55.7835,56.5401,55.3232,55.9161,670700
2018-10-04,56.1267,56.8833,55.2296,55.3778,527200
2018-10-05,56.4777,56.4777,54.8474,55.4012,731500
2018-10-08,54.9488,55.409,54.2779,55.1126,468700
2018-10-09,55.3154,55.5962,53.9503,54.2311,644900
2018-10-10,54.2623,54.4105,52.2731,52.3433,736600
2018-10-11,52.0625,53.2092,51.7738,52.1795,608800
2018-10-12,52.7411,52.905,51.2512,52.0781,509100
2018-10-15,52.1327,52.9206,52.1015,52.5305,321100
2018-10-16,53.022,53.4198,52.1327,53.3574,292100
2018-10-17,53.4744,53.49,52.1717,52.7802,336600
2018-10-18,52.3745,52.5071,50.3307,50.4711,755400
2018-10-19,50.6583,51.3058,49.9017,50.791,722500
2018-10-22,50.4867,50.8689,49.9485,50.2839,439600
2018-10-23,49.1294,49.418,47.9905,48.8797,635300
2018-10-24,49.0748,49.0826,46.4069,46.5161,729300
2018-10-25,47.5536,48.3727,46.8359,47.5614,1173800
2018-10-26,47.2494,47.2494,42.2491,44.6361,2131700
2018-10-29,44.4879,45.2212,42.1009,42.6859,1364800
2018-10-30,42.7015,44.5503,42.6079,43.3958,817500
2018-10-31,44.1213,44.3553,43.0916,43.1462,816900
2018-11-01,43.3256,44.3475,42.959,44.1057,1392900
2018-11-02,44.4801,45.112,43.6064,43.9184,546300
2018-11-05,44.0979,45.2056,43.2944,44.4333,842800
2018-11-06,44.3241,44.5347,43.8092,44.1681,480800
2018-11-07,44.5503,44.8389,43.1306,44.8155,733500
2018-11-08,44.6751,44.995,44.0745,44.3943,591700
2018-11-09,44.1681,44.3787,43.2242,43.9575,587800
2018-11-12,44.2227,44.3787,43.0526,43.1696,508600
2018-11-13,42.9746,44.5347,42.9746,43.8092,656800
2018-11-14,44.1603,44.8701,43.3334,43.5206,449000
2018-11-15,43.0526,44.3319,42.8654,43.661,871300
2018-11-16,43.6689,43.7949,42.8497,43.1727,565700
2018-11-19,43.0072,43.2987,41.9281,42.2589,1051100
2018-11-20,41.747,41.7706,40.3764,40.8175,931900
2018-11-21,41.0617,42.4638,41.0459,42.0857,419900
2018-11-23,41.81,42.637,41.7548,42.2353,142700
2018-11-26,42.4244,44.173,42.4244,44.0155,1052800
2018-11-27,43.6847,44.11,42.6764,43.086,962100
2018-11-28,43.0939,43.9209,42.1644,43.8737,930500
2018-11-29,44.685,44.8898,44.0076,44.2597,2070500
2018-11-30,44.0864,44.7874,43.9918,44.559,882400
2018-12-03,45.2994,45.8665,44.4881,44.8662,463300
2018-12-04,44.5117,44.622,41.7706,42.1093,1028800
2018-12-06,41.3689,41.5343,40.5733,41.4083,789700
2018-12-07,41.4398,41.9202,40.0849,40.4236,866700
2018-12-10,40.2819,40.5103,39.0925,40.2504,647900
2018-12-11,40.9672,41.2822,40.0613,40.2504,540100
2018-12-12,40.7545,41.2586,40.274,40.2898,542400
2018-12-13,40.7466,40.7466,38.9743,39.0767,613000
2018-12-14,38.5569,39.0295,38.2024,38.6514,552800
2018-12-17,39.0373,39.6517,38.3599,38.7538,632400
2018-12-18,39.4233,39.5493,38.2969,38.4938,623800
2018-12-19,38.8168,39.3918,37.1075,37.2493,736300
2018-12-20,37.0209,37.6038,35.9024,36.6901,839700
2018-12-21,36.5877,36.9342,35.8394,36.2884,1108600
2018-12-24,35.9181,36.4144,35.288,35.5637,393800
2018-12-26,35.7685,37.8716,35.4062,37.8243,591500
2018-12-27,37.0051,37.8558,36.3592,37.8558,463600
2018-12-28,37.8243,38.3521,37.139,37.5565,445900
2018-12-31,37.8007,38.0528,37.0682,37.9267,531500
2019-01-02,37.1312,38.9192,36.7846,38.4466,805800
2019-01-03,38.0527,39.2579,37.8795,38.486,1138700
2019-01-04,39.376,41.0774,39.1397,40.8175,739600
2019-01-07,40.723,41.9439,40.2661,41.2586,990900
2019-01-08,42.0857,42.8182,41.1404,41.2744,889300
2019-01-09,41.487,42.9994,41.109,42.96,648800
2019-01-10,42.8576,43.7949,42.448,43.409,1021700
2019-01-11,43.409,44.3857,42.9364,43.8107,638300
2019-01-14,43.5114,44.3542,43.5035,43.7319,1233900
2019-01-15,43.6216,43.6453,40.8175,40.8963,1207500
2019-01-16,41.172,41.9675,40.786,41.5894,818500
2019-01-17,41.5422,42.9757,41.3059,42.7158,958600
2019-01-18,43.346,44.7401,42.8025,44.6456,1492500
2019-01-22,44.299,44.3621,42.96,43.1805,853700
2019-01-23,43.6216,43.7949,42.0857,42.3141,581200
2019-01-24,42.385,43.4562,42.3614,42.6055,546600
2019-01-25,42.96,43.6138,42.8025,43.3381,477200
2019-01-28,42.8655,43.4641,42.7473,43.3223,446100
2019-01-29,43.5035,44.4251,43.0466,44.1415,511500
2019-01-30,44.5275,45.9059,43.8343,45.2679,1028400
2019-01-31,45.5357,45.7563,45.1576,45.6145,1197700
2019-02-01,45.7956,46.6227,45.4963,45.9689,1223500
2019-02-04,45.9689,46.1658,45.26,46.1422,464400
2019-02-05,46.284,46.8433,46.095,46.3234,406400
2019-02-06,46.347,46.5754,45.9217,46.0083,327900
2019-02-07,45.9295,46.0319,45.0237,45.8586,455800
2019-02-08,45.4806,45.8429,44.5984,45.6223,485300
2019-02-11,45.9295,46.1343,45.4963,45.9768,554500
2019-02-12,46.4494,47.3474,46.4415,46.8984,591000
2019-02-13,47.1977,48.1193,47.0323,47.6703,1088700
2019-02-14,47.6939,50.5926,47.3631,50.1751,1436600
2019-02-15,50.62,51.3191,50.0957,51.184,1092300
2019-02-19,50.898,51.3906,50.4929,50.8504,534200
2019-02-20,50.906,51.5336,50.4055,51.2794,607100
2019-02-21,51.4065,51.478,50.5167,50.763,466000
2019-02-22,50.6994,50.755,50.0957,50.4849,515600
2019-02-25,50.7709,51.2873,50.1195,50.191,599000
2019-02-26,50.048,50.2863,49.2218,49.2536,553300
2019-02-27,49.3251,49.9686,48.8246,49.6746,691700
2019-02-28,49.5793,49.5793,48.9279,49.3807,688100
2019-03-01,49.8494,49.9765,49.2536,49.5158,392700
2019-03-04,49.913,50.334,49.2695,49.7144,432400
2019-03-05,49.5793,49.7144,48.9835,49.2536,448600
2019-03-06,49.2298,49.4125,48.6022,48.6737,407800
2019-03-07,48.5466,48.5466,47.2437,47.7045,558800
2019-03-08,47.1405,47.1405,46.3461,46.9021,1040200
2019-03-11,46.7591,48.4354,46.5923,48.3877,1014800
2019-03-12,48.7372,48.7849,47.9269,48.2844,495300
2019-03-13,48.4671,49.1344,48.1811,48.5466,700600
2019-03-14,48.6101,48.8723,47.6807,48.7928,517900
2019-03-15,48.8326,49.1106,47.9984,48.4115,1542800
2019-03-18,48.3639,49.1583,48.3559,48.8961,697600
2019-03-19,49.1265,49.1265,47.5933,47.641,418000
2019-03-20,47.5695,47.8078,46.6559,47.2755,536300
2019-03-21,47.0849,47.9587,47.0849,47.776,610300
2019-03-22,47.6489,47.6489,46.4334,46.7274,451300
2019-03-25,46.4652,46.918,45.8376,45.9568,658900
2019-03-26,46.2984,46.775,46.1316,46.6082,353300
2019-03-27,46.6877,47.7998,46.6797,47.3391,469300
2019-03-28,47.4106,49.1583,47.3947,48.9517,659700
2019-03-29,49.5475,50.056,49.1821,49.2457,546900
2019-04-01,49.7144,50.7948,49.5158,50.7074,335200
2019-04-02,50.6359,50.8663,49.9527,50.0957,496300
2019-04-03,50.2943,51.0331,50.2625,50.5882,450300
2019-04-04,50.5644,51.5495,50.5564,51.4065,347100
2019-04-05,51.4224,52.0023,51.2714,51.4224,333400
2019-04-08,51.049,51.7639,50.906,51.7322,279600
2019-04-09,51.4224,51.5415,50.7153,50.906,262500
2019-04-10,50.9854,51.5177,50.612,51.1681,198000
2019-04-11,51.192,51.9387,51.0093,51.7957,491000
2019-04-12,52.2088,53.1462,52.0261,52.614,356700
2019-04-15,52.4313,52.8841,51.8037,51.9864,291700
2019-04-16,51.6607,52.2803,51.3032,52.2485,311600
2019-04-17,52.7252,52.9953,51.9387,52.0817,318300
2019-04-18,52.32,52.5584,51.899,52.0897,193000
2019-04-22,52.0499,52.328,51.6686,52.2168,238200
2019-04-23,52.2327,52.6378,51.9467,52.4313,359700
2019-04-24,52.5027,53.742,52.4789,53.3766,519100
2019-04-25,52.757,53.0668,50.5803,50.7709,470000
2019-04-26,50.7709,51.8831,50.5803,51.5494,468000
2019-04-29,51.7481,52.2406,50.9934,52.0261,739900
2019-04-30,51.192,51.613,48.8564,50.048,1358900
2019-05-01,49.9845,50.2625,47.9508,48.1017,729500
2019-05-02,48.0143,48.92,47.3311,48.6578,740300
2019-05-03,48.9199,50.9536,48.9199,50.5723,465400
2019-05-06,49.5952,51.0649,49.4602,50.7392,362400
2019-05-07,49.905,50.1592,48.9597,49.6111,326500
2019-05-08,49.6508,49.8176,48.9358,49.0391,276800
2019-05-09,48.5227,49.1424,47.7681,48.7213,340700
2019-05-10,48.3877,48.3877,47.1643,47.8316,516000
2019-05-13,46.5367,46.6718,45.7661,45.9727,673400
2019-05-14,46.3461,47.8316,46.1236,47.1643,541200
2019-05-15,46.7512,47.5933,46.2984,47.4821,292100
2019-05-16,47.7998,48.777,47.7125,48.1017,418900
2019-05-17,47.7089,47.8933,46.1539,46.2501,415300
2019-05-20,45.2321,46.8753,44.4546,46.0497,559700
2019-05-21,46.4505,46.723,45.8734,46.5547,446800
2019-05-22,46.2661,46.4826,44.7512,45.4325,395700
2019-05-23,44.679,44.8634,43.1721,43.613,416100
2019-05-24,43.9977,44.0137,42.595,43.1481,478900
2019-05-28,42.9557,43.0919,42.2984,42.6992,518500
2019-05-29,42.2102,42.7793,41.8736,42.5469,568900
2019-05-30,42.5068,42.8916,41.601,41.9137,458600
2019-05-31,41.1762,41.1762,40.3025,40.4789,673600
2019-06-03,40.559,41.6491,40.4228,41.0079,810800
2019-06-04,41.9858,43.0439,41.6491,42.9637,882000
2019-06-05,43.2362,43.3484,42.0659,42.4988,541800
2019-06-06,42.3946,42.6591,41.5049,42.2503,359200
2019-06-07,42.3705,43.124,42.2663,42.6511,408900
2019-06-10,43.0439,44.158,43.0439,43.8855,426300
2019-06-11,44.3584,44.9355,44.1981,44.5508,570700
2019-06-12,44.5027,45.0237,44.3664,44.9275,415200
2019-06-13,45.0798,45.7211,44.9436,45.665,265700
2019-06-14,45.673,45.673,44.6229,45.2161,281600
2019-06-17,45.2001,45.6569,44.9676,45.0317,359200
2019-06-18,45.2882,46.2421,45.0077,45.3283,323800
2019-06-19,46.0417,46.0417,45.2722,45.6409,250900
2019-06-20,46.5627,46.5627,45.9776,46.1138,357600
2019-06-21,45.8253,46.3303,45.4325,45.6089,669200
2019-06-24,45.7291,45.7291,43.1561,43.3805,674700
2019-06-25,43.4366,43.645,42.8435,43.4607,444600
2019-06-26,43.8374,44.4867,43.5168,44.3103,457600
2019-06-27,44.5989,45.9375,44.5989,45.2802,439800
2019-06-28,45.4966,47.1398,45.2642,46.731,853600
2019-07-01,47.5085,47.8933,45.7451,46.1138,459700
2019-07-02,45.3684,45.5287,44.2462,44.3825,622400
2019-07-03,44.6871,44.7832,44.142,44.6951,270700
2019-07-05,44.3664,44.8393,43.7172,44.663,278700
2019-07-08,44.2943,44.5748,43.9336,44.5027,388600
2019-07-09,44.0939,44.3424,43.6611,43.8935,327800
2019-07-10,44.0298,44.1981,42.9477,43.1641,423800
2019-07-11,43.1961,43.7332,42.7232,43.5969,395700
2019-07-12,43.9416,46.3864,43.8775,46.1138,400800
2019-07-15,45.9455,46.0497,45.2161,45.4485,239100
2019-07-16,46.0016,47.5967,45.4405,47.1479,440300
2019-07-17,46.3543,46.7471,45.6249,46.0337,448100
2019-07-18,45.8734,46.2581,45.4646,45.665,265400
2019-07-19,45.8092,47.228,45.8012,46.8913,481400
2019-07-22,46.9715,47.1959,46.1299,46.2661,529800
2019-07-23,46.5707,47.2841,46.2581,46.9234,575900
2019-07-24,46.9635,48.3823,46.8913,48.1658,728300
2019-07-25,48.3181,48.5346,46.7791,47.1959,409500
2019-07-26,47.1158,47.6448,46.723,47.3643,351000
2019-07-29,47.3001,47.6128,46.7952,47.5486,501200
2019-07-30,42.8835,43.7252,40.9678,42.7873,1437900
2019-07-31,42.2343,43.3084,40.8957,42.6912,1202400
2019-08-01,42.7794,42.8355,40.2304,40.5991,1112900
2019-08-02,40.1262,40.9758,39.9017,39.9899,584500
2019-08-05,39.1322,39.533,38.1944,38.6593,633700
2019-08-06,38.9559,39.4208,37.9299,38.9078,634300
2019-08-07,38.3227,38.9399,37.7536,38.8517,418600
2019-08-08,39.0521,40.038,38.9559,40.022,705900
2019-08-09,39.7895,40.03,38.6593,38.9479,448200
2019-08-12,38.6513,38.8517,38.1223,38.1784,410700
2019-08-13,38.1864,39.7494,37.7295,38.6513,625900
2019-08-14,38.1784,38.1784,37.3608,37.8177,409200
2019-08-15,37.8257,37.8257,36.8077,37.2966,446100
2019-08-16,37.6618,38.684,37.6618,38.6516,311600
2019-08-19,39.2357,39.7387,38.9436,39.041,423900
2019-08-20,39.0004,39.1221,38.5218,38.6678,399200
2019-08-21,39.3169,39.7469,38.9599,39.4872,281700
2019-08-22,39.6576,39.9984,39.4142,39.5359,210000
2019-08-23,39.2438,39.4467,37.6455,37.8321,623600
2019-08-26,38.2459,38.465,37.6374,38.1161,331700
2019-08-27,38.3595,38.3595,36.5746,36.607,408200
2019-08-28,36.534,38.3108,36.4285,38.2297,458600
2019-08-29,38.6435,39.4061,38.6435,38.8463,338600
2019-08-30,39.1384,39.9335,38.9842,39.0816,690000
2019-09-03,38.8138,39.0491,37.9376,38.4568,673000
2019-09-04,39.0491,40.185,39.0491,39.9821,545300
2019-09-05,40.7691,41.8239,40.6069,41.4831,661600
2019-09-06,41.6859,41.7914,40.9882,41.1748,459800
2019-09-09,41.475,43.552,41.475,43.4952,715500
2019-09-10,43.6493,44.0063,43.0733,43.7954,761000
2019-09-11,43.9414,44.4201,42.8056,44.4039,479300
2019-09-12,44.1442,44.5175,42.7569,43.2031,497800
2019-09-13,43.479,44.3714,43.2193,43.268,512800
2019-09-16,43.0327,44.0631,43.0327,43.479,549800
2019-09-17,43.3086,43.3086,42.3675,43.1463,550200
2019-09-18,42.692,43.1869,42.1727,42.5135,526300
2019-09-19,42.5865,42.9435,42.1971,42.2539,571400
2019-09-20,42.4324,42.6758,41.6048,41.6454,816800
2019-09-23,41.5237,42.1646,41.3046,41.8401,464900
2019-09-24,42.0754,42.6757,40.4852,40.5582,581800
2019-09-25,40.5582,42.7325,40.5582,42.1646,483200
2019-09-26,42.1889,42.1889,41.3776,41.9131,411900
2019-09-27,41.8969,42.3999,41.1748,41.264,339400
2019-09-30,41.4182,42.1403,41.2316,42.0024,268100
2019-10-01,42.2863,42.7893,40.1363,40.4689,339400
2019-10-02,39.9984,40.258,39.1708,39.6252,330600
2019-10-03,39.5197,39.9659,38.6435,39.7144,420600
2019-10-04,39.6008,39.8929,38.6354,39.0654,273500
2019-10-07,38.8463,39.4791,38.4082,39.1221,299800
2019-10-08,38.757,38.8787,38.254,38.3433,339300
2019-10-09,38.7327,39.2357,38.3595,39.1384,483800
2019-10-10,39.3006,39.8848,39.1059,39.5116,473200
2019-10-11,40.2418,41.4912,40.2418,40.9476,384500
2019-10-14,40.7123,40.7448,39.8523,40.4122,445500
2019-10-15,40.2255,41.7346,40.1525,41.4669,384300
2019-10-16,41.4506,42.1727,41.2397,41.3776,437600
2019-10-17,41.5967,42.3025,41.2397,42.0672,410100
2019-10-18,41.8482,42.6514,41.8482,42.554,257600
2019-10-21,42.911,43.6574,42.6433,42.7163,274000
2019-10-22,42.5784,43.6656,41.8969,43.4952,334500
2019-10-23,43.4222,43.6574,42.9191,43.625,333800
2019-10-24,43.479,43.5601,42.9516,43.3167,421000
2019-10-25,43.2599,44.6067,43.0976,44.485,512600
2019-10-28,44.8258,45.1909,44.3227,44.7203,838000
2019-10-29,41.3776,44.1605,39.8767,42.2863,2015800
2019-10-30,42.3431,42.4242,38.9761,39.3006,1407700
2019-10-31,38.6516,39.5846,38.0512,39.4548,1222700
2019-11-01,39.6333,40.7935,38.9193,40.7529,653100
2019-11-04,41.4344,42.9759,41.2154,42.7569,1037000
2019-11-05,43.0733,44.3714,42.8786,43.7629,714800
2019-11-06,43.8522,44.4363,43.2437,44.3876,655600
2019-11-07,44.6229,45.3775,43.3329,43.771,784400
2019-11-08,44.3876,44.6148,43.5033,43.698,699500
2019-11-11,43.195,44.0063,43.0246,43.7548,323100
2019-11-12,43.8197,44.055,43.2842,43.3654,537600
2019-11-13,42.8948,43.2842,41.8644,41.9699,573800
2019-11-14,41.8563,43.1544,41.7184,43.0976,1018000
2019-11-15,43.4994,43.8192,43.0402,43.2206,487600
2019-11-18,42.827,43.0812,42.2941,42.6877,465800
2019-11-19,42.6303,42.6303,41.2527,41.8923,499400
2019-11-20,41.7283,41.9661,40.8755,41.1297,497100
2019-11-21,41.6463,41.8103,40.8427,41.7283,773500
2019-11-22,41.8513,42.7778,41.6791,42.3187,645200
2019-11-25,42.5319,43.9176,42.4499,43.6634,1431800
2019-11-26,43.7044,44.2784,43.2862,43.7372,546900
2019-11-27,43.8192,43.9586,43.2124,43.7208,665900
2019-11-29,43.524,43.729,42.9582,43.0402,294800
2019-12-02,43.1878,43.7208,42.9828,43.0894,749400
2019-12-03,42.4335,42.6303,41.6299,41.7119,709900
2019-12-04,41.9005,43.4092,41.7529,42.1219,566400
2019-12-05,42.2859,42.4581,41.7037,41.9989,607900
2019-12-06,42.7123,43.9176,42.7123,43.8028,1025300
2019-12-09,43.7618,44.344,43.4748,43.8028,653300
2019-12-10,43.647,43.647,42.4171,42.5401,879300
2019-12-11,42.5729,42.7697,41.7529,42.1383,2024100
2019-12-12,42.5647,44.0406,42.3515,43.3846,1282900
2019-12-13,43.278,43.8848,42.4909,42.6877,668300
2019-12-16,43.0812,44.0816,43.0074,43.4666,635900
2019-12-17,43.606,43.8438,43.073,43.3518,1167500
2019-12-18,43.4912,43.4912,42.9582,43.0156,790800
2019-12-19,43.0566,43.9586,42.7532,43.1632,624000
2019-12-20,43.3108,44.4834,42.7532,44.0734,1959200
2019-12-23,44.0816,44.1636,43.6634,43.9668,977300
2019-12-24,44.221,44.385,43.77,44.2046,249700
2019-12-26,44.2374,44.59,43.9914,44.426,391200
2019-12-27,44.4752,44.6474,44.0816,44.18,404500
2019-12-30,44.2046,44.6392,43.934,44.1062,467200
2019-12-31,43.934,44.8524,43.934,44.5326,549000
2020-01-02,44.9426,44.9426,43.8274,44.549,362100
2020-01-03,43.9832,44.2866,43.524,44.1718,396400
2020-01-06,43.8192,44.0488,43.155,44.0324,390600
2020-01-07,43.7454,44.59,43.5404,44.3932,771800
2020-01-08,44.426,44.8032,43.7946,44.303,626400
2020-01-09,44.6802,44.6802,43.9422,44.057,454200
2020-01-10,44.0406,44.4424,43.5568,43.5732,462400
2020-01-13,44.3276,44.9754,44.057,44.221,873300
2020-01-14,44.221,45.7625,44.0734,45.3772,717900
2020-01-15,45.369,46.3857,45.2624,45.9183,762500
2020-01-16,46.4923,47.0499,45.5739,45.8773,684700
2020-01-17,45.7215,45.8609,45.2624,45.369,804400
2020-01-21,45.1476,45.246,44.303,44.5736,638500
2020-01-22,44.754,44.918,43.5404,43.5732,827800
2020-01-23,43.3764,43.5568,42.5893,43.442,675000
2020-01-24,43.4748,43.5486,42.3105,42.4334,1005900
2020-01-27,41.3183,41.6955,40.7197,40.7689,1351600
2020-01-28,40.9739,41.3511,40.4573,40.8345,528100
2020-01-29,41.1133,41.7037,40.9985,40.9985,852500
2020-01-30,40.5311,41.2363,39.9654,40.8591,439300
2020-01-31,40.6049,40.7115,38.76,39.129,1232500
2020-02-03,39.4652,40.0801,39.1782,39.662,707500
2020-02-04,40.4245,40.4901,39.8997,40.1703,379500
2020-02-05,40.9247,42.2531,40.8837,41.5971,527800
2020-02-06,41.7775,41.8595,41.0559,41.2773,599000
2020-02-07,41.0477,41.2281,40.3589,41.0395,576600
2020-02-10,40.6213,40.9411,39.7522,39.9817,740700
2020-02-11,40.1703,41.1215,39.785,40.6541,828800
2020-02-12,41.2445,41.4659,40.9739,41.1543,671800
2020-02-13,37.0545,39.0634,36.7019,36.9069,1939600
2020-02-14,36.7076,36.8321,32.7969,33.3117,2526100
2020-02-18,33.129,33.2785,31.8005,31.9251,1759700
2020-02-19,31.9998,33.212,31.2525,32.9131,1797800
2020-02-20,33.0044,34.1171,32.7637,34.0838,1217200
2020-02-21,33.7185,33.9344,33.0377,33.8596,853400
2020-02-24,32.3651,33.4694,32.0413,33.3117,915600
2020-02-25,33.3698,33.6355,31.95,32.3485,1297000
2020-02-26,32.5395,32.7388,30.6381,30.8955,1220600
2020-02-27,30.4969,31.759,29.3594,30.6381,2299400
2020-02-28,29.6251,31.9251,29.4757,31.5846,1692900
2020-03-02,32.0164,32.0164,30.198,31.1197,1513200
2020-03-03,31.1861,31.3854,29.4591,29.8742,1265800
2020-03-04,30.2395,30.6879,29.4508,30.5717,1222100
2020-03-05,29.6002,30.0818,28.662,28.9194,1153300
2020-03-06,27.732,29.1436,27.5328,28.5873,1171100
2020-03-09,26.636,26.91,25.017,25.6065,1000000
2020-03-10,27.292,28.6952,26.6194,28.2717,1355500
2020-03-11,27.8649,27.8732,26.005,26.196,1477700
2020-03-12,24.278,25.0087,22.8914,23.7466,1332700
2020-03-13,24.9422,25.648,21.8452,25.648,933200
2020-03-16,20.5499,23.1405,20.5499,22.5676,1330800
2020-03-17,22.9578,26.088,21.9531,25.6812,886900
2020-03-18,23.2401,26.7357,22.991,25.9303,1258200
2020-03-19,25.6231,26.9765,23.7383,23.921,939400
2020-03-20,23.9459,24.3029,21.1976,21.9116,1666100
2020-03-23,21.8369,21.895,19.4373,20.8156,1257700
2020-03-24,21.8867,23.7466,21.4301,22.0196,913300
2020-03-25,22.3102,24.0289,21.2059,22.2604,1203400
2020-03-26,22.4928,23.4062,22.0196,23.0741,1542500
2020-03-27,21.6792,22.4928,20.8073,21.9947,854100
2020-03-30,22.003,22.6921,21.0066,21.7539,2412300
2020-03-31,21.6459,22.4928,21.5961,21.9532,2047900
2020-04-01,21.0315,21.4384,20.0102,20.4254,1635600
2020-04-02,20.0601,20.6164,19.2713,19.9272,1746700
2020-04-03,19.8442,20.0601,18.7814,19.0388,1358100
2020-04-06,19.7944,21.6875,19.7612,21.5048,1152700
2020-04-07,22.4928,23.9625,21.8535,22.6921,2197600
2020-04-08,23.0076,24.2199,22.6506,23.9376,739300
2020-04-09,24.3361,26.4036,24.3361,25.9801,1687500
2020-04-13,26.1794,26.2707,24.9754,25.5151,1002300
2020-04-14,26.4534,26.5696,24.9837,25.0502,1066000
2020-04-15,24.4108,24.4108,23.2069,23.4726,555700
2020-04-16,23.539,23.5971,22.2271,22.8416,1246300
2020-04-17,23.6968,24.2531,23.2982,23.4062,735700
2020-04-20,22.8416,23.0491,21.8286,22.0362,593100
2020-04-21,21.4135,22.0528,21.1893,21.8784,651400
2020-04-22,22.4596,22.4596,21.8037,21.8701,872900
2020-04-23,22.2438,23.4809,22.0943,22.9412,642900
2020-04-24,23.3398,23.3398,22.7751,23.182,870600
2020-04-27,23.8711,25.5733,23.4311,25.2162,2084900
2020-04-28,26.1213,26.387,25.4736,25.4902,1369000
2020-04-29,25.4155,29.5089,25.291,28.9692,2792300
2020-04-30,28.2883,29.5172,27.4082,29.3926,2696100
2020-05-01,28.5457,29.1269,27.6573,29.0107,1170000
2020-05-04,28.5042,28.5208,26.0631,27.2173,1947000
2020-05-05,28.0642,28.6869,27.9977,28.1638,775100
2020-05-06,28.5706,28.6703,26.8021,26.8602,1054700
2020-05-07,27.2754,27.9147,26.9516,27.5245,661800
2020-05-08,28.1887,29.7746,28.006,29.4674,957200
2020-05-11,29.3345,29.5338,28.0309,28.0642,884400
2020-05-12,28.197,28.3133,26.5945,26.6111,585800
2020-05-13,26.2458,26.4202,24.3527,24.6931,744300
2020-05-14,24.1701,25.5317,23.1903,25.5151,692700
2020-05-15,25.05,25.7858,24.8639,25.2868,421000
2020-05-18,26.5469,28.4328,26.4793,28.2637,703500
2020-05-19,28.2383,28.3144,26.7161,26.733,441900
2020-05-20,27.1643,27.9,26.4454,26.7245,1023000
2020-05-21,26.6399,27.4518,26.4116,26.4962,1198900
2020-05-22,26.8091,26.826,25.7181,26.3016,468400
2020-05-26,27.7901,29.1686,27.3081,28.7965,1020300
2020-05-27,29.9382,30.4964,28.6781,29.5492,777600
2020-05-28,29.8198,30.0566,28.9572,29.3124,761300
2020-05-29,28.7542,29.3462,28.5512,28.9741,971200
2020-06-01,28.9149,29.989,28.6358,29.9298,577600
2020-06-02,30.2596,31.9595,29.8198,31.1307,1184900
2020-06-03,31.9003,33.4056,31.5958,32.5853,716500
2020-06-04,32.2639,33.6424,31.6973,33.6086,824700
2020-06-05,34.9364,36.6109,34.6573,35.706,977500
2020-06-08,36.6109,37.0253,36.1119,36.594,696300
2020-06-09,35.5284,36.1373,34.8349,35.9174,694900
2020-06-10,35.5707,35.7229,33.8454,34.3951,681300
2020-06-11,32.2978,32.2978,29.6338,29.8875,872800
2020-06-12,31.5704,31.9764,30.2173,31.6466,562400
2020-06-15,30.2511,32.0271,30.175,31.5789,460600
2020-06-16,33.5832,33.5832,32.0779,32.5176,546300
2020-06-17,32.6022,32.8982,32.1032,32.4077,467800
2020-06-18,31.9848,33.1519,31.7734,32.6191,314200
2020-06-19,32.9912,33.1266,31.1476,31.6212,574600
2020-06-22,31.4859,31.6635,30.6571,31.6127,427000
2020-06-23,32.044,32.5938,31.6635,32.3654,485100
2020-06-24,31.9595,31.9595,30.3272,30.3695,506600
2020-06-25,29.9551,30.6148,29.5576,30.5471,451500
2020-06-26,30.2934,30.4879,29.0333,29.4562,1231800
2020-06-29,29.7691,31.1645,29.583,31.0546,818400
2020-06-30,30.9023,31.9172,30.564,31.7227,688600
2020-07-01,32.0863,32.4415,30.6824,30.6994,532700
2020-07-02,31.4774,31.7988,30.767,31.063,355400
2020-07-06,32.5768,34.2513,32.0271,33.6171,1257100
2020-07-07,33.1773,33.5917,32.3654,32.6191,502300
2020-07-08,32.5853,33.1012,32.247,32.9743,423800
2020-07-09,32.8221,32.9659,31.4013,31.7819,803400
2020-07-10,31.8411,33.0504,31.6127,32.9574,624600
2020-07-13,33.2619,33.727,32.4161,32.9489,467700
2020-07-14,33.0166,34.0315,32.4415,34.0145,482700
2020-07-15,34.8772,36.1627,34.6065,36.0189,1141100
2020-07-16,35.8667,37.0337,35.5284,36.8561,727300
2020-07-17,37.076,37.5412,36.6447,36.7716,781900
2020-07-20,36.391,36.6447,34.9025,35.1393,526300
2020-07-21,35.1985,36.6363,35.0548,36.1373,1135300
2020-07-22,36.2388,37.2536,35.9681,36.1796,729800
2020-07-23,35.9259,36.5179,35.7144,35.9428,513500
2020-07-24,35.9343,36.0696,35.4861,35.6806,508900
2020-07-27,35.4607,36.8984,35.1393,36.3741,777100
2020-07-28,36.1204,36.3656,35.3846,35.6637,862300
2020-07-29,37.2452,37.3974,31.1138,32.0948,2594600
2020-07-30,31.5366,32.7375,30.9023,31.8242,1093200
2020-07-31,31.7058,31.7058,29.9298,30.9784,1013800
2020-08-03,30.8516,31.4267,30.1243,30.5387,780600
2020-08-04,30.4034,30.9953,30.268,30.8262,573200
2020-08-05,31.1899,31.655,30.8769,31.0884,800900
2020-08-06,31.0376,31.3083,30.4541,30.471,639000
2020-08-07,30.2342,31.8326,29.989,31.6888,1405200
2020-08-10,31.8833,33.1857,31.8664,32.4077,816000
2020-08-11,32.8982,33.7524,32.5768,32.8813,650100
2020-08-12,33.4902,34.7503,33.1942,33.8369,1027200
2020-08-13,33.5748,33.7693,32.8813,33.042,594600
2020-08-14,32.8728,33.6932,32.3739,33.2703,544600
2020-08-17,33.2957,33.4479,32.8644,32.9912,465800
2020-08-18,32.8898,33.1435,32.5007,32.6107,358400
2020-08-19,32.6022,33.7608,32.6022,33.4648,645600
2020-08-20,33.135,33.524,32.5261,33.1604,506900
2020-08-21,33.2805,34.147,32.9116,33.7781,873700
2020-08-24,33.9497,34.7905,33.6494,34.7047,446200
2020-08-25,34.6189,34.7905,33.8382,34.3701,331900
2020-08-26,34.3958,35.4254,34.2929,35.3396,532700
2020-08-27,35.3911,35.9059,35.2967,35.7257,648800
2020-08-28,35.9831,35.9831,35.2109,35.7,323000
2020-08-31,35.7085,35.7257,35.0479,35.0908,542500
2020-09-01,34.8592,36.4464,34.4044,36.2748,388600
2020-09-02,36.1804,36.7553,35.5455,36.2147,513900
2020-09-03,36.1633,36.4893,34.3701,34.6876,525000
2020-09-04,35.0736,35.4512,33.9068,34.9793,513900
2020-09-08,34.5674,35.0822,33.6666,34.5846,478700
2020-09-09,34.9364,36.2233,34.9192,35.8715,482700
2020-09-10,36.1976,36.1976,34.679,35.4082,466800
2020-09-11,35.5198,35.8715,34.7991,35.4426,374600
2020-09-14,35.6056,36.4292,35.3997,36.3777,399500
2020-09-15,36.7038,36.7038,35.7085,36.3091,418400
2020-09-16,36.7381,37.9993,36.5922,37.433,861900
2020-09-17,36.7724,38.4025,36.249,38.394,987800
2020-09-18,38.7114,38.9945,37.965,38.1795,1127800
2020-09-21,37.3301,37.3987,36.0346,36.678,485300
2020-09-22,36.7724,37.27,36.5922,37.047,544700
2020-09-23,37.0899,37.6218,35.5798,35.8801,396100
2020-09-24,35.4254,35.9059,34.5932,34.9535,615300
2020-09-25,34.7648,35.5369,34.7133,35.1509,321300
2020-09-28,35.9402,36.292,35.597,35.9573,427500
2020-09-29,35.9745,36.3777,35.2195,35.2452,285800
2020-09-30,35.2795,36.5665,35.2795,36.2405,681300
2020-10-01,36.3349,36.8668,35.8287,36.1547,363800
2020-10-02,35.4083,37.8449,35.4083,37.802,378600
2020-10-05,38.1795,39.4578,38.0336,39.4064,369300
2020-10-06,39.8868,41.4312,39.3635,39.4922,780600
2020-10-07,40.333,41.4483,39.9898,40.659,393500
2020-10-08,41.1824,41.1824,40.1099,40.5389,365100
2020-10-09,41.9374,42.3149,40.0413,40.5303,697100
2020-10-12,40.8048,42.5208,40.6504,41.8601,550500
2020-10-13,41.8601,42.3663,41.0108,41.311,384400
2020-10-14,41.4312,42.4865,41.4312,41.9031,379100
2020-10-15,41.1823,43.5074,41.1566,43.4131,320200
2020-10-16,43.2329,43.5675,42.9841,43.0098,428600
2020-10-19,42.8554,43.4731,42.2548,42.3749,399200
2020-10-20,42.6409,43.4474,42.4436,43.1643,285400
2020-10-21,43.293,43.6876,42.6066,42.8811,475100
2020-10-22,43.1299,44.3139,42.924,44.0136,299900
2020-10-23,44.0565,44.3826,43.679,44.2539,240800
2020-10-26,43.8163,43.8678,42.8211,43.5246,323400
2020-10-27,43.3873,43.7219,43.0785,43.1471,341200
2020-10-28,43.4645,44.5027,41.3969,42.4264,1005500
2020-10-29,43.0785,44.0394,42.5808,43.7305,804800
2020-10-30,43.5847,44.0823,41.7143,42.2634,724500
2020-11-02,43.0098,43.619,42.2291,42.6323,862700
2020-11-03,43.5246,45.3435,42.9498,45.0689,857200
2020-11-04,44.3053,45.4636,43.7906,43.9879,529600
2020-11-05,44.2281,45.8926,44.2281,45.5237,592900
2020-11-06,45.6695,46.1929,44.9574,44.9917,341300
2020-11-09,47.1881,48.8955,45.9784,46.2015,672500
2020-11-10,46.3387,47.7544,46.047,47.4198,470800
2020-11-11,47.5999,47.8059,45.9012,47.334,378100
2020-11-12,46.9136,47.4112,45.721,46.1929,468900
2020-11-13,46.7334,48.0118,46.7334,47.8745,355100
2020-11-16,48.844,49.9679,48.355,49.4188,568100
2020-11-17,48.6381,49.8049,48.3549,49.4789,452500
2020-11-18,49.599,51.2291,49.333,49.6333,646400
2020-11-19,49.762,49.8478,48.4579,49.7534,412100
2020-11-20,49.3116,49.7794,48.1161,48.5319,472400
2020-11-23,49.3203,51.2435,48.9477,50.6544,469900
2020-11-24,51.2349,52.8116,51.2175,52.2745,396800
2020-11-25,52.2831,52.9329,51.3821,52.5777,472200
2020-11-27,52.2485,52.9762,52.1705,52.725,123700
2020-11-30,52.5344,52.9675,50.8537,51.3042,642400
2020-12-01,52.2658,53.0975,51.8413,52.517,617000
2020-12-02,52.2398,52.7596,51.6854,52.2831,350400
2020-12-03,52.6297,53.496,52.1878,52.3784,402700
2020-12-04,52.8982,53.47,52.7336,53.4613,275400
2020-12-07,53.4007,53.496,52.1705,52.6643,384400
2020-12-08,52.4131,53.7126,52.4131,53.3574,445600
2020-12-09,53.7126,54.397,52.7249,53.6606,361200
2020-12-10,53.1928,54.0678,52.7249,54.0158,254400
2020-12-11,53.7646,54.5962,53.7472,54.3103,340100
2020-12-14,55.4539,55.6618,52.5257,52.5517,414000
2020-12-15,53.0022,54.7868,53.0022,54.7868,491700
2020-12-16,54.9168,55.2806,54.1891,54.9774,359100
2020-12-17,54.9774,55.2287,53.6346,54.1371,353200
2020-12-18,54.4143,54.9688,53.8425,54.8561,1194800
2020-12-21,53.8772,55.5145,53.6692,55.3413,532000
2020-12-22,55.4799,55.7658,54.8475,55.3066,407000
2020-12-23,55.7744,56.0343,55.168,55.5925,291900
2020-12-24,55.9737,55.9737,54.6915,55.4712,84400
2020-12-28,55.965,56.0603,54.3797,54.5702,315000
2020-12-29,54.7695,54.7782,53.3314,54.3017,323500
2020-12-30,54.2843,54.9341,54.1717,54.2064,248300
2020-12-31,54.1457,54.397,53.4613,53.5046,231100
2021-01-04,54.1197,54.1891,52.4997,53.2101,303800
2021-01-05,53.0108,54.3103,52.8029,54.189,349500
2021-01-06,54.5442,56.5888,54.5442,56.5022,552100
2021-01-07,57.0739,58.3041,56.2769,58.0182,457900
2021-01-08,58.0442,58.8413,57.8796,58.0789,346600
2021-01-11,57.5764,58.9106,57.5244,58.0875,310900
2021-01-12,58.3994,59.7596,58.0182,59.1878,448800
2021-01-13,59.2658,59.5083,57.3425,57.4464,501000
2021-01-14,58.6507,60.3227,58.0529,59.3264,693800
2021-01-15,58.7373,58.9712,57.0393,58.4427,318700
2021-01-19,58.9972,59.8635,58.7286,59.1358,415000
2021-01-20,59.4303,60.5912,59.1358,60.2534,339400
2021-01-21,60.262,60.5999,59.2744,59.361,268500
2021-01-22,58.6593,59.4823,57.6111,59.1185,391400
2021-01-25,58.9539,59.3611,56.6061,58.2088,800100
2021-01-26,58.7113,58.7113,57.3858,57.741,465500
2021-01-27,56.5022,58.1049,55.4712,55.9131,495600
2021-01-28,56.5628,57.2732,55.913,56.6321,317400
2021-01-29,56.5801,56.5801,54.0158,54.2237,587300
2021-02-01,54.9254,55.3499,53.1581,55.0294,287300
2021-02-02,55.6965,56.2509,54.1111,55.9131,365900
2021-02-03,56.1296,56.4242,55.3586,55.965,227700
2021-02-04,56.1383,58.564,55.6965,58.538,429900
2021-02-05,59.2224,59.543,58.1915,58.2608,239900
2021-02-08,58.7633,59.7422,58.6507,59.7422,458000
2021-02-09,59.6036,59.7769,58.6506,59.0665,451300
2021-02-10,59.6643,60.8425,59.0145,59.8982,646700
2021-02-11,56.918,58.4254,54.3796,56.5715,1035700
2021-02-12,56.6064,57.6637,55.3656,56.6588,555500
2021-02-16,57.2443,57.2443,55.2345,55.8724,488700
2021-02-17,55.4617,56.554,54.9025,56.1957,441400
2021-02-18,55.8025,57.1657,55.2957,55.8986,401700
2021-02-19,56.2481,58.555,56.2481,57.9783,391300
2021-02-22,57.7162,59.8046,57.7162,58.2667,534300
2021-02-23,57.856,60.2503,56.8074,59.8833,593500
2021-02-24,60.0755,60.993,58.7036,60.4949,679100
2021-02-25,60.1804,61.0717,58.9745,59.6473,450700
2021-02-26,59.9706,60.8969,58.5725,59.2192,546500
2021-03-01,60.5648,61.7183,60.0056,61.1328,374700
2021-03-02,61.3688,62.5572,60.9493,61.0979,392400
2021-03-03,61.4998,62.531,61.0979,61.963,288500
2021-03-04,62.0416,62.7844,60.1104,61.6222,389300
2021-03-05,62.5135,63.8242,61.229,63.7281,403800
2021-03-08,64.2262,66.935,64.0427,65.1961,472500
2021-03-09,65.4408,66.0263,64.366,65.0563,454300
2021-03-10,65.5195,66.9001,65.4233,66.5069,328200
2021-03-11,66.6991,69.1633,66.6991,68.9798,486900
2021-03-12,69.3555,69.8187,67.0486,67.6254,528000
2021-03-15,67.5817,67.5991,66.035,67.1972,622500
2021-03-16,67.0486,67.0486,65.3709,65.9214,413300
2021-03-17,66.236,66.4894,65.1437,66.4806,537200
2021-03-18,66.6816,68.237,64.9864,65.2835,670600
2021-03-19,65.1087,65.1699,63.4834,64.6456,804700
2021-03-22,64.5058,64.5408,62.9679,63.5533,487400
2021-03-23,62.6708,63.2912,59.8396,60.4862,603200
2021-03-24,61.5872,63.6145,61.5086,61.6047,481500
2021-03-25,61.1328,63.3698,60.4163,63.3174,542300
2021-03-26,64.4184,66.8127,63.9728,66.804,460700
2021-03-29,66.804,67.5555,64.366,64.7854,547700
2021-03-30,64.7942,66.9088,64.7942,66.2447,371400
2021-03-31,65.9913,67.1622,65.1,66.1049,511700
2021-04-01,66.7166,67.2321,65.7204,67.2059,249800
2021-04-05,67.8263,69.2507,67.3807,68.5866,725900
2021-04-06,68.639,69.2507,67.9487,68.1584,443900
2021-04-07,68.1584,68.3069,66.9787,67.3894,364700
2021-04-08,67.2409,67.5642,65.4932,67.5292,488400
2021-04-09,67.5118,67.8875,66.5942,67.4331,407700
2021-04-12,67.739,69.1546,67.4593,68.2021,347400
2021-04-13,67.9749,68.4992,66.0088,66.8214,529900
2021-04-14,66.8739,68.473,66.8651,67.2846,323700
2021-04-15,68.0448,68.7613,67.1622,68.4817,244900
2021-04-16,68.5866,68.7526,67.3545,67.9837,524600
2021-04-19,67.8438,68.0273,66.4544,66.6904,426000
2021-04-20,66.4544,66.7778,63.2125,64.331,560200
2021-04-21,64.3223,65.1175,63.964,64.3572,508300
2021-04-22,64.4883,65.9913,63.8592,64.5408,409600
2021-04-23,64.8815,65.5282,64.4446,65.3359,451400
2021-04-26,65.5369,66.8302,65.467,65.8078,444300
2021-04-27,66.1224,67.6865,65.6592,67.0923,552500
2021-04-28,67.0923,68.7089,66.0874,67.5992,557100
2021-04-29,69.8274,71.6362,68.8574,71.5925,817900
2021-04-30,71.0507,71.444,69.4516,69.7662,800900
2021-05-03,70.7275,71.0857,69.7313,70.142,605300
2021-05-04,70.2556,71.6362,69.9322,71.5838,551400
2021-05-05,71.9508,75.0966,71.8285,74.948,774500
2021-05-06,74.948,76.0752,73.3576,76.0665,457300
2021-05-07,75.3937,76.3811,74.8694,76.2151,448400
2021-05-10,76.4859,78.3384,75.6034,75.6208,447800
2021-05-11,73.9519,74.6509,71.6974,73.7683,609400
2021-05-12,73.2266,73.6635,70.6051,71.1993,637800
2021-05-13,71.9071,74.6684,71.9071,74.1441,611100
2021-05-14,74.7121,75.0004,73.7858,74.3975,543400
2021-05-17,74.3101,75.7345,73.9693,75.4985,334800
2021-05-18,75.7869,76.0228,74.1266,74.1878,431400
2021-05-19,72.4402,73.882,71.4353,73.1654,509400
2021-05-20,72.6411,72.6586,70.3342,70.7711,543100
2021-05-21,71.1671,71.8182,70.7887,71.2727,437400
2021-05-24,71.6863,72.135,70.8327,71.8094,290400
2021-05-25,71.5982,72.3726,70.6567,70.8591,621900
2021-05-26,70.9119,72.1526,69.9968,71.959,526500
2021-05-27,72.8565,73.7892,72.5046,72.6893,716900
2021-05-28,72.7685,72.7685,70.5864,71.9678,324900
2021-06-01,72.8917,74.2116,72.4518,74.1148,406300
2021-06-02,74.5899,74.5899,72.0822,72.4078,494000
2021-06-03,72.0206,73.3845,71.3167,72.9181,343100
2021-06-04,73.4372,73.4372,70.4544,70.9295,538000
2021-06-07,71.0615,71.4047,70.0144,70.5424,517000
2021-06-08,70.6127,71.5894,69.4689,71.2815,361300
2021-06-09,71.2815,71.3871,69.5833,70.0232,585800
2021-06-10,70.1816,70.7447,68.5978,68.6154,527400
2021-06-11,68.9585,70.0496,68.8441,69.8824,488200
2021-06-14,69.8824,69.8824,66.8995,67.1019,735000
2021-06-15,67.1283,69.2225,66.7851,69.0201,528300
2021-06-16,68.7473,69.1609,67.4275,67.5682,718200
2021-06-17,67.5683,68.1402,64.031,64.9989,697400
2021-06-18,64.031,64.4182,63.0455,63.1511,686300
2021-06-21,64.1102,65.1045,63.9606,65.0341,357100
2021-06-22,65.0341,65.6061,64.2862,64.5678,513400
2021-06-23,64.6557,65.7468,64.1806,64.5414,450400
2021-06-24,64.8229,65.2453,63.8286,65.1397,336100
2021-06-25,65.1661,66.4244,64.735,66.222,826100
2021-06-28,65.9404,66.1604,63.4239,64.8845,717500
2021-06-29,65.0253,65.4653,63.943,65.3861,772200
2021-06-30,65.2805,65.7204,64.7701,65.4037,674100
2021-07-01,66.134,67.6826,65.8172,67.1635,893600
2021-07-02,66.266,66.5035,65.1925,65.3069,572100
2021-07-06,65.3069,65.3949,63.4679,64.691,708700
2021-07-07,64.383,65.3509,63.987,64.8141,698200
2021-07-08,63.4151,64.1366,61.8576,63.0895,549100
2021-07-09,64.5325,65.3421,64.1278,64.9901,389700
2021-07-12,64.1278,65.6412,63.6263,65.5445,501200
2021-07-13,65.0957,65.738,64.119,65.0781,620600
2021-07-14,65.65,66.442,64.4006,64.4974,560000
2021-07-15,64.2598,65.5005,63.811,64.3214,660700
2021-07-16,64.4886,64.8669,61.8752,62.4296,1614600
2021-07-19,60.7578,61.5057,59.4643,60.661,873100
2021-07-20,60.9777,63.5823,60.9777,62.2976,1173400
2021-07-21,63.1951,63.5999,62.5264,62.7287,898100
2021-07-22,62.9487,63.7494,61.6729,62.8871,713000
2021-07-23,63.5647,64.8669,62.7024,64.5942,726800
2021-07-26,64.8669,65.7908,63.7318,64.1454,555600
2021-07-27,63.7934,65.4125,63.1599,65.0253,783400
2021-07-28,65.4125,65.7557,62.192,64.6558,682400
2021-07-29,65.9932,68.061,65.5093,67.929,587300
2021-07-30,67.665,68.5889,66.4772,67.0051,740700
2021-08-02,67.2603,69.2401,66.5916,66.6356,776200
2021-08-03,67.1195,68.9585,66.7764,68.9585,642800
2021-08-04,68.2194,68.5978,66.3188,66.3452,527500
2021-08-05,66.8467,68.105,66.4332,67.1547,442900
2021-08-06,67.9466,68.5538,67.2691,67.9202,285700
2021-08-09,67.3923,67.6299,66.1868,66.2748,535700
2021-08-10,66.354,67.6562,65.8612,67.2779,507700
2021-08-11,67.6562,69.8472,66.9347,69.8296,457200
2021-08-12,70.0584,70.296,68.8441,69.6449,328500
2021-08-13,69.6272,70.1728,69.1609,69.8472,230800
2021-08-16,69.3193,69.988,68.325,69.0641,357600
2021-08-17,68.5802,69.1257,66.5828,67.8234,390000
2021-08-18,67.4275,69.1521,66.53,66.6267,498800
2021-08-19,66.0108,66.266,63.5383,64.3214,453900
2021-08-20,64.7471,66.1219,64.3835,65.9888,410500
2021-08-23,66.7428,68.2417,66.725,67.2838,417500
2021-08-24,67.8426,69.1641,67.408,68.3925,497700
2021-08-25,68.694,70.4945,68.6053,70.1486,806100
2021-08-26,69.9801,70.3526,69.7052,70.1309,473800
2021-08-27,70.4324,72.7828,70.326,72.0644,476700
2021-08-30,72.2862,72.5434,71.275,71.754,399000
2021-08-31,71.5589,71.8427,70.1398,70.5034,382600
2021-09-01,70.4413,70.7517,69.5278,69.9978,445200
2021-09-02,70.1841,71.7806,70.0156,71.4258,604800
2021-09-03,71.5323,72.0201,70.5744,70.6897,447200
2021-09-07,70.9291,71.6653,70.6364,71.0267,431300
2021-09-08,71.213,71.3904,68.7029,69.0311,572100
2021-09-09,68.6763,69.0577,67.9579,68.5699,429700
2021-09-10,69.2794,70.0954,69.0577,69.1819,485900
2021-09-13,70.122,70.7517,68.4723,70.6631,559100
2021-09-14,70.6719,70.9824,69.5189,70.1309,525600
2021-09-15,70.5566,72.703,70.2019,72.1531,558100
2021-09-16,72.5434,73.182,70.53,70.8493,510200
2021-09-17,70.9114,71.2485,68.6408,69.6786,928700
2021-09-20,67.6474,68.898,67.0532,68.7029,518600
2021-09-21,69.5366,69.6608,67.4701,67.949,444900
2021-09-22,68.7384,70.4768,68.7384,69.8027,436700
2021-09-23,70.6631,72.2773,70.6631,72.0023,335600
2021-09-24,72.0556,73.5368,71.8693,72.9336,438400
2021-09-27,73.6166,76.5967,73.519,75.5413,423300
2021-09-28,75.5413,76.171,74.2197,74.3971,329900
2021-09-29,74.8583,75.0534,73.794,74.8406,356700
2021-09-30,74.9293,75.0268,73.2529,73.3594,499300
2021-10-01,73.9448,74.1399,72.1886,73.8383,406200
2021-10-04,73.8029,74.947,73.1554,73.6166,356800
2021-10-05,73.8117,74.7253,72.9957,74.0778,495000
2021-10-06,73.0489,73.8827,72.3837,73.7496,359000
2021-10-07,74.6632,75.3461,74.0512,74.2286,374000
2021-10-08,74.2286,74.4592,72.9159,73.794,340500
2021-10-11,74.2641,74.6898,72.7474,72.8183,485000
2021-10-12,72.6764,73.2884,72.1088,73.0578,434000
2021-10-13,72.9425,73.0844,71.6742,72.6055,327500
2021-10-14,73.998,74.6366,73.4481,73.8383,376600
2021-10-15,74.7696,75.1599,74.2641,74.2818,466800
2021-10-18,73.8915,75.426,73.6521,75.426,314900
2021-10-19,75.8517,76.6145,75.4792,76.2774,428600
2021-10-20,76.242,77.6433,75.9138,77.528,326600
2021-10-21,77.7941,78.2997,76.8983,77.9094,480200
2021-10-22,77.9626,79.5148,77.9626,78.8851,408900
2021-10-25,79.231,82.5304,79.1511,80.925,832300
2021-10-26,81.5015,81.8563,80.4993,80.7299,571800
2021-10-27,80.925,81.3419,76.1976,77.0846,1055400
2021-10-28,77.1644,79.027,75.7985,76.8451,1151600
2021-10-29,76.3661,77.1466,74.9027,75.3461,955100
2021-11-01,75.4437,77.9449,75.2042,76.7298,675400
2021-11-02,76.579,77.0047,75.0534,76.5169,748400
2021-11-03,75.8339,78.681,75.1687,78.5037,819800
2021-11-04,78.5037,79.0802,77.0136,77.5192,579500
2021-11-05,78.4682,79.2665,76.8983,77.2353,698900
2021-11-08,77.8828,78.1577,76.9958,77.0579,457500
2021-11-09,76.7919,77.5635,76.4637,77.0934,394500
2021-11-10,76.9604,77.528,75.7985,76.1799,850400
2021-11-11,76.5701,77.0846,76.4371,76.8628,275600
2021-11-12,76.9604,78.7875,76.7209,78.0513,420600
2021-11-15,78.0513,78.4505,76.9693,77.4571,342800
2021-11-16,77.4571,77.5458,76.3395,76.6234,564000
2021-11-17,76.3395,76.6411,73.9004,74.406,715900
2021-11-18,74.4769,75.284,73.9714,74.8317,690700
2021-11-19,74.3762,75.2425,74.1619,75.189,326500
2021-11-22,75.3944,77.4842,75.2693,76.7072,495800
2021-11-23,77.3145,78.2165,76.5286,77.77,428900
2021-11-24,77.4306,78.1718,76.475,77.7074,279500
2021-11-26,74.9478,76.5375,73.8672,76.216,404500
2021-11-29,76.9305,77.77,75.5015,76.1356,493100
2021-11-30,75.5015,75.6355,73.6707,74.1976,895600
2021-12-01,75.9927,76.2964,71.0539,71.1254,788000
2021-12-02,71.9917,72.5275,70.5538,71.0182,971300
2021-12-03,70.9736,71.9292,69.7232,70.8396,692300
2021-12-06,71.7506,73.8583,71.2326,72.3489,617600
2021-12-07,73.3224,74.8496,73.0813,74.3495,507800
2021-12-08,74.4388,74.6978,73.1884,73.2152,411000
2021-12-09,72.474,73.5724,72.1346,72.5186,320000
2021-12-10,72.7866,73.3135,71.3398,72.4561,407300
2021-12-13,72.0989,74.8496,71.9113,74.1262,838000
2021-12-14,73.9744,74.5995,71.5452,72.1435,793900
2021-12-15,72.0274,72.2239,70.661,71.7416,722200
2021-12-16,72.0185,72.9205,70.7503,70.92,533000
2021-12-17,70.6253,70.8396,68.5622,69.8483,853500
2021-12-20,68.6516,69.0802,66.4992,67.687,698600
2021-12-21,68.1782,70.7503,68.1157,70.4109,423500
2021-12-22,70.4109,70.5538,69.625,69.8929,298000
2021-12-23,70.3663,71.1701,70.2234,70.8664,231400
2021-12-27,70.6253,71.7863,70.3216,71.7327,195100
2021-12-28,71.5184,73.0098,71.5184,72.1167,294100
2021-12-29,72.2239,73.0455,71.9202,72.8491,181600
2021-12-30,72.9205,73.5724,72.474,72.8401,358700
2021-12-31,73.0545,74.019,72.5365,73.6171,370100
2022-01-03,74.019,74.8049,72.1703,72.9205,432200
2022-01-04,73.635,75.9481,73.0277,75.3943,563200
2022-01-05,73.76,74.796,71.3576,71.4737,1030300
2022-01-06,71.9292,71.9381,69.8393,70.8575,734900
2022-01-07,70.7592,71.7327,69.5178,69.7233,540000
2022-01-10,69.2945,69.5982,67.5441,69.491,501500
2022-01-11,69.5982,69.8572,68.7766,69.7501,440000
2022-01-12,70.6074,72.3311,70.0448,71.3219,526000
2022-01-13,71.5451,72.3311,70.7949,71.0004,395000
2022-01-14,70.3663,70.9111,68.9195,70.536,302100
2022-01-18,70.0805,70.0805,68.1871,69.2142,574500
2022-01-19,69.2231,69.8662,68.2407,68.8838,479400
2022-01-20,69.4017,69.6518,67.946,68.0175,758700
2022-01-21,67.687,68.2943,66.1599,66.9815,682600
2022-01-24,65.8562,67.946,65.4632,67.7495,740400
2022-01-25,66.7404,67.0708,64.5969,65.6954,690000
2022-01-26,67.0708,67.4459,63.5788,64.3915,530400
2022-01-27,65.0435,65.7758,62.8286,63.1055,659800
2022-01-28,62.9001,64.5791,62.2571,64.5076,361300
2022-01-31,64.0343,65.365,63.2573,65.365,703300
2022-02-01,65.6776,66.8565,64.8202,66.1688,434000
2022-02-02,66.5885,66.66,64.981,66.2313,492200
2022-02-03,66.142,67.1065,64.713,64.713,401600
2022-02-04,64.7041,65.1864,63.2305,64.0789,348900
2022-02-07,64.3915,64.4987,62.9894,63.3556,400500
2022-02-08,63.6771,65.106,63.552,64.7666,1031000
2022-02-09,65.7937,67.2048,65.5883,67.169,680100
2022-02-10,65.9991,67.5798,65.749,66.0437,836000
2022-02-11,66.0616,67.0976,65.0703,65.7222,590900
2022-02-14,66.2938,67.9817,66.2938,66.9636,770000
2022-02-15,67.2941,69.1874,67.2941,68.3658,1008800
2022-02-16,71.7148,74.1172,70.7146,72.0542,1315800
2022-02-17,71.9024,71.9024,69.7947,70.2234,959500
2022-02-18,72.6166,72.7786,69.7645,70.7902,759900
2022-02-22,70.1784,71.0961,68.5949,68.6759,682200
2022-02-23,68.7478,69.4136,66.1656,66.5165,731100
2022-02-24,64.1683,68.253,63.8803,68.0101,653800
2022-02-25,68.154,70.9432,68.0461,69.8005,655600
2022-02-28,68.5679,71.582,68.5679,70.9342,526300
2022-03-01,70.8712,71.6359,68.8828,69.8995,721300
2022-03-02,70.6193,73.3364,70.6193,72.5807,695400
2022-03-03,73.2284,73.6603,72.0048,72.2927,434500
2022-03-04,71.6989,71.9868,70.4213,71.1051,515900
2022-03-07,71.0961,71.3031,68.8288,69.0358,657800
2022-03-08,69.4136,70.2774,67.5512,68.6129,491500
2022-03-09,70.2054,72.2298,69.7645,71.627,491000
2022-03-10,70.2954,71.582,70.1424,71.0421,401300
2022-03-11,71.8159,72.3647,71.0961,71.2491,377500
2022-03-14,71.528,71.6,69.0357,69.7105,668400
2022-03-15,70.0434,71.51,70.0075,70.7092,290400
2022-03-16,70.9881,74.0112,70.9881,73.9392,480200
2022-03-17,73.1385,75.3788,72.8326,75.3698,521800
2022-03-18,74.839,76.0986,73.9032,75.8107,1003200
2022-03-21,75.6217,76.3955,75.2168,75.8826,498300
2022-03-22,76.1885,77.1243,74.9829,75.6307,577300
2022-03-23,74.1372,75.1539,73.2105,73.2734,398200
2022-03-24,73.5973,73.9842,73.0215,73.5524,306700
2022-03-25,73.2824,73.7773,72.1668,72.6886,394800
2022-03-28,72.6976,73.3544,72.1668,73.2465,322400
2022-03-29,73.5884,74.3441,72.8416,73.7683,376900
2022-03-30,73.2734,74.0832,72.6796,73.2645,402300
2022-03-31,72.9945,73.4444,70.4663,71.375,668300
2022-04-01,71.3301,71.7169,65.086,66.5705,1737700
2022-04-04,66.5795,67.0654,65.14,65.4549,1061800
2022-04-05,64.0963,64.915,60.6413,60.9292,1648700
2022-04-06,59.9665,60.3714,57.7352,58.8779,1351900
2022-04-07,58.9499,59.2288,56.8715,57.5103,1121000
2022-04-08,56.8625,58.1221,55.5219,56.7815,1365700
2022-04-11,56.6736,58.59,56.5026,56.6736,881900
2022-04-12,57.1774,58.419,56.1967,56.7006,851400
2022-04-13,57.0514,58.572,56.9525,58.356,746400
2022-04-14,58.2751,58.8059,57.2404,57.6003,604400
2022-04-18,57.3663,58.401,56.9525,57.9422,879500
2022-04-19,58.2751,59.9126,58.2751,59.7236,686000
2022-04-20,60.2635,61.559,60.0655,60.8573,660400
2022-04-21,61.55,61.8469,60.4614,61.1991,570600
2022-04-22,60.9742,61.631,60.2005,60.6953,675700
2022-04-25,60.2814,62.8996,59.7776,62.5757,981800
2022-04-26,61.8829,62.8187,60.8213,61.1452,1330300
2022-04-27,62.8906,62.8906,58.9049,61.4061,1170100
2022-04-28,62.4678,64.6541,61.9459,63.8443,1014200
2022-04-29,63.2325,64.996,62.7557,62.8907,852300
2022-05-02,63.5564,64.5461,62.0899,63.9253,850800
2022-05-03,63.5384,65.7518,63.5294,65.5898,900700
2022-05-04,65.5628,68.172,65.5628,68.127,523100
2022-05-05,67.7042,68.343,65.8687,66.9844,829100
2022-05-06,66.6515,67.5872,65.104,66.8674,1422500
2022-05-09,65.9137,66.5885,64.915,65.5988,646900
2022-05-10,66.6245,67.0294,63.7814,64.2942,1350300
2022-05-11,64.4202,65.8507,63.3135,63.4125,659300
2022-05-12,62.7017,64.3302,62.3958,64.3122,764300
2022-05-13,65.059,76.9263,64.6091,75.2618,6996200
2022-05-16,74.2272,77.5021,74.2092,74.848,2175000
2022-05-17,75.6217,77.8261,75.0549,76.6384,1357100
2022-05-18,76.2065,76.4765,71.1681,72.6526,1449600
2022-05-19,72.1938,73.4624,69.4856,71.8789,1300300
2022-05-20,72.5223,73.0299,70.601,71.9604,832100
2022-05-23,72.187,72.8758,70.32,70.746,1341700
2022-05-24,70.2384,72.1507,69.4318,70.8819,586800
2022-05-25,70.746,72.622,70.3744,70.4288,541200
2022-05-26,70.8276,72.5133,70.6191,71.1357,465600
2022-05-27,71.3804,73.2655,70.6463,72.5949,616100
2022-05-31,71.9514,72.8849,70.7913,72.5224,631800
2022-06-01,72.9121,73.5555,71.8789,72.0964,617900
2022-06-02,72.4136,73.2474,71.8245,72.903,689500
2022-06-03,72.3139,74.4165,71.616,73.9543,508200
2022-06-06,75.6038,76.4648,74.6068,75.9844,776100
2022-06-07,74.7972,75.4316,73.5918,74.7247,399400
2022-06-08,73.909,74.8878,72.7308,73.4196,533600
2022-06-09,73.0661,73.6915,72.0782,72.1145,435100
2022-06-10,70.6825,71.5345,70.0663,70.175,470400
2022-06-13,68.1902,69.2415,67.5467,67.8096,648400
2022-06-14,68.5437,70.7097,68.5437,68.9153,674800
2022-06-15,69.0965,70.2385,68.2718,69.0965,565400
2022-06-16,67.5195,67.728,64.1572,64.846,825700
2022-06-17,65.5257,66.0876,63.8581,65.5801,1339100
2022-06-21,66.5679,67.0483,65.0544,65.1269,1408800
2022-06-22,63.8943,65.2175,63.5771,64.8913,533000
2022-06-23,64.8913,65.6254,62.8612,63.7584,655200
2022-06-24,64.4835,66.5861,63.9578,64.4744,824800
2022-06-27,64.7553,66.5317,64.1662,64.8278,408900
2022-06-28,65.3716,66.287,64.4381,64.6557,286800
2022-06-29,64.7553,64.7553,62.7252,63.8853,303500
2022-06-30,63.1421,64.4472,62.1543,64.4019,582600
2022-07-01,64.3294,65.5619,63.8853,65.3354,319400
2022-07-05,64.0575,64.6375,62.9518,64.6194,260900
2022-07-06,64.8188,65.0544,62.1724,63.5862,669200
2022-07-07,64.3838,65.8701,63.9034,65.5891,402200
2022-07-08,65.8157,66.0423,64.7191,65.571,242600
2022-07-11,64.9366,65.7976,64.6647,65.2266,219800
2022-07-12,65.0635,66.2688,64.4834,65,286400
2022-07-13,64.2931,65.2085,63.4593,64.8913,301000
2022-07-14,64.0937,64.5922,63.4503,64.3747,274100
2022-07-15,65.707,66.4411,65.0816,65.7976,439100
2022-07-18,66.2145,67.4017,64.7191,65.0363,573500
2022-07-19,66.0513,68.154,66.006,68.0633,808000
2022-07-20,68.3171,68.8246,67.5649,68.4984,526000
2022-07-21,68.163,68.2265,67.3836,67.7099,370600
2022-07-22,67.728,68.1268,67.1027,67.6193,253300
2022-07-25,67.7824,67.9093,66.8852,67.6465,313800
2022-07-26,67.3746,67.6646,66.5226,67.2205,258800
2022-07-27,69.595,69.9394,66.6495,69.4047,483300
2022-07-28,70.2747,70.2747,67.7189,70.1478,403200
2022-07-29,69.8306,71.326,69.459,70.9816,520500
2022-08-01,70.1931,71.3442,70.0028,70.1025,370800
2022-08-02,70.0481,70.1025,68.9243,69.1962,529300
2022-08-03,69.314,70.311,69.1781,69.8034,220300
2022-08-04,69.8034,71.027,69.8034,70.5557,318600
2022-08-05,70.0028,71.5254,69.6403,70.9182,357000
2022-08-08,71.326,73.5646,71.326,72.3049,741800
2022-08-09,72.0057,72.3683,71.3713,71.8517,384800
2022-08-10,72.5042,74.7519,72.3592,74.1265,438400
2022-08-11,74.4075,75.776,74.2806,74.9784,281700
2022-08-12,74.9694,75.7035,74.9331,75.2231,289100
2022-08-15,74.4709,74.9965,74.4165,74.5978,409200
2022-08-16,74.8153,76.0297,74.6884,76.0207,374000
2022-08-17,75.2141,75.3772,74.054,74.634,271600
2022-08-18,74.3168,75.4497,74.3168,75.4497,226700
2022-08-19,74.7831,74.8744,73.87,74.0344,263100
2022-08-22,73.0483,73.2126,72.2082,72.9204,233400
2022-08-23,72.8017,73.8426,72.8017,73.5413,253600
2022-08-24,73.8152,74.5366,73.6783,74.2627,416000
2022-08-25,74.5092,75.9519,74.5092,75.9428,213300
2022-08-26,75.7419,75.9702,73.3222,73.3861,208800
2022-08-29,73.2309,73.9614,72.4913,73.6144,451700
2022-08-30,73.8609,73.8974,72.1991,72.5643,504000
2022-08-31,72.4639,72.7834,68.9484,69.7976,735400
2022-09-01,68.8662,69.3685,68.1814,69.0215,699200
2022-09-02,69.7702,69.8067,67.6153,67.9075,333700
2022-09-06,67.9988,68.5101,67.0492,67.4235,309600
2022-09-07,67.0126,68.0992,66.4282,68.0992,641300
2022-09-08,67.6244,68.3184,66.2821,68.2727,742200
2022-09-09,69.1036,71.3316,68.7841,71.0668,456100
2022-09-12,71.6877,72.9478,71.5964,72.756,662700
2022-09-13,70.9755,71.3225,69.3958,69.8341,523500
2022-09-14,69.6424,69.6424,66.8209,68.6197,627700
2022-09-15,68.3823,69.0215,67.4509,67.9531,469500
2022-09-16,66.3004,66.8757,64.8486,65.433,793900
2022-09-19,65.1773,67.1952,65.1773,66.7752,334700
2022-09-20,66.0813,66.2274,65.1499,65.9443,603600
2022-09-21,65.9717,66.693,65.3873,65.4238,547900
2022-09-22,65.4786,65.4786,63.4515,63.4698,507700
2022-09-23,62.6297,62.8124,59.9817,61.0683,1479600
2022-09-26,60.8583,61.7714,60.6666,60.7305,487500
2022-09-27,61.187,72.0621,60.4657,69.6515,3841100
2022-09-28,69.2954,70.455,66.8665,70.2268,1186100
2022-09-29,69.3502,69.8159,67.5696,67.6427,875100
2022-09-30,67.5696,70.8477,67.5331,68.9301,540200
2022-10-03,69.4506,71.3864,68.7293,70.6742,430400
2022-10-04,71.7425,73.2308,71.6055,72.1808,1144200
2022-10-05,71.5508,74.8288,71.4686,73.6144,511000
2022-10-06,72.9935,75.3036,72.8474,74.774,477800
2022-10-07,74.1988,74.1988,72.053,72.2173,311200
2022-10-10,72.5643,74.4727,71.706,74.3357,333800
2022-10-11,73.6418,73.9066,71.8612,72.4091,486900
2022-10-12,72.3178,73.45,71.5508,72.546,342800
2022-10-13,71.0759,72.6648,69.9711,71.9343,405700
2022-10-14,72.2538,72.2538,69.478,69.7976,382200
2022-10-17,71.1764,72.2812,70.4276,70.6103,870600
2022-10-18,71.7973,72.9569,71.0211,71.3864,432800
2022-10-19,71.2129,71.3042,68.6562,69.5602,460000
2022-10-20,69.1493,69.9528,67.5057,67.8162,502000
2022-10-21,67.6153,68.1905,66.1817,67.7888,493000
2022-10-24,68.4462,68.7658,66.9944,67.0491,415400
2022-10-25,66.3643,69.0762,66.2456,68.1449,522500
2022-10-26,69.688,75.5502,68.9393,74.9658,1067000
2022-10-27,75.9702,77.7964,74.3905,74.8745,643200
2022-10-28,74.984,76.1254,73.5048,74.6005,615000
2022-10-31,74.3175,75.5593,73.3587,73.5139,743400
2022-11-01,74.6005,76.445,74.427,75.8332,810300
2022-11-02,75.1758,76.0067,73.1487,73.2035,732300
2022-11-03,71.7334,74.6096,71.5325,73.6418,514100
2022-11-04,74.3631,76.4085,74.0983,76.1072,671300
2022-11-07,76.1071,77.6412,75.8149,77.3216,402700
2022-11-08,77.4859,80.5174,77.2394,77.979,749400
2022-11-09,77.1846,78.1616,75.7967,75.888,422200
2022-11-10,77.7964,81.0561,77.7872,80.5174,678100
2022-11-11,80.9466,82.1519,80.8096,80.974,644500
2022-11-14,79.0473,81.4214,78.6273,79.5587,1007200
2022-11-15,80.8735,81.7684,79.7596,80.3896,711000
2022-11-16,79.7048,79.86,77.7872,79.3304,598000
2022-11-17,77.8329,81.6223,77.8329,81.257,825000
2022-11-18,82.2961,83.1972,81.3582,82.903,857400
2022-11-21,82.4064,83.7857,82.0478,82.9857,574400
2022-11-22,83.4823,86.0661,83.2616,85.7534,566100
2022-11-23,85.3397,87.0684,84.9075,86.3695,466600
2022-11-25,85.9925,89.4315,85.9925,88.3189,392300
2022-11-28,87.3534,88.181,84.4202,84.8156,502100
2022-11-29,85.6155,86.4982,84.9443,85.5144,393000
2022-11-30,85.2569,85.9833,83.8225,85.9649,435300
2022-12-01,85.9466,86.204,83.6018,84.034,313500
2022-12-02,83.5834,84.3098,82.8386,83.0593,295100
2022-12-05,82.7558,82.7558,79.933,80.2272,380000
2022-12-06,80.0801,80.7145,77.2939,78.9674,401300
2022-12-07,78.7468,79.5375,78.0755,78.756,197200
2022-12-08,78.9858,79.9789,77.5882,78.0663,263100
2022-12-09,77.6158,77.91,76.3929,77.1561,196800
2022-12-12,77.156,78.7744,76.3836,78.4893,209100
2022-12-13,80.9352,80.9996,78.3974,78.9123,310000
2022-12-14,78.9583,80.2548,78.9031,79.6111,294900
2022-12-15,78.287,78.618,77.0917,77.9192,226200
2022-12-16,76.8434,78.0756,76.2181,77.7077,656100
2022-12-19,77.8641,77.9284,76.0434,76.7331,206400
2022-12-20,76.7147,77.1652,75.8135,76.2733,240500
2022-12-21,77.2388,78.379,76.917,77.5882,204600
2022-12-22,76.8894,77.1193,75.5653,77.0917,152000
2022-12-23,77.1652,78.3146,76.6503,77.8732,137100
2022-12-27,78.002,78.8111,77.5974,77.8273,96700
2022-12-28,77.7261,78.4525,76.1997,76.1997,94900
2022-12-29,76.5584,77.9468,76.163,76.9353,125800
2022-12-30,76.3377,77.0733,75.9239,76.8434,278000
2023-01-03,77.3307,77.3307,75.1515,75.9331,212600
2023-01-04,76.402,77.2296,75.8319,76.4572,195400
2023-01-05,75.6756,75.8411,74.6826,75.2986,169700
2023-01-06,75.8687,77.2848,75.8687,76.6871,109800
2023-01-09,77.1928,78.4433,76.6871,77.4687,407300
2023-01-10,78.0663,79.5284,77.7077,79.2985,291800
2023-01-11,79.887,81.2754,79.8226,80.9904,170300
2023-01-12,81.6248,83.2432,80.4663,83.1696,287600
2023-01-13,82.2133,84.0891,82.2133,84.0156,233600
2023-01-17,83.6294,85.6707,83.3627,85.1833,288300
2023-01-18,85.4224,87.0591,85.2661,85.2661,340700
2023-01-19,84.6592,85.5052,84.0248,84.7236,200600
2023-01-20,85.027,85.5052,84.1351,85.3948,145300
2023-01-23,85.827,86.6454,84.7236,85.9925,155400
2023-01-24,85.2385,87.2155,85.2385,86.9212,174800
2023-01-25,86.3695,87.1511,85.873,85.9557,140600
2023-01-26,86.1029,86.1029,84.5949,85.0362,104000
2023-01-27,84.8247,87.1235,84.8247,86.8385,153300
2023-01-30,86.2959,86.9028,84.5305,84.6224,115000
2023-01-31,84.6868,87.2522,84.3926,86.8109,912100
2023-02-01,86.7925,89.3763,86.5442,88.843,259100
2023-02-02,89.1004,91.528,89.1004,90.1487,208800
2023-02-03,89.2568,90.8751,89.2568,90.1303,197000
2023-02-06,89.882,90.0384,88.6591,89.6154,189600
2023-02-07,89.4683,91.1693,89.0821,90.9395,193800
2023-02-08,90.5533,90.9303,89.4223,89.4958,137600
2023-02-09,89.9464,90.6452,88.3005,88.5855,304400
2023-02-10,87.997,88.7878,87.4361,88.6683,141500
2023-02-13,88.6775,89.3211,87.997,89.2751,172500
2023-02-14,88.9349,89.597,87.8131,89.0361,260500
2023-02-15,91.9509,94.121,89.0085,91.859,580600
2023-02-16,91.6751,92.9072,90.4889,90.7096,308200
2023-02-17,90.6818,91.6904,89.9508,91.2185,370900
2023-02-21,89.8768,90.1822,88.4055,88.8867,326800
2023-02-22,89.1088,90.2747,88.9145,88.9237,346100
2023-02-23,89.4882,90.6633,89.2198,90.0804,500900
2023-02-24,89.4697,89.9878,88.5999,89.2383,328500
2023-02-27,90.0526,91.5516,89.7658,90.2654,357500
2023-02-28,90.1729,91.8755,89.8398,90.5986,446600
2023-03-01,90.9502,92.7361,90.3765,92.3659,470600
2023-03-02,91.7274,92.4214,91.2925,92.2919,299600
2023-03-03,92.4862,92.4862,91.163,91.8848,179100
2023-03-06,91.8663,92.2179,88.7942,88.8775,306900
2023-03-07,89.1273,89.8953,88.8775,89.1921,583300
2023-03-08,89.0255,89.1088,87.6282,88.5906,194300
2023-03-09,88.7664,89.2939,86.6104,86.6197,340300
2023-03-10,86.3883,86.3883,83.6031,84.1861,261200
2023-03-13,82.613,82.8999,79.8648,80.0036,352900
2023-03-14,81.7895,82.1503,79.1523,80.1887,364400
2023-03-15,78.4213,79.9018,77.9031,79.5039,523500
2023-03-16,78.3843,80.8919,78.1714,79.7352,473500
2023-03-17,79.3096,80.0221,76.7557,76.913,570800
2023-03-20,77.6162,79.2171,77.5885,77.9679,359700
2023-03-21,79.4484,80.5958,79.3373,79.837,287500
2023-03-22,79.9851,80.9104,78.7914,78.7914,276800
2023-03-23,79.18,80.5773,78.0789,78.3288,234400
2023-03-24,77.4867,78.2085,76.802,77.6718,190800
2023-03-27,78.4675,79.2541,77.3849,78.5601,194000
2023-03-28,78.4028,80.0406,77.7366,79.6797,150500
2023-03-29,80.457,80.7716,79.3651,80.2164,164300
2023-03-30,80.9104,81.1047,80.1146,80.5403,109300
2023-03-31,81.077,82.576,80.8179,82.576,319800
2023-04-03,82.1133,82.8258,79.7537,81.188,337100
2023-04-04,81.3083,81.5211,78.9765,79.4021,199600
2023-04-05,78.8932,79.1708,77.1998,78.0696,159200
2023-04-06,78.1252,78.6433,77.1443,77.1536,170000
2023-04-10,77.0703,79.3929,76.987,79.0227,152200
2023-04-11,79.4947,80.1146,79.3466,79.8833,192500
2023-04-12,80.5865,80.5865,79.2078,79.5224,177700
2023-04-13,79.4762,79.9851,78.264,79.0505,195200
2023-04-14,78.9395,79.652,78.6064,79.4762,284100
2023-04-17,79.7723,80.1517,78.8932,79.6335,210700
2023-04-18,79.615,79.8648,78.5601,79.3836,220500
2023-04-19,78.8747,80.0313,78.2825,79.9573,125700
2023-04-20,79.8185,81.077,79.8,80.0869,204300
2023-04-21,80.0499,80.5033,78.9024,79.3651,202500
2023-04-24,79.3651,79.911,78.8469,78.9394,144200
2023-04-25,77.9216,78.3843,76.5429,76.95,336900
2023-04-26,74.9513,75.4602,71.2778,71.6479,653900
2023-04-27,71.5461,72.9434,70.4635,72.055,524800
2023-04-28,71.944,73.2857,71.7682,73.2487,441700
2023-05-01,73.0359,75.0716,72.4067,74.0538,385300
2023-05-02,73.6281,75.1456,72.6935,74.3776,378100
2023-05-03,74.3128,75.5898,74.0075,74.026,309600
2023-05-04,73.4153,74.0352,72.5455,73.6559,300600
2023-05-05,74.3776,76.9778,74.3776,76.6632,417500
2023-05-08,77.2461,78.6341,76.5336,76.7927,492300
2023-05-09,76.2838,76.9408,75.5805,76.4133,414000
2023-05-10,77.3849,77.5515,74.4701,75.4787,335500
2023-05-11,75.0161,75.4232,73.5726,75.0624,220700
2023-05-12,75.2937,75.5435,74.174,74.8125,196500
2023-05-15,74.8773,75.562,74.2851,75.1641,298600
2023-05-16,74.905,74.905,73.406,73.4153,246500
2023-05-17,73.5541,74.9698,73.4986,74.9236,330700
2023-05-18,74.7478,75.1086,73.5633,75.0716,299900
2023-05-19,75.5378,75.5378,74.5401,75.0529,226900
2023-05-22,75.5378,75.9668,74.3536,74.9784,257900
2023-05-23,74.9504,75.3793,74.279,74.335,367600
2023-05-24,73.9433,74.0739,72.3582,73.0482,251200
2023-05-25,72.899,74.9877,72.7498,74.6334,248400
2023-05-26,74.7919,75.3886,74.1951,74.335,317400
2023-05-30,74.3256,75.342,73.9713,74.9877,245300
2023-05-31,74.596,75.4632,73.272,73.5051,406500
2023-06-01,73.934,74.5774,73.3746,74.5494,193600
2023-06-02,75.4353,76.5355,75.0902,76.2745,347200
2023-06-05,75.5285,75.6684,73.5424,75.5658,198600
2023-06-06,75.2674,76.6475,75.2674,76.0787,300300
2023-06-07,76.4889,78.4937,76.116,78.4005,372700
2023-06-08,78.3818,78.7082,77.2722,77.5612,184700
2023-06-09,77.785,77.785,75.314,75.8362,178500
2023-06-12,75.6404,76.0973,74.9038,75.4073,209600
2023-06-13,75.3047,76.2185,75.2115,75.9295,212600
2023-06-14,75.9015,76.8339,75.5751,75.8549,277800
2023-06-15,75.5378,77.0764,75.5378,77.0484,224700
2023-06-16,77.4214,77.5799,76.2372,76.7034,1079400
2023-06-20,76.4889,76.8712,75.7243,76.3211,282900
2023-06-21,75.8735,76.6474,75.4353,76.4423,204500
2023-06-22,76.3957,77.3002,75.9015,76.6661,407100
2023-06-23,75.8455,76.6008,75.6218,76.4796,477500
2023-06-26,76.7034,77.9156,76.7034,77.5799,169900
2023-06-27,77.3934,78.9413,77.1603,77.8969,299700
2023-06-28,77.8969,78.1207,77.1044,77.7011,254500
2023-06-29,77.9435,78.5217,77.5333,78.4098,163900
2023-06-30,78.5683,79.5474,77.9342,79.0625,215800
2023-07-03,78.5683,80.1534,78.5403,80.1161,153800
2023-07-05,79.2676,79.2676,77.869,78.0834,207200
2023-07-06,77.2442,78.0648,76.8899,77.7477,283200
2023-07-07,77.8037,79.7059,77.8037,79.1744,365100
2023-07-10,78.9133,79.6873,78.6895,79.0159,213600
2023-07-11,79.3515,79.7152,79.0252,79.2956,159300
2023-07-12,80.0602,80.4052,79.3982,80.0509,175000
2023-07-13,80.657,82.811,80.1162,82.7737,299700
2023-07-14,82.9322,83.1373,81.9065,82.3447,245200
2023-07-17,81.9158,82.7737,81.6827,82.755,245400
2023-07-18,83.2305,84.7784,83.1187,84.2749,363400
2023-07-19,84.5919,86.3729,84.5919,86.2517,455000
2023-07-20,86.662,87.1002,85.8601,86.0559,285800
2023-07-21,86.0652,86.0652,85.1794,85.6083,136000
2023-07-24,84.4614,85.3658,84.1257,85.3006,320600
2023-07-25,85.2726,85.7575,84.5733,85.5896,364200
2023-07-26,87.3333,92.3126,87.3333,91.9583,927500
2023-07-27,92.7042,94.1216,91.9023,92.7788,489500
2023-07-28,93.2451,94.709,92.7136,94.2987,639200
2023-07-31,95.11,96.7977,94.4945,95.2498,525100
2023-08-01,94.681,95.1752,93.3197,94.709,428200
2023-08-02,93.7859,94.4013,91.6133,91.7252,458700
2023-08-03,91.7065,94.8582,90.802,93.2264,513500
2023-08-04,93.2171,95.427,93.0306,94.3267,425100
2023-08-07,94.6064,95.9771,94.6064,95.8,286600
2023-08-08,94.1962,95.11,93.1984,94.8489,378700
2023-08-09,94.2801,95.455,94.0843,94.9701,270300
2023-08-10,95.0354,95.371,93.9724,94.6437,196500
2023-08-11,93.963,94.5318,93.2451,93.7486,242100
2023-08-14,93.3197,94.2148,92.6203,93.9164,306700
2023-08-15,93.5528,93.5528,92.1821,92.8068,224600
2023-08-16,92.7042,93.4129,91.7252,92.0236,266900
2023-08-17,92.0981,92.3592,89.8416,90.1773,421700
2023-08-18,89.6794,91.0509,89.2661,90.9382,349600
2023-08-21,90.9006,91.8963,90.4779,90.5343,279800
2023-08-22,90.5249,91.2951,89.2849,89.3413,446400
2023-08-23,89.1628,91.2294,89.0595,91.0039,281500
2023-08-24,90.5906,91.6145,90.1303,90.2055,302000
2023-08-25,90.4873,91.2857,89.8673,91.0415,281400
2023-08-28,91.4172,93.0611,91.4172,91.9808,258900
2023-08-29,92.056,93.2772,91.8212,92.4318,262000
2023-08-30,92.366,94.611,91.9245,94.348,336000
2023-08-31,94.2071,95.541,93.869,94.5922,381100
2023-09-01,95.1652,96.8655,95.1652,96.0576,467500
2023-09-05,95.6913,95.7946,93.9159,94.1319,391200
2023-09-06,94.1132,94.8553,92.9578,93.9347,297600
2023-09-07,94.1695,94.8083,92.0278,92.1687,655500
2023-09-08,92.2345,92.366,91.0603,91.7554,398700
2023-09-11,92.1781,92.2908,90.5436,91.1448,245500
2023-09-12,90.7879,92.8826,90.7879,92.2626,246400
2023-09-13,92.3284,95.0431,91.8963,94.2822,466100
2023-09-14,95.2592,95.8134,93.9817,95.4376,486600
2023-09-15,94.8458,96.2079,94.1132,95.804,1118900
2023-09-18,96.1703,97.8894,95.8885,97.1567,437500
2023-09-19,97.2788,97.5888,95.5316,96.067,497200
2023-09-20,96.5179,98.2745,96.4709,96.7527,374500
2023-09-21,96.7715,98.359,96.2643,97.5982,603200
2023-09-22,97.6639,98.2933,96.9406,97.4854,332400
2023-09-25,97.1754,98.8757,97.1754,98.312,347500
2023-09-26,97.7766,98.2557,96.1046,96.3488,416000
2023-09-27,96.8373,98.5563,96.2831,98.4342,518600
2023-09-28,98.6126,100.783,98.6126,100.069,395100
2023-09-29,100.736,101.356,100.153,100.463,297600
2023-10-02,99.9841,101.017,99.0447,99.3172,430700
2023-10-03,98.0396,99.2232,97.2318,98.1712,373000
2023-10-04,96.7527,97.1942,93.991,94.7613,693200
2023-10-05,94.5828,94.7613,92.676,93.0987,317700
2023-10-06,92.5445,95.2028,91.5112,94.5922,417700
2023-10-09,94.4983,96.3112,93.6059,96.1891,312000
2023-10-10,96.8467,98.7723,96.7903,97.2788,310000
2023-10-11,97.7672,98.7254,97.3821,98.4342,252900
2023-10-12,98.622,98.622,95.494,96.5461,217800
2023-10-13,96.9594,97.1191,95.2592,95.3061,284700
2023-10-16,96.1609,98.2839,96.1609,97.3069,195300
2023-10-17,97.0721,100.707,97.0721,99.3735,443500
2023-10-18,97.8612,97.9833,95.2216,95.4283,293200
2023-10-19,95.4846,96.4334,93.8595,94.2165,229500
2023-10-20,94.9868,96.4991,94.2917,95.5034,336800
2023-10-23,95.8134,96.2925,94.0192,94.4513,433200
2023-10-24,94.9398,95.1277,91.8869,92.0372,465400
2023-10-25,89.3695,90.1491,87.8571,88.045,654600
2023-10-26,87.0587,88.7401,86.9741,87.5659,304500
2023-10-27,87.5002,87.5941,85.7718,86.7863,441900
2023-10-30,87.7444,89.454,87.1338,89.2943,458400
2023-10-31,89.2567,93.6529,89.2567,91.6239,1032000
2023-11-01,91.5394,91.746,90.4591,91.6239,394800
2023-11-02,92.2533,93.3617,91.9996,92.056,306700
2023-11-03,93.4932,94.9116,93.2865,94.6862,322400
2023-11-06,94.8553,94.9116,93.0799,94.4138,273700
2023-11-07,93.991,95.5504,93.6059,94.9586,234000
2023-11-08,95.0337,95.7476,94.7989,94.8083,227200
2023-11-09,95.4095,95.8791,94.0756,94.1038,243800
2023-11-10,94.5265,97.6921,94.4514,97.213,360700
2023-11-13,96.734,97.4573,96.5743,97.3257,188100
2023-11-14,98.6314,100.585,98.6314,99.9465,319800
2023-11-15,99.9465,101.252,99.6647,99.815,388500
2023-11-16,99.6647,100.51,98.1054,98.6878,220600
2023-11-17,99.3782,100.645,99.3782,100.608,315100
2023-11-20,100.702,101.572,99.7186,101.421,221700
2023-11-21,101.279,101.979,100.57,100.995,438800
2023-11-22,100.958,101.506,100.466,100.579,197000
2023-11-24,100.731,101.96,100.721,101.714,133100
2023-11-27,101.033,101.118,100.513,100.74,177300
2023-11-28,100.74,101.326,99.6808,100.683,215200
2023-11-29,101.156,102.329,101.156,101.317,217400
2023-11-30,101.478,101.629,100.57,101.326,538600
2023-12-01,101.326,103.019,100.192,102.338,532100
2023-12-04,102.017,103.171,101.648,102.717,410500
2023-12-05,102.338,102.707,101.166,102.045,189200
2023-12-06,102.329,102.83,99.9551,100.002,215500
2023-12-07,100.466,100.56,99.4255,100.418,219400
2023-12-08,100.56,101.79,100.428,100.731,134500
2023-12-11,100.598,102.632,100.513,102.395,170800
2023-12-12,102.338,102.65,101.014,101.033,198800
2023-12-13,101.08,102.707,99.3876,102.348,332900
2023-12-14,103.085,105.866,102.679,105.374,283100
2023-12-15,105.251,106.386,104.514,105.393,686600
2023-12-18,106.065,107.114,105.185,105.819,213200
2023-12-19,106.159,107.975,106.017,107.133,330500
2023-12-20,105.998,109.517,105.998,108.675,370200
2023-12-21,109.895,110.916,108.949,110.907,248300
2023-12-22,111.172,112.458,111.172,111.484,223700
2023-12-26,111.947,112.987,111.588,112.023,164100
2023-12-27,111.663,111.909,110.566,110.727,279800
2023-12-28,110.651,110.907,108.836,109.015,276900
2023-12-29,108.854,109.337,107.729,108.817,337100
2024-01-02,108.249,108.911,106.169,106.641,227800
2024-01-03,105.904,107.228,104.618,105.715,240400
2024-01-04,105.781,106.509,105.469,105.809,296900
2024-01-05,105.705,106.812,104.759,106.424,220100
2024-01-08,106.5,106.897,106.083,106.868,116900
2024-01-09,105.989,106.764,105.421,106.424,132400
2024-01-10,105.488,105.875,104.495,105.828,211700
2024-01-11,105.327,105.327,103.502,104.495,143500
2024-01-12,104.939,105.204,103.852,104.636,120000
2024-01-16,104.334,104.391,103.256,104.097,176700
2024-01-17,102.792,104.4,102.319,103.747,145100
2024-01-18,104.391,105.601,104.041,105.563,151600
2024-01-19,105.847,106.84,104.173,106.84,159000
2024-01-22,107.341,109.063,107.341,108.741,171500
2024-01-23,109.195,109.507,107.947,108.429,149100
2024-01-24,109.299,109.299,107.398,107.701,115200
2024-01-25,108.75,109.157,107.445,108.684,113900
2024-01-26,108.76,109.904,108.419,109.848,120100
2024-01-29,109.857,109.933,107.994,109.1,177000
2024-01-30,108.703,110.169,108.429,109.431,169100
2024-01-31,109.819,110.027,107.389,107.408,255800
2024-02-01,107.861,109.658,106.197,109.611,187600
2024-02-02,108.836,111.89,107.672,111.408,204700
2024-02-05,110.368,110.443,108.864,108.968,153300
2024-02-06,109.072,110.699,108.495,109.914,232800
2024-02-07,109.942,111.247,109.535,110.614,245800
2024-02-08,110.51,110.85,109.034,110.415,307100
2024-02-09,110.103,111.474,109.053,110.765,336000
2024-02-12,110.661,112.864,110.661,112.486,343800
2024-02-13,110.32,112.344,110.065,112.079,659400
2024-02-14,112.335,112.571,101.998,104.75,901800
2024-02-15,106.216,106.85,102.357,103.596,500900
2024-02-16,103.51,103.806,101.492,102.149,425900
2024-02-20,102.092,103.825,101.759,103.472,374100
2024-02-21,103.225,106.052,103.073,105.69,485200
2024-02-22,105.205,107.585,105.024,107.204,423400
2024-02-23,107.052,108.946,106.509,108.594,353700
2024-02-26,107.946,109.536,107.09,108.508,350200
2024-02-27,108.613,108.765,106.471,106.471,305100
2024-02-28,105.928,108.375,105.405,107.356,317500
2024-02-29,107.442,109.27,107.404,108.613,369400
2024-03-01,108.641,108.641,106.956,108.099,149300
2024-03-04,108.584,109.65,107.689,107.689,158500
2024-03-05,107.432,108.984,106.994,107.099,131900
2024-03-06,107.661,108.403,106.966,108.356,208300
2024-03-07,108.955,110.688,108.889,110.45,291900
2024-03-08,110.583,111.25,109.231,109.27,331900
2024-03-11,109.327,109.327,108.003,109.117,197400
2024-03-12,109.27,110.202,108.27,108.337,192500
2024-03-13,108.346,109.241,107.547,108.175,400800
2024-03-14,108.003,108.736,106.585,107.518,234500
2024-03-15,107.099,108.508,106.852,106.89,604100
2024-03-18,107.918,109.327,106.956,108.403,315500
2024-03-19,108.118,108.518,106.975,107.689,294200
2024-03-20,107.48,109.555,107.318,109.308,302700
2024-03-21,109.841,111.43,109.841,110.964,233300
2024-03-22,111.278,111.278,108.432,109.26,208200
2024-03-25,109.27,110.136,108.717,109.469,138800
2024-03-26,110.031,110.964,109.793,110.145,160000
2024-03-27,110.678,112.906,110.64,112.906,253400
2024-03-28,112.906,115.114,112.706,114.41,253200
2024-04-01,113.791,114.714,112.706,114.353,240800
2024-04-02,113.915,113.915,111.992,112.354,163000
2024-04-03,112.23,114.457,112.23,113.81,196700
2024-04-04,114.695,115.733,111.678,111.963,157400
2024-04-05,112.192,113.601,112.192,112.896,126800
2024-04-08,113.268,114.676,113.268,114.296,127300
2024-04-09,114.343,115.485,113.191,115.381,247900
2024-04-10,113.82,113.82,110.478,110.498,236300
2024-04-11,110.431,112.125,110.136,111.345,155500
2024-04-12,110.517,110.593,108.946,109.308,150200
2024-04-15,110.279,111.316,108.66,108.717,115700
2024-04-16,108.47,108.47,106.09,106.499,193800
2024-04-17,105.433,106.366,102.901,103.549,261700
2024-04-18,104.263,104.539,101.74,102.016,294400
2024-04-19,102.016,103.72,102.016,103.482,306200
2024-04-22,104.053,104.919,103.149,103.758,441600
2024-04-23,105.9,116.904,105.9,116.142,714900
2024-04-24,116.418,117.028,112.896,116.314,509600
2024-04-25,114.238,117.513,112.849,116.542,491700
2024-04-26,115.438,117.266,115.181,116.085,224600
2024-04-29,116.495,117.846,116.247,117.18,267300
2024-04-30,116.009,116.561,114.895,115.99,463100
2024-05-01,115.6,119.979,115,116.514,275000
2024-05-02,118.503,119.674,116.742,118.712,194600
2024-05-03,120.911,121.092,118.322,118.665,179000
2024-05-06,119.855,120.121,119.074,119.636,186400
2024-05-07,119.636,120.978,119.293,119.293,244300
2024-05-08,118.522,120.102,118.522,119.426,166400
2024-05-09,119.455,121.416,119.15,121.273,216200
2024-05-10,121.654,121.958,120.312,120.55,160800
2024-05-13,121.425,121.425,119.379,119.712,152900
2024-05-14,120.559,121.521,119.969,120.797,252500
2024-05-15,121.53,122.653,121.045,122.073,184200
2024-05-16,122.054,122.054,117.037,118.969,292800
2024-05-17,118.989,120.444,118.481,120.367,172300
2024-05-20,120.568,121.171,120.109,121.037,172700
2024-05-21,120.348,121.229,119.228,119.295,216900
2024-05-22,118.644,119.285,115.446,115.896,199900
2024-05-23,116.471,116.595,114.786,115.274,161600
2024-05-24,116.251,116.949,115.044,116.413,108500
2024-05-28,117.045,117.045,115.265,115.494,149800
2024-05-29,114.278,115.312,113.493,113.742,156200
2024-05-30,114.077,115.418,113.685,115.389,207700
2024-05-31,116.126,116.5,115.389,116.289,298500
2024-06-03,117.151,117.151,114.891,115.801,160800
2024-06-04,115.734,116.672,113.474,113.924,177800
2024-06-05,114.958,115.81,113.982,115.676,152700
2024-06-06,115.59,115.59,113.493,115.188,265900
2024-06-07,114.202,115.255,114.202,115.025,126600
2024-06-10,113.963,116.701,113.963,116.222,212900
2024-06-11,115.131,115.131,113.005,113.551,233700
2024-06-12,115.762,117.696,115.341,115.437,236600
2024-06-13,115.198,115.724,114.202,115.064,238200
2024-06-14,114.671,114.671,111.607,113.848,229900
2024-06-17,113.168,114.709,112.182,114.48,270500
2024-06-18,114.499,116.605,113.714,114.661,226300
2024-06-20,114.614,116.681,114.451,115.743,248400
2024-06-21,116.863,116.969,115.274,115.839,566200
2024-06-24,118.462,120.185,115.782,119.764,365300
2024-06-25,119.802,120.204,117.591,119.19,391200
2024-06-26,119.084,119.946,117.466,117.533,316600
2024-06-27,117.476,118.596,116.72,117.313,224400
2024-06-28,117.974,121.325,117.974,118.596,898000
2024-07-01,119.094,119.4,117.361,117.457,233100
2024-07-02,117.476,119.123,117.285,118.424,193500
2024-07-03,118.491,119.956,117.821,117.888,196000
2024-07-05,117.514,118.453,116.193,117.275,339900
2024-07-08,117.218,117.945,114.154,115.178,239500
2024-07-09,114.068,114.508,112.172,112.211,277900
2024-07-10,113.934,115.332,113.111,114.987,261800
2024-07-11,116.26,120.118,115.686,119.64,329200
2024-07-12,121.583,124.761,120.76,123.258,358700
2024-07-15,123.814,126.638,123.392,126.312,274000
2024-07-16,127.021,130.592,126.887,129.998,309700
2024-07-17,129.022,130.199,128.189,128.916,200200
2024-07-18,128.782,129.816,125.25,125.69,220800
2024-07-19,125.834,126.896,125.106,126.504,232500
2024-07-22,126.935,128.821,126.188,128.17,253900
2024-07-23,127.413,129.969,126.542,127.241,307600
2024-07-24,126.877,128.141,124.187,124.34,288100
2024-07-25,122.349,129.72,120.884,126.37,445100
2024-07-26,127.327,127.691,125.47,126.533,301600
2024-07-29,126.963,131.252,126.073,129.845,385300
2024-07-30,130.802,134.134,130.668,133.397,340500
2024-07-31,133.866,137.063,132.334,134.182,356800
2024-08-01,134.076,137.418,131.214,132.42,364500
2024-08-02,129.376,129.462,123.919,125.537,338100
2024-08-05,120.654,125.01,118.098,123.862,561400
2024-08-06,124.168,128.821,123.584,126.513,235000
2024-08-07,127.978,128.399,125.202,125.834,242000
2024-08-08,127.423,129.117,127.04,127.997,224800
2024-08-09,127.777,128.323,126.102,127.863,227000
2024-08-12,127.787,127.787,125.776,126.217,171000
2024-08-13,127.155,129.28,126.944,129.213,188500
2024-08-14,129.395,130.362,128.495,130.218,205900
2024-08-15,132.908,135.149,131.157,131.482,205800
2024-08-16,131.721,132.698,130.659,131.999,181900
2024-08-19,131.999,133.405,131.354,132.943,182900
2024-08-20,132.461,132.461,130.94,131.7,160200
2024-08-21,132.24,133.386,131.633,133.078,191100
2024-08-22,133.53,134.195,132.856,133.183,179300
2024-08-23,133.886,137.363,133.617,137.007,158500
2024-08-26,137.594,138.413,136.024,136.044,149800
2024-08-27,134.965,136.506,134.503,134.744,156200
2024-08-28,133.819,136.997,133.058,136.015,136700
2024-08-29,136.92,138.076,135.581,135.649,190200
2024-08-30,136.477,140.223,136.41,139.867,305600
2024-09-03,137.931,138.259,133.097,134.224,367200
2024-09-04,133.819,135.167,132.846,133.549,371500
2024-09-05,135.437,135.87,129.322,130.978,314300
2024-09-06,130.766,131.142,127.174,127.222,350400
2024-09-09,127.3,130.083,126.009,128.917,410700
2024-09-10,128.869,128.869,124.507,127.078,314700
2024-09-11,126.048,127.897,123.534,127.723,189200
2024-09-12,128.407,130.997,127.271,130.901,185800
2024-09-13,132.298,133.694,131.758,133.126,228300
2024-09-16,134.426,135.658,133.752,134.927,194400
2024-09-17,136.121,137.912,134.984,137.613,178800
2024-09-18,137.71,139.674,136.14,137.796,264900
2024-09-19,140.483,142.621,140.03,142.399,268000
2024-09-20,140.82,141.465,138.952,140.599,614500
2024-09-23,141.157,141.889,140.002,141.764,216900
2024-09-24,142.525,143.815,141.504,142.968,259200
2024-09-25,143.699,143.834,141.793,143.16,360900
2024-09-26,143.488,144.451,138.259,139.385,344400
2024-09-27,139.636,140.916,138.518,140.059,378600
2024-09-30,138.644,141.918,138.644,140.406,234700
2024-10-01,139.799,140.31,136.294,138.894,235200
2024-10-02,138.856,140.079,137.758,138.047,152600
2024-10-03,136.939,138.432,136.515,137.035,159200
2024-10-04,139.27,139.27,137.228,138.364,132100
2024-10-07,137.459,140.685,136.67,140.522,195700
2024-10-08,141.552,141.552,139.616,140.589,172000
2024-10-09,139.867,143.131,139.838,142.958,177500
2024-10-10,142.226,142.226,139.809,141.128,275300
2024-10-11,141.754,145.365,141.754,145.144,221600
2024-10-14,144.817,146.463,143.844,145.963,157300
2024-10-15,147.917,149.035,145.163,145.192,266800
2024-10-16,146.829,148.37,145.799,146.232,302200
2024-10-17,145.182,145.529,144.085,144.316,305400
2024-10-18,144.248,144.431,142.139,143.565,301600
2024-10-21,144.056,144.056,141.099,141.379,213300
2024-10-22,140.714,141.764,139.876,140.339,285700
2024-10-23,139.703,140.984,138.326,139.665,448700
2024-10-24,135.052,135.726,130.815,133.723,497300
2024-10-25,132.856,136.082,132.856,134.589,316600
2024-10-28,134.801,139.568,134.801,139.048,365700
2024-10-29,137.844,140.618,137.392,139.742,284000
2024-10-30,139.799,144.085,139.222,143.353,353400
2024-10-31,142.814,143.969,140.81,140.868,265600
2024-11-01,141.629,143.497,141.34,142.043,209800
2024-11-04,141.398,143.863,141.359,141.773,208500
2024-11-05,141.783,146.743,141.696,146.579,276900
2024-11-06,149.689,155.304,149.689,155.015,400200
2024-11-07,155.949,155.949,152.607,152.935,270900
2024-11-08,153.272,157.114,153.127,156.796,318900
2024-11-11,158.838,160.889,158.838,159.859,314600
2024-11-12,159.031,159.637,157.461,158.183,257200
2024-11-13,159.108,162.526,158.568,161.554,319500
2024-11-14,162.488,163.903,158.019,159.541,305800
2024-11-15,158.684,159.734,156.026,156.402,261200
2024-11-18,156.198,157.185,155.366,155.763,240000
2024-11-19,154.127,155.53,153.527,154.224,271400
2024-11-20,154.127,155.027,153.392,154.737,209400
2024-11-21,154.94,157.65,153.198,156.024,310700
2024-11-22,156.276,160.902,155.443,160.341,349800
2024-11-25,161.996,166.254,161.996,164.009,400900
2024-11-26,162.75,165.557,160.883,164.347,318500
2024-11-27,164.531,165.402,162.121,162.625,174300
2024-11-29,163.699,164.938,162.896,163.409,100000
2024-12-02,162.934,165.247,161.628,164.56,282600
2024-12-03,164.812,164.812,159.731,160.921,199200
2024-12-04,160.66,161.957,158.289,160.921,302800
2024-12-05,161.163,161.618,159.17,159.344,217100
2024-12-06,160.399,161.337,158.482,158.928,150400
2024-12-09,159.692,161.192,158.453,158.502,217600
2024-12-10,158.115,160.805,157.098,158.715,166500
2024-12-11,159.402,161.144,158.269,158.918,376600
2024-12-12,159.392,161.463,157.234,161.357,206500
2024-12-13,161.047,161.744,159.876,160.341,241600
2024-12-16,159.576,159.847,157.147,158.724,282700
2024-12-17,157.466,157.621,154.379,156.74,380200
2024-12-18,156.673,158.26,150.469,151.272,371300
2024-12-19,153.004,155.83,150.372,150.653,287600
2024-12-20,150.411,153.527,150.149,150.653,1240500
2024-12-23,151.117,151.959,149.53,151.727,257600
2024-12-24,152.346,153.275,151.756,152.975,107000
2024-12-26,151.901,155.366,151.63,154.824,148800
2024-12-27,153.75,155.25,152.821,154.205,152200
2024-12-30,152.588,152.956,150.014,151.301,226300
2024-12-31,152.327,152.704,151.388,151.814,236900
2025-01-02,153.072,154.659,150.836,151.446,228600
2025-01-03,152.888,155.405,151.098,154.108,220700
2025-01-06,154.456,155.763,151.669,151.959,265700
2025-01-07,152.317,153.343,150.014,152.298,225800
2025-01-08,151.32,153.575,150.507,153.333,216100
2025-01-10,150.778,151.485,148.427,149.636,309400
2025-01-13,148.969,151.92,148.891,151.078,181300
2025-01-14,152.869,154.756,152.114,154.253,266400
2025-01-15,157.611,158.705,156.479,158.327,360800
2025-01-16,157.35,160.979,157.302,160.234,346100
2025-01-17,160.37,161.057,159.102,160.089,980400
2025-01-21,161.144,161.531,159.382,160.234,263300
2025-01-22,159.702,160.67,158.415,159.828,263700
2025-01-23,161.734,162.034,159.576,160.205,242500
2025-01-24,159.547,160.031,157.631,158.676,330100
2025-01-27,157.66,158.115,152.772,155.511,406900
2025-01-28,155.105,156.072,154.127,155.569,220100
2025-01-29,156.005,157.805,154.079,155.618,239300
2025-01-30,155.501,158.037,154.505,157.185,294800
2025-01-31,156.721,157.979,153.111,154.282,1017900
2025-02-03,151.059,153.769,148.862,151.156,248000
2025-02-04,151.156,153.934,149.491,153.672,245900
2025-02-05,154.572,155.24,152.956,153.353,232300
2025-02-06,154.446,155.327,151.611,151.833,306100
2025-02-07,152.24,154.069,151.311,152.85,326900
2025-02-10,153.943,154.843,151.795,152.443,409500
2025-02-11,152.008,153.701,151.504,153.092,411300
2025-02-12,150.101,160.612,150.101,157.718,529000
2025-02-13,157.892,158.289,155.221,155.889,385900
2025-02-14,157.292,161.212,157.147,160.989,509100
2025-02-18,161.699,166.883,161.096,166.231,592400
2025-02-19,164.374,165.404,161.971,163.245,489400
2025-02-20,162.506,163.031,159.326,161.514,364700
2025-02-21,161.787,162.205,158.645,160.425,576100
2025-02-24,160.999,161.057,155.115,155.329,448100
2025-02-25,155.562,157.468,154.502,156.292,318400
2025-02-26,156.048,158.276,155.98,156.758,267000
2025-02-27,157.711,158.285,154.959,155.261,185200
2025-02-28,155.815,160.026,155.513,159.958,441200
2025-03-03,161.436,162.205,153.053,154.288,241100
2025-03-04,151.506,152.323,146.109,149.182,378700
2025-03-05,149.396,152.003,148.433,151.545,294600
2025-03-06,150.3,151.934,148.949,150.524,331400
2025-03-07,149.289,151.001,143.065,146.683,562500
2025-03-10,144.222,144.835,141.927,143.609,518600
2025-03-11,143.22,145.515,141.888,142.783,406900
2025-03-12,144.183,144.193,139.748,140.672,433500
2025-03-13,140.964,140.964,130.723,132.639,761200
2025-03-14,134.127,136.85,131.297,136.801,469400
2025-03-17,135.916,139.622,135.916,138.153,329900
2025-03-18,138.056,138.523,135.508,135.683,354400
2025-03-19,124.323,137.006,124.323,135.965,431700
2025-03-20,134.924,138.425,134.924,136.607,366200
2025-03-21,135.031,138.571,134.866,137.754,624000
2025-03-24,139.524,141.596,139.33,141.168,317100
2025-03-25,141.129,142.15,139.991,140.896,276000
2025-03-26,141.071,142.705,140.322,140.633,212000
2025-03-27,140.818,141.09,139.077,140.02,252100
2025-03-28,138.98,139.797,136.062,136.646,240900
2025-03-31,134.944,140.935,134.059,139.865,517200
2025-04-01,138.581,142.753,138.202,142.248,503100
2025-04-02,140.244,147.937,140.04,147.5,485300
2025-04-03,140.04,142.141,133.281,134.788,729700
2025-04-04,129.371,132.182,124.469,130.1,676800
2025-04-07,127.241,135.819,122.096,128.496,526900
2025-04-08,133.106,135.109,124.45,126.57,422300
2025-04-09,124.887,141.538,123.886,140.643,460600
2025-04-10,136.967,138.338,132.084,134.837,365000
2025-04-11,133.66,135.975,129.974,135.294,379100
2025-04-14,137.492,138.542,134.759,137.015,302000
2025-04-15,137.385,138.931,136.354,136.821,267300
2025-04-16,135.673,137.385,132.366,134.331,360400
2025-04-17,134.817,136.908,134.331,134.788,655300
2025-04-21,133.135,133.631,126.589,130.518,678700
2025-04-22,132.376,134.885,131.433,134.195,513300
2025-04-23,139.048,143.668,129.867,131.598,561400
2025-04-24,129.41,136.082,129.41,135.313,400100
2025-04-25,132.882,134.331,132.23,133.456,234500
2025-04-28,133.242,135.323,131.841,134.38,338600
2025-04-29,133.903,134.885,132.143,134.039,290900
2025-04-30,132.318,134.195,130.061,133.893,580300
2025-05-01,135.041,136.792,132.016,135.09,581100
2025-05-02,137.171,141.207,137.171,140.74,288000
2025-05-05,139.116,141.324,139.019,139.213,259500
2025-05-06,137.054,138.708,135.936,138.173,290900
2025-05-07,139.145,140.75,136.052,137.375,496300
2025-05-08,139.038,143.541,138.484,142.539,364300
2025-05-09,142.919,142.987,139.826,140.993,281300
2025-05-12,147.344,153.15,147.11,152.265,530400
2025-05-13,152.392,156.992,152.392,155.426,568100
2025-05-14,155.008,156.7,153.704,155.494,422100
2025-05-15,154.842,155.766,153.082,153.199,290400
2025-05-16,153.277,155.134,152.567,153.977,297100
2025-05-19,152.286,154.231,151.308,152.774,270200
2025-05-20,152.657,153.644,150.8,151.288,272700
2025-05-21,148.923,150.311,147.574,147.779,309300
2025-05-22,147.632,147.906,145.423,146.948,264400
2025-05-23,143.937,146.792,143.937,145.931,250800
2025-05-27,147.398,149.245,146.371,148.952,209800
2025-05-28,149.392,149.646,146.528,146.772,280700
2025-05-29,147.72,147.72,145.462,147.329,256300
2025-05-30,146.938,147.408,143.087,143.83,1121700
2025-06-02,143.654,143.654,140.125,142.979,419300
2025-06-03,141.747,147.662,141.747,146.977,313800
2025-06-04,147.046,147.652,144.837,145.276,299900
2025-06-05,145.091,146.225,144.025,144.885,190200
2025-06-06,147.408,147.466,145.814,147.212,169500
2025-06-09,150.027,151.24,148.121,149.617,230200
2025-06-10,150.477,151.689,149.324,150.604,214100
2025-06-11,151.523,151.523,146.635,146.684,298900
2025-06-12,145.609,146.625,144.494,146.293,319500
2025-06-13,144.758,145.834,143.458,144.006,221700
2025-06-16,145.56,147.564,144.494,146.254,230400
2025-06-17,145.824,148.17,144.729,147.28,273200
2025-06-18,147.789,150.458,147.515,148.092,251700
2025-06-20,149.118,149.177,146.234,146.841,594400
2025-06-23,146.655,150.506,146.098,150.311,221500
2025-06-24,151.562,153.781,150.937,153.195,308800
2025-06-25,152.745,153.889,150.927,152.383,262600
2025-06-26,152.755,156.01,152.325,155.248,310400
2025-06-27,155.668,158.366,154.964,157.271,456300
2025-06-30,157.271,157.359,154.632,155.433,255500
2025-07-01,157.916,167.369,157.496,164.877,444400
2025-07-02,165.17,168.181,164.867,167.741,319200
2025-07-03,168.464,168.797,166.509,167.721,236900
2025-07-07,165.825,168.846,164.232,165.463,257700
2025-07-08,165.659,168.836,165.659,166.382,385800
2025-07-09,166.988,167.154,165.072,166.245,219200
2025-07-10,166.656,173.421,166.587,172.062,406500
2025-07-11,171.671,172.639,169.598,172.433,481600
2025-07-14,171.651,171.651,169.403,170.459,268300
2025-07-15,171.788,171.954,169.725,170.116,289200
2025-07-16,168.631,172.56,166.03,167.643,404100
2025-07-17,167.829,169.598,166.607,168.142,341400
2025-07-18,169.491,169.51,164.72,166.089,628600
2025-07-21,166.265,166.998,164.808,165.023,344900
2025-07-22,165.209,169.432,165.209,167.907,503500
2025-07-23,169.491,169.491,167.497,168.943,757800
2025-07-24,172.414,175.962,163.322,173.157,938500
2025-07-25,174.662,179.061,172.883,178.504,510500
2025-07-28,178.631,180.616,176.451,178.602,458300
2025-07-29,178.983,179.306,173.919,175.386,388100
2025-07-30,175.542,176.363,172.59,174.564,397700
2025-07-31,173.704,174.995,172.443,173.724,532500
2025-08-01,171.123,171.857,168.934,169.872,353400
2025-08-04,170.644,172.981,170.009,171.632,332200
2025-08-05,171.72,173.411,169.774,173.401,303400
2025-08-06,173.675,175.083,171.739,174.613,258400
2025-08-07,175.747,175.962,171.094,171.847,230700
2025-08-08,172.717,174.545,171.602,173.714,357200
2025-08-11,173.841,174.985,168.445,170.019,343000
2025-08-12,171.133,176.041,171.133,175.405,233300
2025-08-13,175.317,180.322,175.317,179.394,299200
2025-08-14,177.917,178.25,176.265,178.025,321400
2025-08-15,177.067,177.917,175.425,175.982,216100
2025-08-18,175.874,177.161,174.921,175.766,206500
2025-08-19,176.159,179.519,176.159,178.094,355700
2025-08-20,177.829,178.88,175.589,175.776,233700
2025-08-21,174.773,177.564,173.231,177.269,156800
2025-08-22,178.782,186.043,178.782,183.351,329300
2025-08-25,182.359,183.508,180.619,180.885,175300
2025-08-26,180.187,184.039,180.187,183.842,322500
2025-08-27,182.388,185.188,182.388,183.96,284600
2025-08-28,184.746,184.746,181.651,183.852,245400
2025-08-29,183.626,185.031,182.427,184.245,251000
2025-09-02,181.73,183.685,180.836,183.606,217100
2025-09-03,182.133,184.5,181.111,182.801,191100
2025-09-04,182.899,186.053,182.034,185.345,353800
2025-09-05,185.837,187.664,182.742,183.95,240300
2025-09-08,185.011,185.886,182.702,184.835,270600
2025-09-09,184.864,185.021,181.74,182.417,171700
2025-09-10,182.349,184.628,182.123,183.204,256600
2025-09-11,183.331,186.259,182.673,186.259,334300
2025-09-12,185.738,187.055,184.039,184.176,409800
2025-09-15,184.825,186.78,183.842,184.127,167300
2025-09-16,184.864,185.67,181.877,185.1,205600
2025-09-17,185.336,186.878,180.374,181.366,284200
2025-09-18,182.585,184.736,181.533,182.388,370100
2025-09-19,183.066,183.479,179.381,180.541,700900
2025-09-22,181.121,182.25,179.48,181.74,189800
2025-09-23,183.027,185.365,182.752,183.39,225200
2025-09-24,183.734,184.324,180.629,181.356,180900
2025-09-25,180.796,182.25,179.46,181.366,246700
2025-09-26,181.877,185.473,181.356,184.461,376700
2025-09-29,185.552,185.552,181.582,183.695,336400
2025-09-30,183.135,185.709,181.848,185.345,324400
2025-10-01,184.235,187.026,184.235,186.633,341200
2025-10-02,187.664,187.664,184.186,187.143,213700
2025-10-03,187.478,191.761,184.844,189.836,362700
2025-10-06,189.551,192.066,186.642,190.828,297300
2025-10-07,190.631,191.516,182.28,182.486,324500
2025-10-08,182.26,187.458,181.455,184.245,321600
2025-10-09,184.324,184.618,180.669,181.042,257600
2025-10-10,181.081,183.557,173.241,173.388,394300
2025-10-13,175.53,177.967,174.891,176.65,270900
2025-10-14,175.304,180.069,175.304,178.831,474100
2025-10-15,179.657,180.04,177.731,179.116,224600
2025-10-16,181.808,183.891,178.35,179.45,331700
2025-10-17,179.804,180.855,177.495,179.185,265200
2025-10-20,180.295,181.936,179.765,180.354,247700
2025-10-21,179.804,183.567,177.338,181.946,389200
2025-10-22,182.417,182.83,179.038,179.617,505100
2025-10-23,172.995,174.4,154.916,157.402,983300
2025-10-24,158.08,162.108,157.284,158.493,966700
2025-10-27,159.574,166.294,158.886,165.321,726900
2025-10-28,165.754,167.925,164.83,165.98,513000
2025-10-29,165.38,169.762,165.38,167.817,619100
2025-10-30,166.579,169.546,165.822,166.441,415400
2025-10-31,165.744,167.67,165.479,166.274,504100
2025-11-03,165.282,167.139,161.637,165.508,451200
2025-11-04,163.229,167.316,163.229,164.427,418000
2025-11-05,164.653,167.11,163.739,164.634,350900
2025-11-06,164.584,165.469,163.474,164.663,376600
2025-11-07,163.946,166.736,163.946,166.461,331100
2025-11-10,166.795,168.151,165.076,166.54,391000
2025-11-11,166.599,168.76,165.262,167.277,376400
2025-11-12,167.846,172.238,167.837,169.831,354800
2025-11-13,169.34,171.354,165.655,166.343,394500
2025-11-14,165.636,167.866,164.899,167.512,363200
2025-11-17,167.117,167.493,161.645,162.445,297000
2025-11-18,161.19,164.717,160.548,164.006,497100
2025-11-19,164.756,165.606,163.314,164.618,266800
2025-11-20,166.129,166.94,159.442,160.519,289400
2025-11-21,161.546,167.364,159.916,166.199,356300
2025-11-24,166.653,167.987,165.142,167.888,332100
2025-11-25,168.856,171.128,167.661,170.278,255400
2025-11-26,169.913,172.639,168.925,170.387,284200
2025-11-28,172.056,172.412,170.15,171.098,79500
2025-12-01,170.357,173.785,169.844,170.031,270700
2025-12-02,170.486,172.165,167.7,169.873,511800
2025-12-03,170.594,177.065,170.387,176.314,454800
2025-12-04,176.679,178.675,176.64,177.815,308100
2025-12-05,178.27,185.481,177.875,184.117,406800
2025-12-08,184.888,187.496,183.051,185.016,392900
2025-12-09,186.646,186.646,183.1,184.078,527300
2025-12-10,184.335,192.148,182.873,191.704,613300
2025-12-11,191.704,198.085,189.886,195.606,596400
2025-12-12,194.055,194.084,185.718,187.229,603500
2025-12-15,187.733,189.916,184.957,188.316,645000
2025-12-16,188.247,190.528,186.636,189.215,323100
2025-12-17,189.096,190.351,185.668,186.192,321300
2025-12-18,188.088,193.037,186.962,187.861,328000
2025-12-19,187.061,189.639,187.061,189.224,739400
2025-12-22,189.896,193.472,189.896,192.8,356100
2025-12-23,192.682,195.586,192.632,194.598,347200
2025-12-24,194.944,195.843,194.114,195.359,149700
2025-12-26,194.835,195.902,193.265,193.788,135900
2025-12-29,193.62,193.699,191.704,191.803,194200
2025-12-30,191.309,191.961,189.56,190.568,166700
2025-12-31,190.894,191.724,188.247,189.057,222200
2026-01-02,188.987,192.287,188.088,191.812,208100
2026-01-05,189.936,193.037,183.861,184.888,550500
2026-01-06,185.817,191.407,183.732,189.718,466300
2026-01-07,189.867,190.726,182.843,185.866,335400
2026-01-08,183.13,188.681,182.764,187.723,357400
2026-01-09,188.75,190.756,185.856,189.175,400800
2026-01-12,187.555,189.531,187.555,188.75,213000
2026-01-13,189.659,192.445,187.061,188.424,309200
2026-01-14,187.96,190.884,187.535,189.926,263100
2026-01-15,191.812,193.136,190.627,191.892,261500
2026-01-16,190.914,192.445,187.921,188.414,529200
2026-01-20,186.547,188.879,183.752,185.708,207700
2026-01-21,187.18,193.837,184.997,192.119,278000
2026-01-22,193.462,194.48,192.069,193.926,214000
2026-01-23,193.047,194.262,186.508,188.088,290100
2026-01-26,186.083,188.997,185.994,188.237,254100
2026-01-27,188.296,190.262,187.101,187.881,244400
2026-01-28,188.632,190.104,187.387,188.306,208900
2026-01-29,189.323,190.104,186.488,190.074,222500
2026-01-30,188.158,191.101,187.13,188.948,357500
2026-02-02,190.439,201.236,189.017,200.604,577900
2026-02-03,200.239,207.538,198.46,200.604,722300
2026-02-04,202.649,211.549,201.503,210.433,449100
2026-02-05,209.909,212.191,205.168,211.687,278400
2026-02-06,211.974,215.698,210.275,214.848,354600
2026-02-09,214.552,214.641,210.927,213.1,256700
2026-02-10,213.228,214.572,207.519,209.603,721100
2026-02-11,202.017,227.581,202.017,214.66,733200
2026-02-12,212.971,215.955,201.454,205.474,494000
2026-02-13,204.733,211.42,202.649,211.164,682500
2026-02-17,208.485,219.04,208.336,214.527,568400
2026-02-18,215.132,222.175,215.132,221.263,487300
2026-02-19,219.784,222.592,216.977,217.582,384700
2026-02-20,217.314,223.891,217.314,222.274,353800
2026-02-23,221.104,222.215,214.527,217.979,281200
2026-02-24,218.872,223.395,218.515,221.679,378700
2026-02-25,223.207,225.439,218.852,219.159,351800
2026-02-26,220.905,226.183,220.905,221.352,575600
2026-02-27,218.892,223.544,218.892,219.794,540600
2026-03-02,217.751,221.808,213.545,219.665,364300
2026-03-03,214.775,214.874,206.6,211.303,397300
2026-03-04,213.118,215.449,211.362,213.366,330100
2026-03-05,212.106,213.594,206.62,208.703,209200
2026-03-06,204.428,206.501,196.799,197.295,349800
2026-03-09,193.734,200.618,190.232,200.182,273100
2026-03-10,200.39,206.65,198.347,201.085,376300
2026-03-11,199.944,200.39,192.771,193.009,360600
2026-03-12,190.371,191.631,184.389,185.51,414500
2026-03-13,188.188,188.674,184.022,186.422,302500
2026-03-16,189.041,191.045,186.502,189.061,264100
2026-03-17,191.551,194.696,189.875,191.571,231700
2026-03-18,190.222,194.101,190.222,191.938,407500
2026-03-19,189.468,192.623,187.504,190.936,334300
2026-03-20,190.946,192.265,188.377,190.252,737100
2026-03-23,197.087,201.204,195.509,196.938,312800
2026-03-24,195.073,205.836,195.073,203.198,320600
2026-03-25,205.162,206.739,200.767,202.017,318900
2026-03-26,199.15,201.769,196.908,198.287,275400
2026-03-27,197.275,199.597,195.589,195.976,303300
2026-03-30,197.226,199.23,194.765,195.242,275100
2026-03-31,198.694,205.588,198.307,203.079,250300
2026-04-01,204.944,208.624,200.599,205.211,261700
2026-04-02,200.936,205.797,199.597,204.309,325000
2026-04-06,202.374,205.311,201.948,204.775,260500
2026-04-07,203.892,207.89,203.892,205.707,273900
2026-04-08,213.277,219.467,212.91,218.515,350500
2026-04-09,217.562,222.056,215.846,220.27,258600
2026-04-10,221.153,221.322,215.747,217.225,258700
2026-04-13,215.271,218.951,213.783,218.822,240600
2026-04-14,218.931,221.778,216.362,218.078,332000
2026-04-15,214.894,217.701,207.771,210.36,656900
2026-04-16,211.005,219.864,211.005,219.616,466700
2026-04-17,223.207,228.227,221.352,225.32,1028800
2026-04-20,224.308,229.744,221.669,228.236,256000
2026-04-21,229.219,231.213,226.193,229.139,330900
2026-04-22,231.113,231.689,223.356,225.766,588600
2026-04-23,232.353,244.952,228.584,240.657,744800
2026-04-24,243.315,252.135,241.371,251.321,535300
2026-04-27,251.807,254.525,246.807,247.492,535400
2026-04-28,247.333,247.571,243.424,245.736,585700
2026-04-29,246.996,249.307,242.899,243.464,594100
2026-04-30,245.309,252.214,244.347,251.748,412200
2026-05-01,255.676,256.936,247.67,247.998,355500
2026-05-04,246.004,246.004,230.875,231.113,585700
2026-05-05,232.929,238.683,232.383,238.484,408700
2026-05-06,242.462,244.268,238.196,239.635,372500
2026-05-07,241.192,244.149,239.079,239.893,395800
2026-05-08,241.728,242.105,236.302,237.234,225400
2026-05-11,238.802,238.94,229.645,230.617,589400
2026-05-12,230.32,232.413,223.137,225.945,346400
2026-05-13,226.758,228.494,223.931,225.489,348800
2026-05-14,227.294,232.859,223.187,229.219,415600
2026-05-15,226.927,229.516,225.737,229.07,369000
2026-05-18,229.359,233.153,227.845,230.614,371300
2026-05-19,229.797,231.181,226.301,227.287,372600
2026-05-20,229.588,235.583,228.273,233.84,424600
2026-05-21,232.416,239.129,227.835,237.486,307600
2026-05-22,238.511,243.212,234.109,243.013,504300
2026-05-26,243.76,249.318,242.675,247.704,266000
2026-05-27,250.393,251.429,246.718,248.381,298800
2026-05-28,245.981,251.389,243.87,247.804,418400
2026-05-29,247.326,250.692,245.095,249.835,421600
2026-06-01,247.246,252.973,246.698,252.803,573400
2026-06-02,253.969,258.371,252.226,257.016,368900
2026-06-03,256.309,260.034,255.164,259.327,292600
2026-06-04,261.289,264.516,258.899,263.888,307700
2026-06-05,264.864,268.898,263.679,264.147,286900
2026-06-08,264.675,271.557,262.713,269.844,305300
2026-06-09,271.896,277.194,266.916,275.83,470400
2026-06-10,271.886,278.858,268.828,269.157,442900
2026-06-11,271.926,280.63,271.926,279.206,404800
2026-06-12,281.776,283.1,277.921,279.196,334400
2026-06-15,279.854,279.854,271.079,276.109,649500
2026-06-16,276.886,278.748,273.001,273.549,469300
2026-06-17,273.888,273.888,264.396,265.024,467100
2026-06-18,267.852,270.412,261.797,262.305,604200
2026-06-22,262.673,266.498,259.775,263.988,355700
2026-06-23,261.946,267.225,260.432,262.295,402200
2026-06-24,261.667,265.701,259.486,259.954,419900
2026-06-25,262.982,269.117,262.225,266.836,290100
2026-06-26,265.502,267.573,255.732,259.875,907500
2026-06-29,260.203,264.625,259.148,263.43,369100
2026-06-30,263.351,264.108,257.953,262.703,403200
2026-07-01,261.488,268.32,260.93,264.924,384700
2026-07-02,267.912,268.579,259.098,259.666,336300
2026-07-06,260.532,266.219,259.297,261.428,402600
2026-07-07,262.145,266.02,259.905,264.864,306100
2026-07-08,266.508,266.976,260.741,264.287,281600
2026-07-09,267.185,271.936,266.836,268.54,176000
2026-07-10,267.892,270.551,264.675,267.822,280700
2026-07-13,268.619,269.844,264.068,264.227,251800
2026-07-14,267.683,268.699,262.474,266.976,251900
2026-07-15,268.022,269.834,260.99,263.41,430500
2026-07-16,263.41,275.88,263.41,271.956,345900
2026-07-17,269.416,274.396,267.763,270.721,515800
2026-07-20,270.89,271.219,266.368,266.607,260100
2026-07-21,269.018,275.332,265.681,273.46,325900
2026-07-22,272.932,276.945,272.932,275.252,400400
2026-07-23,271.119,271.119,262.066,266.826,599800
2026-07-24,269.376,270.043,259.128,266.597,436700
2026-07-27,265.343,270.372,261.289,267.593,537400
2026-07-28,266.279,267.424,259.018,259.078,428800
2026-07-29,258.52,259.905,252.544,257.196,505700
2026-07-30,259.944,259.944,253.521,257.126,283600
2026-07-31,259.925,261.199,255.174,255.383,311400
2026-08-03,259.496,261.847,255.363,261.299,383900
2026-08-04,264.207,268.36,263.231,267.713,265800
2026-08-05,265.91,268.689,263.46,264.466,276600
2026-08-06,264.904,264.904,261.08,261.229,165300
2026-08-07,261.319,264.227,260.632,261.13,275700
2026-08-10,260.004,262.205,258.948,259.108,265400
2026-08-11,260.333,263.53,257.315,257.544,191600
2026-08-12,258.69,264.566,258.69,261.896,414100
2026-08-13,263.341,264.426,261.399,262.106,225400
2026-08-14,260.313,265.143,259.496,262.892,202600
2026-08-17,262.733,265.9,256.518,263.629,393200
2026-08-18,263.908,263.908,258.062,258.102,234900
2026-08-19,260.632,261.359,249.417,249.527,322200
2026-08-20,247.326,249.656,245.553,246.848,261500
2026-08-21,249.547,249.945,245.891,248.72,368700
2026-08-24,250.26,252.2,243.54,244.93,261700
2026-08-25,247.51,248.01,243.64,246.18,239600
2026-08-26,247.9,251.24,247,249.64,263900
2026-08-27,248.49,250.57,246.23,248.09,226100
2026-08-28,248.96,250.74,244.95,245.86,131000
2026-08-31,246,246.4,243.31,244.46,239400
2026-09-01,244.9,246.11,241.36,243.48,272200
2026-09-02,243.98,244.51,241.5,243.13,293600
2026-09-03,244,247.86,241.98,246.97,224400
2026-09-04,245.98,250.96,245.98,248.44,183200
2026-09-08,249,249,245.87,246.89,284800
2026-09-09,247.42,247.99,243.47,244.75,214700
2026-09-10,243.84,246.19,240.56,241.6,239800
2026-09-11,244.43,245.96,240.64,243.3,199700
2026-09-14,241.6,242.78,239.32,241.13,227900
2026-09-15,242.52,243.86,240,241.16,328300
2026-09-16,240.68,241.39,235.57,237.96,290600
2026-09-17,242.36,242.36,235.42,238.92,279400
2026-09-18,241.42,241.42,234.29,238.54,436700
2026-09-21,239.32,239.32,234.13,237.14,229500
2026-09-22,239.86,241.28,236.46,236.5,223900
2026-09-23,235.58,240.41,234.3,238,175800
2026-09-24,237.23,238.56,235.3,236.25,190200
2026-09-25,236.24,238.75,234.7,235.57,204300
2026-09-28,234.7,236.72,232.93,233.93,285600
2026-09-29,227.91,231.12,226.17,230.87,310300
2026-09-30,231.71,231.71,227.79,227.86,254100
2026-10-01,227.61,235.23,223.3,230.92,286400
2026-10-02,233.87,238.33,232.56,237.24,294800
2026-10-05,239.29,240.66,235.81,235.94,393700
2026-10-06,238.5,239.97,235.97,236.17,303300
