date,open,high,low,close,volume
2004-01-02,4.78149,4.80679,4.7562,4.7562,18000
2004-01-05,4.75619,4.75619,4.49056,4.49056,40800
2004-01-06,4.5538,4.69801,4.5538,4.6803,10500
2004-01-07,4.69801,4.69801,4.56645,4.6803,34800
2004-01-08,4.6044,4.6803,4.6044,4.6803,3300
2004-01-09,4.6803,4.6803,4.59934,4.59934,8700
2004-01-12,4.5538,4.5538,4.39442,4.47791,44100
2004-01-13,4.43237,4.55381,4.32611,4.54622,25200
2004-01-14,4.5538,4.6803,4.44755,4.5538,13500
2004-01-15,4.5538,4.64235,4.5538,4.62464,21900
2004-01-16,4.51838,4.51838,4.46779,4.46779,26400
2004-01-19,4.45261,4.5538,4.45261,4.47791,13500
2004-01-20,4.47791,4.5285,4.47791,4.47791,17400
2004-01-21,4.5538,4.63476,4.49056,4.6297,177300
2004-01-22,4.5538,4.6297,4.5538,4.6297,8700
2004-01-23,4.655,4.655,4.5538,4.5538,2100
2004-01-26,4.55381,4.6803,4.55381,4.66765,12900
2004-01-27,4.5538,4.7056,4.5538,4.7056,3000
2004-01-28,4.6044,4.74355,4.6044,4.71825,66000
2004-01-29,4.5285,4.7309,4.5285,4.7309,27600
2004-01-30,4.80679,4.80679,4.69548,4.74355,59100
2004-02-02,4.80426,4.93329,4.71066,4.78149,184200
2004-02-03,4.70054,4.80679,4.70054,4.74355,18600
2004-02-04,4.655,4.75619,4.655,4.7309,15600
2004-02-05,4.6297,4.7309,4.6297,4.7309,27300
2004-02-06,4.7309,4.78149,4.6803,4.78149,69300
2004-02-09,4.63952,4.79163,4.63952,4.79163,17700
2004-02-10,4.79163,4.79163,4.75361,4.75361,132000
2004-02-11,4.7029,4.74093,4.69023,4.69023,8400
2004-02-12,4.74093,4.74093,4.69022,4.74093,62700
2004-02-13,4.77896,4.77896,4.69022,4.77896,12000
2004-02-16,4.74347,4.82966,4.74093,4.77896,53400
2004-02-17,4.84234,4.84234,4.77896,4.81699,30300
2004-02-18,4.81699,4.84234,4.79164,4.81699,140700
2004-02-19,4.85502,4.85502,4.79164,4.81699,65100
2004-02-20,4.82206,4.88037,4.82206,4.86769,3000
2004-02-23,4.88798,4.94375,4.88037,4.90572,30000
2004-02-24,4.93868,4.93868,4.9184,4.93614,24000
2004-02-25,4.94375,5.02995,4.89305,4.94375,178200
2004-02-26,4.99446,5.00713,4.93614,5.00713,171600
2004-02-27,5.00713,5.05784,4.95643,5.05784,21600
2004-03-01,5.07051,5.07812,4.94375,5.06544,17700
2004-03-02,5.04516,5.06798,4.9691,5.05784,18600
2004-03-03,5.07051,5.07051,5.00713,5.07051,34200
2004-03-04,5.07305,5.32404,5.05783,5.1922,36600
2004-03-05,5.19728,5.32404,5.07051,5.29869,14700
2004-03-08,5.22263,5.3215,5.07558,5.30629,35100
2004-03-09,5.30629,5.30629,5.19727,5.30629,17100
2004-03-10,5.19981,5.29362,5.12882,5.28601,102600
2004-03-11,5.15164,5.19727,5.07051,5.13389,23700
2004-03-12,5.13389,5.13389,4.9184,5.01981,39000
2004-03-15,5.07051,5.07051,5.01981,5.01981,14100
2004-03-16,5.04516,5.05784,5.01981,5.05784,10500
2004-03-17,5.07051,5.13389,5.07051,5.13389,35100
2004-03-18,5.12882,5.12882,5.07051,5.07051,21600
2004-03-19,5.12122,5.12122,4.88037,4.97924,13200
2004-03-22,5.12122,5.12122,4.97924,5.07051,12900
2004-03-23,4.94375,5.05784,4.94375,4.94375,3600
2004-03-24,5.00713,5.00713,4.88037,4.94375,7500
2004-03-25,4.98178,4.98178,4.62684,4.90572,78900
2004-03-26,4.99446,4.99446,4.81699,4.81699,36600
2004-03-29,4.80431,4.88797,4.79163,4.85501,56400
2004-03-30,4.85501,4.85501,4.82966,4.85501,17700
2004-03-31,4.91333,4.91333,4.82966,4.86769,50400
2004-04-01,4.86769,4.86769,4.81699,4.81699,18600
2004-04-02,4.86769,4.86769,4.75361,4.86769,30600
2004-04-05,4.9184,4.9184,4.81699,4.86769,40500
2004-04-06,4.89305,4.89305,4.84234,4.89305,27900
2004-04-07,4.85502,4.89305,4.80431,4.81699,99900
2004-04-08,4.87783,4.9184,4.81699,4.87783,29100
2004-04-12,4.85502,4.88037,4.85502,4.88037,3900
2004-04-13,4.90069,4.90323,4.86767,4.86767,16200
2004-04-14,4.86513,4.90323,4.81686,4.82702,95400
2004-04-15,4.76859,4.82702,4.71269,4.82702,7800
2004-04-16,4.70507,4.82702,4.70507,4.82702,23400
2004-04-19,4.69999,4.82702,4.69999,4.82193,6600
2004-04-20,4.71269,4.82701,4.71269,4.78891,18000
2004-04-21,4.78891,4.81431,4.71269,4.71269,9900
2004-04-22,4.7254,4.81686,4.7254,4.7254,13500
2004-04-23,4.70507,4.7635,4.70507,4.7635,4500
2004-04-26,4.7635,4.7635,4.66696,4.69999,27600
2004-04-27,4.81432,4.81432,4.57296,4.63648,23100
2004-04-28,4.7508,4.7508,4.57296,4.69491,46800
2004-04-29,4.69999,4.69999,4.57296,4.62377,15000
2004-04-30,4.7508,4.80161,4.69745,4.80161,14100
2004-05-03,4.80161,4.80161,4.7254,4.7254,16200
2004-05-04,4.79653,4.79653,4.64918,4.72286,10500
2004-05-05,4.57804,4.69999,4.57804,4.69999,26400
2004-05-06,4.67459,4.7254,4.67459,4.7254,8400
2004-05-07,4.7254,4.7254,4.67458,4.69999,314400
2004-05-10,4.82702,4.82702,4.64918,4.76096,46800
2004-05-11,4.7381,4.7381,4.54756,4.63648,16800
2004-05-12,4.68221,4.68221,4.57297,4.57297,35100
2004-05-13,4.57297,4.57297,4.50945,4.57297,43500
2004-05-14,4.57296,4.57296,4.52215,4.52215,10500
2004-05-17,4.69999,4.69999,4.51199,4.51199,8100
2004-05-18,4.57042,4.57296,4.50945,4.50945,11400
2004-05-19,4.51199,4.57297,4.50945,4.54756,32100
2004-05-20,4.57297,4.57297,4.57297,4.57297,34200
2004-05-21,4.52215,4.57296,4.52215,4.56026,33300
2004-05-25,4.57296,4.57296,4.52215,4.52215,19800
2004-05-26,4.56788,4.57296,4.50945,4.56788,287700
2004-05-27,4.56788,4.67459,4.56026,4.63648,22200
2004-05-28,4.57804,4.69999,4.5755,4.61107,70200
2004-05-31,4.69491,4.69491,4.69491,4.69491,600
2004-06-01,4.67458,4.67458,4.67458,4.67458,13800
2004-06-02,4.67458,4.79653,4.67458,4.7635,13500
2004-06-03,4.80161,4.82702,4.80161,4.82702,95400
2004-06-04,4.84988,4.87783,4.77621,4.87783,88500
2004-06-07,4.89053,4.89053,4.82702,4.82702,33900
2004-06-08,4.82701,4.88799,4.79399,4.79399,11700
2004-06-09,4.83718,4.83972,4.77621,4.83972,12000
2004-06-10,4.82702,4.82702,4.7635,4.7635,21000
2004-06-11,4.78891,4.78891,4.7762,4.7762,4500
2004-06-14,4.79907,4.80161,4.69999,4.78891,3300
2004-06-15,4.70507,4.75842,4.70507,4.74318,4500
2004-06-16,4.7254,4.77621,4.7254,4.7254,48000
2004-06-17,4.72794,4.72794,4.7254,4.7254,16500
2004-06-18,4.67967,4.76096,4.67967,4.7254,209700
2004-06-21,4.7254,4.7635,4.67967,4.7635,27000
2004-06-22,4.7635,4.7635,4.68221,4.68221,27000
2004-06-23,4.67458,4.69999,4.57296,4.67458,79200
2004-06-24,4.72794,4.72794,4.56026,4.57297,6900
2004-06-25,4.57296,4.69999,4.57296,4.63648,53700
2004-06-28,4.82702,4.89053,4.7508,4.89053,9900
2004-06-29,4.64918,4.88291,4.64918,4.88291,3900
2004-06-30,4.7508,4.81432,4.68729,4.81432,2700
2004-07-02,4.81432,4.81432,4.57297,4.57297,2700
2004-07-05,4.6695,4.6695,4.58059,4.59837,18300
2004-07-06,4.59837,4.82194,4.48404,4.59837,83100
2004-07-07,4.59329,4.72539,4.59329,4.6441,30300
2004-07-08,4.63648,4.63648,4.63648,4.63648,7800
2004-07-09,4.63648,4.73048,4.63648,4.63648,11700
2004-07-12,4.59075,4.71777,4.59075,4.71777,96600
2004-07-13,4.71777,4.7635,4.66188,4.67458,14700
2004-07-14,4.7254,4.81432,4.66188,4.66188,24000
2004-07-15,4.64918,4.74826,4.63648,4.63648,19500
2004-07-16,4.60599,4.62377,4.60345,4.62377,9300
2004-07-19,4.61868,4.63396,4.58303,4.63141,21300
2004-07-20,4.63141,4.63905,4.6085,4.63396,23100
2004-07-21,4.60086,4.63396,4.59577,4.60086,17700
2004-07-22,4.60086,4.62123,4.58304,4.59577,87300
2004-07-23,4.58304,4.62123,4.58304,4.58558,12600
2004-07-26,4.62887,4.63396,4.58558,4.58558,16800
2004-07-27,4.6085,4.6085,4.57031,4.6085,33300
2004-07-28,4.6085,4.7358,4.6085,4.61104,23100
2004-07-29,4.71798,4.71798,4.6085,4.64924,23400
2004-07-30,4.65942,4.67979,4.65942,4.67979,900
2004-08-03,4.67215,4.76126,4.67215,4.76126,17100
2004-08-04,4.71034,4.774,4.71034,4.774,5700
2004-08-05,4.774,4.83765,4.71034,4.83765,56700
2004-08-06,4.86311,4.86311,4.83765,4.86311,10800
2004-08-09,4.74854,4.9013,4.74854,4.9013,12300
2004-08-10,4.9013,4.93949,4.86056,4.93949,7500
2004-08-11,4.83765,4.92676,4.83765,4.83765,37200
2004-08-12,4.83765,4.8402,4.83765,4.83765,6000
2004-08-13,4.9013,4.92931,4.9013,4.92676,31200
2004-08-16,4.92676,4.92676,4.802,4.91149,40500
2004-08-17,4.8071,4.83765,4.8071,4.83765,1500
2004-08-18,4.83765,4.85038,4.83765,4.85038,7200
2004-08-19,4.86311,4.92676,4.86311,4.92676,113400
2004-08-20,4.9013,4.9013,4.83765,4.9013,32100
2004-08-23,4.774,4.9013,4.74854,4.9013,8400
2004-08-24,4.77654,4.83765,4.77654,4.83765,2400
2004-08-25,4.88348,4.88348,4.76127,4.85293,3900
2004-08-26,4.79946,4.86311,4.79946,4.802,3600
2004-08-27,4.86056,4.96496,4.86056,4.96496,7500
2004-08-30,4.87584,4.96496,4.87584,4.96496,5100
2004-08-31,4.96496,5.02861,4.88603,5.00315,93000
2004-09-01,5.02861,5.09226,4.96495,5.08717,168000
2004-09-02,5.08462,5.09226,4.96496,5.09226,21600
2004-09-03,4.90385,5.09226,4.90385,5.02861,62700
2004-09-07,5.02861,5.09226,4.96496,5.09226,17100
2004-09-08,5.09226,5.09226,5.09226,5.09226,48900
2004-09-09,4.99042,5.09226,4.99042,5.09226,25800
2004-09-10,5.03116,5.09226,5.03116,5.09226,11400
2004-09-13,5.09226,5.09226,5.04134,5.09226,5100
2004-09-14,5.02861,5.09226,5.02861,5.09226,2700
2004-09-15,4.9675,5.09226,4.96496,5.02861,20400
2004-09-16,5.04134,5.04134,4.96496,5.02606,97800
2004-09-17,4.96496,5.09226,4.96496,5.09226,135600
2004-09-20,5.09226,5.09226,5.03115,5.03115,9600
2004-09-21,5.05407,5.05407,5.02861,5.02861,8100
2004-09-22,5.02861,5.05407,5.02861,5.05407,24000
2004-09-23,5.04134,5.09226,5.04134,5.09226,17400
2004-09-24,5.03115,5.09226,5.03115,5.03115,97500
2004-09-27,5.09226,5.09226,5.04134,5.04134,4800
2004-09-28,5.04134,5.08717,5.04134,5.04134,6600
2004-09-29,5.0668,5.09226,5.0668,5.09226,23700
2004-09-30,5.09226,5.23485,5.09226,5.2323,75300
2004-10-01,5.2323,5.2323,5.09226,5.2323,13200
2004-10-04,5.29086,5.47418,5.21957,5.37234,120900
2004-10-05,5.34687,5.47418,5.34687,5.47418,28800
2004-10-06,5.48691,5.48691,5.38761,5.41053,15000
2004-10-07,5.46145,5.57603,5.37233,5.3978,65400
2004-10-08,5.55057,5.55057,5.45381,5.47418,6600
2004-10-12,5.72879,5.72879,5.4258,5.43599,39900
2004-10-13,5.47418,5.47418,5.28322,5.37234,27000
2004-10-14,5.37234,5.37234,5.28322,5.28322,14700
2004-10-15,5.34955,5.35465,5.29343,5.29598,37500
2004-10-18,5.3572,5.3572,5.30618,5.34445,19200
2004-10-19,5.35465,5.3572,5.30363,5.3572,12600
2004-10-20,5.3572,5.3572,5.29343,5.34445,31800
2004-10-21,5.29598,5.34955,5.29598,5.34955,8700
2004-10-22,5.3572,5.3572,5.31894,5.33169,19500
2004-10-25,5.3521,5.3572,5.22965,5.33169,26100
2004-10-26,5.3521,5.3521,5.2322,5.32914,6300
2004-10-27,5.34955,5.3572,5.26026,5.26281,22800
2004-10-28,5.3521,5.3521,5.2322,5.31893,8100
2004-10-29,5.2322,5.3572,5.2322,5.3572,6600
2004-11-01,5.2322,5.32914,5.2322,5.29343,9900
2004-11-02,5.29342,5.34445,5.24495,5.29087,9600
2004-11-03,5.28832,5.28832,5.22965,5.22965,63600
2004-11-04,5.15312,5.17863,5.1072,5.12505,14400
2004-11-05,5.16332,5.16332,5.05108,5.07148,99900
2004-11-08,5.1021,5.12761,5.1021,5.1174,72000
2004-11-09,5.16332,5.16587,5.11485,5.14036,33600
2004-11-10,5.12761,5.16587,5.12761,5.12761,919800
2004-11-11,5.12761,5.2271,5.12761,5.21689,10500
2004-11-12,5.21689,5.22965,5.18118,5.22965,18300
2004-11-15,5.22965,5.22965,5.20414,5.22965,11400
2004-11-16,5.26791,5.26791,5.20414,5.20414,12300
2004-11-17,5.20414,5.26792,5.19138,5.24751,162300
2004-11-18,5.22965,5.22965,5.17863,5.22965,10200
2004-11-19,5.22965,5.22965,5.15312,5.22965,20700
2004-11-22,5.14291,5.17863,5.12761,5.12761,4800
2004-11-23,5.17863,5.22455,5.16332,5.16332,179400
2004-11-24,5.14291,5.16587,5.1174,5.1174,12000
2004-11-25,5.16332,5.20414,5.16332,5.18373,90900
2004-11-26,5.17863,5.18628,5.04087,5.18373,41700
2004-11-29,5.16077,5.16077,5.09189,5.15822,8400
2004-11-30,5.1276,5.16587,5.10465,5.15056,12900
2004-12-01,5.1021,5.16587,5.1021,5.16587,10200
2004-12-02,5.12761,5.12761,5.03832,5.03832,15300
2004-12-03,5.03832,5.04087,5.00006,5.03832,51300
2004-12-06,5.03832,5.03832,4.97455,5.03832,107700
2004-12-07,5.07914,5.1021,5.03832,5.07659,103500
2004-12-08,5.04342,5.09955,5.03067,5.05108,57900
2004-12-09,5.03832,5.07659,5.03832,5.07659,14100
2004-12-10,5.04342,5.1021,5.03832,5.04087,28800
2004-12-13,5.08934,5.1021,5.05108,5.07659,79500
2004-12-14,5.05363,5.16332,5.05363,5.16332,13800
2004-12-15,5.1072,5.1072,5.097,5.1021,49200
2004-12-16,5.08679,5.1021,5.07659,5.1021,104400
2004-12-17,5.16587,5.22965,5.07659,5.22965,39300
2004-12-20,5.22965,5.29087,5.17863,5.22965,82200
2004-12-21,5.3419,5.3419,5.15312,5.29343,47700
2004-12-22,5.16587,5.43628,5.16587,5.29087,29100
2004-12-23,5.25516,5.30873,5.25516,5.30618,45300
2004-12-24,5.30618,5.43373,5.30618,5.43373,23400
2004-12-29,5.43118,5.43118,5.38271,5.43118,2700
2004-12-30,5.43373,5.55619,5.43373,5.55363,117000
2004-12-31,5.42608,5.60721,5.42608,5.60465,10800
2005-01-04,5.60465,5.60465,5.17863,5.17863,12300
2005-01-05,5.57404,5.57404,5.27812,5.45414,26400
2005-01-06,5.3572,5.48475,5.3572,5.48475,37800
2005-01-07,5.5868,5.5868,5.48475,5.48475,4800
2005-01-10,5.56894,5.58425,5.48475,5.48475,28500
2005-01-11,5.44649,5.472,5.42353,5.472,8100
2005-01-12,5.44649,5.48475,5.44649,5.44649,24600
2005-01-13,5.45924,5.48475,5.45924,5.48475,6300
2005-01-14,5.48475,5.52302,5.48475,5.48475,11700
2005-01-17,5.48731,5.68884,5.48476,5.68884,17100
2005-01-18,5.68884,5.73986,5.66333,5.66333,21000
2005-01-19,5.62506,5.73986,5.61231,5.73986,11100
2005-01-20,5.53577,5.68374,5.53577,5.61486,15300
2005-01-21,5.73731,5.73731,5.61741,5.73731,2700
2005-01-24,5.62761,5.63782,5.61486,5.61486,12300
2005-01-25,5.57659,5.64802,5.56129,5.56129,147900
2005-01-26,5.54853,5.61231,5.48475,5.61231,122400
2005-01-27,5.73986,5.73986,5.54853,5.54853,60900
2005-01-28,5.73986,5.73986,5.54853,5.54853,219900
2005-01-31,5.55618,5.68629,5.55618,5.66333,146700
2005-02-01,5.65057,5.7271,5.61231,5.61486,41100
2005-02-02,5.67608,5.68629,5.63272,5.65057,52500
2005-02-03,5.65057,5.67608,5.63782,5.67353,23100
2005-02-04,5.70159,5.72711,5.61741,5.68884,126000
2005-02-07,5.71441,5.72719,5.65304,5.72719,47400
2005-02-08,5.75276,5.81668,5.72975,5.81668,25800
2005-02-09,5.81668,5.9394,5.77833,5.83202,47700
2005-02-10,5.90616,5.90616,5.83202,5.83713,48900
2005-02-11,5.86782,5.8806,5.82179,5.82179,11400
2005-02-14,5.89338,5.90616,5.81668,5.90616,36900
2005-02-15,5.90616,5.9573,5.83202,5.8806,11100
2005-02-16,5.99565,6.08258,5.88315,6.07236,30000
2005-02-17,6.11071,6.11071,5.81668,5.99309,29100
2005-02-18,6.07236,6.07236,5.84225,5.90872,28200
2005-02-21,5.83458,6.11071,5.83458,5.96753,48000
2005-02-22,5.89338,5.98287,5.89338,5.97009,30900
2005-02-23,6.00843,6.13627,5.97008,6.12349,38400
2005-02-24,6.12093,6.12349,5.94452,5.94452,104700
2005-02-25,6.02889,6.02889,5.93429,5.98031,7200
2005-02-28,6.00844,6.00844,5.70162,5.72719,82800
2005-03-01,5.9394,5.9394,5.72719,5.75531,25200
2005-03-02,5.76043,5.77832,5.72719,5.75276,39600
2005-03-03,5.75276,5.75276,5.71441,5.74509,18600
2005-03-04,5.87548,6.02122,5.87548,5.98287,15600
2005-03-07,5.98287,5.98287,5.86014,5.94452,112800
2005-03-08,6.034,6.04679,5.88315,6.04679,12300
2005-03-09,6.04679,6.04679,5.88827,5.88827,4200
2005-03-10,6.00843,6.08514,6.00843,6.08514,24600
2005-03-11,6.08514,6.09793,6.00844,6.03656,48900
2005-03-14,6.12349,6.13372,6.04679,6.12349,14400
2005-03-15,6.13627,6.16184,6.12349,6.12349,28200
2005-03-16,6.08514,6.16184,6.08514,6.14906,69600
2005-03-17,6.16184,6.1823,6.13628,6.13628,8400
2005-03-18,6.13628,6.13628,6.07236,6.07236,8700
2005-03-21,6.07236,6.17463,6.04935,6.13628,9300
2005-03-22,6.13628,6.22576,6.13628,6.22576,21900
2005-03-23,6.25133,6.27946,6.20019,6.21298,14700
2005-03-24,6.28968,6.3894,6.20019,6.26411,16800
2005-03-28,6.13883,6.17463,6.05957,6.05957,48000
2005-03-29,6.13372,6.13628,6.01099,6.04679,14100
2005-03-30,6.034,6.13628,6.00844,6.13628,215700
2005-03-31,6.18741,6.40474,6.18741,6.39195,30300
2005-04-01,6.3894,6.63485,6.30247,6.63485,48900
2005-04-04,6.67831,6.67831,6.57093,6.58371,19800
2005-04-05,6.64252,6.64763,6.57093,6.64252,30600
2005-04-06,6.64252,6.64763,6.62207,6.64763,36900
2005-04-07,6.60928,6.63485,6.39195,6.39195,28200
2005-04-08,6.50701,6.51724,6.39451,6.51724,16500
2005-04-11,6.49422,6.51724,6.39195,6.39195,54600
2005-04-12,6.5303,6.5303,6.40476,6.40476,44100
2005-04-13,6.52004,6.52004,6.34071,6.4022,18900
2005-04-14,6.53286,6.53286,6.40476,6.46881,16200
2005-04-15,6.46881,6.46881,6.37915,6.37915,15900
2005-04-18,6.46881,6.46881,6.0794,6.34071,41100
2005-04-19,6.30229,6.30229,6.16138,6.17419,5100
2005-04-20,6.19981,6.27411,6.19981,6.21774,9000
2005-04-21,6.21262,6.27411,6.1537,6.27411,10500
2005-04-22,6.27411,6.34072,6.21262,6.21262,18900
2005-04-25,6.21262,6.32534,6.17419,6.17675,30300
2005-04-26,6.187,6.34072,6.187,6.28179,10200
2005-04-27,6.25361,6.39964,6.25361,6.39964,6300
2005-04-28,6.39964,6.39964,6.26642,6.39195,5100
2005-04-29,6.38939,6.38939,6.25361,6.38427,8100
2005-05-02,6.40476,6.40476,6.37915,6.37915,18300
2005-05-03,6.3151,6.37402,6.3151,6.37402,7200
2005-05-04,6.37402,6.37402,6.3151,6.36634,6600
2005-05-05,6.3151,6.3484,6.30229,6.30229,6000
2005-05-06,6.34072,6.37915,6.25105,6.32534,41400
2005-05-09,6.37914,6.37914,6.27667,6.27667,5700
2005-05-10,6.25105,6.34071,6.25105,6.27667,12600
2005-05-11,6.26642,6.27667,6.15113,6.16394,15000
2005-05-12,6.09221,6.14857,6.08709,6.08709,18300
2005-05-13,6.18444,6.21262,6.04866,6.04866,18600
2005-05-16,6.02048,6.07172,5.99486,6.02048,28500
2005-05-17,5.94362,5.94362,5.82833,5.918,32100
2005-05-18,5.79247,5.94362,5.77453,5.94362,29400
2005-05-19,5.94362,5.94362,5.86676,5.86676,9900
2005-05-20,5.93081,5.93081,5.84114,5.89238,6300
2005-05-24,5.7899,5.89238,5.76429,5.89238,23400
2005-05-25,5.89238,5.918,5.78991,5.80272,17100
2005-05-26,5.89238,5.89238,5.80528,5.81296,10200
2005-05-27,5.82065,5.88982,5.78991,5.81296,21900
2005-05-30,5.8847,5.88726,5.83346,5.84627,10800
2005-05-31,5.88213,5.89238,5.87189,5.87189,39900
2005-06-01,5.95643,6.08453,5.95643,6.02048,23100
2005-06-02,6.02304,6.0461,5.88213,5.89238,6900
2005-06-03,5.89238,5.918,5.89238,5.89238,12000
2005-06-06,5.89238,5.96924,5.89238,5.96924,5700
2005-06-07,5.90775,6.08453,5.89494,6.08453,26400
2005-06-08,6.08453,6.08453,5.92056,6.06659,26100
2005-06-09,6.08453,6.08453,6.03329,6.08453,15000
2005-06-10,6.02048,6.08453,6.02048,6.08453,6000
2005-06-13,5.9385,6.0461,5.9385,6.0461,3900
2005-06-14,6.0461,6.08453,5.96924,6.08453,110700
2005-06-15,6.0461,6.0461,5.90775,5.94362,11100
2005-06-16,6.03329,6.03329,5.84114,5.89495,20100
2005-06-17,6.01535,6.01535,5.90007,5.9923,7500
2005-06-20,5.93081,5.9923,5.86676,5.89238,14100
2005-06-21,5.95643,5.95643,5.80271,5.92569,30900
2005-06-22,5.86932,5.90519,5.84114,5.85395,15900
2005-06-23,5.86676,5.86676,5.76429,5.76429,45300
2005-06-24,5.83858,5.88982,5.7771,5.7771,12000
2005-06-27,5.80272,5.91544,5.76429,5.91544,22800
2005-06-28,5.76685,5.89238,5.76429,5.76429,45000
2005-06-29,5.70024,5.8642,5.70024,5.82834,42900
2005-06-30,5.88982,5.91544,5.76685,5.76685,9300
2005-07-04,5.8847,5.8847,5.76429,5.76429,16500
2005-07-05,5.84114,6.08196,5.84114,6.02048,25200
2005-07-06,6.02048,6.08453,6.02048,6.08453,39600
2005-07-07,6.07172,6.07172,5.95899,6.02048,17400
2005-07-08,6.07171,6.07171,5.95899,6.0461,6600
2005-07-11,6.07172,6.08453,5.99486,5.99486,31800
2005-07-12,5.99486,6.03073,5.88726,6.03073,50400
2005-07-13,5.90775,6.03585,5.89238,5.91288,9000
2005-07-14,5.90519,6.01792,5.82833,5.90775,29700
2005-07-15,5.91802,6.0387,5.90519,6.03099,27600
2005-07-18,5.96937,6.00532,5.90775,5.9437,21900
2005-07-19,6.09775,6.09775,5.95654,6.08491,50400
2005-07-20,6.08491,6.08491,5.96937,5.96937,4500
2005-07-21,5.96937,5.96937,5.96937,5.96937,0
2005-07-22,6.0618,6.0618,6.00275,6.00275,14100
2005-07-25,6.10545,6.10545,6.00275,6.0695,10200
2005-07-26,6.01045,6.06694,6.00789,6.00789,6300
2005-07-27,5.99505,6.00789,5.90519,6.00789,354900
2005-07-28,5.90775,6.02072,5.90519,6.02072,10200
2005-07-29,6.03099,6.03099,5.90775,5.95654,28500
2005-08-02,6.00789,6.03356,6.00789,6.00789,38700
2005-08-03,6.00788,6.04126,5.91289,5.93086,122400
2005-08-04,5.96937,6.05924,5.96937,6.00789,37200
2005-08-05,6.03356,6.0387,5.93343,6.00789,75900
2005-08-08,6.08491,6.08491,6.00789,6.03356,57900
2005-08-09,6.01045,6.09518,5.98221,5.98221,40500
2005-08-10,5.96937,6.15937,5.96937,6.1491,61200
2005-08-11,6.00789,6.1568,6.00789,6.15423,10800
2005-08-12,6.16707,6.31598,6.09775,6.16707,26400
2005-08-15,6.16193,6.16193,6.03356,6.13369,12300
2005-08-16,6.09775,6.22612,6.09775,6.10545,7800
2005-08-17,6.09775,6.16193,6.03613,6.03613,20400
2005-08-18,6.15937,6.16193,6.0618,6.14139,3300
2005-08-19,6.03613,6.1491,6.03613,6.1491,6900
2005-08-22,6.16193,6.18761,6.16193,6.18761,6300
2005-08-23,6.1491,6.1491,6.03613,6.13369,7500
2005-08-24,6.15423,6.17477,6.09775,6.16193,7500
2005-08-25,6.16193,6.16193,6.04897,6.0618,7200
2005-08-26,6.09775,6.17477,6.09775,6.16193,21900
2005-08-29,6.04896,6.16193,6.04896,6.14653,18900
2005-08-30,6.09004,6.1491,6.09004,6.1491,4200
2005-08-31,6.16193,6.16193,6.09004,6.15937,5100
2005-09-01,6.10802,6.13369,6.10032,6.13369,7200
2005-09-02,6.10802,6.16193,6.03613,6.05923,36600
2005-09-06,6.03613,6.14396,6.03356,6.03356,10500
2005-09-07,6.03869,6.14139,6.03869,6.04896,19800
2005-09-08,6.15937,6.31342,6.0387,6.31342,1326600
2005-09-09,6.34166,6.34166,6.1645,6.32112,11100
2005-09-12,6.19018,6.31085,6.15937,6.16707,10800
2005-09-13,6.16707,6.30315,6.16194,6.1645,10200
2005-09-14,6.16194,6.19788,6.11059,6.13883,16200
2005-09-15,6.03869,6.18504,6.03869,6.18504,15900
2005-09-16,6.09775,6.30571,6.09775,6.16193,50100
2005-09-19,6.16193,6.18761,6.16193,6.16193,44700
2005-09-20,6.16193,6.16193,6.03869,6.0464,18900
2005-09-21,6.15937,6.15937,5.90519,5.90519,12300
2005-09-22,5.90775,6.03356,5.90775,6.03356,309900
2005-09-23,6.00532,6.00789,5.96937,6.00789,161700
2005-09-26,6.00789,6.08234,5.87951,5.87951,25500
2005-09-27,5.90519,5.90519,5.40453,5.59196,643800
2005-09-28,5.65357,5.88465,5.65357,5.70492,642000
2005-09-29,5.64844,5.7383,5.58425,5.7383,59700
2005-09-30,5.60993,5.69979,5.60993,5.64844,123300
2005-10-03,5.85897,5.85897,5.64844,5.72546,24300
2005-10-04,5.72546,5.77681,5.69979,5.7383,31200
2005-10-05,5.71263,5.77168,5.64844,5.71006,14700
2005-10-06,5.71263,5.78468,5.66117,5.69976,13500
2005-10-07,5.70234,5.7255,5.66117,5.66117,21600
2005-10-11,5.66374,5.7255,5.66117,5.67918,13200
2005-10-12,5.66374,5.7255,5.66374,5.72292,25500
2005-10-13,5.72292,5.7255,5.67403,5.67403,19200
2005-10-14,5.66117,5.69719,5.66117,5.67403,3600
2005-10-17,5.69976,5.69976,5.66117,5.66117,78900
2005-10-18,5.63544,5.66117,5.62257,5.63544,22200
2005-10-19,5.54537,5.66117,5.54537,5.55309,62700
2005-10-20,5.5325,5.63544,5.52221,5.63544,18600
2005-10-21,5.63543,5.64573,5.58397,5.58397,21600
2005-10-24,5.59941,5.66117,5.59941,5.65859,10200
2005-10-25,5.66117,5.66117,5.6097,5.6097,6600
2005-10-26,5.66117,5.66117,5.63543,5.66117,7800
2005-10-27,5.66117,5.66117,5.59683,5.6483,48300
2005-10-28,5.6097,5.65859,5.6097,5.65859,3300
2005-10-31,5.6097,5.65859,5.6097,5.63544,6600
2005-11-01,5.60198,5.66117,5.58397,5.6097,29100
2005-11-02,5.58397,5.59426,5.53251,5.59426,30300
2005-11-03,5.59684,5.59684,5.58397,5.58397,51900
2005-11-04,5.5325,5.5325,5.28804,5.40384,336000
2005-11-07,5.37811,5.40384,5.27518,5.27518,179700
2005-11-08,5.2829,5.33694,5.2829,5.2829,6300
2005-11-09,5.39612,5.39612,5.29062,5.36524,5100
2005-11-10,5.27775,5.39869,5.27518,5.36524,12600
2005-11-11,5.27775,5.27775,5.27518,5.27518,152100
2005-11-14,5.21599,5.21599,5.14651,5.14651,27600
2005-11-15,5.14652,5.14652,5.09505,5.09505,51900
2005-11-16,5.09505,5.18511,5.08218,5.17225,377400
2005-11-17,5.28547,5.3498,5.10792,5.12336,19200
2005-11-18,5.12336,5.29062,5.12336,5.21085,44100
2005-11-21,5.14909,5.17482,5.14652,5.17225,9300
2005-11-22,5.2443,5.39612,5.2443,5.39612,16200
2005-11-23,5.39612,5.52993,5.27003,5.40384,12900
2005-11-24,5.32665,5.52993,5.32665,5.37811,26400
2005-11-25,5.38583,5.53508,5.38583,5.53508,15000
2005-11-28,5.52993,5.78983,5.52993,5.78983,5400
2005-11-29,5.6483,5.79497,5.6483,5.7924,6900
2005-11-30,5.68947,5.72292,5.59684,5.72292,4200
2005-12-01,5.66374,5.67403,5.6483,5.67403,53400
2005-12-02,5.68947,5.90563,5.68947,5.90563,15600
2005-12-05,5.90563,5.95452,5.7641,5.91849,18900
2005-12-06,6.02142,6.04715,5.91849,5.91849,22800
2005-12-07,6.06002,6.06002,5.91849,5.91849,9300
2005-12-08,5.91849,5.91849,5.91849,5.91849,45600
2005-12-09,5.93136,5.93136,5.91849,5.93136,21900
2005-12-12,5.91849,6.04458,5.91849,6.04458,6900
2005-12-13,5.91849,6.02142,5.78983,6.02142,8700
2005-12-14,5.94423,6.02142,5.91849,5.92107,4500
2005-12-15,5.91849,5.96738,5.91849,5.94422,18000
2005-12-16,5.91849,5.99312,5.91849,5.98282,12900
2005-12-19,5.86703,5.98282,5.86703,5.98282,33000
2005-12-20,5.98282,5.98282,5.93136,5.96996,4500
2005-12-21,5.87475,6.11149,5.87475,6.11149,37200
2005-12-22,6.11149,6.11149,6.04715,6.09862,15600
2005-12-23,6.10634,6.10634,6.07289,6.09862,7800
2005-12-28,6.04715,6.04715,6.04715,6.04715,58800
2005-12-29,6.07289,6.09862,6.04715,6.04715,8100
2005-12-30,6.04715,6.09862,6.04715,6.09862,2700
2006-01-03,6.01113,6.03429,5.99826,6.03429,21300
2006-01-04,6.03429,6.11149,6.03429,6.11149,18300
2006-01-05,6.11149,6.11149,6.03429,6.03429,21000
2006-01-06,6.02657,6.03429,5.91849,6.02142,50700
2006-01-09,5.92107,5.98282,5.91849,5.98282,338100
2006-01-10,5.7255,5.85416,5.7255,5.82843,30000
2006-01-11,5.84129,5.85416,5.84129,5.84387,4200
2006-01-12,5.82843,5.9751,5.82843,5.87217,6900
2006-01-13,5.95709,5.95709,5.8696,5.8696,8100
2006-01-16,5.87989,5.91592,5.7538,5.78983,18600
2006-01-17,5.84901,5.84901,5.7641,5.84901,15300
2006-01-18,5.84901,5.84901,5.66888,5.7255,15300
2006-01-19,5.7255,5.78983,5.7255,5.78983,29700
2006-01-20,5.68175,5.85416,5.68175,5.85416,23400
2006-01-23,5.78983,5.78983,5.7255,5.77439,42300
2006-01-24,5.84129,5.84129,5.78983,5.84129,115500
2006-01-25,5.79755,5.79755,5.70234,5.78983,13500
2006-01-26,5.78983,5.78983,5.41671,5.46817,17700
2006-01-27,5.40384,5.52993,5.40384,5.40384,18900
2006-01-30,5.40384,5.55566,5.37811,5.43215,16800
2006-01-31,5.4553,5.58397,5.4553,5.4553,62700
2006-02-01,5.51706,5.58397,5.48104,5.5428,13500
2006-02-02,5.66117,5.66117,5.39097,5.5428,10800
2006-02-03,5.46817,5.56853,5.4553,5.4553,12000
2006-02-06,5.67465,5.67465,5.41918,5.43466,1182600
2006-02-07,5.43466,5.48369,5.41918,5.48369,18300
2006-02-08,5.41918,5.62304,5.40627,5.62304,123900
2006-02-09,5.55337,5.57401,5.54047,5.54305,13200
2006-02-10,5.46047,5.67723,5.43982,5.59724,30000
2006-02-13,5.54304,5.66175,5.54304,5.61014,39600
2006-02-14,5.62304,5.66433,5.48885,5.51466,15900
2006-02-15,5.51208,5.61014,5.40628,5.53272,34200
2006-02-16,5.51982,5.54821,5.48369,5.54821,21600
2006-02-17,5.52498,5.66949,5.5224,5.66949,2700
2006-02-20,5.67207,5.67207,5.57401,5.63853,13200
2006-02-21,5.55079,5.64885,5.48369,5.48369,17700
2006-02-22,5.54821,5.61014,5.48369,5.5224,65100
2006-02-23,5.49659,5.5224,5.43208,5.48369,23700
2006-02-24,5.48369,5.48369,5.44498,5.44498,14700
2006-02-27,5.65659,5.65659,5.45014,5.5353,18000
2006-02-28,5.45789,5.48369,5.43208,5.44498,65100
2006-03-01,5.42176,5.48111,5.41918,5.41918,12300
2006-03-02,5.47595,5.47595,5.40628,5.40628,57600
2006-03-03,5.41918,5.48369,5.39337,5.47079,26400
2006-03-06,5.39337,5.48111,5.39337,5.40885,27300
2006-03-07,5.39853,5.46305,5.39853,5.41144,32700
2006-03-08,5.42176,5.47595,5.42176,5.47595,8100
2006-03-09,5.48369,5.48369,5.41918,5.48369,336900
2006-03-10,5.47595,5.5224,5.45789,5.51982,64800
2006-03-13,5.48886,5.51982,5.48886,5.48886,12600
2006-03-14,5.41918,5.49402,5.41918,5.49402,16500
2006-03-15,5.5095,5.5095,5.41918,5.42692,76800
2006-03-16,5.43208,5.48111,5.41918,5.41918,32100
2006-03-17,5.41918,5.48111,5.41918,5.44756,7200
2006-03-20,5.48369,5.48369,5.39337,5.41918,96000
2006-03-21,5.41918,5.54821,5.4166,5.54821,42300
2006-03-22,5.58691,5.58691,5.43466,5.46047,31800
2006-03-23,5.48369,5.48369,5.42434,5.47079,70500
2006-03-24,5.44498,5.47079,5.44498,5.45789,129300
2006-03-27,5.43208,5.44498,5.43208,5.43208,4200
2006-03-28,5.43208,5.48111,5.43208,5.48111,10200
2006-03-29,5.54563,5.59982,5.48369,5.54821,8100
2006-03-30,5.51208,5.62562,5.51208,5.58692,32100
2006-03-31,5.67208,5.67208,5.61272,5.64369,33300
2006-04-03,5.65917,5.84239,5.6153,5.80368,22500
2006-04-04,5.74175,5.82949,5.74175,5.82949,15000
2006-04-05,5.93013,6.06432,5.92239,6.03851,29100
2006-04-06,6.0669,6.0669,5.87078,5.87078,36900
2006-04-07,5.87078,5.9069,5.87078,5.87078,6600
2006-04-10,5.87078,5.89142,5.74433,5.88368,12900
2006-04-11,5.82417,5.8992,5.74396,5.74396,3600
2006-04-12,5.74396,5.819,5.74396,5.76984,19200
2006-04-13,5.71291,5.81382,5.56285,5.61459,20100
2006-04-17,5.65599,5.79571,5.64047,5.79571,11400
2006-04-18,5.65858,5.73361,5.65858,5.72326,13800
2006-04-19,5.6534,5.73103,5.6534,5.70515,350100
2006-04-20,5.69221,5.87074,5.69221,5.73361,8700
2006-04-21,5.71032,5.7569,5.71032,5.7569,4800
2006-04-24,5.69222,5.819,5.69222,5.80088,42000
2006-04-25,5.80865,5.80865,5.69222,5.6948,529500
2006-04-26,5.69221,5.79312,5.69221,5.79312,6900
2006-04-27,5.69998,5.71809,5.69739,5.69739,1800
2006-04-28,5.69221,5.71809,5.69221,5.71809,22500
2006-05-01,5.58872,5.71809,5.58872,5.69221,31800
2006-05-02,5.7569,5.7569,5.6534,5.69221,51600
2006-05-03,5.69221,5.75172,5.69221,5.75172,38700
2006-05-04,5.70515,5.85263,5.70515,5.73102,135300
2006-05-05,5.73102,5.84228,5.73102,5.7569,14400
2006-05-08,5.819,5.819,5.69221,5.69221,42300
2006-05-09,5.52404,5.62235,5.43865,5.56285,225300
2006-05-10,5.56285,5.69221,5.4904,5.56285,83100
2006-05-11,5.56285,5.62494,5.56285,5.59389,19200
2006-05-12,5.56026,5.79829,5.56026,5.77242,20700
2006-05-15,5.78277,5.78277,5.56543,5.56543,14400
2006-05-16,5.56543,5.69221,5.56543,5.68963,12000
2006-05-17,5.62753,5.82935,5.62753,5.82935,5400
2006-05-18,5.70774,5.7569,5.62753,5.68963,11400
2006-05-19,5.63012,5.69221,5.50075,5.62753,244200
2006-05-23,5.56543,5.57578,5.56285,5.56285,39300
2006-05-24,5.56285,5.73361,5.56285,5.61718,8400
2006-05-25,5.67151,5.67151,5.57578,5.66634,9900
2006-05-26,5.62753,5.71033,5.56543,5.65082,7800
2006-05-29,5.65082,5.69221,5.65082,5.69221,12600
2006-05-30,5.69221,5.74396,5.69221,5.70774,8100
2006-05-31,5.71809,5.80606,5.71809,5.79312,25800
2006-06-01,5.79571,5.79571,5.69221,5.73102,7800
2006-06-02,5.80347,5.80347,5.74396,5.79571,15600
2006-06-05,5.7569,5.79571,5.69221,5.79571,23100
2006-06-06,5.79571,5.80606,5.79571,5.79571,76500
2006-06-07,5.7569,5.80864,5.7569,5.7569,6600
2006-06-08,5.7569,5.7569,5.56285,5.56285,15600
2006-06-09,5.68963,5.71809,5.57578,5.68704,27000
2006-06-12,5.69222,5.69222,5.57578,5.58872,4500
2006-06-13,5.59131,5.68963,5.49816,5.58872,14100
2006-06-14,5.56285,5.58872,5.56285,5.58872,3600
2006-06-15,5.66634,5.67928,5.56543,5.60166,77100
2006-06-16,5.67669,5.67928,5.57837,5.57837,3000
2006-06-19,5.62753,5.62753,5.56026,5.57578,16500
2006-06-20,5.449,5.58355,5.449,5.58355,4200
2006-06-21,5.58354,5.58354,5.44641,5.44641,1800
2006-06-22,5.43607,5.5732,5.43607,5.55767,2700
2006-06-23,5.55249,5.55249,5.43606,5.43606,7800
2006-06-26,5.57061,5.57061,5.45159,5.56026,7200
2006-06-27,5.43606,5.49557,5.36879,5.43348,69000
2006-06-28,5.39725,5.43606,5.39467,5.43348,8100
2006-06-29,5.43606,5.43606,5.43348,5.43606,6600
2006-06-30,5.48264,5.57578,5.43865,5.57578,11400
2006-07-04,5.57578,5.57578,5.43865,5.43865,3900
2006-07-05,5.49816,5.49816,5.44641,5.48522,81000
2006-07-06,5.47229,5.49816,5.30928,5.49557,14100
2006-07-07,5.49557,5.49816,5.43348,5.47487,282600
2006-07-10,5.47487,5.48522,5.44641,5.44641,2400
2006-07-11,5.44124,5.48522,5.44124,5.47229,6900
2006-07-12,5.44124,5.49816,5.43348,5.44641,416100
2006-07-13,5.49816,5.49816,5.43606,5.43606,6300
2006-07-14,5.50592,5.50592,5.50592,5.50592,14400
2006-07-17,5.53965,5.53965,5.44884,5.50852,22500
2006-07-18,5.50852,5.51371,5.45143,5.45143,41400
2006-07-19,5.44884,5.44884,5.44884,5.44884,6600
2006-07-20,5.44884,5.48516,5.42289,5.47479,11400
2006-07-21,5.47479,5.47479,5.47479,5.47479,4500
2006-07-24,5.45143,5.50073,5.44884,5.44884,45000
2006-07-25,5.43587,5.43587,5.31911,5.33208,15600
2006-07-26,5.33208,5.371,5.25424,5.371,845400
2006-07-27,5.43587,5.44884,5.38397,5.44884,8400
2006-07-28,5.33208,5.54225,5.3191,5.44884,58200
2006-07-31,5.50073,5.50073,5.44884,5.44884,16500
2006-08-01,5.51371,5.55003,5.45144,5.55003,14400
2006-08-02,5.55263,5.55263,5.55263,5.55263,900
2006-08-03,5.55263,5.55263,5.45143,5.45143,1800
2006-08-04,5.45403,5.47479,5.41251,5.44884,30300
2006-08-08,5.44884,5.48776,5.38397,5.48776,6900
2006-08-09,5.48776,5.60712,5.48776,5.60712,29400
2006-08-10,5.60712,5.63047,5.57857,5.57857,16800
2006-08-11,5.57857,5.57857,5.57857,5.57857,3300
2006-08-14,5.57857,5.62787,5.57857,5.62787,787800
2006-08-15,5.57857,5.62787,5.57857,5.57857,15000
2006-08-16,5.57857,5.59155,5.57857,5.57857,9000
2006-08-17,5.63047,5.63047,5.57857,5.57857,3900
2006-08-18,5.57857,5.6123,5.57857,5.59155,3600
2006-08-21,5.58117,5.67198,5.57857,5.57857,152400
2006-08-22,5.57858,5.62528,5.49814,5.49814,108900
2006-08-23,5.49814,5.57598,5.49814,5.57598,2100
2006-08-24,5.50333,5.57598,5.50074,5.57598,3000
2006-08-25,5.47738,5.55522,5.46181,5.47998,3600
2006-08-28,5.47998,5.47998,5.47998,5.47998,900
2006-08-29,5.46181,5.51371,5.46181,5.46441,7200
2006-08-30,5.46441,5.51111,5.46181,5.51111,17400
2006-08-31,5.46441,5.53706,5.46182,5.53706,21300
2006-09-01,5.48776,5.51371,5.48776,5.51371,7800
2006-09-05,5.51371,5.57857,5.51371,5.56041,29100
2006-09-06,5.59155,5.60712,5.5656,5.5656,27000
2006-09-07,5.58636,5.68236,5.5656,5.68236,154800
2006-09-08,5.60452,5.60452,5.47479,5.54225,104700
2006-09-11,5.47479,5.51111,5.47479,5.51111,2100
2006-09-12,5.44884,5.46441,5.44884,5.46181,5100
2006-09-13,5.51111,5.51111,5.46441,5.46441,1500
2006-09-14,5.46441,5.46441,5.46181,5.46181,4800
2006-09-15,5.46182,5.57079,5.46182,5.57079,30600
2006-09-18,5.46181,5.46441,5.46181,5.46181,3900
2006-09-19,5.46181,5.52149,5.46181,5.46181,18300
2006-09-20,5.46181,5.51111,5.46181,5.51111,7200
2006-09-21,5.46181,5.467,5.44884,5.44884,304500
2006-09-22,5.44884,5.44884,5.25424,5.44884,406500
2006-09-25,5.34505,5.44884,5.34505,5.39695,83700
2006-09-26,5.33467,5.44884,5.33208,5.39695,13800
2006-09-27,5.39694,5.48516,5.39694,5.44884,18000
2006-09-28,5.44884,5.48776,5.39695,5.48776,5700
2006-09-29,5.45143,5.45143,5.45143,5.45143,1500
2006-10-02,5.44884,5.51371,5.44884,5.51371,4500
2006-10-03,5.44884,5.47479,5.38397,5.44625,115500
2006-10-04,5.44625,5.57857,5.40992,5.51371,31800
2006-10-05,5.44884,5.83804,5.44884,5.68236,35400
2006-10-06,5.83804,5.86399,5.64344,5.70831,17400
2006-10-10,5.60712,6.40628,5.60712,5.94183,31800
2006-10-11,5.72128,6.09751,5.72128,6.09232,96000
2006-10-12,6.08713,6.08713,5.92107,6.03264,210900
2006-10-13,5.89772,6.04562,5.89772,6.04562,12300
2006-10-16,6.04822,6.04822,5.85572,6.04822,14400
2006-10-17,5.94416,6.21731,5.94416,6.21731,113700
2006-10-18,6.21731,6.37339,6.17829,6.23032,47100
2006-10-19,6.22771,6.22771,6.07683,6.21211,3300
2006-10-20,6.06903,6.21211,6.06903,6.21211,3300
2006-10-23,6.23032,6.24332,6.06383,6.1913,12900
2006-10-24,6.1939,6.2043,6.11586,6.2043,4500
2006-10-25,6.08724,6.21991,6.08724,6.21991,44700
2006-10-26,6.06123,6.17829,6.06123,6.17829,15000
2006-10-27,6.17829,6.30836,6.17829,6.29535,19800
2006-10-30,6.29535,6.29535,6.15228,6.29535,12300
2006-10-31,6.21731,6.26934,6.13927,6.26934,9000
2006-11-01,6.25373,6.36039,6.14187,6.14187,30300
2006-11-02,6.07423,6.21471,6.07423,6.12886,5400
2006-11-03,6.06383,6.24332,6.06123,6.07944,28800
2006-11-06,6.09764,6.28234,6.09764,6.10545,17100
2006-11-07,6.09505,6.13146,6.09505,6.13146,3000
2006-11-08,6.16268,6.21471,6.08464,6.21471,9300
2006-11-09,6.11065,6.27974,6.11065,6.26934,10500
2006-11-10,6.26934,6.36038,6.26934,6.32657,108300
2006-11-13,6.27714,6.37339,6.27454,6.37339,14700
2006-11-14,6.3942,6.45143,6.3942,6.43843,18900
2006-11-15,6.3864,6.5685,6.3864,6.53988,9300
2006-11-16,6.47745,6.54248,6.47745,6.52948,9900
2006-11-17,6.52948,6.52948,6.49045,6.50346,37500
2006-11-20,6.50086,6.50086,6.33437,6.33437,27300
2006-11-21,6.17829,6.35779,6.17829,6.33697,21600
2006-11-22,6.34738,6.34738,6.31356,6.31356,4500
2006-11-23,6.32136,6.34478,6.31356,6.31616,3600
2006-11-24,6.31876,6.31876,6.31616,6.31616,3300
2006-11-27,6.31616,6.37339,6.26934,6.30836,22200
2006-11-28,6.27194,6.27194,6.24332,6.24332,4800
2006-11-29,6.21211,6.21211,6.14447,6.14447,1800
2006-11-30,6.14187,6.18869,6.14187,6.18869,900
2006-12-01,6.18869,6.18869,6.18869,6.18869,1500
2006-12-04,6.15748,6.15748,6.14447,6.14447,1800
2006-12-05,6.14707,6.15227,6.10285,6.10285,95400
2006-12-06,6.10025,6.24332,6.10025,6.24332,205800
2006-12-07,6.23812,6.30315,6.23812,6.24332,32100
2006-12-08,6.10025,6.33177,6.10025,6.32917,12000
2006-12-11,6.24592,6.30576,6.24592,6.30316,51300
2006-12-12,6.32657,6.32917,6.1913,6.1913,213600
2006-12-13,6.2043,6.25373,6.11325,6.23552,37200
2006-12-14,6.23292,6.24332,6.16528,6.24332,3600
2006-12-15,6.18349,6.30316,6.17829,6.17829,15000
2006-12-18,6.12886,6.14707,6.11326,6.11326,12000
2006-12-19,6.11325,6.33177,6.11325,6.17829,38100
2006-12-20,6.19129,6.24332,6.19129,6.24332,19500
2006-12-21,6.24332,6.25113,6.21731,6.21731,35100
2006-12-22,6.24332,6.30836,6.23552,6.30836,6300
2006-12-27,6.30836,6.30836,6.24853,6.27194,17700
2006-12-28,6.24853,6.24853,6.24332,6.24332,9600
2006-12-29,6.24853,6.30576,6.24853,6.30576,3900
2007-01-02,6.30576,6.31096,6.29535,6.30836,15600
2007-01-03,6.30836,6.34738,6.30836,6.34738,102600
2007-01-04,6.34738,6.42542,6.34738,6.41241,16800
2007-01-05,6.41241,6.53468,6.41241,6.49306,26100
2007-01-08,6.49306,6.62573,6.49306,6.51647,19800
2007-01-09,6.51647,6.51647,6.49826,6.50086,26700
2007-01-10,6.42802,6.50346,6.3786,6.3786,31500
2007-01-11,6.37339,6.47225,6.37339,6.3916,20700
2007-01-12,6.49826,6.50346,6.41502,6.47745,11700
2007-01-15,6.389,6.43843,6.389,6.40461,1500
2007-01-16,6.40201,6.40201,6.37079,6.37339,142500
2007-01-17,6.37599,6.37599,6.37339,6.37339,55200
2007-01-18,6.37339,6.47745,6.37339,6.3786,24600
2007-01-19,6.37599,6.39941,6.37599,6.37599,9900
2007-01-22,6.37079,6.41241,6.37079,6.41241,7200
2007-01-23,6.47485,6.51647,6.47485,6.51647,26400
2007-01-24,6.46184,6.51907,6.46184,6.51907,102300
2007-01-25,6.37599,6.50346,6.37599,6.44363,211500
2007-01-26,6.37599,6.3838,6.24332,6.31356,6000
2007-01-29,6.43583,6.43583,6.18349,6.32917,55800
2007-01-30,6.30836,6.37599,6.24332,6.26934,124200
2007-01-31,6.39941,6.39941,6.24332,6.24332,20400
2007-02-01,6.24332,6.24332,6.23812,6.24332,233700
2007-02-02,6.24332,6.28234,6.24332,6.27974,6000
2007-02-05,6.23812,6.28234,6.23552,6.27974,43800
2007-02-06,6.25893,6.25893,6.24332,6.24332,6000
2007-02-07,6.26159,6.36856,6.25376,6.2668,64800
2007-02-08,6.26419,6.3529,6.26159,6.26159,105300
2007-02-09,6.26419,6.26419,6.23028,6.23028,56100
2007-02-12,6.24854,6.24854,6.19636,6.21201,12900
2007-02-13,6.20941,6.22245,6.19636,6.19636,57000
2007-02-14,6.19897,6.37899,6.19897,6.26159,38100
2007-02-15,6.26941,6.38943,6.2668,6.27463,4500
2007-02-16,6.26158,6.39203,6.26158,6.39203,20100
2007-02-19,6.45204,6.45726,6.32681,6.45726,17100
2007-02-20,6.3529,6.46509,6.3529,6.45726,10800
2007-02-21,6.4964,6.4964,6.45204,6.45726,153900
2007-02-22,6.4964,6.4964,6.41813,6.45726,7800
2007-02-23,6.46509,6.46509,6.46509,6.46509,1800
2007-02-26,6.48335,6.48335,6.35029,6.39203,76500
2007-02-27,6.32681,6.32942,6.26159,6.32681,27300
2007-02-28,6.32681,6.33203,6.32681,6.33203,5700
2007-03-01,6.38421,6.4703,6.38421,6.41812,15000
2007-03-02,6.43117,6.47031,6.43117,6.4677,43800
2007-03-05,6.33986,6.41813,6.33986,6.35551,8700
2007-03-06,6.35551,6.41552,6.35551,6.41552,5700
2007-03-07,6.39204,6.47031,6.39204,6.45726,8700
2007-03-08,6.45726,6.4703,6.45465,6.45465,20700
2007-03-09,6.45726,6.45726,6.44943,6.44943,2400
2007-03-12,6.39204,6.45726,6.29029,6.3529,37500
2007-03-13,6.3529,6.3529,6.26159,6.32942,30900
2007-03-14,6.22245,6.28507,6.22245,6.26159,4800
2007-03-15,6.26159,6.26159,6.17027,6.17027,9600
2007-03-16,6.1781,6.18071,6.1781,6.1781,5100
2007-03-19,6.25898,6.26159,6.17027,6.19897,15000
2007-03-20,6.19636,6.19636,6.17288,6.19375,6900
2007-03-21,6.21201,6.26159,6.05808,6.05808,20400
2007-03-22,6.0633,6.0633,5.87546,5.9746,72600
2007-03-23,5.9746,6.00069,5.94068,5.9746,25500
2007-03-26,6.00069,6.00069,5.89633,5.90937,11700
2007-03-27,5.95894,5.99286,5.95894,5.99286,30000
2007-03-28,6.00069,6.00069,5.93807,5.98764,6000
2007-03-29,5.9746,6.00069,5.9746,5.98764,40800
2007-03-30,6.00069,6.25898,6.00069,6.10505,100800
2007-04-02,6.092,6.21723,6.092,6.21723,87000
2007-04-03,6.17027,6.36073,6.16505,6.36073,6300
2007-04-04,6.17288,6.25898,6.17288,6.24593,6000
2007-04-05,6.2355,6.37899,6.2355,6.32159,7800
2007-04-09,6.27463,6.31637,6.2355,6.31637,8400
2007-04-10,6.33207,6.40272,6.26666,6.4001,29100
2007-04-11,6.30853,6.34778,6.30853,6.34778,1200
2007-04-12,6.24573,6.32684,6.24573,6.26928,153000
2007-04-13,6.3687,6.3687,6.27974,6.34254,377400
2007-04-16,6.34254,6.35824,6.14892,6.34516,18900
2007-04-17,6.34516,6.34516,6.25881,6.25881,24000
2007-04-18,6.23788,6.31637,6.10967,6.22741,79200
2007-04-19,6.12537,6.27974,6.12537,6.27974,36900
2007-04-20,6.40272,6.41057,6.30591,6.40272,11700
2007-04-23,6.40011,6.40272,6.22741,6.36871,4200
2007-04-24,6.29021,6.29021,6.29021,6.29021,900
2007-04-25,6.37132,6.37132,6.27974,6.33207,20100
2007-04-26,6.27974,6.3844,6.21433,6.26928,9300
2007-04-27,6.33207,6.34516,6.27974,6.34516,11700
2007-04-30,6.24573,6.35824,6.24573,6.35824,39000
2007-05-01,6.37917,6.38179,6.30591,6.38179,4500
2007-05-02,6.26666,6.37917,6.26666,6.37917,4500
2007-05-03,6.30591,6.33992,6.24311,6.33992,15600
2007-05-04,6.25881,6.34516,6.25881,6.34516,221400
2007-05-07,6.29021,6.34516,6.29021,6.33992,5700
2007-05-08,6.24311,6.34516,6.24311,6.31638,59700
2007-05-09,6.26404,6.27451,6.25358,6.26666,22500
2007-05-10,6.34254,6.34516,6.28236,6.28498,8400
2007-05-11,6.28236,6.51,6.28236,6.42889,19200
2007-05-14,6.41057,6.47599,6.41057,6.44982,14100
2007-05-15,6.44982,6.44982,6.31376,6.41057,19200
2007-05-16,6.34777,6.40272,6.32161,6.33207,5700
2007-05-17,6.33207,6.33207,6.33207,6.33207,3300
2007-05-18,6.33207,6.33207,6.32946,6.33207,6900
2007-05-22,6.40795,6.40795,6.33731,6.34516,88800
2007-05-23,6.34516,6.36609,6.34516,6.34516,49800
2007-05-24,6.34516,6.35039,6.34516,6.34516,35400
2007-05-25,6.34516,6.34516,6.33731,6.34516,161400
2007-05-28,6.34254,6.34254,6.27974,6.27974,5100
2007-05-29,6.27974,6.34254,6.27974,6.29806,17400
2007-05-30,6.37132,6.37132,6.27974,6.28236,27300
2007-05-31,6.3687,6.3844,6.30852,6.30852,15300
2007-06-01,6.38179,6.38179,6.37132,6.37132,2400
2007-06-04,6.38179,6.38441,6.38179,6.38441,1800
2007-06-05,6.38441,6.38441,6.34516,6.34516,2400
2007-06-06,6.34516,6.38441,6.34516,6.36609,173400
2007-06-07,6.34516,6.38441,6.34516,6.34778,20700
2007-06-08,6.41057,6.43935,6.41057,6.43935,7500
2007-06-11,6.41057,6.41057,6.34516,6.34516,15300
2007-06-12,6.34516,6.39487,6.34516,6.34516,2700
2007-06-13,6.34516,6.5414,6.34516,6.38964,16800
2007-06-14,6.34777,6.34777,6.34516,6.34516,4200
2007-06-15,6.35824,6.35824,6.34516,6.34516,16800
2007-06-18,6.35824,6.35824,6.34516,6.34516,5700
2007-06-19,6.34516,6.35824,6.34516,6.34516,7800
2007-06-20,6.34516,6.37656,6.34516,6.34516,34200
2007-06-21,6.34516,6.36347,6.34516,6.34516,376800
2007-06-22,6.34516,6.52832,6.34516,6.34778,33600
2007-06-25,6.34516,6.52832,6.34516,6.34778,52800
2007-06-26,6.34516,6.41057,6.34516,6.34778,10200
2007-06-27,6.34777,6.47075,6.34516,6.34516,15600
2007-06-28,6.34516,6.41057,6.34516,6.35824,222900
2007-06-29,6.40795,6.47075,6.36347,6.36347,34500
2007-07-03,6.4472,6.50738,6.36086,6.42104,56400
2007-07-04,6.42104,6.42104,6.42104,6.42104,1200
2007-07-05,6.51,6.51,6.51,6.51,1200
2007-07-06,6.41319,6.52832,6.41057,6.52832,14100
2007-07-09,6.37394,6.5414,6.37394,6.4472,399300
2007-07-10,6.4472,6.4472,6.36086,6.39749,18600
2007-07-11,6.41057,6.41057,6.37394,6.4001,843600
2007-07-12,6.38179,6.3844,6.34516,6.35039,192900
2007-07-13,6.27974,6.47598,6.27974,6.47598,18000
2007-07-16,6.47598,6.52832,6.3687,6.51523,11100
2007-07-17,6.46552,6.46552,6.38441,6.38441,35700
2007-07-18,6.41057,6.42366,6.34516,6.42366,102600
2007-07-19,6.51549,6.51549,6.40266,6.4945,12000
2007-07-20,6.4289,6.53649,6.4289,6.51025,15000
2007-07-23,6.54436,6.5601,6.46826,6.46826,33300
2007-07-24,6.53386,6.53386,6.45514,6.45777,28800
2007-07-25,6.44465,6.58635,6.43415,6.58635,16800
2007-07-26,6.43153,6.54436,6.30032,6.31345,16200
2007-07-27,6.31082,6.42628,6.31082,6.41578,18300
2007-07-30,6.42628,6.4289,6.3633,6.42365,13200
2007-07-31,6.31869,6.42103,6.30819,6.32394,18900
2007-08-01,6.30557,6.38954,6.2977,6.2977,83700
2007-08-02,6.2872,6.35018,6.26096,6.26096,30300
2007-08-03,6.32132,6.42628,6.3082,6.40791,10500
2007-08-07,6.40004,6.40004,6.30032,6.30032,70800
2007-08-08,6.35018,6.35805,6.32394,6.35805,4800
2007-08-09,6.35018,6.3633,6.28458,6.3633,225900
2007-08-10,6.36593,6.52074,6.2977,6.30032,443400
2007-08-13,6.30557,6.30557,6.07466,6.29508,35100
2007-08-14,6.25309,6.31082,6.14026,6.21898,596700
2007-08-15,6.1665,6.3633,6.1665,6.29508,20100
2007-08-16,6.18749,6.33706,6.15862,6.2977,42000
2007-08-17,6.26096,6.32394,6.24522,6.2977,84600
2007-08-20,6.2977,6.32132,6.1665,6.2977,34500
2007-08-21,6.2977,6.32394,6.27146,6.27146,88800
2007-08-22,6.2321,6.29508,6.2321,6.23472,48300
2007-08-23,6.23472,6.29508,6.23472,6.23997,1800
2007-08-24,6.29508,6.2977,6.20061,6.20324,651900
2007-08-27,6.2321,6.2321,6.2321,6.2321,4200
2007-08-28,6.2321,6.2977,6.19536,6.2977,99000
2007-08-29,6.20586,6.2977,6.20586,6.21636,5700
2007-08-30,6.17175,6.2977,6.17175,6.2321,8700
2007-08-31,6.2321,6.2977,6.20061,6.29508,13800
2007-09-04,6.21111,6.29245,6.1665,6.20324,8400
2007-09-05,6.20323,6.2977,6.1665,6.1665,66000
2007-09-06,6.1665,6.2321,6.1665,6.16912,25500
2007-09-07,6.17175,6.26884,6.17175,6.26884,3900
2007-09-10,6.19536,6.24259,6.1665,6.17174,10800
2007-09-11,6.1665,6.21635,6.1665,6.20586,19500
2007-09-12,6.21898,6.21898,6.1665,6.1665,34500
2007-09-13,6.17962,6.25571,6.03529,6.15862,42000
2007-09-14,6.16387,6.40791,6.16387,6.40791,16500
2007-09-17,6.4289,6.505,6.38692,6.38692,9600
2007-09-18,6.30295,6.42365,6.10615,6.27671,10200
2007-09-19,6.19012,6.21898,6.18224,6.21636,39000
2007-09-20,6.18487,6.40528,6.18487,6.40528,12300
2007-09-21,6.33706,6.4289,6.30032,6.41578,27900
2007-09-24,6.51812,6.51812,6.16912,6.45514,71100
2007-09-25,6.33968,6.33968,6.2977,6.31869,5100
2007-09-26,6.2977,6.2977,6.24522,6.2977,6600
2007-09-27,6.27146,6.41578,6.2321,6.32919,27300
2007-09-28,6.33444,6.44465,6.32656,6.44465,12900
2007-10-01,6.43677,6.45514,6.40266,6.40791,15000
2007-10-02,6.49188,6.50762,6.4289,6.4289,8700
2007-10-03,6.41316,6.54698,6.41316,6.54698,20400
2007-10-04,6.54698,6.54698,6.46826,6.52074,64200
2007-10-05,6.52074,7.08491,6.52074,6.77003,30600
2007-10-09,6.5601,6.74378,6.5601,6.67818,12600
2007-10-10,6.66507,6.66507,6.61258,6.6362,25500
2007-10-11,6.63882,6.68868,6.44465,6.55748,24900
2007-10-12,6.44464,6.56797,6.32394,6.49975,10800
2007-10-15,6.44186,6.49712,6.34186,6.34186,26400
2007-10-16,6.42344,6.54975,6.34186,6.34713,18600
2007-10-17,6.36818,6.48396,6.34186,6.34186,23100
2007-10-18,6.48659,6.48659,6.44449,6.44449,10500
2007-10-19,6.38133,6.4787,6.34186,6.39449,36900
2007-10-22,6.44712,6.44712,6.40765,6.40765,14100
2007-10-23,6.44186,6.44186,6.30239,6.3866,50400
2007-10-24,6.30239,6.36292,6.26292,6.31555,10200
2007-10-25,6.31555,6.31555,6.31555,6.31555,31500
2007-10-26,6.38134,6.38134,6.34186,6.35502,38400
2007-10-29,6.34186,6.34186,6.25239,6.25239,9900
2007-10-30,6.30502,6.32871,6.30502,6.31818,383400
2007-10-31,6.31555,6.5787,6.31555,6.46028,171900
2007-11-01,6.38397,6.64448,6.38397,6.46028,22500
2007-11-02,6.32607,6.46028,6.31555,6.31555,39000
2007-11-05,6.31555,6.51028,6.31555,6.51028,18000
2007-11-06,6.39449,6.39449,6.32081,6.36291,12600
2007-11-07,6.35239,6.35239,6.31818,6.34186,9600
2007-11-08,6.31818,6.38134,6.31555,6.31555,185100
2007-11-09,6.31555,6.38134,6.31555,6.31555,129000
2007-11-12,6.31292,6.31555,6.23397,6.23397,9000
2007-11-13,6.21818,6.24976,6.0945,6.0945,10800
2007-11-14,6.06556,6.24976,6.06556,6.24976,25500
2007-11-15,6.16029,6.23397,6.1445,6.1445,11700
2007-11-16,6.11819,6.24976,6.10766,6.24976,12600
2007-11-19,6.18397,6.18397,6.17871,6.17871,304500
2007-11-20,6.18134,6.18134,6.03661,6.03924,10200
2007-11-21,5.92083,6.18397,5.92083,6.18397,12300
2007-11-22,5.85767,6.18397,5.85767,6.18134,22200
2007-11-23,6.15766,6.15766,5.92083,5.92083,7800
2007-11-26,6.15503,6.15503,6.02608,6.0524,56400
2007-11-27,6.08398,6.22081,6.07871,6.09713,29400
2007-11-28,6.12608,6.12608,6.0524,6.0524,13500
2007-11-29,6.0524,6.11819,6.0524,6.09713,6600
2007-11-30,6.07871,6.1024,6.0524,6.06292,37800
2007-12-03,6.06293,6.11819,6.06293,6.11819,13800
2007-12-04,6.11819,6.11819,6.08134,6.09187,12000
2007-12-05,6.07871,6.2366,6.07871,6.21029,13500
2007-12-06,6.16029,6.17082,6.0524,6.17082,13800
2007-12-07,6.16818,6.16818,6.09977,6.12608,15000
2007-12-10,6.11819,6.21029,6.08135,6.21029,22800
2007-12-11,6.12871,6.20766,6.12871,6.15766,6900
2007-12-12,6.13134,6.16029,6.05503,6.13398,54600
2007-12-13,6.27344,6.31028,6.18397,6.31028,195300
2007-12-14,6.24976,6.31555,6.18397,6.18397,18300
2007-12-17,6.18397,6.24976,6.18397,6.19976,2400
2007-12-18,6.19976,6.25766,6.19713,6.19713,6900
2007-12-19,6.18661,6.18661,6.18397,6.18397,30300
2007-12-20,6.24713,6.31555,6.18397,6.31555,636600
2007-12-21,6.22608,6.38133,6.18397,6.21029,28200
2007-12-24,6.19713,6.34186,6.1866,6.34186,6300
2007-12-27,6.22081,6.31028,6.21818,6.23923,5100
2007-12-28,6.2366,6.36818,6.19976,6.36818,5100
2007-12-31,6.36818,6.44449,6.35765,6.35765,104700
2008-01-02,6.32607,6.44186,6.32607,6.39186,4800
2008-01-03,6.38923,6.43396,6.35502,6.35502,14700
2008-01-04,6.35502,6.35502,6.20239,6.21029,8700
2008-01-07,6.19713,6.19713,5.87609,6.0024,33300
2008-01-08,5.98661,6.21029,5.98661,5.99188,234900
2008-01-09,5.99451,6.16029,5.99451,6.08135,46500
2008-01-10,6.03924,6.16818,6.03924,6.16818,30300
2008-01-11,5.97345,6.19713,5.97345,6.02871,14100
2008-01-14,6.03924,6.08661,6.03924,6.08661,10500
2008-01-15,6.11029,6.13134,6.0524,6.13134,102600
2008-01-16,6.05503,6.15239,6.00503,6.00503,30900
2008-01-17,5.99977,5.99977,5.65505,5.65505,24300
2008-01-18,5.78662,5.78662,5.06822,5.26295,963600
2008-01-21,5.26559,5.41558,5.26296,5.41558,6000
2008-01-22,5.26296,5.484,5.26296,5.39453,7800
2008-01-23,5.39453,5.39453,5.26559,5.26559,19500
2008-01-24,5.39716,5.51821,5.39453,5.51821,11700
2008-01-25,5.39979,5.59189,5.39979,5.43663,50100
2008-01-28,5.46032,5.46032,5.39453,5.40769,24900
2008-01-29,5.42348,5.42348,5.40769,5.42085,2700
2008-01-30,5.39453,5.39453,5.27611,5.32874,7200
2008-01-31,5.42085,5.55242,5.32874,5.5261,60000
2008-02-01,5.55768,5.70768,5.52611,5.70768,11700
2008-02-04,5.59189,5.78925,5.59189,5.78925,10500
2008-02-05,5.79978,5.88662,5.59189,5.63136,15600
2008-02-06,5.60505,5.61031,5.45768,5.51821,12600
2008-02-07,5.434,5.47347,5.434,5.47347,21900
2008-02-08,5.4919,5.49979,5.4919,5.49979,12600
2008-02-11,5.52611,5.52611,5.46295,5.46295,1500
2008-02-12,5.48408,5.54748,5.48408,5.54748,21000
2008-02-13,5.5739,5.5739,5.52107,5.52107,15000
2008-02-14,5.5422,5.54748,5.49465,5.49465,8100
2008-02-15,5.5422,5.5422,5.52635,5.53956,102900
2008-02-19,5.55012,5.6373,5.54748,5.54748,38100
2008-02-20,5.54748,5.54748,5.52107,5.52107,4200
2008-02-21,5.50786,5.54748,5.32294,5.50786,38100
2008-02-22,5.50786,5.50786,5.34936,5.50786,136500
2008-02-25,5.41804,5.5422,5.34936,5.34936,16200
2008-02-26,5.34936,5.4154,5.28332,5.34936,15900
2008-02-27,5.41276,5.4154,5.28332,5.41276,52800
2008-02-28,5.4154,5.80636,5.38898,5.5422,42000
2008-02-29,5.48144,5.61352,5.40219,5.45502,26700
2008-03-03,5.46823,5.46823,5.40219,5.40219,41400
2008-03-04,5.34936,5.38898,5.28332,5.31502,20100
2008-03-05,5.29652,5.29652,5.21727,5.2569,51900
2008-03-06,5.24369,5.37049,5.12482,5.20407,21300
2008-03-07,5.12746,5.15123,5.08519,5.12218,11700
2008-03-10,5.08519,5.08519,5.03236,5.03236,5700
2008-03-11,5.02972,5.02972,4.9716,4.9716,28500
2008-03-12,4.97953,5.07198,4.91348,5.07198,1995000
2008-03-13,5.07198,5.21992,5.07198,5.21992,13800
2008-03-14,5.21463,5.21463,5.21463,5.21463,3600
2008-03-17,5.21463,5.28331,5.17765,5.28331,21000
2008-03-18,5.28331,5.28331,5.16444,5.16444,22800
2008-03-19,5.16708,5.17501,5.08519,5.08519,62400
2008-03-20,5.20142,5.20407,5.09047,5.17237,4500
2008-03-24,5.09048,5.13274,5.08519,5.12218,35100
2008-03-25,5.10104,5.25162,5.10104,5.17501,223500
2008-03-26,5.12481,5.28331,5.12481,5.28331,52800
2008-03-27,5.30709,5.39691,5.28332,5.39691,10800
2008-03-28,5.39955,5.54748,5.39955,5.54748,15300
2008-03-31,5.54748,5.54748,5.52107,5.52107,12600
2008-04-01,5.52635,5.8724,5.52635,5.78523,10800
2008-04-02,5.7007,5.86184,5.55541,5.70862,20100
2008-04-03,5.91467,5.94373,5.60032,5.60032,26100
2008-04-04,5.61352,5.81429,5.44181,5.44181,30300
2008-04-07,5.52106,5.52106,5.4154,5.43917,11400
2008-04-08,5.49752,5.62746,5.48956,5.5426,9600
2008-04-09,5.39939,5.41,5.37287,5.37287,9600
2008-04-10,5.46304,5.50282,5.46304,5.50282,24000
2008-04-11,5.50282,5.63542,5.50282,5.63542,10800
2008-04-14,5.66724,5.78658,5.62216,5.69111,26400
2008-04-15,5.63807,5.68581,5.56912,5.68581,22500
2008-04-16,5.63542,5.63542,5.59564,5.62481,18900
2008-04-17,5.56912,5.56912,5.5426,5.5426,6600
2008-04-18,5.62216,5.62216,5.50282,5.56912,90300
2008-04-21,5.50547,5.52934,5.17928,5.36227,228900
2008-04-22,5.44183,5.44448,5.17133,5.30392,36000
2008-04-23,5.17928,5.17928,5.06525,5.10503,38100
2008-04-24,5.10503,5.26415,5.05464,5.26415,52200
2008-04-25,5.63542,5.63542,5.35431,5.4047,17100
2008-04-28,5.43917,5.53199,5.43917,5.44448,6600
2008-04-29,5.44183,5.56647,5.43652,5.43652,6000
2008-04-30,5.43652,5.44978,5.349,5.349,6900
2008-05-01,5.471,5.56912,5.41266,5.49221,15900
2008-05-02,5.37287,5.44713,5.37287,5.39939,4200
2008-05-05,5.37022,5.44183,5.22437,5.43652,33900
2008-05-06,5.29597,5.38878,5.29597,5.38613,8100
2008-05-07,5.38083,5.42591,5.35696,5.35696,34200
2008-05-08,5.50812,5.50812,5.39674,5.46039,16800
2008-05-09,5.43652,5.63542,5.41,5.63542,69600
2008-05-12,5.56912,5.56912,5.37287,5.43122,52500
2008-05-13,5.42326,5.43652,5.41796,5.43652,12900
2008-05-14,5.43652,5.43652,5.38348,5.43652,2700
2008-05-15,5.43387,5.43652,5.38348,5.43652,35700
2008-05-16,5.38879,5.43652,5.38083,5.41,25200
2008-05-20,5.43652,5.43652,5.18724,5.21111,17400
2008-05-21,5.31719,5.31719,5.21111,5.21111,9000
2008-05-22,5.39674,5.39674,5.30392,5.30392,12900
2008-05-23,5.39409,5.39409,5.04934,5.14481,35400
2008-05-26,5.37022,5.37022,5.04934,5.11829,12000
2008-05-27,5.11563,5.15806,5.06525,5.15806,13500
2008-05-28,5.09177,5.30127,5.09177,5.30127,8100
2008-05-29,5.14746,5.29862,5.14746,5.26149,14400
2008-05-30,5.29862,5.29862,5.17398,5.25088,21000
2008-06-02,5.2005,5.29862,5.2005,5.29862,120000
2008-06-03,5.29862,5.36492,5.29862,5.31453,31200
2008-06-04,5.30392,5.55056,5.30392,5.41,32400
2008-06-05,5.41,5.55321,5.41,5.5426,6900
2008-06-06,5.43652,5.63542,5.43652,5.63276,12300
2008-06-09,5.37022,5.61951,5.37022,5.51078,18000
2008-06-10,5.32514,5.63277,5.32514,5.51873,19500
2008-06-11,5.51608,5.60625,5.31453,5.31453,12600
2008-06-12,5.42326,5.48956,5.42326,5.42591,15000
2008-06-13,5.56912,5.56912,5.33044,5.56912,13800
2008-06-16,5.44978,5.60625,5.44978,5.56912,119700
2008-06-17,5.56912,5.56912,5.44448,5.56382,6900
2008-06-18,5.56382,5.56912,5.56382,5.56912,7800
2008-06-19,5.44978,5.50282,5.35696,5.35696,394200
2008-06-20,5.48956,5.48956,5.38348,5.38348,3300
2008-06-23,5.32779,5.33044,5.18193,5.29066,244200
2008-06-24,5.31984,5.39674,5.28006,5.33044,78000
2008-06-25,5.29066,5.44978,5.29066,5.44978,4200
2008-06-26,5.31453,5.31453,5.17133,5.2668,6900
2008-06-27,5.23763,5.23763,5.23497,5.23497,58800
2008-06-30,5.11829,5.19784,4.97508,5.19784,19800
2008-07-02,5.11829,5.13155,5.10503,5.12094,30300
2008-07-03,5.03873,5.22436,5.01221,5.22436,39900
2008-07-04,5.22436,5.22436,5.02016,5.02016,306000
2008-07-07,5.1395,5.1395,5.02812,5.11033,1271100
2008-07-08,5.02812,5.19254,5.01221,5.19254,26100
2008-07-09,5.18989,5.23232,5.06525,5.23232,21300
2008-07-10,5.18459,5.23497,5.15276,5.22171,21000
2008-07-11,5.07851,5.23763,5.03873,5.20845,22500
2008-07-14,5.01751,5.18459,5.01751,5.07055,40500
2008-07-15,5.06525,5.06525,5.01221,5.01486,57600
2008-07-16,5.01486,5.01486,5.01221,5.01221,46500
2008-07-17,5.01221,5.23762,5.01221,5.10503,452400
2008-07-18,5.10503,5.23497,5.10503,5.22436,16200
2008-07-21,5.19507,5.39212,5.19507,5.32555,15900
2008-07-22,5.19507,5.32289,5.06194,5.30425,29100
2008-07-23,5.12051,5.28561,5.07258,5.07791,26100
2008-07-24,5.07525,5.22969,5.07525,5.21904,9300
2008-07-25,5.21904,5.21904,5.10188,5.16046,18600
2008-07-28,5.10188,5.15247,5.06993,5.06993,15600
2008-07-29,5.03264,5.17909,5.03264,5.1285,52500
2008-07-30,5.06194,5.1791,5.06194,5.17644,11400
2008-07-31,5.00602,5.1791,4.85158,5.04862,25200
2008-08-01,5.18708,5.18708,5.05927,5.1285,6000
2008-08-05,5.03264,5.18176,5.03264,5.1791,34800
2008-08-06,5.06194,5.18442,5.03265,5.03265,210000
2008-08-07,5.03531,5.10987,5.02199,5.06726,24300
2008-08-08,4.99537,5.11253,4.99537,5.04862,12900
2008-08-11,4.99537,5.05927,4.9927,5.05927,18900
2008-08-12,5.05927,5.05927,5.05927,5.05927,21300
2008-08-13,5.05927,5.05927,4.92613,4.96874,19500
2008-08-14,5.05128,5.05128,4.95809,4.95809,8100
2008-08-15,4.95809,5.05927,4.95809,5.05927,32100
2008-08-18,5.00868,5.05661,5.00868,5.05661,2400
2008-08-19,5.09921,5.09921,4.99537,5.00069,4500
2008-08-20,4.99537,5.10454,4.99537,5.09123,566400
2008-08-21,5.09921,5.09921,5.07791,5.07791,2700
2008-08-22,5.05927,5.09655,5.04063,5.05927,6900
2008-08-25,5.05927,5.06194,5.05927,5.06194,9900
2008-08-26,5.05927,5.07259,5.05927,5.05927,80100
2008-08-27,5.05927,5.05927,5.05927,5.05927,12600
2008-08-28,5.11253,5.11253,5.07525,5.11253,138000
2008-08-29,5.12584,5.12584,5.05927,5.0859,3300
2008-09-02,5.12584,5.12584,5.06194,5.06194,24900
2008-09-03,5.05927,5.18975,5.05927,5.06194,66900
2008-09-04,5.0646,5.18708,5.0646,5.1791,3000
2008-09-05,5.05927,5.19241,5.05927,5.19241,43200
2008-09-08,5.06726,5.18709,5.05928,5.18709,22500
2008-09-09,5.0646,5.18708,5.05927,5.05927,20400
2008-09-10,5.1791,5.18709,5.1791,5.18709,9300
2008-09-11,5.18975,5.18975,5.04596,5.04596,58200
2008-09-12,5.03265,5.05927,4.95276,4.95276,49800
2008-09-15,5.05927,5.05927,4.9927,4.9927,3000
2008-09-16,4.97939,5.07259,4.87288,5.0646,21000
2008-09-17,4.96608,5.06992,4.96608,5.05927,10200
2008-09-18,5.01135,5.18709,4.99803,5.18709,26400
2008-09-19,5.18975,5.25898,5.18975,5.20839,14700
2008-09-22,5.25898,5.85012,5.25898,5.71165,25200
2008-09-23,5.33886,6.0871,5.33886,5.98858,147600
2008-09-24,5.59183,5.8874,5.59183,5.73828,6900
2008-09-25,5.72497,5.83148,5.34952,5.52526,11100
2008-09-26,5.49064,5.67437,5.49064,5.6584,15300
2008-09-29,5.6584,5.75959,5.5652,5.6797,32100
2008-09-30,5.53857,5.72497,5.33887,5.33887,116100
2008-10-01,5.57319,5.59183,5.44804,5.52526,16500
2008-10-02,5.36549,5.4081,5.16579,5.36017,7500
2008-10-03,5.04862,5.04862,4.6998,4.6998,60300
2008-10-06,4.68648,4.68648,4.26044,4.26044,49200
2008-10-07,4.50808,4.50808,4.1273,4.1273,73200
2008-10-08,4.1273,4.1273,3.88765,3.99416,283500
2008-10-09,3.99416,4.04742,3.72789,3.79445,120300
2008-10-10,3.76516,3.76516,3.62137,3.6693,25200
2008-10-14,4.75403,4.82099,4.01749,4.81831,42900
2008-10-15,4.79956,4.79956,4.5478,4.5478,6600
2008-10-16,4.48619,4.48619,4.25318,4.28532,15600
2008-10-17,4.79152,4.79152,4.42192,4.78349,35400
2008-10-20,4.82099,4.82099,4.33889,4.52905,23400
2008-10-21,4.47548,4.74599,4.47548,4.74599,4800
2008-10-22,4.58529,4.72189,4.58529,4.72189,6300
2008-10-23,4.75403,4.79152,4.6094,4.79152,5100
2008-10-24,4.6335,4.6335,4.31746,4.55315,314100
2008-10-27,4.80759,4.80759,4.57994,4.78081,16500
2008-10-28,4.78081,4.78081,4.62011,4.65761,173400
2008-10-29,4.68707,4.68707,4.41924,4.41924,612300
2008-10-30,4.45673,4.45673,4.25586,4.41656,11100
2008-10-31,4.4728,4.4728,4.1648,4.28532,59700
2008-11-03,4.3496,4.3496,3.90232,4.02284,196500
2008-11-04,4.23175,4.28532,4.08444,4.1514,142500
2008-11-05,4.1514,4.21568,3.89696,3.93446,193200
2008-11-06,4.09248,4.21568,3.96392,4.04427,44100
2008-11-07,4.10051,4.17551,3.96392,4.17551,48600
2008-11-10,4.20497,4.20765,4.1514,4.20765,8700
2008-11-11,4.20765,4.28532,4.12462,4.23175,50100
2008-11-12,4.20497,4.35228,4.20497,4.21836,15300
2008-11-13,4.21836,4.35228,4.21836,4.28532,879900
2008-11-14,4.39245,4.39245,4.23175,4.25854,30600
2008-11-17,4.3496,4.35228,4.08445,4.18354,15900
2008-11-18,4.32282,4.32282,4.0282,4.04695,15900
2008-11-19,4.03088,4.21301,4.01749,4.03088,9300
2008-11-20,4.03088,4.1889,4.01749,4.0898,12900
2008-11-21,4.01749,4.83973,4.01749,4.83973,376200
2008-11-24,4.82098,4.82098,4.01749,4.1514,145800
2008-11-25,4.1514,4.27193,4.1514,4.21836,391200
2008-11-26,4.08713,4.21033,4.01749,4.08445,29700
2008-11-27,4.12462,4.20497,3.97731,4.01749,431100
2008-11-28,4.02284,4.21836,4.02284,4.21568,83400
2008-12-01,4.21568,4.21836,4.12462,4.12462,8100
2008-12-02,4.11123,4.21836,4.11123,4.11123,8100
2008-12-03,4.02552,4.35228,4.02284,4.35228,106500
2008-12-04,4.1514,4.25853,4.1514,4.25586,57900
2008-12-05,4.15408,4.21568,4.1514,4.15676,9300
2008-12-08,4.1514,4.27996,4.1514,4.1648,10200
2008-12-09,4.28532,4.28532,4.1648,4.28532,13800
2008-12-10,4.18087,4.28532,4.18087,4.28532,33300
2008-12-11,4.21033,4.28532,4.17819,4.18086,8100
2008-12-12,4.28264,4.28532,4.15676,4.17819,51900
2008-12-15,4.1514,4.17819,3.95053,3.96392,128100
2008-12-16,3.9666,4.08444,3.63181,3.88357,1247100
2008-12-17,3.74966,3.74966,3.74966,3.74966,900
2008-12-18,3.71216,4.25318,3.71216,3.88357,368100
2008-12-19,3.75501,4.10855,3.75501,4.01749,33600
2008-12-22,3.88625,4.20229,3.88357,3.95053,47100
2008-12-23,3.95053,4.17551,3.95053,3.95053,33000
2008-12-24,3.95321,4.17283,3.95321,4.17283,11700
2008-12-29,4.1514,4.22639,4.04695,4.213,14100
2008-12-30,4.1514,4.48619,4.05498,4.48619,15300
2008-12-31,4.48619,4.68707,4.4112,4.68171,8700
2009-01-02,4.55583,4.69243,4.55315,4.55583,4200
2009-01-05,4.81295,4.81295,4.55315,4.68707,6300
2009-01-06,4.79956,4.82634,4.56922,4.58261,6900
2009-01-07,4.6094,4.6094,4.55315,4.59601,13200
2009-01-08,4.62011,4.80491,4.57993,4.80224,18900
2009-01-09,4.62279,4.92544,4.62011,4.71921,431700
2009-01-12,4.68707,4.8558,4.64154,4.64154,5100
2009-01-13,4.6335,4.81563,4.59333,4.81563,33900
2009-01-14,4.31478,4.76742,4.31478,4.63618,31200
2009-01-15,4.63618,4.74063,4.62279,4.62279,13800
2009-01-16,4.62011,4.73795,4.62011,4.71385,146100
2009-01-19,4.64957,4.72189,4.64957,4.72189,18900
2009-01-20,4.64422,4.70046,4.60404,4.70046,11700
2009-01-21,4.62547,4.70046,4.62279,4.70046,9300
2009-01-22,4.68707,4.80759,4.62279,4.80759,218100
2009-01-23,4.55583,4.80759,4.55583,4.80759,12600
2009-01-26,4.68975,4.95222,4.68975,4.94151,9600
2009-01-27,5.28433,5.28433,4.82098,5.05936,12600
2009-01-28,4.82366,5.06203,4.82366,5.01918,14100
2009-01-29,4.82366,4.96829,4.82366,4.88794,9600
2009-01-30,4.88794,4.88794,4.86116,4.88794,9300
2009-02-02,4.82099,4.9549,4.82099,4.9549,42600
2009-02-03,4.97642,5.02753,4.91186,4.97642,24000
2009-02-04,4.77737,4.78275,4.77737,4.78275,6300
2009-02-05,4.88227,4.94145,4.88227,4.93607,275400
2009-02-06,4.75046,4.97642,4.75046,4.92531,18000
2009-02-09,4.96297,4.96297,4.64018,4.96297,31200
2009-02-10,4.97373,4.97373,4.81771,4.96566,4200
2009-02-11,4.89572,4.93338,4.73702,4.83385,19200
2009-02-12,4.91455,4.91455,4.70742,4.83654,12900
2009-02-13,4.85537,4.91993,4.76122,4.86344,36600
2009-02-17,4.84192,4.90648,4.84192,4.85537,12000
2009-02-18,4.83923,4.83923,4.77198,4.78543,6900
2009-02-19,4.78812,4.83385,4.70742,4.74239,18300
2009-02-20,4.7397,4.7397,4.37387,4.50837,170700
2009-02-23,4.41422,4.47071,4.30662,4.30662,6900
2009-02-24,4.30393,4.30393,4.14254,4.30393,19500
2009-02-25,4.43843,4.61866,4.30393,4.57024,67500
2009-02-26,4.30662,4.57024,4.30662,4.57024,12000
2009-02-27,4.78543,4.78543,4.44112,4.7155,14700
2009-03-02,4.70743,4.70743,4.44381,4.44919,16500
2009-03-03,4.45457,4.45457,4.37118,4.37118,34800
2009-03-04,4.48685,4.57024,4.43843,4.45995,95100
2009-03-05,4.43843,4.51644,4.43843,4.43843,17700
2009-03-06,4.43843,4.43843,4.34428,4.34428,18900
2009-03-09,4.48954,4.48954,4.37118,4.46533,2700
2009-03-10,4.43843,4.55948,4.43843,4.55948,23100
2009-03-11,4.46533,4.54872,4.43843,4.54872,20100
2009-03-12,4.48416,4.55948,4.46533,4.50568,25200
2009-03-13,4.46802,4.57293,4.44112,4.55679,69900
2009-03-16,4.55679,4.55948,4.5003,4.5003,39300
2009-03-17,4.55141,4.55141,4.44112,4.50568,224100
2009-03-18,4.44112,4.57293,4.44112,4.57293,68400
2009-03-19,4.50837,4.59982,4.50837,4.57293,24900
2009-03-20,4.46264,4.54065,4.46264,4.54065,2700
2009-03-23,4.56217,4.56217,4.4465,4.53796,123900
2009-03-24,4.44919,4.49761,4.43843,4.48954,30300
2009-03-25,4.48954,4.48954,4.42767,4.42767,28500
2009-03-26,4.36311,4.37118,4.10219,4.27434,73500
2009-03-27,4.27434,4.27434,4.11832,4.11832,6600
2009-03-30,4.14522,4.14522,4.0968,4.0968,6300
2009-03-31,4.06453,4.12639,3.98114,4.03494,34800
2009-04-01,3.95424,3.95424,3.84933,3.90313,270000
2009-04-02,3.92734,3.92734,3.88968,3.92734,125400
2009-04-03,4.16674,4.16674,3.86278,3.88161,99000
2009-04-06,3.88968,3.9112,3.86278,3.87354,102900
2009-04-07,3.88165,3.92223,3.74911,3.75993,80400
2009-04-08,3.95469,3.95469,3.8519,3.87083,15600
2009-04-09,3.91682,3.91682,3.8546,3.86272,53100
2009-04-13,3.88165,3.95469,3.88165,3.92223,24600
2009-04-14,3.95469,4.1792,3.92223,4.03313,34800
2009-04-15,4.03584,4.21707,4.03584,4.16838,51600
2009-04-16,4.16027,4.20355,4.16027,4.20355,7800
2009-04-17,4.19273,4.20896,4.13051,4.20896,7500
2009-04-20,4.20355,4.20355,4.12781,4.19002,4500
2009-04-21,4.20355,4.20625,3.92223,3.98985,23700
2009-04-22,3.98985,4.19002,3.98985,4.05748,23100
2009-04-23,4.0169,4.05748,3.99256,4.0169,13800
2009-04-24,4.05477,4.05477,3.98985,4.02502,14400
2009-04-27,3.99256,4.1224,3.97633,4.1224,16500
2009-04-28,3.99797,4.06018,3.99797,4.06018,6300
2009-04-29,4.09264,4.09264,4.04395,4.05748,15600
2009-04-30,4.05748,4.1251,4.03313,4.1251,81600
2009-05-01,4.18732,4.19273,4.1251,4.19273,11700
2009-05-04,4.19273,4.19273,4.17379,4.19273,39300
2009-05-05,4.2333,4.37125,4.2333,4.37125,19500
2009-05-06,4.2874,4.52003,4.2874,4.52003,11400
2009-05-07,4.51732,4.63905,4.51732,4.62282,37500
2009-05-08,4.54437,4.63093,4.41995,4.59847,7800
2009-05-11,4.44158,4.59847,4.44158,4.59847,12000
2009-05-12,4.47675,4.59306,4.47675,4.54437,11400
2009-05-13,4.54438,4.54438,4.53085,4.53085,36300
2009-05-14,4.51733,4.53085,4.21166,4.46052,17100
2009-05-15,4.33068,4.57954,4.32798,4.56872,259500
2009-05-19,4.53085,4.59847,4.52003,4.59847,15900
2009-05-20,4.59847,4.6147,4.47945,4.6147,77100
2009-05-21,4.49298,4.56872,4.33338,4.33338,7200
2009-05-22,4.51462,4.51462,4.3415,4.3415,3300
2009-05-25,4.48487,4.55249,4.48487,4.55249,6300
2009-05-26,4.47134,4.55249,4.46323,4.54979,10200
2009-05-27,4.53896,4.53896,4.53896,4.53896,1200
2009-05-28,4.46863,4.54167,4.46863,4.52814,70500
2009-05-29,4.53085,4.55249,4.53085,4.55249,11400
2009-06-01,4.55249,4.7202,4.55249,4.7202,10200
2009-06-02,4.70667,4.73372,4.70667,4.73372,15000
2009-06-03,4.46864,4.69315,4.46864,4.62552,22800
2009-06-04,4.6661,4.69315,4.6661,4.67962,78000
2009-06-05,4.73372,4.73372,4.70397,4.73372,3300
2009-06-08,4.76078,4.78512,4.76078,4.76078,11700
2009-06-09,4.77701,4.80135,4.76078,4.76078,29100
2009-06-10,4.76077,4.76077,4.73372,4.73372,2400
2009-06-11,4.64446,4.86897,4.57413,4.57413,36300
2009-06-12,4.57413,4.57413,4.57413,4.57413,0
2009-06-15,4.6661,4.74725,4.64987,4.67962,198300
2009-06-16,4.78782,4.78782,4.6147,4.6661,30300
2009-06-17,4.6147,4.86897,4.612,4.74454,16800
2009-06-18,4.53085,4.85004,4.53085,4.67151,9900
2009-06-19,4.62552,4.82028,4.62552,4.66069,6900
2009-06-22,4.79053,4.79053,4.64175,4.6661,10200
2009-06-23,4.60388,4.6688,4.60388,4.6661,4500
2009-06-24,4.75807,4.76077,4.63905,4.71208,6000
2009-06-25,4.65528,4.78512,4.65528,4.73372,43800
2009-06-26,4.612,4.73372,4.612,4.73372,106800
2009-06-29,4.64175,4.86897,4.64175,4.86627,18000
2009-06-30,4.79594,4.86356,4.7202,4.7202,3300
2009-07-02,4.73372,4.84733,4.7202,4.80135,38100
2009-07-03,4.79864,4.79864,4.73643,4.73643,3000
2009-07-06,4.73372,4.86897,4.73372,4.86897,28200
2009-07-07,4.79594,4.79864,4.69315,4.74995,6000
2009-07-08,4.69856,4.79053,4.69856,4.73102,4200
2009-07-09,4.73102,4.79053,4.70668,4.70668,52500
2009-07-10,4.71208,4.78782,4.70938,4.73372,6000
2009-07-13,4.68774,4.7202,4.60118,4.6688,4200
2009-07-14,4.6688,4.78782,4.6661,4.78782,30900
2009-07-15,4.78782,4.86897,4.78782,4.85815,93600
2009-07-16,4.85815,4.85815,4.76348,4.85004,21600
2009-07-17,4.73372,4.85004,4.73372,4.85004,9900
2009-07-20,4.85004,4.85004,4.80405,4.85004,22500
2009-07-21,4.85004,4.96144,4.82287,4.89623,198600
2009-07-22,4.89079,5.0185,4.89079,4.99676,4200
2009-07-23,4.99948,5.49399,4.98589,5.1625,109500
2009-07-24,5.16251,5.43422,5.11088,5.37716,44100
2009-07-27,5.32282,5.36086,5.13534,5.16522,79500
2009-07-28,5.19239,5.34999,5.19239,5.34999,1500
2009-07-29,5.29836,5.29836,5.21957,5.29836,2400
2009-07-30,5.29564,5.32553,5.20326,5.32553,15600
2009-07-31,5.33912,5.33912,5.23587,5.3364,7800
2009-08-04,5.32282,5.41792,5.32282,5.40433,31500
2009-08-05,5.31466,5.70321,5.31466,5.70321,105300
2009-08-06,5.39889,5.48856,5.39889,5.40704,12000
2009-08-07,5.4315,5.70593,5.4315,5.43693,30600
2009-08-10,5.43422,5.70321,5.37987,5.43422,9000
2009-08-11,5.70049,5.70049,5.3527,5.40704,11400
2009-08-12,5.42878,5.43422,5.33912,5.4315,84000
2009-08-13,5.4315,5.43422,5.31466,5.31466,15300
2009-08-14,5.29836,5.29836,5.20326,5.28478,71400
2009-08-17,5.32281,5.36629,5.20326,5.36629,16200
2009-08-18,5.36629,5.36629,5.20326,5.20598,22800
2009-08-19,5.34999,5.37172,5.26304,5.36357,13500
2009-08-20,5.27391,5.41791,5.27391,5.41791,11400
2009-08-21,5.30651,5.40704,5.30108,5.40704,69600
2009-08-24,5.40433,5.40433,5.21957,5.21957,5100
2009-08-25,5.24402,5.24402,5.20326,5.22228,6900
2009-08-26,5.23043,5.23043,5.21685,5.21685,9000
2009-08-27,5.16794,5.26847,5.16794,5.21685,19800
2009-08-28,5.20326,5.24402,5.20326,5.20326,18600
2009-08-31,5.24945,5.24945,5.16794,5.18968,28500
2009-09-01,5.1625,5.17609,5.1625,5.17609,12900
2009-09-02,5.18696,5.18696,5.1625,5.1625,1800
2009-09-03,5.15979,5.26575,5.15979,5.1625,14100
2009-09-04,5.26304,5.27119,5.23315,5.23315,23100
2009-09-08,5.29564,5.29564,5.23043,5.29293,23100
2009-09-09,5.24674,5.24674,5.23043,5.23043,11400
2009-09-10,5.24402,5.29836,5.23044,5.29836,19500
2009-09-11,5.24402,5.27119,5.24402,5.27119,16500
2009-09-14,5.29836,5.29836,5.23044,5.24402,30900
2009-09-15,5.24402,5.29836,5.24402,5.26304,14700
2009-09-16,5.29564,5.29836,5.2576,5.29564,17400
2009-09-17,5.24402,5.29565,5.23315,5.25761,22800
2009-09-18,5.23044,5.28478,5.23044,5.24402,90300
2009-09-21,5.28206,5.28206,5.24402,5.24402,14100
2009-09-22,5.25217,5.29836,5.25217,5.29836,35100
2009-09-23,5.33097,5.4152,5.26576,5.26576,23100
2009-09-24,5.26304,5.29021,5.2576,5.29021,7800
2009-09-25,5.2576,5.28478,5.2576,5.28478,5100
2009-09-28,5.28478,5.40433,5.2576,5.29564,46800
2009-09-29,5.29021,5.29021,5.24402,5.25761,29700
2009-09-30,5.28206,5.29293,5.26032,5.29293,3900
2009-10-01,5.27391,5.28478,5.26304,5.26304,6600
2009-10-02,5.26304,5.29564,5.23587,5.24945,7500
2009-10-05,5.25489,5.29836,5.25489,5.29836,21000
2009-10-06,5.29836,5.37172,5.29836,5.36629,12000
2009-10-07,5.40433,5.42878,5.37987,5.42878,12000
2009-10-08,5.36629,5.69778,5.36629,5.50486,35100
2009-10-09,5.43693,5.638,5.43693,5.638,54000
2009-10-13,5.59163,5.70074,5.59163,5.70074,26700
2009-10-14,5.70074,5.75529,5.70074,5.75529,40800
2009-10-15,5.71164,5.72801,5.70073,5.72528,10500
2009-10-16,5.72801,5.75801,5.72801,5.75801,7200
2009-10-19,5.7662,5.7962,5.73074,5.7962,10200
2009-10-20,5.73074,5.85894,5.73074,5.75529,12300
2009-10-21,5.74438,5.83712,5.64618,5.64618,7800
2009-10-22,5.64618,5.64618,5.48798,5.53708,6900
2009-10-23,5.48525,5.52344,5.33251,5.33251,16800
2009-10-26,5.45252,5.45252,5.30523,5.30523,293700
2009-10-27,5.32159,5.44707,5.32159,5.37342,14100
2009-10-28,5.34614,5.49616,5.34614,5.42797,6000
2009-10-29,5.49344,5.52344,5.40342,5.52344,9000
2009-10-30,5.48798,5.52344,5.41434,5.52344,8100
2009-11-02,5.52344,5.61618,5.52344,5.61618,7800
2009-11-03,5.51253,5.70619,5.51253,5.56163,3900
2009-11-04,5.56435,5.68437,5.55072,5.59163,14400
2009-11-05,5.69801,5.72801,5.60527,5.72801,14700
2009-11-06,5.72801,5.79348,5.72801,5.73347,33000
2009-11-09,5.74983,6.27081,5.74983,6.00077,33300
2009-11-10,6.00077,6.00077,5.7962,6.00077,15600
2009-11-11,5.92167,5.99532,5.92167,5.92167,4500
2009-11-12,5.86984,5.91894,5.86984,5.91894,9000
2009-11-13,5.91894,6.00077,5.91894,5.92167,33000
2009-11-16,5.93531,6.00077,5.79893,5.99805,141300
2009-11-17,5.90531,5.99805,5.83166,5.93259,5400
2009-11-18,5.86712,6.00077,5.86166,6.00077,6900
2009-11-19,5.80438,5.80984,5.80438,5.80984,2100
2009-11-20,5.81802,5.8753,5.64618,5.79075,1161300
2009-11-23,5.79074,5.98713,5.79074,5.87803,9900
2009-11-24,5.99259,5.99259,5.86439,5.89167,8100
2009-11-25,5.91894,5.92167,5.88621,5.88894,4800
2009-11-26,5.90531,5.95168,5.83712,5.93259,37500
2009-11-27,5.80984,5.86439,5.80984,5.85621,24000
2009-11-30,5.80984,5.86439,5.59981,5.72528,15600
2009-12-01,5.64346,5.65982,5.59163,5.59163,25200
2009-12-02,5.72528,5.79893,5.65982,5.71437,11400
2009-12-03,5.75801,5.86985,5.72801,5.72801,14400
2009-12-04,5.91622,5.91622,5.72528,5.7962,21300
2009-12-07,5.73347,5.7962,5.73074,5.7962,13200
2009-12-08,5.88621,5.91622,5.74165,5.89167,18000
2009-12-09,5.89167,5.89167,5.80984,5.86439,11100
2009-12-10,5.88894,5.97622,5.88894,5.97622,24300
2009-12-11,5.86985,6.00077,5.86985,5.93531,23400
2009-12-14,5.82621,6.00077,5.82621,6.00077,30000
2009-12-15,6.00077,6.0035,6.00077,6.00077,4800
2009-12-16,6.04169,6.12897,6.00077,6.12897,8400
2009-12-17,6.06897,6.06897,6.00077,6.00077,6300
2009-12-18,6.06896,6.12352,5.8944,6.12352,268200
2009-12-21,6.0035,6.13443,6.0035,6.0826,23100
2009-12-22,6.13443,6.13443,6.13443,6.13443,1800
2009-12-23,6.13443,6.13715,6.05805,6.05805,6300
2009-12-24,6.01168,6.12897,6.01168,6.03078,5100
2009-12-29,6.21353,6.21626,6.00077,6.00077,24300
2009-12-30,6.06897,6.06897,6.06897,6.06897,2100
2009-12-31,6.13716,6.13716,6.13716,6.13716,1500
2010-01-04,6.09351,6.26535,6.00077,6.13443,13500
2010-01-05,6.18625,6.20262,6.03078,6.03078,7500
2010-01-06,5.95986,6.13443,5.95986,6.0826,37200
2010-01-07,6.0826,6.10988,6.01441,6.10988,34800
2010-01-08,6.16171,6.16171,6.0826,6.11261,8400
2010-01-11,6.13443,6.19171,6.13443,6.19171,9600
2010-01-12,6.13988,6.27354,6.13988,6.13988,26400
2010-01-13,6.26808,6.26808,6.16443,6.16443,2400
2010-01-14,6.14806,6.26535,6.14806,6.26262,7200
2010-01-15,6.26808,6.29808,6.20807,6.20807,13800
2010-01-18,6.17807,6.21353,6.17807,6.21353,7800
2010-01-19,6.21626,6.29809,6.21626,6.21626,3900
2010-01-20,6.27626,6.29808,6.2108,6.29808,40800
2010-01-21,6.27353,6.35536,6.21353,6.21353,47100
2010-01-22,6.27353,6.35264,6.27353,6.27353,107400
2010-01-25,6.27354,6.27627,6.2108,6.2108,15000
2010-01-26,6.2108,6.24626,6.2108,6.21626,6900
2010-01-27,6.21353,6.21353,6.16989,6.20535,5100
2010-01-28,6.16989,6.30081,5.88076,6.30081,28200
2010-01-29,6.30081,6.30081,6.10988,6.30081,2100
2010-02-01,6.40719,6.40719,6.18079,6.27353,611700
2010-02-02,6.21898,6.35809,6.18352,6.27353,6000
2010-02-03,6.23535,6.40173,6.23535,6.28172,5100
2010-02-04,6.40446,6.40446,6.25444,6.25444,5400
2010-02-05,6.24626,6.29809,6.1808,6.20535,8400
2010-02-08,6.21626,6.27354,6.16443,6.17807,729300
2010-02-09,6.20546,6.26844,6.01102,6.01102,26400
2010-02-10,5.95899,6.2657,5.95625,6.2657,9300
2010-02-11,6.12056,6.41084,6.12056,6.39441,15300
2010-02-12,6.43549,6.43549,6.07401,6.07401,128700
2010-02-16,6.1589,6.2301,6.07401,6.2301,30900
2010-02-17,6.29583,6.29856,6.10139,6.24653,12300
2010-02-18,6.18355,6.18629,6.09865,6.14795,12900
2010-02-19,6.16986,6.29309,6.16986,6.29309,4500
2010-02-22,6.29583,6.29856,6.27118,6.27392,22500
2010-02-23,6.27118,6.29857,6.2438,6.2438,79200
2010-02-24,6.29583,6.29856,6.24379,6.24653,6900
2010-02-25,6.2438,6.29857,6.2438,6.2438,33000
2010-02-26,6.25749,6.29856,6.23558,6.29309,13200
2010-03-01,6.22736,6.27118,6.21641,6.2438,29100
2010-03-02,6.36703,6.36703,6.17259,6.17259,7800
2010-03-03,6.16438,6.2301,6.16438,6.16438,9600
2010-03-04,6.10413,6.16164,6.09591,6.1589,29100
2010-03-05,6.10139,6.18902,6.10139,6.18902,14400
2010-03-08,6.16164,6.16164,6.16164,6.16164,6000
2010-03-09,6.16164,6.17533,6.08222,6.16164,14400
2010-03-10,6.02745,6.1589,6.02745,6.09318,23100
2010-03-11,6.07948,6.07948,6.03019,6.03841,35700
2010-03-12,6.06031,6.09318,6.03841,6.06031,8700
2010-03-15,6.02745,6.0521,5.95899,5.96994,23100
2010-03-16,5.99733,6.10413,5.99733,6.10413,6300
2010-03-17,6.09318,6.10687,5.99185,6.10687,10200
2010-03-18,6.0521,6.10687,6.0521,6.05483,18900
2010-03-19,6.05484,6.10139,5.99733,6.10139,18900
2010-03-22,6.02745,6.2301,6.02471,6.22736,38700
2010-03-23,6.2301,6.29035,6.2301,6.29035,11400
2010-03-24,6.27939,6.29856,6.26022,6.26022,6300
2010-03-25,6.28487,6.43549,6.28487,6.4081,669300
2010-03-26,6.5286,6.5286,6.38072,6.45192,615600
2010-03-29,6.46287,6.47657,6.3013,6.47657,19200
2010-03-30,6.47931,6.47931,6.36703,6.38894,10800
2010-03-31,6.4574,6.4574,6.2301,6.30952,156000
2010-04-01,6.35881,6.42727,6.32595,6.32869,27000
2010-04-05,6.40536,6.43549,6.33964,6.33964,12000
2010-04-06,6.45511,6.53483,6.38638,6.53483,251100
2010-04-07,6.54858,6.77676,6.52659,6.76302,30900
2010-04-08,6.76302,6.87848,6.76302,6.86199,16800
2010-04-09,6.93622,7.00495,6.47985,6.72178,36300
2010-04-12,6.72178,6.83175,6.65305,6.65305,18900
2010-04-13,6.58982,6.63931,6.58982,6.62556,35700
2010-04-14,6.67779,6.71903,6.62556,6.71903,3600
2010-04-15,6.61181,6.71903,6.61181,6.71078,9000
2010-04-16,6.64755,6.72178,6.64755,6.70803,13800
2010-04-19,6.73553,6.85924,6.71353,6.85924,10200
2010-04-20,6.79326,6.87298,6.66954,6.84549,311400
2010-04-21,6.69704,6.73003,6.68329,6.71903,18300
2010-04-22,6.72178,6.829,6.72178,6.78226,7800
2010-04-23,6.82625,6.83175,6.63655,6.63655,15600
2010-04-26,6.55133,6.71903,6.55133,6.59807,10800
2010-04-27,6.67504,6.67504,6.59806,6.60631,10500
2010-04-28,6.62556,6.66405,6.62556,6.66405,5400
2010-04-29,6.66405,6.66955,6.62831,6.66955,14100
2010-04-30,6.6668,6.73553,6.6668,6.73278,13800
2010-05-03,6.66955,6.66955,6.59532,6.62281,6600
2010-05-04,6.70528,6.73827,6.65305,6.73827,488700
2010-05-05,6.70803,6.97746,6.70803,6.89498,25200
2010-05-06,6.80975,6.89773,6.80975,6.83999,15900
2010-05-07,6.60357,6.64205,6.53209,6.59807,269400
2010-05-10,6.85924,6.85924,6.52934,6.59257,23700
2010-05-11,6.59257,6.59807,6.52934,6.59532,62700
2010-05-12,6.52934,6.59807,6.51834,6.59807,52500
2010-05-13,6.59807,6.73553,6.54583,6.64205,14700
2010-05-14,6.62831,6.87298,6.62556,6.87298,18900
2010-05-17,6.80426,6.87574,6.74927,6.77127,475200
2010-05-18,6.84274,6.84274,6.76302,6.76302,15000
2010-05-19,6.76577,6.76577,6.76302,6.76302,3900
2010-05-20,6.6393,6.6393,6.6393,6.6393,7200
2010-05-21,6.62556,6.6503,6.54308,6.54583,6900
2010-05-25,6.54308,6.54308,6.44686,6.45511,9600
2010-05-26,6.43312,6.43312,6.33689,6.33689,16500
2010-05-27,6.33964,6.54308,6.3204,6.32315,15000
2010-05-28,6.45786,6.46061,6.36439,6.37263,8700
2010-05-31,6.41112,6.45786,6.37263,6.45786,24900
2010-06-01,6.36713,6.42212,6.35064,6.41937,166500
2010-06-02,6.54858,6.58707,6.43586,6.57332,21300
2010-06-03,6.59807,6.62556,6.59807,6.62556,217500
2010-06-04,6.45511,6.59807,5.92451,6.56233,32400
2010-06-07,6.46061,6.59532,6.46061,6.46061,10500
2010-06-08,6.46061,6.46061,6.07572,6.18844,224400
2010-06-09,6.18569,6.3204,6.18569,6.30665,5100
2010-06-10,6.21593,6.29291,6.21593,6.29291,7500
2010-06-11,6.3204,6.3259,6.26816,6.26816,11700
2010-06-14,6.3204,6.32315,6.13345,6.13345,9600
2010-06-15,6.1307,6.6503,6.1307,6.6503,49500
2010-06-16,6.47435,6.54033,6.47435,6.54033,14400
2010-06-17,6.59532,6.6668,6.59532,6.60082,3900
2010-06-18,6.56233,6.59807,6.56233,6.59807,17400
2010-06-21,6.51559,6.51834,6.51559,6.51559,2700
2010-06-22,6.51559,6.51559,6.51559,6.51559,1500
2010-06-23,6.51559,6.87024,6.51559,6.52934,8700
2010-06-24,6.52934,6.52934,6.52934,6.52934,0
2010-06-25,6.45236,6.45511,6.32315,6.32315,12000
2010-06-28,6.32864,6.36438,6.32315,6.36438,19500
2010-06-29,6.4771,6.52384,6.32315,6.38088,11400
2010-06-30,6.3259,6.59532,6.3259,6.40012,6000
2010-07-02,6.32589,6.46061,6.32589,6.32589,108900
2010-07-05,6.33139,6.33139,6.32864,6.32864,2700
2010-07-06,6.40562,6.59532,6.40562,6.4661,7500
2010-07-07,6.46336,6.52934,6.46336,6.52934,4500
2010-07-08,6.59532,6.87298,6.59257,6.87298,692700
2010-07-09,6.85924,6.94171,6.85924,6.88948,63900
2010-07-12,6.88948,6.94172,6.87299,6.88673,392700
2010-07-13,6.91422,6.94172,6.91422,6.93072,6000
2010-07-14,6.99945,6.99945,6.94446,6.94446,817200
2010-07-15,6.88398,7.00769,6.88398,6.95271,6900
2010-07-16,7.01044,7.01044,6.97195,6.97195,4800
2010-07-19,7.00494,7.00769,6.94171,6.94171,9000
2010-07-20,6.93895,7.03276,6.93895,7.03,117600
2010-07-21,7.03552,7.17071,7.01069,7.1045,23100
2010-07-22,7.06587,7.17071,6.97758,7.01897,10800
2010-07-23,6.99414,7.00793,6.97482,6.98034,10500
2010-07-26,6.9831,7.16795,6.9831,7.16795,46500
2010-07-27,7.0907,7.1652,7.04932,7.04932,33900
2010-07-28,7.03552,7.0438,6.99414,7.04104,29400
2010-07-29,7.03828,7.04932,7.00517,7.00793,14400
2010-07-30,7.03828,7.03828,7.01069,7.01069,2400
2010-08-03,7.14036,7.14036,7.01345,7.03552,10500
2010-08-04,7.03552,7.44662,7.03552,7.43282,24300
2010-08-05,7.35833,7.43006,7.31142,7.43006,254400
2010-08-06,7.46041,7.46041,7.3804,7.40523,8100
2010-08-09,7.3666,7.44938,7.3666,7.38868,25500
2010-08-10,7.32522,7.3804,7.32522,7.3666,10500
2010-08-11,7.3804,7.3804,7.31143,7.31143,30000
2010-08-12,7.09622,7.44386,7.09622,7.13209,40500
2010-08-13,7.12381,7.36109,7.11829,7.36109,5100
2010-08-16,7.17347,7.32246,7.13209,7.13209,11100
2010-08-17,7.17347,7.29763,7.16795,7.17347,11100
2010-08-18,7.14037,7.18175,7.14037,7.14588,22800
2010-08-19,7.11001,7.15692,7.0907,7.0907,20100
2010-08-20,7.09898,7.10449,7.03552,7.03552,16500
2010-08-23,7.03828,7.06311,7.03552,7.03552,33900
2010-08-24,7.03552,7.03828,7.03552,7.03828,2100
2010-08-25,7.03828,7.03828,6.99414,6.99414,18300
2010-08-26,7.1045,7.1045,6.90309,7.08794,4200
2010-08-27,6.9831,7.06035,6.90861,6.91136,6300
2010-08-30,6.90861,7.1045,6.75962,7.1045,69900
2010-08-31,6.93344,7.28108,6.93344,7.25349,13200
2010-09-01,7.05208,7.33074,7.04104,7.33074,16800
2010-09-02,7.28383,7.28383,7.07139,7.13485,8700
2010-09-03,7.13485,7.17347,7.13209,7.13761,34500
2010-09-07,7.1376,7.17347,7.13209,7.13209,6300
2010-09-08,7.06311,7.07691,7.00793,7.04656,18000
2010-09-09,7.04932,7.1045,7.04932,7.04932,7500
2010-09-10,7.00793,7.06311,7.00793,7.06311,31800
2010-09-13,7.05208,7.09898,7.03828,7.03828,10200
2010-09-14,7.03552,7.17348,7.03552,7.10726,281100
2010-09-15,7.11002,7.18727,7.10726,7.1514,6600
2010-09-16,7.17623,7.24245,7.17347,7.17347,6000
2010-09-17,7.27831,7.27831,7.17347,7.17347,43500
2010-09-20,7.26728,7.30591,7.26452,7.30591,5100
2010-09-21,7.30867,7.31143,7.24521,7.31143,16200
2010-09-22,7.259,7.29763,7.18451,7.18451,5100
2010-09-23,7.18727,7.33626,7.18727,7.20107,15000
2010-09-24,7.37764,7.37764,7.259,7.259,5100
2010-09-27,7.26176,7.46317,7.26176,7.46317,27900
2010-09-28,7.44662,7.55974,7.36109,7.47972,9900
2010-09-29,7.57629,7.71148,7.57629,7.69493,6900
2010-09-30,7.50732,7.72528,7.50732,7.72528,32100
2010-10-01,7.66182,7.72528,7.58733,7.68389,40500
2010-10-04,7.69769,7.69769,7.64251,7.68389,50100
2010-10-05,7.59009,7.64251,7.59009,7.64251,5700
2010-10-06,7.58733,7.6563,7.58733,7.60664,74700
2010-10-07,7.65906,7.72528,7.64803,7.72528,73800
2010-10-08,7.67286,7.9322,7.67286,7.9322,32700
2010-10-12,7.75231,8.02631,7.75231,7.89069,26700
2010-10-13,7.91837,7.92114,7.83534,7.88792,28500
2010-10-14,7.87408,7.94051,7.87132,7.89899,18300
2010-10-15,7.89899,7.89899,7.65544,7.88792,34800
2010-10-18,7.88239,7.88239,7.71633,7.71633,15600
2010-10-19,7.74677,7.87408,7.7357,7.87408,54300
2010-10-20,7.88792,7.89069,7.77722,7.88792,25500
2010-10-21,7.75507,7.88792,7.74954,7.79105,47400
2010-10-22,7.79936,7.94051,7.79936,7.9156,7800
2010-10-25,7.94328,7.94328,7.88792,7.94328,13200
2010-10-26,7.94327,8.10657,7.94327,7.95158,25800
2010-10-27,7.89623,7.94328,7.88792,7.88792,5700
2010-10-28,7.89622,7.95711,7.89622,7.95711,6600
2010-10-29,7.95712,8.15086,7.95712,8.15086,11400
2010-11-01,8.05952,8.15086,8.05952,8.15086,144600
2010-11-02,8.0955,8.0955,8.0955,8.0955,2700
2010-11-03,8.0955,8.0955,8.05398,8.05398,2400
2010-11-04,8.09827,8.1038,7.88792,7.88792,51900
2010-11-05,7.88792,8.0955,7.80766,8.0955,40800
2010-11-08,7.88239,8.0097,7.88239,8.0097,4800
2010-11-09,8.04015,8.04015,7.89069,7.89069,25200
2010-11-10,7.89069,7.95435,7.89069,7.90176,8700
2010-11-11,7.88792,7.93497,7.88792,7.92944,6600
2010-11-12,7.9156,8.02354,7.9156,7.94604,24000
2010-11-15,7.91837,8.02354,7.91837,7.94604,714600
2010-11-16,7.89069,8.12318,7.89069,8.12318,55200
2010-11-17,7.89346,8.35843,7.88792,8.35843,27600
2010-11-18,8.37227,8.7127,8.13148,8.37227,14400
2010-11-19,8.37227,8.37227,8.20898,8.30308,10800
2010-11-22,8.20898,8.23112,8.08166,8.22835,12600
2010-11-23,8.13978,8.22005,8.13978,8.22005,19500
2010-11-24,8.10934,8.23112,8.0955,8.17576,66000
2010-11-25,8.04291,8.23111,8.04291,8.04291,600
2010-11-26,8.16469,8.16469,8.0955,8.0955,3600
2010-11-29,8.16469,8.23388,8.04015,8.20067,19800
2010-11-30,8.09827,8.30307,8.09827,8.26709,12900
2010-12-01,8.36396,8.36396,8.292,8.32245,6300
2010-12-02,8.30308,8.42762,8.30308,8.42762,10200
2010-12-03,8.30584,8.51895,8.30307,8.49958,6300
2010-12-06,8.49958,8.68778,8.49958,8.6352,20400
2010-12-07,8.66288,8.7127,8.5411,8.57985,21300
2010-12-08,8.57984,8.59368,8.49681,8.59368,21300
2010-12-09,8.59091,8.59091,8.4719,8.4719,17400
2010-12-10,8.70439,8.70439,8.57985,8.57985,36900
2010-12-13,8.57985,8.70439,8.57985,8.58262,18300
2010-12-14,8.58538,8.69609,8.58538,8.69609,1200
2010-12-15,8.59092,8.65181,8.58538,8.64904,18000
2010-12-16,8.7127,8.7127,8.58261,8.64904,79200
2010-12-17,8.58262,8.58262,8.30585,8.31969,95100
2010-12-20,8.33352,8.57985,8.33352,8.42762,168300
2010-12-21,8.5577,8.5577,8.42208,8.4719,14700
2010-12-22,8.64627,8.64627,8.51065,8.51065,1800
2010-12-23,8.37503,8.57708,8.37503,8.57708,6000
2010-12-24,8.70993,8.70993,8.53279,8.53279,1200
2010-12-29,8.57985,8.66288,8.57985,8.66288,7500
2010-12-30,8.66288,8.66288,8.59092,8.59092,38100
2010-12-31,8.57985,8.57985,8.45807,8.45807,3000
2011-01-04,8.44423,8.51066,8.44423,8.4553,14100
2011-01-05,8.51065,8.51065,8.30307,8.48298,9900
2011-01-06,8.39995,8.53833,8.2754,8.53833,89700
2011-01-07,8.63243,8.78742,8.48298,8.49681,30900
2011-01-10,8.50789,8.57984,8.48574,8.51065,12900
2011-01-11,8.48298,8.57985,8.48298,8.57985,13500
2011-01-12,8.57984,8.57984,8.44146,8.51065,27000
2011-01-13,8.57985,8.57985,8.44146,8.46914,19500
2011-01-14,8.52449,8.52449,8.52449,8.52449,15900
2011-01-17,8.57984,8.57984,8.49958,8.49958,5700
2011-01-18,8.57708,8.57985,8.50235,8.57985,11100
2011-01-19,8.56601,8.57984,8.45807,8.52449,6300
2011-01-20,8.5245,8.5245,8.4553,8.4553,3900
2011-01-21,8.4553,8.51342,8.4553,8.49681,3300
2011-01-24,8.47467,8.54386,8.47467,8.54386,3900
2011-01-25,8.50788,8.52449,8.50788,8.52449,5400
2011-01-26,8.52449,8.52449,8.38887,8.44423,4800
2011-01-27,8.52173,8.52173,8.08997,8.16469,21000
2011-01-28,8.23389,8.30031,8.22005,8.23389,84900
2011-01-31,8.19237,8.22005,8.16469,8.22005,199500
2011-02-01,8.13979,8.23389,8.12871,8.19237,40200
2011-02-02,8.19237,8.21728,8.15085,8.16746,76500
2011-02-03,8.16746,8.24495,8.16746,8.17853,9900
2011-02-04,8.28647,8.28647,8.17299,8.26986,6900
2011-02-07,8.29754,8.38334,8.26987,8.29477,225300
2011-02-08,8.467,8.467,8.33922,8.392,46500
2011-02-09,8.45867,8.45867,8.33366,8.33366,19800
2011-02-10,8.33366,8.40311,8.33366,8.33366,66900
2011-02-11,8.40311,8.467,8.40311,8.467,7800
2011-02-14,8.59756,8.59756,8.35867,8.36422,21300
2011-02-15,8.36422,8.46978,8.36144,8.44478,12000
2011-02-16,8.44756,8.49478,8.34478,8.367,29400
2011-02-17,8.36144,8.50034,8.34755,8.50034,261600
2011-02-18,8.54478,8.54478,8.40033,8.40033,28200
2011-02-22,8.48645,8.50034,8.40033,8.50034,15000
2011-02-23,8.44478,8.51423,8.417,8.417,25200
2011-02-24,8.492,8.52812,8.442,8.442,7500
2011-02-25,8.42256,8.49756,8.417,8.48645,15000
2011-02-28,8.35589,8.42256,8.30311,8.42256,16500
2011-03-01,8.36422,8.46422,8.36422,8.37533,7200
2011-03-02,8.367,8.40033,8.35589,8.40033,11700
2011-03-03,8.36977,8.40033,8.36144,8.37533,17700
2011-03-04,8.40312,8.40312,8.35589,8.36145,26400
2011-03-07,8.417,8.41978,8.33644,8.35311,150600
2011-03-08,8.49756,8.49756,8.33367,8.34478,180600
2011-03-09,8.34755,8.542,8.34755,8.542,57000
2011-03-10,8.56701,8.56701,8.36145,8.36145,101400
2011-03-11,8.37534,8.4059,8.36145,8.36145,30900
2011-03-14,8.37533,8.43367,8.37533,8.43089,5100
2011-03-15,8.37811,8.59479,8.37534,8.49756,15900
2011-03-16,8.53089,8.56978,8.45033,8.542,8400
2011-03-17,8.492,8.62812,8.47256,8.47534,260400
2011-03-18,8.47256,8.56978,8.47256,8.56978,5100
2011-03-21,8.61145,8.61145,8.53089,8.59756,8100
2011-03-22,8.59756,8.60867,8.53089,8.60867,2100
2011-03-23,8.60868,8.61145,8.52256,8.52256,14400
2011-03-24,8.39756,8.46423,8.38089,8.38089,8100
2011-03-25,8.42811,8.60867,8.40311,8.60867,11100
2011-03-28,8.60868,8.60868,8.40589,8.42256,4200
2011-03-29,8.49756,8.50311,8.40311,8.40589,19200
2011-03-30,8.40311,8.46978,8.33644,8.33644,8100
2011-03-31,8.33366,8.43089,8.33366,8.33366,38700
2011-04-01,8.42811,8.43089,8.33367,8.34756,57300
2011-04-04,8.36144,8.43089,8.33366,8.43089,33300
2011-04-05,8.35867,8.40311,8.34756,8.35033,18300
2011-04-06,8.33366,8.33644,8.33366,8.33366,109200
2011-04-07,8.38089,8.38089,8.35589,8.35589,12600
2011-04-08,8.35589,8.38922,8.35589,8.35589,39300
2011-04-11,8.38367,8.38922,8.35589,8.37811,6600
2011-04-12,8.41436,8.41714,8.38648,8.41157,165300
2011-04-13,8.38927,8.39484,8.30562,8.36417,189600
2011-04-14,8.37811,8.4032,8.37811,8.4032,2400
2011-04-15,8.41436,8.41436,8.36696,8.36696,16200
2011-04-18,8.37254,8.38926,8.36417,8.38926,157500
2011-04-19,8.38927,8.38927,8.36417,8.36417,9600
2011-04-20,8.36417,8.38927,8.36417,8.36417,19500
2011-04-21,8.36417,8.37532,8.36417,8.36975,6600
2011-04-25,8.39205,8.39205,8.36417,8.38926,6900
2011-04-26,8.36417,8.37532,8.29168,8.29168,92100
2011-04-27,8.29447,8.32235,8.28332,8.30841,11700
2011-04-28,8.32235,8.36138,8.32235,8.33629,12300
2011-04-29,8.36417,8.36417,8.32514,8.36417,11100
2011-05-02,7.93481,8.36138,7.93481,8.36138,9900
2011-05-03,8.36138,8.36417,8.26659,8.26659,11400
2011-05-04,8.26659,8.26659,8.23871,8.24149,10200
2011-05-05,8.26659,8.29447,8.25265,8.25265,30300
2011-05-06,8.26659,8.35859,8.21919,8.21919,30300
2011-05-09,8.16622,8.34465,8.15506,8.15506,10500
2011-05-10,8.18852,8.23592,8.14391,8.17737,17700
2011-05-11,8.17737,8.22477,8.17737,8.22477,7800
2011-05-12,8.22477,8.22477,8.18573,8.22477,14100
2011-05-13,8.21083,8.31956,8.21083,8.26659,9900
2011-05-16,8.25822,8.29726,8.18295,8.18295,48000
2011-05-17,8.18852,8.25265,8.18295,8.19689,20400
2011-05-18,8.25265,8.25265,8.19689,8.25265,14100
2011-05-19,8.21083,8.28611,8.21083,8.25265,343200
2011-05-20,8.35581,8.35581,8.25265,8.25265,8100
2011-05-24,8.33908,8.36417,8.31678,8.36417,12300
2011-05-25,8.26102,8.36417,8.26102,8.28053,6900
2011-05-26,8.28053,8.28053,8.23034,8.23034,10800
2011-05-27,8.22477,8.22477,8.11324,8.11324,36000
2011-05-30,8.15228,8.15228,8.08815,8.08815,2100
2011-05-31,8.08537,8.08537,7.81214,7.84559,25800
2011-06-01,7.84559,7.84559,7.656,7.656,18300
2011-06-02,7.7034,7.7034,7.55563,7.62255,33600
2011-06-03,7.58352,7.63091,7.58352,7.63091,4800
2011-06-06,7.40508,7.52776,7.39114,7.51103,33900
2011-06-07,7.57794,7.57794,7.56958,7.56958,3000
2011-06-08,7.57236,7.57236,7.45805,7.49987,15600
2011-06-09,7.4943,7.59467,7.4943,7.52775,7500
2011-06-10,7.52775,7.56399,7.49987,7.56399,12000
2011-06-13,7.53054,7.66158,7.52775,7.6114,27300
2011-06-14,7.54727,7.63928,7.54727,7.63928,9600
2011-06-15,7.56121,7.63649,7.52776,7.57515,123600
2011-06-16,7.54727,7.5863,7.53054,7.5863,13800
2011-06-17,7.66158,7.80377,7.66158,7.80377,12300
2011-06-20,7.80656,7.82608,7.80656,7.82608,4200
2011-06-21,7.81213,7.87626,7.80656,7.83444,18600
2011-06-22,7.77868,8.05749,7.77868,7.95154,11700
2011-06-23,7.82329,7.91529,7.82329,7.91529,8700
2011-06-24,7.80098,7.84838,7.79262,7.79262,12000
2011-06-27,7.79819,7.9376,7.79262,7.7954,13500
2011-06-28,7.82886,7.87347,7.82886,7.83444,2700
2011-06-29,7.83444,7.83444,7.80656,7.83165,5100
2011-06-30,7.79262,7.79262,7.73686,7.75917,2700
2011-07-04,7.80656,7.80656,7.7731,7.7731,45000
2011-07-05,7.77868,7.79262,7.66716,7.67273,16200
2011-07-06,7.66994,7.83444,7.66994,7.83165,86100
2011-07-07,7.83444,7.83444,7.83444,7.83444,3000
2011-07-08,7.83165,7.84002,7.77868,7.77868,52500
2011-07-11,7.69504,7.69504,7.69504,7.69504,1800
2011-07-12,7.57515,7.60024,7.57236,7.57236,7500
2011-07-13,7.66158,7.66437,7.58352,7.60303,21300
2011-07-14,7.5863,7.5863,7.46084,7.46084,22800
2011-07-15,7.52218,7.52218,7.39114,7.39114,12000
2011-07-18,7.45805,7.45805,7.36047,7.38835,15600
2011-07-19,7.36316,7.43035,7.36316,7.41915,21600
2011-07-20,7.43875,7.50314,7.41915,7.41915,139500
2011-07-21,7.41915,7.54793,7.41915,7.44714,21300
2011-07-22,7.49194,7.54793,7.48914,7.48914,6300
2011-07-25,7.48914,7.60672,7.48914,7.60392,3000
2011-07-26,7.50594,7.58713,7.49474,7.55913,39000
2011-07-27,7.56193,7.67112,7.56193,7.65992,4500
2011-07-28,7.56753,7.62912,7.55913,7.62912,4200
2011-07-29,7.62352,7.65712,7.58433,7.65712,4500
2011-08-02,7.68791,7.69911,7.49474,7.55913,5700
2011-08-03,7.57593,7.57593,7.39955,7.48354,83400
2011-08-04,7.42475,7.48074,7.42475,7.48074,9000
2011-08-05,7.43314,8.11066,7.43314,7.7691,9600
2011-08-08,7.43594,7.62632,7.42195,7.62632,12900
2011-08-09,7.60113,7.62912,7.33236,7.33236,23100
2011-08-10,7.30436,7.34916,7.05519,7.25117,16500
2011-08-11,7.29036,7.59273,7.29036,7.55913,33600
2011-08-12,7.45274,7.52274,7.43875,7.43875,10500
2011-08-15,7.41075,7.41915,7.26517,7.26517,5400
2011-08-16,7.26516,7.26516,7.13918,7.16718,28200
2011-08-17,7.22317,7.31836,7.16438,7.31836,6300
2011-08-18,7.20917,7.20917,7.16998,7.16998,237600
2011-08-19,7.20917,7.21757,7.15318,7.16718,340200
2011-08-22,7.16718,7.16718,7.16158,7.16158,2400
2011-08-23,7.15878,7.41635,7.15878,7.26237,8400
2011-08-24,7.26517,7.27917,7.22317,7.25677,14100
2011-08-25,7.22317,7.27356,7.19517,7.20077,8100
2011-08-26,7.22317,7.22597,7.22317,7.22317,3600
2011-08-29,7.22317,7.32116,7.22317,7.32116,10800
2011-08-30,7.32116,7.32116,7.22317,7.25117,8100
2011-08-31,7.31836,7.31836,7.22317,7.22317,6900
2011-09-01,7.23157,7.24837,7.22037,7.24837,15000
2011-09-02,7.22037,8.07987,7.21197,7.28196,8400
2011-09-06,7.22317,7.25117,7.22317,7.25117,4500
2011-09-07,7.27916,7.27916,7.22317,7.24837,7500
2011-09-08,7.24837,7.24837,7.21197,7.21197,4500
2011-09-09,7.22317,7.22597,7.19517,7.19517,23400
2011-09-12,7.22317,7.22317,7.20917,7.22317,41400
2011-09-13,7.22317,7.22877,7.22037,7.22317,78900
2011-09-14,7.22317,7.22597,7.20917,7.21477,13800
2011-09-15,7.21477,7.27916,7.20917,7.20917,7500
2011-09-16,7.20917,7.43595,7.20917,7.43595,3300
2011-09-19,7.24277,7.44434,7.20357,7.29596,18600
2011-09-20,7.29596,7.34915,7.23717,7.23717,77400
2011-09-21,7.21197,7.21197,7.19517,7.19517,11700
2011-09-22,7.19517,7.19517,7.10278,7.16718,329700
2011-09-23,7.12518,7.19517,6.9852,7.04119,118200
2011-09-26,6.9376,6.946,6.81722,6.81722,6600
2011-09-27,6.83122,6.9964,6.83122,6.87321,14100
2011-09-28,7.27076,7.27076,6.9852,7.13918,10200
2011-09-29,7.14758,7.22037,7.09718,7.09718,12300
2011-09-30,7.13918,7.13918,6.94321,6.95161,10200
2011-10-03,6.9712,7.11678,6.83402,7.11678,10200
2011-10-04,6.85921,7.13918,6.85921,6.86201,6900
2011-10-05,6.9936,6.99919,6.85361,6.85641,33000
2011-10-06,6.9264,6.9292,6.84521,6.90121,14400
2011-10-07,6.9992,7.20917,6.9292,6.96,24000
2011-10-11,7.03559,7.24277,7.03559,7.22317,19500
2011-10-12,7.24277,7.67112,7.24277,7.37715,30000
2011-10-13,7.53673,7.53673,7.37715,7.51714,7200
2011-10-14,7.47514,7.50034,7.47514,7.47514,117000
2011-10-17,7.43595,7.46115,7.36316,7.40515,9000
2011-10-18,7.39953,7.51198,7.30956,7.34611,178200
2011-10-19,7.36298,7.42764,7.32362,7.32362,3300
2011-10-20,7.30956,7.41077,7.30956,7.30956,40200
2011-10-21,7.43326,7.43326,7.30956,7.30956,14400
2011-10-24,7.30957,7.38266,7.30957,7.32362,16500
2011-10-25,7.3433,7.37985,7.30956,7.37985,12000
2011-10-26,7.03686,7.37985,7.03686,7.37985,8100
2011-10-27,7.38266,7.48387,7.37985,7.42202,453300
2011-10-28,7.09309,7.42483,7.09309,7.42483,17400
2011-10-31,7.39109,7.48105,7.39109,7.48105,13200
2011-11-01,7.37423,7.46138,7.37423,7.37423,9600
2011-11-02,7.3433,7.46981,7.3433,7.46981,9000
2011-11-03,7.45013,7.5907,7.45013,7.5907,8700
2011-11-04,7.52042,7.84091,7.47824,7.55415,18600
2011-11-07,7.54853,7.5907,7.54853,7.5907,54300
2011-11-08,7.62162,7.67785,7.62162,7.66098,140100
2011-11-09,7.55696,7.5907,7.50636,7.5907,7500
2011-11-10,7.42764,7.58508,7.42764,7.56259,48900
2011-11-11,7.53728,7.57664,7.53728,7.57664,52500
2011-11-14,7.57664,7.5907,7.51761,7.57946,16500
2011-11-15,7.5907,7.81279,7.5907,7.81279,2700
2011-11-16,7.86621,7.86621,7.66661,7.75376,7200
2011-11-17,7.5907,7.84372,7.5907,7.84372,9900
2011-11-18,7.8634,7.87465,7.82686,7.82686,72000
2011-11-21,7.80155,7.84372,7.80155,7.84372,4800
2011-11-22,7.80999,7.80999,7.5401,7.61038,40800
2011-11-23,7.59632,7.7397,7.59632,7.73408,4500
2011-11-24,7.53729,7.70034,7.53729,7.70034,2700
2011-11-25,7.61881,7.64974,7.61881,7.64974,1800
2011-11-28,7.61319,7.69753,7.61319,7.67504,82800
2011-11-29,7.67223,7.73127,7.67223,7.67504,9900
2011-11-30,7.75938,7.75938,7.467,7.65255,6600
2011-12-01,7.65255,7.70034,7.57664,7.67504,12300
2011-12-02,7.66661,8.01241,7.66098,7.98429,13500
2011-12-05,7.98429,8.45379,7.82966,8.45379,40200
2011-12-06,8.36383,8.41443,8.29354,8.29636,17400
2011-12-07,8.29916,8.36382,8.24012,8.36382,100800
2011-12-08,8.29354,8.36382,8.25137,8.36382,45600
2011-12-09,8.36382,8.36382,8.12486,8.36382,46800
2011-12-12,8.16422,8.257,7.87465,8.1586,28200
2011-12-13,8.08831,8.23732,8.08831,8.08831,51000
2011-12-14,8.08831,8.08831,7.90276,7.9618,36300
2011-12-15,7.9618,7.96461,7.87184,7.87184,33000
2011-12-16,7.8859,7.9365,7.87184,7.87184,30300
2011-12-19,7.8887,8.08831,7.79312,7.80155,72900
2011-12-20,8.10518,8.10518,7.83529,7.90277,76800
2011-12-21,7.75376,7.97305,7.75376,7.89995,16500
2011-12-22,8.04052,8.14735,7.94493,8.00678,8100
2011-12-23,8.01241,8.01241,7.92526,7.92526,7200
2011-12-28,7.95055,8.06863,7.89995,8.06863,15300
2011-12-29,8.09112,8.14735,8.07145,8.14735,3600
2011-12-30,8.06863,8.07144,8.06863,8.07144,4500
2012-01-03,7.94494,7.94494,7.80437,7.94212,90600
2012-01-04,7.95055,8.15016,7.95055,8.09675,25800
2012-01-05,8.04614,8.15297,8.02927,8.09675,66600
2012-01-06,8.05177,8.09394,7.89433,8.09394,9300
2012-01-09,8.09112,8.09675,8.09112,8.09675,12600
2012-01-10,8.09675,8.09675,7.82967,7.82967,15000
2012-01-11,7.94212,8.03771,7.59913,7.59913,84000
2012-01-12,7.6413,7.66942,7.52323,7.66942,7800
2012-01-13,7.67223,7.67223,7.61038,7.64693,125100
2012-01-16,7.63568,7.64974,7.55977,7.60476,40200
2012-01-17,7.66098,7.67504,7.60476,7.60476,107700
2012-01-18,7.57664,7.57664,7.5401,7.56821,1500
2012-01-19,7.51479,7.57383,7.4923,7.57383,11400
2012-01-20,7.62163,7.82967,7.5907,7.5907,12300
2012-01-23,7.82404,7.82404,7.65817,7.73127,12000
2012-01-24,7.73127,7.81561,7.73127,7.81279,5100
2012-01-25,7.73689,7.84934,7.73689,7.84934,4200
2012-01-26,7.84372,8.01241,7.84372,8.01241,40800
2012-01-27,8.10799,8.19233,8.03209,8.19233,50700
2012-01-30,8.18952,8.27949,8.18952,8.27949,4200
2012-01-31,8.27667,8.38913,8.27667,8.37788,7800
2012-02-01,8.38351,8.57468,8.37788,8.57468,25800
2012-02-02,8.57468,8.57468,8.1839,8.4313,46500
2012-02-03,8.42849,8.56062,8.32166,8.56062,37800
2012-02-06,8.50721,8.68151,8.43692,8.49878,290400
2012-02-07,8.58063,8.65966,8.51289,8.51289,135600
2012-02-08,8.48466,8.48466,8.4395,8.47055,8100
2012-02-09,8.46773,8.51006,8.46773,8.47055,9000
2012-02-10,8.4649,8.54393,8.4649,8.47055,24300
2012-02-13,8.49595,8.6145,8.46772,8.5016,26700
2012-02-14,8.47337,8.53547,8.47337,8.5016,13200
2012-02-15,8.45926,8.58345,8.45926,8.5016,4200
2012-02-16,8.49877,8.53547,8.46772,8.46772,8700
2012-02-17,8.41692,8.41692,8.32942,8.36893,19500
2012-02-21,8.39716,8.39716,8.37176,8.39434,8100
2012-02-22,8.4649,8.4649,7.99071,8.23063,17700
2012-02-23,8.25603,8.28143,8.21934,8.21934,10800
2012-02-24,8.37176,8.37176,8.25603,8.35765,97800
2012-02-27,8.32659,8.35482,8.32659,8.352,12900
2012-02-28,8.32659,8.36893,8.32659,8.36893,23100
2012-02-29,8.33224,8.38022,8.25603,8.29837,23100
2012-03-01,8.29555,8.29555,8.2278,8.29555,10200
2012-03-02,8.27014,8.29837,8.27014,8.29837,9000
2012-03-05,8.29837,8.31531,8.29837,8.31248,21900
2012-03-06,8.31248,8.31248,8.31248,8.31248,4200
2012-03-07,8.31248,8.31248,8.31248,8.31248,2400
2012-03-08,8.27297,8.32095,8.25603,8.32095,12900
2012-03-09,8.36329,8.39716,8.35482,8.38869,32100
2012-03-12,8.45926,8.45926,8.35764,8.42821,3300
2012-03-13,8.35765,8.53547,8.35765,8.52135,117300
2012-03-14,8.53547,8.53547,8.46772,8.46772,1800
2012-03-15,8.46772,8.46772,8.41127,8.42821,22200
2012-03-16,8.46773,8.48184,8.4395,8.4395,158400
2012-03-19,8.4395,8.46772,8.41974,8.42539,6000
2012-03-20,8.46208,8.46208,8.39716,8.39716,284100
2012-03-21,8.41127,8.41127,8.32659,8.32659,14100
2012-03-22,8.39716,8.4649,8.3266,8.33789,363000
2012-03-23,8.34353,8.38587,8.34353,8.34353,9900
2012-03-26,8.40563,8.45926,8.32659,8.32659,9900
2012-03-27,8.39716,8.42256,8.35482,8.39716,96000
2012-03-28,8.39999,8.45361,8.39716,8.45361,13500
2012-03-29,8.40281,8.60603,8.32942,8.32942,44100
2012-03-30,8.3774,8.51571,8.3266,8.46772,38700
2012-04-02,8.44232,8.71893,8.44232,8.71893,41400
2012-04-03,8.74151,8.89958,8.702,8.89111,18900
2012-04-04,8.89111,9.08869,8.89111,9.08869,36000
2012-04-05,9.0153,9.03506,8.91651,9.03224,36000
2012-04-09,9.03224,9.17337,9.03224,9.17337,18900
2012-04-10,9.20453,9.20453,9.03738,9.08838,8400
2012-04-11,9.13087,9.1677,9.1252,9.1592,14100
2012-04-12,9.11671,9.1932,9.11671,9.19036,7200
2012-04-13,9.15354,9.1847,9.15354,9.15354,3600
2012-04-16,9.1507,9.24703,9.1507,9.24703,29700
2012-04-17,9.20453,9.27819,9.09688,9.09688,7200
2012-04-18,9.14787,9.25836,9.14787,9.25553,13500
2012-04-19,9.20453,9.34902,9.20453,9.34902,11100
2012-04-20,9.32635,9.40568,9.31219,9.31219,2700
2012-04-23,9.34052,9.34052,9.06571,9.28952,27900
2012-04-24,9.15071,9.24986,9.06288,9.06572,23400
2012-04-25,8.98356,9.06855,8.88723,9.06572,64500
2012-04-26,9.16487,9.20737,9.16487,9.20737,4200
2012-04-27,9.19603,9.33202,9.18753,9.28102,42300
2012-04-30,9.2102,9.33485,9.2102,9.33485,20700
2012-05-01,9.33485,9.33485,9.23853,9.23853,6000
2012-05-02,9.23853,9.30086,9.20737,9.20737,5100
2012-05-03,9.24986,9.33202,9.08838,9.33202,12300
2012-05-04,9.26119,9.26119,9.10821,9.1422,29100
2012-05-07,9.16771,9.25553,9.10821,9.23003,49800
2012-05-08,9.17054,9.17054,9.06572,9.06572,51300
2012-05-09,9.06571,9.06571,9.02322,9.06005,4800
2012-05-10,9.03738,9.03738,9.01755,9.01755,5400
2012-05-11,9.00338,9.04871,8.88156,9.01755,34200
2012-05-14,9.04871,9.05154,9.04871,9.05154,2400
2012-05-15,9.05155,9.06572,9.05155,9.06572,38400
2012-05-16,9.02038,9.10821,8.98072,8.98072,25800
2012-05-17,9.01188,9.01188,8.93823,8.93823,3300
2012-05-18,8.92406,8.92406,8.92406,8.92406,2100
2012-05-22,8.92406,9.03455,8.92123,9.02322,24600
2012-05-23,9.00622,9.03455,8.9184,8.9184,16800
2012-05-24,8.96939,9.00622,8.93823,8.98072,8400
2012-05-25,9.01189,9.01189,8.71442,8.92689,15600
2012-05-28,8.89573,8.89573,8.89573,8.89573,2100
2012-05-29,8.92689,8.96089,8.90989,8.91273,33300
2012-05-30,8.83624,8.83624,8.74275,8.75125,31500
2012-05-31,8.71442,8.77674,8.70875,8.71158,11100
2012-06-01,8.66342,8.71158,8.66059,8.71158,7800
2012-06-04,8.67759,8.72575,8.67759,8.72575,9600
2012-06-05,8.75408,8.75408,8.73991,8.73991,17400
2012-06-06,8.71442,8.76824,8.71442,8.76824,301500
2012-06-07,8.81357,8.81357,8.64359,8.78524,12900
2012-06-08,8.76824,8.76824,8.76541,8.76541,26700
2012-06-11,8.72575,8.76541,8.67192,8.67476,3300
2012-06-12,8.66909,8.71158,8.4991,8.4991,8400
2012-06-13,8.5161,8.66908,8.5161,8.66908,4500
2012-06-14,8.66909,8.71158,8.66909,8.70592,50400
2012-06-15,8.70308,8.71158,8.70308,8.71158,6300
2012-06-18,8.71158,8.71158,8.71158,8.71158,0
2012-06-19,8.60676,8.71725,8.60676,8.64075,18000
2012-06-20,8.70591,8.70591,8.5161,8.64075,36300
2012-06-21,8.64075,8.64075,8.64075,8.64075,1200
2012-06-22,8.71725,8.77674,8.67475,8.72575,6300
2012-06-25,8.77674,8.77674,8.57277,8.57277,9900
2012-06-26,8.57276,8.64075,8.57276,8.64075,20700
2012-06-27,8.67192,9.06572,8.67192,9.06572,9900
2012-06-28,9.01755,9.18187,9.01755,9.18187,6000
2012-06-29,9.1847,9.4595,9.17337,9.4595,6300
2012-07-03,9.29519,9.62099,9.29519,9.49067,30900
2012-07-04,9.48783,9.49067,9.48783,9.49067,3300
2012-07-05,9.49067,9.62665,9.2187,9.62665,49200
2012-07-06,9.63515,9.77397,9.40568,9.40568,15900
2012-07-09,9.40851,9.52467,9.40851,9.5105,5100
2012-07-10,9.48783,9.69748,9.48783,9.69181,17100
2012-07-11,9.70031,9.77397,9.64648,9.66348,15600
2012-07-12,9.89579,9.89863,9.85896,9.85896,18000
2012-07-13,9.89013,9.91562,9.8363,9.8618,25500
2012-07-16,9.85896,9.85896,9.63515,9.65215,9300
2012-07-17,9.72322,9.80852,9.66636,9.66636,7500
2012-07-18,9.70901,9.73744,9.39628,9.59529,17400
2012-07-19,9.6493,9.94214,9.56686,9.94214,7800
2012-07-20,9.9393,9.9393,9.77724,9.84263,3600
2012-07-23,9.87675,10.2122,9.85117,10.2122,4200
2012-07-24,10.1042,10.1184,10.0786,10.0928,8100
2012-07-25,10.0928,10.0928,10.0928,10.0928,5400
2012-07-26,10.1497,10.1895,10.036,10.1895,5400
2012-07-27,10.2264,10.2264,10.036,10.036,4500
2012-07-30,10.09,10.09,9.94498,9.94498,13200
2012-07-31,9.9791,10.0871,9.93646,9.94783,11100
2012-08-01,9.94783,9.94783,9.85969,9.86253,10800
2012-08-02,9.83695,9.83695,9.69195,9.6948,8100
2012-08-03,9.68058,9.80852,9.68058,9.73744,25200
2012-08-07,9.86538,9.86538,9.66637,9.73176,13500
2012-08-08,9.73176,9.80852,9.73176,9.80852,215400
2012-08-09,9.80852,9.80852,9.80852,9.80852,1800
2012-08-10,9.73745,9.80852,9.73745,9.80852,5100
2012-08-13,9.78009,9.78009,9.72607,9.72607,4500
2012-08-14,9.7147,9.72607,9.66637,9.72323,19500
2012-08-15,9.70901,9.70901,9.70901,9.70901,1500
2012-08-16,9.66352,9.66352,9.62941,9.63794,3300
2012-08-17,9.58961,9.67774,9.58961,9.67774,7800
2012-08-20,9.6948,9.80852,9.6948,9.80852,7200
2012-08-21,9.80852,9.80852,9.66637,9.67774,21000
2012-08-22,9.65215,9.7943,9.46735,9.7943,6600
2012-08-23,9.73176,9.73176,9.52137,9.52137,165000
2012-08-24,9.56402,9.56686,9.52706,9.52706,9900
2012-08-27,9.44177,9.72323,9.43893,9.62372,6300
2012-08-28,9.6948,9.6948,9.6948,9.6948,27300
2012-08-29,9.60382,9.62088,9.5697,9.62088,10800
2012-08-30,9.4702,9.4702,9.20295,9.20295,35400
2012-08-31,9.31099,9.37069,9.02384,9.37069,15300
2012-09-04,9.32804,9.32804,9.11766,9.13187,21000
2012-09-05,9.16883,9.35647,9.12619,9.35363,188700
2012-09-06,9.38206,9.41902,9.29677,9.3849,10800
2012-09-07,9.43892,9.61519,9.33657,9.33657,15300
2012-09-10,9.52421,9.63225,9.38206,9.46735,127200
2012-09-11,9.46736,9.63226,9.46736,9.63226,5400
2012-09-12,9.70049,9.80852,9.69764,9.80852,63000
2012-09-13,9.80852,9.80852,9.68627,9.68627,9900
2012-09-14,9.79146,9.92224,9.79146,9.92224,128400
2012-09-17,9.97342,9.97626,9.80852,9.83695,29400
2012-09-18,9.83695,9.83695,9.83695,9.83695,0
2012-09-19,9.94214,9.94214,9.68058,9.81136,21900
2012-09-20,9.80852,9.80852,9.6948,9.73744,49500
2012-09-21,9.73744,9.73744,9.66921,9.66921,30300
2012-09-24,9.66921,9.69764,9.59813,9.59813,31200
2012-09-25,9.62372,9.62372,9.41049,9.51853,19200
2012-09-26,9.51853,9.55265,9.51853,9.55265,26700
2012-09-27,9.53843,9.66637,9.53843,9.61519,16800
2012-09-28,9.62088,9.79999,9.62088,9.79999,21600
2012-10-01,9.77156,9.77156,9.66068,9.66068,18000
2012-10-02,9.66637,9.66637,9.45598,9.58107,21600
2012-10-03,9.54412,9.80852,9.49578,9.53843,12000
2012-10-04,9.44746,9.80852,9.41618,9.80852,48300
2012-10-05,9.80852,9.94783,9.80852,9.90802,21300
2012-10-09,9.95067,9.95067,9.70901,9.70901,14400
2012-10-10,9.81989,9.87106,9.70901,9.70901,17700
2012-10-11,9.71754,9.71754,9.49862,9.49862,12300
2012-10-12,9.49862,9.67205,9.49862,9.66636,83100
2012-10-15,9.78577,9.84832,9.66637,9.81989,187200
2012-10-16,9.88266,9.98251,9.84271,9.98251,29100
2012-10-17,9.98536,10.1337,9.98536,10.1337,12600
2012-10-18,10.0253,10.1366,10.0253,10.1366,224400
2012-10-19,10.1537,10.1537,10.1309,10.1366,7200
2012-10-22,9.73145,9.9768,9.7286,9.9768,2700
2012-10-23,9.94828,9.94828,9.70863,9.76854,5700
2012-10-24,9.84557,9.84557,9.69436,9.69436,16200
2012-10-25,9.70292,9.70292,9.61448,9.61448,65700
2012-10-26,9.76854,9.76854,9.76854,9.76854,1800
2012-10-29,9.7343,9.79706,9.72859,9.79706,6000
2012-10-30,9.71718,9.73145,9.71718,9.73145,6000
2012-10-31,9.77139,9.90833,9.77139,9.90833,12600
2012-11-01,9.93116,9.93116,9.84557,9.85128,3000
2012-11-02,9.88266,9.96254,9.85698,9.96254,4500
2012-11-05,9.91404,10.1223,9.91404,10.1223,20700
2012-11-06,10.0652,10.1223,10.0282,10.0995,28800
2012-11-07,10.0253,10.0709,9.91689,9.91689,24900
2012-11-08,9.93116,9.94827,9.91404,9.91404,3000
2012-11-09,9.70292,9.91404,9.70292,9.74286,36300
2012-11-12,9.75142,9.75712,9.73145,9.73145,5700
2012-11-13,9.74286,9.74286,9.54315,9.54315,12000
2012-11-14,9.62874,9.70006,9.59165,9.59165,14400
2012-11-15,9.62018,9.83416,9.62018,9.62018,17100
2012-11-16,9.62019,9.62875,9.58595,9.58595,26400
2012-11-19,9.58595,9.60021,9.53745,9.55742,13200
2012-11-20,9.77425,9.77425,9.58595,9.72004,105300
2012-11-21,9.75998,9.89692,9.70007,9.75998,9300
2012-11-22,9.85413,9.89977,9.84272,9.89977,3300
2012-11-23,9.96254,9.98536,9.79136,9.93972,83700
2012-11-26,9.89692,9.9283,9.81704,9.89977,11100
2012-11-27,9.89978,9.89978,9.62874,9.62874,139500
2012-11-28,9.64871,9.70006,9.62874,9.64871,11400
2012-11-29,9.65156,9.72859,9.62874,9.69436,16800
2012-11-30,9.75427,9.75427,9.56883,9.56883,4500
2012-12-03,9.62874,9.79421,9.62874,9.79421,12600
2012-12-04,9.84842,9.91119,9.79992,9.87125,122400
2012-12-05,9.84272,9.97395,9.84272,9.9711,213900
2012-12-06,9.95398,9.98536,9.87695,9.94827,45000
2012-12-07,9.95112,9.98536,9.89977,9.97965,89700
2012-12-10,9.97966,9.98536,9.97395,9.98536,155400
2012-12-11,9.98536,9.99962,9.94257,9.97965,141300
2012-12-12,9.99963,9.99963,9.99677,9.99963,20400
2012-12-13,9.99678,10.0139,9.85698,9.99392,32700
2012-12-14,10.0139,10.0424,9.90263,9.95683,218100
2012-12-17,9.95969,10.128,9.81419,10.108,32400
2012-12-18,10.108,10.2707,10.108,10.1765,35700
2012-12-19,10.2592,10.2707,10.225,10.2678,86100
2012-12-20,10.1908,10.2707,10.1851,10.1908,73500
2012-12-21,10.2364,10.2935,10.2364,10.2935,75600
2012-12-24,10.2022,10.3962,10.2022,10.362,13200
2012-12-27,10.3562,10.5246,10.3562,10.5217,21900
2012-12-28,10.5075,10.5645,10.5075,10.5417,15000
2012-12-31,10.4903,10.5417,10.4903,10.5417,9600
2013-01-02,10.6244,10.6701,10.4133,10.6701,20700
2013-01-03,10.7899,10.7956,10.7813,10.7956,3900
2013-01-04,10.7699,10.9383,10.7699,10.9354,6900
2013-01-07,11.1237,11.1265,10.981,11.0267,260400
2013-01-08,11.0695,11.0695,10.9383,10.9839,282900
2013-01-09,10.8726,11.041,10.8726,11.0267,368700
2013-01-10,10.9582,11.041,10.9554,11.0267,34200
2013-01-11,10.9154,11.0238,10.9154,10.944,179100
2013-01-14,10.9839,11.0552,10.9839,10.9982,33300
2013-01-15,10.9554,11.078,10.9554,11.0666,48000
2013-01-16,11.0124,11.0124,10.9839,11.0124,8400
2013-01-17,11.118,11.118,11.0267,11.0267,94200
2013-01-18,10.9725,11.0267,10.9725,11.0124,8700
2013-01-21,10.9839,11.0096,10.7557,10.8327,22500
2013-01-22,10.8412,10.8527,10.7585,10.8127,33600
2013-01-23,10.7699,11.0039,10.7699,10.8669,15000
2013-01-24,10.8669,10.884,10.7699,10.8127,38400
2013-01-25,10.9097,11.1265,10.8698,11.0666,40500
2013-01-28,11.0381,11.1265,10.9611,11.0695,118800
2013-01-29,11.0666,11.2121,11.0666,11.1693,7800
2013-01-30,11.1693,11.2692,11.1693,11.1979,14400
2013-01-31,11.2321,11.2977,11.1836,11.2692,16200
2013-02-01,11.1265,11.175,11.0838,11.0838,25500
2013-02-04,11.118,11.1522,11.0238,11.0838,18300
2013-02-05,11.121,11.1782,11.121,11.121,84600
2013-02-06,11.2297,11.2297,11.0007,11.161,25500
2013-02-07,11.1925,11.1925,11.121,11.161,32400
2013-02-08,11.1639,11.1639,11.1353,11.1353,4200
2013-02-11,11.1754,11.2326,11.0265,11.2297,198300
2013-02-12,11.2326,11.4502,11.2326,11.4444,10500
2013-02-13,11.4502,11.7937,11.4301,11.4301,37500
2013-02-14,11.4502,11.4502,11.1925,11.1925,118200
2013-02-15,11.1639,11.7937,11.1639,11.7937,12900
2013-02-19,11.536,11.536,11.2441,11.2441,21000
2013-02-20,11.1754,11.4416,11.1754,11.2927,16200
2013-02-21,11.2784,11.2784,11.2068,11.2068,8100
2013-02-22,11.1811,11.3643,11.1525,11.1639,30300
2013-02-25,11.1725,11.3643,11.1725,11.3385,3300
2013-02-26,11.3357,11.4473,11.1668,11.1668,7800
2013-02-27,11.2526,11.3671,11.1925,11.2755,5100
2013-02-28,11.1725,11.3557,11.1725,11.1925,9600
2013-03-01,11.2441,11.39,11.1925,11.1925,7800
2013-03-04,11.1353,11.3328,11.078,11.267,20100
2013-03-05,11.2698,11.3156,11.2698,11.2984,30300
2013-03-06,11.1983,11.307,11.1639,11.2326,24900
2013-03-07,11.2297,11.307,11.2097,11.2784,113100
2013-03-08,11.307,11.3786,11.307,11.3528,92700
2013-03-11,11.4101,11.4101,11.1925,11.2784,17700
2013-03-12,11.2755,11.2927,11.1639,11.1925,22500
2013-03-13,11.2412,11.2412,11.0208,11.1639,15300
2013-03-14,11.1095,11.1696,11.0208,11.0208,36600
2013-03-15,11.0208,11.0494,11.0208,11.0494,5400
2013-03-18,11.0838,11.1639,11.0838,11.1639,3300
2013-03-19,11.1353,11.1639,11.0351,11.1582,9000
2013-03-20,11.1639,11.2326,11.161,11.1696,29700
2013-03-21,11.1267,11.1639,11.0981,11.0981,9300
2013-03-22,11.0494,11.0551,10.7775,11.0179,13500
2013-03-25,11.0723,11.3557,11.058,11.307,23100
2013-03-26,11.4473,11.4473,11.1754,11.2841,2100
2013-03-27,11.1696,11.2841,10.9893,11.0838,8400
2013-03-28,10.995,11.2841,10.995,11.2212,9300
2013-04-01,11.2183,12.0055,11.1639,11.4473,55200
2013-04-02,11.4101,11.496,11.4101,11.4759,10200
2013-04-03,11.4559,11.536,11.3442,11.3815,19800
2013-04-04,11.3042,11.3815,11.2212,11.3786,17400
2013-04-05,11.3299,11.4587,11.1496,11.4502,22200
2013-04-08,11.3099,11.5103,11.3099,11.5103,8400
2013-04-09,11.5045,11.5045,11.045,11.5045,15600
2013-04-10,11.4471,11.4758,11.2317,11.3408,18000
2013-04-11,11.4672,11.4672,11.4241,11.4557,5100
2013-04-12,11.4844,11.4844,11.3868,11.45,4500
2013-04-15,11.3638,11.3638,11.2346,11.2346,3300
2013-04-16,11.2231,11.3179,11.2231,11.2346,37800
2013-04-17,11.203,11.2719,11.0709,11.2633,12900
2013-04-18,11.2604,11.2719,11.2547,11.2719,13500
2013-04-19,11.0623,11.269,11.0565,11.2662,24300
2013-04-22,11.269,11.3121,11.2575,11.3121,23700
2013-04-23,11.3121,11.3408,11.2145,11.2145,69300
2013-04-24,11.269,11.269,11.0278,11.2001,1351500
2013-04-25,11.2001,11.3437,11.2001,11.3437,6300
2013-04-26,11.3437,11.4672,11.2978,11.4672,6000
2013-04-29,11.3437,11.4873,11.3408,11.4011,32400
2013-04-30,11.3466,11.4873,11.3466,11.3868,23400
2013-05-01,11.3437,11.3925,11.2231,11.2461,7200
2013-05-02,11.3006,11.4155,11.2489,11.3581,18600
2013-05-03,11.3293,11.3466,11.2777,11.2777,8700
2013-05-06,11.2403,11.4155,11.2403,11.3724,41700
2013-05-07,11.3609,11.3782,11.3437,11.3466,15300
2013-05-08,11.3724,11.674,11.3724,11.628,18600
2013-05-09,11.6194,11.6309,11.5821,11.5821,5100
2013-05-10,11.5275,11.5677,11.5017,11.5505,37800
2013-05-13,11.5131,11.5706,11.4442,11.4873,10800
2013-05-14,11.4212,11.5878,11.4212,11.5878,14100
2013-05-15,11.562,11.628,11.5591,11.562,29400
2013-05-16,11.5677,11.6309,11.5591,11.5591,13800
2013-05-17,11.5562,11.5562,11.4816,11.4816,6300
2013-05-21,11.3179,11.4816,10.9445,10.9445,55800
2013-05-22,10.9704,11.4126,10.9704,10.9962,5700
2013-05-23,10.9474,11.0537,10.9474,10.956,275100
2013-05-24,10.979,11.0939,10.9474,11.0163,6600
2013-05-27,10.7004,11.1312,10.7004,11.0565,17400
2013-05-28,11.0565,11.1369,11.0565,11.1025,34800
2013-05-29,11.2633,11.3006,11.2432,11.3006,6000
2013-05-30,11.3609,11.516,11.3581,11.4873,24600
2013-05-31,11.4844,12.0674,11.4844,12.01,29100
2013-06-03,12.0588,12.1536,12.0387,12.0617,19200
2013-06-04,12.0387,12.1306,12.0387,12.0645,2700
2013-06-05,12.0042,12.0674,12.0014,12.0617,3900
2013-06-06,12.0128,12.0617,12.0128,12.0617,4500
2013-06-07,12.0617,12.0617,11.7228,11.7745,4500
2013-06-10,11.7745,11.7888,11.717,11.7888,103200
2013-06-11,11.7888,11.8233,11.7027,11.7027,160500
2013-06-12,11.6625,11.6625,11.5505,11.5505,5400
2013-06-13,11.5045,11.5045,11.3897,11.4873,9300
2013-06-14,11.4586,11.4586,11.2576,11.2604,15900
2013-06-17,11.3121,11.3121,11.1685,11.1714,16200
2013-06-18,11.1714,11.1714,11.1283,11.157,12600
2013-06-19,11.1714,11.2001,11.157,11.1972,14700
2013-06-20,11.157,11.2001,11.157,11.2001,14100
2013-06-21,11.1858,11.4873,11.1685,11.3897,37200
2013-06-24,11.381,11.628,11.381,11.4844,35100
2013-06-25,11.5332,11.6309,11.493,11.493,36900
2013-06-26,11.4126,11.6998,11.4126,11.6079,6300
2013-06-27,11.5821,11.6998,11.5821,11.6883,5400
2013-06-28,11.7027,11.7486,11.6309,11.7486,13800
2013-07-02,11.7486,11.7745,11.6625,11.6625,5400
2013-07-03,11.6338,11.7745,11.6338,11.6596,6000
2013-07-04,11.6625,11.7371,11.6625,11.7371,2400
2013-07-05,11.3609,11.6969,11.0881,11.6338,279300
2013-07-08,11.6883,11.6883,11.4902,11.5131,8400
2013-07-09,11.605,11.6941,11.5447,11.6941,6000
2013-07-10,11.6338,11.6338,11.4844,11.4844,7800
2013-07-11,11.3437,11.4586,11.3322,11.4586,33600
2013-07-12,11.3954,11.5447,11.3437,11.5304,23400
2013-07-15,11.5103,11.5304,11.4844,11.4844,2700
2013-07-16,11.5248,11.5565,11.5219,11.5248,109500
2013-07-17,11.5766,11.7351,11.5248,11.7351,6900
2013-07-18,11.7898,11.8129,11.7149,11.7149,6300
2013-07-19,11.7437,12.2854,11.7437,11.9742,8700
2013-07-22,12.2422,12.585,11.8936,12.3315,21000
2013-07-23,12.2623,12.2623,11.8878,11.9339,9000
2013-07-24,11.9598,12.0981,11.8849,12.0952,8700
2013-07-25,12.0693,12.0693,11.9771,11.9771,2100
2013-07-26,11.9425,11.9425,11.9425,11.9425,1500
2013-07-29,12.0693,12.3257,12.0664,12.3257,9000
2013-07-30,12.2508,12.3171,12.2508,12.3113,7200
2013-07-31,12.3862,12.4611,12.3315,12.4611,20400
2013-08-01,12.4842,12.5332,12.3891,12.4064,20400
2013-08-02,12.3373,12.3373,12.0319,12.0319,21600
2013-08-06,12.0952,12.3891,11.8417,12.3891,25800
2013-08-07,12.2451,12.3891,11.9915,12.0146,15900
2013-08-08,12.2278,12.2364,12.0722,12.0722,23700
2013-08-09,11.8993,12.1068,11.8993,12.0837,8100
2013-08-12,12.0261,12.1154,12.0232,12.0463,12000
2013-08-13,12.0002,12.101,12.0002,12.029,32400
2013-08-14,12.029,12.3315,12.029,12.3315,9300
2013-08-15,12.3978,12.3978,12.1874,12.1903,12000
2013-08-16,12.2508,12.3488,12.2451,12.3488,7200
2013-08-19,12.3891,12.3891,12.1961,12.2047,3600
2013-08-20,12.2825,12.2825,12.1298,12.2451,11100
2013-08-21,12.1298,12.2191,12.1154,12.1154,25800
2013-08-22,12.101,12.1154,12.101,12.1154,2400
2013-08-23,12.101,12.2623,12.101,12.1183,7200
2013-08-26,12.1212,12.1557,12.0981,12.0981,25800
2013-08-27,12.0866,12.0866,12.0866,12.0866,5400
2013-08-28,12.0722,12.101,12.0203,12.101,20400
2013-08-29,12.0319,12.0319,11.9858,11.9886,27600
2013-08-30,11.9858,11.9858,11.9022,11.9742,3300
2013-09-03,11.7697,11.8129,11.7408,11.7553,164700
2013-09-04,11.7063,11.7063,11.519,11.6026,22800
2013-09-05,11.542,11.5997,11.4873,11.5565,17700
2013-09-06,11.5219,12.173,11.5219,11.9195,23400
2013-09-09,11.8417,11.8936,11.833,11.8936,27600
2013-09-10,11.9252,12.2796,11.8734,12.1241,16800
2013-09-11,12.3747,12.4006,12.2047,12.392,15300
2013-09-12,12.3891,12.6167,12.3891,12.5332,36300
2013-09-13,12.6081,12.6427,12.562,12.6427,4200
2013-09-16,12.6484,12.7118,12.6455,12.7089,6900
2013-09-17,12.6657,12.8933,12.4525,12.8588,8400
2013-09-18,12.7205,13.0287,12.7205,12.8789,12900
2013-09-19,12.9049,12.9481,12.9049,12.9365,161100
2013-09-20,12.8962,13.0662,12.8962,13.0662,19500
2013-09-23,13.0806,13.2535,13.0806,13.242,3900
2013-09-24,13.2419,13.2967,13.2419,13.2794,11700
2013-09-25,13.2131,13.2535,13.1959,13.2391,8700
2013-09-26,13.2103,13.2103,12.8876,12.9481,10800
2013-09-27,12.8847,12.8847,12.6196,12.7838,8100
2013-09-30,12.7896,12.7896,12.6225,12.7493,9300
2013-10-01,12.6859,12.9106,12.6859,12.8501,6300
2013-10-02,12.8732,12.9538,12.8213,12.8213,6600
2013-10-03,12.8213,12.8876,12.6888,12.7579,6300
2013-10-04,12.853,13.1411,12.8501,13.1411,17700
2013-10-07,13.1498,13.1498,13.1094,13.1353,5400
2013-10-08,13.1353,13.1353,13.1353,13.1353,0
2013-10-09,12.8732,12.9654,12.8732,12.9654,3900
2013-10-10,13.0172,13.0172,12.8818,12.8818,9300
2013-10-11,12.8011,12.8645,12.7637,12.7666,885900
2013-10-15,12.7405,12.8504,12.7405,12.7666,8700
2013-10-16,12.7348,12.7348,12.6365,12.6914,7800
2013-10-17,12.7145,12.7926,12.625,12.7926,8400
2013-10-18,12.9457,13.0035,12.807,12.9977,8100
2013-10-21,12.9919,13.0035,12.8677,12.8677,8400
2013-10-22,12.8879,12.8879,12.7377,12.7897,12300
2013-10-23,12.9081,12.9081,12.6625,12.6914,7500
2013-10-24,12.7319,12.7319,12.6539,12.6943,14700
2013-10-25,12.6885,12.7521,12.6192,12.6856,204600
2013-10-28,12.7145,12.8735,12.7145,12.8735,806700
2013-10-29,12.9977,13.0555,12.9659,13.0382,19500
2013-10-30,13.0237,13.3532,13.018,13.3474,1059600
2013-10-31,13.2838,13.2954,13.1798,13.2896,14100
2013-11-01,13.2694,13.2925,13.1364,13.2087,21300
2013-11-04,13.1653,13.2289,13.148,13.148,9600
2013-11-05,13.1075,13.2549,13.1075,13.1913,24900
2013-11-06,13.122,13.3185,13.122,13.2925,4200
2013-11-07,13.2925,13.2925,13.1798,13.2925,6600
2013-11-08,13.2665,13.2925,13.226,13.226,7500
2013-11-11,13.2116,13.2405,13.2116,13.2347,15900
2013-11-12,13.2202,13.2231,13.2202,13.2231,3300
2013-11-13,13.2202,13.278,13.2202,13.2462,22200
2013-11-14,13.2462,13.2462,13.0873,13.0873,9300
2013-11-15,13.0873,13.0873,12.9602,12.9746,9000
2013-11-18,12.9602,12.9891,12.5556,12.5556,15900
2013-11-19,12.729,12.729,12.5643,12.5701,12300
2013-11-20,12.5701,12.7145,12.5701,12.7145,7800
2013-11-21,12.8417,12.8879,12.6943,12.7723,2206500
2013-11-22,12.8272,12.9746,12.7752,12.9746,20400
2013-11-25,12.8619,12.9977,12.8388,12.8504,11400
2013-11-26,12.859,12.9746,12.859,12.9746,21300
2013-11-27,12.8561,12.9024,12.8012,12.9024,4500
2013-11-28,12.6452,12.9746,12.6452,12.9544,11400
2013-11-29,12.8879,13.0035,12.8879,12.911,57000
2013-12-02,12.9948,13.0035,12.9399,12.9399,5700
2013-12-03,12.9313,12.9342,12.8821,12.8821,126300
2013-12-04,12.911,12.9717,12.7781,12.9602,12900
2013-12-05,12.8879,12.8879,12.8821,12.8821,2100
2013-12-06,12.8128,12.8879,12.8012,12.859,35100
2013-12-09,12.8243,12.8243,12.7839,12.7839,6600
2013-12-10,12.8099,12.859,12.7752,12.7752,402600
2013-12-11,12.8446,12.8908,12.7723,12.7723,6600
2013-12-12,12.7723,12.7723,12.5729,12.6134,17100
2013-12-13,12.5729,12.5729,12.4256,12.4285,35100
2013-12-16,12.4776,12.7377,12.4776,12.6105,116700
2013-12-17,12.6423,12.7116,12.518,12.6712,41400
2013-12-18,12.6279,12.6279,12.5094,12.5961,69600
2013-12-19,12.6481,12.6481,12.5469,12.5556,8400
2013-12-20,12.5151,12.518,12.1395,12.1395,67500
2013-12-23,12.1944,12.2955,12.1828,12.2898,9000
2013-12-24,12.2146,12.3649,12.2146,12.3649,26400
2013-12-27,12.4025,12.4863,12.3678,12.4516,18600
2013-12-30,12.3042,12.5643,12.3042,12.5267,10200
2013-12-31,12.5296,12.6654,12.4458,12.6625,10800
2014-01-02,12.6221,12.6423,12.4256,12.4256,12000
2014-01-03,12.3707,12.5412,12.3707,12.5383,3600
2014-01-06,12.4689,12.4949,12.3707,12.3967,16800
2014-01-07,12.3707,12.4516,12.284,12.4169,19200
2014-01-08,12.3129,12.4256,12.3129,12.414,29400
2014-01-09,12.3851,12.4256,12.3244,12.3851,9000
2014-01-10,12.3476,12.4371,12.3389,12.4285,8100
2014-01-13,12.4949,12.4949,12.3591,12.4314,8400
2014-01-14,12.3764,12.4256,12.2666,12.2666,196500
2014-01-15,12.3851,12.4718,12.2666,12.4574,127200
2014-01-16,12.2811,12.4949,12.2811,12.4776,14100
2014-01-17,12.5209,12.6192,12.4429,12.6192,12000
2014-01-20,12.5152,12.6972,12.5152,12.6914,107700
2014-01-21,12.7463,12.859,12.6712,12.7579,11700
2014-01-22,12.6943,12.7868,12.3707,12.3707,48900
2014-01-23,12.3793,12.6423,12.3793,12.6278,37200
2014-01-24,13.0035,13.0035,12.5961,12.6712,33900
2014-01-27,12.7145,12.7145,12.5123,12.5123,17100
2014-01-28,12.5209,12.5701,12.4545,12.4891,41100
2014-01-29,12.4718,12.5354,12.4285,12.4285,8700
2014-01-30,12.4285,12.7405,12.4256,12.6654,12000
2014-01-31,12.7203,12.8821,12.7203,12.8821,12600
2014-02-03,12.729,12.9804,12.625,12.6799,24300
2014-02-04,12.6741,12.7262,12.6741,12.7262,8400
2014-02-05,12.8103,12.8103,12.6654,12.6857,12000
2014-02-06,12.6857,12.9292,12.6654,12.8045,36600
2014-02-07,12.7871,13.0451,12.7871,13.0393,655800
2014-02-10,13.0741,13.0886,12.9756,13.0306,61800
2014-02-11,13.0335,13.1466,12.9234,12.9292,1236300
2014-02-12,12.9871,13.2336,12.8712,12.9842,45300
2014-02-13,13.4046,13.5669,13.4046,13.4887,13200
2014-02-14,13.5118,13.5611,13.4945,13.5003,13200
2014-02-18,13.5379,13.6742,13.4597,13.5988,21000
2014-02-19,13.5988,13.7264,13.5988,13.7264,84900
2014-02-20,13.7786,13.8626,13.6974,13.8423,27000
2014-02-21,13.9032,13.9032,13.4626,13.5524,170700
2014-02-24,13.5988,13.5988,13.4452,13.48,28500
2014-02-25,13.422,13.4829,13.3437,13.3872,91200
2014-02-26,13.4568,13.7293,13.4365,13.7293,28800
2014-02-27,13.6829,13.793,13.535,13.7467,33000
2014-02-28,13.8046,13.8046,13.535,13.6104,31800
2014-03-03,13.8017,13.8017,13.6771,13.7264,20100
2014-03-04,13.7264,14.0279,13.7264,13.9293,36600
2014-03-05,13.9699,14.1554,13.822,14.1554,14100
2014-03-06,14.2018,14.2018,14.0568,14.0771,14400
2014-03-07,14.1351,14.1786,14.0626,14.1322,21000
2014-03-10,14.0916,14.2018,13.6568,13.909,49800
2014-03-11,13.8858,13.9061,13.8858,13.8945,5700
2014-03-12,13.767,13.9032,13.7496,13.8307,36600
2014-03-13,13.7728,13.822,13.7235,13.7728,67800
2014-03-14,13.7699,13.8829,13.7032,13.8162,13500
2014-03-17,13.9206,14.1815,13.909,14.1815,14100
2014-03-18,14.1119,14.1409,14.0887,14.1409,18000
2014-03-19,14.1032,14.3091,14.1032,14.1583,36300
2014-03-20,14.2076,14.2395,14.1061,14.1612,29100
2014-03-21,14.2221,14.2221,13.5959,13.5959,87900
2014-03-24,13.7988,13.9641,13.5524,13.651,56400
2014-03-25,13.6278,13.7264,13.6249,13.7264,17100
2014-03-26,13.7409,13.8858,13.7409,13.8278,7500
2014-03-27,13.8162,13.9699,13.8133,13.9699,24900
2014-03-28,13.9873,14.0366,13.9148,14.0308,9300
2014-03-31,14.0308,14.0887,14.0308,14.0887,23100
2014-04-01,14.0887,14.0887,13.8829,14.0887,13200
2014-04-02,14.2047,14.3409,14.1032,14.3409,33300
2014-04-03,14.4917,14.8714,14.4917,14.7323,53700
2014-04-04,14.4308,14.6134,14.4308,14.5439,43500
2014-04-07,14.5816,14.5816,14.4366,14.4366,23400
2014-04-08,14.5062,14.5294,14.4308,14.4917,25500
2014-04-09,14.4946,14.4946,14.2308,14.3554,50100
2014-04-10,14.4279,14.4279,14.0597,14.0887,42600
2014-04-11,14.0018,14.3467,14.0018,14.2772,17400
2014-04-14,14.2917,14.3351,14.2337,14.2772,9900
2014-04-15,14.2452,14.2452,14.1115,14.1783,6300
2014-04-16,14.2452,14.2452,14.0853,14.0853,9000
2014-04-17,14.0853,14.1289,14.0446,14.0678,5700
2014-04-21,14.0272,14.0272,13.937,13.9516,106500
2014-04-22,13.9545,13.9545,13.8207,13.8847,9600
2014-04-23,13.8963,13.8963,13.6201,13.6696,32400
2014-04-24,13.5794,13.78,13.5765,13.7684,81900
2014-04-25,13.6114,13.7103,13.5853,13.6405,75000
2014-04-28,13.6085,13.7684,13.6056,13.7684,15000
2014-04-29,13.8934,14.3935,13.8934,14.3935,106200
2014-04-30,14.3905,14.3905,14.2714,14.2714,3900
2014-05-01,14.3469,14.3469,14.0998,14.1667,19200
2014-05-02,14.2452,14.7743,14.2452,14.7743,20400
2014-05-05,14.8034,14.8266,14.751,14.7888,10500
2014-05-06,15.1144,15.2772,14.9487,15.1173,63300
2014-05-07,15.1668,15.1668,14.6987,14.8324,45300
2014-05-08,15.0592,15.0941,14.8237,14.8266,57900
2014-05-09,14.8266,14.8993,14.1812,14.1812,27000
2014-05-12,14.44,14.44,14.2103,14.2743,22200
2014-05-13,14.2103,14.3673,14.2103,14.3673,13200
2014-05-14,14.3208,14.5097,14.3208,14.4807,18000
2014-05-15,14.565,14.565,14.3993,14.5272,14400
2014-05-16,14.658,14.658,14.3964,14.3964,22500
2014-05-20,14.4807,14.4807,14.3237,14.344,9300
2014-05-21,14.4109,14.44,14.3324,14.3469,12600
2014-05-22,14.4342,14.4342,14.0998,14.0998,58200
2014-05-23,14.1725,14.2917,14.0271,14.1725,17400
2014-05-26,14.0504,14.2539,14.0504,14.2394,8400
2014-05-27,14.187,14.2452,14.187,14.2161,10200
2014-05-28,14.158,14.315,14.158,14.315,82200
2014-05-29,14.315,14.4719,14.3004,14.469,10500
2014-05-30,14.469,14.8208,14.469,14.5359,20700
2014-06-02,14.219,14.5504,14.219,14.4632,10800
2014-06-03,14.4632,14.5504,14.3964,14.4312,16800
2014-06-04,14.3906,14.5359,14.3179,14.5359,23100
2014-06-05,14.5853,15.1086,14.4051,15.1086,29700
2014-06-06,14.9807,15.0272,14.8266,14.9981,33900
2014-06-09,14.876,14.879,14.722,14.7336,23700
2014-06-10,14.6231,14.815,14.5708,14.6115,13800
2014-06-11,14.5388,14.6231,14.408,14.5097,22800
2014-06-12,14.5359,14.8499,14.4138,14.4487,42900
2014-06-13,14.5824,14.5824,14.4167,14.4167,11400
2014-06-16,14.2888,14.533,14.2888,14.4487,8700
2014-06-17,14.4632,14.5039,14.3208,14.3964,111300
2014-06-18,14.3905,14.4196,14.2888,14.2888,13800
2014-06-19,14.2946,14.3935,14.2452,14.2801,25200
2014-06-20,14.3295,14.3324,14.1841,14.2016,26100
2014-06-23,14.2016,14.2277,14.0678,14.1725,18900
2014-06-24,14.0737,14.1318,13.9283,13.9283,26100
2014-06-25,13.8498,14.1725,13.8498,13.9225,9300
2014-06-26,13.9283,14.0708,13.8847,13.9835,10200
2014-06-27,13.9428,14.0301,13.9399,13.9835,20100
2014-06-30,13.9574,14.0998,13.9574,14.0998,15600
2014-07-02,14.315,14.315,13.9545,13.969,50400
2014-07-03,13.9719,14.0737,13.9719,14.0039,21600
2014-07-04,14.1929,14.1987,14.1434,14.1463,79500
2014-07-07,14.5301,14.5301,14.2452,14.4254,9600
2014-07-08,14.4051,14.5214,14.3062,14.3702,16200
2014-07-09,14.5301,14.5301,14.2917,14.4487,13200
2014-07-10,14.5272,14.5359,14.3906,14.5359,11400
2014-07-11,14.5504,14.972,14.5243,14.9574,16200
2014-07-14,14.9691,14.9691,14.7016,14.7016,11100
2014-07-15,14.7512,14.8007,14.6433,14.7628,10200
2014-07-16,14.6812,14.7162,14.5413,14.6812,49500
2014-07-17,14.4713,14.6695,14.4713,14.5034,21000
2014-07-18,14.4946,14.518,14.4305,14.4771,7200
2014-07-21,14.3809,14.4684,14.1944,14.4684,9600
2014-07-22,14.4946,14.6112,14.4946,14.5763,4800
2014-07-23,14.5733,14.7191,14.5733,14.5937,17100
2014-07-24,14.5879,14.7278,14.5354,14.7278,53400
2014-07-25,14.7658,14.8474,14.7075,14.7541,10500
2014-07-28,14.8357,14.8357,14.4363,14.7745,5100
2014-07-29,14.6404,14.8561,14.6404,14.7803,9600
2014-07-30,14.7862,14.9057,14.7862,14.9057,5700
2014-07-31,14.8678,14.9523,14.8678,14.9523,12900
2014-08-01,14.9494,15.0136,14.8445,14.8736,22800
2014-08-05,14.8853,14.8882,14.722,14.722,24900
2014-08-06,14.722,14.7658,14.6462,14.6579,33600
2014-08-07,14.5763,14.6433,14.4159,14.6054,64800
2014-08-08,14.6083,14.6695,14.6054,14.6491,6600
2014-08-11,14.69,14.8707,14.6695,14.8707,10800
2014-08-12,15.0573,15.4159,15.0573,15.206,17100
2014-08-13,15.0893,15.1826,15.0893,15.1039,3300
2014-08-14,15.0748,15.0748,14.7483,14.7599,12600
2014-08-15,14.7599,14.8095,14.722,14.7337,7500
2014-08-18,14.722,14.7337,14.6666,14.6666,5100
2014-08-19,14.6637,14.7424,14.6025,14.6025,45600
2014-08-20,14.7279,14.7891,14.69,14.722,12300
2014-08-21,14.722,14.722,14.6316,14.6316,15600
2014-08-22,14.5267,14.5908,14.4946,14.5704,20100
2014-08-25,14.4859,14.5588,14.4538,14.5471,30300
2014-08-26,14.4946,14.5005,14.4363,14.4392,14400
2014-08-27,14.5267,14.5763,14.3576,14.4363,28200
2014-08-28,14.4159,14.5763,14.4159,14.5763,11400
2014-08-29,14.55,14.5559,14.4596,14.4596,6300
2014-09-02,14.4509,14.5296,14.3401,14.3401,4800
2014-09-03,14.5442,14.5442,14.2206,14.2906,20100
2014-09-04,14.2847,14.3518,14.2119,14.2731,143400
2014-09-05,14.1973,14.4101,14.1944,14.3868,45900
2014-09-08,14.3664,14.5763,14.3285,14.5763,23400
2014-09-09,14.5646,14.5646,14.4742,14.4742,3900
2014-09-10,14.448,14.4975,14.4451,14.4975,2400
2014-09-11,14.3984,14.3984,14.2614,14.2789,15000
2014-09-12,14.2614,14.3314,14.2614,14.2702,13500
2014-09-15,14.2702,14.4509,14.2702,14.3605,8700
2014-09-16,14.3751,14.5005,14.276,14.276,4500
2014-09-17,14.4101,14.4101,14.2119,14.2119,10800
2014-09-18,14.2381,14.2381,14.0399,14.0399,12000
2014-09-19,13.8329,13.9932,13.7308,13.9874,38400
2014-09-22,13.9874,14.0544,13.897,13.9174,21000
2014-09-23,13.76,13.8533,13.7571,13.7571,15600
2014-09-24,13.7046,13.8474,13.6871,13.8008,28500
2014-09-25,13.7192,13.83,13.7192,13.7746,13500
2014-09-26,13.7483,13.9553,13.7483,13.9553,16800
2014-09-29,14.0836,14.0836,13.8125,13.9786,14700
2014-09-30,13.9378,14.2235,13.9378,14.2235,19200
2014-10-01,14.069,14.4363,14.069,14.4363,31500
2014-10-02,14.4363,14.5763,14.3314,14.5063,42600
2014-10-03,14.5763,15.1272,14.5063,15.0864,89100
2014-10-06,15.0689,15.0748,14.9407,14.9786,18900
2014-10-07,14.8415,14.9086,14.687,14.8678,25800
2014-10-08,14.7279,15.0135,14.7279,14.9698,46200
2014-10-09,14.9611,14.9611,14.7716,14.8503,25500
2014-10-10,14.8299,14.8474,14.6754,14.8386,15900
2014-10-14,14.7656,14.7919,14.4878,14.7217,32400
2014-10-15,14.7042,14.7042,14.5229,14.6018,17400
2014-10-16,14.4878,14.6779,14.4849,14.672,32100
2014-10-17,14.7831,14.9059,14.6165,14.7597,18900
2014-10-20,14.7714,15.0287,14.7626,14.979,12600
2014-10-21,14.9819,15.2011,14.9819,15.2011,24300
2014-10-22,15.131,15.2304,15.131,15.2304,13200
2014-10-23,15.3677,15.8998,15.3619,15.4847,24600
2014-10-24,15.3619,15.3619,15.1982,15.1982,20100
2014-10-27,15.2011,15.3356,15.1193,15.1631,12000
2014-10-28,15.1543,15.3853,15.1543,15.3853,5700
2014-10-29,15.5548,15.7507,15.5402,15.6396,16800
2014-10-30,15.5607,15.7858,15.511,15.7829,13800
2014-10-31,15.7858,15.815,15.4876,15.6308,19800
2014-11-03,15.6396,15.8092,15.435,15.4818,17100
2014-11-04,15.6016,16.198,15.5987,16.0781,29700
2014-11-05,15.9699,16.0781,15.9349,15.9349,3000
2014-11-06,15.8647,16.2243,15.8647,16.1512,15000
2014-11-07,16.043,16.2097,16.043,16.0489,37500
2014-11-10,16.005,16.309,16.005,16.309,15600
2014-11-11,16.1161,16.4552,16.1161,16.3734,21600
2014-11-12,16.3704,16.5868,16.3354,16.3354,11400
2014-11-13,16.3704,16.7358,16.3704,16.6803,9600
2014-11-14,16.6365,16.8089,16.6043,16.7505,15900
2014-11-17,16.806,16.806,16.4289,16.4669,15300
2014-11-18,16.4786,16.4961,16.236,16.4815,8400
2014-11-19,16.3617,16.3617,16.0226,16.0226,9900
2014-11-20,16.0226,16.2915,16.0226,16.2857,3600
2014-11-21,16.2857,16.2857,16.2857,16.2857,0
2014-11-24,16.198,16.198,16.198,16.198,2400
2014-11-25,16.2243,16.6482,16.2243,16.6482,9900
2014-11-26,16.6569,16.7358,16.5955,16.7358,8400
2014-11-27,16.6686,16.7359,16.5926,16.5955,112500
2014-11-28,16.6423,16.6423,16.5488,16.5488,4800
2014-12-01,16.6394,16.7329,16.4201,16.4435,20100
2014-12-02,16.4435,16.4435,16.2974,16.3207,12900
2014-12-03,16.3178,16.6628,16.233,16.6598,29100
2014-12-04,16.6628,16.6628,16.578,16.578,48900
2014-12-05,16.5663,16.6043,16.464,16.4669,9000
2014-12-08,16.4464,16.5166,16.426,16.5166,10800
2014-12-09,16.6511,16.6511,16.54,16.6452,4800
2014-12-10,16.54,16.6072,16.4786,16.5166,8100
2014-12-11,16.5166,16.6102,16.5166,16.5458,4500
2014-12-12,16.6511,16.692,16.5166,16.5166,38700
2014-12-15,16.5166,16.5488,16.5166,16.5166,53400
2014-12-16,16.2009,16.5195,16.2009,16.4728,46800
2014-12-17,16.3354,16.6598,16.3354,16.6598,76200
2014-12-18,16.6628,16.6628,16.3266,16.3266,21900
2014-12-19,16.5897,16.6189,16.4698,16.5166,26700
2014-12-22,16.654,16.654,16.5371,16.5897,5400
2014-12-23,16.5312,16.6277,16.4143,16.6072,33000
2014-12-24,16.5663,16.6628,16.5546,16.6628,18900
2014-12-29,16.7768,16.7768,16.4757,16.5868,36900
2014-12-30,16.5195,16.7125,16.5195,16.7125,15600
2014-12-31,16.6628,16.6628,16.6628,16.6628,12300
2015-01-02,16.6598,16.6628,16.6306,16.6306,9000
2015-01-05,16.5166,16.6394,16.5166,16.6394,5700
2015-01-06,16.6598,16.6598,16.4464,16.6014,10800
2015-01-07,16.6598,16.6628,16.5575,16.6014,15900
2015-01-08,16.6598,16.6598,16.4435,16.4435,12600
2015-01-09,16.3441,16.5663,16.3441,16.5663,5100
2015-01-12,16.5663,16.5692,16.4084,16.4084,27000
2015-01-13,16.388,16.4435,16.388,16.4143,10500
2015-01-14,16.3851,16.4143,16.3529,16.3704,27300
2015-01-15,16.3704,16.4435,16.3704,16.4435,10800
2015-01-16,16.3558,16.5137,16.3558,16.5137,17100
2015-01-19,16.5897,16.5897,16.4874,16.5458,150300
2015-01-20,16.6072,16.6101,16.5166,16.6101,34500
2015-01-21,16.6481,16.6628,16.5955,16.6394,18900
2015-01-22,16.6452,16.8382,16.6072,16.8031,90600
2015-01-23,16.9522,17.1743,16.9522,17.0954,40200
2015-01-26,16.9931,17.3497,16.9931,17.265,21600
2015-01-27,17.265,17.2767,17.2094,17.2767,42600
2015-01-28,17.5251,17.5398,17.379,17.455,31500
2015-01-29,17.4667,17.4667,17.2474,17.3936,29400
2015-01-30,17.3907,17.3907,17.2474,17.3176,28500
2015-02-02,17.4696,17.4696,17.2299,17.3819,37200
2015-02-03,17.5079,17.5079,17.3555,17.3555,53400
2015-02-04,17.4376,17.4376,17.3116,17.3116,16800
2015-02-05,17.5783,17.5783,17.3204,17.4376,55800
2015-02-06,17.4493,17.4728,17.4083,17.4229,19200
2015-02-09,17.4493,17.4728,17.4083,17.4376,9900
2015-02-10,17.3819,17.3819,17.0976,17.1269,57600
2015-02-11,17.0712,17.2647,17.0273,17.2647,11700
2015-02-12,17.291,17.291,17.1211,17.291,21600
2015-02-13,17.291,17.291,17.0654,17.0654,35700
2015-02-17,17.2881,17.2911,17.1006,17.1152,22200
2015-02-18,17.0713,17.1445,17.039,17.0859,26700
2015-02-19,16.998,16.998,16.8251,16.9394,39600
2015-02-20,17.209,17.209,16.998,17.0009,20700
2015-02-23,17.2178,17.2178,16.8954,16.9394,80400
2015-02-24,17.0771,17.2061,16.8632,17.2061,490200
2015-02-25,17.1123,17.716,17.039,17.6017,41400
2015-02-26,17.7277,18.4662,17.6808,18.3168,41100
2015-02-27,18.349,18.3607,18.2289,18.2347,13800
2015-03-02,18.3197,18.4018,18.308,18.4018,11100
2015-03-03,18.2816,18.2816,17.7805,18.1908,32100
2015-03-04,18.0003,18.0003,17.7453,17.9094,10800
2015-03-05,18.0061,18.0061,17.9358,17.9827,9900
2015-03-06,17.8772,17.9006,17.7394,17.7775,32700
2015-03-09,17.8772,18.053,17.8567,18.053,5100
2015-03-10,18.1116,18.1116,17.7424,17.7424,25200
2015-03-11,17.6251,17.9358,17.6251,17.7043,14100
2015-03-12,17.7307,18.0325,17.7307,18.0325,197100
2015-03-13,17.9915,18.0647,17.7306,17.9006,20400
2015-03-16,18.0589,18.1497,17.9651,18.0501,13500
2015-03-17,18.0325,18.1673,18.0325,18.1673,8400
2015-03-18,18.1673,18.1673,17.8772,17.8801,87900
2015-03-19,17.8772,18.0413,17.8772,18.0267,13200
2015-03-20,18.1556,18.1556,17.8479,17.9299,12000
2015-03-23,18.2582,18.267,17.6574,17.8332,33900
2015-03-24,17.7629,17.9299,17.7629,17.9124,14400
2015-03-25,18.012,18.4604,18.012,18.3754,19800
2015-03-26,18.2318,18.648,18.2318,18.519,12000
2015-03-27,18.7095,18.8883,18.6099,18.8883,20400
2015-03-30,18.9029,18.9029,18.6509,18.7036,30000
2015-03-31,18.7476,18.7564,18.4662,18.4662,14100
2015-04-01,18.5981,18.7564,18.4633,18.6069,15600
2015-04-02,18.7535,18.9029,18.6274,18.6304,18000
2015-04-06,18.7036,18.9,18.5952,18.8091,24000
2015-04-07,18.8502,18.9879,18.5952,18.7564,27600
2015-04-08,18.8355,18.8355,18.5366,18.6099,20400
2015-04-09,18.8355,18.8355,18.4194,18.7505,192300
2015-04-10,19.0172,19.0172,18.5718,18.5776,29100
2015-04-13,18.6099,18.8443,18.3725,18.8443,25800
2015-04-14,18.6651,19.0911,18.6387,19.0911,21000
2015-04-15,19.094,19.4612,19.0059,19.4612,15000
2015-04-16,19.4524,19.661,19.4524,19.6375,4800
2015-04-17,19.5552,19.5963,19.4876,19.5787,8400
2015-04-20,19.6081,19.6081,19.3319,19.3819,27000
2015-04-21,19.2996,19.3319,18.8002,19.1821,39300
2015-04-22,19.0353,19.0793,18.9207,18.9207,16500
2015-04-23,19.141,19.141,18.8002,18.8678,27300
2015-04-24,18.7738,18.7738,18.53,18.6093,13200
2015-04-27,18.5065,18.5065,18.3743,18.3743,11100
2015-04-28,18.2686,18.2862,18.0629,18.0629,20400
2015-04-29,18.0659,18.7209,17.9924,18.624,381300
2015-04-30,18.5065,18.7151,18.5065,18.5065,7800
2015-05-01,18.5065,18.5212,18.389,18.389,9900
2015-05-04,18.389,18.389,18.2127,18.3626,12900
2015-05-05,18.0747,18.2568,18.0747,18.0952,6300
2015-05-06,17.9865,18.0159,17.775,17.775,19200
2015-05-07,17.775,18.1981,17.775,18.1981,13500
2015-05-08,18.4683,18.4683,17.9337,17.9337,17100
2015-05-11,17.8074,18.389,17.8074,18.3567,216900
2015-05-12,18.3596,18.3596,18.1393,18.1687,13500
2015-05-13,18.1834,18.1834,17.9219,18.1716,20100
2015-05-14,18.0717,18.2333,18.0717,18.2333,11700
2015-05-15,18.2069,18.2127,18.2039,18.2127,18900
2015-05-19,18.2098,18.2127,18.1393,18.1745,11700
2015-05-20,18.2098,18.2127,18.1511,18.1892,26700
2015-05-21,18.2127,18.2127,18.1687,18.2039,41100
2015-05-22,18.2127,18.2127,18.0717,18.2127,12900
2015-05-25,18.2127,18.2127,17.9836,18.0012,9300
2015-05-26,18.0071,18.1746,18.0071,18.0071,12900
2015-05-27,18.0012,18.0923,17.8015,17.919,119100
2015-05-28,17.9865,17.9924,17.919,17.9924,7500
2015-05-29,18.0629,18.0659,17.8632,17.919,214200
2015-06-01,18.1275,18.2627,18.057,18.2627,8100
2015-06-02,18.0805,18.3596,18.0805,18.3332,10500
2015-06-03,18.3596,18.7973,18.3596,18.7973,44700
2015-06-04,18.436,18.8737,18.436,18.6945,14400
2015-06-05,18.5829,18.6945,18.5094,18.5094,14100
2015-06-08,18.5065,18.5065,18.2862,18.2862,7500
2015-06-09,18.3596,18.4301,18.1863,18.3596,145200
2015-06-10,18.292,18.5006,18.292,18.4184,68400
2015-06-11,18.4096,18.4536,18.3949,18.4448,3600
2015-06-12,18.4624,18.5212,18.4624,18.5182,17100
2015-06-15,18.5065,18.5711,18.436,18.5094,16500
2015-06-16,18.5682,18.5711,18.4477,18.4477,84300
2015-06-17,18.5711,18.5711,18.0747,18.0952,10800
2015-06-18,18.0659,18.0659,17.7721,17.778,24000
2015-06-19,17.7662,17.8191,17.7457,17.8191,22200
2015-06-22,17.8397,17.9807,17.7339,17.9807,46800
2015-06-23,17.9865,18.2245,17.9836,18.2245,11700
2015-06-24,18.1334,18.5652,18.1334,18.5623,18000
2015-06-25,18.4096,18.5476,18.3302,18.4184,10500
2015-06-26,18.3743,18.4184,18.3273,18.3596,30600
2015-06-29,18.2921,18.3978,17.9689,18.389,624600
2015-06-30,18.5652,18.5652,18.248,18.4566,14400
2015-07-02,18.4566,18.9442,18.3978,18.9148,30300
2015-07-03,18.9442,19.1645,18.9177,19.1234,41400
2015-07-06,19.1322,19.1322,19.0382,19.1146,21900
2015-07-07,19.2379,19.2379,18.8061,19.0382,21300
2015-07-08,19.0499,19.1263,18.9295,19.094,24300
2015-07-09,19.0646,19.3261,19.0646,19.2967,21900
2015-07-10,19.3261,19.6198,19.2379,19.5934,23400
2015-07-13,19.6228,19.8108,19.6228,19.6844,35700
2015-07-14,19.7257,19.758,19.6079,19.7109,18600
2015-07-15,19.7551,19.758,19.6079,19.6668,83400
2015-07-16,19.758,19.9553,19.6108,19.8052,35700
2015-07-17,19.8699,19.9376,19.7345,19.7345,18000
2015-07-20,19.9023,19.9023,19.7404,19.9023,27900
2015-07-21,20.1496,20.1496,19.8022,19.8994,21600
2015-07-22,19.7845,19.8375,19.4312,19.4312,7200
2015-07-23,19.4313,19.9229,19.4313,19.6138,39600
2015-07-24,19.7993,19.9435,19.6992,19.9435,10800
2015-07-27,19.8758,19.8788,19.7816,19.8729,26700
2015-07-28,19.9347,19.9553,19.8022,19.864,16500
2015-07-29,19.9553,19.97,19.9023,19.97,10800
2015-07-30,20.1467,20.1467,19.9229,20.0966,7800
2015-07-31,20.1555,20.3498,19.973,20.0201,12000
2015-08-04,19.7345,20.0495,19.7345,19.9641,28200
2015-08-05,20.0613,20.0642,20.0054,20.0112,9600
2015-08-06,19.8493,19.9318,19.7286,19.7816,9300
2015-08-07,19.7257,20.3557,19.7257,20.3557,312000
2015-08-10,20.3734,20.6089,20.3734,20.6001,50700
2015-08-11,20.0495,20.6089,20.0377,20.285,270600
2015-08-12,20.1555,20.1702,19.8876,20.0319,17100
2015-08-13,20.0289,20.0495,19.9318,19.9318,15000
2015-08-14,19.9465,19.9524,19.7993,19.7993,14100
2015-08-17,19.7257,19.7345,19.5255,19.5785,4800
2015-08-18,19.5078,19.6373,19.4018,19.4018,83400
2015-08-19,19.4872,19.6992,19.4872,19.6992,17700
2015-08-20,19.7963,19.7993,19.4342,19.4342,6900
2015-08-21,19.1574,19.1692,18.5863,18.707,30900
2015-08-24,14.6618,19.2929,14.1318,18.7305,103200
2015-08-25,18.3154,20.0054,18.3154,19.655,25500
2015-08-26,19.8699,19.8699,19.0603,19.284,33000
2015-08-27,19.4312,19.5814,19.2958,19.5284,34800
2015-08-28,19.5932,19.9465,19.5932,19.9435,11700
2015-08-31,19.9288,20.1673,19.5196,19.5932,44400
2015-09-01,19.4342,19.5755,19.4254,19.4254,12900
2015-09-02,19.3871,19.3871,19.2399,19.2399,65400
2015-09-03,19.2399,19.3665,19.2399,19.3576,10200
2015-09-04,19.443,19.7551,19.3105,19.7257,22500
2015-09-08,20.1025,20.1025,19.758,20.0495,14700
2015-09-09,20.182,20.182,19.6609,19.7227,11400
2015-09-10,19.7051,19.761,19.4106,19.7227,8100
2015-09-11,19.2193,19.7257,19.1457,19.5843,18900
2015-09-14,19.5755,19.5755,19.3871,19.4519,4500
2015-09-15,19.4519,19.4519,19.3577,19.4018,4500
2015-09-16,19.4636,19.7257,19.4636,19.7227,5700
2015-09-17,19.7198,19.7993,19.6815,19.7904,37200
2015-09-18,19.7492,19.7492,19.3547,19.5107,22800
2015-09-21,19.4401,19.6167,19.4401,19.5637,21300
2015-09-22,19.5961,19.7257,19.5314,19.6668,33300
2015-09-23,19.5078,19.5166,19.3135,19.3135,5400
2015-09-24,19.3135,19.3959,19.2782,19.3959,6000
2015-09-25,19.3694,19.5431,19.3488,19.5431,20700
2015-09-28,19.5313,19.5431,19.4312,19.4754,11400
2015-09-29,19.5726,19.7257,19.3606,19.6727,24300
2015-09-30,19.7257,19.7257,19.3164,19.602,41700
2015-10-01,19.6108,19.6373,19.5049,19.5961,33900
2015-10-02,19.5785,19.7257,19.4607,19.6521,26700
2015-10-05,19.7257,20.865,19.6638,20.5706,97500
2015-10-06,20.5942,20.7061,20.4823,20.6796,87300
2015-10-07,20.7649,20.7649,20.5706,20.6648,129600
2015-10-08,20.6148,20.7649,20.5147,20.7649,20700
2015-10-09,20.7649,20.7649,20.6236,20.7119,14700
2015-10-13,20.7502,20.7561,20.5912,20.6089,17100
2015-10-14,20.6737,20.6825,20.55,20.5853,29700
2015-10-15,20.6089,20.6089,20.5441,20.6089,48600
2015-10-16,20.6089,20.6089,20.4941,20.6089,15000
2015-10-19,20.5382,20.6089,20.5206,20.5206,12600
2015-10-20,20.4793,20.6534,20.0633,20.6179,39000
2015-10-21,20.5943,20.6209,20.2698,20.6209,125400
2015-10-22,20.6238,20.6533,20.5206,20.5206,25800
2015-10-23,20.4498,20.4498,20.1134,20.2049,41100
2015-10-26,20.4675,20.4675,20.1547,20.2403,23700
2015-10-27,20.2403,20.2432,19.9157,19.9157,18300
2015-10-28,19.9364,20.2845,19.7889,20.2845,99600
2015-10-29,20.2668,20.314,20.2403,20.2816,37200
2015-10-30,20.2668,20.2816,20.1813,20.2786,23400
2015-11-02,20.1695,20.2816,20.078,20.2786,39900
2015-11-03,20.2816,20.5029,20.2609,20.5029,35400
2015-11-04,20.3613,21.2966,20.3613,20.733,552000
2015-11-05,21.1697,21.3733,20.6563,21.3113,92400
2015-11-06,21.2907,21.5355,21.2228,21.391,33900
2015-11-09,21.3526,21.4441,21.2139,21.2139,6900
2015-11-10,21.2346,21.3202,21.1549,21.211,16500
2015-11-11,21.3408,21.3408,21.034,21.0458,48000
2015-11-12,21.0133,21.2936,20.854,20.9189,16500
2015-11-13,20.8009,21.2139,20.8009,20.8186,12900
2015-11-16,20.8687,21.2434,20.8068,20.8068,16500
2015-11-17,20.9307,21.2228,20.8009,20.9248,9900
2015-11-18,20.8569,21.0782,20.8451,20.9897,16200
2015-11-19,21.0192,21.1431,21.0163,21.0753,7800
2015-11-20,21.2316,21.2434,20.9572,20.9631,22800
2015-11-23,21.0222,21.0959,20.9484,21.0015,23400
2015-11-24,21.0163,21.0399,20.8451,20.8451,12000
2015-11-25,20.8894,21.034,20.8038,21.0222,10500
2015-11-26,21.0487,21.0517,20.8274,20.9307,12000
2015-11-27,20.9012,20.9868,20.8009,20.9484,8400
2015-11-30,20.9484,21.0871,20.8068,20.9779,19500
2015-12-01,21.0045,21.034,20.8628,21.0251,21000
2015-12-02,20.9484,21.0369,20.913,20.913,8400
2015-12-03,21.093,21.1579,20.8923,21.0959,19500
2015-12-04,21.093,21.093,20.9189,21.0723,17700
2015-12-07,21.0487,21.0487,20.6563,20.6592,22500
2015-12-08,20.6533,20.7979,20.258,20.556,32700
2015-12-09,20.6563,20.7979,20.4144,20.4144,9900
2015-12-10,20.5176,20.6238,20.2845,20.4321,15000
2015-12-11,20.3996,20.4645,20.2845,20.3583,26400
2015-12-14,20.2668,20.5766,20.2639,20.4321,16500
2015-12-15,20.438,20.6533,20.3819,20.5353,27900
2015-12-16,20.6475,20.6534,20.5383,20.6534,24600
2015-12-17,20.6534,20.6534,20.5943,20.6534,30000
2015-12-18,20.6534,20.6534,20.5058,20.5117,18300
2015-12-21,20.5353,20.6386,20.5058,20.6091,27900
2015-12-22,20.6534,20.6534,20.5206,20.6534,23400
2015-12-23,20.6533,20.6533,20.5058,20.5324,36000
2015-12-24,20.5648,20.6415,20.5648,20.6415,1800
2015-12-29,20.6474,20.6474,20.6091,20.6091,38700
2015-12-30,20.5796,20.5943,20.5058,20.5648,7200
2015-12-31,20.5058,20.5058,19.7682,20.0219,48000
2016-01-04,19.9305,19.9895,19.5764,19.8597,42300
2016-01-05,19.8567,20.0987,19.8567,20.0987,19800
2016-01-06,20.1282,20.6533,20.1282,20.5206,15300
2016-01-07,20.3613,20.5353,20.0662,20.2049,11400
2016-01-08,20.2049,20.6533,20.0633,20.3524,30000
2016-01-11,20.4704,20.6091,19.3463,19.5676,22200
2016-01-12,19.6207,20.379,19.6207,20.2609,24000
2016-01-13,20.2668,20.2668,19.5263,19.5292,30000
2016-01-14,19.482,19.482,19.1781,19.2961,22800
2016-01-15,19.2076,19.2932,18.5556,19.1811,51000
2016-01-18,18.6116,19.0483,18.6116,18.7532,56700
2016-01-19,18.7385,19.007,18.7385,18.8536,111600
2016-01-20,18.6618,18.6618,17.7412,18.4139,75000
2016-01-21,18.4405,19.603,18.3313,19.2873,58800
2016-01-22,19.9393,19.9393,19.4023,19.5794,35100
2016-01-25,19.2342,19.6325,19.1958,19.1958,17700
2016-01-26,19.2253,19.3227,19.2106,19.2135,224400
2016-01-27,19.3197,19.4023,19.2076,19.4023,45600
2016-01-28,19.5823,19.9246,19.361,19.8626,12300
2016-01-29,20.0869,20.3376,19.957,19.957,21000
2016-02-01,19.9659,19.9688,19.4436,19.4732,18600
2016-02-02,19.5205,19.5205,19.0354,19.0739,53400
2016-02-03,19.5116,19.624,19.1715,19.621,2528400
2016-02-04,19.8074,19.8162,19.7423,19.7571,21300
2016-02-05,19.8103,19.8162,19.5826,19.8014,24600
2016-02-08,19.6684,19.8162,19.0502,19.3194,39900
2016-02-09,19.3282,19.7394,19.3253,19.6033,6600
2016-02-10,19.5205,19.5944,19.4584,19.4584,11100
2016-02-11,19.8103,19.8133,19.0798,19.2099,34800
2016-02-12,19.3016,19.8162,19.1922,19.6477,63600
2016-02-16,19.8162,20.6,19.8133,20.39,69600
2016-02-17,20.6681,21.0703,20.5557,20.6681,30600
2016-02-18,20.9904,21.0289,20.535,20.949,14400
2016-02-19,20.6118,20.9668,20.6118,20.6917,20400
2016-02-22,20.9342,20.9342,19.7867,19.7867,44700
2016-02-23,19.8606,20.4078,19.8162,20.4078,19500
2016-02-24,19.8606,20.6917,19.8606,20.1179,22200
2016-02-25,20.1327,20.1327,20.0706,20.0972,25800
2016-02-26,20.6444,20.6533,19.7423,19.8754,38700
2016-02-29,19.8931,20.112,19.8931,20.112,15000
2016-03-01,20.112,20.319,20.0854,20.1978,43500
2016-03-02,20.1978,20.1978,19.905,19.905,18300
2016-03-03,21.2684,21.2951,19.9641,20.044,29200
2016-03-04,20.2924,20.4078,20.1327,20.3279,83500
2016-03-07,20.6651,20.674,20.4521,20.4699,16600
2016-03-08,20.4876,20.5586,20.319,20.319,25800
2016-03-09,20.39,20.4255,20.2658,20.2836,31300
2016-03-10,20.4078,20.4078,20.1948,20.3989,12400
2016-03-11,20.4078,20.4078,20.3723,20.3989,13600
2016-03-14,20.3812,20.3812,20.2569,20.2924,12500
2016-03-15,20.2836,20.2836,19.8133,19.8133,19800
2016-03-16,19.8754,20.4344,19.8222,20.3368,130500
2016-03-17,20.4433,20.4433,20.3989,20.4078,13000
2016-03-18,20.3634,20.4078,20.3368,20.3723,21200
2016-03-21,20.4078,20.4166,20.319,20.3989,73400
2016-03-22,20.3634,20.3634,20.2303,20.2392,10600
2016-03-23,20.3457,20.3457,20.0529,20.0529,22500
2016-03-24,20.3102,20.3102,20.0529,20.186,23500
2016-03-28,20.186,20.2303,20.0972,20.186,15100
2016-03-29,20.2569,20.2569,19.9641,20.1505,11600
2016-03-30,20.2569,20.2569,20.0529,20.186,68900
2016-03-31,20.186,20.186,19.973,20.0085,70800
2016-04-01,20.1327,20.1327,19.902,19.9553,16300
2016-04-04,19.9641,20.1682,19.7689,19.902,83500
2016-04-05,19.7601,19.831,18.6953,19.3075,143000
2016-04-06,19.4495,19.4761,19.2987,19.3342,24500
2016-04-07,19.2277,19.3342,19.2188,19.2365,32400
2016-04-08,19.2987,19.4761,19.2454,19.4229,33300
2016-04-11,19.2454,19.6003,19.2277,19.3874,41300
2016-04-12,19.3519,19.4761,19.2365,19.343,17200
2016-04-13,19.2809,19.4406,19.1744,19.1922,33500
2016-04-14,19.2188,19.5116,19.1744,19.1833,22400
2016-04-15,19.1744,19.3963,18.9171,19.2632,33600
2016-04-18,19.4229,19.485,19.2365,19.3519,18400
2016-04-19,19.3457,19.568,19.2478,19.568,27600
2016-04-20,19.5236,19.5769,19.2567,19.3724,30900
2016-04-21,19.4613,19.568,19.3101,19.568,40400
2016-04-22,19.568,19.568,19.3546,19.5325,28000
2016-04-25,19.4168,19.568,19.2478,19.568,21900
2016-04-26,19.568,19.7103,19.4791,19.6748,40500
2016-04-27,19.6837,20.0128,19.5236,19.7637,26800
2016-04-28,19.9416,20.0928,19.568,19.6036,23900
2016-04-29,19.6303,20.1373,19.4969,19.7904,23900
2016-05-02,19.7904,20.0128,19.7637,20.0128,43700
2016-05-03,20.0839,20.0839,19.6748,19.7815,39600
2016-05-04,19.7103,20.1373,19.4613,19.6214,19500
2016-05-05,19.2123,20.1462,19.2123,20.1462,26200
2016-05-06,19.995,20.4486,19.995,20.4486,29400
2016-05-09,20.244,20.8844,20.244,20.5642,28100
2016-05-10,20.4753,21.2491,20.4753,20.7421,36600
2016-05-11,21.0979,21.0979,20.6265,20.8222,18700
2016-05-12,20.9022,20.9912,20.7421,20.9378,174900
2016-05-13,21.0801,21.1068,20.751,20.9111,14900
2016-05-16,21.0178,21.2402,20.9556,21.1068,10000
2016-05-17,21.1068,21.2847,20.671,20.9912,24000
2016-05-18,20.8489,21.0356,20.6532,20.8489,48100
2016-05-19,20.7065,21.009,20.6887,20.9734,28300
2016-05-20,21.2224,21.6405,21.1513,21.5426,27000
2016-05-24,21.8984,22.0585,21.5693,21.845,51100
2016-05-25,22.0318,22.0318,21.6583,21.7917,36700
2016-05-26,21.8184,22.0051,21.7917,21.8717,15200
2016-05-27,21.8806,22.1386,21.8806,22.0051,33500
2016-05-30,22.2364,22.2364,22.0585,22.0674,21300
2016-05-31,22.1563,22.2364,21.9962,22.0763,29800
2016-06-01,22.0585,22.1208,21.8806,22.0229,19700
2016-06-02,21.9518,22.1919,21.7561,21.8984,19600
2016-06-03,22.2008,22.2008,21.7739,21.7739,24300
2016-06-06,22.0941,22.0941,21.3914,21.5248,16700
2016-06-07,21.5693,21.5693,21.3292,21.4003,20900
2016-06-08,21.2669,21.427,21.0001,21.1157,15800
2016-06-09,21.0267,21.6405,21.0267,21.3914,21400
2016-06-10,21.2847,21.7027,21.2402,21.6583,37100
2016-06-13,21.7294,21.7739,20.8577,20.9022,14600
2016-06-14,20.8577,21.3025,20.8577,21.3025,15400
2016-06-15,21.3825,21.4181,21.2224,21.3203,10800
2016-06-16,21.507,21.507,21.3203,21.3203,16400
2016-06-17,21.258,21.765,21.258,21.4092,11200
2016-06-20,21.5337,21.7205,21.4715,21.596,7800
2016-06-21,21.5248,22.0407,21.5248,21.8984,13100
2016-06-22,22.014,22.014,21.6583,21.8806,14300
2016-06-23,22.0051,22.1475,21.9874,22.0941,28700
2016-06-24,21.5693,22.2008,21.5693,22.2008,59100
2016-06-27,21.8895,22.1919,21.7472,22.0496,25000
2016-06-28,22.2186,22.3253,22.0585,22.1119,24400
2016-06-29,22.2364,22.5388,22.1919,22.3698,56000
2016-06-30,22.5032,22.6189,22.4855,22.5477,13600
2016-07-04,22.5299,23.1259,22.5299,23.1259,25500
2016-07-05,23.0547,23.4105,23.028,23.286,42900
2016-07-06,23.3482,23.3571,23.1259,23.1703,26300
2016-07-07,23.2949,25.6875,23.2949,24.6379,73000
2016-07-08,24.291,24.291,23.5884,23.7218,64900
2016-07-11,23.8107,24.0509,23.7574,23.9708,53100
2016-07-12,24.0598,24.0598,23.6951,23.704,33700
2016-07-13,23.962,23.9708,23.7752,23.962,59500
2016-07-14,24.1221,24.3978,23.9353,24.0242,52800
2016-07-15,24.1754,24.1932,23.9353,23.9708,38700
2016-07-18,23.9619,23.9619,23.7307,23.793,235000
2016-07-19,23.7778,23.8402,23.7422,23.8402,30100
2016-07-20,23.7867,23.9293,23.7867,23.8848,20600
2016-07-21,23.965,23.9917,23.8224,23.8402,16600
2016-07-22,23.8402,23.956,23.5639,23.6263,20000
2016-07-25,23.6709,23.6709,23.3946,23.5639,22000
2016-07-26,23.5817,23.7065,23.5372,23.6174,14800
2016-07-27,23.6709,24.1075,23.6174,24.0541,18500
2016-07-28,24.0184,24.5532,24.0184,24.2056,33900
2016-07-29,24.1521,24.2858,24.0452,24.2769,7600
2016-08-02,24.2769,24.2858,23.9739,24.1432,11400
2016-08-03,24.1432,24.1432,23.6798,23.7867,19000
2016-08-04,24.0363,24.0363,23.1985,23.4391,24300
2016-08-05,23.653,24.1075,23.3322,24.0184,14100
2016-08-08,24.0184,24.2769,23.8669,23.9917,27700
2016-08-09,24.063,24.1076,23.7867,23.858,19600
2016-08-10,23.858,24.0363,23.3233,23.3946,41900
2016-08-11,23.8224,23.8224,23.1718,23.3144,21800
2016-08-12,23.3589,23.6174,23.1718,23.5461,17600
2016-08-15,23.7422,24.0095,23.5194,23.6619,13800
2016-08-16,23.653,23.9204,23.3946,23.4035,17200
2016-08-17,23.4302,23.4302,22.94,23.0648,25300
2016-08-18,23.1361,23.35,22.637,23.1629,17800
2016-08-19,23.1718,23.3857,22.8153,23.252,22400
2016-08-22,23.1629,23.35,23.1629,23.252,3600
2016-08-23,23.252,23.6085,23.1629,23.1629,13300
2016-08-24,23.1985,23.7689,23.0024,23.5283,51800
2016-08-25,23.4659,23.4659,22.9935,23.1807,15400
2016-08-26,23.1718,23.6174,23.1718,23.4302,9000
2016-08-29,23.4837,23.4837,23.1807,23.3322,9100
2016-08-30,23.3857,23.4391,23.1539,23.3678,16300
2016-08-31,23.35,23.457,22.9311,22.9311,36400
2016-09-01,22.9133,23.252,22.9133,23.1629,21400
2016-09-02,22.8955,23.6976,22.8955,23.555,430100
2016-09-06,24.0541,24.063,23.7154,23.8758,54000
2016-09-07,23.956,23.9739,23.6263,23.6263,10800
2016-09-08,23.7065,24.0541,23.4035,23.9739,16800
2016-09-09,23.9026,23.956,23.2787,23.3322,17400
2016-09-12,23.2431,23.2965,23.0113,23.1807,13800
2016-09-13,23.252,23.252,22.7262,22.7262,14200
2016-09-14,22.7351,23.4035,22.6103,23.2609,22700
2016-09-15,23.145,23.5461,22.9044,22.9222,17500
2016-09-16,22.9579,23.3144,22.9579,23.252,13100
2016-09-19,23.3767,23.5193,23.2252,23.4035,22200
2016-09-20,23.3857,23.7689,23.3767,23.6085,9200
2016-09-21,23.6352,24.0184,23.5015,23.5104,37200
2016-09-22,23.555,23.9739,23.555,23.8669,12900
2016-09-23,23.9739,23.9739,23.4659,23.4659,20000
2016-09-26,23.4837,23.6263,23.4124,23.4659,15600
2016-09-27,23.4391,23.4391,22.5836,22.7885,24700
2016-09-28,22.2895,23.1005,22.2805,22.8598,49600
2016-09-29,22.7707,22.9935,22.7083,22.9044,13000
2016-09-30,22.7618,22.94,22.6727,22.94,23800
2016-10-03,22.9044,22.9311,22.4231,22.7885,13900
2016-10-04,22.9935,23.0381,22.3251,22.4321,28600
2016-10-05,22.5034,22.6905,22.2805,22.6816,26800
2016-10-06,22.2805,22.5212,21.4784,22.3251,182800
2016-10-07,22.3608,22.5033,22.1558,22.2182,130100
2016-10-11,22.2895,22.5034,22.0399,22.0577,25700
2016-10-12,22.3608,22.5034,22.0577,22.4142,99200
2016-10-13,22.5479,22.7172,22.4588,22.5836,29900
2016-10-14,22.9222,22.9311,22.4053,22.5479,28400
2016-10-17,22.5836,22.5836,22.0577,22.1112,33900
2016-10-18,22.2211,22.5962,22.0156,22.4265,26800
2016-10-19,22.5069,22.7123,22.1585,22.6944,20800
2016-10-20,22.4086,22.5783,22.2389,22.4622,29300
2016-10-21,22.4086,22.8105,22.3104,22.6944,34900
2016-10-24,22.5069,22.9713,22.5069,22.6498,23000
2016-10-25,22.7569,22.9534,22.5069,22.5605,18100
2016-10-26,22.489,22.5337,22.2568,22.3997,14500
2016-10-27,22.4979,22.4979,22.105,22.2836,25700
2016-10-28,22.2389,22.4265,22.2389,22.355,16200
2016-10-31,22.4265,23.0874,22.4265,23.0338,18500
2016-11-01,23.2124,23.2214,22.9088,23.0427,46500
2016-11-02,22.9892,23.1767,22.9088,23.0338,17200
2016-11-03,23.0338,23.2214,22.7391,23.1053,23700
2016-11-04,22.882,23.2482,22.7837,23.1142,20200
2016-11-07,23.1678,23.534,23.1678,23.4357,25900
2016-11-08,23.4447,23.8466,23.4447,23.784,25200
2016-11-09,23.4804,24.0252,23.4089,23.9269,18800
2016-11-10,23.9895,24.3021,23.9805,24.1681,23800
2016-11-11,24.2663,24.5075,24.0073,24.2038,18900
2016-11-14,24.1592,24.1592,22.2568,22.7123,56400
2016-11-15,22.5872,24.1324,22.5872,23.6679,31400
2016-11-16,23.784,23.8823,23.4179,23.6858,15500
2016-11-17,23.6679,24.1145,23.6679,24.0252,11800
2016-11-18,24.0431,24.3289,23.6411,24.1234,32500
2016-11-21,24.2485,24.3289,23.6679,23.6858,27600
2016-11-22,23.8287,24.2485,23.7573,24.1145,18500
2016-11-23,24.2753,24.6504,23.9091,24.5968,39100
2016-11-24,24.5968,24.829,24.3378,24.829,22000
2016-11-25,24.7843,24.9451,24.0073,24.5611,32700
2016-11-28,24.5611,24.6772,24.0252,24.3556,12900
2016-11-29,24.0788,24.4539,24.0788,24.2127,10400
2016-11-30,24.1859,24.3378,23.9359,24.0698,15900
2016-12-01,24.0877,24.3199,23.8912,24.0252,16700
2016-12-02,23.7483,23.9537,23.4625,23.5697,23000
2016-12-05,23.5965,23.927,23.5786,23.793,19200
2016-12-06,23.8912,23.8912,23.2303,23.7394,14600
2016-12-07,23.7483,24.1145,23.7483,23.918,11400
2016-12-08,23.8912,24.0698,23.6322,23.8555,29400
2016-12-09,23.8644,23.9002,23.1053,23.5786,56300
2016-12-12,24.1056,24.1145,23.3911,23.7126,15800
2016-12-13,23.5072,23.7662,23.3732,23.3911,19500
2016-12-14,23.4,23.4,23.1142,23.1142,126700
2016-12-15,23.1499,23.2124,22.7212,22.8998,36900
2016-12-16,22.8284,23.2124,22.7034,22.8195,52100
2016-12-19,22.7391,23.0249,22.6855,22.9802,19700
2016-12-20,22.9177,23.4893,22.9177,23.4,28600
2016-12-21,23.4089,23.7215,23.2482,23.2482,21700
2016-12-22,23.2482,23.275,23.0874,23.1678,28200
2016-12-23,23.2214,23.2214,22.8909,23.0785,10600
2016-12-28,22.9981,22.9981,22.7748,22.8284,13500
2016-12-29,22.8195,22.8463,22.5605,22.614,18700
2016-12-30,22.7391,22.8998,22.4444,22.8284,20200
2017-01-03,22.7748,22.8731,22.3282,22.3908,46600
2017-01-04,22.3729,22.6587,22.3282,22.4711,37400
2017-01-05,22.4176,22.9177,22.4176,22.7569,28500
2017-01-06,22.7391,22.8641,22.5515,22.6587,17100
2017-01-09,22.6855,22.7569,22.5515,22.5605,23400
2017-01-10,22.6408,22.748,22.5426,22.6676,14400
2017-01-11,22.5605,23.0427,22.5158,22.8016,18200
2017-01-12,22.8016,23.3018,22.8016,22.9802,39200
2017-01-13,23.0606,23.2839,22.9356,23.0874,9300
2017-01-16,23.4447,23.4447,22.614,23.0517,18000
2017-01-17,22.8195,23.0874,22.5783,22.8998,31300
2017-01-18,22.7837,23.0427,22.7212,22.8195,41300
2017-01-19,22.7748,23.4893,22.7748,23.3553,29300
2017-01-20,23.3553,23.4447,22.9624,23.3107,34100
2017-01-23,23.4268,24.1056,23.3911,24.0698,47800
2017-01-24,24.1592,25.2756,24.0966,25.1684,42800
2017-01-25,25.3917,25.4542,24.2395,24.436,46100
2017-01-26,24.177,25.0076,24.177,24.9987,19600
2017-01-27,25.1059,25.3113,24.9898,25.1416,16700
2017-01-30,25.347,25.347,24.4718,24.7486,29500
2017-01-31,24.6117,24.7996,23.7525,24.3879,26300
2017-02-01,24.1642,24.6564,24.1642,24.6296,61000
2017-02-02,24.6475,25.1487,24.6475,25.0502,15200
2017-02-03,25.0592,25.095,24.907,24.9786,12200
2017-02-06,24.8802,24.8802,24.4238,24.6117,16100
2017-02-07,24.549,24.7101,24.3074,24.6296,13400
2017-02-08,24.6117,24.6117,24.1553,24.2537,12100
2017-02-09,24.2537,24.4327,24.2537,24.3879,37400
2017-02-10,24.3522,24.3701,24.0747,24.2179,18200
2017-02-13,24.3253,24.5133,24.3253,24.4775,21300
2017-02-14,24.4774,24.4774,24.3164,24.3969,25000
2017-02-15,24.4864,24.5133,24.3969,24.4775,40400
2017-02-16,24.4774,24.5132,24.388,24.3969,27300
2017-02-17,24.4774,24.5222,24.3969,24.4595,176600
2017-02-21,24.5133,24.916,24.4506,24.8802,44500
2017-02-22,24.9339,25.0592,24.5848,24.7907,29900
2017-02-23,24.9607,24.9697,24.5848,24.737,63700
2017-02-24,24.6296,24.6922,24.3969,24.6117,16100
2017-02-27,24.5311,24.549,24.0747,24.2627,19300
2017-02-28,24.1732,24.209,23.7167,24.1374,13300
2017-03-01,24.0658,24.209,23.8957,24.1642,15900
2017-03-02,24.0568,24.2985,24.0479,24.1016,10900
2017-03-03,24.1016,24.388,24.021,24.2537,10700
2017-03-06,24.2985,24.6922,24.209,24.5848,16900
2017-03-07,24.6565,24.728,24.2537,24.2537,40300
2017-03-08,24.2537,24.2627,23.8957,24.0479,31300
2017-03-09,24.0031,24.6475,24.0031,24.4417,55700
2017-03-10,24.4059,24.6922,24.0837,24.1284,16100
2017-03-13,24.2269,24.4148,24.1195,24.1284,9300
2017-03-14,24.021,24.1642,23.9494,24.03,16100
2017-03-15,24.0031,24.1642,23.7615,23.9852,23400
2017-03-16,23.9494,24.1732,23.5019,24.0031,165400
2017-03-17,24.2269,24.379,23.9942,24.2985,25900
2017-03-20,24.021,24.209,23.9852,24.1642,36500
2017-03-21,24.0926,24.1821,23.851,23.9315,19000
2017-03-22,23.7346,24.1642,23.7346,24.1553,13700
2017-03-23,24.1105,24.1642,24.0121,24.1016,15500
2017-03-24,24.1642,24.1642,24.0747,24.1642,16900
2017-03-27,24.1642,24.1642,23.9405,24.0747,23200
2017-03-28,24.0568,24.2537,23.9852,24.2537,25000
2017-03-29,24.2179,24.2179,23.9584,24.1642,28700
2017-03-30,24.0479,24.2537,24.0479,24.2448,22400
2017-03-31,24.1463,24.6117,24.1463,24.6117,40300
2017-04-03,24.4954,24.9786,24.4954,24.7996,23600
2017-04-04,24.8802,25.3724,24.8802,25.0234,25300
2017-04-05,25.0681,25.6051,25.0681,25.5872,33700
2017-04-06,25.6946,26.8402,25.6857,25.9989,40300
2017-04-07,26.0436,26.16,25.5067,25.5783,34100
2017-04-10,25.623,26.3569,25.6141,26.1242,29800
2017-04-11,26.1242,26.4911,25.9989,26.3032,31700
2017-04-12,26.3837,26.3837,25.7931,25.9989,22800
2017-04-13,25.9721,25.99,25.6051,25.9273,16700
2017-04-17,25.8289,25.9631,25.5962,25.6409,44500
2017-04-18,25.7727,25.7727,25.5037,25.5037,12100
2017-04-19,25.5575,25.8534,25.5575,25.7907,135100
2017-04-20,26.1763,26.7502,25.9521,26.7412,226200
2017-04-21,26.804,27.5662,26.7412,27.3779,28300
2017-04-24,27.351,27.9429,27.3331,27.647,53700
2017-04-25,27.351,27.7994,27.2344,27.2524,39200
2017-04-26,27.3152,27.7277,27.1627,27.3421,25400
2017-04-27,27.369,27.4407,27.1537,27.2344,15500
2017-04-28,27.2524,27.5483,27.0282,27.2434,7600
2017-05-01,27.3241,27.3331,26.6785,26.7592,32100
2017-05-02,26.8578,27.2434,26.7502,26.9833,31300
2017-05-03,26.9923,27.4228,26.9744,27.369,35600
2017-05-04,27.4048,27.4048,27.0103,27.0551,13300
2017-05-05,26.9923,27.2613,26.7592,27.1089,52800
2017-05-08,27.1896,27.3152,27.073,27.1268,10800
2017-05-09,27.1268,27.1268,26.7592,26.7592,25600
2017-05-10,26.8399,27.5393,26.8399,27.1717,36400
2017-05-11,27.1268,27.8801,27.1268,27.3779,24100
2017-05-12,27.36,28.0505,27.1627,27.1717,32400
2017-05-15,27.4497,28.1312,27.3779,27.9967,20500
2017-05-16,28.2388,28.2478,27.2434,27.2524,34200
2017-05-17,27.2524,27.2524,26.5439,26.8309,29200
2017-05-18,26.6785,26.9296,26.4184,26.4812,38000
2017-05-19,26.6785,27.1896,26.6785,26.9385,100300
2017-05-23,27.3152,27.5124,26.8578,27.1358,63000
2017-05-24,27.2793,27.62,26.9475,27.0013,24300
2017-05-25,27.0461,27.7097,26.8668,27.3959,29200
2017-05-26,27.5662,27.638,27.0999,27.0999,15800
2017-05-29,26.9026,27.3241,26.6964,27.2434,19400
2017-05-30,27.2344,27.3331,26.7143,27.2165,18600
2017-05-31,27.1986,27.4855,27.0999,27.1896,16500
2017-06-01,27.3152,27.5662,26.8757,26.9116,30100
2017-06-02,26.9026,27.082,26.8757,26.8757,19100
2017-06-05,27.1896,27.1896,26.7592,26.9026,22600
2017-06-06,27.3062,27.3062,27.0372,27.1358,27500
2017-06-07,27.1358,27.2075,27.0372,27.091,26200
2017-06-08,26.9385,27.2613,26.9026,27.0282,13800
2017-06-09,26.9385,27.2613,26.9385,27.0282,14000
2017-06-12,27.1537,27.1717,26.795,26.9026,26600
2017-06-13,26.9027,26.9027,26.5978,26.6874,144100
2017-06-14,26.6426,26.804,26.6157,26.6695,7900
2017-06-15,26.5888,26.813,26.5081,26.6964,18800
2017-06-16,26.7681,26.9475,26.4722,26.8578,26700
2017-06-19,26.7502,26.9026,26.6336,26.6964,10000
2017-06-20,26.5619,26.6516,26.3646,26.5529,12900
2017-06-21,26.526,26.5798,26.2749,26.4005,7900
2017-06-22,26.4184,26.9833,26.4094,26.7592,21200
2017-06-23,26.8578,27.2524,26.6964,27.073,21400
2017-06-26,27.0641,27.1268,26.6874,27.0282,12000
2017-06-27,27.0013,27.0372,26.4543,26.5529,111100
2017-06-28,26.4632,26.9654,26.4632,26.9385,9700
2017-06-29,26.4722,26.9026,26.4543,26.8309,17000
2017-06-30,26.8937,27.0013,26.8309,26.9475,11800
2017-07-04,26.9475,27.3421,26.8578,27.1089,25300
2017-07-05,27.1268,27.1268,26.6605,26.7681,22100
2017-07-06,26.9026,26.9026,26.4812,26.7233,30300
2017-07-07,26.8847,27.3421,26.8847,27.1179,32000
2017-07-10,27.2255,28.4271,27.1717,28.1133,46000
2017-07-11,27.9877,28.4002,27.9608,28.2567,23500
2017-07-12,28.4002,28.9114,28.3105,28.7141,24200
2017-07-13,28.7051,28.7589,28.4092,28.4092,25600
2017-07-14,28.4002,28.4002,28.2478,28.3285,13900
2017-07-17,27.6649,28.3016,27.6649,28.176,16700
2017-07-18,28.1464,28.4159,28.0026,28.4159,17700
2017-07-19,28.3261,28.6944,28.3171,28.5237,36000
2017-07-20,28.7303,28.7303,28.353,28.5866,14400
2017-07-21,28.6675,29.4131,28.6136,29.4131,43500
2017-07-24,29.3951,29.3951,28.8651,29.1975,21100
2017-07-25,29.2873,29.2873,28.7663,28.8741,9100
2017-07-26,28.8741,28.919,28.4069,28.5956,14800
2017-07-27,28.6136,29.1077,28.5327,28.8741,18400
2017-07-28,28.946,29.1975,28.8651,29.1975,25700
2017-07-31,29.1885,29.2784,29.0987,29.2244,39200
2017-08-01,29.2424,29.2694,28.937,29.0717,26100
2017-08-02,28.9549,29.2873,28.7932,28.8381,21400
2017-08-03,28.9639,28.9999,28.4159,28.5507,22400
2017-08-04,28.5507,28.7034,28.1194,28.1644,18100
2017-08-08,27.9038,28.1374,27.6792,28.1374,38600
2017-08-09,28.1015,28.8471,28.1015,28.4249,37500
2017-08-10,28.4518,28.4788,27.5894,27.7331,29900
2017-08-11,27.6253,28.1644,27.5535,28.1644,12300
2017-08-14,28.1194,28.6854,28.1194,28.5507,17200
2017-08-15,28.6495,28.7753,28.4159,28.7483,12400
2017-08-16,28.8381,28.8381,28.2991,28.6854,18000
2017-08-17,28.5507,28.7303,28.4788,28.4788,11600
2017-08-18,28.4788,28.5417,28.2991,28.389,17400
2017-08-21,28.389,28.6675,28.1644,28.4878,15800
2017-08-22,28.5237,28.5327,28.2183,28.3979,26100
2017-08-23,28.6046,28.6405,27.9487,27.9937,10100
2017-08-24,28.0835,28.2542,27.9128,28.1644,31200
2017-08-25,28.2183,28.2991,27.7152,27.7421,18100
2017-08-28,27.6972,27.7691,27.5085,27.5804,17900
2017-08-29,27.4816,27.5445,27.2839,27.2839,15800
2017-08-30,27.3738,27.9577,27.3738,27.823,31100
2017-08-31,28.1733,28.1823,27.5355,27.6253,52100
2017-09-01,27.7511,27.7511,27.4456,27.6074,17500
2017-09-05,27.5804,27.6702,27.4636,27.5265,10700
2017-09-06,27.4636,27.5265,27.3109,27.4007,25600
2017-09-07,27.6613,27.6613,27.4277,27.4277,27100
2017-09-08,27.4007,27.6163,27.3378,27.5265,26500
2017-09-11,27.5804,27.6253,27.3109,27.3917,30800
2017-09-12,27.3828,28.1194,27.3828,28.1194,25800
2017-09-13,28.1284,28.2901,27.8499,28.2632,40600
2017-09-14,28.2273,28.2991,28.1823,28.2991,8800
2017-09-15,28.2901,28.2901,27.5535,28.0476,39700
2017-09-18,27.9937,28.2362,27.8948,28.2183,16300
2017-09-19,28.1554,28.1733,28.0565,28.0925,10800
2017-09-20,28.2003,28.2003,27.823,27.832,11900
2017-09-21,27.832,27.9667,27.5265,27.7601,162900
2017-09-22,27.7691,27.9487,27.7152,27.7781,83900
2017-09-25,27.7781,27.9218,27.5894,27.9218,10300
2017-09-26,27.6074,28.6585,27.6074,28.5417,62000
2017-09-27,28.6764,28.7393,28.4429,28.6585,21000
2017-09-28,28.6225,28.7124,28.1823,28.2272,26000
2017-09-29,28.3171,28.3171,27.9577,28.1913,29400
2017-10-02,28.1374,28.4968,28.1015,28.4968,26700
2017-10-03,28.4878,28.4968,28.1374,28.353,41500
2017-10-04,28.3261,28.7842,28.3261,28.7483,27000
2017-10-05,28.91,29.467,28.6674,29.449,52800
2017-10-06,29.5389,30.2576,29.5389,30.0779,53600
2017-10-10,30.2217,30.2217,29.5569,29.7365,48700
2017-10-11,29.7365,30.2306,29.7365,30.024,34000
2017-10-12,30.0061,30.024,29.467,29.5299,31400
2017-10-13,29.5119,29.7186,29.5119,29.6287,28400
2017-10-16,29.6916,29.8264,29.4401,29.5928,20400
2017-10-17,29.6467,29.6467,29.2963,29.494,14300
2017-10-18,29.6173,30.0582,29.4823,29.4823,225900
2017-10-19,29.4643,29.4643,28.8073,28.9873,70800
2017-10-20,28.8973,29.5903,28.8973,29.3383,53800
2017-10-23,29.3203,29.6893,29.3203,29.6533,22300
2017-10-24,29.6353,29.7703,29.5543,29.5723,26300
2017-10-25,29.5363,29.6983,29.3293,29.6083,24300
2017-10-26,29.7343,29.7523,29.3113,29.6263,32400
2017-10-27,29.5993,30.0852,29.5993,30.0582,22800
2017-10-30,30.1572,30.2472,30.0222,30.2202,25400
2017-10-31,30.1482,30.6252,30.1482,30.4092,63100
2017-11-01,30.2562,30.7782,30.2562,30.6882,35000
2017-11-02,30.8232,30.8232,30.5892,30.7692,33500
2017-11-03,30.8592,31.3452,30.8142,31.3452,69300
2017-11-06,31.4082,31.4892,30.8592,31.3992,53000
2017-11-07,31.4532,31.5521,30.8232,30.9402,46100
2017-11-08,30.9672,31.2282,30.5442,31.2102,123500
2017-11-09,31.0122,31.1652,30.8412,30.9582,25500
2017-11-10,31.0302,31.6961,30.9402,31.5611,43900
2017-11-13,31.5612,31.6691,31.3722,31.6691,31600
2017-11-14,31.6331,31.7771,31.3092,31.7231,49200
2017-11-15,31.7231,31.7321,31.0212,31.0662,48500
2017-11-16,31.1742,31.7501,31.1112,31.6691,25500
2017-11-17,31.7681,31.8041,31.4892,31.5882,28100
2017-11-20,31.5071,31.6421,31.5071,31.5701,15600
2017-11-21,31.5071,32.0741,31.5071,31.6871,57500
2017-11-22,31.6151,31.9751,31.5702,31.7231,179900
2017-11-23,31.7141,31.7681,31.1472,31.2552,22200
2017-11-24,31.4891,31.7411,31.1742,31.2732,23700
2017-11-27,31.2552,31.3002,30.6162,30.6972,29700
2017-11-28,30.7692,31.2372,30.6882,30.9582,28700
2017-11-29,31.2372,31.2372,30.6972,30.8052,31100
2017-11-30,30.8052,30.8052,30.3822,30.4632,82800
2017-12-01,30.4812,30.5532,30.1392,30.4092,29100
2017-12-04,30.4092,30.5982,30.3552,30.4542,38700
2017-12-05,30.5892,30.5892,30.1752,30.2202,31100
2017-12-06,30.2562,30.4272,30.1302,30.2652,33000
2017-12-07,30.4182,30.9312,30.3012,30.3282,61100
2017-12-08,30.4092,30.9042,30.1752,30.4452,77600
2017-12-11,30.4182,30.4182,30.1932,30.2832,47500
2017-12-12,30.1212,30.5082,30.1212,30.3282,62500
2017-12-13,30.3732,30.4002,30.2382,30.2832,40800
2017-12-14,30.3732,31.3542,30.3732,30.8952,66300
2017-12-15,30.9582,31.0572,30.4362,30.4362,44600
2017-12-18,30.4632,30.5622,30.2472,30.4362,60900
2017-12-19,30.5802,30.5802,30.3732,30.4182,23400
2017-12-20,30.4002,30.5532,30.3822,30.4182,39000
2017-12-21,30.5082,30.8592,30.3642,30.6702,72900
2017-12-22,30.6882,30.7242,30.4632,30.5892,31100
2017-12-27,30.6072,30.6972,30.5442,30.5982,19600
2017-12-28,30.6252,30.6522,30.4542,30.4902,25700
2017-12-29,30.5442,30.9402,30.3912,30.8592,39200
2018-01-02,31.0482,31.1832,30.8772,30.9582,42200
2018-01-03,30.9402,31.0032,30.6972,30.9132,40900
2018-01-04,30.9132,30.9492,30.7332,30.8232,25500
2018-01-05,30.8142,31.0302,30.7512,30.8862,18300
2018-01-08,30.9132,30.9582,30.6972,30.9042,39300
2018-01-09,30.8862,30.8862,30.2112,30.2112,65500
2018-01-10,30.2112,30.3282,29.8872,29.9412,71100
2018-01-11,30.1392,30.1392,29.4283,29.4913,50700
2018-01-12,29.2573,30.0132,27.4934,29.9052,89700
2018-01-15,29.9952,30.0222,29.7433,29.7613,15700
2018-01-16,29.7432,30.3192,29.7432,29.7882,40400
2018-01-17,29.6983,30.1032,29.6983,30.0402,32100
2018-01-18,30.0402,30.0582,29.6443,29.6983,36100
2018-01-19,29.7523,29.7792,29.3473,29.6983,31000
2018-01-22,29.6173,29.6893,29.3293,29.4373,35300
2018-01-23,29.3293,29.4283,28.9063,29.1223,43900
2018-01-24,29.2303,29.6713,29.0233,29.4643,80000
2018-01-25,29.7073,29.8512,28.6723,28.6993,158800
2018-01-26,28.7983,28.8073,28.1234,28.3123,234000
2018-01-29,28.3483,28.3483,27.4394,27.9164,95700
2018-01-30,27.8624,28.5823,27.6734,28.3663,171200
2018-01-31,28.4383,28.7803,28.3483,28.5553,71200
2018-02-01,28.4473,28.5463,27.6014,27.7004,55900
2018-02-02,27.7094,27.7094,27.2234,27.2864,66600
2018-02-05,26.8004,27.8984,26.7734,27.3314,198000
2018-02-06,26.9984,27.5654,26.7554,27.4214,156400
2018-02-07,27.6198,28.2059,27.5296,27.9354,100500
2018-02-08,27.9624,28.0526,26.9615,26.9705,66600
2018-02-09,27.0066,27.5206,26.9254,27.3042,69900
2018-02-12,27.4484,28.1788,27.4484,27.9895,46100
2018-02-13,27.9985,28.0255,27.728,27.8181,57800
2018-02-14,27.7911,27.8362,27.5476,27.7009,141100
2018-02-15,27.5927,27.9173,27.3763,27.6829,86600
2018-02-16,27.6739,28.3772,27.5657,27.9534,71800
2018-02-20,28.1518,28.2059,27.6198,28.0075,50600
2018-02-21,28.0255,28.3592,27.8723,27.8813,44500
2018-02-22,27.9083,28.1157,27.7099,27.8903,40100
2018-02-23,27.9895,28.6026,27.9173,28.4494,49600
2018-02-26,28.5576,28.8551,28.26,28.3682,61700
2018-02-27,28.3682,29.1527,28.3682,28.7109,67100
2018-02-28,28.765,28.9633,28.0346,28.0346,72100
2018-03-01,27.9624,27.9714,26.9525,27.0427,134800
2018-03-02,27.0156,27.4034,26.6369,27.2861,89300
2018-03-05,27.0517,27.5206,27.0336,27.196,92700
2018-03-06,27.1238,27.4214,27.0066,27.3132,71700
2018-03-07,27.232,27.3042,27.0427,27.1058,46000
2018-03-08,27.0607,27.4755,27.0517,27.2952,47900
2018-03-09,27.5296,27.728,27.2952,27.6919,50100
2018-03-12,27.6378,27.9083,27.6378,27.8181,18400
2018-03-13,27.7731,28.0797,27.6468,27.746,33500
2018-03-14,27.764,27.8362,27.241,27.4304,29500
2018-03-15,27.3763,27.746,27.232,27.5747,35600
2018-03-16,27.6017,28.2239,27.6017,28.1788,115300
2018-03-19,28.0526,28.0706,27.3673,27.5566,76300
2018-03-20,27.5567,27.8182,27.3763,27.7099,37400
2018-03-21,27.6468,27.9985,27.4034,27.5657,42700
2018-03-22,27.4484,27.5657,27.1869,27.4124,136800
2018-03-23,27.3673,27.6829,27.214,27.2952,52600
2018-03-26,27.2952,27.4214,26.9254,27.2771,72300
2018-03-27,27.2501,27.2501,26.4926,26.6008,59100
2018-03-28,26.5647,26.8082,25.9967,26.7902,61200
2018-03-29,26.8082,27.1779,26.7722,27.1599,38500
2018-04-02,27.1689,27.1689,26.7361,26.9435,94300
2018-04-03,26.8623,27.0697,26.3844,26.4656,70300
2018-04-04,26.3754,26.3754,25.7712,25.8614,76700
2018-04-05,25.7352,26.718,25.7081,26.3303,60400
2018-04-06,26.7271,26.7271,25.7712,25.9245,58900
2018-04-09,26.0327,26.4024,25.6991,26.3844,47900
2018-04-10,26.4926,26.5918,25.7081,25.7622,61200
2018-04-11,25.7442,25.8163,25.4827,25.6991,39100
2018-04-12,25.7081,26.0508,25.4466,25.5909,40900
2018-04-13,25.654,25.663,25.4466,25.5097,17400
2018-04-16,25.5458,25.5729,24.7523,24.7974,110000
2018-04-17,24.7974,24.8515,24.0129,24.4908,231200
2018-04-18,24.5721,25.2499,24.5721,25.1415,122600
2018-04-19,25.1595,25.2047,24.8523,25.033,51500
2018-04-20,25.0511,25.2951,24.8161,25.0963,81300
2018-04-23,25.0963,25.4216,25.0149,25.2499,63200
2018-04-24,25.259,25.4939,25.259,25.3132,83700
2018-04-25,25.3493,25.4487,25.2318,25.3222,198700
2018-04-26,25.3222,25.5572,25.2409,25.3493,70200
2018-04-27,25.3764,25.503,25.3493,25.3674,27900
2018-04-30,25.503,25.503,25.033,25.0421,50100
2018-05-01,25.0059,25.1415,24.8703,25.0421,89800
2018-05-02,25.0872,25.1324,24.6986,24.9788,38500
2018-05-03,24.9607,25.0692,24.6625,24.8884,56100
2018-05-04,24.9246,25.4578,24.8523,25.3313,89500
2018-05-07,25.2861,25.4126,24.8523,25.0963,42000
2018-05-08,25.1234,25.4307,25.0511,25.3584,56600
2018-05-09,25.3674,25.4758,25.3041,25.3222,60500
2018-05-10,25.3222,25.4939,25.1234,25.2409,48600
2018-05-11,25.277,25.3584,25.0873,25.277,64600
2018-05-14,25.259,25.4578,25.1867,25.4035,30800
2018-05-15,25.521,25.7289,25.3584,25.4759,49200
2018-05-16,25.4939,25.9639,25.4487,25.8554,36700
2018-05-17,25.8554,26.4067,25.8554,26.4067,74000
2018-05-18,26.2982,26.3886,25.8102,25.9277,76300
2018-05-22,25.8735,26.6236,25.8735,26.4609,66300
2018-05-23,26.4699,26.5422,26.2982,26.3705,41300
2018-05-24,26.3344,26.4157,25.991,26.2711,52100
2018-05-25,26.1717,26.4248,26.1717,26.3344,41300
2018-05-28,26.1807,26.5151,25.9729,26.497,46300
2018-05-29,26.3976,26.8766,26.1717,26.5784,95700
2018-05-30,26.6326,26.8766,26.3615,26.7772,80700
2018-05-31,26.732,27.0754,26.5603,27.0664,77100
2018-06-01,27.1116,27.6628,27.1116,27.464,136700
2018-06-04,27.5183,27.7351,27.5183,27.6628,48000
2018-06-05,27.6448,27.8978,27.5544,27.8617,57300
2018-06-06,27.8255,27.8797,27.699,27.8074,46900
2018-06-07,27.7713,28.0153,27.7171,27.8526,47500
2018-06-08,27.7803,28.196,27.7803,28.0424,42500
2018-06-11,28.0695,28.2322,28.0153,28.1689,30800
2018-06-12,28.196,28.422,27.9611,28.2231,57200
2018-06-13,28.2864,28.3587,27.7984,27.8888,32300
2018-06-14,27.8165,27.8617,27.5905,27.7532,29700
2018-06-15,27.69,27.69,27.3375,27.5454,43300
2018-06-18,27.5454,27.5454,27.1116,27.3375,50400
2018-06-19,27.2833,27.2833,26.8405,27.22,38600
2018-06-20,26.9399,27.2381,26.8947,27.1025,18800
2018-06-21,27.0031,27.0212,26.2982,26.5693,71500
2018-06-22,26.6236,26.6959,26.4338,26.4699,44800
2018-06-25,26.4338,26.5061,25.991,25.991,108600
2018-06-26,26.0542,26.1898,25.8916,25.9367,97900
2018-06-27,25.9729,26.1446,25.4578,25.4578,123800
2018-06-28,25.3674,25.6927,25.1776,25.2138,151800
2018-06-29,25.2138,25.2138,24.4185,24.7709,175900
2018-07-03,24.7619,25.5301,24.7619,25.4307,76100
2018-07-04,25.503,25.8283,25.4487,25.5301,30000
2018-07-05,25.5933,25.6114,24.6444,24.6806,101200
2018-07-06,24.7167,24.8613,24.4456,24.6083,84600
2018-07-09,24.6083,24.8884,24.545,24.8342,41800
2018-07-10,24.8613,25.0782,24.7529,24.9155,69700
2018-07-11,24.8252,25.1324,24.7709,25.1053,91400
2018-07-12,25.1776,25.2951,25.0059,25.1595,171800
2018-07-13,25.1686,25.4216,25.1234,25.2138,43500
2018-07-16,25.1415,25.1415,24.8342,25.024,56800
2018-07-17,24.9155,24.9878,24.8071,24.8975,47400
2018-07-18,24.9156,25.1148,24.8431,24.9156,94900
2018-07-19,24.9518,25.0061,24.7073,24.7707,52100
2018-07-20,24.8069,24.9971,24.7707,24.7888,42600
2018-07-23,24.7978,24.8793,24.6076,24.6982,26800
2018-07-24,24.7344,24.8975,24.4718,24.6529,90500
2018-07-25,24.6348,24.8884,24.4627,24.6439,149000
2018-07-26,24.6348,24.9971,24.6348,24.8975,52500
2018-07-27,24.9246,24.9699,24.191,24.4356,77300
2018-07-30,24.508,24.8431,24.508,24.8069,76400
2018-07-31,24.8612,25.5767,24.8612,25.4952,81900
2018-08-01,25.4681,25.6311,25.3594,25.5405,67200
2018-08-02,25.5405,25.8122,25.3775,25.7216,74000
2018-08-03,25.7398,25.8303,25.3594,25.7398,89800
2018-08-07,25.6311,26.093,25.622,25.9481,76400
2018-08-08,25.8937,26.1564,25.8937,26.0386,37900
2018-08-09,26.0749,26.8447,25.776,26.727,101000
2018-08-10,26.6183,26.7632,26.0386,26.5277,105200
2018-08-13,26.5005,26.5187,26.0296,26.0749,59500
2018-08-14,26.1383,26.6002,25.9481,26.5549,57700
2018-08-15,26.4553,26.7904,26.0386,26.736,101800
2018-08-16,26.6636,26.7088,26.1473,26.4734,65600
2018-08-17,26.41,27.2704,26.2832,27.2342,67200
2018-08-20,26.9172,27.9587,26.9172,27.7051,93600
2018-08-21,27.7957,28.0402,27.4606,27.4877,49800
2018-08-22,27.524,27.7142,27.4515,27.5602,48600
2018-08-23,27.5783,27.9768,27.5783,27.6779,92600
2018-08-24,27.6236,28.1127,27.6055,27.6327,48900
2018-08-27,27.687,27.6961,27.4696,27.6689,32900
2018-08-28,27.6961,27.85,27.4787,27.7051,27100
2018-08-29,27.6689,28.1127,27.533,27.9859,53900
2018-08-30,27.9496,28.4297,27.9134,28.2304,54800
2018-08-31,28.1489,28.3029,27.85,28.1217,122300
2018-09-04,28.0674,28.1036,27.216,27.841,51200
2018-09-05,27.7957,27.9134,27.5874,27.7051,25200
2018-09-06,27.696,28.1398,27.696,27.7957,32700
2018-09-07,27.687,27.841,27.5693,27.7232,83000
2018-09-10,27.7776,28.0221,27.5783,27.9587,63900
2018-09-11,27.8862,28.2938,27.7866,28.1036,59500
2018-09-12,28.0583,28.5293,27.9496,28.5202,75600
2018-09-13,28.5383,28.6108,27.9859,28.0312,40100
2018-09-14,28.013,28.0674,27.4243,27.533,65200
2018-09-17,27.6236,28.2123,27.5693,27.9225,189800
2018-09-18,27.9859,28.1308,27.4425,27.6236,157800
2018-09-19,27.5964,28.004,26.8719,27.1074,214000
2018-09-20,27.1345,27.7051,27.1345,27.4968,207800
2018-09-21,27.4787,27.9859,27.053,27.4515,2102400
2018-09-24,27.4787,27.5783,27.044,27.5421,155600
2018-09-25,27.3609,27.9315,27.2523,27.3428,90000
2018-09-26,27.3247,27.3247,26.6817,27.207,107600
2018-09-27,27.1798,27.2523,26.9534,27.2251,61900
2018-09-28,27.1526,27.1979,26.8175,27.0802,109700
2018-10-01,27.1255,27.3519,26.8719,26.9534,50000
2018-10-02,26.9443,26.9443,26.2832,26.3375,67100
2018-10-03,26.3285,26.6183,26.093,26.4643,91600
2018-10-04,26.3737,26.4009,24.6258,24.9971,292700
2018-10-05,25.0152,25.1511,24.4446,24.9156,173000
2018-10-09,24.9156,25.1873,24.6801,24.9156,131400
2018-10-10,24.8612,24.8884,24.2272,24.2725,133300
2018-10-11,24.0008,24.4265,23.711,24.1367,178100
2018-10-12,24.4084,24.4174,23.9284,24.0008,92700
2018-10-15,24.0371,24.3359,23.7382,23.9918,164000
2018-10-16,24.0461,24.4446,23.9012,24.3269,70600
2018-10-17,24.345,24.345,23.8821,23.9275,84900
2018-10-18,23.8458,23.8549,23.4192,23.5372,69200
2018-10-19,23.6189,23.8912,23.2648,23.4373,194800
2018-10-22,23.519,24.0273,23.4464,23.991,49200
2018-10-23,23.8004,24.0001,23.2739,23.8912,79400
2018-10-24,23.8095,23.8639,23.0288,23.0833,217400
2018-10-25,23.165,23.3375,23.047,23.0833,188200
2018-10-26,22.929,23.2648,22.8473,22.8836,96500
2018-10-29,23.0379,23.2376,22.6476,22.8019,182700
2018-10-30,22.7021,23.1559,22.7021,23.1196,68300
2018-10-31,23.2921,23.637,22.7656,22.929,140700
2018-11-01,23.0288,24.0727,23.0198,24.0546,155800
2018-11-02,24.1544,24.1907,23.6098,23.8821,60600
2018-11-05,23.9184,23.9729,23.6007,23.8458,47800
2018-11-06,23.9729,24.3087,23.6189,23.9456,139400
2018-11-07,24.0546,24.227,23.8186,24.0455,87600
2018-11-08,24.0455,24.1635,23.6552,23.9638,54500
2018-11-09,23.8095,24.2906,23.519,24.1726,93700
2018-11-12,24.1635,24.1998,23.7278,23.8004,36700
2018-11-13,23.7822,23.9002,22.8745,22.9018,92100
2018-11-14,23.047,23.1468,22.6022,22.7202,141300
2018-11-15,22.7021,23.1287,22.6839,22.7656,156600
2018-11-16,22.7928,24.0818,22.7474,23.8549,177500
2018-11-19,23.8639,24.1907,23.6733,23.7823,82600
2018-11-20,23.6279,24.1181,23.5372,23.6915,124900
2018-11-21,23.7732,24.2361,23.6279,23.637,79000
2018-11-22,23.6007,23.6189,23.401,23.401,17300
2018-11-23,23.3465,23.6007,23.3284,23.6007,55700
2018-11-26,23.6733,23.9275,23.3012,23.4645,82600
2018-11-27,23.3647,23.7369,23.3375,23.4464,62900
2018-11-28,23.7278,23.7278,23.1378,23.3012,91100
2018-11-29,23.0833,23.8276,23.0288,23.5553,258200
2018-11-30,23.6007,23.6007,23.0742,23.1468,921000
2018-12-03,23.3738,23.637,22.9108,22.9744,113200
2018-12-04,22.9199,22.9472,21.8488,21.9396,128700
2018-12-05,22.0122,22.0485,21.2406,21.3314,72900
2018-12-06,21.0863,21.1771,20.6052,20.8775,172700
2018-12-07,20.8231,20.9048,19.9154,20.2421,207000
2018-12-10,20.224,20.224,19.407,19.7338,228400
2018-12-11,19.9698,20.5326,19.9698,20.4781,156600
2018-12-12,20.5508,21.05,20.4328,20.9411,107100
2018-12-13,20.9865,21.1136,20.2694,20.46,166000
2018-12-14,20.0606,20.2784,19.8972,20.1786,156500
2018-12-17,19.988,20.2058,19.8427,20.0606,123800
2018-12-18,20.0606,20.3783,20.0152,20.1877,191300
2018-12-19,20.1332,20.3874,19.9244,19.9426,149500
2018-12-20,19.9244,20.0334,19.6975,19.8337,107900
2018-12-21,19.7066,20.1604,19.3072,19.398,265400
2018-12-24,19.3163,19.5069,19.044,19.162,56100
2018-12-27,19.2527,20.3148,19.1983,20.1968,153600
2018-12-28,20.2603,20.4328,19.8427,19.9517,102500
2018-12-31,20.0878,20.6143,20.0697,20.5962,39500
2019-01-02,20.4418,20.8957,20.3965,20.7505,48600
2019-01-03,20.7505,20.7686,20.2058,20.46,130000
2019-01-04,20.6234,20.932,20.4781,20.7142,106200
2019-01-07,20.7686,21.6128,20.6325,21.5493,122600
2019-01-08,21.7399,22.112,21.6491,21.994,242800
2019-01-09,22.0576,22.3208,21.9668,22.112,100500
2019-01-10,22.0576,22.4661,22.0122,22.2936,53200
2019-01-11,22.2573,22.3753,22.1756,22.2936,64200
2019-01-14,22.693,22.9018,22.4933,22.7928,144100
2019-01-15,22.929,23.4101,22.929,23.3647,127700
2019-01-16,23.401,23.5009,23.0107,23.0379,69700
2019-01-17,23.0107,23.3193,23.0107,23.1015,61200
2019-01-18,23.1922,23.283,23.0107,23.1922,118600
2019-01-21,22.8655,23.3375,22.8655,23.1559,45400
2019-01-22,23.1196,23.1741,22.4933,22.693,89300
2019-01-23,22.8201,22.8745,22.4297,22.5114,73100
2019-01-24,22.4661,22.5568,20.5689,20.6325,395100
2019-01-25,20.7414,21.168,20.0788,21.168,602800
2019-01-28,21.1589,21.6491,20.9502,20.9774,95900
2019-01-29,21.3314,21.513,21.0772,21.1136,92900
2019-01-30,21.1499,21.3042,21.0319,21.1862,108200
2019-01-31,21.2951,21.3768,21.0319,21.3405,329800
2019-02-01,21.286,21.5311,21.286,21.3586,61800
2019-02-04,21.4494,21.6945,21.3586,21.5402,57000
2019-02-05,21.5674,22.0667,21.5674,21.9305,71000
2019-02-06,21.7876,21.8422,21.3053,21.4236,70700
2019-02-07,21.4691,21.4691,21.1506,21.2416,75900
2019-02-08,21.1596,21.3144,21.0868,21.1688,49700
2019-02-11,21.2234,21.4145,20.8775,20.9503,105000
2019-02-12,21.0686,21.6238,21.0504,21.5965,114500
2019-02-13,21.5965,21.6966,21.2962,21.4691,88000
2019-02-14,21.4964,21.8604,21.46,21.824,106600
2019-02-15,21.824,22.6795,21.7967,22.5157,117700
2019-02-19,22.5248,22.5339,21.7603,21.8604,84200
2019-02-20,21.9059,21.9969,21.6511,21.7512,101600
2019-02-21,21.7967,21.7967,21.2871,21.4327,168400
2019-02-22,21.5328,21.8422,21.4873,21.5328,52200
2019-02-25,21.6147,21.8422,21.5692,21.6329,56900
2019-02-26,21.6511,22.1699,21.6147,21.7967,133800
2019-02-27,21.6875,21.824,21.6147,21.7785,39000
2019-02-28,21.7512,21.7512,21.3872,21.46,60800
2019-03-01,21.4691,21.8422,21.4691,21.6329,43300
2019-03-04,21.6056,22.0697,21.6056,21.8877,63100
2019-03-05,21.8968,21.9605,21.6875,21.7239,28100
2019-03-06,21.6784,21.8058,21.3235,21.3872,43900
2019-03-07,21.3872,21.3872,20.9867,21.2871,112800
2019-03-08,21.1688,21.2962,20.9048,21.1414,68900
2019-03-11,21.3053,21.551,21.2143,21.4418,63500
2019-03-12,21.4509,21.5146,21.2689,21.4054,36700
2019-03-13,21.3872,21.3872,21.1505,21.2325,60400
2019-03-14,21.2051,21.2689,20.559,20.6773,115700
2019-03-15,20.7956,21.2052,20.6591,21.2052,170800
2019-03-18,21.0868,21.5146,21.0868,21.1141,59700
2019-03-19,21.1414,21.1779,20.9776,21.0413,38800
2019-03-20,21.0322,21.0504,20.6409,20.7683,48100
2019-03-21,20.8866,21.2416,20.6773,21.1779,58800
2019-03-22,21.3326,21.4509,21.0322,21.2325,59800
2019-03-25,20.832,21.3326,20.8138,21.2507,65400
2019-03-26,21.187,21.4873,21.0868,21.4782,98300
2019-03-27,21.4691,21.6784,21.4327,21.6238,63800
2019-03-28,21.5237,21.915,21.5237,21.6875,83800
2019-03-29,21.7148,21.7967,21.5601,21.5601,37900
2019-04-01,21.8877,22.4065,21.6875,22.3701,101400
2019-04-02,22.3883,22.5248,22.0697,22.2609,107000
2019-04-03,22.2336,22.543,21.5419,21.6056,55200
2019-04-04,21.3963,21.824,20.0311,20.286,343700
2019-04-05,20.1676,20.3042,20.1494,20.2405,220500
2019-04-08,20.2496,20.2769,19.4305,19.8673,397500
2019-04-09,19.749,20.0857,19.5306,20.0584,301100
2019-04-10,20.0402,20.0402,19.4487,19.5488,127500
2019-04-11,19.6216,19.9401,19.5306,19.5488,83900
2019-04-12,19.6489,19.6671,19.476,19.6216,85600
2019-04-15,19.5943,19.6944,19.1483,19.1756,110600
2019-04-16,19.1757,19.4578,19.0118,19.3941,86000
2019-04-17,19.4516,19.5702,19.0773,19.0773,60300
2019-04-18,19.0591,19.1686,18.8491,19.0226,71800
2019-04-22,18.9495,19.1321,18.6666,18.8491,68300
2019-04-23,18.8126,18.9861,18.6483,18.9678,66700
2019-04-24,18.9495,19.0317,18.8126,18.9039,68200
2019-04-25,18.8948,19.4881,18.8126,19.4881,73700
2019-04-26,19.4151,19.4151,18.9952,19.1047,116800
2019-04-29,19.0134,19.2599,18.8765,18.9769,94900
2019-04-30,19.0134,19.1321,18.8309,18.9952,61700
2019-05-01,18.913,19.2964,18.913,19.1595,124500
2019-05-02,19.1412,19.1595,18.7944,18.8218,47200
2019-05-03,18.8126,19.1686,18.8126,19.1504,61400
2019-05-06,18.9313,19.0317,18.6209,18.9404,64100
2019-05-07,18.7305,18.9769,18.6666,18.8035,143800
2019-05-08,18.8035,18.9769,18.7579,18.8218,82100
2019-05-09,18.694,18.8126,18.2832,18.411,136500
2019-05-10,18.3654,18.8674,18.3288,18.84,160400
2019-05-13,18.6666,18.7396,18.3836,18.6848,68700
2019-05-14,18.6574,18.7852,18.4749,18.7579,74700
2019-05-15,18.6301,19.0956,18.6301,18.6574,63200
2019-05-16,18.767,19.0134,18.5297,18.8583,276800
2019-05-17,18.8218,19.1504,18.7761,19.0865,51300
2019-05-21,19.1595,19.479,19.0499,19.4059,117100
2019-05-22,19.3694,19.625,19.3512,19.3877,66300
2019-05-23,19.269,19.3147,18.7396,18.8583,50100
2019-05-24,18.8674,19.2143,18.8674,19.2051,58800
2019-05-27,19.2508,19.4881,19.2508,19.3968,48800
2019-05-28,19.4059,19.8897,19.4059,19.8532,139100
2019-05-29,19.7163,19.7254,19.2873,19.4881,104800
2019-05-30,19.4881,19.625,19.3968,19.5337,73400
2019-05-31,19.4424,19.5429,19.3968,19.5429,62600
2019-06-03,19.5611,19.6798,19.4059,19.552,120900
2019-06-04,19.6615,19.8076,19.4881,19.7802,63200
2019-06-05,19.7802,19.7802,19.1595,19.3147,169900
2019-06-06,19.3147,19.5429,19.0773,19.4424,54900
2019-06-07,19.4151,19.4424,19.0682,19.123,61000
2019-06-10,19.1412,19.3603,18.8583,18.913,84200
2019-06-11,18.9769,19.2325,18.8765,19.1686,56000
2019-06-12,19.1412,19.2599,19.0773,19.1504,51400
2019-06-13,19.1686,19.3055,19.0226,19.2964,146600
2019-06-14,19.2781,19.6159,19.2781,19.4242,48300
2019-06-17,19.3968,19.552,19.2599,19.5063,70300
2019-06-18,19.5794,19.7619,19.5429,19.5885,46200
2019-06-19,19.6067,20.337,19.6067,20.2822,122200
2019-06-20,20.2275,20.5652,20.0358,20.1362,86100
2019-06-21,20.054,20.337,20.0175,20.2457,76100
2019-06-24,20.2183,20.41,20.0814,20.0814,60800
2019-06-25,20.0814,20.2548,20.054,20.0997,101400
2019-06-26,20.0814,20.1544,20.0814,20.1179,76300
2019-06-27,20.0997,20.3005,20.0814,20.2001,73000
2019-06-28,20.1727,20.2274,20.0084,20.1453,102200
2019-07-02,20.2001,20.3552,20.0814,20.3096,94400
2019-07-03,20.2913,20.5834,20.0814,20.2822,106100
2019-07-04,20.1179,22.5277,20.1179,22.5277,266300
2019-07-05,22.3999,22.7285,22.1261,22.2721,219500
2019-07-08,22.2265,22.8198,22.2265,22.3086,268400
2019-07-09,22.2995,22.8198,22.2995,22.5551,265800
2019-07-10,22.5916,22.6372,22.1991,22.4729,121500
2019-07-11,22.5277,22.5824,22.1169,22.482,167200
2019-07-12,22.5186,22.5916,22.2538,22.3177,122100
2019-07-15,22.2721,22.3451,22.0348,22.2265,95400
2019-07-16,22.2721,23.4587,22.2721,23.4131,155600
2019-07-17,23.3426,23.5073,23.1505,23.3975,147300
2019-07-18,23.3701,23.3701,22.9766,23.1505,56600
2019-07-19,23.1688,23.3792,23.0681,23.3426,39900
2019-07-22,23.2786,23.6171,23.2694,23.5439,101500
2019-07-23,23.5988,23.9283,23.4707,23.9283,116800
2019-07-24,23.8459,24.4773,23.8459,24.3492,176300
2019-07-25,24.2851,24.5871,24.2394,24.5779,134700
2019-07-26,24.6145,25.1636,24.6145,24.9622,141500
2019-07-29,24.9531,24.9531,24.2485,24.3034,120000
2019-07-30,24.2485,24.5505,24.1387,24.1936,98700
2019-07-31,24.1753,24.3492,23.791,23.8459,93700
2019-08-01,23.8642,23.8642,23.1322,23.242,132900
2019-08-02,23.2145,23.5988,23.1779,23.4982,84800
2019-08-06,22.4825,23.5714,22.4825,23.3701,105200
2019-08-07,23.2145,23.4982,23.0773,23.3152,214100
2019-08-08,23.3792,23.7727,23.306,23.5988,42400
2019-08-09,23.242,23.5988,23.1505,23.4433,84600
2019-08-12,23.425,23.5348,23.3609,23.4433,61600
2019-08-13,23.3426,23.791,23.2969,23.3792,73700
2019-08-14,23.2145,23.4524,23.1688,23.3243,84600
2019-08-15,23.2328,23.5439,23.059,23.1596,103100
2019-08-16,23.1596,23.8276,23.1596,23.6263,66100
2019-08-19,23.6537,23.9466,23.6446,23.7086,25800
2019-08-20,23.7819,24.0198,23.5988,23.6537,51800
2019-08-21,23.6812,24.1296,23.6812,23.7727,39200
2019-08-22,23.7361,23.8276,23.4799,23.6812,45400
2019-08-23,23.6629,23.7452,23.3335,23.3335,48300
2019-08-26,23.425,23.5165,23.3335,23.4524,50300
2019-08-27,23.425,23.425,22.9675,23.1871,36800
2019-08-28,23.0773,23.2877,22.8211,23.1688,37400
2019-08-29,23.2328,23.4616,22.9766,22.9949,51000
2019-08-30,22.9583,23.6995,22.9583,23.425,51400
2019-09-03,23.2603,23.2694,22.757,22.9858,39100
2019-09-04,22.9858,23.4707,22.9858,23.0407,70500
2019-09-05,23.1047,23.974,23.0407,23.5714,78900
2019-09-06,23.5531,23.8642,23.3792,23.7452,31700
2019-09-09,23.7818,23.7818,23.3518,23.4982,32800
2019-09-10,23.425,23.9008,23.425,23.8917,39400
2019-09-11,23.8825,24.6603,23.5897,24.5505,77400
2019-09-12,24.4407,24.8707,24.4407,24.5413,45700
2019-09-13,24.4864,24.7792,24.4864,24.706,38000
2019-09-16,24.6786,24.6786,24.0381,24.0655,61300
2019-09-17,24.0381,24.2211,23.9008,23.9923,38000
2019-09-18,24.0015,24.0564,23.9283,23.9923,31500
2019-09-19,23.9466,24.0655,23.791,23.8459,36300
2019-09-20,23.8368,23.974,23.4433,23.4616,33300
2019-09-23,23.4616,23.4616,22.8943,23.0773,49900
2019-09-24,23.0773,23.3609,22.9858,23.2511,36900
2019-09-25,23.1962,23.5439,23.1413,23.4707,29700
2019-09-26,23.4433,23.5622,23.2237,23.4707,27000
2019-09-27,23.306,23.5439,23.2603,23.3152,23100
2019-09-30,23.3335,23.5256,23.2603,23.3884,39000
2019-10-01,23.4799,23.5714,23.0498,23.242,33200
2019-10-02,23.1047,23.3243,22.6655,23.0681,120000
2019-10-03,22.9949,23.0681,22.5557,23.0041,116200
2019-10-04,23.123,23.9649,23.0224,23.608,159000
2019-10-07,23.608,24.1479,23.2786,23.6903,122500
2019-10-08,23.608,24.157,23.5805,23.9008,100400
2019-10-09,23.9008,24.4407,23.9008,24.2028,69100
2019-10-10,24.2028,24.4132,24.1296,24.2302,36300
2019-10-11,24.2668,24.5322,24.1479,24.1479,35500
2019-10-15,24.1662,24.5505,24.1662,24.2943,38800
2019-10-16,24.3887,24.8198,24.3521,24.6914,71400
2019-10-17,24.6731,25.0858,24.6364,25.0033,63200
2019-10-18,24.9941,25.2876,24.9941,24.9941,105800
2019-10-21,25.0216,25.0767,24.5355,24.6639,56700
2019-10-22,24.6731,25.04,24.5172,24.774,104900
2019-10-23,24.7556,25.0216,24.508,24.7923,66200
2019-10-24,24.8657,24.8749,24.4713,24.5722,29600
2019-10-25,24.9207,24.9207,24.3429,24.6914,33700
2019-10-28,24.6914,24.9758,24.4071,24.4254,71200
2019-10-29,24.4346,24.7098,24.3796,24.4988,72500
2019-10-30,24.4896,24.884,24.3979,24.6272,60000
2019-10-31,24.7189,25.1592,24.7006,24.8015,85500
2019-11-01,24.8107,25.095,24.6547,24.9849,69700
2019-11-04,24.9941,25.5169,24.9849,25.2876,74100
2019-11-05,25.3335,25.7829,25.2418,25.4527,84100
2019-11-06,25.4527,25.6178,25.1317,25.1959,54000
2019-11-07,25.2051,25.572,24.9299,25.0216,75000
2019-11-08,25.04,25.3793,25.0033,25.0033,80300
2019-11-11,24.9391,25.6912,24.9391,25.4711,57100
2019-11-12,25.4069,25.5077,25.0491,25.2509,96700
2019-11-13,25.1684,25.3151,24.9758,25.0767,55600
2019-11-14,25.0583,25.095,24.7923,25.0583,35600
2019-11-15,25.0124,25.0124,24.7006,24.9391,50100
2019-11-18,24.8749,24.9207,24.5722,24.8565,41900
2019-11-19,24.7281,24.8932,24.3429,24.7831,40900
2019-11-20,24.6731,24.6731,23.8934,24.1044,284200
2019-11-21,24.0952,24.5355,24.0952,24.2145,107000
2019-11-22,24.2603,24.563,24.031,24.4896,42100
2019-11-25,24.5538,24.5997,24.1503,24.3062,62300
2019-11-26,24.2603,24.7465,24.1136,24.6364,85000
2019-11-27,24.618,24.7648,24.187,24.6731,53600
2019-11-28,24.6272,24.7281,24.5538,24.5814,23200
2019-11-29,24.5905,24.6272,24.2328,24.4071,36600
2019-12-02,24.6089,24.6547,24.3429,24.4254,36200
2019-12-03,24.297,24.3245,23.976,24.187,30900
2019-12-04,24.1686,24.7556,24.1686,24.5905,46900
2019-12-05,24.8565,24.9299,24.3979,24.4805,53600
2019-12-06,24.5172,24.7465,24.508,24.6823,53300
2019-12-09,23.8476,24.508,23.6275,24.4254,74700
2019-12-10,24.3887,24.5722,24.2236,24.4438,26500
2019-12-11,24.4896,24.8107,24.2787,24.774,57800
2019-12-12,24.7189,24.9941,24.7189,24.7465,52400
2019-12-13,24.5538,24.9207,24.4988,24.8382,64000
2019-12-16,24.9024,24.9941,24.7006,24.8382,56900
2019-12-17,24.8198,25.3518,24.7189,25.306,120300
2019-12-18,25.4435,25.5903,25.2142,25.5353,70700
2019-12-19,25.4894,25.4894,24.7281,24.8657,58700
2019-12-20,24.884,25.5628,24.7831,25.2784,97900
2019-12-23,25.2968,25.7737,25.2509,25.6545,76100
2019-12-24,25.682,25.9113,25.682,25.7004,27200
2019-12-27,25.6912,25.7921,25.361,25.4069,58700
2019-12-30,25.2509,25.4619,25.0583,25.2051,42000
2019-12-31,25.1867,25.2693,24.829,24.884,27700
2020-01-02,24.884,24.9941,24.6364,24.9482,33700
2020-01-03,24.8657,25.5444,24.8015,25.095,68100
2020-01-06,25.0125,25.3243,24.9941,25.1317,52500
2020-01-07,25.1317,25.3426,25.0216,25.0767,29100
2020-01-08,25.2234,25.6362,25.1776,25.4619,42200
2020-01-09,25.4619,26.1773,25.4619,25.893,77400
2020-01-10,25.9297,26.0489,25.7737,25.9297,19800
2020-01-13,25.9113,26.1406,25.7829,25.9572,48500
2020-01-14,26.003,26.0672,25.7646,25.8379,30700
2020-01-15,25.8379,25.9113,25.737,25.7921,29300
2020-01-16,25.8655,26.0489,25.8196,25.9113,152400
2020-01-17,25.9205,26.5901,25.8838,26.5075,92700
2020-01-20,26.4892,26.5809,26.3241,26.3241,26900
2020-01-21,26.3057,26.3057,25.7279,25.7737,81200
2020-01-22,25.8013,26.3516,25.8013,26.2323,96600
2020-01-23,26.2507,26.2507,25.8196,25.9113,79400
2020-01-24,25.893,26.4617,25.6912,26.269,114800
2020-01-27,25.8013,26.3974,25.8013,26.1773,71800
2020-01-28,25.9572,27.0028,25.9572,26.8102,104300
2020-01-29,26.8652,27.3514,26.7735,27.3422,60000
2020-01-30,27.3238,27.333,26.7093,26.8652,81600
2020-01-31,26.8377,26.9111,26.4983,26.7918,72600
2020-02-03,26.8285,26.8744,26.5901,26.691,66000
2020-02-04,26.691,27.1496,26.5992,26.9845,67300
2020-02-05,27.1748,27.2391,27.0461,27.1656,31400
2020-02-06,27.2667,27.377,27.1104,27.331,50600
2020-02-07,27.2483,27.2483,26.6783,27.1196,52200
2020-02-10,27.0001,27.2575,26.9174,27.1196,36100
2020-02-11,27.0001,27.3862,27.0001,27.2115,58100
2020-02-12,27.2115,27.2391,26.8806,27.0736,65600
2020-02-13,27.0001,27.2943,26.7151,27.2115,51600
2020-02-14,27.2023,27.2851,26.899,27.2851,53500
2020-02-18,27.3035,27.423,27.0461,27.2023,62500
2020-02-19,27.1931,27.2943,26.4025,26.807,65500
2020-02-20,26.7151,27.3954,26.7151,27.377,179800
2020-02-21,27.2943,27.4046,27.0277,27.3586,103500
2020-02-24,26.853,26.9817,25.2166,26.7978,131800
2020-02-25,26.7611,26.8714,26.0072,26.2555,121400
2020-02-26,26.0992,26.4669,25.4373,25.52,115900
2020-02-27,25.2166,25.5384,24.7754,25.3545,58800
2020-02-28,24.8857,25.2902,24.2238,25.2534,151600
2020-03-02,25.1063,25.6579,24.8673,25.6579,103500
2020-03-03,25.8418,26.0992,25.4189,25.6947,108500
2020-03-04,25.9245,26.2003,25.4373,25.9521,88000
2020-03-05,25.6303,25.7498,25.235,25.4281,80200
2020-03-06,24.8857,25.1707,24.5639,24.7754,173500
2020-03-09,23.1666,23.8652,23.0195,23.3045,235600
2020-03-10,23.8193,24.2973,23.5067,24.2422,162800
2020-03-11,23.9112,24.1594,22.9184,23.0471,153400
2020-03-12,21.5118,22.1829,20.2524,21.1901,147800
2020-03-13,21.5854,22.7161,21.1901,22.7069,214900
2020-03-16,18.855,22.0634,18.855,21.1441,203100
2020-03-17,20.9327,21.5486,20.4454,20.7212,170200
2020-03-18,19.7651,20.4086,19.3239,20.3627,206000
2020-03-19,20.1604,21.6865,19.5537,21.2912,151500
2020-03-20,21.3371,21.7692,20.7396,21.1165,130600
2020-03-23,20.8867,20.8867,18.9837,19.2963,171800
2020-03-24,19.5353,20.4362,19.2779,19.8571,198000
2020-03-25,19.9582,21.3739,19.8019,20.6385,125800
2020-03-26,20.8039,21.2268,20.427,20.8775,101600
2020-03-27,20.3167,20.5557,19.949,20.2248,85800
2020-03-30,20.519,20.7304,19.903,20.5006,128200
2020-03-31,20.6017,20.8315,20.4086,20.4362,112100
2020-04-01,20.2799,20.4822,19.995,20.1329,174600
2020-04-02,19.9674,20.2708,19.7927,20.2064,99100
2020-04-03,19.8295,20.5006,19.8111,19.8663,61700
2020-04-06,20.0042,20.6385,20.0042,20.3167,124200
2020-04-07,20.6752,21.1717,20.4454,20.8315,99300
2020-04-08,20.8407,21.6589,20.8407,21.3555,106000
2020-04-09,22.045,22.6977,21.6773,21.76,155000
2020-04-13,20.2799,21.5946,20.2799,20.8683,108000
2020-04-14,20.9235,21.7508,20.8683,21.6681,238700
2020-04-15,21.2176,21.4015,20.3627,20.427,204300
2020-04-16,20.4546,20.7396,20.1788,20.6385,105400
2020-04-17,20.997,21.4934,20.8775,21.3555,98500
2020-04-20,21.1809,22.2197,21.1809,21.9807,206300
2020-04-21,21.76,22.1829,21.5946,21.7692,223000
2020-04-22,21.9255,22.5966,21.6773,22.5231,205300
2020-04-23,22.4127,24.233,22.4127,23.5343,299700
2020-04-24,23.4975,24.6651,23.2677,23.6906,1175800
2020-04-27,23.8652,23.8652,23.0838,23.3412,137600
2020-04-28,23.4608,24.0031,23.1206,23.9112,180300
2020-04-29,24.2238,24.8029,24.141,24.4076,103400
2020-04-30,24.3065,24.5823,23.8652,24.3065,275500
2020-05-01,24.3065,24.3249,23.4516,23.4975,63400
2020-05-04,23.3964,23.8469,23.2953,23.6354,69800
2020-05-05,23.7917,24.5272,23.663,24.141,90700
2020-05-06,24.187,24.9408,24.187,24.5639,78900
2020-05-07,24.665,24.8397,24.3157,24.6926,90500
2020-05-08,24.8949,24.9868,24.2605,24.4444,72200
2020-05-11,24.2514,24.7846,23.9204,24.665,49600
2020-05-12,24.665,24.665,24.2146,24.2422,56800
2020-05-13,24.1135,24.2422,23.8285,24.1135,91000
2020-05-14,23.709,23.709,23.1114,23.1942,86300
2020-05-15,23.0563,23.7182,23.0563,23.5619,89500
2020-05-19,24.1135,24.6926,24.0123,24.5731,70900
2020-05-20,24.7018,24.8213,24.3341,24.7386,59200
2020-05-21,24.7478,24.7478,24.233,24.6742,31800
2020-05-22,24.665,24.9592,24.4904,24.8121,53900
2020-05-25,24.8121,25.2626,24.7294,25.1982,33500
2020-05-26,25.0144,25.6027,25.0144,25.5384,86000
2020-05-27,25.566,25.5936,24.9868,25.4648,63300
2020-05-28,24.4536,26.0072,24.4536,25.7682,90100
2020-05-29,26.1084,26.2554,25.4557,26.0992,202800
2020-06-01,26.0532,26.4209,25.2166,25.9613,56500
2020-06-02,25.9521,26.1451,25.2166,26.0164,64300
2020-06-03,26.3106,26.7427,25.6395,26.6324,74800
2020-06-04,26.4577,27.1564,26.4117,26.8806,73100
2020-06-05,26.9449,27.1104,26.4577,26.5864,56100
2020-06-08,26.7335,26.7795,25.9521,26.2371,54500
2020-06-09,26.09,26.4117,26.09,26.1543,54600
2020-06-10,26.1359,26.1359,25.3729,25.4557,85600
2020-06-11,25.0603,25.2534,24.6834,24.7294,55800
2020-06-12,25.1155,26.6048,24.6283,25.042,92800
2020-06-15,24.9133,25.4097,24.6742,25.1891,84500
2020-06-16,25.7314,25.9429,25.4465,25.8418,65900
2020-06-17,25.7406,25.998,25.4557,25.6027,40300
2020-06-18,25.7498,25.851,25.4649,25.7131,173500
2020-06-19,25.8693,26.9174,25.8693,26.5404,431300
2020-06-22,26.5496,26.5496,26.1176,26.2187,61100
2020-06-23,26.3842,26.614,25.9245,26.1543,181500
2020-06-24,25.9705,26.2279,25.7406,26.1176,93700
2020-06-25,26.0808,26.4853,25.7223,26.4853,149100
2020-06-26,26.2646,26.7978,25.9613,26.2187,61100
2020-06-29,26.1543,26.2463,25.6395,25.7958,51200
2020-06-30,25.7958,26.6967,25.6763,26.5496,75100
2020-07-02,26.4301,27.2299,26.2554,26.5129,103100
2020-07-03,26.5588,26.6508,26.0164,26.2646,20200
2020-07-06,26.3658,27.0644,26.3658,26.9725,74500
2020-07-07,26.7519,27.5057,26.7151,26.9357,91500
2020-07-08,26.9449,26.9449,26.4117,26.6416,42900
2020-07-09,26.6508,27.5149,26.5772,27.4781,122000
2020-07-10,27.4873,29.041,27.1656,28.9674,190100
2020-07-13,28.9582,29.3627,28.6273,29.041,162500
2020-07-14,28.8571,29.188,28.8295,29.0501,113400
2020-07-15,29.1421,29.2892,28.6824,29.1972,179100
2020-07-16,29.1053,29.7948,28.9214,29.5925,117000
2020-07-17,29.5925,30.3372,29.3259,30.2636,146600
2020-07-20,30.2452,31.3392,29.8775,31.2657,131700
2020-07-21,31.2565,31.422,30.1717,30.3648,102600
2020-07-22,30.3988,30.6844,29.7817,30.2607,151100
2020-07-23,30.1133,30.4633,29.9383,30.0396,47900
2020-07-24,29.4961,30.1962,29.4961,29.9475,40800
2020-07-27,29.8922,30.6476,29.6158,30.6383,28700
2020-07-28,30.5186,30.8042,30.3896,30.7581,85300
2020-07-29,30.7581,30.7581,30.0672,30.6383,46000
2020-07-30,30.3804,30.6752,30.058,30.5923,69400
2020-07-31,30.3804,30.9055,30.2699,30.5831,84400
2020-08-04,30.2883,30.5094,30.1225,30.4265,78800
2020-08-05,30.4081,30.9884,30.2975,30.9792,95600
2020-08-06,30.6844,31.32,30.4818,31.3108,61500
2020-08-07,31.0713,31.32,30.7857,31.2555,52400
2020-08-10,31.2371,31.3385,30.6476,31.016,59000
2020-08-11,31.1266,31.2279,30.2791,30.491,78400
2020-08-12,30.5002,31.1634,30.3988,30.9976,181900
2020-08-13,30.7673,31.5779,30.7673,31.4582,137300
2020-08-14,31.4306,31.8727,31.3292,31.4674,82000
2020-08-17,31.5135,32.4347,31.5135,32.3794,114100
2020-08-18,32.2412,32.9413,32.0754,32.9044,126500
2020-08-19,32.7939,33.4664,32.5636,33.1992,145000
2020-08-20,32.9321,33.2913,32.4254,32.6742,131400
2020-08-21,32.3149,33.0058,32.2412,32.9321,93300
2020-08-24,32.8492,33.5493,32.582,32.8031,125700
2020-08-25,32.8768,32.8952,32.4254,32.6649,81800
2020-08-26,32.7018,33.6506,32.6465,33.5493,135200
2020-08-27,33.5861,33.9914,33.1624,33.4295,247900
2020-08-28,33.1624,33.1624,32.7294,32.84,156600
2020-08-31,32.6926,32.6926,31.799,32.0662,131500
2020-09-01,32.2044,32.8031,31.9833,32.6742,68200
2020-09-02,32.7939,32.886,32.2873,32.6373,52500
2020-09-03,32.4347,32.8492,31.8175,32.1859,130000
2020-09-04,32.1859,32.3149,31.1266,31.6148,86500
2020-09-08,31.3753,31.9004,30.9976,31.4121,127900
2020-09-09,31.6332,32.232,31.4398,31.8911,56800
2020-09-10,31.8451,32.1491,31.6424,31.8175,55300
2020-09-11,31.9096,32.4347,31.4306,31.9464,108600
2020-09-14,32.0017,32.7202,31.7622,32.2688,137900
2020-09-15,32.232,32.9689,32.1214,32.7939,104700
2020-09-16,32.7018,32.9597,32.4254,32.5728,105300
2020-09-17,32.2412,32.6097,32.232,32.4254,103000
2020-09-18,32.4715,32.7018,31.9556,32.0385,386000
2020-09-21,31.7806,32.0293,31.3661,31.6424,124700
2020-09-22,31.5779,32.232,31.4674,32.1583,96300
2020-09-23,32.1951,32.278,31.274,31.4306,80400
2020-09-24,31.274,31.8267,31.2095,31.7806,78800
2020-09-25,31.6977,32.1307,31.32,32.0662,71900
2020-09-28,32.1859,32.5544,31.8082,32.103,241100
2020-09-29,32.1399,33.0242,31.9925,32.9505,87300
2020-09-30,32.9229,33.1071,32.1491,32.3886,102700
2020-10-01,32.536,32.8768,32.2228,32.6557,100000
2020-10-02,32.361,33.015,32.232,32.9505,111900
2020-10-05,32.9321,33.6322,32.7939,33.5677,103000
2020-10-06,33.5308,33.6138,32.8952,33.1808,146400
2020-10-07,33.2545,34.3231,33.2545,34.2402,114800
2020-10-08,34.5349,36.7089,33.0979,36.4694,313100
2020-10-09,35.7048,37.9986,35.4377,36.3128,330700
2020-10-13,36.1562,36.3404,35.1613,35.4285,176700
2020-10-14,35.5114,35.6772,35.2258,35.4285,95300
2020-10-15,35.2166,35.2166,34.5349,35.0047,89400
2020-10-16,35.0047,35.4837,34.9126,35.0508,148600
2020-10-19,34.9863,35.0784,34.1296,34.406,112500
2020-10-20,34.4428,35.2074,34.2678,35.0139,83400
2020-10-21,35.0296,35.4541,34.7712,34.8266,74700
2020-10-22,34.8543,35.1496,33.913,34.0515,105400
2020-10-23,34.2083,34.6051,34.1253,34.439,80900
2020-10-26,34.0792,34.3375,33.6085,33.627,84800
2020-10-27,33.6454,33.9776,32.9164,33.6731,104000
2020-10-28,33.0179,33.6823,33.0179,33.0733,133700
2020-10-29,33.1102,33.5531,32.7134,33.3963,99800
2020-10-30,33.0087,33.2763,32.5657,33.0548,135000
2020-11-02,33.1563,33.9315,33.1563,33.8669,120300
2020-11-03,33.8669,34.5405,33.71,34.2822,50200
2020-11-04,34.6051,34.882,34.3744,34.5959,165800
2020-11-05,34.9189,35.1219,34.5498,35.1035,72000
2020-11-06,35.0296,35.0296,34.3929,34.5129,126300
2020-11-09,35.2696,35.2696,33.8946,34.0791,82000
2020-11-10,34.0699,34.2822,33.2486,33.4332,91300
2020-11-11,33.4701,34.5682,33.4701,34.4483,78800
2020-11-12,34.5129,34.882,33.6362,33.8115,153300
2020-11-13,33.8946,34.2268,33.7931,34.1068,67100
2020-11-16,34.2914,34.3006,33.7746,33.7931,93200
2020-11-17,33.7746,34.1068,33.2209,33.3132,228200
2020-11-18,33.424,33.8392,33.4055,33.4055,174000
2020-11-19,33.4055,34.3098,33.4055,34.0515,93500
2020-11-20,34.1437,34.3098,33.8484,34.1437,68100
2020-11-23,34.3283,34.3283,34.0422,34.0422,55800
2020-11-24,34.1437,34.5036,33.8208,34.1714,96100
2020-11-25,34.2545,34.3929,33.9315,34.1899,48100
2020-11-26,34.3006,34.4206,34.1161,34.1899,13900
2020-11-27,34.3837,34.6328,34.1991,34.3929,42900
2020-11-30,34.5129,35.0019,34.1437,34.9004,221800
2020-12-01,35.1588,35.408,34.1437,34.5313,165100
2020-12-02,34.8451,34.8728,34.3191,34.6052,92200
2020-12-03,34.8266,35.0389,33.8484,34.0884,87500
2020-12-04,34.0884,34.0884,32.0028,32.2243,273700
2020-12-07,32.6119,33.3317,32.5011,33.1286,201800
2020-12-08,33.1287,33.1287,32.4089,32.658,119900
2020-12-09,32.778,33.6731,32.7226,33.304,205900
2020-12-10,33.3132,33.3132,32.4089,32.7134,96200
2020-12-11,32.7318,32.8518,32.4366,32.6488,81400
2020-12-14,32.7134,33.5901,32.4366,33.4147,126300
2020-12-15,33.4978,34.1437,33.2209,34.1068,105500
2020-12-16,33.7654,33.8577,33.2302,33.2302,50500
2020-12-17,33.2209,33.4147,32.9441,33.1286,61900
2020-12-18,33.0641,33.0641,32.4642,32.4735,67600
2020-12-21,32.3627,32.3627,31.7721,31.9198,81400
2020-12-22,31.6799,32.0305,31.6799,31.8921,95900
2020-12-23,31.7629,31.7629,31.3846,31.5968,109400
2020-12-24,31.6429,31.6522,31.1262,31.2369,48400
2020-12-29,31.0985,31.0985,30.3049,30.3141,83400
2020-12-30,30.2864,30.7571,30.2864,30.4064,45800
2020-12-31,30.351,30.554,29.9819,30.4894,231900
2021-01-04,30.4525,30.9508,30.2034,30.4433,121400
2021-01-05,30.4433,30.6094,30.148,30.5263,84000
2021-01-06,30.4064,30.6186,30.0834,30.471,110600
2021-01-07,30.5633,31.3107,30.5633,31.0985,67300
2021-01-08,31.0523,31.6522,31.0062,31.606,91500
2021-01-11,31.3384,31.8644,31.2738,31.4861,125100
2021-01-12,31.4861,32.0397,31.4768,31.929,74400
2021-01-13,31.9844,32.0674,31.4861,31.6983,85600
2021-01-14,31.7721,31.8644,30.6555,31.3753,84000
2021-01-15,31.2277,31.8829,31.2277,31.8829,69200
2021-01-18,31.9567,32.0397,31.7998,32.0397,19700
2021-01-19,31.9659,32.4458,31.9659,32.0674,54800
2021-01-20,32.252,32.7411,31.9659,32.7134,199200
2021-01-21,33.2209,34.7805,32.5104,34.6974,193900
2021-01-22,34.6328,36.3954,34.5959,35.5741,180800
2021-01-25,35.4264,36.7091,35.4264,35.9248,142800
2021-01-26,35.9893,36.8383,35.9893,36.5984,132700
2021-01-27,36.3585,36.6445,35.7402,36.0816,101200
2021-01-28,35.9617,36.2754,35.6295,35.8878,74900
2021-01-29,35.7586,35.7586,34.5313,34.5774,78600
2021-02-01,34.9097,35.2788,34.4114,35.2788,74500
2021-02-02,35.4541,35.6756,35.3249,35.5187,55300
2021-02-03,35.553,35.9697,35.164,35.4233,55300
2021-02-04,35.3678,35.59,35.0436,35.4141,55700
2021-02-05,35.4604,35.7197,35.164,35.2196,24100
2021-02-08,35.3215,35.6086,35.3122,35.4048,57900
2021-02-09,35.377,36.2105,35.3307,36.0068,84100
2021-02-10,35.9882,36.1549,35.5159,35.6641,75800
2021-02-11,35.3863,36.2939,35.1455,36.0994,79900
2021-02-12,35.9975,36.0994,35.3863,35.7845,59000
2021-02-16,35.5159,35.5715,34.6269,34.6639,40900
2021-02-17,34.5528,34.5528,33.3952,33.8489,115400
2021-02-18,34.2379,34.5991,33.7286,34.275,92600
2021-02-19,34.275,34.7658,34.2472,34.6269,50400
2021-02-22,34.349,34.349,33.9416,33.9416,33300
2021-02-23,33.6545,33.7378,32.9692,33.6915,55000
2021-02-24,33.5711,33.9971,33.5711,33.9416,50700
2021-02-25,33.8953,34.2657,33.6545,33.7193,103900
2021-02-26,33.8397,34.312,33.7008,33.8767,83800
2021-03-01,34.0342,35.0251,34.0342,34.9047,49200
2021-03-02,34.914,35.2474,34.2564,34.951,165700
2021-03-03,35.0158,35.4604,34.3305,35.2566,121800
2021-03-04,34.6454,35.1362,33.886,34.4694,135100
2021-03-05,34.7936,34.9325,33.497,34.8862,182800
2021-03-08,34.8862,35.2844,34.4602,34.5713,139300
2021-03-09,34.9047,35.8864,34.4046,35.2937,216000
2021-03-10,35.4511,35.9234,35.0159,35.0622,117700
2021-03-11,35.3955,35.6641,34.9695,35.4604,98500
2021-03-12,35.2937,35.7382,35.0158,35.2844,91000
2021-03-15,35.2844,35.3863,34.5898,35.1918,135600
2021-03-16,34.9973,36.2198,34.9973,36.0994,174900
2021-03-17,36.2476,36.3587,35.8216,36.0531,218900
2021-03-18,35.59,36.3957,35.4881,36.0809,73800
2021-03-19,36.1642,36.3957,35.7475,35.9419,202100
2021-03-22,36.1179,37.0255,35.979,36.8773,112500
2021-03-23,36.5809,36.8217,36.0253,36.1086,66100
2021-03-24,36.1735,36.1735,35.5715,36.0253,72600
2021-03-25,35.7845,36.2661,35.2011,36.2013,66300
2021-03-26,36.3216,36.7199,36.1086,36.7199,59100
2021-03-29,36.8032,37.7015,36.655,37.5534,78100
2021-03-30,37.5534,38.1275,37.3218,37.9979,67500
2021-03-31,38.0349,38.4795,37.9423,38.2479,79600
2021-04-01,38.2757,38.8777,38.2757,38.6647,52300
2021-04-05,38.8036,39.0536,38.5258,38.6091,200400
2021-04-06,38.6739,39.2944,38.3683,39.2852,190800
2021-04-07,39.3778,39.5537,38.3683,38.8221,92900
2021-04-08,38.8962,39.3407,38.4054,39.2203,84500
2021-04-09,39.3593,39.6834,38.6925,39.1463,165800
2021-04-12,39.2574,39.6,39.1277,39.4426,102400
2021-04-13,39.3685,39.6,39.1833,39.3685,80200
2021-04-14,39.5074,39.6649,38.4517,38.5813,96700
2021-04-15,38.4887,38.8962,38.2665,38.3591,42300
2021-04-16,38.2387,38.8962,38.2387,38.8962,105200
2021-04-19,38.7851,38.8036,38.2665,38.6091,62700
2021-04-20,38.2572,38.6276,38.1275,38.5906,56400
2021-04-21,38.4978,38.9246,38.4607,38.906,39300
2021-04-22,38.8874,39.4162,38.7483,39.2863,95400
2021-04-23,39.2863,39.5925,39.2121,39.4348,54200
2021-04-26,39.3791,39.4348,38.9895,39.3049,72200
2021-04-27,39.3049,40.0192,39.1008,39.8893,65000
2021-04-28,39.9821,40.0656,39.7223,39.8429,34600
2021-04-29,39.8986,40.0285,39.6203,39.8986,35300
2021-04-30,39.6017,39.9913,39.5182,39.8336,68800
2021-05-03,40.0656,40.214,39.6945,39.7687,30000
2021-05-04,39.6481,40.1769,39.5368,40.0377,77900
2021-05-05,40.1212,40.3902,39.9357,40.1862,63700
2021-05-06,40.1862,40.381,39.8708,40.1212,24000
2021-05-07,39.9914,40.1212,39.8151,39.9635,26700
2021-05-10,40.2975,40.2975,38.9988,39.2863,54300
2021-05-11,38.9153,38.9153,38.2566,38.8318,59700
2021-05-12,38.6926,38.9153,38.5071,38.7668,56500
2021-05-13,38.6926,39.1101,38.6834,38.8225,37300
2021-05-14,38.9153,39.7409,38.6926,39.5925,66300
2021-05-17,39.4255,39.6296,38.6834,38.7576,48400
2021-05-18,38.804,39.1101,38.3494,39.008,91300
2021-05-19,38.4422,39.342,38.1917,38.9431,216200
2021-05-20,38.9431,39.2771,38.7205,39.0266,87100
2021-05-21,39.073,39.4997,38.9616,39.2956,142100
2021-05-25,39.4069,39.6203,39.0173,39.0451,85200
2021-05-26,38.9431,39.4904,38.8782,39.3513,89800
2021-05-27,39.3513,39.9821,39.3142,39.611,132500
2021-05-28,39.6481,40.0748,39.6481,39.8893,70800
2021-05-31,39.7594,40.4552,39.7594,40.1676,58800
2021-06-01,40.3068,40.4181,39.8244,39.88,73700
2021-06-02,39.9171,40.3068,39.6852,40.047,77500
2021-06-03,39.88,40.2604,39.88,40.0192,42800
2021-06-04,39.9635,40.047,39.611,40.047,78700
2021-06-07,40.0192,40.2511,39.7594,39.8615,61000
2021-06-08,39.8615,40.214,39.8615,39.9821,69000
2021-06-09,39.8708,39.9821,39.4811,39.5832,92400
2021-06-10,39.6388,40.1212,39.4162,39.6388,68100
2021-06-11,39.6017,39.6852,38.9338,39.3698,147900
2021-06-14,39.175,39.6203,38.8132,39.5646,128100
2021-06-15,39.7502,39.9913,39.1657,39.2585,114600
2021-06-16,39.3049,39.4626,38.5071,39.0173,113300
2021-06-17,38.9338,38.9338,37.0321,37.0507,259300
2021-06-18,37.0043,37.9969,36.7167,37.5145,1115300
2021-06-21,37.867,38.5349,37.6073,38.0711,93100
2021-06-22,38.0711,38.3309,37.7464,37.9505,65800
2021-06-23,37.932,38.1731,37.765,37.9691,100200
2021-06-24,38.0897,38.3401,37.6073,37.765,126900
2021-06-25,37.6908,37.9876,37.5516,37.6351,80000
2021-06-28,37.5702,37.5702,36.6147,36.8002,106500
2021-06-29,36.828,37.5702,36.828,37.4774,47100
2021-06-30,37.3939,37.5145,37.1249,37.2177,56400
2021-07-02,37.2733,37.5331,36.6425,36.9208,120100
2021-07-05,36.8373,37.162,36.7817,36.9672,28000
2021-07-06,36.9765,37.1527,36.6611,37.0136,80100
2021-07-07,37.1342,37.3846,36.726,36.7817,110000
2021-07-08,37.0229,37.9783,35.752,37.8392,199900
2021-07-09,38.5442,39.8522,37.431,37.8021,184200
2021-07-12,37.9041,39.6017,37.9041,38.8132,170700
2021-07-13,39.0451,39.0451,37.8577,38.0618,190200
2021-07-14,38.0897,38.3865,37.7,38.2845,95400
2021-07-15,38.2102,38.4978,37.9319,38.3123,93300
2021-07-16,38.3772,38.9338,38.2474,38.6091,83800
2021-07-19,38.3216,38.5628,37.8948,38.4978,93100
2021-07-20,38.5256,39.7131,38.4885,39.4811,85800
2021-07-21,39.5462,39.7134,38.905,39.4904,61600
2021-07-22,39.509,39.8714,39.4626,39.7692,37000
2021-07-23,39.8993,40.1594,39.7506,39.8621,55700
2021-07-26,39.9643,40.2617,39.6112,40.0851,102500
2021-07-27,40.2152,40.401,39.955,40.0944,26600
2021-07-28,40.0479,40.1223,39.7878,39.8807,32800
2021-07-29,39.8807,40.3081,39.7785,40.271,27100
2021-07-30,40.0572,40.6519,39.7878,40.4289,54500
2021-08-03,40.0572,41.1258,40.0572,40.4382,42400
2021-08-04,40.3639,40.5497,40.0387,40.2152,45100
2021-08-05,40.2709,40.5683,40.0479,40.4196,58900
2021-08-06,40.4103,40.4847,39.9829,40.3917,113600
2021-08-09,40.336,40.7263,39.955,40.717,41600
2021-08-10,40.6147,41.1723,40.5125,40.847,70500
2021-08-11,40.8563,40.9493,40.1037,40.271,120000
2021-08-12,40.1501,40.8656,40.0944,40.4754,114000
2021-08-13,40.4568,40.5962,40.4196,40.4939,27400
2021-08-16,40.4568,40.6705,40.2524,40.3639,88900
2021-08-17,40.1316,40.2152,39.3789,39.8157,59100
2021-08-18,39.7227,40.0108,39.6205,39.667,63200
2021-08-19,39.3975,39.6205,39.0351,39.5833,50400
2021-08-20,39.4533,39.5741,38.8865,39.4904,87600
2021-08-23,39.5741,39.667,39.3046,39.4997,62700
2021-08-24,39.4997,40.0015,39.1095,39.7506,245700
2021-08-25,39.6949,40.7541,39.6949,40.559,88300
2021-08-26,40.5404,41.451,40.5404,41.386,286500
2021-08-27,41.3023,42.3802,41.3023,42.1479,118400
2021-08-30,41.9249,42.5846,41.9249,42.2687,65200
2021-08-31,42.2501,42.6404,42.1758,42.278,71300
2021-09-01,42.1758,42.5103,41.8506,42.4545,59000
2021-09-02,42.5753,42.8727,42.4545,42.7333,58800
2021-09-03,42.6032,42.8727,42.4638,42.5103,88200
2021-09-07,42.5103,42.5568,41.9621,42.436,66100
2021-09-08,42.436,42.5753,42.0736,42.278,49600
2021-09-09,42.0364,42.3616,41.7762,42.0364,49100
2021-09-10,42.0364,42.4731,41.9807,42.278,56800
2021-09-13,42.3988,42.9005,41.3302,41.5904,65300
2021-09-14,41.6647,41.9063,41.4696,41.5904,38900
2021-09-15,41.6183,41.8227,41.2466,41.6926,43000
2021-09-16,41.6554,42.5382,41.2931,42.1386,38600
2021-09-17,42.1479,42.4267,41.9621,42.278,96300
2021-09-20,41.7205,42.0457,40.7077,41.4417,74100
2021-09-21,41.4138,41.6461,40.8935,40.9957,61900
2021-09-22,41.0329,41.4789,41.0143,41.1537,38400
2021-09-23,41.228,41.3116,40.9028,41.0608,30500
2021-09-24,40.9678,41.005,40.6891,40.94,31200
2021-09-27,40.94,40.94,40.0665,40.9121,70400
2021-09-28,40.8099,40.8099,39.7227,39.7878,44200
2021-09-29,39.8342,39.8342,39.4068,39.5833,36800
2021-09-30,39.5833,39.7599,38.7099,38.7099,59400
2021-10-01,38.7471,38.7471,37.7343,38.1338,85100
2021-10-04,38.1338,38.3754,37.6042,38.1524,61500
2021-10-05,38.1524,38.4312,38.0409,38.2918,45300
2021-10-06,38.2732,38.4683,37.9944,38.4312,67200
2021-10-07,38.2175,41.1537,38.2175,41.1072,254800
2021-10-08,41.3395,41.7205,39.7413,39.8157,183000
2021-10-12,39.9643,40.2988,39.5926,39.9922,68600
2021-10-13,40.2245,40.4754,39.7413,40.3546,56700
2021-10-14,40.5497,40.9864,40.4661,40.5218,59500
2021-10-15,40.6333,40.6519,40.0294,40.3174,60300
2021-10-18,40.2802,40.4754,39.9457,40.3267,48600
2021-10-19,40.4661,40.4661,39.89,40.1688,32800
2021-10-20,40.4852,40.8481,40.4852,40.5131,71300
2021-10-21,40.7179,41.0343,40.5317,40.9412,67500
2021-10-22,41.1739,41.1739,40.6341,40.9598,61900
2021-10-25,41.0529,41.3135,40.9505,40.9971,41700
2021-10-26,41.0901,41.0901,40.4107,40.4945,37300
2021-10-27,40.3456,40.3456,39.4149,40.0198,62400
2021-10-28,40.085,40.9133,40.0757,40.4479,28500
2021-10-29,40.4573,40.9505,40.2246,40.662,77000
2021-11-01,40.8202,40.9319,40.3456,40.6992,43400
2021-11-02,40.6992,41.2669,40.6992,41.0343,25700
2021-11-03,41.0064,41.2483,40.6062,40.7551,33400
2021-11-04,41.4066,41.5183,40.9319,41.0715,51000
2021-11-05,40.8481,40.9598,40.2711,40.9412,59200
2021-11-08,40.9505,41.2577,40.4293,40.5503,38900
2021-11-09,40.5038,40.9878,40.3363,40.5317,82900
2021-11-10,40.4386,40.8481,39.7778,40.2525,57200
2021-11-11,40.3083,40.8761,40.3083,40.7271,21900
2021-11-12,41.1739,41.1832,40.783,41.0436,41400
2021-11-15,41.1367,41.3972,40.6341,40.6806,124900
2021-11-16,40.6806,41.5834,40.6527,41.2018,71200
2021-11-17,41.1739,42.0301,41.0622,41.7137,73900
2021-11-18,42.0487,42.4303,41.9371,42.2442,46900
2021-11-19,42.4024,43.0353,42.3559,42.7933,78900
2021-11-22,42.8771,43.3238,41.8998,41.9743,65400
2021-11-23,42.2163,42.2163,40.9691,41.1925,51500
2021-11-24,40.9784,41.4717,40.9133,40.9505,35700
2021-11-25,42.9422,42.9422,41.0436,41.1367,65200
2021-11-26,40.8761,41.1274,40.4852,40.9505,46700
2021-11-29,40.9505,41.4252,40.9412,40.9877,114400
2021-11-30,40.9784,40.9784,39.2101,39.3963,67700
2021-12-01,39.7127,39.9733,39.5452,39.7592,67300
2021-12-02,39.7965,40.3921,39.6103,39.7313,41700
2021-12-03,39.7592,39.7592,38.4656,38.8937,44100
2021-12-06,38.8378,39.0891,38.6331,38.8937,85400
2021-12-07,39.024,40.3083,38.903,40.0757,74400
2021-12-08,40.1874,40.1874,39.2008,39.4893,106800
2021-12-09,39.4428,39.5079,39.024,39.0612,101500
2021-12-10,39.2008,39.2287,38.4377,38.5121,119800
2021-12-13,38.5866,39.5266,38.5866,39.4149,148600
2021-12-14,39.1171,39.5452,38.1119,38.2236,93800
2021-12-15,38.2422,38.4376,37.5256,38.1119,130100
2021-12-16,38.3167,38.3167,37.5907,37.6652,76000
2021-12-17,37.5907,38.2329,37.4697,37.963,77900
2021-12-20,37.7117,37.7117,36.7159,37.2184,83600
2021-12-21,37.4325,38.6052,37.4325,38.4563,85400
2021-12-22,38.5586,39.6662,38.3818,39.5638,91000
2021-12-23,39.4707,40.2897,39.4707,40.0198,93200
2021-12-24,40.3828,40.4386,40.0012,40.206,33700
2021-12-29,40.2246,40.5596,39.9361,39.9919,66900
2021-12-30,40.0105,40.9133,40.0105,40.4107,50800
2021-12-31,40.1315,40.6992,40.1315,40.6062,34200
2022-01-04,40.5876,40.9505,40.2804,40.7923,51900
2022-01-05,40.7923,41.239,40.3083,40.3921,58100
2022-01-06,40.206,40.6992,39.843,40.42,56800
2022-01-07,40.299,40.4666,39.5359,40.085,61300
2022-01-10,40.0943,40.206,38.4842,38.7541,90400
2022-01-11,38.7541,38.8565,38.0188,38.8192,117900
2022-01-12,39.0147,39.6196,38.8006,39.3497,58300
2022-01-13,39.5545,40.3921,39.4707,40.3176,80000
2022-01-14,40.0198,40.2525,39.9454,40.0198,174600
2022-01-17,40.1129,41.2018,40.1036,41.1274,62400
2022-01-18,40.8575,41.4717,40.5969,41.2483,77500
2022-01-19,41.3321,41.8998,41.1553,41.5648,68400
2022-01-20,41.6672,45.2224,41.4345,44.999,157200
2022-01-21,44.1149,45.6412,44.1149,45.1386,204100
2022-01-24,44.5895,46.7208,44.4127,46.6929,208200
2022-01-25,45.9111,46.2555,44.3569,44.7478,204700
2022-01-26,45.1107,46.1531,44.7664,45.241,142900
2022-01-27,45.3899,46.0507,45.1014,45.2224,119400
2022-01-28,45.4178,46.2648,45.2596,46.2089,112800
2022-01-31,46.1624,46.6743,46.1624,46.5161,104900
2022-02-01,46.302,46.7022,45.725,46.6277,195900
2022-02-02,46.4225,47.1036,46.4225,46.7584,120300
2022-02-03,46.7397,46.8424,45.9839,46.1985,121900
2022-02-04,46.1332,46.5718,46.0492,46.3105,66900
2022-02-07,46.4225,46.4225,45.7226,45.7693,96800
2022-02-08,45.732,46.3758,45.536,46.3572,154900
2022-02-09,46.4225,48.0741,46.2732,47.6448,235600
2022-02-10,47.5049,47.7008,47.001,47.1223,88600
2022-02-11,47.141,47.3089,46.7397,46.7771,142400
2022-02-14,46.8984,47.3649,46.6091,46.8797,92200
2022-02-15,47.1223,47.7568,46.833,47.4022,97500
2022-02-16,47.1223,47.5702,47.0103,47.0476,55000
2022-02-17,46.9917,47.2436,46.5811,46.7864,88000
2022-02-18,46.7304,46.9357,46.1892,46.2825,70500
2022-02-22,46.1892,46.2638,45.1068,45.4334,112000
2022-02-23,45.7133,45.7133,44.7429,44.8268,83500
2022-02-24,43.8564,44.7988,43.4832,44.4629,168100
2022-02-25,44.5562,45.2467,44.1457,45.2094,141900
2022-02-28,45.0135,45.3774,44.6402,45.2467,133400
2022-03-01,45.2467,45.368,44.5562,44.6775,108700
2022-03-02,44.7895,45.2281,44.6029,44.8828,69300
2022-03-03,45.1161,45.1721,44.3509,44.5282,78500
2022-03-04,44.7895,44.7895,43.6698,43.8097,71700
2022-03-07,43.7444,43.8844,42.8113,43.2592,195700
2022-03-08,43.0726,44.099,43.0726,43.4925,175000
2022-03-09,43.8657,45.0694,43.8564,44.7242,126900
2022-03-10,44.5842,44.7149,44.0803,44.4629,131100
2022-03-11,44.6216,44.8268,44.183,44.4256,168600
2022-03-14,44.8362,44.8362,43.4645,43.5298,109200
2022-03-15,43.6324,43.7258,42.9419,43.3898,63700
2022-03-16,43.6605,44.4723,43.4552,44.3416,91700
2022-03-17,44.4163,44.9575,44.3509,44.5842,39800
2022-03-18,44.6869,45.3774,44.2297,45.1068,89000
2022-03-21,45.1721,45.3774,44.6775,45.2001,60600
2022-03-22,45.3494,45.3494,44.6495,44.8828,83700
2022-03-23,44.8455,45.0975,44.6122,44.9388,97500
2022-03-24,44.9388,44.9388,44.1923,44.3323,107700
2022-03-25,44.2576,44.295,43.2592,43.6138,188700
2022-03-28,43.4925,44.4069,43.4365,43.8564,107500
2022-03-29,44.015,44.1083,43.3805,43.8657,90500
2022-03-30,43.8471,43.8937,43.0259,43.2779,117300
2022-03-31,43.2779,43.3152,42.4007,42.4941,95100
2022-04-01,42.4941,42.5687,41.0104,41.085,133500
2022-04-04,41.0944,41.4956,40.8891,41.2623,101500
2022-04-05,41.0664,41.4676,40.8518,40.9917,119200
2022-04-06,40.8518,40.8518,39.3868,39.788,201200
2022-04-07,40.1239,40.1239,37.2779,38.7709,327900
2022-04-08,39.0042,39.5174,38.2577,38.4443,507000
2022-04-11,38.3324,38.6216,36.6714,37.11,252600
2022-04-12,37.3246,37.3246,36.0182,36.2235,193500
2022-04-13,36.2422,36.3635,35.4117,36.0182,170600
2022-04-14,36.0462,36.6154,35.8783,36.1582,340600
2022-04-18,36.1582,36.4288,35.0851,35.2717,234000
2022-04-19,35.4584,37.082,35.421,36.8487,352900
2022-04-20,36.7925,36.7925,35.5006,35.5755,260900
2022-04-21,35.7253,35.7253,34.0682,34.424,184200
2022-04-22,34.321,34.5457,33.7031,33.8061,265800
2022-04-25,33.8997,34.7423,33.5252,34.6767,229200
2022-04-26,34.6767,34.6767,33.9465,34.218,215500
2022-04-27,34.2648,34.7423,33.8903,34.218,249200
2022-04-28,34.3584,34.6393,34.1057,34.4052,164000
2022-04-29,34.2835,34.9763,34.0776,34.1431,131900
2022-05-02,34.4989,34.9389,34.2648,34.5082,707100
2022-05-03,34.5269,34.6767,34.2554,34.4989,246600
2022-05-04,34.5925,34.864,33.778,34.761,214100
2022-05-05,34.6018,34.6393,32.5328,33.1226,436700
2022-05-06,33.1226,33.3473,32.5796,32.7762,204400
2022-05-09,32.7669,32.7669,31.8401,31.9243,216600
2022-05-10,32.0647,32.2426,31.4749,31.6715,236200
2022-05-11,31.6996,31.7371,30.9788,31.0724,208600
2022-05-12,30.7353,31.1754,30.286,30.8664,116200
2022-05-13,31.1005,32.2988,30.9507,31.8681,122300
2022-05-16,31.8775,32.149,31.4562,31.943,122800
2022-05-17,32.4018,33.3754,32.1958,33.0946,226800
2022-05-18,32.7856,33.0478,32.1022,32.3924,134700
2022-05-19,32.1958,32.898,32.0928,32.4579,144200
2022-05-20,32.6358,32.6358,32.0835,32.5141,118600
2022-05-24,32.5796,32.7856,32.1209,32.4205,100400
2022-05-25,32.4299,32.6358,32.1115,32.2613,153800
2022-05-26,33.7218,34.3116,33.2163,33.6188,274600
2022-05-27,33.8435,35.0044,33.7405,34.6393,150900
2022-05-30,34.9763,35.1542,34.6393,34.9108,37800
2022-05-31,34.8265,35.3882,34.5925,35.0138,247600
2022-06-01,35.2197,35.847,35.0138,35.6972,245200
2022-06-02,35.7253,36.4368,35.6317,36.0249,67500
2022-06-03,35.8376,35.8376,35.435,35.4912,48400
2022-06-06,35.6317,36.0623,35.4819,35.5755,62200
2022-06-07,35.3227,36.521,35.3227,36.2683,227200
2022-06-08,36.2308,36.3619,35.9593,36.0623,213600
2022-06-09,35.9687,36.1278,35.8095,35.9968,100900
2022-06-10,35.847,35.847,35.0606,35.3321,140200
2022-06-13,34.7423,34.8921,34.0682,34.5457,112000
2022-06-14,34.5925,35.0606,34.5644,34.7703,176700
2022-06-15,34.8546,35.1635,34.5457,34.8546,67800
2022-06-16,34.4052,34.5644,34.1431,34.3116,234200
2022-06-17,34.2929,34.8921,34.0869,34.3303,158300
2022-06-20,34.3116,34.8359,34.2274,34.8172,50700
2022-06-21,34.7142,34.9576,33.9839,33.9933,76700
2022-06-22,33.7031,33.7031,32.795,32.9167,115900
2022-06-23,32.9073,33.4878,32.6733,32.8886,312300
2022-06-24,33.0665,33.778,32.9073,33.4597,258900
2022-06-27,33.6469,33.9839,33.4409,33.6937,186800
2022-06-28,33.8154,34.218,32.7294,32.8231,211100
2022-06-29,32.8231,32.8231,31.9337,32.4673,233700
2022-06-30,32.2145,32.2145,31.1098,31.5311,218700
2022-07-04,31.5779,32.0741,30.4451,32.0179,97500
2022-07-05,31.8401,32.9448,31.7464,32.9354,101500
2022-07-06,33.132,33.2818,32.1677,32.898,100200
2022-07-07,33.0197,35.0325,33.0197,34.6018,162800
2022-07-08,36.7457,36.7457,34.7048,35.2665,233300
2022-07-11,35.4257,35.4257,34.2461,34.2835,189400
2022-07-12,34.1525,34.4146,33.8342,33.9839,182300
2022-07-13,33.6656,33.675,32.6546,33.3005,178300
2022-07-14,33.0758,33.1507,32.3831,32.4767,211900
2022-07-15,32.7107,32.7107,31.8026,32.1209,115500
2022-07-18,32.2988,32.8886,32.0928,32.355,226700
2022-07-19,32.6545,33.6844,32.2988,33.572,115800
2022-07-20,33.5532,34.4083,33.5532,34.2391,113700
2022-07-21,34.0982,34.9626,34.0982,34.9063,90300
2022-07-22,34.8593,35.113,34.7183,34.8969,237700
2022-07-25,34.8969,34.9814,34.5962,34.8969,87200
2022-07-26,34.7841,34.7841,34.164,34.2297,86600
2022-07-27,34.3143,35.1506,34.3143,34.9438,66100
2022-07-28,34.9438,36.1183,34.9438,35.8928,118800
2022-07-29,35.968,36.6351,35.8928,36.4096,57300
2022-08-02,36.6821,36.6821,35.874,35.9962,130100
2022-08-03,36.1747,36.3626,35.6579,35.921,31600
2022-08-04,35.8459,36.2217,35.8459,36.0056,35100
2022-08-05,36.0902,36.0902,35.2163,35.8271,59200
2022-08-08,35.8834,36.4848,35.8834,36.109,74800
2022-08-09,35.968,36.0526,35.5358,35.6485,110400
2022-08-10,36.015,36.6069,35.9116,36.3438,114700
2022-08-11,36.3814,36.5506,36.0902,36.3345,40700
2022-08-12,36.4848,36.6633,36.3532,36.56,60800
2022-08-15,36.466,36.7385,36.3251,36.6633,24400
2022-08-16,36.7761,37.2647,36.6539,36.917,73700
2022-08-17,36.7855,36.7855,36.0808,36.2593,53500
2022-08-18,36.2593,37.0298,36.2593,36.7855,57800
2022-08-19,36.7009,36.7009,35.9492,36.015,37500
2022-08-22,35.6861,35.7425,34.662,34.7277,37500
2022-08-23,34.7277,34.8405,34.2955,34.3707,105900
2022-08-24,34.3425,35.0284,34.0794,34.8593,67500
2022-08-25,34.9626,35.4418,34.7089,35.4042,65500
2022-08-26,35.4042,35.4042,33.8727,33.9103,72600
2022-08-29,33.6942,33.8351,33.1586,33.3653,45200
2022-08-30,33.7036,33.7318,32.717,32.8861,58700
2022-08-31,32.9049,33.2056,32.9049,32.9895,42600
2022-09-01,32.8485,32.8485,31.5988,31.7116,52600
2022-09-02,31.721,32.3411,31.6458,32.0123,50900
2022-09-06,32.0499,32.6418,31.768,32.1532,39400
2022-09-07,32.125,32.8391,32.0405,32.7921,41500
2022-09-08,32.764,33.3371,32.4069,33.168,46500
2022-09-09,33.2901,34.6807,33.2901,34.2016,68100
2022-09-12,34.3425,34.7653,34.2485,34.4552,49800
2022-09-13,33.8727,34.8123,33.8727,34.521,58600
2022-09-14,34.521,34.6432,33.9385,34.0136,48700
2022-09-15,34.6526,34.6526,33.2714,33.5532,48500
2022-09-16,33.168,33.8163,32.8579,33.262,50000
2022-09-19,32.9895,33.8539,32.9425,33.8351,38500
2022-09-20,33.7505,34.5022,33.7505,34.4646,83000
2022-09-21,34.5304,34.8593,34.0606,34.0606,76300
2022-09-22,34.0606,34.1358,33.121,33.4687,35600
2022-09-23,33.074,33.4123,32.623,33.3089,44600
2022-09-26,33.215,33.9573,33.215,33.8257,77300
2022-09-27,34.0888,34.4083,33.8539,34.0606,66600
2022-09-28,33.8351,35.6016,33.8351,35.3667,101600
2022-09-29,35.1599,35.8459,34.8123,35.3385,69900
2022-09-30,35.517,36.2029,35.3667,36.015,54900
2022-10-03,36.2593,37.1049,35.9868,36.7573,107000
2022-10-04,37.3116,37.6029,37.1143,37.5841,187000
2022-10-05,37.2834,37.772,36.3344,36.7479,140000
2022-10-06,36.7009,37.2553,35.3103,37.0767,195400
2022-10-07,36.6257,36.6257,33.4311,34.2767,264100
2022-10-11,33.7881,34.1922,33.6848,33.8257,210200
2022-10-12,33.8915,34.1734,33.6472,33.9103,64800
2022-10-13,33.168,34.0888,33.074,33.6848,65700
2022-10-14,33.7318,34.1546,32.5572,32.576,62100
2022-10-17,32.8861,33.5438,32.8861,33.1962,93800
2022-10-18,33.8163,34.0794,33.3183,33.6284,113200
2022-10-19,33.4398,33.4398,32.9117,33.138,158800
2022-10-20,33.2135,33.2135,31.7989,32.063,48900
2022-10-21,31.8366,33.6567,31.8272,33.5435,79000
2022-10-24,33.4681,33.8736,33.204,33.7981,24800
2022-10-25,33.8924,34.6846,33.8924,34.5337,62000
2022-10-26,34.5243,34.6752,34.1754,34.43,52600
2022-10-27,34.4677,34.9958,34.1659,34.7789,37500
2022-10-28,34.5243,34.8826,34.4771,34.7129,32900
2022-10-31,34.7317,34.7317,34.3262,34.4865,110400
2022-11-01,34.9392,35.4202,33.9019,34.0433,34700
2022-11-02,34.0905,34.2036,33.1475,33.204,48900
2022-11-03,33.2889,33.9867,32.9117,33.0343,72700
2022-11-04,33.5341,34.3828,33.006,34.3357,81500
2022-11-07,34.2979,34.2979,33.4775,33.6378,26100
2022-11-08,33.7038,34.0905,33.3926,33.5718,26600
2022-11-09,33.3172,33.5718,33.0626,33.1003,44300
2022-11-10,34.1188,36.0142,34.1188,35.8256,79200
2022-11-11,36.0237,36.316,35.5427,35.5522,50900
2022-11-14,35.6653,35.6653,34.9203,34.9298,41600
2022-11-15,35.439,35.9105,34.9298,35.637,74100
2022-11-16,35.2976,35.986,35.241,35.8162,44100
2022-11-17,35.5805,36.4198,34.694,34.694,41500
2022-11-18,35.1372,35.1372,34.4205,34.7034,39200
2022-11-21,34.6091,34.9392,34.2414,34.7506,69100
2022-11-22,34.7978,35.1089,34.3168,34.5431,84800
2022-11-23,34.43,35.2504,34.43,34.7034,95300
2022-11-24,34.892,35.1372,34.5243,35.0618,42800
2022-11-25,35.0146,35.7596,34.9203,35.3824,39100
2022-11-28,35.3541,36.1086,35.1278,36.052,44300
2022-11-29,35.9577,35.9577,35.0995,35.8068,60800
2022-11-30,35.5239,37.061,35.5239,36.7875,122200
2022-12-01,37.2213,37.2496,36.2877,36.2877,39300
2022-12-02,35.9011,36.0991,35.571,35.92,61600
2022-12-05,35.8728,35.8728,34.9392,34.9392,58100
2022-12-06,34.9864,35.4107,34.1376,34.3451,124000
2022-12-07,34.4205,35.0712,34.2319,34.2791,68600
2022-12-08,34.7789,34.7977,34.0339,34.1659,132600
2022-12-09,34.2885,34.9109,34.1942,34.5148,60900
2022-12-12,34.628,34.9203,34.4111,34.5809,75300
2022-12-13,34.8921,35.6748,34.7412,34.7883,80100
2022-12-14,34.8826,35.5427,34.7412,34.9958,61800
2022-12-15,35.0146,35.0429,34.3922,34.7977,41100
2022-12-16,34.5243,35.2976,34.5243,35.1372,58800
2022-12-19,35.2127,35.4013,33.1286,33.3832,112500
2022-12-20,33.3078,33.751,33.1192,33.4304,59500
2022-12-21,33.5058,34.1848,33.5058,34.0716,56200
2022-12-22,33.8547,34.1376,33.619,34.1376,67800
2022-12-23,34.0056,34.5809,33.9585,34.5809,23600
2022-12-28,34.6091,34.6751,33.0909,33.5624,56200
2022-12-29,33.6567,34.4394,33.6567,34.1754,26400
2022-12-30,33.9019,34.2319,33.9019,34.1471,11500
2023-01-03,34.4771,34.9769,34.2697,34.562,65600
2023-01-04,34.694,35.8728,34.694,35.6936,97100
2023-01-05,35.4201,36.0897,35.1278,35.8917,43800
2023-01-06,36.0803,36.7215,36.0803,36.3915,82600
2023-01-09,36.2029,36.6838,35.8257,36.1651,109000
2023-01-10,35.9482,35.9482,34.3734,35.0995,104900
2023-01-11,35.2033,35.439,34.9109,35.1467,73800
2023-01-12,35.1467,35.7408,35.1184,35.6182,33000
2023-01-13,34.9203,35.5616,34.9203,35.175,48500
2023-01-16,35.0618,35.4107,35.0335,35.3258,24300
2023-01-17,35.241,35.3636,34.9392,35.2504,92900
2023-01-18,35.3164,35.4484,34.826,34.8638,74700
2023-01-19,35.1184,35.3164,34.015,35.1278,92100
2023-01-20,35.0807,35.9671,34.7789,35.7974,93400
2023-01-23,36.184,36.6272,35.0618,35.3164,99100
2023-01-24,35.1467,35.8351,34.8921,35.3636,75000
2023-01-25,34.9015,35.2315,34.8732,35.0901,53100
2023-01-26,35.3636,36.2594,35.3636,36.1463,53000
2023-01-27,35.9011,36.9007,35.8257,36.3066,111900
2023-01-30,35.9671,36.6178,35.8539,36.4009,106900
2023-01-31,36.3443,37.4382,36.3443,37.3156,178500
2023-02-01,37.4008,38.1108,37.1831,38.0256,127600
2023-02-02,38.054,39.3698,38.054,38.6409,116000
2023-02-03,38.5273,39.3982,38.0919,39.1899,94300
2023-02-06,39.3035,39.3035,38.6598,38.7072,88500
2023-02-07,38.7072,39.9094,38.6125,39.2751,129700
2023-02-08,39.2183,39.2467,38.7072,38.8965,72300
2023-02-09,39.0669,39.2278,38.3096,38.5462,68400
2023-02-10,38.2622,39.0574,38.0635,38.7356,71200
2023-02-13,38.7924,39.7106,38.5841,39.2373,52000
2023-02-14,39.2846,39.2846,38.603,38.9627,53300
2023-02-15,39.0669,39.2941,38.9722,39.048,61900
2023-02-16,38.9249,39.0574,38.7072,38.8586,41900
2023-02-17,38.8397,39.4171,38.4894,39.2467,67400
2023-02-21,39.4171,39.4171,37.9404,38.1865,56000
2023-02-22,38.2055,38.461,38.0919,38.3096,38300
2023-02-23,38.5557,38.8113,37.9877,38.196,33700
2023-02-24,37.9215,38.5178,37.8173,38.2622,48400
2023-02-27,38.1581,38.5273,38.1487,38.4894,39700
2023-02-28,38.2622,39.0479,38.1771,38.9722,52700
2023-03-01,38.8586,39.5781,37.9309,37.9783,67400
2023-03-02,37.9499,38.0256,37.0506,37.3535,47300
2023-03-03,37.4292,37.7795,37.3346,37.7511,60600
2023-03-06,38.0161,38.0919,36.8234,36.8518,93600
2023-03-07,36.8707,36.8897,36.0661,36.4258,47800
2023-03-08,36.4258,36.7761,36.1608,36.6719,162100
2023-03-09,36.7571,37.0979,36.3028,36.369,50700
2023-03-10,36.0756,36.369,35.7348,36.1797,72300
2023-03-13,35.6307,35.8484,35.1857,35.7821,71300
2023-03-14,36.1229,36.3122,35.7064,36.0472,79300
2023-03-15,35.5644,35.7726,35.4035,35.7726,53700
2023-03-16,35.6496,36.511,35.4981,36.1229,38200
2023-03-17,36.1324,36.1324,35.6023,35.6496,113100
2023-03-20,35.82,35.962,35.3183,35.4981,28000
2023-03-21,35.3845,35.7064,34.9018,35.0532,83500
2023-03-22,35.0248,35.1952,34.8166,34.8166,40400
2023-03-23,35.0248,35.3277,34.8071,34.8923,57000
2023-03-24,34.7882,35.0438,34.6746,34.987,35900
2023-03-27,34.826,35.2331,34.5705,35.1668,37200
2023-03-28,35.1668,35.6685,34.5515,34.6083,60800
2023-03-29,34.6178,35.1006,34.6178,34.9018,37100
2023-03-30,35.252,35.252,34.5136,34.6083,68500
2023-03-31,34.8071,35.3467,34.7124,35.3467,81700
2023-04-03,35.536,35.8957,34.9491,35.659,66900
2023-04-04,35.6023,35.7916,35.1763,35.5644,54200
2023-04-05,35.0248,35.3088,34.5988,34.7976,75800
2023-04-06,34.5515,35.3277,34.0593,35.2141,93600
2023-04-10,35.0248,35.3088,34.6083,35.0911,73400
2023-04-11,35.0248,35.5076,34.9491,35.3183,51300
2023-04-12,35.7064,35.7064,35.0722,35.0722,42300
2023-04-13,35.1195,35.7064,35.0627,35.5739,37200
2023-04-14,35.6591,35.6969,35.2425,35.3845,26500
2023-04-17,35.4035,35.7348,35.2425,35.6117,60500
2023-04-18,35.82,36.1702,35.6685,36.1608,45100
2023-04-19,36.1227,38.052,36.1132,37.6053,84400
2023-04-20,37.4627,37.8999,37.0446,37.2822,54600
2023-04-21,37.3202,38.1185,37.1111,38.0234,69700
2023-04-24,37.6813,38.7267,37.6813,38.3751,70000
2023-04-25,38.1755,38.2991,37.8239,38.014,44700
2023-04-26,37.5958,38.261,37.5958,38.014,76900
2023-04-27,38.0234,38.204,37.9474,38.128,42500
2023-04-28,38.261,38.7267,38.1565,38.7172,45300
2023-05-01,38.6697,39.3444,38.6697,38.9738,48900
2023-05-02,38.9738,39.7436,38.6222,39.6295,76700
2023-05-03,39.7056,41.8153,39.7056,40.1807,84800
2023-05-04,39.9431,40.4563,39.8481,40.2378,87500
2023-05-05,40.3898,40.4278,39.2589,40.1997,60000
2023-05-08,40.7605,40.8175,40.0952,40.7414,58900
2023-05-09,40.7604,41.6538,40.4563,41.4922,52300
2023-05-10,41.4827,42.0624,41.4827,42.0149,82300
2023-05-11,41.9579,42.4331,41.8724,42.338,48900
2023-05-12,42.3665,42.8987,41.9674,42.7657,77900
2023-05-15,42.205,42.4806,41.9579,42.262,47700
2023-05-16,41.9674,42.319,41.3402,42.1099,81800
2023-05-17,41.7203,42.5946,41.6728,42.338,56500
2023-05-18,42.148,43.4024,42.0529,43.2409,56000
2023-05-19,43.2409,43.5925,43.0033,43.4309,78600
2023-05-23,43.3359,43.564,42.6326,42.6611,109800
2023-05-24,41.8629,42.2145,41.2261,41.8914,85600
2023-05-25,42.167,42.167,41.6918,41.7773,55900
2023-05-26,41.3497,41.9674,41.3497,41.6633,44900
2023-05-29,41.6728,41.7203,41.0741,41.2641,21700
2023-05-30,41.1216,41.3592,40.3043,40.3043,47200
2023-05-31,39.9431,40.4753,39.6866,40.4278,122000
2023-06-01,40.1237,41.4352,40.1237,41.4352,58300
2023-06-02,41.6063,41.9104,41.1026,41.6253,63100
2023-06-05,41.0646,41.3402,39.4775,39.8956,101100
2023-06-06,39.8956,40.5134,39.5155,40.2473,105000
2023-06-07,40.2092,40.6274,40.1142,40.5894,71400
2023-06-08,40.2568,40.4944,40.0667,40.2568,45100
2023-06-09,40.3138,40.5039,39.4205,39.563,117700
2023-06-12,39.8481,39.9051,39.3729,39.5725,66800
2023-06-13,39.487,40.3993,39.487,40.0762,36100
2023-06-14,40.0382,40.0382,38.166,38.4606,149500
2023-06-15,38.128,39.487,37.8999,39.3064,49900
2023-06-16,39.3539,39.468,38.8407,38.9073,77400
2023-06-19,39.3159,39.3159,38.7267,38.9643,26700
2023-06-20,38.7932,39.0688,38.7362,38.7932,61300
2023-06-21,38.7932,39.2589,38.6317,38.9548,54600
2023-06-22,38.9548,39.5155,38.9073,39.2779,45000
2023-06-23,39.0118,39.4585,38.4796,38.6317,74800
2023-06-26,38.2515,39.1068,38.2515,38.8027,38100
2023-06-27,38.7837,39.525,38.7837,39.1924,39000
2023-06-28,39.4585,39.506,39.0118,39.1544,46100
2023-06-29,39.43,39.62,38.9738,39.4014,44300
2023-06-30,39.6295,40.2473,39.43,39.8196,88700
2023-07-04,39.8196,39.8576,39.2874,39.506,57400
2023-07-05,39.9051,39.9146,39.1449,39.6105,62300
2023-07-06,38.6982,39.449,36.8735,38.5271,211000
2023-07-07,38.5366,39.9146,38.5176,39.582,127300
2023-07-10,39.582,41.0551,39.582,40.941,87700
2023-07-11,40.96,41.3877,40.5134,41.3402,108600
2023-07-12,41.4257,42.0909,40.9315,42.0054,56300
2023-07-13,41.9199,42.338,41.6633,42.2145,51700
2023-07-14,42.3285,42.8227,42.129,42.7372,28100
2023-07-17,42.7942,43.0033,41.9484,42.281,74500
2023-07-18,42.3,42.5186,41.8343,42.1765,97800
2023-07-19,42.2432,42.2432,41.3564,41.3564,43800
2023-07-20,41.6615,41.8332,41.3278,41.6425,25600
2023-07-21,41.8618,41.8618,41.5567,41.6615,31500
2023-07-24,41.776,41.776,41.1943,41.6711,46000
2023-07-25,41.7283,42.5198,41.3469,42.3386,48100
2023-07-26,42.1383,42.8249,42.1383,42.6437,44000
2023-07-27,42.72,42.72,41.8427,41.9381,59600
2023-07-28,42.1383,42.3767,40.7938,41.1752,58900
2023-07-31,41.7092,42.3195,41.3945,41.9762,63700
2023-08-01,42.2146,42.2718,41.6615,42.062,60500
2023-08-02,41.9858,41.9858,40.7557,41.1943,54800
2023-08-03,41.242,41.3469,40.6698,40.9178,23400
2023-08-04,40.994,41.5185,40.7747,41.2324,38800
2023-08-08,41.3278,41.4613,40.6889,41.3564,28000
2023-08-09,41.4518,42.2241,40.0691,41.1275,34900
2023-08-10,41.1371,41.5471,40.8224,41.242,22100
2023-08-11,41.2515,41.3278,40.6221,40.7366,45000
2023-08-14,40.8987,40.975,40.4124,40.5935,29300
2023-08-15,40.8605,40.9082,40.2026,40.7747,30700
2023-08-16,40.5554,40.9464,40.4505,40.6984,23400
2023-08-17,40.5077,40.5077,39.7067,40.0309,56700
2023-08-18,39.7258,40.4982,39.7258,39.926,34600
2023-08-21,40.1072,40.1167,39.6018,39.6018,32300
2023-08-22,39.64,40.0977,39.3634,39.8593,29500
2023-08-23,39.5541,40.3551,39.5541,40.2789,16000
2023-08-24,39.8116,40.4314,39.6686,39.9642,44100
2023-08-25,40.0405,40.2979,39.6304,40.0119,27800
2023-08-28,40.05,40.46,40.0023,40.1454,69100
2023-08-29,40.975,41.261,40.0977,41.1085,38400
2023-08-30,41.6711,41.6711,40.8605,41.3183,43900
2023-08-31,41.3469,41.6901,41.1657,41.2992,42100
2023-09-01,41.4804,41.776,41.0417,41.6711,19100
2023-09-05,40.5745,41.261,40.2503,40.727,47700
2023-09-06,40.6698,41.0322,39.926,39.926,43000
2023-09-07,39.4779,40.3838,39.0869,40.2598,51700
2023-09-08,40.4314,40.6317,39.8498,39.8593,20800
2023-09-11,39.8879,40.1167,39.4492,39.8307,42500
2023-09-12,39.8021,39.8307,39.2109,39.3253,23000
2023-09-13,39.4016,39.4206,38.8962,38.9057,57400
2023-09-14,38.6483,39.5828,38.6483,39.4302,28900
2023-09-15,39.2967,39.8211,39.106,39.2109,53800
2023-09-18,39.2109,39.783,39.1536,39.5828,43500
2023-09-19,39.5351,39.6209,38.8294,38.8866,18600
2023-09-20,38.5434,39.0583,38.324,38.4099,33600
2023-09-21,38.3908,38.4385,37.9331,38.0284,26300
2023-09-22,37.9808,38.3622,37.6947,37.8186,59300
2023-09-25,37.9521,38.2287,37.5421,37.6565,41500
2023-09-26,37.4563,37.5898,36.9986,37.1511,33300
2023-09-27,37.4181,37.4181,36.7888,37.1798,56400
2023-09-28,37.0367,38.3622,37.0367,38.1619,34100
2023-09-29,37.9331,38.5338,37.504,37.9331,51800
2023-10-02,38.2096,38.2954,37.5612,38.2096,39500
2023-10-03,38.1143,38.4194,37.5803,37.8568,54700
2023-10-04,37.6375,38.2287,37.6375,38.1429,46900
2023-10-05,38.1333,39.5637,38.1333,39.2585,53900
2023-10-06,39.0106,39.4493,38.4957,38.9725,35700
2023-10-10,38.9343,39.9165,38.9343,39.7163,46700
2023-10-11,39.7353,40.6126,39.7353,40.1263,42000
2023-10-12,40.0881,40.3075,39.4588,39.8021,22000
2023-10-13,39.8402,40.0881,39.5065,39.9356,46300
2023-10-16,40.0405,40.5172,39.783,40.0595,19300
2023-10-17,40.0023,40.317,39.7258,40.1358,26300
2023-10-18,40.2507,40.2507,39.2458,39.2458,30400
2023-10-19,39.2363,39.7722,38.7195,38.8822,60100
2023-10-20,38.8822,39.5808,38.8822,39.198,63400
2023-10-23,38.7482,39.6478,38.7482,39.2171,44800
2023-10-24,39.2363,39.6095,39.1501,39.3224,29000
2023-10-25,39.0066,39.6573,39.0066,39.2267,52200
2023-10-26,39.2363,39.5616,38.2123,38.7482,42300
2023-10-27,39.4755,39.4755,38.4802,39.1597,39100
2023-10-30,39.8583,40.0593,39.2458,39.8966,29700
2023-10-31,39.4277,39.7817,39.4277,39.6956,50300
2023-11-01,39.4564,40.0593,39.4564,40.0018,38900
2023-11-02,40.1932,40.7196,40.1358,40.2889,28900
2023-11-03,40.2698,41.2746,40.0114,41.2077,50800
2023-11-06,41.1502,41.1502,40.4803,40.7674,40300
2023-11-07,40.4134,40.9588,40.2028,40.5091,49500
2023-11-08,40.021,40.3846,39.6669,40.222,56600
2023-11-09,40.3751,40.9014,40.1932,40.2315,31200
2023-11-10,40.6909,40.7387,40.0497,40.4899,42100
2023-11-13,40.1645,40.4803,40.0593,40.1071,51300
2023-11-14,40.155,41.5809,40.155,41.4182,62100
2023-11-15,41.3895,41.3895,40.7387,40.7483,62300
2023-11-16,40.7674,41.3895,40.7674,41.3033,25100
2023-11-17,41.3895,41.3895,41.1502,41.1502,37300
2023-11-20,40.5473,41.3799,40.5473,41.1694,36800
2023-11-21,41.4852,41.4852,40.7961,40.9014,32100
2023-11-22,40.9493,41.2651,40.7387,40.9301,30700
2023-11-23,41.4756,41.4756,40.8631,41.1502,19100
2023-11-24,41.4756,41.4756,40.978,41.2077,15400
2023-11-27,40.4995,41.4852,40.4995,41.4373,23900
2023-11-28,41.2938,41.6191,40.8536,40.9971,25100
2023-11-29,41.3416,41.4373,40.8249,41.3799,55200
2023-11-30,41.4852,41.4852,40.911,41.1502,51600
2023-12-01,40.8536,41.3895,40.8536,41.3512,34200
2023-12-04,40.6813,41.3033,40.4038,40.4708,35600
2023-12-05,40.222,40.9205,39.7722,40.0784,59900
2023-12-06,40.2315,40.9397,40.1358,40.4134,47000
2023-12-07,40.1645,41.0354,40.1645,40.9875,44700
2023-12-08,41.1311,41.6383,41.1311,41.533,54300
2023-12-11,41.5139,41.7818,41.1215,41.3512,46600
2023-12-12,41.2938,41.4565,40.7196,40.8248,22600
2023-12-13,40.8727,41.1407,40.643,41.045,34400
2023-12-14,41.3895,41.734,41.2938,41.5426,67400
2023-12-15,41.6861,42.5857,41.5043,42.4421,65200
2023-12-18,41.6957,42.8919,41.6957,42.7962,31500
2023-12-19,42.8728,44.4422,42.8728,44.2891,56500
2023-12-20,44.3753,44.6815,43.8968,43.9733,44600
2023-12-21,44.2891,45.0739,44.2891,44.9303,41700
2023-12-22,44.892,45.8394,44.892,45.7342,46600
2023-12-27,45.4662,46.0691,45.3992,45.849,67400
2023-12-28,45.8203,46.1935,45.7916,45.9638,31600
2023-12-29,45.9064,46.1648,45.849,45.916,23100
2024-01-02,45.648,45.6672,44.9782,45.5045,51400
2024-01-03,45.0834,45.0834,44.0595,44.1647,39900
2024-01-04,44.2509,44.2796,43.7628,43.8776,30100
2024-01-05,43.8489,44.0977,43.3321,43.4661,19400
2024-01-08,43.3034,44.1073,43.3034,43.9733,35700
2024-01-09,43.8202,44.0786,43.6288,43.7532,28100
2024-01-10,44.0212,44.2796,43.6192,44.1647,32400
2024-01-11,44.2126,44.2604,43.0546,43.6288,61900
2024-01-12,44.1456,45.4758,44.136,45.3705,46000
2024-01-15,45.3705,45.715,44.9494,45.3322,28000
2024-01-16,44.3561,45.5428,44.3274,45.4279,27900
2024-01-17,45.4088,45.5045,44.7772,45.294,57500
2024-01-18,43.1695,45.3322,42.4613,42.5953,118900
2024-01-19,41.2555,41.3321,39.8105,40.8823,155700
2024-01-22,40.2315,41.4469,40.2315,41.1598,162700
2024-01-23,41.4182,41.7818,40.7866,41.7053,88400
2024-01-24,42.0976,42.0976,40.9301,41.1598,50400
2024-01-25,41.9732,42.3847,41.5426,42.0689,55400
2024-01-26,42.2986,42.5474,41.6766,41.7149,38300
2024-01-29,41.4182,42.3082,41.0641,41.7149,36600
2024-01-30,41.868,42.0785,41.4086,41.4086,38700
2024-01-31,41.6583,42.0712,41.399,41.6967,64000
2024-02-01,42.0904,42.5994,41.9944,42.2441,59200
2024-02-02,42.004,42.6378,42.004,42.2249,40000
2024-02-05,41.7831,42.0232,41.5142,41.5911,31300
2024-02-06,41.9176,42.2921,41.7159,42.148,28800
2024-02-07,41.5719,42.1096,41.5719,41.9944,33100
2024-02-08,42.3785,42.5898,41.9272,42.1865,34800
2024-02-09,42.3689,42.4361,41.7639,42.1,26200
2024-02-12,42.2537,42.4938,42.0808,42.3401,33800
2024-02-13,42.1577,42.1577,41.5046,41.956,22900
2024-02-14,41.6871,43.166,41.6871,43.0988,40100
2024-02-15,42.7338,43.2716,42.1769,42.5706,59400
2024-02-16,42.2825,43.0123,42.2057,42.9259,40200
2024-02-20,42.5034,42.8299,41.6199,41.8407,42500
2024-02-21,41.5527,42.2441,41.5527,42.1673,33700
2024-02-22,42.1769,42.4169,41.8023,41.9848,16900
2024-02-23,41.351,42.6186,41.351,42.5514,41600
2024-02-26,42.7242,42.7242,42.1577,42.3017,23600
2024-02-27,41.7543,42.2729,41.7543,42.0904,40700
2024-02-28,41.4662,42.2057,41.4662,41.7447,42200
2024-02-29,42.1673,42.7338,41.7639,41.908,314500
2024-03-01,42.2537,42.4361,41.908,42.2537,49200
2024-03-04,42.2633,42.4938,41.9176,41.9272,24700
2024-03-05,41.9944,42.3401,41.5142,41.6583,22900
2024-03-06,42.2345,42.3497,41.6871,41.6871,23800
2024-03-07,42.3401,42.3401,41.6679,41.7543,28100
2024-03-08,41.9656,41.9656,41.0533,41.5527,43100
2024-03-11,41.5239,41.5239,41.0917,41.1109,35100
2024-03-12,41.0725,41.6391,41.0629,41.5719,17100
2024-03-13,41.5815,41.7831,41.399,41.7639,21800
2024-03-14,41.6295,42.0328,41.3606,41.6103,42500
2024-03-15,41.255,41.7735,40.8996,40.8996,42700
2024-03-18,40.9092,41.543,40.2082,41.5046,54500
2024-03-19,41.6775,41.6775,40.8516,40.9093,35900
2024-03-20,40.8228,41.6007,40.8228,41.5046,31700
2024-03-21,41.6295,42.0232,41.2742,41.3222,32600
2024-03-22,41.2742,41.4758,41.1109,41.2358,31200
2024-03-25,40.8228,41.1205,40.794,40.8228,38300
2024-03-26,41.2934,41.495,40.794,40.794,48100
2024-03-27,41.1205,41.5335,40.9861,41.2838,29500
2024-03-28,41.4566,41.4566,40.842,40.9093,57700
2024-04-01,40.7556,41.0821,40.4099,40.5347,32200
2024-04-02,40.5251,40.5347,39.8337,40.237,32400
2024-04-03,39.9969,40.4291,39.9969,40.2466,59900
2024-04-04,40.3427,40.3811,39.5264,39.6224,26600
2024-04-05,39.9489,40.1218,39.7953,39.8817,29400
2024-04-08,39.488,39.9778,39.488,39.8529,45900
2024-04-09,39.9393,40.5731,39.8529,40.2754,64700
2024-04-10,39.9297,40.2082,39.5744,39.6128,18400
2024-04-11,39.7569,39.8817,37.6826,38.8638,102100
2024-04-12,38.7389,39.1903,38.3164,38.7678,72400
2024-04-15,38.9406,39.0943,38.2684,38.5373,60000
2024-04-16,38.23,38.7005,38.182,38.5949,59600
2024-04-17,38.3356,38.6717,37.769,37.7978,70500
2024-04-18,37.817,39.027,37.7306,38.2012,52000
2024-04-19,37.8555,38.2396,37.8266,38.0571,49300
2024-04-22,37.7498,38.0187,37.2409,37.625,35400
2024-04-23,37.5386,37.9899,37.4233,37.7882,69600
2024-04-24,37.9136,38.2317,37.5954,37.6147,30600
2024-04-25,37.4798,37.5183,36.7375,37.3737,44000
2024-04-26,37.3544,37.5472,37.1906,37.499,247000
2024-04-29,37.5087,38.1256,37.0363,38.0292,215100
2024-04-30,37.769,38.2799,37.1231,37.4508,72900
2024-05-01,37.258,37.9907,37.258,37.7304,54100
2024-05-02,38.5498,38.5498,37.4798,38.0967,53400
2024-05-03,38.357,38.733,38.0003,38.0389,29700
2024-05-06,38.0485,38.1256,37.769,37.9521,27800
2024-05-07,38.01,38.222,37.5569,37.5954,23500
2024-05-08,37.5376,38.1256,37.3544,37.9425,48300
2024-05-09,37.9907,38.0774,37.5183,37.7304,40200
2024-05-10,37.7304,37.8075,37.1906,37.2195,73900
2024-05-13,37.4798,38.2606,37.2291,37.9618,38900
2024-05-14,38.01,38.1353,37.4123,37.5762,28800
2024-05-15,37.499,38.0774,37.499,37.8461,26000
2024-05-16,37.8654,38.4534,37.7497,38.4245,47700
2024-05-17,38.3666,38.4919,37.6244,37.9039,24600
2024-05-21,37.8364,38.2895,37.5954,38.1546,40000
2024-05-22,38.0292,38.7522,38.0292,38.2991,50500
2024-05-23,38.0003,38.2606,37.6726,37.7979,22100
2024-05-24,37.6051,38.0003,37.5954,37.8461,30700
2024-05-27,38.0485,38.0485,37.7015,38.0485,48400
2024-05-28,37.6147,38.222,36.4483,36.4772,61900
2024-05-29,36.1687,36.5254,36.0434,36.3133,36900
2024-05-30,36.4676,36.8146,36.2748,36.7664,52300
2024-05-31,36.7664,36.7664,36.2362,36.67,83900
2024-06-03,36.6315,37.0749,36.6315,36.7761,23400
2024-06-04,36.7761,37.017,36.4676,37.017,20200
2024-06-05,37.0845,38.2413,36.9785,38.2028,81600
2024-06-06,38.2895,39.2728,38.2895,38.704,93900
2024-06-07,38.4052,38.4052,37.8075,38.0774,39400
2024-06-10,38.3184,38.7619,38.0967,38.6269,27100
2024-06-11,38.357,38.8872,38.2991,38.3281,21500
2024-06-12,38.8004,39.7837,38.463,39.4559,69100
2024-06-13,39.4559,39.6873,38.1738,38.8583,65200
2024-06-14,38.7329,38.8293,38.2124,38.704,27100
2024-06-17,38.251,38.5884,37.7979,38.0389,74300
2024-06-18,37.6244,38.0389,37.0363,37.287,73200
2024-06-19,37.1713,38.222,36.6797,36.8821,26000
2024-06-20,36.6507,37.3641,36.6315,36.7857,72900
2024-06-21,36.67,36.9399,36.2555,36.7471,78900
2024-06-24,36.6893,37.9907,36.6893,37.9039,61100
2024-06-25,38.5401,38.9739,38.116,38.7811,62800
2024-06-26,38.3666,39.1475,38.2992,39.0221,76500
2024-06-27,38.7715,39.4367,38.6269,39.2631,56800
2024-06-28,39.4848,39.8126,39.2535,39.7066,46200
2024-07-02,39.9572,39.9572,38.6462,38.704,65600
2024-07-03,38.704,39.0125,38.4823,38.6366,26000
2024-07-04,38.4148,38.7908,38.2702,38.463,21200
2024-07-05,38.463,38.463,37.6244,37.6918,41600
2024-07-08,37.6918,37.9232,37.3255,37.8364,55400
2024-07-09,37.8846,37.8846,37.2002,37.3544,24600
2024-07-10,37.3544,37.499,37.0749,37.2484,61300
2024-07-11,36.9014,39.2149,36.9014,38.7811,104700
2024-07-12,38.9643,39.0607,37.8075,37.9039,62700
2024-07-15,37.981,38.3474,37.3255,37.4316,45900
2024-07-16,37.4508,39.0125,37.4508,38.945,62800
2024-07-17,38.357,39.0318,38.357,38.839,40700
2024-07-18,39.0029,39.427,38.7522,38.8004,55200
2024-07-19,38.9065,39.2342,38.4534,38.5112,24900
2024-07-22,38.5112,39.0703,38.2799,38.9932,31500
2024-07-23,38.8197,39.1378,38.4341,38.8968,31500
2024-07-24,38.8486,39.0511,37.8268,37.9232,38900
2024-07-25,37.3232,38.5522,37.2652,38.3199,39600
2024-07-26,38.5522,39.2005,38.5232,39.0457,53100
2024-07-29,39.2392,39.7037,39.0457,39.3457,75100
2024-07-30,39.2392,39.7134,39.1425,39.1425,29700
2024-07-31,39.1425,39.8585,39.1425,39.4618,31000
2024-08-01,39.6263,39.6263,39.0263,39.1618,55000
2024-08-02,38.8909,38.8909,37.9232,38.0587,32500
2024-08-06,37.391,38.1845,37.391,37.6232,36300
2024-08-07,38.0006,38.0296,36.9846,37.2361,45800
2024-08-08,37.4877,37.9329,37.3329,37.6522,20300
2024-08-09,37.2071,37.8264,37.0523,37.2071,39600
2024-08-12,37.2942,37.5168,37.091,37.1781,24700
2024-08-13,37.1878,37.7587,37.1878,37.5555,37500
2024-08-14,37.1684,37.8458,37.1684,37.778,41800
2024-08-15,38.2232,38.649,38.2038,38.5522,25600
2024-08-16,38.6586,38.7844,38.1458,38.4845,22300
2024-08-19,38.4845,38.6006,37.4587,37.5652,34900
2024-08-20,37.6619,37.6716,36.9652,37.5942,35000
2024-08-21,37.5942,37.9619,37.449,37.8071,31900
2024-08-22,37.8555,38.0103,37.2845,37.449,18200
2024-08-23,37.6426,38.4457,37.4394,38.378,28700
2024-08-26,38.4748,39.0167,38.4457,38.678,23900
2024-08-27,38.3877,38.5135,37.6329,37.8264,52800
2024-08-28,37.7974,37.8168,37.2361,37.4297,60400
2024-08-29,37.7297,38.4361,37.4974,37.8361,54100
2024-08-30,37.8942,38.2038,37.4394,38.0683,40100
2024-09-03,37.7393,38.0393,37.3716,37.4587,37800
2024-09-04,37.3232,37.6619,37.2652,37.4684,29200
2024-09-05,37.42,37.6135,37.1878,37.2652,13800
2024-09-06,37.4394,37.6329,36.4039,36.4039,65600
2024-09-09,36.2878,37.12,36.2878,36.8297,45500
2024-09-10,36.7717,37.5071,36.2588,37.4103,71100
2024-09-11,37.2749,37.5845,36.8297,37.5555,27100
2024-09-12,37.1491,37.8555,37.1491,37.8071,29900
2024-09-13,37.3523,38.049,37.3523,38.049,35000
2024-09-16,38.1748,38.8812,37.9716,38.707,43000
2024-09-17,38.6586,38.8812,38.1264,38.5909,30000
2024-09-18,38.4941,38.9199,38.349,38.4361,42200
2024-09-19,38.9296,39.4715,38.6006,39.4521,49600
2024-09-20,39.0941,40.1005,38.2619,38.3199,50700
2024-09-23,38.2232,38.5328,38.078,38.2329,194300
2024-09-24,37.6522,38.8812,37.4974,38.7651,48000
2024-09-25,38.7651,38.7651,38.078,38.1748,22100
2024-09-26,38.2812,39.0747,38.2619,38.8812,72200
2024-09-27,39.1038,39.1038,38.3587,38.4845,59600
2024-09-30,38.4457,38.8135,38.0296,38.8038,40000
2024-10-01,38.6973,39.4328,38.4554,39.1909,76800
2024-10-02,38.8135,39.8102,38.8135,39.2005,34400
2024-10-03,38.4264,39.0457,38.407,38.7457,49300
2024-10-04,39.1715,39.1909,38.4457,38.4845,30000
2024-10-07,38.4264,38.6877,38.0587,38.649,55000
2024-10-08,38.6877,38.6877,37.8361,38.3683,85600
2024-10-09,38.6877,38.7941,38.3393,38.5522,28500
2024-10-10,38.978,38.978,36.7813,37.7587,137300
2024-10-11,37.7393,37.9329,37.5458,37.8071,39800
2024-10-15,37.691,37.691,35.9395,36.2975,185200
2024-10-16,36.3265,37.3329,36.3265,37.2749,138600
2024-10-17,37.3039,37.8264,37.2265,37.691,58800
2024-10-18,37.6426,38.2716,37.2749,37.3039,74900
2024-10-21,37.2555,37.8845,37.1297,37.7297,58900
2024-10-22,37.2749,37.8458,37.2652,37.3716,65400
2024-10-23,37.1491,37.3426,36.7813,36.9652,66100
2024-10-24,37.1886,37.4412,36.9652,37.4024,56500
2024-10-25,37.4801,37.8298,37.2469,37.2858,40500
2024-10-28,37.2664,37.5189,36.6252,36.9555,64400
2024-10-29,36.5572,36.6058,35.7606,35.9451,87600
2024-10-30,35.9354,36.0423,35.2651,35.8577,140600
2024-10-31,36.0423,36.0423,35.4788,35.644,77400
2024-11-01,35.9451,35.9937,35.6051,35.9063,55800
2024-11-04,35.6051,36.2171,35.6051,36.0229,48500
2024-11-05,35.7606,36.46,35.7217,36.3532,24500
2024-11-06,36.3337,37.4121,36.052,37.4121,83800
2024-11-07,37.2664,37.7035,37.1886,37.4315,55300
2024-11-08,37.6161,37.8007,37.2372,37.5189,111900
2024-11-11,37.5578,37.8881,37.5578,37.6647,31600
2024-11-12,37.723,38.0436,37.4995,37.7521,62400
2024-11-13,37.7035,37.7132,37.3635,37.6355,44700
2024-11-14,37.655,37.723,36.8778,37.4412,55300
2024-11-15,37.3149,37.5384,36.9263,37.1498,69200
2024-11-18,37.2469,37.5481,37.0429,37.2664,60100
2024-11-19,36.9263,37.3829,36.7903,37.1498,45300
2024-11-20,36.9555,37.7521,36.7223,37.2566,80900
2024-11-21,37.2955,37.6355,37.0332,37.4121,59800
2024-11-22,37.3052,37.9173,37.3052,37.8978,86000
2024-11-25,37.4801,40.0448,37.4801,39.7728,109500
2024-11-26,39.9282,40.1031,39.2482,39.8019,71000
2024-11-27,39.5299,40.0545,39.3745,39.5008,45600
2024-11-28,39.1802,39.7145,39.1316,39.5008,30300
2024-11-29,39.6854,40.0351,39.5882,39.9088,40800
2024-12-02,39.8991,39.9574,39.1025,39.1316,41000
2024-12-03,38.3641,39.2871,38.3447,38.7625,113500
2024-12-04,38.947,39.0442,38.5099,39.0345,36100
2024-12-05,39.0345,39.2968,38.6362,38.8305,30900
2024-12-06,38.8402,38.9373,38.5584,38.5584,27200
2024-12-09,38.5779,38.8887,38.3544,38.7625,34100
2024-12-10,38.7236,38.7236,37.587,37.7327,64800
2024-12-11,38.4127,38.4127,37.3441,37.7424,58900
2024-12-12,37.791,38.131,36.7903,37.0041,52600
2024-12-13,36.8292,37.3927,36.664,37.0138,58900
2024-12-16,36.9846,37.4607,36.8195,36.8681,41300
2024-12-17,37.4995,37.4995,36.8389,37.0526,87900
2024-12-18,36.8486,37.3829,36.7418,36.8875,99600
2024-12-19,36.7029,37.1012,36.5572,36.7126,144000
2024-12-20,36.3726,37.5092,36.3726,37.1012,68400
2024-12-23,37.1595,37.5092,37.0915,37.4509,40300
2024-12-24,37.9075,37.9173,37.2566,37.9075,29600
2024-12-27,37.8007,38.2767,37.3246,37.5967,80500
2024-12-30,37.1886,37.4898,36.9846,37.4024,31200
2024-12-31,37.1206,38.6167,37.1206,37.927,53000
2025-01-02,37.9075,38.4322,37.6744,37.9173,52300
2025-01-03,37.7521,37.8978,37.6064,37.6841,55400
2025-01-06,37.6064,38.2184,37.5384,38.2184,83700
2025-01-07,37.9075,38.3544,37.3635,37.8687,93500
2025-01-08,37.723,37.859,37.0624,37.2566,80100
2025-01-09,37.4024,37.4024,35.6731,36.4503,88400
2025-01-10,36.5086,37.3732,36.1589,36.324,109500
2025-01-13,36.1589,36.324,35.7508,36.2366,64500
2025-01-14,36.324,36.5183,35.9937,36.188,80600
2025-01-15,36.3823,37.2955,36.3532,36.5183,35900
2025-01-16,36.256,39.1608,36.0909,38.3641,203900
2025-01-17,38.3933,40.2974,38.3253,40.2391,190200
2025-01-20,40.2974,40.8706,39.87,40.7152,67600
2025-01-21,40.8026,41.9684,40.8026,41.3563,217900
2025-01-22,41.1037,41.4341,40.8706,41.2398,107400
2025-01-23,40.822,41.7741,40.822,41.7061,92600
2025-01-24,41.7644,41.7741,40.3848,40.3848,248100
2025-01-27,40.2294,40.6569,40.1711,40.414,174900
2025-01-28,40.2003,40.9192,40.2003,40.7734,278000
2025-01-29,40.6083,40.89,40.6083,40.8123,95000
2025-01-30,41.2247,41.2735,40.6982,40.8542,70200
2025-01-31,40.5325,40.942,39.8207,40.0547,135900
2025-02-03,38.9529,39.7622,38.3971,38.4654,129400
2025-02-04,38.1729,39.2259,38.0461,38.6311,69600
2025-02-05,38.3581,38.7286,38.2509,38.5336,82400
2025-02-06,38.7481,38.8456,38.2119,38.3874,68600
2025-02-07,38.1924,38.4751,37.9486,38.2996,31400
2025-02-10,38.2996,38.7676,37.7438,38.0169,137200
2025-02-11,37.8608,38.1729,37.5001,37.8706,101900
2025-02-12,39.3429,39.4404,37.1881,37.3246,53000
2025-02-13,37.4318,37.7536,37.2173,37.3051,55200
2025-02-14,37.3538,37.5001,36.9346,37.0808,66400
2025-02-18,36.9248,37.2563,36.6713,36.8761,214800
2025-02-19,36.564,37.1101,36.369,36.5738,173200
2025-02-20,36.6615,36.9638,36.3203,36.4275,68400
2025-02-21,36.369,36.4568,35.0527,35.199,136500
2025-02-24,35.355,35.4525,34.8772,35.3745,76200
2025-02-25,35.2087,35.9595,35.2087,35.8718,65400
2025-02-26,35.8425,36.4275,35.8328,35.8425,48200
2025-02-27,35.5793,36.0668,35.3745,35.4525,152700
2025-02-28,35.2965,35.7938,35.2965,35.7353,100600
2025-03-03,35.745,36.0765,34.7895,35.1015,103000
2025-03-04,35.0527,35.0527,33.5122,34.2434,84200
2025-03-05,34.2142,34.77,34.2142,34.4287,54800
2025-03-06,33.9509,34.7115,33.7852,34.2922,54800
2025-03-07,34.0094,34.887,34.0094,34.848,59500
2025-03-10,34.3605,34.5652,33.9802,34.4287,72000
2025-03-11,34.2239,34.458,33.8339,33.9217,103900
2025-03-12,33.9119,34.497,33.9119,34.3117,43100
2025-03-13,33.9217,34.4287,32.5274,32.5566,192000
2025-03-14,32.7126,32.9564,32.4006,32.6054,85500
2025-03-17,32.6151,33.1514,32.5859,33.0051,65000
2025-03-18,33.0051,33.0051,32.5761,32.6834,30800
2025-03-19,32.5859,33.3464,32.5859,33.2392,37100
2025-03-20,33.2392,33.2977,32.6054,32.7711,46800
2025-03-21,32.5664,32.9076,32.4884,32.7126,55700
2025-03-24,33.0636,33.5512,32.8784,33.1319,58900
2025-03-25,33.0051,33.3464,32.5664,33.0539,58600
2025-03-26,33.2197,33.4147,32.4689,32.5859,40500
2025-03-27,32.3616,32.8394,32.0789,32.7614,48400
2025-03-28,32.5956,32.7809,32.2349,32.4689,92100
2025-03-31,32.2544,32.9466,32.0594,32.7516,111100
2025-04-01,32.7711,33.5999,32.6736,33.5219,66200
2025-04-02,32.7224,33.9217,32.7224,33.7949,68300
2025-04-03,33.1611,33.5122,32.2349,32.3421,87600
2025-04-04,32.0301,32.8979,31.6011,32.7029,121900
2025-04-07,31.3573,33.5902,31.3573,33.3172,166600
2025-04-08,33.6779,34.1264,33.1319,33.1514,182300
2025-04-09,32.9954,35.4817,32.1959,35.2575,103200
2025-04-10,33.6487,34.77,32.5371,32.8004,124300
2025-04-11,31.6986,33.0344,31.6986,32.5566,85400
2025-04-14,32.5761,32.5761,31.1526,31.8253,90800
2025-04-15,31.7961,32.5371,31.6303,32.0594,44600
2025-04-16,31.4938,32.1861,31.4938,31.7376,63600
2025-04-17,31.7863,31.9326,31.6011,31.7961,52100
2025-04-21,31.4646,32.0789,31.4646,31.7668,61900
2025-04-22,31.8546,32.3129,31.3963,31.5133,64900
2025-04-23,31.9033,32.5859,31.6206,31.6596,35100
2025-04-24,31.8878,31.9466,31.447,31.7801,35800
2025-04-25,31.5058,31.8389,31.2609,31.5352,54300
2025-04-28,31.3588,31.7017,31.1629,31.5352,45500
2025-04-29,31.3294,31.7801,31.3294,31.5744,40900
2025-04-30,31.4078,31.9858,31.1825,31.9466,87100
2025-05-01,32.5148,32.5148,31.4176,31.447,46400
2025-05-02,31.4372,31.7703,31.3784,31.6233,87000
2025-05-05,31.2707,32.4561,31.2609,32.2797,72400
2025-05-06,31.9956,32.5736,31.3294,32.0152,71800
2025-05-07,32.1915,32.7401,32.074,32.6814,31200
2025-05-08,32.7695,32.8479,31.9956,32.1132,47600
2025-05-09,32.4462,32.4462,31.6527,31.9564,54800
2025-05-12,32.603,33.8766,32.554,33.71,65800
2025-05-13,33.6904,34.4839,33.4553,34.0823,88700
2025-05-14,34.0725,34.0725,32.9949,33.1026,126500
2025-05-15,33.1222,33.9843,33.1222,33.9647,55500
2025-05-16,33.7296,34.3272,33.4945,33.759,34300
2025-05-20,33.9255,33.9255,33.1418,33.4161,42100
2025-05-21,33.4945,33.9157,33.4161,33.5435,58900
2025-05-22,33.5239,34.2782,33.2986,33.7394,50700
2025-05-23,33.5533,34.5231,33.5533,34.3762,80100
2025-05-26,34.2586,34.7778,34.0137,34.0333,20800
2025-05-27,33.9941,34.6799,33.8961,34.5721,62400
2025-05-28,34.5721,34.6897,34.0333,34.6309,52600
2025-05-29,34.6309,34.8562,34.337,34.5329,53700
2025-05-30,34.3174,34.5133,33.857,33.8766,78800
2025-06-02,33.8766,34.2096,33.3084,33.5827,94800
2025-06-03,33.2986,34.7289,33.279,34.6407,58400
2025-06-04,34.6897,34.6897,33.5435,33.7884,79400
2025-06-05,33.7492,34.3566,33.7492,33.7884,71000
2025-06-06,34.0235,34.0235,33.5631,33.8863,40300
2025-06-09,33.8766,34.435,33.808,34.3664,45500
2025-06-10,34.386,34.435,33.7982,34.3174,36500
2025-06-11,34.2978,35.1109,34.2978,34.9444,46100
2025-06-12,35.0815,35.1697,34.5525,34.9934,52000
2025-06-13,34.9444,34.9444,34.1606,34.4056,45300
2025-06-16,34.3664,34.5427,34.0137,34.0627,25600
2025-06-17,33.7982,34.6015,33.4259,33.5043,43900
2025-06-18,33.3671,33.8668,33.3671,33.5533,61100
2025-06-19,33.6022,33.8178,33.1908,33.7492,19500
2025-06-20,33.4847,34.0921,33.4847,33.9647,63800
2025-06-23,33.9647,34.5721,33.8961,34.4545,47900
2025-06-24,34.5035,35.013,34.5035,34.5329,46300
2025-06-25,34.6407,34.8268,34.3468,34.6995,52800
2025-06-26,34.4545,35.1109,34.4056,35.1109,51200
2025-06-27,34.9542,35.3264,34.866,35.1795,91400
2025-06-30,35.1403,35.9534,35.1403,35.8457,66800
2025-07-02,35.8555,36.6196,35.7673,35.8359,60200
2025-07-03,35.7771,36.3159,35.5714,35.7379,88700
2025-07-04,35.8065,36.1102,34.8268,35.6399,25700
2025-07-07,35.973,35.973,35.4244,35.7085,39000
2025-07-08,35.6791,36.4433,35.3069,36.3551,68200
2025-07-09,36.4041,36.4629,35.9044,35.9534,64300
2025-07-10,35.9044,36.8547,35.2677,36.4726,149500
2025-07-11,35.2775,36.649,34.9248,35.2677,80700
2025-07-14,34.6407,35.7477,34.6407,35.1501,69100
2025-07-15,35.0815,35.0815,33.9647,33.9843,59900
2025-07-16,34.2684,34.3958,33.6022,33.612,52700
2025-07-17,33.6022,34.1019,33.6022,34.0627,46000
2025-07-18,34.0627,34.4154,33.8472,34.2194,61900
2025-07-21,34.2096,34.4937,33.9941,34.1019,53700
2025-07-22,33.8668,34.6897,33.5729,34.5525,79200
2025-07-23,34.5721,35.2285,34.5721,35.0228,52200
2025-07-24,35.1143,35.557,34.9273,35.0847,104000
2025-07-25,35.0355,35.5275,34.9372,35.3799,120300
2025-07-28,35.1438,35.4488,34.9962,35.1733,63500
2025-07-29,35.0847,35.252,34.3272,34.396,53300
2025-07-30,34.3468,34.5043,33.9926,34.2878,66800
2025-07-31,34.2878,34.3468,33.8943,34.1107,90800
2025-08-01,34.0615,34.6814,33.6286,34.6125,104500
2025-08-05,34.8289,35.0257,34.3567,34.7207,47900
2025-08-06,34.7207,34.7207,34.1501,34.2288,41800
2025-08-07,34.1402,34.278,33.8943,33.9828,41900
2025-08-08,33.9435,34.4551,33.8451,34.0714,39600
2025-08-11,33.8647,34.5043,33.8647,34.4551,27500
2025-08-12,34.3272,35.3012,34.3272,35.2422,46200
2025-08-13,35.1438,36.0588,35.1438,35.921,71400
2025-08-14,35.8915,36.1375,35.1241,36.0096,59600
2025-08-15,35.862,35.862,35.0355,35.2618,51000
2025-08-18,35.0749,35.3307,34.9273,35.0749,43700
2025-08-19,34.9568,35.6947,34.9568,35.1733,66700
2025-08-20,34.9863,35.6652,34.8486,35.5767,61800
2025-08-21,35.7636,35.8915,35.3799,35.3799,23600
2025-08-22,35.3602,37.023,34.4452,36.8951,96300
2025-08-25,36.8951,37.387,36.3736,36.4326,50800
2025-08-26,36.4326,36.8951,36.4326,36.5999,34200
2025-08-27,36.4031,36.6688,36.2851,36.4031,36400
2025-08-28,36.4031,36.4031,35.9604,36.226,43300
2025-08-29,36.4031,36.4031,35.9112,35.9801,53200
2025-09-02,35.9505,36.0096,35.3602,35.4193,32700
2025-09-03,35.3209,35.6947,35.2618,35.4881,65300
2025-09-04,35.4881,35.8817,35.4094,35.8128,37900
2025-09-05,35.7931,36.3539,35.7439,36.3047,49800
2025-09-08,35.921,35.9702,35.4586,35.7833,77000
2025-09-09,35.9702,35.9702,35.2618,35.3307,47400
2025-09-10,35.2225,35.3307,34.7896,34.9175,34700
2025-09-11,34.701,35.2028,34.6322,34.6715,72600
2025-09-12,34.5042,35.006,34.3665,34.7699,66400
2025-09-15,34.5928,34.947,34.396,34.8289,121000
2025-09-16,35.0651,35.0651,34.4354,34.4944,131400
2025-09-17,34.6026,35.3504,34.583,34.701,68300
2025-09-18,34.7207,34.888,34.3665,34.7896,45400
2025-09-19,34.7896,35.0257,34.2091,34.2976,706400
2025-09-22,34.0812,34.6026,34.0812,34.4059,68200
2025-09-23,34.6715,34.8388,34.0615,34.1107,78900
2025-09-24,34.1107,34.5043,34.0812,34.3075,52900
2025-09-25,34.2583,34.396,33.7762,33.8155,69500
2025-09-26,33.9533,33.9533,33.481,33.6975,55600
2025-09-29,33.7565,34.1402,33.7467,33.8844,40700
2025-09-30,33.8057,33.9041,33.5696,33.6384,38900
2025-10-01,34.0812,34.0812,33.4712,33.5991,72200
2025-10-02,33.4712,33.8647,33.4614,33.7664,92200
2025-10-03,33.6188,34.1894,33.6188,33.7467,84400
2025-10-06,34.1697,34.1697,33.1465,33.363,52600
2025-10-07,33.2055,33.2547,32.202,32.3102,64400
2025-10-08,32.3201,32.566,32.0446,32.2709,53500
2025-10-09,32.2512,34.2386,32.0151,33.727,208900
2025-10-10,33.8746,35.2323,33.8746,34.9273,450700
2025-10-14,34.9273,36.2457,34.9273,35.8817,269100
2025-10-15,36.0096,36.5507,35.8817,36.2851,129300
2025-10-16,36.1473,36.3933,35.1241,35.2126,181800
2025-10-17,35.2618,35.862,35.2618,35.7341,49100
2025-10-20,36.1867,36.1867,35.4881,35.8915,97900
2025-10-21,36.0096,37.2689,35.7439,37.0525,112700
2025-10-22,37.082,37.387,36.4917,37.0328,124900
2025-10-23,36.9765,37.7075,36.9765,37.5593,109100
2025-10-24,37.5198,38.1027,37.4605,37.6482,96100
2025-10-27,37.7372,38.2015,37.6878,37.8853,140200
2025-10-28,37.9446,37.9446,37.3914,37.6976,100300
2025-10-29,37.5692,37.9446,37.095,37.7174,91400
2025-10-30,37.5593,37.8656,36.9962,37.2729,90900
2025-10-31,37.0852,38.0039,37.0456,37.9841,100700
2025-11-03,37.9051,38.4978,37.747,38.4682,129700
2025-11-04,37.8458,38.4682,37.2926,37.589,165900
2025-11-05,37.4013,37.8458,36.8579,37.7273,179500
2025-11-06,37.4803,37.7569,36.5418,36.6406,230000
2025-11-07,36.5517,36.7295,36.2948,36.4825,123700
2025-11-10,36.6505,37.0654,36.4825,36.8579,86700
2025-11-11,36.5517,36.8481,36.3344,36.4134,81900
2025-11-12,36.5616,37.5396,36.5517,37.4013,191600
2025-11-13,37.2037,37.3618,36.8777,37.2037,47100
2025-11-14,36.9172,37.1938,36.6801,37.0358,170100
2025-11-17,37.0259,37.1642,36.2455,36.4134,56900
2025-11-18,36.4134,36.7987,36.3344,36.6208,99000
2025-11-19,36.769,36.7987,35.6725,36.3047,90000
2025-11-20,36.3541,37.4803,35.8997,36.2751,128700
2025-11-21,36.5319,37.2136,36.4233,37.2136,37800
2025-11-24,37.4111,37.6976,36.9567,37.2432,61900
2025-11-25,37.2136,37.8359,37.2136,37.5593,80300
2025-11-26,37.3519,38.3101,37.3519,38.0928,190700
2025-11-27,38.3793,38.3793,37.9742,38.2509,29900
2025-11-28,38.2509,38.893,38.2509,38.8041,59000
2025-12-01,37.8557,38.3793,37.747,38.2015,237800
2025-12-02,38.241,38.7547,37.915,38.3694,66100
2025-12-03,38.399,38.4287,37.9347,37.9841,22400
2025-12-04,37.9347,38.2509,37.9249,38.0434,120100
2025-12-05,38.0434,38.4287,37.8952,38.2311,83000
2025-12-08,38.3398,38.4386,38.2015,38.4089,35100
2025-12-09,38.0039,38.567,37.9841,37.9841,63100
2025-12-10,38.2015,38.4287,37.9347,38.4089,60800
2025-12-11,38.4385,39.0214,38.3398,38.4484,59800
2025-12-12,38.6658,39.1893,38.3496,39.0016,79100
2025-12-15,39.0016,39.3672,38.8436,39.0412,66600
2025-12-16,39.0906,39.5944,39.0016,39.1795,67000
2025-12-17,39.0016,39.4857,38.9819,39.1399,77300
2025-12-18,39.1399,40.2167,38.6756,40.1278,81900
2025-12-19,39.9895,40.0883,39.466,39.9599,697200
2025-12-22,39.871,40.0093,38.8041,39.4462,54200
2025-12-23,39.5252,39.624,39.1992,39.5055,117200
2025-12-24,39.5549,39.6635,39.2585,39.377,11300
2025-12-29,39.219,39.624,39.219,39.466,59000
2025-12-30,39.5845,39.5845,39.1103,39.1103,27900
2025-12-31,39.1004,39.1597,38.8732,39.0807,28100
2026-01-02,39.0807,39.871,39.0115,39.377,29500
2026-01-05,39.1103,40.0488,39.0708,39.5944,56800
2026-01-06,39.6932,40.2563,39.5351,40.1081,39700
2026-01-07,39.5153,40.2563,39.5153,40.2167,71500
2026-01-08,39.9303,40.8885,39.9303,40.4736,48000
2026-01-09,40.4736,41.0466,40.2167,41.0169,66200
2026-01-12,41.2145,41.2935,40.7107,41.0564,69800
2026-01-13,41.0564,41.5405,40.9181,41.1256,172000
2026-01-14,40.9181,42.0937,40.9181,41.4516,185500
2026-01-15,41.007,42.1431,38.5373,40.8687,384800
2026-01-16,40.9478,43.2594,40.928,42.2913,162100
2026-01-19,42.0542,42.9137,42.0246,42.3111,74500
2026-01-20,42.2518,42.2913,41.4911,41.8468,90900
2026-01-21,41.8468,42.2419,41.2837,41.8566,118000
2026-01-22,42.1332,42.3703,41.8072,41.8468,88700
2026-01-23,41.8072,41.8863,40.6909,41.5998,58400
2026-01-26,41.175,41.4714,41.0367,41.2639,89100
2026-01-27,41.4714,41.4714,41.0367,41.3429,85800
2026-01-28,41.4911,41.4911,40.5131,40.7304,180200
2026-01-29,40.8068,40.8068,39.8052,40.1424,186200
2026-01-30,40.0631,40.5391,39.8548,40.3804,285300
2026-02-02,40.3804,41.253,40.3804,40.8366,72100
2026-02-03,40.8167,41.3125,39.7656,41.2729,80600
2026-02-04,41.6497,42.5918,41.2233,42.3736,65300
2026-02-05,42.1951,42.4034,41.7588,42.0464,89100
2026-02-06,42.0464,42.9488,41.8381,42.0067,90400
2026-02-09,41.967,42.6513,41.858,42.5819,59600
2026-02-10,42.5224,43.157,42.334,43.1273,41900
2026-02-11,43.157,43.157,42.4728,42.7009,107700
2026-02-12,43.0281,43.6033,42.2943,43.4645,146900
2026-02-13,43.1372,44.0495,43.1372,43.4645,126500
2026-02-17,43.1075,43.8214,42.5918,43.2959,113500
2026-02-18,43.2959,44.2479,43.1769,44.0099,95700
2026-02-19,43.9999,44.3966,43.9504,44.3371,50900
2026-02-20,44.1189,44.6544,43.9702,44.6049,121900
2026-02-23,44.347,44.585,42.8298,43.1669,82200
2026-02-24,43.1669,43.8413,43.1075,43.6529,56200
2026-02-25,43.871,44.2379,43.633,43.7223,54400
2026-02-26,43.514,43.9206,43.2165,43.9206,46300
2026-02-27,43.5339,43.9206,43.1273,43.1769,93200
2026-03-02,43.157,43.5636,42.562,43.5438,54100
2026-03-03,41.9175,43.2959,41.8877,43.0876,58100
2026-03-04,42.9884,43.0876,42.2348,42.5025,68000
2026-03-05,42.3835,42.6711,41.9869,42.2447,44200
2026-03-06,41.8084,42.0166,41.1241,41.4415,87800
2026-03-09,41.1043,41.7092,40.3308,40.9258,163900
2026-03-10,40.6779,41.8976,40.5391,41.4315,67600
2026-03-11,41.1539,41.9274,41.1539,41.5307,73300
2026-03-12,41.0448,41.9175,40.9258,41.0051,117800
2026-03-13,41.1241,41.8183,40.8465,41.2332,67400
2026-03-16,41.2828,42.0464,41.2828,41.4315,81000
2026-03-17,41.61,42.1654,41.61,41.8084,73300
2026-03-18,41.8084,42.5025,41.2828,41.372,96400
2026-03-19,41.0547,41.4018,39.9044,41.3324,73600
2026-03-20,41.739,41.739,40.0135,40.7076,771400
2026-03-23,41.2233,42.096,41.0547,41.5208,84500
2026-03-24,41.1638,41.9472,41.1638,41.4315,82700
2026-03-25,41.6695,42.205,41.4811,42.0166,98600
2026-03-26,41.9075,42.4629,41.382,41.5803,149100
2026-03-27,41.3621,41.3621,40.3407,40.3705,138900
2026-03-30,40.6382,40.8167,39.8449,40.1226,52600
2026-03-31,40.1523,40.8068,40.1126,40.4994,79300
2026-04-01,41.1539,41.4216,39.2499,40.8068,65200
2026-04-02,40.7374,41.025,39.9044,40.0036,80300
2026-04-06,39.6565,40.1721,39.6565,40.1622,34500
2026-04-07,39.9143,40.0333,38.7342,39.0416,70200
2026-04-08,40.4002,40.6184,39.7854,40.1721,171700
2026-04-09,40.1622,40.5688,37.5343,38.4764,219900
2026-04-10,38.5656,39.6961,38.4566,38.8036,70900
2026-04-13,38.1194,39.0615,38.1194,38.7937,111000
2026-04-14,39.1408,39.4185,38.8334,39.3689,120200
2026-04-15,39.1904,39.2102,38.169,38.3673,130000
2026-04-16,38.288,38.7739,38.1392,38.5756,92900
2026-04-17,39.0813,40.2614,38.7441,39.9936,137100
2026-04-20,40.1424,40.549,40.073,40.3308,86200
2026-04-21,40.4895,40.906,40.0829,40.2316,69600
2026-04-22,40.6481,40.6481,39.5771,39.5771,69000
2026-04-23,39.8629,40.2014,39.5642,39.9923,67700
2026-04-24,40.3308,40.3308,39.7932,40.1018,51200
2026-04-27,39.6936,41.2467,39.6936,40.0023,107700
2026-04-28,40.0023,40.3905,39.6239,39.7633,50900
2026-04-29,39.6239,39.8031,39.1859,39.385,67200
2026-04-30,39.3352,39.7036,39.156,39.5443,67600
2026-05-01,39.823,39.823,39.1461,39.4149,27800
2026-05-04,39.6339,39.6339,38.2202,38.3596,36500
2026-05-05,38.3894,38.9669,38.3894,38.6383,75300
2026-05-06,39.3053,39.3053,38.4193,38.6881,83500
2026-05-07,38.8076,38.9768,38.4392,38.4691,78300
2026-05-08,38.2003,38.6582,37.5432,37.8717,152700
2026-05-11,38.0609,38.0609,37.3142,37.354,82300
2026-05-12,37.3739,37.6427,37.0354,37.4536,159600
2026-05-13,37.4536,37.8916,37.2246,37.7921,66600
2026-05-14,38.0011,38.8474,37.8319,38.7478,85200
2026-05-15,38.7876,39.0465,38.2003,38.6483,104600
2026-05-19,38.6483,39.1759,37.9315,38.5089,51300
2026-05-20,38.4691,38.8374,38.2301,38.3396,59000
2026-05-21,38.3396,38.6184,37.7722,38.4989,72000
2026-05-22,38.4691,39.1062,38.2998,39.0764,68100
2026-05-25,39.1261,39.3253,38.9469,39.1162,31200
2026-05-26,39.0166,39.1859,38.8474,39.0963,55900
2026-05-27,39.3253,39.3651,38.7876,39.2954,87500
2026-05-28,39.2157,40.3507,38.8972,39.9127,70100
2026-05-29,39.7135,39.9525,39.5343,39.604,119600
2026-06-01,39.5742,39.8629,38.5188,39.2157,41300
2026-06-02,39.1859,39.8031,38.8773,39.2456,87400
2026-06-03,39.1958,39.5742,39.156,39.5642,43000
2026-06-04,39.5642,39.8927,39.1461,39.3153,134100
2026-06-05,38.9569,39.5343,38.9569,39.0266,181000
2026-06-08,38.6881,40.5598,38.6881,39.0266,129700
2026-06-09,39.0764,39.7534,38.937,39.3053,204400
2026-06-10,39.5045,39.6837,39.1461,39.3352,58200
2026-06-11,38.9669,39.604,38.8076,39.3253,119500
2026-06-12,39.3253,40.0222,39.2357,39.8031,111700
2026-06-15,39.8131,40.0719,39.5144,39.7434,105300
2026-06-16,39.4945,40.0321,38.6284,39.4248,351400
2026-06-17,39.3253,39.9525,38.9868,39.0166,185300
2026-06-18,38.8474,39.7832,38.8474,39.6239,98500
2026-06-19,39.823,39.833,38.5188,38.5587,86400
2026-06-22,38.4989,39.385,38.4989,39.1261,169100
2026-06-23,38.9868,39.7534,38.3795,38.718,112000
2026-06-24,38.7478,39.1361,38.5686,39.1361,79500
2026-06-25,39.2854,40.1516,39.2357,40.0421,136800
2026-06-26,39.7932,41.2169,39.7932,41.2169,170100
2026-06-29,41.0874,41.2169,39.9027,40.5797,90600
2026-06-30,40.2611,40.9381,40.2611,40.5797,318600
2026-07-02,40.5399,40.8186,40.1217,40.4801,160400
2026-07-03,40.4801,40.6693,40.0023,40.1715,32200
2026-07-06,40.1615,40.291,39.614,39.9823,156000
2026-07-07,40.1715,40.1715,39.0266,39.5045,183300
2026-07-08,39.395,39.5542,38.4093,38.6483,131000
2026-07-09,38.5686,39.5244,35.0542,35.2036,428100
2026-07-10,35.7711,35.7711,33.76,34.9646,412300
2026-07-13,34.9746,35.4525,34.646,35.4126,201600
2026-07-14,35.6715,36.229,35.4126,35.791,322400
2026-07-15,35.9602,36.5775,35.8407,36.3983,296600
2026-07-16,36.6671,37.3142,36.5078,36.7169,150500
2026-07-17,36.448,37.1151,35.7611,36.1494,143100
2026-07-20,36.1992,36.1992,35.4027,35.4823,121600
2026-07-21,35.2135,35.2534,34.8452,35.0144,73200
2026-07-22,34.8452,35.8507,34.8452,35.333,113200
2026-07-23,35.02,35.15,34.69,35.05,100100
2026-07-24,35.05,35.5,35.02,35.37,49300
2026-07-27,35.53,35.8,35.23,35.72,80600
2026-07-28,35.79,36.49,35.66,35.88,171000
2026-07-29,35.57,35.85,35.26,35.45,73100
2026-07-30,35.32,35.51,34.9,35.46,89600
2026-07-31,35.46,35.74,35.1,35.46,217900
2026-08-04,36.04,36.3,35.58,36.17,107000
2026-08-05,36.26,36.26,35.71,35.95,87100
2026-08-06,36.18,36.18,35.74,35.88,60000
2026-08-07,35.85,36.32,35.81,36.32,130200
2026-08-10,36.29,36.64,36.12,36.42,188900
2026-08-11,36.26,37.02,36.26,37.02,181500
2026-08-12,36.89,36.89,36.42,36.7,140000
2026-08-13,36.9,37.01,36.44,36.53,99200
2026-08-14,36.14,36.47,35.83,35.98,81000
2026-08-17,35.95,35.99,35.15,35.26,72600
2026-08-18,35.16,35.42,34.96,35.01,88600
2026-08-19,35,35.31,35,35.02,54400
2026-08-20,34.92,35.15,34.52,34.74,81900
2026-08-21,34.74,35.14,34.74,35.14,116000
2026-08-24,35.75,35.75,34.71,35.38,126600
2026-08-25,35.68,35.8,35.11,35.49,96700
2026-08-26,35.49,35.94,35.47,35.6,80300
2026-08-27,35.56,35.65,35.4,35.52,67100
2026-08-28,35.52,35.66,35.29,35.52,89100
2026-08-31,35.34,35.67,35.34,35.57,109000
2026-09-01,35.6,35.6,34.2,34.24,84600
2026-09-02,34.26,34.51,34.17,34.45,67200
2026-09-03,34.75,36.05,34.75,35.3,112600
2026-09-04,35.3,35.83,35.02,35.76,60600
2026-09-08,35.88,35.88,35.18,35.52,101900
2026-09-09,35.18,35.35,34.92,35.3,69900
2026-09-10,35.31,35.39,34.75,34.97,73700
2026-09-11,35.02,35.48,35.02,35.17,136900
2026-09-14,35.21,35.63,35.11,35.51,141700
2026-09-15,35.49,35.64,35.3,35.38,39600
2026-09-16,35.41,36.41,35.41,36.01,67900
2026-09-17,36.04,36.19,35.67,35.79,64900
2026-09-18,36.07,36.07,35.55,35.83,123900
2026-09-21,36.17,36.17,35.41,35.96,101000
2026-09-22,36.2,36.72,36.2,36.49,95300
2026-09-23,36.53,36.67,36.09,36.44,40700
2026-09-24,36.49,36.6,35.77,36.21,113700
2026-09-25,36.21,36.65,35.98,36.42,51600
2026-09-28,36.27,36.59,35.93,36.41,51200
2026-09-29,36.41,36.68,36.29,36.39,48300
2026-09-30,36.39,36.39,36.13,36.17,91300
2026-10-01,36.13,36.13,35.62,35.84,70000
2026-10-02,35.84,36.17,35.75,35.98,53100
2026-10-05,35.59,36.63,35.45,35.68,56200
2026-10-06,35.67,35.94,35.34,35.37,34300
2026-10-07,35.8,35.8,34.54,34.68,98300
2026-10-08,36.72,39.85,36.57,38.63,267300
