date,open,high,low,close,volume
2008-06-04,22.4443,23.1387,22.1653,22.7543,1329210
2008-06-05,22.9403,23.0271,22.6365,22.7171,783992
2008-06-06,22.6923,22.6923,22.2769,22.4443,1337866
2008-06-09,22.3513,22.5497,21.9483,22.0413,731796
2008-06-10,22.0723,22.2831,21.8615,22.1901,927815
2008-06-11,22.0103,22.1963,21.8057,21.9173,1005454
2008-06-12,22.0103,22.2707,21.7375,21.7685,1146742
2008-06-13,21.7747,22.2459,21.7313,22.0289,1157234
2008-06-16,22.1901,22.8473,22.0599,22.7853,957804
2008-06-17,22.6365,22.7543,22.2087,22.5249,577043
2008-06-18,22.2273,22.2273,21.7127,21.8987,1221320
2008-06-19,21.7003,21.7189,21.0555,21.3283,1056426
2008-06-20,21.1608,21.1671,20.6462,20.857,2274162
2008-06-23,20.8508,21.1113,20.6958,20.7392,880865
2008-06-24,20.6152,20.8322,20.3424,20.4168,1471810
2008-06-25,20.4602,21.2663,20.361,21.2043,896253
2008-06-26,20.3052,20.4106,20.0324,20.268,2442903
2008-06-27,20.2432,20.3982,19.8464,20.299,962001
2008-06-30,20.299,20.4788,20.0882,20.3982,762921
2008-07-02,20.0262,20.1502,19.5922,19.5922,1015771
2008-07-03,19.5922,20.1502,19.5674,20.144,876493
2008-07-04,19.9952,19.9952,19.3504,19.4124,785303
2008-07-07,19.4372,19.9332,19.0466,19.214,897302
2008-07-08,19.2264,19.4992,18.9536,19.2822,1019093
2008-07-09,19.5302,20.0014,19.0962,19.2574,1033432
2008-07-10,19.2512,19.803,19.0404,19.1024,705741
2008-07-11,19.09,19.338,18.7304,18.7552,632299
2008-07-14,18.9412,19.1458,17.5028,17.8004,1239856
2008-07-15,17.4284,18.036,17.0564,17.6764,1426695
2008-07-16,17.6764,18.284,17.571,17.9802,2905412
2008-07-17,18.6002,19.3752,18.6002,19.0838,2643382
2008-07-18,19.8464,20.1006,19.462,19.6232,1821183
2008-07-21,19.8402,19.896,19.1086,19.183,787664
2008-07-22,19.152,19.803,18.8172,19.493,1010962
2008-07-23,19.5302,20.454,19.5302,20.1874,1240643
2008-07-24,20.1874,20.454,19.6046,19.6294,824647
2008-07-25,19.9332,20.268,19.7286,19.8402,691490
2008-07-28,19.7162,20.2618,19.6852,19.9518,873433
2008-07-29,20.144,20.2742,19.9952,20.0882,558158
2008-07-30,20.3052,20.4602,20.1006,20.2556,1170348
2008-07-31,20.3052,20.5222,20.0014,20.4912,909280
2008-08-01,20.4044,20.4602,19.9704,20.3424,693938
2008-08-05,21.1112,22.3513,21.1112,22.1591,1669928
2008-08-06,22.0103,22.1033,21.6507,22.1033,894592
2008-08-07,21.5949,22.1591,21.4523,21.4523,1000995
2008-08-08,21.6693,23.3371,21.6693,23.1387,975553
2008-08-11,22.6303,23.5045,22.6303,22.8163,856384
2008-08-12,21.8863,23.1511,21.6321,23.0643,1208993
2008-08-13,22.6303,23.1263,21.8491,22.8039,1601732
2008-08-14,22.4753,23.0271,22.0847,23.0023,682572
2008-08-15,22.6303,23.0023,22.4877,22.7729,490224
2008-08-18,22.6737,22.9217,22.5187,22.6923,2146251
2008-08-19,22.6303,22.6303,21.2849,21.6073,1839369
2008-08-20,21.3902,21.5886,20.9252,21.446,487077
2008-08-21,21.1113,21.5887,21.1113,21.2353,376739
2008-08-22,21.0864,21.7437,20.981,21.7437,404105
2008-08-25,21.7375,21.7375,21.012,21.0244,454028
2008-08-26,21.0182,21.5515,21.0182,21.2786,605983
2008-08-27,21.3965,21.6383,21.3345,21.6197,308631
2008-08-28,21.4833,22.1839,21.4833,21.8553,601524
2008-08-29,21.7684,22.2458,21.7684,22.1652,483492
2008-09-02,22.3513,22.8969,22.1963,22.2521,461197
2008-09-03,22.0103,22.3761,21.7747,22.3141,1187397
2008-09-04,22.3141,22.3141,21.3282,21.3778,883575
2008-09-05,21.5143,21.5143,21.0492,21.2291,659490
2008-09-08,21.7561,22.1591,21.5515,21.6755,733981
2008-09-09,21.8863,22.0847,21.4461,21.7685,824122
2008-09-10,22.0103,22.2397,21.5762,22.1529,959465
2008-09-11,22.0041,22.0227,21.5886,22.0041,1342587
2008-09-12,21.4522,22.0971,21.4522,21.6692,726725
2008-09-15,20.5222,20.8074,19.3752,19.3752,1659436
2008-09-16,18.7614,20.2122,18.6808,20.1378,2286839
2008-09-17,19.4372,20.0138,18.7242,18.8606,1547350
2008-09-18,18.8792,20.6462,18.8792,20.1626,6700869
2008-09-19,22.0103,22.1157,20.6958,21.5515,5339397
2008-09-22,20.7702,21.2663,20.4602,20.5222,1370128
2008-09-23,20.7702,21.1112,20.0944,20.144,1365843
2008-09-24,19.9952,20.6152,19.6852,19.6852,955356
2008-09-25,19.9456,20.3672,18.6808,18.966,9763656
2008-09-26,18.6002,19.3628,18.532,18.7552,1509492
2008-09-29,18.7552,18.7552,16.052,17.0688,2186556
2008-09-30,18.4762,18.6002,17.5214,17.9368,2444389
2008-10-01,17.9182,18.129,17.633,17.9306,1323702
2008-10-02,17.8252,18.408,17.7384,18.0236,1084142
2008-10-03,18.3274,19.2202,17.9616,18.067,1799238
2008-10-06,17.4842,18.2902,16.7464,18.1352,1574016
2008-10-07,17.9864,18.16,16.9262,17.1432,933498
2008-10-08,16.7402,17.7074,16.4364,17.509,1055814
2008-10-09,17.9802,18.4452,16.6472,17.4222,1414630
2008-10-10,15.6862,18.8916,15.6862,16.8952,2343669
2008-10-14,19.214,19.214,17.3912,17.9802,1451526
2008-10-15,17.2362,17.9616,16.5418,16.8146,1299746
2008-10-16,16.1202,17.3912,16.1202,16.7092,1679807
2008-10-17,16.796,18.1104,16.5852,17.7508,1314784
2008-10-20,17.6764,18.3832,17.323,18.3274,1373188
2008-10-21,17.8748,18.439,17.3788,17.5462,906220
2008-10-22,17.3602,17.8004,16.9386,16.982,668233
2008-10-23,16.9882,18.222,16.4426,16.8332,1404750
2008-10-24,16.1946,16.486,15.5126,16.2132,1060273
2008-10-27,16.207,16.8766,15.7048,16.0334,882089
2008-10-28,16.1512,17.6392,16.1512,17.3912,1441559
2008-10-29,17.5152,17.5152,16.8084,17.3168,1292227
2008-10-30,17.3602,18.0422,17.3416,17.7074,836538
2008-10-31,17.7322,17.9802,17.2486,17.5958,1271069
2008-11-03,18.0732,18.4948,17.5152,17.5958,919247
2008-11-04,18.1352,19.1024,18.1352,18.5754,1836483
2008-11-05,18.3212,18.935,17.5276,17.7694,1168687
2008-11-06,18.2158,18.2158,17.1246,17.4842,1135114
2008-11-07,17.7942,17.7942,17.1432,17.3602,802964
2008-11-10,17.3664,17.757,17.013,17.2114,703730
2008-11-11,17.0502,17.0502,16.1822,16.4922,1074349
2008-11-12,16.4922,17.2052,16.3434,16.9634,1166326
2008-11-13,17.2734,18.78,17.1742,18.78,1322478
2008-11-14,18.4824,18.7986,18.0918,18.2096,983946
2008-11-17,17.6702,18.284,17.6702,18.0918,1256293
2008-11-18,17.9864,18.749,17.85,18.0608,2901128
2008-11-19,17.8268,18.3274,16.907,17.0384,1231200
2008-11-20,17.2073,17.3638,16.1499,16.2437,1437624
2008-11-21,17.1948,17.2073,15.5367,16.2375,1595087
2008-11-24,16.4252,18.1459,16.4252,17.9895,2410204
2008-11-25,18.1459,18.6402,17.7392,17.9895,2128152
2008-11-26,17.5828,18.3837,17.4451,18.3461,1893401
2008-11-27,18.3962,19.0344,18.2147,18.5777,390291
2008-11-28,18.7716,19.8479,18.4963,19.8479,1086939
2008-12-01,19.8354,19.8354,18.4212,18.44,2310183
2008-12-02,18.9281,19.1721,18.3399,18.7403,1110721
2008-12-03,18.7091,19.1658,16.5816,19.0219,1794429
2008-12-04,19.1408,19.8792,19.097,19.4537,1920941
2008-12-05,18.9844,20.3484,18.9844,20.3484,1167638
2008-12-08,20.8991,21.1869,20.2108,20.5674,1971651
2008-12-09,20.3359,21.237,20.3359,20.8365,1311112
2008-12-10,20.4986,20.9304,20.3485,20.7364,1313735
2008-12-11,20.7114,20.7114,19.2722,19.779,1104251
2008-12-12,19.7603,19.9605,18.7028,19.9605,6778770
2008-12-15,19.7165,20.1545,19.5851,19.998,757150
2008-12-16,19.8854,20.6425,19.8854,20.6425,998022
2008-12-17,20.63,20.63,20.3359,20.3672,24918
2008-12-18,20.3797,21.2745,20.3797,21.2745,2091257
2008-12-19,21.5749,22.3695,21.3121,22.2944,2474028
2008-12-22,21.8564,21.9002,21.0055,21.3058,1322740
2008-12-23,21.8564,22.332,21.262,21.2996,868800
2008-12-24,21.3058,21.5874,21.1056,21.2119,180719
2008-12-29,21.3934,21.5811,21.0805,21.5248,490749
2008-12-30,21.869,22.0004,21.3934,21.9566,517852
2008-12-31,22.0379,22.3633,21.8189,22.2757,505350
2009-01-02,21.9002,22.2194,21.5498,21.9941,549065
2009-01-05,21.8877,22.1192,21.3058,22.1192,994875
2009-01-06,21.7125,22.1943,21.262,22.113,1171397
2009-01-07,21.3871,21.6875,21.0242,21.2119,945039
2009-01-08,21.0305,21.2119,19.8479,20.0168,2031279
2009-01-09,20.4924,20.4924,19.0219,19.2409,2890898
2009-01-12,18.9343,18.9343,18.027,18.2711,2763687
2009-01-13,18.2898,18.9156,18.2398,18.7716,1595262
2009-01-14,18.4275,18.6402,18.1772,18.5088,2098251
2009-01-15,18.5213,18.8905,18.002,18.7779,1909838
2009-01-16,19.0157,19.0157,18.3649,18.4901,916886
2009-01-19,18.4901,18.9281,18.2585,18.4963,363450
2009-01-20,18.3837,18.3837,17.9269,18.1584,1644573
2009-01-21,18.1271,18.6215,17.7517,18.6215,1325888
2009-01-22,18.4775,18.5589,17.9519,18.5151,897477
2009-01-23,17.5702,18.1396,17.2511,17.7642,1866472
2009-01-26,17.9207,18.2147,17.7955,17.9707,791773
2009-01-27,18.2335,18.465,17.9707,18.415,673217
2009-01-28,18.6653,19.1158,18.6653,19.072,644277
2009-01-29,18.6778,18.9969,18.5401,18.7967,971443
2009-01-30,18.9906,19.0845,18.5589,18.7716,1438586
2009-02-02,18.415,18.7466,18.2022,18.5526,771751
2009-02-03,18.7841,18.9531,18.3336,18.6965,675578
2009-02-04,19.1471,19.485,18.903,19.1471,918897
2009-02-05,19.3348,19.7415,19.1533,19.4662,812057
2009-02-06,19.8666,20.4924,19.8604,20.0106,1053803
2009-02-09,20.1795,20.8553,19.948,20.5237,1179091
2009-02-10,20.4298,20.605,19.5413,19.704,1555743
2009-02-11,19.8354,20.0481,19.5851,19.6664,987880
2009-02-12,19.5913,19.7102,19.1846,19.5225,1615283
2009-02-13,19.5851,19.8041,19.2972,19.5851,1084491
2009-02-17,18.8467,19.1846,18.6715,18.6903,904996
2009-02-18,18.7028,19.0032,18.5589,18.634,1869620
2009-02-19,18.6715,18.9656,18.1584,18.2898,1513689
2009-02-20,18.221,18.3586,17.758,17.9582,1059486
2009-02-23,18.1146,18.3336,17.6391,17.6766,1922078
2009-02-24,18.2085,19.779,18.1835,19.704,4856954
2009-02-25,19.4036,20.2734,19.0845,19.5663,1835347
2009-02-26,19.4912,20.5925,19.4599,20.1795,1909750
2009-02-27,19.6414,19.8792,19.2847,19.7352,1116928
2009-03-02,19.4099,19.5225,18.6277,18.8279,1130305
2009-03-03,19.0407,19.3348,18.6152,18.7278,1425821
2009-03-04,18.8279,19.2847,18.8279,18.8843,1143857
2009-03-05,18.5339,18.8655,18.1021,18.3962,1667042
2009-03-06,18.6152,18.8592,17.8956,18.2711,1095770
2009-03-09,18.0458,18.3274,17.9269,18.0771,906395
2009-03-10,18.5151,19.1721,18.2523,19.1658,1419613
2009-03-11,19.1846,19.4662,18.9343,18.9406,819663
2009-03-12,19.0657,19.6789,18.7153,19.4537,774899
2009-03-13,19.291,19.485,19.0407,19.1283,969083
2009-03-16,19.5037,19.9355,19.3536,19.3661,931487
2009-03-17,19.3973,19.9042,19.3035,19.9042,1127420
2009-03-18,19.754,20.1232,19.5288,20.0043,929127
2009-03-19,19.9668,20.0919,19.7227,19.9918,1048907
2009-03-20,19.8792,20.0731,19.6664,19.7728,749194
2009-03-23,20.1607,20.2483,19.8041,20.1858,745610
2009-03-24,20.2045,20.5549,20.1169,20.4673,1096819
2009-03-25,20.3422,20.5111,19.4537,19.8103,2834243
2009-03-26,20.0231,20.386,19.7102,20.2233,854286
2009-03-27,20.0982,20.1607,19.51,19.5225,1017082
2009-03-30,19.2722,19.6476,19.0282,19.535,9664073
2009-03-31,19.5788,20.2984,19.5788,20.2734,1094021
2009-04-01,20.0231,20.7176,20.0231,20.5549,689217
2009-04-02,20.9617,21.8314,20.9617,21.3246,1024339
2009-04-03,21.4309,21.9315,21.3183,21.8001,908406
2009-04-06,21.4622,22.0254,21.1118,21.4935,1453711
2009-04-07,21.2745,21.2808,20.8115,21.0993,858658
2009-04-08,20.8553,21.237,20.6112,20.7552,707840
2009-04-09,20.9554,21.1556,20.824,21.1369,627228
2009-04-13,21.0805,21.1994,20.8365,21.0055,293155
2009-04-14,21.262,21.5874,20.8553,21.1306,947138
2009-04-15,21.1306,21.2182,20.4861,20.8553,864166
2009-04-16,20.8553,20.8866,20.4673,20.5862,1145518
2009-04-17,20.6864,21.0493,20.6864,20.8803,688342
2009-04-20,20.6551,20.7239,20.1795,20.2796,539098
2009-04-21,20.2734,20.3547,19.9042,20.1169,865652
2009-04-22,20.2296,20.9054,20.0168,20.6989,790024
2009-04-23,20.7239,20.7739,20.3547,20.6425,446422
2009-04-24,20.799,20.799,20.3484,20.4486,470465
2009-04-27,20.3359,20.9992,20.2421,20.7301,688255
2009-04-28,20.3109,20.7239,20.3109,20.6238,531579
2009-04-29,21.0305,21.3371,20.8052,21.0305,633261
2009-04-30,21.4247,21.7376,20.9617,20.9617,894242
2009-05-01,21.0493,21.869,21.0493,21.7125,370881
2009-05-04,21.5373,22.5573,21.5311,22.5197,935247
2009-05-05,22.526,22.7137,22.0629,22.6198,1506520
2009-05-06,22.6824,23.208,22.5635,23.0453,1823369
2009-05-07,23.3081,23.3769,21.7125,21.9503,1681818
2009-05-08,21.7751,22.0254,21.2683,22.0129,970132
2009-05-11,21.675,21.944,21.4497,21.7751,651010
2009-05-12,22.0191,22.0191,21.2119,21.4435,702157
2009-05-13,21.0242,21.1556,20.8052,20.9491,1017519
2009-05-14,21.1431,21.3496,21.1181,21.1807,573021
2009-05-15,21.262,21.312,20.8428,21.0117,424826
2009-05-19,22.3132,22.6887,21.8064,21.8252,1072338
2009-05-20,22.0274,22.1222,20.9719,21.3701,868974
2009-05-21,21.2184,21.3448,21.0161,21.1552,755052
2009-05-22,21.0414,21.6608,20.8581,21.3701,605546
2009-05-25,21.1805,21.408,21.1741,21.3448,167692
2009-05-26,21.1868,21.389,21.0477,21.3132,728211
2009-05-27,21.3511,21.4712,21.1741,21.2563,725151
2009-05-28,21.3005,21.4649,21.054,21.3321,535426
2009-05-29,21.3321,21.4838,21.054,21.0667,586835
2009-06-01,21.3701,21.6671,21.3574,21.6039,587535
2009-06-02,21.6102,21.6102,21.1804,21.2563,630551
2009-06-03,21.2942,22.1096,21.2879,21.8757,790024
2009-06-04,21.8757,21.8757,21.3005,21.5976,651010
2009-06-05,21.6292,21.9768,21.5407,21.8062,358466
2009-06-08,21.6166,22.1475,21.5534,22.0717,324805
2009-06-09,22.0084,22.394,21.7114,22.0653,522749
2009-06-10,22.0337,22.2676,21.4333,21.8441,462246
2009-06-11,21.9516,22.4319,21.9326,22.2802,410050
2009-06-12,22.1222,22.5963,21.9958,22.1349,631338
2009-06-15,22.1159,22.236,21.585,21.7177,417657
2009-06-16,21.9958,21.9958,21.4965,21.6482,677676
2009-06-17,21.4902,21.8062,21.3258,21.3258,953433
2009-06-18,21.3953,21.6671,21.2689,21.4585,652059
2009-06-19,21.5218,21.6861,21.1931,21.6861,1466651
2009-06-22,21.4902,21.5976,21.1425,21.1931,745697
2009-06-23,20.8581,20.915,20.4599,20.896,3244993
2009-06-24,20.8075,21.1109,20.7254,21.1109,1601907
2009-06-25,20.9529,21.6545,20.8707,21.5281,1690037
2009-06-26,21.3005,21.7051,21.1299,21.6798,1079071
2009-06-29,21.4965,21.6166,21.3827,21.4902,744211
2009-06-30,21.6482,21.6482,21.3321,21.3953,817915
2009-07-02,20.8581,21.4206,20.6306,21.1741,980624
2009-07-03,21.1552,21.4585,21.0161,21.3637,195408
2009-07-06,21.1741,21.2373,20.8581,21.1236,826133
2009-07-07,20.9529,21.0161,20.8012,20.8581,1325800
2009-07-08,20.7886,20.8075,20.2956,20.5041,1073388
2009-07-09,20.5421,20.7949,20.5294,20.7822,992077
2009-07-10,20.7633,21.0604,20.5926,20.8265,790636
2009-07-13,20.9213,21.3764,20.7001,21.2879,799729
2009-07-14,21.2373,21.3321,21.0288,21.0793,796232
2009-07-15,21.3637,21.6355,21.2373,21.4522,624518
2009-07-16,21.4902,21.9326,21.3701,21.7683,625480
2009-07-17,21.8504,21.92,21.6924,21.8378,323406
2009-07-20,21.9263,21.9895,21.6102,21.901,367209
2009-07-21,22.0211,22.375,21.8568,22.3434,581939
2009-07-22,22.2802,22.4256,21.9705,21.9769,613327
2009-07-23,22.1854,22.6658,21.9958,22.5457,657917
2009-07-24,22.059,22.059,21.6987,21.8062,758987
2009-07-27,21.9073,21.9642,21.7177,21.743,462246
2009-07-28,21.6482,21.7746,21.2816,21.3448,1175856
2009-07-29,21.4143,21.5913,21.389,21.5534,430072
2009-07-30,21.7872,21.8378,21.5534,21.7367,811358
2009-07-31,21.7935,22.1728,21.7114,21.9895,433657
2009-08-04,22.375,22.375,21.7746,22.2486,807336
2009-08-05,22.1222,22.2423,21.7556,22.1538,790636
2009-08-06,22.4699,23.418,22.2802,23.2157,1828615
2009-08-07,23.0703,23.9299,22.7416,23.5191,1499088
2009-08-10,23.222,23.222,22.6468,22.8617,603622
2009-08-11,22.6911,22.8238,22.5331,22.7227,509022
2009-08-12,22.748,22.8744,22.6405,22.7732,469241
2009-08-13,22.4003,22.4319,22.1475,22.3055,945214
2009-08-14,22.2423,22.4509,21.9832,22.4509,658703
2009-08-17,21.9705,22.3814,21.8694,22.3434,835139
2009-08-18,22.1728,22.4382,22.1222,22.4193,1033082
2009-08-19,22.0554,22.2469,22.0235,22.1895,1648157
2009-08-20,22.1129,22.2022,22.0299,22.0554,1278588
2009-08-21,22.1703,22.2086,21.9916,22.1448,783642
2009-08-24,22.0107,22.2022,21.8767,22.0873,1017082
2009-08-25,22.081,22.1576,21.8448,22.0682,997847
2009-08-26,21.8894,22.1512,21.8639,22.0427,984383
2009-08-27,21.9533,22.049,21.7235,21.966,1102939
2009-08-28,21.9788,22.2725,21.8384,22.2725,906745
2009-08-31,22.215,22.3363,22.1639,22.298,519688
2009-09-01,22.049,22.2342,21.9597,22.1256,1563699
2009-09-02,21.8639,21.915,21.7043,21.7043,1488946
2009-09-03,21.8703,22.0746,21.7043,22.0299,1487197
2009-09-04,21.7745,21.9405,21.6277,21.8703,2341134
2009-09-08,21.3851,21.4745,21.2256,21.283,6444172
2009-09-09,20.9319,23.0449,20.8872,22.9491,25585915
2009-09-10,22.8215,23.2875,22.7832,23.23,5286589
2009-09-11,23.23,23.3832,22.9427,23.3066,1270544
2009-09-14,23.3641,24.8195,23.3577,24.2258,4118164
2009-09-15,23.7918,24.3152,23.7918,24.0854,2488280
2009-09-16,24.0024,24.0854,23.6833,24.0599,1617382
2009-09-17,24.1812,24.2067,23.7726,24.1173,1666430
2009-09-18,23.5236,24.0726,23.4279,23.4598,2119846
2009-09-21,23.1087,23.5684,22.8853,23.0768,1680857
2009-09-22,23.396,24.0216,23.1726,23.4407,1654190
2009-09-23,23.3002,23.4407,22.9428,23.096,978350
2009-09-24,23.1087,23.2875,22.7959,22.9938,1828352
2009-09-25,23.1087,23.313,22.8534,23.0704,975203
2009-09-28,23.2172,23.4024,22.9172,23.0385,1073388
2009-09-29,23.0449,23.3449,22.9172,23.147,1016120
2009-09-30,23.3577,23.3577,22.7576,22.9172,1775457
2009-10-01,23.1023,23.1023,22.2533,22.2661,1427832
2009-10-02,22.0235,22.5087,21.5128,22.4959,1728856
2009-10-05,22.681,22.8662,21.8703,22.6363,1492531
2009-10-06,22.6619,22.8278,22.2852,22.5853,886373
2009-10-07,22.4831,23.1853,22.2788,23.1279,1155835
2009-10-08,22.9811,23.1087,22.7321,22.7704,1158895
2009-10-09,22.8789,22.8789,22.3682,22.4512,986831
2009-10-13,22.0618,22.3427,21.832,22.3108,1252358
2009-10-14,22.464,22.5023,21.998,22.0746,1169649
2009-10-15,22.0235,22.1256,21.749,21.7873,684408
2009-10-16,21.7235,21.8256,21.4617,21.7043,842221
2009-10-19,21.8639,22.0107,21.5575,21.998,957629
2009-10-20,22.0235,22.1193,21.9022,21.9597,577480
2009-10-21,21.9597,22.1193,21.6213,21.6724,790636
2009-10-22,21.5767,22.1831,21.5767,22.0171,933673
2009-10-23,21.9597,22.1129,21.832,22.0043,365898
2009-10-26,21.9916,22.2469,21.583,21.7682,679162
2009-10-27,21.7682,21.8575,21.6086,21.6596,756801
2009-10-28,21.5766,21.7107,21.1936,21.2064,899225
2009-10-29,21.2256,21.4681,21.1936,21.4107,693763
2009-10-30,21.2192,21.9724,21.2064,21.9724,1449427
2009-11-02,21.7362,21.8958,21.4554,21.8958,756801
2009-11-03,21.6596,21.9022,21.5,21.7554,761609
2009-11-04,21.8958,22.1384,21.7107,22.0363,965061
2009-11-05,21.7107,21.9724,21.5575,21.832,1348270
2009-11-06,21.7745,22.1639,21.7043,22.1639,1150502
2009-11-09,22.2789,22.4704,21.9597,22.0235,628540
2009-11-10,21.8065,22.0937,21.6213,21.8001,1078896
2009-11-11,21.9597,21.9597,21.4681,21.5447,817653
2009-11-12,21.4426,21.5767,21.2128,21.3022,1048120
2009-11-13,21.2575,21.3532,21.1681,21.1936,509284
2009-11-16,21.2575,21.4171,21.1809,21.4171,1041650
2009-11-17,21.4171,21.7043,21.4171,21.7043,1435788
2009-11-18,21.7817,21.8333,21.4592,21.5689,1661272
2009-11-19,21.6398,21.6914,21.2464,21.3238,1240380
2009-11-20,21.3238,21.4334,21.169,21.3109,771402
2009-11-23,21.3496,21.5044,21.1625,21.2593,805500
2009-11-24,21.3431,21.3818,21.1367,21.1883,592343
2009-11-25,21.2851,21.4979,21.1561,21.3947,1178917
2009-11-26,21.298,21.356,21.1238,21.1948,387755
2009-11-27,21.1432,21.4399,21.1432,21.3625,575032
2009-11-30,21.3818,21.7172,21.3109,21.5431,994175
2009-12-01,21.8011,22.1429,21.6076,22.1171,1150327
2009-12-02,22.1623,22.1945,21.8978,22.1171,837674
2009-12-03,22.1558,22.2526,21.8656,21.8656,786440
2009-12-04,21.943,22.3622,21.943,22.0849,672343
2009-12-07,22.1236,22.6202,22.0913,22.5106,987618
2009-12-08,22.259,22.3945,22.0268,22.1107,812407
2009-12-09,22.2526,22.2526,21.6076,21.8849,761697
2009-12-10,21.7882,22.1429,21.6076,22.13,829631
2009-12-11,22.0526,22.3235,21.9301,22.2848,454640
2009-12-14,22.201,22.3751,21.8849,22.0075,460410
2009-12-15,22.0075,22.0075,21.8075,21.9301,609480
2009-12-16,22.0397,22.1816,21.943,22.1623,489700
2009-12-17,21.9623,22.1752,21.9236,22.0591,657742
2009-12-18,22.0591,22.2203,21.4979,21.5753,1909750
2009-12-21,21.6592,21.8656,21.5431,21.6527,856734
2009-12-22,21.6721,21.7688,21.5495,21.6398,723315
2009-12-23,21.6398,21.7495,21.356,21.6269,1023290
2009-12-24,21.5689,21.8333,21.5108,21.7366,219801
2009-12-29,21.7366,21.8462,21.614,21.6398,316762
2009-12-30,21.6076,21.8204,21.6076,21.8075,357767
2009-12-31,21.8656,22.0591,21.7946,21.8978,370969
2010-01-04,22.0849,22.0849,21.6785,21.9623,577393
2010-01-05,22.0591,22.0591,21.4979,21.6785,1016995
2010-01-06,21.8011,22.4461,21.7688,22.259,1801861
2010-01-07,22.2526,22.259,21.7624,22.0655,1041300
2010-01-08,22.1171,22.4332,21.943,22.2397,945826
2010-01-11,22.4654,22.4912,22.2397,22.2526,760823
2010-01-12,22.2526,22.3493,21.9881,22.0784,729173
2010-01-13,22.1171,22.459,21.8333,22.3235,1422061
2010-01-14,22.4719,22.4719,22.2268,22.3429,637982
2010-01-15,22.3816,22.4074,22.13,22.1687,661676
2010-01-18,22.1752,22.3042,22.1107,22.2913,188501
2010-01-19,22.1816,22.2074,21.814,21.9301,910941
2010-01-20,21.8914,22.1816,21.8591,22.1816,1232249
2010-01-21,22.2268,22.2268,21.814,21.9623,1110458
2010-01-22,21.8656,21.9559,21.5753,21.6721,667272
2010-01-25,21.8333,22.13,21.6592,22.072,945564
2010-01-26,22.1623,22.3042,21.9494,22.2526,663862
2010-01-27,22.2848,22.4848,22.2139,22.4654,1303505
2010-01-28,22.5364,22.9879,22.4654,22.8137,1031246
2010-01-29,22.7363,23.1556,22.7363,23.033,869674
2010-02-01,23.033,23.2975,22.9105,23.2459,796319
2010-02-02,23.5168,23.8651,23.4265,23.7038,1369865
2010-02-03,23.6716,23.6909,23.3749,23.6264,599775
2010-02-04,23.5426,23.6135,23.1943,23.2201,1240205
2010-02-05,23.2201,23.2201,22.8976,22.9814,1282085
2010-02-08,22.8976,23.0395,22.775,22.8782,901411
2010-02-09,23.0717,23.3362,22.9621,23.2846,736167
2010-02-10,23.162,23.5426,23.162,23.5426,794221
2010-02-11,23.5361,23.6071,23.291,23.5619,488913
2010-02-12,23.5748,23.7554,23.4458,23.749,603272
2010-02-16,23.8328,24.0908,23.678,23.9876,560781
2010-02-17,24.0457,24.2908,23.9812,24.0263,549153
2010-02-18,23.878,24.1811,23.6974,23.7941,538049
2010-02-19,23.8328,24.0844,23.749,23.9038,495295
2010-02-22,23.8457,24.0908,23.5877,23.7361,520388
2010-02-23,23.7361,23.9102,23.6006,23.9038,707227
2010-02-24,23.7361,23.7361,22.9298,23.4652,1715479
2010-02-25,23.2201,23.8006,23.2136,23.8006,1184425
2010-02-26,23.8006,24.0199,23.549,23.5555,1776943
2010-03-01,23.6522,23.8651,23.5555,23.678,443536
2010-03-02,23.5555,23.8651,23.291,23.8651,633611
2010-03-03,23.9102,23.9102,23.6006,23.7941,1718714
2010-03-04,23.759,23.8631,23.4663,23.5704,923444
2010-03-05,23.5834,23.7395,23.3037,23.733,1849161
2010-03-08,23.7395,23.8696,23.5444,23.733,932974
2010-03-09,23.7395,23.8696,23.5574,23.668,966372
2010-03-10,23.6745,23.7135,23.4208,23.5574,949323
2010-03-11,23.5119,23.9281,23.4924,23.8696,839510
2010-03-12,24.1818,24.2143,23.8306,24.1818,1965444
2010-03-15,24.2923,24.3769,24.0712,24.3444,957804
2010-03-16,24.3444,24.598,24.2013,24.3704,1148578
2010-03-17,24.468,24.468,24.1948,24.3249,849302
2010-03-18,24.3183,24.4484,24.3053,24.4354,685457
2010-03-19,24.4354,24.8061,24.1167,24.1427,3031312
2010-03-22,24.1753,24.2793,23.9997,24.0192,1010962
2010-03-23,23.9671,24.4614,23.9671,24.3964,1049432
2010-03-24,24.3053,24.3899,23.9216,23.9476,1057650
2010-03-25,23.9086,24.0582,23.8761,23.9151,899313
2010-03-26,23.9151,24.0582,23.8566,24.0582,1047945
2010-03-29,23.9997,24.0647,23.8436,23.8631,755577
2010-03-30,23.798,24.1883,23.798,23.9866,454115
2010-03-31,24.0647,24.0647,23.8306,24.0387,528956
2010-04-01,23.9216,24.2858,23.8761,23.9866,1014547
2010-04-05,23.9411,24.1297,23.8891,24.1297,403143
2010-04-06,23.9671,24.0322,23.8045,23.8566,739052
2010-04-07,23.8045,23.8761,23.5119,23.6354,591382
2010-04-08,23.707,23.72,23.3037,23.5769,490836
2010-04-09,23.6354,23.8761,23.4989,23.8501,634573
2010-04-12,23.8045,23.8045,23.5704,23.6029,311428
2010-04-13,23.5509,23.733,23.5314,23.6289,309505
2010-04-14,23.6289,23.798,23.5704,23.7655,1429930
2010-04-15,23.5769,24.2078,23.5769,24.2078,3203289
2010-04-16,24.2468,24.2988,23.9151,23.9606,665873
2010-04-19,23.9606,24.0907,23.8435,24.0712,429023
2010-04-20,24.0127,24.0907,23.9866,23.9866,511732
2010-04-21,23.9736,24.1883,23.9216,24.0972,539448
2010-04-22,23.9671,24.1297,23.9086,24.0647,856996
2010-04-23,24.0647,24.1232,23.8761,24.0062,1415766
2010-04-26,23.9997,24.1167,23.9086,24.1167,884187
2010-04-27,24.1623,24.1883,23.9021,23.9606,552562
2010-04-28,23.8761,23.9216,23.4598,23.5314,493547
2010-04-29,23.694,24.0322,23.5769,23.9932,1193343
2010-04-30,24.0322,24.0322,23.668,23.8045,991640
2010-05-03,24.1037,24.1037,23.7785,23.9216,622857
2010-05-04,23.8045,24.1167,23.6094,23.9997,2521678
2010-05-05,23.8045,24.8257,23.8045,24.7281,2903488
2010-05-06,24.7476,25.7297,24.6175,25.2744,2539776
2010-05-07,25.1313,25.1834,24.3899,24.546,1104688
2010-05-10,25.1964,25.4826,24.8582,25.0728,726113
2010-05-11,25.2679,25.5866,24.9297,25.5606,1199288
2010-05-12,25.6256,25.7882,25.398,25.7557,986219
2010-05-13,25.7557,25.7557,25.437,25.5281,670507
2010-05-14,25.3655,25.5086,25.1834,25.32,889346
2010-05-17,25.2354,25.3655,24.7736,25.0923,1702977
2010-05-18,25.3454,25.3454,25.0831,25.1815,1619917
2010-05-19,25.1094,25.2733,24.8275,24.834,802527
2010-05-20,24.4275,24.5521,24.2046,24.2505,959640
2010-05-21,23.8244,24.3882,23.7326,24.3882,785915
2010-05-25,23.6539,24.3161,23.6212,24.3161,756976
2010-05-26,24.2964,24.5783,24.0473,24.1588,779708
2010-05-27,24.3686,24.6898,24.1391,24.2702,788276
2010-05-28,24.2702,24.6308,24.0539,24.4144,862330
2010-05-31,24.7553,24.8406,24.2178,24.7488,271735
2010-06-01,24.4931,24.8406,24.2702,24.3227,974591
2010-06-02,24.3227,24.5324,23.9949,24.421,679075
2010-06-03,24.5193,24.5324,24.0211,24.4734,770965
2010-06-04,24.2768,24.4079,24.2243,24.244,1564136
2010-06-07,24.244,24.3816,24.0276,24.2309,660802
2010-06-08,24.1915,24.2833,23.9686,24.2636,707840
2010-06-09,24.2702,24.4407,24.2112,24.3161,810483
2010-06-10,24.3226,24.7947,24.3226,24.775,645589
2010-06-11,24.5914,24.9717,24.5193,24.8537,920121
2010-06-14,25.1421,25.4306,25.0766,25.3454,902723
2010-06-15,25.3388,26.1255,25.2929,26.0797,1467788
2010-06-16,26.0797,26.119,25.8174,26.1059,963924
2010-06-17,26.1911,26.1911,25.8043,26.0403,812144
2010-06-18,26.0862,26.1911,25.824,25.824,2953674
2010-06-21,26.0534,26.0534,25.7781,25.8633,485328
2010-06-22,25.8305,25.8895,25.4044,25.4503,834614
2010-06-23,25.3716,25.6863,25.3716,25.4896,903859
2010-06-24,25.4109,25.7519,25.2667,25.5552,643490
2010-06-25,25.4437,25.7387,24.8996,25.0504,1645884
2010-06-28,25.0766,25.3782,24.952,25.2995,673217
2010-06-29,25.0766,25.2143,24.8865,24.9061,1403089
2010-06-30,24.8275,25.2536,24.8275,24.9783,954307
2010-07-02,24.9192,25.4699,24.9192,25.1356,574595
2010-07-05,24.9127,25.0766,24.6177,24.716,147146
2010-07-06,24.9127,25.1225,24.7685,25.0963,811707
2010-07-07,24.9389,25.2536,24.8603,25.2077,966984
2010-07-08,25.3716,25.3716,25.1028,25.2667,771052
2010-07-09,25.2667,25.5683,25.011,25.5683,458050
2010-07-12,25.5683,25.6666,25.352,25.5224,488563
2010-07-13,25.5617,25.5748,25.3716,25.5748,694025
2010-07-14,25.6666,25.6666,25.1946,25.3388,845018
2010-07-15,25.2405,25.5683,25.1487,25.5683,1047246
2010-07-16,25.5683,25.6076,25.4241,25.4699,1300795
2010-07-19,25.4109,25.588,25.2733,25.4699,556322
2010-07-20,25.2405,25.4372,25.011,25.4372,612977
2010-07-21,25.5486,25.5486,25.0373,25.1749,696036
2010-07-22,25.2471,25.5027,25.2471,25.3978,1265998
2010-07-23,25.4568,25.5945,25.3651,25.5421,537612
2010-07-26,25.5748,25.9092,25.4437,25.8699,508585
2010-07-27,26.0928,26.3485,25.8961,26.0862,786440
2010-07-28,26.2436,26.4402,26.0075,26.0272,605108
2010-07-29,25.647,25.9092,25.2733,25.5421,1317057
2010-07-30,25.2405,25.2864,24.9455,25.2011,910242
2010-08-03,25.6732,25.7781,25.247,25.4372,657305
2010-08-04,25.6207,25.6207,25.4306,25.5421,744648
2010-08-05,25.3585,25.3585,24.8078,25.0963,1055202
2010-08-06,24.9979,25.1028,24.5915,24.8144,1191157
2010-08-09,24.9127,24.9848,24.6832,24.7947,845980
2010-08-10,24.7488,24.7619,24.4603,24.6242,730921
2010-08-11,24.4144,24.4144,24.1522,24.1915,792472
2010-08-12,23.8703,24.2046,23.7523,24.0932,1359723
2010-08-13,23.9949,24.3489,23.9096,24.2702,536213
2010-08-16,24.2964,24.3227,24.0473,24.2833,376302
2010-08-17,24.2609,24.5848,24.1947,24.5583,1452313
2010-08-18,24.5451,24.7368,24.4592,24.5583,843882
2010-08-19,24.6244,24.6244,24.1286,24.1286,1075923
2010-08-20,24.1286,24.3732,23.9832,24.327,701544
2010-08-23,24.3402,24.5187,24.1947,24.2741,761697
2010-08-24,24.0625,24.2741,23.7849,23.8973,960340
2010-08-25,23.732,23.9898,23.6989,23.9832,653370
2010-08-26,24.0427,24.2542,23.97,24.0493,635447
2010-08-27,23.97,24.7632,23.9303,24.6244,825084
2010-08-30,24.7897,24.836,24.4393,24.4724,514443
2010-08-31,24.4724,24.7302,24.3468,24.479,815117
2010-09-01,24.7368,24.9682,24.6575,24.8095,948187
2010-09-02,24.8492,25.0739,24.7368,25.0475,1030109
2010-09-03,25.1202,25.4177,24.8955,25.1467,1106524
2010-09-07,25.259,25.3714,25.0872,25.14,308718
2010-09-08,25.0475,25.3648,25.0078,25.0541,569874
2010-09-09,25.0673,25.2987,24.955,25.1863,693763
2010-09-10,25.2194,25.2524,25.0409,25.1004,1622715
2010-09-13,25.3053,25.3053,25.0739,25.2855,626354
2010-09-14,25.3846,25.6953,25.2921,25.4375,479470
2010-09-15,25.4375,25.5499,25.2326,25.5102,714834
2010-09-16,25.3582,25.6292,25.2458,25.4838,757850
2010-09-17,25.6689,25.9598,25.5499,25.7218,2352587
2010-09-20,25.616,25.8672,25.5168,25.735,466793
2010-09-21,25.8738,25.9598,25.5433,25.7152,542071
2010-09-22,25.7152,25.9333,25.5896,25.7218,507798
2010-09-23,25.6491,25.7747,25.4375,25.4904,612278
2010-09-24,25.6821,25.9796,25.5168,25.8804,677151
2010-09-27,25.8209,25.973,25.6557,25.6821,436017
2010-09-28,25.6689,25.8606,25.345,25.5367,957192
2010-09-29,25.4507,25.9201,25.2062,25.8276,669457
2010-09-30,25.7813,25.854,25.4574,25.5697,652321
2010-10-01,25.6226,25.8408,25.378,25.4177,452979
2010-10-04,25.4838,25.5169,25.2326,25.5169,666485
2010-10-05,25.616,25.8474,25.2392,25.8011,767118
2010-10-06,25.9135,25.9135,25.5367,25.8209,593393
2010-10-07,25.7416,25.9531,25.6821,25.8804,718856
2010-10-08,25.8804,25.9069,25.7482,25.8276,629764
2010-10-12,25.9399,25.9399,25.583,25.7747,611316
2010-10-13,25.7879,25.8804,25.4508,25.6028,904209
2010-10-14,25.7086,25.9465,25.5763,25.583,575469
2010-10-15,25.7747,25.8408,25.5433,25.6887,557633
2010-10-18,25.7813,25.9135,25.6821,25.8408,280828
2010-10-19,25.7482,26.0655,25.7482,25.9928,557633
2010-10-20,26.0854,26.1118,25.887,26.1118,601873
2010-10-21,26.1449,26.5151,26.1118,26.3762,557808
2010-10-22,26.4027,26.4357,25.9465,26.1118,489787
2010-10-25,26.244,26.244,25.9135,25.9796,429198
2010-10-26,25.8276,26.363,25.8276,26.2969,616212
2010-10-27,26.3432,26.3432,25.8672,26.0391,813194
2010-10-28,26.4688,26.4688,25.616,25.6755,685720
2010-10-29,25.5301,25.8276,25.5235,25.7482,671031
2010-11-01,25.7482,25.8606,25.5565,25.6953,427099
2010-11-02,25.7681,25.7747,25.5102,25.5962,1041038
2010-11-03,25.4507,25.5168,25.226,25.3913,499055
2010-11-04,25.735,25.735,25.0144,25.0144,2134797
2010-11-05,25.1863,25.3053,25.0409,25.259,790287
2010-11-08,25.4507,25.4574,24.9483,25.0673,661763
2010-11-09,25.226,25.226,24.8822,25.0409,395362
2010-11-10,25.107,25.3384,24.9021,25.3251,610616
2010-11-11,25.3648,25.3648,24.955,25.2524,1693009
2010-11-12,25.0938,25.1533,24.8029,24.9616,1662758
2010-11-15,24.9153,25.2921,24.8955,25.14,1606191
2010-11-16,25.0641,25.2973,24.8242,25.124,934285
2010-11-17,24.9508,25.0974,24.7908,25.0041,434006
2010-11-18,25.0041,25.164,24.5176,24.6576,964099
2010-11-19,24.6642,24.9708,24.5509,24.9441,459274
2010-11-22,24.9041,24.9441,24.6909,24.8908,404455
2010-11-23,24.8908,24.9308,24.5842,24.7442,467055
2010-11-24,24.8708,25.0907,24.8242,25.0907,1364007
2010-11-25,25.224,25.224,24.9041,25.0907,157725
2010-11-26,24.9508,25.2374,24.8842,25.184,1706124
2010-11-29,25.264,25.264,24.8175,25.1107,510771
2010-11-30,24.9308,25.1774,24.8908,24.9241,1145518
2010-12-01,24.7309,25.0041,24.7309,24.9974,1174458
2010-12-02,25.0508,25.244,24.9175,25.164,721391
2010-12-03,25.0641,25.2507,24.6842,24.8175,1056776
2010-12-06,24.7575,25.0241,24.7109,25.0241,1795915
2010-12-07,25.0241,25.1174,24.8242,24.8508,692889
2010-12-08,24.7309,24.8242,24.5776,24.6576,854548
2010-12-09,24.7842,24.8175,24.5843,24.7242,2012307
2010-12-10,24.7242,24.9308,24.6776,24.8242,556759
2010-12-13,24.8242,25.0041,24.7509,24.8242,781544
2010-12-14,24.9041,24.9041,24.5109,24.6642,994438
2010-12-15,24.5443,24.6975,24.5443,24.6909,929127
2010-12-16,24.6176,24.7242,24.411,24.5709,847641
2010-12-17,24.6576,24.8042,24.451,24.7509,1698692
2010-12-20,24.7375,24.8242,24.6109,24.6576,725238
2010-12-21,24.6176,24.9041,24.6176,24.8908,477722
2010-12-22,24.9308,25.144,24.9308,25.0974,548103
2010-12-23,25.0241,25.2174,24.9441,25.0974,431209
2010-12-24,25.0974,25.2507,25.0974,25.2374,40218
2010-12-29,25.1174,25.164,24.9908,25.0574,553262
2010-12-30,24.9708,25.184,24.8042,24.9508,369745
2010-12-31,24.9974,25.0308,24.7109,24.8175,257309
2011-01-04,25.3173,25.3373,25.0641,25.0641,630201
2011-01-05,25.0174,25.1107,24.8775,24.9041,454902
2011-01-06,24.9575,25.0508,24.8508,24.9641,457700
2011-01-07,24.9374,24.9908,24.7975,24.8641,362401
2011-01-10,24.8975,24.9041,24.5576,24.7642,372717
2011-01-11,24.8508,25.2507,24.7908,25.1174,710550
2011-01-12,25.1907,25.224,25.0374,25.1107,383296
2011-01-13,25.224,25.2573,24.9575,25.0708,684058
2011-01-14,25.2907,25.3906,25.2107,25.284,972667
2011-01-17,25.1507,25.2907,25.0241,25.1974,182118
2011-01-18,25.2507,25.4972,25.1241,25.4972,782505
2011-01-19,25.424,25.7372,25.3573,25.5439,661414
2011-01-20,25.4373,25.4573,25.144,25.344,1130305
2011-01-21,25.324,25.6972,25.2907,25.5839,1165102
2011-01-24,25.7505,26.1703,25.5173,26.1037,622157
2011-01-25,26.1437,26.3036,26.0504,26.237,947487
2011-01-26,26.3236,26.8501,26.1104,26.6435,1057300
2011-01-27,26.7568,26.7568,26.3036,26.4102,547317
2011-01-28,26.3836,26.5702,25.9971,26.2436,500891
2011-01-31,26.3236,26.9834,26.2903,26.6568,1042525
2011-02-01,26.8634,27.0833,26.5702,27.0034,857696
2011-02-02,26.99,27.3366,26.99,27.2899,592868
2011-02-03,27.6498,27.6498,27.2299,27.3232,1019355
2011-02-04,27.4165,27.6964,27.1566,27.6498,439165
2011-02-07,27.7231,27.7298,27.2966,27.2966,922657
2011-02-08,27.4099,27.5632,27.2699,27.5032,1010437
2011-02-09,27.4565,27.4898,27.3299,27.3632,552125
2011-02-10,26.8568,27.0234,26.4036,26.6302,2125442
2011-02-11,26.6368,26.7168,26.2903,26.3569,788626
2011-02-14,26.4769,26.4769,26.2636,26.3236,1059836
2011-02-15,26.4236,26.4236,26.197,26.3103,1060186
2011-02-16,26.3569,26.4502,26.137,26.1703,1087639
2011-02-17,26.263,26.4041,26.1824,26.2496,689566
2011-02-18,26.3369,26.3369,26.0011,26.2698,759424
2011-02-22,26.2294,26.2765,25.9137,26.0346,658529
2011-02-23,26.1018,26.1824,25.7324,25.7593,757937
2011-02-24,25.7458,25.9003,25.6316,25.6854,723315
2011-02-25,25.7727,25.8399,25.6451,25.7928,701020
2011-02-28,25.7928,25.8466,25.6787,25.7391,991465
2011-03-01,25.7055,25.8466,25.5242,25.5443,574158
2011-03-02,25.6115,25.6115,25.4368,25.4973,489175
2011-03-03,25.5107,25.7391,25.457,25.5981,679162
2011-03-04,25.5242,25.7458,25.5242,25.6787,467842
2011-03-07,25.8399,25.8399,25.457,25.5645,510945
2011-03-08,25.7593,25.9675,25.551,25.6787,816341
2011-03-09,25.7525,26.0951,25.598,25.6988,1240730
2011-03-10,25.6585,25.9272,25.3562,25.6921,582551
2011-03-11,25.6719,25.8264,25.3764,25.5645,816341
2011-03-14,25.3965,26.1488,25.3898,26.075,660365
2011-03-15,25.4839,25.766,25.2689,25.4301,1093497
2011-03-16,25.3227,25.4637,25.1077,25.2353,1934493
2011-03-17,25.2622,25.3227,25.0406,25.1346,840472
2011-03-18,25.1346,25.2018,24.9868,25.1077,1734014
2011-03-21,25.1682,25.2689,25.0943,25.1212,517765
2011-03-22,25.1816,25.457,25.1279,25.3428,1149452
2011-03-23,25.3227,25.4234,25.1279,25.3966,804625
2011-03-24,25.3697,25.5175,25.2018,25.2689,616649
2011-03-25,25.2555,25.766,25.2555,25.5309,877105
2011-03-28,25.5443,25.7055,25.3294,25.3294,495120
2011-03-29,25.4503,25.6451,25.3495,25.5376,503864
2011-03-30,25.5577,25.8197,25.3965,25.7727,479121
2011-03-31,25.86,25.86,25.5175,25.5578,621895
2011-04-01,25.5107,25.5846,25.3697,25.5242,1213539
2011-04-04,25.6048,25.6585,25.3966,25.4234,485153
2011-04-05,25.4906,25.7257,25.3562,25.6451,553437
2011-04-06,25.7593,25.7593,25.3562,25.6518,672343
2011-04-07,25.6787,25.6787,25.4973,25.4973,426400
2011-04-08,25.4973,25.6787,25.41,25.6787,408039
2011-04-11,25.5779,25.6787,25.4771,25.5376,624868
2011-04-12,25.4033,25.5846,25.3831,25.4033,894679
2011-04-13,25.3898,25.6921,25.3562,25.5175,396499
2011-04-14,25.4368,25.6115,25.3898,25.5309,838024
2011-04-15,25.4234,25.6384,25.4033,25.5443,604584
2011-04-18,25.6115,25.9608,25.4234,25.7794,852800
2011-04-19,25.7122,26.4645,25.5981,26.263,940405
2011-04-20,26.4847,26.4914,26.2362,26.3638,382160
2011-04-21,26.3907,26.3974,26.1354,26.2496,315975
2011-04-25,26.263,26.3101,26.1421,26.216,352696
2011-04-26,26.3436,26.4377,26.2496,26.3638,426138
2011-04-27,26.3638,26.4041,26.1891,26.2832,556060
2011-04-28,25.9138,25.9205,25.3898,25.5981,873433
2011-04-29,25.6249,25.7928,25.4973,25.766,874308
2011-05-02,25.766,26.1287,25.6316,25.7593,436192
2011-05-03,25.6048,25.719,25.2555,25.4503,597764
2011-05-04,25.3898,25.6383,25.2689,25.6316,544519
2011-05-05,25.4369,25.6854,25.3227,25.5107,511557
2011-05-06,25.4973,25.6921,25.457,25.5981,583513
2011-05-09,25.6316,25.6585,25.3764,25.5242,1974099
2011-05-10,25.6249,25.6249,25.4301,25.4973,247429
2011-05-11,25.457,25.5242,25.2421,25.3227,504913
2011-05-12,25.195,25.4033,25.1883,25.3562,800866
2011-05-13,25.3428,25.504,25.1816,25.3764,772014
2011-05-16,25.4839,25.4906,25.2152,25.4167,874308
2011-05-17,25.4499,25.6192,25.3144,25.5041,1691698
2011-05-18,25.5921,25.5989,25.4228,25.5108,295866
2011-05-19,25.5108,25.5108,25.2535,25.4228,591731
2011-05-20,25.3144,25.4838,25.2874,25.328,423864
2011-05-24,25.2264,25.3212,25.0503,25.1993,441525
2011-05-25,25.0842,25.3348,25.0774,25.3144,496607
2011-05-26,25.2873,25.6124,25.2196,25.5853,362138
2011-05-27,25.6734,25.8156,25.6124,25.6734,874308
2011-05-30,25.6666,25.8969,25.5921,25.7614,127736
2011-05-31,25.8698,25.8765,25.3686,25.5582,1856942
2011-06-01,25.5515,25.5515,25.091,25.091,556497
2011-06-02,25.091,25.3483,25.091,25.179,525459
2011-06-03,25.0571,25.1519,24.9217,25.1045,549065
2011-06-06,25.1045,25.1722,24.9217,25.0165,572409
2011-06-07,24.942,25.1587,24.8133,24.8878,608518
2011-06-08,24.6846,24.8472,24.6575,24.8404,717457
2011-06-09,24.8133,24.8675,24.6846,24.7523,431209
2011-06-10,24.7185,24.7659,24.3122,24.4137,345177
2011-06-13,24.258,24.5289,24.2444,24.2715,385307
2011-06-14,24.3731,24.5966,24.3122,24.5966,785041
2011-06-15,24.3528,24.583,24.3189,24.3596,390990
2011-06-16,24.3596,24.6779,24.3596,24.5424,2375931
2011-06-17,24.5966,24.7794,24.5424,24.556,982984
2011-06-20,24.5627,24.6643,24.4137,24.5627,294467
2011-06-21,24.6982,24.6982,24.3596,24.407,658878
2011-06-22,24.3189,24.5153,24.2986,24.3054,907969
2011-06-23,24.109,24.197,23.8923,24.0413,627053
2011-06-24,24.048,24.2106,23.9668,24.0277,551338
2011-06-27,24.0277,24.4679,23.9532,24.4137,575032
2011-06-28,24.4137,24.5289,24.2986,24.3528,520738
2011-06-29,24.4476,24.4747,24.2241,24.3731,459886
2011-06-30,24.3596,24.5492,24.346,24.5221,820363
2011-07-04,24.5221,24.6034,24.3122,24.4476,178184
2011-07-05,24.5289,24.583,24.3528,24.3528,554486
2011-07-06,24.4882,24.5086,24.258,24.2715,1001345
2011-07-07,24.2715,24.346,24.0616,24.1293,1224730
2011-07-08,24.1361,24.1632,24.0074,24.1158,518290
2011-07-11,24.1293,24.1293,23.7704,23.899,957542
2011-07-12,23.7772,23.9465,23.7704,23.8787,688342
2011-07-13,23.7704,23.9803,23.7704,23.8042,571098
2011-07-14,23.8246,23.9126,23.4859,23.5401,605458
2011-07-15,23.5672,23.5672,23.0051,23.1609,1237233
2011-07-18,23.1609,23.2015,22.89,22.9713,1113955
2011-07-19,23.0254,23.3031,22.9374,23.3031,956230
2011-07-20,23.3708,23.3708,23.1406,23.2286,2263495
2011-07-21,23.2896,23.4724,23.0999,23.4318,993476
2011-07-22,23.1947,23.3099,22.6801,22.8629,1587043
2011-07-25,22.6056,22.7004,22.3211,22.4363,1223506
2011-07-26,22.3347,22.3482,22.0164,22.0164,1119726
2011-07-27,21.8471,21.9825,21.6033,21.6236,1235572
2011-07-28,22.2331,22.5514,22.1789,22.4159,1098655
2011-07-29,22.443,22.443,22.1044,22.2534,930526
2011-08-02,22.3482,22.3482,21.6574,21.7049,1017519
2011-08-03,21.6168,21.6371,21.1089,21.5152,2114426
2011-08-04,21.4678,21.4678,20.7838,20.8109,1338128
2011-08-05,20.9938,21.0954,20.4114,20.7906,1753424
2011-08-08,20.3166,20.5468,19.7951,19.8967,1846625
2011-08-09,19.8493,20.513,19.4836,20.4791,2867467
2011-08-10,20.1744,20.6755,20.0592,20.3504,1492094
2011-08-11,20.4114,21.2037,20.2827,21.2037,1460618
2011-08-12,21.3459,21.3459,20.9057,21.1902,735380
2011-08-15,21.2444,21.4137,21.1766,21.3121,1530213
2011-08-16,21.202,21.3524,21.0515,21.072,879641
2011-08-17,21.1062,21.4619,20.9899,20.9899,1469624
2011-08-18,20.5249,20.901,20.3334,20.5727,1228315
2011-08-19,20.1829,20.6411,19.9777,19.9777,1774495
2011-08-22,20.3334,20.347,19.9777,20.0256,792298
2011-08-23,20.0256,20.6753,19.923,20.6753,4021203
2011-08-24,20.6753,20.6958,20.4018,20.518,1077497
2011-08-25,20.5522,20.5796,20.0666,20.1077,975815
2011-08-26,20.0051,20.3402,19.7041,20.2034,1680332
2011-08-29,20.4907,20.5864,20.306,20.5659,818527
2011-08-30,20.5522,20.5522,20.1966,20.3949,782331
2011-08-31,20.5796,20.8532,20.3949,20.7164,1433777
2011-09-01,20.7779,20.8463,20.4907,20.5522,1239156
2011-09-02,20.2581,20.4907,20.1145,20.1145,1615895
2011-09-06,19.6973,19.752,19.0886,19.5537,1693796
2011-09-07,19.8341,20.0119,19.6973,20.0051,1094021
2011-09-08,19.8273,20.053,19.7589,19.8409,889433
2011-09-09,19.6905,19.7794,19.2938,19.3211,1170261
2011-09-12,19.1502,19.2938,19.0818,19.2459,1451438
2011-09-13,19.198,19.5674,19.198,19.4306,2304675
2011-09-14,19.5126,20.0256,19.3417,19.8615,1055027
2011-09-15,20.0871,20.2855,19.9093,20.135,829718
2011-09-16,20.2445,20.4154,19.9777,20.0871,2024022
2011-09-19,19.6563,20.0256,19.6563,19.9025,1019967
2011-09-20,19.8478,20.4086,19.8478,20.0803,691752
2011-09-21,20.1008,20.3128,19.7589,19.7999,743424
2011-09-22,19.499,19.6836,19.1433,19.2528,1670015
2011-09-23,19.0202,19.6016,19.0202,19.5263,1952854
2011-09-26,19.5126,19.8136,19.2391,19.8136,1243266
2011-09-27,19.9982,20.1282,19.7247,19.752,1007552
2011-09-28,19.7931,20.0393,19.581,19.6563,877980
2011-09-29,19.8341,19.8956,19.3348,19.6563,665086
2011-09-30,19.6016,19.7452,19.2801,19.4237,874308
2011-10-03,19.1502,19.3827,18.9313,19.0202,1308576
2011-10-04,18.8424,19.4237,18.8424,19.4237,3409800
2011-10-05,19.4169,19.5605,19.1502,19.4921,1049169
2011-10-06,19.4511,20.094,19.4032,20.094,1224031
2011-10-07,20.094,20.2034,19.9162,19.9504,1311462
2011-10-11,20.1282,20.2239,19.9298,19.9982,1136600
2011-10-12,20.3128,20.3197,19.9572,20.0666,842833
2011-10-13,20.1487,20.1487,19.6426,19.7725,592781
2011-10-14,19.8409,19.8546,19.6358,19.6836,649611
2011-10-17,19.6973,19.711,19.369,19.4237,580540
2011-10-18,19.2869,19.4716,19.198,19.4442,787227
2011-10-19,19.3348,19.5058,19.1502,19.2801,632124
2011-10-20,19.2664,19.6358,19.2664,19.581,994000
2011-10-21,19.7725,19.8409,19.6152,19.8409,569087
2011-10-24,19.9162,20.0393,19.7931,20.0393,1182938
2011-10-25,20.1692,20.1692,19.8273,19.8683,1193343
2011-10-26,19.8683,20.053,19.8478,20.0393,1793817
2011-10-27,20.347,20.6753,20.2445,20.5796,2422794
2011-10-28,20.6001,20.6822,20.436,20.5591,975290
2011-10-31,20.347,20.6069,20.1692,20.1692,758112
2011-11-01,19.6631,20.5317,19.6289,20.3128,1646147
2011-11-02,20.3128,20.4702,19.9982,20.0393,1657163
2011-11-03,20.2581,20.2718,20.0393,20.2718,1366456
2011-11-04,20.3334,20.3539,20.0188,20.1145,1010612
2011-11-07,20.1829,20.4975,20.0598,20.4975,749981
2011-11-08,20.7232,20.7916,20.477,20.7369,495558
2011-11-09,20.5112,20.5112,20.1692,20.1761,637720
2011-11-10,20.1966,20.518,20.1487,20.2992,891094
2011-11-11,20.436,20.5044,20.2718,20.3539,815554
2011-11-14,20.5112,20.5727,20.1966,20.3812,961738
2011-11-15,20.346,20.5119,20.2838,20.3045,616999
2011-11-16,20.1179,20.2009,19.8415,19.8899,2448062
2011-11-17,19.8968,19.9244,19.4683,19.5858,883575
2011-11-18,19.6618,19.6964,19.2955,19.3163,766768
2011-11-21,19.1919,19.3093,19.0536,19.1919,1621928
2011-11-22,19.1919,19.3024,19.026,19.1228,665173
2011-11-23,18.9431,19.0536,18.6874,18.9223,1663808
2011-11-24,19.0675,19.0675,18.3833,18.6597,304084
2011-11-25,18.5077,19.0813,18.5077,18.9984,840472
2011-11-28,18.9984,19.102,18.8394,18.9776,546180
2011-11-29,18.9361,19.0053,18.2865,18.6874,3074853
2011-11-30,18.9016,19.1089,18.8878,19.0813,1049432
2011-12-01,19.3094,19.3094,18.7979,18.8118,843182
2011-12-02,18.9569,19.1089,18.4178,18.5422,1061847
2011-12-05,18.5906,19.0122,18.5906,18.9638,567601
2011-12-06,18.874,18.9569,18.5975,18.6528,887685
2011-12-07,18.6666,18.8463,18.3902,18.8325,1051005
2011-12-08,18.7634,18.9362,18.6113,18.6666,774637
2011-12-09,18.6044,19.0122,18.6044,18.8809,892056
2011-12-12,18.6735,18.9431,18.6666,18.9431,1398892
2011-12-13,18.9154,19.2126,18.7634,18.8394,1486323
2011-12-14,18.7288,18.9569,18.6252,18.8256,1442695
2011-12-15,18.867,18.9085,18.5837,18.6735,1136600
2011-12-16,18.6943,18.8325,18.4524,18.4524,2025946
2011-12-19,18.4524,18.5906,18.1345,18.2174,1602169
2011-12-20,18.245,18.3072,18.0584,18.1137,1399329
2011-12-21,18.0377,18.2312,18.0377,18.2312,1354827
2011-12-22,18.2174,18.5284,18.1345,18.4938,1108447
2011-12-23,18.4593,18.7634,18.4593,18.6113,1085715
2011-12-28,18.6252,18.6252,18.3142,18.3833,250402
2011-12-29,18.4662,18.6528,18.4386,18.6321,181856
2011-12-30,18.639,18.9362,18.6252,18.8187,387581
2012-01-03,19.0744,19.2057,18.7219,18.9085,583163
2012-01-04,18.9914,19.0536,18.8463,18.9085,699708
2012-01-05,18.9085,19.0053,18.7426,18.9707,602048
2012-01-06,18.9085,19.3854,18.9016,19.1435,477984
2012-01-09,19.2471,19.4959,19.1435,19.4476,1093409
2012-01-10,19.4959,19.6411,19.4683,19.6065,844406
2012-01-11,19.6065,19.7033,19.4614,19.6342,1748615
2012-01-12,19.5858,19.8691,19.5858,19.8346,813718
2012-01-13,19.7655,19.8484,19.6065,19.7378,1972088
2012-01-16,19.8622,19.9313,19.5581,19.6964,343428
2012-01-17,19.6964,20.1663,19.648,20.1041,1952067
2012-01-18,20.1387,20.3322,19.8208,19.8553,1446280
2012-01-19,20.0834,20.2354,19.9244,20.1525,962263
2012-01-20,20.2354,20.2354,20.0695,20.2009,2376193
2012-01-23,20.1456,20.2631,20.0834,20.1801,376914
2012-01-24,20.1248,20.3667,19.9382,19.959,544694
2012-01-25,20.0004,20.0765,19.8553,19.9728,569874
2012-01-26,19.8899,19.8899,19.2471,19.3093,1792156
2012-01-27,19.2333,19.3854,19.0467,19.2126,1840680
2012-01-30,19.1435,19.2679,19.0606,19.2126,509459
2012-01-31,19.2955,19.2955,18.8187,19.0329,1559328
2012-02-01,19.0398,19.2057,19.0053,19.0536,5292971
2012-02-02,19.1435,19.2817,18.8394,18.8394,1320817
2012-02-03,18.8809,19.026,18.7288,18.791,3112798
2012-02-06,18.8117,18.9292,18.7012,18.9154,1166239
2012-02-07,18.9016,18.9361,18.6459,18.7979,1083792
2012-02-08,18.8048,19.1504,18.7634,19.1435,1050218
2012-02-09,18.8325,19.0605,18.7841,18.9085,1558104
2012-02-10,18.6874,18.7012,18.2934,18.4247,2739206
2012-02-13,18.5215,18.715,18.3971,18.6459,895379
2012-02-14,18.6459,18.6597,18.4178,18.6252,844669
2012-02-15,18.715,18.7288,18.5629,18.6113,771227
2012-02-16,18.6597,18.9085,18.5422,18.8947,1797489
2012-02-17,18.9429,18.9639,18.8101,18.873,1089912
2012-02-21,18.873,19.4114,18.866,19.3485,1188184
2012-02-22,19.3485,19.9778,19.3275,19.81,2302489
2012-02-23,19.789,19.9778,19.6352,19.9639,780844
2012-02-24,19.9289,19.9988,19.8939,19.9499,610004
2012-02-27,19.9009,20.2086,19.831,20.0757,476410
2012-02-28,20.1177,20.1876,19.9289,20.0268,1135026
2012-02-29,20.0757,20.2016,19.9708,20.0757,3474936
2012-03-01,19.9708,20.0548,19.6981,19.9289,898001
2012-03-02,19.9848,20.1177,19.859,20.0827,961564
2012-03-05,19.9359,20.2785,19.9359,20.2296,2413964
2012-03-06,20.1037,20.2785,19.817,19.817,3241321
2012-03-07,19.824,20.0478,19.7191,19.9289,814767
2012-03-08,19.9149,20.0198,19.796,19.8939,562355
2012-03-09,19.817,20.0058,19.7681,19.9079,419056
2012-03-12,19.9639,20.2506,19.9219,20.2226,926067
2012-03-13,20.2436,20.3554,20.0827,20.3554,414859
2012-03-14,20.3135,20.3764,19.866,19.9988,710550
2012-03-15,20.0198,20.2226,19.9639,20.2226,3607219
2012-03-16,20.2366,20.5093,20.2226,20.4044,1994034
2012-03-19,20.2645,20.6002,20.1247,20.1596,542508
2012-03-20,20.0478,20.3345,19.9569,20.2436,1055989
2012-03-21,20.2645,20.9428,20.2086,20.8799,1396182
2012-03-22,20.6281,20.9428,20.5512,20.7121,1693009
2012-03-23,20.6491,20.8379,20.6421,20.6771,788101
2012-03-26,20.8379,20.9708,20.7191,20.8589,716495
2012-03-27,20.8659,20.9638,20.5932,20.6212,602398
2012-03-28,20.5512,20.6771,20.3904,20.5233,608606
2012-03-29,20.4883,20.5163,20.1527,20.2366,692627
2012-03-30,20.3694,20.3904,20.1387,20.1666,545655
2012-04-02,20.2505,20.3694,20.1177,20.3694,613851
2012-04-03,20.3694,20.4184,20.1247,20.1457,680998
2012-04-04,20.0338,20.1247,19.838,19.838,794046
2012-04-05,19.7401,19.7471,19.5653,19.5932,591906
2012-04-09,19.5513,19.5513,19.3135,19.4254,503601
2012-04-10,19.4254,19.4814,19.2716,19.4044,827707
2012-04-11,19.3485,19.81,19.3415,19.803,553524
2012-04-12,19.7121,19.9079,19.6002,19.845,526246
2012-04-13,19.7401,19.9359,19.7121,19.7541,474312
2012-04-16,19.9778,19.9848,19.7751,19.9079,401744
2012-04-17,19.803,20.0478,19.7681,20.0338,340281
2012-04-18,19.9289,20.0128,19.6842,19.7751,681785
2012-04-19,19.7261,19.789,19.5793,19.7681,941367
2012-04-20,19.9009,20.0897,19.789,20.0338,355668
2012-04-23,19.9499,19.9499,19.6562,19.7191,590158
2012-04-24,19.7051,20.0547,19.7051,19.9988,390378
2012-04-25,20.1037,20.1666,19.9289,20.0967,306882
2012-04-26,20.1317,20.3345,19.9149,20.3275,539186
2012-04-27,20.2436,20.5722,20.2366,20.4673,591906
2012-04-30,20.4603,20.6421,20.3554,20.6421,570923
2012-05-01,20.803,21.1246,20.782,20.8239,1210829
2012-05-02,20.9079,21.1176,20.8519,20.9918,732058
2012-05-03,20.9778,21.1526,20.8169,20.8799,619010
2012-05-04,20.6351,20.8449,20.4044,20.5652,601174
2012-05-07,20.4533,20.6771,20.3135,20.6212,685807
2012-05-08,20.6212,20.754,20.4114,20.6911,652671
2012-05-09,20.6212,20.8659,20.5233,20.726,545568
2012-05-10,20.6351,20.796,20.5372,20.6771,428411
2012-05-11,20.6281,20.726,20.4953,20.6421,235276
2012-05-14,20.4603,20.5722,20.2925,20.3135,813980
2012-05-15,20.2855,20.3135,20.0198,20.1596,780669
2012-05-16,20.0757,20.3904,20.0757,20.3554,663600
2012-05-17,20.3484,20.3904,20.0128,20.0338,448520
2012-05-18,20.2016,20.2016,19.81,19.845,484366
2012-05-22,20.1886,20.3866,20.1038,20.2099,365723
2012-05-23,20.0189,20.4856,19.8916,20.4291,561830
2012-05-24,20.4361,20.917,20.4361,20.818,1881685
2012-05-25,20.8534,20.8534,20.2311,20.3089,2040722
2012-05-28,20.323,20.5988,19.8634,20.521,907969
2012-05-29,20.6412,20.6412,20.3584,20.422,983771
2012-05-30,20.3513,20.422,20.1604,20.2028,2118273
2012-05-31,20.125,20.2806,19.9907,20.0755,1064032
2012-06-01,20.0189,20.0189,19.8139,19.8209,1501623
2012-06-04,19.6795,20.2028,19.6229,20.0543,842221
2012-06-05,20.0543,20.3654,19.9765,20.224,979837
2012-06-06,20.125,20.6695,20.125,20.6059,949673
2012-06-07,20.7331,20.917,20.5776,20.5776,1059574
2012-06-08,20.5422,20.6695,20.4291,20.4998,684758
2012-06-11,20.5069,20.6907,20.4715,20.521,856297
2012-06-12,20.4786,20.5705,20.2876,20.4574,787489
2012-06-13,20.2876,20.422,20.2099,20.224,542858
2012-06-14,20.2664,20.2664,19.8209,19.927,885149
2012-06-15,19.9906,20.2099,19.8351,19.8704,1478017
2012-06-18,19.7997,20.2452,19.7997,20.1179,693239
2012-06-19,20.2028,20.4079,20.0967,20.3442,1145868
2012-06-20,20.2664,20.5634,20.2664,20.4927,658703
2012-06-21,20.5069,20.5917,20.0826,20.0967,451842
2012-06-22,20.2381,20.3442,20.0401,20.1745,240172
2012-06-25,20.1886,20.1886,19.8775,19.9341,351384
2012-06-26,19.9199,19.9906,19.7926,19.9553,474749
2012-06-27,19.9553,20.3018,19.9553,20.1957,326904
2012-06-28,20.1957,20.2169,19.8846,20.1745,479907
2012-06-29,20.3584,20.4856,20.2452,20.4856,604846
2012-07-03,20.6836,20.7756,20.3371,20.4998,663600
2012-07-04,20.5139,20.8816,20.5139,20.8039,154752
2012-07-05,20.8463,20.8816,20.5068,20.7614,551164
2012-07-06,20.719,20.7402,20.4432,20.5281,283713
2012-07-09,20.4432,20.7402,20.1533,20.4998,823773
2012-07-10,20.5069,20.7331,20.3796,20.4644,919947
2012-07-11,20.6766,20.6766,20.4432,20.5988,755752
2012-07-12,20.4715,20.6554,20.3371,20.4503,568912
2012-07-13,20.4291,20.7756,20.4291,20.7119,2793501
2012-07-16,20.7897,20.7897,20.6554,20.7049,287735
2012-07-17,20.8109,20.9806,20.62,20.9241,441700
2012-07-18,20.9948,21.1008,20.9099,21.0231,267101
2012-07-19,21.1291,21.2069,20.8251,20.9736,725151
2012-07-20,20.9241,20.9241,20.521,20.521,379974
2012-07-23,20.4503,20.4503,20.0543,20.3301,366860
2012-07-24,20.3018,20.3159,19.729,19.8987,1239069
2012-07-25,19.9765,20.1533,19.9765,20.0401,768779
2012-07-26,20.2381,20.521,20.1462,20.3796,631600
2012-07-27,20.7685,20.7685,20.3725,20.7049,474312
2012-07-30,20.8251,20.8321,20.1745,20.4644,750681
2012-07-31,20.6483,20.6483,19.7785,20.1109,877455
2012-08-01,20.3159,20.323,19.9907,20.026,451667
2012-08-02,19.9906,20.0472,19.6229,19.6937,676539
2012-08-03,19.9341,20.1604,19.8916,20.0543,873608
2012-08-07,19.9412,20.4079,19.9412,20.3725,1164403
2012-08-08,20.4079,20.5351,20.0401,20.4361,778746
2012-08-09,20.4503,20.5422,20.2452,20.3513,236325
2012-08-10,20.4361,20.6836,20.2452,20.4574,393526
2012-08-13,20.4998,20.5634,20.323,20.4998,171189
2012-08-14,20.5422,20.7261,20.3584,20.6766,433307
2012-08-15,20.6766,20.9311,20.6341,20.8887,320346
2012-08-16,20.9948,21.1079,20.7826,20.9524,397810
2012-08-17,20.9665,21.0018,20.6554,20.9665,454290
2012-08-20,20.8675,20.9806,20.5917,20.7897,678638
2012-08-21,20.8834,20.9191,20.5259,20.6474,575032
2012-08-22,20.5473,20.6403,20.2828,20.4473,538049
2012-08-23,20.3186,20.4473,20.2614,20.3686,910591
2012-08-24,20.3114,20.626,20.3114,20.5044,309417
2012-08-27,20.5616,20.6403,20.4902,20.5616,184829
2012-08-28,20.4973,20.6975,20.3615,20.5116,1708135
2012-08-29,20.5116,20.6117,20.29,20.3186,457088
2012-08-30,20.2328,20.4258,20.1398,20.1684,470902
2012-08-31,20.197,20.2614,19.9897,20.004,777260
2012-09-04,20.0111,20.0183,19.7538,19.7681,642791
2012-09-05,19.8038,20.054,19.8038,19.9897,298926
2012-09-06,19.9825,20.0397,19.8825,20.0397,367209
2012-09-07,20.0254,20.1327,19.7252,19.8825,928865
2012-09-10,19.9682,19.9825,19.6823,19.7109,640343
2012-09-11,19.7323,19.8539,19.6966,19.7609,2173879
2012-09-12,19.8967,20.197,19.8539,20.1327,1623502
2012-09-13,20.197,20.3043,20.0755,20.1827,1641513
2012-09-14,20.2685,20.433,20.1255,20.4044,1474520
2012-09-17,20.3615,20.5402,20.34,20.4115,416170
2012-09-18,20.4187,20.7547,20.3543,20.7189,755140
2012-09-19,20.7261,20.8333,20.626,20.6474,344215
2012-09-20,20.5116,20.819,20.4901,20.6617,552300
2012-09-21,20.6617,20.7976,20.4973,20.5902,2138644
2012-09-24,20.5831,20.7332,20.4544,20.5331,629064
2012-09-25,20.5402,20.5545,20.4258,20.4258,1151988
2012-09-26,20.3901,20.7761,20.3901,20.5902,373679
2012-09-27,20.5545,20.626,20.4187,20.5545,417919
2012-09-28,20.4544,20.5187,20.2328,20.3186,1062546
2012-10-01,20.4044,20.4973,20.2185,20.2685,421679
2012-10-02,20.3329,20.4115,20.2685,20.3472,1205321
2012-10-03,20.3972,20.4544,20.3186,20.3257,478858
2012-10-04,20.3758,20.4044,20.1899,20.29,381985
2012-10-05,20.3972,20.4472,20.147,20.197,741588
2012-10-09,20.0826,20.0898,19.7824,19.8181,1669403
2012-10-10,19.811,20.0326,19.7609,19.811,621108
2012-10-11,19.811,19.9539,19.668,19.6966,929477
2012-10-12,19.7109,19.8181,19.668,19.6966,438640
2012-10-15,19.6966,19.8038,19.6251,19.7967,606158
2012-10-16,19.9039,20.0469,19.8968,20.0183,671293
2012-10-17,19.9539,20.1184,19.9253,20.0898,2208414
2012-10-18,20.0969,20.34,20.0898,20.3257,648212
2012-10-19,20.3257,20.3901,20.2113,20.2328,577655
2012-10-22,20.0969,20.2971,20.0969,20.2328,589721
2012-10-23,20.0254,20.1398,19.8038,20.0683,647250
2012-10-24,20.197,20.197,19.8396,19.8539,517590
2012-10-25,20.0111,20.1613,19.8396,20.1613,1812964
2012-10-26,20.197,20.3472,20.1112,20.2256,446596
2012-10-29,20.0326,20.3829,20.0183,20.1041,166206
2012-10-30,20.1613,20.4759,20.0683,20.4759,256085
2012-10-31,20.483,20.483,20.1041,20.1041,689654
2012-11-01,20.1112,20.4902,20.0683,20.3257,664736
2012-11-02,20.3543,20.3972,19.9682,20.0612,952733
2012-11-05,19.8753,19.9539,19.5679,19.7967,1251047
2012-11-06,19.811,19.9468,19.7609,19.8753,835488
2012-11-07,19.9396,20.0183,19.7681,19.9682,1049519
2012-11-08,19.9682,20.2328,19.9682,20.1684,752254
2012-11-09,20.0469,20.197,19.9325,19.9396,603797
2012-11-12,19.9182,20.0254,19.7109,19.7967,684408
2012-11-13,19.7967,20.0111,19.7895,19.8825,559295
2012-11-14,19.9611,19.9611,19.5822,19.6108,762309
2012-11-15,19.6036,19.7538,19.5464,19.575,818964
2012-11-16,19.6251,19.6894,19.4749,19.6108,856822
2012-11-19,19.7547,19.8198,19.5522,19.639,988317
2012-11-20,19.639,19.7403,19.3713,19.4509,799030
2012-11-21,19.3569,19.4798,19.2773,19.422,689741
2012-11-22,19.5305,19.7402,19.4798,19.6534,196457
2012-11-23,19.5522,19.8488,19.545,19.7547,339669
2012-11-26,19.6173,19.8705,19.6173,19.7258,406641
2012-11-27,19.762,19.762,19.516,19.5377,883313
2012-11-28,19.545,19.5667,19.4147,19.5594,321570
2012-11-29,19.5667,19.6173,19.4799,19.5522,820363
2012-11-30,19.5305,19.8198,19.5233,19.7837,1566060
2012-12-03,19.7113,20.1309,19.61,20.0585,1072950
2012-12-04,19.9139,20.0513,19.7837,19.9066,853062
2012-12-05,20.073,20.1381,19.8849,20.1092,855073
2012-12-06,20.1815,20.1815,19.9862,20.073,682747
2012-12-07,20.167,20.1887,19.8994,20.0658,548191
2012-12-10,20.0441,20.2249,19.9717,20.0585,892056
2012-12-11,20.1381,20.4925,20.0368,20.4564,1403176
2012-12-12,20.4781,20.8036,20.4781,20.7602,770265
2012-12-13,20.6517,20.724,20.5793,20.6155,430597
2012-12-14,20.6806,20.7312,20.4419,20.5287,1458782
2012-12-17,20.5576,20.7891,20.4564,20.7602,975727
2012-12-18,20.8325,20.8325,20.5866,20.7168,980711
2012-12-19,20.6806,20.9121,20.6806,20.8325,508322
2012-12-20,20.8904,20.9989,20.8325,20.9989,1100316
2012-12-21,21.0061,21.0061,20.7602,20.8036,1244664
2012-12-24,20.9338,20.941,20.6517,20.6951,159299
2012-12-27,20.6227,20.818,20.6083,20.818,468891
2012-12-28,20.6878,20.8108,20.6155,20.6517,227145
2012-12-31,20.6083,20.9772,20.5793,20.818,294729
2013-01-02,20.9772,21.1146,20.8325,20.9772,1051530
2013-01-03,21.064,21.064,20.7963,20.941,399209
2013-01-04,20.941,21.0423,20.8614,20.9989,440389
2013-01-07,20.9989,20.9989,20.847,20.8615,1225692
2013-01-08,20.941,21.0278,20.7963,21.0133,443624
2013-01-09,21.0206,21.0278,20.8687,20.9483,333286
2013-01-10,21.0495,21.1146,20.9338,21.0495,480957
2013-01-11,21.1146,21.1797,20.9989,21.1725,466705
2013-01-14,21.1942,21.3244,21.0423,21.2593,513743
2013-01-15,21.1363,21.5197,21.1363,21.4763,826396
2013-01-16,21.3461,21.5342,21.2738,21.3027,801653
2013-01-17,21.2521,21.5559,21.2521,21.5197,641305
2013-01-18,21.5993,21.6788,21.498,21.6065,403493
2013-01-21,21.6788,21.8814,21.5559,21.8235,269899
2013-01-22,21.8235,21.8235,21.5848,21.6933,748145
2013-01-23,21.6354,22.2213,21.6354,22.2213,623032
2013-01-24,22.3154,22.5396,22.3082,22.4528,1185212
2013-01-25,22.4528,22.583,22.3299,22.395,1403614
2013-01-28,22.3805,22.5035,22.2213,22.3081,701282
2013-01-29,22.3371,22.4239,22.2647,22.3226,785128
2013-01-30,22.4022,22.4022,22.0622,22.1201,1226741
2013-01-31,22.2141,22.2286,22.0912,22.0984,651359
2013-02-01,22.2865,22.5179,22.1562,22.3154,970394
2013-02-04,22.1562,22.2069,21.8814,21.9609,467405
2013-02-05,22.055,22.149,21.9754,21.9899,1056251
2013-02-06,22.0405,22.243,21.9899,22.1562,492847
2013-02-07,22.2792,22.2792,21.9248,22.149,453416
2013-02-08,22.243,22.3371,22.1273,22.2503,462771
2013-02-11,22.4022,22.4022,22.2213,22.2213,395537
2013-02-12,22.2575,22.3226,22.1924,22.2213,903335
2013-02-13,22.3299,22.3805,21.2665,21.715,1841729
2013-02-14,21.7078,21.9031,21.6354,21.8669,1220796
2013-02-15,21.809,22.3154,21.7729,22.2792,1849248
2013-02-19,22.4167,22.6337,22.3443,22.6337,1202785
2013-02-20,22.5903,22.8362,22.5324,22.6843,1779216
2013-02-21,22.6594,22.6594,22.1478,22.1989,988929
2013-02-22,22.2867,22.4621,22.1989,22.3013,571710
2013-02-25,22.4986,22.791,22.4475,22.5863,842046
2013-02-26,22.5864,22.6668,22.4767,22.5352,368258
2013-02-27,22.5133,22.791,22.5133,22.6521,1170873
2013-02-28,22.7764,23.0615,22.6521,23.0322,755052
2013-03-01,23.0907,23.0907,22.7472,22.8933,1296249
2013-03-04,22.9445,22.9884,22.7837,22.908,354881
2013-03-05,22.886,23.2369,22.886,23.1784,1120950
2013-03-06,23.3831,23.3831,22.9957,23.0176,654244
2013-03-07,23.0249,23.1419,22.8641,23.1126,1246763
2013-03-08,23.2369,23.2369,22.9226,23.1053,1699130
2013-03-11,23.1053,23.3319,23.0615,23.2881,667097
2013-03-12,23.2881,23.4489,23.2369,23.405,6037794
2013-03-13,23.4635,23.5512,23.2954,23.4342,1249211
2013-03-14,23.4854,23.5878,23.3027,23.3831,816429
2013-03-15,23.5731,24.4137,23.5439,24.0336,2973433
2013-03-18,23.9459,24.1506,23.6681,23.924,620758
2013-03-19,23.9386,24.0921,23.8582,23.9752,629152
2013-03-20,24.1213,24.3552,23.9825,24.3552,1099267
2013-03-21,24.326,24.326,24.0483,24.0483,1052317
2013-03-22,24.1213,24.1506,23.8217,24.114,1797577
2013-03-25,24.2822,24.5161,24.0409,24.1725,937695
2013-03-26,24.1798,24.1871,23.9751,24.0336,1229451
2013-03-27,23.8363,24.1579,23.8363,24.0336,973716
2013-03-28,23.9094,24.1725,23.7705,24.0921,889084
2013-04-01,24.1506,24.1506,24.0117,24.0702,462684
2013-04-02,24.0555,24.1579,23.9971,24.0044,774549
2013-04-03,23.9605,24.0702,23.6243,23.6389,1524880
2013-04-04,23.7778,23.7924,23.5073,23.5366,1062459
2013-04-05,23.5,23.6462,23.2369,23.6316,844931
2013-04-08,23.6024,23.8874,23.4781,23.8582,1942887
2013-04-09,23.8582,23.9532,23.6608,23.9459,538836
2013-04-10,24.0702,24.2895,24.0044,24.2748,1242828
2013-04-11,24.2017,24.2968,24.1798,24.2529,419056
2013-04-12,24.1871,24.2383,24.0483,24.1725,711774
2013-04-15,24.1725,24.3114,24.0775,24.2091,681435
2013-04-16,24.1944,24.5161,24.1579,24.3772,659490
2013-04-17,24.3772,24.4357,24.2164,24.3041,1165802
2013-04-18,24.5014,24.5014,24.0848,24.114,1052229
2013-04-19,23.9971,24.3114,23.9971,24.2895,389154
2013-04-22,24.2968,24.4137,24.1652,24.3041,534202
2013-04-23,24.4503,24.5234,24.2821,24.4503,690616
2013-04-24,24.421,24.633,24.3406,24.6038,404367
2013-04-25,24.516,24.8523,24.4649,24.7207,557808
2013-04-26,24.7207,24.7938,24.5891,24.6915,774986
2013-04-29,24.8523,24.94,24.6988,24.9254,1658474
2013-04-30,24.4795,24.8523,24.136,24.6696,1706736
2013-05-01,24.6549,24.6988,24.4722,24.5818,554923
2013-05-02,24.4503,24.8961,24.4503,24.8231,464170
2013-05-03,24.9692,25.1301,24.8304,25.0643,803751
2013-05-06,25.1958,25.2835,25.0131,25.0204,666485
2013-05-07,24.9985,25.1081,24.9839,24.9839,608780
2013-05-08,24.9254,25.0789,24.7573,24.9692,1357188
2013-05-09,24.9619,25.2031,24.9619,25.1593,374291
2013-05-10,25.1447,25.4517,25.1227,25.4078,453678
2013-05-13,25.4371,25.5686,25.3567,25.4809,569786
2013-05-14,25.4663,25.766,25.4663,25.5905,1150064
2013-05-15,25.5028,25.6783,25.4882,25.5394,1137999
2013-05-16,25.5467,25.6417,25.5467,25.6271,1105125
2013-05-17,25.5101,26.0145,25.4955,25.956,1035967
2013-05-21,26.2091,26.7551,26.2017,26.4674,1793118
2013-05-22,26.5781,26.9913,26.5338,26.7183,2500520
2013-05-23,26.5633,26.8806,26.4747,26.6371,2184283
2013-05-24,26.5633,26.9544,26.5633,26.8363,1099267
2013-05-27,26.792,27.0355,26.6518,26.8215,367297
2013-05-28,26.8584,27.1167,26.8437,26.8953,1536771
2013-05-29,26.733,26.8289,26.3862,26.4895,714309
2013-05-30,26.519,26.5338,26.032,26.1206,1065694
2013-05-31,25.914,26.0099,25.4565,25.4565,1766626
2013-06-03,25.5303,25.6926,25.4491,25.6188,974766
2013-06-04,25.7516,25.914,25.545,25.8107,646113
2013-06-05,25.6041,25.7885,25.4712,25.5893,834439
2013-06-06,25.5303,25.6041,25.0802,25.2868,939269
2013-06-07,25.2573,25.4196,25.0064,25.4196,881302
2013-06-10,25.4196,25.5155,25.2941,25.3679,868537
2013-06-11,25.331,25.3679,25.0507,25.2351,758812
2013-06-12,25.3089,25.3679,24.7334,24.785,1206632
2013-06-13,24.6301,24.9031,24.5194,24.8957,966110
2013-06-14,24.7629,24.9695,24.7629,24.8441,594180
2013-06-17,25.0728,25.2646,24.9621,25.1466,702681
2013-06-18,25.2351,25.5672,25.1835,25.4565,468804
2013-06-19,25.3532,25.4565,25.2204,25.3015,716845
2013-06-20,25.3015,25.3532,24.7998,24.8957,1769424
2013-06-21,24.881,25.1392,24.8219,24.8293,2112765
2013-06-24,24.6596,24.8145,24.4087,24.453,939181
2013-06-25,24.4973,24.7186,24.4973,24.6448,1179616
2013-06-26,24.7186,25.1318,24.7186,24.8809,1031333
2013-06-27,25.0802,25.2351,24.9695,25.0802,1127070
2013-06-28,25.1318,25.4565,25.1097,25.3237,529044
2013-07-02,25.4048,25.5008,25.2056,25.3532,688867
2013-07-03,25.4048,25.4122,24.8662,25.1982,377788
2013-07-04,25.3384,25.5967,25.1687,25.3679,213419
2013-07-05,25.4417,25.5672,25.2646,25.3827,533065
2013-07-08,25.4565,25.6262,25.331,25.4565,522836
2013-07-09,25.545,25.8549,25.4048,25.8254,635971
2013-07-10,25.8107,25.9509,25.6336,25.8697,761959
2013-07-11,26.0173,26.0246,25.6778,25.8992,615163
2013-07-12,25.9582,26.0911,25.8771,26.0394,428760
2013-07-15,26.1796,26.4747,26.1648,26.2829,517852
2013-07-16,26.2681,26.3346,26.1353,26.187,481394
2013-07-17,26.2681,26.5633,26.2534,26.4452,560344
2013-07-18,26.4083,26.6666,26.4083,26.4747,392477
2013-07-19,26.401,26.6076,26.2829,26.4083,352871
2013-07-22,26.3419,26.5633,26.3419,26.4231,311778
2013-07-23,26.5633,26.7182,26.4895,26.6149,505350
2013-07-24,26.5928,26.8363,26.519,26.5854,506749
2013-07-25,26.6149,26.7773,26.519,26.7404,616387
2013-07-26,26.7182,26.8068,26.4231,26.7551,707840
2013-07-29,26.7109,27.2864,26.7035,26.8363,1133365
2013-07-30,26.8511,26.8584,25.7443,25.9361,1483613
2013-07-31,25.9435,26.305,25.7738,25.8254,1043836
2013-08-01,26.1427,26.3936,25.973,26.3862,898176
2013-08-02,26.3124,26.5338,26.2829,26.3788,618835
2013-08-06,26.2239,26.4379,25.9951,26.2829,844057
2013-08-07,26.1206,26.2681,26.1132,26.1944,463033
2013-08-08,26.1944,26.4895,26.1796,26.2681,481656
2013-08-09,26.1944,26.3567,26.1353,26.2903,355056
2013-08-12,26.2608,26.7109,26.2165,26.6371,619797
2013-08-13,26.7109,26.888,26.6666,26.6961,738528
2013-08-14,26.7404,26.7551,26.4747,26.6666,757150
2013-08-15,26.6297,26.6297,26.3345,26.4452,1002656
2013-08-16,26.3567,26.7109,26.3567,26.5559,934198
2013-08-19,26.4157,26.578,26.3124,26.3714,576256
2013-08-20,26.51,26.5174,26.1227,26.3461,694113
2013-08-21,26.212,26.443,25.996,26.1822,722615
2013-08-22,26.2716,26.4653,26.1897,26.443,754615
2013-08-23,26.4877,26.6292,26.3163,26.361,547142
2013-08-26,26.4206,26.4728,26.2269,26.2418,676190
2013-08-27,25.8247,26.1748,25.7502,25.7949,619097
2013-08-28,25.8322,26.1301,25.7651,25.8545,660802
2013-08-29,25.8247,26.1822,25.8247,26.1003,575994
2013-08-30,26.0556,26.1003,25.713,25.713,650397
2013-09-03,25.9141,26.0705,25.8396,25.9364,577480
2013-09-04,25.9364,26.078,25.8768,26.0333,466356
2013-09-05,26.0333,26.4578,25.9886,26.443,569174
2013-09-06,26.5994,26.5994,26.1227,26.3312,551863
2013-09-09,26.2716,26.361,26.0556,26.3536,404105
2013-09-10,26.6217,26.6217,26.361,26.5174,747358
2013-09-11,26.5472,26.7335,26.3461,26.7037,493022
2013-09-12,26.726,26.8824,26.577,26.6292,793434
2013-09-13,26.7186,26.8601,26.6217,26.6962,651010
2013-09-16,26.6887,26.9867,26.6887,26.8303,710900
2013-09-17,26.7856,26.9197,26.6888,26.8377,580803
2013-09-18,26.7856,27.0314,26.7856,26.9718,614376
2013-09-19,26.9569,26.9569,26.7186,26.8154,395624
2013-09-20,26.8154,26.8526,26.7186,26.7558,1316183
2013-09-23,26.659,27.0835,26.659,27.0612,435930
2013-09-24,27.0388,27.307,27.0091,27.2027,686332
2013-09-25,27.2027,27.3293,27.1059,27.1878,645239
2013-09-26,27.2921,27.3815,27.1506,27.2549,706703
2013-09-27,27.2102,27.2251,26.9346,26.9867,429635
2013-09-30,26.8824,27.1878,26.7781,26.8303,874832
2013-10-01,26.8154,27.1878,26.8154,27.0314,823860
2013-10-02,26.8675,27.0686,26.5398,26.5472,1564836
2013-10-03,26.5174,26.6366,26.4057,26.4951,888559
2013-10-04,26.5547,26.726,26.4057,26.4057,624431
2013-10-07,26.1971,26.4802,26.1822,26.2865,669632
2013-10-08,26.2269,26.3759,26.1227,26.2642,592256
2013-10-09,26.2567,26.443,26.1971,26.2418,515667
2013-10-10,26.4355,26.7781,26.4355,26.7037,437941
2013-10-11,26.8154,26.875,26.7186,26.7707,416345
2013-10-15,26.9793,26.9793,26.6292,26.8228,768254
2013-10-16,26.8228,26.9048,26.5845,26.6217,669545
2013-10-17,26.5845,26.8973,26.51,26.8526,554311
2013-10-18,26.793,26.9569,26.7781,26.8228,820188
2013-10-21,26.7632,27.0165,26.7632,26.9495,817915
2013-10-22,27.0016,27.3517,26.9495,27.3294,816341
2013-10-23,27.2027,27.5901,27.0687,27.4858,929564
2013-10-24,27.4038,27.672,27.4038,27.5007,853674
2013-10-25,27.4783,27.6199,27.4038,27.5379,1359986
2013-10-28,27.5603,27.9253,27.456,27.7986,1402914
2013-10-29,28.1189,28.7521,28.1189,28.7372,2360281
2013-10-30,28.752,29.3703,28.7371,29.3033,2163912
2013-10-31,29.0649,29.6012,29.0649,29.1841,1834997
2013-11-01,29.199,29.6161,29.1841,29.5788,983858
2013-11-04,29.3926,29.6906,29.3554,29.4075,784079
2013-11-05,29.2064,29.7278,29.2064,29.6161,1064382
2013-11-06,29.631,29.7949,29.5416,29.6608,1384466
2013-11-07,29.7055,29.8172,29.5789,29.6012,587622
2013-11-08,29.5714,29.8917,29.5714,29.8545,610004
2013-11-11,29.8172,29.9215,29.6906,29.6906,338707
2013-11-12,29.7204,29.8768,29.564,29.7502,1032732
2013-11-13,29.6608,29.8843,29.5863,29.8396,725675
2013-11-14,29.6236,30.2493,29.6236,30.0109,1257866
2013-11-15,29.9662,30.0258,29.7353,29.8172,1264336
2013-11-18,29.8023,30.0779,29.7725,29.847,462072
2013-11-19,29.7636,29.9965,29.7411,29.8688,830243
2013-11-20,29.7711,29.989,29.7711,29.8463,767992
2013-11-21,29.8312,30.1993,29.8312,30.1317,1351243
2013-11-22,30.0566,30.2068,30.0115,30.0115,830330
2013-11-25,30.1017,30.1994,29.9364,29.9439,832778
2013-11-26,29.9364,30.0115,29.5082,29.5082,1131791
2013-11-27,29.7035,29.989,29.7035,29.8087,684146
2013-11-28,29.9965,30.004,29.6134,29.666,109638
2013-11-29,29.6735,30.0566,29.6735,29.7261,427012
2013-12-02,29.6284,30.0716,29.6284,30.0341,550552
2013-12-03,29.8463,30.0641,29.7711,29.9589,738615
2013-12-04,29.6359,29.7411,29.4556,29.6885,795795
2013-12-05,29.6209,29.8162,29.3655,29.3655,730572
2013-12-06,29.5533,29.6059,29.4631,29.5232,780932
2013-12-09,29.5232,29.9064,29.5232,29.8162,813281
2013-12-10,29.6735,29.8312,29.4857,29.6209,458574
2013-12-11,29.666,29.696,29.1927,29.2378,913652
2013-12-12,29.1627,29.4481,29.1627,29.2829,696036
2013-12-13,29.3429,29.4481,29.2227,29.2753,512519
2013-12-16,29.3054,29.6509,29.3054,29.4857,752254
2013-12-17,29.5984,29.5984,29.3505,29.373,915662
2013-12-18,29.373,29.5383,29.0725,29.388,975553
2013-12-19,29.7261,30.0491,29.6059,29.9064,932799
2013-12-20,30.0416,30.4472,30.019,30.1092,1755348
2013-12-23,30.1317,30.267,30.0341,30.1918,287822
2013-12-24,30.312,30.4022,30.2219,30.312,115933
2013-12-27,30.4548,30.575,30.3721,30.5149,252500
2013-12-30,30.4397,30.4848,30.2294,30.4022,235538
2013-12-31,30.4022,30.4322,30.1693,30.1768,250926
2014-01-02,30.0716,30.1392,29.8913,29.9815,486989
2014-01-03,29.8988,30.1543,29.8988,30.0566,307407
2014-01-06,30.1167,30.1918,30.019,30.0867,512781
2014-01-07,30.2219,30.3421,30.1543,30.1543,516279
2014-01-08,30.0716,30.2745,30.019,30.0641,490487
2014-01-09,30.0641,30.3721,30.0115,30.2369,455689
2014-01-10,30.3271,30.8755,30.2895,30.7402,800341
2014-01-13,30.7553,30.898,30.4773,30.575,1130655
2014-01-14,30.6651,30.7928,30.4472,30.4848,535688
2014-01-15,30.4773,30.8604,30.4773,30.7327,840210
2014-01-16,30.5149,30.8454,30.5149,30.8003,750331
2014-01-17,30.8454,31.1309,30.8003,30.9656,566377
2014-01-20,31.0933,31.4764,30.9355,31.3487,226883
2014-01-21,31.2736,31.6267,31.0783,31.2811,699883
2014-01-22,31.1008,31.2811,31.0783,31.1233,1164316
2014-01-23,30.9956,31.1158,30.7853,30.8754,824822
2014-01-24,30.8379,30.8754,30.1392,30.1618,840297
2014-01-27,30.0491,30.4773,30.0491,30.1468,840997
2014-01-28,30.2144,30.4022,30.1468,30.282,520388
2014-01-29,30.0867,30.267,29.7862,30.1918,563579
2014-01-30,30.3346,30.5524,30.2594,30.4698,425088
2014-01-31,30.1468,30.267,30.0115,30.1843,780232
2014-02-03,30.0491,30.0716,29.5608,29.6284,938307
2014-02-04,29.6209,29.711,29.4256,29.4857,1083092
2014-02-05,29.6059,29.7561,29.4256,29.6509,1254632
2014-02-06,29.6434,30.2369,29.5683,30.0867,1322915
2014-02-07,30.1843,30.3571,30.0266,30.0716,660015
2014-02-10,30.1618,30.2369,29.9514,30.0341,620059
2014-02-11,30.0191,30.4623,29.989,30.2144,1676223
2014-02-12,28.9598,29.0199,28.2461,28.3588,2822877
2014-02-13,28.171,28.4865,27.8254,28.3062,1679633
2014-02-14,28.156,28.5617,27.9532,28.3062,854111
2014-02-18,28.3138,28.5617,28.2687,28.4114,780494
2014-02-19,28.479,28.8021,28.3588,28.5992,1000383
2014-02-20,28.7403,28.9982,28.5431,28.8996,1630671
2014-02-21,29.0286,29.2258,28.9755,29.0892,1455547
2014-02-24,29.1044,29.3775,28.9527,29.2333,1623677
2014-02-25,29.2865,29.3851,29.0589,29.112,705042
2014-02-26,29.1196,29.3244,29.0361,29.0589,497219
2014-02-27,28.9906,29.203,28.7858,29.021,1101890
2014-02-28,28.9148,29.0892,28.8237,28.8237,889521
2014-03-03,28.6948,28.7934,28.3838,28.5507,676277
2014-03-04,28.5886,28.9148,28.5886,28.7555,921345
2014-03-05,28.7858,28.8237,28.5734,28.8162,733806
2014-03-06,28.8162,28.8238,28.6265,28.6645,648649
2014-03-07,28.892,28.9375,28.6645,28.7024,735730
2014-03-10,28.6341,28.8617,28.6341,28.7707,394662
2014-03-11,28.8086,28.8238,28.5583,28.619,498793
2014-03-12,28.4066,28.5734,28.2473,28.4369,853237
2014-03-13,28.399,28.4445,28.0652,28.179,801128
2014-03-14,28.0728,28.3838,27.959,28.1411,691403
2014-03-17,28.1866,28.5431,28.1866,28.3383,513481
2014-03-18,28.4066,28.801,28.2624,28.7555,507186
2014-03-19,28.7175,29.0968,28.7175,28.9906,764582
2014-03-20,29.0513,29.1878,28.71,28.7707,899837
2014-03-21,28.6796,29.2561,28.5886,28.9299,1602781
2014-03-24,29.0437,29.294,28.9755,29.0285,1914909
2014-03-25,29.0361,29.203,28.9148,28.9755,628015
2014-03-26,29.0892,29.1651,28.6341,28.6645,738265
2014-03-27,28.7024,28.7327,28.3383,28.4672,536650
2014-03-28,28.4597,28.7555,28.4521,28.5279,512432
2014-03-31,28.6341,28.8162,28.5583,28.6645,844931
2014-04-01,28.6796,29.0589,28.5962,29.0437,1009039
2014-04-02,29.0134,29.2409,28.8996,29.1651,569611
2014-04-03,29.2561,29.4837,29.1954,29.385,1005891
2014-04-04,29.423,29.423,29.2182,29.2561,947575
2014-04-07,29.1651,29.3244,29.0361,29.0665,664649
2014-04-08,29.1954,29.1954,28.9603,29.0741,416695
2014-04-09,29.0665,29.1727,28.7176,28.9527,609218
2014-04-10,28.9755,29.1272,28.6948,28.6948,882002
2014-04-11,28.672,28.7631,28.1411,28.2397,578704
2014-04-14,28.4445,28.5734,28.2245,28.4142,559032
2014-04-15,28.4748,28.7024,28.361,28.5658,467055
2014-04-16,28.7176,29.0513,28.7024,29.0134,440564
2014-04-17,28.9679,29.1499,28.9072,29.0892,447208
2014-04-21,29.1651,29.2258,29.0589,29.0817,260981
2014-04-22,29.1954,29.2333,28.9755,29.021,420629
2014-04-23,28.9906,29.0361,28.7631,28.7631,579491
2014-04-24,28.892,28.892,28.5886,28.801,499842
2014-04-25,28.5355,29.0513,28.5052,28.9527,660977
2014-04-28,29.0816,29.1272,28.7782,28.983,455951
2014-04-29,28.983,29.2333,28.9375,28.9375,581065
2014-04-30,29.2258,30.3635,29.1727,30.0905,1127507
2014-05-01,30.1132,30.3408,29.6885,29.7795,486989
2014-05-02,29.7643,29.9312,29.6278,29.734,370444
2014-05-05,29.6809,29.6885,29.2485,29.3471,592781
2014-05-06,29.3395,29.3395,29.0589,29.1727,534377
2014-05-07,29.203,29.3775,29.1348,29.3168,698047
2014-05-08,29.2789,29.3092,29.0968,29.1575,466181
2014-05-09,29.2106,29.5292,29.2106,29.4002,417657
2014-05-12,29.5671,29.8174,29.4154,29.7719,614201
2014-05-13,29.7947,29.9084,29.6809,29.8781,676976
2014-05-14,29.9312,30.0222,29.8478,29.9843,604409
2014-05-15,29.9843,30.0753,29.4912,29.6126,625917
2014-05-16,29.5823,29.5823,29.2333,29.4988,479645
2014-05-20,29.5287,29.6512,28.9086,28.9239,608343
2014-05-21,28.9851,29.5823,28.9851,29.5287,586923
2014-05-22,29.4368,29.4751,29.2301,29.2378,337483
2014-05-23,29.1842,29.2914,29.0923,29.2837,280303
2014-05-26,29.3985,29.5517,29.1765,29.2837,102993
2014-05-27,29.299,29.4751,29.2225,29.3143,395362
2014-05-28,29.2531,29.3679,29.1153,29.2148,505350
2014-05-29,29.1918,29.3985,28.7861,28.9009,708014
2014-05-30,28.8626,28.9621,28.7784,28.7784,1333232
2014-06-02,29.2301,29.3909,29.2148,29.3679,520650
2014-06-03,29.276,29.4139,28.7325,28.7401,592955
2014-06-04,28.7784,28.9698,28.5105,28.9009,419580
2014-06-05,28.8473,29.0923,28.7095,29.0464,613851
2014-06-06,29.1076,29.3449,29.0464,29.2684,386182
2014-06-09,29.1995,29.4828,29.1765,29.4521,428673
2014-06-10,29.4674,29.5899,29.3296,29.544,352433
2014-06-11,29.4598,29.4598,29.2607,29.3756,386269
2014-06-12,29.2684,29.4521,29.2072,29.3832,260893
2014-06-13,29.4751,29.5057,29.3143,29.4215,274882
2014-06-16,29.3985,29.4827,29.3373,29.4215,375690
2014-06-17,29.3526,29.766,29.345,29.6665,285549
2014-06-18,29.5976,29.812,29.4981,29.7278,355843
2014-06-19,29.6742,29.766,29.5134,29.544,307232
2014-06-20,29.4981,29.6971,29.4521,29.6282,1630322
2014-06-23,29.5976,29.6895,29.4828,29.6129,303472
2014-06-24,29.6742,29.7277,29.5593,29.5899,320434
2014-06-25,29.6895,29.6895,29.4981,29.6053,440039
2014-06-26,29.5899,29.6742,29.322,29.5287,422640
2014-06-27,29.5134,29.6742,29.4215,29.6512,315450
2014-06-30,29.7201,29.7737,29.4904,29.7431,483667
2014-07-02,29.567,29.8655,29.4138,29.8273,543382
2014-07-03,29.9344,30.0493,29.812,29.8579,1184687
2014-07-04,29.8579,30.1641,29.8579,29.9038,88043
2014-07-07,29.8885,30.0952,29.789,30.0723,319122
2014-07-08,29.9574,30.1565,29.8885,30.0569,938832
2014-07-09,30.0799,30.2177,29.8655,30.1947,688255
2014-07-10,30.0799,30.1641,29.7507,30.1259,955181
2014-07-11,30.233,30.2637,30.0569,30.2483,310991
2014-07-14,30.2101,30.5086,30.2101,30.4321,407427
2014-07-15,30.3785,30.5469,30.2254,30.256,418007
2014-07-16,30.3785,30.5469,30.3479,30.4474,228194
2014-07-17,30.3785,30.4091,30.1488,30.1794,571448
2014-07-18,30.1029,30.2483,30.1029,30.2101,262729
2014-07-21,30.2024,30.2254,30.0493,30.0952,399471
2014-07-22,30.0034,30.2713,30.0034,30.2177,487864
2014-07-23,30.2483,30.5393,30.2024,30.3326,305833
2014-07-24,30.3096,30.5316,30.2254,30.4397,333286
2014-07-25,30.3938,30.6924,30.3479,30.5316,228194
2014-07-28,30.5852,30.6924,30.4168,30.6464,346051
2014-07-29,30.6464,30.9067,30.6158,30.6847,879728
2014-07-30,31.1594,32.0551,31.1594,31.7106,1230588
2014-07-31,31.5345,31.9403,31.3814,31.5345,904559
2014-08-01,31.5958,31.5958,31.213,31.3814,918373
2014-08-05,31.4886,31.5805,30.9297,31.1288,1158021
2014-08-06,31.0063,31.19,30.945,31.167,427274
2014-08-07,31.167,31.3814,31.0905,31.2053,479033
2014-08-08,31.3967,31.3967,31.1211,31.3508,367384
2014-08-11,31.236,31.6034,31.236,31.3891,247429
2014-08-12,31.4273,31.68,31.3508,31.4809,415908
2014-08-13,31.5345,31.5345,31.1058,31.412,497656
2014-08-14,31.3278,31.7489,31.3278,31.7183,573808
2014-08-15,31.7183,31.7719,31.3661,31.6187,399733
2014-08-18,31.6187,31.9632,31.6187,31.7106,300062
2014-08-19,31.8179,31.8566,31.509,31.7716,549765
2014-08-20,31.6635,31.9106,31.6249,31.8952,633786
2014-08-21,31.8411,31.957,31.7562,31.8488,236151
2014-08-22,31.8257,32.096,31.6635,31.7098,989367
2014-08-25,31.7793,31.9801,31.7639,31.8952,245593
2014-08-26,31.9647,32.0342,31.6867,31.8488,412149
2014-08-27,31.7562,31.9106,31.7176,31.872,341942
2014-08-28,31.8334,31.9956,31.6712,31.7484,287647
2014-08-29,31.7485,31.8875,31.4936,31.818,687381
2014-09-02,31.7948,32.0651,31.7948,32.0033,304521
2014-09-03,32.0496,32.1732,31.8566,31.9415,347100
2014-09-04,32.0265,32.0805,31.9184,32.0342,330751
2014-09-05,31.9415,32.0496,31.8489,31.957,325417
2014-09-08,32.0574,32.1655,32.0265,32.0805,137966
2014-09-09,32.0574,32.374,32.0574,32.1886,614289
2014-09-10,32.2273,32.3354,31.957,32.0882,281877
2014-09-11,32.0496,32.3663,31.9879,32.1886,555448
2014-09-12,32.235,32.3508,32.0883,32.2041,383909
2014-09-15,32.1423,32.2118,31.8566,32.0033,480257
2014-09-16,31.9261,32.1037,31.7562,31.8025,716583
2014-09-17,31.6481,31.7793,31.4086,31.4241,567601
2014-09-18,31.4627,31.5631,31.316,31.4782,344652
2014-09-19,31.4164,31.5245,30.9607,31.1461,3758736
2014-09-22,31.1229,31.6481,31.1229,31.2696,569611
2014-09-23,31.177,31.3778,31.0843,31.2696,412411
2014-09-24,31.2465,31.3855,31.0997,31.2851,488825
2014-09-25,31.455,31.455,30.8835,30.9993,867838
2014-09-26,31.1383,31.3237,30.8217,31.2696,528694
2014-09-29,31.1075,31.3083,30.9376,31.2388,394662
2014-09-30,31.2001,31.594,30.9993,31.509,454640
2014-10-01,31.4318,31.509,31.2851,31.4009,944864
2014-10-02,31.3932,31.4859,31.0225,31.4782,513044
2014-10-03,31.4859,32.3431,31.4859,32.2736,956493
2014-10-06,32.3663,32.513,32.1423,32.1423,745260
2014-10-07,32.0882,32.1578,31.7098,31.7176,2098164
2014-10-08,31.818,31.9184,31.6481,31.8875,437504
2014-10-09,31.7948,31.9956,31.679,31.7407,713085
2014-10-10,31.6249,31.8952,31.2928,31.4859,1040426
2014-10-14,30.7059,31.3855,30.7059,31.1229,845893
2014-10-15,30.7677,31.1692,30.5514,31.0611,1043224
2014-10-16,30.4665,31.2233,30.4665,30.8835,904908
2014-10-17,30.8912,31.0689,30.6055,30.8835,606070
2014-10-20,30.7754,31.0534,30.7059,31.0534,394575
2014-10-21,31.0611,31.6944,30.8217,31.5554,508497
2014-10-22,31.509,31.5245,31.1847,31.2542,558595
2014-10-23,31.3237,31.6326,31.2928,31.3623,577131
2014-10-24,31.4087,32.1037,31.37,32.0419,332412
2014-10-27,31.9879,32.3199,31.9261,32.2041,439077
2014-10-28,32.3508,32.4435,32.0651,32.4049,497481
2014-10-29,32.2813,32.5516,32.1809,32.289,616824
2014-10-30,32.2118,32.4281,31.8566,32.3045,465831
2014-10-31,32.513,32.7061,32.289,32.3817,682659
2014-11-03,32.4744,32.7061,32.2582,32.5825,557896
2014-11-04,32.5748,32.9069,32.4126,32.8065,509284
2014-11-05,32.8451,33.4089,32.8451,33.3085,492935
2014-11-06,33.432,33.5401,33.0613,33.1077,341155
2014-11-07,32.9841,33.2621,32.8296,32.93,287910
2014-11-10,33.0382,33.3934,32.8374,33.3471,487252
2014-11-11,33.3162,33.3934,33.0382,33.1772,423515
2014-11-12,33.1154,33.5015,33.015,33.4243,1333144
2014-11-13,33.5092,33.5788,33.293,33.4706,412498
2014-11-14,33.4784,33.5093,33.239,33.5093,323931
2014-11-17,33.432,33.7796,33.4089,33.5556,452279
2014-11-18,33.6748,33.8851,33.4567,33.5112,364324
2014-11-19,33.5268,33.8384,33.4255,33.6436,341942
2014-11-20,33.4956,33.6981,33.4177,33.5969,307494
2014-11-21,33.7527,33.7527,33.3788,33.519,345177
2014-11-24,33.6125,33.8306,33.5969,33.7682,340368
2014-11-25,33.628,34.1266,33.628,33.9864,714572
2014-11-26,34.0409,34.1889,33.9552,34.0954,391952
2014-11-27,34.2434,34.6485,34.0954,34.5083,397723
2014-11-28,34.3914,35.6456,34.3914,35.5209,1093584
2014-12-01,36.1597,36.222,35.1003,35.2561,1025738
2014-12-02,35.2794,35.443,35.0535,35.3262,607819
2014-12-03,35.2016,35.4586,35.1704,35.3807,369395
2014-12-04,35.3573,35.4976,34.9523,35.2015,524759
2014-12-05,35.2872,35.5209,35.1548,35.2794,307319
2014-12-08,35.2171,35.3028,34.9679,35.1782,464869
2014-12-09,34.9367,35.1081,34.6563,34.9055,476673
2014-12-10,34.7497,35.1237,34.5628,34.6952,419843
2014-12-11,34.7731,35.3807,34.7108,35.1626,657217
2014-12-12,35.0925,35.295,34.7342,34.8978,457875
2014-12-15,35.038,35.2872,34.89,35.1081,999858
2014-12-16,35.0925,36.0662,34.8121,35.8091,2826200
2014-12-17,35.9494,35.9494,35.5365,35.8481,1185212
2014-12-18,35.8325,35.9338,35.4742,35.9338,969432
2014-12-19,36.222,36.5803,35.9727,36.3311,2561896
2014-12-22,36.4868,36.8062,36.4245,36.6738,478509
2014-12-23,36.7283,37.0866,36.6972,36.8997,398947
2014-12-24,36.9231,37.3203,36.9231,37.0944,155889
2014-12-29,37.1957,37.3437,36.8218,36.8296,391428
2014-12-30,36.8841,36.9153,36.557,36.6894,307844
2014-12-31,36.6816,36.8452,36.4946,36.5102,216216
2015-01-02,36.6271,36.8919,36.3544,36.5725,389766
2015-01-05,36.4635,36.6271,35.4352,35.482,838374
2015-01-06,35.4041,35.6378,35.2794,35.5209,570661
2015-01-07,35.9182,36.0039,35.443,35.5521,788713
2015-01-08,35.6378,36.1129,35.6144,36.0662,673654
2015-01-09,36.0896,36.3466,35.6767,35.8948,355931
2015-01-12,35.9338,36.0974,35.5131,36.0974,533415
2015-01-13,36.2609,36.7906,36.0506,36.3856,616912
2015-01-14,36.1285,36.2921,35.7936,36.1051,581152
2015-01-15,36.2298,36.5414,35.6456,36.37,531142
2015-01-16,36.2142,37.1957,36.2142,37.1723,796057
2015-01-19,37.0399,37.1801,36.853,37.1178,153091
2015-01-20,37.3126,37.6086,36.9932,37.4294,1025913
2015-01-21,36.8607,37.6631,36.5803,37.3359,649436
2015-01-22,37.3905,38.4966,37.3905,38.4654,636846
2015-01-23,38.372,38.7536,38.185,38.4732,666310
2015-01-26,38.5589,38.8627,38.3642,38.777,634398
2015-01-27,38.5122,38.6134,38.1227,38.3018,819139
2015-01-28,38.481,38.7225,38.2006,38.2473,588059
2015-01-29,38.3408,38.5589,37.741,38.0448,679949
2015-01-30,37.998,38.3875,37.741,37.9825,964624
2015-02-02,38.3797,38.3797,37.702,38.2084,539623
2015-02-03,38.0136,38.3096,37.998,38.1149,561131
2015-02-04,38.0837,39.1665,38.0837,38.9562,638070
2015-02-05,38.9562,39.0263,38.5667,38.7458,472563
2015-02-06,38.9016,39.3612,38.6212,38.8471,631862
2015-02-09,38.9016,38.9094,38.5978,38.5978,379362
2015-02-10,38.7536,39.0107,38.3797,38.7614,484978
2015-02-11,38.1694,38.6134,37.3515,38.0136,2097027
2015-02-12,37.8968,38.0214,37.406,37.9201,1491482
2015-02-13,37.9046,38.2941,37.702,38.0682,763883
2015-02-17,38.0292,38.5901,37.889,38.3486,595841
2015-02-18,38.3641,38.4966,38.0759,38.3252,646638
2015-02-19,38.3464,38.7,38.1579,38.3307,783817
2015-02-20,38.4721,38.8178,38.3307,38.7392,675315
2015-02-23,38.6607,39.3127,38.6528,39.3127,1153911
2015-02-24,39.3127,39.7684,39.1792,39.187,432957
2015-02-25,39.0928,39.1163,38.7392,38.8885,638944
2015-02-26,38.9435,39.1713,38.8099,38.9671,489175
2015-02-27,38.8256,39.0378,38.5428,38.5428,733894
2015-03-02,38.48,38.8571,38.4093,38.7549,537087
2015-03-03,38.6921,38.9435,38.48,38.9435,631775
2015-03-04,38.6292,38.9749,38.6292,38.7471,519601
2015-03-05,38.8964,39.297,38.8964,39.1635,551513
2015-03-06,39.0849,39.1792,38.48,38.6842,558770
2015-03-09,38.6057,39.2185,38.5114,38.9985,435405
2015-03-10,38.9278,39.187,38.7628,38.7707,751992
2015-03-11,38.8021,39.7134,38.6842,39.6191,793522
2015-03-12,39.5484,40.1769,39.4777,39.9884,968383
2015-03-13,39.9648,40.0669,39.8391,39.9491,486902
2015-03-16,39.9491,40.6169,39.9255,40.3341,821325
2015-03-17,40.1534,40.829,40.0119,40.499,857346
2015-03-18,40.5383,40.5619,40.1062,40.2712,746222
2015-03-19,40.4597,40.609,40.1219,40.2633,696911
2015-03-20,40.3733,40.4833,40.2555,40.2791,2050601
2015-03-23,40.1612,40.2948,39.8548,39.8705,353657
2015-03-24,39.8941,40.334,39.8941,40.2241,689042
2015-03-25,40.3026,40.4912,39.5641,39.6427,639469
2015-03-26,39.6663,39.7527,39.1949,39.5249,637195
2015-03-27,39.4856,39.8313,39.2106,39.7056,566989
2015-03-30,39.7605,40.2948,39.7291,39.9412,497481
2015-03-31,39.737,40.6326,39.682,40.3419,1304292
2015-04-01,40.2948,40.3498,40.0119,40.2162,702069
2015-04-02,40.2319,41.0333,40.2005,40.719,454115
2015-04-06,40.4519,41.1354,40.3105,40.8526,677938
2015-04-07,40.8997,41.2375,40.8133,40.8447,463383
2015-04-08,40.7662,41.2768,40.6954,41.0647,473875
2015-04-09,40.9547,41.3789,40.9547,41.3161,759511
2015-04-10,41.4025,41.5046,41.2611,41.4025,442225
2015-04-13,41.3397,41.6382,41.1904,41.1904,610092
2015-04-14,41.0411,41.2847,40.8683,41.1904,413985
2015-04-15,41.3082,41.4968,40.8683,40.8997,939356
2015-04-16,40.3026,40.6012,39.6898,39.8941,869149
2015-04-17,39.682,39.682,39.4149,39.5956,833478
2015-04-20,39.7684,40.0748,39.4856,39.5327,945564
2015-04-21,39.8156,39.957,39.1792,39.3835,1035005
2015-04-22,39.5563,39.7684,39.3599,39.7134,604933
2015-04-23,39.6034,39.8784,39.4856,39.6113,385919
2015-04-24,39.6741,39.7448,39.4227,39.5641,591294
2015-04-27,39.6427,39.6427,38.755,38.7942,680649
2015-04-28,38.8414,38.8728,38.2679,38.5743,563142
2015-04-29,38.0793,39.1713,38.0793,38.9435,501940
2015-04-30,38.9435,39.4385,38.645,38.9435,756276
2015-05-01,38.9435,39.6427,38.8099,39.407,619797
2015-05-04,39.4227,39.5249,39.2578,39.3756,359253
2015-05-05,39.2106,39.2342,38.4407,38.6921,459536
2015-05-06,38.8099,39.0613,38.1107,38.4564,466443
2015-05-07,38.4564,38.8257,38.425,38.6685,665698
2015-05-08,38.8885,39.1713,38.8021,38.8492,359428
2015-05-11,38.8649,39.1399,38.4957,38.6371,475274
2015-05-12,38.5271,38.5271,38.0086,38.0243,549590
2015-05-13,37.9772,38.0007,37.5844,37.6708,753566
2015-05-14,37.6786,38.4486,37.6786,38.4171,883401
2015-05-15,38.48,38.7392,38.48,38.7078,243844
2015-05-19,39.2124,39.5847,39.0461,39.4818,660015
2015-05-20,39.5768,39.6244,39.1728,39.1887,511557
2015-05-21,39.2837,39.5214,39.2283,39.3312,330401
2015-05-22,39.3312,39.6085,39.2996,39.4342,206774
2015-05-25,39.2203,39.4897,39.1807,39.2995,57355
2015-05-26,39.4105,39.6481,38.8956,39.1649,384521
2015-05-27,39.2124,39.6877,39.0144,39.4897,365810
2015-05-28,39.4897,39.862,39.4897,39.6877,454815
2015-05-29,39.7036,39.8541,39.2203,39.3392,685632
2015-06-01,39.4659,39.8066,39.4184,39.7115,328827
2015-06-02,39.5927,39.6164,39.2758,39.3471,253112
2015-06-03,39.4501,39.6956,39.3708,39.5689,314576
2015-06-04,39.5689,39.7194,39.1332,39.3867,390553
2015-06-05,39.3392,39.4501,38.8322,38.8797,274882
2015-06-08,38.8163,38.8559,38.1588,38.1826,694463
2015-06-09,37.9846,38.0242,37.4934,37.9608,761522
2015-06-10,37.9846,38.3886,37.9687,38.1113,1124272
2015-06-11,38.2222,38.4123,38.1034,38.2777,534639
2015-06-12,38.1984,38.4123,37.8895,37.9687,854199
2015-06-15,37.8974,38.0083,37.6439,37.9687,341767
2015-06-16,37.9133,38.1905,37.9133,38.0242,598551
2015-06-17,38.0479,38.246,37.8499,38.0321,434968
2015-06-18,37.9053,38.1667,37.6439,38.1192,311254
2015-06-19,37.5093,38.3094,37.5093,38.0321,2639098
2015-06-22,38.0242,38.4836,38.0004,38.3093,1847325
2015-06-23,38.1826,38.5232,38.1271,38.4361,1454149
2015-06-24,38.2222,38.3965,38.1271,38.1351,1912636
2015-06-25,38.0717,38.246,37.8974,37.9449,955793
2015-06-26,38.0955,38.3014,37.9608,38.1984,956842
2015-06-29,37.9133,38.0242,37.43,37.4696,631425
2015-06-30,37.6202,37.842,37.43,37.6756,774287
2015-07-02,38.0162,38.2539,37.9449,38.1113,561655
2015-07-03,38.1034,38.4757,37.9766,38.1984,107627
2015-07-06,37.937,38.349,37.9291,38.2143,843007
2015-07-07,38.3094,38.753,38.1034,38.7054,725326
2015-07-08,38.4915,38.642,37.9291,38.0083,501503
2015-07-09,38.2222,38.4044,37.7311,37.7548,710025
2015-07-10,38.1113,38.5153,38.0717,38.4519,699883
2015-07-13,38.4995,39.1094,38.4995,38.8401,413897
2015-07-14,38.7926,38.9668,38.6024,38.8718,329002
2015-07-15,39.1015,39.4263,38.7767,39.1966,550639
2015-07-16,39.4025,39.7907,39.4025,39.7669,437766
2015-07-17,39.7511,39.9016,39.3154,39.6085,374466
2015-07-20,39.5927,39.7194,39.4976,39.6006,345526
2015-07-21,39.5531,39.5531,38.7054,39.0461,519776
2015-07-22,38.9906,39.1966,38.8797,39.054,290445
2015-07-23,38.9589,39.054,38.6104,38.8956,367909
2015-07-24,38.8401,39.0461,38.6817,38.848,404892
2015-07-27,38.65,38.8005,38.4282,38.547,648299
2015-07-28,38.6104,38.7213,38.4678,38.5549,282314
2015-07-29,38.9272,40.3848,38.8956,40.1947,1153824
2015-07-30,40.4244,42.1276,40.4244,42.0484,882614
2015-07-31,42.0167,42.3494,41.7791,41.9454,590595
2015-08-04,42.2227,42.7455,41.882,42.4682,544431
2015-08-05,42.7613,43.0861,42.5079,43.0307,721304
2015-08-06,42.9752,43.1495,42.2543,42.4286,559120
2015-08-07,42.3336,42.6267,41.9058,42.2861,333111
2015-08-10,42.286,42.5633,42.0167,42.0246,415908
2015-08-11,41.8266,42.1831,41.787,41.9375,462684
2015-08-12,41.6444,42.4128,41.2879,42.294,703468
2015-08-13,42.2702,42.6029,41.9137,42.4603,367122
2015-08-14,42.4603,42.6901,42.1514,42.6742,438116
2015-08-17,42.5078,42.8247,42.2543,42.7296,437853
2015-08-18,42.3177,42.3811,42.0246,42.2147,955356
2015-08-19,42.1751,42.595,41.8187,42.2385,583775
2015-08-20,41.985,42.0722,41.1057,41.1136,734418
2015-08-21,40.7888,41.3117,40.4324,40.472,875532
2015-08-24,39.0461,40.1472,38.3965,39.2283,1803172
2015-08-25,40.0759,40.3056,39.1094,39.157,964799
2015-08-26,39.9175,40.4086,39.0223,40.2818,973367
2015-08-27,40.464,41.1374,40.1709,40.7175,794658
2015-08-28,40.6146,41.0661,40.5195,40.9077,761172
2015-08-31,40.8047,41.2483,40.3215,40.5433,1083967
2015-09-01,39.8303,40.0363,39.4738,39.6481,957804
2015-09-02,39.8858,40.6383,39.8541,40.5591,988143
2015-09-03,40.5353,41.1612,40.4799,40.9869,590507
2015-09-04,40.4086,40.9552,40.369,40.876,468716
2015-09-08,41.3037,41.5572,41.1374,41.2958,610179
2015-09-09,41.6681,41.787,41.3671,41.4147,706790
2015-09-10,41.2562,41.779,41.2562,41.6602,608431
2015-09-11,41.581,41.8741,41.5256,41.8504,560344
2015-09-14,41.8741,42.0325,41.7078,41.7632,607382
2015-09-15,41.7632,41.9454,41.6127,41.7791,634660
2015-09-16,41.7474,42.1197,41.7157,42.0563,724014
2015-09-17,42.0801,42.1672,41.6365,41.7791,687206
2015-09-18,41.1532,41.9533,41.0582,41.787,3313714
2015-09-21,41.9137,42.5712,41.8583,42.5554,731446
2015-09-22,42.0326,42.1831,41.4464,41.5889,838898
2015-09-23,41.6998,42.1514,41.6761,42.1276,667184
2015-09-24,41.89,42.1831,41.7553,42.0722,990328
2015-09-25,42.4286,42.5237,41.9613,42.0642,567513
2015-09-28,41.9692,42.0167,41.3592,41.4067,1095333
2015-09-29,41.5018,42.0088,41.4067,41.7394,995662
2015-09-30,42.0722,42.6108,41.9929,42.492,2877784
2015-10-01,42.6029,42.6029,41.9058,42.3257,1427832
2015-10-02,42.0326,42.4128,41.8345,42.3653,753828
2015-10-05,42.6029,42.6108,42.3177,42.3177,1557754
2015-10-06,42.3732,42.492,42.2227,42.3415,462421
2015-10-07,42.595,42.6346,42.3415,42.4841,694375
2015-10-08,42.4286,42.6187,42.2147,42.5712,663162
2015-10-09,42.5554,42.7376,42.3257,42.4524,412673
2015-10-13,42.8326,43.1178,42.7693,42.8009,801041
2015-10-14,42.8089,42.9198,42.2306,42.3415,886548
2015-10-15,42.4841,42.7059,42.3336,42.4207,788451
2015-10-16,42.7613,42.7613,42.3415,42.4445,634573
2015-10-19,42.3811,42.9911,42.3811,42.8326,782243
2015-10-20,42.7772,43.3713,42.7613,43.3,665436
2015-10-21,43.506,43.7912,43.2208,43.2525,931138
2015-10-22,43.4268,43.9258,43.3951,43.8387,1088076
2015-10-23,44.2427,44.2982,42.9911,43.2525,891794
2015-10-26,43.2525,43.3,42.7455,42.7772,954831
2015-10-27,42.6821,42.8802,42.3177,42.5554,810833
2015-10-28,42.6267,42.7376,42.2623,42.7217,713610
2015-10-29,42.69,43.3159,42.5316,43.197,509547
2015-10-30,43.3634,43.3634,42.492,42.5237,1024164
2015-11-02,42.5633,42.9752,42.2227,42.896,505350
2015-11-03,42.8406,42.9752,42.6267,42.793,489612
2015-11-04,42.793,42.8881,42.3573,42.4128,751118
2015-11-05,42.3811,42.5871,42.2623,42.3732,802877
2015-11-06,42.4682,42.6583,41.9612,42.2623,545481
2015-11-09,42.1435,42.2068,41.6285,41.9137,365461
2015-11-10,41.8583,42.0484,41.6682,41.9454,399121
2015-11-11,42.1038,43.0069,42.0167,42.7851,1275702
2015-11-12,42.5791,42.7376,41.8504,41.9692,996886
2015-11-13,41.8266,41.8583,41.0819,41.1374,514705
2015-11-16,41.0978,41.6681,41.0819,41.6681,771839
2015-11-17,41.5573,41.7315,41.3038,41.5731,958066
2015-11-18,41.7236,42.0959,41.4305,42.0246,920471
2015-11-19,41.9533,42.2781,41.8424,41.9296,1223244
2015-11-20,42.1514,42.1514,41.8583,42.0009,410138
2015-11-23,41.993,42.2385,41.8266,41.8424,654157
2015-11-24,41.6998,42.0325,41.5731,41.9216,1295899
2015-11-25,42.0563,42.4841,42.0484,42.1434,707752
2015-11-26,42.1435,42.6742,41.9692,42.3257,298664
2015-11-27,42.3019,42.595,42.1355,42.3573,423077
2015-11-30,42.3653,42.793,42.1118,42.7851,994175
2015-12-01,42.9752,43.5852,42.7772,43.4505,1012885
2015-12-02,43.4901,43.6407,43.3396,43.4347,952296
2015-12-03,43.5456,43.6565,42.69,42.8168,627928
2015-12-04,42.7851,43.0069,42.4207,42.896,671381
2015-12-07,42.7772,43.0307,42.3494,42.389,664037
2015-12-08,42.0722,42.595,42.0722,42.3019,865914
2015-12-09,42.1435,42.3573,41.6285,41.7236,941717
2015-12-10,41.6365,42.0246,41.5493,41.7236,617961
2015-12-11,41.4067,41.8741,41.3988,41.5097,674791
2015-12-14,41.6127,41.9692,41.5097,41.8424,860144
2015-12-15,41.985,42.286,41.8424,42.1355,914526
2015-12-16,42.2702,42.4207,42.0009,42.294,686506
2015-12-17,42.4682,42.5395,41.6602,41.8345,1457209
2015-12-18,41.6285,41.9533,41.5335,41.5414,1922428
2015-12-21,41.6681,41.8741,41.0899,41.3592,633961
2015-12-22,41.4226,41.6919,41.1612,41.5889,423952
2015-12-23,41.7632,41.8741,41.5176,41.8504,310292
2015-12-24,41.8899,42.1355,41.8107,41.8345,193659
2015-12-29,41.9058,42.4524,41.8979,42.3177,311778
2015-12-30,42.3811,42.5633,42.191,42.2068,287210
2015-12-31,41.9771,42.0325,41.4543,41.5176,341067
2016-01-04,41.0027,41.1295,40.5195,41.0027,604059
2016-01-05,41.0027,41.1691,40.6225,41.0423,608780
2016-01-06,40.5987,41.4305,40.5908,41.2641,1100579
2016-01-07,40.3056,40.4878,39.149,39.4342,1051880
2016-01-08,39.5848,40.3056,39.5372,39.8462,696561
2016-01-11,40.0125,40.1472,39.7036,39.7907,861630
2016-01-12,39.9491,40.2898,39.8778,40.2422,721391
2016-01-13,40.4403,40.7572,39.8699,39.9254,530617
2016-01-14,40.0204,40.8364,39.8145,40.7096,950110
2016-01-15,39.6877,40.67,39.6877,40.4799,1377822
2016-01-18,40.2581,40.6779,39.6719,39.8858,315363
2016-01-19,40.4086,40.9394,40.3215,40.8522,779795
2016-01-20,40.472,40.5433,39.2599,40.2422,778134
2016-01-21,40.266,40.567,39.8858,40.4165,945914
2016-01-22,40.8997,41.1295,40.4561,40.9473,740888
2016-01-25,40.9552,41.0582,40.4799,40.5353,597240
2016-01-26,40.7413,41.0423,40.4957,40.8918,727686
2016-01-27,40.979,41.1136,40.4244,40.5195,942591
2016-01-28,40.9314,41.3038,40.575,41.1612,986132
2016-01-29,41.2721,41.8107,41.1216,41.5097,1224381
2016-02-01,40.5116,41.6285,40.3294,41.3988,649436
2016-02-02,41.1295,41.3592,40.9473,41.2087,638157
2016-02-03,41.2404,41.3988,40.4878,40.971,654070
2016-02-04,41.0503,41.2166,40.6621,41.0899,580103
2016-02-05,41.3196,41.3196,40.1392,40.2581,798768
2016-02-08,40.0125,40.0125,39.3788,39.5451,717020
2016-02-09,39.2441,39.5372,38.6896,39.1728,947837
2016-02-10,39.4263,39.8224,39.1411,39.3312,501590
2016-02-11,38.1747,39.2045,37.6756,38.1905,854985
2016-02-12,38.848,39.4501,38.0162,39.1807,862417
2016-02-16,39.5293,39.561,38.8243,39.3867,588409
2016-02-17,39.5847,39.7194,39.1887,39.6956,626616
2016-02-18,39.6243,39.9491,39.553,39.7749,456389
2016-02-19,39.6285,40.0923,39.4526,39.5806,434181
2016-02-22,39.8044,40.1643,39.8044,40.0443,677064
2016-02-23,40.0363,40.5001,39.9484,40.0683,629764
2016-02-24,39.7565,40.1483,39.3247,40.0363,769303
2016-02-25,40.0763,40.1803,39.6605,39.9244,834002
2016-02-26,40.1643,40.1723,39.4206,39.5086,986307
2016-02-29,39.5246,39.9484,39.4606,39.6365,784691
2016-03-01,39.8284,39.9484,39.5566,39.6685,708714
2016-03-02,39.6445,39.7885,39.0208,39.3167,918548
2016-03-03,39.3167,39.4366,38.9809,39.1888,862067
2016-03-04,39.2127,39.4846,38.9808,39.0928,1032470
2016-03-07,38.9809,39.4926,38.8929,39.3887,655556
2016-03-08,39.3887,39.9004,39.3887,39.6845,519951
2016-03-09,39.8524,40.3082,39.7325,39.8444,465307
2016-03-10,39.9724,40.0843,39.0928,39.5726,750331
2016-03-11,39.8844,40.2362,39.5965,40.1563,379887
2016-03-14,40.0363,40.74,39.8524,40.4601,562092
2016-03-15,40.3722,41.0119,40.2442,40.8279,489700
2016-03-16,40.796,41.2038,40.652,40.724,520388
2016-03-17,40.628,41.5476,40.4441,41.3797,625742
2016-03-18,41.3477,41.3477,40.764,40.8279,1645972
2016-03-21,40.9719,41.4516,40.9079,41.3077,258008
2016-03-22,41.0598,41.4756,41.0358,41.2118,387056
2016-03-23,41.6595,41.7635,41.2597,41.7235,570573
2016-03-24,41.5076,41.7715,41.4916,41.6835,649261
2016-03-28,41.7235,42.1313,41.6276,42.0034,508322
2016-03-29,41.8994,42.0514,41.6755,41.9794,383471
2016-03-30,42.1073,42.1073,41.6835,41.9714,344914
2016-03-31,41.8754,42.4032,41.8754,42.0753,535863
2016-04-01,42.0433,42.3472,41.8355,42.1553,493984
2016-04-04,42.3072,42.6031,42.1473,42.2113,416433
2016-04-05,42.0593,42.3712,41.9394,42.1713,463383
2016-04-06,42.1233,42.3072,41.8594,42.0274,581764
2016-04-07,41.8434,42.0673,41.5876,41.7715,354357
2016-04-08,41.8274,41.9874,41.2837,41.5716,644277
2016-04-11,41.5636,42.0034,41.5556,41.6515,471339
2016-04-12,41.7635,42.0034,41.6595,41.6835,369220
2016-04-13,41.9394,42.1153,41.6515,41.7155,505088
2016-04-14,41.8035,41.9394,41.7235,41.8035,425176
2016-04-15,41.7315,41.8914,41.6915,41.7395,426312
2016-04-18,41.6915,41.9474,41.6435,41.7795,578529
2016-04-19,41.7875,41.9554,41.5956,41.8115,453766
2016-04-20,41.9394,42.0353,41.3077,41.4756,508760
2016-04-21,41.4916,41.5636,41.2917,41.3797,447908
2016-04-22,41.3957,41.5716,41.0918,41.3397,353045
2016-04-25,41.2277,41.4676,41.0198,41.4276,351996
2016-04-26,41.5636,42.4751,41.4916,42.0274,751118
2016-04-27,42.1233,42.1233,41.4436,41.9394,357504
2016-04-28,41.7155,41.8594,41.2038,41.2517,476410
2016-04-29,41.0918,41.3077,40.74,41.2917,570049
2016-05-02,41.0678,41.3957,40.652,41.3557,316674
2016-05-03,41.2118,41.6515,41.0998,41.2437,638857
2016-05-04,41.2917,41.8834,41.0758,41.7795,499842
2016-05-05,41.8195,41.8275,41.5156,41.6116,836625
2016-05-06,41.4756,41.9794,41.4756,41.8914,386444
2016-05-09,41.8434,42.2512,41.8195,42.1953,486727
2016-05-10,42.3792,42.8909,42.3152,42.795,655206
2016-05-11,42.5311,42.667,41.9474,42.1633,503339
2016-05-12,42.3072,42.5631,42.0913,42.5071,453066
2016-05-13,42.5391,42.6191,42.4112,42.5071,514792
2016-05-16,42.5071,42.8509,42.2033,42.723,478509
2016-05-17,42.7698,42.8101,41.9797,42.2861,606245
2016-05-18,42.278,42.5037,42.1248,42.4957,466006
2016-05-19,42.4876,42.7617,42.3183,42.7456,341417
2016-05-20,42.794,43.8501,42.794,43.6405,595928
2016-05-24,43.5679,44.0516,43.5195,43.9307,626704
2016-05-25,44.0597,44.3096,43.705,43.8017,622332
2016-05-26,43.7937,43.971,43.6244,43.7775,542333
2016-05-27,43.8582,44.487,43.8582,44.4225,602485
2016-05-30,44.5435,44.6402,44.2371,44.4548,383296
2016-05-31,44.5354,44.5838,44.3258,44.3983,1015246
2016-06-01,44.4145,44.6805,44.1,44.2855,617698
2016-06-02,44.2371,44.4709,44.1323,44.4225,693501
2016-06-03,44.221,44.2451,43.8743,44.1403,427974
2016-06-06,44.0839,44.2613,43.8017,43.8017,681435
2016-06-07,43.8904,43.9307,43.6485,43.8017,520475
2016-06-08,43.7534,43.7614,43.4712,43.6727,398859
2016-06-09,43.5276,43.6486,43.3503,43.5196,398247
2016-06-10,43.2777,43.3745,43.06,43.1245,298401
2016-06-13,42.9713,43.2857,42.8423,43.0197,406553
2016-06-14,42.9633,43.0519,42.7053,42.9633,372892
2016-06-15,42.9068,43.1406,42.8826,42.9633,349373
2016-06-16,42.8343,43.06,42.5602,43.0278,423952
2016-06-17,42.931,42.9794,42.407,42.5682,2437657
2016-06-20,42.6972,43.0761,42.6891,42.7053,525022
2016-06-21,42.7698,42.9875,42.7214,42.8181,300849
2016-06-22,42.8504,43.1084,42.7375,42.8262,410662
2016-06-23,43.06,43.2374,42.9068,43.1648,355319
2016-06-24,41.7217,42.4957,41.4798,41.9394,1014809
2016-06-27,40.8993,41.117,40.3189,40.601,935247
2016-06-28,40.8671,41.1251,40.7704,40.8994,478421
2016-06-29,41.1493,41.9232,41.1493,41.8749,603884
2016-06-30,41.9232,42.3505,41.7136,42.1409,699971
2016-07-04,42.7456,42.9068,42.3344,42.3505,240697
2016-07-05,42.3264,42.8101,42.3264,42.4473,563666
2016-07-06,42.3183,42.3989,41.9474,42.3264,448782
2016-07-07,42.2941,42.4876,42.1812,42.3102,284937
2016-07-08,42.5602,43.1648,42.5602,42.9471,537699
2016-07-11,43.0439,44.0517,43.0439,43.8582,446509
2016-07-12,44.092,44.3338,43.9791,44.2532,432695
2016-07-13,44.4386,44.5757,44.2048,44.5676,432520
2016-07-14,44.745,44.9869,44.5999,44.8014,422116
2016-07-15,44.9304,45.1239,44.7047,44.7289,298314
2016-07-18,44.7047,45.3577,44.7047,45.1804,316674
2016-07-19,45.1884,45.5673,45.14,45.4222,427536
2016-07-20,45.6722,46.043,45.5754,45.7447,351122
2016-07-21,45.785,45.8253,45.4706,45.6963,226795
2016-07-22,45.785,46.043,45.7689,46.0269,239910
2016-07-25,46.035,46.3978,46.035,46.2849,264391
2016-07-26,46.301,46.4864,46.1478,46.3574,287735
2016-07-27,46.2042,46.3252,46.0511,46.0994,297090
2016-07-28,45.4545,45.5512,44.7773,44.8498,596890
2016-07-29,44.6402,44.7047,44.1806,44.35,521699
2016-08-02,44.221,44.221,43.6324,43.6727,563579
2016-08-03,43.705,43.9307,43.584,43.6889,478159
2016-08-04,43.6889,43.7856,43.318,43.5034,322882
2016-08-05,43.7292,44.1726,43.7211,43.7937,401482
2016-08-08,43.9065,43.9146,43.5599,43.8179,427886
2016-08-09,43.8582,44.3822,43.8017,44.2452,510071
2016-08-10,44.2371,44.2452,43.8662,44.0275,421504
2016-08-11,44.0758,44.2935,43.9791,44.1484,431995
2016-08-12,44.1162,44.1807,43.6889,43.8098,343341
2016-08-15,43.8985,43.8985,43.6566,43.6889,355056
2016-08-16,43.6555,43.6555,43.1191,43.1191,401832
2016-08-17,43.0866,43.558,42.9321,43.4686,502727
2016-08-18,43.4605,43.5743,43.2329,43.4605,427274
2016-08-19,43.4767,43.6149,43.2004,43.4767,313964
2016-08-22,43.4442,43.9156,43.3548,43.7287,953870
2016-08-23,43.8913,44.0132,43.5905,43.6068,394400
2016-08-24,43.5986,43.81,43.5417,43.6799,344215
2016-08-25,43.6962,43.9481,43.5417,43.7124,257658
2016-08-26,43.7449,44.0619,43.6068,43.8181,370357
2016-08-29,43.9075,44.2408,43.8425,43.9969,294554
2016-08-30,43.9969,44.2977,43.9644,44.2164,320783
2016-08-31,44.2489,44.3871,44.0538,44.1432,1264948
2016-09-01,44.2245,44.6228,44.0701,44.5334,686769
2016-09-02,44.5659,44.8666,44.4927,44.7447,520825
2016-09-06,44.6065,44.6065,44.1432,44.322,627403
2016-09-07,44.2489,44.4602,44.0701,44.1513,982372
2016-09-08,44.07,44.0782,43.7043,43.8343,796057
2016-09-09,43.558,43.6474,43.0703,43.111,1016995
2016-09-12,43.0947,43.9725,43.0622,43.8181,854548
2016-09-13,43.6962,43.7043,43.2898,43.3304,721828
2016-09-14,43.306,43.6799,43.2735,43.3141,779708
2016-09-15,43.2816,43.7856,43.1922,43.6799,468279
2016-09-16,43.2654,44.5334,43.2654,44.5334,3966821
2016-09-19,43.875,44.0132,43.6718,43.7287,558857
2016-09-20,43.9319,44.2326,43.7531,44.0538,522661
2016-09-21,44.2245,44.2977,43.6637,43.8262,641130
2016-09-22,43.81,44.5171,43.6637,44.4765,547317
2016-09-23,44.4196,44.5415,44.2164,44.2814,588322
2016-09-26,44.0945,44.127,43.7856,43.9807,369657
2016-09-27,43.9238,44.2489,43.7206,43.9238,527295
2016-09-28,43.9644,44.1595,43.81,43.9238,687468
2016-09-29,43.8262,43.8587,43.5743,43.7043,343953
2016-09-30,43.745,44.3627,43.6637,44.0945,714572
2016-10-03,44.0294,44.2733,43.8994,44.1595,401220
2016-10-04,44.2733,44.6065,43.9563,43.9969,927116
2016-10-05,44.1757,44.257,44.0782,44.1432,472214
2016-10-06,44.1432,44.3952,43.9644,44.005,514180
2016-10-07,44.0376,44.0376,43.6312,43.7368,623644
2016-10-11,43.6068,43.6393,42.7696,42.7858,703905
2016-10-12,42.8183,43.0053,42.794,42.8996,406116
2016-10-13,42.672,42.859,42.3063,42.7858,524410
2016-10-14,42.9647,43.111,42.5176,42.5176,402356
2016-10-17,42.5176,42.6558,42.4038,42.4526,518290
2016-10-18,42.6233,42.7777,42.4445,42.477,509721
2016-10-19,42.4688,42.6314,42.29,42.3957,419668
2016-10-20,42.3469,42.5826,42.2738,42.5501,619972
2016-10-21,42.5989,43.2085,42.5176,43.0541,394488
2016-10-24,43.1679,43.4036,43.0866,43.2085,545306
2016-10-25,43.2166,43.2248,42.6395,42.8021,598464
2016-10-26,42.6477,43.306,42.5989,43.1272,745610
2016-10-27,43.2573,43.2979,43.0053,43.0459,630114
2016-10-28,42.9809,43.2898,42.8915,42.989,711949
2016-10-31,43.0703,43.428,42.9484,42.9647,1087551
2016-11-01,43.0378,45.1105,43.0297,44.6634,1734102
2016-11-02,44.6228,44.9154,44.5415,44.6228,788451
2016-11-03,44.6715,44.7853,44.4521,44.5496,693239
2016-11-04,44.5577,44.7284,44.4765,44.5415,393526
2016-11-07,44.9235,45.2974,44.7935,45.0617,503426
2016-11-08,44.9479,45.2324,44.891,44.9804,730222
2016-11-09,44.8097,45.5331,44.8097,45.4193,729697
2016-11-10,45.5575,46.0533,45.5006,45.8013,839510
2016-11-11,45.7769,46.0127,45.4518,45.6388,541459
2016-11-14,45.7444,45.9314,45.5656,45.7932,681523
2016-11-15,45.876,45.9251,45.6711,45.7694,773500
2016-11-16,45.6055,45.9743,45.6055,45.8596,568912
2016-11-17,45.8596,46.4004,45.6875,46.3841,547666
2016-11-18,46.3185,46.8184,46.2939,46.6873,462334
2016-11-21,46.6299,46.761,46.4906,46.5889,609130
2016-11-22,46.7119,47.0561,46.5807,46.9905,397285
2016-11-23,46.884,47.3593,46.884,47.0724,1379133
2016-11-24,47.1954,47.5724,47.138,47.3347,127037
2016-11-25,47.3265,47.8018,47.3019,47.5723,322882
2016-11-28,47.4248,47.6543,47.1626,47.4904,806374
2016-11-29,47.4822,47.769,47.4494,47.7445,415733
2016-11-30,47.5887,47.8674,47.5232,47.5232,848778
2016-12-01,47.5396,47.5805,47.0479,47.097,1269495
2016-12-02,47.1462,47.433,47.0315,47.1462,559207
2016-12-05,47.22,47.3429,47.1298,47.1544,421591
2016-12-06,47.2036,47.261,46.884,47.1626,301461
2016-12-07,47.1462,47.8919,47.0479,47.8428,597939
2016-12-08,47.8428,47.9821,47.6707,47.8346,439077
2016-12-09,47.769,48.482,47.7117,48.3509,455514
2016-12-12,48.2771,48.8836,47.9985,48.3181,946351
2016-12-13,48.2853,48.9491,48.2525,48.818,531667
2016-12-14,48.7688,49.0557,48.6787,48.8016,669370
2016-12-15,48.8999,49.1622,48.6787,48.6787,723490
2016-12-16,48.7606,48.8754,48.4656,48.4902,3043203
2016-12-19,48.5312,48.6623,48.4574,48.5476,474487
2016-12-20,48.5803,48.6787,48.3919,48.5722,391865
2016-12-21,48.5721,48.859,48.4738,48.6951,591994
2016-12-22,48.7278,48.8098,48.4902,48.7033,447820
2016-12-23,48.8754,48.8836,48.6459,48.7197,590070
2016-12-28,48.7115,48.9573,48.482,48.5803,493896
2016-12-29,48.5312,48.6951,48.4328,48.5312,173200
2016-12-30,48.5558,48.5558,48.0886,48.1542,259932
2017-01-03,48.2771,48.5967,48.0477,48.2935,325854
2017-01-04,48.2198,48.523,48.0231,48.3509,865390
2017-01-05,48.2526,48.6459,48.105,48.5476,357155
2017-01-06,48.5394,48.6787,48.2689,48.6213,241221
2017-01-09,48.5148,48.5885,48.3099,48.3181,276981
2017-01-10,48.3099,48.5558,48.1624,48.3591,297702
2017-01-11,48.3837,48.6295,48.146,48.4738,902460
2017-01-12,48.3345,48.5066,48.0723,48.3755,915225
2017-01-13,48.3755,48.6787,48.3755,48.5066,740014
2017-01-16,48.5066,48.5476,47.9329,48.2935,117507
2017-01-17,48.2525,48.441,47.8592,47.9411,395012
2017-01-18,47.9247,48.2034,47.8182,48.2034,703206
2017-01-19,48.2935,48.5967,48.2607,48.4902,269374
2017-01-20,48.5885,49.2769,48.5885,49.1704,519251
2017-01-23,49.0802,49.154,48.5885,48.8098,242008
2017-01-24,48.6787,48.7852,48.2689,48.5967,299450
2017-01-25,48.6705,48.8672,48.4574,48.5558,277855
2017-01-26,48.482,48.6541,48.2771,48.4902,259932
2017-01-27,48.4902,48.6295,48.3181,48.4328,278992
2017-01-30,48.3509,48.3673,47.8346,48.0559,275232
2017-01-31,48.0067,48.0067,47.5396,47.8018,356455
2017-02-01,47.8018,47.9411,47.2363,47.6215,439952
2017-02-02,47.4658,47.8428,47.4002,47.7936,447296
2017-02-03,47.9821,48.0804,47.7936,48.0395,289571
2017-02-06,48.0067,48.0559,47.6871,47.8182,179933
2017-02-07,47.8592,48.3181,47.8592,48.0723,217965
2017-02-08,48.0313,48.228,47.556,48.146,464695
2017-02-09,47.179,47.2445,46.0317,46.548,769041
2017-02-10,46.6791,47.5478,46.5807,47.4904,570136
2017-02-13,47.6461,48.146,47.6379,48.0477,594529
2017-02-14,47.9329,48.2443,47.7772,48.0313,280390
2017-02-15,48.0395,48.2853,48.0313,48.105,254948
2017-02-16,48.0804,48.1542,47.8756,48.1214,375078
2017-02-17,48.0149,48.3345,47.7608,48.2443,276369
2017-02-21,48.4029,48.5185,48.0148,48.1469,608693
2017-02-22,47.6514,47.7753,46.5943,46.7347,1212053
2017-02-23,46.7099,47.0733,46.297,46.5448,3032711
2017-02-24,46.3796,46.3878,45.7189,46.2309,750156
2017-02-27,46.1153,46.33,45.8923,46.264,1289691
2017-02-28,46.264,46.6604,46.264,46.3796,869149
2017-03-01,46.7347,46.7925,46.4787,46.6934,667796
2017-03-02,46.7347,47.6844,46.7099,47.5771,920559
2017-03-03,47.4614,47.5936,47.2632,47.3871,575469
2017-03-06,47.3128,47.5771,47.1146,47.3541,691053
2017-03-07,47.3541,47.7918,47.0898,47.544,381111
2017-03-08,47.6927,48.1304,47.6266,47.734,530268
2017-03-09,47.734,48.1799,47.6596,47.8661,474749
2017-03-10,48.0065,48.2377,47.8248,48.0395,573284
2017-03-13,48.0561,48.2955,47.9652,48.1139,454727
2017-03-14,48.2047,48.3947,47.9239,47.9817,580715
2017-03-15,47.99,48.3286,47.9404,48.0313,571622
2017-03-16,48.1056,48.3534,48.0726,48.2708,666048
2017-03-17,48.2212,48.5433,47.7505,47.8579,2809151
2017-03-20,47.734,48.0973,47.5193,47.5523,274095
2017-03-21,47.5936,48.1304,47.5027,47.6349,745172
2017-03-22,47.6101,47.8826,47.4945,47.767,676802
2017-03-23,47.7753,48.1386,47.6844,48.1139,381635
2017-03-24,48.0891,48.8489,48.0395,48.3368,466356
2017-03-27,48.246,48.2708,47.9157,48.1552,444236
2017-03-28,48.2212,48.4442,47.9817,48.279,541808
2017-03-29,48.1964,48.2047,47.6596,47.8413,479121
2017-03-30,47.8248,47.9569,47.5192,47.8496,408214
2017-03-31,47.6183,47.6844,47.3706,47.4945,480345
2017-04-03,47.4945,47.8331,47.2302,47.6679,395712
2017-04-04,47.5193,47.8496,47.4202,47.478,535339
2017-04-05,47.6018,47.9074,47.511,47.6266,413373
2017-04-06,47.6431,47.8413,47.4449,47.5606,313090
2017-04-07,47.4862,47.6844,47.2385,47.6762,353220
2017-04-10,47.6349,47.6349,47.3211,47.4367,328390
2017-04-11,47.288,47.478,46.8999,47.255,394750
2017-04-12,47.1146,47.2467,46.8421,47.1146,419930
2017-04-13,47.0237,47.2219,46.9081,46.9329,314838
2017-04-17,46.9907,47.5193,46.9081,47.511,305396
2017-04-18,47.4532,47.9157,47.4036,47.8496,395012
2017-04-19,47.9404,48.2625,47.9404,48.2625,300412
2017-04-20,47.6679,48.213,47.4697,47.5606,817303
2017-04-21,47.4367,47.7505,47.3954,47.544,538923
2017-04-24,47.8,48.1717,47.8,48.056,542333
2017-04-25,48.1386,48.469,48.0313,48.0891,713697
2017-04-26,48.0478,48.3781,47.9322,48.3699,491099
2017-04-27,48.3946,49.3526,48.3946,49.27,1084754
2017-04-28,50.3849,51.888,50.3767,51.2273,1172097
2017-05-01,50.7235,50.7318,49.8894,49.9142,541284
2017-05-02,49.9638,50.5253,49.8564,50.4923,874832
2017-05-03,50.3271,50.4015,49.9968,50.2033,571710
2017-05-04,50.3932,50.6822,49.9968,50.1454,681873
2017-05-05,50.2693,50.6905,50.2032,50.5666,535513
2017-05-08,50.6657,50.7896,50.3602,50.451,394050
2017-05-09,50.3767,50.5501,49.8812,50.0546,644889
2017-05-10,49.9803,49.9968,49.7986,49.8564,542333
2017-05-11,49.7573,50.0711,49.6582,49.7903,969607
2017-05-12,49.7325,50.0794,49.6995,49.8316,856909
2017-05-15,49.8729,50.2198,49.8481,50.0298,895204
2017-05-16,49.5343,49.8894,48.9728,49.014,1472159
2017-05-17,48.8241,49.0305,48.4112,48.4277,1367505
2017-05-18,48.5433,48.8241,48.1717,48.4359,711599
2017-05-19,48.502,48.5103,48.1551,48.2873,438378
2017-05-23,48.3864,48.3946,48.0065,48.0808,638507
2017-05-24,48.1056,48.3451,47.9239,48.3203,694550
2017-05-25,48.4359,49.5921,48.4359,49.2866,927903
2017-05-26,49.3361,49.3361,48.5516,48.6589,758374
2017-05-29,48.5516,48.8819,48.4029,48.5598,184042
2017-05-30,48.4442,48.8736,48.4442,48.7002,644540
2017-05-31,48.758,48.9149,48.4442,48.6589,2511274
2017-06-01,48.7745,49.0306,48.6507,48.9645,635971
2017-06-02,48.981,49.427,48.981,49.2122,412498
2017-06-05,49.1462,49.3031,48.7002,48.7333,713085
2017-06-06,48.6507,48.7911,48.5846,48.7002,517678
2017-06-07,48.6507,48.8241,48.5929,48.6672,1193080
2017-06-08,48.6754,48.8323,48.3946,48.7663,723140
2017-06-09,48.725,48.8737,48.6672,48.8654,893892
2017-06-12,48.725,49.3113,48.6589,48.7993,842133
2017-06-13,48.7911,48.9893,48.5928,48.6011,900012
2017-06-14,48.6176,49.0306,48.4607,48.7333,606944
2017-06-15,49.3031,50.8804,49.1214,50.484,1619655
2017-06-16,50.4923,50.5832,49.6747,49.9638,3093913
2017-06-19,50.5336,51.0621,50.1289,50.963,720167
2017-06-20,50.9135,51.0539,50.3354,50.3519,1478804
2017-06-21,50.2858,50.7566,50.1867,50.6492,462072
2017-06-22,50.6327,50.7896,50.418,50.7153,539885
2017-06-23,50.6492,51.2851,50.6492,50.9961,908493
2017-06-26,51.0869,51.3016,50.5831,50.74,477634
2017-06-27,50.6327,50.8144,50.451,50.5418,578704
2017-06-28,50.6492,50.8557,50.3602,50.3849,673042
2017-06-29,50.3354,50.3354,49.716,49.8977,600300
2017-06-30,49.8234,49.9803,49.5674,49.5839,505088
2017-07-04,49.6086,49.8151,49.0636,49.6004,178446
2017-07-05,49.6582,49.7077,49.3361,49.5673,484366
2017-07-06,49.3361,49.4435,49.014,49.0801,659228
2017-07-07,49.0553,49.0636,48.5681,48.758,234664
2017-07-10,48.8323,48.8819,48.5598,48.5681,227582
2017-07-11,48.5185,48.8158,48.4359,48.8158,355319
2017-07-12,48.8489,49.171,48.4607,48.4607,434181
2017-07-13,48.4938,48.758,48.0726,48.1139,361963
2017-07-14,48.1469,48.2708,48.0478,48.1386,582027
2017-07-17,48.056,48.1799,47.9817,48.1056,347013
2017-07-18,48.0148,48.1717,47.8578,48.0808,784079
2017-07-19,48.0065,48.1552,47.6927,47.7092,307144
2017-07-20,47.6762,47.8826,47.5523,47.7009,209746
2017-07-21,47.6101,47.6431,47.3954,47.544,1390237
2017-07-24,47.5523,47.5771,47.255,47.4697,275057
2017-07-25,47.4036,47.5275,47.2054,47.2219,293068
2017-07-26,47.2467,47.5027,47.2054,47.255,450181
2017-07-27,47.2963,47.6762,47.2302,47.5771,406903
2017-07-28,47.4201,47.4201,47.0733,47.3045,262205
2017-07-31,47.3376,47.6596,47.1559,47.1559,370969
2017-08-01,48.3368,50.1454,48.1799,49.6912,933411
2017-08-02,49.6252,49.749,49.1462,49.3444,751992
2017-08-03,49.4848,49.6665,49.237,49.3609,569786
2017-08-04,49.5508,49.7656,49.2618,49.4022,367209
2017-08-08,49.0801,49.4517,49.0801,49.1875,566726
2017-08-09,49.1296,49.3774,48.981,49.27,549502
2017-08-10,49.1379,49.1544,48.7498,48.9067,740539
2017-08-11,48.7828,48.948,48.4442,48.6837,702943
2017-08-14,48.9149,49.3196,48.5268,48.9067,1047158
2017-08-15,49.0889,49.222,49.0473,49.1055,486203
2017-08-16,49.2137,49.247,48.6895,48.6895,461372
2017-08-17,48.6479,48.7478,48.4399,48.4482,375865
2017-08-18,48.4149,48.4149,47.9407,47.9906,443449
2017-08-21,48.0405,48.0405,47.7826,47.8741,379012
2017-08-22,47.8658,48.1653,47.6828,48.1154,301024
2017-08-23,47.9657,48.1737,47.8741,47.9823,687993
2017-08-24,48.0156,48.0988,47.7909,47.7909,299800
2017-08-25,47.9157,48.0655,47.4997,47.4997,311778
2017-08-28,47.4748,47.508,47.1004,47.1836,412411
2017-08-29,46.9673,47.1919,46.8341,47.1337,331625
2017-08-30,47.1004,47.7993,47.1004,47.6578,707840
2017-08-31,47.5746,47.6578,47.3749,47.5081,673392
2017-09-01,47.6245,47.6245,46.7592,46.8508,794833
2017-09-05,46.7343,46.8341,46.0853,46.2018,922919
2017-09-06,46.8924,47.1253,46.3432,46.3516,731621
2017-09-07,46.4348,46.4348,45.9688,46.0021,686681
2017-09-08,46.0271,46.1602,45.8024,46.0021,347712
2017-09-11,46.1935,46.3599,45.8607,46.0188,537437
2017-09-12,46.052,46.5429,46.052,46.4098,604496
2017-09-13,46.4514,46.6677,46.1519,46.1852,430771
2017-09-14,46.2268,46.285,45.869,46.0437,573371
2017-09-15,45.9605,46.285,45.9605,46.0687,3323768
2017-09-18,46.1685,46.5096,45.9938,46.493,482443
2017-09-19,46.5429,46.7842,46.4514,46.5346,393876
2017-09-20,46.5679,46.9256,46.5096,46.8341,657917
2017-09-21,46.8841,46.9922,46.5096,46.8924,607556
2017-09-22,46.9007,47.1669,46.8175,47.1253,388280
2017-09-25,47.117,47.2085,46.9173,47.1919,488213
2017-09-26,47.3833,47.3833,46.9256,46.9506,423340
2017-09-27,47.1253,47.8325,47.1253,47.7493,714834
2017-09-28,47.7327,47.7327,47.1586,47.2085,395449
2017-09-29,47.4249,47.7577,47.35,47.6329,635797
2017-10-02,47.8575,48.0322,47.6661,47.8076,593218
2017-10-03,47.766,47.9573,47.6578,47.8908,325155
2017-10-04,47.8908,48.2319,47.8409,48.1653,353570
2017-10-05,48.1653,48.4565,47.9324,48.1154,333986
2017-10-06,48.1321,48.1986,47.8741,47.9906,355406
2017-10-10,48.1404,48.1404,47.8575,47.9823,475711
2017-10-11,48.0322,48.2485,47.8908,48.0156,432607
2017-10-12,48.0988,48.2236,47.999,48.1071,540410
2017-10-13,48.2153,48.831,48.2153,48.6146,412149
2017-10-16,48.573,49.3135,48.573,49.2553,713173
2017-10-17,49.7295,50.7779,49.7295,50.079,868974
2017-10-18,50.1206,50.1206,49.247,49.3551,423777
2017-10-19,49.2553,49.7961,49.2553,49.7545,534289
2017-10-20,49.9375,50.2121,49.9126,50.0623,675665
2017-10-23,50.1955,50.4617,49.9875,50.0041,420542
2017-10-24,49.9375,50.3369,49.9292,50.1123,341505
2017-10-25,50.1123,50.4368,49.9958,50.312,427886
2017-10-26,50.4451,50.728,50.4368,50.6614,281265
2017-10-27,50.7529,50.8444,50.0956,50.1705,423077
2017-10-30,50.104,50.4534,50.104,50.1872,291144
2017-10-31,50.3369,50.7196,50.1872,50.1872,424826
2017-11-01,49.0639,49.0639,46.5845,47.3833,3391440
2017-11-02,47.4249,47.5164,47.092,47.3833,1355002
2017-11-03,47.3749,47.4248,47.0671,47.3333,737304
2017-11-06,47.4249,47.4415,47.1087,47.2501,684758
2017-11-07,47.3,47.6744,47.2751,47.3333,462858
2017-11-08,47.1669,47.1669,46.5762,46.8508,885324
2017-11-09,46.7426,47.1004,46.6261,47.0671,624343
2017-11-10,47.0255,47.2168,46.9173,46.9506,563579
2017-11-13,46.9922,47.0421,46.7759,46.9007,266489
2017-11-14,46.8424,47.2418,46.8341,47.0255,357242
2017-11-15,46.966,47.3097,46.966,47.0414,637283
2017-11-16,47.0498,47.293,47.0247,47.1253,918723
2017-11-17,47.1672,47.1924,46.8737,47.0414,689129
2017-11-20,47.0247,47.2846,46.9576,47.1253,1095945
2017-11-21,47.2007,47.3181,46.9743,47.184,937608
2017-11-22,47.1169,47.2427,46.7144,46.9576,711162
2017-11-23,46.9156,47.5865,46.9156,47.4188,172676
2017-11-24,47.5362,47.5697,47.075,47.2846,339843
2017-11-27,47.3601,47.4942,47.1924,47.4439,321308
2017-11-28,47.5781,48.056,47.5781,47.9051,546530
2017-11-29,47.9386,48.2153,47.7038,47.7961,606332
2017-11-30,47.8296,47.9806,47.5697,47.6452,1134152
2017-12-01,47.5361,47.5948,46.9827,47.4104,746134
2017-12-04,47.6116,47.6116,47.1253,47.1756,838024
2017-12-05,47.3181,47.4523,47.0163,47.0834,954482
2017-12-06,47.0246,47.5361,46.8821,47.2427,504913
2017-12-07,47.3265,47.838,47.3265,47.4104,457263
2017-12-08,47.4775,47.7961,47.2678,47.7793,398772
2017-12-11,47.7374,47.8716,47.5781,47.8212,266139
2017-12-12,47.8632,47.8967,47.6703,47.8129,383384
2017-12-13,47.9219,48.0812,47.5194,47.5278,511557
2017-12-14,47.6536,47.9219,47.4523,47.4607,544082
2017-12-15,47.1337,48.0141,47.1337,47.7122,1461493
2017-12-18,47.7961,48.0644,47.1756,47.1756,405854
2017-12-19,47.1672,47.3936,46.6725,46.9492,935946
2017-12-20,47.0498,47.0498,46.7563,46.8485,336871
2017-12-21,46.8402,46.9408,46.2532,46.3706,346313
2017-12-22,46.3287,46.4796,46.1861,46.3119,361351
2017-12-27,46.0855,46.2029,45.8759,46.119,285549
2017-12-28,46.0771,46.0939,45.5237,45.8675,323494
2017-12-29,45.8843,46.0184,45.7333,45.943,354007
2018-01-02,45.9513,46.0352,45.5908,45.9094,307581
2018-01-03,45.9346,46.1274,45.7585,46.0436,429985
2018-01-04,46.0352,46.1861,45.9178,46.161,324718
2018-01-05,46.1274,46.2532,45.901,46.0352,380499
2018-01-08,46.1023,46.1023,45.6746,45.8675,296740
2018-01-09,45.9849,46.3957,45.8926,46.0268,322095
2018-01-10,45.9429,46.1777,45.6998,46.0016,443711
2018-01-11,45.9094,46.01,45.4398,45.465,520475
2018-01-12,45.4398,45.7417,45.3476,45.5656,355581
2018-01-15,45.6159,45.6578,45.3811,45.4231,102032
2018-01-16,45.4231,45.7082,45.3644,45.4482,742899
2018-01-17,45.465,45.8004,45.3811,45.4901,521962
2018-01-18,45.5488,45.7249,45.3979,45.465,477285
2018-01-19,45.3979,45.8088,45.3979,45.7669,385570
2018-01-22,45.6579,45.6579,45.2637,45.4398,1157671
2018-01-23,45.3476,45.3476,44.8696,45.0541,1130567
2018-01-24,44.9954,45.5069,44.7606,45.0877,758374
2018-01-25,45.0877,45.205,44.8445,45.0122,598464
2018-01-26,45.1044,45.7249,45.029,45.465,438290
2018-01-29,45.356,45.6327,44.9367,44.9367,590945
2018-01-30,48.5424,49.7499,47.5613,48.1063,2983488
2018-01-31,46.9576,46.966,44.2911,44.6349,2525175
2018-02-01,44.2324,44.5845,42.6559,44.4588,1646496
2018-02-02,44.333,44.3833,43.8718,44.0982,934897
2018-02-05,43.9221,44.224,43.1926,43.3519,970394
2018-02-06,42.7146,43.3435,42.0857,42.5301,1334106
2018-02-07,42.6308,43.0668,42.2786,42.8152,1160643
2018-02-08,42.4463,42.6727,41.591,41.9515,1058175
2018-02-09,41.8761,42.0773,41.3059,41.591,1034219
2018-02-12,41.7084,42.7146,41.6916,42.3121,1153212
2018-02-13,42.2618,42.2618,41.5826,42.0773,1235222
2018-02-14,41.9013,42.4044,41.8426,42.1025,492410
2018-02-15,42.245,42.3037,41.9264,42.027,510246
2018-02-16,42.0689,42.3205,41.9767,42.2618,473175
2018-02-20,42.3037,42.396,42.0606,42.1612,426225
2018-02-21,42.217,42.8007,42.0817,42.6399,862592
2018-02-22,42.6315,42.8091,42.4116,42.4877,1117016
2018-02-23,42.6315,42.7161,42.5131,42.6991,367384
2018-02-26,42.8599,43.1559,42.6569,43.0121,616474
2018-02-27,42.9445,43.3674,42.9445,43.1475,507361
2018-02-28,43.1728,43.4774,42.7584,42.7668,642529
2018-03-01,42.826,42.826,42.1747,42.5554,635884
2018-03-02,42.4623,42.9867,42.2931,42.843,698922
2018-03-05,42.7837,43.4943,42.7837,43.3928,349373
2018-03-06,43.4097,43.4689,42.8768,43.2067,1580748
2018-03-07,42.9275,43.2828,42.9275,42.9529,596278
2018-03-08,43.0037,43.6381,42.9275,43.5704,489525
2018-03-09,43.6973,43.9003,43.5873,43.7819,409963
2018-03-12,43.7649,44.0948,43.7142,43.951,415908
2018-03-13,44.0102,44.2217,43.6973,43.7565,386007
2018-03-14,43.8241,43.951,43.1982,43.4689,363537
2018-03-15,43.4943,43.748,43.4351,43.6296,560519
2018-03-16,43.6634,44.7631,43.1813,43.1813,2309834
2018-03-19,43.2236,43.3928,42.9614,43.3251,720167
2018-03-20,43.3758,44.0525,43.1813,43.8918,1917532
2018-03-21,43.7649,43.7649,43.0883,43.1052,923444
2018-03-22,42.9783,42.9867,42.2762,42.4116,551950
2018-03-23,42.3439,43.0037,42.2931,42.4961,800254
2018-03-26,42.7414,43.046,42.2931,42.7076,1038678
2018-03-27,42.6484,42.7584,41.9125,42.0055,803838
2018-03-28,42.0648,42.2509,41.7602,42.0986,894329
2018-03-29,42.2001,42.5046,42.0309,42.1155,776910
2018-04-02,42.0732,42.5469,41.8871,42.217,566901
2018-04-03,42.2847,42.4369,41.9548,42.124,561743
2018-04-04,42.0732,42.7753,41.8025,42.6991,760560
2018-04-05,42.9529,43.2236,42.6822,43.0121,726725
2018-04-06,42.7668,43.0883,42.5723,42.8683,593218
2018-04-09,42.9191,43.1221,42.826,42.9867,449656
2018-04-10,43.1052,43.1052,42.5976,42.6399,561568
2018-04-11,42.5215,42.5469,41.6249,41.6418,687556
2018-04-12,41.7856,42.0986,41.718,42.0055,661501
2018-04-13,42.0055,42.1832,41.8364,41.8787,471339
2018-04-16,41.921,41.9802,41.7095,41.8702,368783
2018-04-17,42.0056,42.6738,41.718,42.6569,559994
2018-04-18,42.6315,42.9868,42.6061,42.8091,423690
2018-04-19,42.8007,42.8176,42.5215,42.623,327603
2018-04-20,42.6907,42.826,42.5723,42.7837,366772
2018-04-23,43.0375,43.2321,42.9191,43.1559,359253
2018-04-24,43.2236,43.545,43.0713,43.3082,513831
2018-04-25,43.249,43.3505,42.9867,43.0798,642791
2018-04-26,43.1221,43.6042,43.0883,43.5027,574070
2018-04-27,43.4773,43.9087,43.4773,43.7226,396586
2018-04-30,43.748,43.9172,43.655,43.6719,750855
2018-05-01,43.7142,43.7565,43.4435,43.6804,349286
2018-05-02,43.7565,43.8072,43.2743,43.2912,381723
2018-05-03,43.249,43.2828,42.5215,42.6822,501066
2018-05-04,42.5723,42.9275,42.4369,42.843,351647
2018-05-07,42.8683,42.8683,42.4116,42.53,614201
2018-05-08,42.6315,42.936,42.4708,42.4877,829019
2018-05-09,42.5384,42.5807,41.7095,42.2593,596977
2018-05-10,42.1916,42.4454,41.9463,42.2847,548366
2018-05-11,41.1005,41.1089,39.4933,40.7198,2526837
2018-05-14,41.5319,41.8025,40.8805,41.5742,1650431
2018-05-15,41.5995,41.8871,41.405,41.7687,1708310
2018-05-16,41.7892,42.5915,41.6868,42.5488,994700
2018-05-17,42.5574,42.8817,42.4037,42.6854,650310
2018-05-18,42.7622,42.8476,42.5062,42.6683,1285844
2018-05-22,41.9514,42.3696,41.9514,42.2501,1000995
2018-05-23,42.0965,42.3355,42.0965,42.2074,582289
2018-05-24,42.2672,42.6939,42.1221,42.1989,846330
2018-05-25,41.994,43.1805,41.994,42.839,812232
2018-05-28,42.8817,43.1036,42.5403,42.711,128261
2018-05-29,42.583,42.6427,42.1477,42.2842,506049
2018-05-30,42.3696,43.0183,41.8233,43.0183,1559240
2018-05-31,42.8902,43.3341,42.8902,43.0268,853062
2018-06-01,43.1036,43.4792,42.9927,43.2317,910766
2018-06-04,43.2573,43.6926,43.1378,43.5987,444061
2018-06-05,43.6499,44.3157,43.6072,43.7694,968296
2018-06-06,43.6414,43.9742,43.5731,43.7267,665436
2018-06-07,43.9913,45.1521,43.9913,44.6229,1053016
2018-06-08,44.4864,45.0838,44.4864,45.0156,547142
2018-06-11,45.1777,45.6557,45.0839,45.4338,551513
2018-06-12,45.4935,45.5874,44.9558,45.3143,557896
2018-06-13,45.4252,45.8008,45.2204,45.2204,510596
2018-06-14,45.2716,45.9971,45.2716,45.8606,648824
2018-06-15,45.8435,46.2959,45.6728,46.0142,1392073
2018-06-18,45.8947,46.0654,45.8094,45.9801,538574
2018-06-19,45.8606,46.2617,45.596,45.613,557546
2018-06-20,45.7667,46.0825,45.6899,45.9203,616387
2018-06-21,45.8691,46.0483,45.7581,45.9545,507448
2018-06-22,46.074,46.3386,46.074,46.1593,505612
2018-06-25,46.0569,46.0569,45.6045,45.6301,610616
2018-06-26,45.6728,46.0057,45.6557,45.7923,713872
2018-06-27,45.8606,45.8862,45.2802,45.4679,553786
2018-06-28,45.3911,45.6386,45.0326,45.3228,477197
2018-06-29,45.357,45.5448,45.1095,45.2802,487951
2018-07-03,45.6216,45.8606,45.2802,45.4167,379012
2018-07-04,45.4082,46.1081,45.2119,45.8691,248653
2018-07-05,45.8776,45.9288,45.2119,45.6728,633523
2018-07-06,45.6216,46.1337,45.4935,45.9801,500366
2018-07-09,45.9715,46.074,45.5789,45.963,431558
2018-07-10,45.9971,46.2447,45.7411,46.1849,538049
2018-07-11,46.1081,46.8677,45.8606,46.808,836275
2018-07-12,46.8933,47.5762,46.6458,47.4396,729260
2018-07-13,47.4908,47.8578,47.4567,47.7298,477285
2018-07-16,47.7298,47.7298,47.4225,47.542,229418
2018-07-17,47.5164,47.7981,47.3799,47.6786,381898
2018-07-18,47.6786,47.9859,47.3969,47.3969,293330
2018-07-19,47.4055,47.7554,47.2945,47.6274,399121
2018-07-20,47.5335,47.5335,46.9446,47.4396,319210
2018-07-23,47.3201,47.7725,47.2348,47.2604,415996
2018-07-24,47.2689,47.4823,47.1238,47.1494,281877
2018-07-25,47.1409,47.1494,46.68,46.7568,425088
2018-07-26,46.7568,46.919,46.6031,46.6202,263866
2018-07-27,46.68,46.68,45.9886,46.2959,434881
2018-07-30,46.3385,46.4751,46.0313,46.091,370532
2018-07-31,46.1678,46.4495,45.9203,46.074,614026
2018-08-01,46.2959,46.2959,45.724,45.9203,540147
2018-08-02,45.852,45.852,45.6557,45.7069,486115
2018-08-03,45.3484,46.0483,45.2546,45.8947,576956
2018-08-07,45.7496,45.9715,45.4935,45.6898,674091
2018-08-08,45.6728,47.4311,45.3741,47.1579,902460
2018-08-09,47.0214,47.2518,46.7653,47.2262,694550
2018-08-10,47.0214,47.2945,46.7995,47.1238,783117
2018-08-13,47.1409,47.7213,47.1153,47.6189,472913
2018-08-14,47.6957,48.0029,47.4908,47.8749,519514
2018-08-15,47.7467,48.0565,47.2993,47.8241,643665
2018-08-16,47.8414,48.3576,47.5144,48.263,419405
2018-08-17,48.1425,48.2716,47.7553,48.263,242620
2018-08-20,48.1941,48.8309,48.0909,48.5297,446946
2018-08-21,48.4523,48.5383,48.2716,48.3748,280041
2018-08-22,48.2802,48.3404,47.9876,48.1425,291494
2018-08-23,48.0995,48.4523,48.0737,48.2458,317723
2018-08-24,48.2544,48.349,47.9532,48.0737,184916
2018-08-27,48.1339,48.3232,47.9962,48.2113,253724
2018-08-28,48.22,50.3367,47.9016,49.6827,1365231
2018-08-29,49.5795,50.3367,49.5795,49.9581,1720113
2018-08-30,49.8892,50.1474,49.786,49.8548,1743544
2018-08-31,49.8634,50.1646,49.8376,49.9409,1211965
2018-09-04,50.0785,50.5862,50.0355,50.2592,1257866
2018-09-05,50.3109,50.5088,50.0699,50.4055,987443
2018-09-06,50.4313,50.9734,50.3023,50.7927,960165
2018-09-07,50.7411,51.3348,50.5776,50.7239,793434
2018-09-10,50.7497,50.896,50.5174,50.6034,593130
2018-09-11,50.5948,50.8357,50.242,50.2592,1001869
2018-09-12,50.1904,50.612,49.8893,50.569,844756
2018-09-13,50.8185,51.1111,50.7583,51.0595,756538
2018-09-14,50.9476,51.1627,50.655,51.0422,750156
2018-09-17,50.7755,51.1627,50.7153,51.025,873259
2018-09-18,50.9476,51.1627,50.853,50.9476,595054
2018-09-19,50.7927,50.9476,50.3367,50.4743,1457471
2018-09-20,50.5346,50.6981,50.4571,50.526,839161
2018-09-21,50.5088,50.7411,50.4055,50.4743,1769774
2018-09-24,50.3625,50.7239,50.3367,50.6809,589983
2018-09-25,50.6809,50.9906,50.5002,50.939,450880
2018-09-26,50.8529,51.0422,50.7583,50.896,833827
2018-09-27,50.9304,51.395,50.9304,51.266,1455897
2018-09-28,51.1627,51.2746,50.7067,50.7153,943465
2018-10-01,50.6723,50.6723,49.7516,49.9065,943728
2018-10-02,49.7688,49.9581,49.132,49.3558,1021803
2018-10-03,52.2899,52.462,51.6618,52.2469,2216370
2018-10-04,52.0748,52.0748,50.0441,52.0232,1347133
2018-10-05,51.8941,52.2211,51.4897,52.2211,2787992
2018-10-09,51.7306,52.0576,51.4381,51.6274,965935
2018-10-10,51.5929,51.5929,50.4399,50.483,1605928
2018-10-11,50.3453,50.6378,49.8376,49.8376,1566847
2018-10-12,49.5623,51.4208,49.5623,51.3778,4254206
2018-10-15,51.1369,51.3692,50.8443,50.896,670157
2018-10-16,51.0509,51.8167,50.9648,51.679,1247550
2018-10-17,51.6101,52.4878,51.6101,52.4706,771314
2018-10-18,52.4706,52.9869,52.4018,52.7632,959553
2018-10-19,52.9266,53.1332,52.5394,52.5394,717544
2018-10-22,52.505,53.159,52.4964,52.9611,775948
2018-10-23,52.7546,52.9525,52.2125,52.8148,929389
2018-10-24,52.7115,52.9525,52.049,52.1092,793347
2018-10-25,52.2555,52.6427,52.1092,52.2125,685632
2018-10-26,51.9199,52.1867,51.0681,51.7306,940143
2018-10-29,51.9199,52.6083,51.0336,51.3348,691577
2018-10-30,51.352,52.0404,51.3004,51.8425,1200687
2018-10-31,52.1006,53.0815,52.1006,52.7201,654332
2018-11-01,52.5997,52.8062,52.0146,52.1436,1536946
2018-11-02,52.2727,52.3157,51.6532,51.8339,695687
2018-11-05,51.6704,52.0404,51.6101,51.8683,1393034
2018-11-06,51.8683,54.3636,51.7823,54.2518,1656988
2018-11-07,54.2087,54.2087,53.658,53.8473,664824
2018-11-08,53.615,54.4669,53.5118,54.4669,630988
2018-11-09,54.355,55.009,54.3464,54.639,555885
2018-11-12,54.5873,54.9401,54.3464,54.5271,421067
2018-11-13,54.5787,55.0778,54.3292,54.6648,665960
2018-11-14,54.825,55.2582,54.7557,54.9463,507798
2018-11-15,54.7471,55.9598,54.6518,55.8905,665785
2018-11-16,55.648,55.9858,55.3708,55.8039,1111333
2018-11-19,55.7432,56.0984,55.1455,55.3015,294030
2018-11-20,55.0069,55.5787,54.851,55.1109,336871
2018-11-21,55.2928,55.57,54.9983,54.9983,650135
2018-11-22,55.1369,55.6913,54.8943,55.3535,181331
2018-11-23,55.2408,55.9771,54.9376,55.8645,390291
2018-11-26,56.0811,56.263,55.6393,56.2457,885936
2018-11-27,55.7668,56.6154,55.3811,56.1011,783978
2018-11-28,56.984,57.5497,56.1354,56.9668,803816
2018-11-29,56.8897,57.5154,56.8897,56.9325,522235
2018-11-30,57.0097,57.5411,56.8383,57.5411,1604069
2018-12-03,57.5925,57.6183,55.9897,56.4268,837425
2018-12-04,56.4525,58.5783,56.1697,57.9269,1540030
2018-12-05,57.1039,58.8868,56.8811,58.7668,827699
2018-12-06,57.6697,58.7411,56.9754,58.4154,1863790
2018-12-07,58.5097,58.6211,57.1125,57.584,1101479
2018-12-10,57.4211,57.9954,57.4211,57.7897,780512
2018-12-11,58.0983,58.6297,57.3783,57.6354,962326
2018-12-12,58.0811,58.9469,58.0811,58.1068,951733
2018-12-13,58.4754,58.8697,58.064,58.8097,687004
2018-12-14,58.424,59.2983,58.424,58.7583,767030
2018-12-17,58.6297,58.8183,57.824,57.9611,964926
2018-12-18,58.1154,58.1926,56.8897,57.1554,1631322
2018-12-19,57.0097,57.584,56.7954,57.0525,1216173
2018-12-20,56.8725,57.2068,56.0411,56.3154,1203654
2018-12-21,56.4268,56.6068,55.0211,55.0211,4170560
2018-12-24,55.0211,55.0211,54.2582,54.4039,806705
2018-12-27,54.7039,56.1954,54.7039,55.7754,1112650
2018-12-28,55.9297,56.5211,55.7497,56.1097,947977
2018-12-31,56.1097,57.0697,56.1097,56.5125,563548
2019-01-02,56.3411,56.3411,55.0725,55.3725,1019143
2019-01-03,55.1925,55.3725,54.121,54.1982,837810
2019-01-04,54.5154,54.9011,54.3611,54.6182,762311
2019-01-07,54.5839,54.6096,53.9325,54.1211,822402
2019-01-08,54.3782,54.9782,53.9582,54.1639,1119776
2019-01-09,54.1982,54.8068,54.181,54.6868,791008
2019-01-10,54.5582,55.5011,54.3868,55.4754,633654
2019-01-11,55.5096,55.9125,55.2268,55.8354,476781
2019-01-14,55.904,56.1782,55.6897,56.1182,486893
2019-01-15,56.2297,56.7611,56.1268,56.4097,533213
2019-01-16,56.444,57.3011,56.3925,57.2668,814602
2019-01-17,57.0268,57.6182,57.0268,57.4554,462433
2019-01-18,57.584,58.1925,57.5325,57.8754,541880
2019-01-21,57.8326,57.8411,57.344,57.4125,128753
2019-01-22,57.3783,58.0897,57.3268,58.0469,450588
2019-01-23,58.1583,58.6126,58.1583,58.5268,545925
2019-01-24,58.4583,58.664,58.2697,58.3126,396949
2019-01-25,58.0897,58.1154,57.0268,57.9011,416690
2019-01-28,57.7297,58.0125,57.5668,57.9354,315479
2019-01-29,57.9354,58.5011,57.8411,58.424,365459
2019-01-30,58.4068,58.6383,58.184,58.4411,278981
2019-01-31,58.4583,59.2383,58.3211,58.8954,772711
2019-02-01,58.9897,59.2297,58.6211,58.844,451936
2019-02-04,59.084,59.3412,58.964,59.3069,389148
2019-02-05,59.3154,60.1555,59.2383,60.0783,411875
2019-02-06,60.164,60.404,59.684,59.8554,291500
2019-02-07,59.6583,60.4812,59.5469,60.3354,668804
2019-02-08,60.2755,60.6955,60.0183,60.5498,517805
2019-02-11,60.5155,60.944,59.8983,59.9754,321642
2019-02-12,59.9326,60.0612,59.4354,59.8812,399452
2019-02-13,59.9926,60.104,59.6411,59.6411,287937
2019-02-14,59.7012,60.4297,59.4526,60.0012,361992
2019-02-15,60.164,60.2155,59.7183,60.1126,442017
2019-02-19,60.0097,60.3526,59.8297,59.8812,381733
2019-02-20,59.9583,60.044,59.1354,59.4526,354577
2019-02-21,59.3754,60.284,58.9811,60.0097,507501
2019-02-22,60.0012,60.524,59.8469,60.0012,413609
2019-02-25,60.0012,60.2583,59.6155,59.7526,578378
2019-02-26,60.8755,62.9069,60.284,61.5183,822691
2019-02-27,61.2955,61.3126,60.1897,60.9097,510005
2019-02-28,60.5583,61.7069,60.5583,61.3383,831069
2019-03-01,61.7841,61.9726,61.4326,61.8098,596097
2019-03-04,61.8269,62.5126,61.6298,61.8012,521272
2019-03-05,61.8269,62.5726,61.8269,62.1269,568363
2019-03-06,62.2384,62.967,62.2384,62.7441,636350
2019-03-07,62.7389,63.5327,62.7303,63.1531,858033
2019-03-08,62.7648,62.8683,62.178,62.2816,610735
2019-03-11,62.3938,63.386,62.3938,63.1962,395408
2019-03-12,63.2307,63.783,62.9977,63.3774,461759
2019-03-13,63.4982,63.9987,63.4206,63.9124,419194
2019-03-14,64.0677,64.2834,63.9814,64.1281,388474
2019-03-15,64.4042,65.0255,64.1281,64.9306,1720303
2019-03-18,64.827,65.2239,64.4387,64.9478,356310
2019-03-19,64.9737,65.431,64.6544,65.1118,394734
2019-03-20,65.0686,65.4655,64.8615,65.0168,410334
2019-03-21,64.8011,66.3888,64.8011,66.2335,361799
2019-03-22,66.1731,67.036,66.0092,67.036,705783
2019-03-25,65.6036,66.803,65.3879,66.6563,486315
2019-03-26,66.9928,66.9928,65.7762,66.5787,486797
2019-03-27,66.5441,67.476,66.501,67.1913,378748
2019-03-28,67.1999,68.7876,67.174,68.3648,534176
2019-03-29,68.3044,68.4683,67.6486,68.2267,575007
2019-04-01,68.4079,68.6409,67.64,68.1059,238150
2019-04-02,68.2353,68.3561,67.4415,67.8384,378266
2019-04-03,68.0628,68.4942,67.64,68.4942,465611
2019-04-04,68.5115,68.7703,67.1913,67.5364,509331
2019-04-05,67.7349,68.2526,67.3121,67.7608,344754
2019-04-08,67.4415,67.7004,67.0791,67.6227,254425
2019-04-09,67.2517,67.7608,67.2517,67.4501,353710
2019-04-10,67.5882,68.0283,67.571,67.8557,260299
2019-04-11,68.0973,68.5115,67.8988,68.0714,283122
2019-04-12,68.2785,68.6668,67.8298,68.6495,274262
2019-04-15,68.3475,69.3743,68.3475,69.0982,324338
2019-04-16,69.3226,69.6159,68.7876,68.8911,376148
2019-04-17,68.848,68.9774,68.1404,68.8566,393771
2019-04-18,69.4261,69.7022,68.8048,69.2018,524739
2019-04-22,69.1413,69.6159,68.8997,69.1672,440476
2019-04-23,69.3398,70.0301,69.2018,69.3484,588971
2019-04-24,69.3916,69.9007,69.1845,69.4952,627106
2019-04-25,69.6073,70.893,69.5469,70.7549,455788
2019-04-26,70.9189,70.9534,70.3666,70.7722,283122
2019-04-29,70.7549,71.0051,70.3407,70.9275,527917
2019-04-30,70.9102,71.5574,70.8498,71.4366,374029
2019-05-01,71.5919,72.334,71.3934,71.5488,517613
2019-05-02,71.5833,71.8594,71.1777,71.6264,228905
2019-05-03,71.9112,72.239,71.0656,71.2985,330309
2019-05-06,70.8584,71.635,70.7722,71.6091,321835
2019-05-07,71.1518,72.0837,70.8153,70.9275,476492
2019-05-08,71.4366,73.3004,71.4366,73.0415,1318540
2019-05-09,72.8775,73.8267,72.541,73.4902,1329710
2019-05-10,73.076,74.2754,72.5755,74.1201,584348
2019-05-13,73.5851,74.3444,73.0588,73.7922,434120
2019-05-14,74.0683,74.7586,73.8957,74.6378,541880
2019-05-15,74.4652,75.4661,74.4652,75.121,389437
2019-05-16,75.2936,76.0529,75.1383,75.7509,483619
2019-05-17,75.6991,76.2513,75.4316,75.4316,543132
2019-05-21,74.819,75.6819,74.8104,75.4834,750659
2019-05-22,75.3645,76.2235,74.9047,75.8157,778586
2019-05-23,75.5988,76.076,75.0088,75.512,444521
2019-05-24,75.486,75.9979,75.4079,75.6248,495560
2019-05-27,75.755,76.2929,75.3385,75.6943,107760
2019-05-28,75.7376,76.7615,75.7376,76.3363,968874
2019-05-29,75.9372,76.3363,74.28,74.4188,955103
2019-05-30,74.4275,74.9481,74.1845,74.5923,355925
2019-05-31,74.306,74.7745,74.2626,74.5316,424009
2019-06-03,74.6097,74.9828,74.037,74.3841,418712
2019-06-04,74.4882,74.7138,73.395,73.7507,468981
2019-06-05,74.1151,76.1454,74.0544,75.9979,717242
2019-06-06,75.8591,76.3797,75.3125,76.319,393386
2019-06-07,76.2322,77.0652,76.1975,77.0565,515109
2019-06-10,77.0651,77.0651,75.3819,75.5815,856492
2019-06-11,75.7376,75.8851,74.9741,75.4079,497293
2019-06-12,75.434,76.5359,74.9394,76.3103,592534
2019-06-13,76.4404,76.4751,74.87,75.0435,518190
2019-06-14,74.9654,75.9285,74.9481,75.7463,365073
2019-06-17,75.7116,76.0413,75.512,75.5988,363244
2019-06-18,75.755,76.319,75.5728,75.9893,406675
2019-06-19,75.9112,76.987,75.4947,76.8743,396756
2019-06-20,76.8656,76.9263,75.7116,76.1801,510968
2019-06-21,76.1714,76.2148,75.3298,75.5641,1392113
2019-06-24,75.6248,75.9719,75.217,75.2865,339650
2019-06-25,74.601,74.6878,73.8982,73.9156,519346
2019-06-26,73.8375,74.1845,72.4752,72.5707,647040
2019-06-27,72.5273,73.2041,72.1195,73.0132,403208
2019-06-28,73.0479,73.3342,72.6141,73.2995,655803
2019-07-02,74.1845,75.0609,73.69,74.549,566629
2019-07-03,74.5229,75.4947,74.5229,74.9654,359873
2019-07-04,75.0609,75.9632,74.4795,75.1216,104582
2019-07-05,74.7485,75.1129,73.8114,75.0175,301034
2019-07-08,74.922,75.2865,74.3494,75.139,364399
2019-07-09,75.0088,75.6248,74.9394,75.5207,363051
2019-07-10,75.4166,75.9458,75.2257,75.5294,391267
2019-07-11,75.5901,75.755,74.7572,75.7203,589163
2019-07-12,75.6162,76.2756,75.4166,76.1801,419483
2019-07-15,76.3016,76.987,75.807,76.909,349762
2019-07-16,76.7788,76.7788,76.0933,76.6834,252980
2019-07-17,76.6227,77.2994,76.4491,76.6487,356984
2019-07-18,76.2322,77.4729,76.2148,77.2647,413416
2019-07-19,77.6812,77.794,76.6573,76.6747,288996
2019-07-22,76.8309,77.5944,76.7528,77.4816,363725
2019-07-23,77.5857,78.089,77.2213,77.9415,239594
2019-07-24,77.846,77.846,76.4752,77.0999,552088
2019-07-25,77.0999,77.3255,76.7528,77.1172,386356
2019-07-26,77.2734,81.0737,77.2127,80.4664,823558
2019-07-29,79.6855,80.4316,77.5163,77.9935,791779
2019-07-30,78.0282,79.0608,77.3688,78.1237,535235
2019-07-31,78.0456,78.1323,76.2669,76.909,703760
2019-08-01,77.6378,79.7289,76.3537,78.2538,1073649
2019-08-02,78.0803,78.6182,75.3819,76.6573,679300
2019-08-06,74.5663,76.4838,74.2626,76.397,824521
2019-08-07,76.0326,78.0283,76.0066,77.7766,708575
2019-08-08,77.9241,78.436,76.4925,77.4643,391845
2019-08-09,77.3254,77.9935,77.1346,77.7593,355636
2019-08-12,77.9241,77.9241,76.5793,76.7962,350532
2019-08-13,76.7701,77.5597,76.6747,77.1866,757977
2019-08-14,76.7962,77.794,75.4947,75.7029,450780
2019-08-15,75.6682,76.4231,75.486,75.9632,306330
2019-08-16,76.6053,77.6898,75.9285,77.6204,290633
2019-08-19,77.9241,78.4621,77.551,78.089,360451
2019-08-20,77.8547,78.3406,77.4469,77.9241,383081
2019-08-21,76.7805,78.5426,76.7805,78.3071,403497
2019-08-22,78.4903,78.752,77.7052,78.1326,422757
2019-08-23,77.173,77.1818,76.0042,76.1873,592823
2019-08-26,76.7544,76.8765,75.9082,76.7108,385007
2019-08-27,76.9027,78.2722,76.9027,78.0454,635002
2019-08-28,77.8273,78.4554,77.6092,78.2635,296411
2019-08-29,78.5339,79.7464,78.5339,79.476,441536
2019-08-30,79.4672,79.9295,78.6385,79.8074,593593
2019-09-03,79.537,80.8542,79.4585,79.8859,756148
2019-09-04,80.1302,80.8804,80.0168,80.4617,553532
2019-09-05,80.7408,82.2412,80.7321,81.6044,555940
2019-09-06,81.3253,81.9271,81.2293,81.3514,375666
2019-09-09,81.2816,81.4474,78.9787,79.5021,646366
2019-09-10,79.3277,79.3277,77.3563,77.9407,476974
2019-09-11,77.9582,77.9582,75.6378,76.8242,709057
2019-09-12,76.7369,78.1588,76.7369,77.6965,515494
2019-09-13,77.7575,78.7083,76.8329,77.522,401667
2019-09-16,77.1731,77.1731,76.2135,76.5014,324050
2019-09-17,76.7107,78.6734,76.7107,78.1675,439802
2019-09-18,78.1762,78.2547,77.3911,77.9669,340324
2019-09-19,77.9145,78.6124,77.9145,78.1326,345428
2019-09-20,78.2286,78.9264,77.0248,77.3737,1449604
2019-09-23,77.4086,77.6616,76.859,77.4958,249128
2019-09-24,77.5743,78.6735,77.365,77.7837,317212
2019-09-25,77.7924,78.499,77.5918,78.3245,281292
2019-09-26,78.1239,78.3071,77.426,78.2198,327035
2019-09-27,78.4117,78.5688,76.2397,76.6148,267714
2019-09-30,76.8328,77.836,76.4752,77.2428,421698
2019-10-01,77.5918,78.3507,76.4403,76.6759,274648
2019-10-02,76.4054,76.9986,75.7948,76.5014,359777
2019-10-03,76.3269,77.3388,75.8908,77.3214,296797
2019-10-04,77.2952,78.3507,77.2952,78.089,249899
2019-10-07,77.8099,78.1675,77.4522,77.9756,229194
2019-10-08,77.5045,77.7313,76.5624,76.5799,384237
2019-10-09,77.0858,78.089,77.0509,77.9582,181911
2019-10-10,77.7575,78.3071,77.2952,77.7575,241520
2019-10-11,78.0454,78.3594,76.9114,76.9899,293619
2019-10-15,76.7631,77.3388,76.1263,76.3793,456847
2019-10-16,76.2135,76.3531,75.0097,76.2571,372392
2019-10-17,76.3095,76.8329,76.0652,76.4927,590608
2019-10-18,77.0335,77.0335,76.0129,76.3444,348606
2019-10-21,76.5799,76.702,75.725,76.702,536969
2019-10-22,76.7282,77.6354,75.9257,76.0216,220912
2019-10-23,75.8908,76.4752,75.5506,75.7599,374607
2019-10-24,75.2802,76.7893,75.2802,76.5363,371237
2019-10-25,76.3443,76.3443,75.2801,75.3237,382600
2019-10-28,75.5767,75.7163,75.0359,75.5331,283026
2019-10-29,75.3761,76.7892,75.3761,76.5799,307582
2019-10-30,76.5014,78.0105,76.5014,77.7226,387896
2019-10-31,78.1064,78.1064,76.6584,77.2079,464070
2019-11-01,77.5307,78.1762,77.0858,77.4784,281581
2019-11-04,77.5307,77.6703,76.7631,76.9463,479285
2019-11-05,76.8678,77.0597,76.1437,76.545,541399
2019-11-06,76.5101,77.5918,76.449,76.7631,651758
2019-11-07,76.8678,77.1033,76.545,76.7631,642128
2019-11-08,76.9026,78.2198,76.9026,77.6441,534080
2019-11-11,78.1501,80.2785,78.089,79.2753,614683
2019-11-12,79.1445,79.4062,78.4466,78.8043,883841
2019-11-13,78.7781,80.3308,78.7781,80.104,563548
2019-11-14,80.1127,80.6798,79.947,80.6012,580785
2019-11-15,80.7844,81.3165,80.2523,81.2816,679782
2019-11-18,81.0636,81.9271,81.0636,81.8748,540147
2019-11-19,81.9359,82.939,81.8486,82.7994,550547
2019-11-20,82.8854,83.6394,82.4032,83.3764,278789
2019-11-21,83.2273,84.4635,83.1659,83.4728,999305
2019-11-22,83.4552,83.4991,82.6136,83.0344,293234
2019-11-25,83.2711,83.9024,83.201,83.6043,550547
2019-11-26,83.5517,83.7708,83.0695,83.1396,851774
2019-11-27,83.4377,83.4377,82.333,82.5259,649447
2019-11-28,82.5697,82.675,81.8859,81.9385,93411
2019-11-29,82.07,82.6486,81.3599,81.43,283700
2019-12-02,81.4037,82.2629,80.8601,81.6843,569133
2019-12-03,81.5703,82.0174,80.9215,81.0793,320390
2019-12-04,81.0969,81.167,80.1938,80.6059,652625
2019-12-05,80.5796,81.4738,80.5621,81.3336,290826
2019-12-06,81.6053,82.5785,81.5878,82.447,281196
2019-12-09,82.0525,82.973,82.0525,82.2278,314034
2019-12-10,82.1139,82.561,81.9385,82.4645,484196
2019-12-11,82.5259,83.315,82.2717,82.6487,389245
2019-12-12,82.596,83.1747,82.3856,82.5347,497101
2019-12-13,82.4558,83.9374,81.9823,83.4903,369599
2019-12-16,83.6218,83.8936,83.4553,83.692,242965
2019-12-17,83.5692,84.2706,83.5166,83.9901,357273
2019-12-18,83.99,84.2531,82.2541,82.6662,442017
2019-12-19,82.6574,82.9555,82.0525,82.6224,419772
2019-12-20,82.7626,83.6919,82.7626,83.0169,881145
2019-12-23,83.2799,83.2799,82.2629,82.3768,442210
2019-12-24,82.5347,82.8065,81.9035,82.6487,67314
2019-12-27,82.938,82.938,82.1138,82.4996,312205
2019-12-30,82.3944,82.3944,81.43,81.9035,171896
2019-12-31,81.5177,81.7193,80.8163,81.4388,188170
2020-01-02,81.4475,82.2366,81.4475,82.1752,265018
2020-01-03,81.3511,83.0783,81.3511,82.675,299975
2020-01-06,81.9911,83.4289,81.9911,83.3851,224764
2020-01-07,83.4289,84.4284,83.1834,83.9988,367962
2020-01-08,84.2005,85.7172,84.0427,84.9106,439321
2020-01-09,85.2437,86.5588,84.9632,86.3484,313842
2020-01-10,86.6115,86.6641,85.9539,85.9977,272336
2020-01-13,86.0679,87.2427,85.8312,87.1462,373355
2020-01-14,87.0147,88.0493,87.0147,87.8038,515398
2020-01-15,87.8301,88.8383,87.7775,88.4789,423527
2020-01-16,88.9523,89.9868,88.6104,89.9079,470040
2020-01-17,89.8553,90.5041,89.6887,90.3814,345717
2020-01-20,90.092,90.8109,90.0657,90.5742,85996
2020-01-21,90.4865,90.4865,89.8553,90.4076,445869
2020-01-22,90.2761,91.5737,90.2761,90.7671,219564
2020-01-23,90.96,91.3194,90.3375,90.7145,303056
2020-01-24,91.0827,91.4948,90.811,91.2318,325879
2020-01-27,90.6005,92.389,90.6005,92.275,324338
2020-01-28,92.3715,93.0466,91.9857,92.7397,398104
2020-01-29,93.0028,93.485,92.1962,93.0992,337435
2020-01-30,92.2137,93.8006,92.2137,93.6603,308256
2020-01-31,93.6515,94.4318,92.7485,93.2745,455018
2020-02-03,93.4236,94.6247,93.406,94.0723,328768
2020-02-04,94.8263,95.7206,94.2214,94.9403,399934
2020-02-05,95.1244,95.1244,93.3096,93.5463,601586
2020-02-06,93.8795,95.5277,93.8707,95.4137,485448
2020-02-07,93.9584,95.2209,93.9584,94.7562,325205
2020-02-10,94.5721,95.8083,94.5721,95.5452,266077
2020-02-11,95.6241,95.8696,94.4844,94.8088,280618
2020-02-12,95.0455,95.0455,93.8532,94.651,326939
2020-02-13,94.423,95.2384,94.423,94.9228,439224
2020-02-14,94.765,95.3348,94.765,95.1683,680167
2020-02-18,95.2559,95.4488,94.7124,94.7737,334450
2020-02-19,94.8789,95.3524,94.6422,95.1156,494789
2020-02-20,95.0367,95.1156,93.0729,95.0017,493345
2020-02-21,94.5282,94.9491,93.5112,94.0373,455403
2020-02-24,92.2663,93.8356,91.9858,93.4586,409371
2020-02-25,96.4307,96.4307,92.6258,93.9847,977541
2020-02-26,94.4581,95.2384,90.4427,90.5129,1145777
2020-02-27,89.7326,91.1616,88.6893,90.3463,438935
2020-02-28,88.2948,89.8992,86.3747,87.418,1502280
2020-03-02,87.5934,89.2153,86.9358,89.1276,1193927
2020-03-03,89.5134,91.3458,88.7068,89.0663,1158008
2020-03-04,89.8641,92.0033,89.5572,91.9945,772422
2020-03-05,90.584,91.9232,89.2978,89.8088,1117176
2020-03-06,88.2758,89.844,86.6812,88.3639,1080679
2020-03-09,83.7827,87.6679,83.7827,85.0426,1470501
2020-03-10,86.4082,88.1173,85.4567,87.8354,1381809
2020-03-11,86.6372,87.6856,82.9017,83.5449,1043988
2020-03-12,79.7125,79.7478,72.8496,75.149,2231464
2020-03-13,77.6686,78.902,74.594,78.902,1608499
2020-03-16,72.321,74.0301,70.5238,71.1669,1228788
2020-03-17,71.9598,73.0082,69.5811,72.2681,1477724
2020-03-18,70.9026,72.9113,68.8763,72.2065,971186
2020-03-19,69.2551,75.2988,69.2551,74.3032,736214
2020-03-20,74.6204,75.2899,69.3785,70.4885,1828448
2020-03-23,70.1097,71.0699,66.8764,67.361,929199
2020-03-24,69.8278,72.9729,68.2331,72.5412,1051307
2020-03-25,72.5324,78.5408,71.7219,75.9947,1069412
2020-03-26,76.3119,78.8492,75.0433,76.3207,747288
2020-03-27,75.0168,78.8315,74.1182,76.6995,886634
2020-03-30,77.8272,83.3687,77.8272,83.0339,746132
2020-03-31,83.0691,85.624,82.4436,84.4699,1003928
2020-04-01,82.2322,85.0426,81.6772,81.8358,861211
2020-04-02,82.0119,83.5977,79.7918,83.3158,875174
2020-04-03,83.0427,84.0559,81.6067,82.6286,490745
2020-04-06,84.7959,86.135,84.4347,85.3245,726584
2020-04-07,86.1967,86.7605,83.6947,84.0383,648581
2020-04-08,84.6814,86.9015,83.078,86.5315,620076
2020-04-09,86.2495,88.1437,85.4742,87.5005,441824
2020-04-13,87.4741,87.4741,85.2276,86.505,375763
2020-04-14,87.712,89.0952,87.3596,88.5049,393386
2020-04-15,88.9894,88.9894,86.9543,87.2451,462914
2020-04-16,86.4257,89.0511,86.3376,88.0732,435661
2020-04-17,90.2757,90.2757,88.0027,89.6326,366999
2020-04-20,89.474,89.5181,88.0997,88.2759,352940
2020-04-21,87.1922,88.082,86.1526,86.5138,504323
2020-04-22,87.668,89.1392,87.0689,88.9102,780800
2020-04-23,88.6987,88.9718,87.1482,87.2627,312686
2020-04-24,87.3332,88.3727,86.9631,88.0644,580015
2020-04-27,88.1085,89.0775,87.4213,88.5137,534369
2020-04-28,88.8749,89.3859,87.8618,88.0027,533791
2020-04-29,88.8044,89.615,87.2803,87.9058,463492
2020-04-30,86.9367,87.6151,86.1086,86.3993,751525
2020-05-01,86.0029,86.4169,85.0162,85.6681,717242
2020-05-04,85.0161,86.831,85.0161,86.831,635195
2020-05-05,87.6944,87.6944,84.2409,86.5138,660522
2020-05-06,86.6019,86.9015,84.5228,84.6021,500953
2020-05-07,85.2099,85.2804,84.1439,84.3378,613720
2020-05-08,84.9457,84.9457,83.2013,83.7299,528494
2020-05-11,83.3423,84.5668,83.1308,84.329,671404
2020-05-12,84.6549,84.6549,82.752,82.8313,828373
2020-05-13,82.382,82.8225,80.9988,81.1398,689797
2020-05-14,80.62,81.9855,80.153,81.9767,490745
2020-05-15,81.5538,82.567,80.9988,82.5406,262032
2020-05-19,83.3863,84.0206,82.9458,83.5801,763563
2020-05-20,84.1737,84.7141,82.5081,82.5258,455306
2020-05-21,82.6587,82.6587,81.7108,81.7994,552088
2020-05-22,82.0031,82.4373,81.7019,82.0386,257217
2020-05-25,82.579,83.0928,81.8082,82.4461,206082
2020-05-26,82.3752,82.517,81.3564,81.4982,552184
2020-05-27,81.5956,82.2778,79.6377,80.4173,733421
2020-05-28,80.6654,82.9245,80.6654,82.5258,985919
2020-05-29,82.455,82.5878,81.2944,81.7019,2908356
2020-06-01,81.6931,82.455,81.2678,82.1272,581459
2020-06-02,82.2246,84.1914,82.1803,84.094,495656
2020-06-03,84.785,85.1571,83.9611,84.5724,597349
2020-06-04,84.2623,84.7939,83.3764,83.4738,634906
2020-06-05,84.7319,84.785,83.3586,84.5458,479478
2020-06-08,84.2534,84.2623,81.8437,82.0474,460507
2020-06-09,81.6842,82.455,81.1172,82.2866,413127
2020-06-10,82.5701,83.5181,82.4107,83.1814,377978
2020-06-11,82.4018,83.0308,80.7805,80.9311,822402
2020-06-12,81.9323,82.2778,80.2313,81.1969,695093
2020-06-15,80.3819,81.7019,80.0895,81.4184,570289
2020-06-16,83.0574,83.0663,81.3298,81.445,445291
2020-06-17,81.8703,82.5259,81.5425,82.0829,446736
2020-06-18,81.7728,82.4284,81.5159,82.2246,431135
2020-06-19,82.7473,82.7473,81.2767,81.5513,2586425
2020-06-22,81.4096,82.641,81.0906,82.2689,505382
2020-06-23,82.3752,82.8625,81.6222,81.7374,704435
2020-06-24,81.6753,81.6753,79.9566,80.5591,321449
2020-06-25,80.6831,81.1881,79.7883,81.1615,362666
2020-06-26,81.2589,82.2512,80.6122,80.7894,381733
2020-06-29,81.1083,81.9323,80.7805,81.064,381541
2020-06-30,81.0197,82.0297,81.0197,81.7196,377592
2020-07-02,81.5336,82.3309,81.0817,81.2146,335317
2020-07-03,81.2678,81.6399,80.7805,81.3741,98419
2020-07-06,81.7196,82.0386,81.0906,81.507,279174
2020-07-07,81.3653,81.888,80.4173,80.5059,396275
2020-07-08,80.6122,81.2944,80.2135,81.2058,297856
2020-07-09,81.3564,81.9943,80.3819,81.7994,317790
2020-07-10,81.9323,82.1095,81.1526,81.4184,245372
2020-07-13,81.507,82.3398,80.8337,81.2767,568555
2020-07-14,81.1969,82.5613,80.6476,82.4195,469270
2020-07-15,82.8979,83.9611,82.5524,83.5978,489974
2020-07-16,83.3941,84.1826,83.1017,83.9434,326553
2020-07-17,83.9168,85.2368,83.9168,85.0596,281100
2020-07-20,84.9976,85.3077,84.1383,84.661,434987
2020-07-21,84.6078,84.6078,83.6421,83.8193,585023
2020-07-22,83.6776,83.7839,83.0485,83.6333,788986
2020-07-23,83.6421,83.8193,82.1272,82.1892,757111
2020-07-24,81.8791,82.1095,81.0375,81.1704,374318
2020-07-27,81.1083,81.3121,80.8425,81.0552,639336
2020-07-28,81.0552,81.6222,80.7805,81.5247,619787
2020-07-29,81.6222,82.8625,81.6222,82.6322,271951
2020-07-30,82.012,82.96,81.7905,82.96,378652
2020-07-31,82.579,82.8979,81.9677,82.8005,587430
2020-08-04,83.4649,84.2712,83.0486,83.9079,639721
2020-08-05,83.7307,84.0674,82.2069,84.0497,402341
2020-08-06,84.4838,87.5935,84.3332,87.5137,737851
2020-08-07,87.6643,88.7452,87.6643,88.692,479670
2020-08-10,88.7009,88.7895,87.6023,87.8327,484582
2020-08-11,87.6909,88.3997,87.2125,87.8947,590319
2020-08-12,88.3642,89.4894,87.939,88.8161,269351
2020-08-13,88.1605,88.7452,87.7263,88.0807,493730
2020-08-14,88.125,89.0021,87.8504,88.2756,301997
2020-08-17,88.4528,88.4528,87.8504,87.9921,613816
2020-08-18,87.9656,88.4528,87.3542,88.2048,381155
2020-08-19,88.4808,89.9055,88.0534,89.4157,439610
2020-08-20,89.5404,90.3239,89.3089,90.2082,604186
2020-08-21,90.2705,91.0185,89.576,90.5555,835017
2020-08-24,90.5644,91.152,90.2527,90.9918,655033
2020-08-25,90.5466,90.8582,89.6116,89.665,542073
2020-08-26,89.7363,90.3952,89.1486,90.3774,418135
2020-08-27,90.3418,90.9472,89.9856,90.3863,678915
2020-08-28,90.1904,90.3061,89.4068,89.9143,582904
2020-08-31,89.7096,89.7808,88.6411,88.7835,797268
2020-09-01,88.9527,90.7603,88.3651,90.4486,759903
2020-09-02,90.8582,92.1938,90.8582,92.0514,483522
2020-09-03,92.1582,92.2294,90.0657,90.4219,788312
2020-09-04,90.4842,90.689,88.2137,88.4095,827410
2020-09-08,88.2849,89.2465,87.8664,88.7479,762022
2020-09-09,89.2911,90.6445,89.1486,90.1637,508657
2020-09-10,90.3418,90.3507,88.8993,89.1397,308738
2020-09-11,89.3,90.1548,89.1664,89.8075,209067
2020-09-14,90.1904,91.2322,89.9322,91.152,635099
2020-09-15,91.5527,92.8438,91.3924,92.2116,540436
2020-09-16,92.461,93.2445,91.1699,91.2322,221201
2020-09-17,90.6356,91.2055,90.3596,90.5644,260106
2020-09-18,91.0452,91.7842,90.2883,91.0274,968489
2020-09-21,91.0006,91.3212,90.0212,91.1342,402919
2020-09-22,91.3212,92.7103,91.2678,92.5945,268870
2020-09-23,92.8883,93.663,92.3363,92.3363,414764
2020-09-24,91.9891,92.5055,91.4637,92.087,285337
2020-09-25,92.1493,93.9034,91.9356,93.6897,295545
2020-09-28,94.2774,95.4884,94.2774,95.4438,369696
2020-09-29,95.3192,95.9603,95.1322,95.3103,245180
2020-09-30,95.3459,95.7021,94.2596,94.6158,377689
2020-10-01,94.7137,95.7199,94.5801,95.2301,265595
2020-10-02,94.6514,95.613,94.0904,94.9719,325590
2020-10-05,95.1411,95.8891,94.8028,95.7288,246335
2020-10-06,95.4171,95.987,94.9808,95.2391,301130
2020-10-07,95.6753,95.9603,95.1589,95.9425,318272
2020-10-08,96.1562,96.2986,95.711,95.9158,295737
2020-10-09,96.1651,96.637,95.7377,96.2897,331657
2020-10-13,97.2247,97.4651,96.637,97.0822,488145
2020-10-14,97.0377,97.4562,96.361,96.7706,372970
2020-10-15,96.5658,97.8034,96.1829,97.6254,297086
2020-10-16,97.5274,98.4357,97.1802,97.1802,386933
2020-10-19,97.4384,97.4384,96.1473,96.2897,351591
2020-10-20,96.6014,96.6993,95.6665,96.2809,353517
2020-10-21,96.4233,97.1089,96.174,96.3165,244024
2020-10-22,96.3165,96.9219,95.7911,95.9069,592823
2020-10-23,96.1117,96.1206,94.7939,95.8356,262803
2020-10-26,95.8891,95.8891,94.4911,95.1322,345813
2020-10-27,95.3192,95.7911,94.1171,94.2774,329250
2020-10-28,93.7076,94.126,92.4075,92.5856,457136
2020-10-29,92.8527,93.3692,92.3719,92.452,222260
2020-10-30,92.1849,92.8883,91.526,92.2294,404749
2020-11-02,92.9329,94.1973,92.6034,93.0931,558059
2020-11-03,94.7493,97.0021,94.7315,96.3966,434602
2020-11-04,97.4028,99.3439,97.2247,98.0973,911191
2020-11-05,99.3528,99.7802,98.4713,99.7089,571155
2020-11-06,99.3795,101.089,99.3795,100.92,317597
2020-11-09,102.977,102.986,97.5096,97.6521,751140
2020-11-10,97.6521,97.6966,96.0671,96.7706,706072
2020-11-11,97.7144,98.8096,97.2336,98.3555,895012
2020-11-12,98.6939,99.2637,96.8418,97.3761,335509
2020-11-13,97.198,97.9459,96.8418,97.287,331850
2020-11-16,97.0644,97.0644,94.7938,95.7911,693456
2020-11-17,95.4171,95.524,94.2774,94.3754,930354
2020-11-18,94.4362,94.4362,92.8706,94.0068,809498
2020-11-19,94.0515,94.803,93.139,94.1141,415535
2020-11-20,94.1946,94.5346,93.4521,94.5078,462529
2020-11-23,94.5883,94.8835,93.7116,93.8368,503745
2020-11-24,94.1946,94.1946,92.4233,92.4859,537258
2020-11-25,92.7096,93.2821,92.3785,93.0674,296508
2020-11-26,93.1211,93.1211,92.3964,92.5306,102367
2020-11-27,92.799,92.9511,92.0386,92.7722,224861
2020-11-30,92.9153,93.1301,91.8418,92.0923,842047
2020-12-01,92.647,92.6738,91.9044,92.2354,637988
2020-12-02,92.1191,93.1927,92.1102,92.4949,659655
2020-12-03,92.5575,93.1211,91.9939,92.5754,360258
2020-12-04,92.4501,93.4432,92.3517,93.1658,318560
2020-12-07,92.9243,92.9869,92.2533,92.5396,245084
2020-12-08,92.0655,92.8706,91.976,92.4322,417075
2020-12-09,92.2354,92.8795,91.9134,92.6201,485834
2020-12-10,92.2354,92.2712,91.0993,91.6539,325398
2020-12-11,91.4392,92.5307,91.3319,92.4322,346391
2020-12-14,92.4412,92.7633,91.7076,91.815,588682
2020-12-15,92.0923,92.3965,91.6718,91.9223,323568
2020-12-16,92.0207,92.799,91.2066,91.475,497871
2020-12-17,91.8597,92.9869,91.1708,91.8239,825580
2020-12-18,92.0118,92.5307,91.4661,92.4233,895205
2020-12-21,91.9939,92.2444,90.643,92.0028,301323
2020-12-22,92.2891,92.7185,91.8328,91.8597,331465
2020-12-23,92.0028,92.3428,91.7702,91.8597,214845
2020-12-24,91.7076,92.5128,91.4929,92.4322,110552
2020-12-29,93.0495,93.8368,92.9958,93.5416,353325
2020-12-30,93.5595,94.0157,93.3984,93.5774,184029
2020-12-31,93.3537,93.8278,93.0853,93.2016,283411
2021-01-04,93.4431,93.8189,92.1102,92.5038,441343
2021-01-05,92.4412,93.4611,92.1639,93.0764,319909
2021-01-06,93.0137,93.3537,91.475,91.976,529457
2021-01-07,91.967,92.5306,90.9651,91.4839,578570
2021-01-08,91.5824,91.9223,91.0545,91.6629,432676
2021-01-11,91.7166,92.3696,91.0009,91.1082,340132
2021-01-12,90.9561,91.0456,89.82,90.1062,318560
2021-01-13,90.1957,90.6698,89.5337,90.2583,426898
2021-01-14,90.3567,90.3567,88.6659,88.7822,534369
2021-01-15,89.3279,91.797,89.0148,91.4034,944125
2021-01-18,91.2603,91.9312,90.9114,91.7434,148591
2021-01-19,91.8418,92.468,91.1082,91.6987,445002
2021-01-20,91.8597,93.1569,91.475,92.8795,338783
2021-01-21,92.6917,92.6917,91.8597,92.1639,223416
2021-01-22,92.2265,93.3269,92.2086,92.7901,239017
2021-01-25,93.0853,94.973,92.7275,94.7314,379422
2021-01-26,94.2394,94.4451,93.2911,93.8994,255388
2021-01-27,93.5684,93.8189,91.5555,91.6987,371718
2021-01-28,92.2265,94.5436,91.976,93.8726,329539
2021-01-29,93.9441,94.0515,92.2354,93.2821,520502
2021-02-01,95.3576,96.6548,94.2394,96.1002,407349
2021-02-02,96.1718,97.6658,96.1718,96.9948,397334
2021-02-03,97.129,97.129,95.5097,96.6369,385489
2021-02-04,96.6817,97.29,96.0554,96.2612,377400
2021-02-05,96.467,96.6191,95.7513,96.1986,270314
2021-02-08,96.6548,96.6548,94.8298,95.1966,350628
2021-02-09,95.2861,95.635,94.4809,94.7046,203482
2021-02-10,94.8209,95.0356,93.2732,93.5863,227461
2021-02-11,93.5863,94.4541,93.1122,93.9799,251728
2021-02-12,94.0426,94.302,92.9869,94.0873,552569
2021-02-16,94.1946,94.8209,93.1748,93.3537,307871
2021-02-17,93.3716,93.7205,92.5754,93.2285,231890
2021-02-18,93.0853,93.5595,92.6022,93.3447,187496
2021-02-19,93.3537,93.3895,92.3696,92.6022,283411
2021-02-22,91.8686,93.1569,90.3746,90.5893,488819
2021-02-23,95.9839,101.459,93.9352,100.332,1634307
2021-02-24,100.537,100.537,97.8626,99.795,619305
2021-02-25,100.117,100.26,98.9093,100.001,467344
2021-02-26,100.278,100.707,98.8646,99.0345,540339
2021-03-01,99.5892,100.153,97.7284,99.625,516072
2021-03-02,99.9202,101.307,98.8377,100.305,516457
2021-03-03,100.171,100.207,98.3815,99.0077,395793
2021-03-04,98.9736,99.4769,97.1221,98.1467,602164
2021-03-05,98.5871,99.0994,97.2928,98.2545,596964
2021-03-08,97.931,98.4523,97.4277,97.6074,686041
2021-03-09,97.877,100.367,97.877,99.1982,650218
2021-03-10,99.1084,99.5128,98.3354,98.7129,498353
2021-03-11,98.9735,99.4948,98.0029,98.2365,482752
2021-03-12,98.2006,98.3444,96.7626,98.2635,378748
2021-03-15,98.4073,99.2162,97.8051,98.2545,405423
2021-03-16,98.3174,99.1893,98.1467,98.8028,333391
2021-03-17,98.2455,98.7309,97.5175,97.9849,438454
2021-03-18,97.931,99.2342,97.5894,99.0365,376629
2021-03-19,98.9645,99.1803,98.2365,98.2455,1365053
2021-03-22,98.3893,99.7195,97.5355,99.0454,322316
2021-03-23,99.1353,100.6,98.9736,100.313,315383
2021-03-24,100.322,100.358,98.5511,99.0005,388763
2021-03-25,98.8208,100.097,98.65,99.7735,332717
2021-03-26,99.7555,100.07,99.0724,99.9982,351591
2021-03-29,99.7825,100.421,98.8118,100.187,543325
2021-03-30,100.277,100.726,99.414,99.4679,431906
2021-03-31,99.5578,99.6926,98.3894,98.9466,517420
2021-04-01,99.342,101.185,99.1353,101.068,321642
2021-04-05,101.032,101.993,101.032,101.661,200015
2021-04-06,101.967,102.614,101.373,102.047,217349
2021-04-07,102.407,102.721,101.643,101.949,214268
2021-04-08,102.2,103,102.173,102.326,249032
2021-04-09,102.389,102.506,101.607,102.506,191637
2021-04-12,102.407,103.171,102.308,102.605,309123
2021-04-13,102.703,103.647,102.479,103.315,303441
2021-04-14,103.719,103.719,102.371,102.506,289382
2021-04-15,103.027,103.962,102.73,103.503,248069
2021-04-16,103.611,104.339,103.297,104.088,216001
2021-04-19,103.764,104.043,103.153,103.584,130487
2021-04-20,102.982,104.303,102.955,104.142,220720
2021-04-21,103.989,104.456,102.901,103.764,197608
2021-04-22,103.791,103.791,102.847,103.225,173822
2021-04-23,103.189,103.405,102.793,103.081,243928
2021-04-26,102.632,102.766,102.155,102.479,202423
2021-04-27,102.748,103.764,102.578,103.351,306041
2021-04-28,103.405,103.458,102.074,102.173,170547
2021-04-29,102.317,102.901,102.218,102.668,197993
2021-04-30,102.551,102.551,101.778,102.452,391556
2021-05-03,101.859,103.944,101.859,103.054,268870
2021-05-04,105.84,109.678,105.004,107.027,579052
2021-05-05,106.326,106.874,104.438,105.741,569326
2021-05-06,105.616,105.849,104.519,104.717,235742
2021-05-07,105.175,106.227,105.157,106.092,200111
2021-05-10,105.885,106.047,104.636,104.717,267618
2021-05-11,103.953,104.78,103.198,104.582,443847
2021-05-12,104.222,104.249,102.11,102.263,394252
2021-05-13,102.47,103.126,102.317,102.91,286974
2021-05-14,102.91,103.611,102.533,103.216,302671
2021-05-17,103.117,103.117,102.308,102.856,181429
2021-05-18,103.171,103.378,101.948,102.353,240365
2021-05-19,101.087,102.36,100.844,102.333,382022
2021-05-20,102.505,103.741,102.234,103.344,198378
2021-05-21,103.416,103.841,102.974,103.371,348125
2021-05-25,103.768,105.628,103.768,105.321,428535
2021-05-26,105.754,106.233,105.393,106.088,490456
2021-05-27,105.727,106.621,105.655,106.26,1278383
2021-05-28,106.585,107.785,106.512,106.801,267521
2021-05-31,107.054,107.081,105.339,105.411,123071
2021-06-01,106.16,107.352,106.16,106.801,286493
2021-06-02,106.765,107.668,106.567,107.424,339939
2021-06-03,107.234,107.875,107.108,107.108,291019
2021-06-04,107.496,107.659,106.485,107.37,178444
2021-06-07,107.352,107.352,105.447,106.007,274455
2021-06-08,106.404,107.46,106.214,107.243,262803
2021-06-09,107.207,107.207,105.619,106.503,405519
2021-06-10,106.494,107.189,106.079,106.855,142909
2021-06-11,107.09,107.577,106.955,107.406,172088
2021-06-14,107.18,107.893,106.937,107.893,207912
2021-06-15,108.318,109.464,108.254,108.823,339939
2021-06-16,109.004,109.374,108.101,108.363,209164
2021-06-17,108.534,109.834,108.534,109.527,268196
2021-06-18,109.076,109.554,108.254,108.886,876137
2021-06-21,109.347,110.412,108.796,109.834,263573
2021-06-22,110.285,110.412,109.365,109.365,372200
2021-06-23,109.283,109.41,108.002,108.661,182392
2021-06-24,109.274,109.356,108.426,108.661,174785
2021-06-25,108.372,109.238,108.318,109.094,114886
2021-06-28,109.509,109.753,108.652,109.401,194526
2021-06-29,109.356,110.746,109.166,110.511,215327
2021-06-30,110.52,111.179,110.466,111.143,338783
2021-07-02,111.441,111.775,110.989,111.269,175555
2021-07-05,111.143,111.91,110.764,111.134,45550
2021-07-06,111.829,112.244,110.845,112.109,305560
2021-07-07,112.163,114.095,112.073,113.734,283026
2021-07-08,113.679,113.679,112.289,113.291,244506
2021-07-09,113.048,114.14,112.93,114.013,262514
2021-07-12,114.681,114.88,113.427,113.932,222453
2021-07-13,114.465,114.546,113.779,114.248,206756
2021-07-14,114.203,114.483,113.688,114.356,237187
2021-07-15,114.51,115.385,114.429,114.916,186148
2021-07-16,115.078,116.848,114.763,116.478,296219
2021-07-19,116.884,117.01,114.645,115.819,340517
2021-07-20,116.243,118.093,116.062,117.389,271855
2021-07-21,117.741,117.949,117.127,117.507,277248
2021-07-22,117.416,118.175,117.389,117.561,162843
2021-07-23,117.994,118.906,117.786,118.572,267810
2021-07-26,118.572,118.572,116.848,117.66,221297
2021-07-27,118.093,118.987,117.38,118.716,200978
2021-07-28,118.391,119.059,117.994,118.03,164962
2021-07-29,117.579,118.924,117.579,118.644,211667
2021-07-30,118.481,119.483,118.481,119.33,246624
2021-08-03,119.935,120.07,118.581,119.14,236031
2021-08-04,119.574,120.188,119.023,119.817,213786
2021-08-05,122.932,127.418,122.309,126.47,725717
2021-08-06,125.603,127.219,124.692,127.021,458099
2021-08-09,126.506,126.993,125.901,126.037,310664
2021-08-10,125.775,128.862,125.775,127.824,374992
2021-08-11,128.456,130.225,128.185,128.826,388474
2021-08-12,128.898,129.106,127.788,128.817,219179
2021-08-13,129.079,129.846,128.862,129.512,163903
2021-08-16,129.647,131.344,129.079,131.281,277248
2021-08-17,131.344,132.229,130.794,131.561,653203
2021-08-18,131.679,131.679,129.243,129.442,330598
2021-08-19,129.243,131.489,129.225,131.063,304019
2021-08-20,131.362,133.111,131.181,132.531,234491
2021-08-23,131.978,132.323,131.199,131.498,298530
2021-08-24,131.498,131.498,129.995,130.167,227461
2021-08-25,130.058,130.9,129.832,130.602,299878
2021-08-26,130.9,132.178,130.9,131.317,241617
2021-08-27,131.525,132.549,131.317,131.806,252884
2021-08-30,131.761,133.201,131.435,132.658,187111
2021-08-31,133.138,134.904,133.065,133.536,458292
2021-09-01,133.482,136.752,133.482,136.145,433061
2021-09-02,136.625,137.359,135.765,135.774,445676
2021-09-03,134.297,135.357,134.288,134.796,376148
2021-09-07,135.511,135.565,134.632,134.959,336280
2021-09-08,134.904,137.468,134.796,136.933,326939
2021-09-09,136.997,136.997,135.52,135.81,364592
2021-09-10,135.475,136.625,135.475,136.209,351495
2021-09-13,136.662,137.712,136.272,136.544,287648
2021-09-14,136.662,137.441,136.1,136.19,222260
2021-09-15,136.281,136.526,135.221,136.091,266558
2021-09-16,136.009,136.453,135.493,135.602,203867
2021-09-17,134.632,136.435,134.506,135.257,1115154
2021-09-20,134.786,135.004,132.902,134.207,450106
2021-09-21,134.361,136.254,134.361,134.977,268870
2021-09-22,134.968,135.602,134.415,134.587,224764
2021-09-23,134.596,135.421,129.995,130.339,601875
2021-09-24,129.895,131.987,129.786,131.897,293619
2021-09-27,131.589,131.589,128.237,129.542,477263
2021-09-28,128.437,129.496,127.866,128.111,338109
2021-09-29,129.125,129.578,128.147,128.219,266847
2021-09-30,128.219,129.161,126.743,126.86,293522
2021-10-01,127.123,127.395,125.149,126.154,390978
2021-10-04,125.112,125.909,123.418,124.732,418809
2021-10-05,125.022,126.29,124.551,125.828,265307
2021-10-06,127.069,127.667,126.054,127.449,561429
2021-10-07,128.174,130.33,128.174,129.071,380867
2021-10-08,128.926,128.989,127.621,128.572,357947
2021-10-12,128.763,130.638,128.763,130.067,503842
2021-10-13,130.42,130.973,130.121,130.439,228231
2021-10-14,131.009,131.761,130.556,131.19,217542
2021-10-15,131.326,131.471,130.475,130.556,260684
2021-10-18,130.022,131.987,129.297,131.679,302671
2021-10-19,131.888,132.54,131.607,131.888,189904
2021-10-20,131.861,132.495,130.982,131.779,192696
2021-10-21,131.652,133.727,131.652,132.92,221972
2021-10-22,132.033,134.071,132.024,133.219,328383
2021-10-25,133.147,134.098,132.658,133.509,325687
2021-10-26,133.727,134.016,132.939,132.966,286204
2021-10-27,133.219,133.844,131.707,132.368,279174
2021-10-28,132.087,134.125,132.042,133.011,263092
2021-10-29,133.093,135.411,132.667,134.85,621617
2021-11-01,133.582,134.768,131.018,132.966,580785
2021-11-02,135.964,137.287,132.386,132.549,461181
2021-11-03,134.152,134.18,129.333,129.587,544962
2021-11-04,129.85,135.384,129.85,134.216,605631
2021-11-05,134.596,135.366,132.948,133.083,353421
2021-11-08,133.401,135.855,133.346,135.575,500664
2021-11-09,135.575,136.073,134.279,135.91,266558
2021-11-10,135.267,136.707,134.895,136.236,220816
2021-11-11,136.834,136.951,135.52,136.082,135013
2021-11-12,136.027,136.843,135.439,136.218,185378
2021-11-15,136.272,136.897,136.055,136.353,222164
2021-11-16,136.779,138.537,136.698,137.812,340998
2021-11-17,138.192,138.237,137.028,138.083,273203
2021-11-18,138.492,140.809,138.192,139.9,334161
2021-11-19,139.246,142.091,139.246,141.791,362955
2021-11-22,142.182,142.2,139.7,139.946,286781
2021-11-23,139.673,140.346,138.619,139.855,221683
2021-11-24,139.51,140.209,138.61,140.191,293619
2021-11-25,140.419,141.664,140.191,140.5,104486
2021-11-26,139.928,141.309,138.946,140.228,288900
2021-11-29,140.709,142.345,139.591,141.782,372970
2021-11-30,141.782,141.782,138.519,138.919,1075286
2021-12-01,140.1,141.727,138.455,138.501,372103
2021-12-02,138.746,141.082,138.746,140.518,275803
2021-12-03,140.7,140.764,137.483,138.737,304790
2021-12-06,137.928,139.01,137.41,138.101,307101
2021-12-07,138.546,140.055,138.546,139.482,287744
2021-12-08,139.21,140.291,138.41,140.264,375089
2021-12-09,140.491,141.009,139.155,139.192,236705
2021-12-10,139.691,140.3,139.028,139.555,163132
2021-12-13,139.419,140.755,139.064,139.573,444521
2021-12-14,139.682,139.819,136.992,137.647,352747
2021-12-15,137.774,138.383,137.174,137.428,488819
2021-12-16,137.21,137.774,135.565,135.865,384141
2021-12-17,133.457,136.32,133.457,134.593,1392980
2021-12-20,133.966,135.383,133.584,134.838,421505
2021-12-21,135.783,135.783,134.347,135.383,252017
2021-12-22,135.283,136.165,134.375,136.074,180851
2021-12-23,136.547,136.61,135.883,136.065,427957
2021-12-24,136.138,136.619,135.811,136.174,44876
2021-12-29,138.392,138.864,137.356,138.01,380963
2021-12-30,138.355,138.464,137.392,137.492,135302
2021-12-31,137.31,137.783,136.856,137.483,135590
2022-01-04,136.792,136.792,133.875,134.056,365651
2022-01-05,133.657,134.238,130.494,130.648,411779
2022-01-06,129.939,132.239,129.612,130.739,310086
2022-01-07,130.739,130.739,129.194,129.576,359873
2022-01-10,128.994,129.449,125.904,127.922,650988
2022-01-11,128.24,128.985,127.449,128.303,356984
2022-01-12,128.285,128.512,126.822,127.958,322124
2022-01-13,127.576,128.058,125.877,126.086,342154
2022-01-14,125.704,125.968,124.432,125.113,322316
2022-01-17,124.913,125.713,124.832,124.923,120182
2022-01-18,122.85,123.596,122.005,122.359,592630
2022-01-19,122.241,123.296,121.478,122.05,361414
2022-01-20,122.632,123.359,121.296,121.478,483041
2022-01-21,121.305,121.642,120.269,121.142,546406
2022-01-24,119.933,122.15,118.769,122.15,469655
2022-01-25,121.142,121.414,119.288,120.351,397141
2022-01-26,120.887,122.378,120.169,120.587,395408
2022-01-27,121.532,121.532,119.542,119.669,405038
2022-01-28,119.751,121.678,118.279,121.678,324820
2022-01-31,121.632,124.314,120.724,124.023,418135
2022-02-01,124.186,124.795,122.25,123.932,353421
2022-02-02,123.859,125.877,123.859,124.659,362473
2022-02-03,123.432,124.477,122.323,122.578,277826
2022-02-04,122.241,123.077,121.142,122.269,335220
2022-02-07,121.823,122.587,120.751,121.005,349376
2022-02-08,118.451,119.469,114.598,119.124,989675
2022-02-09,122.123,123.586,121.033,121.142,487471
2022-02-10,120.333,121.787,119.297,120.587,540436
2022-02-11,121.005,121.233,118.779,119.224,247010
2022-02-14,119.133,119.133,117.297,117.77,374511
2022-02-15,118.388,120.042,118.079,118.533,378748
2022-02-16,118.142,118.933,116.77,118.206,384044
2022-02-17,117.961,118.342,115.961,116.297,419001
2022-02-18,115.888,116.961,115.18,116.152,404267
2022-02-22,115.725,116.825,114.58,115.198,641840
2022-02-23,115.342,115.808,114.119,114.475,389437
2022-02-24,112.941,117.542,112.366,117.369,792356
2022-02-25,117.78,117.962,116.045,117.259,277344
2022-02-28,116.501,117.186,115.598,117.004,689604
2022-03-01,116.949,118.893,116.894,118.629,374896
2022-03-02,118.848,120.226,117.999,119.77,376822
2022-03-03,120.363,121.431,119.56,120.637,319523
2022-03-04,121.87,123.768,120.582,123.385,318368
2022-03-07,123.577,124.07,122.18,122.892,359777
2022-03-08,122.554,123.175,119.989,120.527,414957
2022-03-09,121.176,122.874,120.801,122.335,286204
2022-03-10,121.066,121.386,119.067,120.445,303827
2022-03-11,121.249,122.673,120.427,120.491,400415
2022-03-14,120.445,121.422,119.012,120.044,233528
2022-03-15,120.418,121.34,119.03,119.907,405327
2022-03-16,120.098,121.358,119.213,120.664,438358
2022-03-17,121.103,123.768,120.409,123.257,264825
2022-03-18,123.695,125.129,122.81,124.983,1671575
2022-03-21,124.143,124.143,122.6,123.832,227942
2022-03-22,123.732,124.033,122.244,122.499,309701
2022-03-23,122.326,122.983,121.157,121.212,253269
2022-03-24,121.03,121.568,120.126,121.377,620268
2022-03-25,121.778,121.778,120.053,120.537,279848
2022-03-28,120.628,122.965,120.381,122.773,322701
2022-03-29,123.476,124.417,122.737,123.212,287070
2022-03-30,122.846,124.901,122.49,124.216,314227
2022-03-31,125.092,125.713,123.915,123.915,496041
2022-04-01,124.061,124.435,122.91,123.385,306041
2022-04-04,123.312,124.417,123.129,123.851,209645
2022-04-05,123.869,125.019,122.929,124.362,408408
2022-04-06,123.495,123.924,122.134,123.714,254232
2022-04-07,123.321,125.193,123.321,124.964,271181
2022-04-08,124.919,125.649,124.663,124.837,241424
2022-04-11,124.344,124.873,123.348,124.125,162362
2022-04-12,124.243,124.618,122.226,122.408,237380
2022-04-13,123.093,125.375,122.664,124.983,305175
2022-04-14,125.394,125.412,122.472,122.6,225824
2022-04-18,122.426,122.545,121.176,121.477,193659
2022-04-19,121.34,122.6,120.838,122.582,174496
2022-04-20,122.819,122.819,121.413,121.979,250862
2022-04-21,122.244,122.271,119.797,120.281,229772
2022-04-22,120.336,121.176,118.893,118.893,262129
2022-04-25,118.692,120.646,118.537,120.464,303056
2022-04-26,120.135,120.929,117.56,117.67,361125
2022-04-27,117.688,120.089,117.296,119.213,384237
2022-04-28,119.806,120.947,119.633,120.308,219564
2022-04-29,119.268,119.797,116.967,117.259,369599
2022-05-02,117.332,118.126,115.598,117.022,396467
2022-05-03,117.013,118.154,116.063,116.1,410527
2022-05-04,116.218,116.255,111.17,113.47,580304
2022-05-05,112.494,112.594,109.873,110.905,461855
2022-05-06,110.622,111.672,109.362,111.033,365555
2022-05-09,110.449,113.68,110.284,111.9,536969
2022-05-10,112.877,113.534,109.974,111.407,438935
2022-05-11,111.325,111.873,109.572,109.873,531961
2022-05-12,108.869,111.252,108.851,110.704,364014
2022-05-13,111.517,113.662,111.133,111.864,345813
2022-05-16,111.435,112.932,111.243,112.411,249995
2022-05-17,113.461,113.808,112.338,113.169,284278
2022-05-18,112.119,112.886,111.042,111.489,385200
2022-05-19,111.078,112.32,110.074,111.845,325013
2022-05-20,112.384,113.37,111.581,113.343,247106
2022-05-24,113.242,113.744,112.795,112.923,246239
2022-05-25,112.693,113.29,111.253,112.06,337917
2022-05-26,112.528,114.555,112.235,114.032,414379
2022-05-27,114.583,115.592,114.152,115.188,279752
2022-05-30,116.142,116.142,114.94,115.243,92737
2022-05-31,114.014,115.757,113.317,114.821,882686
2022-06-01,114.803,115.096,113.748,113.968,282063
2022-06-02,113.996,116.252,113.895,116.206,238920
2022-06-03,115.362,116.059,114.858,115.316,264440
2022-06-06,115.573,116.894,115.289,115.353,302478
2022-06-07,115.344,115.757,114.188,115.17,320101
2022-06-08,114.711,114.72,113.922,114.097,319812
2022-06-09,114.519,116.72,114.519,115.702,392423
2022-06-10,114.592,115.427,113.225,114.463,352169
2022-06-13,111.593,114.601,111.593,113.904,600238
2022-06-14,115.133,116.069,113.757,115.353,772519
2022-06-15,116.114,117.123,115.261,115.968,636832
2022-06-16,115.216,115.977,113.932,114.408,394734
2022-06-17,115.371,119.26,114.555,117.784,1308813
2022-06-20,118.453,118.939,117.233,118.132,231120
2022-06-21,118.114,119.792,117.435,118.389,453092
2022-06-22,118.141,120.489,117.949,119.178,403304
2022-06-23,119.857,121.709,119.095,121.617,424683
2022-06-24,122.177,123.736,122.159,123.076,557288
2022-06-27,123.406,124.617,122.067,123.241,478033
2022-06-28,123.47,123.589,119.545,119.572,437780
2022-06-29,119.627,121.397,119.352,121.223,363051
2022-06-30,120.343,123.259,120.343,123.076,534080
2022-07-04,123.195,123.424,120.517,121.177,292752
2022-07-05,121.205,124.305,121.205,124.204,435276
2022-07-06,124.332,125.947,122.957,125.433,629032
2022-07-07,124.36,126.286,124.039,126.011,334450
2022-07-08,125.295,126.79,125.295,126.543,220623
2022-07-11,126.451,127.735,126.002,126.268,340517
2022-07-12,126.286,127.478,125.094,125.644,472737
2022-07-13,124.672,125.598,124.094,124.837,360932
2022-07-14,124.626,127.597,124.626,126.212,541495
2022-07-15,126.579,127.909,126.579,127.166,549969
2022-07-18,127.203,127.331,124.534,124.892,463010
2022-07-19,125.607,126.533,124.69,126.212,360547
2022-07-20,126.423,127.478,126.203,126.24,264632
2022-07-21,126.57,128.79,125.598,128.652,341095
2022-07-22,128.9,129.239,127.863,128.496,231602
2022-07-25,127.781,128.625,127.276,127.937,167081
2022-07-26,127.561,128.964,127.35,128.551,188363
2022-07-27,128.863,130.386,128.707,129.945,369311
2022-07-28,129.771,132.073,129.386,131.303,325494
2022-07-29,131.459,133.082,131.275,131.881,347836
2022-08-02,130.908,131.945,130.615,131.074,281966
2022-08-03,131.165,132.312,130.872,130.963,327420
2022-08-04,130.945,136.549,130.789,136.283,640299
2022-08-05,135.935,137.384,133.201,135.293,380674
2022-08-08,135.173,136.072,134.109,134.916,311338
2022-08-09,134.907,135.586,133.953,134.614,423239
2022-08-10,135.916,135.971,134.164,135.302,270796
2022-08-11,135.448,135.98,134.825,135.228,403497
2022-08-12,135.595,136.751,135.559,136.485,240269
2022-08-15,137.576,138.585,137.301,137.595,391363
2022-08-16,136.861,138.558,136.861,137.576,528206
2022-08-17,137.155,138.904,137.155,137.983,311627
2022-08-18,137.965,138.968,137.818,138.112,247010
2022-08-19,138.085,138.886,137.79,138.379,426802
2022-08-22,137.56,138.793,137.44,137.928,331657
2022-08-23,137.155,137.155,134.89,135.488,256158
2022-08-24,136.087,136.657,135.12,135.175,259817
2022-08-25,135.608,135.608,134.466,135.221,244602
2022-08-26,135.065,135.221,132.404,132.827,314227
2022-08-29,131.962,133.177,131.962,132.247,306138
2022-08-30,132.781,133.831,132.321,132.56,443173
2022-08-31,133.177,133.951,132.146,133.15,997379
2022-09-01,132.975,133.748,131.916,133.592,342250
2022-09-02,133.813,134.521,131.759,132.118,350532
2022-09-06,131.465,134.365,131.428,133.794,359488
2022-09-07,134.411,134.88,133.619,134.613,299397
2022-09-08,134.457,135.654,133.96,135.055,257121
2022-09-09,135.571,136.17,134.954,135.617,382118
2022-09-12,135.939,137.532,135.939,137.302,314131
2022-09-13,136.215,137.164,135.866,136.215,281389
2022-09-14,136.206,137.164,135.709,136.004,329250
2022-09-15,136.114,136.602,135.074,136.123,365940
2022-09-16,135.35,135.617,134.282,135.23,1017024
2022-09-19,135.129,136.151,134.678,135.985,285626
2022-09-20,135.912,135.93,133.481,134.485,260684
2022-09-21,134.393,136.059,133.813,133.822,347065
2022-09-22,133.361,133.536,129.982,130.59,342443
2022-09-23,130.286,131.898,129.734,130.728,486122
2022-09-26,130.664,131.529,130.664,130.958,269640
2022-09-27,131.345,132.266,130.388,130.47,422564
2022-09-28,130.737,132.063,129.568,131.557,386548
2022-09-29,131.557,131.557,130.526,130.811,328479
2022-09-30,131.05,132.634,130.452,130.553,352747
2022-10-03,130.599,131.861,129.771,131.069,348510
2022-10-04,132.579,134.752,132.358,133.361,380192
2022-10-05,133.251,134.991,133.002,133.914,325205
2022-10-06,134.356,134.439,132.155,132.487,356310
2022-10-07,131.713,131.713,128.611,129.053,392904
2022-10-11,128.233,129.108,127.865,128.095,310568
2022-10-12,128.206,128.878,126.825,126.917,341191
2022-10-13,125.637,129.439,125.232,129.237,296123
2022-10-14,129.992,130.691,126.355,126.548,356503
2022-10-17,127.331,130.332,127.027,129.817,296700
2022-10-18,131.456,131.87,129.633,130.231,224283
2022-10-19,129.927,130.121,128.951,129.163,361029
2022-10-20,128.896,129.172,127.662,128.031,268003
2022-10-21,128.169,129.034,126.981,128.721,294197
2022-10-24,129.559,130.507,128.942,129.255,365459
2022-10-25,129.421,131.4,129.182,131.216,292559
2022-10-26,130.977,133.269,130.765,130.949,329828
2022-10-27,131.308,132.339,130.719,131.723,348413
2022-10-28,131.934,134.77,131.64,134.411,236031
2022-10-31,134.374,134.429,132.846,133.398,582808
2022-11-01,134.816,134.816,128.362,129.172,692686
2022-11-02,128.795,130.48,126.06,129.007,705301
2022-11-03,128.565,131.29,128.5,130.756,409275
2022-11-04,131.299,131.364,129.706,130.259,598890
2022-11-07,130.747,131.502,130.139,130.922,356599
2022-11-08,131.603,132.643,131.023,132.211,257506
2022-11-09,132.339,132.689,131.299,132.367,301323
2022-11-10,135.046,136.252,134.08,135.341,389437
2022-11-11,135.203,135.764,133.794,134.172,388859
2022-11-14,134.236,134.991,133.546,133.73,495849
2022-11-15,134.595,136.188,134.595,135.368,331079
2022-11-16,135.49,138.901,135.351,138.54,404364
2022-11-17,138.069,138.198,137.255,137.727,275996
2022-11-18,138.67,140.712,138.67,140.463,294485
2022-11-21,140.712,141.813,140.712,141.323,393963
2022-11-22,141.72,142.644,141.064,142.386,264151
2022-11-23,142.783,143.939,142.561,142.663,478322
2022-11-24,142.922,144.299,142.922,143.624,140117
2022-11-25,143.597,144.595,143.292,143.772,225920
2022-11-28,143.661,145.381,143.661,144.928,424779
2022-11-29,145.048,145.048,140.981,142.543,617572
2022-11-30,141.988,146.582,141.48,146.416,1687465
2022-12-01,144.752,146.25,143.957,145.64,403786
2022-12-02,145.057,147.535,144.882,146.684,432098
2022-12-05,146.342,146.934,145.039,146.693,451743
2022-12-06,146.703,146.906,143.144,144.096,492575
2022-12-07,143.846,145.935,143.846,145.159,375377
2022-12-08,145.14,145.14,143.55,144.567,445002
2022-12-09,144.808,146.046,144.808,145.057,263188
2022-12-12,145.649,146.786,145.316,145.686,374222
2022-12-13,147.433,147.738,145.39,146.056,396563
2022-12-14,146.176,147.433,145.15,145.806,327613
2022-12-15,145.066,145.713,143.208,143.948,344754
2022-12-16,143.227,144.197,142.876,143.976,928910
2022-12-19,143.744,143.744,140.74,141.064,317020
2022-12-20,140.897,141.535,139.603,140.703,381252
2022-12-21,141.091,142.589,140.37,141.258,280329
2022-12-22,140.934,142.099,140.86,141.249,242387
2022-12-23,141.082,142.626,140.361,142.376,194911
2022-12-28,142.062,143.476,141.397,141.461,197222
2022-12-29,141.942,143.181,141.905,143.042,191252
2022-12-30,142.302,143.19,142.099,142.783,312590
2023-01-03,143.652,146.24,143.652,145.75,342347
2023-01-04,146.481,147.904,145.714,146.971,549680
2023-01-05,146.971,146.971,143.763,144.077,441536
2023-01-06,144.512,145.732,143.828,145.029,409275
2023-01-09,144.771,145.298,143.56,143.809,334354
2023-01-10,143.282,144.281,142.82,143.652,325976
2023-01-11,144.151,145.704,144.133,144.928,388667
2023-01-12,144.909,144.909,142.857,144.031,324435
2023-01-13,143.781,146.083,143.781,145.843,372296
2023-01-16,145.713,146.989,144.761,146.388,99863
2023-01-17,146.98,148.311,146.259,146.351,328479
2023-01-18,146.49,147.35,145.889,146.176,299397
2023-01-19,146.028,147.313,145.612,145.667,315768
2023-01-20,145.676,146.148,145.233,145.926,296893
2023-01-23,145.713,146.814,145.029,145.205,280233
2023-01-24,145.085,147.322,144.669,146.083,428150
2023-01-25,145.334,145.982,144.558,145.76,249224
2023-01-26,145.871,147.359,145.575,145.871,250765
2023-01-27,145.686,145.926,144.743,145.334,229772
2023-01-30,145.307,146.73,145.297,145.797,283507
2023-01-31,145.76,147.026,145.455,146.314,390111
2023-02-01,146.028,148.45,146.028,147.904,338013
2023-02-02,148.551,150.058,147.951,149.106,337146
2023-02-03,148.413,150.243,148.413,148.709,411971
2023-02-06,147.756,149.125,147.202,147.239,269929
2023-02-07,146.453,146.564,145.307,146.046,285144
2023-02-08,145.806,146.453,145.011,145.797,442210
2023-02-09,144.9,145.131,140.38,143.107,746229
2023-02-10,143.698,149.152,143.236,148.672,537065
2023-02-13,149.476,152.73,149.374,151.26,358236
2023-02-14,152.083,153.645,151.519,153.118,443076
2023-02-15,153.284,155.189,153.284,155.059,376822
2023-02-16,152.526,154.736,152.526,154.107,317886
2023-02-17,154.31,154.782,153.22,153.478,235357
2023-02-21,152.924,154.116,152.702,152.933,320390
2023-02-22,152.852,153.799,151.655,153.075,310856
2023-02-23,154.059,154.217,152.899,153.242,401764
2023-02-24,153.576,153.576,152.128,153.483,306716
2023-02-27,153.957,155.117,153.233,153.27,188074
2023-02-28,151.339,153.53,150.875,153.381,516361
2023-03-01,153.131,154.551,152.546,152.611,460796
2023-03-02,152.286,153.372,152.286,152.992,199630
2023-03-03,153.558,154.152,152.463,152.917,198667
2023-03-06,152.954,154.207,152.945,153.892,187304
2023-03-07,154.495,156.361,154.495,155.702,340517
2023-03-08,158.82,158.82,156.444,156.964,297760
2023-03-09,157.057,158.235,155.813,156.017,326168
2023-03-10,155.692,155.897,153.335,153.79,384141
2023-03-13,152.203,155.59,152.175,153.975,339458
2023-03-14,154.458,155.989,153.558,155.841,540436
2023-03-15,155.191,156.175,154.3,155.219,388282
2023-03-16,155.052,158.31,154.077,157.762,436335
2023-03-17,157.706,158.876,156.732,158.467,937481
2023-03-20,158.18,159.813,157.521,159.553,221683
2023-03-21,160.249,162.041,159.748,160.157,356888
2023-03-22,160.751,161.92,160.064,160.147,317309
2023-03-23,160.333,161.27,159.034,161.02,242580
2023-03-24,161.205,162.152,160.389,162.05,239787
2023-03-27,162.384,162.802,160.704,161.781,234972
2023-03-28,161.846,162.7,160.676,161.493,188170
2023-03-29,162.254,162.254,160.713,161.697,231216
2023-03-30,161.892,162.458,161.391,162.199,276959
2023-03-31,162.857,163.646,162.681,163.201,268292
2023-04-03,162.291,163.386,161.688,163.173,186533
2023-04-04,165.298,166.124,163.238,163.813,204638
2023-04-05,163.934,165.02,163.229,163.47,248069
2023-04-06,163.377,163.916,162.792,163.702,155813
2023-04-10,163.442,163.906,162.718,163.071,174592
2023-04-11,163.062,163.405,161.243,161.289,235935
2023-04-12,161.883,163.145,161.567,162.403,161495
2023-04-13,162.384,163.062,161.92,162.449,261262
2023-04-14,162.059,162.096,160.964,161.122,235839
2023-04-17,161.41,162.403,160.704,161.512,148784
2023-04-18,162.143,162.83,161.493,162.041,163614
2023-04-19,162.124,163.145,162.124,162.523,194237
2023-04-20,162.625,164.918,162.625,164.537,240750
2023-04-21,165.168,166.913,165.168,166.811,287070
2023-04-24,167.294,167.925,166.264,166.728,194141
2023-04-25,167.071,167.906,165.725,166.162,183259
2023-04-26,166.106,166.189,164.658,164.714,228038
2023-04-27,165.957,166.013,164.352,165.753,264921
2023-04-28,166.245,167.062,164.918,165.354,267040
2023-05-01,165.382,166.663,164.834,166.199,389919
2023-05-02,161.391,166.802,157.567,165.317,541399
2023-05-03,162.672,163.182,157.576,157.864,483908
2023-05-04,156.89,157.131,149.363,149.613,618150
2023-05-05,148.546,149.771,147.803,148.843,400897
2023-05-08,150.309,150.634,149.168,150.588,429113
2023-05-09,151.2,153.483,151.098,153.307,498930
2023-05-10,153.715,156.147,153.001,155.869,355540
2023-05-11,156.481,156.481,153.65,153.957,217734
2023-05-12,154.421,155.739,154.337,155.488,292078
2023-05-15,155.265,155.952,153.604,154.569,284181
2023-05-16,154.022,156.574,153.641,156.054,299782
2023-05-17,156.483,156.986,154.666,154.778,399549
2023-05-18,154.983,158.253,154.796,158.039,251921
2023-05-19,158.011,159.8,158.011,158.524,277248
2023-05-23,157.955,158.402,156.334,156.651,351302
2023-05-24,156.148,156.613,154.517,155.971,254232
2023-05-25,156.483,157.014,155.728,156.539,200689
2023-05-26,157.023,158.179,156.464,157.601,157162
2023-05-29,157.992,158.197,157.172,157.424,50461
2023-05-30,157.62,159.455,157.573,158.365,301130
2023-05-31,158.57,161.347,158.272,160.844,1200957
2023-06-01,160.844,161.803,154.964,155.421,529072
2023-06-02,155.71,156.045,153.054,154.601,436528
2023-06-05,154.601,156.157,154.172,154.824,420831
2023-06-06,155.486,155.691,153.007,154.023,318560
2023-06-07,153.632,155.234,152.942,153.529,587623
2023-06-08,153.529,154.517,151.889,153.073,268870
2023-06-09,152.737,153.949,152.048,152.914,309605
2023-06-12,153.604,154.834,152.094,154.666,215327
2023-06-13,154.256,155.169,153.147,154.703,251150
2023-06-14,154.256,157.638,154.256,157.489,338302
2023-06-15,158.058,158.44,157.098,158.095,299493
2023-06-16,158.309,159.716,158.002,159.558,958378
2023-06-19,159.558,160.806,158.598,159.083,99959
2023-06-20,159.744,161.748,159.399,160.723,848596
2023-06-21,160.527,161.077,157.303,158.468,300745
2023-06-22,158.486,160.983,158.486,160.145,246239
2023-06-23,162.413,164.581,159.361,163.93,455400
2023-06-26,163.93,166.396,163.716,165.549,377200
2023-06-27,165.716,169.811,165.474,169.811,429000
2023-06-28,169.969,169.969,166.312,166.805,497400
2023-06-29,166.721,166.721,163.948,165.316,333100
2023-06-30,165.726,167.01,164.804,166.433,610400
2023-07-04,165.028,165.698,163.818,164.358,186200
2023-07-05,163.902,165.512,163.576,165.214,425200
2023-07-06,165.409,166.898,164.2,166.786,377900
2023-07-07,166.303,166.303,160.301,160.384,399400
2023-07-10,160.757,162.459,160.757,162.078,246900
2023-07-11,161.901,162.106,159.426,160.459,279300
2023-07-12,160.961,161.157,158.914,160.217,247600
2023-07-13,160.831,161.901,158.709,159.714,330400
2023-07-14,160.691,164.2,160.552,163.25,407200
2023-07-17,163.483,163.651,162.004,162.767,260700
2023-07-18,162.767,162.767,160.747,161.482,344800
2023-07-19,161.613,162.981,161.008,162.525,208100
2023-07-20,162.059,163.204,161.492,161.976,304400
2023-07-21,163.26,163.455,161.827,161.901,423200
2023-07-24,162.013,162.171,160.561,161.25,457100
2023-07-25,161.78,165.102,160.999,164.609,388900
2023-07-26,164.525,164.665,162.441,162.85,273800
2023-07-27,162.934,163.967,162.264,163.055,195000
2023-07-28,164.088,166.098,164.088,165.028,308600
2023-07-31,165.633,165.828,163.604,165.633,371400
2023-08-01,165.381,168.043,165.344,166.963,367300
2023-08-02,167.103,172.258,167.103,169.876,512500
2023-08-03,164.488,165.242,162.385,162.943,326900
2023-08-04,162.981,165.344,162.981,163.837,505200
2023-08-08,162.906,164.581,161.073,162.72,384400
2023-08-09,162.832,164.218,162.273,163.744,220800
2023-08-10,167.019,167.028,163.66,164.376,278200
2023-08-11,164.358,165.391,163.772,165.372,117200
2023-08-14,165.633,168.154,165.633,166.675,246700
2023-08-15,165.958,166.898,163.818,165.037,328700
2023-08-16,165.215,165.243,163.917,164.394,256600
2023-08-17,164.394,164.636,160.545,160.601,399000
2023-08-18,160.452,160.742,159.247,160.125,188300
2023-08-21,160.284,161.423,159.817,160.984,363300
2023-08-22,161.19,161.209,159.294,159.78,208500
2023-08-23,160.499,161.834,160.499,161.33,214100
2023-08-24,161.769,161.778,159.518,160.069,278800
2023-08-25,160.611,161.76,160.172,161.04,254200
2023-08-28,161.367,162.143,160.545,160.835,119800
2023-08-29,159.892,162.918,159.892,162.638,279900
2023-08-30,163.217,164.375,162.731,163.123,204500
2023-08-31,163.357,163.721,161.713,162.507,527100
2023-09-01,163.45,164.02,161.321,163.721,266200
2023-09-05,164.16,165.057,162.666,162.666,271000
2023-09-06,163.039,163.478,161.265,161.676,252000
2023-09-07,164.272,164.272,162.619,164.095,364300
2023-09-08,163.432,164.141,162.796,163.833,156200
2023-09-11,163.207,163.768,162.143,163.59,143200
2023-09-12,163.347,163.347,161.302,162.171,145900
2023-09-13,161.713,163.217,161.61,163.123,183200
2023-09-14,163.842,165.029,162.712,164.422,249800
2023-09-15,164.776,164.833,163.488,164.076,961500
2023-09-18,163.235,164.926,163.235,164.179,174700
2023-09-19,163.637,163.861,160.368,161.078,237300
2023-09-20,161.311,162.339,161.022,161.442,161800
2023-09-21,160.76,160.975,157.379,157.827,415400
2023-09-22,157.846,159.014,156.744,158.08,155000
2023-09-25,157.445,158.649,157.445,158.266,217200
2023-09-26,157.912,158.332,156.24,156.258,235100
2023-09-27,156.483,157.118,154.661,155.707,254700
2023-09-28,154.941,156.912,154.923,155.754,293800
2023-09-29,156.296,156.94,154.4,155.194,333200
2023-10-02,155.287,155.866,154.568,155.315,193200
2023-10-03,154.587,156.193,154.39,155.035,165700
2023-10-04,154.923,157.949,154.904,157.36,210800
2023-10-05,158.21,159.639,157.641,158.733,241200
2023-10-06,157.706,160.219,157.454,159.583,167400
2023-10-10,160.704,162.04,160.228,160.779,207800
2023-10-11,161.377,162.619,161.022,162.115,192700
2023-10-12,162.32,163.198,160.639,161.61,117100
2023-10-13,161.9,163.161,161.022,161.405,210400
2023-10-16,161.592,162.703,160.779,161.685,196900
2023-10-17,161.582,162.516,160.882,161.096,192900
2023-10-18,160.863,161.237,158.855,159.051,272300
2023-10-19,159.565,159.789,156.632,156.921,390700
2023-10-20,156.744,157.389,155.894,155.903,325300
2023-10-23,155.903,158.556,155.903,157.51,179400
2023-10-24,157.968,158.687,157.295,157.51,206700
2023-10-25,157.417,158.687,156.585,156.828,143000
2023-10-26,156.837,157.407,154.895,155.025,225200
2023-10-27,155.119,155.801,152.251,152.718,229300
2023-10-30,153.176,155.698,153.045,155.53,248600
2023-10-31,155.735,155.941,154.241,155.147,289500
2023-11-01,161.582,162.46,155.539,158.276,462700
2023-11-02,161.442,164.328,159.752,162.871,506900
2023-11-03,163.226,163.347,161.862,162.74,227300
2023-11-06,162.908,165.365,162.591,164.889,230500
2023-11-07,164.889,167.308,164.776,165.001,535900
2023-11-08,165.309,167.28,164.767,166.71,243300
2023-11-09,166.971,170.306,166.093,169.857,380100
2023-11-10,170.324,171.324,167.578,168.662,290900
2023-11-13,168.27,171.688,168.27,171.361,186800
2023-11-14,172.136,173.388,171.044,171.165,441400
2023-11-15,171.147,172.235,170.435,171.166,321400
2023-11-16,171.382,176.931,171.382,176.416,452200
2023-11-17,176.069,177.962,175.975,176.575,339400
2023-11-20,176.209,179.537,176.012,178.731,380800
2023-11-21,179.031,179.34,176.416,177.887,308900
2023-11-22,178.112,179.181,177.419,177.728,351600
2023-11-23,177.709,178.319,177.344,177.484,86400
2023-11-24,177.259,177.69,176.509,177.315,154300
2023-11-27,177.175,180.587,176.716,180.278,493300
2023-11-28,180.278,181.328,177.962,178.412,484100
2023-11-29,178.412,178.722,176.697,177.25,202300
2023-11-30,178.103,178.553,176.462,177.719,712000
2023-12-01,177.541,178.487,177.109,178.375,293600
2023-12-04,177.381,179.715,177.381,179.434,235700
2023-12-05,179.772,182.04,178.553,181.112,242300
2023-12-06,181.14,182.668,179.772,179.997,251900
2023-12-07,180.006,181.393,179.406,180.381,271400
2023-12-08,180.362,180.943,179.322,180.175,197100
2023-12-11,180.203,180.653,179.19,179.865,244400
2023-12-12,180.343,183.165,179.734,182.837,397700
2023-12-13,183.043,183.278,181.272,181.834,275400
2023-12-14,181.318,181.365,175.516,176.425,433300
2023-12-15,176.453,176.453,174.109,174.269,1202300
2023-12-18,174.316,176.856,174.316,176.791,234200
2023-12-19,176.228,177.391,175.675,176.453,168200
2023-12-20,176.425,178.412,175.881,176.903,215200
2023-12-21,177.231,178.15,177.231,177.747,125300
2023-12-22,177.447,178.74,177.109,177.822,116900
2023-12-27,176.237,180.306,176.237,179.725,140600
2023-12-28,179.678,180.859,179.228,180.428,121100
2023-12-29,180.428,181.928,180.428,181.609,130700
2024-01-02,180.7,181.037,178.947,179.94,174900
2024-01-03,179.556,180.24,179.125,179.443,147800
2024-01-04,179.425,181.89,179.425,180.456,141000
2024-01-05,180.437,180.972,179.922,180.24,133100
2024-01-08,179.931,182.996,179.931,182.837,340300
2024-01-09,182.612,182.968,181.328,181.44,214400
2024-01-10,180.55,182.331,180.55,181.506,183600
2024-01-11,181.853,182.828,179.828,181.018,239800
2024-01-12,181,182.94,180.85,182.734,170000
2024-01-15,183.653,186.024,183.221,184.421,89200
2024-01-16,183.821,186.727,183.653,186.671,276000
2024-01-17,186.277,187.477,185.106,187.252,256000
2024-01-18,187.28,190.861,187.28,190.43,154300
2024-01-19,190.571,192.352,189.886,190.365,233400
2024-01-22,190.927,191.218,187.974,188.555,478200
2024-01-23,188.424,190.196,187.834,189.53,249400
2024-01-24,190.393,191.761,189.783,189.821,138400
2024-01-25,188.874,190.168,187.477,188.105,221500
2024-01-26,188.537,189.23,187.777,188.302,109500
2024-01-29,188.78,188.94,187.515,188.012,228800
2024-01-30,187.759,189.371,187.759,189.333,107500
2024-01-31,189.09,190.299,186.549,187.121,338000
2024-02-01,187.674,190.411,187.646,190.299,197200
2024-02-02,190.815,191.527,190.046,190.477,163100
2024-02-05,190.627,191.893,189.474,189.512,259000
2024-02-06,190.168,190.44,187.487,188.705,187000
2024-02-07,188.705,189.043,187.759,188.415,173100
2024-02-08,188.143,197.086,187.955,196.505,424100
2024-02-09,197.723,200.883,195.333,199.992,245900
2024-02-12,199.992,199.992,194.517,194.93,231400
2024-02-13,193.196,195.717,191.433,193.964,278400
2024-02-14,194.349,199.298,194.349,199.261,262000
2024-02-15,199.655,201.483,198.145,200.742,353400
2024-02-16,200.939,204.201,200.648,202.729,375200
2024-02-20,201.787,203.913,199.567,200.668,475200
2024-02-21,200.536,201.213,197.987,199.313,209000
2024-02-22,199.915,201.505,199.915,200.489,258900
2024-02-23,200.978,201.853,200.668,201.138,298100
2024-02-26,201.401,202.69,201.279,202.069,375500
2024-02-27,201.947,203.217,200.103,200.526,209800
2024-02-28,200.536,201.589,199.774,200.169,249300
2024-02-29,200.809,201.834,199.84,201.514,654000
2024-03-01,201.618,203.715,201.279,203.075,156800
2024-03-04,202.408,203.527,201.392,202.417,214500
2024-03-05,202.417,203.715,198.974,200.649,147000
2024-03-06,200.461,202.389,199.548,200.113,180400
2024-03-07,200.592,201.401,197.93,198.335,253800
2024-03-08,198.391,200.846,198.391,198.993,163200
2024-03-11,199.003,201.006,197.046,200.752,160600
2024-03-12,201.683,202.492,200.414,201.025,213700
2024-03-13,201.288,202.539,197.272,198.231,299900
2024-03-14,201.42,201.618,197.291,200.16,270100
2024-03-15,199.37,200.79,198.692,200.489,1064400
2024-03-18,200.367,201.533,199.059,199.576,126000
2024-03-19,199.774,201.063,198.833,200.686,173300
2024-03-20,201.025,201.288,198.993,200,428700
2024-03-21,200.084,200.856,198.88,198.937,240700
2024-03-22,199.877,200.649,198.57,200.019,163200
2024-03-25,199.266,201.147,197.629,198.72,155300
2024-03-26,198.786,199.83,197.921,198.288,377900
2024-03-27,199.285,200.113,198.542,199.097,143100
2024-03-28,199.191,200.969,197.291,198.278,634700
2024-04-01,197.582,198.645,196.783,198.203,114200
2024-04-02,196.708,197.046,194.177,194.892,221400
2024-04-03,194.601,195.24,193.613,193.952,171400
2024-04-04,193.425,195.268,192.418,193.867,249200
2024-04-05,194.328,195.814,193.914,194.149,281100
2024-04-08,194.704,196.952,194.563,196.595,176200
2024-04-09,196.585,197.366,194.629,197.3,217700
2024-04-10,196.35,197.827,195.344,197.112,175100
2024-04-11,197.15,199.012,195.598,198.796,269000
2024-04-12,198.325,199.36,197.244,197.423,148100
2024-04-15,197.855,200.169,197.432,197.818,162500
2024-04-16,197.818,199.106,197.498,197.949,265400
2024-04-17,198.514,199.464,196.905,198.09,189300
2024-04-18,198.081,198.561,194.817,195.466,209600
2024-04-19,195.334,196.115,193.472,194.394,204700
2024-04-22,194.667,198.335,194.667,197.131,179400
2024-04-23,198.542,198.918,196.933,197.451,206600
2024-04-24,198.288,199.981,196.294,196.67,160600
2024-04-25,195.118,196.755,193.453,195.974,170300
2024-04-26,195.983,199.529,195.983,198.532,208300
2024-04-29,199.285,199.558,196.435,197.366,493900
2024-04-30,197.112,198.805,195.513,195.579,321200
2024-05-01,195.024,197.263,193.923,196.03,179400
2024-05-02,198.984,213.45,197.968,209.49,592200
2024-05-03,211.682,213.779,210.299,211.936,292500
2024-05-06,212.058,216.234,212.049,214.842,288600
2024-05-07,215.36,216.582,214.504,215.473,186500
2024-05-08,215.36,218.012,215.275,215.802,267700
2024-05-09,216.178,218.313,215.416,215.971,231900
2024-05-10,216.385,217.532,215.303,215.849,243000
2024-05-13,216.488,217.156,215.106,215.444,212600
2024-05-14,215.237,216.347,213.921,215.473,343500
2024-05-15,215.526,218.272,214.611,217.895,205100
2024-05-16,218.754,220.669,217.602,219.82,345900
2024-05-17,220.245,220.669,219.103,219.603,324800
2024-05-21,219.282,223.019,219.282,222.906,253000
2024-05-22,222.321,225.038,221.264,223.066,205100
2024-05-23,224.255,225.227,221.783,223.821,298400
2024-05-24,224.123,226.944,223.651,226.822,235300
2024-05-27,226.171,229.228,223.576,223.708,172200
2024-05-28,224.349,224.368,221.934,222.085,363800
2024-05-29,221.735,221.83,217.999,218.782,261100
2024-05-30,218.027,219.046,217.225,218.801,254700
2024-05-31,218.923,221.415,217.433,221.32,779400
2024-06-03,220.811,220.811,216.026,216.942,655900
2024-06-04,217.319,220.424,216.093,219.829,293400
2024-06-05,220.396,222.698,219.546,221.792,203600
2024-06-06,221.622,223.538,220.848,222.188,273800
2024-06-07,222.198,223.217,221.386,221.802,271000
2024-06-10,221.273,222.302,219.98,221.745,407100
2024-06-11,221.924,222.519,220.245,220.82,251600
2024-06-12,222.387,223.377,220.537,220.66,448500
2024-06-13,220.764,221.254,218.065,218.112,427900
2024-06-14,217.687,218.301,216.121,216.706,626600
2024-06-17,216.564,217.225,215.451,216.564,620400
2024-06-18,216.63,217.055,214.63,215.611,680700
2024-06-19,215.375,217.885,213.601,214.856,175900
2024-06-20,215.536,216.744,215.017,215.413,509900
2024-06-21,215.413,216.498,212.771,213.498,2145600
2024-06-24,214.083,214.97,212.837,213.016,805200
2024-06-25,214.696,216.715,212.148,216.545,568500
2024-06-26,215.97,218.301,215.97,217.64,299300
2024-06-27,217.98,220.952,217.98,220.32,402900
2024-06-28,220.263,220.49,217.461,217.612,268400
2024-07-02,216.951,219.386,216.781,217.036,340300
2024-07-03,217.414,218.952,216.593,218.461,675700
2024-07-04,218.291,218.688,217.3,218.253,58800
2024-07-05,218.508,218.508,215.621,217.65,413500
2024-07-08,217.65,218.574,214.734,216.244,210900
2024-07-09,216.244,217.376,214.668,214.97,1153400
2024-07-10,214.828,216.008,214.687,215.583,250000
2024-07-11,215.46,217.734,212.016,212.497,512400
2024-07-12,212.563,213.847,212.327,212.535,299400
2024-07-15,213.271,213.8,210.969,211.657,387500
2024-07-16,211.922,213.479,211.469,212.922,435600
2024-07-17,211.374,212.205,210.497,211.893,489400
2024-07-18,212.063,212.101,208.827,211.082,987500
2024-07-19,211.223,212.29,210.148,210.846,176700
2024-07-22,211.837,215.139,211.639,214.885,279400
2024-07-23,215.149,216.262,214.29,214.611,147600
2024-07-24,213.526,214.007,211.865,213.026,324300
2024-07-25,213.252,214.507,211.733,211.79,249500
2024-07-26,212.582,213.158,210.412,211.044,289200
2024-07-29,211.346,212.224,210.223,211.799,213300
2024-07-30,211.893,213.649,209.166,210.016,420700
2024-07-31,210.317,211.837,208.864,211.138,355500
2024-08-01,210.789,210.789,202.438,208.053,753000
2024-08-02,208.241,208.241,202.853,205.939,367300
2024-08-06,203.769,206.986,202.419,206.043,741300
2024-08-07,207.156,207.6,204.448,204.788,374700
2024-08-08,205.467,208.572,204.958,207.675,329200
2024-08-09,207.675,209.298,207.052,209.223,356100
2024-08-12,208.893,209.714,207.855,208.364,266000
2024-08-13,208.836,210.874,208.213,210.45,261900
2024-08-14,210.459,214.753,210.431,214.611,329900
2024-08-15,215.208,216.733,212.955,213.476,223300
2024-08-16,213.324,214.243,211.914,212.009,246900
2024-08-19,212.046,213.097,211.336,211.488,628800
2024-08-20,211.261,211.999,210.484,211.147,205000
2024-08-21,211.005,213.618,210.996,213.504,230100
2024-08-22,213.968,214.896,212.633,213.675,351600
2024-08-23,213.836,214.735,211.081,212.756,248800
2024-08-26,212.34,213.911,212.236,213.599,149900
2024-08-27,214.735,218.579,214.432,217.632,496100
2024-08-28,217.774,218.664,215.947,217.395,360400
2024-08-29,217.651,218.683,216.524,216.581,158400
2024-08-30,216.894,219.099,216.07,218.522,363500
2024-09-03,217.859,219.213,215.464,215.786,338200
2024-09-04,214.281,217.045,214.281,216.789,270900
2024-09-05,215.767,216.808,213.826,214.839,191800
2024-09-06,215.01,216.505,212.681,213.504,230100
2024-09-09,217.225,218.238,215.36,216.439,270700
2024-09-10,216.742,221.23,215.748,220.889,397200
2024-09-11,220.671,221.76,218.598,221.125,236300
2024-09-12,221.135,223.748,221.135,223.407,259600
2024-09-13,223.066,223.312,221.334,222.29,194300
2024-09-16,222.867,223.521,221.618,222.356,228100
2024-09-17,222.564,223.246,215.142,216.345,398900
2024-09-18,216.259,217.916,215.474,216.865,578100
2024-09-19,218.333,219.09,216.098,218.655,291800
2024-09-20,218.56,218.882,216.363,217.859,1660200
2024-09-23,218.266,220.112,215.767,219.696,234500
2024-09-24,219.696,219.914,217.84,219.09,167400
2024-09-25,219.279,220.737,218.238,220.302,196500
2024-09-26,220.529,221.173,218.02,218.683,282500
2024-09-27,218.683,219.052,217.329,217.376,143000
2024-09-30,217.225,218.512,216.534,218.399,325200
2024-10-01,218.37,218.778,216.78,217.102,216700
2024-10-02,215.985,218.153,215.616,217.982,137200
2024-10-03,217.395,218.039,216.127,216.752,250500
2024-10-04,217.291,217.291,212.728,213.22,188100
2024-10-07,212.463,213.741,211.639,213.495,148500
2024-10-08,214.167,217.67,213.855,217.045,264500
2024-10-09,216.789,218.124,215.814,218.105,233400
2024-10-10,217.414,218.011,216.146,216.969,154200
2024-10-11,216.43,218.853,216.43,217.935,244800
2024-10-15,219.062,221.466,218.181,220.927,339700
2024-10-16,220.453,220.624,218.086,218.73,297000
2024-10-17,219.402,220.908,219.402,220.065,235700
2024-10-18,219.98,221.135,219.497,220.359,270500
2024-10-21,219.478,221.4,218.342,219.809,170400
2024-10-22,218.503,219.336,217.14,218.162,207600
2024-10-23,218.153,220.046,217.556,218.976,142500
2024-10-24,218.049,220.056,217.272,218.342,240000
2024-10-25,218.37,219.686,216.799,216.818,194900
2024-10-28,217.357,219.421,217.357,218.891,293300
2024-10-29,218.683,220.027,218.617,219.554,228200
2024-10-30,218.569,219.753,217.499,219.194,293300
2024-10-31,218.295,218.295,215.511,215.767,360600
2024-11-01,216.704,218.437,215.417,217.859,141200
2024-11-04,217.244,218.654,216.127,217.215,424700
2024-11-05,217.31,227.506,217.31,224.25,533300
2024-11-06,218.058,220.434,215.275,219.459,319900
2024-11-07,219.525,221.438,219.052,221.088,170100
2024-11-08,221.296,223.615,220.851,221.561,205000
2024-11-11,222.129,223.663,221.675,223.132,165000
2024-11-12,222.953,224.363,221.324,223.899,294200
2024-11-13,224.259,224.761,222.763,223.246,309400
2024-11-14,223.719,224.515,218.427,219.099,267500
2024-11-15,218.172,218.484,215.341,215.606,299200
2024-11-18,214.905,215.937,213.485,213.769,417600
2024-11-19,212.255,213.012,210.73,212.52,339500
2024-11-20,212.775,212.993,210.588,212.614,305900
2024-11-21,213.978,215.231,211.736,214.851,235900
2024-11-22,215.545,216.229,213.617,213.968,222100
2024-11-25,215.098,215.478,213.123,213.123,1023500
2024-11-26,214.177,215.991,213.313,214.87,456300
2024-11-27,214.652,216.865,214.652,215.383,205200
2024-11-28,214.737,216.124,214.547,215.212,56000
2024-11-29,214.633,217.559,214.633,216.998,259100
2024-12-02,218.015,220.665,217.255,219.648,192300
2024-12-03,219.43,220.522,218.556,220.066,331400
2024-12-04,221.168,225.5,219.06,225.225,369500
2024-12-05,225.225,226.355,224.208,225.367,227900
2024-12-06,225.652,230.031,225.652,229.547,218100
2024-12-09,228.549,229.841,225.87,227.732,292300
2024-12-10,227.381,229.338,226.887,229.224,260000
2024-12-11,229.195,231.228,226.564,226.792,362000
2024-12-12,226.744,228.483,225.329,228.454,249400
2024-12-13,228.454,231,226.488,227.419,247900
2024-12-16,226.355,228.312,226.06,226.136,278500
2024-12-17,225.604,227.457,225.604,226.06,263100
2024-12-18,226.64,228.065,225.082,225.538,383900
2024-12-19,225.31,225.424,222.28,222.451,321800
2024-12-20,222.204,223.771,220.921,221.482,800500
2024-12-23,221.33,223.182,220.845,222.783,152200
2024-12-24,222.099,223.249,221.805,222.403,56600
2024-12-27,221.786,222.783,221.149,222.023,130100
2024-12-30,219.914,220.655,218.176,219.829,177100
2024-12-31,219.696,220.788,218.585,219.259,117100
2025-01-02,220.465,222.84,219.43,220.665,214100
2025-01-03,220.437,223.543,220.437,222.622,195900
2025-01-06,222.764,222.812,218.917,219.202,169200
2025-01-07,219.193,220.275,217.853,218.851,221900
2025-01-08,219.117,219.601,217.207,218.1,220800
2025-01-09,218.1,220.361,216.761,217.008,71200
2025-01-10,216.162,216.438,212.543,212.676,343600
2025-01-13,208.981,212.629,206.939,211.992,383400
2025-01-14,212.657,213.455,209.408,210.548,352000
2025-01-15,211.783,214.566,211.546,214.519,350200
2025-01-16,215.307,216.656,214.623,216.238,166200
2025-01-17,217.663,220.256,217.625,218.965,319400
2025-01-20,219.05,220.798,218.452,219.44,74200
2025-01-21,219.933,222.204,219.193,221.206,239300
2025-01-22,221.339,224.921,221.197,224.427,316100
2025-01-23,224.465,225.215,223.866,224.978,277100
2025-01-24,224.949,225.434,222.004,222.441,229100
2025-01-27,221.073,225.054,221.035,224.484,171300
2025-01-28,225.234,227.723,224.493,227.191,246800
2025-01-29,227.2,229.689,227.2,228.739,225900
2025-01-30,230.297,233.451,229.11,232.396,284400
2025-01-31,232.919,233.223,231.551,231.997,361000
2025-02-03,225.794,235.18,225.794,234.002,487000
2025-02-04,231.988,233.308,228.236,228.502,361600
2025-02-05,229.034,231.931,225.671,225.671,823600
2025-02-06,229.879,242.845,227.799,240.528,652800
2025-02-07,239.872,241.164,236.405,239.673,429300
2025-02-10,241.876,243.634,240.794,243.244,375600
2025-02-11,243.244,243.662,241.487,242.437,384000
2025-02-12,240.528,241.05,237.982,238.666,320900
2025-02-13,239.435,241.772,238.248,241.145,292400
2025-02-14,242.332,242.332,233.859,233.907,325400
2025-02-18,234.125,235.075,231.76,234.011,382800
2025-02-19,233.802,234.049,231.038,233.156,467500
2025-02-20,234.107,239.597,233.115,238.606,576700
2025-02-21,239.559,241.608,238.806,238.854,434000
2025-02-24,239.368,242.619,239.368,240.026,499700
2025-02-25,239.997,245.373,239.33,244.153,528900
2025-02-26,244.401,244.601,241.075,241.885,457200
2025-02-27,242.809,245.393,242.361,242.657,445100
2025-02-28,244.363,246.717,241.923,246.527,919200
2025-03-03,245.831,248.262,245.373,246.46,384400
2025-03-04,245.431,247.356,242.209,242.6,322300
2025-03-05,242.781,243.172,240.245,240.607,548300
2025-03-06,238.062,242.809,238.062,238.749,383000
2025-03-07,237.815,244.325,237.815,243.353,422600
2025-03-10,242.6,242.886,237.939,239.063,329900
2025-03-11,236.709,238.911,235.737,235.899,375700
2025-03-12,236.785,236.785,233.621,234.345,378200
2025-03-13,231.485,235.718,231.485,233.916,338900
2025-03-14,234.431,236.146,234.231,235.784,191600
2025-03-17,235.689,237.157,233.735,236.718,212000
2025-03-18,234.049,236.528,233.134,234.898,308300
2025-03-19,233.878,235.146,232.429,233.392,240800
2025-03-20,232.801,234.393,231.514,232.067,216400
2025-03-21,232.105,233.611,230.16,232.315,869300
2025-03-24,233.125,234.831,232.601,234.212,309300
2025-03-25,234.774,236.147,233.687,234.764,221000
2025-03-26,235.241,235.698,233.458,234.04,186500
2025-03-27,234.173,236.08,233.621,235.489,205700
2025-03-28,235.784,235.832,232.877,233.249,151300
2025-03-31,232.105,237.081,231.628,236.709,388600
2025-04-01,236.661,238.434,234.936,237.538,249300
2025-04-02,236.556,239.645,235.946,239.645,250500
2025-04-03,236.957,238.93,234.45,236.185,407700
2025-04-04,233.868,236.061,224.813,225.166,634600
2025-04-07,221.763,226.348,217.378,220.771,877400
2025-04-08,224.861,225.27,217.835,219.465,457900
2025-04-09,217.216,230.58,216.806,228.664,546200
2025-04-10,225.089,226.872,220.075,222.878,339800
2025-04-11,222.659,229.617,221.448,228.702,315000
2025-04-14,231.819,233.363,230.437,233.144,467200
2025-04-15,232.848,242.59,232.848,241.875,521900
2025-04-16,241.484,243.505,237.033,238.339,320900
2025-04-17,238.301,242.495,237.491,240.093,296200
2025-04-21,239.711,241.008,235.918,237.7,192100
2025-04-22,239.635,241.589,238.396,240.074,401100
2025-04-23,242.171,242.828,238.815,240.855,346100
2025-04-24,241.484,241.78,239.263,240.474,310900
2025-04-25,240.646,241.103,237.9,239.95,278600
2025-04-28,239.311,241.77,239.311,240.245,424400
2025-04-29,240.789,243.448,240.789,242.8,270000
2025-04-30,242.314,244.821,240.798,244.525,381700
2025-05-01,243.963,249.825,243.867,245.021,442100
2025-05-02,243.095,243.524,237.862,242.724,307200
2025-05-05,241.77,245.86,241.77,244.592,200100
2025-05-06,243.839,245.536,243.276,244.315,342200
2025-05-07,243.534,248.881,243.534,248.71,340700
2025-05-08,249.367,250.607,247.166,248.157,444400
2025-05-09,248.347,249.148,246.632,248.91,196300
2025-05-12,251.712,251.712,242.485,246.203,455400
2025-05-13,245.793,248.224,244.43,244.83,211900
2025-05-14,243.61,247.108,243.61,246.832,350000
2025-05-15,247.445,254.072,247.445,253.163,252900
2025-05-16,253.393,256.003,252.494,255.85,313500
2025-05-20,257.993,261.626,257.993,260.842,345800
2025-05-21,260.135,260.135,257.227,258.605,302900
2025-05-22,257.534,259.456,256.051,257.361,204000
2025-05-23,256.549,258.193,255.277,256.061,208000
2025-05-26,257.027,259.924,255.334,257.524,63500
2025-05-27,252.37,259.255,252.035,257.486,345100
2025-05-28,257.438,260.785,257.371,260.058,309900
2025-05-29,260.737,260.747,258.891,259.35,190500
2025-05-30,260.259,261.177,258.126,260.737,1085300
2025-06-02,259.991,260.928,256.912,258.643,392300
2025-06-03,258.672,259.15,254.464,255.516,336300
2025-06-04,255.391,257.811,254.397,256.023,276400
2025-06-05,256.3,256.96,254.55,255.085,253100
2025-06-06,255.382,256.635,254.703,255.363,171500
2025-06-09,255.162,255.258,250.4,252.102,267500
2025-06-10,252.102,252.284,249.749,251.107,292500
2025-06-11,251.098,254.98,250.228,254.416,452400
2025-06-12,254.732,256.52,253.766,256.472,231600
2025-06-13,254.598,256.845,253.383,253.393,543600
2025-06-16,254.129,255.822,253.938,254.703,425000
2025-06-17,254.636,255.774,252.991,255.707,211600
2025-06-18,256.223,257.495,254.837,256.663,249200
2025-06-19,255.697,256.233,253.995,255.468,108300
2025-06-20,256.759,257.753,254.282,254.54,644900
2025-06-23,254.579,257.505,254.579,257.247,233200
2025-06-24,257.581,259.656,255.659,258.825,166000
2025-06-25,258.824,258.824,256.3,256.596,209100
2025-06-26,257.897,257.897,255.353,257.103,188700
2025-06-27,257.065,259.532,256.443,259.293,222700
2025-06-30,260.469,262.191,259.006,261.865,285300
2025-07-02,262.439,262.439,256.682,258.098,323200
2025-07-03,258.748,261.033,258.547,260.527,151400
2025-07-04,260.393,260.661,259.064,259.972,76400
2025-07-07,261.406,264.084,259.417,262.831,260000
2025-07-08,262.544,264.409,261.186,262.114,212200
2025-07-09,262.171,262.965,261.473,261.76,263700
2025-07-10,261.531,264.495,261.024,263.3,315800
2025-07-11,262.544,262.994,260.316,260.536,356900
2025-07-14,266.551,286.155,266.532,280.694,1237700
2025-07-15,281.393,281.402,275.894,275.894,731100
2025-07-16,276.171,277.701,271.667,276.353,521900
2025-07-17,276.353,278.696,274.689,275.072,328000
2025-07-18,275.081,276.955,274.259,274.603,343500
2025-07-21,275.282,275.282,266.14,266.14,404000
2025-07-22,265.987,267.23,263.549,263.558,296900
2025-07-23,263.539,266.274,263.539,264.409,280700
2025-07-24,265.27,268.234,264.409,268.053,252600
2025-07-25,268.053,270.367,266.341,266.666,372000
2025-07-28,265.949,268.215,262.975,263.673,348400
2025-07-29,264.514,265.547,262.133,263.721,232400
2025-07-30,262.229,265.815,262.229,264.151,278800
2025-07-31,263.663,267.383,263.023,265.92,415300
2025-08-01,266.044,266.8,262.879,265.318,325500
2025-08-05,263.931,268.598,262.21,263.003,374400
2025-08-06,266.36,266.8,234.631,236.543,1699700
2025-08-07,237.155,240.244,234.889,238.781,603500
2025-08-08,238.542,240.55,236.008,236.572,313700
2025-08-11,236.572,237.194,229.677,230.461,532700
2025-08-12,229.601,229.993,223.318,224.37,759400
2025-08-13,223.203,224.781,220.679,223.299,506900
2025-08-14,223.117,225.154,221.664,221.721,391500
2025-08-15,223.385,228.539,221.616,226.321,500900
2025-08-18,227.449,230.194,226.503,228.319,365800
2025-08-19,230.624,233.522,229.406,232.812,637300
2025-08-20,233.263,236.247,233.263,233.935,517000
2025-08-21,233.177,235.259,232.064,234.971,509200
2025-08-22,236.065,237.591,235.259,236.881,512900
2025-08-25,236.516,238.032,235.01,235.048,307100
2025-08-26,235.048,235.892,231.373,232.371,646700
2025-08-27,230.183,232.841,230.183,231.45,255500
2025-08-28,234.674,235.403,232.611,235.221,431300
2025-08-29,234.194,235.662,233.225,234.05,317900
2025-09-02,234.472,235.432,233.167,234.981,285300
2025-09-03,234.491,236.775,233.695,234.866,387400
2025-09-04,236.391,238.128,235.883,237.188,296600
2025-09-05,237.907,238.454,230.356,232.15,502600
2025-09-08,231.613,231.613,228.225,229.943,440400
2025-09-09,233.004,233.801,230.72,233.503,503200
2025-09-10,231.152,231.766,226.498,226.748,360600
2025-09-11,226.613,231.363,226.46,230.25,387200
2025-09-12,230.25,230.768,229.463,229.818,209000
2025-09-15,229.434,230.135,226.028,226.258,340900
2025-09-16,225.471,225.471,223.869,223.869,674000
2025-09-17,224.358,226.613,222.852,223.485,611400
2025-09-18,223.447,224.579,212.402,212.738,1101700
2025-09-19,215.041,215.06,211.855,214.945,1641400
2025-09-22,214.427,216.336,213.362,216.317,687200
2025-09-23,215.07,216.854,212.642,213.525,368200
2025-09-24,213.563,214.523,210.195,210.425,420900
2025-09-25,211.126,212.479,210.224,211.385,479500
2025-09-26,212.642,212.642,209.37,209.945,490600
2025-09-29,209.667,210.847,208.074,208.727,509600
2025-09-30,209.091,209.926,207.105,207.364,794200
2025-10-01,207.374,208.228,204.092,204.178,480400
2025-10-02,203.852,203.958,201.06,202.998,854900
2025-10-03,202.518,205.656,201.396,204.85,589100
2025-10-06,206.865,206.865,202.211,203.641,566800
2025-10-07,203.977,203.977,201.338,202.806,519200
2025-10-08,202.864,203.536,201.751,203.19,634700
2025-10-09,202.768,203.037,201.223,201.971,292000
2025-10-10,202.845,204.409,200.772,203.459,474400
2025-10-14,204.994,209.61,204.178,208.362,679200
2025-10-15,215.3,216.384,212.536,214.734,581400
2025-10-16,215.866,216.298,210.636,210.867,426700
2025-10-17,210.588,215.012,210.08,213.198,440200
2025-10-20,213.841,217.018,213.323,216.615,287400
2025-10-21,217.584,218.553,215.607,216.586,259700
2025-10-22,217.68,219.512,215.473,218.975,356900
2025-10-23,219.512,219.522,216.883,219.397,366500
2025-10-24,219.896,220.702,217.968,218.351,340800
2025-10-27,218.86,218.965,216.922,218.035,348300
2025-10-28,216.979,219.253,215.876,216.346,289900
2025-10-29,214.436,214.571,202.835,204.572,575600
2025-10-30,205.004,207.748,204.85,207.431,539900
2025-10-31,207.278,208.631,205.608,206.155,427200
2025-11-03,206.664,210.636,205.33,210.07,622900
2025-11-04,212.162,212.901,196.569,198.277,958600
2025-11-05,201.511,202.979,194.516,195.302,755600
2025-11-06,194.554,194.592,187.271,188.307,496600
2025-11-07,189.862,190.005,183.759,185.188,474600
2025-11-10,184.929,185.073,181.043,182.319,497900
2025-11-11,182.319,184.929,181.484,184.68,373500
2025-11-12,184.334,186.196,182.338,185.918,608100
2025-11-13,184.805,191.109,183.212,189.151,463300
2025-11-14,189.814,191.08,187.04,190.044,489900
2025-11-17,190.044,190.37,184.526,184.901,341400
2025-11-18,184.665,186.352,181.475,182.931,349700
2025-11-19,182.738,183.143,179.442,182.015,415800
2025-11-20,181.957,182.584,178.536,179.037,423000
2025-11-21,178.324,184.482,178.295,183.576,504900
2025-11-24,183.846,184.174,179.403,180.126,1298600
2025-11-25,180.116,182.227,178.806,181.871,420500
2025-11-26,181.861,182.246,179.538,181.34,496900
2025-11-27,181.196,183.027,180.945,182.15,105100
2025-11-28,182.256,182.757,180.203,182.68,294700
2025-12-01,180.386,181.514,179.259,179.731,291400
2025-12-02,180.222,180.222,178.112,179.664,349400
2025-12-03,179.085,181.273,179.008,180.675,262400
2025-12-04,180.724,181.34,178.873,179.876,379300
2025-12-05,180.145,181.61,177.649,177.967,571700
2025-12-08,177.755,177.755,172.975,173.226,449100
2025-12-09,173.206,174.17,171.616,171.799,417100
2025-12-10,170.585,173.062,170.585,172.821,445800
2025-12-11,173.206,176.406,172.917,175.105,434500
2025-12-12,175.221,176.242,172.696,173.37,493500
2025-12-15,173.534,176.165,173.534,175.057,300700
2025-12-16,173.833,176.801,173.37,175.606,435300
2025-12-17,175.153,177.852,174.44,175.51,292200
2025-12-18,176.252,177.408,173.592,174.662,433500
2025-12-19,174.671,175.982,173.765,175.423,1000800
2025-12-22,175.664,176.348,173.727,176.261,233700
2025-12-23,176.165,176.252,174.228,175.616,244700
2025-12-24,175.095,176.233,174.363,175.172,105000
2025-12-29,174.44,176.011,174.44,175.866,456600
2025-12-30,175.558,175.808,174.536,175.327,245500
2025-12-31,175.201,175.307,174.344,174.565,206900
2026-01-02,175.115,175.115,167.173,167.366,469000
2026-01-05,168.792,172.686,168.792,171.703,430600
2026-01-06,171.076,174.527,168.744,173.9,381400
2026-01-07,173.081,175.057,170.411,170.797,412900
2026-01-08,170.489,173.389,170.489,172.792,290000
2026-01-09,172.204,174.103,170.942,173.418,269200
2026-01-12,172.214,173.775,171.558,172.378,298400
2026-01-13,172.349,172.349,168.397,169.197,360700
2026-01-14,168.571,171.597,168.301,170.383,545700
2026-01-15,170.566,171.125,166.46,167.192,486700
2026-01-16,167.549,168.667,165.265,166.238,511400
2026-01-19,165.679,165.679,162.865,163.79,225700
2026-01-20,163.713,164.195,161.188,161.246,818300
2026-01-21,161.449,161.449,158.066,160.119,875700
2026-01-22,160.417,162.807,159.309,161.969,312600
2026-01-23,161.343,163.906,160.87,162.971,473800
2026-01-26,163.733,163.945,161.853,162.933,710300
2026-01-27,162.239,162.239,154.962,155.55,412000
2026-01-28,155.705,155.705,152.987,153.151,744100
2026-01-29,153.141,153.729,145.518,146.443,829600
2026-01-30,145.248,146.443,144.236,144.997,804100
2026-02-02,149.382,149.382,143.099,143.6,743000
2026-02-03,130.098,130.098,113.694,120.865,2640000
2026-02-04,120.412,124.768,115.776,123.236,2001500
2026-02-05,130.001,132.68,112.278,116.566,2674800
2026-02-06,117.52,118.426,111.998,115.824,1435000
2026-02-09,115.911,117.646,113.078,116.817,700400
2026-02-10,116.855,122.802,113.309,118.706,1447400
2026-02-11,118.542,118.542,113.241,116.547,1029700
2026-02-12,116.798,116.798,110.736,112.528,1629400
2026-02-13,112.721,116.489,112.441,114.157,800300
2026-02-17,113.752,113.869,108.906,110.198,950900
2026-02-18,110.742,114.985,109.44,113.985,507400
2026-02-19,113.995,114.636,111.907,113.296,808300
2026-02-20,112.868,114.791,110.276,110.693,1050700
2026-02-23,109.771,109.771,106.042,107.634,1189700
2026-02-24,108.984,122.909,107.722,119.88,2440800
2026-02-25,122.414,134.145,122.356,131.989,2564900
2026-02-26,133.232,135.854,130.124,132.562,1472000
2026-02-27,133.232,133.387,126.007,127.532,1705100
2026-03-02,126.298,132.843,124.22,132.115,1028500
2026-03-03,130.794,140.233,130.794,140,903000
2026-03-04,139.253,140.758,136.349,138.786,879800
2026-03-05,139.078,146.002,138.388,145.254,1354600
2026-03-06,143.127,147.39,141.7,147.06,978100
2026-03-09,146.623,149.381,144.36,147.011,1031400
2026-03-10,146.244,146.244,135.592,136.669,1071400
2026-03-11,136.98,140.379,134.009,136.009,805900
2026-03-12,135.951,140.107,131.144,131.435,929900
2026-03-13,131.833,132.552,127.949,128.425,1180800
2026-03-16,128.143,128.143,124.754,127.658,867500
2026-03-17,128.27,131.086,126.59,127.133,584200
2026-03-18,126.182,126.58,124.084,125.288,754600
2026-03-19,125.57,127.852,121.288,124.492,1216400
2026-03-20,123.88,125.648,121.239,124.337,1182500
2026-03-23,123.803,124.249,119.035,121.385,737800
2026-03-24,121.783,121.783,116.656,116.927,556900
2026-03-25,118.569,118.743,114.364,117.374,601900
2026-03-26,117.228,121.928,116.976,121.734,669300
2026-03-27,120.889,121.686,118.967,120.666,455700
2026-03-30,121.22,124.541,121.22,123.22,611000
2026-03-31,124.298,124.589,120.132,121.928,706400
2026-04-01,121.861,122.21,118.219,118.879,810900
2026-04-02,118.879,121.948,117.025,121.948,659000
2026-04-06,121.938,123.094,120.647,122.511,295500
2026-04-07,120.686,122.773,118.84,119.52,488800
2026-04-08,121.258,121.268,115.345,115.772,719700
2026-04-09,115.684,115.684,110.159,113.878,796900
2026-04-10,114.228,114.247,110.45,111.946,516400
2026-04-13,112.179,117.384,112.179,117.122,572400
2026-04-14,117.228,118.394,115.471,117.714,620100
2026-04-15,117.724,124.745,117.714,123.239,842100
2026-04-16,124.405,127.493,123.686,123.861,1218800
2026-04-17,125.415,126.104,121.88,123.764,522800
2026-04-20,123.997,125.929,123.511,125.929,604600
2026-04-21,125.269,130.076,124.628,128.61,954100
2026-04-22,128.61,129.105,121.53,123.317,638900
2026-04-23,121.88,122.841,117.724,119.938,1253700
2026-04-24,120.394,120.501,117.131,119.103,573000
2026-04-27,118.539,120.045,117.724,117.967,359000
2026-04-28,119.006,120.724,116.432,119.481,546400
2026-04-29,119.501,124.045,119.268,124.045,441600
2026-04-30,122.744,126.716,122.511,126.182,673500
2026-05-01,127.143,129.299,124.405,124.473,478900
2026-05-04,127.796,131.444,126.218,128.683,233500
2026-05-05,130.932,137.558,122.086,127.628,738300
2026-05-06,128.309,128.506,120.459,124.108,1122500
2026-05-07,123.497,129.127,123.368,125.518,643400
2026-05-08,125.074,125.705,122.057,125.173,768200
2026-05-11,123.812,125.636,118.941,120.321,572400
2026-05-12,121.958,122.629,114.099,117.935,1067800
2026-05-13,117.59,117.59,110.194,111.052,841300
2026-05-14,111.575,112.216,106.408,107.098,881300
2026-05-15,107.877,112.521,107.483,112.472,845300
2026-05-19,118.418,124.088,117.915,118.566,1438900
2026-05-20,117.672,118.129,114.751,116.49,573100
2026-05-21,116.241,118.109,113.509,117.126,583300
2026-05-22,116.162,120.513,116.162,117.831,802600
2026-05-25,118.377,120.205,117.821,118.407,173600
2026-05-26,117.414,117.622,114.562,114.84,603000
2026-05-27,114.493,117.046,112.863,112.963,538400
2026-05-28,113.469,117.553,112.784,115.784,374200
2026-05-29,115.437,119.421,113.936,118.765,2434800
2026-06-01,118.089,129.395,118.089,129.018,826300
2026-06-02,127.766,127.766,118.387,118.636,847600
2026-06-03,118.477,118.477,114.483,115.158,438500
2026-06-04,116.738,120.811,116.728,118.576,593100
2026-06-05,119.222,121.01,117.781,119.341,517900
2026-06-08,118.099,118.099,115.278,115.367,326900
2026-06-09,115.228,117.473,113.171,114.125,710800
2026-06-10,113.509,115.377,110.151,113.767,785300
2026-06-11,113.718,113.728,110.479,111.343,564500
2026-06-12,111.214,114.572,108.631,113.35,724300
2026-06-15,113.678,116.013,111.83,111.969,561200
2026-06-16,112.108,113.767,110.658,112.933,685800
2026-06-17,112.049,114.94,110.459,111.333,1268300
2026-06-18,111.204,111.433,108.124,110.3,1198300
2026-06-19,110.777,113.271,110.777,113.211,1368900
2026-06-22,110.28,111.631,107.359,107.796,1154000
2026-06-23,109.803,114.234,109.287,114.095,828600
2026-06-24,113.628,116.42,112.287,114.503,616600
2026-06-25,114.016,117.086,112.218,114.274,720000
2026-06-26,115.327,118.973,115.089,118.268,961800
2026-06-29,119.917,120.414,113.161,116.728,658400
2026-06-30,114.781,115.933,112.943,115.089,660100
2026-07-02,118.576,126.147,118.487,125.799,1012500
2026-07-03,125.272,125.988,123.693,124.07,142300
2026-07-06,124.408,126.286,122.679,123.931,436800
2026-07-07,126.564,131.472,126.564,128.064,596500
2026-07-08,127.667,128.144,124.517,125.243,368200
2026-07-09,123.375,125.064,121.904,124.845,397700
2026-07-10,125.789,129.276,125.739,125.849,564500
2026-07-13,128.104,132.634,127.826,132.356,736600
2026-07-14,128.154,130.916,124.895,128.163,886400
2026-07-15,128.869,137.791,128.859,133.002,1005200
2026-07-16,135.088,141.069,135.088,137.83,811800
2026-07-17,138.834,139.957,133.27,133.807,761200
2026-07-20,133.131,134.949,130.21,133.379,720300
2026-07-21,131.591,131.601,126.981,127.09,791800
2026-07-22,127.816,128.462,121.666,122.192,574200
2026-07-23,122.411,122.818,118.397,119.937,512300
2026-07-24,120.364,127.15,120.325,126.216,541400
2026-07-27,127.23,137.592,127.23,137.036,1154800
2026-07-28,139.539,148.153,139.162,144.606,1369400
2026-07-29,145.013,151.511,142.669,148.382,1150100
2026-07-30,142.51,143.633,136.867,137.512,823800
2026-07-31,136.28,137.87,134.125,136.628,691800
2026-08-04,138.615,152.813,138.615,152.127,1133400
2026-08-05,152.346,157.78,136.112,136.598,1636800
2026-08-06,139.827,142.073,134.174,139.221,798700
2026-08-07,138.367,144.606,136.906,141.109,639500
2026-08-10,140.632,144.646,139.728,144.229,594300
2026-08-11,144.01,146.504,141.437,145.033,500800
2026-08-12,143.772,144.06,139.192,141.924,435600
2026-08-13,143.404,147.438,140.9,146.693,561100
2026-08-14,146.534,147.279,140.95,142.619,622600
2026-08-17,141.337,141.337,136.151,136.519,726300
2026-08-18,138.248,141.874,138.248,139.42,668700
2026-08-19,139.12,147.77,138.98,144.7,722600
2026-08-20,143.81,147.5,143.23,145.99,822200
2026-08-21,146.32,147.28,144.42,145.39,703900
2026-08-24,146.62,151.23,146.25,150.21,524500
2026-08-25,147.88,148.65,144.15,144.24,533100
2026-08-26,143.08,146.23,141.62,142.14,609700
2026-08-27,141.38,149.37,141.38,145.11,509600
2026-08-28,146.72,148.38,145.69,147.53,484300
2026-08-31,145.86,148.81,144.44,148.58,805300
2026-09-01,149.8,150.63,146.91,147.84,473800
2026-09-02,149.22,149.22,144.18,146.62,531400
2026-09-03,148.5,155.5,148.5,153.97,872700
2026-09-04,151.78,151.78,145.7,146.24,531100
2026-09-08,145.02,145.03,135.88,136.24,758600
2026-09-09,136.32,136.32,133.04,133.95,515600
2026-09-10,134.48,136.74,132.35,132.53,841000
2026-09-11,133.79,135.62,132.81,134.93,350000
2026-09-14,138.99,147.49,138.99,146.94,781400
2026-09-15,145.41,145.58,142.24,142.87,476000
2026-09-16,142.6,143.3,140.96,141.64,482100
2026-09-17,141.31,142.63,138.35,139.21,740000
2026-09-18,140.16,140.16,131.31,132.18,1641200
2026-09-21,132.33,134.77,131.15,134.01,458900
2026-09-22,135.08,135.52,131.95,134.66,486500
2026-09-23,134.66,139.47,133.37,138.81,798100
2026-09-24,138.81,142.49,138.81,141.95,456200
2026-09-25,141.88,141.88,138.76,140.11,454100
2026-09-28,139.89,139.89,136.28,137.74,398300
2026-09-29,136.08,137.68,131.4,136.61,615400
2026-09-30,136.94,139.59,135.37,138.48,544900
2026-10-01,141.33,144.85,140,141.54,546600
2026-10-02,141.61,143.21,137.65,139.32,1152500
2026-10-05,138.98,139.62,135.65,138.29,395300
2026-10-06,138.39,140.8,136.45,139.48,431100
2026-10-07,140.98,142.88,139.28,141.76,488400
2026-10-08,141.24,144.61,137.95,144.46,577700
2026-10-09,144.02,147.82,144,147.3,484542
