date,open,high,low,close,volume
2007-12-20,4,5.9,3.9,5.6,8827500
2007-12-21,5.5,7.29,5.5,7.2,2774300
2007-12-24,7.39,7.75,7.05,7.5,958400
2007-12-27,7.55,7.93,6.88,7.11,855700
2007-12-28,7.25,7.29,6.86,6.95,318200
2007-12-31,7.03,8.25,7.02,7.96,1118000
2008-01-02,8.7,9.45,8.5,8.96,1025100
2008-01-03,9.34,9.34,7.52,7.59,1123800
2008-01-04,7.2,8.43,7.2,8.17,1169700
2008-01-07,8.64,8.64,7.5,7.69,789600
2008-01-08,7.7,7.9,6.85,6.87,460100
2008-01-09,6.87,7.25,6.1,6.35,665100
2008-01-10,6.4,6.63,5.9,6.58,632700
2008-01-11,6.75,7.6,6.7,7.35,680500
2008-01-14,7.7,7.9,7.57,7.73,385900
2008-01-15,7.7,7.7,7.1,7.19,133700
2008-01-16,7,7.35,6.6,7.24,737100
2008-01-17,7.55,7.69,6.65,6.73,695500
2008-01-18,7.27,7.37,6.42,6.7,921100
2008-01-21,6,6.4,5.51,6.25,280600
2008-01-22,5.76,7.04,5.75,6.3,481700
2008-01-23,6.1,6.44,5.66,6.4,456000
2008-01-24,6.75,7,6.54,6.62,514200
2008-01-25,7,7,6.5,6.9,253800
2008-01-28,6.8,7.63,6.4,7.57,1352000
2008-01-29,7.63,8.05,7.46,7.5,886300
2008-01-30,7.45,7.55,7.15,7.37,279800
2008-01-31,7.11,7.75,7.11,7.65,602000
2008-02-01,7.75,7.75,7.53,7.57,316900
2008-02-04,7.61,7.61,7.35,7.41,182400
2008-02-05,7.41,7.44,7.07,7.11,223700
2008-02-06,7.27,7.5,7.11,7.36,757700
2008-02-07,7.32,7.7,7.2,7.41,277400
2008-02-08,7.5,7.73,7.45,7.7,153000
2008-02-11,7.6,8.19,7.56,8.05,353000
2008-02-12,8.2,8.44,8.06,8.35,642700
2008-02-13,9.35,10.25,9.1,9.89,1695600
2008-02-14,9.99,10.09,9.45,9.85,1090700
2008-02-15,9.8,11.19,9.65,11.05,952200
2008-02-19,11.75,12.55,11.05,11.7,1019000
2008-02-20,11.48,11.48,10.91,11.38,1051600
2008-02-21,11.5,11.82,10.56,10.9,767700
2008-02-22,10.68,11.32,10.57,11.24,579600
2008-02-25,10.85,11.5,10.85,11.45,901800
2008-02-26,11.52,12.29,11.27,11.95,1364000
2008-02-27,12.1,12.45,10.79,11.01,1601500
2008-02-28,10.88,11.25,10.6,10.74,831700
2008-02-29,10.86,11.09,10.5,10.51,389800
2008-03-03,10.39,11.09,10.1,10.9,341300
2008-03-04,11.08,11.15,10.31,10.7,258200
2008-03-05,10.95,11.07,10.6,11.05,598900
2008-03-06,10.9,11.15,10.6,11.01,328300
2008-03-07,10.82,10.9,9.82,9.85,410700
2008-03-10,10.3,10.3,9.08,9.9,423700
2008-03-11,10.25,10.62,9.95,10.44,332200
2008-03-12,10.55,11.03,10,10.65,328800
2008-03-13,10.16,11.15,10.02,10.9,467500
2008-03-14,10.95,11,10.36,10.49,160500
2008-03-17,9.99,10.46,9.41,10.3,285600
2008-03-18,10.5,10.5,9.48,9.72,473900
2008-03-19,9.76,9.76,8.88,8.96,465300
2008-03-20,8.75,9.38,8.51,9.11,230400
2008-03-24,9.15,9.75,9.15,9.3,228300
2008-03-25,9.47,10.11,9.21,10.08,435600
2008-03-26,10.05,10.36,9.78,9.98,286400
2008-03-27,10.6,10.9,10.32,10.5,862100
2008-03-28,10.6,11.21,10.6,11.07,396000
2008-03-31,10.95,11.44,10.5,10.7,454200
2008-04-01,10.8,11.4,10.43,11.22,373700
2008-04-02,11.1,11.55,10.77,11.25,443000
2008-04-03,11.25,12.24,11.15,12.08,1086800
2008-04-04,12.35,12.9,12.17,12.35,837300
2008-04-07,12.5,12.5,11.6,11.97,807300
2008-04-08,11.97,12.36,11.6,11.88,422500
2008-04-09,11.7,11.78,11.5,11.66,1155300
2008-04-10,11.66,11.66,11.5,11.61,702200
2008-04-11,11.53,12.19,11.52,12,720200
2008-04-14,12.05,12.19,11.66,11.78,202600
2008-04-15,11.92,12.3,11.69,12.24,985100
2008-04-16,12.48,13.46,12.45,13.15,880500
2008-04-17,13.25,13.25,12.36,12.57,312800
2008-04-18,12.7,12.7,12.06,12.11,280800
2008-04-21,12.05,12.3,11.88,11.96,183000
2008-04-22,11.84,12.46,11.56,12.44,343600
2008-04-23,12.45,12.79,11.94,12.3,247700
2008-04-24,12.2,12.3,11.93,12.12,107100
2008-04-25,12.25,12.4,11.9,11.95,66800
2008-04-28,11.95,11.95,11.83,11.88,90600
2008-04-29,11.77,11.8,11.08,11.11,368100
2008-04-30,11.51,12.01,11.1,11.42,626300
2008-05-01,11.68,11.68,10.5,10.53,2665600
2008-05-02,10.7,11.08,10.51,10.66,387600
2008-05-05,10.82,10.84,10.6,10.65,160600
2008-05-06,10.6,11.2,10.42,10.93,365100
2008-05-07,10.95,11.14,10.73,10.73,243500
2008-05-08,10.75,11,10.62,10.65,191600
2008-05-09,10.55,10.56,10.25,10.26,250300
2008-05-12,10.05,10.75,10,10.72,283200
2008-05-13,10.97,12.11,10.33,11.75,1122000
2008-05-14,11.7,12.14,11.58,11.73,1180100
2008-05-15,11.73,11.78,11.26,11.36,594700
2008-05-16,11.26,11.4,11.07,11.18,188800
2008-05-20,11.24,11.42,11.05,11.35,271400
2008-05-21,11.34,11.42,11.18,11.2,308900
2008-05-22,11.15,11.49,11.15,11.29,114100
2008-05-23,11.39,11.39,10.78,10.8,188800
2008-05-26,10.87,10.97,10.76,10.86,56400
2008-05-27,10.62,10.67,10.22,10.4,395800
2008-05-28,10.4,10.68,10,10.35,772000
2008-05-29,10.35,10.35,9.88,9.94,236600
2008-05-30,10.17,10.85,10.17,10.65,316400
2008-06-02,10.37,10.68,10.11,10.28,576100
2008-06-03,10.12,10.43,10.12,10.34,110300
2008-06-04,10.35,10.65,10.21,10.31,245500
2008-06-05,10.23,10.4,9.8,10.11,595500
2008-06-06,10.2,10.72,10.14,10.48,248000
2008-06-09,10.74,11.24,10.68,11.03,222500
2008-06-10,11,11,10.56,10.7,139900
2008-06-11,10.73,10.82,10.36,10.48,82400
2008-06-12,10.79,11.25,10.65,11.25,233400
2008-06-13,11.29,11.87,11.29,11.84,203500
2008-06-16,12.02,12.68,11.88,12.37,521600
2008-06-17,12.6,13.49,12.42,12.74,383600
2008-06-18,12.86,13,12.08,12.25,318000
2008-06-19,12.15,12.15,11.71,11.8,147000
2008-06-20,11.77,12.22,11.34,12.22,118900
2008-06-23,11.84,12.39,11.84,12.3,162700
2008-06-24,12.28,12.28,11.54,11.54,137900
2008-06-25,11.45,11.45,11,11.19,324300
2008-06-26,11.18,11.18,10.71,10.73,129200
2008-06-27,10.84,11.2,10.51,11.18,244500
2008-06-30,11.18,11.31,10.8,10.88,81400
2008-07-02,10.91,11.3,10.8,10.9,286800
2008-07-03,10.96,11.02,10.18,10.6,446300
2008-07-04,10.6,10.77,10.5,10.62,15200
2008-07-07,10.55,10.82,10.2,10.5,161600
2008-07-08,10.57,10.57,9.88,10.01,188900
2008-07-09,10.34,10.96,10.3,10.64,163300
2008-07-10,10.52,10.62,10.3,10.39,152500
2008-07-11,10.31,10.5,10.25,10.41,102600
2008-07-14,10.54,10.8,10.42,10.52,377700
2008-07-15,10.53,10.53,9.85,10.16,220700
2008-07-16,10.16,10.42,10.1,10.25,91800
2008-07-17,10.7,10.7,10.08,10.24,273600
2008-07-18,10.21,10.92,10.2,10.92,299300
2008-07-21,10.95,10.95,10.53,10.95,96500
2008-07-22,10.75,10.85,10.5,10.55,100900
2008-07-23,10.73,10.73,9.88,10,111000
2008-07-24,10,10.04,9,9.18,264400
2008-07-25,9.01,9.56,9.01,9.45,655300
2008-07-28,9.54,10.05,9.54,9.8,164200
2008-07-29,9.99,10,9.54,9.6,226900
2008-07-30,9.99,10.18,9.8,10,252900
2008-07-31,10.4,10.5,9.92,10,365100
2008-08-01,10.22,10.22,9.65,9.81,60700
2008-08-05,9.66,9.66,8.95,9,208600
2008-08-06,9.14,9.25,9.01,9.17,113800
2008-08-07,9.12,9.3,8.95,8.99,79800
2008-08-08,9,9.4,8.97,9.07,83300
2008-08-11,9.14,9.15,7.78,8.14,482000
2008-08-12,8.19,9.2,7.79,7.79,261100
2008-08-13,7.94,8.17,7.55,8.01,281400
2008-08-14,8.24,8.37,8.06,8.07,126400
2008-08-15,8.1,8.1,7.54,7.87,152200
2008-08-18,8,8,7.75,7.81,111500
2008-08-19,7.88,7.88,7.44,7.56,276300
2008-08-20,7.58,7.74,7.4,7.54,449200
2008-08-21,7.5,7.7,7.47,7.62,518300
2008-08-22,7.6,7.95,7.6,7.91,229100
2008-08-25,7.97,7.97,7.61,7.7,82800
2008-08-26,7.8,7.8,7.43,7.45,104200
2008-08-27,7.57,7.68,7.15,7.53,192400
2008-08-28,7.86,8,7.65,7.65,739400
2008-08-29,7.84,7.84,7.66,7.69,85300
2008-09-02,7.65,7.72,7.26,7.43,244800
2008-09-03,7.55,7.55,7.15,7.34,283800
2008-09-04,7.24,7.25,6.62,6.97,663200
2008-09-05,6.85,6.85,6.36,6.75,1201500
2008-09-08,7,7.14,6.12,6.17,322300
2008-09-09,6.09,6.15,5.5,6.07,1475100
2008-09-10,5.81,6.51,5.81,6.46,615000
2008-09-11,6.24,6.58,6.01,6.34,178100
2008-09-12,6.41,6.65,6.16,6.26,90900
2008-09-15,5.64,6,5.6,5.65,304500
2008-09-16,5.55,5.74,5.01,5.35,352300
2008-09-17,5.3,5.72,5.1,5.51,206500
2008-09-18,5.3,5.75,4.99,5.2,258500
2008-09-19,5.8,6.4,5.41,5.45,539200
2008-09-22,5.91,5.91,5.01,5.06,331500
2008-09-23,5.05,5.21,4.66,4.8,524900
2008-09-24,5.1,5.44,4.9,5.26,797000
2008-09-25,5.26,5.88,5.26,5.71,255100
2008-09-26,5.69,5.69,5,5.25,253900
2008-09-29,5.11,5.4,4.57,5.31,326700
2008-09-30,5.08,5.47,4.82,4.97,338400
2008-10-01,5.09,5.39,4.97,5.21,310000
2008-10-02,5.28,5.28,4.4,4.65,708200
2008-10-03,4.63,5.1,4.63,4.82,500800
2008-10-06,4,5,3.65,4.63,395700
2008-10-07,5.05,5.46,4.5,4.69,1143600
2008-10-08,3.8,4.93,3.8,4.5,310700
2008-10-09,4.89,4.96,3.85,3.85,418400
2008-10-10,3.8,4,3.5,3.75,367700
2008-10-14,5,5.1,4.5,4.5,355100
2008-10-15,4.63,4.64,4.13,4.14,113400
2008-10-16,4.25,4.42,3.78,4.12,339700
2008-10-17,4.23,4.25,3.9,4.08,672800
2008-10-20,4.23,4.5,4.03,4.5,417100
2008-10-21,4.4,4.6,4.2,4.4,400500
2008-10-22,4.39,4.39,4,4.18,122600
2008-10-23,4.11,4.2,3.8,4.06,102800
2008-10-24,3.7,3.99,3.5,3.75,176100
2008-10-27,3.51,3.81,3.51,3.6,223300
2008-10-28,3.87,3.87,3.5,3.6,67400
2008-10-29,3.61,3.9,3.61,3.71,140000
2008-10-30,3.9,4.65,3.9,4.44,733900
2008-10-31,4.36,5.2,4.36,4.75,438800
2008-11-03,5,5.4,4.91,5.4,290200
2008-11-04,5.86,6.15,5.65,5.7,317400
2008-11-05,5.52,5.97,5.35,5.5,337000
2008-11-06,5.17,5.38,4.72,4.81,224800
2008-11-07,4.93,5.3,4.65,5.18,97100
2008-11-10,5.72,5.72,5.09,5.2,72600
2008-11-11,5.15,5.24,4.8,4.85,69000
2008-11-12,4.71,4.85,4.13,4.19,128700
2008-11-13,4.39,4.61,4.01,4.49,151000
2008-11-14,4.5,4.59,4.32,4.57,73800
2008-11-17,4.3,4.47,4.25,4.4,17000
2008-11-18,4.51,4.62,4.01,4.15,108100
2008-11-19,4.14,4.14,3.81,3.95,223000
2008-11-20,3.8,3.8,3.25,3.64,305700
2008-11-21,3.67,3.85,3.35,3.5,192200
2008-11-24,3.65,3.96,3.53,3.81,590400
2008-11-25,3.97,4.15,3.8,4,231200
2008-11-26,4,4.35,3.84,4.35,134100
2008-11-27,4.49,4.88,4.34,4.84,194000
2008-11-28,4.77,4.86,4.57,4.83,58300
2008-12-01,5.05,5.05,4.3,4.33,323900
2008-12-02,4.57,4.75,4.29,4.65,179900
2008-12-03,4.5,4.57,4.33,4.5,155100
2008-12-04,4.54,4.65,4.41,4.51,1094200
2008-12-05,4.1,4.65,4.1,4.6,128200
2008-12-08,4.85,4.85,4.5,4.71,97500
2008-12-09,4.73,4.8,4.28,4.36,142600
2008-12-10,4.61,4.61,4.26,4.3,176300
2008-12-11,4.3,4.5,4.26,4.33,306200
2008-12-12,4.1,4.44,4.1,4.42,79400
2008-12-15,4.5,4.5,4.1,4.1,128000
2008-12-16,4.16,4.25,4.04,4.2,97900
2008-12-17,4.23,4.23,4.23,4.23,1000
2008-12-18,4.24,4.62,4.14,4.45,151500
2008-12-19,4.5,4.52,4.25,4.32,37700
2008-12-22,4.41,4.55,4.2,4.55,77100
2008-12-23,4.62,4.85,4.35,4.37,61400
2008-12-24,4.31,4.6,4.31,4.38,18500
2008-12-29,4.49,4.51,4.24,4.3,29700
2008-12-30,4.39,4.7,4.29,4.66,103300
2008-12-31,4.67,4.76,4.36,4.6,73900
2009-01-02,4.75,5.25,4.75,5.25,93500
2009-01-05,5.54,5.67,5.21,5.42,344800
2009-01-06,5.48,5.87,5.39,5.83,199600
2009-01-07,5.85,5.85,5.37,5.4,180500
2009-01-08,5.26,5.8,5.13,5.47,307600
2009-01-09,5.69,6.07,5.39,5.84,193800
2009-01-12,5.68,5.76,4.88,5.17,322900
2009-01-13,5.2,5.57,4.8,5.57,188800
2009-01-14,5.68,5.8,5.35,5.55,1338500
2009-01-15,5.6,5.6,5.18,5.3,261900
2009-01-16,5.4,5.41,5.18,5.38,149600
2009-01-19,5.49,5.75,5.36,5.68,214200
2009-01-20,5.74,5.74,5.49,5.55,733100
2009-01-21,5.48,5.71,5.29,5.45,118700
2009-01-22,5.45,5.6,5.35,5.45,611100
2009-01-23,5.4,5.56,5.3,5.42,38600
2009-01-26,5.45,5.77,5.4,5.65,82100
2009-01-27,5.75,6.31,5.66,6.18,293000
2009-01-28,6.55,6.55,6.22,6.25,237100
2009-01-29,6.25,6.25,5.85,5.93,94600
2009-01-30,5.99,5.99,5.76,5.89,189200
2009-02-02,5.84,5.91,5.78,5.9,99100
2009-02-03,5.9,6,5.86,6,60400
2009-02-04,6.2,6.2,5.99,6.02,204500
2009-02-05,6.1,6.1,5.75,5.97,75100
2009-02-06,5.95,6.22,5.95,6.1,234500
2009-02-09,6.13,6.13,5.96,6,67300
2009-02-10,6,6.08,5.85,5.99,167900
2009-02-11,6.18,6.4,5.99,6.1,281000
2009-02-12,6.13,6.33,6.08,6.28,109700
2009-02-13,6.28,6.7,6.25,6.56,141600
2009-02-17,6.54,6.65,6.32,6.58,349200
2009-02-18,6.7,6.7,6.32,6.4,71800
2009-02-19,6.49,6.57,6.33,6.33,282400
2009-02-20,6.33,6.35,5.65,5.75,331900
2009-02-23,5.61,5.7,5.15,5.18,152500
2009-02-24,5.15,5.43,4.62,5.41,567200
2009-02-25,5.32,5.35,4.91,5.24,366300
2009-02-26,5.25,5.65,5.2,5.21,113000
2009-02-27,5.15,5.25,5.05,5.18,130500
2009-03-02,5,5.06,4.8,4.82,73600
2009-03-03,5,5.26,4.9,5.15,792500
2009-03-04,5.39,5.51,5.21,5.46,149000
2009-03-05,5.51,5.51,5.03,5.13,100900
2009-03-06,5.2,5.2,4.86,4.9,62600
2009-03-09,4.8,4.9,4.4,4.49,121700
2009-03-10,4.6,5.1,4.6,5.09,157500
2009-03-11,5.09,5.16,4.92,5.11,83900
2009-03-12,5.01,5.14,4.86,5.1,61300
2009-03-13,5.19,5.19,4.9,5.01,51800
2009-03-16,5,5.21,5,5.2,45700
2009-03-17,5.04,5.13,4.83,4.85,88600
2009-03-18,4.84,4.84,4.6,4.63,125000
2009-03-19,4.78,4.82,4.54,4.68,227000
2009-03-20,4.64,4.84,4.63,4.77,54200
2009-03-23,4.85,5.2,4.68,5.17,277800
2009-03-24,5.25,6.12,5.08,5.8,301000
2009-03-25,5.85,6.14,5.78,6,299400
2009-03-26,6.19,6.34,6.02,6.23,194400
2009-03-27,6.25,6.28,5.86,5.95,109400
2009-03-30,5.75,5.75,5.41,5.51,192100
2009-03-31,5.77,5.77,5.3,5.41,121900
2009-04-01,5.49,5.6,5.31,5.54,48100
2009-04-02,5.75,6.1,5.6,5.6,158500
2009-04-03,5.82,5.82,5.46,5.69,104600
2009-04-06,5.69,6,5.57,5.9,161400
2009-04-07,6,6,5.56,5.73,128700
2009-04-08,6,6,5.56,5.9,179600
2009-04-09,6.09,6.2,5.85,6.05,152800
2009-04-13,5.78,6.05,5.78,5.98,109200
2009-04-14,5.99,6.24,5.97,6.16,159500
2009-04-15,6.1,6.13,5.9,6,57900
2009-04-16,6.16,6.26,5.95,6.21,110500
2009-04-17,6.2,6.23,6.08,6.21,72800
2009-04-20,6.05,6.07,5.48,5.5,224800
2009-04-21,5.45,5.9,5.1,5.74,147400
2009-04-22,5.72,5.97,5.72,5.9,105900
2009-04-23,5.9,5.9,5.73,5.85,49100
2009-04-24,5.95,5.95,5.82,5.92,222600
2009-04-27,5.86,6.04,5.74,5.95,51700
2009-04-28,5.88,5.93,5.73,5.83,47900
2009-04-29,5.95,5.95,5.75,5.87,134700
2009-04-30,6.25,6.7,6.25,6.38,591700
2009-05-01,6.38,6.7,6.38,6.5,312400
2009-05-04,6.69,7.05,6.66,7,210000
2009-05-05,7.02,7.22,6.83,7.15,267600
2009-05-06,7,7.48,7,7.34,338300
2009-05-07,7.74,7.74,7.05,7.17,271100
2009-05-08,7.26,7.47,7.21,7.33,124900
2009-05-11,7.1,7.45,7.05,7.36,151100
2009-05-12,7.42,7.45,7.14,7.25,119800
2009-05-13,7.24,7.24,6.81,6.93,174800
2009-05-14,6.8,6.9,6.6,6.8,153300
2009-05-15,6.83,6.9,6.6,6.85,61700
2009-05-19,6.99,7.3,6.99,7.2,137200
2009-05-20,7.2,7.35,6.98,7.02,177000
2009-05-21,7,7.03,6.9,6.92,108200
2009-05-22,7.14,7.14,6.75,6.9,62000
2009-05-25,6.9,6.9,6.73,6.8,51800
2009-05-26,6.84,7.02,6.71,6.76,106100
2009-05-27,6.72,7.03,6.72,6.8,183000
2009-05-28,7.02,7.05,6.74,6.83,141900
2009-05-29,6.95,7.06,6.78,7.06,204400
2009-06-01,7.13,7.13,6.94,7.08,205200
2009-06-02,7.07,7.2,7,7.16,144500
2009-06-03,7.07,7.14,6.9,7.08,83400
2009-06-04,7.17,7.17,6.92,6.99,55200
2009-06-05,7,7.06,6.91,6.97,49800
2009-06-08,6.93,6.93,6.55,6.78,85100
2009-06-09,6.81,6.83,6.25,6.65,175500
2009-06-10,6.78,6.79,6.58,6.73,162400
2009-06-11,6.75,6.79,6.67,6.7,60800
2009-06-12,6.75,6.76,6.65,6.72,83700
2009-06-15,6.7,6.7,6.35,6.44,98400
2009-06-16,6.52,6.52,6.3,6.38,101700
2009-06-17,6.3,6.37,6.16,6.24,50000
2009-06-18,6.24,6.24,6.1,6.14,51700
2009-06-19,6.15,6.25,6.15,6.16,52400
2009-06-22,6.15,6.15,5.6,5.79,157800
2009-06-23,5.79,5.84,5.24,5.37,175300
2009-06-24,5.49,6.38,5.47,6,406900
2009-06-25,6.23,6.23,5.81,6,127000
2009-06-26,6.12,6.12,5.93,6.06,73900
2009-06-29,6.15,6.15,5.92,5.95,204000
2009-06-30,6.08,6.59,5.86,6.46,532100
2009-07-02,6.44,6.5,6.15,6.36,48500
2009-07-03,6.2,6.35,6.18,6.33,16300
2009-07-06,6.3,6.3,6.06,6.21,69200
2009-07-07,6.14,6.18,6.07,6.09,41400
2009-07-08,6.1,6.13,5.59,5.84,70200
2009-07-09,5.8,6.07,5.75,5.95,47400
2009-07-10,6.04,6.04,5.91,5.92,67000
2009-07-13,5.85,6,5.85,6,85600
2009-07-14,6.01,6.08,5.84,5.87,115200
2009-07-15,5.92,6.11,5.86,6.04,278700
2009-07-16,6.04,6.15,5.97,6.06,114200
2009-07-17,6.06,6.1,5.86,5.95,55400
2009-07-20,5.95,6.23,5.93,6.13,144100
2009-07-21,6.24,6.24,5.97,6.16,46300
2009-07-22,6.16,6.25,6.09,6.21,33100
2009-07-23,6.19,6.55,6.19,6.49,59000
2009-07-24,6.51,6.95,6.5,6.85,121200
2009-07-27,6.9,6.95,6.76,6.79,98500
2009-07-28,6.75,6.75,6.51,6.54,98400
2009-07-29,6.54,6.54,6.3,6.35,59900
2009-07-30,6.41,6.6,6.41,6.47,27600
2009-07-31,6.47,6.5,6.25,6.48,75000
2009-08-04,6.59,6.88,6.5,6.84,105100
2009-08-05,6.61,6.84,6.61,6.75,30200
2009-08-06,6.66,6.75,6.43,6.55,41200
2009-08-07,6.55,6.67,6.4,6.45,66200
2009-08-10,6.7,6.7,6.3,6.5,34900
2009-08-11,6.5,6.54,6.25,6.54,36800
2009-08-12,6.66,6.73,6.54,6.65,19800
2009-08-13,6.77,6.88,6.35,6.35,184900
2009-08-14,6.3,6.4,5.88,6,261700
2009-08-17,5.97,5.97,5.54,5.58,389700
2009-08-18,5.65,5.75,5.46,5.5,296400
2009-08-19,5.58,5.65,5.5,5.56,162400
2009-08-20,5.56,5.88,5.44,5.71,171400
2009-08-21,5.79,5.81,5.59,5.69,114400
2009-08-24,5.69,5.73,5.55,5.58,58500
2009-08-25,5.62,5.82,5.62,5.82,40400
2009-08-26,6,6.05,5.89,5.95,75500
2009-08-27,6.07,6.07,5.71,5.78,42100
2009-08-28,5.78,5.91,5.71,5.73,56700
2009-08-31,5.72,5.89,5.7,5.89,88000
2009-09-01,5.88,5.88,5.6,5.7,34500
2009-09-02,5.7,5.76,5.69,5.7,33000
2009-09-03,5.7,5.8,5.7,5.75,19100
2009-09-04,5.79,5.86,5.7,5.75,65900
2009-09-08,5.78,5.9,5.75,5.82,93100
2009-09-09,6.01,6.27,5.95,6.08,282200
2009-09-10,6.08,6.23,5.99,6.21,79400
2009-09-11,6.25,6.25,6,6.1,76200
2009-09-14,6.01,6.15,5.98,6.15,79000
2009-09-15,6.1,6.25,5.88,6.14,238900
2009-09-16,6.25,6.34,6.2,6.27,198900
2009-09-17,6.33,6.33,6.1,6.2,64600
2009-09-18,6.21,6.34,6.21,6.28,50400
2009-09-21,6.15,6.26,6.11,6.15,63200
2009-09-22,6.19,6.23,6.11,6.2,33800
2009-09-23,6.24,6.29,6.07,6.22,55600
2009-09-24,6.14,6.21,6.14,6.2,65900
2009-09-25,6.15,6.25,6.15,6.15,32300
2009-09-28,6.19,6.25,5.95,6.15,71200
2009-09-29,6.07,6.18,6.07,6.08,37400
2009-09-30,6.09,6.32,6.08,6.28,56700
2009-10-01,6.29,6.3,6.15,6.2,71500
2009-10-02,6.13,6.22,6,6.1,40800
2009-10-05,6.12,6.3,6.1,6.28,64900
2009-10-06,6.31,6.35,6.08,6.08,189700
2009-10-07,6.09,6.14,6.01,6.09,43900
2009-10-08,5.8,5.85,5.5,5.76,863900
2009-10-09,5.78,5.79,5.5,5.62,444300
2009-10-13,5.6,5.65,5.44,5.45,178800
2009-10-14,5.44,5.52,5.08,5.17,308100
2009-10-15,5.15,5.2,5.05,5.14,172500
2009-10-16,5.13,5.34,5.1,5.28,98400
2009-10-19,5.35,5.5,5.28,5.46,155000
2009-10-20,5.5,5.55,5.46,5.5,57500
2009-10-21,5.5,5.65,5.49,5.57,97500
2009-10-22,5.63,5.63,5.38,5.6,58200
2009-10-23,5.6,5.62,5.45,5.54,77800
2009-10-26,5.59,5.64,5.56,5.59,115000
2009-10-27,5.55,5.66,5.5,5.66,81900
2009-10-28,5.65,5.65,5.33,5.43,126900
2009-10-29,5.5,5.52,5.35,5.51,72600
2009-10-30,5.55,5.59,5.22,5.53,128000
2009-11-02,5.55,5.55,5.35,5.39,57100
2009-11-03,5.35,5.38,5.2,5.28,121800
2009-11-04,5.35,5.45,5.33,5.35,35000
2009-11-05,5.36,5.39,5.27,5.3,24500
2009-11-06,5.28,5.32,5.24,5.24,42600
2009-11-09,5.3,5.45,5.26,5.32,64000
2009-11-10,5.28,5.56,5.22,5.48,581000
2009-11-11,5.48,5.55,5.31,5.31,41500
2009-11-12,5.32,5.34,5.23,5.23,25200
2009-11-13,5.2,5.32,5.19,5.29,76200
2009-11-16,5.24,5.3,5.11,5.24,228800
2009-11-17,5.18,5.25,5.12,5.2,51000
2009-11-18,5.19,5.34,5.1,5.19,151400
2009-11-19,5.19,5.19,5.05,5.05,44800
2009-11-20,5.05,5.05,4.7,4.85,170600
2009-11-23,4.95,5.07,4.85,5,126100
2009-11-24,5.05,5.28,5.04,5.27,57200
2009-11-25,5.3,5.3,5.13,5.21,90000
2009-11-26,5.11,5.32,5.11,5.32,38400
2009-11-27,5.3,5.33,5.11,5.33,42300
2009-11-30,5.26,5.4,5.19,5.3,133100
2009-12-01,5.23,5.48,5.23,5.47,55000
2009-12-02,5.47,5.64,5.4,5.62,108000
2009-12-03,5.63,5.76,5.58,5.73,71500
2009-12-04,5.79,5.86,5.66,5.72,41300
2009-12-07,5.67,5.83,5.67,5.75,73000
2009-12-08,5.77,5.84,5.59,5.69,146200
2009-12-09,5.59,5.6,5.34,5.49,90000
2009-12-10,5.5,5.65,5.5,5.65,25200
2009-12-11,5.74,5.75,5.33,5.5,53300
2009-12-14,5.43,5.63,5.41,5.55,42000
2009-12-15,5.5,5.59,5.38,5.52,85000
2009-12-16,5.62,5.63,5.4,5.61,80900
2009-12-17,5.61,5.72,5.5,5.62,70200
2009-12-18,5.71,5.9,5.7,5.9,109100
2009-12-21,5.9,5.9,5.63,5.88,84100
2009-12-22,5.88,6.12,5.75,6.12,248700
2009-12-23,6.14,6.32,6.01,6.32,158600
2009-12-24,6.32,6.32,6.07,6.15,45100
2009-12-29,6.05,6.05,5.93,6.05,105600
2009-12-30,6.05,6.13,6.02,6.02,154900
2009-12-31,5.99,6,5.89,5.95,40800
2010-01-04,5.95,6.05,5.92,5.98,27800
2010-01-05,6.05,6.05,5.81,5.9,77200
2010-01-06,6.05,6.05,5.85,5.87,52500
2010-01-07,5.88,5.88,5.66,5.81,111300
2010-01-08,5.83,6.1,5.73,6.1,138100
2010-01-11,6.23,6.25,6.07,6.25,166800
2010-01-12,6.3,6.3,6.15,6.3,106500
2010-01-13,6,6,5.31,5.55,557000
2010-01-14,5.55,5.55,5.4,5.47,243600
2010-01-15,5.5,5.5,5.4,5.48,144200
2010-01-18,5.43,5.51,5.43,5.51,69400
2010-01-19,5.5,5.53,5.41,5.53,547700
2010-01-20,5.55,5.6,5.55,5.6,88100
2010-01-21,5.62,5.72,5.5,5.5,96400
2010-01-22,5.53,5.6,5.41,5.42,346000
2010-01-25,5.57,5.57,5.42,5.42,227100
2010-01-26,5.49,5.49,5.25,5.29,87800
2010-01-27,5.36,5.36,5.16,5.17,88000
2010-01-28,5.2,5.34,5.16,5.23,61200
2010-01-29,5.18,5.23,5.05,5.05,94000
2010-02-01,5.05,5.18,5.05,5.16,102500
2010-02-02,5.25,5.25,5.12,5.2,19700
2010-02-03,5.1,5.19,5.06,5.13,49300
2010-02-04,5.09,5.14,4.86,4.9,164700
2010-02-05,4.85,5.02,4.85,4.98,26800
2010-02-08,4.99,5.15,4.99,4.99,58500
2010-02-09,5.01,5.07,4.96,5.01,41300
2010-02-10,4.95,5,4.95,4.95,18400
2010-02-11,5.02,5.1,4.97,5.03,51700
2010-02-12,5.07,5.1,4.92,5.09,65300
2010-02-16,5.12,5.26,5.1,5.2,161100
2010-02-17,5.23,5.23,5.11,5.15,67100
2010-02-18,5.11,5.15,5.05,5.08,337600
2010-02-19,5.05,5.45,5.01,5.35,916800
2010-02-22,5.4,5.53,5.33,5.52,212800
2010-02-23,5.5,5.5,5.25,5.33,52800
2010-02-24,5.4,5.42,5.3,5.42,25100
2010-02-25,5.36,5.4,5.23,5.4,14200
2010-02-26,5.4,5.45,5.34,5.37,31000
2010-03-01,5.45,5.48,5.3,5.39,48000
2010-03-02,5.43,5.43,5.35,5.4,9300
2010-03-03,5.4,5.45,5.38,5.45,14800
2010-03-04,5.47,5.47,5.39,5.45,26900
2010-03-05,5.34,5.4,5.23,5.29,64700
2010-03-08,5.35,5.35,5.17,5.19,35400
2010-03-09,5.15,5.25,5.11,5.11,37200
2010-03-10,5.11,5.55,5.11,5.3,84600
2010-03-11,5.3,5.31,5.19,5.3,34500
2010-03-12,5.29,5.3,5.21,5.29,19800
2010-03-15,5.25,5.28,5.2,5.28,13600
2010-03-16,5.2,5.29,5.2,5.21,8500
2010-03-17,5.2,5.26,5.19,5.25,24300
2010-03-18,5.25,5.44,5.23,5.33,64700
2010-03-19,5.37,5.4,5.2,5.29,33500
2010-03-22,5.3,5.34,5.29,5.32,28300
2010-03-23,5.36,5.38,5.31,5.34,148000
2010-03-24,5.28,5.28,5.21,5.23,24300
2010-03-25,5.25,5.38,5.21,5.3,183700
2010-03-26,5.3,5.37,5.3,5.3,18900
2010-03-29,5.26,5.35,5.26,5.29,14400
2010-03-30,5.3,5.33,5.28,5.28,44700
2010-03-31,5.26,5.5,5.26,5.45,72700
2010-04-01,5.44,5.56,5.41,5.49,28600
2010-04-05,5.49,5.49,5.41,5.48,10400
2010-04-06,5.45,5.48,5.35,5.43,45300
2010-04-07,5.5,5.81,5.3,5.46,408400
2010-04-08,5.33,5.46,5.25,5.37,103700
2010-04-09,5.36,5.47,5.35,5.4,50100
2010-04-12,5.49,5.49,5.34,5.42,34100
2010-04-13,5.42,5.47,5.38,5.45,28100
2010-04-14,5.43,5.45,5.36,5.43,43200
2010-04-15,5.35,5.46,5.35,5.42,44000
2010-04-16,5.41,5.44,5.33,5.34,22100
2010-04-19,5.3,5.3,5.22,5.27,34200
2010-04-20,5.3,5.31,5.25,5.25,31300
2010-04-21,5.23,5.29,5.19,5.23,29200
2010-04-22,5.35,5.35,4.91,4.96,554000
2010-04-23,5.14,5.32,4.99,5.04,94700
2010-04-26,5,5.13,4.98,5.1,51400
2010-04-27,5.1,5.12,4.81,5,74600
2010-04-28,5,5.12,4.9,5.12,90200
2010-04-29,5.17,5.47,5.17,5.43,176100
2010-04-30,5.41,5.5,5.26,5.5,69800
2010-05-03,5.45,5.57,5.41,5.57,88400
2010-05-04,5.42,5.5,5.26,5.3,71200
2010-05-05,5.21,5.28,5.12,5.14,46300
2010-05-06,5.05,5.32,5.05,5.2,57200
2010-05-07,5.06,5.23,4.99,5.14,66100
2010-05-10,5.25,5.5,5.17,5.5,113100
2010-05-11,5.43,5.49,5.36,5.37,44200
2010-05-12,5.37,5.42,5.37,5.38,26000
2010-05-13,5.44,5.44,5.37,5.4,16300
2010-05-14,5.35,5.38,5.3,5.35,12300
2010-05-17,5.3,5.33,5.2,5.2,48400
2010-05-18,5.15,5.22,5.11,5.17,49800
2010-05-19,5.05,5.19,4.91,5.19,117300
2010-05-20,5.05,5.15,4.93,4.95,61700
2010-05-21,4.85,5.08,4.85,5.05,36700
2010-05-25,4.79,4.95,4.79,4.88,54400
2010-05-26,4.89,5.05,4.83,4.84,19900
2010-05-27,4.99,4.99,4.8,4.85,49900
2010-05-28,4.87,4.92,4.77,4.92,71200
2010-05-31,4.91,4.98,4.86,4.98,8200
2010-06-01,4.81,4.97,4.81,4.85,13100
2010-06-02,4.86,4.87,4.81,4.84,15000
2010-06-03,4.98,4.98,4.92,4.95,31600
2010-06-04,4.9,4.98,4.87,4.89,18000
2010-06-07,4.82,4.98,4.82,4.85,37600
2010-06-08,4.94,5.27,4.94,5.26,173500
2010-06-09,5.26,5.31,5.17,5.2,96600
2010-06-10,5.1,5.14,5,5.06,46800
2010-06-11,5.2,5.2,5,5.05,18600
2010-06-14,5.1,5.16,4.95,5,62400
2010-06-15,4.96,5.18,4.96,5.11,34500
2010-06-16,5.2,5.3,5.16,5.3,72400
2010-06-17,5.3,5.36,5.17,5.17,59000
2010-06-18,5.11,5.22,5.02,5.08,35900
2010-06-21,5.11,5.29,5.06,5.07,64100
2010-06-22,5.01,5.19,5.01,5.14,77500
2010-06-23,5.15,5.2,5.15,5.15,91400
2010-06-24,5.19,5.19,5.15,5.17,13700
2010-06-25,5.15,5.18,5.14,5.18,18000
2010-06-28,5.1,5.18,5.1,5.16,35600
2010-06-29,5.11,5.21,5.01,5.18,106700
2010-06-30,5.18,5.25,5.15,5.22,217500
2010-07-02,5.24,5.24,4.96,5.15,240700
2010-07-05,5.15,5.22,5.13,5.13,59000
2010-07-06,5.08,5.31,5.08,5.3,65700
2010-07-07,5.3,5.49,5.27,5.47,243700
2010-07-08,5.48,5.62,5.4,5.5,190900
2010-07-09,5.51,5.54,5.4,5.47,108700
2010-07-12,5.44,5.44,5.25,5.37,33300
2010-07-13,5.41,5.44,5.33,5.35,70900
2010-07-14,5.35,5.35,5.26,5.3,10600
2010-07-15,5.25,5.3,5.18,5.3,25200
2010-07-16,5.25,5.3,5.24,5.3,3800
2010-07-19,5.2,5.22,5.14,5.18,6700
2010-07-20,5.12,5.25,5.09,5.25,184100
2010-07-21,5.25,5.33,5.15,5.17,95400
2010-07-22,5.15,5.31,5.15,5.25,287700
2010-07-23,5.26,5.31,5.25,5.31,14600
2010-07-26,5.31,5.35,5.2,5.34,19200
2010-07-27,5.35,5.35,5.25,5.3,6300
2010-07-28,5.25,5.29,5.21,5.25,13100
2010-07-29,5.22,5.24,5.1,5.17,50000
2010-07-30,5.15,5.26,5.15,5.17,74200
2010-08-03,5.25,5.29,5.14,5.24,66700
2010-08-04,5.21,5.33,5.21,5.32,24600
2010-08-05,5.35,5.35,5.28,5.31,8000
2010-08-06,5.29,5.34,5.26,5.3,16000
2010-08-09,5.34,5.34,5.19,5.26,91400
2010-08-10,5.2,5.28,5.16,5.22,7700
2010-08-11,5.31,5.31,5.11,5.18,26400
2010-08-12,5.09,5.26,5.09,5.25,51900
2010-08-13,5.2,5.33,5.16,5.29,45400
2010-08-16,5.28,5.3,5.25,5.29,32600
2010-08-17,5.33,5.33,5.23,5.23,4800
2010-08-18,5.29,5.3,5.2,5.22,36900
2010-08-19,5.28,5.28,5.14,5.16,30300
2010-08-20,5.11,5.35,5.11,5.32,244100
2010-08-23,5.32,5.32,5.23,5.29,21400
2010-08-24,5.2,5.2,5.14,5.19,23300
2010-08-25,5.14,5.19,5.11,5.19,11800
2010-08-26,5.2,5.2,5.15,5.18,5600
2010-08-27,5.2,5.2,5.12,5.2,28100
2010-08-30,5.2,5.25,5.14,5.19,76600
2010-08-31,5.12,5.25,5.1,5.19,76300
2010-09-01,5.14,5.17,5.12,5.12,27200
2010-09-02,5.1,5.13,5.05,5.1,18500
2010-09-03,5.18,5.27,5.11,5.26,72900
2010-09-07,5.2,5.3,5.2,5.21,77100
2010-09-08,5.29,5.33,5.16,5.24,43900
2010-09-09,5.29,5.3,5.17,5.24,40100
2010-09-10,5.32,5.32,5.26,5.3,11300
2010-09-13,5.3,5.51,5.21,5.48,38900
2010-09-14,5.45,5.68,5.45,5.57,53300
2010-09-15,5.64,5.64,5.36,5.5,73600
2010-09-16,5.38,5.75,5.38,5.67,81400
2010-09-17,5.75,5.79,5.5,5.79,183100
2010-09-20,5.72,5.89,5.67,5.85,295000
2010-09-21,5.84,6.07,5.84,6.03,320000
2010-09-22,5.99,6.01,5.85,5.92,57600
2010-09-23,5.9,5.9,5.75,5.75,103200
2010-09-24,5.75,5.83,5.75,5.8,44300
2010-09-27,5.75,5.88,5.75,5.8,17000
2010-09-28,5.77,5.86,5.75,5.81,188600
2010-09-29,5.75,5.82,5.63,5.76,307700
2010-09-30,5.75,5.85,5.68,5.78,38700
2010-10-01,5.78,5.82,5.7,5.71,12800
2010-10-04,5.78,5.97,5.68,5.97,86900
2010-10-05,5.88,6.02,5.88,6,66400
2010-10-06,5.95,5.95,5.71,5.83,103900
2010-10-07,5.81,6,5.81,5.89,213900
2010-10-08,5.95,5.98,5.85,5.98,18500
2010-10-12,6,6.1,5.9,5.96,197300
2010-10-13,5.96,6.04,5.87,6,180100
2010-10-14,6.04,6.44,5.92,6.06,286500
2010-10-15,6.12,6.58,6.09,6.58,799300
2010-10-18,7.02,7.02,6.7,6.8,513900
2010-10-19,6.8,6.8,6.4,6.49,174400
2010-10-20,6.58,6.7,6.46,6.57,138800
2010-10-21,6.65,6.7,6.5,6.5,32800
2010-10-22,6.59,6.79,6.53,6.74,55400
2010-10-25,6.7,6.8,6.37,6.59,234300
2010-10-26,6.57,6.95,6.45,6.87,164800
2010-10-27,6.9,6.9,6.69,6.8,231300
2010-10-28,6.7,6.84,6.65,6.73,125200
2010-10-29,6.61,6.75,6.61,6.75,81100
2010-11-01,6.71,6.9,6.71,6.85,105900
2010-11-02,6.85,6.94,6.67,6.7,100200
2010-11-03,6.75,6.79,6.51,6.59,76100
2010-11-04,6.67,6.67,6.39,6.45,47300
2010-11-05,6.39,6.62,6.35,6.61,73700
2010-11-08,6.61,6.61,6.45,6.55,310700
2010-11-09,6.51,6.6,6.46,6.55,46200
2010-11-10,6.44,6.5,6.14,6.34,40300
2010-11-11,6.34,6.43,6.23,6.37,20900
2010-11-12,6.15,6.35,6.15,6.17,40200
2010-11-15,6.15,6.15,6.05,6.09,126500
2010-11-16,6.05,6.1,5.6,5.68,292900
2010-11-17,5.67,5.96,5.66,5.85,105500
2010-11-18,6,6.12,6,6.04,78400
2010-11-19,6.04,6.05,6,6.04,17800
2010-11-22,6.03,6.21,6.03,6.21,29000
2010-11-23,6.15,6.18,5.99,6.12,33600
2010-11-24,6.11,6.11,6.03,6.11,22400
2010-11-25,6.22,6.25,6.18,6.18,6700
2010-11-26,6.18,6.18,6.1,6.15,56000
2010-11-29,6.15,6.22,5.93,5.94,30800
2010-11-30,5.93,6.05,5.93,6.01,31700
2010-12-01,6.09,6.09,5.86,5.96,19000
2010-12-02,5.91,6,5.87,5.91,16700
2010-12-03,5.88,6.16,5.83,6.06,49800
2010-12-06,6.08,6.22,6.05,6.2,52100
2010-12-07,6.15,6.17,6.09,6.12,13100
2010-12-08,5.94,5.99,5.94,5.97,16800
2010-12-09,5.99,6.13,5.94,6.12,18700
2010-12-10,6,6.16,6,6.11,54600
2010-12-13,6.19,6.19,6.11,6.11,61600
2010-12-14,6.1,6.21,6.1,6.2,50800
2010-12-15,6.24,6.63,6.24,6.63,197800
2010-12-16,6.52,6.58,6.4,6.5,28800
2010-12-17,6.32,6.58,6.31,6.5,110600
2010-12-20,6.5,6.63,6.46,6.53,78000
2010-12-21,6.5,6.7,6.42,6.45,32300
2010-12-22,6.44,6.5,6.4,6.43,14100
2010-12-23,6.4,6.5,6.25,6.38,62300
2010-12-24,6.29,6.31,6.29,6.31,700
2010-12-29,6.3,6.7,6.3,6.69,88300
2010-12-30,6.68,7.32,6.68,7.31,152000
2010-12-31,7.01,7.05,6.83,7,20200
2011-01-04,7.1,7.35,7.05,7.24,133800
2011-01-05,7.13,7.23,7.09,7.12,57300
2011-01-06,7.15,7.25,7.04,7.1,61700
2011-01-07,7.02,7.2,7.01,7.02,43500
2011-01-10,7,7.11,6.9,7.11,35900
2011-01-11,7.02,7.19,6.91,6.97,138700
2011-01-12,7.14,7.3,7.05,7.21,224000
2011-01-13,7.23,7.25,7.04,7.04,336000
2011-01-14,7.06,7.12,6.69,6.7,95100
2011-01-17,6.7,6.74,6.68,6.68,29000
2011-01-18,6.59,6.93,6.5,6.92,75500
2011-01-19,6.97,7.2,6.94,7.01,69000
2011-01-20,7.07,7.07,6.82,6.98,12800
2011-01-21,7.08,7.08,6.72,6.89,30800
2011-01-24,7,7.05,6.94,6.99,65700
2011-01-25,7.07,7.07,6.64,6.68,151800
2011-01-26,6.76,7.13,6.76,7.09,49900
2011-01-27,7.13,7.13,6.84,6.91,27900
2011-01-28,6.85,6.89,6.75,6.85,42600
2011-01-31,6.83,6.89,6.65,6.75,107600
2011-02-01,6.86,6.95,6.75,6.91,44100
2011-02-02,6.9,7.1,6.51,7.1,91300
2011-02-03,7.45,7.85,7.35,7.75,629800
2011-02-04,7.95,7.95,7.52,7.52,328100
2011-02-07,7.68,7.93,7.6,7.89,299300
2011-02-08,7.95,8.14,7.9,8,89300
2011-02-09,8.1,8.18,7.8,7.97,95600
2011-02-10,7.96,8.04,7.91,8.04,51600
2011-02-11,8.05,8.34,8.05,8.12,132800
2011-02-14,8.24,8.25,8.09,8.23,91800
2011-02-15,8.25,8.27,8.13,8.21,46400
2011-02-16,8.14,8.32,8.14,8.29,54700
2011-02-17,8.3,8.32,8.09,8.27,62000
2011-02-18,8.28,8.35,8.05,8.35,69300
2011-02-22,8.4,8.4,7.75,7.95,93100
2011-02-23,8.03,8.03,7.76,7.98,77400
2011-02-24,7.95,8,7.85,7.92,22700
2011-02-25,7.98,8,7.9,8,34400
2011-02-28,8.58,9.25,8.58,9.07,447200
2011-03-01,9.36,10.07,9.15,9.37,598400
2011-03-02,9.49,9.86,9.16,9.5,124500
2011-03-03,9.6,9.85,9.55,9.77,114500
2011-03-04,9.88,10.25,9.75,9.85,235100
2011-03-07,9.99,9.99,9.59,9.71,129900
2011-03-08,9.61,9.63,8.91,9.1,233400
2011-03-09,9.1,9.22,8.9,9.19,148700
2011-03-10,9.32,9.32,8.96,9.24,97800
2011-03-11,9.19,9.3,8.9,9.27,111800
2011-03-14,9.38,9.88,9.2,9.83,102100
2011-03-15,9.81,9.81,9.35,9.51,106200
2011-03-16,9.5,9.94,9.26,9.89,156400
2011-03-17,9.9,9.9,9.59,9.6,52600
2011-03-18,9.7,9.72,9.31,9.37,68700
2011-03-21,9.3,9.6,9.3,9.49,88800
2011-03-22,9.2,9.2,9.09,9.1,493500
2011-03-23,9.18,9.18,8.99,9.1,281500
2011-03-24,9.06,9.19,9.02,9.18,98100
2011-03-25,9.19,9.37,9.17,9.2,237700
2011-03-28,9.2,9.2,9.1,9.12,114700
2011-03-29,9.14,9.5,9.14,9.32,282300
2011-03-30,9.32,9.4,9.18,9.35,545200
2011-03-31,9.35,9.35,9.23,9.27,59100
2011-04-01,9.23,9.3,9.18,9.24,58900
2011-04-04,9.25,9.39,9.17,9.38,225900
2011-04-05,9.38,9.38,9.28,9.35,140600
2011-04-06,9.38,9.49,9.26,9.26,133700
2011-04-07,9.34,9.74,9.34,9.52,304000
2011-04-08,9.52,9.81,9.51,9.7,244700
2011-04-11,9.7,9.78,9.4,9.65,354800
2011-04-12,9.6,9.6,9.13,9.41,299500
2011-04-13,9.45,9.45,9.21,9.33,363000
2011-04-14,9.25,9.25,9.1,9.25,160400
2011-04-15,9.25,9.25,9.15,9.22,104900
2011-04-18,9.15,9.15,8.54,8.8,436600
2011-04-19,8.7,8.77,8.65,8.75,77300
2011-04-20,8.85,8.88,8.73,8.87,103900
2011-04-21,8.94,9.2,8.94,9.05,172500
2011-04-25,9.11,9.11,8.9,8.91,25400
2011-04-26,8.94,9.07,8.9,9.07,246400
2011-04-27,9.07,9.15,9.01,9.1,51000
2011-04-28,9.13,9.13,9.06,9.1,17000
2011-04-29,9.07,9.3,9.07,9.28,312000
2011-05-02,9.34,9.34,9.2,9.21,162700
2011-05-03,9.2,9.2,9.04,9.11,117600
2011-05-04,9.01,9.02,8.8,9,230900
2011-05-05,8.96,9.05,8.8,8.9,76100
2011-05-06,8.96,9,8.9,8.91,54400
2011-05-09,8.91,9.47,8.9,9.11,308800
2011-05-10,9.17,9.27,9.13,9.13,52000
2011-05-11,9.01,9.08,8.99,9.03,104400
2011-05-12,9,9.22,8.92,9.2,61000
2011-05-13,9.24,9.25,9.05,9.25,81000
2011-05-16,9.25,9.25,9.15,9.15,4600
2011-05-17,9.05,9.11,9,9.11,66900
2011-05-18,9.11,9.18,9.02,9.03,18800
2011-05-19,9.19,9.19,8.84,8.87,239000
2011-05-20,9.02,9.02,8.9,8.9,9600
2011-05-24,8.85,8.9,8.68,8.73,49000
2011-05-25,8.7,8.9,8.62,8.63,125600
2011-05-26,8.6,8.6,8.22,8.47,482000
2011-05-27,8.48,8.48,8.21,8.32,126000
2011-05-30,8.35,8.75,8.29,8.64,65200
2011-05-31,8.67,8.9,8.67,8.68,82000
2011-06-01,8.82,8.82,8.47,8.5,30100
2011-06-02,8.35,8.54,8.35,8.43,143900
2011-06-03,8.43,8.49,8.3,8.43,85000
2011-06-06,8.38,8.39,8.27,8.34,96500
2011-06-07,8.34,8.35,8.3,8.31,19000
2011-06-08,8.38,8.38,8.25,8.25,71400
2011-06-09,8.2,8.71,8.2,8.66,35700
2011-06-10,8.4,8.5,8.2,8.2,165800
2011-06-13,8.22,8.82,8.22,8.8,126000
2011-06-14,8.46,8.9,8.46,8.76,73500
2011-06-15,8.7,8.95,8.6,8.73,105000
2011-06-16,8.64,8.73,8.51,8.56,102900
2011-06-17,8.6,9.05,8.6,8.95,268600
2011-06-20,8.95,8.95,8.74,8.87,46900
2011-06-21,8.87,9.04,8.8,9.04,90400
2011-06-22,8.98,9.16,8.98,9.11,43500
2011-06-23,9.11,9.11,9,9.06,90300
2011-06-24,9.07,9.07,8.95,9.04,35200
2011-06-27,9,9.15,8.95,9.11,70700
2011-06-28,9.12,9.12,8.95,8.96,50700
2011-06-29,8.9,9,8.9,8.9,54000
2011-06-30,8.92,9.08,8.9,8.99,45500
2011-07-04,9,9.11,8.87,9.07,50000
2011-07-05,9,9.13,8.9,9.13,48600
2011-07-06,9.09,9.14,8.94,8.98,266600
2011-07-07,9.03,9.04,8.94,9.03,271600
2011-07-08,8.94,9.06,8.94,8.99,54900
2011-07-11,8.96,8.98,8.6,8.6,36100
2011-07-12,8.56,8.87,8.56,8.63,57900
2011-07-13,8.62,8.84,8.57,8.84,76500
2011-07-14,8.84,8.84,8.6,8.6,32100
2011-07-15,8.61,8.65,8.57,8.61,22400
2011-07-18,8.63,8.66,8.5,8.66,14900
2011-07-19,8.6,8.66,8.5,8.6,19000
2011-07-20,8.6,8.65,8.4,8.65,89400
2011-07-21,8.6,8.6,8.45,8.51,15700
2011-07-22,8.5,8.59,8.39,8.41,75400
2011-07-25,8.4,8.53,8.4,8.53,4100
2011-07-26,8.56,8.75,8.4,8.42,25800
2011-07-27,8.4,8.42,8.15,8.17,58200
2011-07-28,8.15,8.17,8.12,8.15,15900
2011-07-29,8.15,8.37,8.15,8.29,24300
2011-08-02,8.37,8.37,7.28,7.5,125200
2011-08-03,7.49,7.49,7.25,7.42,139800
2011-08-04,7.55,7.55,6.9,7.07,134700
2011-08-05,7,7.05,6.53,7,55700
2011-08-08,6.55,6.85,6.01,6.09,99500
2011-08-09,6.25,6.87,6.25,6.86,59800
2011-08-10,7.09,7.28,6.76,6.86,58100
2011-08-11,7,7.48,7,7.47,41400
2011-08-12,7.58,7.68,7.2,7.2,19100
2011-08-15,7.25,7.73,7.25,7.4,48500
2011-08-16,7.48,7.48,7.25,7.31,42800
2011-08-17,7.3,7.35,7.2,7.32,207800
2011-08-18,7.24,7.24,7,7,60900
2011-08-19,7,7.05,6.8,6.8,116400
2011-08-22,7,7,6.66,6.72,61000
2011-08-23,6.88,6.94,6.65,6.85,62000
2011-08-24,6.85,7.16,6.81,7.16,131800
2011-08-25,7.95,8.5,7.91,8.15,266400
2011-08-26,8.14,8.5,7.96,8.31,117500
2011-08-29,8.85,9.05,8.8,8.96,261600
2011-08-30,9,9,8.76,8.8,160100
2011-08-31,8.8,8.85,8.55,8.55,478400
2011-09-01,8.6,8.79,8.3,8.48,146400
2011-09-02,8.38,8.62,8.31,8.58,45700
2011-09-06,8.1,8.39,8.1,8.3,54200
2011-09-07,8.58,8.58,8.49,8.56,12800
2011-09-08,8.38,8.46,8.37,8.37,14000
2011-09-09,8.27,8.3,8.22,8.25,75100
2011-09-12,8.14,8.18,7.8,8.18,183000
2011-09-13,8.14,8.26,8.05,8.2,51900
2011-09-14,8.24,8.24,8.06,8.17,111000
2011-09-15,8.2,8.25,8.1,8.15,22400
2011-09-16,8.15,8.3,8.02,8.02,241700
2011-09-19,8,8.17,8,8.14,110900
2011-09-20,8.01,8.2,8.01,8.17,71900
2011-09-21,8.11,8.14,7.85,7.92,139800
2011-09-22,7.41,7.72,7.26,7.66,205300
2011-09-23,7.25,7.64,7.23,7.5,99700
2011-09-26,7.6,7.71,7.43,7.63,29800
2011-09-27,7.7,7.99,7.7,7.91,108700
2011-09-28,7.92,7.99,7.69,7.69,55900
2011-09-29,7.7,7.7,7.3,7.54,40200
2011-09-30,7.38,7.38,7.06,7.34,67000
2011-10-03,7.38,7.38,6.9,6.98,68200
2011-10-04,6.51,6.94,6.32,6.94,144000
2011-10-05,7.89,7.89,7.15,7.25,103000
2011-10-06,7.38,7.55,7.26,7.29,102000
2011-10-07,7.64,7.64,7.31,7.37,95800
2011-10-11,7.58,7.58,7.41,7.43,19000
2011-10-12,7.53,7.68,7.44,7.48,140000
2011-10-13,7.55,7.55,7.15,7.17,96000
2011-10-14,7.36,7.6,7.09,7.21,144000
2011-10-17,7.29,7.29,7.03,7.11,150000
2011-10-18,7.1,7.1,6.95,6.99,64900
2011-10-19,6.95,7.14,6.94,7.09,604000
2011-10-20,6.98,7.07,6.95,6.96,52400
2011-10-21,7.02,7.18,6.92,6.92,99100
2011-10-24,7,7.04,6.85,6.94,166800
2011-10-25,7.01,7.14,6.85,6.85,253900
2011-10-26,6.95,6.95,6.5,6.51,233500
2011-10-27,6.77,6.85,6.63,6.77,120500
2011-10-28,6.8,6.83,6.65,6.81,26900
2011-10-31,6.84,6.85,6.75,6.75,21300
2011-11-01,6.51,6.71,6.4,6.5,209200
2011-11-02,6.46,6.5,6.41,6.45,49500
2011-11-03,6.48,6.5,6.4,6.5,136300
2011-11-04,6.5,6.79,6.43,6.75,453200
2011-11-07,6.85,6.85,6.66,6.74,110300
2011-11-08,6.83,6.85,6.74,6.79,72700
2011-11-09,6.78,6.78,6.48,6.59,56400
2011-11-10,6.49,6.71,6.28,6.4,196800
2011-11-11,6.56,6.56,6.05,6.26,99900
2011-11-14,6.33,6.33,6.01,6.03,124000
2011-11-15,5.91,5.94,5.7,5.72,138500
2011-11-16,5.68,5.68,5.21,5.35,174000
2011-11-17,5.21,5.35,5.1,5.25,178200
2011-11-18,5.42,6.03,5.33,5.72,163000
2011-11-21,5.77,5.77,5.5,5.67,55200
2011-11-22,5.61,5.9,5.38,5.84,109500
2011-11-23,5.87,5.88,5.58,5.65,43200
2011-11-24,5.84,5.87,5.7,5.82,11800
2011-11-25,5.66,5.82,5.66,5.79,52600
2011-11-28,5.8,6.08,5.8,6,126000
2011-11-29,6.08,6.26,6.03,6.03,153000
2011-11-30,6.48,6.48,6.06,6.41,70500
2011-12-01,6.39,6.39,6.1,6.23,43100
2011-12-02,6.38,6.6,6.33,6.48,88300
2011-12-05,6.6,6.89,6.6,6.82,123900
2011-12-06,7.1,7.1,6.05,6.27,366200
2011-12-07,6.27,6.27,5.87,5.96,341800
2011-12-08,5.99,5.99,5.25,5.42,328500
2011-12-09,5.5,5.63,5.48,5.63,199400
2011-12-12,5.59,5.59,5.3,5.44,94000
2011-12-13,5.45,5.61,5.42,5.53,115000
2011-12-14,5.32,5.41,4.8,4.86,391100
2011-12-15,4.98,4.98,4.57,4.75,512000
2011-12-16,4.75,4.9,4.69,4.71,123700
2011-12-19,4.69,4.69,4.44,4.64,138300
2011-12-20,4.69,4.75,4.5,4.58,144100
2011-12-21,4.64,4.93,4.51,4.9,148000
2011-12-22,4.95,5.07,4.73,4.74,110700
2011-12-23,4.9,5.14,4.77,5.12,101600
2011-12-28,5.12,5.2,4.84,4.96,154800
2011-12-29,5,5.23,4.86,5.12,92500
2011-12-30,5.16,5.21,5,5.13,64200
2012-01-03,5.18,5.24,5.08,5.19,44200
2012-01-04,5.16,5.24,5.1,5.22,94200
2012-01-05,5.2,5.28,5.1,5.21,139500
2012-01-06,5.23,5.33,5.15,5.32,43100
2012-01-09,5.41,5.44,5.3,5.43,94300
2012-01-10,5.45,5.48,5.23,5.23,32600
2012-01-11,5.2,5.2,4.95,4.98,672000
2012-01-12,5.07,5.07,4.93,5,129800
2012-01-13,5.04,5.13,4.95,4.98,252000
2012-01-16,5,5.1,4.97,5.09,32600
2012-01-17,5.15,5.22,5.05,5.1,192700
2012-01-18,5.13,5.14,5.05,5.13,95800
2012-01-19,5.19,5.27,5.13,5.27,77000
2012-01-20,5.16,5.27,5.05,5.09,193400
2012-01-23,5.2,5.2,5.05,5.09,135400
2012-01-24,5.1,5.16,5.05,5.15,40000
2012-01-25,5.08,5.24,5.08,5.2,66900
2012-01-26,5.16,5.28,5.16,5.28,317100
2012-01-27,5.27,5.27,5.05,5.26,167400
2012-01-30,5.19,5.25,5.06,5.24,106100
2012-01-31,5.24,5.25,5.15,5.16,153400
2012-02-01,5.24,5.25,5.13,5.13,237200
2012-02-02,5.13,5.26,5.13,5.23,108400
2012-02-03,5.21,5.27,5.2,5.27,72000
2012-02-06,5.27,5.27,5.09,5.19,93800
2012-02-07,5.2,5.25,5.14,5.25,117400
2012-02-08,5.24,5.25,5.2,5.21,48300
2012-02-09,5.15,5.23,5.15,5.16,67300
2012-02-10,5.15,5.19,5.1,5.11,76900
2012-02-13,5.06,5.11,4.8,4.85,182200
2012-02-14,4.88,4.9,4.76,4.77,33900
2012-02-15,4.79,4.9,4.78,4.85,37900
2012-02-16,4.82,4.82,4.74,4.79,78300
2012-02-17,4.73,4.8,4.73,4.78,40100
2012-02-21,4.83,5.22,4.83,5.17,132100
2012-02-22,5.15,5.15,4.95,5.03,69900
2012-02-23,5.01,5.1,5.01,5.05,25100
2012-02-24,5.09,5.1,4.97,5,107000
2012-02-27,5.08,5.08,4.99,4.99,48000
2012-02-28,4.94,5.04,4.94,5.01,183700
2012-02-29,5.03,5.05,4.88,4.89,70300
2012-03-01,4.89,4.95,4.87,4.92,37300
2012-03-02,4.94,4.94,4.84,4.87,62500
2012-03-05,4.84,4.9,4.8,4.89,37000
2012-03-06,4.85,4.9,4.85,4.86,55500
2012-03-07,4.86,5.1,4.85,5.1,91100
2012-03-08,5.14,5.25,5.09,5.1,64500
2012-03-09,5.1,5.24,5.09,5.09,79800
2012-03-12,5.1,5.1,5,5.04,134700
2012-03-13,4.8,4.8,3.85,4.03,1923900
2012-03-14,4.08,4.25,4.03,4.05,399400
2012-03-15,3.99,4.05,3.85,3.9,416200
2012-03-16,3.86,3.95,3.68,3.69,337600
2012-03-19,3.76,3.76,3.59,3.65,1951700
2012-03-20,3.6,3.9,3.52,3.9,888400
2012-03-21,3.74,3.86,3.72,3.8,231100
2012-03-22,3.8,3.8,3.52,3.55,898000
2012-03-23,3.52,3.62,3.52,3.6,112700
2012-03-26,3.69,3.69,3.52,3.58,174400
2012-03-27,3.56,3.87,3.52,3.79,2600000
2012-03-28,3.83,3.85,3.55,3.6,119000
2012-03-29,3.56,3.63,3.51,3.63,56900
2012-03-30,3.73,3.73,3.61,3.64,39000
2012-04-02,3.6,3.69,3.56,3.6,133400
2012-04-03,3.56,3.56,3.43,3.5,144600
2012-04-04,3.5,3.51,3.34,3.44,143100
2012-04-05,3.46,3.46,3.13,3.25,142000
2012-04-09,3.34,3.34,3.14,3.26,186000
2012-04-10,3.22,3.26,3.08,3.09,69800
2012-04-11,3.13,3.3,3.13,3.19,154600
2012-04-12,3.18,3.34,3.18,3.33,93800
2012-04-13,3.4,3.46,3.15,3.16,60100
2012-04-16,3.25,3.3,3.18,3.2,28800
2012-04-17,3.2,3.2,2.99,2.99,215400
2012-04-18,3.02,3.14,3.02,3.14,113400
2012-04-19,3.16,3.31,3.1,3.26,101700
2012-04-20,3.3,3.3,3.18,3.23,16100
2012-04-23,3.25,3.26,2.95,2.95,161200
2012-04-24,2.96,3.01,2.85,2.97,116800
2012-04-25,2.85,2.98,2.83,2.92,100900
2012-04-26,2.88,3.03,2.88,3.01,46500
2012-04-27,3.02,3.06,3.01,3.03,6700
2012-04-30,3.02,3.14,3.01,3.1,89000
2012-05-01,3.12,3.29,3.12,3.27,57400
2012-05-02,3.28,3.35,3.18,3.35,51200
2012-05-03,3.32,3.32,3.2,3.27,23000
2012-05-04,3.25,3.25,3.15,3.22,35900
2012-05-07,3.2,3.21,3.12,3.16,36200
2012-05-08,3.15,3.15,3,3.04,54800
2012-05-09,3.03,3.1,2.88,3.01,17000
2012-05-10,3,3.09,3,3.08,19000
2012-05-11,3.05,3.07,3.04,3.05,51200
2012-05-14,3.05,3.14,3.05,3.06,54000
2012-05-15,3.07,3.42,3.07,3.3,309500
2012-05-16,3.37,3.55,3.27,3.31,85000
2012-05-17,3.08,3.08,2.82,2.82,2002200
2012-05-18,2.82,2.82,2.7,2.7,229000
2012-05-22,2.81,2.88,2.7,2.7,53000
2012-05-23,2.7,2.7,2.42,2.66,217100
2012-05-24,2.66,2.74,2.66,2.71,70200
2012-05-25,2.75,2.75,2.66,2.66,7300
2012-05-28,2.6,2.65,2.59,2.65,30700
2012-05-29,2.69,2.72,2.63,2.66,89100
2012-05-30,2.7,2.7,2.55,2.58,60600
2012-05-31,2.55,2.6,2.55,2.6,93200
2012-06-01,2.55,2.57,2.47,2.52,173900
2012-06-04,2.47,2.49,2.43,2.44,67800
2012-06-05,2.43,2.48,2.43,2.48,89400
2012-06-06,2.46,2.53,2.46,2.5,32400
2012-06-07,2.51,2.56,2.47,2.47,45300
2012-06-08,2.48,2.48,2.4,2.47,70100
2012-06-11,2.44,2.46,2.35,2.4,113400
2012-06-12,2.4,2.42,2.06,2.3,2501800
2012-06-13,2.3,2.4,2.27,2.36,92900
2012-06-14,2.35,2.38,2.27,2.34,69200
2012-06-15,2.34,2.4,2.14,2.4,236800
2012-06-18,2.37,2.37,2.24,2.25,43300
2012-06-19,2.23,2.3,2.23,2.25,60000
2012-06-20,2.27,2.27,2.21,2.21,16300
2012-06-21,2.21,2.23,2.07,2.12,90200
2012-06-22,2.11,2.27,2.07,2.1,52400
2012-06-25,2.11,2.13,2.07,2.11,16000
2012-06-26,2.15,2.17,2.15,2.15,19300
2012-06-27,2.17,2.17,2.07,2.07,10800
2012-06-28,2.05,2.14,2,2.07,142400
2012-06-29,2.1,2.1,1.85,1.99,119300
2012-07-03,1.94,2.02,1.94,2.01,49000
2012-07-04,2,2,1.9,1.93,74100
2012-07-05,1.86,2.4,1.86,2.28,876400
2012-07-06,2.3,2.31,2.15,2.3,64600
2012-07-09,2.3,2.3,2.19,2.21,13800
2012-07-10,2.21,2.34,2.06,2.07,52000
2012-07-11,2.1,2.14,2.1,2.12,28700
2012-07-12,2.09,2.09,2.06,2.07,3900
2012-07-13,2.07,2.11,2,2.11,45700
2012-07-16,2.08,2.15,2.08,2.11,43800
2012-07-17,2.15,2.15,2.08,2.09,43900
2012-07-18,2.12,2.16,2.08,2.08,53900
2012-07-19,2.09,2.1,2.05,2.1,12300
2012-07-20,2.11,2.12,2.05,2.06,7500
2012-07-23,2.1,2.1,2.05,2.06,20700
2012-07-24,2.04,2.05,2.03,2.04,7400
2012-07-25,2.07,2.08,2.06,2.08,3500
2012-07-26,2.1,2.11,2.08,2.09,66300
2012-07-27,2.14,2.14,2.1,2.11,8800
2012-07-30,2.27,2.27,2.13,2.13,71700
2012-07-31,2.15,2.17,2.06,2.06,39200
2012-08-01,2.1,2.15,2.07,2.07,70900
2012-08-02,2.09,2.15,2.01,2.02,112700
2012-08-03,2.1,2.1,2.04,2.04,48000
2012-08-07,2.05,2.15,1.65,1.75,880300
2012-08-08,1.8,1.9,1.76,1.9,94800
2012-08-09,1.9,1.92,1.8,1.82,60000
2012-08-10,1.86,1.86,1.77,1.8,48400
2012-08-13,1.8,1.8,1.74,1.74,48500
2012-08-14,1.78,1.8,1.76,1.8,16100
2012-08-15,1.8,1.8,1.67,1.69,78400
2012-08-16,1.68,1.71,1.64,1.67,94000
2012-08-17,1.68,1.68,1.65,1.67,46800
2012-08-20,1.7,1.71,1.64,1.7,38100
2012-08-21,1.7,1.75,1.68,1.69,141000
2012-08-22,1.72,1.73,1.67,1.71,565900
2012-08-23,1.71,1.72,1.66,1.69,74600
2012-08-24,1.68,1.7,1.61,1.66,296700
2012-08-27,1.63,1.63,1.5,1.57,274900
2012-08-28,1.55,1.56,1.43,1.52,1365100
2012-08-29,1.55,1.65,1.48,1.64,103200
2012-08-30,1.71,1.77,1.65,1.76,333000
2012-08-31,1.81,1.88,1.78,1.84,209100
2012-09-04,1.84,1.84,1.79,1.79,52800
2012-09-05,1.78,1.8,1.74,1.8,50700
2012-09-06,1.8,1.8,1.78,1.8,46800
2012-09-07,1.8,1.85,1.73,1.85,337300
2012-09-10,1.88,1.93,1.88,1.92,49400
2012-09-11,1.92,1.98,1.9,1.91,79600
2012-09-12,1.92,1.96,1.86,1.92,707700
2012-09-13,1.93,1.96,1.91,1.96,53200
2012-09-14,1.99,2.07,1.96,2.02,94400
2012-09-17,2.08,2.14,2.06,2.1,67100
2012-09-18,2.12,2.12,2.04,2.04,45900
2012-09-19,2.02,2.1,2,2.03,106300
2012-09-20,2.07,2.07,2.02,2.07,160000
2012-09-21,2.05,2.07,2.02,2.03,114700
2012-09-24,2.06,2.06,1.97,1.98,420500
2012-09-25,1.98,2,1.95,1.95,92200
2012-09-26,1.94,2,1.94,2,98000
2012-09-27,2,2.06,2,2.06,254800
2012-09-28,2.09,2.22,2.09,2.13,70400
2012-10-01,2.19,2.19,2.16,2.19,22000
2012-10-02,2.25,2.25,2.2,2.21,16800
2012-10-03,2.18,2.18,2.12,2.14,26200
2012-10-04,2.23,2.23,2.11,2.11,12400
2012-10-05,2.09,2.09,2.07,2.07,8900
2012-10-09,2.06,2.09,2.04,2.06,16200
2012-10-10,2.07,2.11,2.05,2.1,28900
2012-10-11,2.14,2.14,2.06,2.06,29500
2012-10-12,2.1,2.1,2.07,2.1,6100
2012-10-15,2.09,2.25,2.05,2.16,150500
2012-10-16,2.22,2.24,2.17,2.18,43400
2012-10-17,2.23,2.3,2.21,2.3,132600
2012-10-18,2.3,2.3,2.23,2.27,44400
2012-10-19,2.3,2.3,2.24,2.27,36400
2012-10-22,2.24,2.44,2.24,2.33,133500
2012-10-23,2.33,2.33,2.22,2.27,35800
2012-10-24,2.3,2.3,2.2,2.28,24000
2012-10-25,2.29,2.29,2.22,2.27,18500
2012-10-26,2.26,2.26,2.12,2.21,236900
2012-10-29,2.25,2.3,2.24,2.3,85700
2012-10-30,2.3,2.3,2.16,2.22,50300
2012-10-31,2.23,2.29,2.15,2.2,64900
2012-11-01,2.24,2.24,2.15,2.19,14900
2012-11-02,2.19,2.25,2.16,2.18,172900
2012-11-05,2.21,2.22,2.15,2.22,63800
2012-11-06,2.21,2.25,2.12,2.21,315100
2012-11-07,2.21,2.21,2.07,2.11,61900
2012-11-08,2.15,2.21,2.06,2.09,160200
2012-11-09,2.08,2.14,2.06,2.1,288200
2012-11-12,2.09,2.12,2.09,2.11,24900
2012-11-13,2.1,2.11,2.09,2.11,47100
2012-11-14,2.1,2.13,2.1,2.11,39400
2012-11-15,2.1,2.15,2.1,2.13,54200
2012-11-16,2.15,2.17,2.13,2.16,83500
2012-11-19,2.17,2.3,2.06,2.3,352400
2012-11-20,2.32,2.55,2.32,2.52,272800
2012-11-21,2.59,2.71,2.54,2.68,169100
2012-11-22,2.8,2.8,2.62,2.67,73200
2012-11-23,2.67,2.67,2.51,2.51,34400
2012-11-26,2.51,2.51,2.35,2.44,254100
2012-11-27,2.41,2.66,2.41,2.66,87600
2012-11-28,2.72,2.72,2.54,2.65,50100
2012-11-29,2.61,2.71,2.59,2.69,159300
2012-11-30,2.68,2.89,2.66,2.8,1074600
2012-12-03,2.88,2.9,2.76,2.82,235800
2012-12-04,2.82,3.08,2.78,2.91,1158600
2012-12-05,2.91,2.96,2.7,2.74,990200
2012-12-06,2.71,2.84,2.63,2.74,58000
2012-12-07,2.79,2.8,2.75,2.78,31000
2012-12-10,2.87,2.93,2.8,2.84,59200
2012-12-11,2.85,2.85,2.78,2.8,107600
2012-12-12,2.83,2.86,2.74,2.8,119600
2012-12-13,2.8,2.8,2.72,2.77,45500
2012-12-14,2.76,2.83,2.73,2.8,159200
2012-12-17,2.83,2.83,2.74,2.82,737800
2012-12-18,2.82,2.83,2.75,2.79,88400
2012-12-19,2.79,2.8,2.73,2.76,86400
2012-12-20,2.73,2.78,2.6,2.71,235500
2012-12-21,2.65,2.73,2.62,2.62,298900
2012-12-24,2.6,2.72,2.51,2.59,52500
2012-12-27,2.7,2.7,2.53,2.64,81500
2012-12-28,2.63,2.65,2.54,2.6,32900
2012-12-31,2.65,2.77,2.57,2.68,213700
2013-01-02,2.78,2.8,2.6,2.73,117700
2013-01-03,2.75,2.75,2.6,2.61,71300
2013-01-04,2.61,2.69,2.58,2.62,156700
2013-01-07,2.68,2.69,2.57,2.58,143000
2013-01-08,2.57,2.6,2.54,2.55,79000
2013-01-09,2.53,2.56,2.48,2.52,226200
2013-01-10,2.5,2.5,2.4,2.41,97700
2013-01-11,2.4,2.4,2.2,2.37,635200
2013-01-14,2.32,2.41,2.25,2.26,164700
2013-01-15,2.25,2.27,2.2,2.24,128500
2013-01-16,2.26,2.34,2.2,2.33,158100
2013-01-17,2.35,2.35,2.3,2.32,43700
2013-01-18,2.38,2.4,2.33,2.4,58100
2013-01-21,2.33,2.35,2.3,2.33,11100
2013-01-22,2.3,2.38,2.3,2.38,40300
2013-01-23,2.33,2.42,2.33,2.38,53800
2013-01-24,2.39,2.39,2.28,2.32,67500
2013-01-25,2.41,2.49,2.32,2.44,154300
2013-01-28,2.44,2.47,2.31,2.33,192700
2013-01-29,2.42,2.42,2.29,2.3,112900
2013-01-30,2.3,2.34,2.29,2.3,24700
2013-01-31,2.28,2.28,2.19,2.27,151000
2013-02-01,2.27,2.3,2.25,2.3,60200
2013-02-04,2.28,2.32,2.19,2.22,76400
2013-02-05,2.25,2.25,2.16,2.21,49400
2013-02-06,2.24,2.24,2.19,2.19,28500
2013-02-07,2.25,2.25,2.18,2.2,125200
2013-02-08,2.19,2.36,2.19,2.29,86100
2013-02-11,2.4,2.52,2.39,2.49,260100
2013-02-12,2.54,2.54,2.45,2.47,259900
2013-02-13,2.47,2.49,2.42,2.45,68000
2013-02-14,2.44,2.47,2.42,2.45,58500
2013-02-15,2.43,2.47,2.42,2.45,130300
2013-02-19,2.42,2.53,2.42,2.51,296300
2013-02-20,2.49,2.5,2.44,2.49,285600
2013-02-21,2.46,2.47,2.4,2.46,74900
2013-02-22,2.45,2.45,2.34,2.39,104600
2013-02-25,2.33,2.36,2.31,2.35,39100
2013-02-26,2.32,2.41,2.32,2.4,109900
2013-02-27,2.37,2.47,2.37,2.41,81400
2013-02-28,2.45,2.46,2.41,2.45,60700
2013-03-01,2.45,2.47,2.38,2.45,143200
2013-03-04,2.43,2.46,2.42,2.42,54400
2013-03-05,2.43,2.46,2.42,2.45,97000
2013-03-06,2.45,2.46,2.38,2.4,68600
2013-03-07,2.41,2.42,2.39,2.42,11300
2013-03-08,2.41,2.44,2.39,2.43,18700
2013-03-11,2.38,2.52,2.37,2.46,95300
2013-03-12,2.41,2.48,2.41,2.44,43100
2013-03-13,2.42,2.43,2.38,2.4,67100
2013-03-14,2.4,2.4,2.3,2.32,80400
2013-03-15,2.31,2.36,2.18,2.36,367000
2013-03-18,2.32,2.32,2.23,2.27,56200
2013-03-19,2.26,2.29,2.26,2.29,132800
2013-03-20,2.3,2.44,2.27,2.34,58000
2013-03-21,2.27,2.3,2.24,2.28,217600
2013-03-22,2.27,2.33,2.25,2.28,25000
2013-03-25,2.25,2.27,2.22,2.24,254500
2013-03-26,2.24,2.24,2.16,2.19,56100
2013-03-27,2.18,2.21,2.07,2.2,78500
2013-03-28,2.18,2.19,2.02,2.14,56200
2013-04-01,2,2,1.56,1.56,680100
2013-04-02,1.58,1.65,1.53,1.57,497800
2013-04-03,1.63,1.63,1.54,1.6,439500
2013-04-04,1.62,1.62,1.56,1.59,38400
2013-04-05,1.62,1.63,1.57,1.61,37600
2013-04-08,1.67,1.69,1.64,1.66,40800
2013-04-09,1.69,1.89,1.67,1.77,270000
2013-04-10,1.81,1.95,1.78,1.92,62900
2013-04-11,1.95,1.95,1.85,1.85,15100
2013-04-12,1.81,1.83,1.8,1.82,21300
2013-04-15,1.8,1.87,1.74,1.74,30000
2013-04-16,1.77,1.88,1.77,1.86,931200
2013-04-17,1.86,1.91,1.82,1.86,36800
2013-04-18,1.92,1.96,1.87,1.89,20900
2013-04-19,1.97,1.97,1.85,1.86,21800
2013-04-22,1.9,1.93,1.87,1.93,14500
2013-04-23,1.93,1.93,1.89,1.92,87500
2013-04-24,1.92,1.93,1.85,1.9,71500
2013-04-25,1.9,1.91,1.9,1.9,9200
2013-04-26,1.9,1.9,1.9,1.9,0
2013-04-29,1.9,1.9,1.86,1.9,13700
2013-04-30,1.9,1.91,1.86,1.87,17000
2013-05-01,1.88,1.9,1.85,1.86,13800
2013-05-02,1.86,1.9,1.86,1.89,25600
2013-05-03,1.84,1.98,1.84,1.94,38100
2013-05-06,1.94,1.98,1.93,1.93,14300
2013-05-07,1.96,2.03,1.96,2.02,24300
2013-05-08,2,2.04,2,2.04,9200
2013-05-09,2.01,2.08,1.96,2.08,19200
2013-05-10,2.08,2.28,2.08,2.28,95100
2013-05-13,2.23,2.24,2.09,2.09,174800
2013-05-14,2.25,2.32,2.2,2.23,96800
2013-05-15,2.24,2.29,2.18,2.2,33100
2013-05-16,2.21,2.27,2.14,2.14,26500
2013-05-17,2.12,2.18,2.11,2.16,87500
2013-05-21,2.26,2.43,2.26,2.35,451900
2013-05-22,2.35,2.35,2.25,2.25,82000
2013-05-23,2.24,2.35,2.22,2.3,50000
2013-05-24,2.22,2.29,2.13,2.25,213100
2013-05-27,2.2,2.37,2.2,2.31,190100
2013-05-28,2.27,2.35,2.24,2.27,318400
2013-05-29,2.26,2.31,2.14,2.18,1014800
2013-05-30,2.19,2.2,2.11,2.14,96300
2013-05-31,2.14,2.18,2.08,2.12,748900
2013-06-03,2.16,2.17,2.11,2.15,44500
2013-06-04,2.16,2.18,2.13,2.17,20300
2013-06-05,2.13,2.18,2.09,2.15,110400
2013-06-06,2.17,2.21,2.17,2.21,2800
2013-06-07,2.2,2.24,2.2,2.21,10000
2013-06-10,2.22,2.22,2.15,2.22,617800
2013-06-11,2.17,2.24,2.17,2.23,18100
2013-06-12,2.25,2.34,2.23,2.23,44700
2013-06-13,2.29,2.35,2.28,2.35,25500
2013-06-14,2.31,2.33,2.27,2.33,20600
2013-06-17,2.35,2.62,2.34,2.55,156300
2013-06-18,2.52,2.91,2.51,2.88,555600
2013-06-19,2.84,2.99,2.84,2.94,155600
2013-06-20,2.85,2.89,2.62,2.86,151400
2013-06-21,2.8,3,2.8,3,618200
2013-06-24,2.92,2.92,2.79,2.85,220300
2013-06-25,2.86,2.93,2.85,2.93,32600
2013-06-26,2.94,2.95,2.8,2.84,171100
2013-06-27,2.9,2.9,2.75,2.78,23900
2013-06-28,2.76,2.88,2.6,2.6,90600
2013-07-02,2.67,2.78,2.55,2.62,46300
2013-07-03,2.63,2.65,2.48,2.6,59800
2013-07-04,2.63,2.65,2.5,2.57,126100
2013-07-05,2.55,2.57,2.51,2.57,5500
2013-07-08,2.61,2.92,2.6,2.87,122600
2013-07-09,2.88,2.88,2.59,2.62,96800
2013-07-10,2.63,2.73,2.45,2.7,121900
2013-07-11,2.71,2.79,2.54,2.68,37500
2013-07-12,2.65,2.77,2.6,2.71,31700
2013-07-15,2.71,2.73,2.65,2.69,43900
2013-07-16,2.72,2.79,2.64,2.75,114300
2013-07-17,2.74,2.75,2.61,2.69,97600
2013-07-18,2.7,2.73,2.65,2.65,122700
2013-07-19,2.68,2.68,2.61,2.64,41300
2013-07-22,2.66,2.75,2.59,2.63,2059000
2013-07-23,2.61,2.72,2.6,2.71,73100
2013-07-24,2.73,2.79,2.67,2.72,190200
2013-07-25,2.66,2.67,2.57,2.6,119800
2013-07-26,2.58,2.59,2.49,2.55,74700
2013-07-29,2.55,2.6,2.55,2.6,15100
2013-07-30,2.57,2.62,2.57,2.58,14700
2013-07-31,2.58,2.58,2.16,2.2,550100
2013-08-01,2.25,2.27,2.11,2.15,559300
2013-08-02,2.14,2.34,2.09,2.25,458600
2013-08-06,2.27,2.3,2.18,2.21,44200
2013-08-07,2.24,2.28,2.15,2.26,17100
2013-08-08,2.25,2.25,2.15,2.16,67600
2013-08-09,2.15,2.16,2.1,2.13,30000
2013-08-12,2.11,2.25,2.06,2.21,2613800
2013-08-13,2.25,2.32,2.17,2.3,75400
2013-08-14,2.27,2.33,2.26,2.3,46300
2013-08-15,2.26,2.29,2.23,2.27,45300
2013-08-16,2.27,2.3,2.23,2.3,27700
2013-08-19,2.3,2.39,2.28,2.31,60500
2013-08-20,2.31,2.31,2.26,2.3,166400
2013-08-21,2.27,2.3,2.25,2.25,67000
2013-08-22,2.21,2.23,2.16,2.19,21400
2013-08-23,2.18,2.22,2.16,2.19,7500
2013-08-26,2.25,2.26,2.17,2.17,19800
2013-08-27,2.17,2.17,2.04,2.1,63200
2013-08-28,2.13,2.21,2.13,2.18,19900
2013-08-29,2.21,2.23,2.17,2.22,29500
2013-08-30,2.2,2.28,2.2,2.25,8500
2013-09-03,2.25,2.3,2.25,2.29,9500
2013-09-04,2.27,2.3,2.27,2.27,42600
2013-09-05,2.25,2.31,2.25,2.31,88100
2013-09-06,2.28,2.3,2.2,2.26,28800
2013-09-09,2.23,2.24,2.2,2.2,26600
2013-09-10,2.24,2.24,2.2,2.24,10700
2013-09-11,2.24,2.24,2.21,2.23,11200
2013-09-12,2.21,2.22,2.2,2.21,45100
2013-09-13,2.22,2.29,2.22,2.28,7400
2013-09-16,2.33,2.33,2.28,2.3,130200
2013-09-17,2.28,2.33,2.24,2.3,145500
2013-09-18,2.25,2.33,2.25,2.32,78900
2013-09-19,2.32,2.35,2.26,2.29,69300
2013-09-20,2.23,3.27,2.23,2.61,950700
2013-09-23,2.45,2.57,2.35,2.55,111300
2013-09-24,2.55,2.61,2.46,2.58,59200
2013-09-25,2.56,2.56,2.37,2.42,46800
2013-09-26,2.41,2.56,2.4,2.43,42500
2013-09-27,2.42,2.45,2.35,2.37,47000
2013-09-30,2.37,2.6,2.37,2.53,91100
2013-10-01,2.54,2.63,2.41,2.63,112600
2013-10-02,2.61,2.8,2.59,2.79,393300
2013-10-03,2.75,2.8,2.67,2.76,119600
2013-10-04,2.73,2.8,2.67,2.74,28500
2013-10-07,2.71,2.74,2.65,2.72,16200
2013-10-08,2.71,2.74,2.5,2.66,79100
2013-10-09,2.62,2.64,2.5,2.62,42200
2013-10-10,2.62,2.66,2.47,2.51,73400
2013-10-11,2.51,2.6,2.51,2.6,45500
2013-10-15,2.5,2.6,2.5,2.6,32900
2013-10-16,2.57,2.58,2.43,2.56,23500
2013-10-17,2.57,2.78,2.53,2.78,85900
2013-10-18,2.6,2.67,2.56,2.6,402200
2013-10-21,2.59,2.96,2.59,2.81,207600
2013-10-22,2.76,3.06,2.75,3,167400
2013-10-23,3,3.25,3,3.18,394000
2013-10-24,3.18,3.24,3,3.22,141600
2013-10-25,3.24,3.26,3.06,3.06,67800
2013-10-28,3.12,3.12,2.76,2.79,207200
2013-10-29,2.84,2.9,2.78,2.83,43900
2013-10-30,2.8,2.9,2.78,2.8,55900
2013-10-31,2.79,2.8,2.7,2.73,103700
2013-11-01,2.75,2.75,2.61,2.68,69000
2013-11-04,2.65,3.02,2.65,2.96,113900
2013-11-05,2.97,3.19,2.92,3.08,125100
2013-11-06,3,3.05,2.89,3.03,89600
2013-11-07,2.98,3.03,2.81,2.83,70100
2013-11-08,2.93,2.93,2.66,2.8,161000
2013-11-11,2.88,2.89,2.8,2.82,26300
2013-11-12,2.72,2.82,2.6,2.69,118600
2013-11-13,2.69,2.8,2.6,2.77,49700
2013-11-14,2.76,3,2.76,2.96,107400
2013-11-15,2.98,2.99,2.94,2.95,28400
2013-11-18,2.95,2.95,2.83,2.91,55100
2013-11-19,2.88,2.95,2.8,2.88,31100
2013-11-20,2.87,2.87,2.72,2.82,110900
2013-11-21,2.85,3.12,2.85,3.02,107300
2013-11-22,3.04,3.07,2.95,2.99,45300
2013-11-25,2.96,2.96,2.83,2.91,16400
2013-11-26,2.88,2.89,2.8,2.85,72400
2013-11-27,2.85,2.92,2.81,2.92,14800
2013-11-28,2.94,2.97,2.9,2.94,7400
2013-11-29,2.96,3,2.94,2.98,19800
2013-12-02,2.98,3.1,2.98,2.98,64600
2013-12-03,2.96,2.97,2.86,2.96,75800
2013-12-04,2.97,2.97,2.86,2.94,86300
2013-12-05,2.9,2.93,2.9,2.9,30800
2013-12-06,2.91,2.94,2.57,2.61,135500
2013-12-09,2.6,2.71,2.45,2.47,313500
2013-12-10,2.5,2.5,2.34,2.44,242100
2013-12-11,2.42,2.52,2.34,2.39,185900
2013-12-12,2.4,2.42,2.35,2.37,57100
2013-12-13,2.39,2.4,2.36,2.4,135500
2013-12-16,2.41,2.41,2.26,2.34,270000
2013-12-17,2.32,2.34,2.27,2.3,205600
2013-12-18,2.28,2.33,2.16,2.19,216000
2013-12-19,2.17,2.32,2.02,2.3,383400
2013-12-20,2.32,2.34,2.2,2.21,1489400
2013-12-23,2.25,2.47,2.21,2.37,519800
2013-12-24,2.42,2.47,2.35,2.37,64800
2013-12-27,2.36,2.43,2.35,2.39,58300
2013-12-30,2.4,2.47,2.37,2.41,23200
2013-12-31,2.41,2.41,2.35,2.38,22300
2014-01-02,2.4,2.46,2.35,2.45,83900
2014-01-03,2.49,2.6,2.44,2.6,55400
2014-01-06,2.6,2.66,2.55,2.6,119200
2014-01-07,2.62,2.66,2.57,2.61,45400
2014-01-08,2.63,2.67,2.56,2.67,61600
2014-01-09,2.65,2.65,2.54,2.59,158400
2014-01-10,2.61,2.64,2.56,2.61,36300
2014-01-13,2.56,2.66,2.52,2.54,83700
2014-01-14,2.49,2.56,2.4,2.51,105300
2014-01-15,2.58,2.66,2.53,2.65,87100
2014-01-16,2.63,2.77,2.63,2.71,115700
2014-01-17,2.69,2.83,2.69,2.79,86900
2014-01-20,2.8,2.96,2.75,2.95,79100
2014-01-21,2.94,2.95,2.82,2.82,46500
2014-01-22,2.8,2.86,2.75,2.79,46400
2014-01-23,2.81,2.92,2.71,2.82,60800
2014-01-24,2.8,2.85,2.69,2.77,317700
2014-01-27,2.85,2.85,2.68,2.73,74600
2014-01-28,2.7,2.76,2.67,2.73,47700
2014-01-29,2.72,2.72,2.6,2.66,44900
2014-01-30,2.66,2.75,2.64,2.75,11400
2014-01-31,2.71,2.79,2.71,2.79,15000
2014-02-03,2.83,2.83,2.69,2.75,32800
2014-02-04,2.7,2.7,2.61,2.63,35200
2014-02-05,2.65,2.74,2.6,2.65,24100
2014-02-06,2.65,2.73,2.61,2.71,30000
2014-02-07,2.7,2.84,2.7,2.84,144100
2014-02-10,2.85,2.85,2.74,2.82,119600
2014-02-11,2.84,2.84,2.7,2.81,47800
2014-02-12,2.79,2.83,2.78,2.8,6300
2014-02-13,2.8,2.89,2.74,2.8,128600
2014-02-14,2.8,3,2.8,3,126700
2014-02-18,2.98,3,2.9,3,34800
2014-02-19,2.97,3.09,2.95,2.98,129700
2014-02-20,2.96,3.03,2.96,3.01,42200
2014-02-21,3.04,3.17,3.02,3.11,164100
2014-02-24,3.14,3.2,3.01,3.12,151200
2014-02-25,3.07,3.16,3.05,3.05,39600
2014-02-26,3.2,3.78,3.2,3.71,3378500
2014-02-27,3.65,4.12,3.61,4.05,2211700
2014-02-28,3.95,4.03,3.88,3.92,443100
2014-03-03,3.93,3.93,3.75,3.76,141300
2014-03-04,3.8,3.95,3.8,3.9,146500
2014-03-05,3.9,3.93,3.82,3.92,119500
2014-03-06,3.91,3.97,3.88,3.92,94700
2014-03-07,3.9,3.96,3.82,3.88,320900
2014-03-10,3.9,3.99,3.76,3.97,365800
2014-03-11,4,4,3.85,3.85,38200
2014-03-12,3.86,3.86,3.74,3.75,137000
2014-03-13,3.84,3.84,3.72,3.8,222700
2014-03-14,3.75,3.92,3.75,3.9,91300
2014-03-17,3.87,3.93,3.83,3.87,221300
2014-03-18,3.83,3.92,3.82,3.89,224500
2014-03-19,3.9,3.95,3.83,3.87,215700
2014-03-20,3.83,3.92,3.83,3.9,118600
2014-03-21,3.87,3.91,3.63,3.66,380900
2014-03-24,3.79,3.87,3.72,3.85,124300
2014-03-25,3.87,3.89,3.74,3.77,133300
2014-03-26,3.84,3.9,3.82,3.86,314000
2014-03-27,3.85,3.88,3.79,3.86,24500
2014-03-28,3.9,3.95,3.68,3.81,233800
2014-03-31,3.81,3.84,3.76,3.82,44600
2014-04-01,3.8,3.93,3.8,3.91,47600
2014-04-02,3.94,3.94,3.89,3.93,68300
2014-04-03,3.92,4,3.89,4,106900
2014-04-04,4,4.31,3.99,4.3,314900
2014-04-07,4.31,4.42,4.28,4.35,364900
2014-04-08,4.34,4.74,4.34,4.56,661100
2014-04-09,4.57,4.83,4.56,4.65,1969200
2014-04-10,4.7,4.76,4.46,4.52,1132600
2014-04-11,4.5,4.69,4.5,4.54,140900
2014-04-14,4.6,4.65,4.4,4.46,175200
2014-04-15,4.47,4.5,4.31,4.45,277700
2014-04-16,4.42,4.57,4.42,4.52,166500
2014-04-17,4.6,4.83,4.6,4.68,328900
2014-04-21,4.76,4.82,4.7,4.79,219900
2014-04-22,4.75,4.81,4.67,4.77,966700
2014-04-23,4.8,4.9,4.74,4.84,201000
2014-04-24,4.89,5.05,4.83,5.02,302000
2014-04-25,5.06,5.11,4.96,5,149100
2014-04-28,5.05,5.05,4.86,4.91,265700
2014-04-29,4.88,4.9,4.79,4.81,375200
2014-04-30,4.78,4.83,4.75,4.83,98800
2014-05-01,4.84,5.01,4.82,5.01,843900
2014-05-02,5.04,5.05,4.93,4.96,541800
2014-05-05,4.98,5.03,4.91,4.95,120700
2014-05-06,4.96,5.06,4.9,4.99,403900
2014-05-07,4.86,4.91,4.22,4.64,764200
2014-05-08,4.58,4.84,4.58,4.63,195400
2014-05-09,4.59,4.59,4.27,4.4,232500
2014-05-12,4.45,4.57,4.35,4.55,77200
2014-05-13,4.52,4.61,4.48,4.57,158100
2014-05-14,4.53,4.64,4.53,4.55,49600
2014-05-15,4.58,4.58,4.41,4.48,125400
2014-05-16,4.51,4.51,4.31,4.39,89700
2014-05-20,4.39,4.45,4.26,4.33,497600
2014-05-21,4.36,4.45,4.3,4.41,79700
2014-05-22,4.41,4.6,4.41,4.52,22900
2014-05-23,4.57,4.67,4.57,4.6,68000
2014-05-26,4.55,4.7,4.55,4.67,13700
2014-05-27,4.7,4.78,4.67,4.71,94000
2014-05-28,4.85,4.99,4.75,4.76,266600
2014-05-29,4.65,4.65,4.14,4.31,498900
2014-05-30,4.26,4.32,4.13,4.27,150800
2014-06-02,4.3,4.35,4.28,4.34,111900
2014-06-03,4.37,4.37,4.16,4.18,161400
2014-06-04,4.18,4.39,4.1,4.35,519700
2014-06-05,4.34,4.34,4.19,4.3,136200
2014-06-06,4.28,4.34,4.26,4.32,157200
2014-06-09,4.32,4.32,4.2,4.28,56100
2014-06-10,4.28,4.28,4.13,4.2,187800
2014-06-11,4.21,4.21,4.14,4.15,32300
2014-06-12,4.19,4.19,3.93,4.02,206000
2014-06-13,3.98,4.02,3.91,3.97,113700
2014-06-16,3.92,4.15,3.92,4.13,390100
2014-06-17,4.09,4.17,4.08,4.13,210700
2014-06-18,4.15,4.22,4.1,4.14,133600
2014-06-19,4.13,4.17,4.12,4.12,234400
2014-06-20,4.15,4.16,3.93,3.96,472100
2014-06-23,3.96,4.05,3.96,4.03,83300
2014-06-24,4.01,4.18,4.01,4.09,121500
2014-06-25,4.15,4.16,4.08,4.1,105700
2014-06-26,4.1,4.14,4.06,4.07,57800
2014-06-27,4.1,4.15,4.02,4.04,66000
2014-06-30,4.03,4.13,4.03,4.08,40300
2014-07-02,4.08,4.09,4.03,4.05,96200
2014-07-03,4.09,4.14,4.03,4.12,46800
2014-07-04,4.08,4.15,4.08,4.11,38600
2014-07-07,4.1,4.1,4.02,4.03,44600
2014-07-08,4.06,4.07,3.88,3.91,144200
2014-07-09,3.91,3.94,3.77,3.83,121000
2014-07-10,3.8,3.82,3.7,3.74,118800
2014-07-11,3.67,3.75,3.67,3.7,44200
2014-07-14,3.66,3.71,3.66,3.68,24500
2014-07-15,3.7,3.71,3.63,3.65,37100
2014-07-16,3.63,3.63,3.56,3.58,87900
2014-07-17,3.57,3.58,3.49,3.52,100900
2014-07-18,3.5,3.77,3.5,3.71,398900
2014-07-21,3.81,3.81,3.68,3.68,65900
2014-07-22,3.68,3.9,3.65,3.78,43000
2014-07-23,3.81,3.85,3.8,3.83,81900
2014-07-24,3.82,3.83,3.72,3.72,39200
2014-07-25,3.73,3.76,3.64,3.76,50700
2014-07-28,3.8,3.94,3.8,3.85,85500
2014-07-29,3.9,3.9,3.76,3.82,60200
2014-07-30,3.9,3.91,3.72,3.75,200400
2014-07-31,3.74,3.79,3.6,3.78,92200
2014-08-01,3.79,3.79,3.62,3.72,66300
2014-08-05,3.87,3.91,3.79,3.82,130300
2014-08-06,3.85,3.9,3.65,3.68,168800
2014-08-07,3.8,3.84,3.64,3.65,108700
2014-08-08,3.64,3.64,3.16,3.26,340000
2014-08-11,3.4,3.4,3.25,3.3,322300
2014-08-12,3.29,3.29,3.2,3.24,190300
2014-08-13,3.25,3.49,3.21,3.37,1401700
2014-08-14,3.38,3.43,3.28,3.33,94100
2014-08-15,3.3,3.4,3.25,3.39,345800
2014-08-18,3.43,3.49,3.33,3.37,75500
2014-08-19,3.35,3.4,3.29,3.4,53800
2014-08-20,3.39,3.47,3.38,3.46,54800
2014-08-21,3.46,3.63,3.45,3.57,125200
2014-08-22,3.57,3.69,3.57,3.65,155800
2014-08-25,3.66,3.75,3.64,3.74,127800
2014-08-26,3.72,3.82,3.7,3.76,110800
2014-08-27,3.72,3.83,3.72,3.8,84400
2014-08-28,3.77,3.79,3.64,3.66,130800
2014-08-29,3.74,3.74,3.53,3.56,80900
2014-09-02,3.59,3.62,3.52,3.52,43000
2014-09-03,3.51,3.61,3.51,3.54,57400
2014-09-04,3.53,3.62,3.46,3.46,106800
2014-09-05,3.46,3.51,3.43,3.45,90900
2014-09-08,3.43,3.46,3.3,3.37,105400
2014-09-09,3.36,3.4,3.31,3.32,67100
2014-09-10,3.35,3.35,3.29,3.3,57800
2014-09-11,3.31,3.34,3.27,3.32,74700
2014-09-12,3.33,3.39,3.3,3.39,31700
2014-09-15,3.4,3.45,3.33,3.34,62600
2014-09-16,3.35,3.39,3.29,3.33,51600
2014-09-17,3.33,3.34,3.02,3.07,207100
2014-09-18,3.05,3.16,3.02,3.03,108800
2014-09-19,3.04,3.1,2.87,2.91,309800
2014-09-22,2.93,2.99,2.85,2.96,616600
2014-09-23,2.99,2.99,2.86,2.89,67500
2014-09-24,2.86,2.94,2.85,2.93,615800
2014-09-25,2.92,2.94,2.84,2.88,107500
2014-09-26,2.9,3.08,2.87,3.08,81900
2014-09-29,2.98,3.08,2.98,3.01,81800
2014-09-30,3.03,3.03,2.9,2.95,437500
2014-10-01,3.04,3.04,2.84,2.88,59400
2014-10-02,2.96,2.96,2.77,2.88,59100
2014-10-03,2.94,2.95,2.81,2.82,105400
2014-10-06,2.83,2.88,2.7,2.78,107900
2014-10-07,2.77,2.77,2.65,2.74,74100
2014-10-08,2.74,2.74,2.65,2.69,95900
2014-10-09,2.67,2.67,2.58,2.64,60900
2014-10-10,2.62,2.69,2.6,2.64,36800
2014-10-14,2.6,2.79,2.58,2.7,68900
2014-10-15,2.64,2.65,2.5,2.54,1042800
2014-10-16,2.54,2.68,2.5,2.6,121700
2014-10-17,2.7,2.7,2.6,2.66,81000
2014-10-20,2.68,2.68,2.6,2.61,120200
2014-10-21,2.65,2.71,2.64,2.7,70000
2014-10-22,2.68,2.68,2.6,2.61,29900
2014-10-23,2.64,2.64,2.57,2.62,43700
2014-10-24,2.62,2.62,2.55,2.58,55900
2014-10-27,2.58,2.6,2.52,2.59,137300
2014-10-28,2.58,2.6,2.56,2.58,49700
2014-10-29,2.57,2.59,2.51,2.53,34900
2014-10-30,2.54,2.54,2.45,2.48,31400
2014-10-31,2.42,2.52,2.39,2.42,122100
2014-11-03,2.39,2.49,2.14,2.19,155700
2014-11-04,2.21,2.28,2.19,2.2,95700
2014-11-05,2.25,2.36,2.16,2.31,159400
2014-11-06,2.43,2.43,2.15,2.2,187200
2014-11-07,2.25,2.31,2.21,2.31,184100
2014-11-10,2.37,2.37,2.25,2.27,103300
2014-11-11,2.25,2.28,2.22,2.26,54700
2014-11-12,2.33,2.33,2.22,2.27,87400
2014-11-13,2.25,2.27,2.06,2.1,132800
2014-11-14,2.11,2.22,2.08,2.2,149000
2014-11-17,2.26,2.31,2.19,2.19,70300
2014-11-18,2.25,2.25,2.16,2.2,476900
2014-11-19,2.29,2.42,2.24,2.33,194000
2014-11-20,2.37,2.44,2.28,2.39,242000
2014-11-21,2.48,2.52,2.42,2.46,199500
2014-11-24,2.6,2.62,2.46,2.49,182600
2014-11-25,2.5,2.5,2.43,2.45,72500
2014-11-26,2.55,2.55,2.41,2.42,131000
2014-11-27,2.45,2.45,2.29,2.38,120400
2014-11-28,2.34,2.4,2.34,2.39,47100
2014-12-01,2.39,2.4,2.32,2.33,88000
2014-12-02,2.32,2.35,2.2,2.23,208500
2014-12-03,2.2,2.24,2.11,2.13,540500
2014-12-04,2.14,2.14,2.02,2.06,152500
2014-12-05,2.09,2.22,2.06,2.19,205300
2014-12-08,2.28,2.28,2.18,2.22,134900
2014-12-09,2.2,2.26,2.11,2.23,113200
2014-12-10,2.23,2.24,2.15,2.16,105700
2014-12-11,2.27,2.33,2.17,2.2,173400
2014-12-12,2.2,2.25,2.08,2.15,142200
2014-12-15,2.12,2.25,2.1,2.12,168600
2014-12-16,2.1,2.2,2.07,2.17,205600
2014-12-17,2.15,2.26,2.15,2.22,206700
2014-12-18,2.29,2.33,2.23,2.26,300500
2014-12-19,2.29,2.48,2.28,2.37,414700
2014-12-22,2.43,2.45,2.27,2.33,141700
2014-12-23,2.32,2.48,2.32,2.41,68300
2014-12-24,2.41,2.47,2.38,2.45,42500
2014-12-29,2.41,2.47,2.37,2.44,50800
2014-12-30,2.48,2.48,2.43,2.46,39300
2014-12-31,2.49,2.49,2.45,2.47,37000
2015-01-02,2.48,2.49,2.37,2.42,66200
2015-01-05,2.39,2.4,2.32,2.34,27000
2015-01-06,2.34,2.35,2.26,2.29,46900
2015-01-07,2.3,2.42,2.3,2.42,31700
2015-01-08,2.43,2.49,2.34,2.46,82000
2015-01-09,2.42,2.45,2.36,2.4,49600
2015-01-12,2.4,2.43,2.27,2.3,76600
2015-01-13,2.29,2.34,2.18,2.24,125600
2015-01-14,2.2,2.27,2.19,2.24,34100
2015-01-15,2.28,2.28,2.17,2.18,55800
2015-01-16,2.21,2.3,2.2,2.27,32800
2015-01-19,2.25,2.32,2.22,2.32,34900
2015-01-20,2.35,2.37,2.23,2.25,87500
2015-01-21,2.25,2.28,2.23,2.26,19400
2015-01-22,2.3,2.34,2.26,2.3,46800
2015-01-23,2.32,2.32,2.25,2.29,39600
2015-01-26,2.29,2.38,2.29,2.36,41300
2015-01-27,2.4,2.4,2.26,2.38,163800
2015-01-28,2.4,2.4,2.29,2.3,25800
2015-01-29,2.31,2.36,2.25,2.36,36100
2015-01-30,2.31,2.32,2.25,2.28,42400
2015-02-02,2.25,2.32,2.25,2.26,85600
2015-02-03,2.29,2.31,2.26,2.28,159400
2015-02-04,2.29,2.33,2.25,2.3,25700
2015-02-05,2.3,2.34,2.28,2.3,45900
2015-02-06,2.31,2.31,2.26,2.29,254600
2015-02-09,2.31,2.34,2.28,2.34,144400
2015-02-10,2.3,2.36,2.29,2.35,110400
2015-02-11,2.36,2.38,2.3,2.35,104100
2015-02-12,2.33,2.5,2.32,2.49,99100
2015-02-13,2.5,2.65,2.47,2.62,128700
2015-02-17,2.66,2.69,2.58,2.59,104200
2015-02-18,2.65,2.8,2.62,2.71,74900
2015-02-19,2.75,2.75,2.6,2.67,42900
2015-02-20,2.68,2.68,2.62,2.64,18000
2015-02-23,2.63,2.63,2.45,2.55,62300
2015-02-24,2.52,2.65,2.52,2.63,32800
2015-02-25,2.4,2.67,2.32,2.51,285300
2015-02-26,2.35,2.5,2.35,2.4,107800
2015-02-27,2.42,2.45,2.3,2.3,54500
2015-03-02,2.3,2.39,2.23,2.36,90200
2015-03-03,2.38,2.47,2.32,2.33,206900
2015-03-04,2.3,2.4,2.28,2.37,44700
2015-03-05,2.38,2.38,2.24,2.29,52200
2015-03-06,2.26,2.33,2.25,2.31,445900
2015-03-09,2.25,2.3,2.24,2.26,129800
2015-03-10,2.24,2.24,2.19,2.21,303000
2015-03-11,2.18,2.26,2.18,2.23,284900
2015-03-12,2.23,2.32,2.22,2.29,220200
2015-03-13,2.31,2.31,2.21,2.23,187900
2015-03-16,2.2,2.21,2.07,2.07,172700
2015-03-17,2.07,2.13,2.02,2.03,147600
2015-03-18,2.02,2.13,2.02,2.11,153100
2015-03-19,2.14,2.16,2.09,2.15,237000
2015-03-20,2.15,2.42,2.12,2.42,548500
2015-03-23,2.2,2.34,2.15,2.26,196400
2015-03-24,2.28,2.31,2.25,2.29,34700
2015-03-25,2.39,2.39,2.26,2.3,200600
2015-03-26,2.29,2.3,2.23,2.25,41200
2015-03-27,2.26,2.26,2.12,2.13,77100
2015-03-30,2.19,2.19,2.08,2.15,63800
2015-03-31,2.19,2.19,2.14,2.15,64700
2015-04-01,2.17,2.17,2.1,2.13,40300
2015-04-02,2.14,2.17,2.13,2.17,31600
2015-04-06,2.18,2.18,2.11,2.14,27200
2015-04-07,2.14,2.14,2.08,2.11,125700
2015-04-08,2.08,2.17,2.08,2.15,20800
2015-04-09,2.11,2.11,2.07,2.07,88600
2015-04-10,2.1,2.13,2.07,2.1,62100
2015-04-13,2.09,2.13,2.06,2.08,34600
2015-04-14,2.09,2.1,2.06,2.08,65200
2015-04-15,2.08,2.13,2.07,2.09,68300
2015-04-16,2.09,2.1,2.06,2.09,25500
2015-04-17,2.1,2.12,2.06,2.1,117200
2015-04-20,2.11,2.13,2.11,2.12,33100
2015-04-21,2.12,2.12,2.05,2.07,85100
2015-04-22,2.06,2.07,2.03,2.04,110000
2015-04-23,2.02,2.05,2.01,2.04,56300
2015-04-24,2.04,2.08,2.03,2.04,103900
2015-04-27,2.04,2.05,2.02,2.03,144000
2015-04-28,2.04,2.04,2.01,2.02,25500
2015-04-29,2.03,2.04,2.02,2.03,39400
2015-04-30,2.04,2.05,2.01,2.03,61200
2015-05-01,2.02,2.04,2.01,2.02,115400
2015-05-04,2.05,2.08,2.03,2.07,64400
2015-05-05,2.1,2.1,2.05,2.05,119100
2015-05-06,1.94,1.94,1.36,1.68,838800
2015-05-07,1.65,1.65,1.57,1.6,143100
2015-05-08,1.62,1.66,1.55,1.62,118500
2015-05-11,1.66,1.66,1.51,1.56,128500
2015-05-12,1.53,1.57,1.51,1.54,85800
2015-05-13,1.54,1.58,1.54,1.56,53500
2015-05-14,1.58,1.58,1.55,1.57,34200
2015-05-15,1.57,1.6,1.56,1.6,38300
2015-05-19,1.6,1.61,1.52,1.52,129400
2015-05-20,1.55,1.55,1.47,1.49,132000
2015-05-21,1.5,1.5,1.43,1.45,124300
2015-05-22,1.44,1.44,1.38,1.4,106100
2015-05-25,1.42,1.5,1.42,1.49,46300
2015-05-26,1.46,1.46,1.41,1.42,100000
2015-05-27,1.4,1.41,1.26,1.26,438400
2015-05-28,1.27,1.32,1.18,1.24,234900
2015-05-29,1.27,1.27,1.2,1.24,99800
2015-06-01,1.28,1.28,1.22,1.24,57500
2015-06-02,1.29,1.29,1.22,1.25,67300
2015-06-03,1.25,1.25,1.21,1.21,63500
2015-06-04,1.23,1.26,1.21,1.24,22200
2015-06-05,1.24,1.33,1.24,1.28,92700
2015-06-08,1.28,1.35,1.24,1.24,58400
2015-06-09,1.27,1.3,1.26,1.28,76800
2015-06-10,1.27,1.3,1.27,1.27,30000
2015-06-11,1.26,1.29,1.23,1.23,39500
2015-06-12,1.22,1.27,1.2,1.23,109600
2015-06-15,1.27,1.3,1.25,1.26,124400
2015-06-16,1.28,1.28,1.2,1.21,264600
2015-06-17,1.24,1.31,1.2,1.22,243900
2015-06-18,1.23,1.25,1.2,1.2,111800
2015-06-19,1.21,1.21,1.05,1.08,524900
2015-06-22,1.12,1.13,1.08,1.1,178800
2015-06-23,1.1,1.1,1.05,1.08,181800
2015-06-24,1.08,1.1,1.02,1.07,96400
2015-06-25,1.08,1.1,1.05,1.09,308900
2015-06-26,1.1,1.2,1.07,1.2,343900
2015-06-29,1.19,1.23,1.16,1.19,98000
2015-06-30,1.2,1.21,1.12,1.21,177800
2015-07-02,1.23,1.23,1.12,1.13,39200
2015-07-03,1.13,1.14,1.11,1.13,15700
2015-07-06,1.1,1.12,1.09,1.11,25800
2015-07-07,1.11,1.14,1.11,1.14,41900
2015-07-08,1.14,1.15,1.09,1.1,165000
2015-07-09,1.1,1.11,1.09,1.09,33100
2015-07-10,1.1,1.11,1.08,1.09,10600
2015-07-13,1.12,1.12,0.99,1.03,142200
2015-07-14,1.04,1.11,1.03,1.09,50200
2015-07-15,1.07,1.08,1.03,1.05,65000
2015-07-16,1.04,1.07,1.04,1.07,15300
2015-07-17,1.06,1.09,1.03,1.08,40800
2015-07-20,1.08,1.08,1.04,1.04,25100
2015-07-21,1.04,1.09,1.03,1.06,44100
2015-07-22,1.07,1.09,1,1.03,27600
2015-07-23,1.03,1.07,1.03,1.07,41800
2015-07-24,1.05,1.05,1.04,1.04,6700
2015-07-27,1.04,1.08,0.99,0.99,814300
2015-07-28,1.03,1.08,1.03,1.03,122000
2015-07-29,1.04,1.05,1.03,1.05,16600
2015-07-30,1.06,1.06,0.99,0.99,46300
2015-07-31,1.01,1.01,0.96,0.96,36900
2015-08-04,1.07,1.07,1.03,1.06,49600
2015-08-05,1.02,1.17,0.92,1.08,202400
2015-08-06,1.08,1.11,1.05,1.05,1028900
2015-08-07,1.14,1.14,1.04,1.04,67400
2015-08-10,1.04,1.06,1,1.04,37800
2015-08-11,1.08,1.12,1,1.07,2389000
2015-08-12,1.08,1.1,1.06,1.09,20200
2015-08-13,1.12,1.13,1.1,1.1,84700
2015-08-14,1.12,1.16,1.12,1.15,83700
2015-08-17,1.17,1.17,1.13,1.15,75200
2015-08-18,1.13,1.13,1.09,1.1,16500
2015-08-19,1.06,1.06,1,1.02,331100
2015-08-20,1.02,1.06,1.02,1.05,23200
2015-08-21,1.06,1.06,1.02,1.02,42100
2015-08-24,1.02,1.04,0.95,1.01,143900
2015-08-25,1.01,1.03,1,1.01,9200
2015-08-26,0.99,1.03,0.99,1,30600
2015-08-27,1,1.04,1,1.03,65900
2015-08-28,1.05,1.17,1.03,1.16,137000
2015-08-31,1.18,1.41,1.18,1.34,237000
2015-09-01,1.31,1.32,1.25,1.3,34900
2015-09-02,1.23,1.31,1.23,1.25,13900
2015-09-03,1.28,1.37,1.24,1.36,47500
2015-09-04,1.33,1.41,1.22,1.29,53100
2015-09-08,1.27,1.41,1.27,1.41,37700
2015-09-09,1.4,1.49,1.38,1.39,125100
2015-09-10,1.42,1.46,1.38,1.44,100600
2015-09-11,1.43,1.47,1.39,1.42,42200
2015-09-14,1.45,1.45,1.3,1.33,42100
2015-09-15,1.3,1.3,1.22,1.23,41100
2015-09-16,1.25,1.28,1.23,1.26,35100
2015-09-17,1.26,1.27,1.23,1.25,24500
2015-09-18,1.24,1.3,1.23,1.3,241300
2015-09-21,1.31,1.44,1.26,1.42,61800
2015-09-22,1.39,1.44,1.34,1.43,60100
2015-09-23,1.42,1.42,1.35,1.36,54300
2015-09-24,1.37,1.37,1.3,1.34,22100
2015-09-25,1.33,1.33,1.24,1.25,38400
2015-09-28,1.29,1.29,1.21,1.22,16100
2015-09-29,1.21,1.23,1.13,1.16,54300
2015-09-30,1.15,1.2,1.1,1.2,36300
2015-10-01,1.2,1.2,1.15,1.2,32900
2015-10-02,1.16,1.23,1.15,1.2,41300
2015-10-05,1.18,1.31,1.18,1.3,22000
2015-10-06,1.26,1.3,1.24,1.29,76600
2015-10-07,1.25,1.34,1.16,1.31,117200
2015-10-08,1.32,1.37,1.31,1.33,45500
2015-10-09,1.35,1.38,1.34,1.37,60800
2015-10-13,1.34,1.44,1.26,1.3,79000
2015-10-14,1.34,1.38,1.34,1.35,13200
2015-10-15,1.36,1.37,1.3,1.35,34400
2015-10-16,1.35,1.42,1.33,1.36,70100
2015-10-19,1.37,1.38,1.35,1.35,121500
2015-10-20,1.35,1.35,1.31,1.31,12500
2015-10-21,1.28,1.33,1.26,1.31,23900
2015-10-22,1.31,1.32,1.25,1.32,91200
2015-10-23,1.3,1.38,1.16,1.24,115000
2015-10-26,1.22,1.23,1.22,1.23,15800
2015-10-27,1.22,1.27,1.2,1.21,52400
2015-10-28,1.21,1.25,1.21,1.22,26400
2015-10-29,1.23,1.23,1.22,1.22,16300
2015-10-30,1.24,1.24,1.2,1.22,11200
2015-11-02,1.23,1.24,1.19,1.21,33700
2015-11-03,1.25,1.25,1.22,1.24,6500
2015-11-04,1.22,1.22,1,1.04,280400
2015-11-05,1.02,1.12,1,1.03,59700
2015-11-06,1.1,1.14,1.07,1.12,77800
2015-11-09,1.16,1.16,1.09,1.11,52300
2015-11-10,1.08,1.11,1.05,1.08,43000
2015-11-11,1.1,1.13,1.03,1.12,47800
2015-11-12,1.13,1.14,1.08,1.14,78400
2015-11-13,1.15,1.16,1.1,1.14,11600
2015-11-16,1.15,1.28,1.12,1.28,119600
2015-11-17,1.24,1.24,1.2,1.21,9000
2015-11-18,1.24,1.24,1.2,1.2,76100
2015-11-19,1.19,1.21,1.19,1.21,86500
2015-11-20,1.2,1.21,1.13,1.18,72500
2015-11-23,1.17,1.18,1.09,1.1,73100
2015-11-24,1.12,1.16,1.1,1.12,64300
2015-11-25,1.18,1.18,1.08,1.12,72600
2015-11-26,1.15,1.21,1.08,1.11,28100
2015-11-27,1.15,1.16,1.09,1.09,14000
2015-11-30,1.15,1.15,1.1,1.1,21000
2015-12-01,1.12,1.17,1.1,1.12,77800
2015-12-02,1.12,1.12,1.06,1.08,90800
2015-12-03,1.08,1.11,1.06,1.06,45000
2015-12-04,1.05,1.11,1.05,1.07,6600
2015-12-07,1.07,1.08,1.05,1.05,38500
2015-12-08,1.05,1.08,1.05,1.05,30700
2015-12-09,1.06,1.07,1.04,1.04,20200
2015-12-10,1.05,1.15,1.05,1.05,130900
2015-12-11,1.07,1.11,1.06,1.07,25200
2015-12-14,1.06,1.36,1.06,1.28,621400
2015-12-15,1.28,1.39,1.25,1.31,284000
2015-12-16,1.35,1.35,1.19,1.31,149700
2015-12-17,1.32,1.32,1.21,1.22,156600
2015-12-18,1.25,1.25,1.2,1.22,197400
2015-12-21,1.2,1.22,1.11,1.14,225900
2015-12-22,1.12,1.2,1.12,1.19,70500
2015-12-23,1.2,1.22,1.17,1.19,92600
2015-12-24,1.18,1.2,1.16,1.19,24600
2015-12-29,1.19,1.25,1.19,1.2,83800
2015-12-30,1.22,1.23,1.19,1.2,8900
2015-12-31,1.19,1.21,1.18,1.21,23900
2016-01-04,1.19,1.23,1.16,1.21,83200
2016-01-05,1.23,1.26,1.18,1.2,90700
2016-01-06,1.19,1.19,1.17,1.18,29300
2016-01-07,1.15,1.17,1.1,1.16,80000
2016-01-08,1.2,1.23,1.18,1.19,89800
2016-01-11,1.2,1.2,1.17,1.19,188000
2016-01-12,1.17,1.2,1.17,1.2,28100
2016-01-13,1.18,1.2,1.16,1.2,27500
2016-01-14,1.17,1.19,1.15,1.19,8900
2016-01-15,1.16,1.19,1.15,1.19,16800
2016-01-18,1.16,1.18,1.16,1.18,15300
2016-01-19,1.18,1.19,1.15,1.19,42100
2016-01-20,1.17,1.22,1.15,1.22,44200
2016-01-21,1.24,1.25,1.18,1.22,38600
2016-01-22,1.25,1.27,1.2,1.25,51500
2016-01-25,1.24,1.27,1.23,1.27,47000
2016-01-26,1.29,1.61,1.23,1.37,146500
2016-01-27,1.37,1.4,1.33,1.33,16600
2016-01-28,1.37,1.53,1.32,1.43,82100
2016-01-29,1.41,1.47,1.32,1.4,75600
2016-02-01,1.4,1.41,1.33,1.4,11200
2016-02-02,1.37,1.38,1.27,1.31,27600
2016-02-03,1.31,1.41,1.31,1.39,16400
2016-02-04,1.39,1.43,1.36,1.38,24500
2016-02-05,1.39,1.44,1.35,1.44,24200
2016-02-08,1.4,1.48,1.35,1.48,32400
2016-02-09,1.46,1.46,1.27,1.27,64200
2016-02-10,1.31,1.33,1.26,1.26,14500
2016-02-11,1.33,1.35,1.3,1.34,15800
2016-02-12,1.37,1.37,1.28,1.35,9000
2016-02-16,1.33,1.34,1.28,1.31,7100
2016-02-17,1.34,1.44,1.31,1.35,21900
2016-02-18,1.37,1.48,1.35,1.44,34300
2016-02-19,1.44,1.44,1.4,1.4,13900
2016-02-22,1.47,1.47,1.4,1.45,42800
2016-02-23,1.45,1.48,1.36,1.48,59200
2016-02-24,1.32,1.54,1.29,1.54,60000
2016-02-25,1.48,1.53,1.48,1.53,26900
2016-02-26,1.55,1.74,1.55,1.71,131700
2016-02-29,1.7,1.8,1.61,1.65,91100
2016-03-01,1.67,1.83,1.67,1.75,98000
2016-03-02,1.75,1.78,1.72,1.74,68700
2016-03-03,1.75,1.95,1.75,1.9,249300
2016-03-04,1.9,1.9,1.82,1.86,48400
2016-03-07,1.85,1.93,1.85,1.87,22600
2016-03-08,1.83,1.89,1.73,1.88,262100
2016-03-09,1.86,1.87,1.78,1.82,41500
2016-03-10,1.8,1.82,1.76,1.82,19300
2016-03-11,1.82,1.86,1.82,1.85,46900
2016-03-14,1.84,1.84,1.78,1.78,101100
2016-03-15,1.78,1.8,1.73,1.73,128000
2016-03-16,1.74,1.78,1.68,1.68,64000
2016-03-17,1.68,1.68,1.58,1.63,120400
2016-03-18,1.65,1.85,1.61,1.85,445200
2016-03-21,1.79,1.87,1.78,1.86,82400
2016-03-22,1.83,1.87,1.82,1.84,15400
2016-03-23,1.8,1.88,1.75,1.84,40200
2016-03-24,1.83,1.85,1.78,1.83,15200
2016-03-28,1.83,1.85,1.81,1.84,13400
2016-03-29,1.83,1.84,1.8,1.83,12600
2016-03-30,1.83,1.85,1.8,1.85,19600
2016-03-31,1.83,1.85,1.81,1.85,7500
2016-04-01,1.83,1.84,1.8,1.84,26200
2016-04-04,1.82,1.83,1.81,1.83,17000
2016-04-05,1.83,1.84,1.81,1.81,23600
2016-04-06,1.78,1.84,1.76,1.84,13000
2016-04-07,1.84,1.84,1.77,1.81,8400
2016-04-08,1.77,1.83,1.77,1.8,6100
2016-04-11,1.79,1.83,1.78,1.81,52400
2016-04-12,1.8,1.83,1.78,1.83,40200
2016-04-13,1.81,1.85,1.81,1.84,20500
2016-04-14,1.84,2.04,1.83,1.95,100600
2016-04-15,1.9,1.95,1.9,1.92,40500
2016-04-18,1.95,2.05,1.95,2.05,65000
2016-04-19,2.05,2.23,2.05,2.17,102500
2016-04-20,2.11,2.17,2.08,2.08,35200
2016-04-21,2.08,2.18,2,2.1,42600
2016-04-22,2.04,2.1,2.04,2.1,12400
2016-04-25,2.02,2.06,2.02,2.06,6000
2016-04-26,2.04,2.12,2.04,2.12,20200
2016-04-27,2.05,2.05,1.89,2,104900
2016-04-28,2,2.05,1.99,2.02,51900
2016-04-29,2,2.03,1.98,2.03,38300
2016-05-02,1.96,2,1.89,1.89,16900
2016-05-03,1.92,1.99,1.85,1.85,84500
2016-05-04,1.87,1.95,1.87,1.95,48000
2016-05-05,1.99,1.99,1.87,1.87,103500
2016-05-06,1.93,1.95,1.88,1.88,34500
2016-05-09,1.94,1.99,1.9,1.92,44700
2016-05-10,1.91,2.04,1.91,2.04,43700
2016-05-11,2.02,2.07,2.02,2.07,28300
2016-05-12,2.08,2.13,2.05,2.09,57900
2016-05-13,2.08,2.08,2.01,2.02,8300
2016-05-16,2,2.03,1.98,2.02,13900
2016-05-17,2.01,2.05,2.01,2.05,15500
2016-05-18,2.03,2.05,2.02,2.03,41700
2016-05-19,2.03,2.06,2.02,2.05,67700
2016-05-20,2.04,2.05,2.02,2.05,50300
2016-05-24,2.05,2.05,2.02,2.05,79100
2016-05-25,2.04,2.05,2.03,2.05,5900
2016-05-26,2.05,2.05,2.03,2.04,17300
2016-05-27,2.04,2.15,2.03,2.1,893400
2016-05-30,2.04,2.15,2.04,2.15,36600
2016-05-31,2.11,2.15,2.1,2.15,32300
2016-06-01,2.14,2.15,2.12,2.12,3900
2016-06-02,2.12,2.18,2.03,2.15,176400
2016-06-03,2.16,2.17,2.13,2.15,30100
2016-06-06,2.17,2.35,2.14,2.3,193600
2016-06-07,2.26,2.28,2.15,2.19,39000
2016-06-08,2.17,2.25,2.13,2.13,18300
2016-06-09,2.13,2.18,2.13,2.18,26300
2016-06-10,2.17,2.2,2.12,2.13,22500
2016-06-13,2.12,2.26,2.12,2.18,72300
2016-06-14,2.15,2.2,2.13,2.18,77200
2016-06-15,2.17,2.18,2.15,2.18,126300
2016-06-16,2.19,2.19,2.15,2.18,71700
2016-06-17,2.17,2.2,2.12,2.12,189300
2016-06-20,2.17,2.17,2.11,2.13,36600
2016-06-21,2.11,2.17,2.11,2.15,27500
2016-06-22,2.12,2.17,2.12,2.15,13600
2016-06-23,2.15,2.15,2.04,2.04,22800
2016-06-24,2,2.1,1.89,2.06,68000
2016-06-27,2.03,2.12,2,2.1,82100
2016-06-28,2.1,2.1,2.04,2.04,8700
2016-06-29,2.01,2.04,2,2,7800
2016-06-30,2.02,2.03,2,2.03,12800
2016-07-04,2,2.07,2,2.03,8900
2016-07-05,2.04,2.04,1.99,2.01,34200
2016-07-06,2,2.09,2,2.05,13300
2016-07-07,2.06,2.09,2.05,2.07,15300
2016-07-08,2.05,2.1,2.05,2.08,45500
2016-07-11,2.1,2.1,2,2,20300
2016-07-12,2,2.09,2,2.09,11900
2016-07-13,2.06,2.1,2.02,2.08,15900
2016-07-14,2.07,2.08,2.02,2.07,10700
2016-07-15,2.07,2.07,2,2.01,30700
2016-07-18,2.06,2.06,1.99,2.01,23400
2016-07-19,2,2.03,2,2.01,9700
2016-07-20,2,2.01,1.94,2,27900
2016-07-21,1.99,2.05,1.99,2.05,26000
2016-07-22,2,2.03,2,2,17000
2016-07-25,2.01,2.01,2,2,8200
2016-07-26,2,2.01,1.98,2,11300
2016-07-27,2.01,2.01,1.98,2,2500
2016-07-28,2,2.03,1.98,1.99,9100
2016-07-29,2.03,2.05,2,2,11100
2016-08-02,2.03,2.03,1.99,2,14400
2016-08-03,2.01,2.03,1.97,2,26700
2016-08-04,1.99,2.04,1.92,2.01,43700
2016-08-05,1.95,1.99,1.95,1.95,36900
2016-08-08,2,2.04,1.97,1.98,51100
2016-08-09,1.97,2.02,1.97,2,16300
2016-08-10,2.03,2.05,1.99,2.02,17300
2016-08-11,2.01,2.05,1.96,1.99,34000
2016-08-12,1.95,2.05,1.95,2,38400
2016-08-15,1.98,2,1.92,2,20400
2016-08-16,2,2,1.95,1.95,8900
2016-08-17,1.96,1.99,1.95,1.95,15300
2016-08-18,1.95,1.98,1.95,1.95,11000
2016-08-19,1.95,1.98,1.94,1.97,9500
2016-08-22,1.95,1.99,1.94,1.95,15300
2016-08-23,1.96,1.97,1.91,1.91,42500
2016-08-24,1.93,1.96,1.91,1.92,21800
2016-08-25,1.94,1.94,1.91,1.91,16400
2016-08-26,1.93,1.93,1.9,1.9,30300
2016-08-29,1.87,1.89,1.85,1.87,33500
2016-08-30,1.82,1.85,1.77,1.81,27500
2016-08-31,1.82,1.85,1.77,1.8,24200
2016-09-01,1.73,1.82,1.73,1.81,12000
2016-09-02,1.8,1.85,1.8,1.82,15100
2016-09-06,1.73,1.91,1.73,1.89,29100
2016-09-07,1.86,1.91,1.86,1.9,19400
2016-09-08,1.91,1.91,1.88,1.9,6600
2016-09-09,1.9,1.9,1.84,1.86,16800
2016-09-12,1.85,1.85,1.5,1.6,279500
2016-09-13,1.62,1.7,1.57,1.58,297700
2016-09-14,1.7,1.7,1.51,1.51,148800
2016-09-15,1.54,1.6,1.53,1.58,93500
2016-09-16,1.58,1.75,1.38,1.75,1148800
2016-09-19,1.74,1.81,1.68,1.77,87800
2016-09-20,1.76,1.79,1.74,1.77,35700
2016-09-21,1.78,1.79,1.72,1.78,28900
2016-09-22,1.77,1.8,1.72,1.77,60000
2016-09-23,1.77,1.77,1.72,1.73,22700
2016-09-26,1.68,1.75,1.68,1.74,21200
2016-09-27,1.75,1.75,1.68,1.72,13900
2016-09-28,1.7,1.75,1.7,1.72,13400
2016-09-29,1.76,1.78,1.69,1.72,55300
2016-09-30,1.71,1.72,1.68,1.71,18100
2016-10-03,1.71,1.71,1.65,1.7,16900
2016-10-04,1.7,1.7,1.7,1.7,0
2016-10-05,1.66,1.72,1.63,1.69,46800
2016-10-06,1.7,1.71,1.61,1.71,24200
2016-10-07,1.69,1.69,1.65,1.67,7500
2016-10-11,1.7,1.7,1.64,1.68,13800
2016-10-12,1.64,1.68,1.64,1.68,4100
2016-10-13,1.69,1.7,1.67,1.69,11700
2016-10-14,1.64,1.7,1.63,1.66,10000
2016-10-17,1.66,1.7,1.65,1.69,4700
2016-10-18,1.66,1.67,1.64,1.67,10400
2016-10-19,1.7,1.73,1.69,1.73,86700
2016-10-20,1.7,1.78,1.7,1.75,17300
2016-10-21,1.75,1.79,1.71,1.75,43900
2016-10-24,1.71,1.79,1.69,1.7,28700
2016-10-25,1.77,1.77,1.71,1.76,4700
2016-10-26,1.73,1.77,1.72,1.74,3500
2016-10-27,1.72,1.75,1.71,1.71,3800
2016-10-28,1.73,1.77,1.71,1.71,4900
2016-10-31,1.71,1.74,1.67,1.68,30900
2016-11-01,1.7,1.7,1.65,1.67,10600
2016-11-02,1.74,1.78,1.68,1.78,87100
2016-11-03,1.77,1.77,1.73,1.75,8900
2016-11-04,1.75,1.75,1.7,1.71,13100
2016-11-07,1.69,1.74,1.65,1.71,40100
2016-11-08,1.71,1.74,1.65,1.74,15200
2016-11-09,1.74,1.77,1.7,1.74,27000
2016-11-10,1.74,1.85,1.74,1.85,50000
2016-11-11,1.8,1.82,1.74,1.74,41600
2016-11-14,1.71,1.77,1.71,1.76,4400
2016-11-15,1.76,1.82,1.73,1.73,15600
2016-11-16,1.75,1.83,1.74,1.78,17800
2016-11-17,1.81,1.82,1.77,1.8,11000
2016-11-18,1.78,1.81,1.72,1.75,68000
2016-11-21,1.76,1.86,1.75,1.85,47500
2016-11-22,1.85,1.85,1.78,1.78,27400
2016-11-23,1.78,1.82,1.75,1.8,25000
2016-11-24,1.8,1.86,1.76,1.85,82600
2016-11-25,1.84,1.84,1.77,1.77,13500
2016-11-28,1.84,1.84,1.75,1.79,36200
2016-11-29,1.8,1.8,1.75,1.8,8000
2016-11-30,1.81,1.81,1.76,1.81,36000
2016-12-01,1.81,1.82,1.75,1.82,18800
2016-12-02,1.8,1.82,1.68,1.7,238300
2016-12-05,1.78,1.78,1.73,1.76,13400
2016-12-06,1.76,1.77,1.76,1.77,3300
2016-12-07,1.76,1.77,1.73,1.74,45200
2016-12-08,1.73,1.73,1.64,1.69,77800
2016-12-09,1.67,1.68,1.63,1.64,81200
2016-12-12,1.65,1.73,1.63,1.72,98900
2016-12-13,1.72,1.72,1.67,1.7,69100
2016-12-14,1.67,1.67,1.6,1.65,35100
2016-12-15,1.65,1.65,1.6,1.65,63400
2016-12-16,1.65,1.65,1.58,1.63,185900
2016-12-19,1.61,1.67,1.59,1.67,47500
2016-12-20,1.66,1.67,1.6,1.61,38800
2016-12-21,1.61,1.65,1.6,1.6,29900
2016-12-22,1.6,1.72,1.6,1.72,60200
2016-12-23,1.71,1.72,1.67,1.69,19700
2016-12-28,1.63,1.7,1.62,1.7,192200
2016-12-29,1.65,1.78,1.65,1.74,54100
2016-12-30,1.73,1.85,1.73,1.79,36300
2017-01-03,1.84,1.84,1.72,1.8,19000
2017-01-04,1.76,1.77,1.73,1.75,8500
2017-01-05,1.75,1.8,1.68,1.78,25400
2017-01-06,1.78,1.81,1.75,1.79,20500
2017-01-09,1.79,1.82,1.75,1.79,21300
2017-01-10,1.81,1.82,1.8,1.81,48000
2017-01-11,1.82,1.83,1.77,1.82,29900
2017-01-12,1.82,1.89,1.76,1.79,68900
2017-01-13,1.8,1.86,1.8,1.81,43600
2017-01-16,1.81,1.82,1.75,1.79,155700
2017-01-17,1.75,1.75,1.7,1.7,84700
2017-01-18,1.75,1.8,1.7,1.74,81600
2017-01-19,1.75,1.78,1.73,1.74,35900
2017-01-20,1.74,1.8,1.71,1.79,40400
2017-01-23,1.74,1.8,1.74,1.79,61900
2017-01-24,1.79,1.8,1.79,1.79,13300
2017-01-25,1.79,1.8,1.76,1.78,30200
2017-01-26,1.8,1.8,1.78,1.8,50500
2017-01-27,1.8,1.8,1.75,1.8,35300
2017-01-30,1.75,1.79,1.71,1.75,18400
2017-01-31,1.75,1.8,1.74,1.77,51200
2017-02-01,1.77,1.78,1.73,1.74,21000
2017-02-02,1.75,1.79,1.71,1.77,31500
2017-02-03,1.77,1.83,1.75,1.83,151800
2017-02-06,1.85,1.86,1.79,1.84,40400
2017-02-07,1.82,1.84,1.8,1.83,26500
2017-02-08,1.8,1.82,1.8,1.8,13900
2017-02-09,1.8,1.86,1.74,1.82,37500
2017-02-10,1.82,1.83,1.8,1.82,22500
2017-02-13,1.84,1.84,1.8,1.83,12100
2017-02-14,1.8,1.82,1.77,1.79,8200
2017-02-15,1.78,1.79,1.72,1.72,23000
2017-02-16,1.74,1.78,1.68,1.73,32600
2017-02-17,1.73,1.8,1.72,1.73,38900
2017-02-21,1.75,1.81,1.75,1.81,20900
2017-02-22,1.81,1.82,1.75,1.75,15100
2017-02-23,1.8,1.8,1.71,1.72,47200
2017-02-24,1.72,1.88,1.7,1.81,297300
2017-02-27,1.84,1.87,1.8,1.8,36400
2017-02-28,1.8,1.82,1.77,1.8,9100
2017-03-01,1.8,1.95,1.8,1.92,74900
2017-03-02,1.95,2,1.9,1.91,57000
2017-03-03,1.98,1.99,1.93,1.97,54600
2017-03-06,2,2.05,2,2,110800
2017-03-07,2.01,2.01,1.94,1.98,60800
2017-03-08,1.95,1.98,1.92,1.95,24900
2017-03-09,1.97,2,1.95,2,18800
2017-03-10,2,2,1.95,1.97,39200
2017-03-13,1.99,2,1.95,2,16900
2017-03-14,2,2,1.91,1.93,19500
2017-03-15,1.91,2,1.88,1.92,30000
2017-03-16,1.96,1.96,1.9,1.9,9100
2017-03-17,1.94,1.96,1.93,1.95,16600
2017-03-20,1.95,1.99,1.93,1.98,20700
2017-03-21,1.95,2,1.87,1.87,40400
2017-03-22,1.93,1.93,1.85,1.93,10200
2017-03-23,1.93,2,1.93,1.96,43800
2017-03-24,1.95,1.98,1.94,1.94,10100
2017-03-27,1.91,1.94,1.89,1.93,45400
2017-03-28,1.92,1.96,1.92,1.95,8000
2017-03-29,1.95,1.97,1.9,1.94,25600
2017-03-30,1.94,1.95,1.92,1.94,24600
2017-03-31,1.94,1.95,1.91,1.95,6400
2017-04-03,1.95,1.96,1.94,1.94,13500
2017-04-04,1.94,1.94,1.86,1.87,29600
2017-04-05,1.9,1.94,1.89,1.89,30600
2017-04-06,1.9,1.93,1.88,1.89,21900
2017-04-07,1.88,1.91,1.88,1.91,4000
2017-04-10,1.89,1.89,1.8,1.84,28700
2017-04-11,1.85,1.92,1.85,1.92,24700
2017-04-12,1.92,1.92,1.85,1.87,15700
2017-04-13,1.87,1.92,1.75,1.85,69700
2017-04-17,1.83,1.86,1.8,1.84,71700
2017-04-18,1.86,1.88,1.82,1.85,14800
2017-04-19,1.9,1.9,1.81,1.82,19200
2017-04-20,1.85,1.85,1.83,1.83,8400
2017-04-21,1.82,1.85,1.81,1.81,8100
2017-04-24,1.85,1.85,1.83,1.84,113500
2017-04-25,1.85,1.85,1.84,1.85,22800
2017-04-26,1.83,1.99,1.83,1.96,1304200
2017-04-27,1.97,1.99,1.91,1.94,34200
2017-04-28,1.94,1.98,1.93,1.95,32600
2017-05-01,1.95,1.98,1.9,1.98,22700
2017-05-02,1.97,2.03,1.97,2,83700
2017-05-03,2.01,2.25,2.01,2.21,151100
2017-05-04,2.22,2.22,2.12,2.14,70000
2017-05-05,2.15,2.25,2.08,2.21,139700
2017-05-08,2.24,2.37,2.2,2.3,134000
2017-05-09,2.35,2.5,2.3,2.49,160400
2017-05-10,2.47,2.58,2.45,2.47,88900
2017-05-11,2.51,2.51,2.39,2.39,57300
2017-05-12,2.43,2.43,2.31,2.39,125100
2017-05-15,2.43,2.6,2.42,2.58,133200
2017-05-16,2.65,2.94,2.62,2.91,466600
2017-05-17,2.86,2.86,2.64,2.78,144800
2017-05-18,2.76,2.8,2.65,2.79,87700
2017-05-19,2.81,2.81,2.63,2.64,58100
2017-05-23,2.74,2.92,2.7,2.84,88100
2017-05-24,2.85,2.94,2.85,2.91,125600
2017-05-25,2.94,2.95,2.73,2.8,90700
2017-05-26,2.81,2.97,2.81,2.96,94200
2017-05-29,2.9,3.3,2.88,3.3,350200
2017-05-30,3.23,3.37,2.94,3.05,288600
2017-05-31,3.1,3.19,3,3.09,99600
2017-06-01,3.11,3.11,2.85,2.97,160600
2017-06-02,2.98,3.1,2.97,3.04,65600
2017-06-05,3.01,3.1,2.95,2.99,83500
2017-06-06,2.95,2.98,2.91,2.95,43200
2017-06-07,2.95,2.96,2.88,2.92,17200
2017-06-08,2.89,2.89,2.66,2.83,145100
2017-06-09,2.88,2.89,2.85,2.89,172300
2017-06-12,2.9,2.95,2.85,2.95,19500
2017-06-13,2.94,3.08,2.86,3.03,54800
2017-06-14,3.07,3.07,2.99,3.01,24000
2017-06-15,2.9,2.97,2.76,2.95,1052000
2017-06-16,2.96,3,2.93,2.98,33400
2017-06-19,2.99,3.12,2.98,3.12,61400
2017-06-20,3.12,3.12,3.06,3.09,41900
2017-06-21,3.06,3.13,3.06,3.13,30300
2017-06-22,3.11,3.26,3.11,3.25,70800
2017-06-23,3.24,3.44,3.24,3.27,146500
2017-06-26,3.3,3.3,3.22,3.26,60900
2017-06-27,3.27,3.36,3.26,3.35,46300
2017-06-28,3.35,3.38,3.3,3.35,77900
2017-06-29,3.33,3.33,3.18,3.28,134200
2017-06-30,3.25,3.31,3.19,3.23,30800
2017-07-04,3.23,3.3,3.11,3.12,16300
2017-07-05,3.11,3.11,3,3.04,35200
2017-07-06,3.04,3.09,3.01,3.02,30700
2017-07-07,3.04,3.04,2.88,2.96,40700
2017-07-10,2.89,3.04,2.88,3.04,38900
2017-07-11,3.04,3.04,3.01,3.04,18900
2017-07-12,3.04,3.15,2.95,3.08,24800
2017-07-13,3.08,3.08,2.98,3.02,20500
2017-07-14,3.02,3.02,2.95,3,13700
2017-07-17,3.02,3.02,2.88,2.92,18900
2017-07-18,2.91,3,2.91,3,19700
2017-07-19,2.99,3.02,2.94,2.99,22900
2017-07-20,3,3,2.97,2.97,6500
2017-07-21,3,3.24,2.99,3.22,73700
2017-07-24,3.22,3.24,3.16,3.2,33900
2017-07-25,3.18,3.24,3.18,3.18,10700
2017-07-26,3.23,3.24,3.2,3.2,15600
2017-07-27,3.24,3.25,3.08,3.14,27200
2017-07-28,3.11,3.15,3.05,3.13,8000
2017-07-31,3.06,3.11,2.99,3.11,38400
2017-08-01,3.02,3.1,3.02,3.1,8100
2017-08-02,3.11,3.25,3.03,3.11,44500
2017-08-03,3.21,3.44,3.14,3.34,161400
2017-08-04,3.36,3.69,3.36,3.62,164400
2017-08-08,3.67,3.71,3.38,3.44,126400
2017-08-09,3.5,3.5,3.27,3.28,130200
2017-08-10,3.28,3.28,3.07,3.28,82100
2017-08-11,3.18,3.3,3.18,3.28,41300
2017-08-14,3.3,3.32,3.2,3.23,76600
2017-08-15,3.27,3.35,3.26,3.33,39800
2017-08-16,3.32,3.35,3.27,3.3,28100
2017-08-17,3.3,3.32,3.3,3.32,16500
2017-08-18,3.32,3.32,3.22,3.25,16200
2017-08-21,3.27,3.28,3.19,3.26,72100
2017-08-22,3.28,3.28,3.16,3.22,33500
2017-08-23,3.22,3.27,3.21,3.27,44400
2017-08-24,3.25,3.34,3.25,3.32,54700
2017-08-25,3.34,3.34,3.24,3.28,29200
2017-08-28,3.35,3.35,3.29,3.32,25900
2017-08-29,3.3,3.3,3.26,3.3,21500
2017-08-30,3.3,3.3,3.25,3.26,63300
2017-08-31,3.27,3.29,3.24,3.28,67400
2017-09-01,3.28,3.32,3.22,3.3,90700
2017-09-05,3.28,3.31,3.27,3.28,18000
2017-09-06,3.3,3.31,3.28,3.31,19200
2017-09-07,3.28,3.31,3.28,3.3,26200
2017-09-08,3.29,3.3,3.26,3.28,50400
2017-09-11,3.29,3.31,3.28,3.31,21900
2017-09-12,3.28,3.31,3.28,3.31,16600
2017-09-13,3.32,3.32,3.3,3.31,10000
2017-09-14,3.3,3.31,3.29,3.31,20900
2017-09-15,3.28,3.31,3.28,3.3,73100
2017-09-18,3.32,3.32,3.27,3.28,9200
2017-09-19,3.3,3.3,3.22,3.29,24700
2017-09-20,3.29,3.29,3.25,3.28,19700
2017-09-21,3.28,3.28,3.23,3.25,27100
2017-09-22,3.25,3.26,3.19,3.24,23800
2017-09-25,3.2,3.21,3.15,3.2,44100
2017-09-26,3.19,3.23,3.19,3.21,16600
2017-09-27,3.21,3.3,3.11,3.14,73100
2017-09-28,3.12,3.2,3,3.09,71400
2017-09-29,3.05,3.26,3,3.25,122200
2017-10-02,3.21,3.25,3.07,3.14,34300
2017-10-03,3.1,3.17,3.1,3.12,35200
2017-10-04,3.11,3.12,3.05,3.08,28200
2017-10-05,3.05,3.1,3.03,3.08,33000
2017-10-06,3.07,3.1,3.05,3.09,35400
2017-10-10,3.07,3.1,3.07,3.07,15200
2017-10-11,3.17,3.2,3.15,3.19,101300
2017-10-12,3.21,3.29,3.16,3.22,79800
2017-10-13,3.28,3.28,3.21,3.22,21900
2017-10-16,3.26,3.27,3.13,3.16,38100
2017-10-17,3.16,3.2,3.08,3.15,35200
2017-10-18,3.15,3.18,3.12,3.18,11300
2017-10-19,3.16,3.19,3.14,3.18,22400
2017-10-20,3.17,3.2,3.15,3.15,16300
2017-10-23,3.13,3.18,2.97,3.01,334800
2017-10-24,3.02,3.07,2.97,3,62100
2017-10-25,2.97,3.1,2.97,3.08,25700
2017-10-26,3.13,3.13,2.99,3.13,33100
2017-10-27,3.13,3.15,3.1,3.15,27000
2017-10-30,3.15,3.16,3.12,3.15,45300
2017-10-31,3.1,3.1,3.03,3.08,22700
2017-11-01,3.04,3.15,3.02,3.14,23700
2017-11-02,3.11,3.12,3.06,3.08,14200
2017-11-03,3.06,3.06,2.98,3,38800
2017-11-06,3,3,2.95,2.97,32000
2017-11-07,2.95,2.99,2.84,2.98,38200
2017-11-08,2.97,3,2.48,2.94,176000
2017-11-09,2.91,2.93,2.67,2.87,142000
2017-11-10,2.86,3,2.79,3,97500
2017-11-13,2.95,3.09,2.94,2.99,21600
2017-11-14,2.86,3.09,2.86,2.94,7100
2017-11-15,2.89,3.06,2.86,3.03,315900
2017-11-16,3.03,3.03,2.91,2.93,16800
2017-11-17,2.97,3.01,2.92,3,6800
2017-11-20,3.03,3.1,2.97,3.04,32800
2017-11-21,2.99,3.15,2.99,3.14,313300
2017-11-22,3.15,3.23,3.08,3.14,188400
2017-11-23,3.14,3.14,3.01,3.04,18100
2017-11-24,3.09,3.09,2.95,3.02,23100
2017-11-27,2.91,2.93,2.78,2.85,88800
2017-11-28,2.87,2.87,2.71,2.79,173900
2017-11-29,2.85,2.89,2.76,2.81,10600
2017-11-30,2.9,2.9,2.77,2.86,24300
2017-12-01,2.79,2.84,2.75,2.82,8600
2017-12-04,2.77,2.91,2.77,2.82,50100
2017-12-05,2.88,2.89,2.75,2.78,37200
2017-12-06,2.75,2.77,2.73,2.76,19100
2017-12-07,2.86,2.86,2.75,2.79,14300
2017-12-08,2.8,2.81,2.74,2.76,10100
2017-12-11,2.75,2.78,2.74,2.78,17000
2017-12-12,2.78,2.79,2.73,2.73,60600
2017-12-13,2.73,2.79,2.73,2.77,67200
2017-12-14,2.71,2.76,2.71,2.75,23600
2017-12-15,2.79,2.8,2.77,2.78,1800
2017-12-18,2.8,2.83,2.8,2.81,8100
2017-12-19,2.82,2.91,2.8,2.9,9100
2017-12-20,3.08,3.09,2.85,2.93,6800
2017-12-21,2.92,3.04,2.92,3,14200
2017-12-22,3,3.02,2.99,3,30400
2017-12-27,3,3.03,3,3,14700
2017-12-28,3,3.03,3,3,28700
2017-12-29,3,3.02,3,3,7200
2018-01-02,3.15,3.15,3,3.08,21000
2018-01-03,3.09,3.14,3.05,3.05,11100
2018-01-04,3.12,3.12,3.06,3.07,6700
2018-01-05,3.09,3.1,3,3.06,22300
2018-01-08,3.06,3.11,3.02,3.09,23700
2018-01-09,3,3.06,2.95,3,10100
2018-01-10,3.04,3.04,2.88,2.91,18500
2018-01-11,2.88,2.94,2.87,2.91,16200
2018-01-12,2.89,2.95,2.88,2.95,9100
2018-01-15,2.95,2.98,2.92,2.92,4100
2018-01-16,2.91,2.99,2.9,2.93,79600
2018-01-17,2.99,3,2.87,2.92,56100
2018-01-18,2.99,2.99,2.89,2.89,16300
2018-01-19,2.7,2.7,2.63,2.64,570600
2018-01-22,2.69,2.7,2.59,2.6,349100
2018-01-23,2.59,2.6,2.52,2.53,72800
2018-01-24,2.65,2.65,2.58,2.6,213600
2018-01-25,2.64,2.64,2.58,2.58,17300
2018-01-26,2.6,2.6,2.55,2.56,22500
2018-01-29,2.56,2.58,2.55,2.58,77500
2018-01-30,2.57,2.57,2.45,2.57,258000
2018-01-31,2.57,2.58,2.46,2.5,159600
2018-02-01,2.5,2.5,2.37,2.39,155000
2018-02-02,2.39,2.39,2.22,2.28,238400
2018-02-05,2.3,2.5,2.3,2.36,32700
2018-02-06,2.35,2.4,2.35,2.4,133700
2018-02-07,2.45,2.6,2.45,2.57,270600
2018-02-08,2.57,2.65,2.49,2.5,87400
2018-02-09,2.57,2.57,2.43,2.55,74500
2018-02-12,2.59,2.62,2.55,2.55,6500
2018-02-13,2.55,2.57,2.5,2.52,11300
2018-02-14,2.45,2.57,2.38,2.53,66800
2018-02-15,2.54,2.56,2.51,2.55,5200
2018-02-16,2.6,2.66,2.58,2.63,57000
2018-02-20,2.66,2.71,2.63,2.71,120800
2018-02-21,2.86,2.86,2.72,2.72,146100
2018-02-22,2.76,2.78,2.73,2.76,98200
2018-02-23,2.8,2.91,2.75,2.91,191100
2018-02-26,2.83,2.94,2.8,2.9,164700
2018-02-27,2.9,2.91,2.86,2.88,24900
2018-02-28,2.9,2.9,2.8,2.84,14300
2018-03-01,2.85,2.89,2.75,2.85,55600
2018-03-02,2.8,2.85,2.76,2.84,10100
2018-03-05,2.85,2.89,2.83,2.86,19700
2018-03-06,2.89,2.97,2.88,2.96,97300
2018-03-07,2.96,3,2.96,3,29300
2018-03-08,3,3,2.95,2.97,45300
2018-03-09,3.11,3.11,2.99,3,111400
2018-03-12,3.04,3.06,3.02,3.03,23400
2018-03-13,3.03,3.1,3.02,3.05,26200
2018-03-14,3.02,3.08,3.01,3.03,22100
2018-03-15,3.09,3.09,3.02,3.07,86000
2018-03-16,3.08,3.09,3.04,3.05,23600
2018-03-19,3.02,3.03,2.97,3,30600
2018-03-20,3,3.01,2.97,3,28000
2018-03-21,3,3,2.98,3,65900
2018-03-22,2.98,2.99,2.92,2.95,20200
2018-03-23,2.94,2.95,2.86,2.88,11200
2018-03-26,2.99,3.05,2.9,2.95,93100
2018-03-27,2.97,3.04,2.9,2.99,89000
2018-03-28,2.98,3.05,2.98,2.99,4500
2018-03-29,2.89,3.05,2.85,3,19000
2018-04-02,3,3,2.93,2.99,7900
2018-04-03,3,3.01,2.95,2.99,58800
2018-04-04,2.94,2.95,2.91,2.93,6200
2018-04-05,2.95,3.02,2.95,3,15900
2018-04-06,3,3.02,2.95,2.95,134200
2018-04-09,2.95,2.98,2.94,2.95,5100
2018-04-10,2.98,3.01,2.91,3,18600
2018-04-11,3,3,3,3,2100
2018-04-12,3,3,2.96,2.96,61700
2018-04-13,2.94,2.99,2.89,2.92,20900
2018-04-16,2.91,2.95,2.9,2.94,7900
2018-04-17,2.94,2.94,2.91,2.91,600
2018-04-18,2.93,2.93,2.92,2.92,5800
2018-04-19,2.92,2.95,2.92,2.95,9000
2018-04-20,2.94,2.95,2.9,2.95,66500
2018-04-23,2.94,2.95,2.9,2.94,16300
2018-04-24,2.95,2.96,2.9,2.96,96700
2018-04-25,2.9,2.94,2.9,2.92,6700
2018-04-26,2.92,2.95,2.91,2.91,18600
2018-04-27,2.93,2.94,2.91,2.94,13100
2018-04-30,2.91,3,2.9,3,90600
2018-05-01,3.03,3.44,3.03,3.34,163500
2018-05-02,3.38,3.4,3.16,3.26,93600
2018-05-03,3.11,3.43,3.11,3.26,56600
2018-05-04,3.25,3.32,3.22,3.3,24900
2018-05-07,3.29,3.36,3.29,3.34,36900
2018-05-08,3.34,3.34,3.26,3.31,20700
2018-05-09,3.35,3.35,3.25,3.27,114700
2018-05-10,3.26,3.26,3.22,3.25,11700
2018-05-11,3.25,3.3,3.25,3.26,42200
2018-05-14,3.25,3.36,3.2,3.35,40700
2018-05-15,3.34,3.38,3.28,3.34,23600
2018-05-16,3.35,3.35,3.32,3.35,15000
2018-05-17,3.36,3.55,3.36,3.55,68600
2018-05-18,3.5,3.54,3.4,3.42,30300
2018-05-22,3.41,3.41,3.25,3.31,86600
2018-05-23,3.3,3.36,3.26,3.32,37900
2018-05-24,3.34,3.34,3.3,3.31,19400
2018-05-25,3.3,3.31,3.3,3.31,90700
2018-05-28,3.39,3.5,3.31,3.47,22500
2018-05-29,3.47,3.55,3.45,3.5,129000
2018-05-30,3.5,3.54,3.45,3.45,13500
2018-05-31,3.47,3.49,3.44,3.46,108700
2018-06-01,3.42,3.47,3.42,3.46,42600
2018-06-04,3.4,3.42,3.35,3.35,15600
2018-06-05,3.32,3.32,3.25,3.29,23000
2018-06-06,3.28,3.28,3.26,3.26,110700
2018-06-07,3.22,3.29,3.22,3.28,13600
2018-06-08,3.3,3.34,3.29,3.3,6700
2018-06-11,3.33,3.33,3.26,3.29,48900
2018-06-12,3.29,3.3,3.28,3.29,68600
2018-06-13,3.29,3.33,3.29,3.33,12600
2018-06-14,3.32,3.48,3.32,3.45,66600
2018-06-15,3.46,3.48,3.43,3.47,216700
2018-06-18,3.48,3.54,3.47,3.47,49400
2018-06-19,3.42,3.5,3.41,3.47,89800
2018-06-20,3.39,3.46,3.39,3.43,16500
2018-06-21,3.45,3.5,3.45,3.46,127700
2018-06-22,3.43,3.47,3.43,3.45,5100
2018-06-25,3.49,3.49,3.38,3.39,12900
2018-06-26,3.42,3.42,3.3,3.3,94100
2018-06-27,3.26,3.35,3.26,3.33,11800
2018-06-28,3.33,3.35,3.3,3.3,5400
2018-06-29,3.31,3.36,3.3,3.35,9900
2018-07-03,3.34,3.34,3.3,3.3,101000
2018-07-04,3.29,3.29,3.27,3.27,2500
2018-07-05,3.23,3.25,3.18,3.25,30400
2018-07-06,3.25,3.26,3.25,3.26,21600
2018-07-09,3.23,3.31,3.23,3.31,9100
2018-07-10,3.31,3.35,3.3,3.35,7700
2018-07-11,3.34,3.35,3.34,3.35,800
2018-07-12,3.3,3.35,3.3,3.33,43000
2018-07-13,3.32,3.4,3.32,3.4,11700
2018-07-16,3.39,3.43,3.33,3.33,17000
2018-07-17,3.32,3.32,3.28,3.28,54400
2018-07-18,3.28,3.29,3.24,3.25,21000
2018-07-19,3.23,3.28,3.23,3.23,53300
2018-07-20,3.23,3.26,3.23,3.25,13100
2018-07-23,3.26,3.26,3.23,3.25,15300
2018-07-24,3.25,3.27,3.25,3.25,7400
2018-07-25,3.23,3.27,3.22,3.23,121400
2018-07-26,3.23,3.28,3.23,3.23,12600
2018-07-27,3.25,3.25,3.2,3.2,85800
2018-07-30,3.2,3.28,3.2,3.26,17800
2018-07-31,3.3,3.5,3.27,3.38,99100
2018-08-01,3.37,3.51,3.35,3.47,136700
2018-08-02,3.47,3.54,3.47,3.51,59300
2018-08-03,3.49,3.53,3.45,3.53,17300
2018-08-07,3.51,3.54,3.46,3.46,10500
2018-08-08,3.45,3.45,3.3,3.4,84300
2018-08-09,3.45,3.5,3.43,3.47,237100
2018-08-10,3.47,3.48,3.4,3.45,70300
2018-08-13,3.48,3.49,3.42,3.47,246000
2018-08-14,3.45,3.47,3.41,3.45,319500
2018-08-15,3.45,3.5,3.45,3.45,274500
2018-08-16,3.48,3.48,3.44,3.47,23400
2018-08-17,3.46,3.5,3.45,3.49,33600
2018-08-20,3.52,3.55,3.5,3.55,30900
2018-08-21,3.57,3.73,3.5,3.57,338600
2018-08-22,3.53,3.62,3.53,3.59,19400
2018-08-23,3.54,3.62,3.54,3.57,58700
2018-08-24,3.57,3.6,3.55,3.59,7200
2018-08-27,3.61,3.63,3.6,3.62,16500
2018-08-28,3.63,3.63,3.57,3.59,79700
2018-08-29,3.54,3.59,3.54,3.57,111200
2018-08-30,3.54,3.6,3.54,3.58,9600
2018-08-31,3.65,3.65,3.54,3.57,21800
2018-09-04,3.57,3.57,3.47,3.5,11600
2018-09-05,3.47,3.5,3.47,3.47,33300
2018-09-06,3.49,3.53,3.48,3.52,34100
2018-09-07,3.48,3.52,3.48,3.48,21400
2018-09-10,3.46,3.5,3.46,3.49,14600
2018-09-11,3.49,3.5,3.48,3.5,14600
2018-09-12,3.48,3.53,3.48,3.49,24500
2018-09-13,3.5,3.53,3.49,3.5,17000
2018-09-14,3.51,3.52,3.5,3.51,5800
2018-09-17,3.49,3.52,3.46,3.46,6400
2018-09-18,3.46,3.51,3.44,3.51,14100
2018-09-19,3.52,3.52,3.49,3.52,9900
2018-09-20,3.49,3.52,3.4,3.4,74600
2018-09-21,3.4,3.43,3.27,3.3,135600
2018-09-24,3.3,3.35,3.3,3.31,21800
2018-09-25,3.31,3.33,3.29,3.32,6700
2018-09-26,3.31,3.34,3.27,3.29,15000
2018-09-27,3.32,3.32,3.29,3.3,3900
2018-09-28,3.31,3.33,3.3,3.3,10400
2018-10-01,3.3,3.3,3.28,3.29,15600
2018-10-02,3.31,3.31,3.28,3.28,6300
2018-10-03,3.31,3.33,3.28,3.31,29100
2018-10-04,3.31,3.33,3.28,3.3,26700
2018-10-05,3.28,3.3,3.28,3.29,1800
2018-10-09,3.3,3.3,3.28,3.28,14100
2018-10-10,3.29,3.29,3.17,3.17,40500
2018-10-11,3.11,3.11,3.01,3.05,140900
2018-10-12,3.02,3.14,3.02,3.13,53200
2018-10-15,3.13,3.19,3.1,3.12,18800
2018-10-16,3.02,3.09,3,3.05,44400
2018-10-17,3.05,3.06,3.01,3.04,34600
2018-10-18,3.04,3.06,3.01,3.04,23700
2018-10-19,3.05,3.05,3.04,3.04,9500
2018-10-22,3.05,3.05,2.86,3,27900
2018-10-23,3.05,3.05,2.9,3,39600
2018-10-24,3.01,3.1,3.01,3.04,90700
2018-10-25,3.05,3.09,3.05,3.05,35000
2018-10-26,3.05,3.09,2.91,2.95,177800
2018-10-29,2.95,3.08,2.95,3,162900
2018-10-30,3,3,2.96,2.96,16800
2018-10-31,2.97,2.98,2.96,2.96,6800
2018-11-01,2.97,3.03,2.97,3.03,5200
2018-11-02,2.96,3.04,2.96,3.04,7300
2018-11-05,3.03,3.04,2.96,3,34700
2018-11-06,3.01,3.04,3.01,3.01,6300
2018-11-07,3.01,3.06,3.01,3.04,16600
2018-11-08,3.05,3.09,3.02,3.06,24200
2018-11-09,3.07,3.08,3.03,3.03,37700
2018-11-12,3.01,3.02,2.96,3,13200
2018-11-13,2.97,2.97,2.9,2.92,38900
2018-11-14,2.9,2.96,2.9,2.93,9600
2018-11-15,2.92,2.95,2.87,2.9,21200
2018-11-16,2.75,2.97,2.69,2.88,18800
2018-11-19,2.72,2.89,2.65,2.87,71700
2018-11-20,2.85,2.85,2.8,2.81,10000
2018-11-21,2.82,2.83,2.8,2.81,7100
2018-11-22,2.81,2.82,2.8,2.8,14400
2018-11-23,2.78,2.8,2.75,2.78,13800
2018-11-26,2.77,2.78,2.7,2.71,38100
2018-11-27,2.73,2.75,2.71,2.75,50200
2018-11-28,2.75,2.82,2.75,2.82,9000
2018-11-29,2.83,2.87,2.83,2.84,13900
2018-11-30,2.81,2.96,2.81,2.94,13300
2018-12-03,2.96,3.16,2.9,3.09,298600
2018-12-04,3.09,3.11,2.88,3.01,1065000
2018-12-05,3.02,3.08,2.98,3.01,62200
2018-12-06,2.99,3,2.88,2.92,102900
2018-12-07,2.92,2.98,2.92,2.96,69200
2018-12-10,2.96,3.03,2.91,3.01,90100
2018-12-11,2.95,3.03,2.94,3,73800
2018-12-12,3,3.03,2.99,3.03,45400
2018-12-13,3.02,3.03,2.98,3.01,45400
2018-12-14,2.75,3.07,2.75,2.99,192300
2018-12-17,2.93,3.01,2.93,2.97,141700
2018-12-18,2.97,3.03,2.96,2.99,146700
2018-12-19,2.9,3.01,2.9,3,33900
2018-12-20,2.97,3.02,2.97,2.98,109900
2018-12-21,2.99,3.06,2.96,3.02,173300
2018-12-24,2.97,2.97,2.85,2.9,61700
2018-12-27,2.74,3.01,2.74,2.99,90100
2018-12-28,2.87,3.05,2.87,3,181700
2018-12-31,2.97,3.12,2.94,3.1,224700
2019-01-02,3.07,3.18,3.07,3.12,126800
2019-01-03,3.1,3.1,3.01,3.04,95300
2019-01-04,3.05,3.05,2.96,2.99,49500
2019-01-07,3.05,3.05,2.98,2.99,35600
2019-01-08,2.98,3.01,2.98,2.98,6400
2019-01-09,3.08,3.08,2.95,2.96,30600
2019-01-10,2.93,3.01,2.93,2.98,39900
2019-01-11,3,3.01,2.96,3,27300
2019-01-14,3.01,3.02,2.97,3.01,142600
2019-01-15,2.99,3.02,2.99,3,4700
2019-01-16,3,3,2.95,2.99,5300
2019-01-17,3,3,2.92,2.92,17000
2019-01-18,2.96,2.96,2.9,2.93,24100
2019-01-21,2.92,2.94,2.86,2.94,9900
2019-01-22,2.98,2.98,2.93,2.97,14800
2019-01-23,3,3.09,3,3.07,35300
2019-01-24,3.03,3.09,3.02,3.08,3500
2019-01-25,3.05,3.14,3.05,3.13,12400
2019-01-28,3.11,3.19,3.05,3.17,24400
2019-01-29,3.16,3.18,3.15,3.18,1300
2019-01-30,3.16,3.22,3.06,3.2,58100
2019-01-31,3.22,3.24,3.21,3.22,13400
2019-02-01,3.21,3.23,3.21,3.23,33900
2019-02-04,3.23,3.27,3.23,3.26,22900
2019-02-05,3.24,3.26,3.2,3.23,32500
2019-02-06,3.23,3.24,3.14,3.18,44500
2019-02-07,3.2,3.21,3.15,3.18,10500
2019-02-08,3.17,3.19,3.15,3.19,4200
2019-02-11,3.17,3.26,3.15,3.25,8100
2019-02-12,3.25,3.28,3.24,3.25,13500
2019-02-13,3.18,3.28,3.18,3.25,6100
2019-02-14,3.25,3.28,3.25,3.26,9200
2019-02-15,3.28,3.29,3.22,3.28,7100
2019-02-19,3.17,3.27,3.17,3.27,31500
2019-02-20,3.26,3.38,3.26,3.36,27200
2019-02-21,3.32,3.42,3.26,3.41,39600
2019-02-22,3.42,3.43,3.4,3.4,3400
2019-02-25,3.4,3.48,3.4,3.48,38600
2019-02-26,3.46,3.48,3.34,3.38,32200
2019-02-27,3.39,3.57,3.39,3.45,575700
2019-02-28,3.46,3.46,3.22,3.35,242200
2019-03-01,3.35,3.48,3.35,3.45,56600
2019-03-04,3.4,3.41,3.3,3.32,156200
2019-03-05,3.33,3.37,3.33,3.34,11700
2019-03-06,3.34,3.37,3.3,3.35,60400
2019-03-07,3.35,3.37,3.33,3.35,19400
2019-03-08,3.33,3.35,3.32,3.33,20500
2019-03-11,3.29,3.33,3.29,3.31,18200
2019-03-12,3.33,3.36,3.31,3.34,21600
2019-03-13,3.32,3.36,3.32,3.35,23300
2019-03-14,3.31,3.33,3.26,3.26,54200
2019-03-15,3.3,3.35,3.2,3.26,151400
2019-03-18,3.28,3.3,3.27,3.29,107300
2019-03-19,3.3,3.36,3.23,3.27,58500
2019-03-20,3.3,3.37,3.3,3.31,77500
2019-03-21,3.31,3.36,3.3,3.36,58100
2019-03-22,3.34,3.35,3.27,3.31,39100
2019-03-25,3.25,3.33,3.24,3.33,146800
2019-03-26,3.33,3.53,3.33,3.52,310100
2019-03-27,3.52,3.52,3.47,3.5,118900
2019-03-28,3.5,3.65,3.46,3.49,182800
2019-03-29,3.49,3.62,3.46,3.62,153200
2019-04-01,3.66,3.75,3.66,3.74,200700
2019-04-02,3.75,3.83,3.67,3.73,325600
2019-04-03,3.7,3.74,3.68,3.71,58100
2019-04-04,3.71,3.72,3.64,3.66,103100
2019-04-05,3.65,3.72,3.6,3.66,834300
2019-04-08,3.62,3.67,3.61,3.64,34600
2019-04-09,3.64,3.65,3.6,3.65,26500
2019-04-10,3.62,3.63,3.55,3.6,39400
2019-04-11,3.6,3.62,3.58,3.6,18000
2019-04-12,3.6,3.63,3.57,3.6,28700
2019-04-15,3.55,3.6,3.55,3.57,19300
2019-04-16,3.56,3.62,3.55,3.6,20600
2019-04-17,3.6,3.6,3.54,3.6,24200
2019-04-18,3.6,3.62,3.53,3.59,45800
2019-04-22,3.57,3.57,3.35,3.35,28200
2019-04-23,3.37,3.45,3.36,3.43,52000
2019-04-24,3.44,3.5,3.44,3.46,37400
2019-04-25,3.46,3.52,3.46,3.5,61100
2019-04-26,3.56,3.65,3.5,3.65,63500
2019-04-29,3.69,3.69,3.64,3.66,100300
2019-04-30,3.73,3.73,3.63,3.65,62900
2019-05-01,3.31,3.34,3.09,3.24,137800
2019-05-02,3.27,3.27,2.93,3.01,118200
2019-05-03,3,3.02,2.79,2.95,906800
2019-05-06,3,3,2.89,2.95,83000
2019-05-07,2.94,2.94,2.89,2.9,70400
2019-05-08,2.87,2.88,2.83,2.85,69200
2019-05-09,2.81,2.84,2.8,2.81,45500
2019-05-10,2.81,2.83,2.8,2.83,15500
2019-05-13,2.82,2.82,2.76,2.81,67400
2019-05-14,2.82,2.83,2.8,2.8,118300
2019-05-15,2.8,2.82,2.77,2.79,24000
2019-05-16,2.79,2.84,2.75,2.79,105600
2019-05-17,2.86,2.88,2.8,2.84,34000
2019-05-21,2.82,3.07,2.8,3.07,113100
2019-05-22,3.05,3.21,2.89,2.89,298100
2019-05-23,2.89,2.95,2.85,2.87,58300
2019-05-24,2.85,2.85,2.78,2.81,82300
2019-05-27,2.83,2.85,2.77,2.8,86300
2019-05-28,2.81,2.84,2.8,2.83,18500
2019-05-29,2.83,2.98,2.83,2.95,42300
2019-05-30,2.95,2.95,2.92,2.93,55300
2019-05-31,2.92,2.92,2.86,2.86,35700
2019-06-03,2.87,2.87,2.75,2.75,15700
2019-06-04,2.76,2.76,2.74,2.76,1600
2019-06-05,2.79,2.8,2.73,2.73,30100
2019-06-06,2.74,2.74,2.7,2.7,8000
2019-06-07,2.69,2.71,2.68,2.68,41500
2019-06-10,2.69,2.69,2.5,2.6,62900
2019-06-11,2.6,2.7,2.6,2.66,39200
2019-06-12,2.75,2.75,2.6,2.67,19800
2019-06-13,2.69,2.69,2.66,2.67,5500
2019-06-14,2.6,2.73,2.6,2.73,17600
2019-06-17,2.74,2.75,2.73,2.75,3500
2019-06-18,2.78,2.84,2.78,2.84,10000
2019-06-19,2.84,2.84,2.8,2.8,16100
2019-06-20,2.8,2.8,2.75,2.75,4400
2019-06-21,2.76,2.76,2.71,2.71,6600
2019-06-24,2.84,2.84,2.74,2.77,4000
2019-06-25,2.75,2.75,2.67,2.73,10100
2019-06-26,2.7,2.72,2.7,2.71,1100
2019-06-27,2.7,2.7,2.69,2.7,1700
2019-06-28,2.69,2.71,2.66,2.66,38700
2019-07-02,2.65,2.65,2.6,2.62,6000
2019-07-03,2.61,2.62,2.54,2.57,11300
2019-07-04,2.72,2.72,2.66,2.67,5100
2019-07-05,2.66,2.66,2.64,2.65,3100
2019-07-08,2.64,2.64,2.58,2.6,71100
2019-07-09,2.64,2.64,2.57,2.61,20400
2019-07-10,2.63,2.63,2.57,2.6,3600
2019-07-11,2.59,2.62,2.57,2.59,6800
2019-07-12,2.56,2.59,2.5,2.59,38300
2019-07-15,2.57,2.63,2.53,2.53,27900
2019-07-16,2.56,2.57,2.49,2.54,64300
2019-07-17,2.56,2.71,2.48,2.7,51700
2019-07-18,2.68,2.72,2.65,2.69,35100
2019-07-19,2.68,2.7,2.67,2.69,5700
2019-07-22,2.69,2.7,2.67,2.7,23100
2019-07-23,2.68,2.68,2.62,2.64,90700
2019-07-24,2.64,2.69,2.64,2.68,8100
2019-07-25,2.64,2.64,2.4,2.42,102400
2019-07-26,2.39,2.4,2.19,2.2,551700
2019-07-29,2.25,2.25,2.12,2.18,138000
2019-07-30,2.16,2.24,2.14,2.2,125000
2019-07-31,2.19,2.24,2.19,2.22,56300
2019-08-01,2.21,2.21,2.18,2.18,28900
2019-08-02,2.17,2.17,2.1,2.16,45600
2019-08-06,2.23,2.23,1.98,2.08,54300
2019-08-07,1.99,2.07,1.99,2.07,12000
2019-08-08,2.08,2.16,2.07,2.08,16700
2019-08-09,2.17,2.17,2.09,2.11,15600
2019-08-12,2.24,2.32,2.16,2.25,114200
2019-08-13,2.3,2.39,2.25,2.28,107300
2019-08-14,2.3,2.3,2.21,2.26,18900
2019-08-15,2.27,2.29,2.24,2.27,22500
2019-08-16,2.27,2.62,2.27,2.31,113800
2019-08-19,2.38,2.38,2.17,2.29,57900
2019-08-20,2.26,2.32,2.26,2.32,5700
2019-08-21,2.29,2.33,2.24,2.27,19100
2019-08-22,2.21,2.31,2.21,2.31,8300
2019-08-23,2.37,2.38,2.33,2.37,3500
2019-08-26,2.38,2.4,2.34,2.39,14800
2019-08-27,2.42,2.52,2.4,2.5,62300
2019-08-28,2.45,2.46,2.41,2.41,21200
2019-08-29,2.38,2.41,2.32,2.35,113000
2019-08-30,2.35,2.35,2.34,2.34,6300
2019-09-03,2.34,2.34,2.32,2.32,1000
2019-09-04,2.33,2.34,2.33,2.33,3200
2019-09-05,2.43,2.43,2.3,2.31,22400
2019-09-06,2.33,2.38,2.33,2.38,8700
2019-09-09,2.35,2.35,2.23,2.24,59000
2019-09-10,2.25,2.33,2.25,2.33,20800
2019-09-11,2.33,2.33,2.33,2.33,0
2019-09-12,2.32,2.44,2.3,2.4,18100
2019-09-13,2.5,2.5,2.35,2.35,11100
2019-09-16,2.3,2.35,2.3,2.33,1900
2019-09-17,2.32,2.32,2.26,2.3,56000
2019-09-18,2.28,2.28,2.2,2.23,24100
2019-09-19,2.22,2.34,2.22,2.33,6900
2019-09-20,2.28,2.29,2.28,2.29,400
2019-09-23,2.22,2.28,2.22,2.28,2800
2019-09-24,2.31,2.45,2.28,2.28,8300
2019-09-25,2.3,2.39,2.3,2.39,3200
2019-09-26,2.29,2.3,2.26,2.26,5900
2019-09-27,2.32,2.32,2.18,2.2,66500
2019-09-30,2.19,2.21,2.19,2.19,19500
2019-10-01,2.18,2.19,2.15,2.15,7000
2019-10-02,2.27,2.27,2.08,2.1,67100
2019-10-03,2.08,2.11,2.08,2.1,10100
2019-10-04,2.06,2.1,2.06,2.09,2400
2019-10-07,2.05,2.08,2.05,2.08,5900
2019-10-08,2.09,2.1,2.09,2.1,2900
2019-10-09,2.09,2.1,2.09,2.1,1000
2019-10-10,2.06,2.1,2.06,2.09,4300
2019-10-11,2.14,2.14,2.09,2.09,11800
2019-10-15,2.14,2.17,2.09,2.17,7000
2019-10-16,2.19,2.19,2.19,2.19,1400
2019-10-17,2.19,2.23,2.19,2.23,5400
2019-10-18,2.19,2.3,2.17,2.21,32700
2019-10-21,2.23,2.28,2.23,2.27,2900
2019-10-22,2.29,2.29,2.26,2.29,1100
2019-10-23,2.29,2.29,2.26,2.26,500
2019-10-24,2.19,2.24,2.19,2.23,3100
2019-10-25,2.2,2.28,2.19,2.26,20100
2019-10-28,2.26,2.26,2.26,2.26,300
2019-10-29,2.27,2.32,2.26,2.32,16400
2019-10-30,2.34,2.34,2.23,2.23,2000
2019-10-31,2.22,2.22,2.15,2.2,74800
2019-11-01,2.2,2.22,2.16,2.18,29700
2019-11-04,2.16,2.2,2.16,2.2,11300
2019-11-05,2.18,2.18,2.05,2.05,57800
2019-11-06,2.05,2.13,2.04,2.05,189400
2019-11-07,2.06,2.06,1.92,2.05,29100
2019-11-08,2.03,2.05,1.92,1.95,14600
2019-11-11,2,2,1.99,2,19100
2019-11-12,2.1,2.1,1.98,2,30800
2019-11-13,2,2.04,2,2.02,8800
2019-11-14,2.04,2.06,2.02,2.05,14400
2019-11-15,2.08,2.08,2.02,2.03,17300
2019-11-18,2.07,2.09,2.02,2.05,38400
2019-11-19,2.02,2.09,2.01,2.09,12100
2019-11-20,2.08,2.11,2.08,2.08,10900
2019-11-21,2.1,2.1,2.04,2.05,18400
2019-11-22,2.03,2.05,2,2,18300
2019-11-25,2.01,2.01,1.99,2.01,13400
2019-11-26,2.03,2.07,2.03,2.05,39200
2019-11-27,2.06,2.14,2.06,2.14,56000
2019-11-28,2.16,2.2,2.14,2.14,16900
2019-11-29,2.12,2.12,2.08,2.12,20900
2019-12-02,2.11,2.17,2.09,2.17,6800
2019-12-03,2.22,2.25,2.2,2.2,4400
2019-12-04,2.21,2.36,2.2,2.33,18600
2019-12-05,2.32,2.32,2.16,2.16,45900
2019-12-06,2.2,2.21,2.16,2.2,67300
2019-12-09,2.2,2.3,2.18,2.29,248400
2019-12-10,2.28,2.28,2.2,2.2,99100
2019-12-11,2.17,2.22,2.17,2.21,134300
2019-12-12,2.22,2.26,2.21,2.25,173300
2019-12-13,2.22,2.25,2.2,2.22,134800
2019-12-16,2.23,2.3,2.18,2.29,305500
2019-12-17,2.31,2.35,2.29,2.3,40600
2019-12-18,2.31,2.31,2.29,2.29,4700
2019-12-19,2.28,2.3,2.27,2.29,16000
2019-12-20,2.3,2.33,2.3,2.33,4900
2019-12-23,2.33,2.35,2.3,2.34,14700
2019-12-24,2.38,2.47,2.38,2.47,60700
2019-12-27,2.55,2.55,2.4,2.41,8800
2019-12-30,2.41,2.45,2.41,2.45,2500
2019-12-31,2.45,2.47,2.45,2.46,5000
2020-01-02,2.44,2.44,2.42,2.43,5000
2020-01-03,2.45,2.45,2.41,2.41,3300
2020-01-06,2.42,2.42,2.31,2.39,43300
2020-01-07,2.4,2.4,2.38,2.38,4900
2020-01-08,2.38,2.38,2.34,2.34,1100
2020-01-09,2.35,2.37,2.26,2.28,35600
2020-01-10,2.28,2.28,2.27,2.27,1300
2020-01-13,2.27,2.29,2.27,2.28,3400
2020-01-14,2.29,2.31,2.29,2.3,44200
2020-01-15,2.34,2.35,2.27,2.3,22100
2020-01-16,2.29,2.31,2.29,2.31,3000
2020-01-17,2.3,2.33,2.28,2.33,6100
2020-01-20,2.48,2.48,2.35,2.35,6600
2020-01-21,2.36,2.36,2.3,2.3,4600
2020-01-22,2.28,2.31,2.28,2.31,1100
2020-01-23,2.29,2.34,2.29,2.34,3200
2020-01-24,2.35,2.37,2.35,2.37,500
2020-01-27,2.27,2.31,2.27,2.31,4100
2020-01-28,2.33,2.38,2.32,2.38,1700
2020-01-29,2.39,2.39,2.32,2.32,6400
2020-01-30,2.32,2.35,2.31,2.33,1000
2020-01-31,2.25,2.27,1.98,2.11,122600
2020-02-03,2.2,2.27,2.15,2.19,19600
2020-02-04,2.2,2.31,2.2,2.27,14500
2020-02-05,2.3,2.32,2.29,2.29,2800
2020-02-06,2.29,2.29,2.29,2.29,0
2020-02-07,2.25,2.27,2.23,2.27,32200
2020-02-10,2.24,2.25,2.22,2.22,65500
2020-02-11,2.23,2.25,2.22,2.25,11200
2020-02-12,2.24,2.29,2.24,2.29,3400
2020-02-13,2.31,2.32,2.31,2.32,200
2020-02-14,2.25,2.3,2.25,2.3,1800
2020-02-18,2.23,2.3,2.23,2.23,9700
2020-02-19,2.29,2.3,2.25,2.25,12600
2020-02-20,2.28,2.28,2.23,2.23,15200
2020-02-21,2.25,2.25,2.22,2.22,20200
2020-02-24,2.22,2.28,2.2,2.23,8700
2020-02-25,2.24,2.24,2.15,2.15,52700
2020-02-26,2.15,2.15,1.96,2.07,117500
2020-02-27,2.07,2.14,2.05,2.06,12800
2020-02-28,2.05,2.06,2,2.04,22400
2020-03-02,2,2.04,1.93,2.03,40500
2020-03-03,2.04,2.17,2,2.09,32800
2020-03-04,2.15,2.15,2.01,2.01,4000
2020-03-05,1.98,2.05,1.9,1.92,40100
2020-03-06,1.85,1.85,1.8,1.83,12600
2020-03-09,1.75,1.75,1.6,1.71,25100
2020-03-10,1.77,1.78,1.45,1.57,77100
2020-03-11,1.6,1.7,1.51,1.55,28800
2020-03-12,1.51,1.51,1.4,1.4,50600
2020-03-13,1.45,1.59,1.44,1.59,24500
2020-03-16,1.45,1.52,1.22,1.29,114000
2020-03-17,1.35,1.35,1.24,1.29,74100
2020-03-18,1.2,1.29,1.2,1.2,40100
2020-03-19,1.21,1.37,1.2,1.29,21300
2020-03-20,1.3,1.39,1.22,1.22,29600
2020-03-23,1.22,1.23,1.01,1.12,129000
2020-03-24,1.17,1.53,1.17,1.38,5600
2020-03-25,1.49,1.54,1.34,1.41,58100
2020-03-26,1.31,1.61,1.31,1.59,16500
2020-03-27,1.54,1.54,1.4,1.45,21900
2020-03-30,1.55,1.59,1.48,1.59,5100
2020-03-31,1.54,1.55,1.45,1.55,24000
2020-04-01,1.56,1.61,1.54,1.61,11200
2020-04-02,1.57,1.6,1.43,1.55,9900
2020-04-03,1.55,1.59,1.49,1.5,119700
2020-04-06,1.46,1.5,1.41,1.5,9900
2020-04-07,1.45,1.54,1.45,1.45,25300
2020-04-08,1.45,1.45,1.36,1.41,74000
2020-04-09,1.42,1.42,1.4,1.42,16800
2020-04-13,1.55,1.55,1.44,1.44,21300
2020-04-14,1.45,1.6,1.42,1.44,61600
2020-04-15,1.45,1.48,1.4,1.4,75200
2020-04-16,1.44,1.44,1.35,1.36,28000
2020-04-17,1.37,1.45,1.35,1.35,92400
2020-04-20,1.36,1.37,1.31,1.31,39900
2020-04-21,1.31,1.31,1.25,1.27,60400
2020-04-22,1.29,1.3,1.25,1.26,16400
2020-04-23,1.3,1.46,1.27,1.42,78700
2020-04-24,1.51,1.55,1.43,1.43,34500
2020-04-27,1.45,1.52,1.45,1.47,19200
2020-04-28,1.55,1.59,1.55,1.58,27900
2020-04-29,1.61,1.78,1.6,1.76,43000
2020-04-30,1.78,1.78,1.6,1.7,34600
2020-05-01,1.71,1.75,1.64,1.67,2800
2020-05-04,1.66,1.73,1.64,1.73,8900
2020-05-05,1.73,1.74,1.69,1.69,9100
2020-05-06,1.7,1.7,1.5,1.5,68500
2020-05-07,1.55,1.59,1.55,1.57,7100
2020-05-08,1.6,1.67,1.57,1.6,57600
2020-05-11,1.6,1.66,1.57,1.64,13800
2020-05-12,1.69,1.7,1.52,1.54,16100
2020-05-13,1.59,1.6,1.5,1.53,116000
2020-05-14,1.53,1.55,1.52,1.55,10900
2020-05-15,1.55,1.57,1.55,1.57,7000
2020-05-19,1.57,1.66,1.57,1.64,24600
2020-05-20,1.69,1.78,1.68,1.76,35600
2020-05-21,1.77,1.77,1.7,1.72,12500
2020-05-22,1.7,1.72,1.46,1.72,36900
2020-05-25,1.7,1.72,1.66,1.66,3700
2020-05-26,1.71,1.75,1.5,1.6,209700
2020-05-27,1.6,1.68,1.52,1.65,189800
2020-05-28,1.69,1.72,1.66,1.72,115500
2020-05-29,1.71,1.72,1.67,1.71,24400
2020-06-01,1.72,1.84,1.72,1.81,123200
2020-06-02,1.84,1.84,1.74,1.79,5400
2020-06-03,1.85,2.22,1.82,2.05,105000
2020-06-04,2.08,2.1,1.97,1.97,44500
2020-06-05,2.06,2.1,1.95,1.97,55900
2020-06-08,2,2.07,1.98,1.99,45700
2020-06-09,2,2,1.71,1.72,234100
2020-06-10,1.78,1.78,1.68,1.7,70800
2020-06-11,1.7,1.7,1.62,1.64,31500
2020-06-12,1.71,1.77,1.68,1.71,35300
2020-06-15,1.67,1.67,1.58,1.6,91600
2020-06-16,1.61,1.65,1.5,1.53,155200
2020-06-17,1.53,1.71,1.51,1.68,260800
2020-06-18,1.68,1.77,1.68,1.73,86700
2020-06-19,1.76,1.78,1.72,1.75,47700
2020-06-22,1.75,1.76,1.7,1.74,21100
2020-06-23,1.77,1.77,1.73,1.75,19000
2020-06-24,1.72,1.72,1.7,1.7,16600
2020-06-25,1.7,1.71,1.7,1.7,11600
2020-06-26,1.7,1.7,1.61,1.67,21800
2020-06-29,1.67,1.74,1.67,1.7,10200
2020-06-30,1.66,1.68,1.59,1.61,79900
2020-07-02,1.64,1.69,1.59,1.67,21300
2020-07-03,1.7,1.7,1.57,1.63,36100
2020-07-06,1.68,1.69,1.65,1.65,39100
2020-07-07,1.65,1.66,1.64,1.65,36300
2020-07-08,1.67,1.67,1.63,1.65,22500
2020-07-09,1.63,1.66,1.61,1.66,18000
2020-07-10,1.65,1.66,1.6,1.65,27300
2020-07-13,1.7,1.73,1.7,1.72,11800
2020-07-14,1.7,1.72,1.68,1.71,19300
2020-07-15,1.72,1.74,1.69,1.71,31400
2020-07-16,1.69,1.71,1.61,1.69,120300
2020-07-17,1.7,1.71,1.68,1.7,59200
2020-07-20,1.71,1.71,1.68,1.7,19700
2020-07-21,1.74,1.74,1.72,1.74,59500
2020-07-22,1.73,1.74,1.71,1.73,33800
2020-07-23,1.74,1.74,1.69,1.72,35300
2020-07-24,1.72,1.74,1.72,1.73,18100
2020-07-27,1.73,1.77,1.73,1.75,63500
2020-07-28,1.76,1.76,1.73,1.74,12900
2020-07-29,1.74,1.76,1.74,1.76,6400
2020-07-30,1.76,1.76,1.74,1.75,10400
2020-07-31,1.76,1.76,1.72,1.74,41700
2020-08-04,1.84,1.96,1.77,1.79,112800
2020-08-05,1.89,1.9,1.8,1.85,91800
2020-08-06,1.85,1.89,1.78,1.88,111700
2020-08-07,1.86,1.9,1.86,1.87,24900
2020-08-10,1.85,1.89,1.85,1.88,36900
2020-08-11,1.92,1.98,1.89,1.96,41400
2020-08-12,1.98,2.05,1.98,2.03,40000
2020-08-13,2.06,2.08,1.95,2.03,39700
2020-08-14,2,2.06,1.99,2.04,21800
2020-08-17,2.04,2.05,2,2.05,23100
2020-08-18,2.03,2.04,1.99,2.01,15900
2020-08-19,2,2.01,1.93,2,69100
2020-08-20,1.95,2.02,1.95,2.02,81400
2020-08-21,2.01,2.01,1.99,2.01,5700
2020-08-24,1.99,2.05,1.99,2.05,12800
2020-08-25,2.05,2.05,1.98,1.99,21600
2020-08-26,1.99,1.99,1.88,1.91,28700
2020-08-27,1.9,1.93,1.89,1.9,84600
2020-08-28,1.9,1.91,1.87,1.9,9000
2020-08-31,1.91,1.92,1.83,1.83,13500
2020-09-01,1.82,1.84,1.82,1.82,8200
2020-09-02,1.78,1.85,1.76,1.82,61800
2020-09-03,1.84,1.84,1.75,1.8,80600
2020-09-04,1.8,1.83,1.8,1.82,91300
2020-09-08,1.82,1.84,1.8,1.84,1900
2020-09-09,1.85,1.86,1.83,1.85,18200
2020-09-10,1.82,1.85,1.8,1.82,51100
2020-09-11,1.8,1.81,1.8,1.81,500
2020-09-14,1.8,1.81,1.76,1.8,12500
2020-09-15,1.84,1.87,1.84,1.87,14000
2020-09-16,1.86,1.86,1.8,1.83,12500
2020-09-17,1.85,1.86,1.82,1.86,10900
2020-09-18,1.85,1.85,1.82,1.82,21800
2020-09-21,1.8,1.82,1.8,1.8,86300
2020-09-22,1.8,1.81,1.8,1.81,164900
2020-09-23,1.8,1.81,1.79,1.79,109800
2020-09-24,1.79,1.81,1.77,1.77,27400
2020-09-25,1.76,1.78,1.74,1.76,37500
2020-09-28,1.76,1.8,1.71,1.75,50600
2020-09-29,1.75,1.79,1.71,1.76,77200
2020-09-30,1.77,1.79,1.77,1.79,12400
2020-10-01,1.77,1.8,1.51,1.79,42700
2020-10-02,1.78,1.78,1.78,1.78,43700
2020-10-05,1.79,1.88,1.75,1.82,191400
2020-10-06,1.85,1.85,1.73,1.81,143300
2020-10-07,1.85,2,1.79,1.95,124800
2020-10-08,1.97,1.98,1.94,1.98,37800
2020-10-09,1.98,2.09,1.98,2.05,139500
2020-10-13,2.08,2.08,1.97,1.98,252600
2020-10-14,1.98,2.03,1.98,2,51500
2020-10-15,1.98,1.98,1.93,1.95,74500
2020-10-16,1.97,1.97,1.91,1.91,56800
2020-10-19,1.95,1.96,1.84,1.85,131100
2020-10-20,1.87,1.98,1.87,1.97,42100
2020-10-21,1.95,2.01,1.95,1.99,54100
2020-10-22,2,2.01,1.94,2,77500
2020-10-23,2,2.08,1.95,2.03,129300
2020-10-26,2,2,1.94,1.97,42300
2020-10-27,1.99,2,1.99,1.99,9600
2020-10-28,1.97,1.97,1.9,1.95,59900
2020-10-29,1.95,2.01,1.92,1.98,76400
2020-10-30,1.97,1.98,1.94,1.95,61300
2020-11-02,1.96,1.99,1.96,1.98,17800
2020-11-03,1.99,2.03,1.99,2.01,18700
2020-11-04,2.03,2.05,2,2.01,55300
2020-11-05,2.05,2.1,2.05,2.06,69100
2020-11-06,2.06,2.26,2.06,2.25,105600
2020-11-09,2.35,2.4,2.12,2.4,129000
2020-11-10,2.36,2.41,2.28,2.34,42300
2020-11-11,2.4,2.4,2.08,2.3,182500
2020-11-12,2.28,2.34,2.14,2.17,113700
2020-11-13,2.22,2.26,2.22,2.25,31600
2020-11-16,2.26,2.42,2.26,2.39,249600
2020-11-17,2.36,2.38,2.33,2.33,20600
2020-11-18,2.36,2.41,2.36,2.4,32600
2020-11-19,2.35,2.39,2.35,2.39,79300
2020-11-20,2.37,2.41,2.34,2.34,33200
2020-11-23,2.32,2.34,2.2,2.32,64200
2020-11-24,2.32,2.39,2.3,2.38,108500
2020-11-25,2.4,2.41,2.31,2.31,134400
2020-11-26,2.3,2.4,2.3,2.4,123700
2020-11-27,2.34,2.42,2.34,2.4,152300
2020-11-30,2.44,2.65,2.43,2.48,201900
2020-12-01,2.5,2.59,2.48,2.52,109300
2020-12-02,2.5,2.52,2.4,2.48,47200
2020-12-03,2.41,2.47,2.35,2.43,74000
2020-12-04,2.44,2.44,2.35,2.42,41300
2020-12-07,2.42,2.45,2.37,2.45,15900
2020-12-08,2.38,2.43,2.35,2.42,28700
2020-12-09,2.41,2.44,2.32,2.33,59500
2020-12-10,2.32,2.36,2.3,2.36,41300
2020-12-11,2.37,2.37,2.3,2.33,30600
2020-12-14,2.3,2.36,2.28,2.34,41800
2020-12-15,2.34,2.38,2.25,2.38,61900
2020-12-16,2.39,2.39,2.34,2.38,12400
2020-12-17,2.32,2.39,2.31,2.36,16600
2020-12-18,2.35,2.43,2.35,2.41,54400
2020-12-21,2.39,2.42,2.33,2.41,60900
2020-12-22,2.38,2.51,2.32,2.46,88800
2020-12-23,2.47,2.66,2.47,2.66,54000
2020-12-24,2.64,2.64,2.58,2.63,20100
2020-12-29,2.65,2.76,2.64,2.75,84000
2020-12-30,2.8,3.06,2.8,2.91,67500
2020-12-31,2.86,2.96,2.75,2.95,71600
2021-01-04,3.05,3.4,3.05,3.19,306300
2021-01-05,3.35,3.35,3.28,3.33,205200
2021-01-06,3.44,3.45,3.09,3.25,143800
2021-01-07,3.3,3.3,3.18,3.19,61100
2021-01-08,3.21,3.25,3.02,3.17,100900
2021-01-11,3.21,3.35,3.06,3.28,113400
2021-01-12,3.37,3.44,3.19,3.26,95900
2021-01-13,3.32,3.34,3.14,3.14,56000
2021-01-14,3.15,3.43,3.08,3.29,129700
2021-01-15,3.3,3.44,3.19,3.2,134100
2021-01-18,3.21,3.4,3.2,3.28,113900
2021-01-19,3.31,3.31,3.22,3.27,50300
2021-01-20,3.32,3.35,3.23,3.27,47600
2021-01-21,3.38,3.44,3.31,3.44,104800
2021-01-22,3.42,3.58,3.34,3.45,133100
2021-01-25,3.45,3.58,3.34,3.55,67700
2021-01-26,3.6,4.05,3.57,4.01,486000
2021-01-27,4.1,4.1,3.78,3.92,306300
2021-01-28,3.93,4.03,3.84,3.89,140300
2021-01-29,3.9,3.9,3.61,3.64,175900
2021-02-01,3.78,3.85,3.71,3.78,418200
2021-02-02,3.9,3.97,3.8,3.82,353000
2021-02-03,3.89,3.96,3.82,3.93,183100
2021-02-04,3.95,4.15,3.95,4.02,404000
2021-02-05,4.05,4.37,4.05,4.13,391200
2021-02-08,4.37,4.37,4.11,4.22,261100
2021-02-09,4.21,4.21,4.1,4.16,125400
2021-02-10,4.19,4.23,4.05,4.05,196700
2021-02-11,4.05,4.14,3.91,3.91,149500
2021-02-12,3.86,4.06,3.85,4.05,132200
2021-02-16,4.11,4.33,4.07,4.33,501900
2021-02-17,4.27,4.28,4.1,4.25,379500
2021-02-18,4.35,4.35,4.17,4.27,377200
2021-02-19,4.29,4.52,4.26,4.48,255000
2021-02-22,4.5,4.52,4.24,4.35,234800
2021-02-23,4.34,4.35,4.09,4.3,275400
2021-02-24,4.2,4.71,4.2,4.53,422600
2021-02-25,4.7,4.8,4.59,4.63,373200
2021-02-26,4.68,4.73,4.5,4.73,359000
2021-03-01,4.75,4.75,4.55,4.57,183300
2021-03-02,4.58,4.62,4.47,4.55,191400
2021-03-03,4.45,4.64,4.45,4.62,148600
2021-03-04,4.59,4.63,4.32,4.43,205900
2021-03-05,4.4,4.61,4.31,4.6,1896800
2021-03-08,4.65,4.7,4.58,4.67,247600
2021-03-09,4.78,5.01,4.64,4.68,641400
2021-03-10,4.75,4.75,4.56,4.65,527400
2021-03-11,4.67,4.67,4.46,4.53,263300
2021-03-12,4.51,4.59,4.33,4.55,208700
2021-03-15,4.55,4.78,4.55,4.72,439900
2021-03-16,4.72,4.79,4.62,4.79,142800
2021-03-17,4.78,4.78,4.66,4.69,350000
2021-03-18,4.67,4.71,4.45,4.51,264500
2021-03-19,4.51,4.52,4.33,4.44,304300
2021-03-22,4.4,4.52,4.17,4.39,160900
2021-03-23,4.37,4.52,4.23,4.24,206400
2021-03-24,4.3,4.38,4.24,4.29,981600
2021-03-25,4.26,4.37,4.17,4.33,109900
2021-03-26,4.36,4.59,4.36,4.53,134300
2021-03-29,4.57,4.6,4.38,4.51,95200
2021-03-30,4.55,4.65,4.38,4.45,81200
2021-03-31,4.63,4.79,4.55,4.6,515500
2021-04-01,4.65,4.72,4.59,4.68,305300
2021-04-05,4.72,4.75,4.64,4.71,413000
2021-04-06,4.71,4.76,4.65,4.66,592800
2021-04-07,4.7,4.7,4.62,4.66,123500
2021-04-08,4.69,4.69,4.56,4.62,92200
2021-04-09,4.64,4.64,4.5,4.62,67600
2021-04-12,4.66,4.67,4.55,4.6,278700
2021-04-13,4.6,4.6,4.46,4.52,125900
2021-04-14,4.52,4.55,4.42,4.46,538100
2021-04-15,4.48,4.56,4.46,4.48,226800
2021-04-16,4.51,4.6,4.49,4.53,82600
2021-04-19,4.48,4.51,4.39,4.39,75600
2021-04-20,4.42,4.42,4.04,4.15,127500
2021-04-21,4.15,4.22,4.08,4.14,224300
2021-04-22,4.17,4.27,4.08,4.2,301600
2021-04-23,4.23,4.24,4.15,4.19,64400
2021-04-26,4.21,4.21,4.12,4.16,33100
2021-04-27,4.2,4.21,4.09,4.12,164500
2021-04-28,4.06,4.16,4.03,4.09,312900
2021-04-29,4.1,4.14,4,4.08,324500
2021-04-30,4.01,4.14,4.01,4.12,89300
2021-05-03,4.11,4.21,4.03,4.06,315500
2021-05-04,4.05,4.33,4.05,4.16,848900
2021-05-05,4.2,4.26,4.14,4.24,216500
2021-05-06,4.34,4.34,4.14,4.16,145000
2021-05-07,4.12,4.2,4.11,4.13,118900
2021-05-10,4.1,4.12,4,4.05,120400
2021-05-11,3.91,3.91,3.2,3.36,651800
2021-05-12,3.33,3.34,2.86,2.97,890800
2021-05-13,2.95,3.05,2.77,2.79,587700
2021-05-14,2.82,2.93,2.8,2.82,357500
2021-05-17,2.82,2.87,2.64,2.78,754800
2021-05-18,2.82,2.87,2.78,2.85,382800
2021-05-19,2.8,2.92,2.77,2.9,491800
2021-05-20,2.94,3.01,2.89,2.91,534800
2021-05-21,2.92,2.97,2.85,2.87,439100
2021-05-25,3,3.03,2.84,2.86,565100
2021-05-26,2.9,2.92,2.87,2.92,343400
2021-05-27,2.95,2.95,2.81,2.82,349400
2021-05-28,2.85,2.92,2.8,2.87,259600
2021-05-31,2.92,3.03,2.89,3,2042500
2021-06-01,3.04,3.06,2.91,2.95,263700
2021-06-02,3,3.19,2.92,3.06,661200
2021-06-03,3.05,3.18,2.98,3.17,201900
2021-06-04,3.18,3.2,3.06,3.07,253600
2021-06-07,3.13,3.2,3.11,3.13,339000
2021-06-08,3.18,3.18,3.04,3.07,191500
2021-06-09,3.06,3.12,3,3.1,131800
2021-06-10,3.13,3.14,3.07,3.08,92500
2021-06-11,3.1,3.13,3.02,3.05,106000
2021-06-14,3.08,3.14,3.05,3.05,158800
2021-06-15,3.04,3.06,2.98,3.01,268200
2021-06-16,3.04,3.04,2.96,2.98,106200
2021-06-17,2.95,3,2.85,2.89,243800
2021-06-18,2.88,2.9,2.78,2.82,193900
2021-06-21,2.81,2.9,2.79,2.86,160900
2021-06-22,2.88,2.88,2.8,2.85,50800
2021-06-23,2.87,2.91,2.82,2.88,41800
2021-06-24,2.88,3.02,2.88,2.95,178700
2021-06-25,2.95,2.95,2.89,2.92,107200
2021-06-28,2.98,2.98,2.88,2.9,87100
2021-06-29,2.95,3.02,2.94,2.95,71300
2021-06-30,2.95,3.01,2.9,2.95,143900
2021-07-02,2.91,2.95,2.89,2.92,113700
2021-07-05,2.93,2.93,2.9,2.93,50100
2021-07-06,2.93,2.93,2.85,2.89,138800
2021-07-07,2.89,2.9,2.81,2.82,115500
2021-07-08,2.81,2.81,2.71,2.77,154100
2021-07-09,2.8,2.91,2.8,2.9,75100
2021-07-12,2.88,2.89,2.83,2.85,41200
2021-07-13,2.85,2.86,2.81,2.82,100300
2021-07-14,2.78,2.81,2.76,2.8,52700
2021-07-15,2.79,2.84,2.75,2.77,83800
2021-07-16,2.8,2.84,2.67,2.69,201600
2021-07-19,2.64,2.65,2.53,2.58,142100
2021-07-20,2.6,2.72,2.59,2.64,95100
2021-07-21,2.66,2.75,2.65,2.69,168900
2021-07-22,2.78,2.78,2.63,2.7,84200
2021-07-23,2.71,2.71,2.64,2.64,67200
2021-07-26,2.66,2.67,2.6,2.66,25100
2021-07-27,2.66,2.66,2.6,2.62,29800
2021-07-28,2.62,2.7,2.59,2.61,73000
2021-07-29,2.58,2.72,2.58,2.72,31800
2021-07-30,2.71,2.73,2.65,2.66,96700
2021-08-03,2.78,2.78,2.65,2.67,46300
2021-08-04,2.75,2.87,2.6,2.86,1064400
2021-08-05,2.88,2.91,2.71,2.78,224300
2021-08-06,2.74,2.77,2.66,2.75,58500
2021-08-09,2.79,2.79,2.69,2.73,49700
2021-08-10,2.72,2.75,2.69,2.74,36400
2021-08-11,2.8,2.96,2.79,2.91,210200
2021-08-12,2.95,2.97,2.86,2.95,281700
2021-08-13,2.95,2.97,2.9,2.95,106800
2021-08-16,2.97,2.97,2.84,2.87,80700
2021-08-17,2.86,2.86,2.76,2.79,94700
2021-08-18,2.81,2.83,2.76,2.79,81300
2021-08-19,2.77,2.77,2.67,2.69,125000
2021-08-20,2.65,2.73,2.6,2.69,365900
2021-08-23,2.69,2.86,2.68,2.83,73700
2021-08-24,2.88,2.9,2.8,2.85,81700
2021-08-25,2.85,2.85,2.79,2.8,25900
2021-08-26,2.82,2.82,2.74,2.75,65200
2021-08-27,2.76,2.84,2.76,2.82,45700
2021-08-30,2.82,2.85,2.76,2.79,63400
2021-08-31,2.8,2.88,2.75,2.86,133300
2021-09-01,2.84,2.86,2.79,2.81,76600
2021-09-02,2.84,2.87,2.83,2.84,36900
2021-09-03,2.89,2.91,2.82,2.89,58600
2021-09-07,3.3,3.37,3.16,3.19,864800
2021-09-08,3.25,3.25,3.05,3.15,320300
2021-09-09,3.22,3.22,3.1,3.16,96600
2021-09-10,3.2,3.2,3.01,3.03,145600
2021-09-13,3.11,3.12,3,3.09,115800
2021-09-14,3.13,3.13,3,3.01,100600
2021-09-15,3.08,3.09,3.01,3.08,59000
2021-09-16,3.11,3.11,3.01,3.03,62900
2021-09-17,3.02,3.05,2.96,2.98,95800
2021-09-20,2.95,2.95,2.83,2.9,214100
2021-09-21,2.98,2.98,2.85,2.86,144700
2021-09-22,2.89,2.99,2.87,2.99,91600
2021-09-23,2.99,2.99,2.88,2.91,96000
2021-09-24,2.93,2.95,2.85,2.92,66300
2021-09-27,2.91,2.93,2.85,2.91,120200
2021-09-28,2.93,2.93,2.81,2.82,76200
2021-09-29,2.9,2.9,2.75,2.75,69500
2021-09-30,2.83,2.83,2.74,2.76,50200
2021-10-01,2.76,2.76,2.7,2.75,60000
2021-10-04,2.75,2.77,2.65,2.7,119100
2021-10-05,2.7,2.73,2.66,2.69,81300
2021-10-06,2.65,2.72,2.65,2.72,57200
2021-10-07,2.78,2.79,2.73,2.75,44100
2021-10-08,2.77,2.77,2.7,2.7,31800
2021-10-12,2.7,2.87,2.7,2.86,95400
2021-10-13,2.88,2.89,2.78,2.84,60200
2021-10-14,2.89,2.89,2.75,2.77,90000
2021-10-15,2.84,2.91,2.78,2.82,83400
2021-10-18,2.83,2.84,2.77,2.82,79700
2021-10-19,2.89,3.2,2.89,3.11,372500
2021-10-20,3.13,3.13,2.98,3.07,146400
2021-10-21,3.1,3.1,2.96,2.96,184600
2021-10-22,3.01,3.05,2.93,2.98,92200
2021-10-25,3.1,3.1,2.98,2.99,264700
2021-10-26,3.1,3.1,2.98,2.99,137500
2021-10-27,3,3.24,2.93,3.05,166900
2021-10-28,3.12,3.12,2.99,3.1,80700
2021-10-29,3.1,3.1,3.03,3.08,44900
2021-11-01,3.07,3.16,2.99,3,277900
2021-11-02,3.03,3.05,2.86,3.01,255100
2021-11-03,2.86,2.88,2.65,2.8,425200
2021-11-04,2.77,2.78,2.69,2.73,277400
2021-11-05,2.7,2.74,2.68,2.73,168000
2021-11-08,2.75,2.78,2.7,2.7,281500
2021-11-09,2.75,2.75,2.66,2.72,137100
2021-11-10,2.67,2.71,2.67,2.7,85500
2021-11-11,2.7,2.71,2.66,2.7,117600
2021-11-12,2.67,2.73,2.67,2.69,80300
2021-11-15,2.73,2.73,2.67,2.69,106700
2021-11-16,2.72,2.72,2.65,2.66,96100
2021-11-17,2.67,2.7,2.63,2.65,114200
2021-11-18,2.63,2.67,2.59,2.62,90800
2021-11-19,2.64,2.64,2.58,2.58,74400
2021-11-22,2.57,2.61,2.54,2.55,66000
2021-11-23,2.55,2.58,2.48,2.56,300500
2021-11-24,2.53,2.58,2.53,2.54,95300
2021-11-25,2.55,2.58,2.54,2.56,43600
2021-11-26,2.51,2.52,2.42,2.47,127500
2021-11-29,2.45,2.48,2.35,2.37,225700
2021-11-30,2.42,2.42,2.21,2.31,198100
2021-12-01,2.26,2.32,2.18,2.21,228500
2021-12-02,2.18,2.26,2.17,2.24,165200
2021-12-03,2.24,2.24,2.12,2.16,227100
2021-12-06,2.2,2.24,2.14,2.2,96400
2021-12-07,2.23,2.3,2.21,2.27,135800
2021-12-08,2.3,2.32,2.27,2.31,55200
2021-12-09,2.29,2.3,2.26,2.27,55600
2021-12-10,2.29,2.31,2.2,2.26,85800
2021-12-13,2.26,2.26,2.2,2.22,97600
2021-12-14,2.21,2.23,2.18,2.19,99800
2021-12-15,2.19,2.21,2.06,2.13,219900
2021-12-16,2.15,2.19,2.11,2.16,113600
2021-12-17,2.15,2.17,2.13,2.15,71800
2021-12-20,2.18,2.18,2.13,2.15,62200
2021-12-21,2.16,2.24,2.16,2.2,129400
2021-12-22,2.21,2.33,2.2,2.31,85400
2021-12-23,2.34,2.34,2.27,2.33,70700
2021-12-24,2.35,2.38,2.32,2.35,52900
2021-12-29,2.38,2.39,2.33,2.35,70100
2021-12-30,2.43,2.43,2.34,2.34,26600
2021-12-31,2.35,2.39,2.33,2.38,38200
2022-01-04,2.4,2.41,2.36,2.4,42300
2022-01-05,2.43,2.43,2.34,2.36,87600
2022-01-06,2.35,2.37,2.32,2.36,43000
2022-01-07,2.38,2.41,2.35,2.4,43100
2022-01-10,2.4,2.4,2.36,2.39,66000
2022-01-11,2.38,2.44,2.38,2.42,65600
2022-01-12,2.44,2.54,2.42,2.54,88500
2022-01-13,2.58,2.58,2.45,2.48,68500
2022-01-14,2.47,2.52,2.44,2.45,61500
2022-01-17,2.5,2.5,2.43,2.48,27000
2022-01-18,2.47,2.47,2.44,2.45,40400
2022-01-19,2.48,2.48,2.37,2.41,78000
2022-01-20,2.44,2.44,2.33,2.36,72900
2022-01-21,2.4,2.4,2.26,2.29,135100
2022-01-24,2.29,2.29,2.16,2.25,87400
2022-01-25,2.23,2.25,2.2,2.23,34300
2022-01-26,2.25,2.3,2.23,2.27,67700
2022-01-27,2.27,2.27,2.2,2.23,63400
2022-01-28,2.19,2.23,2.17,2.21,57800
2022-01-31,2.22,2.29,2.18,2.29,81400
2022-02-01,2.3,2.36,2.29,2.36,29300
2022-02-02,2.36,2.37,2.33,2.34,30600
2022-02-03,2.32,2.34,2.29,2.32,38800
2022-02-04,2.33,2.38,2.31,2.35,41900
2022-02-07,2.35,2.37,2.32,2.32,45900
2022-02-08,2.31,2.36,2.31,2.36,43800
2022-02-09,2.36,2.46,2.36,2.46,68800
2022-02-10,2.43,2.47,2.36,2.41,53600
2022-02-11,2.42,2.43,2.32,2.37,88100
2022-02-14,2.38,2.38,2.31,2.34,43700
2022-02-15,2.34,2.35,2.29,2.32,62400
2022-02-16,2.31,2.34,2.24,2.28,76000
2022-02-17,2.26,2.26,2.19,2.24,88700
2022-02-18,2.25,2.25,2.19,2.23,58300
2022-02-22,2.27,2.27,2.17,2.23,62100
2022-02-23,2.35,2.4,2.24,2.3,133000
2022-02-24,2.15,2.25,2.15,2.25,138100
2022-02-25,2.25,2.36,2.25,2.35,117800
2022-02-28,2.3,2.37,2.3,2.33,61200
2022-03-01,2.31,2.37,2.31,2.33,98100
2022-03-02,2.32,2.37,2.31,2.35,43700
2022-03-03,2.34,2.34,2.25,2.25,55200
2022-03-04,2.25,2.26,2.13,2.14,118600
2022-03-07,2.14,2.2,2.1,2.1,139200
2022-03-08,2.12,2.16,2.09,2.16,80900
2022-03-09,2.18,2.2,2.1,2.13,409700
2022-03-10,2.13,2.13,2.04,2.13,83000
2022-03-11,2.15,2.15,2.1,2.12,49100
2022-03-14,2.16,2.16,2,2.05,201200
2022-03-15,2.05,2.06,1.97,2.06,52900
2022-03-16,2.06,2.07,2.04,2.07,31600
2022-03-17,2.08,2.13,2.01,2.13,166800
2022-03-18,2.1,2.22,2.1,2.22,77600
2022-03-21,2.25,2.25,2.14,2.21,278200
2022-03-22,2.21,2.24,2.2,2.24,47900
2022-03-23,2.24,2.27,2.21,2.26,71200
2022-03-24,2.25,2.32,2.25,2.32,78900
2022-03-25,2.34,2.34,2.29,2.3,58400
2022-03-28,2.25,2.27,2.19,2.22,131200
2022-03-29,2.29,2.39,2.23,2.39,196800
2022-03-30,2.4,2.4,2.32,2.4,96400
2022-03-31,2.4,2.42,2.36,2.4,83300
2022-04-01,2.41,2.41,2.33,2.36,56400
2022-04-04,2.38,2.4,2.33,2.39,74500
2022-04-05,2.37,2.38,2.3,2.34,68500
2022-04-06,2.38,2.38,2.28,2.31,124400
2022-04-07,2.3,2.38,2.29,2.37,101400
2022-04-08,2.39,2.42,2.36,2.41,48700
2022-04-11,2.4,2.4,2.34,2.36,47700
2022-04-12,2.35,2.39,2.33,2.39,72500
2022-04-13,2.35,2.35,2.32,2.32,21100
2022-04-14,2.33,2.33,2.24,2.3,293400
2022-04-18,2.3,2.31,2.23,2.24,69100
2022-04-19,2.23,2.26,2.22,2.26,117400
2022-04-20,2.25,2.25,2.2,2.21,55200
2022-04-21,2.2,2.2,2.12,2.15,187700
2022-04-22,2.12,2.16,2.06,2.08,100700
2022-04-25,2.09,2.11,2.02,2.09,97600
2022-04-26,2.07,2.08,1.98,1.99,221600
2022-04-27,2.01,2.01,1.87,1.88,199100
2022-04-28,1.91,1.99,1.88,1.96,82200
2022-04-29,2,2,1.95,1.96,73900
2022-05-02,1.96,2.02,1.87,1.92,92600
2022-05-03,1.92,1.95,1.89,1.94,54400
2022-05-04,1.94,1.94,1.84,1.89,125400
2022-05-05,1.75,1.75,1.21,1.3,1462200
2022-05-06,1.38,1.39,1.19,1.22,544900
2022-05-09,1.19,1.19,1.03,1.08,540000
2022-05-10,1.1,1.27,1.1,1.25,764100
2022-05-11,1.31,1.31,1.15,1.2,387100
2022-05-12,1.17,1.18,1.08,1.12,218400
2022-05-13,1.13,1.26,1.13,1.21,209600
2022-05-16,1.26,1.26,1.18,1.21,89400
2022-05-17,1.24,1.3,1.24,1.3,128800
2022-05-18,1.3,1.3,1.17,1.2,128400
2022-05-19,1.24,1.25,1.16,1.19,115900
2022-05-20,1.21,1.21,1.16,1.19,107200
2022-05-24,1.22,1.22,1.19,1.19,38200
2022-05-25,1.21,1.28,1.18,1.21,90300
2022-05-26,1.26,1.39,1.24,1.36,187200
2022-05-27,1.37,1.55,1.31,1.47,200800
2022-05-30,1.58,1.71,1.56,1.58,303000
2022-05-31,1.62,1.64,1.55,1.58,120000
2022-06-01,1.58,1.59,1.56,1.56,105200
2022-06-02,1.57,1.62,1.57,1.6,55700
2022-06-03,1.6,1.6,1.52,1.56,60100
2022-06-06,1.6,1.62,1.56,1.62,77300
2022-06-07,1.63,1.74,1.6,1.73,355900
2022-06-08,1.75,1.75,1.6,1.63,95800
2022-06-09,1.61,1.61,1.56,1.58,56600
2022-06-10,1.55,1.57,1.53,1.57,63500
2022-06-13,1.57,1.57,1.45,1.48,78900
2022-06-14,1.51,1.51,1.36,1.4,98700
2022-06-15,1.42,1.45,1.4,1.44,40900
2022-06-16,1.4,1.42,1.31,1.33,77100
2022-06-17,1.35,1.39,1.29,1.33,45800
2022-06-20,1.37,1.38,1.35,1.36,12500
2022-06-21,1.43,1.43,1.35,1.37,50000
2022-06-22,1.36,1.4,1.36,1.38,10500
2022-06-23,1.39,1.42,1.33,1.34,43500
2022-06-24,1.37,1.41,1.34,1.37,46400
2022-06-27,1.39,1.42,1.35,1.41,8100
2022-06-28,1.43,1.47,1.42,1.43,21300
2022-06-29,1.45,1.46,1.39,1.41,10700
2022-06-30,1.4,1.41,1.36,1.38,8000
2022-07-04,1.41,1.45,1.41,1.44,6900
2022-07-05,1.33,1.43,1.31,1.43,30300
2022-07-06,1.43,1.47,1.41,1.47,20800
2022-07-07,1.48,1.53,1.47,1.51,22900
2022-07-08,1.51,1.53,1.5,1.53,14200
2022-07-11,1.5,1.51,1.45,1.48,14600
2022-07-12,1.48,1.51,1.4,1.43,41100
2022-07-13,1.41,1.42,1.4,1.4,4000
2022-07-14,1.39,1.41,1.32,1.33,82600
2022-07-15,1.35,1.37,1.26,1.28,154700
2022-07-18,1.28,1.39,1.28,1.34,39400
2022-07-19,1.38,1.41,1.38,1.38,26200
2022-07-20,1.34,1.39,1.33,1.36,12800
2022-07-21,1.37,1.4,1.32,1.32,43500
2022-07-22,1.33,1.43,1.33,1.38,24000
2022-07-25,1.42,1.45,1.39,1.43,38400
2022-07-26,1.43,1.49,1.42,1.48,16800
2022-07-27,1.45,1.65,1.41,1.6,76500
2022-07-28,1.56,1.65,1.56,1.62,45200
2022-07-29,1.64,1.88,1.55,1.79,135100
2022-08-02,1.75,1.75,1.65,1.69,25000
2022-08-03,1.75,1.87,1.73,1.83,127900
2022-08-04,1.95,1.95,1.73,1.78,44700
2022-08-05,1.78,1.92,1.78,1.88,93900
2022-08-08,1.94,1.98,1.87,1.93,21100
2022-08-09,1.89,1.98,1.86,1.95,41400
2022-08-10,1.94,1.95,1.89,1.95,11500
2022-08-11,1.95,1.95,1.84,1.89,43600
2022-08-12,1.83,1.89,1.73,1.85,81300
2022-08-15,1.82,1.92,1.78,1.91,61800
2022-08-16,1.85,1.86,1.78,1.78,88700
2022-08-17,1.76,1.83,1.73,1.75,84200
2022-08-18,1.75,1.84,1.72,1.83,23300
2022-08-19,1.77,1.78,1.72,1.78,10900
2022-08-22,1.7,1.77,1.61,1.75,123900
2022-08-23,1.78,1.8,1.77,1.8,40200
2022-08-24,1.79,1.88,1.78,1.87,50900
2022-08-25,1.86,1.86,1.78,1.78,8000
2022-08-26,1.75,1.76,1.69,1.74,27900
2022-08-29,1.71,1.73,1.68,1.7,22000
2022-08-30,1.7,1.72,1.67,1.68,13800
2022-08-31,1.71,1.71,1.66,1.68,100600
2022-09-01,1.65,1.68,1.64,1.68,4700
2022-09-02,1.7,1.7,1.56,1.69,58300
2022-09-06,1.62,1.64,1.59,1.62,8700
2022-09-07,1.59,1.7,1.59,1.7,4100
2022-09-08,1.67,1.73,1.67,1.71,12500
2022-09-09,1.71,1.72,1.65,1.69,28800
2022-09-12,1.72,1.72,1.62,1.65,16100
2022-09-13,1.61,1.63,1.55,1.58,551400
2022-09-14,1.45,1.65,1.45,1.6,56600
2022-09-15,1.56,1.66,1.56,1.66,19400
2022-09-16,1.64,1.75,1.5,1.75,98500
2022-09-19,1.7,1.71,1.64,1.69,12300
2022-09-20,1.67,1.67,1.62,1.67,11500
2022-09-21,1.62,1.68,1.62,1.63,35800
2022-09-22,1.63,1.65,1.53,1.54,29000
2022-09-23,1.53,1.53,1.33,1.34,57200
2022-09-26,1.38,1.49,1.38,1.49,38400
2022-09-27,1.5,1.62,1.5,1.6,13600
2022-09-28,1.61,1.75,1.53,1.74,48900
2022-09-29,1.7,1.83,1.66,1.81,241700
2022-09-30,1.83,1.83,1.63,1.67,128200
2022-10-03,1.7,1.7,1.6,1.62,228900
2022-10-04,1.67,1.68,1.61,1.63,452200
2022-10-05,1.6,1.63,1.55,1.62,20000
2022-10-06,1.62,1.62,1.58,1.59,51200
2022-10-07,1.58,1.59,1.5,1.53,66900
2022-10-11,1.53,1.56,1.46,1.5,100800
2022-10-12,1.48,1.68,1.48,1.68,42500
2022-10-13,1.65,1.71,1.6,1.65,58100
2022-10-14,1.66,1.66,1.49,1.53,154900
2022-10-17,1.51,1.73,1.51,1.73,102100
2022-10-18,1.79,1.89,1.73,1.89,124200
2022-10-19,1.88,1.89,1.77,1.83,98500
2022-10-20,1.85,1.87,1.8,1.82,33900
2022-10-21,1.8,1.84,1.8,1.84,25800
2022-10-24,1.84,1.95,1.83,1.95,108800
2022-10-25,1.91,2.08,1.91,2.02,102900
2022-10-26,2.01,2.05,1.99,2.05,52200
2022-10-27,2.03,2.06,2.03,2.03,27600
2022-10-28,2.03,2.08,2.02,2.07,74200
2022-10-31,2.25,2.48,2.24,2.36,637900
2022-11-01,2.44,2.49,2.33,2.44,271000
2022-11-02,2.4,2.4,2.16,2.26,212500
2022-11-03,2.23,2.43,2.22,2.41,208900
2022-11-04,2.45,2.45,2.35,2.42,129500
2022-11-07,2.42,2.6,2.42,2.55,141700
2022-11-08,2.52,2.59,2.44,2.46,57900
2022-11-09,2.48,2.55,2.48,2.51,83100
2022-11-10,2.51,2.55,2.46,2.51,141000
2022-11-11,2.51,2.53,2.46,2.52,55600
2022-11-14,2.51,2.53,2.37,2.39,80700
2022-11-15,2.43,2.54,2.43,2.52,505300
2022-11-16,2.51,2.7,2.5,2.62,226600
2022-11-17,2.6,2.79,2.57,2.73,540800
2022-11-18,2.73,2.85,2.73,2.85,377700
2022-11-21,2.88,3.05,2.82,2.92,897300
2022-11-22,2.98,3.03,2.83,3.02,480100
2022-11-23,3,3.22,2.95,3.18,635100
2022-11-24,3.18,3.22,3.04,3.11,348800
2022-11-25,3.09,3.19,3.01,3.06,114900
2022-11-28,3.09,3.16,2.9,2.92,252100
2022-11-29,2.94,3.05,2.88,3.03,182800
2022-11-30,3.09,3.14,2.93,3,96400
2022-12-01,2.98,3.02,2.85,2.85,155600
2022-12-02,2.8,2.96,2.71,2.88,271200
2022-12-05,2.88,2.88,2.7,2.76,181100
2022-12-06,2.74,2.88,2.74,2.87,121300
2022-12-07,2.87,3.04,2.86,3.04,274200
2022-12-08,3.01,3.09,2.93,2.95,182800
2022-12-09,3.01,3.01,2.88,2.91,65500
2022-12-12,2.88,2.89,2.77,2.81,163900
2022-12-13,2.84,2.84,2.67,2.69,131300
2022-12-14,2.69,2.77,2.66,2.73,85800
2022-12-15,2.68,2.74,2.5,2.53,104100
2022-12-16,2.52,2.62,2.45,2.54,100200
2022-12-19,2.54,2.54,2.46,2.5,61400
2022-12-20,2.46,2.55,2.46,2.52,63300
2022-12-21,2.56,2.75,2.52,2.72,146000
2022-12-22,2.69,2.7,2.55,2.62,115300
2022-12-23,2.58,2.63,2.55,2.61,72900
2022-12-28,2.5,2.66,2.48,2.58,273200
2022-12-29,2.62,2.8,2.55,2.74,90900
2022-12-30,2.71,2.92,2.7,2.91,254400
2023-01-03,2.93,2.98,2.75,2.95,323100
2023-01-04,2.95,2.95,2.81,2.87,239100
2023-01-05,2.85,3,2.83,2.95,149600
2023-01-06,2.93,3.02,2.9,2.98,76700
2023-01-09,2.94,2.98,2.89,2.92,75200
2023-01-10,2.89,2.92,2.82,2.86,51200
2023-01-11,2.87,3.02,2.86,3.02,158900
2023-01-12,3,3.01,2.92,2.96,37200
2023-01-13,2.92,2.98,2.92,2.94,47100
2023-01-16,2.95,3.01,2.91,2.99,45700
2023-01-17,2.98,3,2.9,2.9,114900
2023-01-18,2.91,2.96,2.87,2.9,76500
2023-01-19,2.85,2.99,2.81,2.93,85200
2023-01-20,2.9,3.02,2.9,3.02,134300
2023-01-23,3,3.15,3,3.04,191600
2023-01-24,3.05,3.23,3.04,3.17,220700
2023-01-25,3.13,3.22,3.08,3.14,91500
2023-01-26,3.16,3.19,3.1,3.16,59400
2023-01-27,3.15,3.18,3,3.05,137900
2023-01-30,3.09,3.09,2.91,3,131900
2023-01-31,3,3.18,3,3.16,90300
2023-02-01,3.11,3.2,3.03,3.2,141700
2023-02-02,3.16,3.2,3.13,3.19,174700
2023-02-03,3.14,3.21,3.14,3.17,26000
2023-02-06,3.16,3.16,2.98,3,123100
2023-02-07,2.96,3.05,2.88,3,200300
2023-02-08,2.96,3.1,2.93,3.02,54500
2023-02-09,2.99,3.04,2.88,2.93,132400
2023-02-10,2.9,2.96,2.9,2.9,92100
2023-02-13,2.9,2.94,2.81,2.85,185500
2023-02-14,2.8,2.82,2.72,2.8,110600
2023-02-15,2.75,2.82,2.72,2.8,46400
2023-02-16,2.8,2.85,2.73,2.76,214800
2023-02-17,2.76,2.95,2.75,2.91,96700
2023-02-21,2.84,2.88,2.73,2.73,85100
2023-02-22,2.71,2.85,2.55,2.57,178200
2023-02-23,2.7,2.81,2.55,2.57,172300
2023-02-24,2.53,2.65,2.53,2.61,657300
2023-02-27,2.6,2.68,2.57,2.65,165800
2023-02-28,2.68,2.68,2.61,2.64,30400
2023-03-01,2.66,2.72,2.59,2.63,190700
2023-03-02,2.64,2.8,2.63,2.77,160800
2023-03-03,2.77,3.07,2.77,3.05,718600
2023-03-06,3.02,3.38,2.99,3.37,1586000
2023-03-07,3.4,3.55,3.25,3.4,1612800
2023-03-08,3.39,3.65,3.38,3.6,857100
2023-03-09,3.62,3.8,3.5,3.61,1056900
2023-03-10,3.54,3.73,3.54,3.61,662900
2023-03-13,3.55,3.58,3.39,3.54,511800
2023-03-14,3.6,3.9,3.6,3.75,2901100
2023-03-15,3.65,3.68,3.38,3.65,464600
2023-03-16,3.62,3.73,3.53,3.62,236600
2023-03-17,3.58,3.62,3.35,3.35,340400
2023-03-20,3.36,3.54,3.35,3.49,129800
2023-03-21,3.51,3.55,3.44,3.47,142500
2023-03-22,3.45,3.57,3.41,3.46,84500
2023-03-23,3.46,3.55,3.4,3.45,196600
2023-03-24,3.39,3.45,3.35,3.42,60200
2023-03-27,3.47,3.47,3.3,3.32,95800
2023-03-28,3.26,3.33,3.25,3.31,127300
2023-03-29,3.36,3.44,3.33,3.43,93900
2023-03-30,3.45,3.45,3.28,3.3,131400
2023-03-31,3.29,3.49,3.25,3.44,154500
2023-04-03,3.41,3.57,3.34,3.57,557500
2023-04-04,3.57,3.57,3.38,3.44,390100
2023-04-05,3.48,3.48,3.36,3.39,152300
2023-04-06,3.39,3.39,3.33,3.39,185000
2023-04-10,3.3,3.46,3.29,3.46,80300
2023-04-11,3.48,3.6,3.48,3.53,380600
2023-04-12,3.51,3.58,3.37,3.4,140700
2023-04-13,3.38,3.4,3.32,3.39,34800
2023-04-14,3.37,3.4,3.32,3.36,48200
2023-04-17,3.38,3.4,3.32,3.38,163000
2023-04-18,3.42,3.42,3.25,3.31,168100
2023-04-19,3.3,3.45,3.29,3.38,126200
2023-04-20,3.37,3.43,3.22,3.26,290300
2023-04-21,3.25,3.3,3.15,3.25,297300
2023-04-24,3.28,3.28,3.15,3.2,83200
2023-04-25,3.2,3.2,3.1,3.16,142400
2023-04-26,3.15,3.19,3.09,3.13,153100
2023-04-27,3.13,3.15,3.07,3.15,130200
2023-04-28,3.15,3.17,3.05,3.05,88200
2023-05-01,3.06,3.15,3.06,3.12,281300
2023-05-02,3.08,3.15,3.03,3.06,74100
2023-05-03,3.07,3.08,3,3.08,283100
2023-05-04,3.15,3.2,3.04,3.06,98000
2023-05-05,3.12,3.31,3.11,3.26,249800
2023-05-08,3.3,3.32,3.19,3.21,195300
2023-05-09,3.16,3.24,3.15,3.24,123100
2023-05-10,3.24,3.34,3.18,3.21,432300
2023-05-11,3.18,3.2,3,3.05,219900
2023-05-12,3.05,3.4,3.03,3.33,470900
2023-05-15,3.41,3.47,3.3,3.4,169600
2023-05-16,3.4,3.4,3.24,3.27,195900
2023-05-17,3.31,3.38,3.19,3.36,134100
2023-05-18,3.38,3.48,3.33,3.35,372300
2023-05-19,3.37,3.4,3.29,3.36,390200
2023-05-23,3.41,3.41,3.2,3.24,128800
2023-05-24,3.21,3.21,3.09,3.13,106300
2023-05-25,3.15,3.18,3.05,3.1,135000
2023-05-26,3.09,3.12,3.03,3.06,124500
2023-05-29,3.05,3.06,2.97,3.02,68300
2023-05-30,3.07,3.07,2.96,2.96,132500
2023-05-31,2.97,3.06,2.86,3.04,395200
2023-06-01,3.03,3.21,2.99,3.15,238000
2023-06-02,3.16,3.31,3.15,3.26,735800
2023-06-05,3.26,3.34,3.18,3.18,99800
2023-06-06,3.1,3.22,3.1,3.22,28200
2023-06-07,3.21,3.25,3.13,3.15,59400
2023-06-08,3.11,3.19,3.11,3.17,99700
2023-06-09,3.16,3.24,3.15,3.21,68100
2023-06-12,3.19,3.26,3.16,3.26,11200
2023-06-13,3.24,3.33,3.23,3.23,396200
2023-06-14,3.22,3.29,3.2,3.25,18100
2023-06-15,3.22,3.26,3.17,3.24,42300
2023-06-16,3.2,3.24,3.12,3.15,31300
2023-06-19,3.16,3.19,3.15,3.18,1200
2023-06-20,3.16,3.33,3.11,3.24,420200
2023-06-21,3.24,3.24,3.07,3.11,131600
2023-06-22,3.14,3.14,3.07,3.12,41900
2023-06-23,3.1,3.1,3.05,3.05,52800
2023-06-26,3.08,3.08,2.99,3.01,56900
2023-06-27,3.02,3.09,2.96,3.08,277400
2023-06-28,3.09,3.25,3.06,3.19,247100
2023-06-29,3.18,3.19,3.16,3.16,20300
2023-06-30,3.13,3.28,3.13,3.26,150100
2023-07-04,3.34,3.6,3.34,3.55,1850700
2023-07-05,3.6,3.7,3.54,3.59,456300
2023-07-06,3.6,3.6,3.43,3.44,412900
2023-07-07,3.51,3.64,3.45,3.61,561700
2023-07-10,3.61,3.7,3.59,3.7,381900
2023-07-11,3.69,3.76,3.68,3.74,271200
2023-07-12,3.8,3.8,3.59,3.65,100800
2023-07-13,3.62,3.62,3.55,3.6,93300
2023-07-14,3.6,3.6,3.47,3.57,82600
2023-07-17,3.58,3.61,3.46,3.58,41700
2023-07-18,3.54,3.55,3.47,3.52,57800
2023-07-19,3.52,3.57,3.5,3.57,26000
2023-07-20,3.52,3.55,3.44,3.45,39300
2023-07-21,3.46,3.53,3.43,3.5,56900
2023-07-24,3.49,3.57,3.45,3.55,140900
2023-07-25,3.56,3.68,3.55,3.6,111500
2023-07-26,3.61,3.72,3.61,3.69,67300
2023-07-27,3.68,3.74,3.47,3.51,187500
2023-07-28,3.65,3.8,3.6,3.8,273700
2023-07-31,3.8,3.84,3.68,3.7,138400
2023-08-01,3.69,3.73,3.62,3.62,41500
2023-08-02,3.8,3.93,3.6,3.83,841500
2023-08-03,3.87,3.87,3.67,3.7,134900
2023-08-04,3.71,3.94,3.6,3.79,1075100
2023-08-08,3.76,3.86,3.68,3.78,555400
2023-08-09,3.79,3.88,3.77,3.79,226100
2023-08-10,3.79,3.98,3.71,3.91,1160100
2023-08-11,3.96,3.96,3.82,3.9,266500
2023-08-14,3.86,3.86,3.76,3.81,84900
2023-08-15,3.81,3.81,3.6,3.69,148300
2023-08-16,3.63,3.71,3.6,3.6,292500
2023-08-17,3.57,3.68,3.56,3.6,96100
2023-08-18,3.6,3.69,3.58,3.62,51900
2023-08-21,3.61,3.69,3.56,3.57,59000
2023-08-22,3.6,3.6,3.53,3.58,135900
2023-08-23,3.6,3.76,3.59,3.76,141100
2023-08-24,3.76,3.76,3.55,3.55,88200
2023-08-25,3.6,3.6,3.52,3.55,91800
2023-08-28,3.55,3.66,3.55,3.58,64300
2023-08-29,3.62,3.67,3.62,3.62,35900
2023-08-30,3.65,3.65,3.55,3.55,26500
2023-08-31,3.56,3.6,3.5,3.52,118700
2023-09-01,3.55,3.65,3.55,3.6,28600
2023-09-05,3.55,3.62,3.55,3.55,52800
2023-09-06,3.56,3.6,3.5,3.54,107100
2023-09-07,3.52,3.56,3.45,3.52,104500
2023-09-08,3.54,3.55,3.45,3.52,87300
2023-09-11,3.5,3.56,3.5,3.56,65200
2023-09-12,3.6,3.62,3.54,3.59,63700
2023-09-13,3.61,3.61,3.54,3.56,355000
2023-09-14,3.57,3.58,3.51,3.58,83200
2023-09-15,3.56,3.62,3.54,3.55,96500
2023-09-18,3.55,3.55,3.45,3.47,163300
2023-09-19,3.44,3.46,3.38,3.42,136200
2023-09-20,3.41,3.49,3.4,3.45,54000
2023-09-21,3.43,3.43,3.32,3.34,54200
2023-09-22,3.31,3.44,3.31,3.4,60800
2023-09-25,3.4,3.45,3.4,3.41,36700
2023-09-26,3.42,3.44,3.27,3.3,150300
2023-09-27,3.25,3.42,3.25,3.37,129200
2023-09-28,3.31,3.52,3.31,3.5,72500
2023-09-29,3.58,3.58,3.46,3.5,180100
2023-10-02,3.49,3.49,3.19,3.26,34500
2023-10-03,3.27,3.27,3.14,3.23,61000
2023-10-04,3.31,3.32,3.22,3.32,44200
2023-10-05,3.22,3.29,3.22,3.27,38900
2023-10-06,3.23,3.34,3.23,3.29,33600
2023-10-10,3.3,3.35,3.28,3.32,12600
2023-10-11,3.28,3.4,3.28,3.37,30900
2023-10-12,3.35,3.35,3.25,3.28,163200
2023-10-13,3.28,3.33,3.27,3.29,17000
2023-10-16,3.34,3.38,3.22,3.37,889200
2023-10-17,3.36,3.43,3.3,3.31,48200
2023-10-18,3.36,3.36,3.3,3.3,41300
2023-10-19,3.36,3.4,3.26,3.35,34900
2023-10-20,3.38,3.38,3.28,3.3,500600
2023-10-23,3.33,3.36,3.24,3.32,97900
2023-10-24,3.34,3.37,3.32,3.35,102300
2023-10-25,3.31,3.35,3.25,3.26,317400
2023-10-26,3.23,3.23,2.99,3.05,170200
2023-10-27,3.08,3.29,3.08,3.22,295500
2023-10-30,3.29,3.38,3.25,3.29,143200
2023-10-31,3.33,3.35,3.25,3.3,62200
2023-11-01,3.35,3.41,3.26,3.33,22500
2023-11-02,3.25,3.48,3.25,3.45,166900
2023-11-03,3.45,3.58,3.44,3.45,18100
2023-11-06,3.47,3.52,3.34,3.36,19000
2023-11-07,3.3,3.4,3.3,3.33,20800
2023-11-08,3.2,3.46,3.2,3.21,118600
2023-11-09,3.28,3.32,3.27,3.3,36800
2023-11-10,3.3,3.33,3.29,3.3,39200
2023-11-13,3.3,3.31,3.21,3.21,42100
2023-11-14,3.2,3.41,3.2,3.33,100300
2023-11-15,3.37,3.42,3.28,3.29,78700
2023-11-16,3.26,3.37,3.25,3.34,64300
2023-11-17,3.39,3.43,3.38,3.38,35600
2023-11-20,3.41,3.44,3.4,3.4,37700
2023-11-21,3.38,3.38,3.34,3.37,13400
2023-11-22,3.38,3.38,3.28,3.35,37600
2023-11-23,3.4,3.4,3.32,3.34,11800
2023-11-24,3.31,3.39,3.26,3.26,9000
2023-11-27,3.32,3.35,3.28,3.31,64500
2023-11-28,3.3,3.3,3.24,3.24,40100
2023-11-29,3.24,3.34,3.24,3.29,32800
2023-11-30,3.3,3.38,3.28,3.3,33900
2023-12-01,3.35,3.35,3.26,3.28,50100
2023-12-04,3.26,3.31,3.17,3.2,98900
2023-12-05,3.2,3.22,3.15,3.18,48000
2023-12-06,3.23,3.23,3.16,3.16,46300
2023-12-07,3.12,3.2,3.12,3.2,42600
2023-12-08,3.2,3.2,3.11,3.11,49000
2023-12-11,3.1,3.21,3.05,3.19,173600
2023-12-12,3.17,3.44,3.17,3.36,424700
2023-12-13,3.4,3.56,3.32,3.54,86400
2023-12-14,3.56,3.74,3.56,3.67,113800
2023-12-15,3.64,3.72,3.56,3.56,26700
2023-12-18,3.52,3.65,3.52,3.6,27200
2023-12-19,3.57,3.72,3.57,3.61,22200
2023-12-20,3.68,3.68,3.53,3.58,49900
2023-12-21,3.6,3.62,3.49,3.61,105600
2023-12-22,3.64,3.75,3.6,3.7,68400
2023-12-27,3.75,3.78,3.67,3.74,51400
2023-12-28,3.73,3.83,3.7,3.75,42500
2023-12-29,3.79,3.84,3.75,3.78,50000
2024-01-02,3.8,3.8,3.62,3.63,75800
2024-01-03,3.65,3.74,3.59,3.7,53400
2024-01-04,3.7,3.73,3.62,3.63,36100
2024-01-05,3.62,3.62,3.47,3.58,35900
2024-01-08,3.62,3.63,3.54,3.58,35000
2024-01-09,3.58,3.68,3.58,3.61,68800
2024-01-10,3.65,3.7,3.6,3.68,48000
2024-01-11,3.67,3.7,3.65,3.65,101200
2024-01-12,3.65,3.7,3.62,3.65,39300
2024-01-15,3.65,3.66,3.62,3.62,30300
2024-01-16,3.62,3.63,3.48,3.52,129500
2024-01-17,3.52,3.52,3.33,3.46,87400
2024-01-18,3.51,3.51,3.43,3.48,62300
2024-01-19,3.5,3.61,3.48,3.61,34700
2024-01-22,3.57,3.68,3.56,3.63,45000
2024-01-23,3.59,3.67,3.59,3.66,27100
2024-01-24,3.66,3.74,3.62,3.66,112400
2024-01-25,3.68,3.72,3.65,3.72,59500
2024-01-26,3.68,3.79,3.68,3.7,22800
2024-01-29,3.65,3.71,3.59,3.68,182400
2024-01-30,3.65,3.75,3.65,3.7,29800
2024-01-31,3.67,3.7,3.66,3.66,28600
2024-02-01,3.69,3.88,3.66,3.88,124500
2024-02-02,3.9,4,3.9,3.98,167400
2024-02-05,4,4.15,3.9,4.11,303900
2024-02-06,4.11,4.35,4.11,4.35,811600
2024-02-07,4.34,4.47,4.16,4.19,359500
2024-02-08,4.22,4.44,4.22,4.32,370800
2024-02-09,4.24,4.41,4.24,4.35,47800
2024-02-12,4.3,4.43,4.27,4.3,48000
2024-02-13,4.28,4.28,4.09,4.17,96400
2024-02-14,4.22,4.27,4.18,4.27,19900
2024-02-15,4.24,4.35,4.24,4.31,22800
2024-02-16,4.2,4.37,4.2,4.32,20500
2024-02-20,4.3,4.38,4.27,4.36,33300
2024-02-21,4.34,4.38,4.33,4.38,11400
2024-02-22,4.39,4.42,4.36,4.42,39800
2024-02-23,4.42,4.44,4.39,4.43,40000
2024-02-26,4.34,4.48,4.26,4.31,174700
2024-02-27,4.38,4.5,4.32,4.49,129400
2024-02-28,4.33,4.44,4.31,4.32,200700
2024-02-29,4.4,4.43,4.3,4.4,307200
2024-03-01,4.44,4.72,4.43,4.7,266600
2024-03-04,4.74,4.75,4.56,4.64,257600
2024-03-05,4.58,4.65,4.43,4.51,134900
2024-03-06,4.51,4.58,4.42,4.51,44500
2024-03-07,4.54,4.59,4.45,4.57,33700
2024-03-08,4.58,4.65,4.53,4.58,113300
2024-03-11,4.63,4.63,4.53,4.57,88200
2024-03-12,4.57,4.57,4.48,4.52,26200
2024-03-13,4.52,4.53,4.43,4.48,69900
2024-03-14,4.44,4.44,4.33,4.39,99800
2024-03-15,4.45,4.45,4.3,4.31,46100
2024-03-18,4.35,4.4,4.29,4.32,84100
2024-03-19,4.3,4.39,4.29,4.38,142300
2024-03-20,4.35,4.55,4.34,4.51,40900
2024-03-21,4.55,4.82,4.55,4.76,153000
2024-03-22,4.78,4.96,4.7,4.87,202900
2024-03-25,4.9,5.1,4.85,4.85,161800
2024-03-26,4.94,4.95,4.85,4.89,50700
2024-03-27,4.88,5,4.85,5,135000
2024-03-28,5,5.13,5,5,91100
2024-04-01,5.08,5.08,4.93,4.93,62400
2024-04-02,4.91,4.93,4.82,4.93,48000
2024-04-03,4.88,4.95,4.88,4.9,10400
2024-04-04,4.98,5.07,4.82,4.83,42300
2024-04-05,4.87,4.88,4.83,4.84,29600
2024-04-08,4.88,4.88,4.81,4.83,14500
2024-04-09,4.88,4.88,4.75,4.76,28600
2024-04-10,4.7,4.86,4.7,4.84,436700
2024-04-11,4.77,4.97,4.77,4.96,179200
2024-04-12,5,5,4.77,4.84,111600
2024-04-15,4.99,4.99,4.72,4.76,33500
2024-04-16,4.76,4.84,4.67,4.82,20300
2024-04-17,4.85,4.85,4.68,4.7,33900
2024-04-18,4.7,4.82,4.7,4.77,48100
2024-04-19,4.8,4.82,4.54,4.64,60300
2024-04-22,4.75,5,4.75,4.88,258900
2024-04-23,4.92,4.92,4.76,4.76,36400
2024-04-24,4.8,4.8,4.62,4.68,51800
2024-04-25,4.62,4.69,4.57,4.69,25800
2024-04-26,4.69,4.85,4.69,4.84,37200
2024-04-29,4.9,4.9,4.7,4.71,28900
2024-04-30,4.65,4.74,4.63,4.67,23200
2024-05-01,4.71,4.71,4.58,4.66,61600
2024-05-02,4.64,4.71,4.61,4.61,59400
2024-05-03,4.7,4.77,4.68,4.75,66500
2024-05-06,4.83,4.83,4.71,4.78,88000
2024-05-07,4.88,5.25,4.88,5.15,426100
2024-05-08,5.16,5.16,4.99,5.08,161400
2024-05-09,5.08,5.19,5.03,5.11,243400
2024-05-10,5.16,5.17,5.06,5.12,33000
2024-05-13,5.15,5.19,5.07,5.18,51500
2024-05-14,5.19,5.24,5.18,5.23,59700
2024-05-15,5.24,5.35,5.17,5.33,301700
2024-05-16,5.35,5.43,5.21,5.41,103700
2024-05-17,5.41,5.41,5.26,5.32,44200
2024-05-21,5.37,5.49,5.2,5.31,94200
2024-05-22,5.25,5.43,5.24,5.41,77900
2024-05-23,5.41,5.6,5.41,5.44,128100
2024-05-24,5.47,6,5.47,5.97,230900
2024-05-27,6.05,6.17,5.97,6.05,146400
2024-05-28,6.08,6.11,5.92,5.97,100000
2024-05-29,5.88,6,5.84,5.86,69100
2024-05-30,5.87,5.94,5.72,5.72,49600
2024-05-31,5.72,5.78,5.63,5.77,70700
2024-06-03,5.81,5.84,5.59,5.69,32500
2024-06-04,6,6,5.75,5.87,131800
2024-06-05,5.97,6.01,5.88,5.95,139300
2024-06-06,6,6,5.75,5.79,135200
2024-06-07,5.7,6.04,5.7,5.96,417600
2024-06-10,6,6.24,5.95,6.17,100400
2024-06-11,6.15,6.15,6.02,6.07,431100
2024-06-12,6.13,6.15,5.9,5.98,104600
2024-06-13,5.98,6.01,5.91,6,165700
2024-06-14,5.96,6.03,5.91,6,269800
2024-06-17,5.98,5.98,5.76,5.8,176500
2024-06-18,5.8,5.88,5.71,5.77,102500
2024-06-19,5.75,5.83,5.66,5.69,97000
2024-06-20,5.75,5.77,5.67,5.75,66500
2024-06-21,5.62,5.77,5.56,5.77,186500
2024-06-24,5.81,5.95,5.79,5.89,95700
2024-06-25,5.86,6.26,5.82,6.17,248100
2024-06-26,6.18,6.32,6.08,6.17,318100
2024-06-27,6.19,6.35,6.18,6.34,115600
2024-06-28,6.32,6.37,6.15,6.26,259200
2024-07-02,6.26,6.28,6.08,6.28,146100
2024-07-03,6.25,6.34,6.22,6.24,91500
2024-07-04,6.24,6.34,6.23,6.25,15200
2024-07-05,6.32,6.32,5.92,5.92,158100
2024-07-08,5.92,5.97,5.86,5.88,43800
2024-07-09,5.88,5.89,5.72,5.75,86000
2024-07-10,5.77,5.9,5.72,5.88,69300
2024-07-11,5.88,5.92,5.74,5.88,39900
2024-07-12,5.85,6.1,5.81,6,92000
2024-07-15,6.05,6.13,5.96,5.99,106400
2024-07-16,5.99,6.07,5.82,6.01,84000
2024-07-17,5.98,6,5.68,5.7,109500
2024-07-18,5.65,5.84,5.6,5.61,93800
2024-07-19,5.56,5.72,5.55,5.59,50500
2024-07-22,5.52,5.81,5.42,5.78,48100
2024-07-23,5.78,5.92,5.78,5.88,76200
2024-07-24,5.85,5.9,5.77,5.85,112200
2024-07-25,5.73,5.81,5.69,5.75,31300
2024-07-26,5.75,5.96,5.75,5.91,36700
2024-07-29,5.91,6,5.83,5.83,52700
2024-07-30,5.84,5.95,5.75,5.87,72000
2024-07-31,5.84,6.12,5.84,6.04,106900
2024-08-01,6.01,6.06,5.92,6.06,156300
2024-08-02,5.95,5.95,5.59,5.83,177800
2024-08-06,5.55,5.98,5.55,5.91,84500
2024-08-07,5.98,6.03,5.77,5.82,77300
2024-08-08,5.88,6.11,5.86,6.09,109900
2024-08-09,6.08,6.08,5.85,5.91,57200
2024-08-12,5.9,6.03,5.83,5.87,34700
2024-08-13,5.86,5.96,5.86,5.89,41900
2024-08-14,5.94,5.96,5.86,5.96,17400
2024-08-15,5.96,6.05,5.93,6,64900
2024-08-16,5.93,6.19,5.93,6.17,120000
2024-08-19,6.12,6.23,6.09,6.15,34000
2024-08-20,6.15,6.19,6.07,6.18,95600
2024-08-21,6.13,6.65,6.13,6.63,484800
2024-08-22,6.52,6.65,6.48,6.5,88700
2024-08-23,6.63,6.67,6.54,6.59,38300
2024-08-26,6.75,6.86,6.6,6.8,102200
2024-08-27,6.84,6.84,6.64,6.77,58900
2024-08-28,6.85,6.85,6.66,6.79,51200
2024-08-29,6.79,7,6.75,6.9,118400
2024-08-30,6.92,6.99,6.83,6.95,25600
2024-09-03,7,7,6.69,6.72,72500
2024-09-04,6.67,6.81,6.67,6.7,56200
2024-09-05,6.72,6.81,6.61,6.71,82500
2024-09-06,6.82,6.88,6.57,6.83,90000
2024-09-09,6.95,7.03,6.91,6.99,109000
2024-09-10,6.98,7.05,6.9,7,109800
2024-09-11,6.98,7.02,6.88,6.99,127600
2024-09-12,7.05,7.18,7,7.18,60900
2024-09-13,7.17,7.25,7.05,7.18,51100
2024-09-16,7.18,7.23,7.12,7.23,52600
2024-09-17,7.25,7.25,7.15,7.23,49500
2024-09-18,7.23,7.24,7.06,7.17,34900
2024-09-19,7.22,7.22,7.12,7.17,20200
2024-09-20,7.13,7.17,6.91,6.91,128400
2024-09-23,6.86,6.99,6.83,6.83,49900
2024-09-24,6.87,6.96,6.84,6.85,60600
2024-09-25,6.9,6.98,6.7,6.7,55400
2024-09-26,6.77,6.87,6.7,6.73,159500
2024-09-27,6.79,6.79,6.63,6.72,218600
2024-09-30,6.73,6.75,6.63,6.7,38800
2024-10-01,6.73,6.73,6.48,6.56,89700
2024-10-02,6.54,6.77,6.45,6.69,51400
2024-10-03,6.7,6.7,6.55,6.66,11500
2024-10-04,6.66,6.8,6.57,6.71,31600
2024-10-07,6.71,6.88,6.64,6.7,20500
2024-10-08,6.66,6.83,6.66,6.83,20300
2024-10-09,6.85,6.87,6.76,6.85,33000
2024-10-10,6.81,6.85,6.68,6.82,32600
2024-10-11,6.76,6.94,6.72,6.81,65900
2024-10-15,6.73,7.07,6.73,6.89,80400
2024-10-16,6.96,7.15,6.88,6.94,71600
2024-10-17,6.95,6.95,6.62,6.8,331200
2024-10-18,6.8,7.08,6.8,6.87,53300
2024-10-21,6.86,6.96,6.84,6.9,41600
2024-10-22,6.93,6.93,6.73,6.89,38900
2024-10-23,6.88,6.89,6.7,6.72,44400
2024-10-24,6.76,7.17,6.76,7.12,216800
2024-10-25,7.13,7.52,7.13,7.38,188600
2024-10-28,7.33,7.61,7.33,7.41,202600
2024-10-29,7.32,7.55,7.32,7.55,51500
2024-10-30,7.54,7.54,7.24,7.24,150800
2024-10-31,7.23,7.27,7.06,7.1,85700
2024-11-01,7.12,7.14,7.03,7.09,47700
2024-11-04,7.02,7.17,7.02,7.11,118100
2024-11-05,7.25,7.48,6.8,7.15,210700
2024-11-06,7.24,7.24,6.33,6.79,521200
2024-11-07,6.89,7.06,6.61,6.71,361700
2024-11-08,6.73,6.83,6.56,6.69,56900
2024-11-11,6.72,6.82,6.59,6.59,91600
2024-11-12,6.63,6.65,6.43,6.51,98600
2024-11-13,6.5,6.61,6.43,6.55,51100
2024-11-14,6.53,6.73,6.39,6.64,173900
2024-11-15,6.6,6.8,6.57,6.63,78700
2024-11-18,6.65,6.71,6.5,6.53,36100
2024-11-19,6.48,6.58,6.45,6.55,46300
2024-11-20,6.61,6.61,6.39,6.39,150800
2024-11-21,6.41,6.54,6.36,6.54,105900
2024-11-22,6.48,6.51,6.43,6.45,29800
2024-11-25,6.44,6.61,6.44,6.6,74400
2024-11-26,6.5,6.52,6.2,6.21,168700
2024-11-27,6.17,6.39,6.16,6.35,167400
2024-11-28,6.29,6.37,6.27,6.33,21500
2024-11-29,6.36,6.55,6.36,6.49,205000
2024-12-02,6.5,6.51,6.4,6.45,31900
2024-12-03,6.56,6.9,6.56,6.68,142600
2024-12-04,6.69,6.77,6.44,6.44,84200
2024-12-05,6.4,6.43,6.2,6.26,162000
2024-12-06,6.29,6.37,6.2,6.27,71600
2024-12-09,6.25,6.48,6.21,6.3,101800
2024-12-10,6.31,6.33,6.25,6.25,32800
2024-12-11,6.28,6.48,6.28,6.4,40800
2024-12-12,6.5,6.65,6.47,6.55,190600
2024-12-13,6.61,6.62,6.41,6.42,55300
2024-12-16,6.6,6.62,6.53,6.53,54500
2024-12-17,6.56,6.82,6.41,6.82,171000
2024-12-18,6.92,7.23,6.79,6.79,159600
2024-12-19,6.82,7.09,6.8,7,79800
2024-12-20,7.03,7.38,6.8,7.13,222600
2024-12-23,7.18,7.23,7.09,7.2,37900
2024-12-24,7.26,7.38,7.17,7.26,36200
2024-12-27,7.27,7.28,7.03,7.16,46600
2024-12-30,7.26,7.36,7.07,7.31,45000
2024-12-31,7.39,7.46,7.28,7.38,62100
2025-01-02,7.49,7.93,7.36,7.93,144800
2025-01-03,7.97,8.01,7.82,7.94,81300
2025-01-06,8.06,8.08,7.84,7.89,129800
2025-01-07,7.9,8.02,7.69,7.85,322400
2025-01-08,7.88,7.88,7.61,7.65,276900
2025-01-09,7.67,7.74,7.57,7.67,123200
2025-01-10,7.7,7.7,7.49,7.65,122700
2025-01-13,7.61,7.61,7.47,7.56,50100
2025-01-14,7.55,7.63,7.39,7.51,56900
2025-01-15,7.5,7.73,7.44,7.5,218200
2025-01-16,7.55,7.98,7.47,7.8,265700
2025-01-17,7.87,8.01,7.73,7.93,100200
2025-01-20,7.9,8.11,7.9,8.07,55200
2025-01-21,8.09,8.15,7.97,8.06,123900
2025-01-22,8.18,8.24,7.99,8.17,260900
2025-01-23,8.19,8.33,8.12,8.3,142100
2025-01-24,8.3,8.95,8.29,8.9,613100
2025-01-27,8.95,8.99,8.33,8.38,471700
2025-01-28,8.39,8.41,8.06,8.14,223200
2025-01-29,8.15,8.15,7.9,8.08,244400
2025-01-30,8.01,8.13,7.83,7.84,94600
2025-01-31,7.82,7.97,7.58,7.74,246400
2025-02-03,6.92,7.76,6.92,7.69,231600
2025-02-04,7.7,7.88,7.6,7.62,150600
2025-02-05,7.67,7.75,7.5,7.64,160900
2025-02-06,7.64,7.69,7.48,7.5,116700
2025-02-07,7.51,7.57,7.39,7.48,101200
2025-02-10,7.48,7.52,7.29,7.48,246400
2025-02-11,7.38,7.43,7.16,7.17,89800
2025-02-12,7.11,7.53,6.98,7.3,3572400
2025-02-13,7.37,7.55,7.23,7.53,386500
2025-02-14,7.57,7.59,7.26,7.31,75100
2025-02-18,7.32,7.43,7.22,7.41,235700
2025-02-19,7.49,7.49,7.15,7.27,208900
2025-02-20,7.2,7.25,7.02,7.07,148900
2025-02-21,7.1,7.16,6.85,6.91,111400
2025-02-24,6.83,6.92,6.72,6.87,140700
2025-02-25,6.9,6.99,6.65,6.93,202100
2025-02-26,7.1,7.33,6.64,6.69,1455100
2025-02-27,6.77,7.05,6.62,6.69,1081200
2025-02-28,6.68,6.81,6.45,6.6,172300
2025-03-03,6.53,6.56,6.15,6.21,403200
2025-03-04,5.97,6.11,5.79,5.8,522900
2025-03-05,5.84,6.01,5.73,5.95,179400
2025-03-06,5.9,5.97,5.78,5.91,231100
2025-03-07,5.93,6,5.82,5.91,161800
2025-03-10,5.8,5.8,5.5,5.57,594800
2025-03-11,5.55,5.67,5.47,5.51,190100
2025-03-12,5.56,5.71,5.51,5.63,356800
2025-03-13,5.62,5.62,5.21,5.24,274400
2025-03-14,5.31,5.35,5.24,5.28,203900
2025-03-17,5.25,5.27,5.06,5.13,190900
2025-03-18,5.14,5.14,4.9,5.01,540000
2025-03-19,5.01,5.63,5,5.51,382700
2025-03-20,5.51,5.7,5.5,5.59,271000
2025-03-21,5.55,5.61,5.44,5.5,410600
2025-03-24,5.63,5.77,5.51,5.52,210500
2025-03-25,5.54,5.72,5.48,5.67,143500
2025-03-26,5.61,5.72,5.48,5.49,261100
2025-03-27,5.47,5.47,5.28,5.33,167200
2025-03-28,5.27,5.32,5.21,5.26,331500
2025-03-31,5.2,5.35,5.15,5.31,96200
2025-04-01,5.3,5.35,5.22,5.29,89100
2025-04-02,5.24,5.46,5.24,5.41,157800
2025-04-03,5.17,5.46,5.17,5.37,329000
2025-04-04,5.27,5.41,5.25,5.4,346200
2025-04-07,5.25,5.52,5.2,5.48,252300
2025-04-08,5.56,5.65,5.24,5.31,269000
2025-04-09,5.28,6.11,5.28,5.93,362800
2025-04-10,6,6,5.48,5.61,262700
2025-04-11,5.59,5.89,5.59,5.86,110800
2025-04-14,5.96,6.02,5.65,5.71,274100
2025-04-15,5.68,5.73,5.54,5.55,227700
2025-04-16,5.51,5.66,5.12,5.63,3088800
2025-04-17,5.66,5.72,5.5,5.65,111000
2025-04-21,5.61,5.86,5.58,5.85,240300
2025-04-22,5.95,6.23,5.95,6.1,249500
2025-04-23,6.22,6.5,6.21,6.21,239100
2025-04-24,6.29,6.37,6.12,6.34,217200
2025-04-25,6.36,6.52,6.25,6.38,113500
2025-04-28,6.48,6.67,6.42,6.46,164500
2025-04-29,6.47,6.74,6.47,6.64,262100
2025-04-30,6.6,6.64,6.37,6.64,318900
2025-05-01,6.64,6.79,6.64,6.78,361700
2025-05-02,6.75,6.85,6.62,6.65,123200
2025-05-05,6.64,6.68,6.52,6.64,196100
2025-05-06,6.55,6.75,6.55,6.7,116400
2025-05-07,6.63,6.69,6.6,6.66,274500
2025-05-08,7.37,7.57,6.96,7.43,668200
2025-05-09,7.55,7.94,7.45,7.73,246800
2025-05-12,7.88,8.31,7.79,8.19,512500
2025-05-13,8.25,8.54,8.19,8.44,225200
2025-05-14,8.5,8.92,8.44,8.57,859300
2025-05-15,8.62,8.75,8.55,8.68,544200
2025-05-16,8.65,8.87,8.64,8.71,158900
2025-05-20,8.6,8.66,8.39,8.6,153400
2025-05-21,8.45,8.66,8.26,8.3,205300
2025-05-22,8.15,8.25,7.97,8.15,392200
2025-05-23,8.09,8.23,8.07,8.12,307500
2025-05-26,8.19,8.19,7.96,8.09,143100
2025-05-27,8.15,8.28,8.02,8.23,143500
2025-05-28,8.28,8.32,8.15,8.25,85900
2025-05-29,8.3,8.37,8.2,8.35,126000
2025-05-30,8.23,8.29,7.98,8.06,149700
2025-06-02,8.02,8.09,7.97,8,113600
2025-06-03,8,8.1,8,8.07,52300
2025-06-04,7.97,8.17,7.95,8.12,176900
2025-06-05,8.14,8.56,8.13,8.53,262700
2025-06-06,8.58,8.98,8.58,8.95,380000
2025-06-09,8.93,9.3,8.91,9.22,304800
2025-06-10,9.23,9.52,9.19,9.24,199700
2025-06-11,9.26,9.42,9.05,9.31,99300
2025-06-12,9.2,9.45,9.2,9.33,103400
2025-06-13,9.2,9.3,9.14,9.23,118300
2025-06-16,9.38,9.54,9.26,9.39,152800
2025-06-17,9.3,9.3,8.56,8.64,407500
2025-06-18,8.62,8.95,8.62,8.73,215200
2025-06-19,8.69,8.77,8.57,8.63,87900
2025-06-20,8.8,8.8,8.55,8.71,122700
2025-06-23,8.67,8.85,8.59,8.7,92000
2025-06-24,8.72,8.8,8.65,8.73,194500
2025-06-25,8.78,8.79,8.57,8.59,166900
2025-06-26,8.6,8.77,8.53,8.77,200700
2025-06-27,8.75,8.97,8.58,8.81,169300
2025-06-30,8.81,9.03,8.77,8.94,77300
2025-07-02,9.04,9.37,8.88,9.32,186500
2025-07-03,9.36,9.66,9.31,9.52,174500
2025-07-04,9.5,9.68,9.5,9.62,57300
2025-07-07,9.58,9.79,9.3,9.44,189100
2025-07-08,9.53,9.73,9.49,9.65,301300
2025-07-09,9.69,9.89,9.47,9.78,663500
2025-07-10,9.8,10.12,9.8,9.99,356000
2025-07-11,9.9,9.99,9.73,9.89,126600
2025-07-14,9.86,10.06,9.75,10.02,230000
2025-07-15,10.07,10.12,9.89,9.92,309700
2025-07-16,9.99,10.34,9.89,10.26,447000
2025-07-17,10.32,10.78,10.24,10.77,423000
2025-07-18,10.94,11.28,10.79,11.23,478900
2025-07-21,11.49,11.77,11.29,11.64,387200
2025-07-22,11.71,11.72,11.5,11.65,964000
2025-07-23,11.53,11.65,11.16,11.33,623900
2025-07-24,11.29,11.65,11.24,11.61,527000
2025-07-25,11.7,12.03,11.6,11.92,753100
2025-07-28,11.93,12.59,11.78,12.54,671800
2025-07-29,12.61,12.91,12.45,12.58,721700
2025-07-30,12.63,12.78,12.22,12.38,380400
2025-07-31,12.39,12.81,12.19,12.37,372600
2025-08-01,12.24,12.51,12.2,12.47,304900
2025-08-05,15,15.71,14.35,14.45,927700
2025-08-06,14.5,15.73,14.44,15.44,1510100
2025-08-07,15.47,15.8,15.26,15.55,1627400
2025-08-08,15.47,15.6,15.1,15.31,680100
2025-08-11,15.45,15.52,14.95,15.12,371600
2025-08-12,15.23,15.45,15.18,15.3,193700
2025-08-13,15.39,15.41,14.65,15.2,320000
2025-08-14,15.15,15.21,14.89,14.94,272900
2025-08-15,15.07,15.3,14.92,15.1,214600
2025-08-18,14.99,15.36,14.99,15.17,311300
2025-08-19,15.26,15.26,14.75,14.78,186300
2025-08-20,14.79,14.95,14.42,14.43,408100
2025-08-21,14.38,15.55,14.36,15.36,382400
2025-08-22,15.41,15.66,15.22,15.28,179300
2025-08-25,15.34,15.53,15.23,15.49,136000
2025-08-26,15.69,15.74,15.33,15.55,136700
2025-08-27,15.59,15.63,15.28,15.46,113500
2025-08-28,15.6,15.67,15.38,15.48,260900
2025-08-29,15.48,15.52,14.92,15.02,198200
2025-09-02,14.76,14.78,14.18,14.36,216000
2025-09-03,14.3,14.78,14.2,14.7,249800
2025-09-04,14.7,15.27,14.7,15.27,211300
2025-09-05,15.46,15.71,15.27,15.51,252300
2025-09-08,15.53,15.8,15.36,15.75,113000
2025-09-09,15.83,15.83,15.15,15.32,173200
2025-09-10,15.36,15.57,15.13,15.32,94900
2025-09-11,15.29,15.3,15.07,15.1,80900
2025-09-12,15.02,15.1,14.8,14.95,159400
2025-09-15,15.05,15.2,14.89,15.19,96000
2025-09-16,15.21,15.31,14.93,15.3,107900
2025-09-17,15.22,15.26,14.6,14.68,128800
2025-09-18,15.06,15.95,15.03,15.44,500900
2025-09-19,15.51,15.59,15.24,15.48,182000
2025-09-22,15.52,15.83,15.45,15.64,102000
2025-09-23,15.73,15.74,15.17,15.41,185800
2025-09-24,15.54,15.59,15.25,15.51,160500
2025-09-25,15.36,16.79,15.33,16.47,371300
2025-09-26,16.78,16.79,16.19,16.25,183600
2025-09-29,16.3,16.73,16.3,16.46,203500
2025-09-30,16.69,17.09,16.35,17.01,195700
2025-10-01,17.06,17.22,16.59,16.64,151600
2025-10-02,16.79,17.33,16.62,17.3,273500
2025-10-03,17.59,17.81,17.34,17.58,232700
2025-10-06,17.71,18.58,17.71,17.79,425300
2025-10-07,18.03,18.53,17.39,17.73,457100
2025-10-08,17.74,18.33,17.3,18.23,579000
2025-10-09,18.31,18.4,17.96,18.25,239800
2025-10-10,18.26,18.26,17.63,17.66,308900
2025-10-14,19.22,19.6,17.72,18.49,483200
2025-10-15,18.33,18.86,17.85,18.06,291000
2025-10-16,18.15,18.17,17.67,17.71,247100
2025-10-17,17.51,17.68,17.01,17.62,337100
2025-10-20,17.82,18.09,17.78,17.96,160700
2025-10-21,18.14,18.14,17.41,17.97,214500
2025-10-22,17.96,19.14,17.95,18.99,404200
2025-10-23,19.05,19.45,18.83,18.91,271500
2025-10-24,19.04,19.66,18.95,19.15,301100
2025-10-27,19.11,19.2,18.59,18.84,375200
2025-10-28,18.95,19.59,18.85,19.53,783000
2025-10-29,19.6,20.58,19.6,19.98,488600
2025-10-30,19.85,19.94,19.08,19.31,239400
2025-10-31,19.5,20.22,19.35,20.06,450000
2025-11-03,20.21,20.88,20.21,20.76,489300
2025-11-04,22.5,22.5,19.39,19.45,936600
2025-11-05,19.6,21.62,19.6,21.39,719500
2025-11-06,21.52,21.74,19.96,20.17,361200
2025-11-07,19.75,20.55,19.63,20.44,260200
2025-11-10,20.98,21.29,20.6,20.86,389300
2025-11-11,20.89,20.93,20.5,20.83,197200
2025-11-12,20.98,21.06,20.43,20.45,180300
2025-11-13,20.31,20.31,19.57,19.96,260300
2025-11-14,19.5,20.65,19.4,20.27,274900
2025-11-17,20.26,20.65,19.71,19.73,189800
2025-11-18,19.61,19.8,19,19.3,370900
2025-11-19,19.21,20.31,19.01,20.15,255700
2025-11-20,20.84,20.98,18.84,18.85,366900
2025-11-21,18.71,19,17.84,18.4,574600
2025-11-24,18.73,19.34,18.55,18.9,3345200
2025-11-25,19.2,19.86,18.94,19.78,362900
2025-11-26,19.81,20.51,19.81,20.18,242800
2025-11-27,20.16,20.16,19.63,19.7,80400
2025-11-28,19.91,20,19.6,19.89,138700
2025-12-01,19.86,19.86,19.04,19.65,180800
2025-12-02,19.57,20.08,19.33,19.85,276800
2025-12-03,19.84,19.89,19.21,19.31,182500
2025-12-04,19.35,19.91,19.35,19.66,178400
2025-12-05,19.69,19.69,19.03,19.32,197600
2025-12-08,19.35,19.59,19.22,19.49,233000
2025-12-09,19.35,19.39,18.27,19.1,351900
2025-12-10,19.02,19.09,18.34,18.65,373000
2025-12-11,18.5,18.99,18.22,18.84,324100
2025-12-12,19,19.37,18.41,18.42,541400
2025-12-15,18.58,18.88,18.09,18.11,206500
2025-12-16,18.1,18.18,17.49,17.5,270200
2025-12-17,17.68,18.16,17.2,17.29,276400
2025-12-18,17.5,19.01,17.34,18.04,437700
2025-12-19,18.19,18.44,17.75,17.86,2381100
2025-12-22,18.24,19.29,17.85,18.6,387100
2025-12-23,18.53,18.53,18,18.05,337200
2025-12-24,18,18.63,18,18.31,193000
2025-12-29,18.39,18.43,17.98,18.09,119400
2025-12-30,18.01,18.53,17.83,17.87,243900
2025-12-31,17.91,18.05,17.6,17.72,90700
2026-01-02,17.81,18.16,17.74,18,198600
2026-01-05,18.14,18.69,18.03,18.6,231900
2026-01-06,18.68,18.73,17.94,18.35,293800
2026-01-07,18.39,18.61,17.99,18.2,238000
2026-01-08,18.1,19.72,18.1,19.49,344000
2026-01-09,19.56,20.16,19.45,20.09,436500
2026-01-12,20.12,21.3,19.92,20.72,413500
2026-01-13,20.84,21.1,20.43,20.6,483000
2026-01-14,20.51,20.85,19.93,20.22,380400
2026-01-15,20.18,20.91,20.17,20.68,308800
2026-01-16,20.73,21.26,20.41,20.44,295700
2026-01-19,20.89,20.89,19.88,20.11,136400
2026-01-20,20.13,20.15,19.13,19.78,401000
2026-01-21,19.61,19.86,18.6,18.89,532900
2026-01-22,19.31,19.38,18.94,19.02,260300
2026-01-23,19.29,19.45,18.87,19.34,252200
2026-01-26,19.25,19.31,18.57,18.91,277800
2026-01-27,18.9,19.3,18.46,19.2,297400
2026-01-28,19.3,19.71,19.01,19.53,443300
2026-01-29,19.59,23.26,19.46,23.25,1760100
2026-01-30,23.18,24.95,22.14,24.08,1287700
2026-02-02,24.11,26.4,24.11,25.51,1171700
2026-02-03,25.99,27.7,25.92,26.91,1016800
2026-02-04,26.99,28.1,26.75,27.68,966400
2026-02-05,27.5,27.91,25.41,25.63,992600
2026-02-06,25.88,27.71,25.86,27.69,625800
2026-02-09,27.8,29.34,26.9,27.48,559700
2026-02-10,27.61,27.88,27.1,27.2,610200
2026-02-11,27.55,28,26.95,27.75,485700
2026-02-12,27.8,27.88,25.57,26.26,602400
2026-02-13,26.38,27.94,26.15,27.72,305700
2026-02-17,28.2,28.2,26.93,27.09,505600
2026-02-18,27.26,27.5,26.87,27.39,273600
2026-02-19,27.21,28.07,26.95,28.01,471000
2026-02-20,28,29.79,27.91,29.44,370500
2026-02-23,29.44,29.58,27.97,28.33,424100
2026-02-24,28.34,29.35,28.29,29.28,413500
2026-02-25,27.22,30.5,27,29.93,757100
2026-02-26,30.1,31.35,29.9,30.44,604200
2026-02-27,30.48,30.85,29.26,29.66,672600
2026-03-02,29.8,31.25,29.55,30.89,1326000
2026-03-03,30,31.48,29.73,31.06,348900
2026-03-04,31.39,31.78,29.83,30.41,445400
2026-03-05,30.29,30.29,28.28,28.6,499300
2026-03-06,28,28.77,27,28.27,383300
2026-03-09,27.59,28.35,26.26,28.22,519300
2026-03-10,28.74,29.52,28.44,29.17,274900
2026-03-11,29.19,29.73,28.52,29.27,193000
2026-03-12,29.45,29.68,28.56,29.01,247400
2026-03-13,29.03,29.55,28.48,28.67,320000
2026-03-16,28.74,30.28,28.69,30.1,425800
2026-03-17,30.16,31.12,29.5,30.72,409400
2026-03-18,30.82,30.99,29.7,30.1,206000
2026-03-19,29.51,29.52,28.27,29.06,546500
2026-03-20,28.97,29.89,28.95,29.23,503400
2026-03-23,29.47,32.55,29.47,31.07,669400
2026-03-24,30.51,33.5,30.44,33.28,541900
2026-03-25,34.25,35.29,33.8,34.76,611300
2026-03-26,34.19,34.63,33,33.15,702800
2026-03-27,32.92,33.93,31.88,33.05,419500
2026-03-30,33.37,33.37,29.59,29.96,654500
2026-03-31,30,32.31,29.68,31.68,548700
2026-04-01,32.27,33,31.25,32.39,280000
2026-04-02,31.42,32.7,31.26,31.77,457200
2026-04-06,32.14,32.99,31.3,31.48,195400
2026-04-07,31.54,31.97,30.42,31.65,683700
2026-04-08,33.21,34.4,32.64,33.96,496500
2026-04-09,33.79,34.59,33.44,34.05,254900
2026-04-10,34.26,35.7,34.02,35.47,361300
2026-04-13,35.31,36.4,34.7,35.78,341000
2026-04-14,35.98,36.25,34.66,34.71,468300
2026-04-15,34.74,34.74,33.46,33.97,410300
2026-04-16,33.69,34.94,33.45,33.66,520900
2026-04-17,33.98,34.33,33.16,33.57,289100
2026-04-20,33.03,34.96,32.56,34.77,494800
2026-04-21,34.8,34.96,33.4,33.59,476100
2026-04-22,33.98,34.39,32.6,33.41,461000
2026-04-23,33.52,34.14,32.45,33,247100
2026-04-24,33.27,33.78,32.88,33.3,207600
2026-04-27,33.64,33.94,32.61,32.96,241400
2026-04-28,32.25,32.63,31.9,32.11,180600
2026-04-29,32,32.1,31.06,31.37,319900
2026-04-30,31.15,32.95,30.17,32.77,271900
2026-05-01,32.74,35.12,32.66,34.96,350100
2026-05-04,34.51,35.85,34.4,35.44,460500
2026-05-05,35.5,36.33,34.83,35.2,321900
2026-05-06,35.71,36.38,35.4,36.05,435500
2026-05-07,36.89,39.7,36.8,37.29,847300
2026-05-08,37.72,39.59,37.15,37.6,485400
2026-05-11,37.96,39.05,37.03,38.54,367100
2026-05-12,38.13,39.8,37.54,39.15,536300
2026-05-13,39.13,40.75,39.1,40.3,393100
2026-05-14,40.33,41.5,38.92,40.35,464500
2026-05-15,39.61,40.18,38.5,40.03,416600
2026-05-19,40.38,42.86,40.13,41.76,868600
2026-05-20,42.25,44.97,42.25,43.29,726400
2026-05-21,43.29,44,42.24,43.08,584900
2026-05-22,43,45.07,42.31,44.73,456400
2026-05-25,45.5,46,45.24,45.28,197800
2026-05-26,46,49.42,46,47.65,1120500
2026-05-27,48.55,49.97,45.46,45.9,1348100
2026-05-28,46.02,47.13,45.17,45.27,771600
2026-05-29,45.2,45.2,40.44,42.74,1284900
2026-06-01,42.69,42.69,40.65,41,593300
2026-06-02,41.2,44.9,41.2,44.88,770300
2026-06-03,44.76,44.76,42.55,42.92,423700
2026-06-04,42.67,43.99,42.5,43.29,662100
2026-06-05,42.57,43.43,40.25,40.85,923400
2026-06-08,42.01,43.25,41.27,42.72,767900
2026-06-09,42.6,42.69,37.8,38.59,732700
2026-06-10,38.41,38.82,36.39,36.78,710500
2026-06-11,37.32,40.49,37.32,40.09,1092100
2026-06-12,40.41,40.96,38.89,39.25,647700
2026-06-15,40.98,41.24,39.7,40.09,660200
2026-06-16,39.59,41.31,39.1,40.57,698200
2026-06-17,41.01,42.5,40.54,40.57,440500
2026-06-18,41.55,41.75,40.29,41.07,403500
2026-06-19,40.99,44.05,40.99,43.88,1648300
2026-06-22,44.04,45.26,40.45,41.52,955600
2026-06-23,39.47,40,37.61,38.59,724200
2026-06-24,38.36,39.61,37.15,39.5,611900
2026-06-25,40.06,40.46,38.69,39.7,318200
2026-06-26,38.81,39.3,37.99,38.63,301000
2026-06-29,39.55,41.94,38.6,41.38,684600
2026-06-30,41.27,44.26,41.25,43.78,428900
2026-07-02,42.02,42.99,40,40.32,603800
2026-07-03,40.51,43.07,40.51,42.97,211000
2026-07-06,42.92,44.48,42.89,42.99,568400
2026-07-07,42.4,42.72,41.44,42.35,853500
2026-07-08,41.52,42.25,39.37,40.25,505600
2026-07-09,40.98,41.5,39.86,40.46,623900
2026-07-10,40,40.69,39.07,40.33,252600
2026-07-13,40.06,40.22,36.92,38.2,602900
2026-07-14,38.77,39.2,37.47,37.87,474700
2026-07-15,37.97,37.97,35.94,36.34,502200
2026-07-16,35.91,35.91,32.45,33.4,1412000
2026-07-17,32.27,33.51,31.09,32.82,1371800
2026-07-20,33.24,34.64,32.88,33.03,353000
2026-07-21,33.9,35.64,33.86,35.41,483600
2026-07-22,35.02,35.61,34.48,35,397400
2026-07-23,34.84,35.8,34.36,34.72,350500
2026-07-24,34.56,34.67,33.17,33.5,483900
2026-07-27,34.25,35.06,33.68,34.52,603100
2026-07-28,34.01,34.02,31.75,32.53,510400
2026-07-29,32.91,32.91,30.76,31.01,422200
2026-07-30,31.99,32.75,31.66,32.19,428500
2026-07-31,32.87,33.63,31.99,32.58,480800
2026-08-04,31.5,31.55,25.29,29.79,2473800
2026-08-05,30.19,31.65,29.58,29.87,980500
2026-08-06,29.25,30.4,28.69,29.63,537400
2026-08-07,29.78,30.75,29.78,30.46,682700
2026-08-10,30.44,31.02,30,30.85,783800
2026-08-11,30.78,32.02,30.75,31.78,913000
2026-08-12,32.02,32.8,30.03,30.2,644100
2026-08-13,30.18,31.03,30.18,30.55,314300
2026-08-14,30.49,30.99,30.24,30.24,270600
2026-08-17,30.3,30.92,30.05,30.58,481000
2026-08-18,30.06,30.26,29.13,29.32,530100
2026-08-19,29.74,29.93,27.67,27.8,1026300
2026-08-20,27.82,28.01,27.06,27.38,655200
2026-08-21,27.46,27.83,27,27.34,510200
2026-08-24,27.01,27.1,25.5,26.14,1231600
2026-08-25,26.19,27.1,25.97,26.26,466300
2026-08-26,26.02,26.41,25.91,26.1,379300
2026-08-27,26.34,27.14,26,26.88,487300
2026-08-28,26.7,26.7,25.46,25.62,453700
2026-08-31,25.45,26.07,25.31,25.5,512800
2026-09-01,25.05,25.1,23.95,24.17,1055000
2026-09-02,24.25,24.34,22.82,23.88,1066700
2026-09-03,24.25,25.15,23.96,24.92,775800
2026-09-04,24.84,27.18,24.79,25.54,850300
2026-09-08,25.54,25.85,25.2,25.36,642100
2026-09-09,25.36,25.85,25,25.36,698400
2026-09-10,25,26.88,24.85,25.96,1390300
2026-09-11,26.12,27.45,26,26.8,1143200
2026-09-14,26.12,26.23,24.95,25.16,806200
2026-09-15,25.36,25.36,24.51,24.63,445500
2026-09-16,24.82,25.19,24.37,24.61,842000
2026-09-17,25.18,25.66,25.02,25.51,440800
2026-09-18,25.85,26.94,25.85,26.39,4254700
2026-09-21,26.72,27.73,26.28,27.67,1079800
2026-09-22,28.16,30.08,28,29.6,1325700
2026-09-23,29.55,29.97,28.8,29.54,1196200
2026-09-24,29.25,29.56,28.6,29.13,529000
2026-09-25,29.13,30,29.13,29.89,582600
2026-09-28,29.75,31.1,29.75,30.7,1001500
2026-09-29,30.79,31.88,30.79,30.84,668000
2026-09-30,30.96,30.96,29.85,30.32,567600
2026-10-01,30.4,32.34,30.39,32.11,824000
2026-10-02,32.45,33.6,32.35,33.1,570900
2026-10-05,33.16,33.89,33.03,33.24,1030750
