date,open,high,low,close,volume
2004-01-02,2.18436,2.19203,2.15881,2.18436,287000
2004-01-05,2.19203,2.19714,2.18947,2.19203,1373000
2004-01-06,2.19714,2.24057,2.19305,2.24057,736000
2004-01-07,2.27123,2.27123,2.23035,2.24568,1027000
2004-01-08,2.24057,2.25079,2.23035,2.24568,777000
2004-01-09,2.24568,2.30955,2.23801,2.29422,1460000
2004-01-12,2.30699,2.35042,2.30699,2.31568,1461000
2004-01-13,2.34532,2.34532,2.30444,2.31057,908000
2004-01-14,2.30955,2.30955,2.29933,2.30444,1501000
2004-01-15,2.31466,2.31466,2.2978,2.2978,374000
2004-01-16,2.29729,2.29933,2.29422,2.29933,503000
2004-01-19,2.30188,2.30188,2.29524,2.29575,191000
2004-01-20,2.29166,2.29933,2.26612,2.28911,1239000
2004-01-21,2.29166,2.29933,2.29166,2.29933,1855000
2004-01-22,2.29933,2.29933,2.27889,2.29422,853000
2004-01-23,2.284,2.29933,2.284,2.28911,546000
2004-01-26,2.28911,2.29422,2.27378,2.27889,276000
2004-01-27,2.27889,2.29422,2.27889,2.2886,2563000
2004-01-28,2.35553,2.40663,2.34787,2.34991,7340000
2004-01-29,2.38568,2.38568,2.35043,2.35809,1718000
2004-01-30,2.37546,2.40101,2.37086,2.39897,832000
2004-02-02,2.45262,2.50474,2.43473,2.47561,2191000
2004-02-03,2.52364,2.55736,2.48328,2.54715,3168000
2004-02-04,2.57014,2.57014,2.48838,2.49094,1368000
2004-02-05,2.48327,2.49349,2.45262,2.46284,1071000
2004-02-06,2.51393,2.54459,2.47817,2.52415,1337000
2004-02-09,2.53948,2.53948,2.517,2.51904,1540000
2004-02-10,2.50933,2.53693,2.50882,2.52926,648000
2004-02-11,2.52926,2.55481,2.52926,2.55226,997000
2004-02-12,2.55481,2.55481,2.52926,2.53437,2689000
2004-02-13,2.53948,2.53948,2.52466,2.52926,294000
2004-02-16,2.53182,2.55481,2.5216,2.55481,339000
2004-02-17,2.56503,2.56503,2.53182,2.53488,555000
2004-02-18,2.5497,2.5497,2.53437,2.53693,6363000
2004-02-19,2.53744,2.55225,2.53437,2.53437,1125000
2004-02-20,2.55481,2.56503,2.53437,2.53437,1403000
2004-02-23,2.53437,2.55481,2.53437,2.53948,1372000
2004-02-24,2.53693,2.5497,2.52926,2.53948,1690000
2004-02-25,2.54205,2.63911,2.54205,2.63192,1775000
2004-02-26,2.6653,2.76801,2.64476,2.72693,1484000
2004-02-27,2.75774,2.80909,2.75517,2.75877,1951000
2004-03-01,2.81166,2.8168,2.76339,2.81628,1478000
2004-03-02,2.81423,2.82963,2.81012,2.82553,658000
2004-03-03,2.84247,3.01708,2.83374,2.97856,1275000
2004-03-04,3.04789,3.11979,2.99448,3.01965,2241000
2004-03-05,3.01708,3.01708,2.83734,2.87123,2738000
2004-03-08,2.86045,2.96572,2.86045,2.89588,3037000
2004-03-09,2.90461,2.92721,2.88612,2.89896,2736000
2004-03-10,2.89896,2.90667,2.76287,2.8168,2360000
2004-03-11,2.673,2.78033,2.62678,2.72949,3197000
2004-03-12,2.73206,2.78598,2.73206,2.76544,811000
2004-03-15,2.7372,2.77212,2.673,2.70638,751000
2004-03-16,2.68841,2.71152,2.64476,2.67044,1368000
2004-03-17,2.67043,2.79882,2.67043,2.75774,1663000
2004-03-18,2.74747,2.76801,2.72282,2.73001,911000
2004-03-19,2.75774,2.77366,2.7372,2.77263,1343000
2004-03-22,2.71152,2.75774,2.71152,2.7223,551000
2004-03-23,2.73617,2.77263,2.6576,2.68584,1107000
2004-03-24,2.70536,2.72693,2.69868,2.70382,550000
2004-03-25,2.71409,2.72692,2.70895,2.72128,974000
2004-03-26,2.72128,2.72179,2.65811,2.69611,403000
2004-03-29,2.68173,2.71409,2.68173,2.71152,1035000
2004-03-30,2.71409,2.72692,2.70946,2.70946,1972000
2004-03-31,2.71665,2.73463,2.71049,2.71152,609000
2004-04-01,2.71922,2.72179,2.69868,2.71152,1662000
2004-04-02,2.72179,2.72949,2.71306,2.72179,2478000
2004-04-05,2.72179,2.77314,2.70125,2.76801,1357000
2004-04-06,2.77314,2.85531,2.76801,2.85018,1415000
2004-04-07,2.87585,2.88869,2.80139,2.82963,900000
2004-04-08,2.84761,2.85993,2.82604,2.83477,778000
2004-04-12,2.83374,2.86199,2.82758,2.85018,593000
2004-04-13,2.89896,2.89896,2.77314,2.79882,828000
2004-04-14,2.73976,2.80909,2.73976,2.7526,897000
2004-04-15,2.75774,2.82399,2.75774,2.77314,341000
2004-04-16,2.77314,2.8245,2.76287,2.82193,353000
2004-04-19,2.8245,2.85018,2.80396,2.84504,644000
2004-04-20,2.8702,2.8702,2.85531,2.85531,673000
2004-04-21,2.86815,2.89383,2.85018,2.87072,466000
2004-04-22,2.89383,2.91437,2.85942,2.86045,800000
2004-04-23,2.86558,2.86558,2.78342,2.8168,919000
2004-04-26,2.83734,2.83734,2.82193,2.82244,263000
2004-04-27,2.86815,2.88612,2.76287,2.77058,759000
2004-04-28,2.81166,2.81166,2.63192,2.64476,1228000
2004-04-29,2.6956,2.6956,2.63962,2.65503,940000
2004-04-30,2.6576,2.6576,2.52408,2.56773,1645000
2004-05-03,2.56516,2.5934,2.55489,2.5934,1339000
2004-05-04,2.59597,2.67043,2.5934,2.6653,1011000
2004-05-05,2.67044,2.69611,2.6653,2.68584,590000
2004-05-06,2.62987,2.67044,2.62987,2.64989,745000
2004-05-07,2.65349,2.6653,2.60367,2.60881,1715000
2004-05-10,2.56773,2.61394,2.55745,2.60881,1605000
2004-05-11,2.61908,2.62884,2.5934,2.59854,1205000
2004-05-12,2.61908,2.63654,2.60367,2.62422,779000
2004-05-13,2.63962,2.63962,2.61908,2.61908,641000
2004-05-14,2.63962,2.6576,2.63243,2.64424,530000
2004-05-17,2.59751,2.64476,2.58827,2.5934,916000
2004-05-18,2.59905,2.60881,2.54153,2.54153,1160000
2004-05-19,2.5934,2.64065,2.58313,2.58313,1386000
2004-05-20,2.61395,2.63192,2.5934,2.62422,627000
2004-05-21,2.62678,2.65503,2.62422,2.63962,408000
2004-05-25,2.63192,2.76031,2.61908,2.74747,1163000
2004-05-26,2.75517,2.79523,2.73463,2.77314,1386000
2004-05-27,2.78553,2.78553,2.72155,2.74993,1248000
2004-05-28,2.78604,2.78604,2.70865,2.70865,6011000
2004-05-31,2.71381,2.75251,2.70865,2.74219,546000
2004-06-01,2.73445,2.74735,2.73342,2.74477,566000
2004-06-02,2.76025,2.77314,2.74528,2.76541,966000
2004-06-03,2.77572,2.77572,2.74735,2.75973,628000
2004-06-04,2.75973,2.75973,2.69472,2.69575,504000
2004-06-07,2.69833,2.70091,2.60856,2.62094,3161000
2004-06-08,2.62868,2.62868,2.57967,2.60547,2761000
2004-06-09,2.61114,2.64416,2.58741,2.6034,1138000
2004-06-10,2.63126,2.63126,2.59773,2.61011,1318000
2004-06-11,2.62868,2.64106,2.61836,2.63126,173000
2004-06-14,2.63126,2.63591,2.57812,2.57967,479000
2004-06-15,2.58019,2.6261,2.58019,2.61888,544000
2004-06-16,2.60031,2.60547,2.56264,2.56729,715000
2004-06-17,2.57193,2.58741,2.56729,2.58741,491000
2004-06-18,2.57967,2.59257,2.57451,2.58483,299000
2004-06-21,2.57709,2.58225,2.56935,2.57451,327000
2004-06-22,2.58999,2.58999,2.55645,2.55903,767000
2004-06-23,2.55387,2.55387,2.38619,2.51053,6150000
2004-06-24,2.50537,2.51208,2.46823,2.50228,3183000
2004-06-25,2.49196,2.5126,2.49196,2.50228,1505000
2004-06-28,2.50228,2.53323,2.50228,2.50486,1694000
2004-06-29,2.4997,2.4997,2.43779,2.46358,598000
2004-06-30,2.43056,2.46874,2.43056,2.45585,1316000
2004-07-02,2.45585,2.47958,2.41509,2.43676,923000
2004-07-05,2.43779,2.477,2.43005,2.4672,220000
2004-07-06,2.4672,2.5126,2.4672,2.47751,469000
2004-07-07,2.51518,2.51518,2.48474,2.49712,194000
2004-07-08,2.51466,2.51466,2.48319,2.50228,684000
2004-07-09,2.4868,2.52498,2.4868,2.52498,171000
2004-07-12,2.54097,2.54097,2.51982,2.53839,230000
2004-07-13,2.54871,2.54871,2.51776,2.52808,2321000
2004-07-14,2.52808,2.52808,2.48216,2.48938,298000
2004-07-15,2.50228,2.50228,2.41612,2.41612,867000
2004-07-16,2.42489,2.43521,2.33718,2.39342,2022000
2004-07-19,2.38,2.42953,2.38,2.42489,3061000
2004-07-20,2.43521,2.50228,2.41973,2.50228,657000
2004-07-21,2.50228,2.52808,2.4414,2.45069,1257000
2004-07-22,2.45069,2.47648,2.43572,2.47339,586000
2004-07-23,2.4739,2.4997,2.4641,2.46874,2046000
2004-07-26,2.4739,2.4739,2.42489,2.42489,1813000
2004-07-27,2.39909,2.44037,2.35266,2.4058,1928000
2004-07-28,2.4868,2.4868,2.43108,2.45017,2712000
2004-07-29,2.47648,2.477,2.46616,2.47132,930000
2004-07-30,2.4739,2.4739,2.45069,2.46358,1339000
2004-08-03,2.46359,2.47132,2.45069,2.45997,397000
2004-08-04,2.45069,2.45533,2.43263,2.43263,1030000
2004-08-05,2.43005,2.43005,2.41199,2.41457,601000
2004-08-06,2.41457,2.41457,2.3217,2.3217,1165000
2004-08-09,2.3604,2.3604,2.3119,2.32944,974000
2004-08-10,2.35782,2.3733,2.3346,2.36091,963000
2004-08-11,2.37071,2.38877,2.3475,2.38619,477000
2004-08-12,2.38619,2.38619,2.37329,2.37845,578000
2004-08-13,2.37845,2.39135,2.36298,2.37123,255000
2004-08-16,2.36298,2.38619,2.36298,2.3831,696000
2004-08-17,2.38258,2.39909,2.3733,2.39909,1056000
2004-08-18,2.39651,2.40425,2.37845,2.39909,596000
2004-08-19,2.41921,2.42489,2.40425,2.41663,371000
2004-08-20,2.42489,2.43779,2.39909,2.42179,542000
2004-08-23,2.38619,2.45585,2.38619,2.45585,334000
2004-08-24,2.45997,2.46977,2.4543,2.4543,425000
2004-08-25,2.45378,2.47132,2.44862,2.46358,324000
2004-08-26,2.47648,2.49196,2.46049,2.4641,636000
2004-08-27,2.46774,2.47761,2.44176,2.44851,219000
2004-08-30,2.42566,2.45475,2.42566,2.43397,297000
2004-08-31,2.44696,2.44696,2.43189,2.44176,372000
2004-09-01,2.43916,2.44228,2.42462,2.43137,362000
2004-09-02,2.41578,2.42877,2.41578,2.42877,524000
2004-09-03,2.42981,2.42981,2.41682,2.41682,175000
2004-09-07,2.4163,2.42358,2.40851,2.41319,553000
2004-09-08,2.41319,2.41578,2.40332,2.41059,345000
2004-09-09,2.41059,2.41059,2.38046,2.38669,606000
2004-09-10,2.38669,2.40072,2.35604,2.37162,550000
2004-09-13,2.36903,2.43293,2.35604,2.41578,635000
2004-09-14,2.41578,2.42877,2.39552,2.42098,442000
2004-09-15,2.41578,2.42098,2.40332,2.40332,481000
2004-09-16,2.41578,2.42618,2.38461,2.38461,794000
2004-09-17,2.38981,2.42618,2.37942,2.37994,740000
2004-09-20,2.37682,2.37682,2.31759,2.33785,1148000
2004-09-21,2.34773,2.36383,2.32902,2.36383,652000
2004-09-22,2.34825,2.35708,2.32487,2.34773,500000
2004-09-23,2.36227,2.36383,2.32279,2.35864,867000
2004-09-24,2.35864,2.35864,2.33786,2.35084,354000
2004-09-27,2.32747,2.33786,2.32331,2.32643,995000
2004-09-28,2.31188,2.34825,2.31188,2.34305,887000
2004-09-29,2.32487,2.3789,2.30305,2.37162,508000
2004-09-30,2.41059,2.41059,2.3789,2.395,957000
2004-10-01,2.41267,2.46254,2.4002,2.43657,1747000
2004-10-04,2.46774,2.48748,2.45215,2.47761,1260000
2004-10-05,2.49319,2.49319,2.47241,2.47605,796000
2004-10-06,2.47293,2.49111,2.47293,2.48748,1300000
2004-10-07,2.48852,2.55865,2.48748,2.54203,2394000
2004-10-08,2.54567,2.701,2.54567,2.67555,1921000
2004-10-12,2.67554,2.69165,2.60281,2.66515,1152000
2004-10-13,2.66515,2.69633,2.66256,2.69633,809000
2004-10-14,2.70152,2.71191,2.67607,2.70152,2015000
2004-10-15,2.69892,2.70776,2.68853,2.69633,1005000
2004-10-18,2.69789,2.70672,2.68386,2.70152,344000
2004-10-19,2.70412,2.73269,2.70152,2.70152,2851000
2004-10-20,2.701,2.701,2.63918,2.66152,3211000
2004-10-21,2.62879,2.68594,2.62879,2.68594,1509000
2004-10-22,2.68542,2.68594,2.58775,2.58827,1398000
2004-10-25,2.58463,2.62411,2.56229,2.5758,852000
2004-10-26,2.62359,2.63294,2.59814,2.59814,1379000
2004-10-27,2.59502,2.59866,2.56125,2.59502,1694000
2004-10-28,2.61061,2.62359,2.58982,2.61424,612000
2004-10-29,2.59762,2.67035,2.59762,2.65736,737000
2004-11-01,2.66048,2.67762,2.65996,2.66775,244000
2004-11-02,2.65736,2.66308,2.63502,2.64489,317000
2004-11-03,2.65009,2.70152,2.65009,2.68334,395000
2004-11-04,2.69633,2.75867,2.68698,2.75088,439000
2004-11-05,2.76646,2.83088,2.75763,2.81478,1122000
2004-11-08,2.82621,2.82621,2.74464,2.7649,522000
2004-11-09,2.78413,2.81062,2.75399,2.794,785000
2004-11-10,2.81945,2.81945,2.73269,2.74568,960000
2004-11-11,2.76127,2.76127,2.73425,2.73425,172000
2004-11-12,2.75347,2.75347,2.71243,2.74049,583000
2004-11-15,2.75867,2.77945,2.74256,2.7488,544000
2004-11-16,2.76127,2.80491,2.75347,2.79244,663000
2004-11-17,2.77426,2.82984,2.77426,2.82101,980000
2004-11-18,2.82361,2.85738,2.82361,2.84907,590000
2004-11-19,2.84907,2.85738,2.81582,2.84699,339000
2004-11-22,2.85738,2.88855,2.84439,2.86102,1111000
2004-11-23,2.85478,2.86257,2.8366,2.84595,269000
2004-11-24,2.8366,2.84647,2.78257,2.80387,479000
2004-11-25,2.81426,2.81582,2.79036,2.80595,381000
2004-11-26,2.82267,2.82267,2.79131,2.80438,317000
2004-11-29,2.82267,2.82267,2.79654,2.81222,1020000
2004-11-30,2.82006,2.83835,2.81326,2.83835,698000
2004-12-01,2.86449,2.88279,2.84933,2.85404,1580000
2004-12-02,2.86449,2.87913,2.84254,2.87494,1211000
2004-12-03,2.8671,2.90108,2.8671,2.90108,382000
2004-12-06,2.89847,2.90579,2.84097,2.89324,656000
2004-12-07,2.87024,2.88592,2.81222,2.81222,520000
2004-12-08,2.84358,2.84358,2.79183,2.79445,877000
2004-12-09,2.79445,2.8117,2.79079,2.79654,355000
2004-12-10,2.79654,2.83313,2.79654,2.82372,1048000
2004-12-13,2.83574,2.85038,2.82267,2.83522,467000
2004-12-14,2.83051,2.84097,2.82267,2.82685,262000
2004-12-15,2.84097,2.84097,2.8232,2.82424,512000
2004-12-16,2.83313,2.83574,2.78347,2.81745,788000
2004-12-17,2.7772,2.82267,2.7772,2.82215,642000
2004-12-20,2.82215,2.82529,2.80751,2.81013,750000
2004-12-21,2.81065,2.82267,2.79131,2.80176,1054000
2004-12-22,2.81745,2.81745,2.79706,2.80385,388000
2004-12-23,2.79654,2.80176,2.77301,2.7772,242000
2004-12-24,2.77354,2.78033,2.75995,2.76779,149000
2004-12-29,2.74427,2.78608,2.6162,2.78347,299000
2004-12-30,2.75995,2.79654,2.75995,2.79079,190000
2004-12-31,2.80961,2.80961,2.79079,2.80647,277000
2005-01-04,2.81745,2.81745,2.72963,2.73067,751000
2005-01-05,2.72336,2.76152,2.71813,2.73904,773000
2005-01-06,2.74427,2.74427,2.69199,2.70245,1220000
2005-01-07,2.69147,2.70245,2.6852,2.69722,484000
2005-01-10,2.71552,2.75472,2.69199,2.69199,1208000
2005-01-11,2.69199,2.76988,2.69199,2.75995,1820000
2005-01-12,2.75995,2.76517,2.73904,2.75995,487000
2005-01-13,2.7704,2.79915,2.7704,2.79131,544000
2005-01-14,2.81744,2.84358,2.81744,2.82529,1433000
2005-01-17,2.80961,2.84881,2.80961,2.84881,333000
2005-01-18,2.84829,2.91415,2.84097,2.89585,2063000
2005-01-19,2.91676,2.96903,2.90683,2.92722,987000
2005-01-20,2.92669,2.96119,2.90369,2.94813,1016000
2005-01-21,2.9429,3.01765,2.9429,3.01556,798000
2005-01-24,3.04378,3.04483,2.96903,3.04483,811000
2005-01-25,3.03071,3.13892,2.96694,3.13892,1546000
2005-01-26,3.2121,3.27116,3.12324,3.14153,2933000
2005-01-27,3.18701,3.18701,3.14153,3.16505,1901000
2005-01-28,3.13108,3.1363,3.07096,3.07619,1698000
2005-01-31,3.08246,3.08246,3.03281,3.03699,1218000
2005-02-01,3.03071,3.03071,2.99256,3.00144,3636000
2005-02-02,2.99517,3.02915,2.97949,3.02653,2437000
2005-02-03,3.02967,3.10494,3.02653,3.09971,4106000
2005-02-04,3.11017,3.16819,3.10233,3.14153,5432000
2005-02-07,3.17551,3.17551,3.12585,3.13578,1421000
2005-02-08,3.13264,3.13264,3.08664,3.12323,887000
2005-02-09,3.12062,3.13108,3.08665,3.08665,3743000
2005-02-10,3.09762,3.09762,3.07358,3.0741,2166000
2005-02-11,3.0903,3.0903,3.07514,3.08351,908000
2005-02-14,3.08403,3.08403,3.07671,3.08403,713000
2005-02-15,3.08403,3.11017,3.0788,3.08874,1432000
2005-02-16,3.0971,3.0971,3.08403,3.08665,1049000
2005-02-17,3.0971,3.10755,3.08403,3.09971,384000
2005-02-18,3.12324,3.13108,3.0971,3.12376,845000
2005-02-21,3.12585,3.1363,3.1248,3.13108,356000
2005-02-22,3.1363,3.1363,3.0788,3.09292,1210000
2005-02-23,3.11017,3.12323,3.08403,3.0856,1284000
2005-02-24,3.10665,3.11507,3.05244,3.0735,968000
2005-02-25,3.08928,3.09192,3.03981,3.06823,1380000
2005-02-28,3.14612,3.14612,3.06613,3.10507,648000
2005-03-01,3.11033,3.17086,3.10507,3.17086,622000
2005-03-02,3.17086,3.23664,3.16296,3.21559,868000
2005-03-03,3.24612,3.26243,3.09981,3.14717,1163000
2005-03-04,3.1577,3.1577,3.0956,3.13665,995000
2005-03-07,3.1577,3.17086,3.10507,3.13981,869000
2005-03-08,3.1577,3.1577,3.14191,3.15507,391000
2005-03-09,3.1577,3.18875,3.1077,3.11718,1123000
2005-03-10,3.13665,3.13665,3.08981,3.08981,950000
2005-03-11,3.08981,3.19401,3.08981,3.19401,2210000
2005-03-14,3.18402,3.24664,3.16612,3.24191,1011000
2005-03-15,3.25769,3.25769,3.14718,3.21875,2724000
2005-03-16,3.21875,3.23664,3.2077,3.22085,799000
2005-03-17,3.22612,3.23138,3.20191,3.22349,697000
2005-03-18,3.21033,3.22875,3.21033,3.21559,565000
2005-03-21,3.23138,3.23612,3.2077,3.22401,748000
2005-03-22,3.23664,3.27875,3.22612,3.2498,941000
2005-03-23,3.25559,3.25559,3.22612,3.23664,593000
2005-03-24,3.27348,3.27611,3.2498,3.26296,1095000
2005-03-28,3.27559,3.31032,3.26296,3.28927,554000
2005-03-29,3.28927,3.28927,3.24717,3.26296,768000
2005-03-30,3.26296,3.30506,3.25243,3.27085,7990000
2005-03-31,3.28401,3.30506,3.27348,3.29717,619000
2005-04-01,3.31559,3.36821,3.29453,3.33664,697000
2005-04-04,3.36821,3.42084,3.3419,3.39874,573000
2005-04-05,3.41926,3.52452,3.40505,3.45979,1520000
2005-04-06,3.49189,3.49189,3.41348,3.43137,466000
2005-04-07,3.41032,3.42558,3.34716,3.36821,705000
2005-04-08,3.37874,3.41505,3.334,3.39453,610000
2005-04-11,3.39453,3.39453,3.31717,3.33401,610000
2005-04-12,3.36821,3.36821,3.32348,3.34716,375000
2005-04-13,3.36821,3.36821,3.30506,3.31032,487000
2005-04-14,3.31558,3.32874,3.25033,3.30243,1542000
2005-04-15,3.32611,3.32611,3.18402,3.18402,1129000
2005-04-18,3.16823,3.22349,3.16823,3.2077,623000
2005-04-19,3.21296,3.22875,3.19296,3.1998,707000
2005-04-20,3.23664,3.23664,3.19928,3.20507,784000
2005-04-21,3.1998,3.22612,3.1998,3.22349,474000
2005-04-22,3.22349,3.22349,3.18401,3.18928,1358000
2005-04-25,3.19454,3.27612,3.19454,3.24454,1187000
2005-04-26,3.25664,3.29717,3.21717,3.26822,2004000
2005-04-27,3.30243,3.34137,3.28085,3.30401,636000
2005-04-28,3.31559,3.3219,3.22612,3.26822,976000
2005-04-29,3.28401,3.2919,3.24349,3.26296,667000
2005-05-02,3.27085,3.27085,3.24769,3.26032,911000
2005-05-03,3.26033,3.29664,3.25138,3.26296,513000
2005-05-04,3.26243,3.32559,3.26243,3.31032,411000
2005-05-05,3.32295,3.34979,3.29348,3.34927,719000
2005-05-06,3.41558,3.41821,3.33664,3.35979,480000
2005-05-09,3.35506,3.35506,3.32664,3.3519,714000
2005-05-10,3.3419,3.3419,3.31559,3.32874,912000
2005-05-11,3.33137,3.33664,3.30085,3.30085,812000
2005-05-12,3.28927,3.29453,3.25559,3.27611,554000
2005-05-13,3.27559,3.27559,3.21243,3.24717,541000
2005-05-16,3.25033,3.31453,3.25033,3.29559,652500
2005-05-17,3.31559,3.32295,3.27348,3.29664,951500
2005-05-18,3.30506,3.34716,3.28927,3.33453,661500
2005-05-19,3.35769,3.41663,3.34716,3.38927,2677000
2005-05-20,3.41663,3.44821,3.36295,3.424,1570000
2005-05-24,3.43768,3.50926,3.41663,3.45558,1691000
2005-05-25,3.47347,3.49873,3.45768,3.47347,1046000
2005-05-26,3.51241,3.51241,3.47347,3.47873,744000
2005-05-27,3.5158,3.52109,3.47344,3.50627,502000
2005-05-30,3.54227,3.5518,3.52957,3.54439,300500
2005-05-31,3.55816,3.65346,3.55392,3.60581,1111000
2005-06-01,3.6164,3.6524,3.60052,3.62699,813500
2005-06-02,3.6397,3.6397,3.55286,3.55286,543000
2005-06-03,3.55286,3.56557,3.5105,3.5105,456000
2005-06-06,3.50521,3.55604,3.49568,3.54227,368500
2005-06-07,3.52109,3.56345,3.52109,3.54757,1137500
2005-06-08,3.54757,3.59522,3.5338,3.5931,1058500
2005-06-09,3.55286,3.59734,3.53698,3.58463,271000
2005-06-10,3.58993,3.59522,3.53168,3.55286,322000
2005-06-13,3.53274,3.54651,3.52109,3.53168,402500
2005-06-14,3.52321,3.53062,3.50521,3.52109,260500
2005-06-15,3.54439,3.58145,3.52109,3.54757,719500
2005-06-16,3.58463,3.61534,3.56875,3.61428,617000
2005-06-17,3.63652,3.67782,3.57192,3.62169,1472500
2005-06-20,3.65346,3.67464,3.6217,3.66935,509500
2005-06-21,3.67994,3.75512,3.63017,3.73818,602500
2005-06-22,3.72759,3.79219,3.72759,3.77313,627000
2005-06-23,3.79113,3.79113,3.71171,3.73289,1231500
2005-06-24,3.70112,3.74877,3.70112,3.74136,580500
2005-06-27,3.73818,3.75407,3.71277,3.75407,590000
2005-06-28,3.72971,3.78054,3.72971,3.77842,886000
2005-06-29,3.76466,3.97116,3.75725,3.9521,1198000
2005-06-30,3.90444,3.94256,3.81231,3.86632,975500
2005-07-04,3.88644,3.99763,3.87055,3.99022,313000
2005-07-05,4.01352,4.07705,3.98387,4.05164,2123500
2005-07-06,4.05058,4.05058,3.99975,4.03893,925000
2005-07-07,4.02411,4.06647,4.00293,4.06647,645500
2005-07-08,4.07176,4.076,4.03364,4.04528,408000
2005-07-11,4.02411,4.05482,4.02305,4.05058,929500
2005-07-12,4.05058,4.05058,4.0061,4.02622,1289500
2005-07-13,4.01881,4.10247,4.01881,4.05587,1016500
2005-07-14,4.05058,4.10882,4.05058,4.06435,2130500
2005-07-15,4.05058,4.08659,4.04634,4.05587,789500
2005-07-18,4.07176,4.07176,4.04211,4.05587,1882000
2005-07-19,4.03999,4.21472,4.03999,4.18295,1374000
2005-07-20,4.18295,4.22425,4.16177,4.22002,733000
2005-07-21,4.22108,4.2359,4.13106,4.17766,1227500
2005-07-22,4.22425,4.22425,4.10882,4.12894,646500
2005-07-25,4.11835,4.14059,4.10565,4.11624,467500
2005-07-26,4.08235,4.10353,4.01246,4.01352,1074500
2005-07-27,4.12471,4.12471,4.03469,4.0654,1297500
2005-07-28,4.06646,4.0707,4.02516,4.04423,694000
2005-07-29,4.03999,4.03999,3.94998,3.96904,1258500
2005-08-02,3.99234,3.99234,3.84937,3.84937,2144000
2005-08-03,3.85467,3.91821,3.84937,3.91291,4532000
2005-08-04,3.90127,3.90762,3.87056,3.90762,1022500
2005-08-05,3.90762,3.91821,3.89173,3.91821,782000
2005-08-08,3.91821,3.91821,3.89173,3.91291,702000
2005-08-09,3.91821,3.9288,3.89173,3.90656,822000
2005-08-10,3.89279,3.91821,3.89279,3.91609,651500
2005-08-11,3.91715,3.91821,3.89491,3.90974,608000
2005-08-12,3.91609,3.91821,3.90232,3.91821,929000
2005-08-15,3.94486,3.94486,3.91394,3.91394,516500
2005-08-16,3.89688,3.91394,3.84571,3.86916,1023000
2005-08-17,3.89155,3.90221,3.8649,3.8649,930000
2005-08-18,3.85957,3.89049,3.83078,3.83824,733500
2005-08-19,3.84358,3.94486,3.84358,3.92567,2376000
2005-08-22,3.92994,3.95979,3.91821,3.95019,746000
2005-08-23,3.97045,3.98111,3.95766,3.96619,1670000
2005-08-24,3.9438,3.96619,3.93953,3.93953,983500
2005-08-25,3.9342,3.94486,3.9342,3.9342,3815500
2005-08-26,3.95019,3.98111,3.89155,3.97258,4098500
2005-08-29,3.98111,3.98111,3.97152,3.97152,630500
2005-08-30,3.97152,3.99817,3.95659,3.99817,801000
2005-08-31,3.96832,4.02483,3.92567,4.02376,1122500
2005-09-01,4.01523,4.03229,3.98751,4.01949,1608000
2005-09-02,4.03336,4.03336,4.00883,4.02483,579500
2005-09-06,4.02483,4.06854,4.0163,4.05148,1781000
2005-09-07,4.06747,4.17942,4.06747,4.13784,1779000
2005-09-08,4.17942,4.44703,4.1581,4.44597,3781000
2005-09-09,4.43744,4.4513,4.3724,4.40652,2218500
2005-09-12,4.44597,4.47795,4.41078,4.47795,1525000
2005-09-13,4.49394,4.49394,4.41398,4.45876,454500
2005-09-14,4.46196,4.47155,4.4353,4.4513,899500
2005-09-15,4.4417,4.50461,4.43637,4.50461,750000
2005-09-16,4.53019,4.61122,4.50567,4.59523,1189500
2005-09-19,4.63894,4.81273,4.63788,4.80314,1799500
2005-09-20,4.47155,4.47155,4.21034,4.27005,8519500
2005-09-21,4.37133,4.39799,4.28071,4.30203,1734000
2005-09-22,4.33402,4.33402,4.16876,4.20075,1818500
2005-09-23,4.16876,4.28071,4.13677,4.24872,1306500
2005-09-26,4.24339,4.24872,4.17409,4.17409,1025500
2005-09-27,4.18049,4.31803,4.18049,4.23913,1937500
2005-09-28,4.33935,4.39266,4.25405,4.366,1518000
2005-09-29,4.39799,4.4513,4.37133,4.37133,1575500
2005-09-30,4.37667,4.41398,4.28284,4.29777,934500
2005-10-03,4.31803,4.37134,4.2967,4.36067,1219000
2005-10-04,4.36493,4.3692,4.29137,4.30736,1065000
2005-10-05,4.30736,4.31163,4.16343,4.2306,1269000
2005-10-06,4.2306,4.25299,4.05255,4.15703,2438500
2005-10-07,4.13144,4.23167,4.10159,4.10159,946000
2005-10-11,4.08347,4.24019,4.08347,4.17729,1202000
2005-10-12,4.19541,4.20501,4.13784,4.20501,1698500
2005-10-13,4.20074,4.20074,4.11545,4.1581,712000
2005-10-14,4.1581,4.18475,4.11012,4.12611,554000
2005-10-17,4.10479,4.10479,4.05361,4.06214,829500
2005-10-18,4.05361,4.06961,4.0195,4.03869,1329000
2005-10-19,4.02163,4.02269,3.87876,3.88622,2339000
2005-10-20,3.89155,3.89475,3.74549,3.7892,1430500
2005-10-21,3.79027,3.91714,3.79027,3.90221,1305500
2005-10-24,3.94486,3.98751,3.91288,3.95552,616500
2005-10-25,3.95659,4.04615,3.92354,4.03122,1018500
2005-10-26,4.03016,4.03016,3.81905,3.89155,2888000
2005-10-27,3.90222,3.90222,3.67832,3.75615,7115000
2005-10-28,3.75615,3.75615,3.60155,3.68365,2937500
2005-10-31,3.70497,3.8681,3.70497,3.8681,1287000
2005-11-01,3.8681,3.89156,3.76361,3.77321,1498000
2005-11-02,3.77747,3.7956,3.68472,3.78494,1901000
2005-11-03,3.82225,3.82972,3.79773,3.82119,1084500
2005-11-04,3.83824,3.86916,3.7988,3.83824,850000
2005-11-07,3.88729,3.89155,3.84144,3.88089,983500
2005-11-08,3.89795,3.89795,3.79773,3.85424,1357500
2005-11-09,3.85424,3.88622,3.82865,3.88622,1654000
2005-11-10,3.90115,4.02376,3.89155,3.99817,2156000
2005-11-11,4.03975,4.10479,3.97152,4.09306,1494000
2005-11-14,4.07911,4.1757,4.05228,4.1156,1552000
2005-11-15,4.08662,4.11453,3.91706,3.95033,1510500
2005-11-16,3.95033,3.98896,3.91169,3.94389,1089500
2005-11-17,3.94389,3.94389,3.89023,3.9278,1354000
2005-11-18,3.93316,4.06623,3.93316,4.04584,1444500
2005-11-21,4.06731,4.06731,4.0276,4.04584,606500
2005-11-22,4.04048,4.0995,3.99862,4.0995,1833500
2005-11-23,4.07804,4.11989,4.0394,4.09843,1236000
2005-11-24,4.35169,4.61462,4.35169,4.59316,6914000
2005-11-25,4.56311,4.58243,4.42682,4.42682,1243000
2005-11-28,4.48047,4.55238,4.45365,4.51267,1671500
2005-11-29,4.49657,4.58779,4.49657,4.57921,1129000
2005-11-30,4.56311,4.58243,4.49979,4.5513,880500
2005-12-01,4.52877,4.61462,4.52877,4.61462,674500
2005-12-02,4.63394,4.67686,4.58242,4.58886,2573000
2005-12-05,4.59101,4.70047,4.58994,4.6994,805500
2005-12-06,4.7273,4.74877,4.70155,4.71121,1074500
2005-12-07,4.71657,4.76379,4.67043,4.7273,1143000
2005-12-08,4.68974,4.76164,4.68974,4.75413,773000
2005-12-09,4.75521,4.80135,4.73267,4.7756,892000
2005-12-12,4.80242,4.82925,4.78096,4.78203,2006000
2005-12-13,4.80243,4.80779,4.77667,4.78311,1260500
2005-12-14,4.78633,4.80886,4.7434,4.75306,1990000
2005-12-15,4.72301,4.87648,4.69833,4.86145,1534000
2005-12-16,4.88506,4.93657,4.84213,4.88828,1510000
2005-12-19,4.88828,4.96018,4.81316,4.90652,979000
2005-12-20,4.93121,4.93121,4.85823,4.91082,1037500
2005-12-21,4.90223,4.98379,4.90223,4.95804,841000
2005-12-22,4.98057,5.04389,4.98057,5.04389,678500
2005-12-23,5.04389,5.10828,5.02779,5.07501,379000
2005-12-28,5.05891,5.09647,5.02779,5.05033,1436500
2005-12-29,5.05569,5.07072,5.03852,5.04389,287500
2005-12-30,5.01706,5.04389,4.9634,5.02565,817500
2006-01-03,5.01169,5.07071,4.96447,5.02886,1213000
2006-01-04,5.02242,5.05784,4.97198,4.9913,1476500
2006-01-05,4.99667,5.17804,4.99238,5.11687,2304500
2006-01-06,5.11364,5.13403,5.08681,5.09755,937500
2006-01-09,5.07608,5.08467,5.03316,5.04389,1349500
2006-01-10,5.04389,5.05784,5.00633,5.00633,1138500
2006-01-11,5.00633,5.07501,5.00633,5.07501,816000
2006-01-12,5.05569,5.14369,5.05033,5.14369,898500
2006-01-13,5.13403,5.1952,5.12974,5.14047,824000
2006-01-16,5.16408,5.23599,5.15442,5.19091,464500
2006-01-17,5.20701,5.22633,5.10613,5.13082,891000
2006-01-18,5.10184,5.10184,4.99989,5.05462,806500
2006-01-19,5.04389,5.14369,5.04389,5.13189,577000
2006-01-20,5.09755,5.15872,5.06213,5.07608,674500
2006-01-23,5.10076,5.10076,5.04925,5.0675,1064000
2006-01-24,5.07823,5.1394,5.07072,5.11901,2788000
2006-01-25,5.14906,5.24242,5.14584,5.24242,933500
2006-01-26,5.29072,5.33901,5.27033,5.30789,1170500
2006-01-27,5.34867,5.36584,5.2714,5.29608,957500
2006-01-30,5.24242,5.46779,5.24242,5.39803,1108000
2006-01-31,5.46564,5.84876,5.43988,5.69315,2209500
2006-02-01,5.72964,5.76828,5.58047,5.58047,1835000
2006-02-02,5.58047,5.58047,5.20701,5.32398,4373500
2006-02-03,5.29072,5.31218,5.21238,5.24779,2030000
2006-02-06,5.24242,5.43345,5.24242,5.3154,1684000
2006-02-07,5.25638,5.31218,5.23062,5.23706,1059000
2006-02-08,5.23169,5.34867,5.21559,5.31218,1099000
2006-02-09,5.37335,5.58047,5.36369,5.47315,6668500
2006-02-10,5.5088,5.5088,5.35434,5.36622,1157500
2006-02-13,5.36838,5.36838,5.12535,5.12535,1344500
2006-02-14,5.12103,5.28305,4.9752,5.21716,3944000
2006-02-15,5.24308,5.26361,5.09726,5.10914,1442500
2006-02-16,5.18259,5.33273,5.17287,5.29169,1295500
2006-02-17,5.29493,5.29493,5.19232,5.2204,855500
2006-02-20,5.24416,5.32517,5.24416,5.27117,599000
2006-02-21,5.29277,5.29277,5.19015,5.20095,873500
2006-02-22,5.22796,5.22796,5.1113,5.21176,923500
2006-02-23,5.21176,5.23336,5.15883,5.22256,584500
2006-02-24,5.21284,5.27009,5.14587,5.17395,833500
2006-02-27,5.20204,5.21932,5.15019,5.17395,875500
2006-02-28,5.17935,5.20744,5.13723,5.20636,740000
2006-03-01,5.2366,5.29277,5.18475,5.26253,730000
2006-03-02,5.28413,5.34354,5.27225,5.32841,1605000
2006-03-03,5.3457,5.39538,5.30357,5.36406,512500
2006-03-06,5.34678,5.37486,5.32085,5.33706,725000
2006-03-07,5.31437,5.32841,5.27765,5.31761,538500
2006-03-08,5.33598,5.33598,5.16747,5.21716,1295500
2006-03-09,5.27765,5.31437,5.21716,5.28845,685000
2006-03-10,5.23984,5.50772,5.23876,5.3673,981500
2006-03-13,5.38458,5.5034,5.3835,5.43319,1345500
2006-03-14,5.45587,5.56281,5.44939,5.56281,1282000
2006-03-15,5.59521,5.72915,5.58009,5.62654,1415000
2006-03-16,5.64382,5.72483,5.61682,5.68919,787500
2006-03-17,5.67082,5.71619,5.46451,5.50232,1228500
2006-03-20,5.46559,5.55957,5.46559,5.46667,608000
2006-03-21,5.46559,5.53904,5.46019,5.47099,431500
2006-03-22,5.45911,5.46451,5.3889,5.42131,1337500
2006-03-23,5.43319,5.43319,5.31113,5.31221,1359000
2006-03-24,5.33598,5.4926,5.31437,5.46343,991000
2006-03-27,5.55741,5.55741,5.41159,5.42671,562000
2006-03-28,5.43427,5.4872,5.37918,5.38999,987000
2006-03-29,5.36838,5.41159,5.36838,5.39538,660000
2006-03-30,5.40078,5.57685,5.40078,5.57361,1466500
2006-03-31,5.55741,5.67298,5.5304,5.67298,1703000
2006-04-03,5.69783,5.72483,5.6179,5.69243,1377500
2006-04-04,5.69243,5.69243,5.55201,5.60494,788500
2006-04-05,5.61682,5.61682,5.57901,5.60494,609500
2006-04-06,5.61682,5.6557,5.60601,5.6557,1844500
2006-04-07,5.64922,5.69135,5.59521,5.66542,807500
2006-04-10,5.67082,5.67082,5.60926,5.63842,466000
2006-04-11,5.59305,5.64814,5.46127,5.47639,1330500
2006-04-12,5.48936,5.52284,5.40402,5.40942,1421500
2006-04-13,5.43103,5.50232,5.40619,5.49584,873500
2006-04-17,5.5196,5.58981,5.5196,5.57253,592000
2006-04-18,5.59413,5.59413,5.5034,5.51312,1062000
2006-04-19,5.498,5.60061,5.498,5.60061,963000
2006-04-20,5.60386,5.66974,5.60386,5.61682,2236500
2006-04-21,5.6179,5.71079,5.6179,5.65786,1002500
2006-04-24,5.61898,5.63518,5.58009,5.58441,491000
2006-04-25,5.55525,5.59953,5.46992,5.58225,1503000
2006-04-26,5.62762,5.62762,5.19015,5.23876,7551000
2006-04-27,5.28521,5.36622,5.21176,5.26576,2692500
2006-04-28,5.28629,5.30357,5.23876,5.24956,1492000
2006-05-01,5.2366,5.30465,5.18475,5.18475,1394000
2006-05-02,5.19555,5.19555,4.97952,5.02057,2479500
2006-05-03,4.99897,5.06594,4.83694,5.02057,2948500
2006-05-04,4.99465,5.06378,4.95576,4.95576,1239000
2006-05-05,4.96872,5.06594,4.93956,4.99033,2977500
2006-05-08,4.99357,5.14047,4.99357,5.04757,988500
2006-05-09,5.07674,5.07674,4.97412,4.99033,2976000
2006-05-10,5.01193,5.05513,4.97952,5.02921,7670000
2006-05-11,5.02273,5.11778,5.02273,5.07674,2553000
2006-05-12,5.10914,5.10914,5.02273,5.04973,1035000
2006-05-15,5.08563,5.08563,4.86263,4.94095,2549500
2006-05-16,4.96597,5.05735,4.94965,5.05735,1262000
2006-05-17,5.06823,5.10195,4.98011,5.01927,2041000
2006-05-18,5.08346,5.08346,4.89526,4.91919,1391500
2006-05-19,4.9453,4.94965,4.8648,4.87677,891500
2006-05-23,4.87459,4.89091,4.78648,4.84848,1385000
2006-05-24,4.81367,4.88438,4.78212,4.86915,646500
2006-05-25,4.89417,5.0258,4.87133,4.99317,1143500
2006-05-26,5.04647,5.05626,4.98555,4.99317,836000
2006-05-29,5.00404,5.0258,4.96053,4.99317,572500
2006-05-30,5.00405,5.01166,4.91049,4.92137,329000
2006-05-31,4.91702,4.96053,4.8735,4.8735,721000
2006-06-01,4.88438,4.92028,4.85719,4.89635,495000
2006-06-02,4.90505,5.00404,4.90505,5.00404,666000
2006-06-05,5.04212,5.09107,5.03341,5.05408,1045500
2006-06-06,5.08563,5.09977,4.94095,5.00404,892500
2006-06-07,4.98229,5.01601,4.8474,4.88982,1364000
2006-06-08,4.81367,4.84413,4.68313,4.84413,2020000
2006-06-09,4.85501,5.12044,4.85283,5.11826,1773500
2006-06-12,5.10086,5.10086,4.92137,4.93551,1056500
2006-06-13,4.86806,4.86806,4.40682,4.49276,3950000
2006-06-14,4.59611,4.62113,4.45469,4.52648,1590500
2006-06-15,4.61786,4.78648,4.59611,4.71468,908000
2006-06-16,4.76363,4.8202,4.72882,4.79953,978000
2006-06-19,4.79844,4.79844,4.56021,4.6233,724500
2006-06-20,4.58849,4.67769,4.5341,4.60046,1038000
2006-06-21,4.61134,4.70489,4.56891,4.60372,1338000
2006-06-22,4.64506,4.74731,4.60481,4.69075,1464000
2006-06-23,4.71685,4.80932,4.71685,4.78648,2029500
2006-06-26,4.83761,4.97141,4.82129,4.95944,917000
2006-06-27,4.98229,4.98446,4.82999,4.85392,642500
2006-06-28,4.85284,4.86807,4.79192,4.81367,402000
2006-06-29,4.81367,4.94421,4.81367,4.91375,1164000
2006-06-30,4.93877,4.95618,4.8735,4.8735,852000
2006-07-04,4.89635,5.00296,4.89635,5.00296,400000
2006-07-05,4.97685,4.97685,4.82455,4.87242,788000
2006-07-06,4.91049,4.91484,4.82564,4.85284,243500
2006-07-07,4.83543,4.90614,4.82564,4.90614,514500
2006-07-10,4.86045,4.89852,4.86045,4.87568,190500
2006-07-11,4.85066,4.93877,4.84196,4.91049,486000
2006-07-12,4.93769,4.94313,4.86263,4.88765,603500
2006-07-13,4.88003,4.88003,4.76254,4.7669,787000
2006-07-14,4.7669,4.81367,4.67225,4.68857,1316500
2006-07-17,4.69945,4.73208,4.68422,4.72012,1216500
2006-07-18,4.71142,4.73535,4.69945,4.71359,500500
2006-07-19,4.73753,4.75493,4.70489,4.73535,828500
2006-07-20,4.71033,4.75711,4.69401,4.71795,497000
2006-07-21,4.71033,4.73209,4.67987,4.68313,717500
2006-07-24,4.68422,4.72229,4.68422,4.71577,1121000
2006-07-25,4.69945,4.7756,4.69619,4.77016,1554500
2006-07-26,4.78539,4.89417,4.73753,4.89309,1029500
2006-07-27,4.97685,5.02798,4.92898,4.9986,1759000
2006-07-28,5.00513,5.11827,5.00513,5.11392,1177000
2006-07-31,5.11392,5.11392,5.01927,5.09651,757000
2006-08-01,5.053,5.21073,5.053,5.21073,1120000
2006-08-02,5.19333,5.36195,5.19333,5.34998,2599500
2006-08-03,5.35868,5.37935,5.28144,5.31081,1321000
2006-08-04,5.32495,5.42286,5.32495,5.38479,1137500
2006-08-08,5.38479,5.40981,5.3565,5.37826,957000
2006-08-09,5.3837,5.39131,5.33692,5.33692,2262000
2006-08-10,5.30973,5.31952,5.19659,5.26513,2342500
2006-08-11,5.22814,5.27056,5.22705,5.2586,209500
2006-08-14,5.28688,5.28688,5.22161,5.25969,5886000
2006-08-15,5.2794,5.3254,5.26188,5.29473,441000
2006-08-16,5.28378,5.31226,5.28378,5.31226,436500
2006-08-17,5.29583,5.33417,5.29583,5.33417,809500
2006-08-18,5.33417,5.39441,5.25859,5.38127,986500
2006-08-21,5.38893,5.46998,5.38126,5.41741,631500
2006-08-22,5.41741,5.47108,5.41303,5.45575,1209500
2006-08-23,5.40098,5.52913,5.40098,5.51489,2583000
2006-08-24,5.51489,5.52913,5.38345,5.46013,1098000
2006-08-25,5.47546,5.47546,5.35607,5.37908,665500
2006-08-28,5.37798,5.46451,5.35607,5.40865,1219000
2006-08-29,5.42179,5.51489,5.34621,5.50832,1755000
2006-08-30,5.46779,5.48751,5.42289,5.44589,655500
2006-08-31,5.4437,5.45903,5.38893,5.43274,750500
2006-09-01,5.42836,5.48203,5.36922,5.43932,430000
2006-09-05,5.42289,5.52475,5.42289,5.45794,697000
2006-09-06,5.47656,5.47656,5.42398,5.42398,3320500
2006-09-07,5.42398,5.47108,5.35607,5.37141,1256000
2006-09-08,5.34512,5.35607,5.29145,5.31664,675500
2006-09-11,5.31226,5.33307,5.26954,5.30131,627500
2006-09-12,5.28926,5.38346,5.28926,5.38017,638500
2006-09-13,5.35607,5.58609,5.35607,5.54775,1349000
2006-09-14,5.5587,5.63976,5.54775,5.6058,1282500
2006-09-15,5.58718,5.61676,5.48751,5.53132,954500
2006-09-18,5.48751,5.5598,5.45137,5.47765,434000
2006-09-19,5.48751,5.51927,5.45027,5.45794,446500
2006-09-20,5.42179,5.55213,5.42179,5.47656,611500
2006-09-21,5.50394,5.50394,5.43384,5.47656,485500
2006-09-22,5.48751,5.55104,5.34841,5.38017,870500
2006-09-25,5.34293,5.51489,5.26954,5.4437,808500
2006-09-26,5.4437,5.44479,5.36703,5.38236,598500
2006-09-27,5.42179,5.42179,5.31774,5.33417,610500
2006-09-28,5.33417,5.46013,5.33417,5.43494,773500
2006-09-29,5.42289,5.43713,5.34622,5.36922,607500
2006-10-02,5.38455,5.41741,5.35388,5.41632,357000
2006-10-03,5.38017,5.39989,5.36812,5.39989,1025000
2006-10-04,5.44808,5.44808,5.25969,5.2794,1190000
2006-10-05,5.31226,5.32102,5.21587,5.25749,2226000
2006-10-06,5.20273,5.24654,5.15234,5.15892,975500
2006-10-10,5.15892,5.1863,5.15892,5.18301,930500
2006-10-11,5.17973,5.24435,5.17535,5.17535,1555500
2006-10-12,5.19178,5.2564,5.12277,5.14906,856000
2006-10-13,5.14906,5.19944,5.11291,5.17535,1069500
2006-10-16,5.19287,5.23888,5.18411,5.21368,660500
2006-10-17,5.23668,5.2794,5.23011,5.24983,1794000
2006-10-18,5.2794,5.28817,5.25859,5.25969,827500
2006-10-19,5.29583,5.35607,5.25969,5.33636,1085000
2006-10-20,5.33964,5.44917,5.32431,5.41084,1186000
2006-10-23,5.45136,5.45136,5.3966,5.42179,813000
2006-10-24,5.42727,5.48532,5.31774,5.48532,814500
2006-10-25,5.43384,5.61895,5.43384,5.53132,1435000
2006-10-26,5.43274,5.4656,5.38126,5.42946,1480500
2006-10-27,5.45355,5.4886,5.39441,5.46013,861000
2006-10-30,5.42508,5.46232,5.40208,5.43822,833000
2006-10-31,5.40098,5.47656,5.39988,5.47656,939500
2006-11-01,4.88509,5.30131,4.87961,5.10415,5665000
2006-11-02,5.20273,5.20273,4.96505,5.0001,4204500
2006-11-03,5.04172,5.09867,5.01214,5.05705,2484000
2006-11-06,5.07567,5.12058,4.98476,4.99462,1769500
2006-11-07,5.00557,5.07677,5.00557,5.03405,1123500
2006-11-08,5.03953,5.06472,5.00338,5.01214,847000
2006-11-09,5.01324,5.06582,5.0001,5.04501,1702500
2006-11-10,5.04939,5.12058,5.03843,5.09868,8780500
2006-11-13,5.14687,5.16658,5.10415,5.11072,1929000
2006-11-14,5.15706,5.15706,5.04674,5.0655,776000
2006-11-15,5.06219,5.08314,5.01696,5.05336,1740000
2006-11-16,5.07432,5.10079,5.01034,5.03461,1092000
2006-11-17,5.01917,5.02578,4.98717,5.01917,1294500
2006-11-20,5.00262,5.08315,5.00262,5.05998,2571500
2006-11-21,5.06108,5.12948,5.03351,5.1008,2050500
2006-11-22,5.09418,5.12948,5.04674,5.09197,1571500
2006-11-23,5.10079,5.10741,5.07653,5.1019,403500
2006-11-24,5.08535,5.10079,5.04784,5.05336,3810500
2006-11-27,5.07984,5.07984,5.00483,5.04123,746500
2006-11-28,5.05777,5.05777,4.98938,5.05777,3415000
2006-11-29,5.06881,5.06881,5.00262,5.04454,2578500
2006-11-30,5.06108,5.09749,5.0302,5.04123,2538500
2006-12-01,5.07543,5.16147,5.06219,5.16147,6468500
2006-12-04,5.16257,5.34458,5.13499,5.34127,4156500
2006-12-05,5.29605,5.32252,5.22324,5.25413,2319000
2006-12-06,5.22876,5.24861,5.22324,5.23648,1644500
2006-12-07,5.23979,5.27288,5.19567,5.21001,1791500
2006-12-08,5.18574,5.21221,5.09859,5.1372,1981500
2006-12-11,5.15043,5.15043,5.04343,5.07432,2354000
2006-12-12,5.05336,5.08866,5.05226,5.06329,2623000
2006-12-13,5.0688,5.14712,5.0688,5.14051,1778500
2006-12-14,5.18243,5.18243,5.07873,5.17139,1949500
2006-12-15,5.12947,5.26295,5.12947,5.21883,3649000
2006-12-18,5.22324,5.25523,5.14161,5.21662,3931000
2006-12-19,5.1736,5.22103,5.15374,5.18684,914500
2006-12-20,5.17581,5.2442,5.17581,5.19677,640000
2006-12-21,5.15706,5.23979,5.13058,5.13058,624000
2006-12-22,5.18463,5.18463,5.1019,5.103,513000
2006-12-27,5.16808,5.16808,5.1019,5.14933,697000
2006-12-28,5.1736,5.22655,5.11955,5.11955,1819500
2006-12-29,5.1372,5.1736,5.10631,5.14161,1450000
2007-01-02,5.15154,5.16808,5.10741,5.16257,1261000
2007-01-03,5.12396,5.18353,5.09638,5.12727,2960000
2007-01-04,5.10852,5.15705,5.09638,5.11403,2271000
2007-01-05,5.11844,5.12947,5.05777,5.07101,1950500
2007-01-08,5.09638,5.11072,5.05336,5.06329,815500
2007-01-09,5.09308,5.09308,4.98387,4.99379,1019500
2007-01-10,5.00041,5.03792,4.99379,5.00262,597500
2007-01-11,5.01475,5.07542,4.99821,5.05777,2139000
2007-01-12,5.07432,5.14823,5.04123,5.12396,685000
2007-01-15,5.11844,5.20008,5.11844,5.16257,630000
2007-01-16,5.21773,5.25523,5.17691,5.24089,2406500
2007-01-17,5.28722,5.31701,5.2453,5.31149,2893500
2007-01-18,5.33907,5.42842,5.32804,5.3501,2164000
2007-01-19,5.3876,5.50453,5.37216,5.46703,2423500
2007-01-22,5.51557,5.60161,5.47585,5.48468,1810500
2007-01-23,5.51446,5.54866,5.50453,5.51557,957500
2007-01-24,5.51557,5.62367,5.50123,5.62036,1000500
2007-01-25,5.63139,5.66338,5.57072,5.57183,1643500
2007-01-26,5.5266,5.57955,5.51667,5.563,558500
2007-01-29,5.54756,5.62367,5.54756,5.57624,702000
2007-01-30,5.60492,5.68655,5.57513,5.68324,1893000
2007-01-31,5.65897,5.81341,5.64904,5.77369,996000
2007-02-01,5.80127,5.89393,5.74501,5.85863,4378000
2007-02-02,5.77039,5.83547,5.77039,5.78362,2057500
2007-02-05,5.79134,5.87297,5.78693,5.85753,1332500
2007-02-06,5.85753,5.90055,5.8465,5.87518,1384500
2007-02-07,5.88952,5.88952,5.80348,5.86856,1134000
2007-02-08,5.86856,5.88511,5.8465,5.85974,2578500
2007-02-09,5.85974,5.88952,5.81451,5.87408,4992000
2007-02-12,5.91408,5.91408,5.72187,5.7652,2931000
2007-02-13,5.76631,5.81742,5.75075,5.78186,961000
2007-02-14,5.76409,5.77742,5.51632,5.5241,5647000
2007-02-15,5.48965,5.61631,5.42188,5.55743,1644500
2007-02-16,5.54521,5.59298,5.54521,5.56076,934500
2007-02-19,5.55743,5.6552,5.55743,5.63298,585500
2007-02-20,5.6352,5.63854,5.56299,5.63298,854500
2007-02-21,5.63076,5.63854,5.59965,5.62743,906500
2007-02-22,5.6552,5.6552,5.61743,5.62187,490500
2007-02-23,5.6152,5.64409,5.61409,5.63187,342500
2007-02-26,5.61076,5.63853,5.61076,5.61298,782000
2007-02-27,5.5441,5.59965,5.41855,5.44633,1094000
2007-02-28,5.49855,5.5541,5.34411,5.42744,1334000
2007-03-01,5.41077,5.41522,5.34411,5.36189,1184000
2007-03-02,5.36411,5.37411,5.28745,5.29523,827500
2007-03-05,5.27745,5.37522,5.25523,5.333,958500
2007-03-06,5.38855,5.47744,5.38855,5.41078,1285500
2007-03-07,5.46855,5.58743,5.43855,5.57743,1363500
2007-03-08,5.61076,5.61076,5.50077,5.56188,1002500
2007-03-09,5.53965,5.61076,5.53965,5.57187,559000
2007-03-12,5.56076,5.60298,5.55743,5.58298,468000
2007-03-13,5.58298,5.58298,5.41744,5.44744,1109500
2007-03-14,5.38966,5.46077,5.38966,5.433,1074500
2007-03-15,5.46966,5.47744,5.41188,5.44299,430500
2007-03-16,5.4441,5.4441,5.39077,5.42522,1364000
2007-03-19,5.43188,5.5752,5.43077,5.55076,845000
2007-03-20,5.54965,5.57854,5.53188,5.55521,1113000
2007-03-21,5.54965,5.61076,5.50855,5.61076,726000
2007-03-22,5.62076,5.6852,5.58632,5.61965,630500
2007-03-23,5.59965,5.6852,5.56632,5.56632,1089000
2007-03-26,5.58854,5.62076,5.54632,5.57187,672000
2007-03-27,5.51299,5.58965,5.51299,5.52965,1010500
2007-03-28,5.51632,5.57632,5.48633,5.49299,621000
2007-03-29,5.52744,5.57188,5.4941,5.54521,996000
2007-03-30,5.57299,5.57299,5.46633,5.47188,712000
2007-04-02,5.44966,5.45522,5.41633,5.423,631500
2007-04-03,5.46633,5.51855,5.44966,5.48744,746500
2007-04-04,5.53632,5.57076,5.47188,5.55521,1224500
2007-04-05,5.55521,5.63298,5.55521,5.61743,796000
2007-04-09,5.57965,5.63298,5.57188,5.58743,324000
2007-04-10,5.63076,5.63076,5.52188,5.53521,717500
2007-04-11,5.52188,5.55521,5.49966,5.53743,559500
2007-04-12,5.52188,5.55854,5.51633,5.54521,1622000
2007-04-13,5.54521,5.61854,5.54521,5.57521,1303000
2007-04-16,5.58299,5.58299,5.50521,5.50521,1891500
2007-04-17,5.5441,5.55521,5.47522,5.48188,1220500
2007-04-18,5.49966,5.55521,5.49966,5.53299,1363500
2007-04-19,5.53299,5.53299,5.49077,5.51966,1076000
2007-04-20,5.51965,5.58187,5.51965,5.58187,1450500
2007-04-23,5.5441,5.58187,5.51965,5.5541,1316500
2007-04-24,5.53299,5.57076,5.52965,5.54743,886500
2007-04-25,5.53299,5.53855,5.31523,5.36967,2596000
2007-04-26,5.36633,5.38522,5.33522,5.36633,1335500
2007-04-27,5.34411,5.41966,5.333,5.33522,1678000
2007-04-30,5.34744,5.37522,5.24412,5.24412,1588500
2007-05-01,5.26634,5.29078,5.19523,5.2119,1272000
2007-05-02,5.2119,5.31411,5.19412,5.27078,1267500
2007-05-03,4.98858,4.98858,4.44417,4.64082,24274000
2007-05-04,4.71082,4.88858,4.69971,4.8597,15012500
2007-05-07,4.80081,4.85525,4.6886,4.70526,6499500
2007-05-08,4.67749,4.77192,4.67193,4.72859,3586000
2007-05-09,4.70637,4.73304,4.61082,4.63304,3658000
2007-05-10,4.66082,4.66637,4.63304,4.66082,2116500
2007-05-11,4.66304,4.82414,4.62304,4.76748,2568000
2007-05-14,4.78859,4.94414,4.72637,4.86192,3769500
2007-05-15,4.90675,4.90675,4.76441,4.78571,2534500
2007-05-16,4.80812,4.96951,4.76329,4.95607,4947500
2007-05-17,4.95606,4.96727,4.85071,4.9202,2115500
2007-05-18,4.93141,4.96391,4.9202,4.96391,1981000
2007-05-22,4.97063,4.97063,4.85968,4.90339,3052500
2007-05-23,4.94149,4.94261,4.87649,4.88433,2793000
2007-05-24,4.88433,4.93141,4.82718,4.84399,2358000
2007-05-25,4.86416,4.93141,4.84847,4.89779,1025000
2007-05-28,4.88209,4.9258,4.88209,4.9146,420000
2007-05-29,4.93141,4.94261,4.86528,4.86528,1453500
2007-05-30,4.84847,4.87537,4.79803,4.80924,1375500
2007-05-31,4.807,4.85856,4.75208,4.75208,1750000
2007-06-01,4.77898,4.94261,4.76329,4.93141,2227500
2007-06-04,4.98072,4.98072,4.90451,4.94486,1859000
2007-06-05,4.90563,5.04349,4.89778,5.02443,1862500
2007-06-06,5.04348,5.04348,4.95046,4.99417,1258500
2007-06-07,4.96727,5.00426,4.86192,4.86416,1595000
2007-06-08,4.87537,4.87537,4.80252,4.85183,3273500
2007-06-11,4.81597,4.84735,4.7689,4.83838,2352500
2007-06-12,4.81933,4.84398,4.77113,4.79355,1656500
2007-06-13,4.79691,4.87537,4.76553,4.83614,1472500
2007-06-14,4.87313,4.89778,4.84287,4.87537,1862000
2007-06-15,4.90339,4.9146,4.85744,4.87537,1967000
2007-06-18,4.85744,4.87537,4.84735,4.84735,1313000
2007-06-19,4.85968,4.87201,4.83166,4.84735,1839000
2007-06-20,4.86976,4.87537,4.81709,4.85519,1572500
2007-06-21,4.85183,4.87425,4.7689,4.7801,1442000
2007-06-22,4.80812,4.80812,4.71846,4.78571,2018000
2007-06-25,4.76441,4.77562,4.69604,4.72967,932500
2007-06-26,4.74648,4.7476,4.67251,4.70725,2435000
2007-06-27,4.67699,4.69044,4.64,4.68371,916500
2007-06-28,4.69044,4.74088,4.6344,4.64673,1122500
2007-06-29,4.68259,4.71397,4.64673,4.67363,655000
2007-07-03,4.67363,4.80812,4.67363,4.80812,924500
2007-07-04,4.76441,4.81373,4.76441,4.78235,365000
2007-07-05,4.7801,4.86192,4.7801,4.84399,925000
2007-07-06,4.84062,4.85071,4.79019,4.84847,1167000
2007-07-09,4.84847,4.87425,4.79467,4.83054,1826000
2007-07-10,4.78234,4.84286,4.74648,4.76217,2985000
2007-07-11,4.7532,4.80924,4.74312,4.78907,880000
2007-07-12,4.76329,4.85519,4.76329,4.83278,4158500
2007-07-13,4.86416,4.87425,4.81149,4.84735,661000
2007-07-16,4.85071,4.85071,4.76665,4.77114,826000
2007-07-17,4.76329,4.80252,4.71958,4.74088,5590500
2007-07-18,4.73527,4.85856,4.73527,4.84511,1892500
2007-07-19,4.84847,4.90899,4.84511,4.90339,3881000
2007-07-20,4.90899,5.13539,4.90899,5.12867,5103000
2007-07-23,5.09952,5.12866,4.94149,5.05245,1808000
2007-07-24,5.05469,5.05469,4.91235,4.92468,1287500
2007-07-25,4.90227,4.98745,4.88658,4.9146,1782500
2007-07-26,4.93141,4.96503,4.61199,4.82606,8480500
2007-07-27,4.82605,4.93141,4.82605,4.86752,1906000
2007-07-30,4.87313,4.91908,4.81933,4.83838,1646500
2007-07-31,4.84847,4.88545,4.81933,4.83054,2549000
2007-08-01,4.75769,4.82942,4.65121,4.65121,5956000
2007-08-02,4.65682,4.75993,4.65682,4.72855,772500
2007-08-03,4.75769,4.84062,4.70837,4.78459,1288500
2007-08-07,4.74648,4.84735,4.74088,4.79804,1717000
2007-08-08,4.84735,5.03003,4.77338,4.82493,2440500
2007-08-09,4.81597,4.88658,4.73527,4.77898,3053500
2007-08-10,4.74872,4.7801,4.64337,4.70949,1340000
2007-08-13,4.71846,4.85632,4.71286,4.77786,971000
2007-08-14,4.76329,4.80924,4.64001,4.64673,1277000
2007-08-15,4.61506,4.62298,4.46235,4.55285,3231000
2007-08-16,4.50421,4.51778,4.33227,4.46801,2492000
2007-08-17,4.52457,4.6784,4.39448,4.63768,1670000
2007-08-20,4.63768,4.73948,4.62298,4.66483,1149500
2007-08-21,4.63316,4.6965,4.57207,4.57434,1153500
2007-08-22,4.60714,4.63542,4.5732,4.57773,946500
2007-08-23,4.58452,4.67048,4.58112,4.66596,2483000
2007-08-24,4.66596,4.82432,4.64334,4.76097,1470500
2007-08-27,4.76889,4.80735,4.73157,4.76211,730000
2007-08-28,4.7621,4.76663,4.68292,4.70329,573000
2007-08-29,4.72025,4.79378,4.71686,4.79152,472500
2007-08-30,4.74853,4.81301,4.71799,4.76663,834500
2007-08-31,4.83563,5.04489,4.83563,5.03358,2296000
2007-09-04,5.03358,5.08448,4.97816,5.08448,1244500
2007-09-05,5.03697,5.15235,5.03697,5.11841,2467000
2007-09-06,5.13991,5.13991,5.04942,5.12407,2323000
2007-09-07,5.11842,5.11842,5.02227,5.09014,1512500
2007-09-10,5.09014,5.14217,5.06412,5.06525,866000
2007-09-11,5.09014,5.12407,4.99399,5.03811,1034000
2007-09-12,5.09014,5.1433,5.00417,5.05168,2622000
2007-09-13,5.09014,5.19194,5.05394,5.14669,1489000
2007-09-14,5.19194,5.25076,5.18063,5.25076,2755500
2007-09-17,5.25868,5.25868,5.12973,5.17837,1205500
2007-09-18,5.1433,5.22022,5.1105,5.22022,1367500
2007-09-19,5.20325,5.22587,5.16366,5.19194,1327500
2007-09-20,5.20325,5.20325,5.09014,5.09014,1029500
2007-09-21,5.06638,5.10258,5.04715,5.09014,582500
2007-09-24,5.09014,5.09579,5.07883,5.07883,916500
2007-09-25,5.05168,5.13312,5.05168,5.11729,1568000
2007-09-26,5.11842,5.22022,5.06751,5.21569,1969000
2007-09-27,5.23153,5.42609,5.23153,5.40459,1665000
2007-09-28,5.40912,5.4521,5.40686,5.42948,1147500
2007-10-01,5.42948,5.44645,5.38084,5.40912,1004000
2007-10-02,5.4521,5.4521,5.3865,5.41251,593000
2007-10-03,5.41251,5.48604,5.38197,5.38197,1268500
2007-10-04,5.42948,5.47473,5.25076,5.46002,1314000
2007-10-05,5.45776,5.49169,5.45776,5.48038,700500
2007-10-09,5.49169,5.49169,5.43853,5.44645,445000
2007-10-10,5.44645,5.44645,5.38084,5.40459,1006000
2007-10-11,5.42948,5.43288,5.36161,5.38763,1165500
2007-10-12,5.3503,5.44984,5.3503,5.42948,1109500
2007-10-15,5.3865,5.45663,5.28809,5.33786,1172000
2007-10-16,5.29827,5.36048,5.2632,5.31071,858000
2007-10-17,5.32202,5.34917,5.2994,5.33333,395500
2007-10-18,5.40912,5.41251,5.30505,5.32768,1205000
2007-10-19,5.32768,5.32768,5.23719,5.25415,2327500
2007-10-22,5.2485,5.25076,5.10258,5.15914,999500
2007-10-23,5.15801,5.27564,5.15801,5.26094,791500
2007-10-24,5.30053,5.32768,5.2451,5.32768,864000
2007-10-25,5.36387,5.40799,5.2994,5.34351,398000
2007-10-26,5.36161,5.38876,5.28696,5.35822,762000
2007-10-29,5.39555,5.39668,5.29035,5.35256,2090500
2007-10-30,5.40573,5.58558,5.4012,5.53128,3012500
2007-10-31,5.48717,5.76204,5.48717,5.76204,2469000
2007-11-01,5.75751,5.8005,5.49622,5.71227,2695000
2007-11-02,5.72923,5.72923,5.66928,5.67833,1577500
2007-11-05,5.68286,5.68625,5.61951,5.6772,1331500
2007-11-06,5.71113,5.75525,5.60028,5.65571,1005000
2007-11-07,5.65231,5.65571,5.37745,5.45889,7416000
2007-11-08,5.40233,5.59915,5.40233,5.54712,1272000
2007-11-09,5.51205,5.57653,5.4883,5.52676,885000
2007-11-12,5.45323,5.56522,5.45323,5.46907,818000
2007-11-13,5.46907,5.64214,5.43287,5.53128,2115500
2007-11-14,5.59284,5.73534,5.59284,5.6544,1716000
2007-11-15,5.6544,5.7,5.5974,5.6487,1003000
2007-11-16,5.6259,5.66466,5.529,5.5917,568500
2007-11-19,5.54154,5.62248,5.40702,5.43096,1089000
2007-11-20,5.415,5.52216,5.415,5.47656,1494500
2007-11-21,5.47656,5.6145,5.472,5.55522,2432000
2007-11-22,5.49594,5.58486,5.49594,5.5689,153500
2007-11-23,5.56776,5.58487,5.51761,5.55181,198500
2007-11-26,5.5518,5.64186,5.5518,5.586,1104000
2007-11-27,5.5632,5.62362,5.5518,5.5974,1751000
2007-11-28,5.5974,5.7114,5.57346,5.7114,1776500
2007-11-29,5.7114,6.0762,5.69886,6.042,6244000
2007-11-30,6.042,6.14802,6.00666,6.13662,3716000
2007-12-03,6.08646,6.22554,6.05454,6.1959,1814500
2007-12-04,6.17196,6.19476,6.042,6.07848,2615000
2007-12-05,6.0534,6.11268,5.9964,6.0705,985500
2007-12-06,6.01464,6.4011,6.01464,6.3612,2262000
2007-12-07,6.384,6.5265,6.33726,6.52308,1981500
2007-12-10,6.51966,6.51966,6.099,6.14232,8901000
2007-12-11,6.1845,6.21186,5.90976,5.93028,3221000
2007-12-12,6.042,6.04314,5.82312,5.86416,3578000
2007-12-13,5.82654,6.06822,5.82654,5.985,8010500
2007-12-14,5.985,6.09558,5.87442,5.93712,7941500
2007-12-17,5.8767,5.97816,5.83794,5.84706,1259000
2007-12-18,5.92686,5.9736,5.8482,5.9394,2461000
2007-12-19,5.88696,5.93598,5.80146,5.8197,1413000
2007-12-20,5.9223,5.9223,5.7741,5.7741,2032000
2007-12-21,5.814,5.98273,5.814,5.9394,5157500
2007-12-24,5.98386,6.12978,5.9166,6.0648,750500
2007-12-27,5.9964,6.12636,5.9622,5.9622,1313000
2007-12-28,6.0078,6.05796,5.9451,5.98614,1302500
2007-12-31,5.98614,6.03516,5.98044,6.0192,1441500
2008-01-02,5.985,6.02946,5.94738,6.0135,1565500
2008-01-03,5.98614,6.05226,5.92914,5.93028,1246000
2008-01-04,5.94396,5.98386,5.814,5.9109,1480500
2008-01-07,5.82426,5.96106,5.82426,5.93028,2306000
2008-01-08,5.93598,5.98044,5.88012,5.94168,2427500
2008-01-09,5.9451,5.9451,5.7057,5.75928,1638000
2008-01-10,5.74788,5.74788,5.60652,5.66922,1919500
2008-01-11,5.56206,5.66922,5.53926,5.58486,2075000
2008-01-14,5.586,5.586,5.472,5.4834,1504500
2008-01-15,5.4492,5.47086,5.20524,5.25882,2617000
2008-01-16,5.23716,5.39562,5.1984,5.3409,1962500
2008-01-17,5.3694,5.53584,5.2497,5.2497,1613500
2008-01-18,5.25768,5.35572,4.9305,5.04906,3571000
2008-01-21,4.9134,4.9134,4.7025,4.7994,1172500
2008-01-22,4.7538,5.06046,4.74924,5.02968,3040500
2008-01-23,5.016,5.08668,4.8735,5.0046,1619000
2008-01-24,5.1015,5.35914,4.99092,5.28276,2415500
2008-01-25,5.39106,5.5062,5.24856,5.28732,2345500
2008-01-28,5.28732,5.35344,5.18928,5.3295,1385500
2008-01-29,5.39676,5.4606,5.16534,5.2041,2392000
2008-01-30,5.34546,5.34546,5.13,5.2326,1521500
2008-01-31,5.1756,5.3181,5.1756,5.244,2094500
2008-02-01,5.29872,5.57802,5.244,5.529,1715000
2008-02-04,5.58372,5.58372,5.3295,5.34774,1683500
2008-02-05,5.34775,5.34775,5.18701,5.19613,1992000
2008-02-06,5.27706,5.27706,5.13342,5.187,1208500
2008-02-07,5.18586,5.25768,5.08896,5.11632,1291500
2008-02-08,5.15166,5.21778,5.12202,5.16762,2165500
2008-02-11,5.14368,5.2611,5.14368,5.21208,8486000
2008-02-12,5.24427,5.34888,5.17645,5.21668,844000
2008-02-13,5.22473,5.22588,5.18449,5.22588,1566500
2008-02-14,5.22473,5.22588,5.19599,5.21783,1210000
2008-02-15,5.22703,5.22703,5.19484,5.22588,1199500
2008-02-19,5.22588,5.22588,5.18449,5.22588,645000
2008-02-20,5.21668,5.22473,5.13047,5.13966,1915000
2008-02-21,5.13851,5.16955,5.10058,5.11207,556000
2008-02-22,5.14771,5.14771,4.9109,4.94654,1479000
2008-02-25,4.95573,5.22473,4.94424,5.21668,1030500
2008-02-26,5.12357,5.22588,5.12357,5.20518,2357000
2008-02-27,5.14426,5.22588,5.14426,5.19139,1469500
2008-02-28,5.20633,5.22588,5.18449,5.21553,1270000
2008-02-29,5.18564,5.21323,5.0408,5.09023,2716000
2008-03-03,5.11092,5.11092,4.82928,4.86952,1323000
2008-03-04,4.84537,5.06379,4.81893,5.02815,1884500
2008-03-05,4.97987,4.99137,4.85802,4.9201,2144500
2008-03-06,4.86377,4.86607,4.70168,4.72467,1978500
2008-03-07,4.6488,4.71433,4.5235,4.56488,2359500
2008-03-10,4.54074,4.57638,4.36946,4.41084,3109500
2008-03-11,4.45453,4.51315,4.23266,4.31083,4691000
2008-03-12,4.31083,4.42579,4.30393,4.38555,6147000
2008-03-13,4.31083,4.3982,4.31083,4.3982,2889500
2008-03-14,4.47062,4.51775,4.30278,4.48671,2264500
2008-03-17,4.33382,4.38325,4.06253,4.10621,5363500
2008-03-18,4.17863,4.26945,4.17863,4.25336,3696500
2008-03-19,4.31083,4.31083,4.15104,4.15104,5089000
2008-03-20,4.17289,4.3821,4.08667,4.29129,2447000
2008-03-24,4.31083,4.69593,4.30623,4.65915,2608500
2008-03-25,4.68674,4.68674,4.44303,4.62006,3559500
2008-03-26,4.59822,4.60397,4.54074,4.59477,1588000
2008-03-27,4.55339,4.59592,4.48326,4.51775,1198500
2008-03-28,4.56833,4.58673,4.38555,4.42579,1183000
2008-03-31,4.47752,4.51085,4.36831,4.46372,1386500
2008-04-01,4.46602,4.55569,4.43153,4.55569,3242000
2008-04-02,4.52924,4.66604,4.48671,4.61086,1773500
2008-04-03,4.69593,4.73962,4.6557,4.67639,1344000
2008-04-04,4.73502,4.73502,4.59822,4.64075,1120500
2008-04-07,4.66719,4.76836,4.6396,4.69363,1315000
2008-04-08,4.66604,4.66604,4.55109,4.58672,2354500
2008-04-09,4.56373,4.60742,4.40739,4.44878,2391500
2008-04-10,4.42694,4.53499,4.41429,4.45453,1991500
2008-04-11,4.42579,4.44303,4.34532,4.38095,2557000
2008-04-14,4.32463,4.35452,4.24186,4.2706,1959500
2008-04-15,4.26945,4.31198,4.19818,4.22806,1825500
2008-04-16,4.22806,4.53959,4.22806,4.45223,1548500
2008-04-17,4.44878,4.45453,4.37406,4.41199,1978500
2008-04-18,4.45453,4.69708,4.45453,4.64995,4504500
2008-04-21,4.66489,4.69248,4.54304,4.56948,2076000
2008-04-22,4.58672,4.58672,4.47292,4.48326,1352000
2008-04-23,4.48326,4.51315,4.40969,4.46027,696000
2008-04-24,4.47177,4.58787,4.44878,4.53384,2604000
2008-04-25,4.57523,4.57983,4.47177,4.48442,1156500
2008-04-28,4.48326,4.60397,4.48326,4.59247,2017500
2008-04-29,4.61546,4.66834,4.61546,4.6534,1326500
2008-04-30,4.66719,5.0247,4.6626,4.86262,6660500
2008-05-01,4.99482,5.25922,4.99482,5.25002,6492500
2008-05-02,5.25346,5.40291,5.25346,5.36037,2825000
2008-05-05,5.28795,5.36153,5.27646,5.3075,2518000
2008-05-06,5.26266,5.35692,5.13391,5.32819,1995000
2008-05-07,5.34543,5.47303,5.32819,5.42935,3377000
2008-05-08,5.47533,5.51212,5.39831,5.45464,2734000
2008-05-09,5.45349,5.51557,5.4282,5.51557,2831000
2008-05-12,5.50407,5.51672,5.34198,5.40521,8166000
2008-05-13,5.39014,5.42027,5.28932,5.35421,2089000
2008-05-14,5.41564,5.41564,5.30091,5.31481,2281500
2008-05-15,5.31481,5.42375,5.24644,5.31945,1761500
2008-05-16,5.27541,5.33104,5.24759,5.30786,2354500
2008-05-20,5.25107,5.29859,5.17806,5.18617,3403000
2008-05-21,5.24991,5.24991,5.16647,5.21746,4813000
2008-05-22,5.23832,5.23832,5.0981,5.19197,4610500
2008-05-23,5.17458,5.1769,4.92541,4.99379,6435500
2008-05-26,4.937,5.09693,4.937,5.09114,1575500
2008-05-27,5.06101,5.08766,4.94627,4.98452,2658500
2008-05-28,4.95439,5.00422,4.937,4.98915,1506500
2008-05-29,4.94628,5.16763,4.94628,5.10737,1418500
2008-05-30,5.09925,5.21399,5.0529,5.21399,1794000
2008-06-02,5.21399,5.21399,5.08767,5.1572,1259000
2008-06-03,5.12243,5.19776,5.11084,5.112,1590000
2008-06-04,5.112,5.29627,5.07028,5.23369,1373500
2008-06-05,5.20471,5.27309,5.07607,5.15952,2270500
2008-06-06,5.16415,5.20819,4.99032,5.02392,4003000
2008-06-09,4.99379,5.03203,4.86747,4.91035,4203000
2008-06-10,4.86747,4.94164,4.85356,4.92078,3563000
2008-06-11,4.93932,5.02624,4.92541,4.97525,2331000
2008-06-12,4.97293,4.99147,4.84429,4.86747,3058000
2008-06-13,4.88022,4.91382,4.8524,4.87906,4856500
2008-06-16,4.86631,4.89644,4.84313,4.86747,2397000
2008-06-17,4.88138,5.03435,4.86747,4.93816,2884500
2008-06-18,4.95323,4.97061,4.91614,4.95902,2426000
2008-06-19,4.96018,5.02856,4.90456,4.99959,2281500
2008-06-20,4.98336,5.07608,4.93005,4.99959,4109500
2008-06-23,5.02856,5.02856,4.92773,4.93816,1897000
2008-06-24,4.9231,5.00654,4.84777,4.91151,3741500
2008-06-25,4.92541,5.05289,4.92541,5.02856,1827000
2008-06-26,4.88601,4.91035,4.83849,4.87906,1933500
2008-06-27,4.88138,4.92078,4.84429,4.89644,1231500
2008-06-30,4.88022,4.91614,4.8327,4.87906,3856000
2008-07-02,4.90803,4.90803,4.47343,4.51747,6610500
2008-07-03,4.51747,4.6183,4.39231,4.52095,1432500
2008-07-04,4.56383,4.56963,4.48039,4.53602,1070500
2008-07-07,4.54297,4.5534,4.29264,4.38536,1856500
2008-07-08,4.38652,4.39463,4.19529,4.27526,2271500
2008-07-09,4.3448,4.34596,4.09099,4.15242,2067500
2008-07-10,4.08056,4.14894,3.75491,3.78967,4753000
2008-07-11,3.7213,3.85226,3.60425,3.82444,3365000
2008-07-14,3.86268,3.87891,3.71086,3.76649,2261500
2008-07-15,3.65987,3.78504,3.47676,3.5266,3065000
2008-07-16,3.52312,3.76649,3.48951,3.70507,2615000
2008-07-17,3.72709,3.99944,3.71666,3.98901,3153000
2008-07-18,4.15705,4.15705,4.00639,4.0794,3403000
2008-07-21,4.08404,4.25092,4.08404,4.17327,3232500
2008-07-22,4.17212,4.32625,4.12112,4.31119,1699000
2008-07-23,4.34479,4.37493,4.27178,4.31119,3186000
2008-07-24,4.31119,4.31119,4.13271,4.21268,1840500
2008-07-25,4.27294,4.28801,4.16632,4.24281,3144000
2008-07-28,4.31003,4.33205,4.22195,4.22311,1028000
2008-07-29,4.22311,4.29264,4.12112,4.14894,1819000
2008-07-30,4.16053,4.35407,4.14662,4.3332,2426000
2008-07-31,4.34827,4.55224,4.32857,4.54297,2524000
2008-08-01,4.57542,4.57542,4.36334,4.43519,1133500
2008-08-05,4.32857,4.41549,4.28221,4.39347,5662000
2008-08-06,4.41317,4.5082,4.29033,4.3135,1813000
2008-08-07,4.29033,4.31003,4.04695,4.06549,4501000
2008-08-08,4.07592,4.11069,4.00755,4.09331,2798500
2008-08-11,4.08751,4.10721,4.04463,4.09215,1976000
2008-08-12,4.11417,4.11417,4.02841,4.04348,6776500
2008-08-13,4.02824,4.05988,3.95794,3.98841,1479500
2008-08-14,3.98723,4.07394,3.96614,4.03059,2753500
2008-08-15,4.01301,4.01301,3.94623,3.98372,833500
2008-08-18,3.98606,4.1044,3.97786,4.02473,2106500
2008-08-19,4.02473,4.05636,3.90756,3.95443,2327000
2008-08-20,3.99309,4.04348,3.98255,4.00247,2284500
2008-08-21,4.00481,4.04582,3.98606,4.01301,1738500
2008-08-22,4.02473,4.08331,4.0013,4.0423,1494500
2008-08-25,4.02004,4.08214,4.02004,4.04582,1063500
2008-08-26,4.0259,4.09386,4.02004,4.09386,1319000
2008-08-27,4.06105,4.09854,4.03879,4.04933,1535500
2008-08-28,4.04933,4.07745,3.99544,4.02942,2066000
2008-08-29,3.99544,4.05753,3.99544,4.05753,984500
2008-09-02,4.088,4.11143,3.99661,4.03879,1833000
2008-09-03,4.01887,4.0716,4.00832,4.03645,1598500
2008-09-04,4.0798,4.13253,3.98489,4.00716,1428000
2008-09-05,3.98489,4.0423,3.92514,3.98372,1777000
2008-09-08,4.09972,4.2286,4.03293,4.0798,8447500
2008-09-09,4.08917,4.11495,3.88998,3.91928,3180000
2008-09-10,3.9802,4.2122,3.9556,4.13018,5318500
2008-09-11,4.12901,4.30242,4.07277,4.27664,6339000
2008-09-12,4.23563,4.33522,4.22391,4.2286,1743500
2008-09-15,4.11143,4.18759,4.05519,4.11846,2139500
2008-09-16,4.05988,4.05988,3.78571,3.92514,3659000
2008-09-17,3.92045,3.98138,3.73532,3.85366,2220500
2008-09-18,3.92162,4.1583,3.87827,4.10792,11390500
2008-09-19,4.34108,4.34108,4.10089,4.33522,5770500
2008-09-22,4.13604,4.27781,3.97435,3.98606,4330000
2008-09-23,3.98372,4.06222,3.74352,3.79039,3519500
2008-09-24,3.83726,3.84312,3.64745,3.68494,3182500
2008-09-25,3.63339,3.66033,3.57715,3.6205,3096000
2008-09-26,3.57363,3.62284,3.54434,3.59824,1435000
2008-09-29,3.57363,3.57363,3.28071,3.35687,3201000
2008-09-30,3.47873,3.59121,3.39788,3.39788,2479000
2008-10-01,3.45646,3.57129,3.31469,3.5502,2798500
2008-10-02,3.55254,3.72595,3.51505,3.58535,2956500
2008-10-03,3.6205,3.80797,3.57598,3.66737,1826000
2008-10-06,3.57363,3.57363,3.18229,3.44123,2121000
2008-10-07,3.51505,3.51505,3.25142,3.31586,4210000
2008-10-08,3.12253,3.31117,3.07684,3.16589,3213000
2008-10-09,3.26782,3.3393,3.13308,3.20221,2247500
2008-10-10,3.20221,3.31,3.01708,3.22213,3274500
2008-10-14,3.63339,3.68025,3.24087,3.34633,3506500
2008-10-15,3.31586,3.32758,3.18346,3.28891,1731000
2008-10-16,3.25728,3.34164,3.25493,3.32641,1235500
2008-10-17,3.30532,3.51739,3.25493,3.51739,1426500
2008-10-20,3.63222,3.63222,3.53731,3.57363,818500
2008-10-21,3.57363,3.57363,3.36859,3.36976,1096000
2008-10-22,3.33812,3.33812,3.13425,3.22213,2402500
2008-10-23,3.22213,3.28071,3.04638,3.28071,4180000
2008-10-24,2.95967,3.15886,2.79212,3.03466,11890000
2008-10-27,2.89523,3.03349,2.81321,2.82844,1762000
2008-10-28,2.97021,2.97256,2.80735,2.92335,2037500
2008-10-29,2.9585,3.22095,2.90226,3.22095,1218000
2008-10-30,3.23736,3.30063,3.1448,3.28423,1941500
2008-10-31,3.28071,3.35687,3.19986,3.30883,1950500
2008-11-03,3.32758,3.36741,3.28071,3.33929,545500
2008-11-04,3.37445,3.46584,3.34164,3.43303,991000
2008-11-05,3.40374,3.40374,3.16706,3.35804,1685500
2008-11-06,3.31703,3.4963,3.31703,3.47169,1333500
2008-11-07,3.4717,3.4717,3.26314,3.26431,2045500
2008-11-10,3.26548,3.33109,3.25259,3.30766,2907000
2008-11-11,3.30063,3.30063,3.21744,3.23384,7733500
2008-11-12,3.26592,3.32532,3.22434,3.32532,2143500
2008-11-13,3.28018,3.34077,3.22909,3.32651,2925000
2008-11-14,3.31463,3.3372,3.20889,3.30988,2133000
2008-11-17,3.3277,3.3277,3.14831,3.21484,1161500
2008-11-18,3.15425,3.26236,3.11266,3.25048,1748000
2008-11-19,3.25048,3.25048,2.98911,2.9903,2210000
2008-11-20,2.95109,2.96772,2.46281,2.73368,2513500
2008-11-21,2.7812,2.83823,2.62676,2.78001,2832000
2008-11-24,2.80021,2.85011,2.61963,2.74437,2712500
2008-11-25,2.75506,2.84773,2.69328,2.74437,1933500
2008-11-26,2.74199,2.82753,2.61369,2.64933,2163500
2008-11-27,2.63151,2.82159,2.5923,2.7907,1196500
2008-11-28,2.8204,2.96772,2.77407,2.96416,2100000
2008-12-01,2.89882,2.89882,2.67784,2.68497,2128000
2008-12-02,2.72774,2.78001,2.71823,2.76338,1294500
2008-12-03,2.72061,2.81922,2.69923,2.73249,905000
2008-12-04,2.75744,2.80852,2.62794,2.67428,1626000
2008-12-05,2.58399,2.65289,2.51033,2.6517,1098500
2008-12-08,2.69804,3.05801,2.69804,2.95822,3427000
2008-12-09,2.85248,3.05089,2.85248,2.99386,1865500
2008-12-10,3.0093,3.05564,2.9404,3.02712,1983500
2008-12-11,2.97485,3.0295,2.88218,2.94752,1275000
2008-12-12,2.85605,3.01762,2.85605,2.96059,2226500
2008-12-15,2.91188,3.0592,2.85011,2.90476,1135000
2008-12-16,2.85842,2.92614,2.78595,2.92258,1368000
2008-12-17,2.82753,2.96772,2.82753,2.92258,9000
2008-12-18,2.76338,2.9404,2.76338,2.87624,2653500
2008-12-19,2.82991,3.06395,2.77169,3.06395,2038000
2008-12-22,3.05801,3.0592,2.88218,2.91307,928000
2008-12-23,2.89288,2.95465,2.83229,2.83466,875500
2008-12-24,2.83466,2.88575,2.80496,2.85842,442000
2008-12-29,2.85248,2.93327,2.82278,2.92139,872500
2008-12-30,2.88456,2.9404,2.87743,2.90951,774000
2008-12-31,2.9,3.03188,2.88693,2.99267,792000
2009-01-02,3.00574,3.10672,2.94515,3.09009,449500
2009-01-05,3.12573,3.32057,3.10672,3.31106,1072000
2009-01-06,3.32651,3.39185,3.24097,3.38591,2651500
2009-01-07,3.38591,3.41324,3.32057,3.36453,1521500
2009-01-08,3.35502,3.45125,3.35502,3.437,1014000
2009-01-09,3.50353,3.58194,3.44531,3.49521,1199000
2009-01-12,3.52491,3.54748,3.38591,3.44531,1857500
2009-01-13,3.42987,3.50828,3.42987,3.45838,1549500
2009-01-14,3.456,3.456,3.31819,3.36215,2118000
2009-01-15,3.36215,3.56412,3.34195,3.5166,3848500
2009-01-16,3.5166,3.56293,3.39066,3.50947,1508000
2009-01-19,3.53798,3.58194,3.45838,3.57006,868000
2009-01-20,3.44769,3.59738,3.40373,3.43343,2209500
2009-01-21,3.3574,3.54511,3.3574,3.54036,3324500
2009-01-22,3.53917,3.62233,3.47145,3.54155,2825500
2009-01-23,3.59501,3.65203,3.53798,3.57719,1932000
2009-01-26,3.57719,3.71737,3.57719,3.70549,1442000
2009-01-27,3.72688,3.8243,3.61639,3.81361,1019000
2009-01-28,3.86469,3.89202,3.6651,3.72569,2795500
2009-01-29,3.71856,3.85994,3.61283,3.83737,2708500
2009-01-30,3.84925,3.84925,3.74708,3.81004,2270500
2009-02-02,3.78984,3.80173,3.69243,3.77202,1487500
2009-02-03,3.79816,3.8635,3.7447,3.83143,1696500
2009-02-04,3.854,3.854,3.63896,3.715,2443000
2009-02-05,3.68411,3.77203,3.68411,3.71856,3667000
2009-02-06,3.68411,3.97637,3.63421,3.89083,5097000
2009-02-09,3.97756,4.03933,3.94073,4.03933,1983500
2009-02-10,4.00607,4.12725,3.94667,3.97756,8838500
2009-02-11,4.02442,4.10613,3.97155,4.02562,1266000
2009-02-12,4.01481,4.02442,3.91387,3.98236,2273000
2009-02-13,3.94271,4.04966,3.94271,4.00279,2123000
2009-02-17,3.9355,3.9355,3.70237,3.74924,3617500
2009-02-18,3.84297,3.84297,3.54375,3.83335,3444500
2009-02-19,3.84537,3.94511,3.75765,3.867,5896000
2009-02-20,3.7973,3.89704,3.7937,3.84537,2499500
2009-02-23,3.85619,3.89704,3.63147,3.68074,1787500
2009-02-24,3.68074,3.7252,3.54856,3.62787,4596500
2009-02-25,3.60504,3.70598,3.57499,3.66512,2216500
2009-02-26,3.73121,3.88743,3.66512,3.86219,1937500
2009-02-27,3.7973,3.85979,3.66272,3.71559,2887500
2009-03-02,3.69035,3.71919,3.55577,3.71919,2470500
2009-03-03,3.71919,3.724,3.57499,3.63508,1618500
2009-03-04,3.7252,3.77928,3.66512,3.66512,3877500
2009-03-05,3.66392,3.71679,3.61225,3.65671,1626500
2009-03-06,3.62547,3.76126,3.60504,3.65431,1677500
2009-03-09,3.60504,3.724,3.55817,3.5798,1099500
2009-03-10,3.60744,3.8634,3.60744,3.7252,2619000
2009-03-11,3.77327,3.82374,3.68795,3.7973,2756500
2009-03-12,3.76486,4.06888,3.74924,4.00399,2985500
2009-03-13,4.01361,4.10373,3.94751,4.05807,1349500
2009-03-16,4.0821,4.24072,4.07129,4.19626,2942500
2009-03-17,4.2239,4.26596,4.17463,4.20587,5986500
2009-03-18,4.20347,4.23351,4.12056,4.21669,3366000
2009-03-19,4.21789,4.31643,4.16862,4.19025,4093500
2009-03-20,4.19025,4.22029,3.97635,4.03764,2180000
2009-03-23,4.14579,4.24433,4.07489,4.20227,2206000
2009-03-24,4.11695,4.26355,4.11334,4.23231,1353000
2009-03-25,4.28999,4.32484,4.2227,4.29961,1894000
2009-03-26,4.25514,4.33686,4.20588,4.33686,2264000
2009-03-27,4.25154,4.35608,4.25154,4.32604,1018500
2009-03-30,4.21669,4.2948,4.06167,4.21909,1409500
2009-03-31,4.19386,4.34046,4.10854,4.296,1451500
2009-04-01,4.26476,4.38012,4.14098,4.36089,1181500
2009-04-02,4.42098,4.58441,4.38613,4.5063,2014500
2009-04-03,4.44501,4.49428,4.34166,4.49428,1446000
2009-04-06,4.49428,4.49428,4.23712,4.31763,1616500
2009-04-07,4.27798,4.27798,4.04124,4.08571,2585500
2009-04-08,4.06288,4.25394,4.06288,4.21789,1934500
2009-04-09,4.30201,4.40415,4.23231,4.40295,1583000
2009-04-13,4.37651,4.51711,4.37651,4.48226,1114500
2009-04-14,4.47505,4.47505,4.23592,4.28759,2317000
2009-04-15,4.24192,4.26956,4.14939,4.23832,3913000
2009-04-16,4.26596,4.30081,4.18184,4.24072,1810500
2009-04-17,4.20588,4.38613,4.19386,4.3681,2871000
2009-04-20,4.36209,4.36209,4.13738,4.14699,1664000
2009-04-21,4.0857,4.28999,4.0076,4.28999,1906500
2009-04-22,4.26356,4.3669,4.20587,4.29961,1836500
2009-04-23,4.34407,4.40896,4.26596,4.35008,5860500
2009-04-24,4.38613,4.58921,4.3681,4.45582,3282500
2009-04-27,4.42578,4.58921,4.39814,4.58921,1624500
2009-04-28,4.46664,4.61204,4.46664,4.56037,2020500
2009-04-29,4.50029,4.53634,4.09652,4.09652,5160500
2009-04-30,4.12296,4.18545,3.7973,3.85619,5433000
2009-05-01,3.88743,3.88743,3.69997,3.7913,6888000
2009-05-04,3.85378,3.90786,3.79971,3.88262,2560000
2009-05-05,3.91747,3.9367,3.85739,3.88743,2621500
2009-05-06,3.90546,3.92588,3.85979,3.91988,2548000
2009-05-07,3.96554,3.98116,3.70718,3.73722,7019000
2009-05-08,3.7973,3.80932,3.70117,3.76005,2303500
2009-05-11,3.75885,3.8694,3.70718,3.85619,2101000
2009-05-12,3.84537,3.89344,3.80812,3.85859,2718000
2009-05-13,3.83062,3.83062,3.67861,3.71996,4104000
2009-05-14,3.72117,3.88413,3.72117,3.78684,2152000
2009-05-15,3.80508,3.86346,3.72847,3.79171,1263500
2009-05-19,3.85372,3.87926,3.77711,3.87926,1981500
2009-05-20,3.8975,3.94007,3.799,3.83062,6781000
2009-05-21,3.83062,3.85373,3.78198,3.84278,2234500
2009-05-22,3.85859,3.87318,3.83062,3.83184,2695500
2009-05-25,3.84278,3.88899,3.8136,3.88899,852000
2009-05-26,3.8744,3.98871,3.86345,3.98871,3191000
2009-05-27,3.98263,4.00208,3.94615,3.94615,3930000
2009-05-28,3.95223,4.04586,3.95223,3.97533,1501000
2009-05-29,4.00938,4.0483,3.94736,3.9802,2162000
2009-06-01,4.03492,4.27935,3.99965,4.2149,3354000
2009-06-02,4.2076,4.22827,4.13829,4.18206,919500
2009-06-03,4.13829,4.22828,4.07748,4.08843,1701500
2009-06-04,4.12734,4.15774,4.07627,4.09572,1609500
2009-06-05,4.15166,4.22828,4.10059,4.18815,2389000
2009-06-08,4.13464,4.22463,4.11032,4.21246,1320500
2009-06-09,4.24895,4.24895,4.15288,4.17112,1986000
2009-06-10,4.25381,4.25381,4.09816,4.14072,1183000
2009-06-11,4.12734,4.1772,4.0033,4.02519,5000500
2009-06-12,4.01911,4.05559,4.01668,4.04587,994500
2009-06-15,4.02641,4.06167,3.91818,3.93277,1762000
2009-06-16,3.96317,3.99844,3.8063,3.87075,1767500
2009-06-17,3.82819,3.89142,3.81238,3.86224,4386000
2009-06-18,3.88656,3.92669,3.80022,3.91696,1852500
2009-06-19,3.93155,3.95223,3.86102,3.92183,1378000
2009-06-22,3.89142,3.89142,3.81846,3.82576,2115500
2009-06-23,3.82211,3.84886,3.77711,3.8063,1548500
2009-06-24,3.80022,3.85616,3.78319,3.82454,1642500
2009-06-25,3.78198,3.90237,3.78198,3.89142,2161500
2009-06-26,3.91453,3.91939,3.86589,3.90115,645000
2009-06-29,3.91575,4.03978,3.90358,4.03127,1718000
2009-06-30,4.07383,4.1395,4.05316,4.11518,3091500
2009-07-02,4.13342,4.22098,4.09329,4.16504,2078000
2009-07-03,4.13464,4.14558,4.1091,4.13342,211500
2009-07-06,4.09816,4.14802,4.04343,4.10424,832500
2009-07-07,4.05073,4.09816,3.89142,3.98263,2136000
2009-07-08,3.9802,3.99601,3.8671,3.98141,3168000
2009-07-09,3.99479,4.04343,3.93642,4.03735,929500
2009-07-10,3.99479,4.10059,3.99479,4.06654,642000
2009-07-13,4.08843,4.09329,4.00087,4.06775,947000
2009-07-14,4.08599,4.16261,4.07991,4.14923,1577500
2009-07-15,4.19544,4.25503,4.17842,4.2076,2198500
2009-07-16,4.21976,4.25138,4.17842,4.22463,1601000
2009-07-17,4.24652,4.24652,4.19544,4.22584,726000
2009-07-20,4.24773,4.25381,4.20395,4.24408,1075000
2009-07-21,4.24408,4.24408,4.09815,4.14923,997500
2009-07-22,4.15045,4.1845,4.09816,4.13464,533000
2009-07-23,4.10788,4.24895,4.10788,4.24165,901000
2009-07-24,4.24408,4.28665,4.18085,4.238,1449500
2009-07-27,4.23679,4.29151,4.20274,4.28908,1720000
2009-07-28,4.22463,4.34745,4.21612,4.28057,2424500
2009-07-29,4.24408,4.36569,4.05559,4.07992,3276500
2009-07-30,4.10423,4.16625,4.08721,4.16139,2142500
2009-07-31,4.16261,4.21976,4.13585,4.21368,984500
2009-08-04,4.26233,4.26233,4.12491,4.13585,1909500
2009-08-05,4.13585,4.21247,4.12248,4.2076,1074500
2009-08-06,4.21125,4.25016,4.14558,4.17112,1017000
2009-08-07,4.17598,4.21611,4.13221,4.13464,1360000
2009-08-10,4.13342,4.18206,4.11153,4.12856,1578000
2009-08-11,4.11883,4.13464,4.04343,4.05073,2248000
2009-08-12,4.05811,4.09624,4.04704,4.06918,1599500
2009-08-13,4.07287,4.16882,4.07287,4.1233,1040500
2009-08-14,4.15775,4.16636,4.05565,4.10362,685500
2009-08-17,4.05688,4.06672,4.04212,4.04704,1467500
2009-08-18,4.03474,4.13068,4.03474,4.13068,1523000
2009-08-19,4.11961,4.1639,4.09378,4.13438,953000
2009-08-20,4.1393,4.19465,4.12084,4.16882,6498500
2009-08-21,4.2008,4.21187,4.1762,4.21187,552500
2009-08-24,4.2131,4.24262,4.12084,4.14176,746500
2009-08-25,4.14176,4.2254,4.13315,4.2131,1305500
2009-08-26,4.20695,4.33488,4.20695,4.3275,5371500
2009-08-27,4.3275,4.34595,4.29183,4.34226,1129000
2009-08-28,4.36686,4.36686,4.31766,4.34103,1410500
2009-08-31,4.28076,4.34841,4.22786,4.34841,1229500
2009-09-01,4.35579,4.40377,4.26354,4.28445,937000
2009-09-02,4.28322,4.2906,4.10854,4.10854,2419500
2009-09-03,4.1393,4.21064,4.10977,4.12084,1516500
2009-09-04,4.15775,4.17743,4.11592,4.12084,1767000
2009-09-08,4.17005,4.17374,4.06795,4.08763,1452500
2009-09-09,4.09624,4.14545,4.08517,4.09009,1861500
2009-09-10,4.11715,4.11715,4.04704,4.06549,4762500
2009-09-11,4.05688,4.07041,4.03228,4.05934,1223000
2009-09-14,4.03597,4.1516,4.01629,4.14176,1601000
2009-09-15,4.15775,4.22294,4.1516,4.21925,1623500
2009-09-16,4.24139,4.28568,4.22909,4.22909,2328500
2009-09-17,4.26477,4.26846,4.19096,4.2254,974000
2009-09-18,4.24139,4.31151,4.20449,4.30536,1886500
2009-09-21,4.28568,4.28568,4.21925,4.26723,1380500
2009-09-22,4.27584,4.43944,4.27461,4.43575,8968000
2009-09-23,4.42837,4.43821,4.3804,4.39885,1171000
2009-09-24,4.37917,4.42345,4.25862,4.25862,2757000
2009-09-25,4.28691,4.33242,4.266,4.31766,828000
2009-09-28,4.34841,4.44559,4.34226,4.40992,887500
2009-09-29,4.40377,4.43452,4.35087,4.39762,1954000
2009-09-30,4.43452,4.43452,4.34226,4.4173,2526000
2009-10-01,4.38655,4.39147,4.19711,4.23771,2572500
2009-10-02,4.18235,4.25001,4.16882,4.22294,1326000
2009-10-05,4.24386,4.27461,4.20449,4.25616,969000
2009-10-06,4.28691,4.32012,4.22171,4.26231,1358000
2009-10-07,4.29675,4.31766,4.26354,4.29921,1108000
2009-10-08,4.33611,4.36194,4.30536,4.35825,939000
2009-10-09,4.35825,4.40377,4.34349,4.40131,701500
2009-10-13,4.41238,4.41238,4.31151,4.31766,1007000
2009-10-14,4.3644,4.42468,4.36194,4.40377,717000
2009-10-15,4.40377,4.4419,4.3927,4.40992,1340500
2009-10-16,4.41361,4.41361,4.27953,4.30905,1609000
2009-10-19,4.32996,4.34226,4.20572,4.20818,2879500
2009-10-20,4.21187,4.21925,4.18235,4.20203,1261500
2009-10-21,4.20203,4.20326,4.11469,4.12699,2464500
2009-10-22,4.11469,4.20449,4.09009,4.20449,1098000
2009-10-23,4.19219,4.27461,4.17005,4.2008,863000
2009-10-26,4.18235,4.25493,4.18235,4.20818,965500
2009-10-27,4.20695,4.23032,4.14422,4.15283,885500
2009-10-28,4.19465,4.19465,3.78994,3.81947,3235000
2009-10-29,3.75058,3.75058,3.50579,3.68416,5421000
2009-10-30,3.67801,3.71491,3.54516,3.5673,2976500
2009-11-02,3.59313,3.60543,3.51932,3.57591,9369000
2009-11-03,3.56115,3.56115,3.46643,3.49226,2669500
2009-11-04,3.50456,3.54516,3.46766,3.51071,1603000
2009-11-05,3.53654,3.53654,3.4529,3.46151,2307500
2009-11-06,3.45413,3.51563,3.45044,3.50702,1810000
2009-11-09,3.54885,3.56115,3.51194,3.55869,2320500
2009-11-10,3.57863,3.64968,3.53999,3.60356,3040000
2009-11-11,3.62101,3.64095,3.54622,3.56367,1664000
2009-11-12,3.53999,3.57738,3.53999,3.57489,2165000
2009-11-13,3.57489,3.6073,3.55246,3.60605,1227500
2009-11-16,3.61852,3.63971,3.60605,3.60605,1058500
2009-11-17,3.60855,3.62724,3.60855,3.61603,828500
2009-11-18,3.61976,3.63348,3.60979,3.62724,1091000
2009-11-19,3.63348,3.65093,3.61478,3.63348,8181000
2009-11-20,3.63348,3.70826,3.63348,3.70826,1511000
2009-11-23,3.72073,3.78305,3.71699,3.77433,1974000
2009-11-24,3.80175,3.83167,3.76436,3.77433,1197500
2009-11-25,3.77682,3.79552,3.73818,3.73818,1083000
2009-11-26,3.72821,3.73943,3.70079,3.71699,429000
2009-11-27,3.70203,3.75563,3.68957,3.75563,2088000
2009-11-30,3.77059,3.77682,3.70577,3.72571,1539000
2009-12-01,3.73943,3.73943,3.65217,3.69829,3109000
2009-12-02,3.72447,3.72447,3.6771,3.69829,1993000
2009-12-03,3.69829,3.70203,3.6771,3.6771,1646000
2009-12-04,3.68832,3.712,3.6771,3.67835,1639500
2009-12-07,3.68957,3.76186,3.68957,3.73693,1553500
2009-12-08,3.73694,3.74566,3.68957,3.70577,990000
2009-12-09,3.70826,3.74441,3.70826,3.72696,890000
2009-12-10,3.71948,3.79552,3.71948,3.75064,1070500
2009-12-11,3.73943,3.82045,3.73693,3.7843,883500
2009-12-14,3.84288,3.90645,3.82169,3.90645,1131500
2009-12-15,3.9077,3.93762,3.90521,3.92764,1212500
2009-12-16,3.94385,3.94509,3.8379,3.88277,1838000
2009-12-17,3.87654,3.91393,3.83291,3.88776,1269500
2009-12-18,3.90271,3.97127,3.86407,3.90271,1899000
2009-12-21,3.89897,3.95008,3.89648,3.90521,688000
2009-12-22,3.91892,4.04232,3.90396,3.96753,1128500
2009-12-23,3.96753,4.0124,3.96254,3.97626,562500
2009-12-24,3.9775,3.99371,3.95133,3.98498,314000
2009-12-29,3.99121,4.04107,3.98373,4.02611,326500
2009-12-30,4.02985,4.10215,4.00617,4.06226,576000
2009-12-31,4.066,4.1545,4.066,4.12957,752500
2010-01-04,4.16073,4.17445,4.0847,4.10464,870000
2010-01-05,4.12708,4.1383,4.08345,4.0847,1690000
2010-01-06,4.11212,4.12583,4.02986,4.04232,706500
2010-01-07,4.05105,4.05105,3.91767,3.96878,1103000
2010-01-08,3.94509,3.96628,3.91892,3.93263,1383500
2010-01-11,3.95133,3.98623,3.93512,3.93762,957500
2010-01-12,3.93886,3.97127,3.93138,3.93138,692000
2010-01-13,3.92889,3.93886,3.87778,3.93637,1391500
2010-01-14,3.93886,3.95507,3.9264,3.94634,916500
2010-01-15,3.95756,3.98249,3.9264,3.97501,426000
2010-01-18,3.98124,3.98872,3.94509,3.97252,283000
2010-01-19,3.98623,4.00493,3.97875,3.99496,481500
2010-01-20,4.00119,4.00119,3.93886,3.94883,686000
2010-01-21,3.96005,3.98747,3.93886,3.95756,829500
2010-01-22,3.95881,3.9775,3.93886,3.94011,570500
2010-01-25,3.9451,3.9451,3.89524,3.89648,785500
2010-01-26,3.89648,3.90895,3.83541,3.84164,703000
2010-01-27,3.86158,3.86407,3.80923,3.82793,1005500
2010-01-28,3.82668,3.83291,3.78555,3.81172,551500
2010-01-29,3.82419,3.8541,3.74691,3.77308,1023500
2010-02-01,3.76186,3.81047,3.76186,3.77557,670000
2010-02-02,3.7681,3.7681,3.6771,3.68334,2062000
2010-02-03,3.70079,3.70079,3.60481,3.60855,4168500
2010-02-04,3.60855,3.60855,3.46396,3.49013,6281000
2010-02-05,3.49262,3.54622,3.49013,3.54622,2667500
2010-02-08,3.57489,3.58985,3.53999,3.55121,1876000
2010-02-09,3.57364,3.62101,3.55121,3.5537,801000
2010-02-10,3.66464,3.66588,3.61852,3.63348,3306500
2010-02-11,3.66214,3.67087,3.63971,3.64968,1413000
2010-02-12,3.64968,3.66713,3.63971,3.6584,1204500
2010-02-16,3.54124,3.65716,3.54124,3.64469,899500
2010-02-17,3.65342,3.73943,3.62724,3.73943,2425500
2010-02-18,3.73818,3.73818,3.68583,3.7307,1353000
2010-02-19,3.72696,3.73943,3.6958,3.73818,603500
2010-02-22,3.72572,3.73943,3.69206,3.69829,1155500
2010-02-23,3.70079,3.7145,3.6422,3.65217,1640000
2010-02-24,3.6749,3.69258,3.66606,3.68122,902500
2010-02-25,3.6749,3.6749,3.63576,3.66228,1634000
2010-02-26,3.66859,3.67364,3.6446,3.65596,1899000
2010-03-01,3.66228,3.67238,3.65344,3.66101,1344000
2010-03-02,3.68122,3.69132,3.60545,3.62186,1589500
2010-03-03,3.62186,3.64965,3.59913,3.61808,1529500
2010-03-04,3.63954,3.63954,3.5764,3.59913,3005000
2010-03-05,3.61176,3.63702,3.59535,3.62439,1226500
2010-03-08,3.63702,3.68374,3.62439,3.68122,2051000
2010-03-09,3.68122,3.70016,3.65975,3.68374,1122500
2010-03-10,3.68374,3.75194,3.68374,3.75068,1207000
2010-03-11,3.75068,3.7873,3.75068,3.7873,1385500
2010-03-12,3.78604,3.79993,3.75068,3.78604,3629000
2010-03-15,3.79993,3.80245,3.75573,3.78477,1561500
2010-03-16,3.78856,3.80877,3.77719,3.79235,1836000
2010-03-17,3.81382,3.83655,3.7633,3.79361,2734000
2010-03-18,3.79993,3.85297,3.79488,3.81382,1437500
2010-03-19,3.83907,3.84539,3.8075,3.81003,1645000
2010-03-22,3.79614,3.79866,3.75951,3.78477,1946000
2010-03-23,3.81255,3.81634,3.7873,3.79361,720000
2010-03-24,3.78856,3.79993,3.77593,3.78856,1614000
2010-03-25,3.80119,3.80877,3.75699,3.75825,943500
2010-03-26,3.75825,3.79361,3.73173,3.733,1147500
2010-03-29,3.7633,3.7633,3.67617,3.68753,1716500
2010-03-30,3.70269,3.75825,3.68374,3.75825,2161000
2010-03-31,3.76709,3.77846,3.72542,3.77846,1896000
2010-04-01,3.78225,3.78856,3.74563,3.76457,949000
2010-04-05,3.76962,3.78351,3.75446,3.7633,1318000
2010-04-06,3.77088,3.79866,3.75068,3.78604,1974000
2010-04-07,3.77088,3.79866,3.72415,3.73047,1537500
2010-04-08,3.73678,3.73678,3.709,3.72416,1776000
2010-04-09,3.72542,3.72542,3.70016,3.71026,899500
2010-04-12,3.71026,3.72542,3.6749,3.70774,1022500
2010-04-13,3.70142,3.75068,3.70142,3.72542,1139500
2010-04-14,3.7431,3.75068,3.70648,3.71279,1074500
2010-04-15,3.70395,3.72542,3.6989,3.70016,1608500
2010-04-16,3.69385,3.69385,3.62565,3.64333,2608000
2010-04-19,3.64333,3.67617,3.62692,3.66859,2446000
2010-04-20,3.66228,3.69258,3.64081,3.65722,1703000
2010-04-21,3.67112,3.74057,3.67112,3.72542,1044000
2010-04-22,3.71279,3.71658,3.60797,3.66228,3275500
2010-04-23,3.64586,3.72542,3.64586,3.71279,3319500
2010-04-26,3.6989,3.72289,3.6749,3.70521,1921000
2010-04-27,3.70269,3.72542,3.67112,3.69637,1603500
2010-04-28,3.70016,3.7431,3.66606,3.66606,3947500
2010-04-29,3.69764,3.72542,3.67617,3.68753,1605500
2010-04-30,3.7191,3.72289,3.64459,3.66733,1255000
2010-05-03,3.68501,3.73173,3.68122,3.70774,7616000
2010-05-04,3.69259,3.70395,3.65091,3.67869,1111000
2010-05-05,3.67869,3.67869,3.61176,3.61681,1006000
2010-05-06,3.61808,3.63702,3.50442,3.62439,3668000
2010-05-07,3.62439,3.63197,3.55493,3.56756,2441000
2010-05-10,3.62439,3.6307,3.54357,3.56756,2845500
2010-05-11,3.57135,3.61176,3.5663,3.57766,1659500
2010-05-12,3.62247,3.65191,3.59942,3.61607,2864000
2010-05-13,3.62759,3.63399,3.59431,3.60583,1410000
2010-05-14,3.59686,3.62759,3.59046,3.61095,3568500
2010-05-17,3.59174,3.62759,3.52774,3.5495,1651000
2010-05-18,3.55462,3.59431,3.52646,3.5303,940000
2010-05-19,3.53158,3.54182,3.4791,3.50598,1206000
2010-05-20,3.4855,3.49958,3.4279,3.47014,1931500
2010-05-21,3.45606,3.50726,3.45606,3.50726,1435500
2010-05-25,3.4599,3.50726,3.45606,3.50086,1318000
2010-05-26,3.51366,3.5623,3.46886,3.47398,2628500
2010-05-27,3.48422,3.51238,3.4663,3.50726,1234500
2010-05-28,3.51878,3.51878,3.48166,3.48166,762500
2010-05-31,3.4919,3.51494,3.46246,3.49446,385000
2010-06-01,3.47782,3.48806,3.46502,3.46502,1133000
2010-06-02,3.47526,3.53286,3.46886,3.52774,1080000
2010-06-03,3.52006,3.5367,3.49446,3.51878,719500
2010-06-04,3.49446,3.50854,3.48934,3.4919,486500
2010-06-07,3.4983,3.51878,3.49062,3.49446,534500
2010-06-08,3.49574,3.51494,3.48422,3.51366,581000
2010-06-09,3.52134,3.5431,3.50854,3.50854,854000
2010-06-10,3.53414,3.5623,3.51494,3.56102,948500
2010-06-11,3.54694,3.58406,3.5367,3.55846,793500
2010-06-14,3.55974,3.58278,3.51622,3.51622,488500
2010-06-15,3.53926,3.60583,3.5303,3.60199,881000
2010-06-16,3.6007,3.6007,3.55846,3.56998,640000
2010-06-17,3.58406,3.58406,3.55846,3.57254,654500
2010-06-18,3.58022,3.5815,3.55846,3.5623,622000
2010-06-21,3.58406,3.6135,3.58406,3.59686,502500
2010-06-22,3.58919,3.67367,3.58919,3.66343,1456000
2010-06-23,3.66983,3.67623,3.62375,3.66599,815000
2010-06-24,3.66087,3.69799,3.66087,3.66599,810500
2010-06-25,3.68007,3.68007,3.61606,3.65575,792500
2010-06-28,3.64678,3.67111,3.63142,3.63142,432500
2010-06-29,3.61607,3.61735,3.56487,3.57767,1256500
2010-06-30,3.56614,3.59302,3.52646,3.55718,1629000
2010-07-02,3.55207,3.55207,3.5047,3.5111,779000
2010-07-05,3.54694,3.54694,3.49958,3.50214,147500
2010-07-06,3.50726,3.55462,3.50726,3.55078,1123000
2010-07-07,3.54566,3.56998,3.50726,3.5623,1517500
2010-07-08,3.57638,3.57638,3.54182,3.55718,719500
2010-07-09,3.55206,3.5623,3.53286,3.5495,429000
2010-07-12,3.54054,3.55847,3.53542,3.53926,1114000
2010-07-13,3.55846,3.59686,3.5559,3.57254,1255000
2010-07-14,3.58919,3.63655,3.58407,3.62375,1228500
2010-07-15,3.61991,3.66727,3.61095,3.66087,3324500
2010-07-16,3.66087,3.67879,3.63271,3.67495,2933500
2010-07-19,3.67751,3.67879,3.63143,3.66599,793000
2010-07-20,3.66471,3.70183,3.64551,3.69543,758000
2010-07-21,3.69799,3.70311,3.68647,3.70055,798000
2010-07-22,3.70695,3.70951,3.68775,3.70055,1320000
2010-07-23,3.70567,3.71079,3.69031,3.69031,1586000
2010-07-26,3.69927,3.77095,3.69799,3.76711,1319000
2010-07-27,3.77607,3.78759,3.72359,3.75303,946500
2010-07-28,3.75303,3.75303,3.67367,3.68007,812500
2010-07-29,3.64806,3.68391,3.61862,3.65447,1128000
2010-07-30,3.62887,3.70823,3.62887,3.64679,516000
2010-08-03,3.65575,3.69031,3.65575,3.68647,688000
2010-08-04,3.70311,3.70311,3.67239,3.68391,807500
2010-08-05,3.65319,3.67239,3.63527,3.64039,1318000
2010-08-06,3.63527,3.65831,3.62887,3.62887,357500
2010-08-09,3.65575,3.67623,3.63271,3.67239,567500
2010-08-10,3.67239,3.69159,3.63526,3.68903,2186500
2010-08-11,3.68643,3.68643,3.60731,3.61509,1092000
2010-08-12,3.62158,3.64492,3.59953,3.59953,1295000
2010-08-13,3.60082,3.67865,3.60082,3.66697,2747000
2010-08-16,3.66957,3.72794,3.66438,3.70329,1258500
2010-08-17,3.70459,3.72275,3.68384,3.69162,931000
2010-08-18,3.68514,3.72794,3.68514,3.70848,2505500
2010-08-19,3.72016,3.72534,3.68643,3.70329,2287500
2010-08-20,3.70978,3.81355,3.70719,3.81355,1548000
2010-08-23,3.80058,3.80058,3.72924,3.77204,911500
2010-08-24,3.77204,3.77204,3.70718,3.76166,2064000
2010-08-25,3.76167,3.77075,3.71238,3.73313,583000
2010-08-26,3.75388,3.75388,3.63974,3.654,1177500
2010-08-27,3.66438,3.69032,3.63455,3.69032,659000
2010-08-30,3.69032,3.7007,3.67087,3.68514,355000
2010-08-31,3.68773,3.69162,3.66049,3.67995,985500
2010-09-01,3.70978,3.79928,3.70978,3.79279,5890500
2010-09-02,3.80447,3.80577,3.75388,3.76296,556500
2010-09-03,3.78761,3.84079,3.75907,3.80707,1390500
2010-09-07,3.82393,3.86673,3.82263,3.86673,880500
2010-09-08,3.84079,3.85117,3.81744,3.81744,624000
2010-09-09,3.85506,3.85765,3.77464,3.77593,1552000
2010-09-10,3.77593,3.86544,3.77593,3.86284,1112000
2010-09-13,3.87841,3.89138,3.82782,3.86933,563000
2010-09-14,3.85765,3.87451,3.8382,3.84987,650000
2010-09-15,3.84987,3.92251,3.84079,3.91083,2441000
2010-09-16,3.89657,3.91602,3.84987,3.89916,706000
2010-09-17,3.91732,3.92251,3.84598,3.84857,1931500
2010-09-20,3.89138,3.90046,3.86414,3.87841,649500
2010-09-21,3.89138,3.91083,3.85117,3.89527,7964500
2010-09-22,3.89527,3.90824,3.88619,3.89787,210000
2010-09-23,3.90305,3.90435,3.8823,3.89657,5418500
2010-09-24,3.88878,3.98736,3.88878,3.98218,848000
2010-09-27,4.00942,4.13913,3.99904,4.08984,2314500
2010-09-28,4.07946,4.09892,4.02369,4.05482,1288500
2010-09-29,4.06909,4.10281,4.05352,4.10281,553500
2010-09-30,4.11578,4.13135,4.06649,4.10281,1349000
2010-10-01,4.09892,4.11838,4.09243,4.09762,394000
2010-10-04,4.08724,4.14821,4.07687,4.08076,461000
2010-10-05,4.1067,4.14432,4.1054,4.11059,537500
2010-10-06,4.11059,4.11319,4.08595,4.108,513500
2010-10-07,4.11189,4.12356,4.02369,4.05093,2490500
2010-10-08,4.05092,4.08595,4.03795,4.07687,307500
2010-10-12,4.08595,4.1054,4.05482,4.08854,668000
2010-10-13,4.08724,4.12616,4.08724,4.12486,1539500
2010-10-14,4.1508,4.16637,4.11319,4.13654,1465000
2010-10-15,4.13653,4.13653,4.05482,4.07816,1215500
2010-10-18,4.08595,4.11838,4.08076,4.11319,328500
2010-10-19,4.10151,4.12486,4.09373,4.11189,467000
2010-10-20,4.11448,4.1521,4.1093,4.13913,543500
2010-10-21,4.12486,4.1508,4.08854,4.10411,1038500
2010-10-22,4.09892,4.16118,4.09892,4.16118,913500
2010-10-25,4.23771,4.40374,4.23771,4.31943,2717000
2010-10-26,4.29349,4.37132,4.28441,4.35316,1096000
2010-10-27,4.40893,4.49454,4.40893,4.43358,2355000
2010-10-28,4.43358,4.4673,4.36094,4.38558,1818000
2010-10-29,4.40504,4.43617,4.37131,4.39985,1092500
2010-11-01,4.39985,4.4232,4.36353,4.41152,1280500
2010-11-02,4.42968,4.47379,4.0159,4.45952,3737000
2010-11-03,4.45563,4.48676,4.45563,4.47768,1312000
2010-11-04,4.514,4.64371,4.49843,4.62425,2724500
2010-11-05,4.59702,4.6502,4.57237,4.59183,1418500
2010-11-08,4.62425,4.64501,4.58404,4.62814,2292500
2010-11-09,4.66357,4.66357,4.60716,4.62028,1299500
2010-11-10,4.65045,4.65045,4.56518,4.59404,1767000
2010-11-11,4.60584,4.60584,4.52582,4.52845,428000
2010-11-12,4.54419,4.55731,4.46023,4.49696,780000
2010-11-15,4.48778,4.55468,4.48778,4.50877,461000
2010-11-16,4.51795,4.53763,4.44711,4.46023,1197000
2010-11-17,4.46023,4.46023,4.43399,4.44711,780000
2010-11-18,4.50352,4.52582,4.49696,4.50877,601500
2010-11-19,4.52058,4.52582,4.44318,4.48385,2797000
2010-11-22,4.4904,4.52189,4.39595,4.47204,754000
2010-11-23,4.46023,4.62683,4.45498,4.56518,12045000
2010-11-24,4.59273,4.59273,4.50877,4.58879,1018000
2010-11-25,4.60716,4.63339,4.57042,4.62421,535000
2010-11-26,4.62683,4.62683,4.58223,4.59141,539000
2010-11-29,4.59273,4.60191,4.52582,4.5678,1024500
2010-11-30,4.5678,4.64782,4.5678,4.61896,1758500
2010-12-01,4.62028,4.64389,4.59142,4.59404,723000
2010-12-02,4.59404,4.64389,4.59141,4.59141,461000
2010-12-03,4.57174,4.60322,4.5455,4.57961,1077500
2010-12-06,4.59142,4.62684,4.58223,4.61109,1391000
2010-12-07,4.61109,4.62815,4.58879,4.61765,1173500
2010-12-08,4.63208,4.68455,4.52976,4.66619,1827500
2010-12-09,4.67668,4.6898,4.64782,4.65963,2173500
2010-12-10,4.65701,4.72129,4.64389,4.70554,1479000
2010-12-13,4.68455,4.74227,4.65569,4.73047,2743000
2010-12-14,4.7226,4.74228,4.67668,4.73965,1117500
2010-12-15,4.70817,4.73965,4.68587,4.72391,1836000
2010-12-16,4.70161,4.85247,4.69767,4.78819,1118000
2010-12-17,4.76458,4.81311,4.67012,4.75408,1972500
2010-12-20,4.77507,4.85509,4.75933,4.8341,871000
2010-12-21,4.82098,4.88133,4.8,4.86427,640500
2010-12-22,4.86952,4.86952,4.82623,4.8669,511500
2010-12-23,4.84853,4.88658,4.84853,4.86034,540500
2010-12-24,4.88658,4.88658,4.82754,4.87739,79500
2010-12-29,4.86034,4.91806,4.83673,4.91806,332000
2010-12-30,4.91806,4.91806,4.84722,4.87346,321500
2010-12-31,4.84591,4.88002,4.84591,4.84853,350000
2011-01-04,4.86952,5.00202,4.86952,4.99284,1003500
2011-01-05,4.98496,4.98496,4.90888,4.93905,800500
2011-01-06,4.92462,4.96397,4.89445,4.93905,446000
2011-01-07,4.91937,4.93905,4.87215,4.89838,881500
2011-01-10,4.8892,4.90625,4.84197,4.87871,903000
2011-01-11,4.87477,4.94167,4.87346,4.89969,2475000
2011-01-12,4.91413,5.01776,4.90757,4.95742,2469500
2011-01-13,4.95742,5.01776,4.95217,5.0112,1762000
2011-01-14,5.02432,5.03481,4.93905,4.97972,1001500
2011-01-17,4.9338,4.95873,4.89969,4.93905,1332500
2011-01-18,4.93511,5.01776,4.93511,5.00595,7293500
2011-01-19,5.01907,5.01907,4.95742,4.98234,1026500
2011-01-20,4.95742,4.98365,4.89314,4.93249,1542000
2011-01-21,4.9338,5.05056,4.9338,4.99415,3236000
2011-01-24,5.05056,5.0663,5.03219,5.044,967000
2011-01-25,5.0217,5.07023,5.00333,5.01776,1000000
2011-01-26,5.02038,5.05056,5.01907,5.02432,2413500
2011-01-27,5.04006,5.05056,5.03219,5.03481,935500
2011-01-28,5.03482,5.044,5.00858,5.02694,2669000
2011-01-31,5.03744,5.03744,5.0007,5.0007,1124000
2011-02-01,5.00464,5.17518,5.00464,5.10959,9264500
2011-02-02,5.09122,5.21453,5.09122,5.1778,6278000
2011-02-03,5.20666,5.22765,5.1437,5.19486,1546500
2011-02-04,5.19486,5.26701,5.16206,5.25127,996000
2011-02-07,5.19617,5.26045,5.19617,5.23421,752500
2011-02-08,5.22765,5.2998,5.19879,5.28406,3131500
2011-02-09,5.88357,5.92686,5.40868,5.6212,36690000
2011-02-10,5.54249,5.57398,5.44279,5.52675,7863000
2011-02-11,5.51626,5.55561,5.48084,5.52938,5478000
2011-02-14,5.45329,5.55036,5.36802,5.41656,3887500
2011-02-15,5.37851,5.45591,5.288,5.34572,2627000
2011-02-16,5.35359,5.40475,5.29062,5.32604,3085000
2011-02-17,5.31948,5.35884,5.28537,5.3103,2098500
2011-02-18,5.2998,5.38507,5.29324,5.37983,1616000
2011-02-22,5.37589,5.40475,5.32604,5.40475,2346500
2011-02-23,5.37958,5.44979,5.37958,5.41402,1058000
2011-02-24,5.36898,5.40078,5.07358,5.39415,1695000
2011-02-25,5.37561,5.39415,5.30142,5.32394,3827500
2011-02-28,5.3213,5.38886,5.31202,5.36501,1824500
2011-03-01,5.36501,5.45112,5.35839,5.37296,1736000
2011-03-02,5.31202,5.41535,5.31202,5.36368,1286000
2011-03-03,5.35176,5.40475,5.3054,5.38621,1224000
2011-03-04,5.38753,5.38753,5.27625,5.32527,1101500
2011-03-07,5.33189,5.34779,5.1928,5.26831,1056000
2011-03-08,5.25506,5.29877,5.19545,5.28288,1042500
2011-03-09,5.26698,5.26698,5.11464,5.17558,1325000
2011-03-10,5.0749,5.10802,4.97158,5.0855,2005500
2011-03-11,4.98217,5.14776,4.98217,5.13981,1012500
2011-03-14,5.12524,5.12524,5.02457,5.08815,524500
2011-03-15,4.9729,5.07888,4.93713,5.02986,1158500
2011-03-16,5.00999,5.0696,4.95965,4.97555,2064000
2011-03-17,5.01397,5.02191,4.97422,5.00867,553000
2011-03-18,5.03251,5.0855,5.00734,5.00734,1056500
2011-03-21,5.05768,5.08682,4.97025,4.98482,637000
2011-03-22,4.96893,5.08947,4.9676,5.08947,708000
2011-03-23,5.07225,5.11597,5.03384,5.06695,481000
2011-03-24,5.08285,5.11994,5.00867,5.03384,467000
2011-03-25,5.01662,5.20472,5.01662,5.12656,662000
2011-03-28,5.09875,5.13054,5.03516,5.03516,458500
2011-03-29,5.05238,5.0908,5.00999,5.06033,1906500
2011-03-30,5.07093,5.12524,5.02191,5.09212,522500
2011-03-31,5.10405,5.18485,5.02324,5.14246,1307000
2011-04-01,5.17028,5.1928,5.09345,5.1769,2272000
2011-04-04,5.18618,5.22592,5.15041,5.20472,389500
2011-04-05,5.17425,5.2087,5.11862,5.16631,490500
2011-04-06,5.15438,5.19942,5.13849,5.13849,1060000
2011-04-07,5.11994,5.18485,5.11994,5.14776,843000
2011-04-08,5.19015,5.2193,5.14644,5.2193,379000
2011-04-11,5.18618,5.3107,5.18618,5.29745,1785500
2011-04-12,5.23916,5.30142,5.1928,5.27758,1028000
2011-04-13,5.28553,5.28553,5.17955,5.25638,1390500
2011-04-14,5.2789,5.28553,5.2087,5.23916,945000
2011-04-15,5.25241,5.31865,5.23254,5.29878,641000
2011-04-18,5.25506,5.26433,5.21267,5.23651,1432000
2011-04-19,5.23254,5.30937,5.23254,5.29215,725500
2011-04-20,5.31202,5.32792,5.24579,5.2736,742500
2011-04-21,5.28685,5.35706,5.28288,5.30805,949500
2011-04-25,5.29348,5.35044,5.28288,5.31467,97000
2011-04-26,5.30142,5.32394,5.19412,5.23254,689500
2011-04-27,5.20737,5.26566,5.16631,5.1769,835000
2011-04-28,5.15968,5.30937,5.15836,5.2895,1220000
2011-04-29,5.26566,5.37296,5.25771,5.37296,1380000
2011-05-02,5.31865,5.44449,5.31865,5.39813,1377000
2011-05-03,5.39813,5.39813,5.28685,5.31865,1230000
2011-05-04,5.39548,5.39548,5.23784,5.23784,767500
2011-05-05,5.26566,5.27626,5.2087,5.24446,1048500
2011-05-06,5.26698,5.28155,5.1928,5.28155,884500
2011-05-09,5.28155,5.37031,5.22724,5.34911,377000
2011-05-10,5.31997,5.46436,5.29878,5.44582,1490000
2011-05-11,5.44582,5.44582,5.37561,5.43124,807500
2011-05-12,5.40343,5.43654,5.37031,5.43124,470000
2011-05-13,5.43124,5.5306,5.36104,5.5306,1490000
2011-05-16,5.8419,5.99556,5.80084,5.83528,12000000
2011-05-17,5.81011,5.82203,5.73328,5.7452,2601500
2011-05-18,5.7452,5.77169,5.66174,5.74785,2983500
2011-05-19,5.76109,5.83528,5.70148,5.83528,1731500
2011-05-20,5.83528,5.85515,5.79024,5.8366,1466500
2011-05-24,5.84057,5.84057,5.74917,5.81276,2950000
2011-05-25,5.84484,5.84484,5.78468,5.82479,1024000
2011-05-26,5.79671,5.9304,5.79671,5.91703,3440000
2011-05-27,5.92907,5.95981,5.90233,5.93709,2495000
2011-05-30,5.90366,5.93174,5.88227,5.92238,344000
2011-05-31,5.90367,5.95313,5.89564,5.92506,1625500
2011-06-01,5.9157,6.0427,5.9157,6.01596,2341000
2011-06-02,5.99858,6.02666,5.99591,6.00259,2555000
2011-06-03,5.97585,6.00527,5.96516,6.00527,1980000
2011-06-06,5.96382,5.98254,5.88361,5.9665,1145500
2011-06-07,5.94912,5.98789,5.88629,5.89431,1695000
2011-06-08,5.88227,5.93174,5.88227,5.9157,7592000
2011-06-09,5.90366,5.92238,5.8903,5.92238,1667000
2011-06-10,5.88762,5.91436,5.83682,5.85554,1114500
2011-06-13,5.93976,5.96249,5.85821,5.90768,1052000
2011-06-14,5.88361,5.9304,5.78201,5.83414,1781000
2011-06-15,5.77532,5.82479,5.70179,5.77933,1093500
2011-06-16,5.73656,5.79404,5.7165,5.74725,801500
2011-06-17,5.73655,5.86088,5.73655,5.84217,1338000
2011-06-20,5.8288,5.8689,5.82345,5.8542,378500
2011-06-21,5.8542,5.86623,5.84083,5.85554,459500
2011-06-22,5.83548,5.94644,5.83548,5.9157,3122000
2011-06-23,6.01596,6.10821,6.01596,6.05607,10553500
2011-06-24,6.0427,6.08815,6.02933,6.0427,2945500
2011-06-27,6.01863,6.02933,5.86623,5.86757,5639000
2011-06-28,5.85554,5.88227,5.75393,5.82345,4286500
2011-06-29,5.85821,5.97586,5.76195,5.90901,10389000
2011-06-30,5.88228,5.92639,5.81142,5.85554,3017000
2011-07-04,5.79538,5.84217,5.78869,5.79538,915000
2011-07-05,5.75661,5.8395,5.73923,5.76864,8882500
2011-07-06,5.74992,5.82345,5.74992,5.78602,1281500
2011-07-07,5.78602,5.88228,5.78602,5.84885,1194500
2011-07-08,5.81276,5.94912,5.81276,5.90233,3652000
2011-07-11,5.90901,5.90901,5.82345,5.85153,492500
2011-07-12,5.83013,5.8542,5.81543,5.8542,673500
2011-07-13,5.87292,5.89431,5.81543,5.88896,983500
2011-07-14,5.87559,5.8796,5.83415,5.85153,522500
2011-07-15,5.87559,5.87693,5.81276,5.84217,603000
2011-07-18,5.78335,5.82078,5.78335,5.78869,522000
2011-07-19,5.78335,5.8796,5.78335,5.84885,3656500
2011-07-20,5.68843,5.94644,5.68174,5.8689,2125500
2011-07-21,5.88227,5.92906,5.85955,5.8689,2325500
2011-07-22,5.97585,6.00259,5.90901,5.95045,1623500
2011-07-25,5.94778,5.96249,5.9157,5.94511,629000
2011-07-26,5.88762,5.92104,5.85019,5.86757,2365000
2011-07-27,5.85153,5.88227,5.82612,5.86356,819500
2011-07-28,5.83013,5.85286,5.81676,5.82479,312500
2011-07-29,5.79671,5.8435,5.79671,5.83414,432000
2011-08-02,5.85019,5.85554,5.7673,5.7673,718000
2011-08-03,5.74992,5.78201,5.7419,5.76463,1048000
2011-08-04,5.76062,5.7673,5.67907,5.76463,1063500
2011-08-05,5.69645,5.74725,5.66437,5.74725,652500
2011-08-08,5.61624,5.62827,5.21517,5.38629,2026500
2011-08-09,5.3903,5.64163,5.3903,5.49458,1165000
2011-08-10,5.47051,5.51463,5.43175,5.51463,902000
2011-08-11,5.53068,5.76998,5.48522,5.75795,746500
2011-08-12,5.76463,5.81409,5.68174,5.76864,1159000
2011-08-15,5.81543,5.88762,5.77533,5.88094,616000
2011-08-16,5.86222,5.86623,5.74859,5.74992,1046500
2011-08-17,5.77016,5.82279,5.72833,5.73508,1789000
2011-08-18,5.60553,5.66761,5.60418,5.63927,529500
2011-08-19,5.60014,5.66491,5.59069,5.59474,369000
2011-08-22,5.69864,5.69864,5.52592,5.54616,726000
2011-08-23,5.54751,5.5745,5.52862,5.5745,783000
2011-08-24,5.55965,5.55965,5.49218,5.53267,1027500
2011-08-25,5.53266,5.53266,5.41661,5.4463,936500
2011-08-26,5.40582,5.51647,5.36398,5.4463,2178000
2011-08-29,5.44765,5.49083,5.38288,5.38963,1220500
2011-08-30,5.46384,5.46519,5.40312,5.46114,1452000
2011-08-31,5.4517,5.56505,5.4463,5.56505,1240000
2011-09-01,5.49893,5.5664,5.42741,5.4517,1793500
2011-09-02,5.40447,5.48409,5.39772,5.39772,638000
2011-09-06,5.36938,5.36938,5.2169,5.30731,1692000
2011-09-07,5.3316,5.41391,5.31676,5.41391,1060500
2011-09-08,5.40987,5.45035,5.337,5.45035,531500
2011-09-09,5.4382,5.47194,5.41661,5.4544,1568000
2011-09-12,5.43011,5.47869,5.38693,5.4517,455500
2011-09-13,5.50298,5.50298,5.39772,5.43821,147500
2011-09-14,5.46519,5.46519,5.42471,5.449,561500
2011-09-15,5.49083,5.55561,5.46924,5.48544,529500
2011-09-16,5.46789,5.49758,5.40042,5.48948,1427000
2011-09-19,5.48948,5.63117,5.4544,5.47464,197500
2011-09-20,5.49758,5.53266,5.44225,5.47734,457500
2011-09-21,5.46519,5.48813,5.37748,5.42201,711500
2011-09-22,5.30056,5.36264,5.14268,5.28977,1707500
2011-09-23,5.28572,5.30056,5.2115,5.30056,1150500
2011-09-26,5.36129,5.36129,5.22904,5.29381,386500
2011-09-27,5.35994,5.43821,5.24254,5.38963,387000
2011-09-28,5.42471,5.42471,5.3235,5.35049,491000
2011-09-29,5.36264,5.47734,5.29651,5.47059,611500
2011-09-30,5.3316,5.52457,5.3316,5.52457,1165000
2011-10-03,5.52322,5.52322,5.38423,5.43821,413500
2011-10-04,5.36399,5.46384,5.36399,5.39097,735000
2011-10-05,5.39098,5.41796,5.36804,5.41662,340000
2011-10-06,5.43146,5.48004,5.39772,5.43551,630000
2011-10-07,5.42471,5.4571,5.41796,5.41796,115000
2011-10-11,5.49488,5.61903,5.49083,5.54481,440000
2011-10-12,5.54886,5.63117,5.54886,5.62038,500000
2011-10-13,5.56775,5.69325,5.53132,5.6811,435000
2011-10-14,5.69999,5.72833,5.66761,5.72158,900000
2011-10-17,5.73373,5.73373,5.58664,5.61363,1055000
2011-10-18,5.60014,5.62712,5.53266,5.60418,137500
2011-10-19,5.56775,5.64467,5.56775,5.5691,535000
2011-10-20,5.5691,5.63117,5.5691,5.62712,559500
2011-10-21,5.60283,5.66626,5.60283,5.62712,558000
2011-10-24,5.61633,5.70674,5.61633,5.6811,673500
2011-10-25,5.70539,5.71888,5.65816,5.65816,881000
2011-10-26,5.65412,5.70809,5.64062,5.66626,411500
2011-10-27,5.73508,5.77286,5.70809,5.72833,331000
2011-10-28,5.70134,5.76342,5.70134,5.71619,353000
2011-10-31,5.77556,5.924,5.77556,5.91051,3394500
2011-11-01,5.83494,5.96988,5.8039,5.93615,1125000
2011-11-02,5.98068,6.00496,5.93614,5.99822,1019000
2011-11-03,6.00767,6.03735,6.00092,6.03196,601500
2011-11-04,5.97798,6.03735,5.97663,6.03061,343500
2011-11-07,6.01036,6.01711,5.94964,5.98472,205500
2011-11-08,6.00091,6.0252,5.97123,6.0252,258500
2011-11-09,5.93749,6.0252,5.93749,6.0252,705500
2011-11-10,6.01441,6.01846,5.96313,5.97933,665500
2011-11-11,5.98068,6.0495,5.98068,6.02656,718000
2011-11-14,6.00632,6.06434,6.00497,6.03196,270000
2011-11-15,6.03195,6.05355,5.99282,6.05355,273500
2011-11-16,6.0333,6.07109,6.0333,6.07109,1095000
2011-11-17,6.036,6.06704,6.036,6.0522,845500
2011-11-18,6.03735,6.11022,6.03735,6.07919,365000
2011-11-21,6.0387,6.09673,6.00496,6.05489,825000
2011-11-22,6.06029,6.07918,6.05219,6.06164,1948000
2011-11-23,6.03168,6.10657,6.03168,6.07934,1330000
2011-11-24,6.11474,6.11474,6.06572,6.09296,368500
2011-11-25,6.06028,6.09704,6.05619,6.07934,514500
2011-11-28,6.07934,6.11746,6.07934,6.07934,328000
2011-11-29,6.07934,6.11474,6.07934,6.09296,371500
2011-11-30,5.92276,6.04939,5.89145,6.04939,4396500
2011-12-01,5.89417,6.00446,5.89417,5.9745,807000
2011-12-02,5.96497,5.98403,5.93638,5.95135,677000
2011-12-05,5.94999,5.96225,5.89145,5.92276,1027000
2011-12-06,5.86966,5.92276,5.82065,5.86558,1626000
2011-12-07,5.85468,5.92276,5.84107,5.90915,1243500
2011-12-08,5.86966,5.89417,5.73214,5.81656,712500
2011-12-09,5.76619,5.85469,5.72534,5.85469,1003500
2011-12-12,5.85469,5.85469,5.72534,5.7798,700000
2011-12-13,5.81929,5.82882,5.77299,5.78389,540000
2011-12-14,5.79342,5.82065,5.66543,5.6736,829500
2011-12-15,5.67088,5.85196,5.61505,5.66543,695000
2011-12-16,5.68858,5.75121,5.58238,5.58238,2458000
2011-12-19,5.65318,5.69402,5.61097,5.64637,311000
2011-12-20,5.6913,5.70355,5.65726,5.69811,308000
2011-12-21,5.71036,5.71853,5.62186,5.71853,175000
2011-12-22,5.71853,5.72534,5.66407,5.68721,167000
2011-12-23,5.67224,5.71308,5.6559,5.69538,288500
2011-12-28,5.6736,5.71717,5.63003,5.64092,132500
2011-12-29,5.65862,5.69538,5.61369,5.64092,263000
2011-12-30,5.61914,5.67904,5.59735,5.67632,339500
2012-01-03,5.75393,5.76074,5.66543,5.75257,310500
2012-01-04,5.75121,5.75121,5.63684,5.69402,309000
2012-01-05,5.70355,5.70355,5.65862,5.67088,388000
2012-01-06,5.63956,5.71581,5.63956,5.71581,212000
2012-01-09,5.67496,5.71853,5.67496,5.71172,184000
2012-01-10,5.71853,5.72125,5.68449,5.69811,422500
2012-01-11,5.71853,5.71853,5.6804,5.70491,325000
2012-01-12,5.68585,5.72806,5.65726,5.72806,588500
2012-01-13,5.69811,5.7444,5.69811,5.73487,1595500
2012-01-16,5.75665,5.76074,5.69947,5.76074,146500
2012-01-17,5.75938,5.79206,5.68858,5.71717,368000
2012-01-18,5.68721,5.72534,5.68721,5.709,450500
2012-01-19,5.70491,5.71172,5.65862,5.65862,684000
2012-01-20,5.65862,5.68858,5.64092,5.66271,825000
2012-01-23,5.65726,5.71717,5.64228,5.70764,274500
2012-01-24,5.68585,5.74848,5.68585,5.71308,505000
2012-01-25,5.71172,5.75121,5.71172,5.74576,220000
2012-01-26,5.71036,5.78388,5.71036,5.77299,369000
2012-01-27,5.76618,5.77435,5.71989,5.72261,366000
2012-01-30,5.71989,5.75938,5.68449,5.74576,250000
2012-01-31,5.70083,5.83698,5.70083,5.83698,2136500
2012-02-01,5.8152,5.8152,5.71172,5.73623,705500
2012-02-02,5.71989,5.74848,5.70491,5.73214,822000
2012-02-03,5.75665,5.77163,5.71172,5.74984,576500
2012-02-06,5.74985,5.76482,5.71853,5.75257,411500
2012-02-07,5.71989,5.74031,5.69538,5.70491,666500
2012-02-08,5.71853,5.71853,5.6736,5.68177,1053500
2012-02-09,5.68177,5.70491,5.65862,5.66407,631000
2012-02-10,5.67088,5.6736,5.64228,5.64773,873500
2012-02-13,5.68177,5.68177,5.61641,5.63411,628500
2012-02-14,5.63003,5.68177,5.63003,5.65045,743000
2012-02-15,5.65045,5.68313,5.64909,5.68177,338500
2012-02-16,5.64909,5.77299,5.64909,5.75938,1260000
2012-02-17,5.77844,5.77844,5.71989,5.72261,531500
2012-02-21,5.72262,5.78661,5.72262,5.78661,294500
2012-02-22,5.77286,5.78798,5.75912,5.77561,376000
2012-02-23,5.78661,5.8842,5.77699,5.8842,680000
2012-02-24,5.90894,5.90894,5.80997,5.85533,908500
2012-02-27,5.85533,5.88007,5.81547,5.8677,320500
2012-02-28,5.8677,5.94055,5.85533,5.91031,719000
2012-02-29,5.91031,5.95017,5.90069,5.9378,897000
2012-03-01,5.90344,5.93505,5.90344,5.91856,589000
2012-03-02,5.91856,5.97903,5.91856,5.9378,206500
2012-03-05,5.93368,5.95567,5.89107,5.91581,765500
2012-03-06,5.8842,5.91031,5.85533,5.86908,573500
2012-03-07,5.8622,5.89657,5.85258,5.86083,300000
2012-03-08,5.88969,5.89382,5.85671,5.89382,1082500
2012-03-09,5.87732,5.91031,5.8677,5.91031,861500
2012-03-12,5.94055,5.97904,5.87595,5.94467,856500
2012-03-13,5.96804,5.97079,5.91031,5.95842,108500
2012-03-14,5.92543,6.02714,5.92543,6.0134,651000
2012-03-15,6.11649,6.28005,6.11649,6.19758,3958000
2012-03-16,6.18521,6.20583,6.12336,6.15772,716500
2012-03-19,6.15085,6.19346,6.12061,6.16459,283500
2012-03-20,6.19071,6.19071,6.14123,6.15772,212500
2012-03-21,6.17834,6.17834,6.11511,6.15085,338500
2012-03-22,6.15084,6.18383,6.09861,6.1371,620000
2012-03-23,6.13023,6.14397,6.08212,6.13848,710500
2012-03-26,6.15359,6.16322,6.11923,6.11923,215500
2012-03-27,6.1426,6.15085,6.11649,6.14398,230000
2012-03-28,6.13023,6.1426,6.09724,6.1371,724500
2012-03-29,6.10549,6.15772,6.09037,6.15085,421000
2012-03-30,6.11648,6.16459,6.11648,6.15772,1504000
2012-04-02,6.13435,6.16047,6.10961,6.11649,577000
2012-04-03,6.13985,6.16459,6.11099,6.13435,225000
2012-04-04,6.14947,6.14947,6.07525,6.11236,550500
2012-04-05,6.15772,6.15772,6.10274,6.10549,360000
2012-04-09,6.06288,6.10824,6.06288,6.10274,115000
2012-04-10,6.06288,6.10137,6.05188,6.07525,3293000
2012-04-11,6.05051,6.09449,6.04089,6.04089,477000
2012-04-12,6.01615,6.089,6.01615,6.05738,323000
2012-04-13,6.03539,6.11511,6.03539,6.09175,306500
2012-04-16,6.11099,6.12336,6.05738,6.05738,276500
2012-04-17,6.09037,6.10274,6.04501,6.08625,849000
2012-04-18,6.06975,6.1536,6.06975,6.1536,443000
2012-04-19,6.15772,6.15772,6.11648,6.13573,587500
2012-04-20,6.13023,6.18933,6.10961,6.17146,466500
2012-04-23,6.15085,6.15085,6.11236,6.11649,386500
2012-04-24,6.1426,6.14398,6.09449,6.09449,183500
2012-04-25,6.11373,6.11648,6.02714,6.02852,1103000
2012-04-26,6.02852,6.02852,5.80723,5.87595,1055000
2012-04-27,5.87595,6.24432,5.86221,6.14398,5879500
2012-04-30,6.078,6.20033,6.078,6.19896,1210000
2012-05-01,6.27455,6.38314,6.27455,6.35702,2274500
2012-05-02,6.32403,6.43262,6.32403,6.39138,3132500
2012-05-03,6.40375,6.55632,6.40375,6.47385,3575000
2012-05-04,6.46011,6.49447,6.44499,6.46561,615000
2012-05-07,6.44636,6.47385,6.44636,6.46698,970000
2012-05-08,6.43262,6.49447,6.43262,6.4711,1190000
2012-05-09,6.46011,6.47385,6.46011,6.46011,1855000
2012-05-10,6.49172,6.49447,6.45873,6.49447,1460000
2012-05-11,6.46698,6.51371,6.46698,6.49035,2415500
2012-05-14,6.46698,6.4876,6.46698,6.47385,430000
2012-05-15,6.47385,6.48897,6.46011,6.46561,2386500
2012-05-16,6.46148,6.48073,6.43399,6.48073,570000
2012-05-17,6.4766,6.4766,6.42712,6.44636,475500
2012-05-18,6.44361,6.46011,6.401,6.43812,175000
2012-05-22,6.44636,6.47248,6.44636,6.44636,950000
2012-05-23,6.49627,6.49627,6.41309,6.42557,1060000
2012-05-24,6.46439,6.46439,6.34516,6.39507,1856500
2012-05-25,6.39368,6.39784,6.36041,6.39784,1776000
2012-05-28,6.39784,6.39784,6.37566,6.37566,59000
2012-05-29,6.37566,6.40478,6.37566,6.39784,769000
2012-05-30,6.38537,6.41864,6.34378,6.36596,1297000
2012-05-31,6.35071,6.39091,6.33546,6.38398,1652000
2012-06-01,6.41032,6.41032,6.34932,6.36318,732000
2012-06-04,6.36318,6.41309,6.36318,6.38675,579500
2012-06-05,6.37705,6.41309,6.33407,6.40062,1331500
2012-06-06,6.4117,6.41864,6.36318,6.36318,849500
2012-06-07,6.37705,6.38537,6.33269,6.35625,1633000
2012-06-08,6.37566,6.39368,6.36319,6.39091,564500
2012-06-11,6.40755,6.40755,6.3618,6.37289,705000
2012-06-12,6.35071,6.38537,6.32853,6.34239,1660000
2012-06-13,6.32298,6.35071,6.32159,6.32437,479500
2012-06-14,6.37566,6.37566,6.33546,6.35625,1688500
2012-06-15,6.37011,6.39091,6.36457,6.36457,1232000
2012-06-18,6.34932,6.39091,6.34932,6.37705,477500
2012-06-19,6.40893,6.42557,6.37843,6.41864,1671500
2012-06-20,6.42002,6.46161,6.41864,6.45745,728000
2012-06-21,6.4727,6.4727,6.42002,6.44636,313000
2012-06-22,6.51152,6.51152,6.42834,6.46023,896500
2012-06-25,6.46023,6.46023,6.41864,6.45884,198000
2012-06-26,6.4727,6.4727,6.4325,6.4325,763500
2012-06-27,6.45052,6.45191,6.39507,6.43666,521500
2012-06-28,6.43666,6.44359,6.41725,6.4325,1251000
2012-06-29,6.44636,6.46023,6.42418,6.4325,1116500
2012-07-03,6.50598,6.50875,6.43805,6.49489,1067500
2012-07-04,6.53786,6.72363,6.5337,6.71115,4551000
2012-07-05,6.71669,6.72362,6.65847,6.6751,8392000
2012-07-06,6.68758,6.6959,6.6751,6.68897,1054000
2012-07-09,6.68897,6.74165,6.68897,6.73749,1180500
2012-07-10,6.73749,6.77215,6.7361,6.74442,970000
2012-07-11,6.75828,6.77215,6.75135,6.77215,1076000
2012-07-12,6.78601,6.80542,6.78324,6.79987,11003500
2012-07-13,6.8068,6.85394,6.8068,6.85255,9108000
2012-07-16,6.84146,6.86226,6.84146,6.86226,2589000
2012-07-17,6.85533,6.87057,6.82067,6.85394,8276500
2012-07-18,6.84146,6.84839,6.8276,6.83592,3843000
2012-07-19,6.8276,6.85948,6.8276,6.8581,2067500
2012-07-20,6.83592,6.84839,6.83453,6.84008,1461000
2012-07-23,6.8276,6.84146,6.8276,6.83453,615500
2012-07-24,6.83453,6.8373,6.8276,6.83592,1102000
2012-07-25,6.8276,6.83731,6.80681,6.8276,2982000
2012-07-26,6.80958,6.85948,6.80958,6.85948,2696500
2012-07-27,6.80265,6.84146,6.79987,6.84146,1756000
2012-07-30,6.81374,6.84424,6.81374,6.84424,1061500
2012-07-31,6.81512,6.86226,6.80819,6.86226,3070000
2012-08-01,6.88998,6.92464,6.86503,6.91078,3109500
2012-08-02,6.89692,6.91771,6.87612,6.89692,1089000
2012-08-03,6.87751,6.91771,6.87751,6.90523,1856000
2012-08-07,6.87588,6.93039,6.87588,6.92061,742500
2012-08-08,6.91921,6.97371,6.89685,6.91781,2953000
2012-08-09,6.90384,6.93039,6.89685,6.90523,583000
2012-08-10,6.89126,6.97931,6.89126,6.95275,124000
2012-08-13,6.56843,6.56843,6.21904,6.56843,2392500
2012-08-14,6.5279,6.59777,6.40072,6.48457,374500
2012-08-15,6.45663,6.67324,6.44964,6.64949,5888000
2012-08-16,6.65228,6.68023,6.5838,6.6383,1934000
2012-08-17,6.70538,6.70818,6.581,6.66486,1028500
2012-08-20,6.65228,6.67324,6.62433,6.62433,410500
2012-08-21,6.65647,6.67324,6.59638,6.66625,342000
2012-08-22,6.57681,6.70678,6.57681,6.68023,1216500
2012-08-23,6.62433,6.68722,6.61734,6.67045,349000
2012-08-24,6.62572,6.67324,6.62572,6.6383,322500
2012-08-27,6.62433,6.65088,6.61734,6.62852,183000
2012-08-28,6.62852,6.97371,6.5824,6.91781,679000
2012-08-29,6.8661,6.89405,6.70678,6.85492,500500
2012-08-30,6.85492,6.87589,6.7543,6.80741,284500
2012-08-31,6.79483,6.98769,6.79064,6.96673,1429500
2012-09-04,6.95834,7.00026,6.91222,6.9793,405000
2012-09-05,6.94716,6.9793,6.88986,6.94576,196500
2012-09-06,6.90383,6.95275,6.90383,6.94995,56500
2012-09-07,6.91083,6.98769,6.90384,6.98769,192000
2012-09-10,6.9807,6.9807,6.96114,6.9807,101000
2012-09-11,6.98489,6.98489,6.96114,6.9807,165500
2012-09-12,6.98629,6.98629,6.94856,6.97371,116500
2012-09-13,6.97232,6.9807,6.94996,6.9807,852000
2012-09-14,6.96253,6.97371,6.93458,6.97371,72000
2012-09-17,6.97092,7.05757,6.94996,7.04359,555500
2012-09-18,6.99188,7.0925,6.72355,6.80601,1165000
2012-09-19,6.79902,6.90104,6.62293,6.83535,2448000
2012-09-20,6.78784,7.04918,6.78784,7.01844,748000
2012-09-21,6.98908,7.12744,6.94716,7.12744,2688000
2012-09-24,6.98909,7.02822,6.92759,6.98909,638500
2012-09-25,6.93458,7.04219,6.93318,7.04219,801500
2012-09-26,6.97231,7.07853,6.97231,7.07853,90500
2012-09-27,7.05337,7.05337,6.90523,6.99887,783500
2012-09-28,7.00166,7.11486,7.00166,7.02682,454500
2012-10-01,7.00865,7.16797,6.98769,7.14701,492500
2012-10-02,7.10369,7.37341,7.10369,7.33568,414000
2012-10-03,7.28536,7.40835,7.25881,7.33568,525500
2012-10-04,7.30073,7.35803,7.28676,7.31191,158000
2012-10-05,7.29515,7.29794,7.16238,7.18614,302500
2012-10-09,7.23785,7.23785,7.12884,7.18474,103500
2012-10-10,7.2085,7.23505,7.10648,7.15679,151000
2012-10-11,7.14421,7.2099,7.13583,7.1512,60500
2012-10-12,7.16517,7.17356,7.11486,7.12744,159500
2012-10-15,7.15959,7.15959,7.01704,7.02263,115000
2012-10-16,7.02263,7.08412,7.01564,7.02542,71000
2012-10-17,7.00306,7.06735,6.99467,7.05617,213500
2012-10-18,7.04359,7.12744,7.04079,7.12604,123500
2012-10-19,7.02402,7.10648,7.01564,7.04778,99000
2012-10-22,7.04359,7.12744,6.98629,7.01704,131000
2012-10-23,6.99048,7.02542,6.92061,6.92061,227000
2012-10-24,6.97371,7.11486,6.96812,7.08132,140000
2012-10-25,7.10927,7.10927,6.9248,6.95974,167000
2012-10-26,6.98349,7.12744,6.97092,6.99607,265500
2012-10-29,6.96114,7.11207,6.96114,7.0408,58000
2012-10-30,6.99747,7.12744,6.98489,7.09949,34500
2012-10-31,7.06036,7.23785,7.06036,7.13862,126000
2012-11-01,7.16238,7.16517,6.95974,6.99468,164500
2012-11-02,7.05617,7.05757,6.89685,6.94576,307500
2012-11-05,6.9206,6.95973,6.85492,6.85492,111500
2012-11-06,6.8689,6.8689,6.67324,6.67324,432500
2012-11-07,6.66206,6.68722,6.56843,6.65228,122000
2012-11-08,6.62153,6.80181,6.59638,6.80042,230500
2012-11-09,6.71377,6.84654,6.66625,6.76129,230500
2012-11-12,6.76129,6.88986,6.67324,6.85911,154000
2012-11-13,6.84794,6.88707,6.8116,6.87589,127000
2012-11-14,6.86191,6.95275,6.73753,6.91781,227000
2012-11-15,6.85073,6.91781,6.75709,6.82418,143000
2012-11-16,6.79623,6.95974,6.75849,6.90663,257000
2012-11-19,6.95834,7.05617,6.74312,6.95974,247000
2012-11-20,6.95694,7.05757,6.88986,7.04359,197500
2012-11-21,7.00696,7.15769,6.99992,7.15347,119500
2012-11-22,7.11402,7.19855,7.09994,7.14924,44500
2012-11-23,7.15629,7.16333,7.09008,7.14924,46000
2012-11-26,7.14783,7.16333,7.03091,7.0619,96000
2012-11-27,7.07176,7.08303,7.01541,7.01823,40000
2012-11-28,7.0295,7.14079,7.01541,7.12107,121500
2012-11-29,7.11684,7.1422,6.93794,6.9802,279500
2012-11-30,7.00133,7.00837,6.93934,6.94498,185500
2012-12-03,6.93793,7.26194,6.93793,7.25349,364000
2012-12-04,7.2549,7.35492,7.24504,7.31829,232000
2012-12-05,7.33942,7.40281,7.31265,7.33942,122000
2012-12-06,7.2394,7.29293,7.09571,7.11403,185500
2012-12-07,7.16755,7.2549,7.09994,7.13375,133500
2012-12-10,7.22109,7.2394,7.10557,7.16756,96500
2012-12-11,7.15206,7.22672,7.11121,7.17178,123000
2012-12-12,7.21545,7.29011,7.1591,7.18446,180500
2012-12-13,7.18446,7.20559,7.09994,7.11262,260500
2012-12-14,7.11966,7.21123,7.11402,7.18446,210500
2012-12-17,7.19714,7.19714,7.05063,7.18164,187000
2012-12-18,7.14642,7.18446,7.09289,7.09571,201000
2012-12-19,7.08585,7.18446,7.08585,7.18446,361000
2012-12-20,7.13234,7.23799,7.10698,7.18446,92500
2012-12-21,7.17037,7.20559,7.11403,7.15629,181000
2012-12-24,7.17037,7.18446,7.16192,7.18446,17000
2012-12-27,7.16333,7.18446,7.1422,7.18446,37500
2012-12-28,7.17037,7.18446,7.1591,7.18446,208000
2012-12-31,7.13516,7.18446,7.13516,7.14502,151500
2013-01-02,7.27321,7.27321,7.1422,7.18446,77500
2013-01-03,7.2549,7.2549,7.14079,7.18446,59000
2013-01-04,7.18446,7.18446,7.16192,7.18446,117000
2013-01-07,7.18446,7.18446,7.1267,7.14643,151000
2013-01-08,7.18164,7.18446,7.14783,7.14924,197000
2013-01-09,7.17319,7.18587,7.17319,7.18446,175500
2013-01-10,7.17037,7.18446,7.14924,7.18446,246000
2013-01-11,7.18446,7.35351,7.18024,7.30561,608000
2013-01-14,7.28448,7.35914,7.28448,7.30702,87000
2013-01-15,7.369,7.43803,7.34083,7.41127,111000
2013-01-16,7.41267,7.5141,7.33942,7.5141,182500
2013-01-17,7.44226,7.45916,7.38168,7.45916,119500
2013-01-18,7.40986,7.46621,7.40986,7.41831,55500
2013-01-21,7.44508,7.56482,7.43099,7.53805,82500
2013-01-22,7.57608,7.57608,7.50847,7.54932,82000
2013-01-23,7.55495,7.60567,7.4972,7.54509,84000
2013-01-24,7.57608,7.60707,7.34928,7.42817,226000
2013-01-25,7.50424,7.53946,7.43099,7.47748,130500
2013-01-28,7.48029,7.74513,7.46479,7.6916,140500
2013-01-29,7.71977,7.97334,7.64934,7.917,110500
2013-01-30,7.9184,7.98038,7.8367,7.83951,128500
2013-01-31,7.75077,7.80712,7.48734,7.57045,230500
2013-02-01,7.54087,7.72682,7.54087,7.64511,104500
2013-02-04,7.52678,7.62116,7.45493,7.5789,135500
2013-02-05,7.6761,7.82543,7.52678,7.81557,102000
2013-02-06,7.90432,8.14521,7.90432,7.99166,174000
2013-02-07,7.99447,7.99447,7.6437,7.85783,387500
2013-02-08,7.81838,7.95785,7.81838,7.87473,156500
2013-02-11,7.85924,7.88178,7.76908,7.78317,125000
2013-02-12,7.6916,7.78317,7.6916,7.71273,256500
2013-02-13,7.74654,7.81839,7.70569,7.81839,182000
2013-02-14,7.79021,7.8212,7.72682,7.79021,203000
2013-02-15,7.81838,7.87473,7.72259,7.87473,142500
2013-02-19,7.87473,7.87473,7.6916,7.77894,289000
2013-02-20,7.74346,7.74346,7.63136,7.72076,180000
2013-02-21,7.68954,7.71225,7.63278,7.66826,198500
2013-02-22,7.64697,7.66968,7.52068,7.55474,325000
2013-02-25,7.43838,7.66258,7.43838,7.59021,324000
2013-02-26,7.59021,7.68245,7.53913,7.62569,243500
2013-02-27,7.57744,7.66967,7.57744,7.62143,345000
2013-02-28,7.59163,7.76049,7.59163,7.76049,332000
2013-03-01,7.75766,7.85982,7.73353,7.82577,117000
2013-03-04,7.83286,7.83996,7.7534,7.83996,117000
2013-03-05,7.90949,7.92651,7.85414,7.92651,103500
2013-03-06,7.89672,7.91942,7.7761,7.91091,188000
2013-03-07,7.88252,7.93645,7.82576,7.89955,146000
2013-03-08,7.88962,7.95348,7.85699,7.95206,90500
2013-03-11,7.90381,8.00314,7.89246,8.00314,80000
2013-03-12,8.01591,8.06699,7.98186,8.05422,88000
2013-03-13,8.06841,8.06841,7.78319,7.87401,340500
2013-03-14,7.85982,7.96624,7.85698,7.85698,92000
2013-03-15,7.88962,8.05281,7.85415,8.05281,185500
2013-03-18,8.00172,8.04004,7.93219,7.96199,91500
2013-03-19,7.97192,7.97192,7.87543,7.87543,46500
2013-03-20,7.91516,8.01449,7.91516,7.97476,63500
2013-03-21,7.97476,8.03152,7.91091,7.91658,38500
2013-03-22,7.91659,8.01308,7.83286,7.83712,49000
2013-03-25,7.86124,8.03578,7.85983,8.01733,72000
2013-03-26,8.0301,8.0301,7.918,7.92651,62000
2013-03-27,7.87969,7.93503,7.87969,7.90381,166000
2013-03-28,7.88253,8.00456,7.84421,7.8882,151000
2013-04-01,7.89104,7.93077,7.81583,7.88111,101000
2013-04-02,7.8882,7.99179,7.82719,7.97476,78500
2013-04-03,7.92936,8.07977,7.87543,7.89672,139000
2013-04-04,7.90381,7.90381,7.7463,7.77468,123500
2013-04-05,7.71934,7.86975,7.71934,7.81299,54500
2013-04-08,7.7761,7.80306,7.664,7.76901,101000
2013-04-09,7.76191,7.79597,7.67677,7.79597,59500
2013-04-10,7.80448,7.93077,7.76475,7.88678,100500
2013-04-11,7.86124,8.03436,7.86124,7.88253,68500
2013-04-12,7.85699,7.88253,7.7009,7.75482,189500
2013-04-15,7.664,7.664,7.51501,7.54197,102000
2013-04-16,7.54197,7.64698,7.52069,7.64698,147500
2013-04-17,7.65549,7.65549,7.43129,7.43554,159000
2013-04-18,7.44973,7.44973,7.31493,7.37878,133000
2013-04-19,7.36459,7.36459,7.19431,7.29364,203000
2013-04-22,7.29506,7.37027,7.28797,7.37027,57000
2013-04-23,7.35608,7.37595,7.30783,7.37311,75000
2013-04-24,7.36175,7.60582,7.36175,7.59305,152500
2013-04-25,7.55048,7.61859,7.4767,7.61859,62500
2013-04-26,7.54906,7.59163,7.4171,7.47244,90500
2013-04-29,7.49372,7.50649,7.47811,7.48521,36500
2013-04-30,7.50366,7.57744,7.4923,7.52636,117500
2013-05-01,7.47811,7.47811,7.40432,7.42561,43500
2013-05-02,7.40716,7.42135,7.25249,7.25249,169000
2013-05-03,7.27945,7.43554,7.2681,7.43412,99000
2013-05-06,7.46392,7.59447,7.37878,7.4923,136500
2013-05-07,7.49088,7.60582,7.49088,7.55048,97500
2013-05-08,7.56325,7.60582,7.56325,7.6044,106000
2013-05-09,7.57744,7.60582,7.47102,7.51217,105500
2013-05-10,7.4029,7.4029,7.24965,7.27945,217500
2013-05-13,7.27945,7.27945,7.02403,7.06518,265000
2013-05-14,7.09073,7.09073,6.97437,6.97437,168000
2013-05-15,6.98714,6.98856,6.86227,6.90909,230000
2013-05-16,6.98856,6.99565,6.90058,6.95308,230000
2013-05-17,6.95308,7.07937,6.93889,6.94741,114000
2013-05-21,6.95309,7.03397,6.92612,6.96728,328500
2013-05-22,7.03308,7.17758,7.00161,7.08173,224000
2013-05-23,7.01162,7.07886,7.01162,7.05311,90000
2013-05-24,7.05311,7.06742,6.95154,7.0059,134500
2013-05-27,6.96727,7.11034,6.96727,7.09603,49500
2013-05-28,7.07028,7.1318,6.99302,6.99302,172500
2013-05-29,7.0245,7.0617,6.99732,7.02164,79000
2013-05-30,7.08888,7.08888,6.99589,7.00161,85500
2013-05-31,7.04596,7.04596,6.9029,7.02593,290500
2013-06-03,7.01019,7.01162,6.9358,7.01162,122000
2013-06-04,7.01019,7.01019,6.92436,6.92436,66500
2013-06-05,6.90289,6.91863,6.83136,6.83565,84500
2013-06-06,6.8657,6.87285,6.8099,6.81705,82000
2013-06-07,6.83852,6.95011,6.82564,6.86999,94500
2013-06-10,6.89145,6.9172,6.88143,6.89288,60500
2013-06-11,6.9687,6.97443,6.8657,6.95583,83000
2013-06-12,6.97443,7.01019,6.91291,6.99732,183000
2013-06-13,7.01019,7.01019,6.88859,6.88859,108000
2013-06-14,6.89002,6.90433,6.65539,6.65682,287000
2013-06-17,6.68544,6.68544,6.54666,6.65253,220500
2013-06-18,6.68115,6.71119,6.65253,6.65253,125000
2013-06-19,6.65396,6.68687,6.6139,6.65968,266500
2013-06-20,6.57384,6.63107,6.51376,6.52091,82500
2013-06-21,6.56669,6.581,6.46512,6.46512,181000
2013-06-24,6.46941,6.46941,6.26625,6.26625,194000
2013-06-25,6.22763,6.29201,6.10173,6.12319,413000
2013-06-26,6.10602,6.35209,6.08027,6.31203,936500
2013-06-27,6.29487,6.40932,6.29487,6.37069,107500
2013-06-28,6.42792,6.61533,6.40789,6.59244,245000
2013-07-02,6.57957,6.63536,6.5624,6.63393,78500
2013-07-03,6.63393,6.63393,6.36354,6.45081,378000
2013-07-04,6.5481,6.58243,6.40503,6.55096,69500
2013-07-05,6.55095,6.63822,6.5109,6.62535,43500
2013-07-08,6.60675,6.60675,6.42363,6.49802,93500
2013-07-09,6.48943,6.53235,6.47799,6.53235,59500
2013-07-10,6.5066,6.59101,6.48085,6.57813,76500
2013-07-11,6.56526,6.57814,6.41504,6.54666,113500
2013-07-12,6.48371,6.64824,6.48371,6.63107,82500
2013-07-15,6.64538,6.65968,6.58243,6.58672,352000
2013-07-16,6.65253,6.65253,6.5438,6.59674,372500
2013-07-17,6.58672,6.63107,6.57957,6.59244,114000
2013-07-18,6.62535,6.62535,6.40932,6.4365,198500
2013-07-19,6.40646,6.42792,6.31204,6.36068,134500
2013-07-22,6.38071,6.41075,6.28771,6.30488,111500
2013-07-23,6.35066,6.63536,6.33063,6.63536,187500
2013-07-24,6.62105,6.62249,6.55095,6.60246,170500
2013-07-25,6.60246,6.60246,6.53951,6.581,112000
2013-07-26,6.60818,6.60818,6.40217,6.4222,98500
2013-07-29,6.56526,6.56526,6.39788,6.45796,60000
2013-07-30,6.4179,6.43078,6.38929,6.38929,43500
2013-07-31,6.41504,6.48514,6.36783,6.46654,113000
2013-08-01,6.46369,6.73551,6.46369,6.70833,381000
2013-08-02,6.68114,6.78415,6.68114,6.78415,139500
2013-08-06,6.6883,6.93151,6.6883,6.93151,303000
2013-08-07,6.88287,6.88287,6.74409,6.74409,97500
2013-08-08,6.78701,6.85282,6.78701,6.79273,81500
2013-08-09,6.78701,6.88716,6.75125,6.86999,93000
2013-08-12,6.86999,7.04596,6.86999,7.01735,155000
2013-08-13,6.9687,7.01019,6.87142,7.01019,92500
2013-08-14,6.95394,6.97557,6.80393,6.97557,149000
2013-08-15,6.97558,6.97558,6.82989,6.92221,81000
2013-08-16,6.95682,6.96115,6.87172,6.96115,86500
2013-08-19,6.89047,6.89336,6.82845,6.82989,71500
2013-08-20,6.85153,6.85153,6.76498,6.79383,73500
2013-08-21,6.79383,6.88182,6.79383,6.83278,33000
2013-08-22,6.82989,6.90922,6.79383,6.86018,60000
2013-08-23,6.87316,6.93663,6.87316,6.88038,91000
2013-08-26,6.90923,6.98856,6.90923,6.96692,150500
2013-08-27,6.95394,6.95394,6.7895,6.79383,142000
2013-08-28,6.82268,6.91643,6.80104,6.86162,65500
2013-08-29,6.86595,6.8948,6.86595,6.8948,36000
2013-08-30,6.92221,6.98135,6.92221,6.9323,91500
2013-09-03,7.03039,7.03183,6.93663,6.97702,44500
2013-09-04,6.93807,7.06501,6.93519,7.06501,107500
2013-09-05,7.01452,7.06645,6.97125,6.99721,57500
2013-09-06,7.02029,7.02029,6.92076,6.95106,40500
2013-09-09,6.95105,7.00442,6.89047,6.92365,37000
2013-09-10,6.92509,7.00298,6.86595,6.97413,96500
2013-09-11,6.97413,6.97413,6.72892,6.72892,927500
2013-09-12,6.77652,6.82989,6.73325,6.74334,395500
2013-09-13,6.75777,6.82124,6.72892,6.79239,123500
2013-09-16,6.81691,6.83278,6.77941,6.7996,130500
2013-09-17,6.83422,6.8371,6.77652,6.77652,84000
2013-09-18,6.80826,6.89913,6.77941,6.87749,122000
2013-09-19,6.84431,6.89913,6.84431,6.87605,71000
2013-09-20,6.81979,6.88903,6.81979,6.88903,104500
2013-09-23,6.88038,6.88038,6.77941,6.86595,107500
2013-09-24,6.81258,6.96836,6.81258,6.9525,84000
2013-09-25,6.9525,6.98567,6.90057,6.94384,61500
2013-09-26,6.94529,6.97125,6.8371,6.87316,58000
2013-09-27,6.8847,7.0275,6.87316,7.01741,130500
2013-09-30,6.90922,7.06789,6.90922,7.06789,124500
2013-10-01,7.01019,7.01164,6.78085,6.84287,205000
2013-10-02,6.84287,6.84287,6.71738,6.75777,142000
2013-10-03,6.75633,6.7794,6.67122,6.67122,124500
2013-10-04,6.66978,6.7621,6.64959,6.74767,61500
2013-10-07,6.71017,6.72459,6.64959,6.70728,34500
2013-10-08,6.70296,6.70296,6.59478,6.63516,59000
2013-10-09,6.65824,6.65824,6.60631,6.63372,60500
2013-10-10,6.65536,6.72748,6.61786,6.63516,76500
2013-10-11,6.67122,6.67122,6.15339,6.22407,724500
2013-10-15,6.24715,6.36831,6.24715,6.28754,249500
2013-10-16,6.29475,6.44043,6.27455,6.37552,249500
2013-10-17,6.36831,6.51833,6.36254,6.49092,334500
2013-10-18,6.58323,6.6193,6.53419,6.589,365000
2013-10-21,6.58901,6.59622,6.47361,6.49092,154000
2013-10-22,6.54573,6.55871,6.45486,6.55871,126000
2013-10-23,6.5241,6.5991,6.50535,6.50535,103500
2013-10-24,6.53708,6.62218,6.50534,6.58035,120000
2013-10-25,6.56304,6.5991,6.52842,6.59189,72000
2013-10-28,6.57746,6.63516,6.56881,6.61208,211500
2013-10-29,6.62074,6.70728,6.62074,6.70728,168000
2013-10-30,6.70584,6.79527,6.66834,6.79527,214500
2013-10-31,6.81402,6.89336,6.75344,6.85874,337000
2013-11-01,6.79672,6.82268,6.73902,6.78085,333500
2013-11-04,6.7794,6.82412,6.75056,6.79527,84500
2013-11-05,6.86451,6.90634,6.77508,6.79671,110500
2013-11-06,6.76786,6.85153,6.75777,6.78373,84000
2013-11-07,6.8371,6.95971,6.83566,6.94096,309500
2013-11-08,7.01019,7.11405,7.01019,7.07655,298500
2013-11-11,7.0953,7.1227,7.04048,7.05491,68000
2013-11-12,7.05924,7.13136,7.03471,7.13136,150000
2013-11-13,7.1328,7.20781,7.05202,7.20781,255000
2013-11-14,7.17896,7.18328,7.09097,7.16742,112500
2013-11-15,7.20636,7.25829,7.1905,7.21357,114000
2013-11-18,7.19771,7.3809,7.19771,7.37802,230500
2013-11-19,7.42706,7.42706,7.29724,7.31166,120000
2013-11-20,7.34074,7.40035,7.28258,7.3829,173000
2013-11-21,7.35673,7.4556,7.34074,7.4556,85000
2013-11-22,7.43234,7.47159,7.36109,7.39453,112000
2013-11-25,7.46868,7.51375,7.40907,7.50794,201500
2013-11-26,7.48758,7.52248,7.4396,7.52248,86500
2013-11-27,7.4207,7.55737,7.4207,7.54865,75500
2013-11-28,7.55591,7.59662,7.5501,7.5501,93500
2013-11-29,7.60244,7.67368,7.45851,7.49921,168000
2013-12-02,7.55737,7.55737,7.33202,7.44106,109500
2013-12-03,7.35237,7.5312,7.34219,7.5312,141500
2013-12-04,7.48467,7.51084,7.44542,7.50503,72000
2013-12-05,7.41634,7.55592,7.41634,7.54865,71500
2013-12-06,7.54428,7.54428,7.41489,7.43379,75000
2013-12-09,7.43378,7.53265,7.39889,7.53265,105000
2013-12-10,7.51666,7.53265,7.48903,7.53265,48500
2013-12-11,7.48758,7.5312,7.41489,7.50212,689500
2013-12-12,7.46723,7.58935,7.46723,7.52393,357000
2013-12-13,7.55882,7.66932,7.52974,7.64315,384500
2013-12-16,7.60099,7.70567,7.52684,7.52829,193000
2013-12-17,7.50649,7.63297,7.3829,7.41489,134000
2013-12-18,7.37418,7.44542,7.31602,7.36545,297500
2013-12-19,7.40762,7.41343,7.28549,7.29712,159000
2013-12-20,7.31166,7.37709,7.28549,7.29131,177500
2013-12-23,7.2695,7.40616,7.23897,7.32184,99000
2013-12-24,7.29857,7.40471,7.24187,7.29857,56500
2013-12-27,7.35092,7.35673,7.26804,7.29712,80500
2013-12-30,7.364,7.41925,7.3451,7.36836,70500
2013-12-31,7.41198,7.4745,7.37127,7.41925,68000
2014-01-02,7.41489,7.4745,7.35673,7.40762,35500
2014-01-03,7.49921,7.57482,7.41634,7.46577,110000
2014-01-06,7.46577,7.57481,7.46286,7.50067,77500
2014-01-07,7.48758,7.55155,7.40762,7.47886,82000
2014-01-08,7.55883,7.55883,7.24042,7.27532,201500
2014-01-09,7.2695,7.28258,7.16482,7.18226,153500
2014-01-10,7.13719,7.2695,7.13719,7.2695,46000
2014-01-13,7.22734,7.27241,7.22734,7.24769,69000
2014-01-14,7.26804,7.26804,7.22297,7.22297,45000
2014-01-15,7.26659,7.2695,7.13429,7.13574,118000
2014-01-16,7.12556,7.2317,7.10084,7.19389,75000
2014-01-17,7.11393,7.11393,7.07758,7.09503,284000
2014-01-20,7.11684,7.11684,7.09067,7.11684,39500
2014-01-21,7.11684,7.35673,7.10666,7.29421,162000
2014-01-22,7.35528,7.37709,7.25787,7.25787,65500
2014-01-23,7.26077,7.26077,7.2157,7.22879,41000
2014-01-24,7.22152,7.22152,7.0674,7.07177,123500
2014-01-27,7.07177,7.1023,6.98744,7.08485,46000
2014-01-28,7.15319,7.22152,7.11684,7.22152,90500
2014-01-29,7.22297,7.2535,7.16772,7.2317,78500
2014-01-30,7.25059,7.26804,7.20116,7.20116,70500
2014-01-31,7.17645,7.38581,7.17645,7.35237,162000
2014-02-03,7.3829,7.3829,7.01216,7.01507,197000
2014-02-04,7.01506,7.2695,7.0107,7.24914,143000
2014-02-05,7.33056,7.36255,7.13574,7.1779,86500
2014-02-06,7.23896,7.23896,7.18226,7.20116,93500
2014-02-07,7.16918,7.32765,7.10957,7.3073,132500
2014-02-10,7.34074,7.36109,7.24333,7.32475,60000
2014-02-11,7.30294,7.41053,7.30148,7.40762,53500
2014-02-12,7.34365,7.45123,7.34365,7.41634,97000
2014-02-13,7.41343,7.63297,7.35528,7.63297,616000
2014-02-14,7.63152,7.72312,7.51521,7.60971,149500
2014-02-18,7.55882,7.57918,7.45269,7.47304,186500
2014-02-19,7.45253,7.45986,7.28402,7.29721,209000
2014-02-20,7.26937,7.38513,7.21515,7.36901,302000
2014-02-21,7.32651,7.49649,7.32651,7.45106,187500
2014-02-24,7.42909,7.61811,7.42029,7.56096,143000
2014-02-25,7.53605,7.56389,7.47158,7.47451,148500
2014-02-26,7.47451,7.59027,7.47451,7.54924,74000
2014-02-27,7.47011,7.50968,7.42029,7.43788,103500
2014-02-28,7.42908,7.54338,7.42908,7.49649,128500
2014-03-03,7.50381,7.57854,7.46572,7.54924,82000
2014-03-04,7.53165,7.61957,7.53165,7.60932,94500
2014-03-05,7.56682,7.64888,7.55363,7.57854,80000
2014-03-06,7.57415,7.67818,7.57415,7.62397,120500
2014-03-07,7.67672,7.7368,7.61811,7.70017,110000
2014-03-10,7.62251,7.7368,7.60492,7.68258,103000
2014-03-11,7.65767,7.77636,7.65767,7.7368,150500
2014-03-12,7.77343,7.82032,7.62104,7.68551,236500
2014-03-13,7.69284,7.75145,7.54338,7.61957,259000
2014-03-14,7.64302,7.70309,7.52726,7.61078,159000
2014-03-17,7.60492,7.71482,7.54924,7.55217,149000
2014-03-18,7.60199,7.65913,7.55217,7.6269,61000
2014-03-19,7.59466,7.7368,7.5932,7.7368,199500
2014-03-20,7.73533,7.8086,7.71628,7.75878,108500
2014-03-21,7.7705,7.81299,7.75878,7.78808,132000
2014-03-24,7.7661,7.78515,7.72947,7.74266,71500
2014-03-25,7.75145,7.82472,7.75145,7.82472,55500
2014-03-26,7.75585,7.9097,7.75585,7.876,126500
2014-03-27,7.85988,7.89651,7.83351,7.88772,51000
2014-03-28,7.84083,7.84816,7.65621,7.82765,167500
2014-03-31,7.83204,7.92436,7.79981,7.9097,178500
2014-04-01,7.91263,7.91263,7.72507,7.82618,133000
2014-04-02,7.82618,7.82618,7.70896,7.77343,99000
2014-04-03,7.79248,7.79248,7.70896,7.76611,65500
2014-04-04,7.72361,7.75878,7.69577,7.73826,89000
2014-04-07,7.7368,8.04451,7.73533,7.95366,241500
2014-04-08,7.98443,8.18371,7.98443,8.03718,179500
2014-04-09,8.00202,8.10459,7.99909,8.09287,101500
2014-04-10,8.1295,8.13243,8.07088,8.08407,74500
2014-04-11,8.11338,8.11338,7.89798,7.9859,63500
2014-04-14,8.01521,8.03279,7.97125,8.01374,67500
2014-04-15,8.04012,8.15734,7.98444,8.1339,178000
2014-04-16,8.14122,8.41816,8.14122,8.36688,147000
2014-04-17,8.32292,8.37127,8.28628,8.31266,64500
2014-04-21,8.29361,8.29361,8.10019,8.14708,99000
2014-04-22,8.11777,8.25698,8.0577,8.25698,114000
2014-04-23,8.18371,8.27749,8.17492,8.24379,50500
2014-04-24,8.17053,8.32145,8.1588,8.31559,104500
2014-04-25,8.26724,8.33318,8.22328,8.23207,56000
2014-04-28,8.24819,8.31413,8.15294,8.19104,44000
2014-04-29,8.16173,8.22328,8.15001,8.17053,77000
2014-04-30,8.15441,8.47677,8.15441,8.46065,117500
2014-05-01,8.4548,8.50608,8.4548,8.47091,68500
2014-05-02,8.4841,8.4841,8.39472,8.44307,85000
2014-05-05,8.44015,8.49583,8.44015,8.46799,43500
2014-05-06,8.48264,8.51341,8.47678,8.51341,108000
2014-05-07,8.53686,8.55737,8.49876,8.52367,58500
2014-05-08,8.50022,8.54565,8.49876,8.52074,53500
2014-05-09,8.49876,8.55737,8.4167,8.46799,74500
2014-05-12,8.42696,8.4504,8.31999,8.43722,102000
2014-05-13,8.42403,8.53392,8.36688,8.53392,110000
2014-05-14,8.49876,8.55444,8.35369,8.55444,174500
2014-05-15,8.55297,8.67459,8.30827,8.32292,207500
2014-05-16,8.27896,8.47238,8.27896,8.45333,105500
2014-05-20,8.3786,8.45333,8.37567,8.38593,61500
2014-05-21,8.35642,8.45528,8.35199,8.44053,48000
2014-05-22,8.46119,8.46119,8.35199,8.43315,186500
2014-05-23,8.3756,8.53791,8.3756,8.40068,136000
2014-05-26,8.40511,8.42282,8.36232,8.37117,44500
2014-05-27,8.40954,8.57776,8.30329,8.49955,240500
2014-05-28,8.41396,8.51135,8.40363,8.44642,186500
2014-05-29,8.48332,8.55857,8.43905,8.46266,218500
2014-05-30,8.46266,8.47742,8.3092,8.47742,939500
2014-06-02,8.47004,8.47741,8.41544,8.42429,202000
2014-06-03,8.47004,8.82566,8.46856,8.80353,212500
2014-06-04,8.84632,9.02044,8.81238,8.90092,368500
2014-06-05,8.85517,8.96142,8.81681,8.95551,71000
2014-06-06,8.95552,9.05291,8.94519,8.94519,61500
2014-06-09,9.02782,9.02782,8.88321,8.92453,70000
2014-06-10,8.96437,8.96437,8.84485,8.85222,65500
2014-06-11,8.85222,8.85813,8.71056,8.8537,57000
2014-06-12,8.77992,8.80205,8.71056,8.7386,68000
2014-06-13,8.74008,8.78729,8.67957,8.74303,117500
2014-06-16,8.77992,8.81533,8.69138,8.75483,62500
2014-06-17,8.72827,8.73417,8.6958,8.72679,45000
2014-06-18,8.74303,8.80353,8.70466,8.76368,101500
2014-06-19,8.81681,8.84484,8.78434,8.78434,48000
2014-06-20,8.75926,8.79172,8.71204,8.71204,123500
2014-06-23,8.69285,8.69285,8.6117,8.67072,63500
2014-06-24,8.65006,8.74155,8.6117,8.62645,43000
2014-06-25,8.60875,8.60875,8.56153,8.58218,31500
2014-06-26,8.56743,8.59546,8.52463,8.55857,77000
2014-06-27,8.48037,8.66187,8.47594,8.64269,66500
2014-06-30,8.66924,8.70023,8.61907,8.684,44500
2014-07-02,8.64859,8.70318,8.5143,8.52168,122000
2014-07-03,8.54382,8.61613,8.52759,8.6117,29000
2014-07-04,8.53791,8.66334,8.53791,8.66039,12000
2014-07-07,8.55267,8.6176,8.4907,8.53939,83000
2014-07-08,8.48774,8.48774,8.34904,8.37707,130500
2014-07-09,8.43462,8.44348,8.33723,8.40659,101000
2014-07-10,8.3815,8.61613,8.3815,8.50988,97500
2014-07-11,8.52021,8.56005,8.39036,8.40511,58000
2014-07-14,8.44938,8.4907,8.42429,8.45823,43000
2014-07-15,8.33133,8.41544,8.32985,8.41101,120500
2014-07-16,8.43167,8.44052,8.38888,8.40806,48500
2014-07-17,8.33723,8.43757,8.33723,8.41249,31500
2014-07-18,8.41839,8.50102,8.41839,8.46561,27000
2014-07-21,8.43905,8.46709,8.43167,8.44053,28000
2014-07-22,8.45676,8.52316,8.45676,8.50102,45500
2014-07-23,8.54824,8.54824,8.41249,8.45085,25000
2014-07-24,8.48332,8.48479,8.3815,8.40363,68000
2014-07-25,8.40954,8.40954,8.33133,8.36822,95000
2014-07-28,8.33871,8.48184,8.33871,8.48184,41500
2014-07-29,8.43167,8.48184,8.39626,8.39921,47500
2014-07-30,8.41397,8.47151,8.41397,8.44053,35500
2014-07-31,8.41101,8.4966,8.41101,8.45381,82000
2014-08-01,8.4479,8.48332,8.38593,8.41249,50000
2014-08-05,8.41101,8.48037,8.36232,8.42577,88000
2014-08-06,8.33871,8.42724,8.19705,8.2487,349500
2014-08-07,8.26345,8.26493,8.00669,8.0849,206000
2014-08-08,8.11441,8.16163,7.9093,7.93291,137500
2014-08-11,7.91078,8.00079,7.91078,7.96833,123000
2014-08-12,8.00522,8.04063,7.95357,8.03178,77000
2014-08-13,8.05687,8.14245,8.00522,8.08785,82500
2014-08-14,8.06277,8.11589,8.05096,8.0849,48500
2014-08-15,8.11294,8.18967,8.0303,8.1513,56000
2014-08-18,8.14983,8.18524,8.04949,8.05096,77000
2014-08-19,8.06129,8.13802,8.06129,8.11146,31500
2014-08-20,8.08768,8.09362,8.0416,8.05498,54000
2014-08-21,8.06092,8.15605,7.99849,8.15605,117000
2014-08-22,8.11741,8.13079,8.11592,8.13079,75500
2014-08-25,8.09066,8.19768,8.09066,8.18727,87500
2014-08-26,8.13822,8.2066,8.13525,8.18727,53000
2014-08-27,8.16646,8.1947,8.15308,8.17984,51500
2014-08-28,8.12633,8.12633,8.05795,8.0743,81000
2014-08-29,8.04606,8.14714,8.04606,8.1189,70000
2014-09-02,8.17092,8.17092,8.0743,8.13524,64000
2014-09-03,8.12336,8.17241,8.11741,8.14119,81500
2014-09-04,8.15308,8.15308,8.0639,8.08173,34500
2014-09-05,8.0743,8.08917,8.0639,8.07579,28500
2014-09-08,8.11443,8.11443,8.04606,8.07133,63000
2014-09-09,8.05944,8.05944,7.98958,8.00593,81500
2014-09-10,8.01187,8.06241,7.99701,8.06241,48500
2014-09-11,8.00295,8.04606,7.98065,8.02525,69500
2014-09-12,8.00444,8.04755,8.00444,8.01633,50000
2014-09-15,8.01633,8.0639,7.93309,7.95241,46500
2014-09-16,7.9539,7.95687,7.86472,7.86472,72000
2014-09-17,7.80823,7.95242,7.7785,7.91971,53000
2014-09-18,7.92715,8.16646,7.89593,8.1293,94500
2014-09-19,8.107,8.26308,8.10552,8.26308,121000
2014-09-22,8.20659,8.24227,8.14565,8.21254,108000
2014-09-23,8.20511,8.24227,8.10106,8.13227,190500
2014-09-24,8.11592,8.11592,7.94498,8.01336,98000
2014-09-25,8.05944,8.05944,7.8558,7.98958,101000
2014-09-26,7.88701,8.07282,7.88701,8.07282,58000
2014-09-29,8.13673,8.13673,7.98214,8.08619,43000
2014-09-30,8.0862,8.21254,7.99552,8.14119,163000
2014-10-01,8.0862,8.0862,7.9866,8.03268,81000
2014-10-02,8.05795,8.05795,7.88255,7.99552,109000
2014-10-03,8.12484,8.12484,7.93755,7.9658,40000
2014-10-06,7.96728,8.01782,7.96133,8.01782,35000
2014-10-07,8.02525,8.0639,7.98214,8.0639,31000
2014-10-08,7.9866,8.05795,7.98214,8.02674,73500
2014-10-09,7.99106,7.99701,7.87958,7.89147,35500
2014-10-10,7.88106,7.99552,7.85579,7.96133,71500
2014-10-14,8.09808,8.09808,7.92268,7.95093,112500
2014-10-15,7.85134,7.85282,7.58527,7.61945,134500
2014-10-16,7.58081,7.9539,7.58081,7.88404,75000
2014-10-17,7.95093,7.98512,7.89296,7.95836,139500
2014-10-20,7.91823,7.91971,7.87809,7.88553,69000
2014-10-21,7.88701,8.0089,7.88553,7.99404,53500
2014-10-22,7.97322,7.98214,7.86917,7.92417,73000
2014-10-23,7.96282,7.96579,7.91823,7.95241,69500
2014-10-24,7.99404,7.99404,7.86174,7.86174,86000
2014-10-27,7.88404,7.88404,7.75918,7.78445,88500
2014-10-28,7.83053,8.01931,7.78445,7.96282,42000
2014-10-29,7.94201,7.94201,7.85877,7.87661,85500
2014-10-30,7.84093,7.9108,7.83945,7.84391,52000
2014-10-31,7.79634,8.05795,7.79039,8.05795,154500
2014-11-03,8.03714,8.06241,7.99404,8.00593,28000
2014-11-04,7.96876,7.99701,7.93904,7.95836,76500
2014-11-05,7.93755,8.09362,7.92417,8.07133,107500
2014-11-06,8.02674,8.03268,7.94349,7.98066,63000
2014-11-07,7.86174,7.9212,7.86025,7.9212,132000
2014-11-10,7.92269,7.92269,7.84985,7.87661,107500
2014-11-11,7.83945,7.87809,7.74877,7.76513,67500
2014-11-12,7.73094,7.88404,7.65959,7.88404,144000
2014-11-13,7.91377,8.04011,7.89742,7.98512,131000
2014-11-14,7.94647,8.0312,7.90039,7.93161,69500
2014-11-17,7.94796,7.99255,7.92417,7.92566,65500
2014-11-18,7.95093,7.96579,7.90188,7.90485,55500
2014-11-19,7.92881,7.97973,7.8734,7.91084,76500
2014-11-20,7.92582,7.92582,7.84794,7.88538,65000
2014-11-21,7.8734,7.98872,7.86291,7.98722,94500
2014-11-24,7.90934,7.99022,7.90934,7.97824,66500
2014-11-25,7.94679,8.08457,7.94679,8.02916,122500
2014-11-26,7.97974,8.13101,7.97974,8.09506,80500
2014-11-27,8.02766,8.05012,7.92731,7.93031,35000
2014-11-28,7.91533,7.91533,7.66072,7.70715,160500
2014-12-01,7.70715,7.79103,7.66222,7.78953,56000
2014-12-02,7.71614,7.79851,7.71614,7.77305,88000
2014-12-03,7.77305,7.81498,7.77305,7.81498,52000
2014-12-04,7.85094,7.85693,7.77156,7.83746,46500
2014-12-05,7.91833,7.92881,7.75807,7.78054,74000
2014-12-08,7.78803,7.79402,7.5469,7.69517,125000
2014-12-09,7.68618,7.68618,7.46602,7.5469,166000
2014-12-10,7.47201,7.51694,7.39563,7.45105,85500
2014-12-11,7.43008,7.66971,7.42259,7.56487,92500
2014-12-12,7.50347,7.71015,7.4795,7.6098,136000
2014-12-15,7.55738,7.69966,7.49897,7.55738,76500
2014-12-16,7.484,7.59333,7.42559,7.52593,130500
2014-12-17,7.46752,7.67121,7.46603,7.59183,108500
2014-12-18,7.62328,7.66372,7.42708,7.49747,137000
2014-12-19,7.48999,7.71015,7.48849,7.63377,178000
2014-12-22,7.59333,7.66671,7.56038,7.6083,81000
2014-12-23,7.56937,7.64126,7.56487,7.60531,96000
2014-12-24,7.56337,7.69367,7.52593,7.69367,77500
2014-12-29,7.63826,7.63826,7.52593,7.57835,146000
2014-12-30,7.53042,7.57386,7.51095,7.51694,111500
2014-12-31,7.51695,7.57835,7.4825,7.57835,126500
2015-01-02,7.59932,7.89437,7.59932,7.77305,96000
2015-01-05,7.70116,7.7416,7.64125,7.71015,56500
2015-01-06,7.70116,7.70266,7.51994,7.65174,72500
2015-01-07,7.79102,7.79102,7.48999,7.5484,52500
2015-01-08,7.5469,7.59333,7.52144,7.59333,74500
2015-01-09,7.63526,7.63976,7.49598,7.52593,78500
2015-01-12,7.52593,7.54989,7.36118,7.47351,115000
2015-01-13,7.52893,7.55589,7.20093,7.25784,221000
2015-01-14,7.15151,7.23238,7.01072,7.09609,161000
2015-01-15,7.08861,7.21291,7.05116,7.12904,78500
2015-01-16,7.11407,7.2234,7.0886,7.17847,99000
2015-01-19,7.25036,7.25036,7.13803,7.18895,46000
2015-01-20,7.22639,7.22639,7.07662,7.11257,89500
2015-01-21,7.08561,7.13353,7.08561,7.09759,87000
2015-01-22,7.09909,7.11406,7.00324,7.02271,187000
2015-01-23,7.02121,7.14851,7.01821,7.12904,68000
2015-01-26,7.13204,7.14102,7.08411,7.13054,41000
2015-01-27,7.12904,7.25784,7.12904,7.18745,54000
2015-01-28,7.18895,7.18895,7.03918,7.05715,135000
2015-01-29,7.09909,7.10657,6.97927,6.98676,85500
2015-01-30,7.00922,7.11406,6.93584,7.04966,117500
2015-02-02,7.12754,7.16498,7.10058,7.16498,44000
2015-02-03,7.18595,7.25485,7.10358,7.21441,110000
2015-02-04,7.15151,7.15151,6.91188,6.91787,335500
2015-02-05,6.92086,6.96429,6.89241,6.93584,152500
2015-02-06,6.96429,7.11256,6.96429,7.08111,108000
2015-02-09,6.96429,7.18895,6.96429,7.11406,105000
2015-02-10,7.11556,7.21591,7.11407,7.11856,89000
2015-02-11,7.16349,7.17098,7.03618,7.12754,104500
2015-02-12,7.09459,7.33123,7.09459,7.28181,180500
2015-02-13,7.33423,7.38665,7.32075,7.33872,445500
2015-02-17,7.39863,7.481,7.33872,7.45105,174500
2015-02-18,7.45406,7.51144,7.34989,7.49181,118500
2015-02-19,7.42085,7.45407,7.3363,7.39971,343500
2015-02-20,7.43293,7.47369,7.37253,7.47369,96000
2015-02-23,7.46916,7.48879,7.39971,7.48879,114000
2015-02-24,7.42538,7.51899,7.3982,7.47369,488500
2015-02-25,7.49634,7.5356,7.46614,7.5356,437500
2015-02-26,7.52201,7.54918,7.48728,7.54918,266500
2015-02-27,7.52654,7.60656,7.51446,7.60052,480500
2015-03-02,7.60354,7.77566,7.60354,7.75452,599500
2015-03-03,7.76056,7.88588,7.74848,7.85115,203000
2015-03-04,7.83605,7.92363,7.83605,7.87984,730500
2015-03-05,7.88739,7.91003,7.80586,7.90249,633000
2015-03-06,7.92665,7.97496,7.91759,7.93722,212500
2015-03-09,7.89645,7.93117,7.87229,7.91155,151500
2015-03-10,7.90852,7.9976,7.90852,7.94023,377500
2015-03-11,7.94477,7.96137,7.91155,7.94628,98500
2015-03-12,7.97043,8.06857,7.97043,8.00214,104000
2015-03-13,7.89795,8.06706,7.89795,7.99458,172000
2015-03-16,7.97194,8.09574,7.97043,8.07763,254500
2015-03-17,8.00968,8.13198,7.99006,8.10027,96500
2015-03-18,8.00365,8.2271,8.00365,8.17275,212500
2015-03-19,8.16822,8.20747,8.15312,8.16218,306000
2015-03-20,8.15765,8.26485,8.15765,8.23012,129500
2015-03-23,8.22861,8.3026,8.22861,8.28146,140500
2015-03-24,8.26636,8.29656,8.19691,8.20446,324000
2015-03-25,8.2271,8.25881,8.15312,8.19691,269500
2015-03-26,8.15463,8.26786,8.15463,8.23465,132000
2015-03-27,8.21351,8.26183,8.1969,8.25126,81000
2015-03-30,8.25277,8.27542,8.212,8.212,134500
2015-03-31,8.21201,8.25881,8.20597,8.21653,98500
2015-04-01,8.21352,8.24069,8.20446,8.21653,102500
2015-04-02,8.21653,8.24069,8.1969,8.212,136000
2015-04-06,8.19087,8.25126,8.13802,8.2422,137000
2015-04-07,8.24371,8.29957,8.24371,8.29052,81500
2015-04-08,8.15463,8.38866,8.15463,8.29656,176000
2015-04-09,8.3041,8.36449,8.19086,8.20747,250000
2015-04-10,8.19238,8.25881,8.05196,8.07159,212500
2015-04-13,8.04894,8.13651,8.03535,8.04894,220000
2015-04-14,8.05498,8.08065,7.92363,8.02781,205000
2015-04-15,8.02478,8.16973,7.97647,8.1199,199000
2015-04-16,8.16671,8.16671,7.83152,7.91457,547000
2015-04-17,7.89645,8.1048,7.88135,7.97194,219000
2015-04-20,7.97194,8.03686,7.9191,8.01422,107500
2015-04-21,8.05951,8.07008,7.99912,8.05045,101000
2015-04-22,8.03988,8.10481,8.00969,8.03082,261000
2015-04-23,8.00969,8.03385,7.98402,7.99308,60000
2015-04-24,8.05951,8.05951,7.92061,7.95986,120500
2015-04-27,7.9961,7.9961,7.85266,7.9659,123000
2015-04-28,7.91306,8.20295,7.91306,8.16369,292500
2015-04-29,8.08518,8.14708,8.07008,8.1199,102000
2015-04-30,8.09273,8.17124,7.95533,8.1184,98500
2015-05-01,8.12594,8.25277,8.08971,8.18634,147000
2015-05-04,8.21352,8.29656,8.19993,8.26032,119000
2015-05-05,8.3041,8.38715,8.29354,8.29505,205000
2015-05-06,8.30561,8.30712,8.18936,8.2422,84500
2015-05-07,8.24371,8.27089,8.14557,8.25428,123000
2015-05-08,8.25428,8.43093,8.23314,8.30411,260000
2015-05-11,8.31769,8.38262,8.3026,8.32826,44500
2015-05-12,8.30259,8.32977,7.83454,7.90249,511000
2015-05-13,7.90098,7.98553,7.5975,7.96892,388500
2015-05-14,7.96892,8.06253,7.89796,7.99308,446000
2015-05-15,7.9508,7.98402,7.89494,7.95835,114000
2015-05-19,8.01724,8.01724,7.9508,7.96137,119500
2015-05-20,7.93872,7.97949,7.8738,7.89796,70500
2015-05-21,7.89494,7.91306,7.84964,7.85719,69500
2015-05-22,7.85719,7.86172,7.67299,7.7198,297500
2015-05-25,7.69866,7.84209,7.66997,7.77113,106000
2015-05-26,7.73339,7.74094,7.63223,7.68507,165500
2015-05-27,7.7292,7.77942,7.67898,7.7079,153500
2015-05-28,7.7155,7.75051,7.65463,7.73072,162000
2015-05-29,7.72768,7.92095,7.6942,7.85095,1017000
2015-06-01,7.87986,7.87986,7.68355,7.72312,187000
2015-06-02,7.68659,7.79768,7.68507,7.73224,73000
2015-06-03,7.67289,7.79616,7.61202,7.79464,683500
2015-06-04,7.74594,7.89812,7.73073,7.83725,180000
2015-06-05,7.82203,7.89812,7.69116,7.77638,156500
2015-06-08,7.79921,7.85247,7.75964,7.79921,190000
2015-06-09,7.83725,7.91639,7.82964,7.91639,229500
2015-06-10,7.90117,8.00617,7.86769,7.98943,176500
2015-06-11,8.00465,8.06704,7.97421,8.02748,138500
2015-06-12,8.00465,8.07161,7.73681,7.90269,421000
2015-06-15,7.92247,8.29379,7.92247,8.2177,630000
2015-06-16,8.17357,8.2177,7.92551,7.98182,384500
2015-06-17,7.98943,8.05182,7.89812,7.9803,271500
2015-06-18,8.02748,8.12183,7.959,8.05791,244000
2015-06-19,8.07769,8.08835,7.9316,8.05943,156500
2015-06-22,8.12791,8.12791,8.0153,8.03508,183500
2015-06-23,8.08073,8.09595,7.87225,8.00769,232000
2015-06-24,8.00465,8.06552,7.98334,8.03052,458500
2015-06-25,8.0503,8.06552,7.90117,7.93617,224000
2015-06-26,7.91791,8.08226,7.90421,8.06552,197500
2015-06-29,7.959,8.02443,7.94986,7.98943,249500
2015-06-30,7.97725,8.09443,7.94682,8.08834,116500
2015-07-02,8.11422,8.11422,7.90725,7.98334,212500
2015-07-03,7.98943,8.00921,7.94986,7.97421,30500
2015-07-06,7.96204,8.01226,7.81899,7.98182,114500
2015-07-07,7.98182,7.99552,7.85095,7.89965,142000
2015-07-08,7.79312,7.90117,7.75812,7.77638,170000
2015-07-09,7.84486,7.88595,7.66985,7.72464,183000
2015-07-10,7.76117,7.83726,7.70029,7.72921,116000
2015-07-13,7.80681,7.80681,7.73072,7.73072,108000
2015-07-14,7.72312,7.76421,7.67138,7.74899,98000
2015-07-15,7.76116,7.7916,7.69572,7.75355,162000
2015-07-16,7.77029,7.79312,7.71551,7.75812,185500
2015-07-17,7.79616,7.79616,7.71551,7.76116,86000
2015-07-20,7.81747,7.81747,7.69725,7.75964,82500
2015-07-21,7.79616,7.79616,7.70942,7.76877,96500
2015-07-22,7.76116,7.76116,7.61811,7.61811,59500
2015-07-23,7.62572,7.66072,7.55724,7.60289,661000
2015-07-24,7.57094,7.59224,7.33658,7.37615,242000
2015-07-27,7.35028,7.3655,7.15244,7.16614,262000
2015-07-28,7.17679,7.39897,7.17679,7.39593,1232000
2015-07-29,7.40963,7.60137,7.39593,7.52072,158000
2015-07-30,7.49485,7.57398,7.42941,7.50398,78000
2015-07-31,7.45832,7.58463,7.45832,7.49028,178500
2015-08-04,7.49028,7.56028,7.4568,7.54202,85000
2015-08-05,7.49028,7.65311,7.49028,7.59833,164000
2015-08-06,7.43093,7.52224,7.1007,7.17375,410500
2015-08-07,7.15549,7.15549,6.97896,7.00179,656500
2015-08-10,7.06114,7.08092,6.96374,7.07635,289000
2015-08-11,7.07483,7.17983,7.0307,7.15853,406000
2015-08-12,7.16462,7.22549,7.07635,7.20266,321500
2015-08-13,7.20114,7.20266,7.13875,7.16918,224500
2015-08-14,7.08853,7.31984,7.08853,7.31984,279000
2015-08-17,7.32441,7.32441,7.24071,7.30767,178500
2015-08-18,7.30767,7.32593,7.24071,7.30767,251000
2015-08-19,7.30613,7.33836,7.21406,7.2739,412000
2015-08-20,7.22173,7.27084,7.14347,7.20792,309000
2015-08-21,7.12351,7.16648,7.04218,7.04218,378000
2015-08-24,6.83041,7.19564,6.7368,6.96545,566000
2015-08-25,7.01303,7.19411,6.96699,7.03758,305000
2015-08-26,7.11431,7.21252,6.91328,7.1803,266000
2015-08-27,7.24014,7.37212,7.2248,7.29385,283500
2015-08-28,7.25702,7.43043,7.25702,7.29999,186000
2015-08-31,7.29232,7.48875,7.20485,7.46573,262500
2015-09-01,7.32148,7.37979,7.04986,7.07594,391500
2015-09-02,7.15881,7.23093,7.02837,7.15114,175500
2015-09-03,7.17416,7.28925,7.10356,7.15114,226500
2015-09-04,7.1005,7.16648,6.99461,7.14807,295500
2015-09-08,7.21252,7.23861,7.13119,7.15267,98500
2015-09-09,7.20331,7.2739,7.08975,7.13732,136500
2015-09-10,7.07748,7.20332,7.07748,7.17569,116000
2015-09-11,7.18183,7.18183,7.09743,7.12965,75500
2015-09-14,7.11277,7.19257,7.11277,7.16495,171000
2015-09-15,7.13579,7.33529,7.11891,7.30153,165000
2015-09-16,7.29232,7.33068,7.2647,7.29385,415000
2015-09-17,7.28925,7.3936,7.26009,7.30306,84500
2015-09-18,7.15574,7.2294,7.11277,7.14807,713000
2015-09-21,7.27084,7.34603,7.22787,7.32301,160000
2015-09-22,7.28925,7.31073,7.23247,7.29079,97500
2015-09-23,7.27544,7.29232,7.18183,7.21406,152000
2015-09-24,7.20332,7.22326,7.08208,7.1803,133000
2015-09-25,7.18951,7.29693,7.18337,7.2202,105500
2015-09-28,7.23861,7.26163,6.87338,6.95318,678000
2015-09-29,6.95164,7.08055,6.9363,7.01149,116000
2015-09-30,7.02377,7.20485,6.98847,7.19104,221500
2015-10-01,7.17876,7.24935,7.12198,7.13426,204500
2015-10-02,7.07441,7.18644,7.0207,7.11278,82500
2015-10-05,7.11584,7.43657,7.11584,7.40434,451500
2015-10-06,7.43657,7.57622,7.38133,7.40127,158500
2015-10-07,7.44271,7.50409,7.42736,7.46726,144500
2015-10-08,7.51944,7.64067,7.40434,7.5931,314500
2015-10-09,7.5931,7.61151,7.46112,7.51177,83000
2015-10-13,7.49028,7.51023,7.40127,7.49795,111500
2015-10-14,7.44424,7.48261,7.29692,7.3936,120500
2015-10-15,7.39821,7.39821,7.30767,7.32915,267500
2015-10-16,7.36445,7.37979,7.28925,7.29693,150500
2015-10-19,7.29692,7.40127,7.29385,7.33682,69000
2015-10-20,7.33682,7.51176,7.33682,7.45805,63500
2015-10-21,7.41355,7.50409,7.31534,7.33375,75500
2015-10-22,7.36445,7.46419,7.31994,7.32915,129000
2015-10-23,7.30766,7.53478,7.04372,7.08208,476000
2015-10-26,7.13579,7.16342,7.04986,7.09896,283000
2015-10-27,7.07594,7.07594,6.96852,6.98847,270000
2015-10-28,6.98847,7.08515,6.97466,7.04372,177500
2015-10-29,7.05753,7.145,7.0207,7.11891,250000
2015-10-30,7.11891,7.17876,7.03451,7.07901,245500
2015-11-02,7.11738,7.21099,7.11124,7.16955,180000
2015-11-03,7.16495,7.26623,7.16495,7.19411,48000
2015-11-04,7.20178,7.21252,7.1097,7.11891,149500
2015-11-05,7.11431,7.19564,7.10357,7.12812,136000
2015-11-06,7.09589,7.48414,7.09589,7.45038,363000
2015-11-09,7.43197,7.59156,7.18337,7.24321,414500
2015-11-10,7.25856,7.32301,7.1404,7.21866,528500
2015-11-11,7.21866,7.389,7.21866,7.36137,182500
2015-11-12,7.36444,7.41508,7.23861,7.25088,803000
2015-11-13,7.24321,7.37212,7.24321,7.29079,198500
2015-11-16,7.30613,7.30613,7.15728,7.21252,757000
2015-11-17,7.23554,7.36598,7.20485,7.31534,320500
2015-11-18,7.25808,7.29367,7.23487,7.2426,118000
2015-11-19,7.24879,7.28129,7.22093,7.26117,106000
2015-11-20,7.30915,7.31224,7.19308,7.22558,92500
2015-11-23,7.21939,7.272,7.17915,7.19772,102000
2015-11-24,7.19618,7.21784,7.15749,7.17296,146000
2015-11-25,7.17296,7.20082,7.12654,7.12654,53500
2015-11-26,7.12653,7.19308,7.12034,7.1807,40000
2015-11-27,7.17451,7.272,7.17451,7.19772,57500
2015-11-30,7.20856,7.21165,7.12034,7.20856,207500
2015-12-01,7.17606,7.24725,7.15749,7.17451,265500
2015-12-02,7.16832,7.17761,7.08166,7.11416,130000
2015-12-03,7.11725,7.11725,7.03523,7.08011,380000
2015-12-04,7.09559,7.14201,7.09559,7.12963,158500
2015-12-07,7.1188,7.1188,6.96559,6.9888,99000
2015-12-08,6.96404,6.97178,6.80929,6.84797,310500
2015-12-09,6.65762,6.68238,6.11752,6.14383,934000
2015-12-10,6.14693,6.14693,5.99062,6.01384,696500
2015-12-11,5.99991,6.02312,5.74147,5.76468,457500
2015-12-14,5.76468,5.80646,5.72289,5.77087,448000
2015-12-15,5.77396,5.8142,5.73837,5.7492,557500
2015-12-16,5.77087,5.83432,5.74456,5.76313,463000
2015-12-17,5.76313,5.80491,5.61766,5.64861,529000
2015-12-18,5.61611,5.61766,5.20756,5.24315,1071000
2015-12-21,5.2447,5.32362,5.15339,5.23232,606000
2015-12-22,5.2416,5.30969,5.19982,5.28493,506500
2015-12-23,5.31279,5.71516,5.31279,5.69039,603000
2015-12-24,5.7198,5.80027,5.70123,5.7167,265500
2015-12-29,5.7198,5.73837,5.56814,5.60528,576000
2015-12-30,5.59445,5.67183,5.58361,5.62849,144500
2015-12-31,5.62849,5.63314,5.52481,5.53874,285000
2016-01-04,5.4985,5.65635,5.41957,5.65016,422500
2016-01-05,5.63778,5.82194,5.63778,5.80801,483500
2016-01-06,5.73992,5.87456,5.73063,5.85444,604000
2016-01-07,5.82194,5.82658,5.74301,5.80027,564500
2016-01-08,5.8498,5.86218,5.70587,5.76468,219000
2016-01-11,5.82349,5.82349,5.76313,5.77706,318500
2016-01-12,5.79563,5.86527,5.74611,5.82194,328000
2016-01-13,5.84979,5.91789,5.72599,5.74147,363000
2016-01-14,5.78015,5.82039,5.68575,5.76004,356500
2016-01-15,5.6517,5.78634,5.60992,5.75694,282500
2016-01-18,5.7817,5.7817,5.63933,5.66254,72500
2016-01-19,5.74766,5.83587,5.70278,5.76158,248500
2016-01-20,5.7198,5.76313,5.4335,5.70897,279500
2016-01-21,5.71361,5.96431,5.71051,5.8436,314500
2016-01-22,5.92563,6.08193,5.92408,6.01693,334500
2016-01-25,6.06491,6.09741,5.84515,5.87456,260500
2016-01-26,5.88848,6.06026,5.88229,5.97205,163500
2016-01-27,5.97051,6.21812,5.97051,6.13919,284500
2016-01-28,6.16705,6.23823,6.10669,6.19026,359000
2016-01-29,6.20728,6.3543,6.19335,6.2924,344000
2016-02-01,6.11907,6.37287,6.11907,6.32025,394000
2016-02-02,6.28002,6.28621,6.05562,6.12681,222500
2016-02-03,6.15467,6.28776,6.06645,6.22895,302500
2016-02-04,6.23514,6.38525,6.19026,6.23204,141000
2016-02-05,6.21657,6.31716,6.11597,6.133,166500
2016-02-08,6.08657,6.08657,5.85753,6.01693,206000
2016-02-09,5.97669,5.97669,5.77861,5.93182,227500
2016-02-10,5.95658,6.00455,5.74146,5.75539,254500
2016-02-11,5.65171,5.65325,5.49695,5.5898,416000
2016-02-12,5.66409,5.87456,5.57278,5.82813,305500
2016-02-16,5.92098,6.00455,5.87301,5.97051,314000
2016-02-17,6.01229,6.22895,6.01229,6.20573,299500
2016-02-18,6.21502,6.40847,6.1299,6.38835,428000
2016-02-19,6.36358,6.37442,6.24287,6.26609,264500
2016-02-22,6.30633,6.4487,6.17633,6.25371,412500
2016-02-23,6.24597,6.29085,6.13609,6.19645,197500
2016-02-24,6.17769,6.2199,6.06983,6.21052,210500
2016-02-25,6.21364,6.21364,6.04169,6.12454,295000
2016-02-26,6.17144,6.1902,6.10891,6.1308,241000
2016-02-29,6.15268,6.33088,6.08546,6.30743,190000
2016-03-01,6.33088,6.51065,6.28399,6.45437,312500
2016-03-02,6.48564,6.49971,6.31369,6.46375,238000
2016-03-03,6.47938,6.64508,6.45281,6.61225,333500
2016-03-04,6.63101,6.93271,6.63101,6.82172,445000
2016-03-07,6.81078,6.9077,6.80453,6.82485,347000
2016-03-08,6.83266,6.87643,6.76388,6.76857,232500
2016-03-09,6.77639,6.86549,6.77639,6.79984,174500
2016-03-10,6.80765,6.85142,6.58568,6.64977,230000
2016-03-11,6.71386,7.07183,6.69041,7.04838,386500
2016-03-14,7.04369,7.07339,6.91864,7.02337,181500
2016-03-15,6.96553,7.18438,6.92489,7.09059,344000
2016-03-16,7.12029,7.21564,7.09059,7.10466,260500
2016-03-17,7.0859,7.23284,7.0859,7.2047,206000
2016-03-18,7.21252,7.31412,7.15781,7.20314,362500
2016-03-21,7.17187,7.31256,7.17187,7.29224,212500
2016-03-22,7.28911,7.33757,7.23753,7.28286,180500
2016-03-23,7.25785,7.26879,7.175,7.2219,92000
2016-03-24,7.19063,7.30787,7.13123,7.27973,180000
2016-03-28,7.23753,7.25316,7.14999,7.18907,99000
2016-03-29,7.18907,7.30474,7.14374,7.30006,153000
2016-03-30,7.28442,7.42667,7.28442,7.34851,163000
2016-03-31,7.34851,7.47357,7.311,7.33132,201500
2016-04-01,7.31256,7.42511,7.27192,7.38759,59500
2016-04-04,7.2344,7.30787,7.20001,7.26723,191500
2016-04-05,7.24378,7.25472,7.175,7.21408,77000
2016-04-06,7.2219,7.26254,7.17969,7.23753,76000
2016-04-07,7.19376,7.34695,7.19376,7.31569,221000
2016-04-08,7.34695,7.47826,7.26723,7.46263,181000
2016-04-11,7.48764,7.53453,7.39385,7.42042,189000
2016-04-12,7.42042,7.65958,7.39541,7.62832,268500
2016-04-13,7.64708,7.80653,7.60331,7.75963,203000
2016-04-14,7.78151,7.80027,7.70336,7.73775,214500
2016-04-15,7.72837,7.80027,7.67678,7.75182,244000
2016-04-18,7.72055,7.90188,7.66271,7.84404,286500
2016-04-19,7.79871,8.06914,7.79871,8.00505,249500
2016-04-20,7.99567,7.99567,7.85342,7.91595,211000
2016-04-21,7.85186,8.00036,7.85186,7.95972,106000
2016-04-22,7.93314,8.02694,7.90501,8.00505,161500
2016-04-25,8.01912,8.03944,7.98473,8.00505,75000
2016-04-26,8.00505,8.05038,7.94721,8.00974,227000
2016-04-27,7.97222,8.14261,7.97222,8.12854,185500
2016-04-28,8.09728,8.21452,8.07383,8.1473,96500
2016-04-29,8.12073,8.16918,8.06289,8.12073,96000
2016-05-02,8.07383,8.09884,8.01599,8.07539,54000
2016-05-03,8.11291,8.11291,7.89407,8.04726,117500
2016-05-04,8.05507,8.10822,7.94096,8.10822,85000
2016-05-05,8.12854,8.20827,8.09415,8.15355,70000
2016-05-06,8.10978,8.2489,8.0707,8.13167,398000
2016-05-09,8.06914,8.11135,8.00661,8.09572,125000
2016-05-10,8.12073,8.15199,8.06445,8.11135,152500
2016-05-11,8.11291,8.11604,7.99567,8.06601,191000
2016-05-12,8.00505,8.13636,8.00505,8.10978,292000
2016-05-13,8.07539,8.11291,8.03631,8.0707,193500
2016-05-16,8.07383,8.11291,7.98161,8.00036,97000
2016-05-17,7.99098,8.09103,7.94409,8.00974,93000
2016-05-18,7.96128,8.14417,7.96128,8.08633,174500
2016-05-19,8.05038,8.26454,8.05038,8.19732,232000
2016-05-20,8.15042,8.32863,8.15042,8.19263,118000
2016-05-24,8.13011,8.31769,8.13011,8.29737,104500
2016-05-25,8.30367,8.37612,8.24854,8.26744,116000
2016-05-26,8.29106,8.30366,8.15876,8.15876,101000
2016-05-27,8.20286,8.32571,8.20286,8.28319,102000
2016-05-30,8.20759,8.42494,8.20759,8.30524,111000
2016-05-31,8.25641,8.33201,8.25484,8.29421,206500
2016-06-01,8.24854,8.27216,8.19814,8.23909,98000
2016-06-02,8.23909,8.29264,8.18869,8.24066,57000
2016-06-03,8.19184,8.36509,8.19184,8.36509,105500
2016-06-06,8.36509,8.47377,8.36509,8.4659,229500
2016-06-07,8.4659,8.53677,8.44385,8.45802,243500
2016-06-08,8.4659,8.50527,8.4281,8.46117,97500
2016-06-09,8.42652,8.4659,8.39344,8.43439,68500
2016-06-10,8.39502,8.40762,8.05953,8.10836,129500
2016-06-13,7.90675,8.04221,7.90675,8.01858,194500
2016-06-14,8.01701,8.08001,7.96188,8.06268,160500
2016-06-15,8.06425,8.16506,8.03433,8.09575,139500
2016-06-16,7.99653,8.22176,7.99653,8.12568,136500
2016-06-17,8.09733,8.19814,8.09261,8.11466,269000
2016-06-20,8.16663,8.22964,8.13041,8.13041,37000
2016-06-21,8.15718,8.23751,8.14301,8.17924,135000
2016-06-22,8.16821,8.23751,8.16821,8.22964,72000
2016-06-23,8.23751,8.23751,8.19026,8.23751,118500
2016-06-24,7.92408,8.18711,7.92408,8.12096,99500
2016-06-27,8.11151,8.19026,8.02488,8.17924,123500
2016-06-28,8.23121,8.25484,8.19026,8.21231,74500
2016-06-29,8.22334,8.37769,8.20601,8.32729,115500
2016-06-30,8.30839,8.47377,8.26901,8.4659,148500
2016-07-04,8.47377,8.47377,8.44227,8.4659,46500
2016-07-05,8.42967,8.47377,8.42967,8.46275,97500
2016-07-06,8.47377,8.47692,8.44542,8.4659,117000
2016-07-07,8.42652,8.4722,8.42652,8.47062,166000
2016-07-08,8.48164,8.48164,8.39502,8.41392,122000
2016-07-11,8.43439,8.47219,8.39501,8.45644,24500
2016-07-12,8.42967,8.48165,8.42967,8.46747,200500
2016-07-13,8.46747,8.48952,8.45802,8.48164,101500
2016-07-14,8.48165,8.48165,8.45802,8.45802,82500
2016-07-15,8.46747,8.48165,8.46747,8.47062,113000
2016-07-18,8.45014,8.50527,8.44227,8.50527,141500
2016-07-19,8.48164,8.64702,8.48164,8.57772,1231000
2016-07-20,8.52102,8.64072,8.49109,8.5604,154500
2016-07-21,8.5667,8.6297,8.52575,8.59505,130000
2016-07-22,8.59505,8.85966,8.59505,8.82658,174000
2016-07-25,8.81871,8.97149,8.73523,8.87068,119000
2016-07-26,8.86753,8.93999,8.82028,8.93999,71000
2016-07-27,8.93054,9.11639,8.92896,8.97149,185500
2016-07-28,8.96203,9.04236,8.94628,9.02503,89500
2016-07-29,9.01559,9.28492,9.01559,9.17467,149500
2016-08-02,9.17466,9.19514,8.97778,9.03448,87500
2016-08-03,8.97621,9.33532,8.97621,9.24397,428500
2016-08-04,9.30855,9.74956,9.30855,9.56213,445500
2016-08-05,9.4503,9.57631,9.28965,9.53063,631000
2016-08-08,9.51016,9.56843,9.3873,9.49283,467000
2016-08-09,9.49755,9.76059,9.49755,9.69601,394000
2016-08-10,9.70231,9.72593,9.60781,9.66136,495500
2016-08-11,9.66136,9.76374,9.61096,9.68656,258000
2016-08-12,9.62041,9.64246,9.53851,9.58733,104000
2016-08-15,9.54008,9.68498,9.54008,9.60466,203000
2016-08-16,9.56213,9.59993,9.5133,9.5385,179000
2016-08-17,9.48618,9.68278,9.48618,9.60668,220000
2016-08-18,9.63047,9.7256,9.55119,9.72401,265000
2016-08-19,9.7034,9.75097,9.52582,9.54009,149500
2016-08-22,9.51314,9.52741,9.38629,9.52106,119500
2016-08-23,8.81868,9.04858,8.81551,8.99943,2986500
2016-08-24,9.00577,9.03748,8.95662,8.9582,1530000
2016-08-25,8.93125,8.98991,8.88685,8.97247,434000
2016-08-26,8.98198,9.0676,8.97406,9.03431,816500
2016-08-29,9.04065,9.09297,9.00577,9.03748,376000
2016-08-30,9.03748,9.08346,8.9582,9.02162,5452000
2016-08-31,9.03431,9.11517,8.98674,9.02162,825000
2016-09-01,9.03748,9.07077,8.94235,9.04382,546500
2016-09-02,9.04858,9.13261,9.04858,9.112,829000
2016-09-06,9.12468,9.12468,9.07712,9.112,524500
2016-09-07,9.11676,9.14847,9.09932,9.14688,743500
2016-09-08,9.13895,9.16432,9.11993,9.12785,629500
2016-09-09,9.11359,9.12468,8.96613,9.02797,815500
2016-09-12,9.02638,9.11517,8.98199,9.08822,1044000
2016-09-13,9.08188,9.09614,9.03907,9.05492,560500
2016-09-14,9.03589,9.07712,9.02796,9.04382,349000
2016-09-15,9.04382,9.07712,9.02162,9.05968,756500
2016-09-16,9.05968,9.07553,8.99943,9.03748,1731500
2016-09-19,9.07712,9.07871,8.93125,8.94552,626500
2016-09-20,8.97406,9.02797,8.96138,9.00894,766000
2016-09-21,9.05333,9.18018,9.04699,9.17383,1929000
2016-09-22,9.19603,9.43386,9.19603,9.41483,1865500
2016-09-23,9.42593,9.53216,9.38947,9.51631,1096500
2016-09-26,9.51313,9.62412,9.50521,9.55753,1070500
2016-09-27,9.58448,9.59083,9.4735,9.50521,987000
2016-09-28,9.50521,9.6162,9.44496,9.60034,573500
2016-09-29,9.60826,9.65742,9.55911,9.57655,381000
2016-09-30,9.55594,9.65266,9.55277,9.55277,409000
2016-10-03,9.54484,9.92378,9.54484,9.9111,790000
2016-10-04,9.9,9.96025,9.7034,9.78585,691000
2016-10-05,9.8017,9.83341,9.71767,9.81121,385000
2016-10-06,9.81122,9.82866,9.72401,9.81597,357000
2016-10-07,9.82231,9.82231,9.67169,9.73194,412500
2016-10-11,9.70657,9.82707,9.68596,9.81597,640500
2016-10-12,9.81597,9.86988,9.7795,9.83975,382500
2016-10-13,9.79536,9.87939,9.69072,9.82866,447500
2016-10-14,9.8461,9.85402,9.71767,9.78426,241500
2016-10-17,9.7684,9.80487,9.70974,9.75096,361500
2016-10-18,9.77158,9.83341,9.73987,9.80329,675000
2016-10-19,9.82866,9.82866,9.79061,9.79061,337000
2016-10-20,9.79853,9.92854,9.79853,9.87939,553000
2016-10-21,9.85244,10.1362,9.85244,10.1109,296500
2016-10-24,10.114,10.141,10.0475,10.0586,317000
2016-10-25,10.0427,10.0427,9.94123,9.95708,243000
2016-10-26,9.94281,9.96184,9.9111,9.93964,248500
2016-10-27,9.93806,9.93806,9.76207,9.79219,224500
2016-10-28,9.79219,9.94598,9.69071,9.85085,222000
2016-10-31,9.88256,9.88256,9.77475,9.8128,393500
2016-11-01,9.80963,9.93964,9.80963,9.91903,428500
2016-11-02,9.92537,9.93488,9.70181,9.74621,335500
2016-11-03,9.83975,9.92062,9.77316,9.8017,334500
2016-11-04,9.9111,10.0237,9.85085,9.94915,286000
2016-11-07,10.0712,10.1473,9.9222,10.0903,669500
2016-11-08,10.0903,10.3043,10.0903,10.2266,325500
2016-11-09,10.1537,10.336,10.0934,10.206,318000
2016-11-10,10.2472,10.4026,10.1886,10.2234,322000
2016-11-11,10.1616,10.1949,10.1362,10.1553,162000
2016-11-14,10.1236,10.2742,10.076,10.2108,243000
2016-11-15,10.2108,10.3757,10.1917,10.3344,389000
2016-11-16,10.3855,10.3855,10.1572,10.3041,285000
2016-11-17,10.3041,10.4191,10.1013,10.36,293500
2016-11-18,10.3424,10.4254,10.2339,10.2674,173500
2016-11-21,10.2674,10.6154,10.2674,10.4813,401500
2016-11-22,10.4989,10.6186,10.443,10.5069,544000
2016-11-23,10.5196,10.6889,10.5053,10.617,1192500
2016-11-24,10.6426,10.6426,10.4909,10.526,98000
2016-11-25,10.4654,10.5787,10.4654,10.5005,354000
2016-11-28,10.4829,10.6106,10.4111,10.4733,460000
2016-11-29,10.4558,10.641,10.3935,10.5372,325000
2016-11-30,10.5819,10.9124,10.4286,10.8102,500500
2016-12-01,10.8326,10.9986,10.7048,10.9475,708500
2016-12-02,10.9475,11.08,10.8597,10.9236,306500
2016-12-05,10.9507,10.9762,10.8645,10.922,551000
2016-12-06,10.914,10.9204,10.7799,10.8661,618500
2016-12-07,10.8725,10.9315,10.8421,10.8868,415500
2016-12-08,10.8884,11.2221,10.8613,11.1806,650000
2016-12-09,11.2125,11.2141,10.9395,11.0098,529500
2016-12-12,11.0385,11.1758,11.0385,11.1407,419000
2016-12-13,11.1934,11.3642,11.1726,11.2924,539500
2016-12-14,11.2732,11.4744,11.1199,11.1439,715000
2016-12-15,11.2732,11.3307,11.1263,11.2397,756000
2016-12-16,11.2397,11.3913,11.2397,11.27,334000
2016-12-19,11.2956,11.3562,11.2556,11.3211,401500
2016-12-20,11.3067,11.4935,11.2828,11.4488,395500
2016-12-21,11.4488,11.4855,11.3834,11.4728,193500
2016-12-22,11.476,11.5302,11.4281,11.5191,205500
2016-12-23,11.5191,11.6213,11.4792,11.5111,151500
2016-12-28,11.6053,11.6069,11.4424,11.4919,373000
2016-12-29,11.5111,11.5941,11.476,11.5829,140000
2016-12-30,11.5829,11.5877,11.3834,11.4185,240500
2017-01-03,11.5271,11.5398,11.3355,11.3802,320500
2017-01-04,11.3578,11.5159,11.3355,11.4855,242000
2017-01-05,11.4792,11.575,11.4632,11.5079,192000
2017-01-06,11.4951,11.7234,11.3626,11.6644,377500
2017-01-09,12.0555,12.1337,11.9342,12.0699,462000
2017-01-10,12.1034,12.1832,11.9038,12.0651,424000
2017-01-11,12.0236,12.038,11.8112,11.9901,258000
2017-01-12,11.9485,11.9996,11.6899,11.7202,302000
2017-01-13,11.7394,11.7985,11.5845,11.642,277500
2017-01-16,11.5765,11.8144,11.5765,11.7107,95500
2017-01-17,11.6803,11.6803,11.3913,11.4105,253500
2017-01-18,11.3546,11.4839,11.3115,11.3307,332000
2017-01-19,11.3355,11.3754,11.1822,11.2157,345500
2017-01-20,11.2077,11.3195,11.1519,11.203,436500
2017-01-23,11.1583,11.2908,11.0146,11.0816,275500
2017-01-24,11.1056,11.2157,11.104,11.1343,301000
2017-01-25,11.1694,11.1694,10.9922,11.0433,651500
2017-01-26,11.0385,11.1008,11.0162,11.0273,310500
2017-01-27,11.0513,11.112,10.9731,11.0162,317500
2017-01-30,10.981,10.9986,10.7687,10.9411,462000
2017-01-31,10.9459,11.0577,10.8964,10.997,236000
2017-02-01,11.0289,11.1567,10.9986,11.1136,252000
2017-02-02,11.0641,11.1918,11.0337,11.1359,375500
2017-02-03,10.8565,11.171,10.8565,11.171,358500
2017-02-06,11.1519,11.2604,11.1519,11.2077,783500
2017-02-07,11.2046,11.2604,11.1136,11.1455,537000
2017-02-08,11.1742,11.1998,11.0864,11.1519,471500
2017-02-09,11.1519,11.2301,11.0992,11.2221,245000
2017-02-10,11.2221,11.2221,11.1279,11.1758,186500
2017-02-13,11.2125,11.3818,11.2077,11.3786,221000
2017-02-14,11.6372,11.8543,11.5271,11.6308,392500
2017-02-15,11.7969,11.8144,11.4967,11.6915,670000
2017-02-16,11.6963,11.7649,11.4169,11.5542,315000
2017-02-17,11.5255,11.5255,11.369,11.4329,278000
2017-02-21,11.5271,11.5686,11.3706,11.4664,397500
2017-02-22,11.4313,11.4951,11.2652,11.3419,295000
2017-02-23,11.3435,11.385,11.1758,11.2493,622000
2017-02-24,11.1918,11.3419,11.1838,11.3211,663000
2017-02-27,11.3019,11.3387,11.2157,11.2892,471000
2017-02-28,11.27,11.2844,11.1519,11.2046,514000
2017-03-01,11.2849,11.3636,11.2126,11.2881,439500
2017-03-02,11.264,11.264,11.1547,11.1805,208500
2017-03-03,11.1724,11.2801,11.1596,11.2495,200000
2017-03-06,11.2013,11.2351,11.1772,11.2078,179000
2017-03-07,11.1676,11.1997,11.084,11.1162,237000
2017-03-08,11.1033,11.1226,10.9442,10.9973,287000
2017-03-09,10.9764,11.1756,10.9764,11.0873,163000
2017-03-10,11.1371,11.2785,10.9201,11.023,244000
2017-03-13,10.9941,11.031,10.933,10.9587,122500
2017-03-14,10.9539,11.0085,10.8623,10.9973,96000
2017-03-15,10.9941,11.0535,10.835,10.9989,325500
2017-03-16,11.0182,11.0776,10.9555,10.9732,442500
2017-03-17,10.9732,11.039,10.8687,10.9234,461500
2017-03-20,10.8993,10.941,10.8173,10.8639,171500
2017-03-21,10.8591,10.9041,10.5956,10.6679,415500
2017-03-22,10.6052,10.6872,10.5731,10.6614,114500
2017-03-23,10.6614,10.7498,10.5666,10.6582,203500
2017-03-24,10.6389,10.7755,10.6389,10.6904,96500
2017-03-27,10.5184,10.6888,10.4445,10.6293,430500
2017-03-28,10.6245,10.6984,10.6004,10.6855,490000
2017-03-29,10.6357,10.8269,10.6357,10.8061,279000
2017-03-30,10.7595,10.9314,10.7595,10.9137,390000
2017-03-31,10.9587,10.9667,10.6888,10.8318,318000
2017-04-03,10.7337,10.9619,10.7337,10.896,376500
2017-04-04,10.8976,11.1901,10.8976,11.1837,456500
2017-04-05,11.2222,11.3668,11.211,11.309,3339000
2017-04-06,11.309,11.3861,11.2769,11.3235,220000
2017-04-07,11.2785,11.3717,11.256,11.3476,219000
2017-04-10,11.362,11.5404,11.362,11.5195,225500
2017-04-11,11.4858,11.5163,11.4247,11.5163,171500
2017-04-12,11.5307,11.5693,11.4633,11.5291,321000
2017-04-13,11.5179,11.73,11.489,11.677,493000
2017-04-17,11.6882,11.8569,11.6786,11.8521,490500
2017-04-18,11.8103,11.9244,11.8103,11.9035,305500
2017-04-19,11.8923,11.9742,11.8859,11.9582,238500
2017-04-20,11.9582,12.0658,11.9341,12.0465,299000
2017-04-21,12.0771,12.4852,11.9935,12.3261,981000
2017-04-24,12.3968,12.4659,12.286,12.4483,441500
2017-04-25,12.445,12.5077,12.3342,12.3808,933000
2017-04-26,12.4916,12.4932,12.151,12.4306,1685000
2017-04-27,12.4017,12.4017,12.1719,12.3326,444000
2017-04-28,12.3326,12.4274,12.2522,12.392,312000
2017-05-01,12.392,12.6909,12.3647,12.5334,288000
2017-05-02,12.5575,12.6057,12.4547,12.4997,222500
2017-05-03,12.4772,12.7889,12.4113,12.7278,394500
2017-05-04,12.7214,12.8371,12.7102,12.813,538500
2017-05-05,12.8387,12.8387,12.6989,12.7246,311500
2017-05-08,12.7054,12.723,12.6154,12.6716,582000
2017-05-09,12.715,12.813,12.5206,12.5688,316500
2017-05-10,12.0562,12.1317,11.5131,11.7252,1138000
2017-05-11,11.7284,11.7284,11.489,11.6657,396500
2017-05-12,11.7107,11.8457,11.6352,11.8232,381500
2017-05-15,11.685,11.8425,11.6802,11.8184,643500
2017-05-16,11.8425,11.8505,11.5918,11.6159,388500
2017-05-17,11.5902,11.6754,11.2929,11.3331,505000
2017-05-18,11.4713,11.4825,11.3283,11.3749,348000
2017-05-19,11.4745,11.4745,11.3235,11.4199,340000
2017-05-23,11.4311,11.5693,11.4311,11.4649,137000
2017-05-24,11.4891,11.4891,11.2416,11.3095,483500
2017-05-25,11.3532,11.3532,11.2626,11.3208,260500
2017-05-26,11.35,11.5652,11.35,11.4179,158500
2017-05-29,11.392,11.4891,11.3694,11.4001,60000
2017-05-30,11.4001,11.4988,11.3484,11.384,295000
2017-05-31,11.4082,11.5668,11.3338,11.549,296500
2017-06-01,11.5506,11.7367,11.5506,11.5846,800500
2017-06-02,11.5911,11.5943,11.4568,11.515,614000
2017-06-05,11.4908,11.5247,11.426,11.4794,364000
2017-06-06,11.3354,11.4568,11.3354,11.4487,488000
2017-06-07,11.4293,11.5377,11.3969,11.4406,435000
2017-06-08,11.4713,11.5102,11.2982,11.3273,399000
2017-06-09,11.3516,11.3678,11.2157,11.2448,487500
2017-06-12,11.2448,11.3128,11.2448,11.2917,360000
2017-06-13,11.2982,11.3629,11.2626,11.3208,484000
2017-06-14,11.3063,11.3484,11.2367,11.2416,297000
2017-06-15,11.1752,11.2577,11.1218,11.2173,443000
2017-06-16,11.2367,11.4228,11.2367,11.337,2088500
2017-06-19,11.3597,11.5976,11.3192,11.5878,610000
2017-06-20,11.583,11.5862,11.4972,11.5086,208000
2017-06-21,11.4908,11.4908,11.2157,11.227,206500
2017-06-22,11.2351,11.337,11.1962,11.3063,471500
2017-06-23,11.316,11.4001,11.248,11.295,165000
2017-06-26,11.2335,11.3597,11.2335,11.3208,182000
2017-06-27,11.2966,11.4924,11.2674,11.4503,530000
2017-06-28,11.3969,11.6089,11.3969,11.549,223500
2017-06-29,11.5215,11.5409,11.3613,11.439,243500
2017-06-30,11.4487,11.4535,11.371,11.4179,227000
2017-07-04,11.2221,11.4163,11.117,11.3322,102000
2017-07-05,11.3484,11.5199,11.3095,11.4325,601500
2017-07-06,11.3289,11.6429,11.3289,11.5798,1162000
2017-07-07,11.5668,11.5668,11.2933,11.3176,338000
2017-07-10,11.3192,11.4179,11.2027,11.3484,159500
2017-07-11,11.2464,11.2464,11.1445,11.2302,630500
2017-07-12,11.2302,11.2464,11.1526,11.1768,169500
2017-07-13,11.2335,11.2464,11.1639,11.1849,306000
2017-07-14,11.2076,11.2464,11.0636,11.1089,288000
2017-07-17,11.0749,11.1364,10.8872,10.947,438000
2017-07-18,10.9212,10.9891,10.8823,10.9519,133000
2017-07-19,10.8904,11.1072,10.8629,11.015,539000
2017-07-20,11.015,11.1348,10.9632,10.9826,173000
2017-07-21,10.9632,11.0555,10.9632,11.0296,203500
2017-07-24,11.0021,11.015,10.9341,10.9762,146000
2017-07-25,10.9956,11.0587,10.9276,10.9632,153500
2017-07-26,10.9632,11.0733,10.9487,10.9665,235000
2017-07-27,10.9357,10.9891,10.8791,10.9034,252500
2017-07-28,10.8678,10.8807,10.803,10.8224,83500
2017-07-31,10.8111,10.8451,10.693,10.6962,230500
2017-08-01,10.8386,10.8386,10.6477,10.761,261500
2017-08-02,10.7367,10.8758,10.7367,10.8532,321500
2017-08-03,10.8354,10.8499,10.5684,10.5846,475000
2017-08-04,10.5215,10.6412,10.5215,10.6137,275000
2017-08-08,10.68,10.7334,10.6266,10.6849,222500
2017-08-09,10.6202,10.7593,10.6202,10.6639,267500
2017-08-10,11.1687,11.1736,10.8419,11.0069,501000
2017-08-11,11.0069,11.0069,10.7885,10.8144,524500
2017-08-14,10.8402,10.9568,10.5263,10.6283,454500
2017-08-15,10.6428,10.6509,10.5198,10.5716,670500
2017-08-16,10.583,10.7124,10.494,10.6072,532000
2017-08-17,10.6234,10.6558,10.4875,10.5263,322000
2017-08-18,10.5409,10.7173,10.5101,10.6881,545000
2017-08-21,10.6995,10.7998,10.6477,10.7011,269500
2017-08-22,10.6865,10.7092,10.5781,10.659,443000
2017-08-23,10.721,11.0259,10.7144,10.9199,684500
2017-08-24,10.9444,10.9476,10.8498,10.9052,184500
2017-08-25,10.8857,10.9965,10.8693,10.8808,192000
2017-08-28,10.9248,10.9362,10.8384,10.9036,241000
2017-08-29,10.8987,11.0047,10.8058,10.8139,1361500
2017-08-30,10.7927,10.8498,10.7487,10.7487,202000
2017-08-31,10.7666,10.8416,10.7568,10.8204,523000
2017-09-01,10.8041,10.9346,10.7846,10.8661,134000
2017-09-05,10.8954,10.9248,10.6721,10.8237,231500
2017-09-06,10.8416,11.0161,10.8253,10.9868,652500
2017-09-07,10.9949,11.0683,10.928,11.0031,356000
2017-09-08,10.9851,11.0373,10.9264,10.9753,441000
2017-09-11,10.9492,11.0079,10.8922,10.8987,421000
2017-09-12,10.871,11.0079,10.871,10.9916,205500
2017-09-13,11.0112,11.0373,10.8449,10.8628,137500
2017-09-14,10.9248,10.9655,10.7471,10.8286,852000
2017-09-15,10.8286,10.8889,10.7764,10.827,1118500
2017-09-18,10.8106,10.8449,10.7683,10.8188,131500
2017-09-19,10.8221,10.8612,10.6443,10.7063,646500
2017-09-20,10.721,10.8416,10.6753,10.8025,262500
2017-09-21,10.7992,11.0308,10.7895,11.0226,401500
2017-09-22,11.0177,11.0944,10.9982,11.0536,178000
2017-09-25,11.0536,11.1302,11.0536,11.1107,177500
2017-09-26,11.1156,11.1547,11.0552,11.1237,311000
2017-09-27,11.1368,11.202,11.0862,11.1857,366000
2017-09-28,11.171,11.4498,11.171,11.3226,409000
2017-09-29,11.414,11.5297,11.3324,11.4955,665500
2017-10-02,11.5134,11.608,11.4841,11.5167,329500
2017-10-03,10.9134,11.1808,10.9052,11.0471,3431500
2017-10-04,11.0666,11.1563,11.0177,11.0308,609000
2017-10-05,11.0422,11.4254,11.0275,11.3487,2896000
2017-10-06,11.3373,11.3748,11.1628,11.1824,382000
2017-10-10,11.2395,11.2917,11.171,11.2248,326000
2017-10-11,11.246,11.2476,11.1694,11.2134,2042500
2017-10-12,11.2134,11.2134,11.0569,11.0601,352000
2017-10-13,11.052,11.0846,11.0291,11.0846,279000
2017-10-16,11.0732,11.1547,11.0732,11.1041,419000
2017-10-17,11.0406,11.1661,11.0406,11.0764,359500
2017-10-18,11.1139,11.1172,11.0764,11.0797,707000
2017-10-19,11.0748,11.0927,10.9819,11.0177,522500
2017-10-20,11.0732,11.1205,10.9851,11.0976,953000
2017-10-23,11.0976,11.1074,10.9884,11.0031,334000
2017-10-24,11.0031,11.052,10.9802,11.0373,292000
2017-10-25,10.9949,11.0389,10.902,10.9281,395500
2017-10-26,10.9444,10.946,10.8318,10.8433,193500
2017-10-27,10.8759,11.2281,10.8579,11.065,779500
2017-10-30,11.2036,12.0776,11.202,11.564,3071000
2017-10-31,11.5884,11.9341,11.4906,11.4939,621000
2017-11-01,11.4971,11.745,11.4971,11.7026,859000
2017-11-02,11.7075,11.8102,11.6895,11.7482,445000
2017-11-03,11.7825,11.9243,11.7124,11.7613,418500
2017-11-06,11.7906,11.8721,11.7401,11.7645,405500
2017-11-07,11.7841,11.7841,11.4906,11.5721,285500
2017-11-08,11.5542,11.6879,11.4156,11.67,752000
2017-11-09,11.6439,11.652,11.4808,11.4841,356000
2017-11-10,11.5134,11.7808,11.4955,11.6879,2086000
2017-11-13,11.6879,11.6879,11.5216,11.5672,276500
2017-11-14,11.5852,11.5852,11.4482,11.4563,188000
2017-11-15,11.4596,11.5216,11.3226,11.471,163500
2017-11-16,11.4808,11.6341,11.4531,11.5444,349000
2017-11-17,11.5199,11.5395,11.4303,11.4482,190500
2017-11-20,11.4482,11.4482,11.2786,11.3911,467500
2017-11-21,11.4775,11.5134,11.3813,11.4466,458000
2017-11-22,11.427,11.5265,11.3145,11.3797,659500
2017-11-23,11.4618,11.4651,11.3797,11.4273,84500
2017-11-24,11.4043,11.5653,11.4043,11.4947,165500
2017-11-27,11.521,11.521,11.3633,11.4109,318500
2017-11-28,11.4241,11.4881,11.2992,11.4175,247500
2017-11-29,11.4126,11.4339,11.3157,11.337,147500
2017-11-30,11.3321,11.4438,11.3321,11.4142,272000
2017-12-01,11.3978,11.4635,11.2894,11.4191,325000
2017-12-04,11.4454,11.498,11.2664,11.3337,617500
2017-12-05,11.3337,11.3846,11.1728,11.25,318500
2017-12-06,11.2713,11.2713,11.1416,11.2237,240500
2017-12-07,11.2253,11.273,11.1761,11.2467,125500
2017-12-08,11.2253,11.291,11.1826,11.2615,197500
2017-12-11,11.273,11.4684,11.273,11.3929,2086500
2017-12-12,11.4191,11.4717,11.245,11.2812,377500
2017-12-13,11.1843,11.3633,11.1843,11.3189,353000
2017-12-14,11.3042,11.3929,11.2894,11.3731,392500
2017-12-15,11.3534,11.4241,11.3206,11.3994,1902000
2017-12-18,11.3994,11.5604,11.3994,11.4897,506500
2017-12-19,11.5078,11.6491,11.4963,11.562,759500
2017-12-20,11.5653,11.7049,11.5604,11.6261,277000
2017-12-21,11.6441,11.6918,11.5801,11.6392,242500
2017-12-22,11.6392,11.6655,11.5587,11.5784,163500
2017-12-27,11.5538,11.6014,11.5177,11.5292,219500
2017-12-28,11.5177,11.562,11.4783,11.4897,841000
2017-12-29,11.5045,11.5801,11.4553,11.5686,325000
2018-01-02,11.5686,11.6261,11.539,11.6113,347000
2018-01-03,11.5932,11.6556,11.5719,11.585,284500
2018-01-04,11.6014,11.7854,11.5637,11.7443,719000
2018-01-05,11.7575,11.7755,11.7016,11.7427,482500
2018-01-08,11.7657,11.7837,11.7345,11.7772,427000
2018-01-09,11.8034,11.8658,11.7312,11.746,442500
2018-01-10,11.7591,11.9151,11.7328,11.7476,607000
2018-01-11,11.7394,11.787,11.7098,11.741,246000
2018-01-12,11.7279,11.8018,11.7098,11.7575,259500
2018-01-15,11.9874,11.9874,11.7525,11.9003,90000
2018-01-16,11.8921,11.925,11.7919,11.8002,366500
2018-01-17,11.8133,11.9627,11.7952,11.948,203500
2018-01-18,11.9562,12.2173,11.9562,12.2025,855500
2018-01-19,12.1877,12.329,12.1615,12.3011,369500
2018-01-22,12.3027,12.5244,12.2781,12.5064,599500
2018-01-23,12.4817,12.5507,12.3832,12.5392,639000
2018-01-24,12.5343,12.6985,12.5129,12.6542,598000
2018-01-25,12.6542,12.7494,12.5638,12.7281,526500
2018-01-26,12.7461,12.7642,12.5934,12.6295,271000
2018-01-29,12.6295,12.7034,12.6295,12.6919,349500
2018-01-30,12.6377,12.7215,12.6262,12.6903,378500
2018-01-31,12.6903,12.7461,12.6657,12.7067,386500
2018-02-01,12.6854,12.71,12.6098,12.6722,663500
2018-02-02,12.6246,12.6312,12.4637,12.5261,521500
2018-02-05,12.375,12.6049,12.37,12.4817,414000
2018-02-06,12.393,12.462,12.2107,12.3126,589500
2018-02-07,12.2912,12.4998,12.2912,12.4292,616500
2018-02-08,12.398,12.5261,12.3241,12.3569,592500
2018-02-09,12.3668,12.4029,12.1089,12.2682,528500
2018-02-12,12.283,12.4801,12.283,12.3043,598500
2018-02-13,12.439,12.4653,12.2731,12.4292,1744000
2018-02-14,12.4324,12.4784,12.2485,12.3766,632500
2018-02-15,12.3996,12.5983,12.3388,12.5638,549000
2018-02-16,12.5704,12.6295,12.5096,12.5326,229500
2018-02-20,12.5376,12.687,12.5376,12.6509,413000
2018-02-21,12.6509,12.7773,12.6394,12.7215,474000
2018-02-22,12.7412,13.0565,12.7248,12.9744,966000
2018-02-23,12.9761,13.05,12.7708,12.8956,493500
2018-02-26,12.8972,12.9334,12.8069,12.8184,197000
2018-02-27,12.8299,13.027,12.7806,12.7872,554000
2018-02-28,12.82,12.8578,12.595,12.5983,617000
2018-03-01,12.5934,12.6678,12.4314,12.5504,582000
2018-03-02,12.5008,12.8099,12.4181,12.7355,474500
2018-03-05,12.714,12.8182,12.6909,12.7289,261500
2018-03-06,12.7554,12.7669,12.6611,12.7421,392500
2018-03-07,12.7207,12.8116,12.4859,12.4991,802000
2018-03-08,12.5157,12.8149,12.5157,12.8083,769500
2018-03-09,12.8231,13.0744,12.8083,13.0182,919500
2018-03-12,12.9967,13.0331,12.6182,12.6859,478000
2018-03-13,12.6859,12.7388,12.6132,12.6727,337500
2018-03-14,12.6859,12.7289,12.6099,12.6099,193000
2018-03-15,12.6347,12.7719,12.6,12.6843,219000
2018-03-16,12.6777,12.7984,12.6297,12.6446,377000
2018-03-19,12.6562,12.6992,12.5421,12.595,280500
2018-03-20,12.5917,12.7041,12.5917,12.6678,134500
2018-03-21,12.6843,12.8182,12.6611,12.7471,228500
2018-03-22,12.7355,12.7355,12.4198,12.4347,271000
2018-03-23,12.4314,12.557,12.314,12.3421,217000
2018-03-26,12.4214,12.4876,12.3322,12.4826,587000
2018-03-27,12.4826,12.514,12.2941,12.3107,348000
2018-03-28,12.3107,12.4314,12.2908,12.3371,210500
2018-03-29,12.3702,12.4115,12.3322,12.357,450500
2018-04-02,12.3322,12.481,12.2363,12.3206,344000
2018-04-03,12.3223,12.4181,12.3223,12.3785,239500
2018-04-04,12.3289,12.3933,12.195,12.2479,275500
2018-04-05,12.2776,12.4975,12.276,12.3983,447500
2018-04-06,12.3735,12.5074,12.3719,12.3917,343000
2018-04-09,12.4198,12.5223,12.3983,12.3983,386000
2018-04-10,12.4214,12.476,12.276,12.3322,270000
2018-04-11,12.3223,12.4231,12.309,12.395,346000
2018-04-12,12.4066,12.643,12.3966,12.5818,409500
2018-04-13,12.6099,12.6347,12.481,12.5388,219500
2018-04-16,12.5719,12.8149,12.4843,12.681,296500
2018-04-17,12.7041,13,12.7025,12.8909,467500
2018-04-18,12.8992,12.9818,12.7157,12.7554,482500
2018-04-19,12.7405,12.8017,12.6446,12.7388,204000
2018-04-20,12.762,12.8364,12.7107,12.8116,198000
2018-04-23,12.8413,12.9951,12.8,12.9058,403000
2018-04-24,12.9058,12.9901,12.8215,12.8314,336500
2018-04-25,12.8546,12.967,12.7785,12.8231,365500
2018-04-26,12.8083,12.9752,12.7554,12.881,349000
2018-04-27,12.886,13.1224,12.886,13.1224,153500
2018-04-30,13.0678,13.0678,12.6297,12.8017,382000
2018-05-01,12.7901,12.8066,12.5471,12.724,307000
2018-05-02,12.714,12.7769,12.6099,12.6132,344000
2018-05-03,12.6132,12.6264,12.5223,12.5868,890000
2018-05-04,12.5735,12.6033,12.5173,12.5636,1071500
2018-05-07,12.595,12.6413,12.395,12.4281,495500
2018-05-08,12.4033,12.4495,12.1751,12.2446,753500
2018-05-09,12.2611,12.4793,12.2611,12.2793,408000
2018-05-10,12.8397,13.534,12.5587,13.415,2875000
2018-05-11,13.3935,13.3935,12.9951,13.1455,499500
2018-05-14,13.2166,13.3158,13.1422,13.2182,561500
2018-05-15,13.2331,13.6315,13.2315,13.4199,1231500
2018-05-16,13.4513,13.4513,13.205,13.2645,170500
2018-05-17,13.2397,13.2711,13.21,13.2315,174500
2018-05-18,13.2199,13.3108,13.205,13.2364,236000
2018-05-22,13.2149,13.3538,13.2083,13.3158,534500
2018-05-23,13.2893,13.4778,13.1835,13.453,564500
2018-05-24,13.458,13.5629,13.3481,13.5362,744500
2018-05-25,13.5329,13.8126,13.5079,13.756,514000
2018-05-28,13.756,13.7727,13.473,13.5479,94500
2018-05-29,13.5163,13.5729,13.4447,13.4913,361000
2018-05-30,13.5029,13.5729,13.3647,13.5046,336500
2018-05-31,13.5013,13.5928,13.4447,13.5379,888000
2018-06-01,13.5013,13.6694,13.5013,13.5279,207000
2018-06-04,13.5329,13.6861,13.4546,13.5146,388000
2018-06-05,13.5146,13.7044,13.5029,13.6827,849500
2018-06-06,13.6428,13.721,13.4913,13.5296,418000
2018-06-07,13.5795,13.7344,13.5113,13.716,352000
2018-06-08,13.6694,13.7577,13.6278,13.7227,290500
2018-06-11,13.721,13.8875,13.6911,13.7077,691000
2018-06-12,13.716,14.2405,13.7077,13.9092,1336000
2018-06-13,13.9342,14.129,13.9275,14.0773,474000
2018-06-14,14.0773,14.2239,13.9342,14.1423,391500
2018-06-15,14.1489,14.2821,14.0191,14.1473,596000
2018-06-18,14.129,14.4819,14.1023,14.3854,295000
2018-06-19,14.3238,14.402,14.1373,14.3354,277500
2018-06-20,14.3404,14.4736,14.1906,14.4103,360500
2018-06-21,14.3887,14.3954,14.1023,14.1539,469500
2018-06-22,14.1989,14.2905,14.1123,14.2838,512000
2018-06-25,14.2588,14.2588,14.0407,14.044,716500
2018-06-26,14.0424,14.1356,13.9342,14.0274,637500
2018-06-27,14.0624,14.2039,13.8792,14.0157,1052000
2018-06-28,14.0107,14.1573,13.9991,14.0557,348000
2018-06-29,14.094,14.432,14.0757,14.3487,463500
2018-07-03,14.3704,14.4403,14.2938,14.3188,280500
2018-07-04,14.3188,14.447,14.2788,14.2971,193000
2018-07-05,14.2022,14.2022,13.8792,13.9891,535500
2018-07-06,13.9675,14.1689,13.9192,14.1439,495000
2018-07-09,14.1922,14.432,14.1922,14.3904,201500
2018-07-10,14.3837,14.387,14.1922,14.3454,196000
2018-07-11,14.3005,14.382,14.2239,14.3304,108500
2018-07-12,14.3321,14.4004,14.2721,14.3587,177000
2018-07-13,14.3621,14.4287,14.2905,14.2971,179000
2018-07-16,14.2921,14.3787,14.2921,14.3371,145000
2018-07-17,14.4653,14.6901,14.3704,14.5552,355000
2018-07-18,14.5502,14.6568,14.4753,14.5435,388500
2018-07-19,14.5319,14.5352,14.4719,14.4819,247000
2018-07-20,14.4969,14.6168,14.4969,14.5119,205000
2018-07-23,14.5319,14.5818,14.372,14.4103,332500
2018-07-24,14.4436,14.5502,14.377,14.377,246500
2018-07-25,14.3887,14.3954,14.084,14.1223,368500
2018-07-26,14.1206,14.3354,13.8359,13.9258,553500
2018-07-27,13.9158,14.089,13.8875,13.9192,377500
2018-07-30,13.9425,14.119,13.8393,13.8909,396000
2018-07-31,13.9275,14.0807,13.8626,13.9292,484500
2018-08-01,13.9525,14.3421,13.9025,14.3387,470500
2018-08-02,14.3188,14.407,14.1073,14.3338,210000
2018-08-03,14.3204,14.3654,14.3088,14.3421,311500
2018-08-07,14.3787,14.4603,14.2905,14.3687,318500
2018-08-08,14.3537,14.377,14.1772,14.372,189500
2018-08-09,14.4436,14.9598,14.4436,14.7633,808500
2018-08-10,14.7117,14.7117,14.3737,14.5352,195500
2018-08-13,14.5186,14.5469,14.3587,14.4503,310000
2018-08-14,14.467,14.5585,14.3854,14.5019,236000
2018-08-15,14.4386,14.5552,14.3504,14.4553,274500
2018-08-16,14.4636,14.6201,14.4486,14.4686,177000
2018-08-17,14.467,14.6118,14.2855,14.457,279500
2018-08-20,14.452,14.6351,14.452,14.5852,666000
2018-08-21,14.5885,14.7467,14.5336,14.5635,293500
2018-08-22,14.5635,14.8266,14.4719,14.73,402500
2018-08-23,14.7015,14.8876,14.7015,14.8356,376500
2018-08-24,14.8289,14.8993,14.606,14.7619,533500
2018-08-27,14.7753,14.8842,14.6462,14.8155,353000
2018-08-28,14.8172,14.8993,14.7535,14.8607,258500
2018-08-29,14.8742,15.0451,14.8406,15.0032,279500
2018-08-30,14.9529,15.139,14.7837,14.9362,404000
2018-08-31,14.9244,14.9814,14.5943,14.6647,403000
2018-09-04,14.663,14.6797,14.3228,14.3412,497000
2018-09-05,14.3429,14.5473,14.1786,14.1837,554500
2018-09-06,14.1837,14.2323,14.068,14.13,914000
2018-09-07,14.1049,14.4602,14.1049,14.3345,547000
2018-09-10,14.3931,14.6127,14.1786,14.4736,445000
2018-09-11,14.4937,14.7518,14.4686,14.7066,467000
2018-09-12,14.7317,14.8138,14.6429,14.8021,314000
2018-09-13,14.7937,14.8825,14.4501,14.4803,325500
2018-09-14,14.4585,14.4669,14.3378,14.363,203000
2018-09-17,14.3764,14.4769,14.2775,14.3295,301500
2018-09-18,14.368,14.6429,14.3395,14.4434,218500
2018-09-19,14.4635,14.6144,14.4082,14.4082,298500
2018-09-20,14.4686,14.5557,14.3077,14.3228,306500
2018-09-21,14.3311,14.4568,14.3311,14.425,804500
2018-09-24,14.3999,14.4585,14.3546,14.4283,417500
2018-09-25,14.4417,14.5976,14.3915,14.5356,186500
2018-09-26,14.5272,14.7652,14.3831,14.7283,499000
2018-09-27,14.7317,14.7317,14.5255,14.6261,287500
2018-09-28,14.6094,14.7233,14.5289,14.5289,474500
2018-10-01,14.6043,14.6563,14.3881,14.4451,357500
2018-10-02,14.4082,14.5507,14.3043,14.4501,505500
2018-10-03,14.4585,14.6244,14.301,14.5457,271500
2018-10-04,14.5624,14.6144,14.3177,14.5222,558000
2018-10-05,14.5239,14.6311,14.4384,14.4686,229000
2018-10-09,14.4468,14.5138,14.4032,14.4585,191000
2018-10-10,14.4552,14.5239,14.4015,14.4753,379500
2018-10-11,14.42,14.549,13.8719,13.9608,809500
2018-10-12,14.0228,14.1334,13.4798,13.7278,907500
2018-10-15,13.7362,13.8418,13.6775,13.8099,1019000
2018-10-16,13.8015,14.1216,13.8015,14.1166,506500
2018-10-17,14.12,14.254,13.9859,14.254,461500
2018-10-18,14.2004,14.3026,13.9725,14.0445,810000
2018-10-19,14.0429,14.0529,13.6775,13.6959,523500
2018-10-22,13.7261,13.8568,13.7244,13.7647,263000
2018-10-23,13.7077,13.7663,13.4529,13.7161,405500
2018-10-24,13.639,13.7094,13.0742,13.3038,845000
2018-10-25,13.3272,13.5552,13.2954,13.349,362000
2018-10-26,13.282,13.6339,13.215,13.6256,492000
2018-10-29,13.8719,14.2457,13.8216,13.8518,913500
2018-10-30,13.8334,13.8937,13.4345,13.5468,491500
2018-10-31,13.6406,14.0077,13.6406,13.8753,365500
2018-11-01,13.9323,14.0714,13.8401,14.0345,442500
2018-11-02,14.0848,14.2256,13.9775,14.1367,396500
2018-11-05,14.135,14.2943,14.063,14.2256,593000
2018-11-06,14.2189,14.2189,13.8032,13.8434,505000
2018-11-07,13.9088,14.001,13.82,13.8686,375000
2018-11-08,13.9138,14.1719,13.7362,13.773,393500
2018-11-09,13.6725,13.6725,12.6401,13.3289,1550500
2018-11-12,13.5149,13.8568,13.3708,13.4244,500000
2018-11-13,13.4412,13.4932,13.3708,13.4462,396000
2018-11-14,13.4563,13.4982,13.2233,13.3172,237500
2018-11-15,13.3071,13.3641,13.2015,13.2552,277500
2018-11-16,13.2552,13.3323,13.158,13.282,313500
2018-11-19,13.2719,13.2719,13.0574,13.1764,304000
2018-11-20,12.9887,13.1027,12.8865,13.0524,291000
2018-11-21,13.0859,13.3222,13.0323,13.2636,572500
2018-11-22,13.3024,13.3243,13.1572,13.1842,312500
2018-11-23,13.1487,13.1994,12.9934,13.0002,356500
2018-11-26,13.0694,13.0694,12.7908,12.8719,371500
2018-11-27,12.8313,12.8313,12.4954,12.5342,850500
2018-11-28,12.5764,12.9597,12.5764,12.8516,8312500
2018-11-29,12.8651,13.1487,12.8651,13.066,803000
2018-11-30,13.0913,13.3649,13.0745,13.3159,544000
2018-12-03,13.483,13.5404,13.245,13.3378,385000
2018-12-04,13.3193,13.3193,12.7773,12.9242,540500
2018-12-05,12.9613,13.0322,12.7672,12.8499,223000
2018-12-06,12.7368,12.8347,12.5106,12.8195,615500
2018-12-07,12.8347,12.958,12.703,12.7267,393000
2018-12-10,12.7486,12.7722,12.4869,12.6625,256000
2018-12-11,12.7554,12.8145,12.4548,12.6422,646500
2018-12-12,12.7199,12.7891,12.6591,12.6591,754000
2018-12-13,12.7351,12.7351,12.573,12.6608,294500
2018-12-14,12.5983,12.6861,12.4835,12.6017,325500
2018-12-17,12.5595,12.6152,12.2438,12.308,406500
2018-12-18,12.308,12.4852,12.2404,12.3215,447000
2018-12-19,12.3316,12.3383,12.0125,12.0277,394000
2018-12-20,12.0615,12.2354,11.9787,12.0648,289000
2018-12-21,12.1121,12.1121,11.7761,11.8031,518500
2018-12-24,11.7137,11.8335,11.6276,11.7525,160500
2018-12-27,11.9838,12.0328,11.7998,11.9078,739500
2018-12-28,12.0243,12.2607,12.0074,12.0598,579500
2018-12-31,12.1408,12.1408,11.8639,11.9416,552000
2019-01-02,11.8437,11.9973,11.8437,11.9365,766000
2019-01-03,11.945,11.9669,11.8302,11.9298,1340000
2019-01-04,12.0074,12.1138,12.0074,12.075,670000
2019-01-07,12.1054,12.1357,11.869,11.9433,434500
2019-01-08,12.0176,12.0176,11.8285,11.9348,525500
2019-01-09,11.9905,12.0767,11.9365,12.053,777500
2019-01-10,12.075,12.075,11.9416,12.0024,605000
2019-01-11,12.0041,12.0564,11.9247,11.9331,708500
2019-01-14,11.9061,11.95,11.8504,11.8757,538000
2019-01-15,12.1644,12.3957,11.9618,12.3738,2734500
2019-01-16,12.4211,12.8448,12.3535,12.8077,995000
2019-01-17,12.806,12.8448,12.6034,12.7435,798500
2019-01-18,12.7537,12.9394,12.7132,12.8854,689000
2019-01-21,12.9394,12.9394,12.6828,12.7233,493000
2019-01-22,12.7435,12.7604,12.6389,12.7604,1815000
2019-01-23,12.7976,12.8651,12.6878,12.8077,483000
2019-01-24,12.7959,13.0626,12.7773,13.0525,484000
2019-01-25,13.0761,13.2281,13.0407,13.1656,541500
2019-01-28,13.1521,13.2872,13.0255,13.2129,396000
2019-01-29,13.25,13.2956,13.2028,13.2754,301500
2019-01-30,13.299,13.3699,13.1774,13.3378,508000
2019-01-31,13.3716,13.38,13.272,13.3649,347500
2019-02-01,13.3716,13.4374,13.3378,13.375,195000
2019-02-04,13.4256,13.4763,13.3378,13.3513,332000
2019-02-05,13.429,13.6282,13.3378,13.5843,345500
2019-02-06,13.5843,13.7667,13.5843,13.7363,573500
2019-02-07,13.7481,13.9136,13.6485,13.9136,588500
2019-02-08,13.8612,13.8612,13.5252,13.5742,790500
2019-02-11,13.6113,13.7954,13.5742,13.6367,2831500
2019-02-12,13.711,13.8747,13.6789,13.7785,440500
2019-02-13,13.7751,13.7751,13.5388,13.613,411500
2019-02-14,13.6215,14.204,13.6215,14.0503,797500
2019-02-15,14.0824,14.1989,13.9524,14.1601,626500
2019-02-19,14.1837,14.3441,14.0233,14.1837,517000
2019-02-20,14.182,14.3508,14.1178,14.2411,1011500
2019-02-21,14.2107,14.2242,14.0672,14.1736,763500
2019-02-22,14.1533,14.1753,13.9676,14.101,399000
2019-02-25,14.0824,14.0976,13.9119,13.9288,580500
2019-02-26,13.9558,14.1888,13.9304,14.128,532500
2019-02-27,14.0368,14.1178,14.0165,14.0993,378000
2019-02-28,14.0602,14.1962,13.9972,14.0534,456000
2019-03-01,14.2456,14.3425,14.1435,14.2251,733500
2019-03-04,14.1843,14.2847,14.101,14.1911,721000
2019-03-05,14.1928,14.2371,14.1061,14.2081,2748000
2019-03-06,14.2081,14.3374,14.1588,14.2694,275000
2019-03-07,14.2371,14.2983,14.1214,14.1588,459500
2019-03-08,14.0891,14.1214,13.8441,13.9343,3229500
2019-03-11,13.9768,14.22,13.9377,14.0993,247000
2019-03-12,14.0942,14.1061,13.9479,13.9717,310000
2019-03-13,14.0108,14.1554,13.9853,14.101,901500
2019-03-14,14.1061,14.152,14.0755,14.1044,234000
2019-03-15,14.1231,14.1962,14.1078,14.1486,386500
2019-03-18,14.1911,14.4038,14.1775,14.3374,318000
2019-03-19,14.4922,14.5313,14.3493,14.3833,555500
2019-03-20,14.3731,14.4259,14.2728,14.3102,281000
2019-03-21,14.2796,14.4412,14.2081,14.402,280500
2019-03-22,14.3646,14.4412,14.3017,14.402,509500
2019-03-25,14.3238,14.414,14.1809,14.3408,299500
2019-03-26,14.3578,14.402,14.317,14.3816,601000
2019-03-27,14.3799,14.6385,14.3612,14.567,645000
2019-03-28,14.5483,14.8341,14.5109,14.5738,785000
2019-03-29,14.7116,14.7627,14.5483,14.6402,605500
2019-04-01,14.664,14.7405,14.567,14.6419,174500
2019-04-02,14.7252,14.7252,14.6062,14.6776,238000
2019-04-03,14.6963,14.8494,14.5943,14.6742,184500
2019-04-04,14.6725,14.6997,14.596,14.6402,325500
2019-04-05,14.6895,14.8001,14.6249,14.7524,329000
2019-04-08,14.7729,14.7882,14.6929,14.7388,1278000
2019-04-09,14.6725,14.8528,14.5704,14.8239,1512500
2019-04-10,14.8239,14.9345,14.7422,14.9055,495500
2019-04-11,14.8749,14.9566,14.863,14.9123,292000
2019-04-12,14.9327,14.9344,14.8681,14.9072,259000
2019-04-15,14.9004,14.9685,14.7576,14.943,346500
2019-04-16,14.943,15.0229,14.9259,14.9821,596000
2019-04-17,14.9668,15.0858,14.8732,14.9089,622000
2019-04-18,14.9361,14.9923,14.8732,14.9668,323500
2019-04-22,14.9413,15.0603,14.9344,14.9821,161000
2019-04-23,14.7984,14.8205,14.2643,14.5568,1087000
2019-04-24,14.5619,14.5892,14.4718,14.5551,812000
2019-04-25,14.5313,14.6504,14.5143,14.5551,242500
2019-04-26,14.4905,14.5534,14.3901,14.4684,233500
2019-04-29,14.4174,14.5245,14.3884,14.5143,237000
2019-04-30,14.5296,14.6181,14.4225,14.5364,421000
2019-05-01,14.4701,14.6487,14.4701,14.55,273000
2019-05-02,14.5211,14.5721,14.3663,14.4089,350500
2019-05-03,14.3918,14.55,14.3442,14.5449,381500
2019-05-06,14.4582,14.5909,14.3153,14.5313,421000
2019-05-07,14.4684,14.4684,14.2813,14.4208,383500
2019-05-08,14.3969,14.4871,14.3408,14.4054,261000
2019-05-09,14.3323,14.4378,14.3323,14.414,302500
2019-05-10,14.6844,15.608,14.5585,15.506,1923000
2019-05-13,15.4209,15.5485,15.0144,15.4805,831500
2019-05-14,15.489,15.722,15.3376,15.7152,705500
2019-05-15,15.6591,15.9805,15.625,15.904,609500
2019-05-16,15.8887,15.9601,15.7356,15.8189,431000
2019-05-17,15.7492,15.7492,15.5672,15.5978,398500
2019-05-21,15.5638,15.5723,15.4447,15.4703,858000
2019-05-22,15.4481,15.5111,15.4107,15.4788,611500
2019-05-23,15.388,15.4137,15.3041,15.4017,4103500
2019-05-24,15.4359,15.6004,15.3983,15.5832,938000
2019-05-27,15.5867,15.6089,15.537,15.5901,510500
2019-05-28,15.5832,15.6483,15.4873,15.5867,544500
2019-05-29,15.525,15.6072,15.2989,15.5849,692000
2019-05-30,15.5747,15.6774,15.4616,15.537,833000
2019-05-31,15.424,15.4993,15.2767,15.4428,420000
2019-06-03,15.4394,15.5541,15.2818,15.4856,823000
2019-06-04,15.5113,15.5867,15.3315,15.4856,401500
2019-06-05,15.525,15.7357,15.525,15.6449,1638000
2019-06-06,15.6534,15.6963,15.5867,15.6603,332000
2019-06-07,15.6415,15.6894,15.5319,15.5832,333000
2019-06-10,15.5986,15.6671,15.5301,15.5952,348000
2019-06-11,15.7305,15.7305,15.4308,15.5096,441500
2019-06-12,15.4976,15.6192,15.4599,15.5575,221000
2019-06-13,15.5678,15.6637,15.477,15.5456,250500
2019-06-14,15.5558,15.6911,15.4514,15.5884,546500
2019-06-17,15.5884,15.6791,15.5318,15.5661,178500
2019-06-18,15.6534,15.6791,15.6004,15.6192,134500
2019-06-19,15.662,15.662,15.5593,15.6038,182000
2019-06-20,15.6038,15.6723,15.5781,15.6363,850500
2019-06-21,15.6397,15.7493,15.5507,15.6637,749500
2019-06-24,15.6706,15.799,15.6141,15.7117,429000
2019-06-25,15.775,15.7956,15.5113,15.5712,439500
2019-06-26,15.5712,15.6552,15.4359,15.5592,300500
2019-06-27,15.65,15.65,15.3469,15.501,324000
2019-06-28,15.5284,15.6397,15.4839,15.6021,457500
2019-07-02,15.6106,15.6106,15.5301,15.5901,1056500
2019-07-03,15.5935,15.6432,15.5678,15.6209,283500
2019-07-04,15.6346,15.7905,15.6346,15.7185,171000
2019-07-05,15.71,15.984,15.6226,15.8727,423500
2019-07-08,15.8573,15.8573,15.7065,15.7288,639000
2019-07-09,15.7596,15.8487,15.6997,15.775,555000
2019-07-10,15.7562,15.823,15.722,15.7425,330000
2019-07-11,15.7956,15.9309,15.7596,15.8847,654000
2019-07-12,15.9806,15.9806,15.8127,15.8607,329000
2019-07-15,15.8795,15.8898,15.6826,15.7939,265000
2019-07-16,15.8367,15.8367,15.6055,15.7613,413500
2019-07-17,15.7768,15.7819,15.7134,15.7631,595000
2019-07-18,15.7631,15.9583,15.7305,15.9275,2519500
2019-07-19,15.9463,16.0576,15.799,15.9943,3670000
2019-07-22,16.0662,16.1433,15.9617,16.0456,569000
2019-07-23,16.097,16.4515,16.0833,16.3008,976000
2019-07-24,16.2734,16.3368,16.2101,16.2974,698000
2019-07-25,16.3248,16.3608,16.2494,16.3556,421000
2019-07-26,16.4207,16.4892,16.383,16.4635,378000
2019-07-29,16.4841,16.5954,16.4241,16.5817,491000
2019-07-30,16.544,16.8317,16.544,16.7701,772500
2019-07-31,16.7667,16.9105,16.7204,16.7872,604000
2019-08-01,16.7393,17.2325,16.7375,17.2291,1740000
2019-08-02,17.164,17.3438,17.1503,17.3404,1488000
2019-08-06,17.3472,17.426,17.2428,17.3078,1743000
2019-08-07,17.2547,17.4346,17.1297,17.3661,949000
2019-08-08,17.9861,19.6028,17.9861,19.4623,2261000
2019-08-09,19.4623,19.6285,19.0633,19.5257,1756500
2019-08-12,19.3339,19.4469,19.1541,19.1883,1226500
2019-08-13,19.1883,19.5051,19.0479,19.3424,964000
2019-08-14,19.25,19.3459,18.9194,19.1181,545000
2019-08-15,19.0701,19.5514,19.0701,19.5308,2025500
2019-08-16,19.5788,19.6747,19.3972,19.6062,448000
2019-08-19,19.6764,19.9898,19.6764,19.9265,542500
2019-08-20,19.9384,19.9384,19.5497,19.5942,1247500
2019-08-21,19.6336,19.6696,19.5069,19.6096,318500
2019-08-22,19.6268,19.7921,19.5011,19.5562,1042500
2019-08-23,19.62,19.6733,19.4478,19.4891,1249500
2019-08-26,19.5184,19.8851,19.5184,19.7164,506500
2019-08-27,19.7818,20.1245,19.6733,19.7835,738500
2019-08-28,19.7663,19.9196,19.6131,19.694,600500
2019-08-29,19.7164,19.88,19.5958,19.6389,431000
2019-08-30,19.6785,19.9402,19.5941,19.8559,761500
2019-09-03,19.8662,20.0143,19.8404,19.954,393000
2019-09-04,20.0177,20.0608,19.8025,19.8679,682000
2019-09-05,19.8955,20.2932,19.8197,20.0901,507500
2019-09-06,20.1176,20.7461,20.1176,20.536,1715500
2019-09-09,20.6996,20.6996,20.4241,20.5154,1171000
2019-09-10,20.5154,20.5154,19.9747,20.0556,693000
2019-09-11,19.9781,20.2244,19.861,20.2054,1037000
2019-09-12,20.245,20.6256,20.245,20.4241,878000
2019-09-13,20.5515,20.598,20.2726,20.3173,1201000
2019-09-16,20.233,20.3277,20.1176,20.3053,508000
2019-09-17,20.2863,20.3191,20.028,20.0435,1019000
2019-09-18,20.109,20.1486,19.7939,19.9557,735000
2019-09-19,19.973,20.1331,19.8025,19.9368,560500
2019-09-20,20.0177,20.1021,19.8662,19.9695,2566500
2019-09-23,20.0177,20.0797,19.9161,20.0091,355500
2019-09-24,20.0694,20.0952,19.8214,19.8765,555500
2019-09-25,19.849,20.0057,19.7078,19.8025,632500
2019-09-26,19.8541,20.0453,19.7646,19.9902,491500
2019-09-27,20.0263,20.0263,19.7061,19.9626,522500
2019-09-30,19.9523,20.0177,19.6682,19.6888,502500
2019-10-01,19.7284,19.8404,19.5614,19.6079,283000
2019-10-02,19.6027,19.7198,19.3703,19.6596,443000
2019-10-03,19.6751,19.973,19.3754,19.8404,562000
2019-10-04,19.9058,19.9953,19.8455,19.9127,468000
2019-10-07,19.9299,19.9971,19.7973,19.9075,370000
2019-10-08,19.8989,19.8989,19.6148,19.8283,1086500
2019-10-09,19.8576,20.1142,19.7784,20.0229,4720500
2019-10-10,20.0349,20.3638,20.016,20.2657,1262500
2019-10-11,20.3018,20.3845,20.1486,20.1675,1349500
2019-10-15,20.3294,20.3294,20.0349,20.0952,831500
2019-10-16,20.1279,20.233,19.6802,20.1675,770500
2019-10-17,20.1796,20.276,20.059,20.1813,2568500
2019-10-18,20.3122,20.3173,20.14,20.2192,895000
2019-10-21,20.0057,20.2829,19.4391,19.83,1202000
2019-10-22,19.8197,19.8972,19.7078,19.7439,734500
2019-10-23,19.7095,19.892,19.6527,19.6819,598500
2019-10-24,19.6819,19.787,19.5304,19.6768,1350000
2019-10-25,19.6682,19.7491,19.6251,19.6337,281000
2019-10-28,19.6475,19.6819,19.5666,19.6441,1239500
2019-10-29,19.6854,20.0298,19.4615,19.9609,1441500
2019-10-30,19.8955,20.1744,19.8851,19.9678,712000
2019-10-31,20.0367,20.1073,19.7767,19.8163,839500
2019-11-01,19.799,19.9075,19.6854,19.7698,434000
2019-11-04,19.8335,19.8352,19.4168,19.5958,1342000
2019-11-05,19.6182,19.6355,19.4391,19.5907,535500
2019-11-06,19.799,19.799,19.558,19.6131,613000
2019-11-07,19.6957,19.6957,19.508,19.5717,428500
2019-11-08,18.9966,18.9966,18.2682,18.9415,2578000
2019-11-11,18.8795,18.9604,18.759,18.9036,611500
2019-11-12,18.9432,18.9708,18.821,18.9467,1118000
2019-11-13,18.9639,19.1378,18.7693,19.0724,1354000
2019-11-14,19.1085,19.1533,19.0069,19.0758,410000
2019-11-15,19.1206,19.1654,18.9432,19.0793,578000
2019-11-18,18.9604,19.2928,18.9604,19.2773,482500
2019-11-19,19.3152,19.7422,19.2583,19.6165,713500
2019-11-20,19.5356,19.6389,19.4684,19.6286,540500
2019-11-21,19.6511,19.6511,19.4121,19.516,338500
2019-11-22,19.5524,19.6528,19.3307,19.4311,492000
2019-11-25,19.4086,19.542,19.3844,19.4484,557500
2019-11-26,19.4761,19.6026,19.277,19.4173,987500
2019-11-27,19.1817,19.1817,18.3815,18.5132,5823000
2019-11-28,18.5132,18.6431,18.3659,18.4508,507500
2019-11-29,18.4855,18.5859,18.4543,18.4941,402500
2019-12-02,18.5703,18.5859,18.359,18.4092,661500
2019-12-03,18.359,18.4058,18.1304,18.2516,1241000
2019-12-04,18.2205,18.411,18.1148,18.2776,908500
2019-12-05,18.3521,18.6881,18.3521,18.6812,1639500
2019-12-06,18.7037,18.7764,18.6569,18.7123,616500
2019-12-09,18.7487,18.8111,18.6257,18.6898,966000
2019-12-10,18.7418,18.7418,18.6154,18.6621,725500
2019-12-11,18.7331,18.9011,18.6933,18.8249,834500
2019-12-12,18.8284,18.9531,18.7574,18.8821,697500
2019-12-13,18.8821,19.0484,18.8457,18.9912,383000
2019-12-16,18.9895,19.4051,18.9617,19.3653,968000
2019-12-17,19.4138,19.6719,19.2926,19.6545,700500
2019-12-18,19.7048,19.8866,19.5143,19.5818,802500
2019-12-19,19.6424,19.7169,19.5333,19.658,881500
2019-12-20,19.6563,19.6615,19.4762,19.5558,3627500
2019-12-23,19.5818,19.6216,19.4935,19.5454,979000
2019-12-24,19.6112,19.6112,19.1731,19.5368,168500
2019-12-27,19.6112,19.6112,19.4744,19.587,245500
2019-12-30,19.5714,19.5714,19.4502,19.535,227000
2019-12-31,19.5108,19.542,19.4536,19.4762,516500
2020-01-02,19.4744,19.5801,19.4588,19.4883,488000
2020-01-03,19.4571,19.5662,19.3896,19.5576,2959000
2020-01-06,19.516,19.5714,19.4761,19.5316,383000
2020-01-07,19.4502,19.4675,19.0743,19.1297,1161000
2020-01-08,19.0882,19.2874,19.0293,19.0518,1717000
2020-01-09,19.1453,19.1609,19.0276,19.0484,1245000
2020-01-10,19.0518,19.1852,18.695,19.1557,1468500
2020-01-13,19.2683,19.897,19.2267,19.852,1100500
2020-01-14,19.7862,20.1724,19.7585,20.1049,1242000
2020-01-15,20.0875,20.5171,20.0425,20.3006,1014000
2020-01-16,20.3127,20.427,20.1378,20.1378,471500
2020-01-17,20.1828,20.4097,20.1828,20.2677,592500
2020-01-20,20.3248,20.3248,20.1153,20.1759,265500
2020-01-21,20.1845,20.4703,19.9923,20.4478,580500
2020-01-22,20.4235,21.1094,20.4235,20.6989,894500
2020-01-23,20.7422,20.8912,20.7059,20.7907,515500
2020-01-24,20.7907,20.8704,20.6279,20.7318,432500
2020-01-27,20.5101,20.7769,20.2815,20.6314,608500
2020-01-28,20.6574,21.177,20.621,21.0661,454500
2020-01-29,21.1111,21.4731,20.9258,21.3554,677500
2020-01-30,21.2584,21.312,21.1475,21.2168,409500
2020-01-31,21.2012,21.3294,21.0956,21.2081,438500
2020-02-03,21.2081,21.5563,21.2081,21.5234,461500
2020-02-04,21.61,21.7814,21.4333,21.7347,348000
2020-02-05,21.8282,21.9511,21.4922,21.5303,804000
2020-02-06,21.5164,21.7537,21.5095,21.5805,443000
2020-02-07,21.5788,22.3166,21.5216,21.6082,708500
2020-02-10,21.5476,21.849,21.5476,21.5528,899000
2020-02-11,21.6238,21.7035,20.8808,20.9362,1255500
2020-02-12,20.9639,20.9639,20.3248,20.401,1995500
2020-02-13,20.3906,20.543,20.3214,20.4339,2355500
2020-02-14,20.4322,20.4772,20.2157,20.2815,883000
2020-02-18,20.3196,20.3525,20.0754,20.1395,992000
2020-02-19,20.1672,20.2538,20.0546,20.0806,645500
2020-02-20,20.0668,20.1066,19.8451,20.1066,616500
2020-02-21,20.0893,20.1845,20.0668,20.1568,428500
2020-02-24,19.9421,20.1135,19.8503,20.0079,1267000
2020-02-25,19.9715,19.9715,19.658,19.6874,662500
2020-02-26,19.632,20.091,19.5731,19.8,704000
2020-02-27,19.6014,19.6973,19.199,19.6206,370500
2020-02-28,19.0527,19.4673,18.4918,19.4603,1266500
2020-03-02,19.422,19.7269,19.0388,19.692,945000
2020-03-03,19.8331,20.0143,19.4534,19.4795,621500
2020-03-04,19.9359,20.1119,19.5718,19.854,606500
2020-03-05,19.7495,20.6658,19.6955,20.624,1228500
2020-03-06,20.6432,21.0978,20.5265,20.6693,1793000
2020-03-09,18.814,19.5736,18.814,19.0858,930000
2020-03-10,19.5248,19.5283,18.8942,19.361,2017500
2020-03-11,19.1624,19.2914,18.6259,18.8593,2123000
2020-03-12,18.3332,18.3803,16.8246,17.8315,1838000
2020-03-13,18.2322,18.5423,17.2688,18.2984,2924000
2020-03-16,17.0807,18.2984,16.6591,17.2148,2102500
2020-03-17,17.3037,18.1834,17.0859,17.4396,1799500
2020-03-18,15.8526,17.3002,15.5529,16.1452,1837500
2020-03-19,16.1139,16.6905,14.7202,16.4936,1604000
2020-03-20,16.3595,17.2776,16.1034,16.3769,1145000
2020-03-23,16.2393,16.5459,15.2185,15.4467,809000
2020-03-24,15.8386,16.6661,15.6069,16.3752,1543000
2020-03-25,16.5023,18.5684,16.5023,18.2932,871500
2020-03-26,18.3994,19.4516,18.0005,18.1695,839000
2020-03-27,17.5824,18.0388,17.403,17.7688,1455500
2020-03-30,17.8577,18.6991,17.3246,18.5945,1747000
2020-03-31,18.6416,18.9429,18.2078,18.2514,1338500
2020-04-01,17.99,18.4151,17.943,18.0702,1194500
2020-04-02,18.1451,18.7113,18.0336,18.5492,1424000
2020-04-03,18.4099,18.4621,18.0528,18.1259,1050500
2020-04-06,18.281,18.6363,18.112,18.5806,1123000
2020-04-07,18.6555,19.0475,18.5388,18.8384,990500
2020-04-08,18.8767,19.4325,18.8576,19.3279,699500
2020-04-09,19.3732,19.8976,19.3018,19.8314,721000
2020-04-13,19.9742,19.9742,19.4481,19.6816,489000
2020-04-14,19.8262,20.7547,19.8262,20.2512,1266500
2020-04-15,20.0387,20.3697,19.8453,19.8715,1106500
2020-04-16,20.0596,20.2895,19.8488,20.1153,661500
2020-04-17,20.2843,20.8034,20.077,20.8,657000
2020-04-20,20.6571,21.11,20.5561,20.7895,951000
2020-04-21,20.6798,20.8365,20.2251,20.4672,803000
2020-04-22,20.7808,20.9045,20.5543,20.5979,754000
2020-04-23,20.5979,21.0787,20.5752,21.0473,811000
2020-04-24,20.9846,21.394,20.9585,21.3574,1461000
2020-04-27,21.5856,21.88,21.5595,21.7685,517000
2020-04-28,21.7755,21.9811,21.2721,21.3156,828500
2020-04-29,21.4532,21.6449,21.1989,21.2111,744000
2020-04-30,21.2006,21.2424,20.9062,21.0073,762500
2020-05-01,20.9062,20.9951,20.6345,20.955,654000
2020-05-04,20.6554,21.3069,20.6554,21.3017,1181500
2020-05-05,21.5194,22.103,21.4166,21.6884,750500
2020-05-06,21.8243,22.4323,21.7616,22.2633,1246000
2020-05-07,22.4723,22.6796,22.3295,22.4009,513000
2020-05-08,22.5995,22.7772,22.3783,22.6413,582000
2020-05-11,22.7598,23.6865,22.7458,23.6203,1015500
2020-05-12,23.2388,24.2335,23.0315,23.0524,1680000
2020-05-13,23.8433,23.8433,22.0821,22.1309,1739000
2020-05-14,21.988,21.9985,21.6205,21.6327,1292500
2020-05-15,21.5821,22.4897,21.239,22.2737,1408000
2020-05-19,22.6674,23.0141,22.4322,22.9061,1727000
2020-05-20,23.2231,23.2946,22.596,22.7563,769000
2020-05-21,22.8556,23.0367,22.4235,22.4654,681000
2020-05-22,22.4514,23.0315,22.434,22.9671,822500
2020-05-25,23.2946,23.9531,23.1796,23.8468,648500
2020-05-26,23.9008,24.136,23.0228,23.1848,1346500
2020-05-27,23.1987,24.1011,22.8155,23.967,1595500
2020-05-28,24.093,24.7162,24.093,24.4869,1597500
2020-05-29,24.3311,24.6829,23.8059,24.1578,19302000
2020-06-01,24.3994,24.4659,23.4086,23.5766,1350500
2020-06-02,23.6659,23.806,22.8782,22.9692,1407000
2020-06-03,22.9727,23.0813,22.5071,22.9535,1944500
2020-06-04,22.9535,23.1635,22.6997,23.0113,1220000
2020-06-05,23.1198,23.2021,22.6874,22.908,1198500
2020-06-08,22.7399,22.88,22.2848,22.5369,1575000
2020-06-09,22.4861,22.6402,22.1675,22.6349,678500
2020-06-10,22.5001,22.8117,22.5001,22.6402,808000
2020-06-11,22.5806,22.8292,22.101,22.6454,959500
2020-06-12,22.7819,22.7889,22.4861,22.5684,1357500
2020-06-15,22.3969,22.5526,22.2586,22.4196,1065000
2020-06-16,22.6489,22.887,22.5509,22.7294,919000
2020-06-17,22.7977,23.069,22.7189,23.0183,764500
2020-06-18,23.0428,23.0428,22.6839,22.7312,364000
2020-06-19,22.7574,22.9657,22.6874,22.8064,1245000
2020-06-22,22.8204,23.0112,22.7119,22.8992,947000
2020-06-23,23.0515,23.0515,22.7207,22.8712,590000
2020-06-24,22.8432,22.8432,22.5036,22.6717,633500
2020-06-25,22.5456,22.8432,22.5456,22.7522,810000
2020-06-26,22.7119,22.8537,22.5019,22.5561,369500
2020-06-29,22.7102,22.9325,22.5736,22.6822,563500
2020-06-30,22.6699,23.5416,22.6682,23.4961,880500
2020-07-02,23.4961,23.806,23.2738,23.3543,442500
2020-07-03,23.1495,23.3141,22.8082,23.1198,125500
2020-07-06,23.3683,23.6519,23.2633,23.6222,417000
2020-07-07,23.6484,23.6484,23.3561,23.5504,751500
2020-07-08,23.5504,23.6939,23.4454,23.6642,564500
2020-07-09,23.6939,23.7674,23.2528,23.4664,380000
2020-07-10,23.4629,23.4629,23.041,23.3701,626000
2020-07-13,23.3596,23.6134,23.3596,23.4646,826000
2020-07-14,23.3036,23.9057,23.2441,23.8952,786500
2020-07-15,23.9092,24.2051,23.7202,23.8375,663500
2020-07-16,24.0108,24.0895,23.7517,24.0002,416500
2020-07-17,24.2401,24.2471,23.9075,24.149,245500
2020-07-20,24.1,24.7687,24.0668,24.7179,380500
2020-07-21,24.7914,25.3761,24.3381,24.5271,549500
2020-07-22,24.5936,24.7634,24.5271,24.7634,260000
2020-07-23,24.7634,24.998,24.5184,24.9437,651000
2020-07-24,24.8457,24.8457,24.4974,24.6549,381500
2020-07-27,24.6462,24.7914,24.6006,24.6059,367000
2020-07-28,24.7337,24.7337,24.2331,24.3556,499000
2020-07-29,24.4239,24.4396,24.0685,24.1018,555500
2020-07-30,24.0318,24.1945,23.8725,24.1945,522500
2020-07-31,24.3468,24.4133,23.8059,23.967,524500
2020-08-04,24.023,24.1228,23.6974,24.0055,780500
2020-08-05,24.121,24.3363,23.8532,24.3363,355500
2020-08-06,24.5201,24.6287,23.6292,23.9407,441500
2020-08-07,23.9705,24.1333,23.7989,23.8532,324000
2020-08-10,24.3031,24.3031,23.4209,23.5381,452000
2020-08-11,23.4191,23.6379,23.3718,23.4979,469500
2020-08-12,23.4559,24.2996,23.4559,23.5171,887500
2020-08-13,23.4839,23.8357,23.4839,23.5942,218000
2020-08-14,23.5101,23.9442,23.4646,23.8935,362500
2020-08-17,24.2943,24.2943,23.7622,23.8217,311000
2020-08-18,23.8077,23.8935,23.7009,23.8637,485000
2020-08-19,23.841,23.911,23.6939,23.7447,353000
2020-08-20,23.6761,24.0896,23.6761,24.0737,227500
2020-08-21,24.1775,24.1775,23.8379,24.1265,469000
2020-08-24,24.2567,24.6526,24.2444,24.4573,566500
2020-08-25,24.4538,24.6649,24.0086,24.1599,508000
2020-08-26,24.1599,24.3341,23.9981,24.211,285500
2020-08-27,24.211,24.3535,24.0895,24.2813,449500
2020-08-28,24.1916,24.1916,23.947,24.1036,464000
2020-08-31,24.1071,24.4837,24.1054,24.1265,659000
2020-09-01,24.1318,24.5277,24.1318,24.5101,640000
2020-09-02,24.445,24.7687,24.1142,24.2655,532000
2020-09-03,24.2585,24.2585,23.7711,23.8309,914000
2020-09-04,23.9277,23.9382,23.2696,23.6919,600500
2020-09-08,23.3171,23.7412,23.1236,23.3083,619500
2020-09-09,23.3083,23.8168,23.3083,23.7711,350000
2020-09-10,23.7306,23.8555,23.3453,23.4104,424500
2020-09-11,23.6286,23.7975,23.3347,23.7535,355500
2020-09-14,23.655,23.9787,23.6127,23.947,607500
2020-09-15,23.9277,24.0297,23.75,23.8485,291000
2020-09-16,23.9259,23.9259,23.5511,23.6127,282500
2020-09-17,23.4244,23.7324,23.2854,23.6585,378500
2020-09-18,23.7623,23.8256,23.4702,23.5705,1044000
2020-09-21,23.4596,23.4596,23.1077,23.4456,359500
2020-09-22,23.3769,24.174,23.3769,24.0332,423000
2020-09-23,24.0913,24.2813,23.8503,23.8538,439000
2020-09-24,23.7816,24.0157,23.655,23.8045,356000
2020-09-25,23.8344,23.8942,23.3945,23.8274,602500
2020-09-28,23.9312,24.1705,23.7042,23.9118,833000
2020-09-29,23.8327,24.028,23.7957,23.8643,525000
2020-09-30,23.8432,24.3253,23.7975,24.0948,581000
2020-10-01,24.1335,24.2936,24.0192,24.2761,241500
2020-10-02,24.218,24.2866,23.8766,24.0368,239500
2020-10-05,24.1511,24.211,23.903,24.0684,248000
2020-10-06,23.9769,23.9769,23.7711,23.9488,521500
2020-10-07,23.8731,23.9224,23.7412,23.8309,295000
2020-10-08,23.9118,23.9118,23.6919,23.8925,201000
2020-10-09,23.713,23.9154,23.713,23.7746,368500
2020-10-13,23.8626,24.1494,23.7535,24.1054,331500
2020-10-14,24.0878,24.1283,24.0139,24.0808,215000
2020-10-15,24.1388,24.5066,23.9118,24.4098,507500
2020-10-16,24.3253,24.4485,24.0966,24.2461,295500
2020-10-19,24.2725,24.3429,23.9576,23.9576,448500
2020-10-20,23.8731,24.0157,23.8151,23.8696,239000
2020-10-21,23.8098,24.0104,23.794,23.9769,176000
2020-10-22,23.8714,23.9611,23.6338,23.6391,176500
2020-10-23,23.5318,23.6866,23.5318,23.6321,274500
2020-10-26,23.5599,23.7464,23.347,23.3664,377500
2020-10-27,23.4051,23.5846,23.3629,23.4667,204500
2020-10-28,23.4227,23.5564,23.1711,23.2467,491500
2020-10-29,23.1693,23.3259,22.8948,23.194,351000
2020-10-30,23.1183,23.2344,22.6362,22.7787,840500
2020-11-02,22.8737,23.2327,22.6978,22.784,351000
2020-11-03,23.0479,23.1852,22.8596,23.0039,422500
2020-11-04,23.0039,23.5476,22.9529,23.4596,1873000
2020-11-05,22.4796,23.1535,22.4338,22.6714,1866000
2020-11-06,22.7031,22.9687,22.3476,22.462,528000
2020-11-09,22.8667,23.018,22.5429,22.6978,967500
2020-11-10,22.7998,22.8033,21.9289,22.0643,2491500
2020-11-11,22.0767,22.2808,21.9887,22.1699,939000
2020-11-12,22.323,22.7998,22.2544,22.7083,1078000
2020-11-13,22.8174,22.9705,22.374,22.4356,696500
2020-11-16,22.2473,22.6116,22.2473,22.4514,1157500
2020-11-17,22.4514,22.5676,21.9007,22.0432,1682000
2020-11-18,22.1717,22.2227,21.9289,22.133,2827000
2020-11-19,22.1365,22.4461,21.9631,22.3754,870000
2020-11-20,22.3294,22.4921,22.2515,22.3842,728000
2020-11-23,22.4727,22.4727,22.2568,22.2851,670500
2020-11-24,22.1878,22.3134,21.9224,22.1489,1361500
2020-11-25,22.3011,22.3824,22.1064,22.2763,1156500
2020-11-26,22.2745,22.4373,22.2409,22.317,289000
2020-11-27,22.4656,22.4656,22.1984,22.3524,879500
2020-11-30,22.409,22.7292,22.3559,22.6107,1690000
2020-12-01,22.5788,22.639,22.4338,22.5558,830500
2020-12-02,22.5505,22.7062,22.4479,22.685,1476500
2020-12-03,22.6514,22.8832,22.6036,22.6815,385500
2020-12-04,22.6213,22.8195,22.6213,22.6779,340500
2020-12-07,22.5505,22.6107,22.4284,22.4568,936000
2020-12-08,22.4072,22.5718,22.3948,22.4196,1214500
2020-12-09,22.4196,22.4868,22.2356,22.2745,1877000
2020-12-10,22.2727,22.3612,22.1224,22.225,663000
2020-12-11,22.1365,22.34,22.1365,22.2657,636000
2020-12-14,22.3736,22.5381,22.2232,22.2904,1041500
2020-12-15,22.3099,22.5081,22.2073,22.3807,550000
2020-12-16,22.3807,22.57,22.3276,22.5152,658500
2020-12-17,22.5505,22.7328,22.5346,22.6797,771000
2020-12-18,22.6797,22.8124,22.4143,22.4868,1024000
2020-12-21,22.4178,22.7098,22.2462,22.6195,673000
2020-12-22,22.5541,23.0212,22.4992,22.9398,560000
2020-12-23,22.9398,23.0813,22.5505,22.6195,406000
2020-12-24,22.5647,22.6673,22.4709,22.5824,1022500
2020-12-29,22.5806,23.0636,22.5806,22.8726,725000
2020-12-30,22.8779,22.9044,22.4585,22.4621,389500
2020-12-31,22.4957,22.6762,22.4851,22.4957,317000
2021-01-04,22.3842,22.5045,22.3134,22.4267,342500
2021-01-05,22.3134,22.6885,22.3117,22.4444,544000
2021-01-06,22.4302,22.5612,22.2639,22.2904,904500
2021-01-07,22.3842,22.6248,22.3771,22.4709,787000
2021-01-08,22.5205,22.5806,22.2816,22.455,1179500
2021-01-11,22.4196,22.4585,22.2055,22.2427,725500
2021-01-12,22.117,22.3046,22.0197,22.2568,526500
2021-01-13,22.3188,22.3188,22.064,22.2922,1132500
2021-01-14,22.2444,22.2444,21.9578,21.9985,889500
2021-01-15,21.9684,22.0003,21.7915,21.7932,944500
2021-01-18,21.7632,22.202,21.7614,22.2002,372000
2021-01-19,22.1047,22.1064,21.7862,21.7986,697000
2021-01-20,21.8198,21.9224,21.7809,21.8393,475000
2021-01-21,21.8392,22.317,21.7632,22.133,761000
2021-01-22,22.163,22.2285,21.8074,21.8764,318500
2021-01-25,21.9366,22.0286,21.7632,21.9419,433000
2021-01-26,22.0852,22.0923,21.7986,21.933,411000
2021-01-27,21.8552,21.9808,21.5491,21.6429,591500
2021-01-28,21.6429,22.232,21.6429,22.0852,1016500
2021-01-29,21.9737,22.0286,21.6729,21.8233,791500
2021-02-01,21.7756,22.1825,21.7756,21.972,548000
2021-02-02,21.972,22.5718,21.972,22.3789,412500
2021-02-03,22.2444,22.5488,22.2002,22.5063,862000
2021-02-04,22.4267,22.4957,22.0799,22.1188,533500
2021-02-05,22.3612,22.4267,22.0604,22.1914,873000
2021-02-08,22.363,22.3824,22.0587,22.0993,708500
2021-02-09,22.0994,22.3188,21.9861,22.2922,1079500
2021-02-10,22.6054,22.8991,22.4196,22.547,594500
2021-02-11,22.6195,23.1043,22.4338,23.0336,2939000
2021-02-12,23.0442,23.1008,22.6319,22.7682,651000
2021-02-16,22.6532,22.8354,22.2055,22.3364,1383000
2021-02-17,22.248,22.5063,22.0516,22.4108,682500
2021-02-18,22.4108,22.4108,22.0463,22.3099,645500
2021-02-19,22.3435,22.3771,22.1436,22.2497,509500
2021-02-22,22.117,22.3187,21.9914,22.2144,602500
2021-02-23,22.0693,22.2674,21.7702,21.9136,560500
2021-02-24,21.8163,21.9631,21.5685,21.7915,912000
2021-02-25,21.6829,21.7737,21.6082,21.6918,988500
2021-02-26,21.8858,21.9765,21.6082,21.6189,1151000
2021-03-01,21.8449,21.8449,21.3769,21.6883,824000
2021-03-02,21.6545,21.9801,21.6545,21.7861,462500
2021-03-03,21.7861,21.989,21.5032,21.9623,563000
2021-03-04,21.9481,21.957,21.6367,21.9232,571500
2021-03-05,22.0281,22.2061,21.8876,22.1314,716000
2021-03-08,22.1189,22.5104,22.0673,22.3858,508000
2021-03-09,22.4712,22.8823,22.4659,22.5709,731500
2021-03-10,22.5994,22.8734,22.5389,22.7631,824000
2021-03-11,22.7755,22.8325,22.3164,22.772,1090500
2021-03-12,22.6581,22.8325,22.4784,22.7666,941000
2021-03-15,22.7204,22.9784,22.5478,22.9748,512000
2021-03-16,22.9321,23.6208,22.8627,23.4998,750000
2021-03-17,23.5193,23.6599,23.3112,23.4891,613000
2021-03-18,23.3236,23.4731,23.1065,23.1207,1311000
2021-03-19,23.0958,23.2382,22.8396,23.1296,1022500
2021-03-22,23.1065,23.3503,22.9837,23.1279,400000
2021-03-23,23.1901,23.3788,23.1243,23.1901,390500
2021-03-24,23.1457,23.1848,22.7791,23.0887,476000
2021-03-25,23.1207,23.1207,22.5549,22.9303,877000
2021-03-26,22.8859,23.0905,22.8218,23.0585,277000
2021-03-29,23.1172,23.135,22.7702,23.0923,565500
2021-03-30,23.046,23.046,22.8823,23.0193,295000
2021-03-31,23.0407,23.3005,22.9695,23.2382,563500
2021-04-01,23.3201,23.8236,23.2809,23.8147,553000
2021-04-05,23.9571,24.2899,23.7436,23.934,669000
2021-04-06,23.8841,24.1849,23.5887,24.1635,481000
2021-04-07,24.0443,24.0532,23.8076,23.8557,322500
2021-04-08,23.918,24.1101,23.7685,24.0425,465000
2021-04-09,24.0603,24.1422,23.8877,24.1351,629500
2021-04-12,24.0229,24.2116,24.0229,24.1813,518000
2021-04-13,24.0479,24.1528,23.829,24.1208,510000
2021-04-14,24.3166,24.3166,24.0051,24.0763,725000
2021-04-15,24.1778,24.3486,23.934,24.0639,515000
2021-04-16,24.0372,24.3005,23.9073,24.2845,591000
2021-04-19,24.224,24.4162,24.1938,24.329,381000
2021-04-20,24.3219,24.612,24.3219,24.4643,491000
2021-04-21,24.5319,24.7614,24.4233,24.7347,324000
2021-04-22,24.708,24.708,24.3913,24.523,345000
2021-04-23,24.5248,24.5906,24.3432,24.434,288500
2021-04-26,24.4322,24.4785,24.1724,24.3219,433000
2021-04-27,24.3219,24.4892,24.1333,24.3949,189000
2021-04-28,24.4607,24.6262,24.0051,24.2329,460500
2021-04-29,24.3486,24.4376,24.1849,24.3753,224000
2021-04-30,24.3628,24.4215,24.0354,24.103,552000
2021-05-03,24.1813,24.2756,23.9767,24.0941,909500
2021-05-04,23.9375,24.1617,23.7542,24.0834,305500
2021-05-05,24.1101,24.1101,23.7258,23.7934,431500
2021-05-06,23.756,24.0941,23.587,23.9767,1073000
2021-05-07,23.9963,24.0318,23.8147,24.0069,243000
2021-05-10,23.9518,24.1279,23.8343,24.055,405000
2021-05-11,24.1012,24.1012,23.7187,23.9589,485000
2021-05-12,24.2365,24.24,23.4891,23.708,647500
2021-05-13,23.7365,24.0336,23.4713,23.5211,411000
2021-05-14,23.8432,23.8432,23.4357,23.6777,279000
2021-05-17,23.6759,23.6831,23.4677,23.6528,397000
2021-05-18,23.6528,23.7275,23.5923,23.6564,566500
2021-05-19,23.5745,23.6315,23.4517,23.5976,308000
2021-05-20,23.6493,23.7898,23.5852,23.7115,553500
2021-05-21,23.7809,23.95,23.5069,23.8752,489500
2021-05-25,23.7934,24.1119,23.7934,24.0265,536000
2021-05-26,23.9304,24.2258,23.8895,24.0674,715500
2021-05-27,23.8795,24.0961,23.8741,24.0227,2128000
2021-05-28,24.2983,24.3395,23.9046,24.0424,555500
2021-05-31,24.1086,24.1086,23.7005,23.7453,218500
2021-06-01,23.9618,24.114,23.8222,23.9976,643000
2021-06-02,24.0084,24.0084,23.7739,23.9422,367000
2021-06-03,23.8258,23.9332,23.7399,23.7739,529000
2021-06-04,23.8616,23.9708,23.7507,23.8401,726500
2021-06-07,23.8402,23.8903,23.6075,23.6934,387000
2021-06-08,23.6683,23.7453,23.5449,23.5968,476000
2021-06-09,23.6075,23.62,23.3999,23.4035,357000
2021-06-10,23.4088,23.5842,23.1332,23.5663,449000
2021-06-11,23.5663,23.5663,23.28,23.4339,671000
2021-06-14,23.3909,23.5771,23.3158,23.5055,439000
2021-06-15,23.5788,24.0119,23.5341,23.8509,564500
2021-06-16,23.9511,24.4647,23.8777,24.0334,1079500
2021-06-17,23.9404,24.1677,23.8938,23.9189,603500
2021-06-18,23.7686,23.9099,23.4446,23.4554,821500
2021-06-21,23.4625,23.6325,23.2621,23.6129,591000
2021-06-22,23.6701,23.8563,23.6254,23.7274,297000
2021-06-23,23.6844,23.7918,23.6504,23.6612,352500
2021-06-24,23.6916,23.7811,23.6486,23.7202,407500
2021-06-25,23.7202,23.8545,23.6648,23.6934,279500
2021-06-28,23.6486,23.7149,23.5592,23.7077,338500
2021-06-29,23.5878,23.8026,23.5789,23.7507,228000
2021-06-30,23.6844,23.79,23.3766,23.4339,722500
2021-07-02,23.4554,23.5055,23.3373,23.3784,647000
2021-07-05,23.3372,23.4267,23.1887,23.2406,221000
2021-07-06,23.2567,23.3265,23.0491,23.2818,625500
2021-07-07,23.2979,23.2979,23.144,23.212,320000
2021-07-08,23.1583,23.1583,22.9435,23.1153,442000
2021-07-09,23.1028,23.2746,23.0384,23.1422,504500
2021-07-12,23.0867,23.4661,23.0473,23.1279,639500
2021-07-13,23.4214,23.4214,22.9704,23.2639,644500
2021-07-14,23.3015,23.3677,23.0867,23.271,339500
2021-07-15,23.246,23.5037,23.2334,23.4393,456500
2021-07-16,23.475,23.7202,23.4607,23.5878,362000
2021-07-19,23.5073,23.6379,23.3319,23.5556,593000
2021-07-20,23.5735,23.9583,23.5592,23.9332,525000
2021-07-21,23.8831,24.0943,23.858,23.8849,431000
2021-07-22,23.8849,24.1963,23.8205,24.046,445000
2021-07-23,23.9869,24.2178,23.9869,24.1014,226500
2021-07-26,24.1086,24.114,23.9439,24.0352,243000
2021-07-27,23.9422,24.2196,23.9422,24.0889,297500
2021-07-28,24.0603,24.1676,23.9672,23.9708,253500
2021-07-29,24.0495,24.4003,23.9225,24.3645,400500
2021-07-30,24.4576,24.556,24.3448,24.5202,400500
2021-08-03,24.3699,24.6079,24.2464,24.2947,698500
2021-08-04,24.2196,24.454,24.2178,24.3413,397500
2021-08-05,24.6312,26.0736,24.6312,25.4133,1259000
2021-08-06,25.3202,25.4133,25.0804,25.1681,381000
2021-08-09,25.007,25.1609,24.6294,24.9605,376000
2021-08-10,24.8388,25.0142,24.8388,24.9408,302500
2021-08-11,24.8781,24.9211,24.6186,24.6849,802500
2021-08-12,24.7028,24.7207,24.4647,24.6813,294500
2021-08-13,24.9963,24.9963,24.692,24.7403,307500
2021-08-16,24.6813,24.7028,24.5721,24.6276,255500
2021-08-17,24.5739,24.7654,24.5095,24.7457,566500
2021-08-18,24.7565,24.769,24.5578,24.6079,350000
2021-08-19,24.5215,25.1316,24.3379,24.9715,974000
2021-08-20,25.0254,25.173,24.8437,25.173,293500
2021-08-23,25.0866,25.1838,24.8905,25.0128,286000
2021-08-24,24.9211,25.0938,24.8527,25.0812,321500
2021-08-25,25.0596,25.1874,24.7879,24.9409,275500
2021-08-26,24.8383,24.9247,24.6763,24.9085,491000
2021-08-27,24.7465,24.9607,24.7465,24.8437,259000
2021-08-30,24.8437,24.9409,24.7771,24.8491,139000
2021-08-31,24.9355,25.2972,24.8689,24.9805,422500
2021-09-01,24.9265,25.3674,24.9265,25.3404,345500
2021-09-02,25.2486,25.4142,25.146,25.2216,204500
2021-09-03,25.2324,25.2846,25.0075,25.1568,214500
2021-09-07,25.1586,25.2378,24.9643,25.11,338000
2021-09-08,25.0164,25.263,25.0164,25.2432,253000
2021-09-09,25.245,25.4232,25.1226,25.1262,191000
2021-09-10,25.1334,25.3728,24.9499,25.2486,224000
2021-09-13,25.0956,25.524,25.0956,25.2108,621500
2021-09-14,25.2162,25.515,25.1388,25.173,414500
2021-09-15,25.1352,25.3818,24.8527,25.0956,496000
2021-09-16,25.1406,25.4178,25.0236,25.0596,307000
2021-09-17,24.9031,25.0236,24.6565,24.7573,1660500
2021-09-20,24.5737,24.5737,24.2678,24.4999,409000
2021-09-21,24.5161,24.7699,24.5161,24.6475,292500
2021-09-22,24.7069,24.8311,24.5827,24.7231,265500
2021-09-23,24.8437,24.9031,24.5755,24.8077,369000
2021-09-24,24.7969,25.0902,24.7753,25.0056,253500
2021-09-27,25.0182,25.3458,24.9049,25.2594,672500
2021-09-28,25.2216,25.2216,24.6691,24.7195,501000
2021-09-29,24.8635,24.8977,24.6691,24.7645,332000
2021-09-30,24.8599,24.8815,24.4189,24.5827,654500
2021-10-01,24.6835,24.7519,24.4315,24.4639,293000
2021-10-04,24.3883,24.5665,23.942,24.0122,352500
2021-10-05,24.1058,24.1058,23.7134,23.8214,729000
2021-10-06,23.7566,23.8736,23.6306,23.8376,325000
2021-10-07,23.8412,24.2516,23.8412,24.1004,502500
2021-10-08,24.1292,24.3019,24.0176,24.0176,818500
2021-10-12,24.014,24.014,23.6001,23.888,618500
2021-10-13,23.9546,24.3289,23.9546,24.3289,458500
2021-10-14,24.2966,24.4189,24.0914,24.1418,290500
2021-10-15,24.1418,24.1994,23.7314,24.032,576500
2021-10-18,23.852,24.0914,23.7206,24.0608,609500
2021-10-19,24.0032,24.1958,23.8952,23.9906,488500
2021-10-20,23.9906,24.1184,23.8862,23.942,418000
2021-10-21,23.9474,24.0428,23.8268,24.0068,446500
2021-10-22,24.0698,24.2876,24.0086,24.0356,504000
2021-10-25,23.8772,24.3217,23.8772,24.2714,589000
2021-10-26,24.2768,24.2768,24.0626,24.1706,366500
2021-10-27,24.1436,24.221,24.0446,24.1292,703000
2021-10-28,24.1292,24.3055,24.1274,24.2678,261500
2021-10-29,24.3415,24.3433,24.1022,24.1148,380500
2021-11-01,24.1562,24.2966,24.0752,24.2786,308500
2021-11-02,24.167,24.3685,24.167,24.2552,234500
2021-11-03,24.2966,24.3775,24.1994,24.248,235000
2021-11-04,24.2894,24.3883,24.2246,24.3037,393500
2021-11-05,24.3991,24.8293,24.2822,24.7843,391500
2021-11-08,24.9247,24.9247,24.5899,24.8689,240000
2021-11-09,24.023,24.2282,23.8826,24.185,1146500
2021-11-10,23.8268,24.1346,23.8268,23.9834,643500
2021-11-11,23.9816,24.1508,23.798,24.1418,287000
2021-11-12,24.0878,24.212,23.9888,24.1166,329500
2021-11-15,23.96,24.1184,23.9366,23.9636,552000
2021-11-16,24.0014,24.2066,24.0014,24.1598,367500
2021-11-17,24.1184,24.1598,23.9474,24.0536,363000
2021-11-18,24.0266,24.0446,23.8934,23.9258,612000
2021-11-19,23.7998,24.086,23.7998,24.0302,816000
2021-11-22,24.0896,24.0896,23.888,24.0032,683000
2021-11-23,24.041,24.0698,23.7872,23.8718,575000
2021-11-24,23.8718,23.8736,23.6972,23.8412,811000
2021-11-25,23.8141,23.9354,23.7616,23.767,200500
2021-11-26,23.6258,23.6258,23.3905,23.4828,433000
2021-11-29,23.5733,23.5932,23.28,23.2818,711000
2021-11-30,23.1714,23.2746,22.2663,22.4419,1648000
2021-12-01,22.8094,22.8528,22.5595,22.5758,576500
2021-12-02,22.6301,22.8763,22.6301,22.7822,968000
2021-12-03,22.822,22.9288,22.3025,22.4346,590000
2021-12-06,22.4111,22.6591,22.3966,22.5396,973500
2021-12-07,22.6374,22.918,22.6374,22.8257,806500
2021-12-08,22.8691,22.8691,22.3296,22.603,727000
2021-12-09,22.5016,22.6483,22.4926,22.5179,554500
2021-12-10,22.5523,22.641,22.4202,22.4582,496500
2021-12-13,22.4672,22.6247,22.1359,22.2735,1009500
2021-12-14,22.1287,22.6573,22.1287,22.6283,1094500
2021-12-15,22.7062,22.7858,22.3115,22.7713,487500
2021-12-16,22.7804,22.8438,22.4799,22.6157,359500
2021-12-17,22.6229,22.6392,22.3839,22.5867,728500
2021-12-20,22.5016,22.5197,22.3115,22.3459,576000
2021-12-21,22.5288,22.8257,22.4401,22.7587,487500
2021-12-22,22.6881,23.0266,22.5976,22.9994,696000
2021-12-23,23.0248,23.0556,22.7695,22.9976,684500
2021-12-24,22.9397,23.0972,22.9397,23.0972,156000
2021-12-29,22.8112,23.1569,22.8112,23.0809,356500
2021-12-30,23.0809,23.2348,23.0031,23.2076,270500
2021-12-31,23.1569,23.2674,23.1569,23.2167,198000
2022-01-04,23.0628,23.2112,22.8564,23.1859,833500
2022-01-05,23.1859,23.2076,22.5831,22.5976,604500
2022-01-06,22.5704,22.717,22.5215,22.612,391000
2022-01-07,22.5433,22.708,22.4002,22.6464,431500
2022-01-10,22.5849,22.5849,22.3007,22.4328,558000
2022-01-11,22.3568,22.813,22.3568,22.7677,336000
2022-01-12,22.746,22.8456,22.527,22.8112,445000
2022-01-13,22.8293,23.1425,22.7207,23.0737,595500
2022-01-14,23.0592,23.1895,22.7876,23.0085,645500
2022-01-17,23.0791,23.1569,22.965,23.1189,147000
2022-01-18,22.9705,23.0809,22.8166,22.9035,656500
2022-01-19,22.9288,23.0013,22.737,22.8202,340000
2022-01-20,22.8202,23.1406,22.717,22.9089,476500
2022-01-21,22.7732,23.0827,22.7732,22.88,466500
2022-01-24,22.6917,22.8564,22.1921,22.67,1291000
2022-01-25,22.5414,23.0103,22.288,22.7822,437500
2022-01-26,22.8601,23.1678,22.6501,22.737,604500
2022-01-27,22.8094,22.8908,22.5306,22.5306,288000
2022-01-28,22.6012,22.7496,22.3423,22.737,326500
2022-01-31,22.7641,23.4158,22.708,23.4086,711500
2022-02-01,23.4013,23.5335,22.6139,22.6283,784000
2022-02-02,22.7225,22.7913,22.4292,22.746,705500
2022-02-03,22.6301,22.7333,22.4654,22.5179,379500
2022-02-04,22.4745,22.5903,22.2409,22.2862,581500
2022-02-07,22.212,22.4202,22.0672,22.2301,466000
2022-02-08,22.6682,23.0592,22.3242,23.0447,809000
2022-02-09,23.0863,23.5588,23.0863,23.5063,942500
2022-02-10,23.3524,23.7579,23.3524,23.7127,822500
2022-02-11,23.738,24.1363,23.5516,24.091,1339000
2022-02-14,24.0838,24.5273,24.0132,24.0856,1167000
2022-02-15,24.2413,24.464,24.1725,24.3173,549000
2022-02-16,24.2884,24.339,23.5335,23.5661,1331500
2022-02-17,23.5461,23.5461,22.8238,23.0447,883500
2022-02-18,23.1244,23.1244,22.5958,22.5976,506000
2022-02-22,22.5143,22.5921,22.2627,22.3966,379500
2022-02-23,22.3948,22.7152,22.3785,22.536,503000
2022-02-24,22.2371,23.5584,22.1278,23.3689,1238500
2022-02-25,23.3962,23.3962,22.8221,23.0773,405000
2022-02-28,23.0226,23.3725,23.0153,23.3342,698000
2022-03-01,23.3251,23.542,23.183,23.491,509000
2022-03-02,23.4891,23.8463,23.3907,23.7315,466500
2022-03-03,23.737,24.1361,23.737,24.0395,837500
2022-03-04,24.0942,24.9489,23.9867,24.6026,1026000
2022-03-07,24.8651,24.9343,24.5789,24.8067,1264500
2022-03-08,24.8487,25.0455,24.342,24.7758,2295500
2022-03-09,24.7758,24.8705,24.506,24.7247,581000
2022-03-10,24.6682,24.6682,24.3511,24.6026,389000
2022-03-11,24.6026,24.8177,24.5115,24.7193,551500
2022-03-14,24.6919,24.9562,24.3931,24.4313,462000
2022-03-15,24.4277,24.5079,24.2618,24.3931,606500
2022-03-16,24.3548,24.5607,24.0085,24.3821,835000
2022-03-17,24.3821,24.5152,24.291,24.4696,484500
2022-03-18,24.4751,24.5261,24.1379,24.2181,947500
2022-03-21,24.1452,24.2072,23.7206,23.7862,563000
2022-03-22,23.8099,24.1142,23.7333,23.8846,780000
2022-03-23,23.9338,24.065,23.6896,23.7242,636500
2022-03-24,23.6313,23.7133,23.3105,23.5219,599000
2022-03-25,23.5092,23.5948,23.3142,23.4035,405500
2022-03-28,23.3761,23.5383,23.3197,23.3306,552000
2022-03-29,23.3944,23.604,23.2358,23.285,879500
2022-03-30,23.3069,23.6841,23.2413,23.5365,537500
2022-03-31,23.7406,23.8482,23.4053,23.4326,377500
2022-04-01,23.6495,23.6495,23.4308,23.4873,394000
2022-04-04,23.5074,23.8974,23.4235,23.8627,473000
2022-04-05,23.8627,23.9539,23.7643,23.8627,524000
2022-04-06,23.6969,23.839,23.4582,23.5292,306500
2022-04-07,23.5602,23.9757,23.5602,23.9757,823500
2022-04-08,23.9757,24.4186,23.9757,23.9921,420000
2022-04-11,23.8919,23.9958,23.5894,23.7461,680000
2022-04-12,23.7024,23.7024,23.3907,23.5821,611000
2022-04-13,23.5566,23.7242,23.4035,23.5074,411500
2022-04-14,23.4819,23.6149,23.2176,23.2522,536000
2022-04-18,23.0335,23.2376,22.9114,22.977,278000
2022-04-19,23.0281,23.5766,22.8877,23.5584,626500
2022-04-20,23.5803,24.0049,23.4472,23.5475,468000
2022-04-21,23.3634,23.4964,22.9424,23.1884,700500
2022-04-22,23.1301,23.1666,22.9789,23.0645,844500
2022-04-25,23.2231,23.9958,22.8713,23.8901,1006000
2022-04-26,23.8445,23.8445,23.172,23.5092,807500
2022-04-27,23.4946,23.5238,23.1684,23.234,727000
2022-04-28,23.46,23.7898,23.3233,23.7734,501000
2022-04-29,23.8445,24.0778,23.7844,23.8354,649500
2022-05-02,23.788,23.8609,23.5985,23.7552,675500
2022-05-03,24.076,24.3712,23.9775,24.1051,1044500
2022-05-04,24.2108,24.4933,23.8737,24.4386,788500
2022-05-05,24.3912,24.5079,24.0085,24.1343,1123500
2022-05-06,24.1744,24.4003,24.065,24.3238,485500
2022-05-09,24.1889,24.3074,23.9757,24.1142,751000
2022-05-10,24.1908,24.2837,23.87,24.0176,1268500
2022-05-11,24.034,24.24,23.9028,24.1543,701500
2022-05-12,24.1179,24.3275,23.9393,24.1015,1276000
2022-05-13,24.1744,24.6774,24.0268,24.619,1391500
2022-05-16,24.619,24.9762,24.4568,24.9307,737500
2022-05-17,25.0181,25.0783,24.7903,24.9033,442500
2022-05-18,24.8049,25.122,24.7211,24.9288,912000
2022-05-19,24.894,25.3029,24.8592,25.1764,1095000
2022-05-20,25.2589,25.6513,24.9637,25.2204,909500
2022-05-24,25.0902,25.4349,24.9655,25.0132,677500
2022-05-25,25.1544,25.1782,24.8793,25.0975,423000
2022-05-26,25.2222,25.3029,24.993,25.0609,909500
2022-05-27,25.1635,25.3707,25.0847,25.2681,852500
2022-05-30,25.1195,25.3726,25.1195,25.2204,248500
2022-05-31,25.6036,25.6036,25.1452,25.2351,2139500
2022-06-01,25.3744,25.4862,25.0957,25.3909,384500
2022-06-02,25.4716,25.6439,25.1489,25.5981,445500
2022-06-03,25.5889,25.5981,25.2937,25.3194,421000
2022-06-06,25.4202,25.4514,25.0462,25.1195,916000
2022-06-07,25.1324,25.2919,24.9747,25.2167,498000
2022-06-08,25.1745,25.1745,24.916,24.9435,471500
2022-06-09,24.9435,25.0517,24.9178,24.9417,654500
2022-06-10,24.9344,24.9344,24.7492,24.784,1315000
2022-06-13,24.5511,24.817,24.2449,24.5713,875500
2022-06-14,24.6318,24.6722,24.1679,24.4338,741000
2022-06-15,24.5438,24.828,24.421,24.6905,830500
2022-06-16,24.399,24.7913,24.399,24.6061,909500
2022-06-17,24.6795,24.7877,24.3073,24.4668,1141000
2022-06-20,24.4686,24.5035,24.1936,24.4815,393500
2022-06-21,24.366,24.6648,24.366,24.5548,532500
2022-06-22,24.4613,24.5878,24.3715,24.4998,945000
2022-06-23,24.4998,24.6245,24.4063,24.5823,636000
2022-06-24,24.6061,24.674,24.4191,24.454,666000
2022-06-27,24.5493,24.5493,23.7334,23.7902,606000
2022-06-28,23.8049,23.9149,23.594,23.7389,693000
2022-06-29,23.737,24.0763,23.5959,24.0359,770000
2022-06-30,23.8782,24.0909,23.7755,24.0194,431000
2022-07-04,24.2046,24.2046,23.8544,23.9827,202000
2022-07-05,23.8617,24.0176,23.4583,23.9002,692000
2022-07-06,23.8727,24.0377,23.7187,24.0176,445000
2022-07-07,23.9827,24.0799,23.8306,23.9607,535500
2022-07-08,23.8966,24.0176,23.737,23.8654,493500
2022-07-11,23.8452,23.8764,23.5739,23.7334,578000
2022-07-12,23.6417,23.8086,23.5152,23.5555,1020000
2022-07-13,23.4363,23.5574,22.9743,23.3923,1418000
2022-07-14,23.2365,23.4785,23.0201,23.1668,1126500
2022-07-15,23.2053,23.3942,23.11,23.2823,364500
2022-07-18,23.2952,23.3795,23.2603,23.3282,541000
2022-07-19,23.3318,23.4143,23.0348,23.11,741500
2022-07-20,23.1026,23.1228,22.912,23.066,466500
2022-07-21,22.989,23.2145,22.989,23.1118,721500
2022-07-22,23.0861,23.2475,23.0018,23.0476,666500
2022-07-25,23.0751,23.385,22.8973,23.3428,682500
2022-07-26,23.3557,23.3557,22.9395,23.1521,495000
2022-07-27,23.1338,23.3777,23.0091,23.242,618000
2022-07-28,23.3538,23.4033,23.2328,23.3172,366000
2022-07-29,23.8086,24.7125,23.8086,24.0909,859500
2022-08-02,23.9919,24.3733,23.5885,24.1001,1080500
2022-08-03,24.2981,24.2981,23.9864,24.0341,352500
2022-08-04,24.0341,24.2523,23.9516,24.1496,204000
2022-08-05,23.9736,24.0561,23.5079,23.7701,300500
2022-08-08,23.77,23.9149,23.7645,23.8214,790500
2022-08-09,23.7811,23.8141,23.6289,23.7205,818500
2022-08-10,23.8141,23.8361,23.4363,23.5849,826000
2022-08-11,23.548,23.954,23.4741,23.8561,433500
2022-08-12,23.9909,24.2658,23.965,24.2179,469500
2022-08-15,24.2179,24.3858,24.0684,24.1053,279500
2022-08-16,24.1053,24.6275,24.0259,24.5814,885500
2022-08-17,24.4799,24.7641,24.4153,24.7383,397000
2022-08-18,24.7383,25.0502,24.7235,24.8545,448000
2022-08-19,24.8435,24.8435,24.6331,24.7383,675500
2022-08-22,24.598,24.7549,24.2068,24.4559,715500
2022-08-23,24.5482,24.5482,24.1293,24.1736,462500
2022-08-24,24.3563,24.4854,24.2806,24.4135,463500
2022-08-25,24.3766,24.4965,24.2954,24.4891,1041000
2022-08-26,24.4799,24.4799,24.2289,24.2991,566000
2022-08-29,24.3378,24.3932,24.1477,24.371,304000
2022-08-30,24.3895,24.5851,24.1791,24.1939,493000
2022-08-31,24.2308,24.4282,24.192,24.3415,484000
2022-09-01,24.288,24.288,23.9466,24.0388,903500
2022-09-02,24.1108,24.5445,24.1108,24.2861,631000
2022-09-06,24.1883,24.4707,24.0481,24.2917,319000
2022-09-07,24.3397,24.5353,24.1071,24.4947,556500
2022-09-08,24.4245,24.5408,24.168,24.3064,326500
2022-09-09,24.3046,24.6331,24.2861,24.4172,463000
2022-09-12,24.4356,24.8213,24.4356,24.8158,478500
2022-09-13,24.6571,24.7826,24.4411,24.5371,747500
2022-09-14,24.5371,24.729,24.2511,24.4282,689500
2022-09-15,24.3249,24.4541,24.0721,24.1514,437000
2022-09-16,24.0518,24.1828,23.9447,24.0776,608500
2022-09-19,23.9853,24.3249,23.9853,24.2824,214000
2022-09-20,24.2068,24.2086,23.8783,24.0388,307500
2022-09-21,24.1034,24.2769,24.0149,24.0887,240500
2022-09-22,23.8894,23.9503,23.6458,23.6605,298000
2022-09-23,23.5978,23.6181,23.2527,23.3283,312000
2022-09-26,23.3431,23.4372,23.1862,23.225,255000
2022-09-27,23.2379,23.3579,23.0035,23.0681,668500
2022-09-28,23.0847,23.4372,22.7046,23.3856,624000
2022-09-29,23.3376,23.3376,23.046,23.0792,842500
2022-09-30,23.1715,23.6107,23.1715,23.4483,629000
2022-10-03,23.5203,24.0794,23.4501,23.9835,533000
2022-10-04,24.1348,25.2236,24.1311,24.9634,1272000
2022-10-05,24.9099,25.3952,24.7789,25.1129,990000
2022-10-06,25.0871,25.0871,24.1533,24.2806,428500
2022-10-07,24.1976,24.1976,23.452,23.6771,339500
2022-10-11,23.4391,23.5147,23.1752,23.308,401000
2022-10-12,23.1124,23.4003,23.1124,23.3099,404000
2022-10-13,23.0312,24.0702,23.0312,24.0038,557500
2022-10-14,24.1514,24.3249,23.3468,23.5609,413500
2022-10-17,23.6919,24.1533,23.6624,23.8414,644500
2022-10-18,23.9835,24.2382,23.9835,24.1736,396000
2022-10-19,24.0831,24.109,23.6845,23.8672,406500
2022-10-20,23.9613,24.0831,23.4465,23.4575,481000
2022-10-21,23.3376,23.9779,23.2564,23.8709,444500
2022-10-24,24.0758,24.0758,23.631,23.7122,509500
2022-10-25,23.8137,24.2769,23.703,24.0776,550500
2022-10-26,23.9816,24.2824,23.8801,23.9503,504000
2022-10-27,24.2345,24.5224,24.0075,24.4522,487500
2022-10-28,24.4633,24.467,24.0979,24.4412,637500
2022-10-31,24.3157,24.4264,23.9373,24.1717,513500
2022-11-01,24.3544,24.3544,23.8063,23.8543,266500
2022-11-02,23.7565,24.2381,23.7454,23.7823,630500
2022-11-03,23.6199,24.2068,23.6089,23.8967,788000
2022-11-04,24.0185,24.5666,23.6845,24.4319,805000
2022-11-07,24.5334,24.7161,24.3581,24.6405,240500
2022-11-08,24.7733,24.8804,24.5685,24.729,295500
2022-11-09,24.6251,25.0373,24.5006,24.5211,328500
2022-11-10,25.0651,25.1877,24.9054,25.1487,419000
2022-11-11,25.223,25.418,24.8887,24.8887,242500
2022-11-14,24.8887,25.0856,24.6622,24.6938,468000
2022-11-15,24.8442,25.2286,24.8442,25.041,402500
2022-11-16,25.0094,25.3511,25.0094,25.3084,703000
2022-11-17,25.1673,25.3288,25.0893,25.2843,415000
2022-11-18,25.4811,25.5665,25.119,25.1896,208500
2022-11-21,25.2527,25.4328,25.0392,25.3326,680000
2022-11-22,25.3715,25.4384,25.2471,25.4291,299000
2022-11-23,25.4031,25.6278,25.3437,25.3715,252000
2022-11-24,25.301,25.4941,25.1079,25.4941,300000
2022-11-25,25.4941,25.6018,25.405,25.5907,248500
2022-11-28,25.5312,25.6371,25.2713,25.5052,331000
2022-11-29,25.6222,25.7782,25.3883,25.6631,403500
2022-11-30,25.7467,26.3223,25.6241,26.1905,1874000
2022-12-01,26.2165,26.5396,26.1682,26.4486,518500
2022-12-02,26.3984,26.3984,25.8766,25.9565,297000
2022-12-05,25.8915,26.0716,25.4217,25.4235,441000
2022-12-06,25.4774,25.6185,25.2806,25.2843,438000
2022-12-07,25.3734,25.9175,25.3734,25.7559,380000
2022-12-08,25.7299,25.9045,25.5572,25.7615,463000
2022-12-09,25.7838,25.7912,25.5331,25.6334,229000
2022-12-12,25.6111,25.7559,25.5758,25.7169,170000
2022-12-13,26.1273,26.3372,25.8729,26.0531,551000
2022-12-14,26.053,26.2239,25.7337,25.8618,547000
2022-12-15,25.6984,25.8339,25.2156,25.5758,472000
2022-12-16,25.3678,25.535,24.9147,25.34,931000
2022-12-19,25.3158,26.0605,24.7458,24.7866,735500
2022-12-20,24.7866,25.171,24.6975,24.9277,475000
2022-12-21,24.976,25.5145,24.976,25.2657,361500
2022-12-22,25.236,25.3511,25.08,25.2898,178500
2022-12-23,25.3418,25.5071,25.0967,25.4978,309500
2022-12-28,25.8562,25.8562,24.9686,24.9872,246000
2022-12-29,25.119,25.4403,25.08,25.1171,227500
2022-12-30,25.1171,25.2137,25.0429,25.1654,202000
2023-01-03,25.3864,25.3864,24.6715,24.7885,323000
2023-01-04,24.7105,25.2174,24.6789,25.0336,600000
2023-01-05,25.08,25.3493,24.6195,24.69,489000
2023-01-06,24.846,25.5535,24.5749,25.5071,521000
2023-01-09,25.5442,25.9491,25.2787,25.2806,350000
2023-01-10,25.3715,25.7522,25.2768,25.6185,394500
2023-01-11,25.7169,25.8451,25.4978,25.7578,436000
2023-01-12,25.7318,25.7318,25.1171,25.366,360000
2023-01-13,25.314,25.4477,25.0856,25.236,361500
2023-01-16,25.2137,25.4755,25.0707,25.4477,130500
2023-01-17,25.5647,25.5647,25.1896,25.509,318500
2023-01-18,25.5108,25.7169,25.4533,25.4793,276500
2023-01-19,25.4793,25.496,25.0559,25.106,264000
2023-01-20,25.1004,25.34,24.9686,25.2081,270500
2023-01-23,25.2063,25.3697,25.0094,25.3103,418500
2023-01-24,25.1506,25.457,25.1339,25.1376,552000
2023-01-25,25.08,25.4328,24.846,25.1023,442000
2023-01-26,25.1599,25.21,24.9574,25.0132,257500
2023-01-27,24.9797,24.9797,24.8219,24.8869,235000
2023-01-30,25.0689,25.0689,24.4059,24.4356,496500
2023-01-31,24.3818,24.6121,24.1032,24.3521,1586000
2023-02-01,24.4431,24.9779,24.3261,24.8312,594000
2023-02-02,24.9537,24.9704,24.4988,24.729,460500
2023-02-03,24.7625,24.846,24.5099,24.6176,598000
2023-02-06,24.3595,24.6473,24.3261,24.3577,666000
2023-02-07,24.4152,24.8442,24.0178,24.7829,1079500
2023-02-08,24.3261,24.5563,24.2147,24.5526,737500
2023-02-09,24.69,25.0057,24.6139,24.8553,726000
2023-02-10,24.7606,25.3214,24.4672,25.0169,816500
2023-02-13,25.0429,25.7392,25.028,25.6482,1229000
2023-02-14,25.6612,25.8878,25.1487,25.3808,836500
2023-02-15,25.3678,25.4848,25.1301,25.3437,420500
2023-02-16,25.132,25.2768,24.9742,25.0503,455500
2023-02-17,24.8906,25.2118,24.8869,25.1729,637000
2023-02-21,24.976,25.1524,24.9166,24.963,387500
2023-02-22,24.8943,25.1933,24.8943,25.1153,451000
2023-02-23,25.2461,25.4405,24.962,25.2293,703500
2023-02-24,25.2312,25.4741,25.1807,25.4424,608500
2023-02-27,25.5134,25.7563,25.1545,25.2536,468500
2023-02-28,25.2742,25.6947,25.1358,25.4311,1301500
2023-03-01,25.504,25.9302,25.2181,25.2461,882500
2023-03-02,25.1134,25.3321,25.1134,25.2125,463500
2023-03-03,25.2779,25.4592,25.2349,25.276,421500
2023-03-06,25.2312,25.5657,25.2312,25.2928,362500
2023-03-07,25.276,25.3078,24.9957,25.0162,1000500
2023-03-08,25.0891,25.3545,24.9882,25.2274,392500
2023-03-09,25.3396,25.3396,24.8106,24.863,521000
2023-03-10,24.8817,24.9508,24.648,24.7508,460500
2023-03-13,24.6873,24.7994,24.3845,24.5602,634500
2023-03-14,24.7434,25.1059,24.6705,24.8536,627000
2023-03-15,24.7228,25.1358,24.478,25.1172,923500
2023-03-16,25.1134,25.4517,24.7209,25.0742,863000
2023-03-17,25.1097,25.3788,24.9807,25.2125,1589000
2023-03-20,25.4498,25.4723,25.1658,25.2386,446500
2023-03-21,25.3059,25.5695,25.19,25.4349,936500
2023-03-22,25.4648,25.5807,25.1078,25.1078,424500
2023-03-23,25.1508,25.4068,25.0293,25.1452,800000
2023-03-24,25.0929,25.1676,24.8443,25.0237,391000
2023-03-27,25.0274,25.2031,24.8985,25.1134,819000
2023-03-28,25.1321,25.1321,24.8405,25.0947,335000
2023-03-29,25.177,25.2218,24.9975,25.1658,523000
2023-03-30,25.0742,25.3414,24.9789,25.2891,448500
2023-03-31,25.448,25.7059,25.3452,25.5115,748000
2023-04-03,25.5115,25.633,25.39,25.5003,416500
2023-04-04,25.5807,25.7395,25.3583,25.4966,700500
2023-04-05,25.5825,25.8367,25.4199,25.6162,459500
2023-04-06,25.7021,25.8087,25.605,25.6423,346500
2023-04-10,25.6479,25.6479,25.4461,25.5395,274000
2023-04-11,25.6199,25.79,25.3452,25.5582,819000
2023-04-12,25.6648,25.9077,25.6648,25.876,453500
2023-04-13,26.0012,26.0404,25.747,26.0161,436500
2023-04-14,26.0815,26.1357,25.747,25.8199,444000
2023-04-17,25.8386,25.8386,25.491,25.6984,349500
2023-04-18,25.6554,25.7339,25.2106,25.3022,939500
2023-04-19,25.2928,25.7134,25.0592,25.5788,394000
2023-04-20,25.7077,25.7077,25.3788,25.433,426000
2023-04-21,25.4181,25.5751,25.3676,25.5377,630500
2023-04-24,25.5395,25.6629,25.5395,25.605,611500
2023-04-25,25.704,25.8311,25.5956,25.7862,603500
2023-04-26,25.7993,25.9937,25.3377,25.4741,569500
2023-04-27,25.4723,25.6928,25.3545,25.605,414000
2023-04-28,25.661,25.8292,25.5321,25.6461,619000
2023-05-01,25.8722,25.8984,25.7638,25.7937,350000
2023-05-02,26.1657,26.2591,25.762,26.1825,858000
2023-05-03,25.919,26.4796,25.8778,25.9451,1472500
2023-05-04,25.9432,26.3787,25.9339,26.1096,731500
2023-05-05,26.2105,26.4161,25.9189,26.3226,584500
2023-05-08,26.4572,26.5282,26.3806,26.4983,326500
2023-05-09,26.3937,26.8534,26.3937,26.7002,724500
2023-05-10,26.7002,27.1001,26.7002,26.9132,657500
2023-05-11,26.9674,27.3805,26.7226,27.2796,819000
2023-05-12,27.2777,27.4702,27.1319,27.3824,839500
2023-05-15,27.4926,27.6347,27.3076,27.3076,1173500
2023-05-16,27.2347,27.2646,27.1039,27.1263,505500
2023-05-17,27.0908,27.3693,26.9039,27.2011,2700500
2023-05-18,27.1371,27.4605,27.0901,27.3176,863000
2023-05-19,27.3176,27.7125,27.3176,27.5846,557000
2023-05-23,27.4812,27.6824,27.265,27.3477,720000
2023-05-24,27.3308,27.3308,26.8607,26.9454,361500
2023-05-25,26.8795,27.5339,26.8664,27.2575,421000
2023-05-26,27.2631,27.5545,27.2631,27.5339,503500
2023-05-29,27.5169,27.6373,27.4436,27.5564,147500
2023-05-30,27.5715,27.7162,27.4775,27.5226,463000
2023-05-31,27.4041,27.8516,27.4041,27.782,1393000
2023-06-01,27.6185,27.8591,27.4342,27.4831,595000
2023-06-02,27.4831,27.8667,27.4831,27.8441,860000
2023-06-05,27.7858,28.1393,27.7482,28.1224,623000
2023-06-06,28.2013,28.2032,27.7727,27.8535,334000
2023-06-07,27.7689,27.8215,27.6392,27.7501,668000
2023-06-08,27.7802,28.2089,27.7557,28.1562,630500
2023-06-09,28.1562,28.1901,27.4511,27.6504,521000
2023-06-12,27.594,27.7482,27.4831,27.7294,269500
2023-06-13,27.8441,28.0622,27.7068,27.7858,677000
2023-06-14,27.6768,28.1656,27.3195,28.0622,417600
2023-06-15,28.0904,28.1374,27.5922,27.7614,518500
2023-06-16,28.0434,28.0434,27.5263,27.611,978100
2023-06-19,27.5639,27.9588,27.1785,27.4981,172500
2023-06-20,27.5922,27.7144,27.1033,27.2161,1450600
2023-06-21,27.2725,27.2725,27.0375,27.0939,235100
2023-06-22,27.2725,27.2725,26.7179,26.9153,516200
2023-06-23,26.8213,27.0563,26.6332,26.7649,324500
2023-06-26,26.6896,26.9435,26.6708,26.8495,265300
2023-06-27,26.8401,27.1409,26.8401,27.1221,328200
2023-06-28,27.0187,27.3101,26.9905,27.2631,362100
2023-06-29,27.2725,27.7708,27.2443,27.5545,431900
2023-06-30,27.6298,28.0998,27.611,28.0246,441400
2023-07-04,27.8272,28.0622,27.5075,27.6298,207600
2023-07-05,27.611,27.7144,27.4135,27.5451,455900
2023-07-06,27.5075,27.6392,27.4041,27.5263,315100
2023-07-07,27.4699,27.6298,27.3007,27.4793,198200
2023-07-10,27.6392,27.6392,27.3853,27.4511,289600
2023-07-11,27.4323,27.705,27.3853,27.6016,475200
2023-07-12,27.7614,28.0152,27.5921,27.6674,696300
2023-07-13,27.705,28.0716,27.658,28.0058,520100
2023-07-14,28.1186,28.269,28.034,28.128,336000
2023-07-17,28.128,28.2314,28.0246,28.0904,294100
2023-07-18,28.1468,28.222,28.034,28.0904,711100
2023-07-19,28.1374,28.3536,28.034,28.3066,332500
2023-07-20,28.2972,28.457,28.2314,28.3724,220900
2023-07-21,28.2878,28.5511,28.269,28.5041,268700
2023-07-24,28.4852,28.5793,28.2502,28.3442,534800
2023-07-25,27.4041,28.0058,27.0375,27.9212,1005900
2023-07-26,27.7332,27.7614,27.5357,27.6298,1141800
2023-07-27,27.7332,27.7708,27.5451,27.5639,632900
2023-07-28,27.94,28.2408,27.7708,28.1844,555300
2023-07-31,28.2032,28.2502,27.0187,27.5451,917400
2023-08-01,27.3571,27.6298,27.3101,27.5075,467600
2023-08-02,27.3195,27.3571,27.0375,27.2443,456700
2023-08-03,27.2067,27.5545,27.1691,27.4417,438100
2023-08-04,27.4793,27.7614,27.3101,27.7426,355100
2023-08-08,27.6486,28.2408,27.5922,28.0716,567400
2023-08-09,28.081,28.457,27.9306,28.2314,298300
2023-08-10,28.2693,28.7232,28.2693,28.6665,344700
2023-08-11,28.553,28.9124,28.3922,28.7611,445000
2023-08-14,28.6854,29.0353,28.4868,28.8273,257600
2023-08-15,28.7232,28.8556,28.4679,28.5719,287100
2023-08-16,28.5246,28.7516,28.3922,28.43,423900
2023-08-17,28.3733,28.657,27.9099,27.9477,480600
2023-08-18,27.9004,28.2125,27.7491,27.995,245000
2023-08-21,28.0612,28.1652,27.7491,27.8909,346600
2023-08-22,27.9382,27.9382,27.6261,27.7585,225700
2023-08-23,27.7869,28.0139,27.7869,28.0139,184900
2023-08-24,27.995,28.0801,27.6545,27.6734,543000
2023-08-25,27.7302,28.0044,27.7302,27.9099,556100
2023-08-28,27.9193,28.0423,27.6545,27.7964,1540300
2023-08-29,27.6923,27.8815,27.645,27.8247,925000
2023-08-30,27.8437,28.0706,27.8437,28.0423,869300
2023-08-31,28.0328,28.3544,27.995,28.2787,832100
2023-09-01,28.2598,28.2693,27.7112,27.7964,275300
2023-09-05,27.6734,28.1558,27.5694,28.0139,291000
2023-09-06,28.0044,28.2031,27.7112,27.7396,196700
2023-09-07,27.6923,28.3165,27.6923,28.2693,440200
2023-09-08,28.2503,28.2693,27.7585,28.0706,294600
2023-09-11,28.1368,28.4489,28.0423,28.4395,220000
2023-09-12,28.2598,28.3922,27.8058,27.8437,245200
2023-09-13,27.8153,27.9666,27.7302,27.9193,290300
2023-09-14,27.9382,27.9666,27.7585,27.9193,540200
2023-09-15,27.995,28.6759,27.8815,28.3827,908300
2023-09-18,28.4111,28.4962,28.0423,28.1841,445700
2023-09-19,28.1463,28.3733,28.0423,28.1558,383700
2023-09-20,28.1368,28.3071,27.9193,28.0044,316100
2023-09-21,27.9382,27.995,27.5978,27.6356,390200
2023-09-22,27.6734,27.7775,27.4748,27.4748,310900
2023-09-25,27.437,27.6829,27.314,27.5788,373700
2023-09-26,27.5126,27.5126,26.9452,27.0397,707400
2023-09-27,27.087,27.2194,26.9925,27.0397,474300
2023-09-28,27.0397,27.541,26.7844,27.4653,284600
2023-09-29,27.5978,27.8626,27.3708,27.6072,451000
2023-10-02,27.5978,27.6167,27.314,27.3802,410500
2023-10-03,27.2478,27.4937,27.0965,27.1911,329400
2023-10-04,27.2005,27.7018,27.2005,27.6167,264900
2023-10-05,27.7112,28.1841,27.6261,28.1652,465300
2023-10-06,28.0328,28.2976,27.8815,28.222,254600
2023-10-10,28.2125,28.4206,27.8058,28.2976,271000
2023-10-11,28.4206,28.9597,28.4111,28.8462,487800
2023-10-12,29.0259,29.0448,28.5435,28.6286,309300
2023-10-13,28.7232,28.8651,28.5435,28.6854,423700
2023-10-16,28.7989,29.2529,28.7043,28.8935,421800
2023-10-17,28.7516,28.9124,28.6381,28.7611,340200
2023-10-18,28.5908,28.6287,28.3355,28.3544,496900
2023-10-19,28.3544,28.5719,27.8815,27.9288,437300
2023-10-20,28.0044,28.222,27.7585,27.8153,424300
2023-10-23,27.664,27.9855,27.5315,27.5788,401300
2023-10-24,27.5599,27.7964,27.5599,27.6261,258500
2023-10-25,27.541,28.0044,27.3424,27.7018,366100
2023-10-26,27.664,28.3827,27.664,28.2409,342800
2023-10-27,28.1368,28.2031,27.8909,27.9004,263700
2023-10-30,27.9477,28.4679,27.9477,28.1936,360000
2023-10-31,28.2314,28.4206,27.1059,27.314,968400
2023-11-01,27.1816,27.664,27.1059,27.6167,473100
2023-11-02,27.4464,27.872,27.0965,27.2951,815100
2023-11-03,27.4086,27.664,27.2762,27.4843,684100
2023-11-06,27.4275,27.7018,27.4086,27.5883,332200
2023-11-07,27.5788,27.7964,27.5694,27.6545,493100
2023-11-08,27.6734,27.7207,27.4653,27.6261,250200
2023-11-09,27.5505,27.9382,27.5505,27.7302,237800
2023-11-10,27.7869,27.9193,27.5977,27.6167,228700
2023-11-13,27.5978,27.7207,27.4843,27.5221,721800
2023-11-14,27.7869,27.9477,27.6545,27.7112,423100
2023-11-15,27.768,27.9004,27.4843,27.5978,413700
2023-11-16,27.8071,27.9784,27.6358,27.8547,515300
2023-11-17,27.8547,27.8928,27.5502,27.5787,340700
2023-11-20,27.5026,27.5787,27.3789,27.5216,367700
2023-11-21,27.6073,27.7215,27.1981,27.2552,423400
2023-11-22,27.3123,27.6644,27.3123,27.5121,403100
2023-11-23,27.4645,27.7976,27.4645,27.7881,57100
2023-11-24,27.7881,27.8261,27.474,27.5026,154000
2023-11-27,27.4169,27.6834,27.2932,27.3694,556900
2023-11-28,27.3503,27.7405,27.3408,27.4169,321000
2023-11-29,27.474,27.5787,27.2456,27.3123,253800
2023-11-30,27.2837,27.9784,27.141,27.8832,860100
2023-12-01,28.0641,28.3781,27.8928,28.3496,445800
2023-12-04,28.2354,28.3115,28.0165,28.0736,561900
2023-12-05,28.1497,28.3115,28.1212,28.2449,340500
2023-12-06,28.3496,28.6446,28.2449,28.3591,332700
2023-12-07,28.7207,28.7207,28.2734,28.3115,291600
2023-12-08,28.3971,28.8539,28.3496,28.7017,319900
2023-12-11,28.7397,28.8444,28.3971,28.8349,456600
2023-12-12,28.7683,29.168,28.7683,29.0347,642700
2023-12-13,28.9586,29.482,28.7302,29.482,550400
2023-12-14,29.6343,29.8151,29.4344,29.482,630700
2023-12-15,29.5962,29.5962,29.1775,29.3868,806900
2023-12-18,29.5391,29.6343,29.3202,29.3678,347900
2023-12-19,29.4915,29.6152,29.4059,29.482,512300
2023-12-20,29.4915,29.6628,29.2346,29.2917,408900
2023-12-21,29.463,29.5581,29.2726,29.501,256100
2023-12-22,29.5391,30.2528,29.5391,30.1862,272600
2023-12-27,30.034,30.1672,29.9007,30.1387,187000
2023-12-28,30.0435,30.329,29.9578,30.2909,124000
2023-12-29,30.329,30.5288,30.072,30.5003,251600
2024-01-02,30.3956,30.4337,29.758,29.8532,259000
2024-01-03,29.739,30.1482,29.6438,29.8151,260100
2024-01-04,29.8436,30.2148,29.7865,30.1482,239600
2024-01-05,30.1291,30.2528,29.8817,29.9769,170500
2024-01-08,30.072,30.1957,29.9864,30.1862,129700
2024-01-09,30.1006,30.5479,30.0245,30.3004,237600
2024-01-10,30.348,30.4812,30.0435,30.4051,136700
2024-01-11,30.4622,30.7192,30.2148,30.2719,328000
2024-01-12,30.2148,30.4241,30.0816,30.3195,427500
2024-01-15,30.6335,30.7001,30.4812,30.6145,82400
2024-01-16,30.4812,30.6811,30.3861,30.5669,184600
2024-01-17,30.4337,30.5859,30.1957,30.329,334600
2024-01-18,30.5669,30.8714,30.3766,30.8524,297000
2024-01-19,30.9856,31.4043,30.8429,31.4043,251600
2024-01-22,31.49,32.0039,31.49,31.9468,295500
2024-01-23,32.0705,32.4797,32.0705,32.4511,503100
2024-01-24,32.4702,32.6129,32.2418,32.337,259500
2024-01-25,32.4321,32.4797,32.061,32.0705,225100
2024-01-26,32.0705,32.2799,31.9087,32.0134,204500
2024-01-29,31.9944,32.0419,31.6803,31.6898,195400
2024-01-30,31.7374,31.7755,31.6137,31.6898,252600
2024-01-31,31.6898,32.2228,31.5851,31.6422,592400
2024-02-01,31.6898,32.0324,31.6898,31.8992,202800
2024-02-02,31.9087,32.2132,31.8421,32.099,151800
2024-02-05,32.1181,32.6605,31.7469,31.7755,302000
2024-02-06,31.9182,32.337,31.7184,32.3084,421200
2024-02-07,32.3084,32.5082,31.9468,32.4987,298400
2024-02-08,32.4797,32.5844,31.9563,32.356,414100
2024-02-09,32.394,32.5844,32.2418,32.5463,197400
2024-02-12,32.5368,32.5939,32.3179,32.4226,228700
2024-02-13,32.3465,32.7842,32.2037,32.7366,436600
2024-02-14,32.8318,33.0888,32.5368,32.9365,314900
2024-02-15,33.0983,33.3076,32.7271,33.0317,436300
2024-02-16,32.9936,33.1363,32.5083,32.5273,405700
2024-02-20,32.3655,32.8413,32.2132,32.5368,687100
2024-02-21,32.6224,32.8604,32.4131,32.7366,367600
2024-02-22,32.8323,33.0906,32.5453,33.0523,213700
2024-02-23,33.1384,33.3872,32.3444,32.7175,281700
2024-02-26,32.7079,32.861,32.507,32.6601,158800
2024-02-27,32.7271,32.8227,32.5262,32.7845,258000
2024-02-28,32.7749,33.3393,32.7749,33.1576,249600
2024-02-29,33.3872,34.2386,33.2819,34.0568,1564300
2024-03-01,34.0377,34.1525,33.5498,33.9038,378100
2024-03-04,33.8464,34.3056,33.8464,34.1716,330900
2024-03-05,34.1047,34.6404,33.6933,33.8464,258300
2024-03-06,33.9229,34.0855,32.8132,33.1767,501300
2024-03-07,33.4541,33.5976,32.6697,33.0141,718200
2024-03-08,33.0332,33.2915,32.8706,32.9471,222900
2024-03-11,32.8514,32.928,32.4688,32.7653,383700
2024-03-12,32.7271,33.2341,32.7271,33.1958,192600
2024-03-13,33.1958,33.1958,32.794,32.8897,392900
2024-03-14,32.7654,32.8515,32.134,32.2488,287000
2024-03-15,32.067,32.3827,31.9618,32.2392,1209600
2024-03-18,32.2583,32.7175,32.1435,32.6314,221900
2024-03-19,32.6888,32.7175,32.3636,32.4497,211900
2024-03-20,32.4688,32.6793,32.3253,32.5453,147900
2024-03-21,32.6697,32.7558,32.3061,32.3253,710900
2024-03-22,32.3253,32.4688,32.0957,32.3349,183000
2024-03-25,33.9612,33.9612,32.7271,33.6933,643000
2024-03-26,33.4924,35.3196,33.4924,34.6786,2058700
2024-03-27,34.6882,35.0326,34.6404,34.87,335400
2024-03-28,34.8795,35.0709,34.1047,34.1812,396200
2024-04-01,34.4682,34.6787,34.296,34.5734,285200
2024-04-02,34.2673,34.5734,34.1525,34.2099,214600
2024-04-03,34.229,34.8413,34.1047,34.7934,484500
2024-04-04,34.0951,34.8126,34.076,34.2386,481900
2024-04-05,34.1142,34.8795,34.1142,34.7647,596400
2024-04-08,35.0422,35.09,34.3725,34.8126,186900
2024-04-09,34.87,35.0039,34.6117,34.9656,263600
2024-04-10,34.9178,35.2431,34.87,35.0996,165100
2024-04-11,35.2526,35.4057,34.87,34.9369,438100
2024-04-12,34.9561,35.2144,34.4969,34.5447,229700
2024-04-15,34.7743,34.803,34.3151,34.4491,144900
2024-04-16,34.296,34.6021,34.1047,34.3725,345500
2024-04-17,34.4969,34.5543,34.2195,34.4395,253500
2024-04-18,34.3917,34.8795,34.3151,34.8604,214300
2024-04-19,34.6213,35.0422,34.5256,34.5352,199700
2024-04-22,34.5064,34.8317,34.5064,34.8317,184000
2024-04-23,34.8317,35.1761,34.8221,34.87,312300
2024-04-24,34.7552,35.1857,34.4299,34.5256,257000
2024-04-25,34.5065,34.6786,34.2673,34.4778,258400
2024-04-26,34.583,34.9656,34.4395,34.803,225000
2024-04-29,34.8413,34.8987,34.3438,34.8795,287500
2024-04-30,34.7839,35.023,34.516,34.87,434500
2024-05-01,34.5447,34.7456,34.3056,34.4204,181800
2024-05-02,34.7647,35.1857,34.449,34.9274,180300
2024-05-03,35.3483,35.9606,35.1378,35.597,391000
2024-05-06,35.6544,35.6544,34.4969,35.3961,650400
2024-05-07,35.1187,35.7118,35.1187,35.2622,186000
2024-05-08,35.3674,35.3674,34.7743,34.9752,353600
2024-05-09,34.9752,34.9752,34.2003,34.6786,286200
2024-05-10,34.6882,35.0709,34.4586,34.8987,431500
2024-05-13,34.9274,35.0996,34.3725,34.6786,222300
2024-05-14,34.4299,34.6213,34.2577,34.5639,242500
2024-05-15,34.8987,34.9943,34.6021,34.9082,205600
2024-05-16,34.9371,35.2352,34.8025,34.8602,383200
2024-05-17,35.091,35.5045,35.0525,35.2929,405600
2024-05-21,35.2064,35.4275,34.9756,35.3506,563900
2024-05-22,35.2448,35.6295,35.2256,35.591,300300
2024-05-23,35.5045,35.716,35.1679,35.2256,785600
2024-05-24,35.3025,35.8699,35.2833,35.6103,470700
2024-05-27,35.4468,35.7737,35.4468,35.6199,112400
2024-05-28,35.5429,35.9276,35.2256,35.3121,277100
2024-05-29,35.1006,35.1775,34.562,34.6197,325400
2024-05-30,34.7351,34.9563,34.3505,34.7351,299400
2024-05-31,34.6197,35.2352,34.3889,35.1775,1282700
2024-06-03,34.7255,35.3314,34.4563,34.6871,644300
2024-06-04,34.6294,36.1007,34.2832,35.5814,415400
2024-06-05,35.1102,36.1103,35.1102,35.8218,395200
2024-06-06,35.7545,36.5719,35.6103,36.3796,602400
2024-06-07,36.2738,36.2738,35.4852,35.5814,294800
2024-06-10,35.8026,36.1007,35.3698,35.8026,241800
2024-06-11,35.8026,35.8411,35.3218,35.5429,370400
2024-06-12,35.139,35.8795,35.139,35.5718,495600
2024-06-13,35.5622,35.6968,35.1679,35.4852,205500
2024-06-14,35.341,35.8122,35.1679,35.716,541300
2024-06-17,34.6197,35.6295,34.514,35.3602,498400
2024-06-18,35.3602,35.8218,35.3602,35.8122,317500
2024-06-19,35.9372,35.9372,35.2641,35.5045,262300
2024-06-20,35.4083,35.7064,35.2544,35.6295,306200
2024-06-21,35.4949,36.3796,35.341,36.3027,1097600
2024-06-24,36.1776,36.6585,36.1776,36.5431,280600
2024-06-25,36.5527,36.6296,36.4084,36.4373,332100
2024-06-26,36.5527,36.6969,36.2449,36.3027,295000
2024-06-27,36.3026,36.7162,36.0718,36.5046,333100
2024-06-28,36.6969,37.1008,36.4084,36.62,327800
2024-07-02,36.2546,37.0816,36.2353,37.0143,313000
2024-07-03,37.1585,37.3412,36.9566,37.197,134400
2024-07-04,37.197,37.5047,37.1489,37.3316,36200
2024-07-05,37.3316,37.3316,36.6392,36.6873,479800
2024-07-08,37.5047,37.5047,36.7739,37.2547,238600
2024-07-09,37.1681,37.4663,37.0816,37.3893,214900
2024-07-10,37.6971,39.0626,37.6971,38.6972,348100
2024-07-11,38.8511,39.4857,38.726,39.2357,321900
2024-07-12,39.2549,39.5723,38.8126,38.9087,594000
2024-07-15,39.1203,39.428,38.0913,39.2165,359700
2024-07-16,39.4665,39.8319,39.2838,39.6781,213800
2024-07-17,39.428,39.8993,39.428,39.6396,410800
2024-07-18,39.88,40.1108,39.6589,39.7646,352100
2024-07-19,39.7454,39.9666,39.6877,39.8127,118900
2024-07-22,39.9089,40.4763,39.8512,40.3512,820700
2024-07-23,40.3897,40.457,40.1685,40.1878,217900
2024-07-24,40.2743,40.4378,39.9473,40.082,175200
2024-07-25,40.3609,40.5724,40.0339,40.1493,227800
2024-07-26,40.1781,40.4474,40.1493,40.3897,219500
2024-07-29,40.3897,40.4089,40.0339,40.2358,198500
2024-07-30,40.2743,40.5339,40.1685,40.1685,185100
2024-07-31,40.4378,40.7167,40.3032,40.3512,623600
2024-08-01,40.8705,40.8705,39.6588,39.7935,317300
2024-08-02,39.5434,39.9762,38.7837,39.2357,312800
2024-08-06,38.2933,39.4857,38.1779,39.2549,913500
2024-08-07,39.2838,39.88,38.9472,39.7935,313100
2024-08-08,39.0049,40.1204,38.928,40.0435,357600
2024-08-09,40.1493,40.3512,39.9858,40.1685,240500
2024-08-12,40.1781,40.582,40.0531,40.1012,404300
2024-08-13,40.2935,40.3609,39.7454,39.8127,198800
2024-08-14,39.6877,40.457,39.6877,40.3993,180700
2024-08-15,40.7263,41.1975,40.2454,40.5147,614200
2024-08-16,40.0897,40.9204,40.0897,40.8721,390000
2024-08-19,40.7659,41.133,40.621,40.6983,426600
2024-08-20,40.7079,41.0171,40.7079,40.9205,729600
2024-08-21,41.0943,41.0943,40.7369,40.8915,312800
2024-08-22,40.9108,41.0557,40.6693,40.8721,294200
2024-08-23,41.0364,41.0364,40.5147,40.7852,206900
2024-08-26,40.9108,40.9977,40.4278,40.6113,133800
2024-08-27,40.5051,40.7272,40.4471,40.5244,152700
2024-08-28,40.6306,41.2006,40.6306,41.1137,378200
2024-08-29,41.3262,41.3262,40.8528,40.8721,277900
2024-08-30,40.7176,41.5773,40.6983,41.529,645900
2024-09-03,41.9541,42.0024,41.046,41.2392,204500
2024-09-04,41.0074,41.7222,40.8625,41.3938,373100
2024-09-05,41.4324,41.4807,40.9977,41.3552,236100
2024-09-06,41.2779,41.6063,41.0074,41.2972,602300
2024-09-09,41.3938,42.0024,41.3841,41.7995,486400
2024-09-10,41.1909,41.9154,41.1909,41.9154,209300
2024-09-11,41.9154,42.1183,41.5097,42.0217,170000
2024-09-12,41.7899,42.3019,41.7899,42.0507,217800
2024-09-13,42.1473,42.5627,42.1473,42.4178,242500
2024-09-16,42.7269,42.7752,42.0314,42.2149,307100
2024-09-17,42.2729,42.3115,41.7802,41.9734,224300
2024-09-18,41.9541,42.041,41.6933,41.9251,178500
2024-09-19,42.1473,42.1763,41.3069,41.6063,335400
2024-09-20,41.7126,42.1086,41.3069,41.9541,728600
2024-09-23,41.9541,42.099,41.5967,42.0797,1046600
2024-09-24,42.1666,42.1666,41.6739,41.9637,221600
2024-09-25,41.9154,42.3502,41.7705,41.9444,258900
2024-09-26,41.9444,42.4564,41.4711,41.6739,274900
2024-09-27,41.6353,41.6353,40.7852,40.8335,507100
2024-09-30,40.6983,40.9881,40.5727,40.9494,592300
2024-10-01,41.046,41.529,40.9398,41.4904,347800
2024-10-02,41.2489,41.6063,41.1909,41.5387,234000
2024-10-03,41.3262,41.4904,40.6306,40.9011,537000
2024-10-04,40.8721,41.4228,40.8721,41.2682,175500
2024-10-07,41.2006,41.2586,40.6693,40.8335,199700
2024-10-08,40.7755,41.3841,40.7369,41.2875,362600
2024-10-09,41.2875,41.5097,41.2489,41.4324,289600
2024-10-10,41.2779,41.4035,41.0074,41.075,271700
2024-10-11,41.133,41.133,40.9784,41.017,228000
2024-10-15,40.7659,41.8575,40.6983,41.7029,665300
2024-10-16,41.645,42.0603,41.645,42.012,340300
2024-10-17,42.0217,42.3308,41.7899,42.1666,253900
2024-10-18,42.1569,42.4274,42.0893,42.2052,164900
2024-10-21,42.0507,42.2922,42.0217,42.0603,132200
2024-10-22,41.8285,42.0893,41.5484,41.9831,180600
2024-10-23,41.8478,41.9734,41.6063,41.6836,154200
2024-10-24,41.5001,41.8478,41.4035,41.7705,299500
2024-10-25,41.645,41.9251,41.3745,41.3938,238700
2024-10-28,41.558,41.8865,41.5484,41.8382,279100
2024-10-29,41.8575,42.4274,41.5677,42.3502,215100
2024-10-30,42.128,42.6496,42.1183,42.4081,326800
2024-10-31,44.3595,44.3595,41.8382,42.012,608500
2024-11-01,41.9734,42.5047,41.3938,42.041,301500
2024-11-04,42.1956,42.5627,41.8961,42.2536,444500
2024-11-05,42.3308,43.1133,42.3019,42.8911,322900
2024-11-06,43.4707,43.4707,42.5144,42.5917,429900
2024-11-07,42.5047,43.3451,42.0604,43.2292,314900
2024-11-08,43.1713,43.6929,43.1713,43.5094,527500
2024-11-11,43.5963,44.0117,43.2969,43.4707,172800
2024-11-12,43.9537,44.0986,43.606,43.8378,736800
2024-11-13,43.8668,43.9924,43.4804,43.6446,232700
2024-11-14,43.4418,43.635,42.4371,42.5434,337000
2024-11-15,42.4851,42.7665,42.0291,42.3202,337200
2024-11-18,42.2232,42.2232,41.6993,42.1553,246100
2024-11-19,41.7284,42.5046,41.7284,42.1747,335200
2024-11-20,42.3881,44.0569,41.903,42.4754,420200
2024-11-21,42.5337,43.1643,42.4463,42.718,346700
2024-11-22,42.6986,42.718,42.3299,42.5337,390900
2024-11-25,42.8344,42.9994,42.4948,42.7083,1076200
2024-11-26,42.7859,42.8053,42.3881,42.3978,692100
2024-11-27,42.524,43.0576,42.524,42.9217,350000
2024-11-28,42.8344,43.1643,42.4851,43.077,82300
2024-11-29,43.0867,43.5039,42.7762,42.9508,320300
2024-12-02,42.9411,43.2807,42.7859,43.0867,322600
2024-12-03,43.0964,43.0964,42.4269,42.815,594600
2024-12-04,42.7859,43.7852,42.7859,43.5912,367600
2024-12-05,43.9307,43.9404,42.8829,43.1934,287000
2024-12-06,42.9702,43.5039,42.6695,43.0285,266500
2024-12-09,43.0188,43.0576,42.6598,42.6889,172800
2024-12-10,42.5531,42.9605,42.4075,42.7083,487000
2024-12-11,42.7859,43.0479,42.7277,42.9314,294200
2024-12-12,42.6501,42.7471,42.1844,42.6113,374100
2024-12-13,42.6695,43.0479,42.6404,42.718,282100
2024-12-16,42.7374,43.2031,42.6307,43.0576,229800
2024-12-17,42.8247,43.1546,42.5046,43.1061,473000
2024-12-18,43.0576,43.5815,42.4851,42.5045,288500
2024-12-19,42.5919,42.6501,42.2038,42.5725,313900
2024-12-20,42.718,42.8344,42.0971,42.5143,1177200
2024-12-23,42.4366,43.0964,42.4366,43.0479,229100
2024-12-24,43.1546,43.1546,42.8538,43.1546,127600
2024-12-27,43.1546,43.2322,42.7665,43.1546,438600
2024-12-30,42.8732,43.174,42.456,43.0382,182800
2024-12-31,43.2128,43.2128,42.6889,42.9605,335600
2025-01-02,43.1546,43.1934,42.5822,43.174,216700
2025-01-03,43.174,43.5039,43.1255,43.174,135800
2025-01-06,43.1546,43.2031,42.7277,42.7859,171000
2025-01-07,43.0576,43.174,42.5434,42.7471,269300
2025-01-08,42.6889,42.8538,42.2426,42.5337,280200
2025-01-09,42.4172,42.6986,42.262,42.5919,125600
2025-01-10,42.4075,42.4075,41.6799,42.0194,271100
2025-01-13,41.8157,41.8836,41.5441,41.6896,352200
2025-01-14,41.709,41.709,41.2045,41.4761,368900
2025-01-15,41.8642,42.7374,41.4082,42.3687,469400
2025-01-16,42.5628,43.2904,42.456,43.1352,377500
2025-01-17,43.3001,43.4553,42.8635,43.2904,285600
2025-01-20,43.3195,43.6591,43.1352,43.6106,96900
2025-01-21,43.7561,44.0763,43.3777,43.9016,590600
2025-01-22,44.4644,44.5032,43.989,44.3964,271600
2025-01-23,44.1151,44.93,44.1054,44.6681,450400
2025-01-24,44.6972,44.8912,44.1733,44.6293,317300
2025-01-27,44.2994,44.5905,44.0472,44.2509,351300
2025-01-28,44.2606,44.4352,43.8822,44.183,354500
2025-01-29,44.183,44.3479,43.8337,44.0278,163800
2025-01-30,44.0278,44.6487,44.0278,44.4061,147600
2025-01-31,44.6002,44.6875,43.5136,43.6397,469100
2025-02-03,42.9508,44.4449,42.9314,43.921,508600
2025-02-04,45.0174,48.0832,45.0077,47.5787,1306300
2025-02-05,47.8601,48.4228,47.5787,48.025,945800
2025-02-06,48.0347,48.1414,46.9578,47.5593,322800
2025-02-07,47.6272,48.3549,47.3459,48.2967,432500
2025-02-10,48.3646,48.5877,47.9377,48.1705,568500
2025-02-11,48.1996,48.2772,47.666,47.8213,255100
2025-02-12,47.9668,48.5683,47.8407,48.5198,419100
2025-02-13,48.7332,49.49,48.7332,49.1698,546000
2025-02-14,49.2863,49.5288,48.9176,49.1213,387500
2025-02-18,49.1213,49.2377,48.7526,49.1019,290600
2025-02-19,49.1019,49.393,48.4907,49.3445,513600
2025-02-20,49.3833,49.4803,48.5101,48.675,257800
2025-02-21,48.8309,49.542,48.8309,48.9867,563900
2025-02-24,49.1816,49.6491,48.9283,49.2595,349300
2025-02-25,49.6589,49.6783,49.0842,49.5615,390700
2025-02-26,49.503,49.6783,49.1913,49.4738,374600
2025-02-27,49.6004,49.8245,48.9283,48.9478,611100
2025-02-28,48.9575,50.2141,48.9575,50.0777,1221200
2025-03-03,50.0095,50.1654,49.3082,49.5127,536300
2025-03-04,49.0647,50.2141,48.8991,49.7563,676500
2025-03-05,49.8732,51.4317,49.8732,50.5063,780200
2025-03-06,49.9024,50.9544,49.6978,50.1946,499200
2025-03-07,49.8829,50.6037,49.4348,50.2725,424400
2025-03-10,49.5809,50.331,49.5712,49.7757,452600
2025-03-11,49.6783,49.6783,48.977,49.1523,723000
2025-03-12,49.24,49.9998,48.8406,49.727,868600
2025-03-13,49.6004,49.9608,48.7042,48.753,489000
2025-03-14,48.7043,49.6102,48.5971,48.9088,330700
2025-03-17,49.2497,49.7368,49.0257,49.1913,342100
2025-03-18,49.2303,49.2887,48.8211,49.2497,286000
2025-03-19,49.2595,49.8732,49.2108,49.7757,234900
2025-03-20,49.9024,51.4707,49.9024,50.9446,401600
2025-03-21,50.8862,50.9544,49.9706,50.8083,1027300
2025-03-24,51.1492,51.4122,50.5842,50.818,386600
2025-03-25,50.9544,51.0908,50.4479,50.5161,601100
2025-03-26,50.6524,50.9447,50.2336,50.594,526500
2025-03-27,50.4089,51.3148,50.3212,50.8472,745100
2025-03-28,50.8278,51.5194,50.7791,51.1395,272800
2025-03-31,51.0421,51.4414,50.5745,51.1784,550800
2025-04-01,51.0615,51.383,49.6978,51.0908,317800
2025-04-02,51.383,51.4122,51.0226,51.1882,314800
2025-04-03,50.6524,52.2694,50.6524,51.5291,616700
2025-04-04,50.7401,51.4707,49.99,50.0777,927600
2025-04-07,49.1621,50.0485,47.1067,47.1457,1195900
2025-04-08,47.2431,48.0614,46.2885,46.6879,933200
2025-04-09,46.3275,47.3211,45.295,46.6782,1345900
2025-04-10,46.6782,47.1944,45.9768,46.3664,578800
2025-04-11,46.1035,47.7302,46.045,47.6035,512200
2025-04-14,47.9445,49.503,47.9445,49.1913,452300
2025-04-15,49.24,50.1264,49.0744,49.9608,431100
2025-04-16,49.8342,50.331,49.5127,50.2823,727400
2025-04-17,50.2336,50.4966,49.9121,49.9316,1799400
2025-04-21,49.8342,50.7401,49.7855,50.7011,282800
2025-04-22,50.857,51.6557,50.8375,51.1492,432000
2025-04-23,51.9187,52.3473,51.2466,51.5973,326400
2025-04-24,52.0161,52.7662,51.2076,52.5811,492700
2025-04-25,52.5421,52.7467,51.9382,52.0259,221700
2025-04-28,52.0259,52.2207,51.4414,51.9674,273000
2025-04-29,52.172,53.487,52.0941,53.4578,694600
2025-04-30,53.4578,54.4611,52.9805,54.4221,1019900
2025-05-01,54.2858,54.539,53.4773,53.75,918500
2025-05-02,54.3734,55.0261,53.7598,54.4611,467700
2025-05-05,54.2371,54.2371,53.3701,53.4091,601600
2025-05-06,51.1395,54.0909,50.9349,53.7305,605400
2025-05-07,53.8669,54.5293,52.8149,53.3896,505800
2025-05-08,53.8961,55.0066,53.6331,54.5585,664600
2025-05-09,54.5293,55.1332,54.4319,54.8702,436400
2025-05-12,55.1527,55.4157,53.0389,53.5162,663700
2025-05-13,53.4773,53.5065,52.5811,52.659,902000
2025-05-14,52.659,53.0876,52.2304,52.961,1045600
2025-05-15,52.8831,53.9351,52.8539,53.6039,349300
2025-05-16,53.7695,53.7695,52.7954,52.9415,448500
2025-05-20,52.8539,54.6754,52.7565,54.3637,745600
2025-05-21,54.4514,54.6559,53.5357,53.9448,505600
2025-05-22,53.9448,54.0033,53.4968,53.6234,408500
2025-05-23,53.4572,54.0927,53.3497,54.0829,276800
2025-05-26,54.0829,54.4446,53.5158,53.6234,217400
2025-05-27,54.2393,55.6373,53.77,55.1778,570500
2025-05-28,55.1681,55.5689,54.7183,55.1387,500800
2025-05-29,55.4516,55.4907,54.4153,54.4739,463800
2025-05-30,54.4348,54.9432,54.1806,54.2295,1274200
2025-06-02,53.946,54.8161,53.8287,54.6108,410700
2025-06-03,54.8357,54.8357,54.1024,54.5717,324900
2025-06-04,55.041,55.041,54.1806,54.5815,312700
2025-06-05,54.4446,55.0703,54.2393,54.9041,363300
2025-06-06,54.7965,54.9823,54.0438,54.1611,682400
2025-06-09,54.1904,54.2686,53.4865,53.8482,338000
2025-06-10,53.7309,54.0438,53.3692,53.8091,364100
2025-06-11,53.77,54.0242,53.2617,53.3985,648100
2025-06-12,53.6332,54.9139,53.1737,54.8943,580100
2025-06-13,54.8161,55.041,54.298,54.7281,552200
2025-06-16,54.8357,55.8426,54.8259,55.4418,492200
2025-06-17,55.1681,55.3636,54.9139,55.2951,420900
2025-06-18,55.1583,55.7253,55.0214,55.4125,516600
2025-06-19,55.3831,55.6666,54.9041,55.4027,139300
2025-06-20,55.7449,56.0675,55.2854,55.3929,819300
2025-06-23,55.1876,55.784,54.9139,55.3147,238800
2025-06-24,55.5982,55.7742,54.6597,54.8454,282700
2025-06-25,55.1778,55.4125,54.5033,55.1289,503100
2025-06-26,55.1778,55.9013,55.0214,55.5982,314900
2025-06-27,55.3342,55.8231,54.9725,55.3734,353600
2025-06-30,55.5591,56.4781,54.9823,56.4292,410300
2025-07-02,56.1457,56.1457,54.3762,54.601,471000
2025-07-03,54.4544,55.168,54.1904,54.2393,320900
2025-07-04,54.0047,54.2491,53.6136,54.0242,369900
2025-07-07,53.9069,54.4544,53.7211,54.1904,385300
2025-07-08,53.7896,54.4837,53.7016,53.7603,499000
2025-07-09,53.6332,54.1318,53.2421,53.9362,295800
2025-07-10,53.7603,54.4739,53.5745,54.2784,220900
2025-07-11,54.122,54.4348,53.7114,53.9851,758900
2025-07-14,54.2588,54.6695,53.7798,54.5033,232100
2025-07-15,54.6695,55.4907,54.3077,55.4222,380200
2025-07-16,55.4809,55.8231,55.2854,55.7351,361700
2025-07-17,55.5689,55.6275,54.1709,54.5228,406900
2025-07-18,54.7477,55.2756,54.2882,55.2169,332600
2025-07-21,55.3636,55.6275,54.7281,55.5298,305200
2025-07-22,55.5298,56.4194,54.865,54.865,327400
2025-07-23,55.2658,55.7057,54.9139,54.9236,251000
2025-07-24,55.0898,55.8035,54.9921,55.4907,254200
2025-07-25,55.5689,55.6764,55.0214,55.0898,290100
2025-07-28,55.0996,55.5591,54.9921,55.3734,319500
2025-07-29,55.2072,55.5298,54.7672,55.52,265300
2025-07-30,55.6862,56.087,54.7379,54.9725,258500
2025-07-31,55.0214,55.6764,54.9432,55.0801,696000
2025-08-01,55.5396,55.5396,54.3273,54.5815,249300
2025-08-05,54.9236,56.6834,54.6988,56.6834,719500
2025-08-06,56.4096,56.4194,54.5326,55.0605,924800
2025-08-07,55.5298,56.4879,55.1485,56.4585,356300
2025-08-08,56.4488,56.5172,55.608,56.4194,337500
2025-08-11,56.2141,56.3803,55.256,55.3929,193300
2025-08-12,55.5591,55.9208,55.1974,55.3049,283700
2025-08-13,55.3831,55.6666,55.0116,55.2169,668700
2025-08-14,55.3342,55.6569,55.2854,55.6471,621500
2025-08-15,55.6471,56.2359,55.5391,55.863,674500
2025-08-18,55.7158,56.3145,55.7158,56.2752,614400
2025-08-19,56.3832,56.393,55.0877,55.3232,752900
2025-08-20,55.6667,55.6667,55.019,55.284,309500
2025-08-21,55.1073,55.598,54.4399,54.9306,307400
2025-08-22,55.3134,55.3134,54.5675,54.8914,667900
2025-08-25,54.8914,54.8914,53.7824,53.9492,458100
2025-08-26,54.4988,54.4988,53.5272,53.9983,855700
2025-08-27,53.7333,53.9198,53.1444,53.537,908600
2025-08-28,53.2819,54.2731,53.2819,54.067,587900
2025-08-29,53.7529,54.1749,53.3898,53.8314,566800
2025-09-02,53.645,53.6744,52.693,53.0659,393300
2025-09-03,53.0463,53.8216,52.8893,53.8118,344300
2025-09-04,54.0572,54.1259,53.0856,53.537,307700
2025-09-05,53.7726,53.7726,53.2426,53.2917,242900
2025-09-08,53.3211,53.4192,52.5948,52.7028,404000
2025-09-09,52.5948,53.1837,52.3495,53.1739,678900
2025-09-10,52.9678,52.9776,52.1238,52.4182,561300
2025-09-11,52.3789,53.3211,52.271,53.3211,423700
2025-09-12,53.1935,53.5566,52.8991,52.8991,328400
2025-09-15,52.8893,53.007,52.4476,52.8696,469800
2025-09-16,52.7028,52.8009,51.8882,51.9962,415400
2025-09-17,53.9001,53.959,52.6635,53.4683,524300
2025-09-18,53.4192,54.1848,52.5948,52.6145,676500
2025-09-19,53.1641,53.1641,51.898,52.3986,3480400
2025-09-22,52.2808,52.7028,52.0158,52.6439,882200
2025-09-23,52.4476,52.8402,52.1925,52.5752,316100
2025-09-24,52.693,52.9089,52.0551,52.0845,803700
2025-09-25,51.4662,52.2513,51.3877,51.5055,510800
2025-09-26,51.8391,51.8882,51.2503,51.2797,709800
2025-09-29,51.6723,51.898,51.3975,51.5055,515400
2025-09-30,51.6232,52.3102,51.2601,52.2513,705700
2025-10-01,52.5065,52.6635,51.6134,52.0845,486600
2025-10-02,51.9471,52.4084,51.6625,51.8195,445700
2025-10-03,51.7999,52.5556,51.6821,52.2219,259900
2025-10-06,52.4182,52.4182,51.1718,51.2208,385500
2025-10-07,51.1521,51.1914,50.3866,50.8577,683700
2025-10-08,50.9755,51.0442,49.9842,50.5338,753300
2025-10-09,50.6614,50.6614,49.5917,50.4161,727500
2025-10-10,50.632,50.8577,50.0529,50.2492,351200
2025-10-14,50.1903,50.4553,49.7291,49.8468,796500
2025-10-15,50.0431,50.4553,49.7683,50.1118,726500
2025-10-16,50.1118,50.7498,49.258,49.4346,355700
2025-10-17,49.1304,49.5524,48.836,49.0617,428500
2025-10-20,50.0137,50.0235,48.6397,48.7869,427200
2025-10-21,48.6004,49.1402,47.9919,48.3452,555200
2025-10-22,48.3354,48.4925,47.9036,48.4238,609100
2025-10-23,48.2667,48.7378,47.8447,48.6691,480600
2025-10-24,49.2285,50.3768,49.2285,49.6113,710100
2025-10-27,50.1216,50.3277,48.836,48.9047,927700
2025-10-28,51.0344,51.7999,50.0529,50.8185,1372800
2025-10-29,51.3288,52.271,48.7476,48.9243,1262200
2025-10-30,48.6495,49.3659,48.5906,48.993,1139000
2025-10-31,49.4346,50.8577,49.1304,50.7694,832000
2025-11-03,50.7694,51.1325,50.4063,50.9657,1240500
2025-11-04,50.9657,51.4466,50.5437,50.7399,671800
2025-11-05,50.632,51.3582,50.5829,50.5829,776700
2025-11-06,50.0431,50.0922,48.7378,49.0813,905600
2025-11-07,49.5132,49.6309,48.836,49.3856,461800
2025-11-10,49.7781,49.8272,48.8752,49.3659,335300
2025-11-11,49.7683,49.7683,49.1402,49.6113,180700
2025-11-12,49.6113,51.7017,49.6113,51.633,707100
2025-11-13,51.4368,51.5545,50.5044,50.5535,603200
2025-11-14,50.1592,51.6574,50.1592,51.5293,978500
2025-11-17,51.2434,51.8052,50.5436,51.2533,716600
2025-11-18,51.2533,51.8348,50.7506,50.7605,487800
2025-11-19,51.1941,51.1941,50.5436,50.9576,455900
2025-11-20,51.411,51.5687,50.4155,50.8097,657900
2025-11-21,50.4253,51.204,50.3958,50.4155,731300
2025-11-24,50.6126,51.411,50.583,51.3321,4062000
2025-11-25,51.3026,51.3321,50.0015,50.8886,418200
2025-11-26,51.1547,51.1547,50.6126,50.7309,343800
2025-11-27,50.6028,50.79,50.3366,50.5042,161400
2025-11-28,50.6915,50.6915,50.3761,50.5633,319900
2025-12-01,50.6323,50.652,50.1395,50.2676,603200
2025-12-02,50.514,50.514,50.0409,50.2085,846500
2025-12-03,49.8734,50.721,49.6073,49.9917,724900
2025-12-04,50.0212,50.5929,50.0212,50.3268,923700
2025-12-05,50.4352,50.859,50.1198,50.5338,505700
2025-12-08,50.3563,50.8294,50.0902,50.5338,995300
2025-12-09,50.6028,51.3321,50.4549,51.0463,517600
2025-12-10,51.204,51.4504,50.8393,51.2828,581000
2025-12-11,51.3223,51.342,50.5929,51.1054,379700
2025-12-12,51.2828,51.5391,50.6126,50.6915,394900
2025-12-15,50.7013,51.2434,50.7013,51.1153,520800
2025-12-16,50.7999,51.5884,50.7999,51.3321,446700
2025-12-17,51.2631,51.3026,50.4845,50.5239,582600
2025-12-18,50.7407,51.2533,50.4648,50.8492,746300
2025-12-19,50.7605,51.4504,50.5239,51.3321,1323300
2025-12-22,51.3321,52.0418,51.1941,51.549,507900
2025-12-23,51.618,51.7461,51.3321,51.5095,241800
2025-12-24,51.2828,51.3026,50.6619,51.2828,190600
2025-12-29,50.9576,51.549,50.9379,51.3814,575900
2025-12-30,51.48,51.6278,50.9182,50.9872,409100
2025-12-31,50.8492,51.48,50.8492,51.48,302200
2026-01-02,51.273,51.4997,50.445,50.7309,211900
2026-01-05,51.0364,51.8447,50.7802,50.8886,578000
2026-01-06,51.5884,51.5982,50.7802,51.5588,312900
2026-01-07,51.066,51.5391,49.8241,49.8931,802000
2026-01-08,49.8044,50.2282,49.5383,49.7748,333700
2026-01-09,50.1592,50.2972,49.765,49.8537,194000
2026-01-12,49.7748,50.1099,49.351,49.4003,280200
2026-01-13,49.7748,50.1198,49.4298,49.8734,651700
2026-01-14,50.2676,50.7013,49.8241,50.6816,724400
2026-01-15,50.8393,50.859,50.1198,50.3366,237200
2026-01-16,50.2676,51.135,50.2676,50.8492,280400
2026-01-19,50.583,50.8393,50.0705,50.2676,172600
2026-01-20,50.1494,51.0364,49.8635,50.0804,787300
2026-01-21,50.445,50.9773,50.1099,50.7703,991000
2026-01-22,50.721,51.3814,50.5929,50.6816,320900
2026-01-23,50.4845,50.6717,49.7058,49.8537,635400
2026-01-26,49.9917,50.2676,49.696,50.2578,411200
2026-01-27,50.0508,50.5436,49.765,50.0902,730000
2026-01-28,50.3366,50.3563,49.3806,49.7551,646800
2026-01-29,49.5875,50.1395,49.144,49.2229,759200
2026-01-30,49.0454,49.6664,48.9272,49.5481,592000
2026-02-02,48.9962,50.7309,48.9567,50.6816,821800
2026-02-03,50.652,50.6816,46.1082,46.3152,1353000
2026-02-04,46.5715,46.6898,45.2704,46.3349,1235000
2026-02-05,45.9998,46.2856,44.886,45.4873,1049700
2026-02-06,47.7543,47.9021,44.1764,44.7678,1524300
2026-02-09,45.3591,46.0097,44.8762,45.9998,1669600
2026-02-10,46.0392,46.2955,45.369,45.4774,1602900
2026-02-11,46.1279,46.1279,44.8368,45.1226,1131900
2026-02-12,45.162,45.3197,43.6737,43.7526,1121000
2026-02-13,43.6343,44.7875,43.6343,44.6692,676300
2026-02-17,44.3538,44.7382,43.8708,43.9595,738400
2026-02-18,44.1172,44.2552,43.4667,44.1567,3098200
2026-02-19,44.1567,45.9111,44.1567,45.6647,1007300
2026-02-20,45.5755,46.2096,45.1495,45.6845,1487900
2026-02-23,45.7341,46.0412,45.1198,45.8926,1448200
2026-02-24,46.0412,46.4276,45.7737,45.9817,594300
2026-02-25,46.2493,47.1608,45.8827,46.5663,632900
2026-02-26,46.6951,47.5174,46.6852,47.032,675700
2026-02-27,46.8437,47.5274,45.3576,45.5854,2820800
2026-03-02,45.3576,46.6753,45.3576,46.6357,1143300
2026-03-03,46.9428,47.884,46.3186,47.5571,691300
2026-03-04,46.8635,47.567,46.5366,47.1905,859400
2026-03-05,46.9329,47.6561,46.3384,47.1013,1148400
2026-03-06,46.7942,47.1409,46.2889,46.388,1092300
2026-03-09,46.0313,46.8041,45.5953,46.6158,776300
2026-03-10,46.5861,46.7248,46.1105,46.3186,1121200
2026-03-11,46.388,47.3787,46.1502,47.1608,895000
2026-03-12,47.1905,47.7552,46.5267,47.676,1546600
2026-03-13,47.3094,48.9342,47.2995,48.6271,1327700
2026-03-16,47.775,48.8253,47.775,48.5478,886800
2026-03-17,48.7658,49.2414,48.4983,48.8748,616100
2026-03-18,48.8748,49.4197,48.4785,48.9739,745200
2026-03-19,48.7955,49.4098,48.3695,49.1819,1084500
2026-03-20,49.1225,49.4197,48.0723,48.1317,1535700
2026-03-23,48.3497,49.6179,48.1813,48.5875,1192100
2026-03-24,48.5577,49.1027,48.4587,48.9541,754500
2026-03-25,49.2909,49.2909,48.0723,48.2605,828000
2026-03-26,48.0227,48.9144,47.8543,47.9633,487700
2026-03-27,47.7949,48.1714,47.2103,47.3589,702800
2026-03-30,47.3688,48.0723,47.2301,47.7453,893100
2026-03-31,48.1218,48.8748,47.9237,48.8748,922400
2026-04-01,48.5974,48.9541,48.1317,48.4884,497200
2026-04-02,48.4686,49.4197,48.0921,49.1522,1019500
2026-04-06,49.172,49.5782,48.9838,49.1225,383100
2026-04-07,48.9045,49.4594,48.5974,49.3504,703300
2026-04-08,49.6575,50.6087,49.0135,49.4891,724600
2026-04-09,49.6377,50.2024,49.4891,50.1826,774400
2026-04-10,50.361,50.5492,49.7962,50.1628,395700
2026-04-13,49.9944,50.8563,49.8656,50.6879,557600
2026-04-14,50.7275,52.1344,50.7275,51.8273,805900
2026-04-15,52.0155,53.363,51.8669,53.1252,873900
2026-04-16,53.0658,53.581,52.5307,52.6298,497300
2026-04-17,53.3927,53.7791,52.6893,53.1054,609900
2026-04-20,52.8478,53.7494,52.8478,53.6701,688200
2026-04-21,53.5017,54.0169,53.2045,53.3927,949900
2026-04-22,53.9674,54.2844,53.3927,54.0863,458500
2026-04-23,53.8188,54.4628,53.7296,54.0565,807300
2026-04-24,53.9971,54.2349,53.3135,53.5909,530800
2026-04-27,53.581,53.7989,53.1847,53.2243,954800
2026-04-28,53.036,54.1952,53.036,54.007,612100
2026-04-29,54.007,54.968,53.8485,53.8683,531500
2026-04-30,53.7791,55.295,53.7791,54.8888,737000
2026-05-01,54.8888,55.4139,54.2844,54.968,440600
2026-05-04,54.9185,55.8796,54.7897,55.4634,1198200
2026-05-05,55.3346,56.7415,54.8789,55.2157,1626000
2026-05-06,54.6609,55.9192,53.7593,54.76,1168300
2026-05-07,54.76,55.6814,54.5618,55.2653,983200
2026-05-08,55.1761,55.5823,54.3439,54.8293,629500
2026-05-11,54.4727,55.4733,53.4324,53.4522,390600
2026-05-12,53.5017,54.3934,53.3828,53.9674,670500
2026-05-13,53.9674,54.0169,52.4812,52.6397,701900
2026-05-14,52.7586,53.6008,52.7586,53.5512,712600
2026-05-15,53.7593,53.9773,53.1549,53.2045,451600
2026-05-19,53.5215,53.7593,52.4119,53.2144,808600
2026-05-20,52.9964,54.0664,52.7883,53.6999,567200
2026-05-21,53.5413,53.898,52.828,53.5612,699700
2026-05-22,53.7303,53.79,53.1133,53.5612,489500
2026-05-25,53.7303,54.0388,53.2526,53.4417,174300
2026-05-26,53.2029,53.7204,52.0684,52.2176,489000
2026-05-27,52.1878,52.6456,51.521,51.74,688200
2026-05-28,51.5708,52.2077,51.4414,51.9191,515300
2026-05-29,51.9987,52.0783,51.1229,51.3419,2641900
2026-06-01,51.5011,51.73,50.6851,50.9836,481600
2026-06-02,50.7647,51.2921,47.1223,47.5701,1105100
2026-06-03,47.2417,47.6895,46.5252,47.1621,1746300
2026-06-04,47.3213,48.8439,47.1322,48.834,2749900
2026-06-05,48.5952,49.7595,48.4359,49.3216,657400
2026-06-08,49.1823,50.2173,48.9136,49.6501,1889100
2026-06-09,49.6003,50.5258,49.6003,50.1974,627900
2026-06-10,49.7595,50.5358,49.7595,50.0879,793100
2026-06-11,50.2671,50.486,49.66,49.869,748000
2026-06-12,50.7547,51.113,50.068,50.2372,1064400
2026-06-15,51.7001,51.929,50.9139,51.4912,668400
2026-06-16,51.2822,52.0584,51.1627,51.4912,924000
2026-06-17,50.9836,51.74,48.6648,49.3117,792900
2026-06-18,49.4013,49.6003,48.2468,48.7046,928500
2026-06-19,48.4956,48.6648,46.8635,47.2118,1063600
2026-06-22,48.0378,48.2667,47.2915,48.207,1260200
2026-06-23,48.1374,48.2767,47.5402,47.8189,683100
2026-06-24,47.8189,48.1075,46.2266,46.5351,1071900
2026-06-25,46.6744,46.7939,45.1418,45.1916,1156900
2026-06-26,45.2712,45.6693,44.6741,45.2812,2028900
2026-06-29,45.5797,46.2465,45.0224,45.2215,1474100
2026-06-30,45.4503,46.5451,45.1617,46.2067,1041500
2026-07-02,46.7242,47.2417,46.0972,47.0228,985000
2026-07-03,47.182,47.5004,46.764,47.0128,190000
2026-07-06,47.0427,47.6895,46.774,47.3512,474500
2026-07-07,47.3711,47.6398,46.7341,47.1422,1111100
2026-07-08,46.9431,48.2866,46.8237,48.2767,515400
2026-07-09,48.1573,48.207,47.2915,47.6497,450100
2026-07-10,48.1175,48.2667,47.8189,48.1672,659300
2026-07-13,48.2468,48.5852,48.1175,48.3364,1008000
2026-07-14,48.1971,49.3415,48.1473,49.3017,974600
2026-07-15,49.2022,50.4761,49.0032,50.4363,778500
2026-07-16,50.2969,50.4363,49.6799,50.0083,529100
2026-07-17,49.859,49.9984,49.1126,49.3913,422700
2026-07-20,49.6102,50.6154,49.1923,50.2074,1107600
2026-07-21,50.0879,50.9438,49.6501,49.859,1710400
2026-07-22,49.66,50.6253,49.66,50.3765,578900
2026-07-23,50.287,50.496,49.7695,49.9586,861200
2026-07-24,49.4809,50.2273,48.9534,49.6899,803100
2026-07-27,51.1428,51.4514,50.287,51.103,1061100
2026-07-28,50.6651,52.0385,50.6651,51.8196,1290900
2026-07-29,51.5608,52.2276,51.2822,51.5011,894700
2026-07-30,51.3618,51.73,50.7149,51.4713,920900
2026-07-31,51.0035,52.5958,50.9836,50.9936,840100
2026-08-04,51.9888,52.6754,51.2324,52.2674,907000
2026-08-05,52.3669,52.775,51.9091,52.4565,912200
2026-08-06,52.3769,52.9839,51.929,52.1878,530100
2026-08-07,52.0385,52.6157,51.6802,51.8892,514700
2026-08-10,52.0485,52.8745,51.8295,52.6953,1167300
2026-08-11,52.6456,53.5313,52.5062,53.0038,843400
2026-08-12,52.7749,53.5114,52.6854,53.4517,616400
2026-08-13,53.4517,54.2379,53.392,53.8,930500
2026-08-14,54.04,54.32,53.16,53.38,616000
2026-08-17,53.4,53.77,52.8,53.23,312400
2026-08-18,53.25,53.8,52.45,52.52,585300
2026-08-19,52.75,53.21,52.64,52.73,523700
2026-08-20,53.17,53.17,51.82,52.24,584500
2026-08-21,52.28,52.8,51.97,52.54,729700
2026-08-24,52.59,53.62,52.59,53.58,912200
2026-08-25,53.46,54.27,53.01,53.9,657600
2026-08-26,53.8,54.81,53.72,54.64,587500
2026-08-27,54.25,54.87,54.23,54.53,1338700
2026-08-28,54.43,54.94,54.3,54.55,884100
2026-08-31,54.25,54.49,53.6,54.03,1078300
2026-09-01,54.02,54.61,53.68,53.68,665200
2026-09-02,53.95,53.95,52.86,53.04,435400
2026-09-03,53.22,54.53,53.21,54.16,1081400
2026-09-04,54,54.51,53.58,54.43,400800
2026-09-08,54.23,54.33,52.67,52.88,491700
2026-09-09,52.61,52.62,51.99,52.49,406100
2026-09-10,52.26,53.14,52.1,52.31,794500
2026-09-11,53,53.63,52.04,53.12,612400
2026-09-14,52.94,53.94,52.84,53.87,457000
2026-09-15,53.79,53.79,52.56,53.4,332800
2026-09-16,53.36,53.61,52.55,52.99,394000
2026-09-17,53.1,53.33,52.8,53.11,252700
2026-09-18,53.21,54.13,52.92,53.95,638400
2026-09-21,53.99,54.58,53.92,54.36,490600
2026-09-22,54.61,55.52,54.38,54.99,742400
2026-09-23,54.98,55.41,53.98,54.42,477500
2026-09-24,54.44,54.96,54.07,54.49,279400
2026-09-25,54.54,54.8,53.83,54.03,419700
2026-09-28,54.04,54.5,53.37,53.5,478700
2026-09-29,53.03,53.34,52.38,52.43,434500
2026-09-30,52.76,52.76,52.2,52.25,548300
2026-10-01,52.06,52.92,51.8,52.55,288500
2026-10-02,52.55,53.26,52.48,52.98,364200
